[2026-05-16 00:29:03] [Writer] 正在生成第1章...
[2026-05-16 00:30:17] [Writer] 第1章已保存（4293字） -> D:\AiProject\Node\novels\chapters\chapter_0001.txt
[2026-05-16 00:30:19] [Writer] 正在生成第2章...
[2026-05-16 00:31:41] [Writer] 第2章已保存（6071字） -> D:\AiProject\Node\novels\chapters\chapter_0002.txt
[2026-05-16 00:31:43] [Writer] 正在生成第3章...
[2026-05-16 00:32:57] [Writer] 第3章已保存（5158字） -> D:\AiProject\Node\novels\chapters\chapter_0003.txt
[2026-05-16 00:32:59] [Writer] 全部完成
[2026-05-16 03:24:44] [Writer] 第1章已存在，跳过
[2026-05-16 03:24:46] [Writer] 第2章已存在，跳过
[2026-05-16 03:24:48] [Writer] 第3章已存在，跳过
[2026-05-16 03:24:50] [Writer] 正在生成第4章...
[2026-05-16 03:26:38] [Writer] 第4章已保存（8061字） -> D:\AiProject\Node\novels\chapters\chapter_0004.txt
[2026-05-16 03:26:40] [Writer] 正在生成第5章...
[2026-05-16 03:26:54] [Writer] 第1章已存在，跳过
[2026-05-16 03:26:56] [Writer] 第2章已存在，跳过
[2026-05-16 03:26:58] [Writer] 第3章已存在，跳过
[2026-05-16 03:27:00] [Writer] 第4章已存在，跳过
[2026-05-16 03:27:02] [Writer] 正在生成第5章...
[2026-05-16 03:27:50] [Writer] 第5章已保存（5018字） -> D:\AiProject\Node\novels\chapters\chapter_0005.txt
[2026-05-16 03:27:52] [Writer] 正在生成第6章...
[2026-05-16 03:28:02] [Writer] 第5章已保存（4399字） -> D:\AiProject\Node\novels\chapters\chapter_0005.txt
[2026-05-16 03:28:04] [Writer] 正在生成第6章...
[2026-05-16 03:29:35] [Writer] 第6章已保存（7712字） -> D:\AiProject\Node\novels\chapters\chapter_0006.txt
[2026-05-16 03:29:37] [Writer] 正在生成第7章...
[2026-05-16 03:31:03] [Writer] 第6章已保存（9198字） -> D:\AiProject\Node\novels\chapters\chapter_0006.txt
[2026-05-16 03:31:05] [Writer] 正在生成第7章...
[2026-05-16 03:31:20] [Writer] 第7章已保存（7423字） -> D:\AiProject\Node\novels\chapters\chapter_0007.txt
[2026-05-16 03:31:22] [Writer] 正在生成第8章...
[2026-05-16 03:32:11] [Writer] 第7章已保存（4383字） -> D:\AiProject\Node\novels\chapters\chapter_0007.txt
[2026-05-16 03:32:13] [Writer] 正在生成第8章...
[2026-05-16 03:33:00] [Writer] 第8章已保存（7321字） -> D:\AiProject\Node\novels\chapters\chapter_0008.txt
[2026-05-16 03:33:02] [Writer] 正在生成第9章...
[2026-05-16 03:33:12] [Writer] 第8章已保存（4072字） -> D:\AiProject\Node\novels\chapters\chapter_0008.txt
[2026-05-16 03:33:14] [Writer] 正在生成第9章...
[2026-05-16 03:34:18] [Writer] 第9章已保存（4814字） -> D:\AiProject\Node\novels\chapters\chapter_0009.txt
[2026-05-16 03:34:20] [Writer] 正在生成第10章...
[2026-05-16 03:34:36] [Writer] 第9章已保存（6375字） -> D:\AiProject\Node\novels\chapters\chapter_0009.txt
[2026-05-16 03:34:38] [Writer] 正在生成第10章...
[2026-05-16 03:35:33] [Writer] 第10章已保存（5608字） -> D:\AiProject\Node\novels\chapters\chapter_0010.txt
[2026-05-16 03:35:35] [Writer] 全部完成
[2026-05-16 03:35:54] [Writer] 第10章已保存（5528字） -> D:\AiProject\Node\novels\chapters\chapter_0010.txt
[2026-05-16 03:35:56] [Writer] 全部完成
[2026-05-16 03:39:57] [Writer] 正在生成第11章...
[2026-05-16 03:40:24] [Writer] 正在生成第11章...
[2026-05-16 03:41:45] [Writer] 第11章已保存（8512字） -> D:\AiProject\Node\novels\chapters\chapter_0011.txt
[2026-05-16 03:41:47] [Writer] 正在生成第12章...
[2026-05-16 03:41:56] [Writer] 第11章已保存（7422字） -> D:\AiProject\Node\novels\chapters\chapter_0011.txt
[2026-05-16 03:41:58] [Writer] 正在生成第12章...
[2026-05-16 03:42:57] [Writer] 第12章已保存（5638字） -> D:\AiProject\Node\novels\chapters\chapter_0012.txt
[2026-05-16 03:42:59] [Writer] 正在生成第13章...
[2026-05-16 03:43:12] [Writer] 第12章已保存（5490字） -> D:\AiProject\Node\novels\chapters\chapter_0012.txt
[2026-05-16 03:43:14] [Writer] 正在生成第13章...
[2026-05-16 03:44:23] [Writer] 第13章已保存（7246字） -> D:\AiProject\Node\novels\chapters\chapter_0013.txt
[2026-05-16 03:44:25] [Writer] 正在生成第14章...
[2026-05-16 03:44:43] [Writer] 第13章已保存（6705字） -> D:\AiProject\Node\novels\chapters\chapter_0013.txt
[2026-05-16 03:44:45] [Writer] 正在生成第14章...
[2026-05-16 03:45:54] [Writer] 第14章已保存（6523字） -> D:\AiProject\Node\novels\chapters\chapter_0014.txt
[2026-05-16 03:45:57] [Writer] 正在生成第15章...
[2026-05-16 03:46:13] [Writer] 第14章已保存（6214字） -> D:\AiProject\Node\novels\chapters\chapter_0014.txt
[2026-05-16 03:46:15] [Writer] 正在生成第15章...
[2026-05-16 03:47:21] [Writer] 第15章已保存（6299字） -> D:\AiProject\Node\novels\chapters\chapter_0015.txt
[2026-05-16 03:47:23] [Writer] 正在生成第16章...
[2026-05-16 03:47:53] [Writer] 第15章已保存（7384字） -> D:\AiProject\Node\novels\chapters\chapter_0015.txt
[2026-05-16 03:47:55] [Writer] 正在生成第16章...
[2026-05-16 03:48:35] [Writer] 第16章已保存（6011字） -> D:\AiProject\Node\novels\chapters\chapter_0016.txt
[2026-05-16 03:48:37] [Writer] 正在生成第17章...
[2026-05-16 03:49:59] [Writer] 第16章已保存（9928字） -> D:\AiProject\Node\novels\chapters\chapter_0016.txt
[2026-05-16 03:50:01] [Writer] 正在生成第17章...
[2026-05-16 03:50:07] [Writer] 第17章已保存（6863字） -> D:\AiProject\Node\novels\chapters\chapter_0017.txt
[2026-05-16 03:50:09] [Writer] 正在生成第18章...
[2026-05-16 03:51:39] [Writer] 第17章已保存（7564字） -> D:\AiProject\Node\novels\chapters\chapter_0017.txt
[2026-05-16 03:51:41] [Writer] 正在生成第18章...
[2026-05-16 03:51:46] [Writer] 第18章已保存（7028字） -> D:\AiProject\Node\novels\chapters\chapter_0018.txt
[2026-05-16 03:51:48] [Writer] 正在生成第19章...
[2026-05-16 03:52:58] [Writer] 第19章已保存（5721字） -> D:\AiProject\Node\novels\chapters\chapter_0019.txt
[2026-05-16 03:53:00] [Writer] 正在生成第20章...
[2026-05-16 03:53:08] [Writer] 第18章已保存（6572字） -> D:\AiProject\Node\novels\chapters\chapter_0018.txt
[2026-05-16 03:53:10] [Writer] 第19章已存在，跳过
[2026-05-16 03:53:12] [Writer] 正在生成第20章...
[2026-05-16 03:54:31] [Writer] 第20章已保存（7410字） -> D:\AiProject\Node\novels\chapters\chapter_0020.txt
[2026-05-16 03:54:32] [Writer] 第20章已保存（7248字） -> D:\AiProject\Node\novels\chapters\chapter_0020.txt
[2026-05-16 03:54:33] [Writer] 全部完成
[2026-05-16 03:54:34] [Writer] 全部完成
[2026-05-16 04:00:03] [Writer] 正在生成第21章...
[2026-05-16 04:00:32] [Writer] 正在生成第21章...
[2026-05-16 04:01:18] [Writer] 第21章已保存（5318字） -> D:\AiProject\Node\novels\chapters\chapter_0021.txt
[2026-05-16 04:01:20] [Writer] 正在生成第22章...
[2026-05-16 04:01:44] [Writer] 第21章已保存（4903字） -> D:\AiProject\Node\novels\chapters\chapter_0021.txt
[2026-05-16 04:01:46] [Writer] 正在生成第22章...
[2026-05-16 04:02:26] [Writer] 第22章已保存（4286字） -> D:\AiProject\Node\novels\chapters\chapter_0022.txt
[2026-05-16 04:02:28] [Writer] 正在生成第23章...
[2026-05-16 04:03:19] [Writer] 第22章已保存（6741字） -> D:\AiProject\Node\novels\chapters\chapter_0022.txt
[2026-05-16 04:03:21] [Writer] 正在生成第23章...
[2026-05-16 04:03:42] [Writer] 第23章已保存（5469字） -> D:\AiProject\Node\novels\chapters\chapter_0023.txt
[2026-05-16 04:03:45] [Writer] 正在生成第24章...
[2026-05-16 04:04:50] [Writer] 第23章已保存（6155字） -> D:\AiProject\Node\novels\chapters\chapter_0023.txt
[2026-05-16 04:04:52] [Writer] 正在生成第24章...
[2026-05-16 04:05:06] [Writer] 第24章已保存（5707字） -> D:\AiProject\Node\novels\chapters\chapter_0024.txt
[2026-05-16 04:05:08] [Writer] 正在生成第25章...
[2026-05-16 04:06:10] [Writer] 第24章已保存（5099字） -> D:\AiProject\Node\novels\chapters\chapter_0024.txt
[2026-05-16 04:06:12] [Writer] 正在生成第25章...
[2026-05-16 04:06:32] [Writer] 第25章已保存（5747字） -> D:\AiProject\Node\novels\chapters\chapter_0025.txt
[2026-05-16 04:06:34] [Writer] 正在生成第26章...
[2026-05-16 04:07:32] [Writer] 第25章已保存（5723字） -> D:\AiProject\Node\novels\chapters\chapter_0025.txt
[2026-05-16 04:07:34] [Writer] 正在生成第26章...
[2026-05-16 04:08:07] [Writer] 第26章已保存（7792字） -> D:\AiProject\Node\novels\chapters\chapter_0026.txt
[2026-05-16 04:08:09] [Writer] 正在生成第27章...
[2026-05-16 04:08:47] [Writer] 第26章已保存（5105字） -> D:\AiProject\Node\novels\chapters\chapter_0026.txt
[2026-05-16 04:08:49] [Writer] 正在生成第27章...
[2026-05-16 04:09:06] [Writer] 第27章已保存（4611字） -> D:\AiProject\Node\novels\chapters\chapter_0027.txt
[2026-05-16 04:09:08] [Writer] 正在生成第28章...
[2026-05-16 04:10:10] [Writer] 第27章已保存（6352字） -> D:\AiProject\Node\novels\chapters\chapter_0027.txt
[2026-05-16 04:10:12] [Writer] 正在生成第28章...
[2026-05-16 04:10:19] [Writer] 第28章已保存（5686字） -> D:\AiProject\Node\novels\chapters\chapter_0028.txt
[2026-05-16 04:10:21] [Writer] 正在生成第29章...
[2026-05-16 04:11:29] [Writer] 第28章已保存（5421字） -> D:\AiProject\Node\novels\chapters\chapter_0028.txt
[2026-05-16 04:11:30] [Writer] 第29章已保存（5046字） -> D:\AiProject\Node\novels\chapters\chapter_0029.txt
[2026-05-16 04:11:31] [Writer] 第29章已存在，跳过
[2026-05-16 04:11:32] [Writer] 正在生成第30章...
[2026-05-16 04:11:33] [Writer] 正在生成第30章...
[2026-05-16 04:12:26] [Writer] 第30章已保存（3930字） -> D:\AiProject\Node\novels\chapters\chapter_0030.txt
[2026-05-16 04:12:28] [Writer] 全部完成
[2026-05-16 04:12:38] [Writer] 第30章已保存（5272字） -> D:\AiProject\Node\novels\chapters\chapter_0030.txt
[2026-05-16 04:12:40] [Writer] 全部完成
[2026-05-16 04:18:01] [Writer] 正在生成第31章...
[2026-05-16 04:18:10] [Writer] 正在生成第31章...
[2026-05-16 04:19:15] [Writer] 第31章已保存（6010字） -> D:\AiProject\Node\novels\chapters\chapter_0031.txt
[2026-05-16 04:19:17] [Writer] 正在生成第32章...
[2026-05-16 04:19:26] [Writer] 第31章已保存（6644字） -> D:\AiProject\Node\novels\chapters\chapter_0031.txt
[2026-05-16 04:19:28] [Writer] 正在生成第32章...
[2026-05-16 04:20:23] [Writer] 第32章已保存（5451字） -> D:\AiProject\Node\novels\chapters\chapter_0032.txt
[2026-05-16 04:20:25] [Writer] 正在生成第33章...
[2026-05-16 04:21:12] [Writer] 第32章已保存（8285字） -> D:\AiProject\Node\novels\chapters\chapter_0032.txt
[2026-05-16 04:21:14] [Writer] 正在生成第33章...
[2026-05-16 04:21:39] [Writer] 第33章已保存（6255字） -> D:\AiProject\Node\novels\chapters\chapter_0033.txt
[2026-05-16 04:21:42] [Writer] 正在生成第34章...
[2026-05-16 04:22:12] [Writer] 第33章已保存（4236字） -> D:\AiProject\Node\novels\chapters\chapter_0033.txt
[2026-05-16 04:22:14] [Writer] 正在生成第34章...
[2026-05-16 04:23:08] [Writer] 第34章已保存（7216字） -> D:\AiProject\Node\novels\chapters\chapter_0034.txt
[2026-05-16 04:23:10] [Writer] 正在生成第35章...
[2026-05-16 04:23:21] [Writer] 第34章已保存（5900字） -> D:\AiProject\Node\novels\chapters\chapter_0034.txt
[2026-05-16 04:23:23] [Writer] 正在生成第35章...
[2026-05-16 04:24:31] [Writer] 第35章已保存（6313字） -> D:\AiProject\Node\novels\chapters\chapter_0035.txt
[2026-05-16 04:24:33] [Writer] 正在生成第36章...
[2026-05-16 04:24:46] [Writer] 第35章已保存（6164字） -> D:\AiProject\Node\novels\chapters\chapter_0035.txt
[2026-05-16 04:24:48] [Writer] 正在生成第36章...
[2026-05-16 04:25:20] [Writer] 第36章已保存（3625字） -> D:\AiProject\Node\novels\chapters\chapter_0036.txt
[2026-05-16 04:25:22] [Writer] 正在生成第37章...
[2026-05-16 04:25:49] [Writer] 第36章已保存（4591字） -> D:\AiProject\Node\novels\chapters\chapter_0036.txt
[2026-05-16 04:25:51] [Writer] 正在生成第37章...
[2026-05-16 04:26:24] [Writer] 第37章已保存（4864字） -> D:\AiProject\Node\novels\chapters\chapter_0037.txt
[2026-05-16 04:26:26] [Writer] 正在生成第38章...
[2026-05-16 04:26:49] [Writer] 第37章已保存（3860字） -> D:\AiProject\Node\novels\chapters\chapter_0037.txt
[2026-05-16 04:26:51] [Writer] 正在生成第38章...
[2026-05-16 04:27:52] [Writer] 第38章已保存（6882字） -> D:\AiProject\Node\novels\chapters\chapter_0038.txt
[2026-05-16 04:27:54] [Writer] 正在生成第39章...
[2026-05-16 04:28:07] [Writer] 第38章已保存（6052字） -> D:\AiProject\Node\novels\chapters\chapter_0038.txt
[2026-05-16 04:28:09] [Writer] 正在生成第39章...
[2026-05-16 04:29:24] [Writer] 第39章已保存（5784字） -> D:\AiProject\Node\novels\chapters\chapter_0039.txt
[2026-05-16 04:29:26] [Writer] 第39章已保存（6738字） -> D:\AiProject\Node\novels\chapters\chapter_0039.txt
[2026-05-16 04:29:26] [Writer] 正在生成第40章...
[2026-05-16 04:29:28] [Writer] 正在生成第40章...
[2026-05-16 04:30:24] [Writer] 第40章已保存（4563字） -> D:\AiProject\Node\novels\chapters\chapter_0040.txt
[2026-05-16 04:30:26] [Writer] 全部完成
[2026-05-16 04:30:51] [Writer] 第40章已保存（6446字） -> D:\AiProject\Node\novels\chapters\chapter_0040.txt
[2026-05-16 04:30:53] [Writer] 全部完成
[2026-05-16 04:36:11] [Writer] 正在生成第41章...
[2026-05-16 04:36:30] [Writer] 正在生成第41章...
[2026-05-16 04:37:34] [Writer] 第41章已保存（5035字） -> D:\AiProject\Node\novels\chapters\chapter_0041.txt
[2026-05-16 04:37:36] [Writer] 正在生成第42章...
[2026-05-16 04:37:58] [Writer] 第41章已保存（8327字） -> D:\AiProject\Node\novels\chapters\chapter_0041.txt
[2026-05-16 04:38:00] [Writer] 正在生成第42章...
[2026-05-16 04:39:00] [Writer] 第42章已保存（7021字） -> D:\AiProject\Node\novels\chapters\chapter_0042.txt
[2026-05-16 04:39:02] [Writer] 正在生成第43章...
[2026-05-16 04:39:37] [Writer] 第42章已保存（7731字） -> D:\AiProject\Node\novels\chapters\chapter_0042.txt
[2026-05-16 04:39:39] [Writer] 正在生成第43章...
[2026-05-16 04:40:26] [Writer] 第43章已保存（6782字） -> D:\AiProject\Node\novels\chapters\chapter_0043.txt
[2026-05-16 04:40:28] [Writer] 正在生成第44章...
[2026-05-16 04:41:02] [Writer] 第43章已保存（5852字） -> D:\AiProject\Node\novels\chapters\chapter_0043.txt
[2026-05-16 04:41:04] [Writer] 正在生成第44章...
[2026-05-16 04:41:21] [Writer] 第44章已保存（3681字） -> D:\AiProject\Node\novels\chapters\chapter_0044.txt
[2026-05-16 04:41:23] [Writer] 正在生成第45章...
[2026-05-16 04:42:14] [Writer] 第44章已保存（5163字） -> D:\AiProject\Node\novels\chapters\chapter_0044.txt
[2026-05-16 04:42:16] [Writer] 正在生成第45章...
[2026-05-16 04:42:57] [Writer] 第45章已保存（7012字） -> D:\AiProject\Node\novels\chapters\chapter_0045.txt
[2026-05-16 04:42:59] [Writer] 正在生成第46章...
[2026-05-16 04:43:36] [Writer] 第45章已保存（5302字） -> D:\AiProject\Node\novels\chapters\chapter_0045.txt
[2026-05-16 04:43:38] [Writer] 正在生成第46章...
[2026-05-16 04:44:13] [Writer] 第46章已保存（5218字） -> D:\AiProject\Node\novels\chapters\chapter_0046.txt
[2026-05-16 04:44:15] [Writer] 正在生成第47章...
[2026-05-16 04:44:55] [Writer] 第46章已保存（5972字） -> D:\AiProject\Node\novels\chapters\chapter_0046.txt
[2026-05-16 04:44:57] [Writer] 正在生成第47章...
[2026-05-16 04:45:17] [Writer] 第47章已保存（5038字） -> D:\AiProject\Node\novels\chapters\chapter_0047.txt
[2026-05-16 04:45:19] [Writer] 正在生成第48章...
[2026-05-16 04:46:10] [Writer] 第48章已保存（3676字） -> D:\AiProject\Node\novels\chapters\chapter_0048.txt
[2026-05-16 04:46:12] [Writer] 正在生成第49章...
[2026-05-16 04:46:26] [Writer] 第47章已保存（6613字） -> D:\AiProject\Node\novels\chapters\chapter_0047.txt
[2026-05-16 04:46:28] [Writer] 第48章已存在，跳过
[2026-05-16 04:46:30] [Writer] 正在生成第49章...
[2026-05-16 04:47:01] [Writer] 第49章已保存（3325字） -> D:\AiProject\Node\novels\chapters\chapter_0049.txt
[2026-05-16 04:47:03] [Writer] 正在生成第50章...
[2026-05-16 04:47:30] [Writer] 第49章已保存（4609字） -> D:\AiProject\Node\novels\chapters\chapter_0049.txt
[2026-05-16 04:47:32] [Writer] 正在生成第50章...
[2026-05-16 04:48:17] [Writer] 第50章已保存（5769字） -> D:\AiProject\Node\novels\chapters\chapter_0050.txt
[2026-05-16 04:48:19] [Writer] 全部完成
[2026-05-16 04:48:55] [Writer] 第50章已保存（6815字） -> D:\AiProject\Node\novels\chapters\chapter_0050.txt
[2026-05-16 04:48:57] [Writer] 全部完成
[2026-05-16 04:53:52] [Writer] 第51章大纲不存在
[2026-05-16 04:53:54] [Writer] 第52章大纲不存在
[2026-05-16 04:53:56] [Writer] 第53章大纲不存在
[2026-05-16 04:53:58] [Writer] 第54章大纲不存在
[2026-05-16 04:54:00] [Writer] 第55章大纲不存在
[2026-05-16 04:54:02] [Writer] 第56章大纲不存在
[2026-05-16 04:54:04] [Writer] 第57章大纲不存在
[2026-05-16 04:54:06] [Writer] 第58章大纲不存在
[2026-05-16 04:54:08] [Writer] 第59章大纲不存在
[2026-05-16 04:54:09] [Writer] 第51章大纲不存在
[2026-05-16 04:54:10] [Writer] 第60章大纲不存在
[2026-05-16 04:54:11] [Writer] 第52章大纲不存在
[2026-05-16 04:54:12] [Writer] 全部完成
[2026-05-16 04:54:13] [Writer] 第53章大纲不存在
[2026-05-16 04:54:15] [Writer] 第54章大纲不存在
[2026-05-16 04:54:17] [Writer] 第55章大纲不存在
[2026-05-16 04:54:19] [Writer] 第56章大纲不存在
[2026-05-16 04:54:21] [Writer] 第57章大纲不存在
[2026-05-16 04:54:23] [Writer] 第58章大纲不存在
[2026-05-16 04:54:26] [Writer] 第59章大纲不存在
[2026-05-16 04:54:26] [Writer] 第61章大纲不存在
[2026-05-16 04:54:28] [Writer] 第60章大纲不存在
[2026-05-16 04:54:28] [Writer] 第62章大纲不存在
[2026-05-16 04:54:30] [Writer] 全部完成
[2026-05-16 04:54:30] [Writer] 第63章大纲不存在
[2026-05-16 04:54:32] [Writer] 第64章大纲不存在
[2026-05-16 04:54:34] [Writer] 第65章大纲不存在
[2026-05-16 04:54:36] [Writer] 第66章大纲不存在
[2026-05-16 04:54:38] [Writer] 第67章大纲不存在
[2026-05-16 04:54:40] [Writer] 第68章大纲不存在
[2026-05-16 04:54:42] [Writer] 第69章大纲不存在
[2026-05-16 04:54:43] [Writer] 第61章大纲不存在
[2026-05-16 04:54:44] [Writer] 第70章大纲不存在
[2026-05-16 04:54:45] [Writer] 第62章大纲不存在
[2026-05-16 04:54:46] [Writer] 全部完成
[2026-05-16 04:54:47] [Writer] 第63章大纲不存在
[2026-05-16 04:54:49] [Writer] 第64章大纲不存在
[2026-05-16 04:54:51] [Writer] 第65章大纲不存在
[2026-05-16 04:54:53] [Writer] 第66章大纲不存在
[2026-05-16 04:54:55] [Writer] 第67章大纲不存在
[2026-05-16 04:54:57] [Writer] 第68章大纲不存在
[2026-05-16 04:54:59] [Writer] 第69章大纲不存在
[2026-05-16 04:55:00] [Writer] 第71章大纲不存在
[2026-05-16 04:55:01] [Writer] 第70章大纲不存在
[2026-05-16 04:55:02] [Writer] 第72章大纲不存在
[2026-05-16 04:55:03] [Writer] 全部完成
[2026-05-16 04:55:04] [Writer] 第73章大纲不存在
[2026-05-16 04:55:06] [Writer] 第74章大纲不存在
[2026-05-16 04:55:08] [Writer] 第75章大纲不存在
[2026-05-16 04:55:10] [Writer] 正在生成第76章...
[2026-05-16 04:55:17] [Writer] 第71章大纲不存在
[2026-05-16 04:55:19] [Writer] 第72章大纲不存在
[2026-05-16 04:55:21] [Writer] 第73章大纲不存在
[2026-05-16 04:55:23] [Writer] 第74章大纲不存在
[2026-05-16 04:55:25] [Writer] 第75章大纲不存在
[2026-05-16 04:55:27] [Writer] 正在生成第76章...
[2026-05-16 04:56:37] [Writer] 第76章已保存（6330字） -> D:\AiProject\Node\novels\chapters\chapter_0076.txt
[2026-05-16 04:56:39] [Writer] 正在生成第77章...
[2026-05-16 04:56:54] [Writer] 第76章已保存（6481字） -> D:\AiProject\Node\novels\chapters\chapter_0076.txt
[2026-05-16 04:56:56] [Writer] 正在生成第77章...
[2026-05-16 04:57:48] [Writer] 第77章已保存（5002字） -> D:\AiProject\Node\novels\chapters\chapter_0077.txt
[2026-05-16 04:57:50] [Writer] 正在生成第78章...
[2026-05-16 04:58:14] [Writer] 第77章已保存（5888字） -> D:\AiProject\Node\novels\chapters\chapter_0077.txt
[2026-05-16 04:58:16] [Writer] 正在生成第78章...
[2026-05-16 04:59:40] [Writer] 第78章已保存（8426字） -> D:\AiProject\Node\novels\chapters\chapter_0078.txt
[2026-05-16 04:59:42] [Writer] 正在生成第79章...
[2026-05-16 05:00:18] [Writer] 第78章已保存（9219字） -> D:\AiProject\Node\novels\chapters\chapter_0078.txt
[2026-05-16 05:00:20] [Writer] 正在生成第79章...
[2026-05-16 05:00:59] [Writer] 第79章已保存（6278字） -> D:\AiProject\Node\novels\chapters\chapter_0079.txt
[2026-05-16 05:01:01] [Writer] 正在生成第80章...
[2026-05-16 05:01:51] [Writer] 第79章已保存（6358字） -> D:\AiProject\Node\novels\chapters\chapter_0079.txt
[2026-05-16 05:01:53] [Writer] 正在生成第80章...
[2026-05-16 05:02:30] [Writer] 第80章已保存（7068字） -> D:\AiProject\Node\novels\chapters\chapter_0080.txt
[2026-05-16 05:02:32] [Writer] 全部完成
[2026-05-16 05:03:08] [Writer] 第80章已保存（5046字） -> D:\AiProject\Node\novels\chapters\chapter_0080.txt
[2026-05-16 05:03:10] [Writer] 全部完成
[2026-05-16 05:05:48] [Writer] 正在生成第81章...
[2026-05-16 05:05:58] [Writer] 正在生成第81章...
[2026-05-16 05:07:45] [Writer] 第81章已保存（8390字） -> D:\AiProject\Node\novels\chapters\chapter_0081.txt
[2026-05-16 05:07:47] [Writer] 正在生成第82章...
[2026-05-16 05:08:25] [Writer] 第81章已保存（7545字） -> D:\AiProject\Node\novels\chapters\chapter_0081.txt
[2026-05-16 05:08:27] [Writer] 正在生成第82章...
[2026-05-16 05:09:05] [Writer] 第82章已保存（5329字） -> D:\AiProject\Node\novels\chapters\chapter_0082.txt
[2026-05-16 05:09:07] [Writer] 正在生成第83章...
[2026-05-16 05:09:48] [Writer] 第82章已保存（5166字） -> D:\AiProject\Node\novels\chapters\chapter_0082.txt
[2026-05-16 05:09:50] [Writer] 正在生成第83章...
[2026-05-16 05:10:25] [Writer] 第83章已保存（5989字） -> D:\AiProject\Node\novels\chapters\chapter_0083.txt
[2026-05-16 05:10:27] [Writer] 正在生成第84章...
[2026-05-16 05:11:15] [Writer] 第83章已保存（6292字） -> D:\AiProject\Node\novels\chapters\chapter_0083.txt
[2026-05-16 05:11:17] [Writer] 正在生成第84章...
[2026-05-16 05:11:53] [Writer] 第84章已保存（6257字） -> D:\AiProject\Node\novels\chapters\chapter_0084.txt
[2026-05-16 05:11:55] [Writer] 正在生成第85章...
[2026-05-16 05:12:19] [Writer] 第84章已保存（4469字） -> D:\AiProject\Node\novels\chapters\chapter_0084.txt
[2026-05-16 05:12:21] [Writer] 正在生成第85章...
[2026-05-16 05:13:19] [Writer] 第85章已保存（5921字） -> D:\AiProject\Node\novels\chapters\chapter_0085.txt
[2026-05-16 05:13:21] [Writer] 正在生成第86章...
[2026-05-16 05:13:33] [Writer] 第85章已保存（5411字） -> D:\AiProject\Node\novels\chapters\chapter_0085.txt
[2026-05-16 05:13:35] [Writer] 正在生成第86章...
[2026-05-16 05:14:29] [Writer] 第86章已保存（3596字） -> D:\AiProject\Node\novels\chapters\chapter_0086.txt
[2026-05-16 05:14:31] [Writer] 正在生成第87章...
[2026-05-16 05:14:31] [Writer] 第86章已保存（5214字） -> D:\AiProject\Node\novels\chapters\chapter_0086.txt
[2026-05-16 05:14:33] [Writer] 正在生成第87章...
[2026-05-16 05:15:48] [Writer] 第87章已保存（5801字） -> D:\AiProject\Node\novels\chapters\chapter_0087.txt
[2026-05-16 05:15:50] [Writer] 正在生成第88章...
[2026-05-16 05:15:55] [Writer] 第87章已保存（6157字） -> D:\AiProject\Node\novels\chapters\chapter_0087.txt
[2026-05-16 05:15:57] [Writer] 正在生成第88章...
[2026-05-16 05:17:17] [Writer] 第88章已保存（5687字） -> D:\AiProject\Node\novels\chapters\chapter_0088.txt
[2026-05-16 05:17:19] [Writer] 正在生成第89章...
[2026-05-16 05:17:22] [Writer] 第88章已保存（6597字） -> D:\AiProject\Node\novels\chapters\chapter_0088.txt
[2026-05-16 05:17:24] [Writer] 正在生成第89章...
[2026-05-16 05:18:29] [Writer] 第89章已保存（4926字） -> D:\AiProject\Node\novels\chapters\chapter_0089.txt
[2026-05-16 05:18:31] [Writer] 正在生成第90章...
[2026-05-16 05:19:21] [Writer] 第89章已保存（8592字） -> D:\AiProject\Node\novels\chapters\chapter_0089.txt
[2026-05-16 05:19:23] [Writer] 正在生成第90章...
[2026-05-16 05:19:57] [Writer] 第90章已保存（6565字） -> D:\AiProject\Node\novels\chapters\chapter_0090.txt
[2026-05-16 05:19:59] [Writer] 全部完成
[2026-05-16 05:20:47] [Writer] 第90章已保存（6451字） -> D:\AiProject\Node\novels\chapters\chapter_0090.txt
[2026-05-16 05:20:49] [Writer] 全部完成
[2026-05-16 05:25:20] [Writer] 正在生成第91章...
[2026-05-16 05:25:21] [Writer] 正在生成第91章...
[2026-05-16 05:26:18] [Writer] 第91章已保存（4197字） -> D:\AiProject\Node\novels\chapters\chapter_0091.txt
[2026-05-16 05:26:19] [Writer] 第91章已保存（4641字） -> D:\AiProject\Node\novels\chapters\chapter_0091.txt
[2026-05-16 05:26:20] [Writer] 正在生成第92章...
[2026-05-16 05:26:21] [Writer] 正在生成第92章...
[2026-05-16 05:27:34] [Writer] 第92章已保存（5711字） -> D:\AiProject\Node\novels\chapters\chapter_0092.txt
[2026-05-16 05:27:36] [Writer] 正在生成第93章...
[2026-05-16 05:27:36] [Writer] 第92章已保存（5867字） -> D:\AiProject\Node\novels\chapters\chapter_0092.txt
[2026-05-16 05:27:38] [Writer] 正在生成第93章...
[2026-05-16 05:28:42] [Writer] 第93章已保存（4947字） -> D:\AiProject\Node\novels\chapters\chapter_0093.txt
[2026-05-16 05:28:44] [Writer] 正在生成第94章...
[2026-05-16 05:28:52] [Writer] 第93章已保存（6562字） -> D:\AiProject\Node\novels\chapters\chapter_0093.txt
[2026-05-16 05:28:54] [Writer] 正在生成第94章...
[2026-05-16 05:29:45] [Writer] 第94章已保存（5141字） -> D:\AiProject\Node\novels\chapters\chapter_0094.txt
[2026-05-16 05:29:47] [Writer] 正在生成第95章...
[2026-05-16 05:30:33] [Writer] 第94章已保存（8732字） -> D:\AiProject\Node\novels\chapters\chapter_0094.txt
[2026-05-16 05:30:35] [Writer] 正在生成第95章...
[2026-05-16 05:31:16] [Writer] 第95章已保存（6760字） -> D:\AiProject\Node\novels\chapters\chapter_0095.txt
[2026-05-16 05:31:18] [Writer] 正在生成第96章...
[2026-05-16 05:32:03] [Writer] 第95章已保存（6888字） -> D:\AiProject\Node\novels\chapters\chapter_0095.txt
[2026-05-16 05:32:05] [Writer] 正在生成第96章...
[2026-05-16 05:32:41] [Writer] 第96章已保存（6469字） -> D:\AiProject\Node\novels\chapters\chapter_0096.txt
[2026-05-16 05:32:43] [Writer] 正在生成第97章...
[2026-05-16 05:33:13] [Writer] 第96章已保存（4901字） -> D:\AiProject\Node\novels\chapters\chapter_0096.txt
[2026-05-16 05:33:15] [Writer] 正在生成第97章...
[2026-05-16 05:34:08] [Writer] 第97章已保存（6295字） -> D:\AiProject\Node\novels\chapters\chapter_0097.txt
[2026-05-16 05:34:10] [Writer] 正在生成第98章...
[2026-05-16 05:35:01] [Writer] 第97章已保存（8117字） -> D:\AiProject\Node\novels\chapters\chapter_0097.txt
[2026-05-16 05:35:03] [Writer] 正在生成第98章...
[2026-05-16 05:35:22] [Writer] 第98章已保存（5266字） -> D:\AiProject\Node\novels\chapters\chapter_0098.txt
[2026-05-16 05:35:24] [Writer] 正在生成第99章...
[2026-05-16 05:36:12] [Writer] 第98章已保存（5413字） -> D:\AiProject\Node\novels\chapters\chapter_0098.txt
[2026-05-16 05:36:14] [Writer] 正在生成第99章...
[2026-05-16 05:36:43] [Writer] 第99章已保存（6268字） -> D:\AiProject\Node\novels\chapters\chapter_0099.txt
[2026-05-16 05:36:45] [Writer] 正在生成第100章...
[2026-05-16 05:37:32] [Writer] 第99章已保存（6113字） -> D:\AiProject\Node\novels\chapters\chapter_0099.txt
[2026-05-16 05:37:34] [Writer] 正在生成第100章...
[2026-05-16 05:38:13] [Writer] 第100章已保存（7060字） -> D:\AiProject\Node\novels\chapters\chapter_0100.txt
[2026-05-16 05:38:15] [Writer] 全部完成
[2026-05-16 05:38:36] [Writer] 第100章已保存（4997字） -> D:\AiProject\Node\novels\chapters\chapter_0100.txt
[2026-05-16 05:38:38] [Writer] 全部完成
[2026-05-16 05:43:31] [Writer] 第101章大纲不存在
[2026-05-16 05:43:33] [Writer] 第102章大纲不存在
[2026-05-16 05:43:35] [Writer] 第103章大纲不存在
[2026-05-16 05:43:37] [Writer] 第104章大纲不存在
[2026-05-16 05:43:39] [Writer] 第105章大纲不存在
[2026-05-16 05:43:41] [Writer] 第106章大纲不存在
[2026-05-16 05:43:43] [Writer] 第107章大纲不存在
[2026-05-16 05:43:45] [Writer] 第108章大纲不存在
[2026-05-16 05:43:46] [Writer] 第101章大纲不存在
[2026-05-16 05:43:47] [Writer] 第109章大纲不存在
[2026-05-16 05:43:48] [Writer] 第102章大纲不存在
[2026-05-16 05:43:49] [Writer] 第110章大纲不存在
[2026-05-16 05:43:50] [Writer] 第103章大纲不存在
[2026-05-16 05:43:51] [Writer] 全部完成
[2026-05-16 05:43:52] [Writer] 第104章大纲不存在
[2026-05-16 05:43:54] [Writer] 第105章大纲不存在
[2026-05-16 05:43:56] [Writer] 第106章大纲不存在
[2026-05-16 05:43:58] [Writer] 第107章大纲不存在
[2026-05-16 05:44:00] [Writer] 第108章大纲不存在
[2026-05-16 05:44:02] [Writer] 第109章大纲不存在
[2026-05-16 05:44:04] [Writer] 第110章大纲不存在
[2026-05-16 05:44:05] [Writer] 第111章大纲不存在
[2026-05-16 05:44:06] [Writer] 全部完成
[2026-05-16 05:44:07] [Writer] 第112章大纲不存在
[2026-05-16 05:44:09] [Writer] 第113章大纲不存在
[2026-05-16 05:44:11] [Writer] 第114章大纲不存在
[2026-05-16 05:44:13] [Writer] 第115章大纲不存在
[2026-05-16 05:44:15] [Writer] 第116章大纲不存在
[2026-05-16 05:44:17] [Writer] 第117章大纲不存在
[2026-05-16 05:44:19] [Writer] 第118章大纲不存在
[2026-05-16 05:44:19] [Writer] 第111章大纲不存在
[2026-05-16 05:44:21] [Writer] 第119章大纲不存在
[2026-05-16 05:44:21] [Writer] 第112章大纲不存在
[2026-05-16 05:44:23] [Writer] 第120章大纲不存在
[2026-05-16 05:44:23] [Writer] 第113章大纲不存在
[2026-05-16 05:44:25] [Writer] 全部完成
[2026-05-16 05:44:25] [Writer] 第114章大纲不存在
[2026-05-16 05:44:27] [Writer] 第115章大纲不存在
[2026-05-16 05:44:29] [Writer] 第116章大纲不存在
[2026-05-16 05:44:31] [Writer] 第117章大纲不存在
[2026-05-16 05:44:33] [Writer] 第118章大纲不存在
[2026-05-16 05:44:35] [Writer] 第119章大纲不存在
[2026-05-16 05:44:37] [Writer] 第120章大纲不存在
[2026-05-16 05:44:38] [Writer] 第121章大纲不存在
[2026-05-16 05:44:39] [Writer] 全部完成
[2026-05-16 05:44:40] [Writer] 第122章大纲不存在
[2026-05-16 05:44:42] [Writer] 第123章大纲不存在
[2026-05-16 05:44:44] [Writer] 第124章大纲不存在
[2026-05-16 05:44:47] [Writer] 第125章大纲不存在
[2026-05-16 05:44:49] [Writer] 正在生成第126章...
[2026-05-16 05:44:53] [Writer] 第121章大纲不存在
[2026-05-16 05:44:55] [Writer] 第122章大纲不存在
[2026-05-16 05:44:57] [Writer] 第123章大纲不存在
[2026-05-16 05:44:59] [Writer] 第124章大纲不存在
[2026-05-16 05:45:01] [Writer] 第125章大纲不存在
[2026-05-16 05:45:03] [Writer] 正在生成第126章...
[2026-05-16 05:46:03] [Writer] 第126章已保存（5503字） -> D:\AiProject\Node\novels\chapters\chapter_0126.txt
[2026-05-16 05:46:05] [Writer] 正在生成第127章...
[2026-05-16 05:46:09] [Writer] 第126章已保存（4825字） -> D:\AiProject\Node\novels\chapters\chapter_0126.txt
[2026-05-16 05:46:11] [Writer] 正在生成第127章...
[2026-05-16 05:47:37] [Writer] 第127章已保存（6750字） -> D:\AiProject\Node\novels\chapters\chapter_0127.txt
[2026-05-16 05:47:39] [Writer] 正在生成第128章...
[2026-05-16 05:47:40] [Writer] 第127章已保存（8193字） -> D:\AiProject\Node\novels\chapters\chapter_0127.txt
[2026-05-16 05:47:42] [Writer] 正在生成第128章...
[2026-05-16 05:48:42] [Writer] 第128章已保存（4431字） -> D:\AiProject\Node\novels\chapters\chapter_0128.txt
[2026-05-16 05:48:44] [Writer] 正在生成第129章...
[2026-05-16 05:49:06] [Writer] 第128章已保存（6436字） -> D:\AiProject\Node\novels\chapters\chapter_0128.txt
[2026-05-16 05:49:08] [Writer] 正在生成第129章...
[2026-05-16 05:50:07] [Writer] 第129章已保存（6421字） -> D:\AiProject\Node\novels\chapters\chapter_0129.txt
[2026-05-16 05:50:09] [Writer] 正在生成第130章...
[2026-05-16 05:50:29] [Writer] 第129章已保存（6586字） -> D:\AiProject\Node\novels\chapters\chapter_0129.txt
[2026-05-16 05:50:31] [Writer] 正在生成第130章...
[2026-05-16 05:51:17] [Writer] 第130章已保存（5035字） -> D:\AiProject\Node\novels\chapters\chapter_0130.txt
[2026-05-16 05:51:19] [Writer] 全部完成
[2026-05-16 05:51:38] [Writer] 第130章已保存（4953字） -> D:\AiProject\Node\novels\chapters\chapter_0130.txt
[2026-05-16 05:51:40] [Writer] 全部完成
[2026-05-16 05:54:05] [Writer] 正在生成第131章...
[2026-05-16 05:54:22] [Writer] 正在生成第131章...
[2026-05-16 05:55:03] [Writer] 第131章已保存（4807字） -> D:\AiProject\Node\novels\chapters\chapter_0131.txt
[2026-05-16 05:55:05] [Writer] 正在生成第132章...
[2026-05-16 05:55:36] [Writer] 第131章已保存（5566字） -> D:\AiProject\Node\novels\chapters\chapter_0131.txt
[2026-05-16 05:55:38] [Writer] 正在生成第132章...
[2026-05-16 05:56:09] [Writer] 第132章已保存（5092字） -> D:\AiProject\Node\novels\chapters\chapter_0132.txt
[2026-05-16 05:56:11] [Writer] 正在生成第133章...
[2026-05-16 05:57:18] [Writer] 第132章已保存（8224字） -> D:\AiProject\Node\novels\chapters\chapter_0132.txt
[2026-05-16 05:57:20] [Writer] 正在生成第133章...
[2026-05-16 05:57:24] [Writer] 第133章已保存（5956字） -> D:\AiProject\Node\novels\chapters\chapter_0133.txt
[2026-05-16 05:57:26] [Writer] 正在生成第134章...
[2026-05-16 05:58:27] [Writer] 第134章已保存（5209字） -> D:\AiProject\Node\novels\chapters\chapter_0134.txt
[2026-05-16 05:58:29] [Writer] 正在生成第135章...
[2026-05-16 05:58:50] [Writer] 第133章已保存（7734字） -> D:\AiProject\Node\novels\chapters\chapter_0133.txt
[2026-05-16 05:58:52] [Writer] 第134章已存在，跳过
[2026-05-16 05:58:54] [Writer] 正在生成第135章...
[2026-05-16 05:59:13] [Writer] 第135章生成失败，重试(1/3)...
[2026-05-16 05:59:18] [Writer] 正在生成第135章...
[2026-05-16 06:00:16] [Writer] 第135章已保存（6792字） -> D:\AiProject\Node\novels\chapters\chapter_0135.txt
[2026-05-16 06:00:18] [Writer] 正在生成第136章...
[2026-05-16 06:00:32] [Writer] 第135章已保存（5237字） -> D:\AiProject\Node\novels\chapters\chapter_0135.txt
[2026-05-16 06:00:34] [Writer] 正在生成第136章...
[2026-05-16 06:01:36] [Writer] 第136章已保存（4111字） -> D:\AiProject\Node\novels\chapters\chapter_0136.txt
[2026-05-16 06:01:38] [Writer] 正在生成第137章...
[2026-05-16 06:01:57] [Writer] 第136章已保存（7268字） -> D:\AiProject\Node\novels\chapters\chapter_0136.txt
[2026-05-16 06:01:59] [Writer] 正在生成第137章...
[2026-05-16 06:03:24] [Writer] 第137章已保存（7084字） -> D:\AiProject\Node\novels\chapters\chapter_0137.txt
[2026-05-16 06:03:26] [Writer] 正在生成第138章...
[2026-05-16 06:03:30] [Writer] 第137章已保存（6144字） -> D:\AiProject\Node\novels\chapters\chapter_0137.txt
[2026-05-16 06:03:32] [Writer] 正在生成第138章...
[2026-05-16 06:04:51] [Writer] 第138章已保存（5069字） -> D:\AiProject\Node\novels\chapters\chapter_0138.txt
[2026-05-16 06:04:53] [Writer] 正在生成第139章...
[2026-05-16 06:05:05] [Writer] 第138章已保存（6389字） -> D:\AiProject\Node\novels\chapters\chapter_0138.txt
[2026-05-16 06:05:07] [Writer] 正在生成第139章...
[2026-05-16 06:06:03] [Writer] 第139章已保存（4667字） -> D:\AiProject\Node\novels\chapters\chapter_0139.txt
[2026-05-16 06:06:05] [Writer] 正在生成第140章...
[2026-05-16 06:06:37] [Writer] 第139章已保存（5983字） -> D:\AiProject\Node\novels\chapters\chapter_0139.txt
[2026-05-16 06:06:39] [Writer] 正在生成第140章...
[2026-05-16 06:08:08] [Writer] 第140章已保存（6176字） -> D:\AiProject\Node\novels\chapters\chapter_0140.txt
[2026-05-16 06:08:10] [Writer] 全部完成
[2026-05-16 06:08:40] [Writer] 第140章已保存（9464字） -> D:\AiProject\Node\novels\chapters\chapter_0140.txt
[2026-05-16 06:08:42] [Writer] 全部完成
[2026-05-16 06:14:00] [Writer] 正在生成第141章...
[2026-05-16 06:14:14] [Writer] 正在生成第141章...
[2026-05-16 06:15:20] [Writer] 第141章已保存（5279字） -> D:\AiProject\Node\novels\chapters\chapter_0141.txt
[2026-05-16 06:15:22] [Writer] 正在生成第142章...
[2026-05-16 06:15:24] [Writer] 第141章已保存（5861字） -> D:\AiProject\Node\novels\chapters\chapter_0141.txt
[2026-05-16 06:15:26] [Writer] 正在生成第142章...
[2026-05-16 06:16:23] [Writer] 第142章已保存（4724字） -> D:\AiProject\Node\novels\chapters\chapter_0142.txt
[2026-05-16 06:16:25] [Writer] 正在生成第143章...
[2026-05-16 06:16:32] [Writer] 第142章已保存（5038字） -> D:\AiProject\Node\novels\chapters\chapter_0142.txt
[2026-05-16 06:16:34] [Writer] 正在生成第143章...
[2026-05-16 06:17:36] [Writer] 第143章已保存（4467字） -> D:\AiProject\Node\novels\chapters\chapter_0143.txt
[2026-05-16 06:17:38] [Writer] 正在生成第144章...
[2026-05-16 06:17:51] [Writer] 第143章已保存（6964字） -> D:\AiProject\Node\novels\chapters\chapter_0143.txt
[2026-05-16 06:17:53] [Writer] 正在生成第144章...
[2026-05-16 06:18:42] [Writer] 第144章已保存（5113字） -> D:\AiProject\Node\novels\chapters\chapter_0144.txt
[2026-05-16 06:18:44] [Writer] 正在生成第145章...
[2026-05-16 06:19:18] [Writer] 第144章已保存（6154字） -> D:\AiProject\Node\novels\chapters\chapter_0144.txt
[2026-05-16 06:19:20] [Writer] 正在生成第145章...
[2026-05-16 06:19:47] [Writer] 第145章已保存（5054字） -> D:\AiProject\Node\novels\chapters\chapter_0145.txt
[2026-05-16 06:19:49] [Writer] 正在生成第146章...
[2026-05-16 06:20:29] [Writer] 第145章已保存（5573字） -> D:\AiProject\Node\novels\chapters\chapter_0145.txt
[2026-05-16 06:20:31] [Writer] 正在生成第146章...
[2026-05-16 06:20:54] [Writer] 第146章已保存（4516字） -> D:\AiProject\Node\novels\chapters\chapter_0146.txt
[2026-05-16 06:20:56] [Writer] 正在生成第147章...
[2026-05-16 06:21:33] [Writer] 第146章已保存（4870字） -> D:\AiProject\Node\novels\chapters\chapter_0146.txt
[2026-05-16 06:21:35] [Writer] 正在生成第147章...
[2026-05-16 06:22:04] [Writer] 第147章已保存（5608字） -> D:\AiProject\Node\novels\chapters\chapter_0147.txt
[2026-05-16 06:22:06] [Writer] 正在生成第148章...
[2026-05-16 06:23:26] [Writer] 第147章已保存（8896字） -> D:\AiProject\Node\novels\chapters\chapter_0147.txt
[2026-05-16 06:23:28] [Writer] 正在生成第148章...
[2026-05-16 06:23:31] [Writer] 第148章已保存（7550字） -> D:\AiProject\Node\novels\chapters\chapter_0148.txt
[2026-05-16 06:23:33] [Writer] 正在生成第149章...
[2026-05-16 06:24:49] [Writer] 第149章已保存（3896字） -> D:\AiProject\Node\novels\chapters\chapter_0149.txt
[2026-05-16 06:24:51] [Writer] 正在生成第150章...
[2026-05-16 06:24:54] [Writer] 第148章已保存（8477字） -> D:\AiProject\Node\novels\chapters\chapter_0148.txt
[2026-05-16 06:24:56] [Writer] 第149章已存在，跳过
[2026-05-16 06:24:58] [Writer] 正在生成第150章...
[2026-05-16 06:26:05] [Writer] 第150章已保存（5927字） -> D:\AiProject\Node\novels\chapters\chapter_0150.txt
[2026-05-16 06:26:07] [Writer] 全部完成
[2026-05-16 06:26:18] [Writer] 第150章已保存（6784字） -> D:\AiProject\Node\novels\chapters\chapter_0150.txt
[2026-05-16 06:26:20] [Writer] 全部完成
[2026-05-16 06:31:21] [Writer] 正在生成第151章...
[2026-05-16 06:31:32] [Writer] 正在生成第151章...
[2026-05-16 06:32:38] [Writer] 第151章已保存（5962字） -> D:\AiProject\Node\novels\chapters\chapter_0151.txt
[2026-05-16 06:32:40] [Writer] 正在生成第152章...
[2026-05-16 06:32:47] [Writer] 第151章已保存（5625字） -> D:\AiProject\Node\novels\chapters\chapter_0151.txt
[2026-05-16 06:32:49] [Writer] 正在生成第152章...
[2026-05-16 06:34:00] [Writer] 第152章已保存（5746字） -> D:\AiProject\Node\novels\chapters\chapter_0152.txt
[2026-05-16 06:34:02] [Writer] 正在生成第153章...
[2026-05-16 06:34:23] [Writer] 第152章已保存（7222字） -> D:\AiProject\Node\novels\chapters\chapter_0152.txt
[2026-05-16 06:34:25] [Writer] 正在生成第153章...
[2026-05-16 06:35:03] [Writer] 第153章已保存（4072字） -> D:\AiProject\Node\novels\chapters\chapter_0153.txt
[2026-05-16 06:35:05] [Writer] 正在生成第154章...
[2026-05-16 06:35:47] [Writer] 第153章已保存（5715字） -> D:\AiProject\Node\novels\chapters\chapter_0153.txt
[2026-05-16 06:35:49] [Writer] 正在生成第154章...
[2026-05-16 06:36:17] [Writer] 第154章已保存（4899字） -> D:\AiProject\Node\novels\chapters\chapter_0154.txt
[2026-05-16 06:36:19] [Writer] 正在生成第155章...
[2026-05-16 06:37:02] [Writer] 第154章已保存（4887字） -> D:\AiProject\Node\novels\chapters\chapter_0154.txt
[2026-05-16 06:37:04] [Writer] 正在生成第155章...
[2026-05-16 06:37:33] [Writer] 第155章已保存（5093字） -> D:\AiProject\Node\novels\chapters\chapter_0155.txt
[2026-05-16 06:37:35] [Writer] 正在生成第156章...
[2026-05-16 06:38:29] [Writer] 第155章已保存（6145字） -> D:\AiProject\Node\novels\chapters\chapter_0155.txt
[2026-05-16 06:38:31] [Writer] 正在生成第156章...
[2026-05-16 06:38:50] [Writer] 第156章已保存（5428字） -> D:\AiProject\Node\novels\chapters\chapter_0156.txt
[2026-05-16 06:38:52] [Writer] 正在生成第157章...
[2026-05-16 06:39:55] [Writer] 第156章已保存（6104字） -> D:\AiProject\Node\novels\chapters\chapter_0156.txt
[2026-05-16 06:39:57] [Writer] 正在生成第157章...
[2026-05-16 06:39:57] [Writer] 第157章已保存（4477字） -> D:\AiProject\Node\novels\chapters\chapter_0157.txt
[2026-05-16 06:39:59] [Writer] 正在生成第158章...
[2026-05-16 06:41:15] [Writer] 第158章已保存（5260字） -> D:\AiProject\Node\novels\chapters\chapter_0158.txt
[2026-05-16 06:41:17] [Writer] 正在生成第159章...
[2026-05-16 06:42:32] [Writer] 第157章已保存（12940字） -> D:\AiProject\Node\novels\chapters\chapter_0157.txt
[2026-05-16 06:42:34] [Writer] 第158章已存在，跳过
[2026-05-16 06:42:36] [Writer] 正在生成第159章...
[2026-05-16 06:42:45] [Writer] 第159章已保存（5976字） -> D:\AiProject\Node\novels\chapters\chapter_0159.txt
[2026-05-16 06:42:47] [Writer] 正在生成第160章...
[2026-05-16 06:43:35] [Writer] 第160章已保存（3589字） -> D:\AiProject\Node\novels\chapters\chapter_0160.txt
[2026-05-16 06:43:37] [Writer] 全部完成
[2026-05-16 06:43:56] [Writer] 第159章已保存（5965字） -> D:\AiProject\Node\novels\chapters\chapter_0159.txt
[2026-05-16 06:43:58] [Writer] 第160章已存在，跳过
[2026-05-16 06:44:00] [Writer] 全部完成
[2026-05-16 06:49:08] [Writer] 正在生成第161章...
[2026-05-16 06:49:12] [Writer] 正在生成第161章...
[2026-05-16 06:50:08] [Writer] 第161章已保存（4292字） -> D:\AiProject\Node\novels\chapters\chapter_0161.txt
[2026-05-16 06:50:10] [Writer] 正在生成第162章...
[2026-05-16 06:50:37] [Writer] 第161章已保存（6413字） -> D:\AiProject\Node\novels\chapters\chapter_0161.txt
[2026-05-16 06:50:39] [Writer] 正在生成第162章...
[2026-05-16 06:51:17] [Writer] 第162章已保存（5300字） -> D:\AiProject\Node\novels\chapters\chapter_0162.txt
[2026-05-16 06:51:19] [Writer] 正在生成第163章...
[2026-05-16 06:51:42] [Writer] 第162章已保存（4231字） -> D:\AiProject\Node\novels\chapters\chapter_0162.txt
[2026-05-16 06:51:44] [Writer] 正在生成第163章...
[2026-05-16 06:52:20] [Writer] 第163章已保存（4523字） -> D:\AiProject\Node\novels\chapters\chapter_0163.txt
[2026-05-16 06:52:22] [Writer] 正在生成第164章...
[2026-05-16 06:52:58] [Writer] 第163章已保存（5802字） -> D:\AiProject\Node\novels\chapters\chapter_0163.txt
[2026-05-16 06:53:00] [Writer] 正在生成第164章...
[2026-05-16 06:53:38] [Writer] 第164章已保存（5791字） -> D:\AiProject\Node\novels\chapters\chapter_0164.txt
[2026-05-16 06:53:40] [Writer] 正在生成第165章...
[2026-05-16 06:53:59] [Writer] 第164章已保存（4292字） -> D:\AiProject\Node\novels\chapters\chapter_0164.txt
[2026-05-16 06:54:01] [Writer] 正在生成第165章...
[2026-05-16 06:55:21] [Writer] 第165章已保存（7662字） -> D:\AiProject\Node\novels\chapters\chapter_0165.txt
[2026-05-16 06:55:23] [Writer] 正在生成第166章...
[2026-05-16 06:55:38] [Writer] 第165章已保存（7580字） -> D:\AiProject\Node\novels\chapters\chapter_0165.txt
[2026-05-16 06:55:40] [Writer] 正在生成第166章...
[2026-05-16 06:56:39] [Writer] 第166章已保存（4514字） -> D:\AiProject\Node\novels\chapters\chapter_0166.txt
[2026-05-16 06:56:41] [Writer] 正在生成第167章...
[2026-05-16 06:57:06] [Writer] 第166章已保存（7713字） -> D:\AiProject\Node\novels\chapters\chapter_0166.txt
[2026-05-16 06:57:08] [Writer] 正在生成第167章...
[2026-05-16 06:57:47] [Writer] 第167章已保存（4857字） -> D:\AiProject\Node\novels\chapters\chapter_0167.txt
[2026-05-16 06:57:49] [Writer] 正在生成第168章...
[2026-05-16 06:58:32] [Writer] 第167章已保存（6703字） -> D:\AiProject\Node\novels\chapters\chapter_0167.txt
[2026-05-16 06:58:34] [Writer] 正在生成第168章...
[2026-05-16 06:58:53] [Writer] 第168章已保存（4702字） -> D:\AiProject\Node\novels\chapters\chapter_0168.txt
[2026-05-16 06:58:55] [Writer] 正在生成第169章...
[2026-05-16 06:59:53] [Writer] 第168章已保存（5707字） -> D:\AiProject\Node\novels\chapters\chapter_0168.txt
[2026-05-16 06:59:55] [Writer] 正在生成第169章...
[2026-05-16 07:00:06] [Writer] 第169章已保存（4727字） -> D:\AiProject\Node\novels\chapters\chapter_0169.txt
[2026-05-16 07:00:08] [Writer] 正在生成第170章...
[2026-05-16 07:01:29] [Writer] 第170章已保存（4799字） -> D:\AiProject\Node\novels\chapters\chapter_0170.txt
[2026-05-16 07:01:31] [Writer] 全部完成
[2026-05-16 07:01:36] [Writer] 第169章已保存（6378字） -> D:\AiProject\Node\novels\chapters\chapter_0169.txt
[2026-05-16 07:01:38] [Writer] 第170章已存在，跳过
[2026-05-16 07:01:40] [Writer] 全部完成
[2026-05-16 07:07:40] [Writer] 正在生成第171章...
[2026-05-16 07:08:07] [Writer] 正在生成第171章...
[2026-05-16 07:09:21] [Writer] 第171章已保存（7052字） -> D:\AiProject\Node\novels\chapters\chapter_0171.txt
[2026-05-16 07:09:23] [Writer] 正在生成第172章...
[2026-05-16 07:09:26] [Writer] 第171章已保存（5499字） -> D:\AiProject\Node\novels\chapters\chapter_0171.txt
[2026-05-16 07:09:28] [Writer] 正在生成第172章...
[2026-05-16 07:10:35] [Writer] 第172章已保存（5167字） -> D:\AiProject\Node\novels\chapters\chapter_0172.txt
[2026-05-16 07:10:37] [Writer] 正在生成第173章...
[2026-05-16 07:11:00] [Writer] 第172章已保存（6535字） -> D:\AiProject\Node\novels\chapters\chapter_0172.txt
[2026-05-16 07:11:02] [Writer] 正在生成第173章...
[2026-05-16 07:11:51] [Writer] 第173章已保存（5007字） -> D:\AiProject\Node\novels\chapters\chapter_0173.txt
[2026-05-16 07:11:53] [Writer] 正在生成第174章...
[2026-05-16 07:12:28] [Writer] 第173章已保存（6289字） -> D:\AiProject\Node\novels\chapters\chapter_0173.txt
[2026-05-16 07:12:30] [Writer] 正在生成第174章...
[2026-05-16 07:13:21] [Writer] 第174章已保存（6395字） -> D:\AiProject\Node\novels\chapters\chapter_0174.txt
[2026-05-16 07:13:23] [Writer] 正在生成第175章...
[2026-05-16 07:13:51] [Writer] 第174章已保存（6183字） -> D:\AiProject\Node\novels\chapters\chapter_0174.txt
[2026-05-16 07:13:53] [Writer] 正在生成第175章...
[2026-05-16 07:14:36] [Writer] 第175章已保存（5584字） -> D:\AiProject\Node\novels\chapters\chapter_0175.txt
[2026-05-16 07:14:38] [Writer] 正在生成第176章...
[2026-05-16 07:15:37] [Writer] 第175章已保存（7563字） -> D:\AiProject\Node\novels\chapters\chapter_0175.txt
[2026-05-16 07:15:39] [Writer] 正在生成第176章...
[2026-05-16 07:15:40] [Writer] 第176章已保存（4626字） -> D:\AiProject\Node\novels\chapters\chapter_0176.txt
[2026-05-16 07:15:42] [Writer] 正在生成第177章...
[2026-05-16 07:16:46] [Writer] 第176章已保存（4875字） -> D:\AiProject\Node\novels\chapters\chapter_0176.txt
[2026-05-16 07:16:48] [Writer] 正在生成第177章...
[2026-05-16 07:17:47] [Writer] 第177章已保存（9245字） -> D:\AiProject\Node\novels\chapters\chapter_0177.txt
[2026-05-16 07:17:49] [Writer] 正在生成第178章...
[2026-05-16 07:17:57] [Writer] 第177章已保存（4879字） -> D:\AiProject\Node\novels\chapters\chapter_0177.txt
[2026-05-16 07:17:59] [Writer] 正在生成第178章...
[2026-05-16 07:19:01] [Writer] 第178章已保存（4662字） -> D:\AiProject\Node\novels\chapters\chapter_0178.txt
[2026-05-16 07:19:03] [Writer] 正在生成第179章...
[2026-05-16 07:19:18] [Writer] 第178章已保存（5192字） -> D:\AiProject\Node\novels\chapters\chapter_0178.txt
[2026-05-16 07:19:20] [Writer] 正在生成第179章...
[2026-05-16 07:20:24] [Writer] 第179章已保存（4484字） -> D:\AiProject\Node\novels\chapters\chapter_0179.txt
[2026-05-16 07:20:25] [Writer] 第179章已保存（5631字） -> D:\AiProject\Node\novels\chapters\chapter_0179.txt
[2026-05-16 07:20:26] [Writer] 正在生成第180章...
[2026-05-16 07:20:27] [Writer] 正在生成第180章...
[2026-05-16 07:21:39] [Writer] 第180章已保存（4925字） -> D:\AiProject\Node\novels\chapters\chapter_0180.txt
[2026-05-16 07:21:41] [Writer] 全部完成
[2026-05-16 07:21:42] [Writer] 第180章已保存（5574字） -> D:\AiProject\Node\novels\chapters\chapter_0180.txt
[2026-05-16 07:21:44] [Writer] 全部完成
[2026-05-16 07:27:49] [Writer] 正在生成第181章...
[2026-05-16 07:28:03] [Writer] 正在生成第181章...
[2026-05-16 07:28:54] [Writer] 第181章已保存（4570字） -> D:\AiProject\Node\novels\chapters\chapter_0181.txt
[2026-05-16 07:28:56] [Writer] 正在生成第182章...
[2026-05-16 07:29:23] [Writer] 第181章已保存（5150字） -> D:\AiProject\Node\novels\chapters\chapter_0181.txt
[2026-05-16 07:29:25] [Writer] 正在生成第182章...
[2026-05-16 07:30:54] [Writer] 第182章已保存（6066字） -> D:\AiProject\Node\novels\chapters\chapter_0182.txt
[2026-05-16 07:30:56] [Writer] 正在生成第183章...
[2026-05-16 07:31:01] [Writer] 第182章已保存（9136字） -> D:\AiProject\Node\novels\chapters\chapter_0182.txt
[2026-05-16 07:31:03] [Writer] 正在生成第183章...
[2026-05-16 07:32:17] [Writer] 第183章已保存（5233字） -> D:\AiProject\Node\novels\chapters\chapter_0183.txt
[2026-05-16 07:32:19] [Writer] 正在生成第184章...
[2026-05-16 07:33:09] [Writer] 第183章已保存（6949字） -> D:\AiProject\Node\novels\chapters\chapter_0183.txt
[2026-05-16 07:33:11] [Writer] 正在生成第184章...
[2026-05-16 07:33:36] [Writer] 第184章已保存（1276字） -> D:\AiProject\Node\novels\chapters\chapter_0184.txt
[2026-05-16 07:33:38] [Writer] 正在生成第185章...
[2026-05-16 07:33:54] [Writer] 第184章已保存（6415字） -> D:\AiProject\Node\novels\chapters\chapter_0184.txt
[2026-05-16 07:33:56] [Writer] 正在生成第185章...
[2026-05-16 07:34:51] [Writer] 第185章已保存（5231字） -> D:\AiProject\Node\novels\chapters\chapter_0185.txt
[2026-05-16 07:34:53] [Writer] 正在生成第186章...
[2026-05-16 07:35:23] [Writer] 第185章已保存（6163字） -> D:\AiProject\Node\novels\chapters\chapter_0185.txt
[2026-05-16 07:35:25] [Writer] 正在生成第186章...
[2026-05-16 07:36:14] [Writer] 第186章已保存（4933字） -> D:\AiProject\Node\novels\chapters\chapter_0186.txt
[2026-05-16 07:36:16] [Writer] 正在生成第187章...
[2026-05-16 07:37:23] [Writer] 第186章已保存（5013字） -> D:\AiProject\Node\novels\chapters\chapter_0186.txt
[2026-05-16 07:37:25] [Writer] 正在生成第187章...
[2026-05-16 07:37:33] [Writer] 第187章已保存（4747字） -> D:\AiProject\Node\novels\chapters\chapter_0187.txt
[2026-05-16 07:37:35] [Writer] 正在生成第188章...
[2026-05-16 07:38:58] [Writer] 第187章已保存（6341字） -> D:\AiProject\Node\novels\chapters\chapter_0187.txt
[2026-05-16 07:39:00] [Writer] 正在生成第188章...
[2026-05-16 07:39:02] [Writer] 第188章已保存（5750字） -> D:\AiProject\Node\novels\chapters\chapter_0188.txt
[2026-05-16 07:39:04] [Writer] 正在生成第189章...
[2026-05-16 07:40:19] [Writer] 第189章已保存（4928字） -> D:\AiProject\Node\novels\chapters\chapter_0189.txt
[2026-05-16 07:40:21] [Writer] 正在生成第190章...
[2026-05-16 07:40:46] [Writer] 第188章已保存（4954字） -> D:\AiProject\Node\novels\chapters\chapter_0188.txt
[2026-05-16 07:40:48] [Writer] 第189章已存在，跳过
[2026-05-16 07:40:50] [Writer] 正在生成第190章...
[2026-05-16 07:41:47] [Writer] 第190章已保存（6098字） -> D:\AiProject\Node\novels\chapters\chapter_0190.txt
[2026-05-16 07:41:49] [Writer] 全部完成
[2026-05-16 07:42:03] [Writer] 第190章已保存（5485字） -> D:\AiProject\Node\novels\chapters\chapter_0190.txt
[2026-05-16 07:42:05] [Writer] 全部完成
[2026-05-16 07:47:28] [Writer] 正在生成第191章...
[2026-05-16 07:47:50] [Writer] 正在生成第191章...
[2026-05-16 07:48:34] [Writer] 第191章已保存（4420字） -> D:\AiProject\Node\novels\chapters\chapter_0191.txt
[2026-05-16 07:48:36] [Writer] 正在生成第192章...
[2026-05-16 07:49:05] [Writer] 第191章已保存（5220字） -> D:\AiProject\Node\novels\chapters\chapter_0191.txt
[2026-05-16 07:49:07] [Writer] 正在生成第192章...
[2026-05-16 07:49:46] [Writer] 第192章已保存（4748字） -> D:\AiProject\Node\novels\chapters\chapter_0192.txt
[2026-05-16 07:49:48] [Writer] 正在生成第193章...
[2026-05-16 07:50:14] [Writer] 第192章已保存（4970字） -> D:\AiProject\Node\novels\chapters\chapter_0192.txt
[2026-05-16 07:50:16] [Writer] 正在生成第193章...
[2026-05-16 07:51:32] [Writer] 第193章已保存（7723字） -> D:\AiProject\Node\novels\chapters\chapter_0193.txt
[2026-05-16 07:51:34] [Writer] 正在生成第194章...
[2026-05-16 07:51:47] [Writer] 第193章已保存（6562字） -> D:\AiProject\Node\novels\chapters\chapter_0193.txt
[2026-05-16 07:51:49] [Writer] 正在生成第194章...
[2026-05-16 07:53:01] [Writer] 第194章已保存（4759字） -> D:\AiProject\Node\novels\chapters\chapter_0194.txt
[2026-05-16 07:53:03] [Writer] 正在生成第195章...
[2026-05-16 07:53:22] [Writer] 第194章已保存（7943字） -> D:\AiProject\Node\novels\chapters\chapter_0194.txt
[2026-05-16 07:53:24] [Writer] 正在生成第195章...
[2026-05-16 07:54:29] [Writer] 第195章已保存（4613字） -> D:\AiProject\Node\novels\chapters\chapter_0195.txt
[2026-05-16 07:54:31] [Writer] 正在生成第196章...
[2026-05-16 07:55:01] [Writer] 第195章已保存（9528字） -> D:\AiProject\Node\novels\chapters\chapter_0195.txt
[2026-05-16 07:55:03] [Writer] 正在生成第196章...
[2026-05-16 07:55:41] [Writer] 第196章已保存（5479字） -> D:\AiProject\Node\novels\chapters\chapter_0196.txt
[2026-05-16 07:55:43] [Writer] 正在生成第197章...
[2026-05-16 07:56:10] [Writer] 第196章已保存（4944字） -> D:\AiProject\Node\novels\chapters\chapter_0196.txt
[2026-05-16 07:56:12] [Writer] 正在生成第197章...
[2026-05-16 07:56:40] [Writer] 第197章已保存（4540字） -> D:\AiProject\Node\novels\chapters\chapter_0197.txt
[2026-05-16 07:56:42] [Writer] 正在生成第198章...
[2026-05-16 07:57:10] [Writer] 第197章已保存（4761字） -> D:\AiProject\Node\novels\chapters\chapter_0197.txt
[2026-05-16 07:57:12] [Writer] 正在生成第198章...
[2026-05-16 07:57:27] [Writer] 第198章已保存（3563字） -> D:\AiProject\Node\novels\chapters\chapter_0198.txt
[2026-05-16 07:57:29] [Writer] 正在生成第199章...
[2026-05-16 07:58:09] [Writer] 第198章已保存（4920字） -> D:\AiProject\Node\novels\chapters\chapter_0198.txt
[2026-05-16 07:58:11] [Writer] 正在生成第199章...
[2026-05-16 07:58:26] [Writer] 第199章已保存（4809字） -> D:\AiProject\Node\novels\chapters\chapter_0199.txt
[2026-05-16 07:58:28] [Writer] 正在生成第200章...
[2026-05-16 07:59:22] [Writer] 第199章已保存（6283字） -> D:\AiProject\Node\novels\chapters\chapter_0199.txt
[2026-05-16 07:59:24] [Writer] 正在生成第200章...
[2026-05-16 07:59:33] [Writer] 第200章已保存（5848字） -> D:\AiProject\Node\novels\chapters\chapter_0200.txt
[2026-05-16 07:59:35] [Writer] 全部完成
[2026-05-16 08:00:59] [Writer] 第200章已保存（7364字） -> D:\AiProject\Node\novels\chapters\chapter_0200.txt
[2026-05-16 08:01:01] [Writer] 全部完成
[2026-05-16 08:06:08] [Writer] 正在生成第201章...
[2026-05-16 08:06:12] [Writer] 正在生成第201章...
[2026-05-16 08:07:11] [Writer] 第201章已保存（4683字） -> D:\AiProject\Node\novels\chapters\chapter_0201.txt
[2026-05-16 08:07:13] [Writer] 正在生成第202章...
[2026-05-16 08:07:42] [Writer] 第201章已保存（6804字） -> D:\AiProject\Node\novels\chapters\chapter_0201.txt
[2026-05-16 08:07:44] [Writer] 正在生成第202章...
[2026-05-16 08:08:46] [Writer] 第202章已保存（6757字） -> D:\AiProject\Node\novels\chapters\chapter_0202.txt
[2026-05-16 08:08:48] [Writer] 正在生成第203章...
[2026-05-16 08:09:24] [Writer] 第202章已保存（7223字） -> D:\AiProject\Node\novels\chapters\chapter_0202.txt
[2026-05-16 08:09:26] [Writer] 正在生成第203章...
[2026-05-16 08:10:12] [Writer] 第203章已保存（6983字） -> D:\AiProject\Node\novels\chapters\chapter_0203.txt
[2026-05-16 08:10:14] [Writer] 正在生成第204章...
[2026-05-16 08:10:31] [Writer] 第203章已保存（4803字） -> D:\AiProject\Node\novels\chapters\chapter_0203.txt
[2026-05-16 08:10:33] [Writer] 正在生成第204章...
[2026-05-16 08:11:10] [Writer] 第204章已保存（4011字） -> D:\AiProject\Node\novels\chapters\chapter_0204.txt
[2026-05-16 08:11:12] [Writer] 正在生成第205章...
[2026-05-16 08:12:01] [Writer] 第204章已保存（6513字） -> D:\AiProject\Node\novels\chapters\chapter_0204.txt
[2026-05-16 08:12:02] [Writer] 第205章已保存（3532字） -> D:\AiProject\Node\novels\chapters\chapter_0205.txt
[2026-05-16 08:12:03] [Writer] 第205章已存在，跳过
[2026-05-16 08:12:04] [Writer] 正在生成第206章...
[2026-05-16 08:12:05] [Writer] 正在生成第206章...
[2026-05-16 08:13:41] [Writer] 第206章已保存（7448字） -> D:\AiProject\Node\novels\chapters\chapter_0206.txt
[2026-05-16 08:13:43] [Writer] 正在生成第207章...
[2026-05-16 08:13:46] [Writer] 第206章已保存（8156字） -> D:\AiProject\Node\novels\chapters\chapter_0206.txt
[2026-05-16 08:13:49] [Writer] 正在生成第207章...
[2026-05-16 08:14:55] [Writer] 第207章已保存（5203字） -> D:\AiProject\Node\novels\chapters\chapter_0207.txt
[2026-05-16 08:14:57] [Writer] 正在生成第208章...
[2026-05-16 08:15:10] [Writer] 第207章已保存（6812字） -> D:\AiProject\Node\novels\chapters\chapter_0207.txt
[2026-05-16 08:15:12] [Writer] 正在生成第208章...
[2026-05-16 08:15:57] [Writer] 第208章已保存（4611字） -> D:\AiProject\Node\novels\chapters\chapter_0208.txt
[2026-05-16 08:15:59] [Writer] 正在生成第209章...
[2026-05-16 08:16:39] [Writer] 第208章已保存（3566字） -> D:\AiProject\Node\novels\chapters\chapter_0208.txt
[2026-05-16 08:16:41] [Writer] 正在生成第209章...
[2026-05-16 08:16:59] [Writer] 第209章已保存（4304字） -> D:\AiProject\Node\novels\chapters\chapter_0209.txt
[2026-05-16 08:17:01] [Writer] 正在生成第210章...
[2026-05-16 08:17:29] [Writer] 正在生成第1章...
[2026-05-16 08:17:48] [Writer] 第209章已保存（5587字） -> D:\AiProject\Node\novels\chapters\chapter_0209.txt
[2026-05-16 08:17:50] [Writer] 正在生成第210章...
[2026-05-16 08:18:08] [Writer] 第210章已保存（4970字） -> D:\AiProject\Node\novels\chapters\chapter_0210.txt
[2026-05-16 08:18:10] [Writer] 全部完成
[2026-05-16 08:18:50] [Writer] 第210章已保存（4739字） -> D:\AiProject\Node\novels\chapters\chapter_0210.txt
[2026-05-16 08:18:52] [Writer] 全部完成
[2026-05-16 08:18:58] [Writer] 第1章已保存（7109字） -> D:\AiProject\Node\novels\chapters\chapter_0001.txt
[2026-05-16 08:18:58] [Writer] 全部完成
[2026-05-16 08:23:18] [Writer] 正在生成第211章...
[2026-05-16 08:23:21] [Writer] 正在生成第211章...
[2026-05-16 08:24:08] [Writer] 第211章已保存（3425字） -> D:\AiProject\Node\novels\chapters\chapter_0211.txt
[2026-05-16 08:24:10] [Writer] 正在生成第212章...
[2026-05-16 08:24:46] [Writer] 第211章已保存（6569字） -> D:\AiProject\Node\novels\chapters\chapter_0211.txt
[2026-05-16 08:24:48] [Writer] 正在生成第212章...
[2026-05-16 08:25:29] [Writer] 第212章已保存（6467字） -> D:\AiProject\Node\novels\chapters\chapter_0212.txt
[2026-05-16 08:25:31] [Writer] 正在生成第213章...
[2026-05-16 08:26:05] [Writer] 第212章已保存（5435字） -> D:\AiProject\Node\novels\chapters\chapter_0212.txt
[2026-05-16 08:26:07] [Writer] 正在生成第213章...
[2026-05-16 08:26:36] [Writer] 第213章已保存（4437字） -> D:\AiProject\Node\novels\chapters\chapter_0213.txt
[2026-05-16 08:26:38] [Writer] 正在生成第214章...
[2026-05-16 08:27:09] [Writer] 第213章已保存（4924字） -> D:\AiProject\Node\novels\chapters\chapter_0213.txt
[2026-05-16 08:27:11] [Writer] 正在生成第214章...
[2026-05-16 08:28:00] [Writer] 第214章已保存（7486字） -> D:\AiProject\Node\novels\chapters\chapter_0214.txt
[2026-05-16 08:28:02] [Writer] 正在生成第215章...
[2026-05-16 08:28:17] [Writer] 第214章已保存（5473字） -> D:\AiProject\Node\novels\chapters\chapter_0214.txt
[2026-05-16 08:28:19] [Writer] 正在生成第215章...
[2026-05-16 08:29:18] [Writer] 第215章已保存（6144字） -> D:\AiProject\Node\novels\chapters\chapter_0215.txt
[2026-05-16 08:29:20] [Writer] 正在生成第216章...
[2026-05-16 08:29:29] [Writer] 第215章已保存（5924字） -> D:\AiProject\Node\novels\chapters\chapter_0215.txt
[2026-05-16 08:29:31] [Writer] 正在生成第216章...
[2026-05-16 08:30:26] [Writer] 第216章已保存（4693字） -> D:\AiProject\Node\novels\chapters\chapter_0216.txt
[2026-05-16 08:30:28] [Writer] 正在生成第217章...
[2026-05-16 08:30:44] [Writer] 第216章已保存（7109字） -> D:\AiProject\Node\novels\chapters\chapter_0216.txt
[2026-05-16 08:30:46] [Writer] 正在生成第217章...
[2026-05-16 08:31:49] [Writer] 第217章已保存（5954字） -> D:\AiProject\Node\novels\chapters\chapter_0217.txt
[2026-05-16 08:31:51] [Writer] 正在生成第218章...
[2026-05-16 08:31:52] [Writer] 第217章已保存（4805字） -> D:\AiProject\Node\novels\chapters\chapter_0217.txt
[2026-05-16 08:31:54] [Writer] 正在生成第218章...
[2026-05-16 08:33:07] [Writer] 第218章已保存（5596字） -> D:\AiProject\Node\novels\chapters\chapter_0218.txt
[2026-05-16 08:33:09] [Writer] 正在生成第219章...
[2026-05-16 08:33:31] [Writer] 第218章已保存（6174字） -> D:\AiProject\Node\novels\chapters\chapter_0218.txt
[2026-05-16 08:33:33] [Writer] 正在生成第219章...
[2026-05-16 08:34:36] [Writer] 第219章已保存（6474字） -> D:\AiProject\Node\novels\chapters\chapter_0219.txt
[2026-05-16 08:34:38] [Writer] 正在生成第220章...
[2026-05-16 08:35:16] [Writer] 第219章已保存（7094字） -> D:\AiProject\Node\novels\chapters\chapter_0219.txt
[2026-05-16 08:35:18] [Writer] 正在生成第220章...
[2026-05-16 08:35:55] [Writer] 第220章已保存（5846字） -> D:\AiProject\Node\novels\chapters\chapter_0220.txt
[2026-05-16 08:35:57] [Writer] 全部完成
[2026-05-16 08:36:23] [Writer] 第220章已保存（4565字） -> D:\AiProject\Node\novels\chapters\chapter_0220.txt
[2026-05-16 08:36:25] [Writer] 全部完成
[2026-05-16 08:41:27] [Writer] 正在生成第221章...
[2026-05-16 08:41:28] [Writer] 正在生成第221章...
[2026-05-16 08:42:27] [Writer] 第221章已保存（4247字） -> D:\AiProject\Node\novels\chapters\chapter_0221.txt
[2026-05-16 08:42:29] [Writer] 正在生成第222章...
[2026-05-16 08:42:42] [Writer] 第221章已保存（6051字） -> D:\AiProject\Node\novels\chapters\chapter_0221.txt
[2026-05-16 08:42:44] [Writer] 正在生成第222章...
[2026-05-16 08:43:58] [Writer] 第222章已保存（6286字） -> D:\AiProject\Node\novels\chapters\chapter_0222.txt
[2026-05-16 08:44:00] [Writer] 正在生成第223章...
[2026-05-16 08:44:06] [Writer] 第222章已保存（6119字） -> D:\AiProject\Node\novels\chapters\chapter_0222.txt
[2026-05-16 08:44:09] [Writer] 正在生成第223章...
[2026-05-16 08:45:04] [Writer] 第223章已保存（4420字） -> D:\AiProject\Node\novels\chapters\chapter_0223.txt
[2026-05-16 08:45:06] [Writer] 正在生成第224章...
[2026-05-16 08:45:33] [Writer] 第223章已保存（6838字） -> D:\AiProject\Node\novels\chapters\chapter_0223.txt
[2026-05-16 08:45:35] [Writer] 正在生成第224章...
[2026-05-16 08:46:28] [Writer] 第224章已保存（5079字） -> D:\AiProject\Node\novels\chapters\chapter_0224.txt
[2026-05-16 08:46:30] [Writer] 正在生成第225章...
[2026-05-16 08:46:59] [Writer] 第224章已保存（6163字） -> D:\AiProject\Node\novels\chapters\chapter_0224.txt
[2026-05-16 08:47:01] [Writer] 正在生成第225章...
[2026-05-16 08:47:31] [Writer] 第225章已保存（4266字） -> D:\AiProject\Node\novels\chapters\chapter_0225.txt
[2026-05-16 08:47:33] [Writer] 正在生成第226章...
[2026-05-16 08:48:21] [Writer] 第225章已保存（5794字） -> D:\AiProject\Node\novels\chapters\chapter_0225.txt
[2026-05-16 08:48:23] [Writer] 正在生成第226章...
[2026-05-16 08:48:49] [Writer] 第226章已保存（5563字） -> D:\AiProject\Node\novels\chapters\chapter_0226.txt
[2026-05-16 08:48:51] [Writer] 正在生成第227章...
[2026-05-16 08:49:40] [Writer] 第226章已保存（5796字） -> D:\AiProject\Node\novels\chapters\chapter_0226.txt
[2026-05-16 08:49:42] [Writer] 正在生成第227章...
[2026-05-16 08:50:18] [Writer] 第227章已保存（6547字） -> D:\AiProject\Node\novels\chapters\chapter_0227.txt
[2026-05-16 08:50:20] [Writer] 正在生成第228章...
[2026-05-16 08:50:46] [Writer] 第227章已保存（4714字） -> D:\AiProject\Node\novels\chapters\chapter_0227.txt
[2026-05-16 08:50:48] [Writer] 正在生成第228章...
[2026-05-16 08:51:20] [Writer] 第228章已保存（4241字） -> D:\AiProject\Node\novels\chapters\chapter_0228.txt
[2026-05-16 08:51:22] [Writer] 正在生成第229章...
[2026-05-16 08:51:42] [Writer] 第228章已保存（3574字） -> D:\AiProject\Node\novels\chapters\chapter_0228.txt
[2026-05-16 08:51:44] [Writer] 正在生成第229章...
[2026-05-16 08:52:55] [Writer] 第229章已保存（7131字） -> D:\AiProject\Node\novels\chapters\chapter_0229.txt
[2026-05-16 08:52:57] [Writer] 正在生成第230章...
[2026-05-16 08:53:11] [Writer] 第229章已保存（6577字） -> D:\AiProject\Node\novels\chapters\chapter_0229.txt
[2026-05-16 08:53:13] [Writer] 正在生成第230章...
[2026-05-16 08:54:21] [Writer] 第230章已保存（6580字） -> D:\AiProject\Node\novels\chapters\chapter_0230.txt
[2026-05-16 08:54:23] [Writer] 全部完成
[2026-05-16 08:54:33] [Writer] 第230章已保存（6156字） -> D:\AiProject\Node\novels\chapters\chapter_0230.txt
[2026-05-16 08:54:35] [Writer] 全部完成
[2026-05-16 08:59:10] [Writer] 正在生成第231章...
[2026-05-16 08:59:32] [Writer] 正在生成第231章...
[2026-05-16 09:00:12] [Writer] 第231章已保存（3117字） -> D:\AiProject\Node\novels\chapters\chapter_0231.txt
[2026-05-16 09:00:14] [Writer] 正在生成第232章...
[2026-05-16 09:00:14] [Writer] 第231章已保存（4977字） -> D:\AiProject\Node\novels\chapters\chapter_0231.txt
[2026-05-16 09:00:16] [Writer] 正在生成第232章...
[2026-05-16 09:01:21] [Writer] 第232章已保存（5267字） -> D:\AiProject\Node\novels\chapters\chapter_0232.txt
[2026-05-16 09:01:23] [Writer] 正在生成第233章...
[2026-05-16 09:01:29] [Writer] 第232章已保存（5662字） -> D:\AiProject\Node\novels\chapters\chapter_0232.txt
[2026-05-16 09:01:31] [Writer] 正在生成第233章...
[2026-05-16 09:02:18] [Writer] 第233章已保存（4180字） -> D:\AiProject\Node\novels\chapters\chapter_0233.txt
[2026-05-16 09:02:20] [Writer] 正在生成第234章...
[2026-05-16 09:02:23] [Writer] 第233章已保存（3812字） -> D:\AiProject\Node\novels\chapters\chapter_0233.txt
[2026-05-16 09:02:25] [Writer] 正在生成第234章...
[2026-05-16 09:03:46] [Writer] 第234章已保存（6236字） -> D:\AiProject\Node\novels\chapters\chapter_0234.txt
[2026-05-16 09:03:46] [Writer] 第234章已保存（6742字） -> D:\AiProject\Node\novels\chapters\chapter_0234.txt
[2026-05-16 09:03:48] [Writer] 正在生成第235章...
[2026-05-16 09:03:48] [Writer] 正在生成第235章...
[2026-05-16 09:04:54] [Writer] 第235章已保存（4887字） -> D:\AiProject\Node\novels\chapters\chapter_0235.txt
[2026-05-16 09:04:56] [Writer] 正在生成第236章...
[2026-05-16 09:05:01] [Writer] 第235章已保存（5588字） -> D:\AiProject\Node\novels\chapters\chapter_0235.txt
[2026-05-16 09:05:04] [Writer] 正在生成第236章...
[2026-05-16 09:05:48] [Writer] 第236章已保存（4048字） -> D:\AiProject\Node\novels\chapters\chapter_0236.txt
[2026-05-16 09:05:50] [Writer] 正在生成第237章...
[2026-05-16 09:06:49] [Writer] 第236章已保存（8373字） -> D:\AiProject\Node\novels\chapters\chapter_0236.txt
[2026-05-16 09:06:51] [Writer] 正在生成第237章...
[2026-05-16 09:07:00] [Writer] 第237章已保存（5635字） -> D:\AiProject\Node\novels\chapters\chapter_0237.txt
[2026-05-16 09:07:02] [Writer] 正在生成第238章...
[2026-05-16 09:08:15] [Writer] 第237章已保存（7126字） -> D:\AiProject\Node\novels\chapters\chapter_0237.txt
[2026-05-16 09:08:17] [Writer] 正在生成第238章...
[2026-05-16 09:08:25] [Writer] 第238章已保存（7255字） -> D:\AiProject\Node\novels\chapters\chapter_0238.txt
[2026-05-16 09:08:27] [Writer] 正在生成第239章...
[2026-05-16 09:09:08] [Writer] 第238章已保存（4142字） -> D:\AiProject\Node\novels\chapters\chapter_0238.txt
[2026-05-16 09:09:10] [Writer] 正在生成第239章...
[2026-05-16 09:09:30] [Writer] 第239章已保存（4938字） -> D:\AiProject\Node\novels\chapters\chapter_0239.txt
[2026-05-16 09:09:32] [Writer] 正在生成第240章...
[2026-05-16 09:10:28] [Writer] 第239章已保存（6140字） -> D:\AiProject\Node\novels\chapters\chapter_0239.txt
[2026-05-16 09:10:30] [Writer] 正在生成第240章...
[2026-05-16 09:10:41] [Writer] 第240章已保存（5876字） -> D:\AiProject\Node\novels\chapters\chapter_0240.txt
[2026-05-16 09:10:43] [Writer] 全部完成
[2026-05-16 09:11:40] [Writer] 第240章已保存（5902字） -> D:\AiProject\Node\novels\chapters\chapter_0240.txt
[2026-05-16 09:11:42] [Writer] 全部完成
[2026-05-16 09:15:41] [Writer] 正在生成第241章...
[2026-05-16 09:15:54] [Writer] 正在生成第241章...
[2026-05-16 09:16:57] [Writer] 第241章已保存（6586字） -> D:\AiProject\Node\novels\chapters\chapter_0241.txt
[2026-05-16 09:16:59] [Writer] 正在生成第242章...
[2026-05-16 09:17:42] [Writer] 第241章已保存（7012字） -> D:\AiProject\Node\novels\chapters\chapter_0241.txt
[2026-05-16 09:17:44] [Writer] 正在生成第242章...
[2026-05-16 09:18:15] [Writer] 第242章已保存（5852字） -> D:\AiProject\Node\novels\chapters\chapter_0242.txt
[2026-05-16 09:18:17] [Writer] 正在生成第243章...
[2026-05-16 09:18:57] [Writer] 第242章已保存（6727字） -> D:\AiProject\Node\novels\chapters\chapter_0242.txt
[2026-05-16 09:18:59] [Writer] 正在生成第243章...
[2026-05-16 09:19:05] [Writer] 第243章已保存（4106字） -> D:\AiProject\Node\novels\chapters\chapter_0243.txt
[2026-05-16 09:19:07] [Writer] 正在生成第244章...
[2026-05-16 09:20:13] [Writer] 第244章已保存（5352字） -> D:\AiProject\Node\novels\chapters\chapter_0244.txt
[2026-05-16 09:20:13] [Writer] 第243章已保存（6050字） -> D:\AiProject\Node\novels\chapters\chapter_0243.txt
[2026-05-16 09:20:15] [Writer] 正在生成第245章...
[2026-05-16 09:20:15] [Writer] 第244章已存在，跳过
[2026-05-16 09:20:17] [Writer] 正在生成第245章...
[2026-05-16 09:21:40] [Writer] 第245章已保存（7010字） -> D:\AiProject\Node\novels\chapters\chapter_0245.txt
[2026-05-16 09:21:42] [Writer] 正在生成第246章...
[2026-05-16 09:21:43] [Writer] 第245章已保存（8017字） -> D:\AiProject\Node\novels\chapters\chapter_0245.txt
[2026-05-16 09:21:45] [Writer] 正在生成第246章...
[2026-05-16 09:22:44] [Writer] 第246章已保存（5489字） -> D:\AiProject\Node\novels\chapters\chapter_0246.txt
[2026-05-16 09:22:46] [Writer] 正在生成第247章...
[2026-05-16 09:23:02] [Writer] 第246章已保存（6985字） -> D:\AiProject\Node\novels\chapters\chapter_0246.txt
[2026-05-16 09:23:04] [Writer] 正在生成第247章...
[2026-05-16 09:23:36] [Writer] 第247章已保存（4393字） -> D:\AiProject\Node\novels\chapters\chapter_0247.txt
[2026-05-16 09:23:38] [Writer] 正在生成第248章...
[2026-05-16 09:24:19] [Writer] 第247章已保存（6454字） -> D:\AiProject\Node\novels\chapters\chapter_0247.txt
[2026-05-16 09:24:21] [Writer] 正在生成第248章...
[2026-05-16 09:24:45] [Writer] 第248章已保存（5868字） -> D:\AiProject\Node\novels\chapters\chapter_0248.txt
[2026-05-16 09:24:47] [Writer] 正在生成第249章...
[2026-05-16 09:25:25] [Writer] 第248章已保存（4992字） -> D:\AiProject\Node\novels\chapters\chapter_0248.txt
[2026-05-16 09:25:27] [Writer] 正在生成第249章...
[2026-05-16 09:25:52] [Writer] 第249章已保存（6010字） -> D:\AiProject\Node\novels\chapters\chapter_0249.txt
[2026-05-16 09:25:54] [Writer] 正在生成第250章...
[2026-05-16 09:26:33] [Writer] 第249章已保存（5221字） -> D:\AiProject\Node\novels\chapters\chapter_0249.txt
[2026-05-16 09:26:35] [Writer] 正在生成第250章...
[2026-05-16 09:27:02] [Writer] 第250章已保存（5591字） -> D:\AiProject\Node\novels\chapters\chapter_0250.txt
[2026-05-16 09:27:04] [Writer] 全部完成
[2026-05-16 09:27:37] [Writer] 第250章已保存（4698字） -> D:\AiProject\Node\novels\chapters\chapter_0250.txt
[2026-05-16 09:27:39] [Writer] 全部完成
[2026-05-16 09:32:04] [Writer] 正在生成第251章...
[2026-05-16 09:32:05] [Writer] 正在生成第251章...
[2026-05-16 09:33:12] [Writer] 第251章已保存（4549字） -> D:\AiProject\Node\novels\chapters\chapter_0251.txt
[2026-05-16 09:33:14] [Writer] 正在生成第252章...
[2026-05-16 09:33:28] [Writer] 第251章已保存（6237字） -> D:\AiProject\Node\novels\chapters\chapter_0251.txt
[2026-05-16 09:33:30] [Writer] 正在生成第252章...
[2026-05-16 09:34:32] [Writer] 第252章已保存（5943字） -> D:\AiProject\Node\novels\chapters\chapter_0252.txt
[2026-05-16 09:34:34] [Writer] 正在生成第253章...
[2026-05-16 09:35:07] [Writer] 第252章已保存（7624字） -> D:\AiProject\Node\novels\chapters\chapter_0252.txt
[2026-05-16 09:35:09] [Writer] 正在生成第253章...
[2026-05-16 09:36:07] [Writer] 第253章已保存（7688字） -> D:\AiProject\Node\novels\chapters\chapter_0253.txt
[2026-05-16 09:36:10] [Writer] 正在生成第254章...
[2026-05-16 09:36:29] [Writer] 第253章已保存（6600字） -> D:\AiProject\Node\novels\chapters\chapter_0253.txt
[2026-05-16 09:36:31] [Writer] 正在生成第254章...
[2026-05-16 09:37:13] [Writer] 第254章已保存（5500字） -> D:\AiProject\Node\novels\chapters\chapter_0254.txt
[2026-05-16 09:37:15] [Writer] 正在生成第255章...
[2026-05-16 09:37:57] [Writer] 第254章已保存（6775字） -> D:\AiProject\Node\novels\chapters\chapter_0254.txt
[2026-05-16 09:37:59] [Writer] 正在生成第255章...
[2026-05-16 09:38:51] [Writer] 第255章已保存（7707字） -> D:\AiProject\Node\novels\chapters\chapter_0255.txt
[2026-05-16 09:38:53] [Writer] 正在生成第256章...
[2026-05-16 09:39:36] [Writer] 第255章已保存（7832字） -> D:\AiProject\Node\novels\chapters\chapter_0255.txt
[2026-05-16 09:39:38] [Writer] 正在生成第256章...
[2026-05-16 09:39:59] [Writer] 第256章已保存（5550字） -> D:\AiProject\Node\novels\chapters\chapter_0256.txt
[2026-05-16 09:40:01] [Writer] 正在生成第257章...
[2026-05-16 09:41:01] [Writer] 第256章已保存（6351字） -> D:\AiProject\Node\novels\chapters\chapter_0256.txt
[2026-05-16 09:41:03] [Writer] 正在生成第257章...
[2026-05-16 09:41:06] [Writer] 第257章已保存（5705字） -> D:\AiProject\Node\novels\chapters\chapter_0257.txt
[2026-05-16 09:41:08] [Writer] 正在生成第258章...
[2026-05-16 09:42:02] [Writer] 第258章已保存（4498字） -> D:\AiProject\Node\novels\chapters\chapter_0258.txt
[2026-05-16 09:42:04] [Writer] 正在生成第259章...
[2026-05-16 09:42:08] [Writer] 第257章已保存（5382字） -> D:\AiProject\Node\novels\chapters\chapter_0257.txt
[2026-05-16 09:42:10] [Writer] 第258章已存在，跳过
[2026-05-16 09:42:12] [Writer] 正在生成第259章...
[2026-05-16 09:43:22] [Writer] 第259章已保存（6674字） -> D:\AiProject\Node\novels\chapters\chapter_0259.txt
[2026-05-16 09:43:24] [Writer] 正在生成第260章...
[2026-05-16 09:43:26] [Writer] 第259章已保存（5258字） -> D:\AiProject\Node\novels\chapters\chapter_0259.txt
[2026-05-16 09:43:28] [Writer] 正在生成第260章...
[2026-05-16 09:44:53] [Writer] 第260章已保存（5194字） -> D:\AiProject\Node\novels\chapters\chapter_0260.txt
[2026-05-16 09:44:55] [Writer] 全部完成
[2026-05-16 09:44:55] [Writer] 第260章已保存（7682字） -> D:\AiProject\Node\novels\chapters\chapter_0260.txt
[2026-05-16 09:44:57] [Writer] 全部完成
[2026-05-16 09:50:09] [Writer] 正在生成第261章...
[2026-05-16 09:50:22] [Writer] 正在生成第261章...
[2026-05-16 09:51:32] [Writer] 第261章已保存（5586字） -> D:\AiProject\Node\novels\chapters\chapter_0261.txt
[2026-05-16 09:51:34] [Writer] 正在生成第262章...
[2026-05-16 09:52:14] [Writer] 第261章已保存（5100字） -> D:\AiProject\Node\novels\chapters\chapter_0261.txt
[2026-05-16 09:52:16] [Writer] 正在生成第262章...
[2026-05-16 09:52:28] [Writer] 第262章已保存（4356字） -> D:\AiProject\Node\novels\chapters\chapter_0262.txt
[2026-05-16 09:52:30] [Writer] 正在生成第263章...
[2026-05-16 09:53:19] [Writer] 第262章已保存（4758字） -> D:\AiProject\Node\novels\chapters\chapter_0262.txt
[2026-05-16 09:53:21] [Writer] 正在生成第263章...
[2026-05-16 09:54:05] [Writer] 第263章已保存（8121字） -> D:\AiProject\Node\novels\chapters\chapter_0263.txt
[2026-05-16 09:54:07] [Writer] 正在生成第264章...
[2026-05-16 09:54:21] [Writer] 第263章已保存（4881字） -> D:\AiProject\Node\novels\chapters\chapter_0263.txt
[2026-05-16 09:54:23] [Writer] 正在生成第264章...
[2026-05-16 09:55:46] [Writer] 第264章已保存（7040字） -> D:\AiProject\Node\novels\chapters\chapter_0264.txt
[2026-05-16 09:55:48] [Writer] 正在生成第265章...
[2026-05-16 09:56:30] [Writer] 第264章已保存（8338字） -> D:\AiProject\Node\novels\chapters\chapter_0264.txt
[2026-05-16 09:56:32] [Writer] 正在生成第265章...
[2026-05-16 09:56:44] [Writer] 第265章已保存（5230字） -> D:\AiProject\Node\novels\chapters\chapter_0265.txt
[2026-05-16 09:56:46] [Writer] 正在生成第266章...
[2026-05-16 09:57:59] [Writer] 第266章已保存（6585字） -> D:\AiProject\Node\novels\chapters\chapter_0266.txt
[2026-05-16 09:58:01] [Writer] 正在生成第267章...
[2026-05-16 09:58:07] [Writer] 第265章已保存（6967字） -> D:\AiProject\Node\novels\chapters\chapter_0265.txt
[2026-05-16 09:58:09] [Writer] 第266章已存在，跳过
[2026-05-16 09:58:11] [Writer] 正在生成第267章...
[2026-05-16 09:58:58] [Writer] 第267章已保存（3918字） -> D:\AiProject\Node\novels\chapters\chapter_0267.txt
[2026-05-16 09:59:00] [Writer] 正在生成第268章...
[2026-05-16 09:59:08] [Writer] 第267章已保存（5489字） -> D:\AiProject\Node\novels\chapters\chapter_0267.txt
[2026-05-16 09:59:10] [Writer] 正在生成第268章...
[2026-05-16 09:59:54] [Writer] 第268章已保存（3950字） -> D:\AiProject\Node\novels\chapters\chapter_0268.txt
[2026-05-16 09:59:56] [Writer] 正在生成第269章...
[2026-05-16 10:00:30] [Writer] 第268章已保存（6547字） -> D:\AiProject\Node\novels\chapters\chapter_0268.txt
[2026-05-16 10:00:32] [Writer] 正在生成第269章...
[2026-05-16 10:01:05] [Writer] 第269章已保存（5341字） -> D:\AiProject\Node\novels\chapters\chapter_0269.txt
[2026-05-16 10:01:07] [Writer] 正在生成第270章...
[2026-05-16 10:01:56] [Writer] 第269章已保存（4286字） -> D:\AiProject\Node\novels\chapters\chapter_0269.txt
[2026-05-16 10:01:58] [Writer] 正在生成第270章...
[2026-05-16 10:02:17] [Writer] 第270章已保存（4893字） -> D:\AiProject\Node\novels\chapters\chapter_0270.txt
[2026-05-16 10:02:19] [Writer] 全部完成
[2026-05-16 10:03:23] [Writer] 第270章已保存（6431字） -> D:\AiProject\Node\novels\chapters\chapter_0270.txt
[2026-05-16 10:03:25] [Writer] 全部完成
[2026-05-16 10:08:01] [Writer] 正在生成第271章...
[2026-05-16 10:08:15] [Writer] 正在生成第271章...
[2026-05-16 10:09:01] [Writer] 第271章已保存（4384字） -> D:\AiProject\Node\novels\chapters\chapter_0271.txt
[2026-05-16 10:09:03] [Writer] 正在生成第272章...
[2026-05-16 10:09:11] [Writer] 第271章已保存（3764字） -> D:\AiProject\Node\novels\chapters\chapter_0271.txt
[2026-05-16 10:09:13] [Writer] 正在生成第272章...
[2026-05-16 10:10:13] [Writer] 第272章已保存（4795字） -> D:\AiProject\Node\novels\chapters\chapter_0272.txt
[2026-05-16 10:10:15] [Writer] 正在生成第273章...
[2026-05-16 10:10:16] [Writer] 第272章已保存（4695字） -> D:\AiProject\Node\novels\chapters\chapter_0272.txt
[2026-05-16 10:10:18] [Writer] 正在生成第273章...
[2026-05-16 10:11:29] [Writer] 第273章已保存（5921字） -> D:\AiProject\Node\novels\chapters\chapter_0273.txt
[2026-05-16 10:11:31] [Writer] 正在生成第274章...
[2026-05-16 10:11:44] [Writer] 第273章已保存（6426字） -> D:\AiProject\Node\novels\chapters\chapter_0273.txt
[2026-05-16 10:11:46] [Writer] 正在生成第274章...
[2026-05-16 10:12:44] [Writer] 第274章已保存（3586字） -> D:\AiProject\Node\novels\chapters\chapter_0274.txt
[2026-05-16 10:12:46] [Writer] 正在生成第275章...
[2026-05-16 10:13:07] [Writer] 第274章已保存（7217字） -> D:\AiProject\Node\novels\chapters\chapter_0274.txt
[2026-05-16 10:13:09] [Writer] 正在生成第275章...
[2026-05-16 10:13:49] [Writer] 第275章已保存（4742字） -> D:\AiProject\Node\novels\chapters\chapter_0275.txt
[2026-05-16 10:13:51] [Writer] 正在生成第276章...
[2026-05-16 10:14:05] [Writer] 第275章已保存（4505字） -> D:\AiProject\Node\novels\chapters\chapter_0275.txt
[2026-05-16 10:14:07] [Writer] 正在生成第276章...
[2026-05-16 10:15:05] [Writer] 第276章已保存（4939字） -> D:\AiProject\Node\novels\chapters\chapter_0276.txt
[2026-05-16 10:15:07] [Writer] 正在生成第277章...
[2026-05-16 10:15:17] [Writer] 第276章已保存（6368字） -> D:\AiProject\Node\novels\chapters\chapter_0276.txt
[2026-05-16 10:15:20] [Writer] 正在生成第277章...
[2026-05-16 10:16:20] [Writer] 第277章已保存（5294字） -> D:\AiProject\Node\novels\chapters\chapter_0277.txt
[2026-05-16 10:16:22] [Writer] 正在生成第278章...
[2026-05-16 10:16:23] [Writer] 第277章已保存（4600字） -> D:\AiProject\Node\novels\chapters\chapter_0277.txt
[2026-05-16 10:16:25] [Writer] 正在生成第278章...
[2026-05-16 10:17:35] [Writer] 第278章已保存（5784字） -> D:\AiProject\Node\novels\chapters\chapter_0278.txt
[2026-05-16 10:17:37] [Writer] 正在生成第279章...
[2026-05-16 10:18:02] [Writer] 第278章生成失败，重试(1/3)...
[2026-05-16 10:18:07] [Writer] 第278章已存在，跳过
[2026-05-16 10:18:09] [Writer] 正在生成第279章...
[2026-05-16 10:19:14] [Writer] 第279章已保存（7887字） -> D:\AiProject\Node\novels\chapters\chapter_0279.txt
[2026-05-16 10:19:16] [Writer] 正在生成第280章...
[2026-05-16 10:19:19] [Writer] 第279章已保存（5690字） -> D:\AiProject\Node\novels\chapters\chapter_0279.txt
[2026-05-16 10:19:21] [Writer] 正在生成第280章...
[2026-05-16 10:20:30] [Writer] 第280章生成失败，重试(1/3)...
[2026-05-16 10:20:35] [Writer] 正在生成第280章...
[2026-05-16 10:20:45] [Writer] 第280章已保存（6068字） -> D:\AiProject\Node\novels\chapters\chapter_0280.txt
[2026-05-16 10:20:47] [Writer] 全部完成
[2026-05-16 10:21:36] [Writer] 第280章已保存（4794字） -> D:\AiProject\Node\novels\chapters\chapter_0280.txt
[2026-05-16 10:21:38] [Writer] 全部完成
[2026-05-16 10:26:48] [Writer] 正在生成第281章...
[2026-05-16 10:26:49] [Writer] 正在生成第281章...
[2026-05-16 10:27:52] [Writer] 第281章已保存（5000字） -> D:\AiProject\Node\novels\chapters\chapter_0281.txt
[2026-05-16 10:27:54] [Writer] 正在生成第282章...
[2026-05-16 10:28:16] [Writer] 第281章已保存（6988字） -> D:\AiProject\Node\novels\chapters\chapter_0281.txt
[2026-05-16 10:28:18] [Writer] 正在生成第282章...
[2026-05-16 10:28:55] [Writer] 第282章已保存（4722字） -> D:\AiProject\Node\novels\chapters\chapter_0282.txt
[2026-05-16 10:28:57] [Writer] 正在生成第283章...
[2026-05-16 10:29:41] [Writer] 第282章已保存（6308字） -> D:\AiProject\Node\novels\chapters\chapter_0282.txt
[2026-05-16 10:29:43] [Writer] 正在生成第283章...
[2026-05-16 10:30:07] [Writer] 第283章已保存（5366字） -> D:\AiProject\Node\novels\chapters\chapter_0283.txt
[2026-05-16 10:30:09] [Writer] 正在生成第284章...
[2026-05-16 10:30:34] [Writer] 第283章已保存（2817字） -> D:\AiProject\Node\novels\chapters\chapter_0283.txt
[2026-05-16 10:30:36] [Writer] 正在生成第284章...
[2026-05-16 10:31:11] [Writer] 第284章已保存（4451字） -> D:\AiProject\Node\novels\chapters\chapter_0284.txt
[2026-05-16 10:31:13] [Writer] 正在生成第285章...
[2026-05-16 10:31:47] [Writer] 第284章已保存（5194字） -> D:\AiProject\Node\novels\chapters\chapter_0284.txt
[2026-05-16 10:31:49] [Writer] 正在生成第285章...
[2026-05-16 10:32:24] [Writer] 第285章已保存（5230字） -> D:\AiProject\Node\novels\chapters\chapter_0285.txt
[2026-05-16 10:32:26] [Writer] 正在生成第286章...
[2026-05-16 10:33:10] [Writer] 第285章已保存（5534字） -> D:\AiProject\Node\novels\chapters\chapter_0285.txt
[2026-05-16 10:33:12] [Writer] 正在生成第286章...
[2026-05-16 10:33:37] [Writer] 第286章已保存（5066字） -> D:\AiProject\Node\novels\chapters\chapter_0286.txt
[2026-05-16 10:33:39] [Writer] 正在生成第287章...
[2026-05-16 10:34:20] [Writer] 第286章已保存（4908字） -> D:\AiProject\Node\novels\chapters\chapter_0286.txt
[2026-05-16 10:34:22] [Writer] 正在生成第287章...
[2026-05-16 10:34:50] [Writer] 第287章已保存（5479字） -> D:\AiProject\Node\novels\chapters\chapter_0287.txt
[2026-05-16 10:34:52] [Writer] 正在生成第288章...
[2026-05-16 10:35:38] [Writer] 第287章已保存（5381字） -> D:\AiProject\Node\novels\chapters\chapter_0287.txt
[2026-05-16 10:35:40] [Writer] 正在生成第288章...
[2026-05-16 10:36:13] [Writer] 第288章已保存（5964字） -> D:\AiProject\Node\novels\chapters\chapter_0288.txt
[2026-05-16 10:36:15] [Writer] 正在生成第289章...
[2026-05-16 10:37:04] [Writer] 第288章已保存（5818字） -> D:\AiProject\Node\novels\chapters\chapter_0288.txt
[2026-05-16 10:37:06] [Writer] 正在生成第289章...
[2026-05-16 10:37:25] [Writer] 第289章已保存（5090字） -> D:\AiProject\Node\novels\chapters\chapter_0289.txt
[2026-05-16 10:37:27] [Writer] 正在生成第290章...
[2026-05-16 10:38:22] [Writer] 第289章已保存（5467字） -> D:\AiProject\Node\novels\chapters\chapter_0289.txt
[2026-05-16 10:38:24] [Writer] 正在生成第290章...
[2026-05-16 10:38:37] [Writer] 第290章已保存（5038字） -> D:\AiProject\Node\novels\chapters\chapter_0290.txt
[2026-05-16 10:38:39] [Writer] 全部完成
[2026-05-16 10:39:34] [Writer] 第290章已保存（5362字） -> D:\AiProject\Node\novels\chapters\chapter_0290.txt
[2026-05-16 10:39:36] [Writer] 全部完成
[2026-05-16 10:44:28] [Writer] 正在生成第291章...
[2026-05-16 10:44:46] [Writer] 正在生成第291章...
[2026-05-16 10:45:59] [Writer] 第291章已保存（4763字） -> D:\AiProject\Node\novels\chapters\chapter_0291.txt
[2026-05-16 10:46:02] [Writer] 正在生成第292章...
[2026-05-16 10:46:40] [Writer] 第291章已保存（8377字） -> D:\AiProject\Node\novels\chapters\chapter_0291.txt
[2026-05-16 10:46:42] [Writer] 正在生成第292章...
[2026-05-16 10:47:11] [Writer] 第292章已保存（5701字） -> D:\AiProject\Node\novels\chapters\chapter_0292.txt
[2026-05-16 10:47:14] [Writer] 正在生成第293章...
[2026-05-16 10:47:47] [Writer] 第292章已保存（4271字） -> D:\AiProject\Node\novels\chapters\chapter_0292.txt
[2026-05-16 10:47:49] [Writer] 正在生成第293章...
[2026-05-16 10:48:53] [Writer] 第293章已保存（7327字） -> D:\AiProject\Node\novels\chapters\chapter_0293.txt
[2026-05-16 10:48:55] [Writer] 正在生成第294章...
[2026-05-16 10:49:11] [Writer] 第293章已保存（5836字） -> D:\AiProject\Node\novels\chapters\chapter_0293.txt
[2026-05-16 10:49:13] [Writer] 正在生成第294章...
[2026-05-16 10:50:32] [Writer] 第294章已保存（5570字） -> D:\AiProject\Node\novels\chapters\chapter_0294.txt
[2026-05-16 10:50:34] [Writer] 正在生成第295章...
[2026-05-16 10:50:56] [Writer] 第294章已保存（9153字） -> D:\AiProject\Node\novels\chapters\chapter_0294.txt
[2026-05-16 10:50:59] [Writer] 正在生成第295章...
[2026-05-16 10:51:55] [Writer] 第295章已保存（6271字） -> D:\AiProject\Node\novels\chapters\chapter_0295.txt
[2026-05-16 10:51:57] [Writer] 正在生成第296章...
[2026-05-16 10:52:24] [Writer] 第295章已保存（6880字） -> D:\AiProject\Node\novels\chapters\chapter_0295.txt
[2026-05-16 10:52:26] [Writer] 正在生成第296章...
[2026-05-16 10:53:31] [Writer] 第296章已保存（6614字） -> D:\AiProject\Node\novels\chapters\chapter_0296.txt
[2026-05-16 10:53:33] [Writer] 正在生成第297章...
[2026-05-16 10:53:37] [Writer] 第296章已保存（5266字） -> D:\AiProject\Node\novels\chapters\chapter_0296.txt
[2026-05-16 10:53:39] [Writer] 正在生成第297章...
[2026-05-16 10:54:31] [Writer] 第297章已保存（4619字） -> D:\AiProject\Node\novels\chapters\chapter_0297.txt
[2026-05-16 10:54:33] [Writer] 正在生成第298章...
[2026-05-16 10:55:24] [Writer] 第297章已保存（7387字） -> D:\AiProject\Node\novels\chapters\chapter_0297.txt
[2026-05-16 10:55:26] [Writer] 正在生成第298章...
[2026-05-16 10:55:37] [Writer] 第298章已保存（3811字） -> D:\AiProject\Node\novels\chapters\chapter_0298.txt
[2026-05-16 10:55:39] [Writer] 正在生成第299章...
[2026-05-16 10:56:30] [Writer] 第299章已保存（3749字） -> D:\AiProject\Node\novels\chapters\chapter_0299.txt
[2026-05-16 10:56:32] [Writer] 正在生成第300章...
[2026-05-16 10:56:36] [Writer] 第298章已保存（5100字） -> D:\AiProject\Node\novels\chapters\chapter_0298.txt
[2026-05-16 10:56:38] [Writer] 第299章已存在，跳过
[2026-05-16 10:56:40] [Writer] 正在生成第300章...
[2026-05-16 10:57:29] [Writer] 第300章已保存（3297字） -> D:\AiProject\Node\novels\chapters\chapter_0300.txt
[2026-05-16 10:57:31] [Writer] 全部完成
[2026-05-16 10:57:47] [Writer] 第300章已保存（5470字） -> D:\AiProject\Node\novels\chapters\chapter_0300.txt
[2026-05-16 10:57:49] [Writer] 全部完成
[2026-05-16 11:03:30] [Writer] 正在生成第301章...
[2026-05-16 11:03:47] [Writer] 正在生成第301章...
[2026-05-16 11:04:49] [Writer] 第301章已保存（5443字） -> D:\AiProject\Node\novels\chapters\chapter_0301.txt
[2026-05-16 11:04:51] [Writer] 正在生成第302章...
[2026-05-16 11:05:26] [Writer] 第301章已保存（7129字） -> D:\AiProject\Node\novels\chapters\chapter_0301.txt
[2026-05-16 11:05:28] [Writer] 正在生成第302章...
[2026-05-16 11:06:00] [Writer] 第302章已保存（4468字） -> D:\AiProject\Node\novels\chapters\chapter_0302.txt
[2026-05-16 11:06:02] [Writer] 正在生成第303章...
[2026-05-16 11:06:49] [Writer] 第302章已保存（5477字） -> D:\AiProject\Node\novels\chapters\chapter_0302.txt
[2026-05-16 11:06:51] [Writer] 正在生成第303章...
[2026-05-16 11:07:20] [Writer] 第303章已保存（5203字） -> D:\AiProject\Node\novels\chapters\chapter_0303.txt
[2026-05-16 11:07:22] [Writer] 正在生成第304章...
[2026-05-16 11:07:52] [Writer] 第303章已保存（3871字） -> D:\AiProject\Node\novels\chapters\chapter_0303.txt
[2026-05-16 11:07:54] [Writer] 正在生成第304章...
[2026-05-16 11:08:38] [Writer] 第304章已保存（5362字） -> D:\AiProject\Node\novels\chapters\chapter_0304.txt
[2026-05-16 11:08:40] [Writer] 正在生成第305章...
[2026-05-16 11:09:24] [Writer] 第304章已保存（6260字） -> D:\AiProject\Node\novels\chapters\chapter_0304.txt
[2026-05-16 11:09:26] [Writer] 正在生成第305章...
[2026-05-16 11:09:49] [Writer] 第305章已保存（4938字） -> D:\AiProject\Node\novels\chapters\chapter_0305.txt
[2026-05-16 11:09:51] [Writer] 正在生成第306章...
[2026-05-16 11:10:59] [Writer] 第305章已保存（6351字） -> D:\AiProject\Node\novels\chapters\chapter_0305.txt
[2026-05-16 11:11:01] [Writer] 正在生成第306章...
[2026-05-16 11:11:31] [Writer] 第306章已保存（6570字） -> D:\AiProject\Node\novels\chapters\chapter_0306.txt
[2026-05-16 11:11:33] [Writer] 正在生成第307章...
[2026-05-16 11:12:56] [Writer] 第306章已保存（8343字） -> D:\AiProject\Node\novels\chapters\chapter_0306.txt
[2026-05-16 11:12:58] [Writer] 正在生成第307章...
[2026-05-16 11:13:01] [Writer] 第307章已保存（6132字） -> D:\AiProject\Node\novels\chapters\chapter_0307.txt
[2026-05-16 11:13:03] [Writer] 正在生成第308章...
[2026-05-16 11:14:12] [Writer] 第307章已保存（7145字） -> D:\AiProject\Node\novels\chapters\chapter_0307.txt
[2026-05-16 11:14:14] [Writer] 正在生成第308章...
[2026-05-16 11:14:43] [Writer] 第308章已保存（7450字） -> D:\AiProject\Node\novels\chapters\chapter_0308.txt
[2026-05-16 11:14:45] [Writer] 正在生成第309章...
[2026-05-16 11:15:12] [Writer] 第308章已保存（4062字） -> D:\AiProject\Node\novels\chapters\chapter_0308.txt
[2026-05-16 11:15:14] [Writer] 正在生成第309章...
[2026-05-16 11:16:16] [Writer] 第309章已保存（7362字） -> D:\AiProject\Node\novels\chapters\chapter_0309.txt
[2026-05-16 11:16:18] [Writer] 正在生成第310章...
[2026-05-16 11:16:28] [Writer] 第309章已保存（5439字） -> D:\AiProject\Node\novels\chapters\chapter_0309.txt
[2026-05-16 11:16:30] [Writer] 正在生成第310章...
[2026-05-16 11:17:30] [Writer] 第310章已保存（5253字） -> D:\AiProject\Node\novels\chapters\chapter_0310.txt
[2026-05-16 11:17:32] [Writer] 全部完成
[2026-05-16 11:17:58] [Writer] 第310章已保存（5370字） -> D:\AiProject\Node\novels\chapters\chapter_0310.txt
[2026-05-16 11:18:00] [Writer] 全部完成
[2026-05-16 11:23:45] [Writer] 正在生成第311章...
[2026-05-16 11:23:48] [Writer] 正在生成第311章...
[2026-05-16 11:24:56] [Writer] 第311章已保存（4854字） -> D:\AiProject\Node\novels\chapters\chapter_0311.txt
[2026-05-16 11:24:58] [Writer] 正在生成第312章...
[2026-05-16 11:25:15] [Writer] 第311章已保存（6410字） -> D:\AiProject\Node\novels\chapters\chapter_0311.txt
[2026-05-16 11:25:17] [Writer] 正在生成第312章...
[2026-05-16 11:26:21] [Writer] 第312章已保存（6033字） -> D:\AiProject\Node\novels\chapters\chapter_0312.txt
[2026-05-16 11:26:23] [Writer] 正在生成第313章...
[2026-05-16 11:26:31] [Writer] 第312章已保存（4784字） -> D:\AiProject\Node\novels\chapters\chapter_0312.txt
[2026-05-16 11:26:33] [Writer] 正在生成第313章...
[2026-05-16 11:27:24] [Writer] 第313章已保存（4390字） -> D:\AiProject\Node\novels\chapters\chapter_0313.txt
[2026-05-16 11:27:26] [Writer] 正在生成第314章...
[2026-05-16 11:28:22] [Writer] 第313章已保存（8440字） -> D:\AiProject\Node\novels\chapters\chapter_0313.txt
[2026-05-16 11:28:24] [Writer] 正在生成第314章...
[2026-05-16 11:28:27] [Writer] 第314章已保存（4877字） -> D:\AiProject\Node\novels\chapters\chapter_0314.txt
[2026-05-16 11:28:29] [Writer] 正在生成第315章...
[2026-05-16 11:29:56] [Writer] 第315章已保存（6862字） -> D:\AiProject\Node\novels\chapters\chapter_0315.txt
[2026-05-16 11:29:58] [Writer] 正在生成第316章...
[2026-05-16 11:30:11] [Writer] 第314章已保存（6129字） -> D:\AiProject\Node\novels\chapters\chapter_0314.txt
[2026-05-16 11:30:13] [Writer] 第315章已存在，跳过
[2026-05-16 11:30:15] [Writer] 正在生成第316章...
[2026-05-16 11:31:20] [Writer] 第316章已保存（4503字） -> D:\AiProject\Node\novels\chapters\chapter_0316.txt
[2026-05-16 11:31:22] [Writer] 第316章已保存（5156字） -> D:\AiProject\Node\novels\chapters\chapter_0316.txt
[2026-05-16 11:31:22] [Writer] 正在生成第317章...
[2026-05-16 11:31:24] [Writer] 正在生成第317章...
[2026-05-16 11:32:37] [Writer] 第317章已保存（5976字） -> D:\AiProject\Node\novels\chapters\chapter_0317.txt
[2026-05-16 11:32:39] [Writer] 正在生成第318章...
[2026-05-16 11:32:59] [Writer] 第317章已保存（5835字） -> D:\AiProject\Node\novels\chapters\chapter_0317.txt
[2026-05-16 11:33:01] [Writer] 正在生成第318章...
[2026-05-16 11:34:08] [Writer] 第318章已保存（5713字） -> D:\AiProject\Node\novels\chapters\chapter_0318.txt
[2026-05-16 11:34:10] [Writer] 正在生成第319章...
[2026-05-16 11:34:19] [Writer] 第318章已保存（5424字） -> D:\AiProject\Node\novels\chapters\chapter_0318.txt
[2026-05-16 11:34:21] [Writer] 正在生成第319章...
[2026-05-16 11:35:08] [Writer] 第319章已保存（4089字） -> D:\AiProject\Node\novels\chapters\chapter_0319.txt
[2026-05-16 11:35:10] [Writer] 正在生成第320章...
[2026-05-16 11:35:24] [Writer] 第319章已保存（4304字） -> D:\AiProject\Node\novels\chapters\chapter_0319.txt
[2026-05-16 11:35:26] [Writer] 正在生成第320章...
[2026-05-16 11:36:56] [Writer] 第320章已保存（5874字） -> D:\AiProject\Node\novels\chapters\chapter_0320.txt
[2026-05-16 11:36:58] [Writer] 全部完成
[2026-05-16 11:37:14] [Writer] 第320章已保存（6806字） -> D:\AiProject\Node\novels\chapters\chapter_0320.txt
[2026-05-16 11:37:16] [Writer] 全部完成
[2026-05-16 11:43:06] [Writer] 正在生成第321章...
[2026-05-16 11:43:31] [Writer] 正在生成第321章...
[2026-05-16 11:44:31] [Writer] 第321章已保存（6103字） -> D:\AiProject\Node\novels\chapters\chapter_0321.txt
[2026-05-16 11:44:33] [Writer] 正在生成第322章...
[2026-05-16 11:44:40] [Writer] 第321章已保存（5249字） -> D:\AiProject\Node\novels\chapters\chapter_0321.txt
[2026-05-16 11:44:42] [Writer] 正在生成第322章...
[2026-05-16 11:46:02] [Writer] 第322章已保存（5759字） -> D:\AiProject\Node\novels\chapters\chapter_0322.txt
[2026-05-16 11:46:04] [Writer] 正在生成第323章...
[2026-05-16 11:46:15] [Writer] 第322章已保存（6842字） -> D:\AiProject\Node\novels\chapters\chapter_0322.txt
[2026-05-16 11:46:17] [Writer] 正在生成第323章...
[2026-05-16 11:47:20] [Writer] 第323章已保存（4540字） -> D:\AiProject\Node\novels\chapters\chapter_0323.txt
[2026-05-16 11:47:22] [Writer] 正在生成第324章...
[2026-05-16 11:47:44] [Writer] 第323章已保存（7636字） -> D:\AiProject\Node\novels\chapters\chapter_0323.txt
[2026-05-16 11:47:46] [Writer] 正在生成第324章...
[2026-05-16 11:48:41] [Writer] 第324章已保存（5886字） -> D:\AiProject\Node\novels\chapters\chapter_0324.txt
[2026-05-16 11:48:41] [Writer] 第324章已保存（3918字） -> D:\AiProject\Node\novels\chapters\chapter_0324.txt
[2026-05-16 11:48:43] [Writer] 正在生成第325章...
[2026-05-16 11:48:43] [Writer] 正在生成第325章...
[2026-05-16 11:50:04] [Writer] 第325章已保存（6397字） -> D:\AiProject\Node\novels\chapters\chapter_0325.txt
[2026-05-16 11:50:06] [Writer] 正在生成第326章...
[2026-05-16 11:50:13] [Writer] 第325章已保存（6960字） -> D:\AiProject\Node\novels\chapters\chapter_0325.txt
[2026-05-16 11:50:15] [Writer] 正在生成第326章...
[2026-05-16 11:51:16] [Writer] 第326章已保存（4605字） -> D:\AiProject\Node\novels\chapters\chapter_0326.txt
[2026-05-16 11:51:17] [Writer] 第326章已保存（5046字） -> D:\AiProject\Node\novels\chapters\chapter_0326.txt
[2026-05-16 11:51:18] [Writer] 正在生成第327章...
[2026-05-16 11:51:19] [Writer] 正在生成第327章...
[2026-05-16 11:52:10] [Writer] 第327章已保存（3677字） -> D:\AiProject\Node\novels\chapters\chapter_0327.txt
[2026-05-16 11:52:12] [Writer] 正在生成第328章...
[2026-05-16 11:52:37] [Writer] 第327章已保存（5017字） -> D:\AiProject\Node\novels\chapters\chapter_0327.txt
[2026-05-16 11:52:39] [Writer] 正在生成第328章...
[2026-05-16 11:53:48] [Writer] 第328章已保存（6668字） -> D:\AiProject\Node\novels\chapters\chapter_0328.txt
[2026-05-16 11:53:50] [Writer] 正在生成第329章...
[2026-05-16 11:53:58] [Writer] 第328章已保存（5948字） -> D:\AiProject\Node\novels\chapters\chapter_0328.txt
[2026-05-16 11:54:00] [Writer] 正在生成第329章...
[2026-05-16 11:54:52] [Writer] 第329章已保存（4235字） -> D:\AiProject\Node\novels\chapters\chapter_0329.txt
[2026-05-16 11:54:54] [Writer] 正在生成第330章...
[2026-05-16 11:55:05] [Writer] 第329章已保存（4903字） -> D:\AiProject\Node\novels\chapters\chapter_0329.txt
[2026-05-16 11:55:07] [Writer] 正在生成第330章...
[2026-05-16 11:55:59] [Writer] 第330章已保存（5051字） -> D:\AiProject\Node\novels\chapters\chapter_0330.txt
[2026-05-16 11:56:01] [Writer] 全部完成
[2026-05-16 11:56:51] [Writer] 第330章已保存（7956字） -> D:\AiProject\Node\novels\chapters\chapter_0330.txt
[2026-05-16 11:56:53] [Writer] 全部完成
[2026-05-16 12:01:58] [Writer] 正在生成第331章...
[2026-05-16 12:02:25] [Writer] 正在生成第331章...
[2026-05-16 12:03:29] [Writer] 第331章已保存（6296字） -> D:\AiProject\Node\novels\chapters\chapter_0331.txt
[2026-05-16 12:03:31] [Writer] 正在生成第332章...
[2026-05-16 12:04:06] [Writer] 第331章已保存（7075字） -> D:\AiProject\Node\novels\chapters\chapter_0331.txt
[2026-05-16 12:04:08] [Writer] 正在生成第332章...
[2026-05-16 12:05:09] [Writer] 第332章已保存（6572字） -> D:\AiProject\Node\novels\chapters\chapter_0332.txt
[2026-05-16 12:05:11] [Writer] 正在生成第333章...
[2026-05-16 12:05:49] [Writer] 第332章已保存（7323字） -> D:\AiProject\Node\novels\chapters\chapter_0332.txt
[2026-05-16 12:05:51] [Writer] 正在生成第333章...
[2026-05-16 12:06:24] [Writer] 第333章已保存（4834字） -> D:\AiProject\Node\novels\chapters\chapter_0333.txt
[2026-05-16 12:06:26] [Writer] 正在生成第334章...
[2026-05-16 12:06:36] [Writer] 第333章已保存（2897字） -> D:\AiProject\Node\novels\chapters\chapter_0333.txt
[2026-05-16 12:06:38] [Writer] 正在生成第334章...
[2026-05-16 12:07:41] [Writer] 第334章已保存（5372字） -> D:\AiProject\Node\novels\chapters\chapter_0334.txt
[2026-05-16 12:07:43] [Writer] 正在生成第335章...
[2026-05-16 12:07:56] [Writer] 第334章已保存（5673字） -> D:\AiProject\Node\novels\chapters\chapter_0334.txt
[2026-05-16 12:07:58] [Writer] 正在生成第335章...
[2026-05-16 12:08:55] [Writer] 第335章已保存（5030字） -> D:\AiProject\Node\novels\chapters\chapter_0335.txt
[2026-05-16 12:08:57] [Writer] 正在生成第336章...
[2026-05-16 12:09:06] [Writer] 第335章已保存（4724字） -> D:\AiProject\Node\novels\chapters\chapter_0335.txt
[2026-05-16 12:09:08] [Writer] 正在生成第336章...
[2026-05-16 12:09:44] [Writer] 第336章已保存（3328字） -> D:\AiProject\Node\novels\chapters\chapter_0336.txt
[2026-05-16 12:09:46] [Writer] 正在生成第337章...
[2026-05-16 12:10:11] [Writer] 第336章已保存（4218字） -> D:\AiProject\Node\novels\chapters\chapter_0336.txt
[2026-05-16 12:10:13] [Writer] 正在生成第337章...
[2026-05-16 12:10:57] [Writer] 第337章已保存（5426字） -> D:\AiProject\Node\novels\chapters\chapter_0337.txt
[2026-05-16 12:10:59] [Writer] 正在生成第338章...
[2026-05-16 12:11:40] [Writer] 第337章已保存（6516字） -> D:\AiProject\Node\novels\chapters\chapter_0337.txt
[2026-05-16 12:11:42] [Writer] 正在生成第338章...
[2026-05-16 12:12:42] [Writer] 第338章已保存（7252字） -> D:\AiProject\Node\novels\chapters\chapter_0338.txt
[2026-05-16 12:12:44] [Writer] 正在生成第339章...
[2026-05-16 12:13:20] [Writer] 第338章已保存（6651字） -> D:\AiProject\Node\novels\chapters\chapter_0338.txt
[2026-05-16 12:13:23] [Writer] 正在生成第339章...
[2026-05-16 12:13:42] [Writer] 第339章已保存（4362字） -> D:\AiProject\Node\novels\chapters\chapter_0339.txt
[2026-05-16 12:13:44] [Writer] 正在生成第340章...
[2026-05-16 12:14:24] [Writer] 第339章已保存（4533字） -> D:\AiProject\Node\novels\chapters\chapter_0339.txt
[2026-05-16 12:14:26] [Writer] 正在生成第340章...
[2026-05-16 12:15:13] [Writer] 第340章已保存（6614字） -> D:\AiProject\Node\novels\chapters\chapter_0340.txt
[2026-05-16 12:15:15] [Writer] 全部完成
[2026-05-16 12:15:30] [Writer] 第340章已保存（4565字） -> D:\AiProject\Node\novels\chapters\chapter_0340.txt
[2026-05-16 12:15:32] [Writer] 全部完成
[2026-05-16 12:20:44] [Writer] 正在生成第341章...
[2026-05-16 12:20:58] [Writer] 正在生成第341章...
[2026-05-16 12:21:55] [Writer] 第341章已保存（4482字） -> D:\AiProject\Node\novels\chapters\chapter_0341.txt
[2026-05-16 12:21:57] [Writer] 第341章已保存（5370字） -> D:\AiProject\Node\novels\chapters\chapter_0341.txt
[2026-05-16 12:21:57] [Writer] 正在生成第342章...
[2026-05-16 12:21:59] [Writer] 正在生成第342章...
[2026-05-16 12:22:59] [Writer] 第342章已保存（4732字） -> D:\AiProject\Node\novels\chapters\chapter_0342.txt
[2026-05-16 12:23:01] [Writer] 正在生成第343章...
[2026-05-16 12:23:16] [Writer] 第342章已保存（5641字） -> D:\AiProject\Node\novels\chapters\chapter_0342.txt
[2026-05-16 12:23:18] [Writer] 正在生成第343章...
[2026-05-16 12:23:54] [Writer] 第343章已保存（3507字） -> D:\AiProject\Node\novels\chapters\chapter_0343.txt
[2026-05-16 12:23:56] [Writer] 正在生成第344章...
[2026-05-16 12:24:29] [Writer] 第343章已保存（4980字） -> D:\AiProject\Node\novels\chapters\chapter_0343.txt
[2026-05-16 12:24:31] [Writer] 正在生成第344章...
[2026-05-16 12:25:00] [Writer] 第344章已保存（4953字） -> D:\AiProject\Node\novels\chapters\chapter_0344.txt
[2026-05-16 12:25:02] [Writer] 正在生成第345章...
[2026-05-16 12:25:13] [Writer] 第344章已保存（2850字） -> D:\AiProject\Node\novels\chapters\chapter_0344.txt
[2026-05-16 12:25:15] [Writer] 正在生成第345章...
[2026-05-16 12:26:19] [Writer] 第345章已保存（4589字） -> D:\AiProject\Node\novels\chapters\chapter_0345.txt
[2026-05-16 12:26:21] [Writer] 正在生成第346章...
[2026-05-16 12:26:31] [Writer] 第345章已保存（6041字） -> D:\AiProject\Node\novels\chapters\chapter_0345.txt
[2026-05-16 12:26:33] [Writer] 正在生成第346章...
[2026-05-16 12:27:29] [Writer] 第346章已保存（4743字） -> D:\AiProject\Node\novels\chapters\chapter_0346.txt
[2026-05-16 12:27:31] [Writer] 正在生成第347章...
[2026-05-16 12:27:46] [Writer] 第346章已保存（5942字） -> D:\AiProject\Node\novels\chapters\chapter_0346.txt
[2026-05-16 12:27:48] [Writer] 正在生成第347章...
[2026-05-16 12:28:30] [Writer] 第347章已保存（4607字） -> D:\AiProject\Node\novels\chapters\chapter_0347.txt
[2026-05-16 12:28:32] [Writer] 正在生成第348章...
[2026-05-16 12:29:16] [Writer] 第347章已保存（7060字） -> D:\AiProject\Node\novels\chapters\chapter_0347.txt
[2026-05-16 12:29:18] [Writer] 正在生成第348章...
[2026-05-16 12:30:01] [Writer] 第348章已保存（5782字） -> D:\AiProject\Node\novels\chapters\chapter_0348.txt
[2026-05-16 12:30:03] [Writer] 正在生成第349章...
[2026-05-16 12:30:22] [Writer] 第348章已保存（4573字） -> D:\AiProject\Node\novels\chapters\chapter_0348.txt
[2026-05-16 12:30:24] [Writer] 正在生成第349章...
[2026-05-16 12:30:52] [Writer] 第349章已保存（3672字） -> D:\AiProject\Node\novels\chapters\chapter_0349.txt
[2026-05-16 12:30:54] [Writer] 正在生成第350章...
[2026-05-16 12:31:17] [Writer] 第349章已保存（4000字） -> D:\AiProject\Node\novels\chapters\chapter_0349.txt
[2026-05-16 12:31:19] [Writer] 正在生成第350章...
[2026-05-16 12:32:27] [Writer] 第350章已保存（6784字） -> D:\AiProject\Node\novels\chapters\chapter_0350.txt
[2026-05-16 12:32:29] [Writer] 第350章已保存（5812字） -> D:\AiProject\Node\novels\chapters\chapter_0350.txt
[2026-05-16 12:32:29] [Writer] 全部完成
[2026-05-16 12:32:31] [Writer] 全部完成
[2026-05-16 12:37:32] [Writer] 正在生成第351章...
[2026-05-16 12:37:52] [Writer] 正在生成第351章...
[2026-05-16 12:38:36] [Writer] 第351章已保存（4914字） -> D:\AiProject\Node\novels\chapters\chapter_0351.txt
[2026-05-16 12:38:39] [Writer] 正在生成第352章...
[2026-05-16 12:39:01] [Writer] 第351章已保存（4980字） -> D:\AiProject\Node\novels\chapters\chapter_0351.txt
[2026-05-16 12:39:03] [Writer] 正在生成第352章...
[2026-05-16 12:40:25] [Writer] 第352章已保存（6135字） -> D:\AiProject\Node\novels\chapters\chapter_0352.txt
[2026-05-16 12:40:27] [Writer] 正在生成第353章...
[2026-05-16 12:41:04] [Writer] 第352章已保存（8667字） -> D:\AiProject\Node\novels\chapters\chapter_0352.txt
[2026-05-16 12:41:06] [Writer] 正在生成第353章...
[2026-05-16 12:41:53] [Writer] 第353章已保存（6346字） -> D:\AiProject\Node\novels\chapters\chapter_0353.txt
[2026-05-16 12:41:55] [Writer] 正在生成第354章...
[2026-05-16 12:42:31] [Writer] 第353章已保存（6777字） -> D:\AiProject\Node\novels\chapters\chapter_0353.txt
[2026-05-16 12:42:33] [Writer] 正在生成第354章...
[2026-05-16 12:42:44] [Writer] 第354章已保存（3826字） -> D:\AiProject\Node\novels\chapters\chapter_0354.txt
[2026-05-16 12:42:46] [Writer] 正在生成第355章...
[2026-05-16 12:43:37] [Writer] 第354章已保存（4228字） -> D:\AiProject\Node\novels\chapters\chapter_0354.txt
[2026-05-16 12:43:39] [Writer] 正在生成第355章...
[2026-05-16 12:43:59] [Writer] 第355章已保存（6206字） -> D:\AiProject\Node\novels\chapters\chapter_0355.txt
[2026-05-16 12:44:01] [Writer] 正在生成第356章...
[2026-05-16 12:44:39] [Writer] 第355章已保存（4479字） -> D:\AiProject\Node\novels\chapters\chapter_0355.txt
[2026-05-16 12:44:41] [Writer] 正在生成第356章...
[2026-05-16 12:45:15] [Writer] 第356章已保存（5816字） -> D:\AiProject\Node\novels\chapters\chapter_0356.txt
[2026-05-16 12:45:17] [Writer] 正在生成第357章...
[2026-05-16 12:46:11] [Writer] 第356章已保存（6703字） -> D:\AiProject\Node\novels\chapters\chapter_0356.txt
[2026-05-16 12:46:13] [Writer] 正在生成第357章...
[2026-05-16 12:46:21] [Writer] 第357章已保存（4774字） -> D:\AiProject\Node\novels\chapters\chapter_0357.txt
[2026-05-16 12:46:23] [Writer] 正在生成第358章...
[2026-05-16 12:47:34] [Writer] 第358章已保存（5276字） -> D:\AiProject\Node\novels\chapters\chapter_0358.txt
[2026-05-16 12:47:36] [Writer] 正在生成第359章...
[2026-05-16 12:47:37] [Writer] 第357章已保存（6804字） -> D:\AiProject\Node\novels\chapters\chapter_0357.txt
[2026-05-16 12:47:39] [Writer] 第358章已存在，跳过
[2026-05-16 12:47:41] [Writer] 正在生成第359章...
[2026-05-16 12:48:34] [Writer] 第359章已保存（4482字） -> D:\AiProject\Node\novels\chapters\chapter_0359.txt
[2026-05-16 12:48:36] [Writer] 正在生成第360章...
[2026-05-16 12:48:45] [Writer] 第359章已保存（5187字） -> D:\AiProject\Node\novels\chapters\chapter_0359.txt
[2026-05-16 12:48:48] [Writer] 正在生成第360章...
[2026-05-16 12:49:42] [Writer] 第360章已保存（5535字） -> D:\AiProject\Node\novels\chapters\chapter_0360.txt
[2026-05-16 12:49:44] [Writer] 全部完成
[2026-05-16 12:49:51] [Writer] 第360章已保存（5063字） -> D:\AiProject\Node\novels\chapters\chapter_0360.txt
[2026-05-16 12:49:53] [Writer] 全部完成
[2026-05-16 12:55:16] [Writer] 正在生成第361章...
[2026-05-16 12:55:38] [Writer] 正在生成第361章...
[2026-05-16 12:56:24] [Writer] 第361章已保存（4851字） -> D:\AiProject\Node\novels\chapters\chapter_0361.txt
[2026-05-16 12:56:26] [Writer] 正在生成第362章...
[2026-05-16 12:57:23] [Writer] 第361章已保存（8554字） -> D:\AiProject\Node\novels\chapters\chapter_0361.txt
[2026-05-16 12:57:25] [Writer] 正在生成第362章...
[2026-05-16 12:57:38] [Writer] 第362章已保存（5090字） -> D:\AiProject\Node\novels\chapters\chapter_0362.txt
[2026-05-16 12:57:40] [Writer] 正在生成第363章...
[2026-05-16 12:58:27] [Writer] 第362章已保存（4779字） -> D:\AiProject\Node\novels\chapters\chapter_0362.txt
[2026-05-16 12:58:29] [Writer] 正在生成第363章...
[2026-05-16 12:58:47] [Writer] 第363章已保存（5005字） -> D:\AiProject\Node\novels\chapters\chapter_0363.txt
[2026-05-16 12:58:49] [Writer] 正在生成第364章...
[2026-05-16 12:59:27] [Writer] 第363章已保存（4059字） -> D:\AiProject\Node\novels\chapters\chapter_0363.txt
[2026-05-16 12:59:29] [Writer] 正在生成第364章...
[2026-05-16 12:59:54] [Writer] 第364章已保存（4858字） -> D:\AiProject\Node\novels\chapters\chapter_0364.txt
[2026-05-16 12:59:56] [Writer] 正在生成第365章...
[2026-05-16 13:00:49] [Writer] 第365章已保存（4333字） -> D:\AiProject\Node\novels\chapters\chapter_0365.txt
[2026-05-16 13:00:51] [Writer] 正在生成第366章...
[2026-05-16 13:01:38] [Writer] 第364章已保存（9876字） -> D:\AiProject\Node\novels\chapters\chapter_0364.txt
[2026-05-16 13:01:40] [Writer] 第365章已存在，跳过
[2026-05-16 13:01:42] [Writer] 正在生成第366章...
[2026-05-16 13:02:20] [Writer] 第366章已保存（7002字） -> D:\AiProject\Node\novels\chapters\chapter_0366.txt
[2026-05-16 13:02:22] [Writer] 正在生成第367章...
[2026-05-16 13:03:05] [Writer] 第366章已保存（7235字） -> D:\AiProject\Node\novels\chapters\chapter_0366.txt
[2026-05-16 13:03:07] [Writer] 正在生成第367章...
[2026-05-16 13:03:32] [Writer] 第367章已保存（5109字） -> D:\AiProject\Node\novels\chapters\chapter_0367.txt
[2026-05-16 13:03:34] [Writer] 正在生成第368章...
[2026-05-16 13:04:25] [Writer] 第367章已保存（5509字） -> D:\AiProject\Node\novels\chapters\chapter_0367.txt
[2026-05-16 13:04:27] [Writer] 正在生成第368章...
[2026-05-16 13:04:49] [Writer] 第368章已保存（4781字） -> D:\AiProject\Node\novels\chapters\chapter_0368.txt
[2026-05-16 13:04:51] [Writer] 正在生成第369章...
[2026-05-16 13:05:34] [Writer] 第368章已保存（4928字） -> D:\AiProject\Node\novels\chapters\chapter_0368.txt
[2026-05-16 13:05:36] [Writer] 正在生成第369章...
[2026-05-16 13:05:49] [Writer] 第369章已保存（3941字） -> D:\AiProject\Node\novels\chapters\chapter_0369.txt
[2026-05-16 13:05:51] [Writer] 正在生成第370章...
[2026-05-16 13:06:40] [Writer] 第369章已保存（5312字） -> D:\AiProject\Node\novels\chapters\chapter_0369.txt
[2026-05-16 13:06:42] [Writer] 正在生成第370章...
[2026-05-16 13:06:57] [Writer] 第370章已保存（4464字） -> D:\AiProject\Node\novels\chapters\chapter_0370.txt
[2026-05-16 13:06:59] [Writer] 全部完成
[2026-05-16 13:07:37] [Writer] 第370章已保存（4323字） -> D:\AiProject\Node\novels\chapters\chapter_0370.txt
[2026-05-16 13:07:39] [Writer] 全部完成
[2026-05-16 13:12:38] [Writer] 正在生成第371章...
[2026-05-16 13:12:52] [Writer] 正在生成第371章...
[2026-05-16 13:13:44] [Writer] 第371章已保存（4945字） -> D:\AiProject\Node\novels\chapters\chapter_0371.txt
[2026-05-16 13:13:46] [Writer] 正在生成第372章...
[2026-05-16 13:14:25] [Writer] 第371章已保存（7198字） -> D:\AiProject\Node\novels\chapters\chapter_0371.txt
[2026-05-16 13:14:27] [Writer] 正在生成第372章...
[2026-05-16 13:15:00] [Writer] 第372章已保存（5343字） -> D:\AiProject\Node\novels\chapters\chapter_0372.txt
[2026-05-16 13:15:02] [Writer] 正在生成第373章...
[2026-05-16 13:15:47] [Writer] 第372章已保存（5645字） -> D:\AiProject\Node\novels\chapters\chapter_0372.txt
[2026-05-16 13:15:49] [Writer] 正在生成第373章...
[2026-05-16 13:16:20] [Writer] 第373章已保存（5526字） -> D:\AiProject\Node\novels\chapters\chapter_0373.txt
[2026-05-16 13:16:22] [Writer] 正在生成第374章...
[2026-05-16 13:17:09] [Writer] 第374章已保存（3455字） -> D:\AiProject\Node\novels\chapters\chapter_0374.txt
[2026-05-16 13:17:11] [Writer] 正在生成第375章...
[2026-05-16 13:17:19] [Writer] 第373章已保存（6354字） -> D:\AiProject\Node\novels\chapters\chapter_0373.txt
[2026-05-16 13:17:21] [Writer] 第374章已存在，跳过
[2026-05-16 13:17:23] [Writer] 正在生成第375章...
[2026-05-16 13:18:05] [Writer] 第375章已保存（3962字） -> D:\AiProject\Node\novels\chapters\chapter_0375.txt
[2026-05-16 13:18:07] [Writer] 正在生成第376章...
[2026-05-16 13:18:37] [Writer] 第375章已保存（5493字） -> D:\AiProject\Node\novels\chapters\chapter_0375.txt
[2026-05-16 13:18:39] [Writer] 正在生成第376章...
[2026-05-16 13:18:57] [Writer] 第376章已保存（4159字） -> D:\AiProject\Node\novels\chapters\chapter_0376.txt
[2026-05-16 13:18:59] [Writer] 正在生成第377章...
[2026-05-16 13:19:31] [Writer] 第376章已保存（3782字） -> D:\AiProject\Node\novels\chapters\chapter_0376.txt
[2026-05-16 13:19:33] [Writer] 正在生成第377章...
[2026-05-16 13:20:10] [Writer] 第377章已保存（4909字） -> D:\AiProject\Node\novels\chapters\chapter_0377.txt
[2026-05-16 13:20:12] [Writer] 正在生成第378章...
[2026-05-16 13:21:11] [Writer] 第377章已保存（5151字） -> D:\AiProject\Node\novels\chapters\chapter_0377.txt
[2026-05-16 13:21:13] [Writer] 正在生成第378章...
[2026-05-16 13:21:53] [Writer] 第378章已保存（7689字） -> D:\AiProject\Node\novels\chapters\chapter_0378.txt
[2026-05-16 13:21:55] [Writer] 正在生成第379章...
[2026-05-16 13:22:46] [Writer] 第378章已保存（7441字） -> D:\AiProject\Node\novels\chapters\chapter_0378.txt
[2026-05-16 13:22:48] [Writer] 正在生成第379章...
[2026-05-16 13:23:49] [Writer] 第379章已保存（9019字） -> D:\AiProject\Node\novels\chapters\chapter_0379.txt
[2026-05-16 13:23:51] [Writer] 正在生成第380章...
[2026-05-16 13:24:01] [Writer] 第373章已存在，跳过
[2026-05-16 13:24:01] [Writer] 第371章已存在，跳过
[2026-05-16 13:24:01] [Writer] 第375章已存在，跳过
[2026-05-16 13:24:01] [Writer] 第379章已存在，跳过
[2026-05-16 13:24:01] [Writer] 第377章已存在，跳过
[2026-05-16 13:24:03] [Writer] 第374章已存在，跳过
[2026-05-16 13:24:03] [Writer] 第372章已存在，跳过
[2026-05-16 13:24:03] [Writer] 第376章已存在，跳过
[2026-05-16 13:24:03] [Writer] 第378章已存在，跳过
[2026-05-16 13:24:03] [Writer] 正在生成第380章...
[2026-05-16 13:24:05] [Writer] 全部完成
[2026-05-16 13:24:05] [Writer] 全部完成
[2026-05-16 13:24:05] [Writer] 全部完成
[2026-05-16 13:24:05] [Writer] 全部完成
[2026-05-16 13:24:12] [Writer] 第379章已保存（5696字） -> D:\AiProject\Node\novels\chapters\chapter_0379.txt
[2026-05-16 13:24:14] [Writer] 正在生成第380章...
[2026-05-16 13:25:00] [Writer] 第380章已保存（4873字） -> D:\AiProject\Node\novels\chapters\chapter_0380.txt
[2026-05-16 13:25:02] [Writer] 全部完成
[2026-05-16 13:25:20] [Writer] 第380章已保存（5600字） -> D:\AiProject\Node\novels\chapters\chapter_0380.txt
[2026-05-16 13:25:22] [Writer] 全部完成
[2026-05-16 13:25:41] [Writer] 正在生成第387章...
[2026-05-16 13:25:41] [Writer] 正在生成第383章...
[2026-05-16 13:25:41] [Writer] 正在生成第389章...
[2026-05-16 13:25:41] [Writer] 正在生成第381章...
[2026-05-16 13:25:41] [Writer] 正在生成第385章...
[2026-05-16 13:26:36] [Writer] 第387章已保存（4115字） -> D:\AiProject\Node\novels\chapters\chapter_0387.txt
[2026-05-16 13:26:38] [Writer] 正在生成第388章...
[2026-05-16 13:26:41] [Writer] 第381章已保存（4647字） -> D:\AiProject\Node\novels\chapters\chapter_0381.txt
[2026-05-16 13:26:43] [Writer] 正在生成第382章...
[2026-05-16 13:26:48] [Writer] 第385章已保存（4482字） -> D:\AiProject\Node\novels\chapters\chapter_0385.txt
[2026-05-16 13:26:50] [Writer] 正在生成第386章...
[2026-05-16 13:27:13] [Writer] 第389章已保存（6132字） -> D:\AiProject\Node\novels\chapters\chapter_0389.txt
[2026-05-16 13:27:15] [Writer] 正在生成第390章...
[2026-05-16 13:27:26] [Writer] 第382章已保存（3188字） -> D:\AiProject\Node\novels\chapters\chapter_0382.txt
[2026-05-16 13:27:26] [Writer] 第383章已保存（7401字） -> D:\AiProject\Node\novels\chapters\chapter_0383.txt
[2026-05-16 13:28:04] [Writer] 第381章已存在，跳过
[2026-05-16 13:28:04] [Writer] 第389章已存在，跳过
[2026-05-16 13:28:04] [Writer] 第383章已存在，跳过
[2026-05-16 13:28:04] [Writer] 第385章已存在，跳过
[2026-05-16 13:28:04] [Writer] 第387章已存在，跳过
[2026-05-16 13:28:06] [Writer] 第382章已存在，跳过
[2026-05-16 13:28:06] [Writer] 正在生成第390章...
[2026-05-16 13:28:06] [Writer] 正在生成第384章...
[2026-05-16 13:28:06] [Writer] 正在生成第386章...
[2026-05-16 13:28:06] [Writer] 正在生成第388章...
[2026-05-16 13:28:08] [Writer] 全部完成
[2026-05-16 13:28:57] [Writer] 第386章已保存（4106字） -> D:\AiProject\Node\novels\chapters\chapter_0386.txt
[2026-05-16 13:28:59] [Writer] 全部完成
[2026-05-16 13:29:08] [Writer] 第384章已保存（4431字） -> D:\AiProject\Node\novels\chapters\chapter_0384.txt
[2026-05-16 13:29:10] [Writer] 第390章已保存（4835字） -> D:\AiProject\Node\novels\chapters\chapter_0390.txt
[2026-05-16 13:29:10] [Writer] 全部完成
[2026-05-16 13:29:12] [Writer] 全部完成
[2026-05-16 13:29:15] [Writer] 第388章已保存（4763字） -> D:\AiProject\Node\novels\chapters\chapter_0388.txt
[2026-05-16 13:29:17] [Writer] 全部完成
[2026-05-16 13:30:37] [Writer] 正在生成第391章...
[2026-05-16 13:30:37] [Writer] 正在生成第393章...
[2026-05-16 13:30:37] [Writer] 正在生成第395章...
[2026-05-16 13:30:37] [Writer] 正在生成第397章...
[2026-05-16 13:30:37] [Writer] 正在生成第399章...
[2026-05-16 13:31:35] [Writer] 第391章已保存（4455字） -> D:\AiProject\Node\novels\chapters\chapter_0391.txt
[2026-05-16 13:31:37] [Writer] 正在生成第392章...
[2026-05-16 13:31:55] [Writer] 第393章已保存（5822字） -> D:\AiProject\Node\novels\chapters\chapter_0393.txt
[2026-05-16 13:31:56] [Writer] 第395章已保存（5306字） -> D:\AiProject\Node\novels\chapters\chapter_0395.txt
[2026-05-16 13:31:57] [Writer] 正在生成第394章...
[2026-05-16 13:31:58] [Writer] 第397章已保存（6467字） -> D:\AiProject\Node\novels\chapters\chapter_0397.txt
[2026-05-16 13:31:58] [Writer] 第399章已保存（5554字） -> D:\AiProject\Node\novels\chapters\chapter_0399.txt
[2026-05-16 13:31:58] [Writer] 正在生成第396章...
[2026-05-16 13:32:00] [Writer] 正在生成第398章...
[2026-05-16 13:32:00] [Writer] 正在生成第400章...
[2026-05-16 13:32:56] [Writer] 第396章已保存（4115字） -> D:\AiProject\Node\novels\chapters\chapter_0396.txt
[2026-05-16 13:32:56] [Writer] 第392章已保存（5219字） -> D:\AiProject\Node\novels\chapters\chapter_0392.txt
[2026-05-16 13:32:58] [Writer] 全部完成
[2026-05-16 13:32:58] [Writer] 全部完成
[2026-05-16 13:33:14] [Writer] 第400章已保存（5292字） -> D:\AiProject\Node\novels\chapters\chapter_0400.txt
[2026-05-16 13:33:16] [Writer] 全部完成
[2026-05-16 13:33:18] [Writer] 第394章已保存（6186字） -> D:\AiProject\Node\novels\chapters\chapter_0394.txt
[2026-05-16 13:33:20] [Writer] 全部完成
[2026-05-16 13:33:24] [Writer] 第398章已保存（6678字） -> D:\AiProject\Node\novels\chapters\chapter_0398.txt
[2026-05-16 13:33:26] [Writer] 全部完成
[2026-05-16 13:34:43] [Writer] 正在生成第403章...
[2026-05-16 13:34:43] [Writer] 正在生成第401章...
[2026-05-16 13:34:43] [Writer] 正在生成第405章...
[2026-05-16 13:34:43] [Writer] 正在生成第409章...
[2026-05-16 13:34:43] [Writer] 正在生成第407章...
[2026-05-16 13:35:45] [Writer] 第403章已保存（4765字） -> D:\AiProject\Node\novels\chapters\chapter_0403.txt
[2026-05-16 13:35:46] [Writer] 第407章已保存（4818字） -> D:\AiProject\Node\novels\chapters\chapter_0407.txt
[2026-05-16 13:35:46] [Writer] 第409章已保存（4634字） -> D:\AiProject\Node\novels\chapters\chapter_0409.txt
[2026-05-16 13:35:47] [Writer] 正在生成第404章...
[2026-05-16 13:35:48] [Writer] 正在生成第408章...
[2026-05-16 13:35:48] [Writer] 正在生成第410章...
[2026-05-16 13:35:55] [Writer] 第405章已保存（5468字） -> D:\AiProject\Node\novels\chapters\chapter_0405.txt
[2026-05-16 13:35:57] [Writer] 正在生成第406章...
[2026-05-16 13:36:07] [Writer] 第401章已保存（6924字） -> D:\AiProject\Node\novels\chapters\chapter_0401.txt
[2026-05-16 13:36:09] [Writer] 正在生成第402章...
[2026-05-16 13:36:47] [Writer] 第408章已保存（4262字） -> D:\AiProject\Node\novels\chapters\chapter_0408.txt
[2026-05-16 13:36:48] [Writer] 第410章已保存（4570字） -> D:\AiProject\Node\novels\chapters\chapter_0410.txt
[2026-05-16 13:36:49] [Writer] 全部完成
[2026-05-16 13:36:50] [Writer] 全部完成
[2026-05-16 13:37:01] [Writer] 第402章已保存（3815字） -> D:\AiProject\Node\novels\chapters\chapter_0402.txt
[2026-05-16 13:37:03] [Writer] 第404章已保存（5454字） -> D:\AiProject\Node\novels\chapters\chapter_0404.txt
[2026-05-16 13:37:03] [Writer] 全部完成
[2026-05-16 13:37:05] [Writer] 全部完成
[2026-05-16 13:37:06] [Writer] 第406章已保存（5110字） -> D:\AiProject\Node\novels\chapters\chapter_0406.txt
[2026-05-16 13:37:08] [Writer] 全部完成
[2026-05-16 13:38:27] [Writer] 正在生成第411章...
[2026-05-16 13:38:27] [Writer] 正在生成第413章...
[2026-05-16 13:38:27] [Writer] 正在生成第417章...
[2026-05-16 13:38:27] [Writer] 正在生成第419章...
[2026-05-16 13:38:27] [Writer] 正在生成第415章...
[2026-05-16 13:39:27] [Writer] 第417章已保存（3983字） -> D:\AiProject\Node\novels\chapters\chapter_0417.txt
[2026-05-16 13:39:29] [Writer] 第413章已保存（4433字） -> D:\AiProject\Node\novels\chapters\chapter_0413.txt
[2026-05-16 13:39:29] [Writer] 正在生成第418章...
[2026-05-16 13:39:31] [Writer] 第415章已保存（4599字） -> D:\AiProject\Node\novels\chapters\chapter_0415.txt
[2026-05-16 13:39:31] [Writer] 正在生成第414章...
[2026-05-16 13:39:33] [Writer] 正在生成第416章...
[2026-05-16 13:39:33] [Writer] 第419章已保存（4452字） -> D:\AiProject\Node\novels\chapters\chapter_0419.txt
[2026-05-16 13:39:35] [Writer] 正在生成第420章...
[2026-05-16 13:39:38] [Writer] 第411章已保存（4877字） -> D:\AiProject\Node\novels\chapters\chapter_0411.txt
[2026-05-16 13:39:40] [Writer] 正在生成第412章...
[2026-05-16 13:40:32] [Writer] 第414章已保存（4397字） -> D:\AiProject\Node\novels\chapters\chapter_0414.txt
[2026-05-16 13:40:32] [Writer] 第416章已保存（4326字） -> D:\AiProject\Node\novels\chapters\chapter_0416.txt
[2026-05-16 13:40:34] [Writer] 全部完成
[2026-05-16 13:40:34] [Writer] 全部完成
[2026-05-16 13:40:42] [Writer] 第418章已保存（5063字） -> D:\AiProject\Node\novels\chapters\chapter_0418.txt
[2026-05-16 13:40:44] [Writer] 第420章已保存（5656字） -> D:\AiProject\Node\novels\chapters\chapter_0420.txt
[2026-05-16 13:40:44] [Writer] 全部完成
[2026-05-16 13:40:46] [Writer] 全部完成
[2026-05-16 13:41:01] [Writer] 第412章已保存（6300字） -> D:\AiProject\Node\novels\chapters\chapter_0412.txt
[2026-05-16 13:41:03] [Writer] 全部完成
[2026-05-16 13:42:20] [Writer] 正在生成第425章...
[2026-05-16 13:42:20] [Writer] 正在生成第423章...
[2026-05-16 13:42:20] [Writer] 正在生成第421章...
[2026-05-16 13:42:20] [Writer] 正在生成第427章...
[2026-05-16 13:42:20] [Writer] 正在生成第429章...
[2026-05-16 13:43:20] [Writer] 第423章已保存（4374字） -> D:\AiProject\Node\novels\chapters\chapter_0423.txt
[2026-05-16 13:43:22] [Writer] 正在生成第424章...
[2026-05-16 13:43:22] [Writer] 第421章已保存（4629字） -> D:\AiProject\Node\novels\chapters\chapter_0421.txt
[2026-05-16 13:43:23] [Writer] 第429章已保存（3841字） -> D:\AiProject\Node\novels\chapters\chapter_0429.txt
[2026-05-16 13:43:24] [Writer] 第425章已保存（4865字） -> D:\AiProject\Node\novels\chapters\chapter_0425.txt
[2026-05-16 13:43:24] [Writer] 正在生成第422章...
[2026-05-16 13:43:25] [Writer] 正在生成第430章...
[2026-05-16 13:43:26] [Writer] 正在生成第426章...
[2026-05-16 13:43:36] [Writer] 第427章已保存（5318字） -> D:\AiProject\Node\novels\chapters\chapter_0427.txt
[2026-05-16 13:43:38] [Writer] 正在生成第428章...
[2026-05-16 13:44:08] [Writer] 第424章已保存（3426字） -> D:\AiProject\Node\novels\chapters\chapter_0424.txt
[2026-05-16 13:44:10] [Writer] 全部完成
[2026-05-16 13:44:26] [Writer] 第422章已保存（4540字） -> D:\AiProject\Node\novels\chapters\chapter_0422.txt
[2026-05-16 13:44:28] [Writer] 全部完成
[2026-05-16 13:44:35] [Writer] 第430章已保存（5310字） -> D:\AiProject\Node\novels\chapters\chapter_0430.txt
[2026-05-16 13:44:36] [Writer] 第428章已保存（4265字） -> D:\AiProject\Node\novels\chapters\chapter_0428.txt
[2026-05-16 13:44:37] [Writer] 全部完成
[2026-05-16 13:44:38] [Writer] 全部完成
[2026-05-16 13:44:53] [Writer] 第426章已保存（5138字） -> D:\AiProject\Node\novels\chapters\chapter_0426.txt
[2026-05-16 13:44:55] [Writer] 全部完成
[2026-05-16 13:46:18] [Writer] 正在生成第433章...
[2026-05-16 13:46:18] [Writer] 正在生成第431章...
[2026-05-16 13:46:18] [Writer] 正在生成第435章...
[2026-05-16 13:46:18] [Writer] 正在生成第439章...
[2026-05-16 13:46:18] [Writer] 正在生成第437章...
[2026-05-16 13:47:17] [Writer] 第439章已保存（4277字） -> D:\AiProject\Node\novels\chapters\chapter_0439.txt
[2026-05-16 13:47:19] [Writer] 正在生成第440章...
[2026-05-16 13:47:24] [Writer] 第431章已保存（4793字） -> D:\AiProject\Node\novels\chapters\chapter_0431.txt
[2026-05-16 13:47:24] [Writer] 第437章已保存（4527字） -> D:\AiProject\Node\novels\chapters\chapter_0437.txt
[2026-05-16 13:47:26] [Writer] 正在生成第432章...
[2026-05-16 13:47:26] [Writer] 正在生成第438章...
[2026-05-16 13:47:31] [Writer] 第433章已保存（4668字） -> D:\AiProject\Node\novels\chapters\chapter_0433.txt
[2026-05-16 13:47:33] [Writer] 正在生成第434章...
[2026-05-16 13:47:38] [Writer] 第435章已保存（5406字） -> D:\AiProject\Node\novels\chapters\chapter_0435.txt
[2026-05-16 13:47:40] [Writer] 正在生成第436章...
[2026-05-16 13:48:10] [Writer] 第432章已保存（3511字） -> D:\AiProject\Node\novels\chapters\chapter_0432.txt
[2026-05-16 13:48:12] [Writer] 全部完成
[2026-05-16 13:48:33] [Writer] 第434章已保存（4290字） -> D:\AiProject\Node\novels\chapters\chapter_0434.txt
[2026-05-16 13:48:35] [Writer] 全部完成
[2026-05-16 13:48:40] [Writer] 第440章已保存（6319字） -> D:\AiProject\Node\novels\chapters\chapter_0440.txt
[2026-05-16 13:48:42] [Writer] 全部完成
[2026-05-16 13:49:02] [Writer] 第436章已保存（5675字） -> D:\AiProject\Node\novels\chapters\chapter_0436.txt
[2026-05-16 13:49:04] [Writer] 全部完成
[2026-05-16 13:49:07] [Writer] 第438章已保存（7948字） -> D:\AiProject\Node\novels\chapters\chapter_0438.txt
[2026-05-16 13:49:09] [Writer] 全部完成
[2026-05-16 13:50:27] [Writer] 正在生成第443章...
[2026-05-16 13:50:27] [Writer] 正在生成第441章...
[2026-05-16 13:50:27] [Writer] 正在生成第447章...
[2026-05-16 13:50:27] [Writer] 正在生成第449章...
[2026-05-16 13:50:27] [Writer] 正在生成第445章...
[2026-05-16 13:51:23] [Writer] 第449章已保存（4172字） -> D:\AiProject\Node\novels\chapters\chapter_0449.txt
[2026-05-16 13:51:25] [Writer] 正在生成第450章...
[2026-05-16 13:51:30] [Writer] 第443章已保存（4746字） -> D:\AiProject\Node\novels\chapters\chapter_0443.txt
[2026-05-16 13:51:32] [Writer] 正在生成第444章...
[2026-05-16 13:51:40] [Writer] 第445章已保存（5176字） -> D:\AiProject\Node\novels\chapters\chapter_0445.txt
[2026-05-16 13:51:42] [Writer] 正在生成第446章...
[2026-05-16 13:51:47] [Writer] 第447章已保存（5630字） -> D:\AiProject\Node\novels\chapters\chapter_0447.txt
[2026-05-16 13:51:49] [Writer] 正在生成第448章...
[2026-05-16 13:51:51] [Writer] 第441章已保存（5942字） -> D:\AiProject\Node\novels\chapters\chapter_0441.txt
[2026-05-16 13:51:53] [Writer] 正在生成第442章...
[2026-05-16 13:52:38] [Writer] 第450章已保存（5467字） -> D:\AiProject\Node\novels\chapters\chapter_0450.txt
[2026-05-16 13:52:40] [Writer] 全部完成
[2026-05-16 13:52:43] [Writer] 第444章已保存（5704字） -> D:\AiProject\Node\novels\chapters\chapter_0444.txt
[2026-05-16 13:52:45] [Writer] 全部完成
[2026-05-16 13:53:01] [Writer] 第448章已保存（4967字） -> D:\AiProject\Node\novels\chapters\chapter_0448.txt
[2026-05-16 13:53:02] [Writer] 第446章已保存（5668字） -> D:\AiProject\Node\novels\chapters\chapter_0446.txt
[2026-05-16 13:53:03] [Writer] 全部完成
[2026-05-16 13:53:04] [Writer] 全部完成
[2026-05-16 13:53:32] [Writer] 第442章已保存（6924字） -> D:\AiProject\Node\novels\chapters\chapter_0442.txt
[2026-05-16 13:53:34] [Writer] 全部完成
[2026-05-16 13:54:54] [Writer] 正在生成第451章...
[2026-05-16 13:54:54] [Writer] 正在生成第455章...
[2026-05-16 13:54:54] [Writer] 正在生成第459章...
[2026-05-16 13:54:54] [Writer] 正在生成第453章...
[2026-05-16 13:54:54] [Writer] 正在生成第457章...
[2026-05-16 13:56:05] [Writer] 第451章已保存（5106字） -> D:\AiProject\Node\novels\chapters\chapter_0451.txt
[2026-05-16 13:56:07] [Writer] 正在生成第452章...
[2026-05-16 13:56:08] [Writer] 第457章已保存（5607字） -> D:\AiProject\Node\novels\chapters\chapter_0457.txt
[2026-05-16 13:56:10] [Writer] 正在生成第458章...
[2026-05-16 13:56:11] [Writer] 第459章已保存（5173字） -> D:\AiProject\Node\novels\chapters\chapter_0459.txt
[2026-05-16 13:56:13] [Writer] 第453章已保存（5660字） -> D:\AiProject\Node\novels\chapters\chapter_0453.txt
[2026-05-16 13:56:13] [Writer] 正在生成第460章...
[2026-05-16 13:56:15] [Writer] 正在生成第454章...
[2026-05-16 13:56:22] [Writer] 第455章已保存（6471字） -> D:\AiProject\Node\novels\chapters\chapter_0455.txt
[2026-05-16 13:56:24] [Writer] 正在生成第456章...
[2026-05-16 13:57:20] [Writer] 第454章已保存（4621字） -> D:\AiProject\Node\novels\chapters\chapter_0454.txt
[2026-05-16 13:57:22] [Writer] 全部完成
[2026-05-16 13:57:25] [Writer] 第456章已保存（4193字） -> D:\AiProject\Node\novels\chapters\chapter_0456.txt
[2026-05-16 13:57:27] [Writer] 全部完成
[2026-05-16 13:57:29] [Writer] 第452章已保存（4895字） -> D:\AiProject\Node\novels\chapters\chapter_0452.txt
[2026-05-16 13:57:31] [Writer] 全部完成
[2026-05-16 13:57:38] [Writer] 第460章已保存（6181字） -> D:\AiProject\Node\novels\chapters\chapter_0460.txt
[2026-05-16 13:57:40] [Writer] 全部完成
[2026-05-16 13:57:42] [Writer] 第458章已保存（6871字） -> D:\AiProject\Node\novels\chapters\chapter_0458.txt
[2026-05-16 13:57:44] [Writer] 全部完成
[2026-05-16 13:59:16] [Writer] 正在生成第467章...
[2026-05-16 13:59:16] [Writer] 正在生成第461章...
[2026-05-16 13:59:16] [Writer] 正在生成第463章...
[2026-05-16 13:59:16] [Writer] 正在生成第469章...
[2026-05-16 13:59:16] [Writer] 正在生成第465章...
[2026-05-16 14:00:16] [Writer] 第465章已保存（4260字） -> D:\AiProject\Node\novels\chapters\chapter_0465.txt
[2026-05-16 14:00:18] [Writer] 正在生成第466章...
[2026-05-16 14:00:22] [Writer] 第461章已保存（4679字） -> D:\AiProject\Node\novels\chapters\chapter_0461.txt
[2026-05-16 14:00:24] [Writer] 正在生成第462章...
[2026-05-16 14:00:37] [Writer] 第463章已保存（5063字） -> D:\AiProject\Node\novels\chapters\chapter_0463.txt
[2026-05-16 14:00:39] [Writer] 正在生成第464章...
[2026-05-16 14:00:46] [Writer] 第469章已保存（6367字） -> D:\AiProject\Node\novels\chapters\chapter_0469.txt
[2026-05-16 14:00:47] [Writer] 第467章已保存（6581字） -> D:\AiProject\Node\novels\chapters\chapter_0467.txt
[2026-05-16 14:00:48] [Writer] 正在生成第470章...
[2026-05-16 14:00:49] [Writer] 正在生成第468章...
[2026-05-16 14:01:24] [Writer] 第462章已保存（4175字） -> D:\AiProject\Node\novels\chapters\chapter_0462.txt
[2026-05-16 14:01:26] [Writer] 全部完成
[2026-05-16 14:01:46] [Writer] 第466章已保存（6235字） -> D:\AiProject\Node\novels\chapters\chapter_0466.txt
[2026-05-16 14:01:48] [Writer] 全部完成
[2026-05-16 14:01:59] [Writer] 第470章已保存（4726字） -> D:\AiProject\Node\novels\chapters\chapter_0470.txt
[2026-05-16 14:02:01] [Writer] 全部完成
[2026-05-16 14:02:06] [Writer] 第464章已保存（5677字） -> D:\AiProject\Node\novels\chapters\chapter_0464.txt
[2026-05-16 14:02:08] [Writer] 全部完成
[2026-05-16 14:02:12] [Writer] 第468章已保存（5714字） -> D:\AiProject\Node\novels\chapters\chapter_0468.txt
[2026-05-16 14:02:14] [Writer] 全部完成
[2026-05-16 14:03:51] [Writer] 正在生成第475章...
[2026-05-16 14:03:51] [Writer] 正在生成第473章...
[2026-05-16 14:03:51] [Writer] 正在生成第471章...
[2026-05-16 14:03:51] [Writer] 正在生成第477章...
[2026-05-16 14:03:51] [Writer] 正在生成第479章...
[2026-05-16 14:04:53] [Writer] 第471章已保存（4172字） -> D:\AiProject\Node\novels\chapters\chapter_0471.txt
[2026-05-16 14:04:55] [Writer] 第475章已保存（4312字） -> D:\AiProject\Node\novels\chapters\chapter_0475.txt
[2026-05-16 14:04:55] [Writer] 正在生成第472章...
[2026-05-16 14:04:57] [Writer] 正在生成第476章...
[2026-05-16 14:05:04] [Writer] 第473章已保存（4925字） -> D:\AiProject\Node\novels\chapters\chapter_0473.txt
[2026-05-16 14:05:06] [Writer] 正在生成第474章...
[2026-05-16 14:05:39] [Writer] 第477章已保存（6984字） -> D:\AiProject\Node\novels\chapters\chapter_0477.txt
[2026-05-16 14:05:41] [Writer] 正在生成第478章...
[2026-05-16 14:05:56] [Writer] 第479章已保存（8459字） -> D:\AiProject\Node\novels\chapters\chapter_0479.txt
[2026-05-16 14:05:58] [Writer] 正在生成第480章...
[2026-05-16 14:06:00] [Writer] 第472章已保存（4466字） -> D:\AiProject\Node\novels\chapters\chapter_0472.txt
[2026-05-16 14:06:02] [Writer] 全部完成
[2026-05-16 14:06:08] [Writer] 第476章已保存（4801字） -> D:\AiProject\Node\novels\chapters\chapter_0476.txt
[2026-05-16 14:06:10] [Writer] 全部完成
[2026-05-16 14:06:29] [Writer] 第474章已保存（5496字） -> D:\AiProject\Node\novels\chapters\chapter_0474.txt
[2026-05-16 14:06:31] [Writer] 全部完成
[2026-05-16 14:07:17] [Writer] 第478章已保存（6362字） -> D:\AiProject\Node\novels\chapters\chapter_0478.txt
[2026-05-16 14:07:19] [Writer] 全部完成
[2026-05-16 14:07:42] [Writer] 第480章已保存（7830字） -> D:\AiProject\Node\novels\chapters\chapter_0480.txt
[2026-05-16 14:07:44] [Writer] 全部完成
[2026-05-16 14:09:03] [Writer] 正在生成第481章...
[2026-05-16 14:09:03] [Writer] 正在生成第483章...
[2026-05-16 14:09:03] [Writer] 正在生成第485章...
[2026-05-16 14:09:03] [Writer] 正在生成第489章...
[2026-05-16 14:09:03] [Writer] 正在生成第487章...
[2026-05-16 14:09:58] [Writer] 第483章已保存（3819字） -> D:\AiProject\Node\novels\chapters\chapter_0483.txt
[2026-05-16 14:10:00] [Writer] 正在生成第484章...
[2026-05-16 14:10:04] [Writer] 第489章已保存（4305字） -> D:\AiProject\Node\novels\chapters\chapter_0489.txt
[2026-05-16 14:10:06] [Writer] 正在生成第490章...
[2026-05-16 14:10:17] [Writer] 第485章已保存（5136字） -> D:\AiProject\Node\novels\chapters\chapter_0485.txt
[2026-05-16 14:10:19] [Writer] 正在生成第486章...
[2026-05-16 14:10:33] [Writer] 第487章已保存（6278字） -> D:\AiProject\Node\novels\chapters\chapter_0487.txt
[2026-05-16 14:10:35] [Writer] 正在生成第488章...
[2026-05-16 14:10:44] [Writer] 第481章已保存（7382字） -> D:\AiProject\Node\novels\chapters\chapter_0481.txt
[2026-05-16 14:10:46] [Writer] 正在生成第482章...
[2026-05-16 14:11:17] [Writer] 第484章已保存（4806字） -> D:\AiProject\Node\novels\chapters\chapter_0484.txt
[2026-05-16 14:11:19] [Writer] 全部完成
[2026-05-16 14:11:26] [Writer] 第490章已保存（5573字） -> D:\AiProject\Node\novels\chapters\chapter_0490.txt
[2026-05-16 14:11:28] [Writer] 全部完成
[2026-05-16 14:11:37] [Writer] 第488章已保存（4280字） -> D:\AiProject\Node\novels\chapters\chapter_0488.txt
[2026-05-16 14:11:39] [Writer] 全部完成
[2026-05-16 14:11:54] [Writer] 第486章已保存（5542字） -> D:\AiProject\Node\novels\chapters\chapter_0486.txt
[2026-05-16 14:11:56] [Writer] 全部完成
[2026-05-16 14:12:10] [Writer] 第482章已保存（6184字） -> D:\AiProject\Node\novels\chapters\chapter_0482.txt
[2026-05-16 14:12:12] [Writer] 全部完成
[2026-05-16 14:13:21] [Writer] 正在生成第491章...
[2026-05-16 14:13:21] [Writer] 正在生成第495章...
[2026-05-16 14:13:21] [Writer] 正在生成第499章...
[2026-05-16 14:13:21] [Writer] 正在生成第493章...
[2026-05-16 14:13:21] [Writer] 正在生成第497章...
[2026-05-16 14:14:31] [Writer] 第493章已保存（4577字） -> D:\AiProject\Node\novels\chapters\chapter_0493.txt
[2026-05-16 14:14:33] [Writer] 正在生成第494章...
[2026-05-16 14:14:34] [Writer] 第491章已保存（5708字） -> D:\AiProject\Node\novels\chapters\chapter_0491.txt
[2026-05-16 14:14:35] [Writer] 第499章已保存（4755字） -> D:\AiProject\Node\novels\chapters\chapter_0499.txt
[2026-05-16 14:14:36] [Writer] 正在生成第492章...
[2026-05-16 14:14:37] [Writer] 正在生成第500章...
[2026-05-16 14:14:39] [Writer] 第497章已保存（5678字） -> D:\AiProject\Node\novels\chapters\chapter_0497.txt
[2026-05-16 14:14:40] [Writer] 第495章已保存（5470字） -> D:\AiProject\Node\novels\chapters\chapter_0495.txt
[2026-05-16 14:14:41] [Writer] 正在生成第498章...
[2026-05-16 14:14:42] [Writer] 正在生成第496章...
[2026-05-16 14:15:51] [Writer] 第500章已保存（6050字） -> D:\AiProject\Node\novels\chapters\chapter_0500.txt
[2026-05-16 14:15:53] [Writer] 第496章已保存（5396字） -> D:\AiProject\Node\novels\chapters\chapter_0496.txt
[2026-05-16 14:15:53] [Writer] 全部完成
[2026-05-16 14:15:55] [Writer] 全部完成
[2026-05-16 14:15:59] [Writer] 第494章已保存（3041字） -> D:\AiProject\Node\novels\chapters\chapter_0494.txt
[2026-05-16 14:16:01] [Writer] 全部完成
[2026-05-16 14:16:12] [Writer] 第498章已保存（6844字） -> D:\AiProject\Node\novels\chapters\chapter_0498.txt
[2026-05-16 14:16:14] [Writer] 全部完成
[2026-05-16 14:16:27] [Writer] 第492章已保存（8063字） -> D:\AiProject\Node\novels\chapters\chapter_0492.txt
[2026-05-16 14:16:29] [Writer] 全部完成
[2026-05-16 14:17:53] [Writer] 正在生成第503章...
[2026-05-16 14:17:53] [Writer] 正在生成第507章...
[2026-05-16 14:17:53] [Writer] 正在生成第509章...
[2026-05-16 14:17:53] [Writer] 正在生成第501章...
[2026-05-16 14:17:54] [Writer] 正在生成第505章...
[2026-05-16 14:18:55] [Writer] 第509章已保存（4377字） -> D:\AiProject\Node\novels\chapters\chapter_0509.txt
[2026-05-16 14:18:57] [Writer] 正在生成第510章...
[2026-05-16 14:18:58] [Writer] 第505章已保存（4655字） -> D:\AiProject\Node\novels\chapters\chapter_0505.txt
[2026-05-16 14:19:00] [Writer] 正在生成第506章...
[2026-05-16 14:19:02] [Writer] 第503章已保存（4923字） -> D:\AiProject\Node\novels\chapters\chapter_0503.txt
[2026-05-16 14:19:04] [Writer] 正在生成第504章...
[2026-05-16 14:19:10] [Writer] 第501章已保存（5615字） -> D:\AiProject\Node\novels\chapters\chapter_0501.txt
[2026-05-16 14:19:12] [Writer] 正在生成第502章...
[2026-05-16 14:19:30] [Writer] 第507章已保存（7198字） -> D:\AiProject\Node\novels\chapters\chapter_0507.txt
[2026-05-16 14:19:32] [Writer] 正在生成第508章...
[2026-05-16 14:20:07] [Writer] 第506章已保存（4346字） -> D:\AiProject\Node\novels\chapters\chapter_0506.txt
[2026-05-16 14:20:09] [Writer] 全部完成
[2026-05-16 14:20:21] [Writer] 第502章已保存（5031字） -> D:\AiProject\Node\novels\chapters\chapter_0502.txt
[2026-05-16 14:20:23] [Writer] 全部完成
[2026-05-16 14:20:28] [Writer] 第510章已保存（7121字） -> D:\AiProject\Node\novels\chapters\chapter_0510.txt
[2026-05-16 14:20:30] [Writer] 全部完成
[2026-05-16 14:20:34] [Writer] 第504章已保存（6387字） -> D:\AiProject\Node\novels\chapters\chapter_0504.txt
[2026-05-16 14:20:36] [Writer] 全部完成
[2026-05-16 14:22:09] [Writer] 第508章已保存（6457字） -> D:\AiProject\Node\novels\chapters\chapter_0508.txt
[2026-05-16 14:22:11] [Writer] 全部完成
[2026-05-16 14:23:34] [Writer] 正在生成第511章...
[2026-05-16 14:23:34] [Writer] 正在生成第513章...
[2026-05-16 14:23:34] [Writer] 正在生成第515章...
[2026-05-16 14:23:34] [Writer] 正在生成第519章...
[2026-05-16 14:23:34] [Writer] 正在生成第517章...
[2026-05-16 14:24:40] [Writer] 第511章已保存（4996字） -> D:\AiProject\Node\novels\chapters\chapter_0511.txt
[2026-05-16 14:24:42] [Writer] 正在生成第512章...
[2026-05-16 14:24:44] [Writer] 第519章已保存（5322字） -> D:\AiProject\Node\novels\chapters\chapter_0519.txt
[2026-05-16 14:24:46] [Writer] 正在生成第520章...
[2026-05-16 14:24:54] [Writer] 第515章已保存（5405字） -> D:\AiProject\Node\novels\chapters\chapter_0515.txt
[2026-05-16 14:24:56] [Writer] 正在生成第516章...
[2026-05-16 14:25:00] [Writer] 第513章已保存（6733字） -> D:\AiProject\Node\novels\chapters\chapter_0513.txt
[2026-05-16 14:25:02] [Writer] 正在生成第514章...
[2026-05-16 14:25:27] [Writer] 第517章已保存（8197字） -> D:\AiProject\Node\novels\chapters\chapter_0517.txt
[2026-05-16 14:25:29] [Writer] 正在生成第518章...
[2026-05-16 14:25:42] [Writer] 第520章已保存（3792字） -> D:\AiProject\Node\novels\chapters\chapter_0520.txt
[2026-05-16 14:25:44] [Writer] 全部完成
[2026-05-16 14:25:58] [Writer] 第512章已保存（5253字） -> D:\AiProject\Node\novels\chapters\chapter_0512.txt
[2026-05-16 14:26:00] [Writer] 全部完成
[2026-05-16 14:26:06] [Writer] 第516章已保存（4354字） -> D:\AiProject\Node\novels\chapters\chapter_0516.txt
[2026-05-16 14:26:08] [Writer] 全部完成
[2026-05-16 14:26:21] [Writer] 第514章已保存（6446字） -> D:\AiProject\Node\novels\chapters\chapter_0514.txt
[2026-05-16 14:26:23] [Writer] 全部完成
[2026-05-16 14:26:28] [Writer] 第518章已保存（4000字） -> D:\AiProject\Node\novels\chapters\chapter_0518.txt
[2026-05-16 14:26:30] [Writer] 全部完成
[2026-05-16 14:27:55] [Writer] 正在生成第521章...
[2026-05-16 14:27:55] [Writer] 正在生成第523章...
[2026-05-16 14:27:55] [Writer] 正在生成第527章...
[2026-05-16 14:27:55] [Writer] 正在生成第525章...
[2026-05-16 14:27:55] [Writer] 正在生成第529章...
[2026-05-16 14:29:02] [Writer] 第529章已保存（4831字） -> D:\AiProject\Node\novels\chapters\chapter_0529.txt
[2026-05-16 14:29:04] [Writer] 正在生成第530章...
[2026-05-16 14:29:10] [Writer] 第523章已保存（5698字） -> D:\AiProject\Node\novels\chapters\chapter_0523.txt
[2026-05-16 14:29:11] [Writer] 第521章已保存（5003字） -> D:\AiProject\Node\novels\chapters\chapter_0521.txt
[2026-05-16 14:29:12] [Writer] 正在生成第524章...
[2026-05-16 14:29:13] [Writer] 第525章已保存（5652字） -> D:\AiProject\Node\novels\chapters\chapter_0525.txt
[2026-05-16 14:29:13] [Writer] 正在生成第522章...
[2026-05-16 14:29:15] [Writer] 正在生成第526章...
[2026-05-16 14:29:22] [Writer] 第527章已保存（5891字） -> D:\AiProject\Node\novels\chapters\chapter_0527.txt
[2026-05-16 14:29:24] [Writer] 正在生成第528章...
[2026-05-16 14:30:13] [Writer] 第522章已保存（4360字） -> D:\AiProject\Node\novels\chapters\chapter_0522.txt
[2026-05-16 14:30:15] [Writer] 全部完成
[2026-05-16 14:30:24] [Writer] 第530章已保存（6307字） -> D:\AiProject\Node\novels\chapters\chapter_0530.txt
[2026-05-16 14:30:26] [Writer] 全部完成
[2026-05-16 14:30:30] [Writer] 第526章已保存（5778字） -> D:\AiProject\Node\novels\chapters\chapter_0526.txt
[2026-05-16 14:30:32] [Writer] 全部完成
[2026-05-16 14:30:36] [Writer] 第528章已保存（5329字） -> D:\AiProject\Node\novels\chapters\chapter_0528.txt
[2026-05-16 14:30:38] [Writer] 全部完成
[2026-05-16 14:31:00] [Writer] 第524章已保存（8335字） -> D:\AiProject\Node\novels\chapters\chapter_0524.txt
[2026-05-16 14:31:02] [Writer] 全部完成
[2026-05-16 14:32:28] [Writer] 正在生成第533章...
[2026-05-16 14:32:28] [Writer] 正在生成第537章...
[2026-05-16 14:32:28] [Writer] 正在生成第539章...
[2026-05-16 14:32:28] [Writer] 正在生成第531章...
[2026-05-16 14:32:28] [Writer] 正在生成第535章...
[2026-05-16 14:33:37] [Writer] 第531章已保存（5081字） -> D:\AiProject\Node\novels\chapters\chapter_0531.txt
[2026-05-16 14:33:39] [Writer] 正在生成第532章...
[2026-05-16 14:33:41] [Writer] 第535章已保存（4997字） -> D:\AiProject\Node\novels\chapters\chapter_0535.txt
[2026-05-16 14:33:43] [Writer] 正在生成第536章...
[2026-05-16 14:33:44] [Writer] 第537章已保存（5371字） -> D:\AiProject\Node\novels\chapters\chapter_0537.txt
[2026-05-16 14:33:46] [Writer] 正在生成第538章...
[2026-05-16 14:33:47] [Writer] 第533章已保存（5146字） -> D:\AiProject\Node\novels\chapters\chapter_0533.txt
[2026-05-16 14:33:49] [Writer] 正在生成第534章...
[2026-05-16 14:33:54] [Writer] 第539章已保存（6481字） -> D:\AiProject\Node\novels\chapters\chapter_0539.txt
[2026-05-16 14:33:56] [Writer] 正在生成第540章...
[2026-05-16 14:34:34] [Writer] 第534章已保存（3229字） -> D:\AiProject\Node\novels\chapters\chapter_0534.txt
[2026-05-16 14:34:36] [Writer] 全部完成
[2026-05-16 14:34:46] [Writer] 第536章已保存（4163字） -> D:\AiProject\Node\novels\chapters\chapter_0536.txt
[2026-05-16 14:34:48] [Writer] 全部完成
[2026-05-16 14:34:49] [Writer] 第532章已保存（4837字） -> D:\AiProject\Node\novels\chapters\chapter_0532.txt
[2026-05-16 14:34:51] [Writer] 全部完成
[2026-05-16 14:34:55] [Writer] 第540章已保存（4009字） -> D:\AiProject\Node\novels\chapters\chapter_0540.txt
[2026-05-16 14:34:57] [Writer] 全部完成
[2026-05-16 14:35:16] [Writer] 第538章已保存（6010字） -> D:\AiProject\Node\novels\chapters\chapter_0538.txt
[2026-05-16 14:35:18] [Writer] 全部完成
[2026-05-16 14:36:37] [Writer] 正在生成第549章...
[2026-05-16 14:36:37] [Writer] 正在生成第543章...
[2026-05-16 14:36:37] [Writer] 正在生成第545章...
[2026-05-16 14:36:37] [Writer] 正在生成第541章...
[2026-05-16 14:36:37] [Writer] 正在生成第547章...
[2026-05-16 14:37:36] [Writer] 第549章已保存（4186字） -> D:\AiProject\Node\novels\chapters\chapter_0549.txt
[2026-05-16 14:37:38] [Writer] 正在生成第550章...
[2026-05-16 14:37:38] [Writer] 第545章已保存（5012字） -> D:\AiProject\Node\novels\chapters\chapter_0545.txt
[2026-05-16 14:37:40] [Writer] 正在生成第546章...
[2026-05-16 14:37:51] [Writer] 第543章已保存（4509字） -> D:\AiProject\Node\novels\chapters\chapter_0543.txt
[2026-05-16 14:37:52] [Writer] 第547章已保存（4792字） -> D:\AiProject\Node\novels\chapters\chapter_0547.txt
[2026-05-16 14:37:53] [Writer] 正在生成第544章...
[2026-05-16 14:37:54] [Writer] 正在生成第548章...
[2026-05-16 14:38:40] [Writer] 第550章已保存（4268字） -> D:\AiProject\Node\novels\chapters\chapter_0550.txt
[2026-05-16 14:38:42] [Writer] 全部完成
[2026-05-16 14:38:50] [Writer] 第541章已保存（8745字） -> D:\AiProject\Node\novels\chapters\chapter_0541.txt
[2026-05-16 14:38:52] [Writer] 正在生成第542章...
[2026-05-16 14:39:00] [Writer] 第546章已保存（5778字） -> D:\AiProject\Node\novels\chapters\chapter_0546.txt
[2026-05-16 14:39:02] [Writer] 第544章已保存（4703字） -> D:\AiProject\Node\novels\chapters\chapter_0544.txt
[2026-05-16 14:39:02] [Writer] 全部完成
[2026-05-16 14:39:04] [Writer] 全部完成
[2026-05-16 14:39:32] [Writer] 第548章已保存（7297字） -> D:\AiProject\Node\novels\chapters\chapter_0548.txt
[2026-05-16 14:39:34] [Writer] 全部完成
[2026-05-16 14:40:16] [Writer] 第542章已保存（5776字） -> D:\AiProject\Node\novels\chapters\chapter_0542.txt
[2026-05-16 14:40:18] [Writer] 全部完成
[2026-05-16 14:41:47] [Writer] 正在生成第551章...
[2026-05-16 14:41:47] [Writer] 正在生成第553章...
[2026-05-16 14:41:47] [Writer] 正在生成第557章...
[2026-05-16 14:41:47] [Writer] 正在生成第555章...
[2026-05-16 14:41:47] [Writer] 正在生成第559章...
[2026-05-16 14:42:35] [Writer] 第559章已保存（3477字） -> D:\AiProject\Node\novels\chapters\chapter_0559.txt
[2026-05-16 14:42:37] [Writer] 正在生成第560章...
[2026-05-16 14:43:05] [Writer] 第551章已保存（7715字） -> D:\AiProject\Node\novels\chapters\chapter_0551.txt
[2026-05-16 14:43:07] [Writer] 正在生成第552章...
[2026-05-16 14:43:08] [Writer] 第555章已保存（5721字） -> D:\AiProject\Node\novels\chapters\chapter_0555.txt
[2026-05-16 14:43:09] [Writer] 第553章已保存（5338字） -> D:\AiProject\Node\novels\chapters\chapter_0553.txt
[2026-05-16 14:43:10] [Writer] 正在生成第556章...
[2026-05-16 14:43:11] [Writer] 正在生成第554章...
[2026-05-16 14:43:28] [Writer] 第557章已保存（7480字） -> D:\AiProject\Node\novels\chapters\chapter_0557.txt
[2026-05-16 14:43:30] [Writer] 正在生成第558章...
[2026-05-16 14:43:55] [Writer] 第554章生成失败，重试(1/3)...
[2026-05-16 14:44:00] [Writer] 正在生成第554章...
[2026-05-16 14:44:03] [Writer] 第560章已保存（6225字） -> D:\AiProject\Node\novels\chapters\chapter_0560.txt
[2026-05-16 14:44:05] [Writer] 全部完成
[2026-05-16 14:44:19] [Writer] 第552章已保存（5174字） -> D:\AiProject\Node\novels\chapters\chapter_0552.txt
[2026-05-16 14:44:21] [Writer] 全部完成
[2026-05-16 14:44:37] [Writer] 第556章已保存（6524字） -> D:\AiProject\Node\novels\chapters\chapter_0556.txt
[2026-05-16 14:44:39] [Writer] 全部完成
[2026-05-16 14:45:04] [Writer] 第554章已保存（4469字） -> D:\AiProject\Node\novels\chapters\chapter_0554.txt
[2026-05-16 14:45:06] [Writer] 全部完成
[2026-05-16 14:45:09] [Writer] 第558章已保存（3890字） -> D:\AiProject\Node\novels\chapters\chapter_0558.txt
[2026-05-16 14:45:11] [Writer] 全部完成
[2026-05-16 14:46:41] [Writer] 正在生成第561章...
[2026-05-16 14:46:41] [Writer] 正在生成第563章...
[2026-05-16 14:46:41] [Writer] 正在生成第567章...
[2026-05-16 14:46:41] [Writer] 正在生成第565章...
[2026-05-16 14:46:41] [Writer] 正在生成第569章...
[2026-05-16 14:47:42] [Writer] 第569章已保存（4246字） -> D:\AiProject\Node\novels\chapters\chapter_0569.txt
[2026-05-16 14:47:44] [Writer] 正在生成第570章...
[2026-05-16 14:47:47] [Writer] 第563章已保存（4298字） -> D:\AiProject\Node\novels\chapters\chapter_0563.txt
[2026-05-16 14:47:49] [Writer] 正在生成第564章...
[2026-05-16 14:47:53] [Writer] 第565章已保存（1834字） -> D:\AiProject\Node\novels\chapters\chapter_0565.txt
[2026-05-16 14:47:55] [Writer] 正在生成第566章...
[2026-05-16 14:48:02] [Writer] 第567章已保存（5791字） -> D:\AiProject\Node\novels\chapters\chapter_0567.txt
[2026-05-16 14:48:04] [Writer] 正在生成第568章...
[2026-05-16 14:48:05] [Writer] 第561章已保存（5776字） -> D:\AiProject\Node\novels\chapters\chapter_0561.txt
[2026-05-16 14:48:07] [Writer] 正在生成第562章...
[2026-05-16 14:49:06] [Writer] 第570章已保存（5063字） -> D:\AiProject\Node\novels\chapters\chapter_0570.txt
[2026-05-16 14:49:07] [Writer] 第564章已保存（6331字） -> D:\AiProject\Node\novels\chapters\chapter_0564.txt
[2026-05-16 14:49:07] [Writer] 第562章已保存（4450字） -> D:\AiProject\Node\novels\chapters\chapter_0562.txt
[2026-05-16 14:49:08] [Writer] 全部完成
[2026-05-16 14:49:09] [Writer] 全部完成
[2026-05-16 14:49:09] [Writer] 全部完成
[2026-05-16 14:49:10] [Writer] 第566章已保存（5240字） -> D:\AiProject\Node\novels\chapters\chapter_0566.txt
[2026-05-16 14:49:12] [Writer] 全部完成
[2026-05-16 14:49:27] [Writer] 第568章已保存（5588字） -> D:\AiProject\Node\novels\chapters\chapter_0568.txt
[2026-05-16 14:49:29] [Writer] 全部完成
[2026-05-16 14:50:49] [Writer] 正在生成第571章...
[2026-05-16 14:50:49] [Writer] 正在生成第577章...
[2026-05-16 14:50:49] [Writer] 正在生成第579章...
[2026-05-16 14:50:49] [Writer] 正在生成第573章...
[2026-05-16 14:50:49] [Writer] 正在生成第575章...
[2026-05-16 14:51:50] [Writer] 第577章已保存（4281字） -> D:\AiProject\Node\novels\chapters\chapter_0577.txt
[2026-05-16 14:51:52] [Writer] 正在生成第578章...
[2026-05-16 14:51:53] [Writer] 第571章已保存（4496字） -> D:\AiProject\Node\novels\chapters\chapter_0571.txt
[2026-05-16 14:51:55] [Writer] 正在生成第572章...
[2026-05-16 14:52:07] [Writer] 第575章已保存（5464字） -> D:\AiProject\Node\novels\chapters\chapter_0575.txt
[2026-05-16 14:52:09] [Writer] 正在生成第576章...
[2026-05-16 14:52:19] [Writer] 第579章已保存（6732字） -> D:\AiProject\Node\novels\chapters\chapter_0579.txt
[2026-05-16 14:52:21] [Writer] 正在生成第580章...
[2026-05-16 14:52:40] [Writer] 第573章生成失败，重试(1/3)...
[2026-05-16 14:52:45] [Writer] 正在生成第573章...
[2026-05-16 14:53:09] [Writer] 第580章已保存（3381字） -> D:\AiProject\Node\novels\chapters\chapter_0580.txt
[2026-05-16 14:53:11] [Writer] 全部完成
[2026-05-16 14:53:14] [Writer] 第578章已保存（6280字） -> D:\AiProject\Node\novels\chapters\chapter_0578.txt
[2026-05-16 14:53:16] [Writer] 全部完成
[2026-05-16 14:53:30] [Writer] 第576章已保存（6242字） -> D:\AiProject\Node\novels\chapters\chapter_0576.txt
[2026-05-16 14:53:32] [Writer] 全部完成
[2026-05-16 14:53:54] [Writer] 第572章生成失败，重试(1/3)...
[2026-05-16 14:53:59] [Writer] 正在生成第572章...
[2026-05-16 14:54:01] [Writer] 第573章已保存（5057字） -> D:\AiProject\Node\novels\chapters\chapter_0573.txt
[2026-05-16 14:54:03] [Writer] 正在生成第574章...
[2026-05-16 14:55:05] [Writer] 第574章已保存（4440字） -> D:\AiProject\Node\novels\chapters\chapter_0574.txt
[2026-05-16 14:55:07] [Writer] 全部完成
[2026-05-16 14:55:30] [Writer] 第572章已保存（6037字） -> D:\AiProject\Node\novels\chapters\chapter_0572.txt
[2026-05-16 14:55:32] [Writer] 全部完成
[2026-05-16 14:56:56] [Writer] 正在生成第581章...
[2026-05-16 14:56:56] [Writer] 正在生成第583章...
[2026-05-16 14:56:56] [Writer] 正在生成第589章...
[2026-05-16 14:56:56] [Writer] 正在生成第587章...
[2026-05-16 14:56:56] [Writer] 正在生成第585章...
[2026-05-16 14:58:02] [Writer] 第589章已保存（4345字） -> D:\AiProject\Node\novels\chapters\chapter_0589.txt
[2026-05-16 14:58:04] [Writer] 正在生成第590章...
[2026-05-16 14:58:07] [Writer] 第581章已保存（4331字） -> D:\AiProject\Node\novels\chapters\chapter_0581.txt
[2026-05-16 14:58:09] [Writer] 正在生成第582章...
[2026-05-16 14:58:14] [Writer] 第587章已保存（5594字） -> D:\AiProject\Node\novels\chapters\chapter_0587.txt
[2026-05-16 14:58:14] [Writer] 第585章已保存（4983字） -> D:\AiProject\Node\novels\chapters\chapter_0585.txt
[2026-05-16 14:58:16] [Writer] 正在生成第588章...
[2026-05-16 14:58:16] [Writer] 正在生成第586章...
[2026-05-16 14:58:36] [Writer] 第583章已保存（7738字） -> D:\AiProject\Node\novels\chapters\chapter_0583.txt
[2026-05-16 14:58:38] [Writer] 正在生成第584章...
[2026-05-16 14:59:25] [Writer] 第582章已保存（14238字） -> D:\AiProject\Node\novels\chapters\chapter_0582.txt
[2026-05-16 14:59:25] [Writer] 第588章已保存（4902字） -> D:\AiProject\Node\novels\chapters\chapter_0588.txt
[2026-05-16 14:59:27] [Writer] 全部完成
[2026-05-16 14:59:27] [Writer] 全部完成
[2026-05-16 14:59:36] [Writer] 第590章已保存（6428字） -> D:\AiProject\Node\novels\chapters\chapter_0590.txt
[2026-05-16 14:59:37] [Writer] 第586章已保存（6150字） -> D:\AiProject\Node\novels\chapters\chapter_0586.txt
[2026-05-16 14:59:38] [Writer] 全部完成
[2026-05-16 14:59:39] [Writer] 全部完成
[2026-05-16 14:59:51] [Writer] 第584章已保存（5492字） -> D:\AiProject\Node\novels\chapters\chapter_0584.txt
[2026-05-16 14:59:53] [Writer] 全部完成
[2026-05-16 15:01:21] [Writer] 正在生成第593章...
[2026-05-16 15:01:21] [Writer] 正在生成第591章...
[2026-05-16 15:01:21] [Writer] 正在生成第597章...
[2026-05-16 15:01:21] [Writer] 正在生成第595章...
[2026-05-16 15:01:21] [Writer] 正在生成第599章...
[2026-05-16 15:02:17] [Writer] 第593章已保存（4305字） -> D:\AiProject\Node\novels\chapters\chapter_0593.txt
[2026-05-16 15:02:19] [Writer] 正在生成第594章...
[2026-05-16 15:02:24] [Writer] 第591章已保存（4257字） -> D:\AiProject\Node\novels\chapters\chapter_0591.txt
[2026-05-16 15:02:26] [Writer] 正在生成第592章...
[2026-05-16 15:02:28] [Writer] 第599章已保存（4407字） -> D:\AiProject\Node\novels\chapters\chapter_0599.txt
[2026-05-16 15:02:30] [Writer] 正在生成第600章...
[2026-05-16 15:02:30] [Writer] 第595章已保存（4272字） -> D:\AiProject\Node\novels\chapters\chapter_0595.txt
[2026-05-16 15:02:32] [Writer] 正在生成第596章...
[2026-05-16 15:02:54] [Writer] 第597章已保存（6542字） -> D:\AiProject\Node\novels\chapters\chapter_0597.txt
[2026-05-16 15:02:56] [Writer] 正在生成第598章...
[2026-05-16 15:03:21] [Writer] 第600章已保存（3669字） -> D:\AiProject\Node\novels\chapters\chapter_0600.txt
[2026-05-16 15:03:23] [Writer] 全部完成
[2026-05-16 15:03:31] [Writer] 第592章已保存（4188字） -> D:\AiProject\Node\novels\chapters\chapter_0592.txt
[2026-05-16 15:03:33] [Writer] 全部完成
[2026-05-16 15:03:36] [Writer] 第594章已保存（4993字） -> D:\AiProject\Node\novels\chapters\chapter_0594.txt
[2026-05-16 15:03:38] [Writer] 全部完成
[2026-05-16 15:03:56] [Writer] 第598章已保存（3705字） -> D:\AiProject\Node\novels\chapters\chapter_0598.txt
[2026-05-16 15:03:58] [Writer] 全部完成
[2026-05-16 15:03:59] [Writer] 第596章已保存（5544字） -> D:\AiProject\Node\novels\chapters\chapter_0596.txt
[2026-05-16 15:04:01] [Writer] 全部完成
[2026-05-16 15:05:23] [Writer] 正在生成第601章...
[2026-05-16 15:05:23] [Writer] 正在生成第603章...
[2026-05-16 15:05:23] [Writer] 正在生成第609章...
[2026-05-16 15:05:23] [Writer] 正在生成第605章...
[2026-05-16 15:05:23] [Writer] 正在生成第607章...
[2026-05-16 15:06:36] [Writer] 第603章已保存（4720字） -> D:\AiProject\Node\novels\chapters\chapter_0603.txt
[2026-05-16 15:06:38] [Writer] 正在生成第604章...
[2026-05-16 15:06:45] [Writer] 第609章已保存（5115字） -> D:\AiProject\Node\novels\chapters\chapter_0609.txt
[2026-05-16 15:06:47] [Writer] 第605章已保存（6073字） -> D:\AiProject\Node\novels\chapters\chapter_0605.txt
[2026-05-16 15:06:47] [Writer] 正在生成第610章...
[2026-05-16 15:06:49] [Writer] 正在生成第606章...
[2026-05-16 15:06:51] [Writer] 第607章已保存（6067字） -> D:\AiProject\Node\novels\chapters\chapter_0607.txt
[2026-05-16 15:06:53] [Writer] 正在生成第608章...
[2026-05-16 15:06:57] [Writer] 第601章已保存（5189字） -> D:\AiProject\Node\novels\chapters\chapter_0601.txt
[2026-05-16 15:06:59] [Writer] 正在生成第602章...
[2026-05-16 15:08:03] [Writer] 第604章已保存（5397字） -> D:\AiProject\Node\novels\chapters\chapter_0604.txt
[2026-05-16 15:08:05] [Writer] 全部完成
[2026-05-16 15:08:13] [Writer] 第610章已保存（5801字） -> D:\AiProject\Node\novels\chapters\chapter_0610.txt
[2026-05-16 15:08:14] [Writer] 第606章已保存（5682字） -> D:\AiProject\Node\novels\chapters\chapter_0606.txt
[2026-05-16 15:08:14] [Writer] 第608章已保存（5693字） -> D:\AiProject\Node\novels\chapters\chapter_0608.txt
[2026-05-16 15:08:15] [Writer] 全部完成
[2026-05-16 15:08:16] [Writer] 全部完成
[2026-05-16 15:08:16] [Writer] 全部完成
[2026-05-16 15:08:18] [Writer] 第602章已保存（5571字） -> D:\AiProject\Node\novels\chapters\chapter_0602.txt
[2026-05-16 15:08:20] [Writer] 全部完成
[2026-05-16 15:09:53] [Writer] 正在生成第615章...
[2026-05-16 15:09:53] [Writer] 正在生成第611章...
[2026-05-16 15:09:53] [Writer] 正在生成第613章...
[2026-05-16 15:09:53] [Writer] 正在生成第617章...
[2026-05-16 15:09:53] [Writer] 正在生成第619章...
[2026-05-16 15:10:59] [Writer] 第617章已保存（3948字） -> D:\AiProject\Node\novels\chapters\chapter_0617.txt
[2026-05-16 15:11:01] [Writer] 正在生成第618章...
[2026-05-16 15:11:12] [Writer] 第611章已保存（5104字） -> D:\AiProject\Node\novels\chapters\chapter_0611.txt
[2026-05-16 15:11:13] [Writer] 第619章已保存（5322字） -> D:\AiProject\Node\novels\chapters\chapter_0619.txt
[2026-05-16 15:11:14] [Writer] 正在生成第612章...
[2026-05-16 15:11:15] [Writer] 正在生成第620章...
[2026-05-16 15:11:22] [Writer] 第615章已保存（5922字） -> D:\AiProject\Node\novels\chapters\chapter_0615.txt
[2026-05-16 15:11:24] [Writer] 正在生成第616章...
[2026-05-16 15:11:43] [Writer] 第613章已保存（7395字） -> D:\AiProject\Node\novels\chapters\chapter_0613.txt
[2026-05-16 15:11:45] [Writer] 正在生成第614章...
[2026-05-16 15:12:09] [Writer] 第618章已保存（4397字） -> D:\AiProject\Node\novels\chapters\chapter_0618.txt
[2026-05-16 15:12:11] [Writer] 全部完成
[2026-05-16 15:12:19] [Writer] 第620章已保存（4310字） -> D:\AiProject\Node\novels\chapters\chapter_0620.txt
[2026-05-16 15:12:20] [Writer] 第616章已保存（4196字） -> D:\AiProject\Node\novels\chapters\chapter_0616.txt
[2026-05-16 15:12:21] [Writer] 全部完成
[2026-05-16 15:12:22] [Writer] 全部完成
[2026-05-16 15:12:24] [Writer] 第612章已保存（5002字） -> D:\AiProject\Node\novels\chapters\chapter_0612.txt
[2026-05-16 15:12:26] [Writer] 全部完成
[2026-05-16 15:12:52] [Writer] 第614章已保存（4208字） -> D:\AiProject\Node\novels\chapters\chapter_0614.txt
[2026-05-16 15:12:54] [Writer] 全部完成
[2026-05-16 15:14:22] [Writer] 正在生成第629章...
[2026-05-16 15:14:22] [Writer] 正在生成第625章...
[2026-05-16 15:14:22] [Writer] 正在生成第621章...
[2026-05-16 15:14:22] [Writer] 正在生成第623章...
[2026-05-16 15:14:22] [Writer] 正在生成第627章...
[2026-05-16 15:15:23] [Writer] 第621章已保存（4496字） -> D:\AiProject\Node\novels\chapters\chapter_0621.txt
[2026-05-16 15:15:25] [Writer] 正在生成第622章...
[2026-05-16 15:15:29] [Writer] 第623章已保存（4430字） -> D:\AiProject\Node\novels\chapters\chapter_0623.txt
[2026-05-16 15:15:31] [Writer] 正在生成第624章...
[2026-05-16 15:15:36] [Writer] 第625章已保存（4617字） -> D:\AiProject\Node\novels\chapters\chapter_0625.txt
[2026-05-16 15:15:38] [Writer] 正在生成第626章...
[2026-05-16 15:16:04] [Writer] 第627章已保存（6724字） -> D:\AiProject\Node\novels\chapters\chapter_0627.txt
[2026-05-16 15:16:06] [Writer] 正在生成第628章...
[2026-05-16 15:16:14] [Writer] 第629章已保存（6842字） -> D:\AiProject\Node\novels\chapters\chapter_0629.txt
[2026-05-16 15:16:16] [Writer] 正在生成第630章...
[2026-05-16 15:16:38] [Writer] 第624章已保存（4526字） -> D:\AiProject\Node\novels\chapters\chapter_0624.txt
[2026-05-16 15:16:40] [Writer] 全部完成
[2026-05-16 15:16:59] [Writer] 第626章已保存（5162字） -> D:\AiProject\Node\novels\chapters\chapter_0626.txt
[2026-05-16 15:16:59] [Writer] 第622章已保存（6710字） -> D:\AiProject\Node\novels\chapters\chapter_0622.txt
[2026-05-16 15:17:01] [Writer] 全部完成
[2026-05-16 15:17:01] [Writer] 全部完成
[2026-05-16 15:17:37] [Writer] 第630章已保存（5779字） -> D:\AiProject\Node\novels\chapters\chapter_0630.txt
[2026-05-16 15:17:39] [Writer] 全部完成
[2026-05-16 15:18:07] [Writer] 第628章已保存（7424字） -> D:\AiProject\Node\novels\chapters\chapter_0628.txt
[2026-05-16 15:18:09] [Writer] 全部完成
[2026-05-16 15:19:37] [Writer] 正在生成第631章...
[2026-05-16 15:19:37] [Writer] 正在生成第635章...
[2026-05-16 15:19:37] [Writer] 正在生成第637章...
[2026-05-16 15:19:37] [Writer] 正在生成第639章...
[2026-05-16 15:19:37] [Writer] 正在生成第633章...
[2026-05-16 15:20:49] [Writer] 第631章已保存（4352字） -> D:\AiProject\Node\novels\chapters\chapter_0631.txt
[2026-05-16 15:20:51] [Writer] 正在生成第632章...
[2026-05-16 15:20:56] [Writer] 第637章已保存（4814字） -> D:\AiProject\Node\novels\chapters\chapter_0637.txt
[2026-05-16 15:20:58] [Writer] 正在生成第638章...
[2026-05-16 15:21:02] [Writer] 第639章已保存（5319字） -> D:\AiProject\Node\novels\chapters\chapter_0639.txt
[2026-05-16 15:21:04] [Writer] 正在生成第640章...
[2026-05-16 15:21:22] [Writer] 第633章已保存（7348字） -> D:\AiProject\Node\novels\chapters\chapter_0633.txt
[2026-05-16 15:21:23] [Writer] 第635章已保存（7120字） -> D:\AiProject\Node\novels\chapters\chapter_0635.txt
[2026-05-16 15:21:24] [Writer] 正在生成第634章...
[2026-05-16 15:21:25] [Writer] 正在生成第636章...
[2026-05-16 15:22:08] [Writer] 第638章已保存（4627字） -> D:\AiProject\Node\novels\chapters\chapter_0638.txt
[2026-05-16 15:22:10] [Writer] 全部完成
[2026-05-16 15:22:14] [Writer] 第640章已保存（5155字） -> D:\AiProject\Node\novels\chapters\chapter_0640.txt
[2026-05-16 15:22:16] [Writer] 全部完成
[2026-05-16 15:22:31] [Writer] 第634章已保存（4751字） -> D:\AiProject\Node\novels\chapters\chapter_0634.txt
[2026-05-16 15:22:33] [Writer] 全部完成
[2026-05-16 15:22:43] [Writer] 第632章已保存（8673字） -> D:\AiProject\Node\novels\chapters\chapter_0632.txt
[2026-05-16 15:22:45] [Writer] 全部完成
[2026-05-16 15:22:49] [Writer] 第636章已保存（3914字） -> D:\AiProject\Node\novels\chapters\chapter_0636.txt
[2026-05-16 15:22:51] [Writer] 全部完成
[2026-05-16 15:24:08] [Writer] 正在生成第643章...
[2026-05-16 15:24:08] [Writer] 正在生成第641章...
[2026-05-16 15:24:08] [Writer] 正在生成第645章...
[2026-05-16 15:24:08] [Writer] 正在生成第653章...
[2026-05-16 15:24:08] [Writer] 正在生成第647章...
[2026-05-16 15:24:08] [Writer] 正在生成第655章...
[2026-05-16 15:24:08] [Writer] 正在生成第657章...
[2026-05-16 15:24:08] [Writer] 正在生成第649章...
[2026-05-16 15:24:08] [Writer] 正在生成第651章...
[2026-05-16 15:24:08] [Writer] 正在生成第659章...
[2026-05-16 15:24:52] [Writer] 第647章生成失败，重试(1/3)...
[2026-05-16 15:24:57] [Writer] 正在生成第647章...
[2026-05-16 15:25:07] [Writer] 第659章已保存（4219字） -> D:\AiProject\Node\novels\chapters\chapter_0659.txt
[2026-05-16 15:25:09] [Writer] 正在生成第660章...
[2026-05-16 15:25:12] [Writer] 第653章已保存（4179字） -> D:\AiProject\Node\novels\chapters\chapter_0653.txt
[2026-05-16 15:25:14] [Writer] 正在生成第654章...
[2026-05-16 15:25:16] [Writer] 第651章已保存（4776字） -> D:\AiProject\Node\novels\chapters\chapter_0651.txt
[2026-05-16 15:25:17] [Writer] 第649章已保存（4600字） -> D:\AiProject\Node\novels\chapters\chapter_0649.txt
[2026-05-16 15:25:17] [Writer] 第645章已保存（4703字） -> D:\AiProject\Node\novels\chapters\chapter_0645.txt
[2026-05-16 15:25:18] [Writer] 正在生成第652章...
[2026-05-16 15:25:19] [Writer] 正在生成第650章...
[2026-05-16 15:25:19] [Writer] 正在生成第646章...
[2026-05-16 15:25:23] [Writer] 第641章已保存（5102字） -> D:\AiProject\Node\novels\chapters\chapter_0641.txt
[2026-05-16 15:25:25] [Writer] 正在生成第642章...
[2026-05-16 15:25:25] [Writer] 第655章已保存（5408字） -> D:\AiProject\Node\novels\chapters\chapter_0655.txt
[2026-05-16 15:25:27] [Writer] 正在生成第656章...
[2026-05-16 15:25:35] [Writer] 第657章已保存（6122字） -> D:\AiProject\Node\novels\chapters\chapter_0657.txt
[2026-05-16 15:25:37] [Writer] 正在生成第658章...
[2026-05-16 15:25:54] [Writer] 第643章已保存（7310字） -> D:\AiProject\Node\novels\chapters\chapter_0643.txt
[2026-05-16 15:25:56] [Writer] 正在生成第644章...
[2026-05-16 15:26:23] [Writer] 第646章已保存（4901字） -> D:\AiProject\Node\novels\chapters\chapter_0646.txt
[2026-05-16 15:26:25] [Writer] 全部完成
[2026-05-16 15:26:26] [Writer] 第656章已保存（4060字） -> D:\AiProject\Node\novels\chapters\chapter_0656.txt
[2026-05-16 15:26:28] [Writer] 全部完成
[2026-05-16 15:26:29] [Writer] 第650章已保存（5218字） -> D:\AiProject\Node\novels\chapters\chapter_0650.txt
[2026-05-16 15:26:31] [Writer] 第642章已保存（4815字） -> D:\AiProject\Node\novels\chapters\chapter_0642.txt
[2026-05-16 15:26:31] [Writer] 全部完成
[2026-05-16 15:26:33] [Writer] 全部完成
[2026-05-16 15:26:33] [Writer] 第647章已保存（6799字） -> D:\AiProject\Node\novels\chapters\chapter_0647.txt
[2026-05-16 15:26:35] [Writer] 正在生成第648章...
[2026-05-16 15:26:40] [Writer] 第660章已保存（6665字） -> D:\AiProject\Node\novels\chapters\chapter_0660.txt
[2026-05-16 15:26:42] [Writer] 第652章已保存（5736字） -> D:\AiProject\Node\novels\chapters\chapter_0652.txt
[2026-05-16 15:26:42] [Writer] 全部完成
[2026-05-16 15:26:44] [Writer] 全部完成
[2026-05-16 15:26:57] [Writer] 第658章已保存（5601字） -> D:\AiProject\Node\novels\chapters\chapter_0658.txt
[2026-05-16 15:26:58] [Writer] 第654章已保存（6716字） -> D:\AiProject\Node\novels\chapters\chapter_0654.txt
[2026-05-16 15:26:59] [Writer] 全部完成
[2026-05-16 15:27:00] [Writer] 全部完成
[2026-05-16 15:27:23] [Writer] 第644章已保存（7382字） -> D:\AiProject\Node\novels\chapters\chapter_0644.txt
[2026-05-16 15:27:25] [Writer] 全部完成
[2026-05-16 15:28:30] [Writer] 第648章已保存（7926字） -> D:\AiProject\Node\novels\chapters\chapter_0648.txt
[2026-05-16 15:28:32] [Writer] 全部完成
[2026-05-16 15:30:03] [Writer] 正在生成第661章...
[2026-05-16 15:30:03] [Writer] 正在生成第665章...
[2026-05-16 15:30:03] [Writer] 正在生成第663章...
[2026-05-16 15:30:03] [Writer] 正在生成第669章...
[2026-05-16 15:30:03] [Writer] 正在生成第675章...
[2026-05-16 15:30:03] [Writer] 正在生成第667章...
[2026-05-16 15:30:03] [Writer] 正在生成第671章...
[2026-05-16 15:30:03] [Writer] 正在生成第677章...
[2026-05-16 15:30:03] [Writer] 正在生成第679章...
[2026-05-16 15:30:03] [Writer] 正在生成第673章...
[2026-05-16 15:31:02] [Writer] 第677章已保存（3644字） -> D:\AiProject\Node\novels\chapters\chapter_0677.txt
[2026-05-16 15:31:04] [Writer] 正在生成第678章...
[2026-05-16 15:31:05] [Writer] 第661章已保存（4289字） -> D:\AiProject\Node\novels\chapters\chapter_0661.txt
[2026-05-16 15:31:07] [Writer] 正在生成第662章...
[2026-05-16 15:31:16] [Writer] 第665章已保存（5185字） -> D:\AiProject\Node\novels\chapters\chapter_0665.txt
[2026-05-16 15:31:17] [Writer] 第663章已保存（5504字） -> D:\AiProject\Node\novels\chapters\chapter_0663.txt
[2026-05-16 15:31:18] [Writer] 正在生成第666章...
[2026-05-16 15:31:19] [Writer] 正在生成第664章...
[2026-05-16 15:31:21] [Writer] 第667章已保存（5318字） -> D:\AiProject\Node\novels\chapters\chapter_0667.txt
[2026-05-16 15:31:21] [Writer] 第671章已保存（5966字） -> D:\AiProject\Node\novels\chapters\chapter_0671.txt
[2026-05-16 15:31:23] [Writer] 正在生成第668章...
[2026-05-16 15:31:23] [Writer] 正在生成第672章...
[2026-05-16 15:31:26] [Writer] 第675章已保存（5361字） -> D:\AiProject\Node\novels\chapters\chapter_0675.txt
[2026-05-16 15:31:28] [Writer] 正在生成第676章...
[2026-05-16 15:31:29] [Writer] 第679章已保存（5583字） -> D:\AiProject\Node\novels\chapters\chapter_0679.txt
[2026-05-16 15:31:31] [Writer] 正在生成第680章...
[2026-05-16 15:31:36] [Writer] 第669章已保存（6058字） -> D:\AiProject\Node\novels\chapters\chapter_0669.txt
[2026-05-16 15:31:38] [Writer] 正在生成第670章...
[2026-05-16 15:32:13] [Writer] 第673章已保存（9254字） -> D:\AiProject\Node\novels\chapters\chapter_0673.txt
[2026-05-16 15:32:15] [Writer] 正在生成第674章...
[2026-05-16 15:32:16] [Writer] 第662章已保存（4888字） -> D:\AiProject\Node\novels\chapters\chapter_0662.txt
[2026-05-16 15:32:18] [Writer] 全部完成
[2026-05-16 15:32:29] [Writer] 第668章已保存（3444字） -> D:\AiProject\Node\novels\chapters\chapter_0668.txt
[2026-05-16 15:32:31] [Writer] 全部完成
[2026-05-16 15:32:37] [Writer] 第664章已保存（5232字） -> D:\AiProject\Node\novels\chapters\chapter_0664.txt
[2026-05-16 15:32:39] [Writer] 第678章已保存（5292字） -> D:\AiProject\Node\novels\chapters\chapter_0678.txt
[2026-05-16 15:32:39] [Writer] 全部完成
[2026-05-16 15:32:41] [Writer] 第666章已保存（5678字） -> D:\AiProject\Node\novels\chapters\chapter_0666.txt
[2026-05-16 15:32:41] [Writer] 全部完成
[2026-05-16 15:32:43] [Writer] 全部完成
[2026-05-16 15:32:49] [Writer] 第680章已保存（5561字） -> D:\AiProject\Node\novels\chapters\chapter_0680.txt
[2026-05-16 15:32:51] [Writer] 全部完成
[2026-05-16 15:32:58] [Writer] 第676章已保存（5806字） -> D:\AiProject\Node\novels\chapters\chapter_0676.txt
[2026-05-16 15:33:00] [Writer] 全部完成
[2026-05-16 15:33:02] [Writer] 第670章已保存（5774字） -> D:\AiProject\Node\novels\chapters\chapter_0670.txt
[2026-05-16 15:33:04] [Writer] 全部完成
[2026-05-16 15:33:14] [Writer] 第674章已保存（3997字） -> D:\AiProject\Node\novels\chapters\chapter_0674.txt
[2026-05-16 15:33:16] [Writer] 全部完成
[2026-05-16 15:33:31] [Writer] 第672章已保存（4506字） -> D:\AiProject\Node\novels\chapters\chapter_0672.txt
[2026-05-16 15:33:33] [Writer] 全部完成
[2026-05-16 15:35:09] [Writer] 正在生成第681章...
[2026-05-16 15:35:09] [Writer] 正在生成第685章...
[2026-05-16 15:35:09] [Writer] 正在生成第687章...
[2026-05-16 15:35:09] [Writer] 正在生成第683章...
[2026-05-16 15:35:09] [Writer] 正在生成第689章...
[2026-05-16 15:35:09] [Writer] 正在生成第691章...
[2026-05-16 15:35:09] [Writer] 正在生成第697章...
[2026-05-16 15:35:09] [Writer] 正在生成第693章...
[2026-05-16 15:35:09] [Writer] 正在生成第699章...
[2026-05-16 15:35:09] [Writer] 正在生成第695章...
[2026-05-16 15:36:05] [Writer] 第695章已保存（3964字） -> D:\AiProject\Node\novels\chapters\chapter_0695.txt
[2026-05-16 15:36:07] [Writer] 正在生成第696章...
[2026-05-16 15:36:09] [Writer] 第693章已保存（3668字） -> D:\AiProject\Node\novels\chapters\chapter_0693.txt
[2026-05-16 15:36:11] [Writer] 正在生成第694章...
[2026-05-16 15:36:13] [Writer] 第681章已保存（3864字） -> D:\AiProject\Node\novels\chapters\chapter_0681.txt
[2026-05-16 15:36:15] [Writer] 正在生成第682章...
[2026-05-16 15:36:21] [Writer] 第687章已保存（4648字） -> D:\AiProject\Node\novels\chapters\chapter_0687.txt
[2026-05-16 15:36:23] [Writer] 第697章已保存（5372字） -> D:\AiProject\Node\novels\chapters\chapter_0697.txt
[2026-05-16 15:36:23] [Writer] 第699章已保存（4528字） -> D:\AiProject\Node\novels\chapters\chapter_0699.txt
[2026-05-16 15:36:23] [Writer] 正在生成第688章...
[2026-05-16 15:36:25] [Writer] 正在生成第698章...
[2026-05-16 15:36:25] [Writer] 正在生成第700章...
[2026-05-16 15:36:31] [Writer] 第689章已保存（5213字） -> D:\AiProject\Node\novels\chapters\chapter_0689.txt
[2026-05-16 15:36:33] [Writer] 第691章已保存（5512字） -> D:\AiProject\Node\novels\chapters\chapter_0691.txt
[2026-05-16 15:36:33] [Writer] 正在生成第690章...
[2026-05-16 15:36:35] [Writer] 正在生成第692章...
[2026-05-16 15:36:46] [Writer] 第685章已保存（6190字） -> D:\AiProject\Node\novels\chapters\chapter_0685.txt
[2026-05-16 15:36:46] [Writer] 第683章已保存（6209字） -> D:\AiProject\Node\novels\chapters\chapter_0683.txt
[2026-05-16 15:36:48] [Writer] 正在生成第686章...
[2026-05-16 15:36:48] [Writer] 正在生成第684章...
[2026-05-16 15:37:18] [Writer] 第700章已保存（3560字） -> D:\AiProject\Node\novels\chapters\chapter_0700.txt
[2026-05-16 15:37:20] [Writer] 全部完成
[2026-05-16 15:37:23] [Writer] 第696章已保存（5505字） -> D:\AiProject\Node\novels\chapters\chapter_0696.txt
[2026-05-16 15:37:25] [Writer] 全部完成
[2026-05-16 15:37:28] [Writer] 第682章已保存（4639字） -> D:\AiProject\Node\novels\chapters\chapter_0682.txt
[2026-05-16 15:37:30] [Writer] 全部完成
[2026-05-16 15:37:30] [Writer] 第694章已保存（5396字） -> D:\AiProject\Node\novels\chapters\chapter_0694.txt
[2026-05-16 15:37:32] [Writer] 全部完成
[2026-05-16 15:37:44] [Writer] 第688章已保存（5761字） -> D:\AiProject\Node\novels\chapters\chapter_0688.txt
[2026-05-16 15:37:46] [Writer] 全部完成
[2026-05-16 15:37:50] [Writer] 第684章已保存（4041字） -> D:\AiProject\Node\novels\chapters\chapter_0684.txt
[2026-05-16 15:37:50] [Writer] 第692章已保存（4466字） -> D:\AiProject\Node\novels\chapters\chapter_0692.txt
[2026-05-16 15:37:52] [Writer] 全部完成
[2026-05-16 15:37:52] [Writer] 全部完成
[2026-05-16 15:37:54] [Writer] 第698章已保存（6012字） -> D:\AiProject\Node\novels\chapters\chapter_0698.txt
[2026-05-16 15:37:56] [Writer] 全部完成
[2026-05-16 15:38:19] [Writer] 第686章已保存（5637字） -> D:\AiProject\Node\novels\chapters\chapter_0686.txt
[2026-05-16 15:38:21] [Writer] 第690章已保存（7617字） -> D:\AiProject\Node\novels\chapters\chapter_0690.txt
[2026-05-16 15:38:21] [Writer] 全部完成
[2026-05-16 15:38:23] [Writer] 全部完成
[2026-05-16 15:40:14] [Writer] 正在生成第703章...
[2026-05-16 15:40:14] [Writer] 正在生成第705章...
[2026-05-16 15:40:14] [Writer] 正在生成第701章...
[2026-05-16 15:40:14] [Writer] 正在生成第707章...
[2026-05-16 15:40:14] [Writer] 正在生成第713章...
[2026-05-16 15:40:14] [Writer] 正在生成第711章...
[2026-05-16 15:40:14] [Writer] 正在生成第719章...
[2026-05-16 15:40:14] [Writer] 正在生成第715章...
[2026-05-16 15:40:14] [Writer] 正在生成第717章...
[2026-05-16 15:40:14] [Writer] 正在生成第709章...
[2026-05-16 15:41:07] [Writer] 第719章已保存（3232字） -> D:\AiProject\Node\novels\chapters\chapter_0719.txt
[2026-05-16 15:41:09] [Writer] 正在生成第720章...
[2026-05-16 15:41:16] [Writer] 第707章已保存（3894字） -> D:\AiProject\Node\novels\chapters\chapter_0707.txt
[2026-05-16 15:41:18] [Writer] 正在生成第708章...
[2026-05-16 15:41:20] [Writer] 第711章已保存（4163字） -> D:\AiProject\Node\novels\chapters\chapter_0711.txt
[2026-05-16 15:41:22] [Writer] 正在生成第712章...
[2026-05-16 15:41:28] [Writer] 第701章已保存（5251字） -> D:\AiProject\Node\novels\chapters\chapter_0701.txt
[2026-05-16 15:41:29] [Writer] 第703章已保存（5069字） -> D:\AiProject\Node\novels\chapters\chapter_0703.txt
[2026-05-16 15:41:30] [Writer] 第715章已保存（4796字） -> D:\AiProject\Node\novels\chapters\chapter_0715.txt
[2026-05-16 15:41:30] [Writer] 正在生成第702章...
[2026-05-16 15:41:31] [Writer] 正在生成第704章...
[2026-05-16 15:41:31] [Writer] 第713章已保存（5118字） -> D:\AiProject\Node\novels\chapters\chapter_0713.txt
[2026-05-16 15:41:32] [Writer] 正在生成第716章...
[2026-05-16 15:41:33] [Writer] 正在生成第714章...
[2026-05-16 15:41:34] [Writer] 第705章已保存（5541字） -> D:\AiProject\Node\novels\chapters\chapter_0705.txt
[2026-05-16 15:41:36] [Writer] 正在生成第706章...
[2026-05-16 15:41:55] [Writer] 第717章已保存（6896字） -> D:\AiProject\Node\novels\chapters\chapter_0717.txt
[2026-05-16 15:41:57] [Writer] 正在生成第718章...
[2026-05-16 15:42:07] [Writer] 第709章已保存（7996字） -> D:\AiProject\Node\novels\chapters\chapter_0709.txt
[2026-05-16 15:42:09] [Writer] 正在生成第710章...
[2026-05-16 15:42:22] [Writer] 第720章已保存（4932字） -> D:\AiProject\Node\novels\chapters\chapter_0720.txt
[2026-05-16 15:42:24] [Writer] 全部完成
[2026-05-16 15:42:24] [Writer] 第714章已保存（3358字） -> D:\AiProject\Node\novels\chapters\chapter_0714.txt
[2026-05-16 15:42:26] [Writer] 全部完成
[2026-05-16 15:42:33] [Writer] 第706章已保存（4039字） -> D:\AiProject\Node\novels\chapters\chapter_0706.txt
[2026-05-16 15:42:35] [Writer] 全部完成
[2026-05-16 15:42:40] [Writer] 第708章已保存（6022字） -> D:\AiProject\Node\novels\chapters\chapter_0708.txt
[2026-05-16 15:42:42] [Writer] 全部完成
[2026-05-16 15:42:48] [Writer] 第704章已保存（5352字） -> D:\AiProject\Node\novels\chapters\chapter_0704.txt
[2026-05-16 15:42:50] [Writer] 全部完成
[2026-05-16 15:43:12] [Writer] 第702章已保存（4889字） -> D:\AiProject\Node\novels\chapters\chapter_0702.txt
[2026-05-16 15:43:14] [Writer] 全部完成
[2026-05-16 15:43:15] [Writer] 第710章已保存（4941字） -> D:\AiProject\Node\novels\chapters\chapter_0710.txt
[2026-05-16 15:43:17] [Writer] 全部完成
[2026-05-16 15:43:27] [Writer] 第716章已保存（8783字） -> D:\AiProject\Node\novels\chapters\chapter_0716.txt
[2026-05-16 15:43:28] [Writer] 第718章生成失败，重试(1/3)...
[2026-05-16 15:43:29] [Writer] 全部完成
[2026-05-16 15:43:33] [Writer] 正在生成第718章...
[2026-05-16 15:43:51] [Writer] 第712章已保存（7757字） -> D:\AiProject\Node\novels\chapters\chapter_0712.txt
[2026-05-16 15:43:53] [Writer] 全部完成
[2026-05-16 15:44:30] [Writer] 第718章已保存（3633字） -> D:\AiProject\Node\novels\chapters\chapter_0718.txt
[2026-05-16 15:44:32] [Writer] 全部完成
[2026-05-16 15:46:09] [Writer] 正在生成第723章...
[2026-05-16 15:46:09] [Writer] 正在生成第729章...
[2026-05-16 15:46:09] [Writer] 正在生成第727章...
[2026-05-16 15:46:09] [Writer] 正在生成第721章...
[2026-05-16 15:46:09] [Writer] 正在生成第725章...
[2026-05-16 15:46:09] [Writer] 正在生成第733章...
[2026-05-16 15:46:09] [Writer] 正在生成第735章...
[2026-05-16 15:46:09] [Writer] 正在生成第731章...
[2026-05-16 15:46:09] [Writer] 正在生成第739章...
[2026-05-16 15:46:09] [Writer] 正在生成第737章...
[2026-05-16 15:47:16] [Writer] 第737章已保存（4657字） -> D:\AiProject\Node\novels\chapters\chapter_0737.txt
[2026-05-16 15:47:17] [Writer] 第721章已保存（4569字） -> D:\AiProject\Node\novels\chapters\chapter_0721.txt
[2026-05-16 15:47:18] [Writer] 正在生成第738章...
[2026-05-16 15:47:19] [Writer] 正在生成第722章...
[2026-05-16 15:47:25] [Writer] 第729章已保存（5280字） -> D:\AiProject\Node\novels\chapters\chapter_0729.txt
[2026-05-16 15:47:25] [Writer] 第725章已保存（5034字） -> D:\AiProject\Node\novels\chapters\chapter_0725.txt
[2026-05-16 15:47:27] [Writer] 正在生成第730章...
[2026-05-16 15:47:27] [Writer] 正在生成第726章...
[2026-05-16 15:47:29] [Writer] 第733章已保存（5773字） -> D:\AiProject\Node\novels\chapters\chapter_0733.txt
[2026-05-16 15:47:29] [Writer] 第731章已保存（4927字） -> D:\AiProject\Node\novels\chapters\chapter_0731.txt
[2026-05-16 15:47:31] [Writer] 正在生成第734章...
[2026-05-16 15:47:31] [Writer] 正在生成第732章...
[2026-05-16 15:47:36] [Writer] 第727章已保存（6513字） -> D:\AiProject\Node\novels\chapters\chapter_0727.txt
[2026-05-16 15:47:38] [Writer] 正在生成第728章...
[2026-05-16 15:47:39] [Writer] 第735章生成失败，重试(1/3)...
[2026-05-16 15:47:44] [Writer] 正在生成第735章...
[2026-05-16 15:47:46] [Writer] 第739章已保存（6682字） -> D:\AiProject\Node\novels\chapters\chapter_0739.txt
[2026-05-16 15:47:48] [Writer] 第723章已保存（7535字） -> D:\AiProject\Node\novels\chapters\chapter_0723.txt
[2026-05-16 15:47:48] [Writer] 正在生成第740章...
[2026-05-16 15:47:50] [Writer] 正在生成第724章...
[2026-05-16 15:48:23] [Writer] 第722章已保存（4003字） -> D:\AiProject\Node\novels\chapters\chapter_0722.txt
[2026-05-16 15:48:25] [Writer] 全部完成
[2026-05-16 15:48:25] [Writer] 第738章已保存（4612字） -> D:\AiProject\Node\novels\chapters\chapter_0738.txt
[2026-05-16 15:48:26] [Writer] 第734章已保存（3809字） -> D:\AiProject\Node\novels\chapters\chapter_0734.txt
[2026-05-16 15:48:27] [Writer] 全部完成
[2026-05-16 15:48:28] [Writer] 全部完成
[2026-05-16 15:48:31] [Writer] 第726章已保存（4018字） -> D:\AiProject\Node\novels\chapters\chapter_0726.txt
[2026-05-16 15:48:33] [Writer] 全部完成
[2026-05-16 15:48:34] [Writer] 第730章已保存（4574字） -> D:\AiProject\Node\novels\chapters\chapter_0730.txt
[2026-05-16 15:48:36] [Writer] 全部完成
[2026-05-16 15:48:54] [Writer] 第740章已保存（4301字） -> D:\AiProject\Node\novels\chapters\chapter_0740.txt
[2026-05-16 15:48:56] [Writer] 全部完成
[2026-05-16 15:48:57] [Writer] 第735章已保存（5552字） -> D:\AiProject\Node\novels\chapters\chapter_0735.txt
[2026-05-16 15:48:59] [Writer] 正在生成第736章...
[2026-05-16 15:49:00] [Writer] 第728章已保存（5519字） -> D:\AiProject\Node\novels\chapters\chapter_0728.txt
[2026-05-16 15:49:02] [Writer] 全部完成
[2026-05-16 15:49:04] [Writer] 第724章已保存（5284字） -> D:\AiProject\Node\novels\chapters\chapter_0724.txt
[2026-05-16 15:49:05] [Writer] 第732章已保存（6454字） -> D:\AiProject\Node\novels\chapters\chapter_0732.txt
[2026-05-16 15:49:06] [Writer] 全部完成
[2026-05-16 15:49:07] [Writer] 全部完成
[2026-05-16 15:50:18] [Writer] 第736章已保存（5459字） -> D:\AiProject\Node\novels\chapters\chapter_0736.txt
[2026-05-16 15:50:20] [Writer] 全部完成
[2026-05-16 15:51:52] [Writer] 正在生成第741章...
[2026-05-16 15:51:52] [Writer] 正在生成第745章...
[2026-05-16 15:51:52] [Writer] 正在生成第743章...
[2026-05-16 15:51:52] [Writer] 正在生成第751章...
[2026-05-16 15:51:52] [Writer] 正在生成第749章...
[2026-05-16 15:51:52] [Writer] 正在生成第747章...
[2026-05-16 15:51:52] [Writer] 正在生成第757章...
[2026-05-16 15:51:52] [Writer] 正在生成第753章...
[2026-05-16 15:51:52] [Writer] 正在生成第759章...
[2026-05-16 15:51:52] [Writer] 正在生成第755章...
[2026-05-16 15:52:52] [Writer] 第753章已保存（3702字） -> D:\AiProject\Node\novels\chapters\chapter_0753.txt
[2026-05-16 15:52:54] [Writer] 正在生成第754章...
[2026-05-16 15:52:56] [Writer] 第741章已保存（4036字） -> D:\AiProject\Node\novels\chapters\chapter_0741.txt
[2026-05-16 15:52:58] [Writer] 正在生成第742章...
[2026-05-16 15:53:09] [Writer] 第745章已保存（4458字） -> D:\AiProject\Node\novels\chapters\chapter_0745.txt
[2026-05-16 15:53:11] [Writer] 正在生成第746章...
[2026-05-16 15:53:16] [Writer] 第759章已保存（5362字） -> D:\AiProject\Node\novels\chapters\chapter_0759.txt
[2026-05-16 15:53:17] [Writer] 第747章已保存（5371字） -> D:\AiProject\Node\novels\chapters\chapter_0747.txt
[2026-05-16 15:53:18] [Writer] 第751章已保存（5718字） -> D:\AiProject\Node\novels\chapters\chapter_0751.txt
[2026-05-16 15:53:18] [Writer] 正在生成第760章...
[2026-05-16 15:53:19] [Writer] 正在生成第748章...
[2026-05-16 15:53:20] [Writer] 正在生成第752章...
[2026-05-16 15:53:24] [Writer] 第755章已保存（6221字） -> D:\AiProject\Node\novels\chapters\chapter_0755.txt
[2026-05-16 15:53:26] [Writer] 正在生成第756章...
[2026-05-16 15:53:41] [Writer] 第757章已保存（6248字） -> D:\AiProject\Node\novels\chapters\chapter_0757.txt
[2026-05-16 15:53:43] [Writer] 正在生成第758章...
[2026-05-16 15:53:44] [Writer] 第743章已保存（6769字） -> D:\AiProject\Node\novels\chapters\chapter_0743.txt
[2026-05-16 15:53:46] [Writer] 正在生成第744章...
[2026-05-16 15:54:02] [Writer] 第749章已保存（8171字） -> D:\AiProject\Node\novels\chapters\chapter_0749.txt
[2026-05-16 15:54:04] [Writer] 第742章已保存（4448字） -> D:\AiProject\Node\novels\chapters\chapter_0742.txt
[2026-05-16 15:54:04] [Writer] 正在生成第750章...
[2026-05-16 15:54:06] [Writer] 全部完成
[2026-05-16 15:54:18] [Writer] 第754章已保存（6084字） -> D:\AiProject\Node\novels\chapters\chapter_0754.txt
[2026-05-16 15:54:20] [Writer] 全部完成
[2026-05-16 15:54:25] [Writer] 第752章已保存（3918字） -> D:\AiProject\Node\novels\chapters\chapter_0752.txt
[2026-05-16 15:54:27] [Writer] 全部完成
[2026-05-16 15:54:29] [Writer] 第748章已保存（5148字） -> D:\AiProject\Node\novels\chapters\chapter_0748.txt
[2026-05-16 15:54:29] [Writer] 第756章已保存（4356字） -> D:\AiProject\Node\novels\chapters\chapter_0756.txt
[2026-05-16 15:54:31] [Writer] 全部完成
[2026-05-16 15:54:31] [Writer] 全部完成
[2026-05-16 15:54:50] [Writer] 第760章已保存（6502字） -> D:\AiProject\Node\novels\chapters\chapter_0760.txt
[2026-05-16 15:54:52] [Writer] 全部完成
[2026-05-16 15:55:01] [Writer] 第746章已保存（8023字） -> D:\AiProject\Node\novels\chapters\chapter_0746.txt
[2026-05-16 15:55:03] [Writer] 全部完成
[2026-05-16 15:55:08] [Writer] 第750章已保存（4696字） -> D:\AiProject\Node\novels\chapters\chapter_0750.txt
[2026-05-16 15:55:10] [Writer] 全部完成
[2026-05-16 15:55:17] [Writer] 第744章已保存（6313字） -> D:\AiProject\Node\novels\chapters\chapter_0744.txt
[2026-05-16 15:55:17] [Writer] 第758章已保存（6273字） -> D:\AiProject\Node\novels\chapters\chapter_0758.txt
[2026-05-16 15:55:19] [Writer] 全部完成
[2026-05-16 15:55:19] [Writer] 全部完成
[2026-05-16 15:56:54] [Writer] 正在生成第761章...
[2026-05-16 15:56:54] [Writer] 正在生成第769章...
[2026-05-16 15:56:54] [Writer] 正在生成第765章...
[2026-05-16 15:56:54] [Writer] 正在生成第763章...
[2026-05-16 15:56:54] [Writer] 正在生成第775章...
[2026-05-16 15:56:54] [Writer] 正在生成第767章...
[2026-05-16 15:56:54] [Writer] 正在生成第773章...
[2026-05-16 15:56:54] [Writer] 正在生成第771章...
[2026-05-16 15:56:54] [Writer] 正在生成第777章...
[2026-05-16 15:56:54] [Writer] 正在生成第779章...
[2026-05-16 15:57:52] [Writer] 第765章已保存（3725字） -> D:\AiProject\Node\novels\chapters\chapter_0765.txt
[2026-05-16 15:57:53] [Writer] 第771章已保存（4335字） -> D:\AiProject\Node\novels\chapters\chapter_0771.txt
[2026-05-16 15:57:54] [Writer] 第767章已保存（4404字） -> D:\AiProject\Node\novels\chapters\chapter_0767.txt
[2026-05-16 15:57:54] [Writer] 正在生成第766章...
[2026-05-16 15:57:55] [Writer] 正在生成第772章...
[2026-05-16 15:57:56] [Writer] 正在生成第768章...
[2026-05-16 15:58:05] [Writer] 第773章已保存（4955字） -> D:\AiProject\Node\novels\chapters\chapter_0773.txt
[2026-05-16 15:58:05] [Writer] 第775章已保存（4622字） -> D:\AiProject\Node\novels\chapters\chapter_0775.txt
[2026-05-16 15:58:07] [Writer] 正在生成第774章...
[2026-05-16 15:58:07] [Writer] 第769章已保存（5425字） -> D:\AiProject\Node\novels\chapters\chapter_0769.txt
[2026-05-16 15:58:07] [Writer] 正在生成第776章...
[2026-05-16 15:58:08] [Writer] 第763章已保存（4644字） -> D:\AiProject\Node\novels\chapters\chapter_0763.txt
[2026-05-16 15:58:09] [Writer] 正在生成第770章...
[2026-05-16 15:58:10] [Writer] 正在生成第764章...
[2026-05-16 15:58:12] [Writer] 第777章已保存（4826字） -> D:\AiProject\Node\novels\chapters\chapter_0777.txt
[2026-05-16 15:58:13] [Writer] 第779章已保存（5056字） -> D:\AiProject\Node\novels\chapters\chapter_0779.txt
[2026-05-16 15:58:14] [Writer] 正在生成第778章...
[2026-05-16 15:58:15] [Writer] 正在生成第780章...
[2026-05-16 15:58:35] [Writer] 第761章已保存（7258字） -> D:\AiProject\Node\novels\chapters\chapter_0761.txt
[2026-05-16 15:58:37] [Writer] 正在生成第762章...
[2026-05-16 15:59:09] [Writer] 第766章已保存（5238字） -> D:\AiProject\Node\novels\chapters\chapter_0766.txt
[2026-05-16 15:59:11] [Writer] 全部完成
[2026-05-16 15:59:11] [Writer] 第770章已保存（4282字） -> D:\AiProject\Node\novels\chapters\chapter_0770.txt
[2026-05-16 15:59:13] [Writer] 全部完成
[2026-05-16 15:59:16] [Writer] 第774章已保存（5114字） -> D:\AiProject\Node\novels\chapters\chapter_0774.txt
[2026-05-16 15:59:18] [Writer] 全部完成
[2026-05-16 15:59:22] [Writer] 第772章已保存（6051字） -> D:\AiProject\Node\novels\chapters\chapter_0772.txt
[2026-05-16 15:59:23] [Writer] 第764章已保存（5241字） -> D:\AiProject\Node\novels\chapters\chapter_0764.txt
[2026-05-16 15:59:24] [Writer] 全部完成
[2026-05-16 15:59:24] [Writer] 第768章已保存（6459字） -> D:\AiProject\Node\novels\chapters\chapter_0768.txt
[2026-05-16 15:59:25] [Writer] 全部完成
[2026-05-16 15:59:26] [Writer] 第780章已保存（4809字） -> D:\AiProject\Node\novels\chapters\chapter_0780.txt
[2026-05-16 15:59:26] [Writer] 全部完成
[2026-05-16 15:59:28] [Writer] 全部完成
[2026-05-16 15:59:50] [Writer] 第778章已保存（6788字） -> D:\AiProject\Node\novels\chapters\chapter_0778.txt
[2026-05-16 15:59:51] [Writer] 第776章已保存（15103字） -> D:\AiProject\Node\novels\chapters\chapter_0776.txt
[2026-05-16 15:59:52] [Writer] 全部完成
[2026-05-16 15:59:53] [Writer] 全部完成
[2026-05-16 15:59:54] [Writer] 第762章已保存（5776字） -> D:\AiProject\Node\novels\chapters\chapter_0762.txt
[2026-05-16 15:59:56] [Writer] 全部完成
[2026-05-16 16:01:25] [Writer] 正在生成第783章...
[2026-05-16 16:01:25] [Writer] 正在生成第781章...
[2026-05-16 16:01:25] [Writer] 正在生成第785章...
[2026-05-16 16:01:25] [Writer] 正在生成第789章...
[2026-05-16 16:01:25] [Writer] 正在生成第787章...
[2026-05-16 16:01:25] [Writer] 正在生成第791章...
[2026-05-16 16:01:25] [Writer] 正在生成第795章...
[2026-05-16 16:01:25] [Writer] 正在生成第797章...
[2026-05-16 16:01:25] [Writer] 正在生成第793章...
[2026-05-16 16:01:25] [Writer] 正在生成第799章...
[2026-05-16 16:02:24] [Writer] 第783章已保存（3214字） -> D:\AiProject\Node\novels\chapters\chapter_0783.txt
[2026-05-16 16:02:26] [Writer] 正在生成第784章...
[2026-05-16 16:02:32] [Writer] 第787章已保存（4244字） -> D:\AiProject\Node\novels\chapters\chapter_0787.txt
[2026-05-16 16:02:34] [Writer] 正在生成第788章...
[2026-05-16 16:02:38] [Writer] 第781章已保存（5012字） -> D:\AiProject\Node\novels\chapters\chapter_0781.txt
[2026-05-16 16:02:40] [Writer] 正在生成第782章...
[2026-05-16 16:02:43] [Writer] 第791章已保存（4698字） -> D:\AiProject\Node\novels\chapters\chapter_0791.txt
[2026-05-16 16:02:46] [Writer] 正在生成第792章...
[2026-05-16 16:02:46] [Writer] 第797章已保存（5091字） -> D:\AiProject\Node\novels\chapters\chapter_0797.txt
[2026-05-16 16:02:48] [Writer] 正在生成第798章...
[2026-05-16 16:02:50] [Writer] 第795章已保存（5133字） -> D:\AiProject\Node\novels\chapters\chapter_0795.txt
[2026-05-16 16:02:52] [Writer] 正在生成第796章...
[2026-05-16 16:02:53] [Writer] 第799章已保存（6264字） -> D:\AiProject\Node\novels\chapters\chapter_0799.txt
[2026-05-16 16:02:55] [Writer] 正在生成第800章...
[2026-05-16 16:03:03] [Writer] 第789章已保存（6079字） -> D:\AiProject\Node\novels\chapters\chapter_0789.txt
[2026-05-16 16:03:05] [Writer] 第785章已保存（6862字） -> D:\AiProject\Node\novels\chapters\chapter_0785.txt
[2026-05-16 16:03:05] [Writer] 正在生成第790章...
[2026-05-16 16:03:07] [Writer] 正在生成第786章...
[2026-05-16 16:03:08] [Writer] 第793章已保存（6389字） -> D:\AiProject\Node\novels\chapters\chapter_0793.txt
[2026-05-16 16:03:10] [Writer] 正在生成第794章...
[2026-05-16 16:03:31] [Writer] 第784章已保存（4375字） -> D:\AiProject\Node\novels\chapters\chapter_0784.txt
[2026-05-16 16:03:33] [Writer] 全部完成
[2026-05-16 16:03:58] [Writer] 第788章已保存（5176字） -> D:\AiProject\Node\novels\chapters\chapter_0788.txt
[2026-05-16 16:03:59] [Writer] 第800章已保存（3846字） -> D:\AiProject\Node\novels\chapters\chapter_0800.txt
[2026-05-16 16:04:00] [Writer] 全部完成
[2026-05-16 16:04:01] [Writer] 全部完成
[2026-05-16 16:04:06] [Writer] 第798章已保存（5657字） -> D:\AiProject\Node\novels\chapters\chapter_0798.txt
[2026-05-16 16:04:08] [Writer] 全部完成
[2026-05-16 16:04:16] [Writer] 第794章已保存（4267字） -> D:\AiProject\Node\novels\chapters\chapter_0794.txt
[2026-05-16 16:04:18] [Writer] 全部完成
[2026-05-16 16:04:19] [Writer] 第792章已保存（6291字） -> D:\AiProject\Node\novels\chapters\chapter_0792.txt
[2026-05-16 16:04:20] [Writer] 第796章已保存（5676字） -> D:\AiProject\Node\novels\chapters\chapter_0796.txt
[2026-05-16 16:04:21] [Writer] 全部完成
[2026-05-16 16:04:22] [Writer] 全部完成
[2026-05-16 16:04:27] [Writer] 第782章已保存（6726字） -> D:\AiProject\Node\novels\chapters\chapter_0782.txt
[2026-05-16 16:04:29] [Writer] 全部完成
[2026-05-16 16:04:30] [Writer] 第790章已保存（5365字） -> D:\AiProject\Node\novels\chapters\chapter_0790.txt
[2026-05-16 16:04:32] [Writer] 全部完成
[2026-05-16 16:04:39] [Writer] 第786章已保存（5223字） -> D:\AiProject\Node\novels\chapters\chapter_0786.txt
[2026-05-16 16:04:41] [Writer] 全部完成
[2026-05-16 16:06:13] [Writer] 正在生成第807章...
[2026-05-16 16:06:13] [Writer] 正在生成第801章...
[2026-05-16 16:06:13] [Writer] 正在生成第803章...
[2026-05-16 16:06:13] [Writer] 正在生成第805章...
[2026-05-16 16:06:13] [Writer] 正在生成第813章...
[2026-05-16 16:06:13] [Writer] 正在生成第809章...
[2026-05-16 16:06:13] [Writer] 正在生成第811章...
[2026-05-16 16:06:13] [Writer] 正在生成第817章...
[2026-05-16 16:06:13] [Writer] 正在生成第815章...
[2026-05-16 16:06:13] [Writer] 正在生成第819章...
[2026-05-16 16:07:08] [Writer] 第811章已保存（3509字） -> D:\AiProject\Node\novels\chapters\chapter_0811.txt
[2026-05-16 16:07:10] [Writer] 正在生成第812章...
[2026-05-16 16:07:15] [Writer] 第807章已保存（3442字） -> D:\AiProject\Node\novels\chapters\chapter_0807.txt
[2026-05-16 16:07:16] [Writer] 第805章已保存（3945字） -> D:\AiProject\Node\novels\chapters\chapter_0805.txt
[2026-05-16 16:07:17] [Writer] 正在生成第808章...
[2026-05-16 16:07:18] [Writer] 正在生成第806章...
[2026-05-16 16:07:27] [Writer] 第819章已保存（4422字） -> D:\AiProject\Node\novels\chapters\chapter_0819.txt
[2026-05-16 16:07:28] [Writer] 第801章已保存（5146字） -> D:\AiProject\Node\novels\chapters\chapter_0801.txt
[2026-05-16 16:07:28] [Writer] 第809章已保存（4585字） -> D:\AiProject\Node\novels\chapters\chapter_0809.txt
[2026-05-16 16:07:29] [Writer] 正在生成第820章...
[2026-05-16 16:07:30] [Writer] 正在生成第802章...
[2026-05-16 16:07:30] [Writer] 正在生成第810章...
[2026-05-16 16:07:35] [Writer] 第817章已保存（5211字） -> D:\AiProject\Node\novels\chapters\chapter_0817.txt
[2026-05-16 16:07:37] [Writer] 正在生成第818章...
[2026-05-16 16:07:48] [Writer] 第815章已保存（6332字） -> D:\AiProject\Node\novels\chapters\chapter_0815.txt
[2026-05-16 16:07:50] [Writer] 正在生成第816章...
[2026-05-16 16:08:05] [Writer] 第803章已保存（6557字） -> D:\AiProject\Node\novels\chapters\chapter_0803.txt
[2026-05-16 16:08:05] [Writer] 第813章已保存（5344字） -> D:\AiProject\Node\novels\chapters\chapter_0813.txt
[2026-05-16 16:08:07] [Writer] 正在生成第804章...
[2026-05-16 16:08:07] [Writer] 正在生成第814章...
[2026-05-16 16:08:22] [Writer] 第820章已保存（3323字） -> D:\AiProject\Node\novels\chapters\chapter_0820.txt
[2026-05-16 16:08:24] [Writer] 全部完成
[2026-05-16 16:08:35] [Writer] 第812章已保存（5657字） -> D:\AiProject\Node\novels\chapters\chapter_0812.txt
[2026-05-16 16:08:37] [Writer] 全部完成
[2026-05-16 16:08:38] [Writer] 第802章已保存（4403字） -> D:\AiProject\Node\novels\chapters\chapter_0802.txt
[2026-05-16 16:08:40] [Writer] 第806章已保存（4847字） -> D:\AiProject\Node\novels\chapters\chapter_0806.txt
[2026-05-16 16:08:40] [Writer] 全部完成
[2026-05-16 16:08:42] [Writer] 全部完成
[2026-05-16 16:08:42] [Writer] 第810章已保存（4330字） -> D:\AiProject\Node\novels\chapters\chapter_0810.txt
[2026-05-16 16:08:44] [Writer] 全部完成
[2026-05-16 16:08:56] [Writer] 第808章已保存（7674字） -> D:\AiProject\Node\novels\chapters\chapter_0808.txt
[2026-05-16 16:08:58] [Writer] 全部完成
[2026-05-16 16:09:03] [Writer] 第818章已保存（4779字） -> D:\AiProject\Node\novels\chapters\chapter_0818.txt
[2026-05-16 16:09:05] [Writer] 全部完成
[2026-05-16 16:09:24] [Writer] 第816章已保存（7029字） -> D:\AiProject\Node\novels\chapters\chapter_0816.txt
[2026-05-16 16:09:26] [Writer] 第814章已保存（5297字） -> D:\AiProject\Node\novels\chapters\chapter_0814.txt
[2026-05-16 16:09:26] [Writer] 全部完成
[2026-05-16 16:09:28] [Writer] 全部完成
[2026-05-16 16:09:53] [Writer] 第804章已保存（5969字） -> D:\AiProject\Node\novels\chapters\chapter_0804.txt
[2026-05-16 16:09:55] [Writer] 全部完成
[2026-05-16 16:11:23] [Writer] 正在生成第823章...
[2026-05-16 16:11:23] [Writer] 正在生成第825章...
[2026-05-16 16:11:23] [Writer] 正在生成第827章...
[2026-05-16 16:11:23] [Writer] 正在生成第821章...
[2026-05-16 16:11:23] [Writer] 正在生成第831章...
[2026-05-16 16:11:23] [Writer] 正在生成第839章...
[2026-05-16 16:11:23] [Writer] 正在生成第837章...
[2026-05-16 16:11:23] [Writer] 正在生成第829章...
[2026-05-16 16:11:23] [Writer] 正在生成第833章...
[2026-05-16 16:11:23] [Writer] 正在生成第835章...
[2026-05-16 16:12:15] [Writer] 第825章已保存（3014字） -> D:\AiProject\Node\novels\chapters\chapter_0825.txt
[2026-05-16 16:12:17] [Writer] 正在生成第826章...
[2026-05-16 16:12:23] [Writer] 第823章已保存（3959字） -> D:\AiProject\Node\novels\chapters\chapter_0823.txt
[2026-05-16 16:12:23] [Writer] 第835章已保存（3691字） -> D:\AiProject\Node\novels\chapters\chapter_0835.txt
[2026-05-16 16:12:25] [Writer] 正在生成第824章...
[2026-05-16 16:12:25] [Writer] 正在生成第836章...
[2026-05-16 16:12:32] [Writer] 第831章已保存（4413字） -> D:\AiProject\Node\novels\chapters\chapter_0831.txt
[2026-05-16 16:12:32] [Writer] 第839章已保存（4388字） -> D:\AiProject\Node\novels\chapters\chapter_0839.txt
[2026-05-16 16:12:34] [Writer] 正在生成第832章...
[2026-05-16 16:12:34] [Writer] 正在生成第840章...
[2026-05-16 16:12:36] [Writer] 第821章已保存（4572字） -> D:\AiProject\Node\novels\chapters\chapter_0821.txt
[2026-05-16 16:12:38] [Writer] 正在生成第822章...
[2026-05-16 16:12:39] [Writer] 第837章已保存（4764字） -> D:\AiProject\Node\novels\chapters\chapter_0837.txt
[2026-05-16 16:12:40] [Writer] 第833章已保存（4421字） -> D:\AiProject\Node\novels\chapters\chapter_0833.txt
[2026-05-16 16:12:41] [Writer] 正在生成第838章...
[2026-05-16 16:12:42] [Writer] 正在生成第834章...
[2026-05-16 16:12:43] [Writer] 第829章已保存（5303字） -> D:\AiProject\Node\novels\chapters\chapter_0829.txt
[2026-05-16 16:12:45] [Writer] 正在生成第830章...
[2026-05-16 16:12:59] [Writer] 第827章已保存（6726字） -> D:\AiProject\Node\novels\chapters\chapter_0827.txt
[2026-05-16 16:13:01] [Writer] 正在生成第828章...
[2026-05-16 16:13:30] [Writer] 第836章已保存（4452字） -> D:\AiProject\Node\novels\chapters\chapter_0836.txt
[2026-05-16 16:13:32] [Writer] 全部完成
[2026-05-16 16:13:42] [Writer] 第826章已保存（6196字） -> D:\AiProject\Node\novels\chapters\chapter_0826.txt
[2026-05-16 16:13:44] [Writer] 全部完成
[2026-05-16 16:13:45] [Writer] 第840章已保存（5378字） -> D:\AiProject\Node\novels\chapters\chapter_0840.txt
[2026-05-16 16:13:47] [Writer] 全部完成
[2026-05-16 16:13:49] [Writer] 第838章已保存（4379字） -> D:\AiProject\Node\novels\chapters\chapter_0838.txt
[2026-05-16 16:13:51] [Writer] 第834章已保存（5149字） -> D:\AiProject\Node\novels\chapters\chapter_0834.txt
[2026-05-16 16:13:51] [Writer] 全部完成
[2026-05-16 16:13:51] [Writer] 第822章已保存（5970字） -> D:\AiProject\Node\novels\chapters\chapter_0822.txt
[2026-05-16 16:13:53] [Writer] 全部完成
[2026-05-16 16:13:53] [Writer] 全部完成
[2026-05-16 16:13:56] [Writer] 第832章已保存（5692字） -> D:\AiProject\Node\novels\chapters\chapter_0832.txt
[2026-05-16 16:13:57] [Writer] 第824章已保存（6866字） -> D:\AiProject\Node\novels\chapters\chapter_0824.txt
[2026-05-16 16:13:58] [Writer] 全部完成
[2026-05-16 16:13:59] [Writer] 第830章已保存（5153字） -> D:\AiProject\Node\novels\chapters\chapter_0830.txt
[2026-05-16 16:13:59] [Writer] 全部完成
[2026-05-16 16:14:01] [Writer] 全部完成
[2026-05-16 16:14:12] [Writer] 第828章已保存（4905字） -> D:\AiProject\Node\novels\chapters\chapter_0828.txt
[2026-05-16 16:14:14] [Writer] 全部完成
[2026-05-16 16:15:38] [Writer] 正在生成第845章...
[2026-05-16 16:15:38] [Writer] 正在生成第847章...
[2026-05-16 16:15:38] [Writer] 正在生成第841章...
[2026-05-16 16:15:38] [Writer] 正在生成第849章...
[2026-05-16 16:15:38] [Writer] 正在生成第853章...
[2026-05-16 16:15:38] [Writer] 正在生成第843章...
[2026-05-16 16:15:38] [Writer] 正在生成第851章...
[2026-05-16 16:15:38] [Writer] 正在生成第859章...
[2026-05-16 16:15:38] [Writer] 正在生成第857章...
[2026-05-16 16:15:38] [Writer] 正在生成第855章...
[2026-05-16 16:16:43] [Writer] 第853章已保存（4001字） -> D:\AiProject\Node\novels\chapters\chapter_0853.txt
[2026-05-16 16:16:45] [Writer] 正在生成第854章...
[2026-05-16 16:16:47] [Writer] 第849章已保存（4901字） -> D:\AiProject\Node\novels\chapters\chapter_0849.txt
[2026-05-16 16:16:48] [Writer] 第855章已保存（4436字） -> D:\AiProject\Node\novels\chapters\chapter_0855.txt
[2026-05-16 16:16:49] [Writer] 正在生成第850章...
[2026-05-16 16:16:50] [Writer] 正在生成第856章...
[2026-05-16 16:16:52] [Writer] 第845章已保存（4579字） -> D:\AiProject\Node\novels\chapters\chapter_0845.txt
[2026-05-16 16:16:54] [Writer] 正在生成第846章...
[2026-05-16 16:16:54] [Writer] 第847章已保存（4786字） -> D:\AiProject\Node\novels\chapters\chapter_0847.txt
[2026-05-16 16:16:55] [Writer] 第843章已保存（4902字） -> D:\AiProject\Node\novels\chapters\chapter_0843.txt
[2026-05-16 16:16:56] [Writer] 正在生成第848章...
[2026-05-16 16:16:57] [Writer] 正在生成第844章...
[2026-05-16 16:17:00] [Writer] 第859章已保存（5163字） -> D:\AiProject\Node\novels\chapters\chapter_0859.txt
[2026-05-16 16:17:02] [Writer] 正在生成第860章...
[2026-05-16 16:17:11] [Writer] 第841章已保存（5492字） -> D:\AiProject\Node\novels\chapters\chapter_0841.txt
[2026-05-16 16:17:13] [Writer] 正在生成第842章...
[2026-05-16 16:17:23] [Writer] 第857章已保存（6650字） -> D:\AiProject\Node\novels\chapters\chapter_0857.txt
[2026-05-16 16:17:24] [Writer] 第851章已保存（7215字） -> D:\AiProject\Node\novels\chapters\chapter_0851.txt
[2026-05-16 16:17:25] [Writer] 正在生成第858章...
[2026-05-16 16:17:26] [Writer] 正在生成第852章...
[2026-05-16 16:17:54] [Writer] 第854章已保存（4793字） -> D:\AiProject\Node\novels\chapters\chapter_0854.txt
[2026-05-16 16:17:56] [Writer] 全部完成
[2026-05-16 16:17:59] [Writer] 第850章已保存（4467字） -> D:\AiProject\Node\novels\chapters\chapter_0850.txt
[2026-05-16 16:18:01] [Writer] 全部完成
[2026-05-16 16:18:01] [Writer] 第848章已保存（4567字） -> D:\AiProject\Node\novels\chapters\chapter_0848.txt
[2026-05-16 16:18:03] [Writer] 全部完成
[2026-05-16 16:18:14] [Writer] 第842章已保存（3475字） -> D:\AiProject\Node\novels\chapters\chapter_0842.txt
[2026-05-16 16:18:16] [Writer] 全部完成
[2026-05-16 16:18:19] [Writer] 第844章已保存（5450字） -> D:\AiProject\Node\novels\chapters\chapter_0844.txt
[2026-05-16 16:18:21] [Writer] 全部完成
[2026-05-16 16:18:31] [Writer] 第846章已保存（6631字） -> D:\AiProject\Node\novels\chapters\chapter_0846.txt
[2026-05-16 16:18:33] [Writer] 全部完成
[2026-05-16 16:18:38] [Writer] 第860章已保存（5858字） -> D:\AiProject\Node\novels\chapters\chapter_0860.txt
[2026-05-16 16:18:40] [Writer] 全部完成
[2026-05-16 16:18:44] [Writer] 第856章已保存（7332字） -> D:\AiProject\Node\novels\chapters\chapter_0856.txt
[2026-05-16 16:18:46] [Writer] 全部完成
[2026-05-16 16:18:57] [Writer] 第852章已保存（5108字） -> D:\AiProject\Node\novels\chapters\chapter_0852.txt
[2026-05-16 16:18:59] [Writer] 全部完成
[2026-05-16 16:19:11] [Writer] 第858章已保存（7232字） -> D:\AiProject\Node\novels\chapters\chapter_0858.txt
[2026-05-16 16:19:13] [Writer] 全部完成
[2026-05-16 16:20:34] [Writer] 正在生成第861章...
[2026-05-16 16:20:34] [Writer] 正在生成第863章...
[2026-05-16 16:20:34] [Writer] 正在生成第867章...
[2026-05-16 16:20:34] [Writer] 正在生成第873章...
[2026-05-16 16:20:34] [Writer] 正在生成第871章...
[2026-05-16 16:20:34] [Writer] 正在生成第869章...
[2026-05-16 16:20:34] [Writer] 正在生成第865章...
[2026-05-16 16:20:34] [Writer] 正在生成第879章...
[2026-05-16 16:20:34] [Writer] 正在生成第877章...
[2026-05-16 16:20:34] [Writer] 正在生成第875章...
[2026-05-16 16:21:28] [Writer] 第863章已保存（3462字） -> D:\AiProject\Node\novels\chapters\chapter_0863.txt
[2026-05-16 16:21:30] [Writer] 正在生成第864章...
[2026-05-16 16:21:42] [Writer] 第879章已保存（4811字） -> D:\AiProject\Node\novels\chapters\chapter_0879.txt
[2026-05-16 16:21:44] [Writer] 正在生成第880章...
[2026-05-16 16:21:45] [Writer] 第869章已保存（4880字） -> D:\AiProject\Node\novels\chapters\chapter_0869.txt
[2026-05-16 16:21:46] [Writer] 第877章已保存（4540字） -> D:\AiProject\Node\novels\chapters\chapter_0877.txt
[2026-05-16 16:21:47] [Writer] 正在生成第870章...
[2026-05-16 16:21:48] [Writer] 正在生成第878章...
[2026-05-16 16:21:50] [Writer] 第865章已保存（5337字） -> D:\AiProject\Node\novels\chapters\chapter_0865.txt
[2026-05-16 16:21:52] [Writer] 正在生成第866章...
[2026-05-16 16:21:54] [Writer] 第861章已保存（5334字） -> D:\AiProject\Node\novels\chapters\chapter_0861.txt
[2026-05-16 16:21:56] [Writer] 正在生成第862章...
[2026-05-16 16:21:58] [Writer] 第873章已保存（5337字） -> D:\AiProject\Node\novels\chapters\chapter_0873.txt
[2026-05-16 16:22:00] [Writer] 正在生成第874章...
[2026-05-16 16:22:01] [Writer] 第867章已保存（5605字） -> D:\AiProject\Node\novels\chapters\chapter_0867.txt
[2026-05-16 16:22:03] [Writer] 第875章已保存（5814字） -> D:\AiProject\Node\novels\chapters\chapter_0875.txt
[2026-05-16 16:22:03] [Writer] 正在生成第868章...
[2026-05-16 16:22:05] [Writer] 正在生成第876章...
[2026-05-16 16:22:45] [Writer] 第871章已保存（4714字） -> D:\AiProject\Node\novels\chapters\chapter_0871.txt
[2026-05-16 16:22:47] [Writer] 正在生成第872章...
[2026-05-16 16:22:53] [Writer] 第864章已保存（5792字） -> D:\AiProject\Node\novels\chapters\chapter_0864.txt
[2026-05-16 16:22:55] [Writer] 全部完成
[2026-05-16 16:22:55] [Writer] 第870章已保存（4576字） -> D:\AiProject\Node\novels\chapters\chapter_0870.txt
[2026-05-16 16:22:57] [Writer] 第880章已保存（5083字） -> D:\AiProject\Node\novels\chapters\chapter_0880.txt
[2026-05-16 16:22:57] [Writer] 全部完成
[2026-05-16 16:22:59] [Writer] 全部完成
[2026-05-16 16:23:03] [Writer] 第862章已保存（4392字） -> D:\AiProject\Node\novels\chapters\chapter_0862.txt
[2026-05-16 16:23:05] [Writer] 全部完成
[2026-05-16 16:23:05] [Writer] 第876章已保存（4217字） -> D:\AiProject\Node\novels\chapters\chapter_0876.txt
[2026-05-16 16:23:07] [Writer] 全部完成
[2026-05-16 16:23:19] [Writer] 第866章已保存（5552字） -> D:\AiProject\Node\novels\chapters\chapter_0866.txt
[2026-05-16 16:23:21] [Writer] 全部完成
[2026-05-16 16:23:23] [Writer] 第874章已保存（5414字） -> D:\AiProject\Node\novels\chapters\chapter_0874.txt
[2026-05-16 16:23:25] [Writer] 全部完成
[2026-05-16 16:23:31] [Writer] 第878章已保存（6249字） -> D:\AiProject\Node\novels\chapters\chapter_0878.txt
[2026-05-16 16:23:33] [Writer] 全部完成
[2026-05-16 16:23:39] [Writer] 第868章已保存（6690字） -> D:\AiProject\Node\novels\chapters\chapter_0868.txt
[2026-05-16 16:23:41] [Writer] 全部完成
[2026-05-16 16:24:04] [Writer] 第872章已保存（5172字） -> D:\AiProject\Node\novels\chapters\chapter_0872.txt
[2026-05-16 16:24:06] [Writer] 全部完成
[2026-05-16 16:25:30] [Writer] 正在生成第881章...
[2026-05-16 16:25:30] [Writer] 正在生成第883章...
[2026-05-16 16:25:30] [Writer] 正在生成第885章...
[2026-05-16 16:25:30] [Writer] 正在生成第887章...
[2026-05-16 16:25:30] [Writer] 正在生成第895章...
[2026-05-16 16:25:30] [Writer] 正在生成第889章...
[2026-05-16 16:25:30] [Writer] 正在生成第899章...
[2026-05-16 16:25:30] [Writer] 正在生成第891章...
[2026-05-16 16:25:30] [Writer] 正在生成第893章...
[2026-05-16 16:25:30] [Writer] 正在生成第897章...
[2026-05-16 16:26:25] [Writer] 第887章已保存（3411字） -> D:\AiProject\Node\novels\chapters\chapter_0887.txt
[2026-05-16 16:26:27] [Writer] 正在生成第888章...
[2026-05-16 16:26:30] [Writer] 第895章已保存（3340字） -> D:\AiProject\Node\novels\chapters\chapter_0895.txt
[2026-05-16 16:26:32] [Writer] 正在生成第896章...
[2026-05-16 16:26:36] [Writer] 第899章已保存（4519字） -> D:\AiProject\Node\novels\chapters\chapter_0899.txt
[2026-05-16 16:26:37] [Writer] 第885章已保存（4007字） -> D:\AiProject\Node\novels\chapters\chapter_0885.txt
[2026-05-16 16:26:38] [Writer] 正在生成第900章...
[2026-05-16 16:26:39] [Writer] 正在生成第886章...
[2026-05-16 16:26:45] [Writer] 第891章已保存（4802字） -> D:\AiProject\Node\novels\chapters\chapter_0891.txt
[2026-05-16 16:26:46] [Writer] 第889章已保存（4773字） -> D:\AiProject\Node\novels\chapters\chapter_0889.txt
[2026-05-16 16:26:47] [Writer] 正在生成第892章...
[2026-05-16 16:26:48] [Writer] 正在生成第890章...
[2026-05-16 16:26:52] [Writer] 第893章已保存（5021字） -> D:\AiProject\Node\novels\chapters\chapter_0893.txt
[2026-05-16 16:26:52] [Writer] 第881章已保存（6251字） -> D:\AiProject\Node\novels\chapters\chapter_0881.txt
[2026-05-16 16:26:53] [Writer] 第897章已保存（5821字） -> D:\AiProject\Node\novels\chapters\chapter_0897.txt
[2026-05-16 16:26:53] [Writer] 第883章已保存（5385字） -> D:\AiProject\Node\novels\chapters\chapter_0883.txt
[2026-05-16 16:26:54] [Writer] 正在生成第882章...
[2026-05-16 16:26:54] [Writer] 正在生成第894章...
[2026-05-16 16:26:55] [Writer] 正在生成第898章...
[2026-05-16 16:26:55] [Writer] 正在生成第884章...
[2026-05-16 16:27:18] [Writer] 第888章已保存（3722字） -> D:\AiProject\Node\novels\chapters\chapter_0888.txt
[2026-05-16 16:27:20] [Writer] 全部完成
[2026-05-16 16:27:40] [Writer] 第890章已保存（3336字） -> D:\AiProject\Node\novels\chapters\chapter_0890.txt
[2026-05-16 16:27:42] [Writer] 全部完成
[2026-05-16 16:27:53] [Writer] 第898章已保存（4082字） -> D:\AiProject\Node\novels\chapters\chapter_0898.txt
[2026-05-16 16:27:55] [Writer] 全部完成
[2026-05-16 16:27:55] [Writer] 第896章已保存（5246字） -> D:\AiProject\Node\novels\chapters\chapter_0896.txt
[2026-05-16 16:27:57] [Writer] 全部完成
[2026-05-16 16:27:58] [Writer] 第894章已保存（4596字） -> D:\AiProject\Node\novels\chapters\chapter_0894.txt
[2026-05-16 16:28:00] [Writer] 全部完成
[2026-05-16 16:28:01] [Writer] 第886章已保存（5688字） -> D:\AiProject\Node\novels\chapters\chapter_0886.txt
[2026-05-16 16:28:03] [Writer] 全部完成
[2026-05-16 16:28:06] [Writer] 第892章已保存（5811字） -> D:\AiProject\Node\novels\chapters\chapter_0892.txt
[2026-05-16 16:28:08] [Writer] 全部完成
[2026-05-16 16:28:10] [Writer] 第900章已保存（6635字） -> D:\AiProject\Node\novels\chapters\chapter_0900.txt
[2026-05-16 16:28:12] [Writer] 全部完成
[2026-05-16 16:28:14] [Writer] 第884章已保存（5312字） -> D:\AiProject\Node\novels\chapters\chapter_0884.txt
[2026-05-16 16:28:16] [Writer] 全部完成
[2026-05-16 16:28:35] [Writer] 第882章已保存（7478字） -> D:\AiProject\Node\novels\chapters\chapter_0882.txt
[2026-05-16 16:28:37] [Writer] 全部完成
[2026-05-16 16:30:06] [Writer] 正在生成第903章...
[2026-05-16 16:30:06] [Writer] 正在生成第905章...
[2026-05-16 16:30:06] [Writer] 正在生成第907章...
[2026-05-16 16:30:06] [Writer] 正在生成第909章...
[2026-05-16 16:30:06] [Writer] 正在生成第901章...
[2026-05-16 16:30:06] [Writer] 正在生成第913章...
[2026-05-16 16:30:06] [Writer] 正在生成第911章...
[2026-05-16 16:30:06] [Writer] 正在生成第919章...
[2026-05-16 16:30:06] [Writer] 正在生成第915章...
[2026-05-16 16:30:06] [Writer] 正在生成第917章...
[2026-05-16 16:30:56] [Writer] 第917章已保存（3257字） -> D:\AiProject\Node\novels\chapters\chapter_0917.txt
[2026-05-16 16:30:58] [Writer] 正在生成第918章...
[2026-05-16 16:31:03] [Writer] 第919章已保存（3283字） -> D:\AiProject\Node\novels\chapters\chapter_0919.txt
[2026-05-16 16:31:05] [Writer] 正在生成第920章...
[2026-05-16 16:31:10] [Writer] 第913章已保存（3975字） -> D:\AiProject\Node\novels\chapters\chapter_0913.txt
[2026-05-16 16:31:12] [Writer] 正在生成第914章...
[2026-05-16 16:31:14] [Writer] 第901章已保存（4544字） -> D:\AiProject\Node\novels\chapters\chapter_0901.txt
[2026-05-16 16:31:16] [Writer] 正在生成第902章...
[2026-05-16 16:31:18] [Writer] 第905章已保存（4045字） -> D:\AiProject\Node\novels\chapters\chapter_0905.txt
[2026-05-16 16:31:19] [Writer] 第915章已保存（4833字） -> D:\AiProject\Node\novels\chapters\chapter_0915.txt
[2026-05-16 16:31:19] [Writer] 第907章已保存（4432字） -> D:\AiProject\Node\novels\chapters\chapter_0907.txt
[2026-05-16 16:31:20] [Writer] 正在生成第906章...
[2026-05-16 16:31:21] [Writer] 正在生成第916章...
[2026-05-16 16:31:21] [Writer] 正在生成第908章...
[2026-05-16 16:31:35] [Writer] 第909章已保存（5972字） -> D:\AiProject\Node\novels\chapters\chapter_0909.txt
[2026-05-16 16:31:37] [Writer] 正在生成第910章...
[2026-05-16 16:31:41] [Writer] 第903章已保存（5898字） -> D:\AiProject\Node\novels\chapters\chapter_0903.txt
[2026-05-16 16:31:43] [Writer] 正在生成第904章...
[2026-05-16 16:31:52] [Writer] 第911章已保存（7278字） -> D:\AiProject\Node\novels\chapters\chapter_0911.txt
[2026-05-16 16:31:54] [Writer] 正在生成第912章...
[2026-05-16 16:32:08] [Writer] 第918章已保存（5159字） -> D:\AiProject\Node\novels\chapters\chapter_0918.txt
[2026-05-16 16:32:10] [Writer] 全部完成
[2026-05-16 16:32:13] [Writer] 第920章已保存（4882字） -> D:\AiProject\Node\novels\chapters\chapter_0920.txt
[2026-05-16 16:32:15] [Writer] 全部完成
[2026-05-16 16:32:28] [Writer] 第910章已保存（3704字） -> D:\AiProject\Node\novels\chapters\chapter_0910.txt
[2026-05-16 16:32:30] [Writer] 全部完成
[2026-05-16 16:32:32] [Writer] 第916章已保存（4514字） -> D:\AiProject\Node\novels\chapters\chapter_0916.txt
[2026-05-16 16:32:34] [Writer] 全部完成
[2026-05-16 16:32:34] [Writer] 第914章已保存（5308字） -> D:\AiProject\Node\novels\chapters\chapter_0914.txt
[2026-05-16 16:32:36] [Writer] 全部完成
[2026-05-16 16:32:41] [Writer] 第908章已保存（5078字） -> D:\AiProject\Node\novels\chapters\chapter_0908.txt
[2026-05-16 16:32:43] [Writer] 全部完成
[2026-05-16 16:32:48] [Writer] 第902章已保存（5911字） -> D:\AiProject\Node\novels\chapters\chapter_0902.txt
[2026-05-16 16:32:50] [Writer] 全部完成
[2026-05-16 16:32:57] [Writer] 第904章已保存（4851字） -> D:\AiProject\Node\novels\chapters\chapter_0904.txt
[2026-05-16 16:32:59] [Writer] 全部完成
[2026-05-16 16:33:13] [Writer] 第906章已保存（7232字） -> D:\AiProject\Node\novels\chapters\chapter_0906.txt
[2026-05-16 16:33:15] [Writer] 全部完成
[2026-05-16 16:33:26] [Writer] 第912章已保存（6255字） -> D:\AiProject\Node\novels\chapters\chapter_0912.txt
[2026-05-16 16:33:28] [Writer] 全部完成
[2026-05-16 16:35:04] [Writer] 正在生成第921章...
[2026-05-16 16:35:04] [Writer] 正在生成第927章...
[2026-05-16 16:35:04] [Writer] 正在生成第925章...
[2026-05-16 16:35:04] [Writer] 正在生成第931章...
[2026-05-16 16:35:04] [Writer] 正在生成第923章...
[2026-05-16 16:35:04] [Writer] 正在生成第929章...
[2026-05-16 16:35:04] [Writer] 正在生成第937章...
[2026-05-16 16:35:04] [Writer] 正在生成第933章...
[2026-05-16 16:35:04] [Writer] 正在生成第939章...
[2026-05-16 16:35:04] [Writer] 正在生成第935章...
[2026-05-16 16:35:55] [Writer] 第923章已保存（3333字） -> D:\AiProject\Node\novels\chapters\chapter_0923.txt
[2026-05-16 16:35:57] [Writer] 正在生成第924章...
[2026-05-16 16:36:03] [Writer] 第921章已保存（4032字） -> D:\AiProject\Node\novels\chapters\chapter_0921.txt
[2026-05-16 16:36:05] [Writer] 正在生成第922章...
[2026-05-16 16:36:12] [Writer] 第925章已保存（4195字） -> D:\AiProject\Node\novels\chapters\chapter_0925.txt
[2026-05-16 16:36:14] [Writer] 第931章已保存（4696字） -> D:\AiProject\Node\novels\chapters\chapter_0931.txt
[2026-05-16 16:36:14] [Writer] 正在生成第926章...
[2026-05-16 16:36:16] [Writer] 正在生成第932章...
[2026-05-16 16:36:17] [Writer] 第935章已保存（4399字） -> D:\AiProject\Node\novels\chapters\chapter_0935.txt
[2026-05-16 16:36:19] [Writer] 正在生成第936章...
[2026-05-16 16:36:20] [Writer] 第927章已保存（4856字） -> D:\AiProject\Node\novels\chapters\chapter_0927.txt
[2026-05-16 16:36:22] [Writer] 正在生成第928章...
[2026-05-16 16:36:23] [Writer] 第929章已保存（5065字） -> D:\AiProject\Node\novels\chapters\chapter_0929.txt
[2026-05-16 16:36:25] [Writer] 正在生成第930章...
[2026-05-16 16:36:34] [Writer] 第939章已保存（6271字） -> D:\AiProject\Node\novels\chapters\chapter_0939.txt
[2026-05-16 16:36:36] [Writer] 正在生成第940章...
[2026-05-16 16:36:41] [Writer] 第937章已保存（6874字） -> D:\AiProject\Node\novels\chapters\chapter_0937.txt
[2026-05-16 16:36:43] [Writer] 正在生成第938章...
[2026-05-16 16:36:45] [Writer] 第933章已保存（6219字） -> D:\AiProject\Node\novels\chapters\chapter_0933.txt
[2026-05-16 16:36:47] [Writer] 正在生成第934章...
[2026-05-16 16:36:55] [Writer] 第924章已保存（3923字） -> D:\AiProject\Node\novels\chapters\chapter_0924.txt
[2026-05-16 16:36:57] [Writer] 全部完成
[2026-05-16 16:37:18] [Writer] 第922章已保存（5032字） -> D:\AiProject\Node\novels\chapters\chapter_0922.txt
[2026-05-16 16:37:20] [Writer] 全部完成
[2026-05-16 16:37:27] [Writer] 第926章已保存（5056字） -> D:\AiProject\Node\novels\chapters\chapter_0926.txt
[2026-05-16 16:37:28] [Writer] 第928章已保存（4595字） -> D:\AiProject\Node\novels\chapters\chapter_0928.txt
[2026-05-16 16:37:29] [Writer] 全部完成
[2026-05-16 16:37:30] [Writer] 全部完成
[2026-05-16 16:37:43] [Writer] 第938章已保存（4174字） -> D:\AiProject\Node\novels\chapters\chapter_0938.txt
[2026-05-16 16:37:43] [Writer] 第930章已保存（5738字） -> D:\AiProject\Node\novels\chapters\chapter_0930.txt
[2026-05-16 16:37:44] [Writer] 第932章已保存（5682字） -> D:\AiProject\Node\novels\chapters\chapter_0932.txt
[2026-05-16 16:37:45] [Writer] 全部完成
[2026-05-16 16:37:45] [Writer] 全部完成
[2026-05-16 16:37:46] [Writer] 全部完成
[2026-05-16 16:37:55] [Writer] 第936章已保存（7087字） -> D:\AiProject\Node\novels\chapters\chapter_0936.txt
[2026-05-16 16:37:57] [Writer] 全部完成
[2026-05-16 16:38:14] [Writer] 第940章已保存（7044字） -> D:\AiProject\Node\novels\chapters\chapter_0940.txt
[2026-05-16 16:38:16] [Writer] 全部完成
[2026-05-16 16:38:56] [Writer] 第934章已保存（6506字） -> D:\AiProject\Node\novels\chapters\chapter_0934.txt
[2026-05-16 16:38:58] [Writer] 全部完成
[2026-05-16 16:40:27] [Writer] 正在生成第945章...
[2026-05-16 16:40:27] [Writer] 正在生成第941章...
[2026-05-16 16:40:27] [Writer] 正在生成第943章...
[2026-05-16 16:40:27] [Writer] 正在生成第951章...
[2026-05-16 16:40:27] [Writer] 正在生成第953章...
[2026-05-16 16:40:27] [Writer] 正在生成第949章...
[2026-05-16 16:40:27] [Writer] 正在生成第947章...
[2026-05-16 16:40:27] [Writer] 正在生成第955章...
[2026-05-16 16:40:27] [Writer] 正在生成第959章...
[2026-05-16 16:40:27] [Writer] 正在生成第957章...
[2026-05-16 16:41:24] [Writer] 第945章已保存（3455字） -> D:\AiProject\Node\novels\chapters\chapter_0945.txt
[2026-05-16 16:41:26] [Writer] 正在生成第946章...
[2026-05-16 16:41:36] [Writer] 第941章已保存（4689字） -> D:\AiProject\Node\novels\chapters\chapter_0941.txt
[2026-05-16 16:41:38] [Writer] 正在生成第942章...
[2026-05-16 16:41:38] [Writer] 第947章已保存（4708字） -> D:\AiProject\Node\novels\chapters\chapter_0947.txt
[2026-05-16 16:41:40] [Writer] 正在生成第948章...
[2026-05-16 16:41:44] [Writer] 第949章已保存（4607字） -> D:\AiProject\Node\novels\chapters\chapter_0949.txt
[2026-05-16 16:41:44] [Writer] 第959章已保存（4933字） -> D:\AiProject\Node\novels\chapters\chapter_0959.txt
[2026-05-16 16:41:46] [Writer] 正在生成第950章...
[2026-05-16 16:41:46] [Writer] 正在生成第960章...
[2026-05-16 16:41:59] [Writer] 第951章已保存（5832字） -> D:\AiProject\Node\novels\chapters\chapter_0951.txt
[2026-05-16 16:42:01] [Writer] 正在生成第952章...
[2026-05-16 16:42:05] [Writer] 第957章已保存（6196字） -> D:\AiProject\Node\novels\chapters\chapter_0957.txt
[2026-05-16 16:42:07] [Writer] 正在生成第958章...
[2026-05-16 16:42:16] [Writer] 第953章已保存（6224字） -> D:\AiProject\Node\novels\chapters\chapter_0953.txt
[2026-05-16 16:42:18] [Writer] 正在生成第954章...
[2026-05-16 16:42:20] [Writer] 第955章已保存（7349字） -> D:\AiProject\Node\novels\chapters\chapter_0955.txt
[2026-05-16 16:42:22] [Writer] 正在生成第956章...
[2026-05-16 16:42:35] [Writer] 第943章已保存（7836字） -> D:\AiProject\Node\novels\chapters\chapter_0943.txt
[2026-05-16 16:42:37] [Writer] 正在生成第944章...
[2026-05-16 16:42:40] [Writer] 第946章已保存（4857字） -> D:\AiProject\Node\novels\chapters\chapter_0946.txt
[2026-05-16 16:42:42] [Writer] 全部完成
[2026-05-16 16:42:46] [Writer] 第950章已保存（3970字） -> D:\AiProject\Node\novels\chapters\chapter_0950.txt
[2026-05-16 16:42:46] [Writer] 第948章已保存（4456字） -> D:\AiProject\Node\novels\chapters\chapter_0948.txt
[2026-05-16 16:42:48] [Writer] 全部完成
[2026-05-16 16:42:48] [Writer] 全部完成
[2026-05-16 16:43:00] [Writer] 第960章已保存（4785字） -> D:\AiProject\Node\novels\chapters\chapter_0960.txt
[2026-05-16 16:43:02] [Writer] 全部完成
[2026-05-16 16:43:05] [Writer] 第942章已保存（5056字） -> D:\AiProject\Node\novels\chapters\chapter_0942.txt
[2026-05-16 16:43:07] [Writer] 第952章已保存（4191字） -> D:\AiProject\Node\novels\chapters\chapter_0952.txt
[2026-05-16 16:43:07] [Writer] 全部完成
[2026-05-16 16:43:09] [Writer] 全部完成
[2026-05-16 16:43:39] [Writer] 第954章已保存（5378字） -> D:\AiProject\Node\novels\chapters\chapter_0954.txt
[2026-05-16 16:43:39] [Writer] 第944章已保存（4505字） -> D:\AiProject\Node\novels\chapters\chapter_0944.txt
[2026-05-16 16:43:41] [Writer] 全部完成
[2026-05-16 16:43:41] [Writer] 全部完成
[2026-05-16 16:43:44] [Writer] 第958章已保存（6354字） -> D:\AiProject\Node\novels\chapters\chapter_0958.txt
[2026-05-16 16:43:46] [Writer] 全部完成
[2026-05-16 16:43:49] [Writer] 第956章已保存（5073字） -> D:\AiProject\Node\novels\chapters\chapter_0956.txt
[2026-05-16 16:43:51] [Writer] 全部完成
[2026-05-16 16:45:09] [Writer] 正在生成第969章...
[2026-05-16 16:45:09] [Writer] 正在生成第967章...
[2026-05-16 16:45:09] [Writer] 正在生成第965章...
[2026-05-16 16:45:09] [Writer] 正在生成第961章...
[2026-05-16 16:45:09] [Writer] 正在生成第975章...
[2026-05-16 16:45:09] [Writer] 正在生成第963章...
[2026-05-16 16:45:09] [Writer] 正在生成第971章...
[2026-05-16 16:45:09] [Writer] 正在生成第977章...
[2026-05-16 16:45:09] [Writer] 正在生成第979章...
[2026-05-16 16:45:09] [Writer] 正在生成第973章...
[2026-05-16 16:46:18] [Writer] 第973章已保存（4608字） -> D:\AiProject\Node\novels\chapters\chapter_0973.txt
[2026-05-16 16:46:20] [Writer] 正在生成第974章...
[2026-05-16 16:46:20] [Writer] 第971章已保存（4634字） -> D:\AiProject\Node\novels\chapters\chapter_0971.txt
[2026-05-16 16:46:22] [Writer] 正在生成第972章...
[2026-05-16 16:46:27] [Writer] 第977章已保存（4820字） -> D:\AiProject\Node\novels\chapters\chapter_0977.txt
[2026-05-16 16:46:29] [Writer] 第961章已保存（4978字） -> D:\AiProject\Node\novels\chapters\chapter_0961.txt
[2026-05-16 16:46:29] [Writer] 正在生成第978章...
[2026-05-16 16:46:29] [Writer] 第963章已保存（5600字） -> D:\AiProject\Node\novels\chapters\chapter_0963.txt
[2026-05-16 16:46:31] [Writer] 正在生成第962章...
[2026-05-16 16:46:31] [Writer] 正在生成第964章...
[2026-05-16 16:46:34] [Writer] 第967章已保存（5669字） -> D:\AiProject\Node\novels\chapters\chapter_0967.txt
[2026-05-16 16:46:36] [Writer] 正在生成第968章...
[2026-05-16 16:46:36] [Writer] 第965章已保存（5406字） -> D:\AiProject\Node\novels\chapters\chapter_0965.txt
[2026-05-16 16:46:38] [Writer] 正在生成第966章...
[2026-05-16 16:46:40] [Writer] 第975章已保存（6107字） -> D:\AiProject\Node\novels\chapters\chapter_0975.txt
[2026-05-16 16:46:42] [Writer] 正在生成第976章...
[2026-05-16 16:46:46] [Writer] 第969章已保存（7106字） -> D:\AiProject\Node\novels\chapters\chapter_0969.txt
[2026-05-16 16:46:48] [Writer] 正在生成第970章...
[2026-05-16 16:47:21] [Writer] 第979章已保存（9271字） -> D:\AiProject\Node\novels\chapters\chapter_0979.txt
[2026-05-16 16:47:23] [Writer] 正在生成第980章...
[2026-05-16 16:47:37] [Writer] 第962章已保存（4577字） -> D:\AiProject\Node\novels\chapters\chapter_0962.txt
[2026-05-16 16:47:38] [Writer] 第968章已保存（4311字） -> D:\AiProject\Node\novels\chapters\chapter_0968.txt
[2026-05-16 16:47:39] [Writer] 第978章已保存（4663字） -> D:\AiProject\Node\novels\chapters\chapter_0978.txt
[2026-05-16 16:47:39] [Writer] 全部完成
[2026-05-16 16:47:40] [Writer] 全部完成
[2026-05-16 16:47:40] [Writer] 第964章已保存（4737字） -> D:\AiProject\Node\novels\chapters\chapter_0964.txt
[2026-05-16 16:47:41] [Writer] 全部完成
[2026-05-16 16:47:42] [Writer] 全部完成
[2026-05-16 16:47:51] [Writer] 第970章已保存（4596字） -> D:\AiProject\Node\novels\chapters\chapter_0970.txt
[2026-05-16 16:47:53] [Writer] 全部完成
[2026-05-16 16:47:59] [Writer] 第976章已保存（4886字） -> D:\AiProject\Node\novels\chapters\chapter_0976.txt
[2026-05-16 16:47:59] [Writer] 第966章已保存（5228字） -> D:\AiProject\Node\novels\chapters\chapter_0966.txt
[2026-05-16 16:48:01] [Writer] 全部完成
[2026-05-16 16:48:01] [Writer] 全部完成
[2026-05-16 16:48:02] [Writer] 第972章已保存（5387字） -> D:\AiProject\Node\novels\chapters\chapter_0972.txt
[2026-05-16 16:48:04] [Writer] 全部完成
[2026-05-16 16:48:06] [Writer] 第974章已保存（7656字） -> D:\AiProject\Node\novels\chapters\chapter_0974.txt
[2026-05-16 16:48:08] [Writer] 全部完成
[2026-05-16 16:48:36] [Writer] 第980章已保存（5542字） -> D:\AiProject\Node\novels\chapters\chapter_0980.txt
[2026-05-16 16:48:38] [Writer] 全部完成
[2026-05-16 16:51:22] [Writer] 正在生成第983章...
[2026-05-16 16:51:22] [Writer] 正在生成第985章...
[2026-05-16 16:51:22] [Writer] 正在生成第981章...
[2026-05-16 16:51:22] [Writer] 正在生成第989章...
[2026-05-16 16:51:22] [Writer] 正在生成第995章...
[2026-05-16 16:51:22] [Writer] 正在生成第987章...
[2026-05-16 16:51:22] [Writer] 正在生成第993章...
[2026-05-16 16:51:22] [Writer] 正在生成第999章...
[2026-05-16 16:51:22] [Writer] 正在生成第991章...
[2026-05-16 16:51:22] [Writer] 正在生成第997章...
[2026-05-16 16:52:06] [Writer] 第999章已保存（3101字） -> D:\AiProject\Node\novels\chapters\chapter_0999.txt
[2026-05-16 16:52:09] [Writer] 正在生成第1000章...
[2026-05-16 16:52:17] [Writer] 第985章已保存（3932字） -> D:\AiProject\Node\novels\chapters\chapter_0985.txt
[2026-05-16 16:52:19] [Writer] 正在生成第986章...
[2026-05-16 16:52:21] [Writer] 第987章已保存（3929字） -> D:\AiProject\Node\novels\chapters\chapter_0987.txt
[2026-05-16 16:52:23] [Writer] 正在生成第988章...
[2026-05-16 16:52:29] [Writer] 第989章已保存（4414字） -> D:\AiProject\Node\novels\chapters\chapter_0989.txt
[2026-05-16 16:52:30] [Writer] 第983章已保存（4768字） -> D:\AiProject\Node\novels\chapters\chapter_0983.txt
[2026-05-16 16:52:31] [Writer] 正在生成第990章...
[2026-05-16 16:52:32] [Writer] 正在生成第984章...
[2026-05-16 16:52:33] [Writer] 第991章已保存（5197字） -> D:\AiProject\Node\novels\chapters\chapter_0991.txt
[2026-05-16 16:52:35] [Writer] 正在生成第992章...
[2026-05-16 16:52:37] [Writer] 第981章已保存（5534字） -> D:\AiProject\Node\novels\chapters\chapter_0981.txt
[2026-05-16 16:52:37] [Writer] 第993章已保存（4968字） -> D:\AiProject\Node\novels\chapters\chapter_0993.txt
[2026-05-16 16:52:39] [Writer] 正在生成第982章...
[2026-05-16 16:52:39] [Writer] 正在生成第994章...
[2026-05-16 16:52:43] [Writer] 第995章已保存（5485字） -> D:\AiProject\Node\novels\chapters\chapter_0995.txt
[2026-05-16 16:52:45] [Writer] 正在生成第996章...
[2026-05-16 16:52:58] [Writer] 第1000章已保存（3564字） -> D:\AiProject\Node\novels\chapters\chapter_1000.txt
[2026-05-16 16:53:00] [Writer] 全部完成
[2026-05-16 16:53:27] [Writer] 第997章已保存（9814字） -> D:\AiProject\Node\novels\chapters\chapter_0997.txt
[2026-05-16 16:53:28] [Writer] 第986章已保存（5155字） -> D:\AiProject\Node\novels\chapters\chapter_0986.txt
[2026-05-16 16:53:29] [Writer] 正在生成第998章...
[2026-05-16 16:53:30] [Writer] 全部完成
[2026-05-16 16:53:45] [Writer] 第984章已保存（4731字） -> D:\AiProject\Node\novels\chapters\chapter_0984.txt
[2026-05-16 16:53:47] [Writer] 全部完成
[2026-05-16 16:53:51] [Writer] 第988章已保存（6166字） -> D:\AiProject\Node\novels\chapters\chapter_0988.txt
[2026-05-16 16:53:51] [Writer] 第990章已保存（5197字） -> D:\AiProject\Node\novels\chapters\chapter_0990.txt
[2026-05-16 16:53:53] [Writer] 全部完成
[2026-05-16 16:53:53] [Writer] 全部完成
[2026-05-16 16:53:55] [Writer] 第994章已保存（4729字） -> D:\AiProject\Node\novels\chapters\chapter_0994.txt
[2026-05-16 16:53:57] [Writer] 全部完成
[2026-05-16 16:54:06] [Writer] 第982章已保存（6143字） -> D:\AiProject\Node\novels\chapters\chapter_0982.txt
[2026-05-16 16:54:08] [Writer] 全部完成
[2026-05-16 16:54:12] [Writer] 第996章已保存（4445字） -> D:\AiProject\Node\novels\chapters\chapter_0996.txt
[2026-05-16 16:54:14] [Writer] 全部完成
[2026-05-16 16:54:14] [Writer] 第992章已保存（6874字） -> D:\AiProject\Node\novels\chapters\chapter_0992.txt
[2026-05-16 16:54:16] [Writer] 全部完成
[2026-05-16 16:55:19] [Writer] 第998章已保存（8348字） -> D:\AiProject\Node\novels\chapters\chapter_0998.txt
[2026-05-16 16:55:21] [Writer] 全部完成
[2026-05-16 16:56:52] [Writer] 正在生成第1001章...
[2026-05-16 16:56:52] [Writer] 正在生成第1003章...
[2026-05-16 16:56:52] [Writer] 正在生成第1011章...
[2026-05-16 16:56:52] [Writer] 正在生成第1005章...
[2026-05-16 16:56:52] [Writer] 正在生成第1007章...
[2026-05-16 16:56:52] [Writer] 正在生成第1019章...
[2026-05-16 16:56:52] [Writer] 正在生成第1017章...
[2026-05-16 16:56:52] [Writer] 正在生成第1015章...
[2026-05-16 16:56:52] [Writer] 正在生成第1009章...
[2026-05-16 16:56:52] [Writer] 正在生成第1013章...
[2026-05-16 16:57:49] [Writer] 第1017章已保存（3612字） -> D:\AiProject\Node\novels\chapters\chapter_1017.txt
[2026-05-16 16:57:51] [Writer] 正在生成第1018章...
[2026-05-16 16:57:52] [Writer] 第1015章已保存（4167字） -> D:\AiProject\Node\novels\chapters\chapter_1015.txt
[2026-05-16 16:57:54] [Writer] 正在生成第1016章...
[2026-05-16 16:57:59] [Writer] 第1019章已保存（4684字） -> D:\AiProject\Node\novels\chapters\chapter_1019.txt
[2026-05-16 16:58:01] [Writer] 正在生成第1020章...
[2026-05-16 16:58:05] [Writer] 第1007章已保存（5051字） -> D:\AiProject\Node\novels\chapters\chapter_1007.txt
[2026-05-16 16:58:07] [Writer] 正在生成第1008章...
[2026-05-16 16:58:14] [Writer] 第1013章已保存（5892字） -> D:\AiProject\Node\novels\chapters\chapter_1013.txt
[2026-05-16 16:58:16] [Writer] 正在生成第1014章...
[2026-05-16 16:58:17] [Writer] 第1009章已保存（5631字） -> D:\AiProject\Node\novels\chapters\chapter_1009.txt
[2026-05-16 16:58:18] [Writer] 第1003章已保存（5854字） -> D:\AiProject\Node\novels\chapters\chapter_1003.txt
[2026-05-16 16:58:19] [Writer] 正在生成第1010章...
[2026-05-16 16:58:20] [Writer] 第1001章已保存（7113字） -> D:\AiProject\Node\novels\chapters\chapter_1001.txt
[2026-05-16 16:58:20] [Writer] 正在生成第1004章...
[2026-05-16 16:58:22] [Writer] 正在生成第1002章...
[2026-05-16 16:58:27] [Writer] 第1011章已保存（6681字） -> D:\AiProject\Node\novels\chapters\chapter_1011.txt
[2026-05-16 16:58:29] [Writer] 正在生成第1012章...
[2026-05-16 16:58:42] [Writer] 第1005章已保存（8005字） -> D:\AiProject\Node\novels\chapters\chapter_1005.txt
[2026-05-16 16:58:44] [Writer] 正在生成第1006章...
[2026-05-16 16:59:02] [Writer] 第1008章已保存（4038字） -> D:\AiProject\Node\novels\chapters\chapter_1008.txt
[2026-05-16 16:59:03] [Writer] 第1018章已保存（5345字） -> D:\AiProject\Node\novels\chapters\chapter_1018.txt
[2026-05-16 16:59:04] [Writer] 全部完成
[2026-05-16 16:59:05] [Writer] 全部完成
[2026-05-16 16:59:20] [Writer] 第1020章已保存（5594字） -> D:\AiProject\Node\novels\chapters\chapter_1020.txt
[2026-05-16 16:59:22] [Writer] 全部完成
[2026-05-16 16:59:24] [Writer] 第1010章已保存（4546字） -> D:\AiProject\Node\novels\chapters\chapter_1010.txt
[2026-05-16 16:59:26] [Writer] 全部完成
[2026-05-16 16:59:27] [Writer] 第1016章已保存（6820字） -> D:\AiProject\Node\novels\chapters\chapter_1016.txt
[2026-05-16 16:59:29] [Writer] 全部完成
[2026-05-16 16:59:38] [Writer] 第1002章已保存（5054字） -> D:\AiProject\Node\novels\chapters\chapter_1002.txt
[2026-05-16 16:59:40] [Writer] 全部完成
[2026-05-16 16:59:40] [Writer] 第1014章已保存（5625字） -> D:\AiProject\Node\novels\chapters\chapter_1014.txt
[2026-05-16 16:59:42] [Writer] 第1006章已保存（4297字） -> D:\AiProject\Node\novels\chapters\chapter_1006.txt
[2026-05-16 16:59:42] [Writer] 全部完成
[2026-05-16 16:59:44] [Writer] 全部完成
[2026-05-16 17:00:08] [Writer] 第1004章已保存（8071字） -> D:\AiProject\Node\novels\chapters\chapter_1004.txt
[2026-05-16 17:00:10] [Writer] 全部完成
[2026-05-16 17:00:32] [Writer] 第1012章已保存（8540字） -> D:\AiProject\Node\novels\chapters\chapter_1012.txt
[2026-05-16 17:00:34] [Writer] 全部完成
[2026-05-16 17:01:59] [Writer] 正在生成第1021章...
[2026-05-16 17:01:59] [Writer] 正在生成第1025章...
[2026-05-16 17:01:59] [Writer] 正在生成第1023章...
[2026-05-16 17:01:59] [Writer] 正在生成第1033章...
[2026-05-16 17:01:59] [Writer] 正在生成第1029章...
[2026-05-16 17:01:59] [Writer] 正在生成第1027章...
[2026-05-16 17:01:59] [Writer] 正在生成第1031章...
[2026-05-16 17:01:59] [Writer] 正在生成第1039章...
[2026-05-16 17:01:59] [Writer] 正在生成第1037章...
[2026-05-16 17:01:59] [Writer] 正在生成第1035章...
[2026-05-16 17:03:02] [Writer] 第1031章已保存（3956字） -> D:\AiProject\Node\novels\chapters\chapter_1031.txt
[2026-05-16 17:03:03] [Writer] 第1025章已保存（4124字） -> D:\AiProject\Node\novels\chapters\chapter_1025.txt
[2026-05-16 17:03:04] [Writer] 正在生成第1032章...
[2026-05-16 17:03:05] [Writer] 正在生成第1026章...
[2026-05-16 17:03:06] [Writer] 第1033章已保存（3907字） -> D:\AiProject\Node\novels\chapters\chapter_1033.txt
[2026-05-16 17:03:08] [Writer] 正在生成第1034章...
[2026-05-16 17:03:14] [Writer] 第1037章已保存（4795字） -> D:\AiProject\Node\novels\chapters\chapter_1037.txt
[2026-05-16 17:03:16] [Writer] 正在生成第1038章...
[2026-05-16 17:03:23] [Writer] 第1023章已保存（5857字） -> D:\AiProject\Node\novels\chapters\chapter_1023.txt
[2026-05-16 17:03:24] [Writer] 第1029章已保存（5499字） -> D:\AiProject\Node\novels\chapters\chapter_1029.txt
[2026-05-16 17:03:25] [Writer] 正在生成第1024章...
[2026-05-16 17:03:26] [Writer] 正在生成第1030章...
[2026-05-16 17:03:27] [Writer] 第1035章已保存（4235字） -> D:\AiProject\Node\novels\chapters\chapter_1035.txt
[2026-05-16 17:03:29] [Writer] 正在生成第1036章...
[2026-05-16 17:03:34] [Writer] 第1039章已保存（5457字） -> D:\AiProject\Node\novels\chapters\chapter_1039.txt
[2026-05-16 17:03:35] [Writer] 第1027章已保存（5771字） -> D:\AiProject\Node\novels\chapters\chapter_1027.txt
[2026-05-16 17:03:36] [Writer] 正在生成第1040章...
[2026-05-16 17:03:37] [Writer] 正在生成第1028章...
[2026-05-16 17:04:00] [Writer] 第1021章已保存（8010字） -> D:\AiProject\Node\novels\chapters\chapter_1021.txt
[2026-05-16 17:04:02] [Writer] 正在生成第1022章...
[2026-05-16 17:04:11] [Writer] 第1032章已保存（4631字） -> D:\AiProject\Node\novels\chapters\chapter_1032.txt
[2026-05-16 17:04:13] [Writer] 全部完成
[2026-05-16 17:04:14] [Writer] 第1026章已保存（4704字） -> D:\AiProject\Node\novels\chapters\chapter_1026.txt
[2026-05-16 17:04:16] [Writer] 全部完成
[2026-05-16 17:04:24] [Writer] 第1034章已保存（5350字） -> D:\AiProject\Node\novels\chapters\chapter_1034.txt
[2026-05-16 17:04:26] [Writer] 全部完成
[2026-05-16 17:04:45] [Writer] 第1036章已保存（4972字） -> D:\AiProject\Node\novels\chapters\chapter_1036.txt
[2026-05-16 17:04:47] [Writer] 全部完成
[2026-05-16 17:04:48] [Writer] 第1024章已保存（5059字） -> D:\AiProject\Node\novels\chapters\chapter_1024.txt
[2026-05-16 17:04:50] [Writer] 全部完成
[2026-05-16 17:05:03] [Writer] 第1028章已保存（5291字） -> D:\AiProject\Node\novels\chapters\chapter_1028.txt
[2026-05-16 17:05:05] [Writer] 全部完成
[2026-05-16 17:05:16] [Writer] 第1040章已保存（6650字） -> D:\AiProject\Node\novels\chapters\chapter_1040.txt
[2026-05-16 17:05:18] [Writer] 全部完成
[2026-05-16 17:05:21] [Writer] 第1022章已保存（5462字） -> D:\AiProject\Node\novels\chapters\chapter_1022.txt
[2026-05-16 17:05:23] [Writer] 全部完成
[2026-05-16 17:05:28] [Writer] 第1038章已保存（8890字） -> D:\AiProject\Node\novels\chapters\chapter_1038.txt
[2026-05-16 17:05:30] [Writer] 全部完成
[2026-05-16 17:05:31] [Writer] 第1030章已保存（6902字） -> D:\AiProject\Node\novels\chapters\chapter_1030.txt
[2026-05-16 17:05:33] [Writer] 全部完成
[2026-05-16 17:06:58] [Writer] 正在生成第1047章...
[2026-05-16 17:06:58] [Writer] 正在生成第1041章...
[2026-05-16 17:06:58] [Writer] 正在生成第1043章...
[2026-05-16 17:06:58] [Writer] 正在生成第1049章...
[2026-05-16 17:06:58] [Writer] 正在生成第1045章...
[2026-05-16 17:06:58] [Writer] 正在生成第1053章...
[2026-05-16 17:06:58] [Writer] 正在生成第1051章...
[2026-05-16 17:06:58] [Writer] 正在生成第1057章...
[2026-05-16 17:06:58] [Writer] 正在生成第1055章...
[2026-05-16 17:06:58] [Writer] 正在生成第1059章...
[2026-05-16 17:08:00] [Writer] 第1049章已保存（3537字） -> D:\AiProject\Node\novels\chapters\chapter_1049.txt
[2026-05-16 17:08:01] [Writer] 第1045章已保存（3359字） -> D:\AiProject\Node\novels\chapters\chapter_1045.txt
[2026-05-16 17:08:02] [Writer] 正在生成第1050章...
[2026-05-16 17:08:03] [Writer] 正在生成第1046章...
[2026-05-16 17:08:07] [Writer] 第1059章已保存（4515字） -> D:\AiProject\Node\novels\chapters\chapter_1059.txt
[2026-05-16 17:08:08] [Writer] 第1043章已保存（4419字） -> D:\AiProject\Node\novels\chapters\chapter_1043.txt
[2026-05-16 17:08:09] [Writer] 正在生成第1060章...
[2026-05-16 17:08:10] [Writer] 正在生成第1044章...
[2026-05-16 17:08:21] [Writer] 第1055章已保存（4856字） -> D:\AiProject\Node\novels\chapters\chapter_1055.txt
[2026-05-16 17:08:23] [Writer] 正在生成第1056章...
[2026-05-16 17:08:25] [Writer] 第1047章已保存（5571字） -> D:\AiProject\Node\novels\chapters\chapter_1047.txt
[2026-05-16 17:08:27] [Writer] 正在生成第1048章...
[2026-05-16 17:08:29] [Writer] 第1041章已保存（5627字） -> D:\AiProject\Node\novels\chapters\chapter_1041.txt
[2026-05-16 17:08:31] [Writer] 正在生成第1042章...
[2026-05-16 17:08:32] [Writer] 第1057章已保存（5659字） -> D:\AiProject\Node\novels\chapters\chapter_1057.txt
[2026-05-16 17:08:34] [Writer] 正在生成第1058章...
[2026-05-16 17:08:38] [Writer] 第1053章已保存（6593字） -> D:\AiProject\Node\novels\chapters\chapter_1053.txt
[2026-05-16 17:08:40] [Writer] 正在生成第1054章...
[2026-05-16 17:08:52] [Writer] 第1051章已保存（7020字） -> D:\AiProject\Node\novels\chapters\chapter_1051.txt
[2026-05-16 17:08:54] [Writer] 正在生成第1052章...
[2026-05-16 17:09:01] [Writer] 第1048章已保存（1762字） -> D:\AiProject\Node\novels\chapters\chapter_1048.txt
[2026-05-16 17:09:03] [Writer] 全部完成
[2026-05-16 17:09:15] [Writer] 第1060章已保存（4535字） -> D:\AiProject\Node\novels\chapters\chapter_1060.txt
[2026-05-16 17:09:16] [Writer] 第1050章已保存（5156字） -> D:\AiProject\Node\novels\chapters\chapter_1050.txt
[2026-05-16 17:09:17] [Writer] 全部完成
[2026-05-16 17:09:18] [Writer] 全部完成
[2026-05-16 17:09:27] [Writer] 第1046章已保存（6195字） -> D:\AiProject\Node\novels\chapters\chapter_1046.txt
[2026-05-16 17:09:29] [Writer] 全部完成
[2026-05-16 17:09:36] [Writer] 第1056章已保存（4946字） -> D:\AiProject\Node\novels\chapters\chapter_1056.txt
[2026-05-16 17:09:38] [Writer] 全部完成
[2026-05-16 17:09:39] [Writer] 第1042章已保存（4425字） -> D:\AiProject\Node\novels\chapters\chapter_1042.txt
[2026-05-16 17:09:41] [Writer] 全部完成
[2026-05-16 17:09:42] [Writer] 第1058章已保存（4988字） -> D:\AiProject\Node\novels\chapters\chapter_1058.txt
[2026-05-16 17:09:44] [Writer] 全部完成
[2026-05-16 17:09:51] [Writer] 第1044章已保存（6500字） -> D:\AiProject\Node\novels\chapters\chapter_1044.txt
[2026-05-16 17:09:53] [Writer] 全部完成
[2026-05-16 17:09:57] [Writer] 第1054章已保存（5388字） -> D:\AiProject\Node\novels\chapters\chapter_1054.txt
[2026-05-16 17:09:59] [Writer] 全部完成
[2026-05-16 17:10:16] [Writer] 第1052章已保存（5603字） -> D:\AiProject\Node\novels\chapters\chapter_1052.txt
[2026-05-16 17:10:18] [Writer] 全部完成
[2026-05-16 17:11:44] [Writer] 正在生成第1063章...
[2026-05-16 17:11:44] [Writer] 正在生成第1061章...
[2026-05-16 17:11:44] [Writer] 正在生成第1067章...
[2026-05-16 17:11:44] [Writer] 正在生成第1071章...
[2026-05-16 17:11:44] [Writer] 正在生成第1069章...
[2026-05-16 17:11:44] [Writer] 正在生成第1065章...
[2026-05-16 17:11:44] [Writer] 正在生成第1077章...
[2026-05-16 17:11:44] [Writer] 正在生成第1073章...
[2026-05-16 17:11:44] [Writer] 正在生成第1079章...
[2026-05-16 17:11:44] [Writer] 正在生成第1075章...
[2026-05-16 17:12:33] [Writer] 第1075章已保存（3137字） -> D:\AiProject\Node\novels\chapters\chapter_1075.txt
[2026-05-16 17:12:35] [Writer] 正在生成第1076章...
[2026-05-16 17:12:43] [Writer] 第1067章已保存（4169字） -> D:\AiProject\Node\novels\chapters\chapter_1067.txt
[2026-05-16 17:12:45] [Writer] 第1063章已保存（4262字） -> D:\AiProject\Node\novels\chapters\chapter_1063.txt
[2026-05-16 17:12:45] [Writer] 正在生成第1068章...
[2026-05-16 17:12:47] [Writer] 正在生成第1064章...
[2026-05-16 17:12:48] [Writer] 第1073章已保存（4552字） -> D:\AiProject\Node\novels\chapters\chapter_1073.txt
[2026-05-16 17:12:49] [Writer] 第1071章已保存（4710字） -> D:\AiProject\Node\novels\chapters\chapter_1071.txt
[2026-05-16 17:12:50] [Writer] 正在生成第1074章...
[2026-05-16 17:12:51] [Writer] 正在生成第1072章...
[2026-05-16 17:12:55] [Writer] 第1079章已保存（4807字） -> D:\AiProject\Node\novels\chapters\chapter_1079.txt
[2026-05-16 17:12:56] [Writer] 第1077章已保存（4812字） -> D:\AiProject\Node\novels\chapters\chapter_1077.txt
[2026-05-16 17:12:57] [Writer] 第1061章已保存（5200字） -> D:\AiProject\Node\novels\chapters\chapter_1061.txt
[2026-05-16 17:12:57] [Writer] 正在生成第1080章...
[2026-05-16 17:12:58] [Writer] 正在生成第1078章...
[2026-05-16 17:12:59] [Writer] 正在生成第1062章...
[2026-05-16 17:13:06] [Writer] 第1069章已保存（6030字） -> D:\AiProject\Node\novels\chapters\chapter_1069.txt
[2026-05-16 17:13:07] [Writer] 第1065章已保存（5907字） -> D:\AiProject\Node\novels\chapters\chapter_1065.txt
[2026-05-16 17:13:08] [Writer] 正在生成第1070章...
[2026-05-16 17:13:09] [Writer] 正在生成第1066章...
[2026-05-16 17:13:42] [Writer] 第1068章已保存（4185字） -> D:\AiProject\Node\novels\chapters\chapter_1068.txt
[2026-05-16 17:13:43] [Writer] 第1076章已保存（4799字） -> D:\AiProject\Node\novels\chapters\chapter_1076.txt
[2026-05-16 17:13:44] [Writer] 全部完成
[2026-05-16 17:13:45] [Writer] 全部完成
[2026-05-16 17:13:48] [Writer] 第1072章已保存（3692字） -> D:\AiProject\Node\novels\chapters\chapter_1072.txt
[2026-05-16 17:13:48] [Writer] 第1064章已保存（4346字） -> D:\AiProject\Node\novels\chapters\chapter_1064.txt
[2026-05-16 17:13:48] [Writer] 第1074章已保存（3786字） -> D:\AiProject\Node\novels\chapters\chapter_1074.txt
[2026-05-16 17:13:50] [Writer] 全部完成
[2026-05-16 17:13:50] [Writer] 全部完成
[2026-05-16 17:13:50] [Writer] 全部完成
[2026-05-16 17:14:13] [Writer] 第1062章已保存（5113字） -> D:\AiProject\Node\novels\chapters\chapter_1062.txt
[2026-05-16 17:14:13] [Writer] 第1070章已保存（3982字） -> D:\AiProject\Node\novels\chapters\chapter_1070.txt
[2026-05-16 17:14:15] [Writer] 全部完成
[2026-05-16 17:14:15] [Writer] 全部完成
[2026-05-16 17:14:16] [Writer] 第1066章已保存（5012字） -> D:\AiProject\Node\novels\chapters\chapter_1066.txt
[2026-05-16 17:14:16] [Writer] 第1078章已保存（5760字） -> D:\AiProject\Node\novels\chapters\chapter_1078.txt
[2026-05-16 17:14:18] [Writer] 全部完成
[2026-05-16 17:14:18] [Writer] 全部完成
[2026-05-16 17:14:23] [Writer] 第1080章已保存（6259字） -> D:\AiProject\Node\novels\chapters\chapter_1080.txt
[2026-05-16 17:14:25] [Writer] 全部完成
[2026-05-16 17:15:47] [Writer] 正在生成第1081章...
[2026-05-16 17:15:47] [Writer] 正在生成第1083章...
[2026-05-16 17:15:47] [Writer] 正在生成第1087章...
[2026-05-16 17:15:47] [Writer] 正在生成第1085章...
[2026-05-16 17:15:47] [Writer] 正在生成第1093章...
[2026-05-16 17:15:47] [Writer] 正在生成第1091章...
[2026-05-16 17:15:47] [Writer] 正在生成第1095章...
[2026-05-16 17:15:47] [Writer] 正在生成第1089章...
[2026-05-16 17:15:47] [Writer] 正在生成第1099章...
[2026-05-16 17:15:47] [Writer] 正在生成第1097章...
[2026-05-16 17:16:44] [Writer] 第1083章已保存（4084字） -> D:\AiProject\Node\novels\chapters\chapter_1083.txt
[2026-05-16 17:16:46] [Writer] 正在生成第1084章...
[2026-05-16 17:16:51] [Writer] 第1099章已保存（4750字） -> D:\AiProject\Node\novels\chapters\chapter_1099.txt
[2026-05-16 17:16:53] [Writer] 正在生成第1100章...
[2026-05-16 17:16:59] [Writer] 第1081章已保存（5313字） -> D:\AiProject\Node\novels\chapters\chapter_1081.txt
[2026-05-16 17:17:00] [Writer] 第1089章已保存（4798字） -> D:\AiProject\Node\novels\chapters\chapter_1089.txt
[2026-05-16 17:17:01] [Writer] 正在生成第1082章...
[2026-05-16 17:17:02] [Writer] 正在生成第1090章...
[2026-05-16 17:17:02] [Writer] 第1097章已保存（4505字） -> D:\AiProject\Node\novels\chapters\chapter_1097.txt
[2026-05-16 17:17:04] [Writer] 正在生成第1098章...
[2026-05-16 17:17:05] [Writer] 第1093章已保存（5912字） -> D:\AiProject\Node\novels\chapters\chapter_1093.txt
[2026-05-16 17:17:07] [Writer] 正在生成第1094章...
[2026-05-16 17:17:12] [Writer] 第1091章已保存（6240字） -> D:\AiProject\Node\novels\chapters\chapter_1091.txt
[2026-05-16 17:17:14] [Writer] 正在生成第1092章...
[2026-05-16 17:17:16] [Writer] 第1087章已保存（5954字） -> D:\AiProject\Node\novels\chapters\chapter_1087.txt
[2026-05-16 17:17:18] [Writer] 正在生成第1088章...
[2026-05-16 17:17:25] [Writer] 第1085章已保存（7076字） -> D:\AiProject\Node\novels\chapters\chapter_1085.txt
[2026-05-16 17:17:27] [Writer] 正在生成第1086章...
[2026-05-16 17:17:41] [Writer] 第1095章已保存（7500字） -> D:\AiProject\Node\novels\chapters\chapter_1095.txt
[2026-05-16 17:17:43] [Writer] 正在生成第1096章...
[2026-05-16 17:17:59] [Writer] 第1084章已保存（4840字） -> D:\AiProject\Node\novels\chapters\chapter_1084.txt
[2026-05-16 17:18:01] [Writer] 全部完成
[2026-05-16 17:19:10] [Writer] 第1081章已存在，跳过
[2026-05-16 17:19:10] [Writer] 第1083章已存在，跳过
[2026-05-16 17:19:10] [Writer] 第1091章已存在，跳过
[2026-05-16 17:19:10] [Writer] 第1089章已存在，跳过
[2026-05-16 17:19:10] [Writer] 第1087章已存在，跳过
[2026-05-16 17:19:11] [Writer] 第1085章已存在，跳过
[2026-05-16 17:19:11] [Writer] 第1099章已存在，跳过
[2026-05-16 17:19:11] [Writer] 第1097章已存在，跳过
[2026-05-16 17:19:11] [Writer] 第1095章已存在，跳过
[2026-05-16 17:19:11] [Writer] 第1093章已存在，跳过
[2026-05-16 17:19:11] [Writer] 正在生成第1107章...
[2026-05-16 17:19:11] [Writer] 正在生成第1103章...
[2026-05-16 17:19:11] [Writer] 正在生成第1105章...
[2026-05-16 17:19:11] [Writer] 正在生成第1101章...
[2026-05-16 17:19:11] [Writer] 正在生成第1113章...
[2026-05-16 17:19:11] [Writer] 正在生成第1111章...
[2026-05-16 17:19:11] [Writer] 正在生成第1109章...
[2026-05-16 17:19:11] [Writer] 正在生成第1117章...
[2026-05-16 17:19:11] [Writer] 正在生成第1119章...
[2026-05-16 17:19:11] [Writer] 正在生成第1115章...
[2026-05-16 17:19:12] [Writer] 正在生成第1082章...
[2026-05-16 17:19:12] [Writer] 第1084章已存在，跳过
[2026-05-16 17:19:12] [Writer] 正在生成第1092章...
[2026-05-16 17:19:12] [Writer] 正在生成第1090章...
[2026-05-16 17:19:13] [Writer] 正在生成第1088章...
[2026-05-16 17:19:13] [Writer] 正在生成第1086章...
[2026-05-16 17:19:13] [Writer] 正在生成第1100章...
[2026-05-16 17:19:13] [Writer] 正在生成第1098章...
[2026-05-16 17:19:13] [Writer] 正在生成第1096章...
[2026-05-16 17:19:13] [Writer] 正在生成第1094章...
[2026-05-16 17:19:14] [Writer] 全部完成
[2026-05-16 17:20:03] [Writer] 第1113章已保存（3290字） -> D:\AiProject\Node\novels\chapters\chapter_1113.txt
[2026-05-16 17:20:05] [Writer] 正在生成第1114章...
[2026-05-16 17:20:09] [Writer] 第1107章已保存（4032字） -> D:\AiProject\Node\novels\chapters\chapter_1107.txt
[2026-05-16 17:20:11] [Writer] 正在生成第1108章...
[2026-05-16 17:20:13] [Writer] 第1086章已保存（4339字） -> D:\AiProject\Node\novels\chapters\chapter_1086.txt
[2026-05-16 17:20:14] [Writer] 第1094章已保存（4324字） -> D:\AiProject\Node\novels\chapters\chapter_1094.txt
[2026-05-16 17:20:15] [Writer] 全部完成
[2026-05-16 17:20:16] [Writer] 全部完成
[2026-05-16 17:20:17] [Writer] 第1101章已保存（5146字） -> D:\AiProject\Node\novels\chapters\chapter_1101.txt
[2026-05-16 17:20:19] [Writer] 第1082章已保存（5020字） -> D:\AiProject\Node\novels\chapters\chapter_1082.txt
[2026-05-16 17:20:19] [Writer] 正在生成第1102章...
[2026-05-16 17:20:21] [Writer] 全部完成
[2026-05-16 17:20:21] [Writer] 第1098章已保存（4816字） -> D:\AiProject\Node\novels\chapters\chapter_1098.txt
[2026-05-16 17:20:23] [Writer] 全部完成
[2026-05-16 17:20:25] [Writer] 第1109章已保存（4998字） -> D:\AiProject\Node\novels\chapters\chapter_1109.txt
[2026-05-16 17:20:25] [Writer] 第1119章已保存（5599字） -> D:\AiProject\Node\novels\chapters\chapter_1119.txt
[2026-05-16 17:20:26] [Writer] 第1115章已保存（5672字） -> D:\AiProject\Node\novels\chapters\chapter_1115.txt
[2026-05-16 17:20:27] [Writer] 正在生成第1110章...
[2026-05-16 17:20:27] [Writer] 正在生成第1120章...
[2026-05-16 17:20:28] [Writer] 正在生成第1116章...
[2026-05-16 17:20:28] [Writer] 第1096章已保存（4923字） -> D:\AiProject\Node\novels\chapters\chapter_1096.txt
[2026-05-16 17:20:28] [Writer] 第1092章已保存（5639字） -> D:\AiProject\Node\novels\chapters\chapter_1092.txt
[2026-05-16 17:20:30] [Writer] 全部完成
[2026-05-16 17:20:30] [Writer] 全部完成
[2026-05-16 17:20:31] [Writer] 第1090章已保存（5659字） -> D:\AiProject\Node\novels\chapters\chapter_1090.txt
[2026-05-16 17:20:33] [Writer] 全部完成
[2026-05-16 17:20:34] [Writer] 第1103章已保存（6521字） -> D:\AiProject\Node\novels\chapters\chapter_1103.txt
[2026-05-16 17:20:36] [Writer] 正在生成第1104章...
[2026-05-16 17:20:36] [Writer] 第1088章已保存（5833字） -> D:\AiProject\Node\novels\chapters\chapter_1088.txt
[2026-05-16 17:20:36] [Writer] 第1105章已保存（5404字） -> D:\AiProject\Node\novels\chapters\chapter_1105.txt
[2026-05-16 17:20:38] [Writer] 全部完成
[2026-05-16 17:20:38] [Writer] 正在生成第1106章...
[2026-05-16 17:20:41] [Writer] 第1111章已保存（6325字） -> D:\AiProject\Node\novels\chapters\chapter_1111.txt
[2026-05-16 17:20:42] [Writer] 第1100章已保存（6642字） -> D:\AiProject\Node\novels\chapters\chapter_1100.txt
[2026-05-16 17:20:43] [Writer] 正在生成第1112章...
[2026-05-16 17:20:44] [Writer] 全部完成
[2026-05-16 17:21:00] [Writer] 第1117章已保存（7850字） -> D:\AiProject\Node\novels\chapters\chapter_1117.txt
[2026-05-16 17:21:02] [Writer] 正在生成第1118章...
[2026-05-16 17:21:13] [Writer] 第1114章已保存（4820字） -> D:\AiProject\Node\novels\chapters\chapter_1114.txt
[2026-05-16 17:21:15] [Writer] 全部完成
[2026-05-16 17:21:27] [Writer] 第1102章已保存（4741字） -> D:\AiProject\Node\novels\chapters\chapter_1102.txt
[2026-05-16 17:21:29] [Writer] 全部完成
[2026-05-16 17:21:30] [Writer] 第1108章已保存（5445字） -> D:\AiProject\Node\novels\chapters\chapter_1108.txt
[2026-05-16 17:21:32] [Writer] 全部完成
[2026-05-16 17:21:36] [Writer] 第1104章已保存（4018字） -> D:\AiProject\Node\novels\chapters\chapter_1104.txt
[2026-05-16 17:21:38] [Writer] 第1120章已保存（5007字） -> D:\AiProject\Node\novels\chapters\chapter_1120.txt
[2026-05-16 17:21:38] [Writer] 全部完成
[2026-05-16 17:21:40] [Writer] 全部完成
[2026-05-16 17:21:42] [Writer] 第1110章已保存（5251字） -> D:\AiProject\Node\novels\chapters\chapter_1110.txt
[2026-05-16 17:21:44] [Writer] 全部完成
[2026-05-16 17:21:52] [Writer] 第1106章已保存（5544字） -> D:\AiProject\Node\novels\chapters\chapter_1106.txt
[2026-05-16 17:21:54] [Writer] 全部完成
[2026-05-16 17:21:57] [Writer] 第1116章已保存（6553字） -> D:\AiProject\Node\novels\chapters\chapter_1116.txt
[2026-05-16 17:21:59] [Writer] 全部完成
[2026-05-16 17:21:59] [Writer] 第1112章已保存（5762字） -> D:\AiProject\Node\novels\chapters\chapter_1112.txt
[2026-05-16 17:22:01] [Writer] 全部完成
[2026-05-16 17:22:11] [Writer] 第1118章已保存（4647字） -> D:\AiProject\Node\novels\chapters\chapter_1118.txt
[2026-05-16 17:22:13] [Writer] 全部完成
[2026-05-16 17:23:43] [Writer] 正在生成第1123章...
[2026-05-16 17:23:43] [Writer] 正在生成第1121章...
[2026-05-16 17:23:43] [Writer] 正在生成第1129章...
[2026-05-16 17:23:43] [Writer] 正在生成第1125章...
[2026-05-16 17:23:43] [Writer] 正在生成第1127章...
[2026-05-16 17:23:43] [Writer] 正在生成第1133章...
[2026-05-16 17:23:43] [Writer] 正在生成第1131章...
[2026-05-16 17:23:43] [Writer] 正在生成第1135章...
[2026-05-16 17:23:43] [Writer] 正在生成第1137章...
[2026-05-16 17:23:43] [Writer] 正在生成第1141章...
[2026-05-16 17:23:43] [Writer] 正在生成第1143章...
[2026-05-16 17:23:43] [Writer] 正在生成第1139章...
[2026-05-16 17:23:43] [Writer] 正在生成第1149章...
[2026-05-16 17:23:43] [Writer] 正在生成第1147章...
[2026-05-16 17:23:43] [Writer] 正在生成第1151章...
[2026-05-16 17:23:43] [Writer] 正在生成第1145章...
[2026-05-16 17:23:43] [Writer] 正在生成第1159章...
[2026-05-16 17:23:43] [Writer] 正在生成第1155章...
[2026-05-16 17:23:43] [Writer] 正在生成第1153章...
[2026-05-16 17:23:43] [Writer] 正在生成第1157章...
[2026-05-16 17:24:34] [Writer] 第1125章已保存（3433字） -> D:\AiProject\Node\novels\chapters\chapter_1125.txt
[2026-05-16 17:24:36] [Writer] 正在生成第1126章...
[2026-05-16 17:24:38] [Writer] 第1147章已保存（3898字） -> D:\AiProject\Node\novels\chapters\chapter_1147.txt
[2026-05-16 17:24:40] [Writer] 正在生成第1148章...
[2026-05-16 17:24:41] [Writer] 第1129章已保存（3811字） -> D:\AiProject\Node\novels\chapters\chapter_1129.txt
[2026-05-16 17:24:42] [Writer] 第1133章已保存（3858字） -> D:\AiProject\Node\novels\chapters\chapter_1133.txt
[2026-05-16 17:24:43] [Writer] 正在生成第1130章...
[2026-05-16 17:24:43] [Writer] 第1139章已保存（4170字） -> D:\AiProject\Node\novels\chapters\chapter_1139.txt
[2026-05-16 17:24:44] [Writer] 正在生成第1134章...
[2026-05-16 17:24:44] [Writer] 第1151章已保存（4253字） -> D:\AiProject\Node\novels\chapters\chapter_1151.txt
[2026-05-16 17:24:45] [Writer] 第1145章已保存（4121字） -> D:\AiProject\Node\novels\chapters\chapter_1145.txt
[2026-05-16 17:24:45] [Writer] 正在生成第1140章...
[2026-05-16 17:24:46] [Writer] 正在生成第1152章...
[2026-05-16 17:24:47] [Writer] 正在生成第1146章...
[2026-05-16 17:24:47] [Writer] 第1121章已保存（4956字） -> D:\AiProject\Node\novels\chapters\chapter_1121.txt
[2026-05-16 17:24:48] [Writer] 第1143章已保存（4668字） -> D:\AiProject\Node\novels\chapters\chapter_1143.txt
[2026-05-16 17:24:49] [Writer] 正在生成第1122章...
[2026-05-16 17:24:49] [Writer] 第1127章已保存（4635字） -> D:\AiProject\Node\novels\chapters\chapter_1127.txt
[2026-05-16 17:24:50] [Writer] 正在生成第1144章...
[2026-05-16 17:24:50] [Writer] 第1159章已保存（4337字） -> D:\AiProject\Node\novels\chapters\chapter_1159.txt
[2026-05-16 17:24:51] [Writer] 第1137章已保存（4728字） -> D:\AiProject\Node\novels\chapters\chapter_1137.txt
[2026-05-16 17:24:51] [Writer] 正在生成第1128章...
[2026-05-16 17:24:52] [Writer] 正在生成第1160章...
[2026-05-16 17:24:53] [Writer] 正在生成第1138章...
[2026-05-16 17:24:56] [Writer] 第1141章已保存（5220字） -> D:\AiProject\Node\novels\chapters\chapter_1141.txt
[2026-05-16 17:24:56] [Writer] 第1131章已保存（5067字） -> D:\AiProject\Node\novels\chapters\chapter_1131.txt
[2026-05-16 17:24:57] [Writer] 第1155章已保存（4882字） -> D:\AiProject\Node\novels\chapters\chapter_1155.txt
[2026-05-16 17:24:58] [Writer] 正在生成第1142章...
[2026-05-16 17:24:58] [Writer] 正在生成第1132章...
[2026-05-16 17:24:59] [Writer] 正在生成第1156章...
[2026-05-16 17:25:00] [Writer] 第1135章已保存（5579字） -> D:\AiProject\Node\novels\chapters\chapter_1135.txt
[2026-05-16 17:25:01] [Writer] 第1123章已保存（5581字） -> D:\AiProject\Node\novels\chapters\chapter_1123.txt
[2026-05-16 17:25:02] [Writer] 正在生成第1136章...
[2026-05-16 17:25:03] [Writer] 第1157章已保存（5817字） -> D:\AiProject\Node\novels\chapters\chapter_1157.txt
[2026-05-16 17:25:03] [Writer] 正在生成第1124章...
[2026-05-16 17:25:05] [Writer] 正在生成第1158章...
[2026-05-16 17:25:12] [Writer] 第1149章已保存（6163字） -> D:\AiProject\Node\novels\chapters\chapter_1149.txt
[2026-05-16 17:25:14] [Writer] 正在生成第1150章...
[2026-05-16 17:25:18] [Writer] 第1153章已保存（6090字） -> D:\AiProject\Node\novels\chapters\chapter_1153.txt
[2026-05-16 17:25:20] [Writer] 正在生成第1154章...
[2026-05-16 17:25:40] [Writer] 第1144章已保存（3691字） -> D:\AiProject\Node\novels\chapters\chapter_1144.txt
[2026-05-16 17:25:41] [Writer] 第1134章已保存（3786字） -> D:\AiProject\Node\novels\chapters\chapter_1134.txt
[2026-05-16 17:25:42] [Writer] 全部完成
[2026-05-16 17:25:43] [Writer] 第1146章已保存（4066字） -> D:\AiProject\Node\novels\chapters\chapter_1146.txt
[2026-05-16 17:25:43] [Writer] 全部完成
[2026-05-16 17:25:45] [Writer] 全部完成
[2026-05-16 17:25:48] [Writer] 第1126章已保存（5169字） -> D:\AiProject\Node\novels\chapters\chapter_1126.txt
[2026-05-16 17:25:49] [Writer] 第1148章已保存（4958字） -> D:\AiProject\Node\novels\chapters\chapter_1148.txt
[2026-05-16 17:25:50] [Writer] 全部完成
[2026-05-16 17:25:51] [Writer] 全部完成
[2026-05-16 17:25:53] [Writer] 第1140章已保存（5146字） -> D:\AiProject\Node\novels\chapters\chapter_1140.txt
[2026-05-16 17:25:55] [Writer] 全部完成
[2026-05-16 17:25:56] [Writer] 第1128章已保存（4754字） -> D:\AiProject\Node\novels\chapters\chapter_1128.txt
[2026-05-16 17:25:57] [Writer] 第1138章已保存（4902字） -> D:\AiProject\Node\novels\chapters\chapter_1138.txt
[2026-05-16 17:25:58] [Writer] 全部完成
[2026-05-16 17:25:58] [Writer] 第1130章已保存（5233字） -> D:\AiProject\Node\novels\chapters\chapter_1130.txt
[2026-05-16 17:25:59] [Writer] 第1152章已保存（4787字） -> D:\AiProject\Node\novels\chapters\chapter_1152.txt
[2026-05-16 17:25:59] [Writer] 全部完成
[2026-05-16 17:26:00] [Writer] 全部完成
[2026-05-16 17:26:01] [Writer] 全部完成
[2026-05-16 17:26:02] [Writer] 第1122章已保存（4807字） -> D:\AiProject\Node\novels\chapters\chapter_1122.txt
[2026-05-16 17:26:03] [Writer] 第1136章已保存（4110字） -> D:\AiProject\Node\novels\chapters\chapter_1136.txt
[2026-05-16 17:26:04] [Writer] 全部完成
[2026-05-16 17:26:05] [Writer] 第1132章已保存（4999字） -> D:\AiProject\Node\novels\chapters\chapter_1132.txt
[2026-05-16 17:26:05] [Writer] 全部完成
[2026-05-16 17:26:07] [Writer] 全部完成
[2026-05-16 17:26:09] [Writer] 第1142章已保存（5012字） -> D:\AiProject\Node\novels\chapters\chapter_1142.txt
[2026-05-16 17:26:11] [Writer] 全部完成
[2026-05-16 17:26:20] [Writer] 第1160章已保存（6585字） -> D:\AiProject\Node\novels\chapters\chapter_1160.txt
[2026-05-16 17:26:22] [Writer] 全部完成
[2026-05-16 17:26:26] [Writer] 第1124章已保存（5353字） -> D:\AiProject\Node\novels\chapters\chapter_1124.txt
[2026-05-16 17:26:27] [Writer] 第1158章已保存（6286字） -> D:\AiProject\Node\novels\chapters\chapter_1158.txt
[2026-05-16 17:26:28] [Writer] 第1156章已保存（6620字） -> D:\AiProject\Node\novels\chapters\chapter_1156.txt
[2026-05-16 17:26:28] [Writer] 全部完成
[2026-05-16 17:26:29] [Writer] 全部完成
[2026-05-16 17:26:29] [Writer] 第1154章已保存（5468字） -> D:\AiProject\Node\novels\chapters\chapter_1154.txt
[2026-05-16 17:26:30] [Writer] 第1150章已保存（5165字） -> D:\AiProject\Node\novels\chapters\chapter_1150.txt
[2026-05-16 17:26:30] [Writer] 全部完成
[2026-05-16 17:26:31] [Writer] 全部完成
[2026-05-16 17:26:32] [Writer] 全部完成
[2026-05-16 17:27:54] [Writer] 正在生成第1161章...
[2026-05-16 17:27:54] [Writer] 正在生成第1165章...
[2026-05-16 17:27:54] [Writer] 正在生成第1163章...
[2026-05-16 17:27:54] [Writer] 正在生成第1169章...
[2026-05-16 17:27:54] [Writer] 正在生成第1167章...
[2026-05-16 17:27:54] [Writer] 正在生成第1171章...
[2026-05-16 17:27:54] [Writer] 正在生成第1175章...
[2026-05-16 17:27:54] [Writer] 正在生成第1177章...
[2026-05-16 17:27:54] [Writer] 正在生成第1173章...
[2026-05-16 17:27:54] [Writer] 正在生成第1179章...
[2026-05-16 17:27:54] [Writer] 正在生成第1185章...
[2026-05-16 17:27:54] [Writer] 正在生成第1193章...
[2026-05-16 17:27:54] [Writer] 正在生成第1197章...
[2026-05-16 17:27:55] [Writer] 正在生成第1191章...
[2026-05-16 17:27:55] [Writer] 正在生成第1183章...
[2026-05-16 17:27:55] [Writer] 正在生成第1199章...
[2026-05-16 17:27:55] [Writer] 正在生成第1181章...
[2026-05-16 17:27:55] [Writer] 正在生成第1195章...
[2026-05-16 17:27:55] [Writer] 正在生成第1189章...
[2026-05-16 17:27:55] [Writer] 正在生成第1187章...
[2026-05-16 17:28:52] [Writer] 第1195章已保存（4100字） -> D:\AiProject\Node\novels\chapters\chapter_1195.txt
[2026-05-16 17:28:52] [Writer] 第1175章已保存（3937字） -> D:\AiProject\Node\novels\chapters\chapter_1175.txt
[2026-05-16 17:28:54] [Writer] 正在生成第1196章...
[2026-05-16 17:28:54] [Writer] 正在生成第1176章...
[2026-05-16 17:28:55] [Writer] 第1193章已保存（3554字） -> D:\AiProject\Node\novels\chapters\chapter_1193.txt
[2026-05-16 17:28:57] [Writer] 正在生成第1194章...
[2026-05-16 17:28:57] [Writer] 第1167章已保存（4207字） -> D:\AiProject\Node\novels\chapters\chapter_1167.txt
[2026-05-16 17:28:58] [Writer] 第1163章已保存（4671字） -> D:\AiProject\Node\novels\chapters\chapter_1163.txt
[2026-05-16 17:28:59] [Writer] 第1165章已保存（4498字） -> D:\AiProject\Node\novels\chapters\chapter_1165.txt
[2026-05-16 17:28:59] [Writer] 第1173章已保存（4205字） -> D:\AiProject\Node\novels\chapters\chapter_1173.txt
[2026-05-16 17:28:59] [Writer] 正在生成第1168章...
[2026-05-16 17:29:00] [Writer] 正在生成第1164章...
[2026-05-16 17:29:00] [Writer] 第1177章已保存（3938字） -> D:\AiProject\Node\novels\chapters\chapter_1177.txt
[2026-05-16 17:29:00] [Writer] 第1185章已保存（4364字） -> D:\AiProject\Node\novels\chapters\chapter_1185.txt
[2026-05-16 17:29:01] [Writer] 正在生成第1166章...
[2026-05-16 17:29:01] [Writer] 正在生成第1174章...
[2026-05-16 17:29:02] [Writer] 正在生成第1178章...
[2026-05-16 17:29:02] [Writer] 正在生成第1186章...
[2026-05-16 17:29:02] [Writer] 第1199章已保存（4445字） -> D:\AiProject\Node\novels\chapters\chapter_1199.txt
[2026-05-16 17:29:04] [Writer] 第1197章已保存（4279字） -> D:\AiProject\Node\novels\chapters\chapter_1197.txt
[2026-05-16 17:29:04] [Writer] 正在生成第1200章...
[2026-05-16 17:29:06] [Writer] 正在生成第1198章...
[2026-05-16 17:29:11] [Writer] 第1169章已保存（5267字） -> D:\AiProject\Node\novels\chapters\chapter_1169.txt
[2026-05-16 17:29:12] [Writer] 第1161章已保存（6069字） -> D:\AiProject\Node\novels\chapters\chapter_1161.txt
[2026-05-16 17:29:13] [Writer] 正在生成第1170章...
[2026-05-16 17:29:14] [Writer] 第1189章已保存（4660字） -> D:\AiProject\Node\novels\chapters\chapter_1189.txt
[2026-05-16 17:29:14] [Writer] 正在生成第1162章...
[2026-05-16 17:29:16] [Writer] 第1191章已保存（5177字） -> D:\AiProject\Node\novels\chapters\chapter_1191.txt
[2026-05-16 17:29:16] [Writer] 正在生成第1190章...
[2026-05-16 17:29:18] [Writer] 正在生成第1192章...
[2026-05-16 17:29:18] [Writer] 第1187章已保存（5689字） -> D:\AiProject\Node\novels\chapters\chapter_1187.txt
[2026-05-16 17:29:20] [Writer] 正在生成第1188章...
[2026-05-16 17:29:22] [Writer] 第1171章已保存（6575字） -> D:\AiProject\Node\novels\chapters\chapter_1171.txt
[2026-05-16 17:29:24] [Writer] 正在生成第1172章...
[2026-05-16 17:29:25] [Writer] 第1181章已保存（5695字） -> D:\AiProject\Node\novels\chapters\chapter_1181.txt
[2026-05-16 17:29:27] [Writer] 正在生成第1182章...
[2026-05-16 17:29:36] [Writer] 第1168章生成失败，重试(1/3)...
[2026-05-16 17:29:39] [Writer] 第1183章已保存（6187字） -> D:\AiProject\Node\novels\chapters\chapter_1183.txt
[2026-05-16 17:29:41] [Writer] 正在生成第1168章...
[2026-05-16 17:29:41] [Writer] 正在生成第1184章...
[2026-05-16 17:29:41] [Writer] 第1179章已保存（6027字） -> D:\AiProject\Node\novels\chapters\chapter_1179.txt
[2026-05-16 17:29:43] [Writer] 正在生成第1180章...
[2026-05-16 17:29:57] [Writer] 第1196章已保存（4636字） -> D:\AiProject\Node\novels\chapters\chapter_1196.txt
[2026-05-16 17:29:59] [Writer] 全部完成
[2026-05-16 17:30:01] [Writer] 第1174章已保存（4038字） -> D:\AiProject\Node\novels\chapters\chapter_1174.txt
[2026-05-16 17:30:02] [Writer] 第1198章已保存（3426字） -> D:\AiProject\Node\novels\chapters\chapter_1198.txt
[2026-05-16 17:30:03] [Writer] 全部完成
[2026-05-16 17:30:03] [Writer] 第1166章已保存（4331字） -> D:\AiProject\Node\novels\chapters\chapter_1166.txt
[2026-05-16 17:30:04] [Writer] 全部完成
[2026-05-16 17:30:05] [Writer] 全部完成
[2026-05-16 17:30:10] [Writer] 第1200章已保存（5108字） -> D:\AiProject\Node\novels\chapters\chapter_1200.txt
[2026-05-16 17:30:12] [Writer] 全部完成
[2026-05-16 17:30:17] [Writer] 第1164章已保存（5782字） -> D:\AiProject\Node\novels\chapters\chapter_1164.txt
[2026-05-16 17:30:18] [Writer] 第1176章生成失败，重试(1/3)...
[2026-05-16 17:30:19] [Writer] 全部完成
[2026-05-16 17:30:23] [Writer] 第1192章已保存（4531字） -> D:\AiProject\Node\novels\chapters\chapter_1192.txt
[2026-05-16 17:30:23] [Writer] 正在生成第1176章...
[2026-05-16 17:30:25] [Writer] 全部完成
[2026-05-16 17:30:25] [Writer] 第1190章已保存（4908字） -> D:\AiProject\Node\novels\chapters\chapter_1190.txt
[2026-05-16 17:30:27] [Writer] 全部完成
[2026-05-16 17:30:27] [Writer] 第1172章已保存（4465字） -> D:\AiProject\Node\novels\chapters\chapter_1172.txt
[2026-05-16 17:30:28] [Writer] 第1186章已保存（6119字） -> D:\AiProject\Node\novels\chapters\chapter_1186.txt
[2026-05-16 17:30:29] [Writer] 全部完成
[2026-05-16 17:30:30] [Writer] 全部完成
[2026-05-16 17:30:33] [Writer] 第1194章已保存（4970字） -> D:\AiProject\Node\novels\chapters\chapter_1194.txt
[2026-05-16 17:30:33] [Writer] 第1162章已保存（5999字） -> D:\AiProject\Node\novels\chapters\chapter_1162.txt
[2026-05-16 17:30:34] [Writer] 第1178章已保存（6791字） -> D:\AiProject\Node\novels\chapters\chapter_1178.txt
[2026-05-16 17:30:35] [Writer] 全部完成
[2026-05-16 17:30:35] [Writer] 全部完成
[2026-05-16 17:30:36] [Writer] 全部完成
[2026-05-16 17:30:40] [Writer] 第1182章已保存（4882字） -> D:\AiProject\Node\novels\chapters\chapter_1182.txt
[2026-05-16 17:30:42] [Writer] 全部完成
[2026-05-16 17:30:48] [Writer] 第1184章已保存（4469字） -> D:\AiProject\Node\novels\chapters\chapter_1184.txt
[2026-05-16 17:30:50] [Writer] 全部完成
[2026-05-16 17:30:52] [Writer] 第1168章已保存（5909字） -> D:\AiProject\Node\novels\chapters\chapter_1168.txt
[2026-05-16 17:30:54] [Writer] 全部完成
[2026-05-16 17:30:55] [Writer] 第1188章已保存（7132字） -> D:\AiProject\Node\novels\chapters\chapter_1188.txt
[2026-05-16 17:30:56] [Writer] 第1180章已保存（5161字） -> D:\AiProject\Node\novels\chapters\chapter_1180.txt
[2026-05-16 17:30:57] [Writer] 全部完成
[2026-05-16 17:30:58] [Writer] 全部完成
[2026-05-16 17:31:12] [Writer] 第1170章已保存（6445字） -> D:\AiProject\Node\novels\chapters\chapter_1170.txt
[2026-05-16 17:31:14] [Writer] 全部完成
[2026-05-16 17:31:46] [Writer] 第1176章已保存（6177字） -> D:\AiProject\Node\novels\chapters\chapter_1176.txt
[2026-05-16 17:31:48] [Writer] 全部完成
[2026-05-16 17:33:13] [Writer] 正在生成第1209章...
[2026-05-16 17:33:13] [Writer] 正在生成第1205章...
[2026-05-16 17:33:13] [Writer] 正在生成第1201章...
[2026-05-16 17:33:13] [Writer] 正在生成第1203章...
[2026-05-16 17:33:13] [Writer] 正在生成第1207章...
[2026-05-16 17:33:13] [Writer] 正在生成第1211章...
[2026-05-16 17:33:13] [Writer] 正在生成第1213章...
[2026-05-16 17:33:13] [Writer] 正在生成第1219章...
[2026-05-16 17:33:13] [Writer] 正在生成第1215章...
[2026-05-16 17:33:13] [Writer] 正在生成第1217章...
[2026-05-16 17:33:13] [Writer] 正在生成第1223章...
[2026-05-16 17:33:13] [Writer] 正在生成第1231章...
[2026-05-16 17:33:14] [Writer] 正在生成第1229章...
[2026-05-16 17:33:14] [Writer] 正在生成第1225章...
[2026-05-16 17:33:14] [Writer] 正在生成第1221章...
[2026-05-16 17:33:14] [Writer] 正在生成第1233章...
[2026-05-16 17:33:14] [Writer] 正在生成第1237章...
[2026-05-16 17:33:14] [Writer] 正在生成第1239章...
[2026-05-16 17:33:14] [Writer] 正在生成第1235章...
[2026-05-16 17:33:54] [Writer] 第1203章已保存（2221字） -> D:\AiProject\Node\novels\chapters\chapter_1203.txt
[2026-05-16 17:33:56] [Writer] 正在生成第1204章...
[2026-05-16 17:34:19] [Writer] 第1201章已保存（4565字） -> D:\AiProject\Node\novels\chapters\chapter_1201.txt
[2026-05-16 17:34:19] [Writer] 第1215章已保存（3787字） -> D:\AiProject\Node\novels\chapters\chapter_1215.txt
[2026-05-16 17:34:21] [Writer] 正在生成第1202章...
[2026-05-16 17:34:21] [Writer] 正在生成第1216章...
[2026-05-16 17:34:24] [Writer] 第1231章已保存（4212字） -> D:\AiProject\Node\novels\chapters\chapter_1231.txt
[2026-05-16 17:34:26] [Writer] 正在生成第1232章...
[2026-05-16 17:34:26] [Writer] 第1235章已保存（5008字） -> D:\AiProject\Node\novels\chapters\chapter_1235.txt
[2026-05-16 17:34:28] [Writer] 正在生成第1236章...
[2026-05-16 17:34:33] [Writer] 第1223章已保存（4655字） -> D:\AiProject\Node\novels\chapters\chapter_1223.txt
[2026-05-16 17:34:33] [Writer] 第1213章生成失败，重试(1/3)...
[2026-05-16 17:34:35] [Writer] 正在生成第1224章...
[2026-05-16 17:34:36] [Writer] 第1227章已保存（4958字） -> D:\AiProject\Node\novels\chapters\chapter_1227.txt
[2026-05-16 17:34:36] [Writer] 第1225章已保存（5071字） -> D:\AiProject\Node\novels\chapters\chapter_1225.txt
[2026-05-16 17:34:37] [Writer] 第1239章已保存（5436字） -> D:\AiProject\Node\novels\chapters\chapter_1239.txt
[2026-05-16 17:34:37] [Writer] 第1209章已保存（5884字） -> D:\AiProject\Node\novels\chapters\chapter_1209.txt
[2026-05-16 17:34:37] [Writer] 第1219章已保存（5993字） -> D:\AiProject\Node\novels\chapters\chapter_1219.txt
[2026-05-16 17:34:38] [Writer] 正在生成第1213章...
[2026-05-16 17:34:38] [Writer] 正在生成第1228章...
[2026-05-16 17:34:38] [Writer] 正在生成第1226章...
[2026-05-16 17:34:39] [Writer] 正在生成第1240章...
[2026-05-16 17:34:39] [Writer] 第1205章已保存（5838字） -> D:\AiProject\Node\novels\chapters\chapter_1205.txt
[2026-05-16 17:34:39] [Writer] 正在生成第1210章...
[2026-05-16 17:34:39] [Writer] 正在生成第1220章...
[2026-05-16 17:34:41] [Writer] 正在生成第1206章...
[2026-05-16 17:34:41] [Writer] 第1237章已保存（5373字） -> D:\AiProject\Node\novels\chapters\chapter_1237.txt
[2026-05-16 17:34:43] [Writer] 正在生成第1238章...
[2026-05-16 17:34:47] [Writer] 第1233章已保存（5573字） -> D:\AiProject\Node\novels\chapters\chapter_1233.txt
[2026-05-16 17:34:47] [Writer] 第1211章已保存（6555字） -> D:\AiProject\Node\novels\chapters\chapter_1211.txt
[2026-05-16 17:34:48] [Writer] 第1221章已保存（6675字） -> D:\AiProject\Node\novels\chapters\chapter_1221.txt
[2026-05-16 17:34:49] [Writer] 正在生成第1234章...
[2026-05-16 17:34:49] [Writer] 正在生成第1212章...
[2026-05-16 17:34:50] [Writer] 正在生成第1222章...
[2026-05-16 17:34:52] [Writer] 第1229章已保存（6643字） -> D:\AiProject\Node\novels\chapters\chapter_1229.txt
[2026-05-16 17:34:54] [Writer] 正在生成第1230章...
[2026-05-16 17:34:55] [Writer] 第1207章已保存（6490字） -> D:\AiProject\Node\novels\chapters\chapter_1207.txt
[2026-05-16 17:34:56] [Writer] 第1217章已保存（5112字） -> D:\AiProject\Node\novels\chapters\chapter_1217.txt
[2026-05-16 17:34:57] [Writer] 正在生成第1208章...
[2026-05-16 17:34:58] [Writer] 正在生成第1218章...
[2026-05-16 17:35:17] [Writer] 第1204章已保存（5925字） -> D:\AiProject\Node\novels\chapters\chapter_1204.txt
[2026-05-16 17:35:19] [Writer] 全部完成
[2026-05-16 17:35:34] [Writer] 第1202章已保存（4615字） -> D:\AiProject\Node\novels\chapters\chapter_1202.txt
[2026-05-16 17:35:36] [Writer] 全部完成
[2026-05-16 17:35:38] [Writer] 第1216章已保存（5109字） -> D:\AiProject\Node\novels\chapters\chapter_1216.txt
[2026-05-16 17:35:40] [Writer] 全部完成
[2026-05-16 17:35:47] [Writer] 第1236章已保存（4993字） -> D:\AiProject\Node\novels\chapters\chapter_1236.txt
[2026-05-16 17:35:49] [Writer] 全部完成
[2026-05-16 17:35:51] [Writer] 第1213章已保存（5095字） -> D:\AiProject\Node\novels\chapters\chapter_1213.txt
[2026-05-16 17:35:51] [Writer] 第1220章已保存（5007字） -> D:\AiProject\Node\novels\chapters\chapter_1220.txt
[2026-05-16 17:35:51] [Writer] 第1240章已保存（5697字） -> D:\AiProject\Node\novels\chapters\chapter_1240.txt
[2026-05-16 17:35:53] [Writer] 正在生成第1214章...
[2026-05-16 17:35:53] [Writer] 全部完成
[2026-05-16 17:35:53] [Writer] 全部完成
[2026-05-16 17:35:56] [Writer] 第1232章已保存（6410字） -> D:\AiProject\Node\novels\chapters\chapter_1232.txt
[2026-05-16 17:35:58] [Writer] 第1218章已保存（4169字） -> D:\AiProject\Node\novels\chapters\chapter_1218.txt
[2026-05-16 17:35:58] [Writer] 全部完成
[2026-05-16 17:35:59] [Writer] 第1212章已保存（5731字） -> D:\AiProject\Node\novels\chapters\chapter_1212.txt
[2026-05-16 17:36:00] [Writer] 全部完成
[2026-05-16 17:36:01] [Writer] 全部完成
[2026-05-16 17:36:04] [Writer] 第1228章已保存（5959字） -> D:\AiProject\Node\novels\chapters\chapter_1228.txt
[2026-05-16 17:36:04] [Writer] 第1230章已保存（5116字） -> D:\AiProject\Node\novels\chapters\chapter_1230.txt
[2026-05-16 17:36:05] [Writer] 第1208章已保存（4719字） -> D:\AiProject\Node\novels\chapters\chapter_1208.txt
[2026-05-16 17:36:06] [Writer] 全部完成
[2026-05-16 17:36:06] [Writer] 全部完成
[2026-05-16 17:36:07] [Writer] 全部完成
[2026-05-16 17:36:07] [Writer] 第1224章已保存（6965字） -> D:\AiProject\Node\novels\chapters\chapter_1224.txt
[2026-05-16 17:36:09] [Writer] 全部完成
[2026-05-16 17:36:13] [Writer] 第1222章已保存（6366字） -> D:\AiProject\Node\novels\chapters\chapter_1222.txt
[2026-05-16 17:36:15] [Writer] 第1234章已保存（5472字） -> D:\AiProject\Node\novels\chapters\chapter_1234.txt
[2026-05-16 17:36:15] [Writer] 全部完成
[2026-05-16 17:36:17] [Writer] 全部完成
[2026-05-16 17:36:17] [Writer] 第1206章已保存（6936字） -> D:\AiProject\Node\novels\chapters\chapter_1206.txt
[2026-05-16 17:36:18] [Writer] 第1226章已保存（7116字） -> D:\AiProject\Node\novels\chapters\chapter_1226.txt
[2026-05-16 17:36:18] [Writer] 第1210章已保存（6842字） -> D:\AiProject\Node\novels\chapters\chapter_1210.txt
[2026-05-16 17:36:19] [Writer] 全部完成
[2026-05-16 17:36:20] [Writer] 全部完成
[2026-05-16 17:36:20] [Writer] 全部完成
[2026-05-16 17:36:26] [Writer] 第1238章已保存（7693字） -> D:\AiProject\Node\novels\chapters\chapter_1238.txt
[2026-05-16 17:36:28] [Writer] 全部完成
[2026-05-16 17:36:55] [Writer] 第1214章已保存（4270字） -> D:\AiProject\Node\novels\chapters\chapter_1214.txt
[2026-05-16 17:36:57] [Writer] 全部完成
[2026-05-16 17:38:32] [Writer] 正在生成第1245章...
[2026-05-16 17:38:32] [Writer] 正在生成第1243章...
[2026-05-16 17:38:32] [Writer] 正在生成第1241章...
[2026-05-16 17:38:32] [Writer] 正在生成第1251章...
[2026-05-16 17:38:32] [Writer] 正在生成第1249章...
[2026-05-16 17:38:32] [Writer] 正在生成第1253章...
[2026-05-16 17:38:32] [Writer] 正在生成第1257章...
[2026-05-16 17:38:32] [Writer] 正在生成第1247章...
[2026-05-16 17:38:32] [Writer] 正在生成第1255章...
[2026-05-16 17:38:32] [Writer] 正在生成第1269章...
[2026-05-16 17:38:32] [Writer] 正在生成第1263章...
[2026-05-16 17:38:32] [Writer] 正在生成第1265章...
[2026-05-16 17:38:32] [Writer] 正在生成第1259章...
[2026-05-16 17:38:32] [Writer] 正在生成第1261章...
[2026-05-16 17:38:32] [Writer] 正在生成第1271章...
[2026-05-16 17:38:32] [Writer] 正在生成第1267章...
[2026-05-16 17:38:32] [Writer] 正在生成第1273章...
[2026-05-16 17:38:32] [Writer] 正在生成第1277章...
[2026-05-16 17:38:32] [Writer] 正在生成第1275章...
[2026-05-16 17:38:32] [Writer] 正在生成第1279章...
[2026-05-16 17:39:22] [Writer] 第1247章已保存（3752字） -> D:\AiProject\Node\novels\chapters\chapter_1247.txt
[2026-05-16 17:39:24] [Writer] 正在生成第1248章...
[2026-05-16 17:39:28] [Writer] 第1255章已保存（3839字） -> D:\AiProject\Node\novels\chapters\chapter_1255.txt
[2026-05-16 17:39:31] [Writer] 正在生成第1256章...
[2026-05-16 17:39:32] [Writer] 第1269章已保存（4368字） -> D:\AiProject\Node\novels\chapters\chapter_1269.txt
[2026-05-16 17:39:33] [Writer] 第1249章已保存（4481字） -> D:\AiProject\Node\novels\chapters\chapter_1249.txt
[2026-05-16 17:39:34] [Writer] 正在生成第1270章...
[2026-05-16 17:39:34] [Writer] 第1241章已保存（4455字） -> D:\AiProject\Node\novels\chapters\chapter_1241.txt
[2026-05-16 17:39:35] [Writer] 正在生成第1250章...
[2026-05-16 17:39:36] [Writer] 正在生成第1242章...
[2026-05-16 17:39:37] [Writer] 第1245章已保存（4308字） -> D:\AiProject\Node\novels\chapters\chapter_1245.txt
[2026-05-16 17:39:37] [Writer] 第1243章已保存（4608字） -> D:\AiProject\Node\novels\chapters\chapter_1243.txt
[2026-05-16 17:39:38] [Writer] 第1261章已保存（4613字） -> D:\AiProject\Node\novels\chapters\chapter_1261.txt
[2026-05-16 17:39:38] [Writer] 第1273章已保存（4547字） -> D:\AiProject\Node\novels\chapters\chapter_1273.txt
[2026-05-16 17:39:39] [Writer] 正在生成第1246章...
[2026-05-16 17:39:39] [Writer] 第1279章已保存（4336字） -> D:\AiProject\Node\novels\chapters\chapter_1279.txt
[2026-05-16 17:39:39] [Writer] 正在生成第1244章...
[2026-05-16 17:39:40] [Writer] 正在生成第1262章...
[2026-05-16 17:39:40] [Writer] 第1275章已保存（4719字） -> D:\AiProject\Node\novels\chapters\chapter_1275.txt
[2026-05-16 17:39:40] [Writer] 正在生成第1274章...
[2026-05-16 17:39:41] [Writer] 正在生成第1280章...
[2026-05-16 17:39:42] [Writer] 正在生成第1276章...
[2026-05-16 17:39:42] [Writer] 第1251章已保存（5272字） -> D:\AiProject\Node\novels\chapters\chapter_1251.txt
[2026-05-16 17:39:44] [Writer] 第1271章已保存（4795字） -> D:\AiProject\Node\novels\chapters\chapter_1271.txt
[2026-05-16 17:39:44] [Writer] 正在生成第1252章...
[2026-05-16 17:39:44] [Writer] 第1263章已保存（5058字） -> D:\AiProject\Node\novels\chapters\chapter_1263.txt
[2026-05-16 17:39:46] [Writer] 正在生成第1272章...
[2026-05-16 17:39:46] [Writer] 正在生成第1264章...
[2026-05-16 17:39:47] [Writer] 第1259章已保存（5133字） -> D:\AiProject\Node\novels\chapters\chapter_1259.txt
[2026-05-16 17:39:49] [Writer] 正在生成第1260章...
[2026-05-16 17:39:53] [Writer] 第1267章已保存（5748字） -> D:\AiProject\Node\novels\chapters\chapter_1267.txt
[2026-05-16 17:39:55] [Writer] 正在生成第1268章...
[2026-05-16 17:39:55] [Writer] 第1265章已保存（5915字） -> D:\AiProject\Node\novels\chapters\chapter_1265.txt
[2026-05-16 17:39:57] [Writer] 正在生成第1266章...
[2026-05-16 17:39:58] [Writer] 第1277章已保存（5850字） -> D:\AiProject\Node\novels\chapters\chapter_1277.txt
[2026-05-16 17:40:00] [Writer] 正在生成第1278章...
[2026-05-16 17:40:04] [Writer] 第1257章已保存（6965字） -> D:\AiProject\Node\novels\chapters\chapter_1257.txt
[2026-05-16 17:40:06] [Writer] 正在生成第1258章...
[2026-05-16 17:40:21] [Writer] 第1253章已保存（8034字） -> D:\AiProject\Node\novels\chapters\chapter_1253.txt
[2026-05-16 17:40:23] [Writer] 正在生成第1254章...
[2026-05-16 17:40:24] [Writer] 第1272章已保存（2527字） -> D:\AiProject\Node\novels\chapters\chapter_1272.txt
[2026-05-16 17:40:26] [Writer] 全部完成
[2026-05-16 17:40:33] [Writer] 第1256章已保存（4561字） -> D:\AiProject\Node\novels\chapters\chapter_1256.txt
[2026-05-16 17:40:35] [Writer] 全部完成
[2026-05-16 17:40:46] [Writer] 第1246章已保存（4493字） -> D:\AiProject\Node\novels\chapters\chapter_1246.txt
[2026-05-16 17:40:46] [Writer] 第1280章已保存（4688字） -> D:\AiProject\Node\novels\chapters\chapter_1280.txt
[2026-05-16 17:40:47] [Writer] 第1242章已保存（4774字） -> D:\AiProject\Node\novels\chapters\chapter_1242.txt
[2026-05-16 17:40:48] [Writer] 全部完成
[2026-05-16 17:40:48] [Writer] 全部完成
[2026-05-16 17:40:49] [Writer] 全部完成
[2026-05-16 17:40:49] [Writer] 第1244章已保存（4766字） -> D:\AiProject\Node\novels\chapters\chapter_1244.txt
[2026-05-16 17:40:50] [Writer] 第1276章已保存（5148字） -> D:\AiProject\Node\novels\chapters\chapter_1276.txt
[2026-05-16 17:40:51] [Writer] 全部完成
[2026-05-16 17:40:52] [Writer] 第1274章已保存（4800字） -> D:\AiProject\Node\novels\chapters\chapter_1274.txt
[2026-05-16 17:40:52] [Writer] 全部完成
[2026-05-16 17:40:54] [Writer] 全部完成
[2026-05-16 17:40:56] [Writer] 第1266章已保存（4618字） -> D:\AiProject\Node\novels\chapters\chapter_1266.txt
[2026-05-16 17:40:58] [Writer] 全部完成
[2026-05-16 17:40:58] [Writer] 第1248章已保存（7204字） -> D:\AiProject\Node\novels\chapters\chapter_1248.txt
[2026-05-16 17:41:00] [Writer] 全部完成
[2026-05-16 17:41:01] [Writer] 第1250章已保存（6563字） -> D:\AiProject\Node\novels\chapters\chapter_1250.txt
[2026-05-16 17:41:02] [Writer] 第1264章已保存（5504字） -> D:\AiProject\Node\novels\chapters\chapter_1264.txt
[2026-05-16 17:41:03] [Writer] 全部完成
[2026-05-16 17:41:04] [Writer] 全部完成
[2026-05-16 17:41:07] [Writer] 第1262章已保存（6305字） -> D:\AiProject\Node\novels\chapters\chapter_1262.txt
[2026-05-16 17:41:07] [Writer] 第1258章已保存（4063字） -> D:\AiProject\Node\novels\chapters\chapter_1258.txt
[2026-05-16 17:41:07] [Writer] 第1270章已保存（6864字） -> D:\AiProject\Node\novels\chapters\chapter_1270.txt
[2026-05-16 17:41:09] [Writer] 全部完成
[2026-05-16 17:41:09] [Writer] 全部完成
[2026-05-16 17:41:09] [Writer] 全部完成
[2026-05-16 17:41:17] [Writer] 第1268章已保存（5890字） -> D:\AiProject\Node\novels\chapters\chapter_1268.txt
[2026-05-16 17:41:19] [Writer] 全部完成
[2026-05-16 17:41:20] [Writer] 第1252章已保存（6560字） -> D:\AiProject\Node\novels\chapters\chapter_1252.txt
[2026-05-16 17:41:22] [Writer] 全部完成
[2026-05-16 17:41:29] [Writer] 第1260章已保存（6571字） -> D:\AiProject\Node\novels\chapters\chapter_1260.txt
[2026-05-16 17:41:31] [Writer] 全部完成
[2026-05-16 17:41:52] [Writer] 第1254章已保存（7424字） -> D:\AiProject\Node\novels\chapters\chapter_1254.txt
[2026-05-16 17:41:54] [Writer] 全部完成
[2026-05-16 17:41:54] [Writer] 第1278章已保存（8521字） -> D:\AiProject\Node\novels\chapters\chapter_1278.txt
[2026-05-16 17:41:56] [Writer] 全部完成
[2026-05-16 17:43:33] [Writer] 正在生成第1289章...
[2026-05-16 17:43:33] [Writer] 正在生成第1283章...
[2026-05-16 17:43:33] [Writer] 正在生成第1285章...
[2026-05-16 17:43:33] [Writer] 正在生成第1281章...
[2026-05-16 17:43:33] [Writer] 正在生成第1287章...
[2026-05-16 17:43:33] [Writer] 正在生成第1295章...
[2026-05-16 17:43:33] [Writer] 正在生成第1297章...
[2026-05-16 17:43:33] [Writer] 正在生成第1299章...
[2026-05-16 17:43:33] [Writer] 正在生成第1301章...
[2026-05-16 17:43:33] [Writer] 正在生成第1291章...
[2026-05-16 17:43:33] [Writer] 正在生成第1303章...
[2026-05-16 17:43:33] [Writer] 正在生成第1305章...
[2026-05-16 17:43:33] [Writer] 正在生成第1293章...
[2026-05-16 17:43:33] [Writer] 正在生成第1309章...
[2026-05-16 17:43:33] [Writer] 正在生成第1311章...
[2026-05-16 17:43:33] [Writer] 正在生成第1315章...
[2026-05-16 17:43:33] [Writer] 正在生成第1313章...
[2026-05-16 17:43:33] [Writer] 正在生成第1317章...
[2026-05-16 17:43:33] [Writer] 正在生成第1307章...
[2026-05-16 17:43:33] [Writer] 正在生成第1319章...
[2026-05-16 17:44:27] [Writer] 第1283章已保存（3798字） -> D:\AiProject\Node\novels\chapters\chapter_1283.txt
[2026-05-16 17:44:28] [Writer] 第1313章已保存（3615字） -> D:\AiProject\Node\novels\chapters\chapter_1313.txt
[2026-05-16 17:44:29] [Writer] 正在生成第1284章...
[2026-05-16 17:44:30] [Writer] 正在生成第1314章...
[2026-05-16 17:44:32] [Writer] 第1297章已保存（3979字） -> D:\AiProject\Node\novels\chapters\chapter_1297.txt
[2026-05-16 17:44:34] [Writer] 正在生成第1298章...
[2026-05-16 17:44:40] [Writer] 第1305章已保存（4542字） -> D:\AiProject\Node\novels\chapters\chapter_1305.txt
[2026-05-16 17:44:41] [Writer] 第1289章已保存（4689字） -> D:\AiProject\Node\novels\chapters\chapter_1289.txt
[2026-05-16 17:44:41] [Writer] 第1315章已保存（5014字） -> D:\AiProject\Node\novels\chapters\chapter_1315.txt
[2026-05-16 17:44:42] [Writer] 正在生成第1306章...
[2026-05-16 17:44:43] [Writer] 正在生成第1290章...
[2026-05-16 17:44:43] [Writer] 正在生成第1316章...
[2026-05-16 17:44:43] [Writer] 第1295章已保存（5206字） -> D:\AiProject\Node\novels\chapters\chapter_1295.txt
[2026-05-16 17:44:44] [Writer] 第1309章已保存（5117字） -> D:\AiProject\Node\novels\chapters\chapter_1309.txt
[2026-05-16 17:44:44] [Writer] 第1299章已保存（4719字） -> D:\AiProject\Node\novels\chapters\chapter_1299.txt
[2026-05-16 17:44:44] [Writer] 第1319章已保存（4870字） -> D:\AiProject\Node\novels\chapters\chapter_1319.txt
[2026-05-16 17:44:45] [Writer] 第1307章已保存（5435字） -> D:\AiProject\Node\novels\chapters\chapter_1307.txt
[2026-05-16 17:44:45] [Writer] 正在生成第1296章...
[2026-05-16 17:44:46] [Writer] 正在生成第1310章...
[2026-05-16 17:44:46] [Writer] 正在生成第1300章...
[2026-05-16 17:44:47] [Writer] 正在生成第1320章...
[2026-05-16 17:44:47] [Writer] 正在生成第1308章...
[2026-05-16 17:44:47] [Writer] 第1291章已保存（4893字） -> D:\AiProject\Node\novels\chapters\chapter_1291.txt
[2026-05-16 17:44:49] [Writer] 第1281章已保存（5377字） -> D:\AiProject\Node\novels\chapters\chapter_1281.txt
[2026-05-16 17:44:49] [Writer] 正在生成第1292章...
[2026-05-16 17:44:51] [Writer] 正在生成第1282章...
[2026-05-16 17:44:52] [Writer] 第1287章已保存（5675字） -> D:\AiProject\Node\novels\chapters\chapter_1287.txt
[2026-05-16 17:44:54] [Writer] 正在生成第1288章...
[2026-05-16 17:44:54] [Writer] 第1301章已保存（5482字） -> D:\AiProject\Node\novels\chapters\chapter_1301.txt
[2026-05-16 17:44:56] [Writer] 正在生成第1302章...
[2026-05-16 17:44:59] [Writer] 第1293章已保存（5824字） -> D:\AiProject\Node\novels\chapters\chapter_1293.txt
[2026-05-16 17:45:00] [Writer] 第1317章已保存（5872字） -> D:\AiProject\Node\novels\chapters\chapter_1317.txt
[2026-05-16 17:45:01] [Writer] 正在生成第1294章...
[2026-05-16 17:45:02] [Writer] 第1285章已保存（5397字） -> D:\AiProject\Node\novels\chapters\chapter_1285.txt
[2026-05-16 17:45:02] [Writer] 正在生成第1318章...
[2026-05-16 17:45:04] [Writer] 正在生成第1286章...
[2026-05-16 17:45:10] [Writer] 第1311章已保存（6521字） -> D:\AiProject\Node\novels\chapters\chapter_1311.txt
[2026-05-16 17:45:12] [Writer] 正在生成第1312章...
[2026-05-16 17:45:30] [Writer] 第1316章已保存（3801字） -> D:\AiProject\Node\novels\chapters\chapter_1316.txt
[2026-05-16 17:45:32] [Writer] 第1298章已保存（4300字） -> D:\AiProject\Node\novels\chapters\chapter_1298.txt
[2026-05-16 17:45:32] [Writer] 全部完成
[2026-05-16 17:45:34] [Writer] 全部完成
[2026-05-16 17:45:41] [Writer] 第1284章已保存（5066字） -> D:\AiProject\Node\novels\chapters\chapter_1284.txt
[2026-05-16 17:45:41] [Writer] 第1310章已保存（3856字） -> D:\AiProject\Node\novels\chapters\chapter_1310.txt
[2026-05-16 17:45:43] [Writer] 全部完成
[2026-05-16 17:45:43] [Writer] 第1320章已保存（4030字） -> D:\AiProject\Node\novels\chapters\chapter_1320.txt
[2026-05-16 17:45:43] [Writer] 全部完成
[2026-05-16 17:45:44] [Writer] 第1303章已保存（7124字） -> D:\AiProject\Node\novels\chapters\chapter_1303.txt
[2026-05-16 17:45:45] [Writer] 第1282章已保存（3729字） -> D:\AiProject\Node\novels\chapters\chapter_1282.txt
[2026-05-16 17:45:45] [Writer] 全部完成
[2026-05-16 17:45:46] [Writer] 正在生成第1304章...
[2026-05-16 17:45:47] [Writer] 全部完成
[2026-05-16 17:45:47] [Writer] 第1290章已保存（4456字） -> D:\AiProject\Node\novels\chapters\chapter_1290.txt
[2026-05-16 17:45:49] [Writer] 全部完成
[2026-05-16 17:45:51] [Writer] 第1294章已保存（4152字） -> D:\AiProject\Node\novels\chapters\chapter_1294.txt
[2026-05-16 17:45:53] [Writer] 第1292章已保存（4458字） -> D:\AiProject\Node\novels\chapters\chapter_1292.txt
[2026-05-16 17:45:53] [Writer] 全部完成
[2026-05-16 17:45:55] [Writer] 全部完成
[2026-05-16 17:45:55] [Writer] 第1314章已保存（7056字） -> D:\AiProject\Node\novels\chapters\chapter_1314.txt
[2026-05-16 17:45:57] [Writer] 第1306章已保存（6000字） -> D:\AiProject\Node\novels\chapters\chapter_1306.txt
[2026-05-16 17:45:57] [Writer] 第1288章已保存（4777字） -> D:\AiProject\Node\novels\chapters\chapter_1288.txt
[2026-05-16 17:45:57] [Writer] 全部完成
[2026-05-16 17:45:57] [Writer] 第1300章已保存（5560字） -> D:\AiProject\Node\novels\chapters\chapter_1300.txt
[2026-05-16 17:45:59] [Writer] 全部完成
[2026-05-16 17:45:59] [Writer] 全部完成
[2026-05-16 17:45:59] [Writer] 全部完成
[2026-05-16 17:46:02] [Writer] 第1308章已保存（5940字） -> D:\AiProject\Node\novels\chapters\chapter_1308.txt
[2026-05-16 17:46:04] [Writer] 全部完成
[2026-05-16 17:46:14] [Writer] 第1296章已保存（6516字） -> D:\AiProject\Node\novels\chapters\chapter_1296.txt
[2026-05-16 17:46:14] [Writer] 第1302章已保存（5504字） -> D:\AiProject\Node\novels\chapters\chapter_1302.txt
[2026-05-16 17:46:16] [Writer] 全部完成
[2026-05-16 17:46:16] [Writer] 全部完成
[2026-05-16 17:46:18] [Writer] 第1318章已保存（5971字） -> D:\AiProject\Node\novels\chapters\chapter_1318.txt
[2026-05-16 17:46:20] [Writer] 全部完成
[2026-05-16 17:46:26] [Writer] 第1286章已保存（5992字） -> D:\AiProject\Node\novels\chapters\chapter_1286.txt
[2026-05-16 17:46:28] [Writer] 全部完成
[2026-05-16 17:46:32] [Writer] 第1312章已保存（6651字） -> D:\AiProject\Node\novels\chapters\chapter_1312.txt
[2026-05-16 17:46:34] [Writer] 全部完成
[2026-05-16 17:48:07] [Writer] 第1304章已保存（5987字） -> D:\AiProject\Node\novels\chapters\chapter_1304.txt
[2026-05-16 17:48:09] [Writer] 全部完成
[2026-05-16 17:49:30] [Writer] 正在生成第1325章...
[2026-05-16 17:49:30] [Writer] 正在生成第1321章...
[2026-05-16 17:49:30] [Writer] 正在生成第1333章...
[2026-05-16 17:49:30] [Writer] 正在生成第1327章...
[2026-05-16 17:49:30] [Writer] 正在生成第1323章...
[2026-05-16 17:49:30] [Writer] 正在生成第1337章...
[2026-05-16 17:49:30] [Writer] 正在生成第1331章...
[2026-05-16 17:49:31] [Writer] 正在生成第1329章...
[2026-05-16 17:49:31] [Writer] 正在生成第1335章...
[2026-05-16 17:49:31] [Writer] 正在生成第1345章...
[2026-05-16 17:49:31] [Writer] 正在生成第1341章...
[2026-05-16 17:49:31] [Writer] 正在生成第1349章...
[2026-05-16 17:49:31] [Writer] 正在生成第1351章...
[2026-05-16 17:49:31] [Writer] 正在生成第1339章...
[2026-05-16 17:49:31] [Writer] 正在生成第1347章...
[2026-05-16 17:49:31] [Writer] 正在生成第1353章...
[2026-05-16 17:49:31] [Writer] 正在生成第1343章...
[2026-05-16 17:49:31] [Writer] 正在生成第1355章...
[2026-05-16 17:49:31] [Writer] 正在生成第1357章...
[2026-05-16 17:49:31] [Writer] 正在生成第1359章...
[2026-05-16 17:50:20] [Writer] 第1349章已保存（3480字） -> D:\AiProject\Node\novels\chapters\chapter_1349.txt
[2026-05-16 17:50:22] [Writer] 正在生成第1350章...
[2026-05-16 17:50:22] [Writer] 第1335章已保存（3478字） -> D:\AiProject\Node\novels\chapters\chapter_1335.txt
[2026-05-16 17:50:23] [Writer] 第1343章已保存（3752字） -> D:\AiProject\Node\novels\chapters\chapter_1343.txt
[2026-05-16 17:50:24] [Writer] 正在生成第1336章...
[2026-05-16 17:50:25] [Writer] 正在生成第1344章...
[2026-05-16 17:50:26] [Writer] 第1325章已保存（3777字） -> D:\AiProject\Node\novels\chapters\chapter_1325.txt
[2026-05-16 17:50:27] [Writer] 第1339章已保存（3807字） -> D:\AiProject\Node\novels\chapters\chapter_1339.txt
[2026-05-16 17:50:28] [Writer] 正在生成第1326章...
[2026-05-16 17:50:29] [Writer] 正在生成第1340章...
[2026-05-16 17:50:33] [Writer] 第1321章已保存（4441字） -> D:\AiProject\Node\novels\chapters\chapter_1321.txt
[2026-05-16 17:50:34] [Writer] 第1357章已保存（4457字） -> D:\AiProject\Node\novels\chapters\chapter_1357.txt
[2026-05-16 17:50:35] [Writer] 正在生成第1322章...
[2026-05-16 17:50:36] [Writer] 第1327章已保存（4832字） -> D:\AiProject\Node\novels\chapters\chapter_1327.txt
[2026-05-16 17:50:36] [Writer] 正在生成第1358章...
[2026-05-16 17:50:38] [Writer] 正在生成第1328章...
[2026-05-16 17:50:38] [Writer] 第1359章已保存（4747字） -> D:\AiProject\Node\novels\chapters\chapter_1359.txt
[2026-05-16 17:50:38] [Writer] 第1351章已保存（5407字） -> D:\AiProject\Node\novels\chapters\chapter_1351.txt
[2026-05-16 17:50:38] [Writer] 第1353章已保存（5313字） -> D:\AiProject\Node\novels\chapters\chapter_1353.txt
[2026-05-16 17:50:38] [Writer] 第1329章已保存（4571字） -> D:\AiProject\Node\novels\chapters\chapter_1329.txt
[2026-05-16 17:50:40] [Writer] 正在生成第1360章...
[2026-05-16 17:50:40] [Writer] 正在生成第1352章...
[2026-05-16 17:50:40] [Writer] 正在生成第1354章...
[2026-05-16 17:50:40] [Writer] 正在生成第1330章...
[2026-05-16 17:50:43] [Writer] 第1355章已保存（5359字） -> D:\AiProject\Node\novels\chapters\chapter_1355.txt
[2026-05-16 17:50:45] [Writer] 正在生成第1356章...
[2026-05-16 17:50:46] [Writer] 第1337章已保存（5565字） -> D:\AiProject\Node\novels\chapters\chapter_1337.txt
[2026-05-16 17:50:47] [Writer] 第1333章已保存（5350字） -> D:\AiProject\Node\novels\chapters\chapter_1333.txt
[2026-05-16 17:50:49] [Writer] 正在生成第1338章...
[2026-05-16 17:50:49] [Writer] 正在生成第1334章...
[2026-05-16 17:50:49] [Writer] 第1323章已保存（5752字） -> D:\AiProject\Node\novels\chapters\chapter_1323.txt
[2026-05-16 17:50:51] [Writer] 第1347章已保存（6214字） -> D:\AiProject\Node\novels\chapters\chapter_1347.txt
[2026-05-16 17:50:51] [Writer] 正在生成第1324章...
[2026-05-16 17:50:53] [Writer] 正在生成第1348章...
[2026-05-16 17:50:55] [Writer] 第1331章已保存（5950字） -> D:\AiProject\Node\novels\chapters\chapter_1331.txt
[2026-05-16 17:50:57] [Writer] 正在生成第1332章...
[2026-05-16 17:51:07] [Writer] 第1341章已保存（7765字） -> D:\AiProject\Node\novels\chapters\chapter_1341.txt
[2026-05-16 17:51:09] [Writer] 正在生成第1342章...
[2026-05-16 17:51:14] [Writer] 第1345章已保存（8193字） -> D:\AiProject\Node\novels\chapters\chapter_1345.txt
[2026-05-16 17:51:16] [Writer] 正在生成第1346章...
[2026-05-16 17:51:21] [Writer] 第1350章已保存（4339字） -> D:\AiProject\Node\novels\chapters\chapter_1350.txt
[2026-05-16 17:51:23] [Writer] 全部完成
[2026-05-16 17:51:34] [Writer] 第1322章已保存（4286字） -> D:\AiProject\Node\novels\chapters\chapter_1322.txt
[2026-05-16 17:51:35] [Writer] 第1326章已保存（5057字） -> D:\AiProject\Node\novels\chapters\chapter_1326.txt
[2026-05-16 17:51:36] [Writer] 全部完成
[2026-05-16 17:51:37] [Writer] 全部完成
[2026-05-16 17:51:39] [Writer] 第1360章已保存（3948字） -> D:\AiProject\Node\novels\chapters\chapter_1360.txt
[2026-05-16 17:51:39] [Writer] 第1340章已保存（5491字） -> D:\AiProject\Node\novels\chapters\chapter_1340.txt
[2026-05-16 17:51:41] [Writer] 全部完成
[2026-05-16 17:51:41] [Writer] 全部完成
[2026-05-16 17:51:43] [Writer] 第1330章已保存（4044字） -> D:\AiProject\Node\novels\chapters\chapter_1330.txt
[2026-05-16 17:51:43] [Writer] 第1338章已保存（3123字） -> D:\AiProject\Node\novels\chapters\chapter_1338.txt
[2026-05-16 17:51:44] [Writer] 第1352章已保存（4355字） -> D:\AiProject\Node\novels\chapters\chapter_1352.txt
[2026-05-16 17:51:45] [Writer] 全部完成
[2026-05-16 17:51:45] [Writer] 第1336章已保存（5911字） -> D:\AiProject\Node\novels\chapters\chapter_1336.txt
[2026-05-16 17:51:45] [Writer] 全部完成
[2026-05-16 17:51:45] [Writer] 第1348章已保存（3972字） -> D:\AiProject\Node\novels\chapters\chapter_1348.txt
[2026-05-16 17:51:46] [Writer] 全部完成
[2026-05-16 17:51:47] [Writer] 全部完成
[2026-05-16 17:51:47] [Writer] 全部完成
[2026-05-16 17:51:52] [Writer] 第1344章已保存（6205字） -> D:\AiProject\Node\novels\chapters\chapter_1344.txt
[2026-05-16 17:51:53] [Writer] 第1332章已保存（4210字） -> D:\AiProject\Node\novels\chapters\chapter_1332.txt
[2026-05-16 17:51:54] [Writer] 全部完成
[2026-05-16 17:51:55] [Writer] 全部完成
[2026-05-16 17:51:56] [Writer] 第1358章已保存（6188字） -> D:\AiProject\Node\novels\chapters\chapter_1358.txt
[2026-05-16 17:51:58] [Writer] 全部完成
[2026-05-16 17:51:58] [Writer] 第1334章已保存（4844字） -> D:\AiProject\Node\novels\chapters\chapter_1334.txt
[2026-05-16 17:52:00] [Writer] 全部完成
[2026-05-16 17:52:07] [Writer] 第1342章已保存（4311字） -> D:\AiProject\Node\novels\chapters\chapter_1342.txt
[2026-05-16 17:52:09] [Writer] 全部完成
[2026-05-16 17:52:14] [Writer] 第1356章已保存（6361字） -> D:\AiProject\Node\novels\chapters\chapter_1356.txt
[2026-05-16 17:52:14] [Writer] 第1328章已保存（7468字） -> D:\AiProject\Node\novels\chapters\chapter_1328.txt
[2026-05-16 17:52:16] [Writer] 全部完成
[2026-05-16 17:52:16] [Writer] 全部完成
[2026-05-16 17:52:17] [Writer] 第1354章已保存（6762字） -> D:\AiProject\Node\novels\chapters\chapter_1354.txt
[2026-05-16 17:52:19] [Writer] 全部完成
[2026-05-16 17:52:22] [Writer] 第1346章已保存（4733字） -> D:\AiProject\Node\novels\chapters\chapter_1346.txt
[2026-05-16 17:52:24] [Writer] 全部完成
[2026-05-16 17:52:30] [Writer] 第1324章已保存（7775字） -> D:\AiProject\Node\novels\chapters\chapter_1324.txt
[2026-05-16 17:52:32] [Writer] 全部完成
[2026-05-16 17:54:07] [Writer] 正在生成第1361章...
[2026-05-16 17:54:07] [Writer] 正在生成第1363章...
[2026-05-16 17:54:07] [Writer] 正在生成第1367章...
[2026-05-16 17:54:07] [Writer] 正在生成第1369章...
[2026-05-16 17:54:07] [Writer] 正在生成第1365章...
[2026-05-16 17:54:07] [Writer] 正在生成第1373章...
[2026-05-16 17:54:07] [Writer] 正在生成第1371章...
[2026-05-16 17:54:07] [Writer] 正在生成第1377章...
[2026-05-16 17:54:07] [Writer] 正在生成第1379章...
[2026-05-16 17:54:07] [Writer] 正在生成第1383章...
[2026-05-16 17:54:07] [Writer] 正在生成第1381章...
[2026-05-16 17:54:07] [Writer] 正在生成第1385章...
[2026-05-16 17:54:07] [Writer] 正在生成第1375章...
[2026-05-16 17:54:07] [Writer] 正在生成第1387章...
[2026-05-16 17:54:07] [Writer] 正在生成第1391章...
[2026-05-16 17:54:07] [Writer] 正在生成第1397章...
[2026-05-16 17:54:07] [Writer] 正在生成第1393章...
[2026-05-16 17:54:07] [Writer] 正在生成第1399章...
[2026-05-16 17:54:07] [Writer] 正在生成第1389章...
[2026-05-16 17:54:07] [Writer] 正在生成第1395章...
[2026-05-16 17:54:54] [Writer] 第1369章已保存（3861字） -> D:\AiProject\Node\novels\chapters\chapter_1369.txt
[2026-05-16 17:54:56] [Writer] 正在生成第1370章...
[2026-05-16 17:54:58] [Writer] 第1367章已保存（3895字） -> D:\AiProject\Node\novels\chapters\chapter_1367.txt
[2026-05-16 17:55:00] [Writer] 正在生成第1368章...
[2026-05-16 17:55:05] [Writer] 第1393章已保存（3907字） -> D:\AiProject\Node\novels\chapters\chapter_1393.txt
[2026-05-16 17:55:06] [Writer] 第1373章已保存（4363字） -> D:\AiProject\Node\novels\chapters\chapter_1373.txt
[2026-05-16 17:55:07] [Writer] 正在生成第1394章...
[2026-05-16 17:55:08] [Writer] 正在生成第1374章...
[2026-05-16 17:55:11] [Writer] 第1377章已保存（4537字） -> D:\AiProject\Node\novels\chapters\chapter_1377.txt
[2026-05-16 17:55:11] [Writer] 第1395章已保存（3872字） -> D:\AiProject\Node\novels\chapters\chapter_1395.txt
[2026-05-16 17:55:13] [Writer] 正在生成第1378章...
[2026-05-16 17:55:13] [Writer] 正在生成第1396章...
[2026-05-16 17:55:13] [Writer] 第1383章已保存（4670字） -> D:\AiProject\Node\novels\chapters\chapter_1383.txt
[2026-05-16 17:55:14] [Writer] 第1381章已保存（4304字） -> D:\AiProject\Node\novels\chapters\chapter_1381.txt
[2026-05-16 17:55:15] [Writer] 第1365章已保存（4964字） -> D:\AiProject\Node\novels\chapters\chapter_1365.txt
[2026-05-16 17:55:15] [Writer] 正在生成第1384章...
[2026-05-16 17:55:16] [Writer] 正在生成第1382章...
[2026-05-16 17:55:17] [Writer] 正在生成第1366章...
[2026-05-16 17:55:18] [Writer] 第1397章已保存（4699字） -> D:\AiProject\Node\novels\chapters\chapter_1397.txt
[2026-05-16 17:55:20] [Writer] 第1389章已保存（4696字） -> D:\AiProject\Node\novels\chapters\chapter_1389.txt
[2026-05-16 17:55:20] [Writer] 正在生成第1398章...
[2026-05-16 17:55:22] [Writer] 正在生成第1390章...
[2026-05-16 17:55:24] [Writer] 第1391章已保存（5341字） -> D:\AiProject\Node\novels\chapters\chapter_1391.txt
[2026-05-16 17:55:26] [Writer] 正在生成第1392章...
[2026-05-16 17:55:27] [Writer] 第1385章已保存（4979字） -> D:\AiProject\Node\novels\chapters\chapter_1385.txt
[2026-05-16 17:55:29] [Writer] 正在生成第1386章...
[2026-05-16 17:55:33] [Writer] 第1371章已保存（6447字） -> D:\AiProject\Node\novels\chapters\chapter_1371.txt
[2026-05-16 17:55:33] [Writer] 第1363章已保存（6834字） -> D:\AiProject\Node\novels\chapters\chapter_1363.txt
[2026-05-16 17:55:34] [Writer] 第1361章生成失败，重试(1/3)...
[2026-05-16 17:55:35] [Writer] 正在生成第1372章...
[2026-05-16 17:55:35] [Writer] 正在生成第1364章...
[2026-05-16 17:55:35] [Writer] 第1375章已保存（6604字） -> D:\AiProject\Node\novels\chapters\chapter_1375.txt
[2026-05-16 17:55:37] [Writer] 正在生成第1376章...
[2026-05-16 17:55:38] [Writer] 第1379章已保存（6901字） -> D:\AiProject\Node\novels\chapters\chapter_1379.txt
[2026-05-16 17:55:38] [Writer] 第1399章已保存（6795字） -> D:\AiProject\Node\novels\chapters\chapter_1399.txt
[2026-05-16 17:55:39] [Writer] 正在生成第1361章...
[2026-05-16 17:55:40] [Writer] 正在生成第1380章...
[2026-05-16 17:55:40] [Writer] 正在生成第1400章...
[2026-05-16 17:55:47] [Writer] 第1387章已保存（7004字） -> D:\AiProject\Node\novels\chapters\chapter_1387.txt
[2026-05-16 17:55:49] [Writer] 正在生成第1388章...
[2026-05-16 17:55:55] [Writer] 第1374章已保存（3544字） -> D:\AiProject\Node\novels\chapters\chapter_1374.txt
[2026-05-16 17:55:57] [Writer] 全部完成
[2026-05-16 17:56:05] [Writer] 第1368章已保存（4873字） -> D:\AiProject\Node\novels\chapters\chapter_1368.txt
[2026-05-16 17:56:07] [Writer] 全部完成
[2026-05-16 17:56:19] [Writer] 第1384章已保存（4262字） -> D:\AiProject\Node\novels\chapters\chapter_1384.txt
[2026-05-16 17:56:21] [Writer] 第1366章已保存（4857字） -> D:\AiProject\Node\novels\chapters\chapter_1366.txt
[2026-05-16 17:56:21] [Writer] 全部完成
[2026-05-16 17:56:22] [Writer] 第1382章已保存（4994字） -> D:\AiProject\Node\novels\chapters\chapter_1382.txt
[2026-05-16 17:56:22] [Writer] 第1394章已保存（5846字） -> D:\AiProject\Node\novels\chapters\chapter_1394.txt
[2026-05-16 17:56:23] [Writer] 全部完成
[2026-05-16 17:56:24] [Writer] 全部完成
[2026-05-16 17:56:24] [Writer] 全部完成
[2026-05-16 17:56:28] [Writer] 第1392章已保存（4429字） -> D:\AiProject\Node\novels\chapters\chapter_1392.txt
[2026-05-16 17:56:30] [Writer] 第1370章已保存（5485字） -> D:\AiProject\Node\novels\chapters\chapter_1370.txt
[2026-05-16 17:56:30] [Writer] 全部完成
[2026-05-16 17:56:31] [Writer] 第1376章已保存（3887字） -> D:\AiProject\Node\novels\chapters\chapter_1376.txt
[2026-05-16 17:56:32] [Writer] 全部完成
[2026-05-16 17:56:33] [Writer] 全部完成
[2026-05-16 17:56:33] [Writer] 第1390章已保存（5307字） -> D:\AiProject\Node\novels\chapters\chapter_1390.txt
[2026-05-16 17:56:33] [Writer] 第1396章已保存（6279字） -> D:\AiProject\Node\novels\chapters\chapter_1396.txt
[2026-05-16 17:56:35] [Writer] 全部完成
[2026-05-16 17:56:35] [Writer] 全部完成
[2026-05-16 17:56:36] [Writer] 第1364章已保存（4255字） -> D:\AiProject\Node\novels\chapters\chapter_1364.txt
[2026-05-16 17:56:38] [Writer] 全部完成
[2026-05-16 17:56:39] [Writer] 第1380章已保存（4388字） -> D:\AiProject\Node\novels\chapters\chapter_1380.txt
[2026-05-16 17:56:41] [Writer] 第1361章已保存（4846字） -> D:\AiProject\Node\novels\chapters\chapter_1361.txt
[2026-05-16 17:56:41] [Writer] 全部完成
[2026-05-16 17:56:43] [Writer] 正在生成第1362章...
[2026-05-16 17:56:51] [Writer] 第1378章已保存（6969字） -> D:\AiProject\Node\novels\chapters\chapter_1378.txt
[2026-05-16 17:56:51] [Writer] 第1372章已保存（5417字） -> D:\AiProject\Node\novels\chapters\chapter_1372.txt
[2026-05-16 17:56:51] [Writer] 第1398章已保存（7137字） -> D:\AiProject\Node\novels\chapters\chapter_1398.txt
[2026-05-16 17:56:53] [Writer] 全部完成
[2026-05-16 17:56:53] [Writer] 全部完成
[2026-05-16 17:56:53] [Writer] 第1400章已保存（5203字） -> D:\AiProject\Node\novels\chapters\chapter_1400.txt
[2026-05-16 17:56:53] [Writer] 全部完成
[2026-05-16 17:56:55] [Writer] 全部完成
[2026-05-16 17:56:57] [Writer] 第1386章已保存（6343字） -> D:\AiProject\Node\novels\chapters\chapter_1386.txt
[2026-05-16 17:56:59] [Writer] 全部完成
[2026-05-16 17:57:02] [Writer] 第1388章已保存（5192字） -> D:\AiProject\Node\novels\chapters\chapter_1388.txt
[2026-05-16 17:57:04] [Writer] 全部完成
[2026-05-16 17:57:23] [Writer] 第1362章已保存（2541字） -> D:\AiProject\Node\novels\chapters\chapter_1362.txt
[2026-05-16 17:57:25] [Writer] 全部完成
[2026-05-16 17:58:51] [Writer] 正在生成第1405章...
[2026-05-16 17:58:51] [Writer] 正在生成第1401章...
[2026-05-16 17:58:51] [Writer] 正在生成第1403章...
[2026-05-16 17:58:51] [Writer] 正在生成第1409章...
[2026-05-16 17:58:51] [Writer] 正在生成第1407章...
[2026-05-16 17:58:51] [Writer] 正在生成第1413章...
[2026-05-16 17:58:51] [Writer] 正在生成第1421章...
[2026-05-16 17:58:51] [Writer] 正在生成第1411章...
[2026-05-16 17:58:52] [Writer] 正在生成第1423章...
[2026-05-16 17:58:52] [Writer] 正在生成第1415章...
[2026-05-16 17:58:52] [Writer] 正在生成第1419章...
[2026-05-16 17:58:52] [Writer] 正在生成第1433章...
[2026-05-16 17:58:52] [Writer] 正在生成第1437章...
[2026-05-16 17:58:52] [Writer] 正在生成第1429章...
[2026-05-16 17:58:52] [Writer] 正在生成第1417章...
[2026-05-16 17:58:52] [Writer] 正在生成第1435章...
[2026-05-16 17:58:52] [Writer] 正在生成第1431章...
[2026-05-16 17:58:52] [Writer] 正在生成第1425章...
[2026-05-16 17:58:52] [Writer] 正在生成第1427章...
[2026-05-16 17:58:52] [Writer] 正在生成第1439章...
[2026-05-16 17:59:46] [Writer] 第1411章已保存（3240字） -> D:\AiProject\Node\novels\chapters\chapter_1411.txt
[2026-05-16 17:59:48] [Writer] 正在生成第1412章...
[2026-05-16 17:59:49] [Writer] 第1421章已保存（4003字） -> D:\AiProject\Node\novels\chapters\chapter_1421.txt
[2026-05-16 17:59:50] [Writer] 第1413章已保存（4135字） -> D:\AiProject\Node\novels\chapters\chapter_1413.txt
[2026-05-16 17:59:51] [Writer] 正在生成第1422章...
[2026-05-16 17:59:51] [Writer] 第1429章已保存（3632字） -> D:\AiProject\Node\novels\chapters\chapter_1429.txt
[2026-05-16 17:59:52] [Writer] 正在生成第1414章...
[2026-05-16 17:59:53] [Writer] 正在生成第1430章...
[2026-05-16 17:59:58] [Writer] 第1439章已保存（5163字） -> D:\AiProject\Node\novels\chapters\chapter_1439.txt
[2026-05-16 18:00:00] [Writer] 正在生成第1440章...
[2026-05-16 18:00:02] [Writer] 第1415章已保存（5230字） -> D:\AiProject\Node\novels\chapters\chapter_1415.txt
[2026-05-16 18:00:04] [Writer] 正在生成第1416章...
[2026-05-16 18:00:05] [Writer] 第1427章已保存（4856字） -> D:\AiProject\Node\novels\chapters\chapter_1427.txt
[2026-05-16 18:00:05] [Writer] 第1435章已保存（4912字） -> D:\AiProject\Node\novels\chapters\chapter_1435.txt
[2026-05-16 18:00:06] [Writer] 第1405章已保存（5505字） -> D:\AiProject\Node\novels\chapters\chapter_1405.txt
[2026-05-16 18:00:06] [Writer] 第1417章已保存（5163字） -> D:\AiProject\Node\novels\chapters\chapter_1417.txt
[2026-05-16 18:00:07] [Writer] 正在生成第1428章...
[2026-05-16 18:00:07] [Writer] 正在生成第1436章...
[2026-05-16 18:00:08] [Writer] 第1401章已保存（5214字） -> D:\AiProject\Node\novels\chapters\chapter_1401.txt
[2026-05-16 18:00:08] [Writer] 正在生成第1406章...
[2026-05-16 18:00:08] [Writer] 正在生成第1418章...
[2026-05-16 18:00:09] [Writer] 第1419章已保存（5022字） -> D:\AiProject\Node\novels\chapters\chapter_1419.txt
[2026-05-16 18:00:10] [Writer] 正在生成第1402章...
[2026-05-16 18:00:11] [Writer] 正在生成第1420章...
[2026-05-16 18:00:11] [Writer] 第1433章已保存（5483字） -> D:\AiProject\Node\novels\chapters\chapter_1433.txt
[2026-05-16 18:00:12] [Writer] 第1403章已保存（5626字） -> D:\AiProject\Node\novels\chapters\chapter_1403.txt
[2026-05-16 18:00:12] [Writer] 第1437章已保存（5500字） -> D:\AiProject\Node\novels\chapters\chapter_1437.txt
[2026-05-16 18:00:13] [Writer] 正在生成第1434章...
[2026-05-16 18:00:14] [Writer] 正在生成第1404章...
[2026-05-16 18:00:14] [Writer] 正在生成第1438章...
[2026-05-16 18:00:15] [Writer] 第1409章已保存（6329字） -> D:\AiProject\Node\novels\chapters\chapter_1409.txt
[2026-05-16 18:00:17] [Writer] 正在生成第1410章...
[2026-05-16 18:00:17] [Writer] 第1407章已保存（6292字） -> D:\AiProject\Node\novels\chapters\chapter_1407.txt
[2026-05-16 18:00:19] [Writer] 第1423章已保存（5868字） -> D:\AiProject\Node\novels\chapters\chapter_1423.txt
[2026-05-16 18:00:19] [Writer] 正在生成第1408章...
[2026-05-16 18:00:21] [Writer] 正在生成第1424章...
[2026-05-16 18:00:24] [Writer] 第1431章已保存（6671字） -> D:\AiProject\Node\novels\chapters\chapter_1431.txt
[2026-05-16 18:00:26] [Writer] 正在生成第1432章...
[2026-05-16 18:00:43] [Writer] 第1425章已保存（7738字） -> D:\AiProject\Node\novels\chapters\chapter_1425.txt
[2026-05-16 18:00:45] [Writer] 正在生成第1426章...
[2026-05-16 18:00:52] [Writer] 第1440章已保存（3409字） -> D:\AiProject\Node\novels\chapters\chapter_1440.txt
[2026-05-16 18:00:54] [Writer] 全部完成
[2026-05-16 18:00:54] [Writer] 第1412章已保存（4681字） -> D:\AiProject\Node\novels\chapters\chapter_1412.txt
[2026-05-16 18:00:56] [Writer] 全部完成
[2026-05-16 18:00:59] [Writer] 第1422章已保存（4808字） -> D:\AiProject\Node\novels\chapters\chapter_1422.txt
[2026-05-16 18:01:01] [Writer] 全部完成
[2026-05-16 18:01:09] [Writer] 第1402章已保存（4201字） -> D:\AiProject\Node\novels\chapters\chapter_1402.txt
[2026-05-16 18:01:11] [Writer] 全部完成
[2026-05-16 18:01:14] [Writer] 第1430章已保存（5422字） -> D:\AiProject\Node\novels\chapters\chapter_1430.txt
[2026-05-16 18:01:16] [Writer] 全部完成
[2026-05-16 18:01:18] [Writer] 第1416章已保存（5339字） -> D:\AiProject\Node\novels\chapters\chapter_1416.txt
[2026-05-16 18:01:19] [Writer] 第1418章已保存（4417字） -> D:\AiProject\Node\novels\chapters\chapter_1418.txt
[2026-05-16 18:01:19] [Writer] 第1436章已保存（4816字） -> D:\AiProject\Node\novels\chapters\chapter_1436.txt
[2026-05-16 18:01:20] [Writer] 全部完成
[2026-05-16 18:01:21] [Writer] 全部完成
[2026-05-16 18:01:21] [Writer] 全部完成
[2026-05-16 18:01:26] [Writer] 第1434章已保存（4728字） -> D:\AiProject\Node\novels\chapters\chapter_1434.txt
[2026-05-16 18:01:28] [Writer] 全部完成
[2026-05-16 18:01:29] [Writer] 第1432章已保存（3916字） -> D:\AiProject\Node\novels\chapters\chapter_1432.txt
[2026-05-16 18:01:30] [Writer] 第1428章已保存（5585字） -> D:\AiProject\Node\novels\chapters\chapter_1428.txt
[2026-05-16 18:01:31] [Writer] 全部完成
[2026-05-16 18:01:31] [Writer] 第1404章已保存（5009字） -> D:\AiProject\Node\novels\chapters\chapter_1404.txt
[2026-05-16 18:01:32] [Writer] 全部完成
[2026-05-16 18:01:33] [Writer] 全部完成
[2026-05-16 18:01:33] [Writer] 第1424章已保存（4923字） -> D:\AiProject\Node\novels\chapters\chapter_1424.txt
[2026-05-16 18:01:35] [Writer] 第1420章已保存（5358字） -> D:\AiProject\Node\novels\chapters\chapter_1420.txt
[2026-05-16 18:01:35] [Writer] 第1408章已保存（5431字） -> D:\AiProject\Node\novels\chapters\chapter_1408.txt
[2026-05-16 18:01:35] [Writer] 全部完成
[2026-05-16 18:01:37] [Writer] 全部完成
[2026-05-16 18:01:37] [Writer] 全部完成
[2026-05-16 18:01:37] [Writer] 第1406章已保存（6092字） -> D:\AiProject\Node\novels\chapters\chapter_1406.txt
[2026-05-16 18:01:39] [Writer] 全部完成
[2026-05-16 18:01:39] [Writer] 第1410章已保存（5542字） -> D:\AiProject\Node\novels\chapters\chapter_1410.txt
[2026-05-16 18:01:40] [Writer] 第1426章已保存（3824字） -> D:\AiProject\Node\novels\chapters\chapter_1426.txt
[2026-05-16 18:01:41] [Writer] 第1438章已保存（4863字） -> D:\AiProject\Node\novels\chapters\chapter_1438.txt
[2026-05-16 18:01:41] [Writer] 全部完成
[2026-05-16 18:01:42] [Writer] 全部完成
[2026-05-16 18:01:43] [Writer] 全部完成
[2026-05-16 18:01:43] [Writer] 第1414章已保存（7426字） -> D:\AiProject\Node\novels\chapters\chapter_1414.txt
[2026-05-16 18:01:45] [Writer] 全部完成
[2026-05-16 18:03:17] [Writer] 正在生成第1443章...
[2026-05-16 18:03:17] [Writer] 正在生成第1441章...
[2026-05-16 18:03:17] [Writer] 正在生成第1447章...
[2026-05-16 18:03:17] [Writer] 正在生成第1453章...
[2026-05-16 18:03:17] [Writer] 正在生成第1445章...
[2026-05-16 18:03:17] [Writer] 正在生成第1449章...
[2026-05-16 18:03:17] [Writer] 正在生成第1465章...
[2026-05-16 18:03:17] [Writer] 正在生成第1451章...
[2026-05-16 18:03:17] [Writer] 正在生成第1461章...
[2026-05-16 18:03:17] [Writer] 正在生成第1455章...
[2026-05-16 18:03:17] [Writer] 正在生成第1457章...
[2026-05-16 18:03:17] [Writer] 正在生成第1473章...
[2026-05-16 18:03:17] [Writer] 正在生成第1469章...
[2026-05-16 18:03:17] [Writer] 正在生成第1463章...
[2026-05-16 18:03:17] [Writer] 正在生成第1459章...
[2026-05-16 18:03:17] [Writer] 正在生成第1471章...
[2026-05-16 18:03:17] [Writer] 正在生成第1467章...
[2026-05-16 18:03:18] [Writer] 正在生成第1475章...
[2026-05-16 18:03:18] [Writer] 正在生成第1477章...
[2026-05-16 18:03:18] [Writer] 正在生成第1479章...
[2026-05-16 18:03:59] [Writer] 第1443章已保存（2279字） -> D:\AiProject\Node\novels\chapters\chapter_1443.txt
[2026-05-16 18:04:01] [Writer] 正在生成第1444章...
[2026-05-16 18:04:08] [Writer] 第1453章已保存（2990字） -> D:\AiProject\Node\novels\chapters\chapter_1453.txt
[2026-05-16 18:04:10] [Writer] 正在生成第1454章...
[2026-05-16 18:04:11] [Writer] 第1479章已保存（3077字） -> D:\AiProject\Node\novels\chapters\chapter_1479.txt
[2026-05-16 18:04:11] [Writer] 第1441章已保存（3879字） -> D:\AiProject\Node\novels\chapters\chapter_1441.txt
[2026-05-16 18:04:12] [Writer] 第1477章已保存（3303字） -> D:\AiProject\Node\novels\chapters\chapter_1477.txt
[2026-05-16 18:04:13] [Writer] 正在生成第1480章...
[2026-05-16 18:04:13] [Writer] 正在生成第1442章...
[2026-05-16 18:04:14] [Writer] 第1447章已保存（3729字） -> D:\AiProject\Node\novels\chapters\chapter_1447.txt
[2026-05-16 18:04:14] [Writer] 第1467章已保存（3722字） -> D:\AiProject\Node\novels\chapters\chapter_1467.txt
[2026-05-16 18:04:14] [Writer] 正在生成第1478章...
[2026-05-16 18:04:16] [Writer] 正在生成第1448章...
[2026-05-16 18:04:16] [Writer] 正在生成第1468章...
[2026-05-16 18:04:23] [Writer] 第1475章已保存（3694字） -> D:\AiProject\Node\novels\chapters\chapter_1475.txt
[2026-05-16 18:04:25] [Writer] 正在生成第1476章...
[2026-05-16 18:04:26] [Writer] 第1471章已保存（4371字） -> D:\AiProject\Node\novels\chapters\chapter_1471.txt
[2026-05-16 18:04:28] [Writer] 正在生成第1472章...
[2026-05-16 18:04:31] [Writer] 第1463章已保存（4224字） -> D:\AiProject\Node\novels\chapters\chapter_1463.txt
[2026-05-16 18:04:33] [Writer] 正在生成第1464章...
[2026-05-16 18:04:33] [Writer] 第1451章已保存（5160字） -> D:\AiProject\Node\novels\chapters\chapter_1451.txt
[2026-05-16 18:04:33] [Writer] 第1465章已保存（5146字） -> D:\AiProject\Node\novels\chapters\chapter_1465.txt
[2026-05-16 18:04:35] [Writer] 正在生成第1452章...
[2026-05-16 18:04:35] [Writer] 正在生成第1466章...
[2026-05-16 18:04:36] [Writer] 第1461章已保存（4954字） -> D:\AiProject\Node\novels\chapters\chapter_1461.txt
[2026-05-16 18:04:38] [Writer] 第1455章已保存（5230字） -> D:\AiProject\Node\novels\chapters\chapter_1455.txt
[2026-05-16 18:04:38] [Writer] 正在生成第1462章...
[2026-05-16 18:04:39] [Writer] 第1469章已保存（5012字） -> D:\AiProject\Node\novels\chapters\chapter_1469.txt
[2026-05-16 18:04:40] [Writer] 正在生成第1456章...
[2026-05-16 18:04:40] [Writer] 第1445章已保存（5166字） -> D:\AiProject\Node\novels\chapters\chapter_1445.txt
[2026-05-16 18:04:41] [Writer] 正在生成第1470章...
[2026-05-16 18:04:42] [Writer] 第1459章已保存（5633字） -> D:\AiProject\Node\novels\chapters\chapter_1459.txt
[2026-05-16 18:04:42] [Writer] 正在生成第1446章...
[2026-05-16 18:04:44] [Writer] 正在生成第1460章...
[2026-05-16 18:04:44] [Writer] 第1449章已保存（6044字） -> D:\AiProject\Node\novels\chapters\chapter_1449.txt
[2026-05-16 18:04:45] [Writer] 第1473章已保存（5082字） -> D:\AiProject\Node\novels\chapters\chapter_1473.txt
[2026-05-16 18:04:46] [Writer] 正在生成第1450章...
[2026-05-16 18:04:47] [Writer] 正在生成第1474章...
[2026-05-16 18:04:58] [Writer] 第1457章已保存（6872字） -> D:\AiProject\Node\novels\chapters\chapter_1457.txt
[2026-05-16 18:05:00] [Writer] 正在生成第1458章...
[2026-05-16 18:05:19] [Writer] 第1444章已保存（5247字） -> D:\AiProject\Node\novels\chapters\chapter_1444.txt
[2026-05-16 18:05:19] [Writer] 第1454章已保存（4811字） -> D:\AiProject\Node\novels\chapters\chapter_1454.txt
[2026-05-16 18:05:21] [Writer] 全部完成
[2026-05-16 18:05:21] [Writer] 全部完成
[2026-05-16 18:05:21] [Writer] 第1480章已保存（4849字） -> D:\AiProject\Node\novels\chapters\chapter_1480.txt
[2026-05-16 18:05:23] [Writer] 全部完成
[2026-05-16 18:05:27] [Writer] 第1470章已保存（3128字） -> D:\AiProject\Node\novels\chapters\chapter_1470.txt
[2026-05-16 18:05:29] [Writer] 第1448章已保存（5573字） -> D:\AiProject\Node\novels\chapters\chapter_1448.txt
[2026-05-16 18:05:29] [Writer] 第1478章已保存（5206字） -> D:\AiProject\Node\novels\chapters\chapter_1478.txt
[2026-05-16 18:05:29] [Writer] 全部完成
[2026-05-16 18:05:31] [Writer] 全部完成
[2026-05-16 18:05:31] [Writer] 全部完成
[2026-05-16 18:05:32] [Writer] 第1468章已保存（4063字） -> D:\AiProject\Node\novels\chapters\chapter_1468.txt
[2026-05-16 18:05:34] [Writer] 全部完成
[2026-05-16 18:05:39] [Writer] 第1464章已保存（4537字） -> D:\AiProject\Node\novels\chapters\chapter_1464.txt
[2026-05-16 18:05:41] [Writer] 全部完成
[2026-05-16 18:05:45] [Writer] 第1442章已保存（6449字） -> D:\AiProject\Node\novels\chapters\chapter_1442.txt
[2026-05-16 18:05:47] [Writer] 第1452章已保存（5237字） -> D:\AiProject\Node\novels\chapters\chapter_1452.txt
[2026-05-16 18:05:47] [Writer] 全部完成
[2026-05-16 18:05:49] [Writer] 全部完成
[2026-05-16 18:05:49] [Writer] 第1472章已保存（5300字） -> D:\AiProject\Node\novels\chapters\chapter_1472.txt
[2026-05-16 18:05:50] [Writer] 第1462章已保存（5190字） -> D:\AiProject\Node\novels\chapters\chapter_1462.txt
[2026-05-16 18:05:51] [Writer] 全部完成
[2026-05-16 18:05:52] [Writer] 全部完成
[2026-05-16 18:05:52] [Writer] 第1476章已保存（5802字） -> D:\AiProject\Node\novels\chapters\chapter_1476.txt
[2026-05-16 18:05:54] [Writer] 全部完成
[2026-05-16 18:05:58] [Writer] 第1466章已保存（6139字） -> D:\AiProject\Node\novels\chapters\chapter_1466.txt
[2026-05-16 18:05:59] [Writer] 第1474章已保存（4512字） -> D:\AiProject\Node\novels\chapters\chapter_1474.txt
[2026-05-16 18:06:00] [Writer] 全部完成
[2026-05-16 18:06:01] [Writer] 全部完成
[2026-05-16 18:06:03] [Writer] 第1456章已保存（5867字） -> D:\AiProject\Node\novels\chapters\chapter_1456.txt
[2026-05-16 18:06:05] [Writer] 全部完成
[2026-05-16 18:06:29] [Writer] 第1450章已保存（7026字） -> D:\AiProject\Node\novels\chapters\chapter_1450.txt
[2026-05-16 18:06:31] [Writer] 全部完成
[2026-05-16 18:06:33] [Writer] 第1446章已保存（7156字） -> D:\AiProject\Node\novels\chapters\chapter_1446.txt
[2026-05-16 18:06:35] [Writer] 第1460章已保存（7523字） -> D:\AiProject\Node\novels\chapters\chapter_1460.txt
[2026-05-16 18:06:35] [Writer] 全部完成
[2026-05-16 18:06:37] [Writer] 全部完成
[2026-05-16 18:06:41] [Writer] 第1458章已保存（6585字） -> D:\AiProject\Node\novels\chapters\chapter_1458.txt
[2026-05-16 18:06:43] [Writer] 全部完成
[2026-05-16 18:08:16] [Writer] 正在生成第1487章...
[2026-05-16 18:08:16] [Writer] 正在生成第1483章...
[2026-05-16 18:08:16] [Writer] 正在生成第1489章...
[2026-05-16 18:08:16] [Writer] 正在生成第1481章...
[2026-05-16 18:08:16] [Writer] 正在生成第1491章...
[2026-05-16 18:08:16] [Writer] 正在生成第1485章...
[2026-05-16 18:08:16] [Writer] 正在生成第1493章...
[2026-05-16 18:08:16] [Writer] 正在生成第1501章...
[2026-05-16 18:08:17] [Writer] 正在生成第1499章...
[2026-05-16 18:08:17] [Writer] 正在生成第1495章...
[2026-05-16 18:08:17] [Writer] 正在生成第1497章...
[2026-05-16 18:08:17] [Writer] 正在生成第1503章...
[2026-05-16 18:08:17] [Writer] 正在生成第1505章...
[2026-05-16 18:08:17] [Writer] 正在生成第1509章...
[2026-05-16 18:08:17] [Writer] 正在生成第1507章...
[2026-05-16 18:08:17] [Writer] 正在生成第1513章...
[2026-05-16 18:08:17] [Writer] 正在生成第1517章...
[2026-05-16 18:08:17] [Writer] 正在生成第1511章...
[2026-05-16 18:08:17] [Writer] 正在生成第1519章...
[2026-05-16 18:08:17] [Writer] 正在生成第1515章...
[2026-05-16 18:09:03] [Writer] 第1493章已保存（3248字） -> D:\AiProject\Node\novels\chapters\chapter_1493.txt
[2026-05-16 18:09:05] [Writer] 正在生成第1494章...
[2026-05-16 18:09:05] [Writer] 第1485章已保存（3639字） -> D:\AiProject\Node\novels\chapters\chapter_1485.txt
[2026-05-16 18:09:07] [Writer] 正在生成第1486章...
[2026-05-16 18:09:11] [Writer] 第1503章已保存（4254字） -> D:\AiProject\Node\novels\chapters\chapter_1503.txt
[2026-05-16 18:09:11] [Writer] 第1515章已保存（3918字） -> D:\AiProject\Node\novels\chapters\chapter_1515.txt
[2026-05-16 18:09:11] [Writer] 第1507章已保存（4130字） -> D:\AiProject\Node\novels\chapters\chapter_1507.txt
[2026-05-16 18:09:11] [Writer] 第1483章已保存（3877字） -> D:\AiProject\Node\novels\chapters\chapter_1483.txt
[2026-05-16 18:09:13] [Writer] 正在生成第1504章...
[2026-05-16 18:09:13] [Writer] 正在生成第1516章...
[2026-05-16 18:09:13] [Writer] 正在生成第1508章...
[2026-05-16 18:09:13] [Writer] 正在生成第1484章...
[2026-05-16 18:09:14] [Writer] 第1505章已保存（3631字） -> D:\AiProject\Node\novels\chapters\chapter_1505.txt
[2026-05-16 18:09:16] [Writer] 正在生成第1506章...
[2026-05-16 18:09:17] [Writer] 第1487章已保存（4492字） -> D:\AiProject\Node\novels\chapters\chapter_1487.txt
[2026-05-16 18:09:19] [Writer] 第1509章已保存（4581字） -> D:\AiProject\Node\novels\chapters\chapter_1509.txt
[2026-05-16 18:09:19] [Writer] 正在生成第1488章...
[2026-05-16 18:09:19] [Writer] 第1501章已保存（4565字） -> D:\AiProject\Node\novels\chapters\chapter_1501.txt
[2026-05-16 18:09:20] [Writer] 第1519章已保存（4613字） -> D:\AiProject\Node\novels\chapters\chapter_1519.txt
[2026-05-16 18:09:21] [Writer] 正在生成第1510章...
[2026-05-16 18:09:21] [Writer] 第1489章已保存（4436字） -> D:\AiProject\Node\novels\chapters\chapter_1489.txt
[2026-05-16 18:09:21] [Writer] 正在生成第1502章...
[2026-05-16 18:09:22] [Writer] 正在生成第1520章...
[2026-05-16 18:09:23] [Writer] 第1517章已保存（4516字） -> D:\AiProject\Node\novels\chapters\chapter_1517.txt
[2026-05-16 18:09:23] [Writer] 第1491章已保存（4946字） -> D:\AiProject\Node\novels\chapters\chapter_1491.txt
[2026-05-16 18:09:23] [Writer] 正在生成第1490章...
[2026-05-16 18:09:24] [Writer] 第1513章已保存（4651字） -> D:\AiProject\Node\novels\chapters\chapter_1513.txt
[2026-05-16 18:09:25] [Writer] 正在生成第1518章...
[2026-05-16 18:09:25] [Writer] 正在生成第1492章...
[2026-05-16 18:09:26] [Writer] 正在生成第1514章...
[2026-05-16 18:09:28] [Writer] 第1499章已保存（4644字） -> D:\AiProject\Node\novels\chapters\chapter_1499.txt
[2026-05-16 18:09:30] [Writer] 正在生成第1500章...
[2026-05-16 18:09:35] [Writer] 第1497章已保存（5440字） -> D:\AiProject\Node\novels\chapters\chapter_1497.txt
[2026-05-16 18:09:37] [Writer] 正在生成第1498章...
[2026-05-16 18:09:38] [Writer] 第1511章已保存（6047字） -> D:\AiProject\Node\novels\chapters\chapter_1511.txt
[2026-05-16 18:09:39] [Writer] 第1481章已保存（6210字） -> D:\AiProject\Node\novels\chapters\chapter_1481.txt
[2026-05-16 18:09:39] [Writer] 第1495章已保存（6069字） -> D:\AiProject\Node\novels\chapters\chapter_1495.txt
[2026-05-16 18:09:40] [Writer] 正在生成第1512章...
[2026-05-16 18:09:41] [Writer] 正在生成第1482章...
[2026-05-16 18:09:41] [Writer] 正在生成第1496章...
[2026-05-16 18:09:50] [Writer] 第1494章已保存（3089字） -> D:\AiProject\Node\novels\chapters\chapter_1494.txt
[2026-05-16 18:09:52] [Writer] 全部完成
[2026-05-16 18:10:01] [Writer] 第1504章已保存（3775字） -> D:\AiProject\Node\novels\chapters\chapter_1504.txt
[2026-05-16 18:10:03] [Writer] 全部完成
[2026-05-16 18:10:10] [Writer] 第1486章已保存（4298字） -> D:\AiProject\Node\novels\chapters\chapter_1486.txt
[2026-05-16 18:10:11] [Writer] 第1516章已保存（4052字） -> D:\AiProject\Node\novels\chapters\chapter_1516.txt
[2026-05-16 18:10:12] [Writer] 第1484章已保存（4373字） -> D:\AiProject\Node\novels\chapters\chapter_1484.txt
[2026-05-16 18:10:12] [Writer] 全部完成
[2026-05-16 18:10:13] [Writer] 全部完成
[2026-05-16 18:10:14] [Writer] 全部完成
[2026-05-16 18:10:14] [Writer] 第1506章已保存（4137字） -> D:\AiProject\Node\novels\chapters\chapter_1506.txt
[2026-05-16 18:10:16] [Writer] 全部完成
[2026-05-16 18:10:18] [Writer] 第1490章已保存（4063字） -> D:\AiProject\Node\novels\chapters\chapter_1490.txt
[2026-05-16 18:10:19] [Writer] 第1510章已保存（4321字） -> D:\AiProject\Node\novels\chapters\chapter_1510.txt
[2026-05-16 18:10:20] [Writer] 全部完成
[2026-05-16 18:10:21] [Writer] 第1502章已保存（4869字） -> D:\AiProject\Node\novels\chapters\chapter_1502.txt
[2026-05-16 18:10:21] [Writer] 全部完成
[2026-05-16 18:10:23] [Writer] 第1492章已保存（4254字） -> D:\AiProject\Node\novels\chapters\chapter_1492.txt
[2026-05-16 18:10:23] [Writer] 全部完成
[2026-05-16 18:10:25] [Writer] 全部完成
[2026-05-16 18:10:25] [Writer] 第1500章已保存（4446字） -> D:\AiProject\Node\novels\chapters\chapter_1500.txt
[2026-05-16 18:10:27] [Writer] 全部完成
[2026-05-16 18:10:29] [Writer] 第1520章已保存（4853字） -> D:\AiProject\Node\novels\chapters\chapter_1520.txt
[2026-05-16 18:10:31] [Writer] 第1488章已保存（5017字） -> D:\AiProject\Node\novels\chapters\chapter_1488.txt
[2026-05-16 18:10:31] [Writer] 全部完成
[2026-05-16 18:10:32] [Writer] 第1482章已保存（3484字） -> D:\AiProject\Node\novels\chapters\chapter_1482.txt
[2026-05-16 18:10:33] [Writer] 全部完成
[2026-05-16 18:10:34] [Writer] 全部完成
[2026-05-16 18:10:41] [Writer] 第1496章已保存（4533字） -> D:\AiProject\Node\novels\chapters\chapter_1496.txt
[2026-05-16 18:10:41] [Writer] 第1512章已保存（4274字） -> D:\AiProject\Node\novels\chapters\chapter_1512.txt
[2026-05-16 18:10:43] [Writer] 全部完成
[2026-05-16 18:10:43] [Writer] 全部完成
[2026-05-16 18:10:44] [Writer] 第1508章已保存（7061字） -> D:\AiProject\Node\novels\chapters\chapter_1508.txt
[2026-05-16 18:10:46] [Writer] 全部完成
[2026-05-16 18:10:47] [Writer] 第1514章已保存（6250字） -> D:\AiProject\Node\novels\chapters\chapter_1514.txt
[2026-05-16 18:10:49] [Writer] 全部完成
[2026-05-16 18:10:57] [Writer] 第1518章已保存（6914字） -> D:\AiProject\Node\novels\chapters\chapter_1518.txt
[2026-05-16 18:10:59] [Writer] 全部完成
[2026-05-16 18:10:59] [Writer] 第1498章已保存（5670字） -> D:\AiProject\Node\novels\chapters\chapter_1498.txt
[2026-05-16 18:11:01] [Writer] 全部完成
[2026-05-16 18:12:34] [Writer] 正在生成第1523章...
[2026-05-16 18:12:34] [Writer] 正在生成第1521章...
[2026-05-16 18:12:35] [Writer] 正在生成第1527章...
[2026-05-16 18:12:35] [Writer] 正在生成第1525章...
[2026-05-16 18:12:35] [Writer] 正在生成第1535章...
[2026-05-16 18:12:35] [Writer] 正在生成第1529章...
[2026-05-16 18:12:35] [Writer] 正在生成第1531章...
[2026-05-16 18:12:35] [Writer] 正在生成第1543章...
[2026-05-16 18:12:35] [Writer] 正在生成第1533章...
[2026-05-16 18:12:35] [Writer] 正在生成第1537章...
[2026-05-16 18:12:35] [Writer] 正在生成第1545章...
[2026-05-16 18:12:35] [Writer] 正在生成第1549章...
[2026-05-16 18:12:35] [Writer] 正在生成第1547章...
[2026-05-16 18:12:35] [Writer] 正在生成第1539章...
[2026-05-16 18:12:35] [Writer] 正在生成第1541章...
[2026-05-16 18:12:35] [Writer] 正在生成第1555章...
[2026-05-16 18:12:35] [Writer] 正在生成第1557章...
[2026-05-16 18:12:35] [Writer] 正在生成第1551章...
[2026-05-16 18:12:35] [Writer] 正在生成第1553章...
[2026-05-16 18:12:35] [Writer] 正在生成第1559章...
[2026-05-16 18:13:26] [Writer] 第1543章已保存（4097字） -> D:\AiProject\Node\novels\chapters\chapter_1543.txt
[2026-05-16 18:13:28] [Writer] 正在生成第1544章...
[2026-05-16 18:13:33] [Writer] 第1523章已保存（4524字） -> D:\AiProject\Node\novels\chapters\chapter_1523.txt
[2026-05-16 18:13:35] [Writer] 正在生成第1524章...
[2026-05-16 18:13:35] [Writer] 第1533章已保存（4611字） -> D:\AiProject\Node\novels\chapters\chapter_1533.txt
[2026-05-16 18:13:36] [Writer] 第1529章已保存（4666字） -> D:\AiProject\Node\novels\chapters\chapter_1529.txt
[2026-05-16 18:13:37] [Writer] 第1531章已保存（4648字） -> D:\AiProject\Node\novels\chapters\chapter_1531.txt
[2026-05-16 18:13:37] [Writer] 正在生成第1534章...
[2026-05-16 18:13:38] [Writer] 正在生成第1530章...
[2026-05-16 18:13:39] [Writer] 正在生成第1532章...
[2026-05-16 18:13:40] [Writer] 第1557章已保存（4986字） -> D:\AiProject\Node\novels\chapters\chapter_1557.txt
[2026-05-16 18:13:41] [Writer] 第1539章已保存（4323字） -> D:\AiProject\Node\novels\chapters\chapter_1539.txt
[2026-05-16 18:13:41] [Writer] 第1547章已保存（4413字） -> D:\AiProject\Node\novels\chapters\chapter_1547.txt
[2026-05-16 18:13:42] [Writer] 第1553章已保存（4649字） -> D:\AiProject\Node\novels\chapters\chapter_1553.txt
[2026-05-16 18:13:42] [Writer] 正在生成第1558章...
[2026-05-16 18:13:42] [Writer] 第1551章已保存（4324字） -> D:\AiProject\Node\novels\chapters\chapter_1551.txt
[2026-05-16 18:13:43] [Writer] 第1525章已保存（5230字） -> D:\AiProject\Node\novels\chapters\chapter_1525.txt
[2026-05-16 18:13:43] [Writer] 第1537章已保存（5007字） -> D:\AiProject\Node\novels\chapters\chapter_1537.txt
[2026-05-16 18:13:43] [Writer] 正在生成第1540章...
[2026-05-16 18:13:43] [Writer] 正在生成第1548章...
[2026-05-16 18:13:44] [Writer] 正在生成第1554章...
[2026-05-16 18:13:45] [Writer] 正在生成第1552章...
[2026-05-16 18:13:45] [Writer] 第1535章已保存（5248字） -> D:\AiProject\Node\novels\chapters\chapter_1535.txt
[2026-05-16 18:13:45] [Writer] 正在生成第1526章...
[2026-05-16 18:13:45] [Writer] 正在生成第1538章...
[2026-05-16 18:13:45] [Writer] 第1521章已保存（5854字） -> D:\AiProject\Node\novels\chapters\chapter_1521.txt
[2026-05-16 18:13:47] [Writer] 正在生成第1536章...
[2026-05-16 18:13:47] [Writer] 第1559章生成失败，重试(1/3)...
[2026-05-16 18:13:47] [Writer] 正在生成第1522章...
[2026-05-16 18:13:49] [Writer] 第1545章已保存（5390字） -> D:\AiProject\Node\novels\chapters\chapter_1545.txt
[2026-05-16 18:13:50] [Writer] 第1555章已保存（4203字） -> D:\AiProject\Node\novels\chapters\chapter_1555.txt
[2026-05-16 18:13:51] [Writer] 正在生成第1546章...
[2026-05-16 18:13:52] [Writer] 正在生成第1559章...
[2026-05-16 18:13:52] [Writer] 正在生成第1556章...
[2026-05-16 18:14:03] [Writer] 第1541章已保存（5663字） -> D:\AiProject\Node\novels\chapters\chapter_1541.txt
[2026-05-16 18:14:05] [Writer] 正在生成第1542章...
[2026-05-16 18:14:19] [Writer] 第1527章已保存（4346字） -> D:\AiProject\Node\novels\chapters\chapter_1527.txt
[2026-05-16 18:14:21] [Writer] 正在生成第1528章...
[2026-05-16 18:14:29] [Writer] 第1549章已保存（5135字） -> D:\AiProject\Node\novels\chapters\chapter_1549.txt
[2026-05-16 18:14:31] [Writer] 正在生成第1550章...
[2026-05-16 18:14:32] [Writer] 第1548章已保存（3919字） -> D:\AiProject\Node\novels\chapters\chapter_1548.txt
[2026-05-16 18:14:34] [Writer] 全部完成
[2026-05-16 18:14:34] [Writer] 第1530章已保存（4130字） -> D:\AiProject\Node\novels\chapters\chapter_1530.txt
[2026-05-16 18:14:36] [Writer] 第1544章已保存（4312字） -> D:\AiProject\Node\novels\chapters\chapter_1544.txt
[2026-05-16 18:14:36] [Writer] 全部完成
[2026-05-16 18:14:38] [Writer] 全部完成
[2026-05-16 18:14:40] [Writer] 第1532章已保存（4377字） -> D:\AiProject\Node\novels\chapters\chapter_1532.txt
[2026-05-16 18:14:42] [Writer] 全部完成
[2026-05-16 18:14:46] [Writer] 第1534章已保存（4165字） -> D:\AiProject\Node\novels\chapters\chapter_1534.txt
[2026-05-16 18:14:48] [Writer] 第1524章已保存（6056字） -> D:\AiProject\Node\novels\chapters\chapter_1524.txt
[2026-05-16 18:14:48] [Writer] 全部完成
[2026-05-16 18:14:50] [Writer] 全部完成
[2026-05-16 18:14:53] [Writer] 第1522章已保存（4988字） -> D:\AiProject\Node\novels\chapters\chapter_1522.txt
[2026-05-16 18:14:54] [Writer] 第1559章已保存（4654字） -> D:\AiProject\Node\novels\chapters\chapter_1559.txt
[2026-05-16 18:14:55] [Writer] 全部完成
[2026-05-16 18:14:55] [Writer] 第1540章已保存（5645字） -> D:\AiProject\Node\novels\chapters\chapter_1540.txt
[2026-05-16 18:14:56] [Writer] 正在生成第1560章...
[2026-05-16 18:14:57] [Writer] 全部完成
[2026-05-16 18:14:58] [Writer] 第1546章已保存（5876字） -> D:\AiProject\Node\novels\chapters\chapter_1546.txt
[2026-05-16 18:14:58] [Writer] 第1538章已保存（5516字） -> D:\AiProject\Node\novels\chapters\chapter_1538.txt
[2026-05-16 18:15:00] [Writer] 全部完成
[2026-05-16 18:15:00] [Writer] 全部完成
[2026-05-16 18:15:01] [Writer] 第1536章已保存（5514字） -> D:\AiProject\Node\novels\chapters\chapter_1536.txt
[2026-05-16 18:15:01] [Writer] 第1552章已保存（5333字） -> D:\AiProject\Node\novels\chapters\chapter_1552.txt
[2026-05-16 18:15:03] [Writer] 全部完成
[2026-05-16 18:15:03] [Writer] 全部完成
[2026-05-16 18:15:06] [Writer] 第1558章已保存（6429字） -> D:\AiProject\Node\novels\chapters\chapter_1558.txt
[2026-05-16 18:15:07] [Writer] 第1542章已保存（5024字） -> D:\AiProject\Node\novels\chapters\chapter_1542.txt
[2026-05-16 18:15:07] [Writer] 第1554章已保存（6361字） -> D:\AiProject\Node\novels\chapters\chapter_1554.txt
[2026-05-16 18:15:07] [Writer] 第1556章已保存（3233字） -> D:\AiProject\Node\novels\chapters\chapter_1556.txt
[2026-05-16 18:15:08] [Writer] 全部完成
[2026-05-16 18:15:09] [Writer] 全部完成
[2026-05-16 18:15:09] [Writer] 全部完成
[2026-05-16 18:15:09] [Writer] 全部完成
[2026-05-16 18:15:17] [Writer] 第1526章已保存（4640字） -> D:\AiProject\Node\novels\chapters\chapter_1526.txt
[2026-05-16 18:15:19] [Writer] 全部完成
[2026-05-16 18:15:23] [Writer] 第1528章已保存（4758字） -> D:\AiProject\Node\novels\chapters\chapter_1528.txt
[2026-05-16 18:15:25] [Writer] 全部完成
[2026-05-16 18:15:47] [Writer] 第1550章已保存（5809字） -> D:\AiProject\Node\novels\chapters\chapter_1550.txt
[2026-05-16 18:15:49] [Writer] 全部完成
[2026-05-16 18:16:01] [Writer] 第1560章已保存（4865字） -> D:\AiProject\Node\novels\chapters\chapter_1560.txt
[2026-05-16 18:16:03] [Writer] 全部完成
[2026-05-16 18:17:27] [Writer] 正在生成第1561章...
[2026-05-16 18:17:27] [Writer] 正在生成第1565章...
[2026-05-16 18:17:28] [Writer] 正在生成第1569章...
[2026-05-16 18:17:28] [Writer] 正在生成第1567章...
[2026-05-16 18:17:28] [Writer] 正在生成第1563章...
[2026-05-16 18:17:28] [Writer] 正在生成第1571章...
[2026-05-16 18:17:28] [Writer] 正在生成第1573章...
[2026-05-16 18:17:28] [Writer] 正在生成第1581章...
[2026-05-16 18:17:28] [Writer] 正在生成第1577章...
[2026-05-16 18:17:28] [Writer] 正在生成第1579章...
[2026-05-16 18:17:28] [Writer] 正在生成第1575章...
[2026-05-16 18:17:28] [Writer] 正在生成第1589章...
[2026-05-16 18:17:28] [Writer] 正在生成第1583章...
[2026-05-16 18:17:28] [Writer] 正在生成第1587章...
[2026-05-16 18:17:28] [Writer] 正在生成第1595章...
[2026-05-16 18:17:28] [Writer] 正在生成第1585章...
[2026-05-16 18:17:28] [Writer] 正在生成第1597章...
[2026-05-16 18:17:28] [Writer] 正在生成第1599章...
[2026-05-16 18:17:28] [Writer] 正在生成第1591章...
[2026-05-16 18:17:28] [Writer] 正在生成第1593章...
[2026-05-16 18:18:24] [Writer] 第1599章已保存（3784字） -> D:\AiProject\Node\novels\chapters\chapter_1599.txt
[2026-05-16 18:18:26] [Writer] 第1567章已保存（4374字） -> D:\AiProject\Node\novels\chapters\chapter_1567.txt
[2026-05-16 18:18:26] [Writer] 正在生成第1600章...
[2026-05-16 18:18:26] [Writer] 第1585章已保存（4271字） -> D:\AiProject\Node\novels\chapters\chapter_1585.txt
[2026-05-16 18:18:27] [Writer] 第1593章已保存（3368字） -> D:\AiProject\Node\novels\chapters\chapter_1593.txt
[2026-05-16 18:18:28] [Writer] 正在生成第1568章...
[2026-05-16 18:18:28] [Writer] 第1583章已保存（4275字） -> D:\AiProject\Node\novels\chapters\chapter_1583.txt
[2026-05-16 18:18:28] [Writer] 第1571章已保存（4232字） -> D:\AiProject\Node\novels\chapters\chapter_1571.txt
[2026-05-16 18:18:28] [Writer] 正在生成第1586章...
[2026-05-16 18:18:28] [Writer] 第1563章已保存（4755字） -> D:\AiProject\Node\novels\chapters\chapter_1563.txt
[2026-05-16 18:18:29] [Writer] 正在生成第1594章...
[2026-05-16 18:18:29] [Writer] 第1591章已保存（4654字） -> D:\AiProject\Node\novels\chapters\chapter_1591.txt
[2026-05-16 18:18:29] [Writer] 第1575章已保存（4626字） -> D:\AiProject\Node\novels\chapters\chapter_1575.txt
[2026-05-16 18:18:30] [Writer] 第1595章已保存（4780字） -> D:\AiProject\Node\novels\chapters\chapter_1595.txt
[2026-05-16 18:18:30] [Writer] 正在生成第1584章...
[2026-05-16 18:18:30] [Writer] 正在生成第1572章...
[2026-05-16 18:18:30] [Writer] 正在生成第1564章...
[2026-05-16 18:18:31] [Writer] 正在生成第1592章...
[2026-05-16 18:18:31] [Writer] 正在生成第1576章...
[2026-05-16 18:18:32] [Writer] 正在生成第1596章...
[2026-05-16 18:18:34] [Writer] 第1579章已保存（4722字） -> D:\AiProject\Node\novels\chapters\chapter_1579.txt
[2026-05-16 18:18:36] [Writer] 第1589章已保存（5263字） -> D:\AiProject\Node\novels\chapters\chapter_1589.txt
[2026-05-16 18:18:36] [Writer] 第1565章已保存（5004字） -> D:\AiProject\Node\novels\chapters\chapter_1565.txt
[2026-05-16 18:18:36] [Writer] 第1581章已保存（5229字） -> D:\AiProject\Node\novels\chapters\chapter_1581.txt
[2026-05-16 18:18:36] [Writer] 正在生成第1580章...
[2026-05-16 18:18:37] [Writer] 第1587章已保存（4462字） -> D:\AiProject\Node\novels\chapters\chapter_1587.txt
[2026-05-16 18:18:38] [Writer] 正在生成第1590章...
[2026-05-16 18:18:38] [Writer] 正在生成第1566章...
[2026-05-16 18:18:38] [Writer] 正在生成第1582章...
[2026-05-16 18:18:39] [Writer] 正在生成第1588章...
[2026-05-16 18:18:39] [Writer] 第1573章已保存（5923字） -> D:\AiProject\Node\novels\chapters\chapter_1573.txt
[2026-05-16 18:18:40] [Writer] 第1569章已保存（5336字） -> D:\AiProject\Node\novels\chapters\chapter_1569.txt
[2026-05-16 18:18:41] [Writer] 正在生成第1574章...
[2026-05-16 18:18:42] [Writer] 正在生成第1570章...
[2026-05-16 18:18:49] [Writer] 第1597章已保存（6290字） -> D:\AiProject\Node\novels\chapters\chapter_1597.txt
[2026-05-16 18:18:51] [Writer] 正在生成第1598章...
[2026-05-16 18:18:52] [Writer] 第1561章生成失败，重试(1/3)...
[2026-05-16 18:18:53] [Writer] 第1577章已保存（6256字） -> D:\AiProject\Node\novels\chapters\chapter_1577.txt
[2026-05-16 18:18:55] [Writer] 正在生成第1578章...
[2026-05-16 18:18:57] [Writer] 正在生成第1561章...
[2026-05-16 18:18:58] [Writer] 第1564章已保存（2078字） -> D:\AiProject\Node\novels\chapters\chapter_1564.txt
[2026-05-16 18:19:00] [Writer] 全部完成
[2026-05-16 18:19:02] [Writer] 第1596章已保存（2368字） -> D:\AiProject\Node\novels\chapters\chapter_1596.txt
[2026-05-16 18:19:04] [Writer] 全部完成
[2026-05-16 18:19:18] [Writer] 第1584章已保存（3404字） -> D:\AiProject\Node\novels\chapters\chapter_1584.txt
[2026-05-16 18:19:20] [Writer] 全部完成
[2026-05-16 18:19:22] [Writer] 第1568章已保存（3955字） -> D:\AiProject\Node\novels\chapters\chapter_1568.txt
[2026-05-16 18:19:24] [Writer] 全部完成
[2026-05-16 18:19:31] [Writer] 第1572章已保存（4561字） -> D:\AiProject\Node\novels\chapters\chapter_1572.txt
[2026-05-16 18:19:33] [Writer] 全部完成
[2026-05-16 18:19:33] [Writer] 第1600章已保存（5420字） -> D:\AiProject\Node\novels\chapters\chapter_1600.txt
[2026-05-16 18:19:34] [Writer] 第1576章已保存（4584字） -> D:\AiProject\Node\novels\chapters\chapter_1576.txt
[2026-05-16 18:19:35] [Writer] 全部完成
[2026-05-16 18:19:35] [Writer] 第1594章已保存（5479字） -> D:\AiProject\Node\novels\chapters\chapter_1594.txt
[2026-05-16 18:19:36] [Writer] 全部完成
[2026-05-16 18:19:37] [Writer] 全部完成
[2026-05-16 18:19:42] [Writer] 第1566章已保存（4856字） -> D:\AiProject\Node\novels\chapters\chapter_1566.txt
[2026-05-16 18:19:42] [Writer] 第1592章已保存（4588字） -> D:\AiProject\Node\novels\chapters\chapter_1592.txt
[2026-05-16 18:19:44] [Writer] 全部完成
[2026-05-16 18:19:44] [Writer] 全部完成
[2026-05-16 18:19:44] [Writer] 第1580章已保存（5203字） -> D:\AiProject\Node\novels\chapters\chapter_1580.txt
[2026-05-16 18:19:46] [Writer] 全部完成
[2026-05-16 18:19:51] [Writer] 第1588章已保存（5150字） -> D:\AiProject\Node\novels\chapters\chapter_1588.txt
[2026-05-16 18:19:53] [Writer] 第1582章已保存（5458字） -> D:\AiProject\Node\novels\chapters\chapter_1582.txt
[2026-05-16 18:19:53] [Writer] 全部完成
[2026-05-16 18:19:54] [Writer] 第1586章已保存（7649字） -> D:\AiProject\Node\novels\chapters\chapter_1586.txt
[2026-05-16 18:19:55] [Writer] 全部完成
[2026-05-16 18:19:56] [Writer] 全部完成
[2026-05-16 18:19:58] [Writer] 第1578章已保存（4427字） -> D:\AiProject\Node\novels\chapters\chapter_1578.txt
[2026-05-16 18:19:58] [Writer] 第1590章已保存（5845字） -> D:\AiProject\Node\novels\chapters\chapter_1590.txt
[2026-05-16 18:19:59] [Writer] 第1561章已保存（4533字） -> D:\AiProject\Node\novels\chapters\chapter_1561.txt
[2026-05-16 18:20:00] [Writer] 全部完成
[2026-05-16 18:20:00] [Writer] 全部完成
[2026-05-16 18:20:01] [Writer] 正在生成第1562章...
[2026-05-16 18:20:04] [Writer] 第1574章已保存（6440字） -> D:\AiProject\Node\novels\chapters\chapter_1574.txt
[2026-05-16 18:20:06] [Writer] 全部完成
[2026-05-16 18:20:16] [Writer] 第1598章已保存（6499字） -> D:\AiProject\Node\novels\chapters\chapter_1598.txt
[2026-05-16 18:20:18] [Writer] 全部完成
[2026-05-16 18:20:24] [Writer] 第1570章已保存（5785字） -> D:\AiProject\Node\novels\chapters\chapter_1570.txt
[2026-05-16 18:20:26] [Writer] 全部完成
[2026-05-16 18:21:09] [Writer] 第1562章已保存（4996字） -> D:\AiProject\Node\novels\chapters\chapter_1562.txt
[2026-05-16 18:21:11] [Writer] 全部完成
[2026-05-16 18:22:30] [Writer] 正在生成第1605章...
[2026-05-16 18:22:30] [Writer] 正在生成第1603章...
[2026-05-16 18:22:30] [Writer] 正在生成第1601章...
[2026-05-16 18:22:30] [Writer] 正在生成第1609章...
[2026-05-16 18:22:30] [Writer] 正在生成第1611章...
[2026-05-16 18:22:30] [Writer] 正在生成第1615章...
[2026-05-16 18:22:30] [Writer] 正在生成第1607章...
[2026-05-16 18:22:30] [Writer] 正在生成第1613章...
[2026-05-16 18:22:30] [Writer] 正在生成第1617章...
[2026-05-16 18:22:31] [Writer] 正在生成第1629章...
[2026-05-16 18:22:31] [Writer] 正在生成第1623章...
[2026-05-16 18:22:31] [Writer] 正在生成第1619章...
[2026-05-16 18:22:31] [Writer] 正在生成第1633章...
[2026-05-16 18:22:31] [Writer] 正在生成第1625章...
[2026-05-16 18:22:31] [Writer] 正在生成第1627章...
[2026-05-16 18:22:31] [Writer] 正在生成第1635章...
[2026-05-16 18:22:31] [Writer] 正在生成第1621章...
[2026-05-16 18:22:31] [Writer] 正在生成第1639章...
[2026-05-16 18:22:31] [Writer] 正在生成第1631章...
[2026-05-16 18:22:31] [Writer] 正在生成第1637章...
[2026-05-16 18:23:29] [Writer] 第1623章已保存（4415字） -> D:\AiProject\Node\novels\chapters\chapter_1623.txt
[2026-05-16 18:23:30] [Writer] 第1615章已保存（4274字） -> D:\AiProject\Node\novels\chapters\chapter_1615.txt
[2026-05-16 18:23:31] [Writer] 第1619章已保存（4041字） -> D:\AiProject\Node\novels\chapters\chapter_1619.txt
[2026-05-16 18:23:31] [Writer] 正在生成第1624章...
[2026-05-16 18:23:31] [Writer] 第1617章已保存（4516字） -> D:\AiProject\Node\novels\chapters\chapter_1617.txt
[2026-05-16 18:23:32] [Writer] 第1605章已保存（4073字） -> D:\AiProject\Node\novels\chapters\chapter_1605.txt
[2026-05-16 18:23:32] [Writer] 正在生成第1616章...
[2026-05-16 18:23:33] [Writer] 正在生成第1620章...
[2026-05-16 18:23:33] [Writer] 正在生成第1618章...
[2026-05-16 18:23:34] [Writer] 正在生成第1606章...
[2026-05-16 18:23:34] [Writer] 第1635章已保存（4709字） -> D:\AiProject\Node\novels\chapters\chapter_1635.txt
[2026-05-16 18:23:35] [Writer] 第1603章已保存（4731字） -> D:\AiProject\Node\novels\chapters\chapter_1603.txt
[2026-05-16 18:23:35] [Writer] 第1621章已保存（4680字） -> D:\AiProject\Node\novels\chapters\chapter_1621.txt
[2026-05-16 18:23:36] [Writer] 正在生成第1636章...
[2026-05-16 18:23:37] [Writer] 正在生成第1604章...
[2026-05-16 18:23:37] [Writer] 正在生成第1622章...
[2026-05-16 18:23:38] [Writer] 第1613章已保存（4874字） -> D:\AiProject\Node\novels\chapters\chapter_1613.txt
[2026-05-16 18:23:38] [Writer] 第1639章已保存（4728字） -> D:\AiProject\Node\novels\chapters\chapter_1639.txt
[2026-05-16 18:23:40] [Writer] 第1625章已保存（4786字） -> D:\AiProject\Node\novels\chapters\chapter_1625.txt
[2026-05-16 18:23:40] [Writer] 正在生成第1614章...
[2026-05-16 18:23:40] [Writer] 正在生成第1640章...
[2026-05-16 18:23:40] [Writer] 第1629章已保存（5372字） -> D:\AiProject\Node\novels\chapters\chapter_1629.txt
[2026-05-16 18:23:42] [Writer] 正在生成第1626章...
[2026-05-16 18:23:42] [Writer] 正在生成第1630章...
[2026-05-16 18:23:44] [Writer] 第1627章已保存（4863字） -> D:\AiProject\Node\novels\chapters\chapter_1627.txt
[2026-05-16 18:23:44] [Writer] 第1637章已保存（4967字） -> D:\AiProject\Node\novels\chapters\chapter_1637.txt
[2026-05-16 18:23:45] [Writer] 第1609章已保存（4794字） -> D:\AiProject\Node\novels\chapters\chapter_1609.txt
[2026-05-16 18:23:46] [Writer] 正在生成第1628章...
[2026-05-16 18:23:46] [Writer] 正在生成第1638章...
[2026-05-16 18:23:47] [Writer] 正在生成第1610章...
[2026-05-16 18:23:47] [Writer] 第1611章已保存（5486字） -> D:\AiProject\Node\novels\chapters\chapter_1611.txt
[2026-05-16 18:23:47] [Writer] 第1607章已保存（5746字） -> D:\AiProject\Node\novels\chapters\chapter_1607.txt
[2026-05-16 18:23:49] [Writer] 正在生成第1612章...
[2026-05-16 18:23:49] [Writer] 正在生成第1608章...
[2026-05-16 18:23:51] [Writer] 第1633章已保存（5107字） -> D:\AiProject\Node\novels\chapters\chapter_1633.txt
[2026-05-16 18:23:51] [Writer] 第1631章已保存（5633字） -> D:\AiProject\Node\novels\chapters\chapter_1631.txt
[2026-05-16 18:23:53] [Writer] 正在生成第1634章...
[2026-05-16 18:23:53] [Writer] 正在生成第1632章...
[2026-05-16 18:24:08] [Writer] 第1601章已保存（7382字） -> D:\AiProject\Node\novels\chapters\chapter_1601.txt
[2026-05-16 18:24:10] [Writer] 正在生成第1602章...
[2026-05-16 18:24:20] [Writer] 第1624章已保存（3560字） -> D:\AiProject\Node\novels\chapters\chapter_1624.txt
[2026-05-16 18:24:22] [Writer] 全部完成
[2026-05-16 18:24:24] [Writer] 第1636章已保存（3325字） -> D:\AiProject\Node\novels\chapters\chapter_1636.txt
[2026-05-16 18:24:26] [Writer] 全部完成
[2026-05-16 18:24:30] [Writer] 第1616章已保存（4882字） -> D:\AiProject\Node\novels\chapters\chapter_1616.txt
[2026-05-16 18:24:32] [Writer] 全部完成
[2026-05-16 18:24:34] [Writer] 第1640章已保存（4045字） -> D:\AiProject\Node\novels\chapters\chapter_1640.txt
[2026-05-16 18:24:36] [Writer] 第1614章已保存（4332字） -> D:\AiProject\Node\novels\chapters\chapter_1614.txt
[2026-05-16 18:24:36] [Writer] 全部完成
[2026-05-16 18:24:38] [Writer] 第1604章已保存（4628字） -> D:\AiProject\Node\novels\chapters\chapter_1604.txt
[2026-05-16 18:24:38] [Writer] 全部完成
[2026-05-16 18:24:39] [Writer] 第1622章已保存（4877字） -> D:\AiProject\Node\novels\chapters\chapter_1622.txt
[2026-05-16 18:24:39] [Writer] 第1612章已保存（3570字） -> D:\AiProject\Node\novels\chapters\chapter_1612.txt
[2026-05-16 18:24:40] [Writer] 全部完成
[2026-05-16 18:24:41] [Writer] 全部完成
[2026-05-16 18:24:41] [Writer] 第1620章已保存（4828字） -> D:\AiProject\Node\novels\chapters\chapter_1620.txt
[2026-05-16 18:24:41] [Writer] 全部完成
[2026-05-16 18:24:43] [Writer] 全部完成
[2026-05-16 18:24:46] [Writer] 第1606章已保存（5443字） -> D:\AiProject\Node\novels\chapters\chapter_1606.txt
[2026-05-16 18:24:46] [Writer] 第1626章已保存（5095字） -> D:\AiProject\Node\novels\chapters\chapter_1626.txt
[2026-05-16 18:24:48] [Writer] 全部完成
[2026-05-16 18:24:48] [Writer] 全部完成
[2026-05-16 18:24:51] [Writer] 第1618章已保存（5419字） -> D:\AiProject\Node\novels\chapters\chapter_1618.txt
[2026-05-16 18:24:52] [Writer] 第1630章已保存（5074字） -> D:\AiProject\Node\novels\chapters\chapter_1630.txt
[2026-05-16 18:24:53] [Writer] 全部完成
[2026-05-16 18:24:54] [Writer] 全部完成
[2026-05-16 18:24:55] [Writer] 第1628章已保存（4748字） -> D:\AiProject\Node\novels\chapters\chapter_1628.txt
[2026-05-16 18:24:57] [Writer] 全部完成
[2026-05-16 18:24:59] [Writer] 第1610章已保存（5538字） -> D:\AiProject\Node\novels\chapters\chapter_1610.txt
[2026-05-16 18:25:00] [Writer] 第1608章已保存（5034字） -> D:\AiProject\Node\novels\chapters\chapter_1608.txt
[2026-05-16 18:25:01] [Writer] 全部完成
[2026-05-16 18:25:02] [Writer] 全部完成
[2026-05-16 18:25:03] [Writer] 第1638章已保存（5186字） -> D:\AiProject\Node\novels\chapters\chapter_1638.txt
[2026-05-16 18:25:05] [Writer] 全部完成
[2026-05-16 18:25:12] [Writer] 第1632章已保存（6235字） -> D:\AiProject\Node\novels\chapters\chapter_1632.txt
[2026-05-16 18:25:14] [Writer] 全部完成
[2026-05-16 18:25:18] [Writer] 第1634章已保存（5737字） -> D:\AiProject\Node\novels\chapters\chapter_1634.txt
[2026-05-16 18:25:20] [Writer] 全部完成
[2026-05-16 18:25:26] [Writer] 第1602章已保存（5976字） -> D:\AiProject\Node\novels\chapters\chapter_1602.txt
[2026-05-16 18:25:28] [Writer] 全部完成
[2026-05-16 18:26:53] [Writer] 正在生成第1647章...
[2026-05-16 18:26:53] [Writer] 正在生成第1643章...
[2026-05-16 18:26:53] [Writer] 正在生成第1641章...
[2026-05-16 18:26:53] [Writer] 正在生成第1651章...
[2026-05-16 18:26:53] [Writer] 正在生成第1653章...
[2026-05-16 18:26:53] [Writer] 正在生成第1645章...
[2026-05-16 18:26:53] [Writer] 正在生成第1655章...
[2026-05-16 18:26:53] [Writer] 正在生成第1669章...
[2026-05-16 18:26:53] [Writer] 正在生成第1659章...
[2026-05-16 18:26:53] [Writer] 正在生成第1661章...
[2026-05-16 18:26:53] [Writer] 正在生成第1671章...
[2026-05-16 18:26:53] [Writer] 正在生成第1665章...
[2026-05-16 18:26:53] [Writer] 正在生成第1677章...
[2026-05-16 18:26:53] [Writer] 正在生成第1667章...
[2026-05-16 18:26:53] [Writer] 正在生成第1675章...
[2026-05-16 18:26:53] [Writer] 正在生成第1673章...
[2026-05-16 18:26:53] [Writer] 正在生成第1679章...
[2026-05-16 18:27:41] [Writer] 第1667章已保存（3476字） -> D:\AiProject\Node\novels\chapters\chapter_1667.txt
[2026-05-16 18:27:43] [Writer] 正在生成第1668章...
[2026-05-16 18:27:45] [Writer] 第1651章已保存（3445字） -> D:\AiProject\Node\novels\chapters\chapter_1651.txt
[2026-05-16 18:27:47] [Writer] 正在生成第1652章...
[2026-05-16 18:27:49] [Writer] 第1657章已保存（3582字） -> D:\AiProject\Node\novels\chapters\chapter_1657.txt
[2026-05-16 18:27:50] [Writer] 第1673章已保存（4214字） -> D:\AiProject\Node\novels\chapters\chapter_1673.txt
[2026-05-16 18:27:50] [Writer] 第1679章已保存（4168字） -> D:\AiProject\Node\novels\chapters\chapter_1679.txt
[2026-05-16 18:27:51] [Writer] 正在生成第1658章...
[2026-05-16 18:27:51] [Writer] 第1677章已保存（4457字） -> D:\AiProject\Node\novels\chapters\chapter_1677.txt
[2026-05-16 18:27:52] [Writer] 正在生成第1674章...
[2026-05-16 18:27:52] [Writer] 正在生成第1680章...
[2026-05-16 18:27:53] [Writer] 正在生成第1678章...
[2026-05-16 18:27:54] [Writer] 第1641章已保存（4297字） -> D:\AiProject\Node\novels\chapters\chapter_1641.txt
[2026-05-16 18:27:56] [Writer] 第1659章已保存（4022字） -> D:\AiProject\Node\novels\chapters\chapter_1659.txt
[2026-05-16 18:27:56] [Writer] 正在生成第1642章...
[2026-05-16 18:27:58] [Writer] 第1643章已保存（4952字） -> D:\AiProject\Node\novels\chapters\chapter_1643.txt
[2026-05-16 18:27:58] [Writer] 正在生成第1660章...
[2026-05-16 18:28:00] [Writer] 正在生成第1644章...
[2026-05-16 18:28:00] [Writer] 第1655章已保存（5045字） -> D:\AiProject\Node\novels\chapters\chapter_1655.txt
[2026-05-16 18:28:02] [Writer] 第1675章已保存（4794字） -> D:\AiProject\Node\novels\chapters\chapter_1675.txt
[2026-05-16 18:28:02] [Writer] 正在生成第1656章...
[2026-05-16 18:28:03] [Writer] 第1645章已保存（4966字） -> D:\AiProject\Node\novels\chapters\chapter_1645.txt
[2026-05-16 18:28:04] [Writer] 正在生成第1676章...
[2026-05-16 18:28:05] [Writer] 正在生成第1646章...
[2026-05-16 18:28:07] [Writer] 第1671章已保存（5352字） -> D:\AiProject\Node\novels\chapters\chapter_1671.txt
[2026-05-16 18:28:09] [Writer] 正在生成第1672章...
[2026-05-16 18:28:09] [Writer] 第1665章已保存（5976字） -> D:\AiProject\Node\novels\chapters\chapter_1665.txt
[2026-05-16 18:28:10] [Writer] 第1661章已保存（5658字） -> D:\AiProject\Node\novels\chapters\chapter_1661.txt
[2026-05-16 18:28:11] [Writer] 第1669章已保存（5914字） -> D:\AiProject\Node\novels\chapters\chapter_1669.txt
[2026-05-16 18:28:11] [Writer] 正在生成第1666章...
[2026-05-16 18:28:12] [Writer] 正在生成第1662章...
[2026-05-16 18:28:13] [Writer] 正在生成第1670章...
[2026-05-16 18:28:18] [Writer] 第1663章已保存（5916字） -> D:\AiProject\Node\novels\chapters\chapter_1663.txt
[2026-05-16 18:28:20] [Writer] 正在生成第1664章...
[2026-05-16 18:28:21] [Writer] 第1649章已保存（6533字） -> D:\AiProject\Node\novels\chapters\chapter_1649.txt
[2026-05-16 18:28:23] [Writer] 正在生成第1650章...
[2026-05-16 18:28:29] [Writer] 第1668章已保存（3258字） -> D:\AiProject\Node\novels\chapters\chapter_1668.txt
[2026-05-16 18:28:31] [Writer] 全部完成
[2026-05-16 18:28:36] [Writer] 第1647章已保存（7169字） -> D:\AiProject\Node\novels\chapters\chapter_1647.txt
[2026-05-16 18:28:37] [Writer] 第1658章已保存（3546字） -> D:\AiProject\Node\novels\chapters\chapter_1658.txt
[2026-05-16 18:28:38] [Writer] 正在生成第1648章...
[2026-05-16 18:28:39] [Writer] 全部完成
[2026-05-16 18:28:41] [Writer] 第1653章已保存（5054字） -> D:\AiProject\Node\novels\chapters\chapter_1653.txt
[2026-05-16 18:28:43] [Writer] 正在生成第1654章...
[2026-05-16 18:28:47] [Writer] 第1674章已保存（4493字） -> D:\AiProject\Node\novels\chapters\chapter_1674.txt
[2026-05-16 18:28:47] [Writer] 第1646章已保存（2891字） -> D:\AiProject\Node\novels\chapters\chapter_1646.txt
[2026-05-16 18:28:49] [Writer] 全部完成
[2026-05-16 18:28:49] [Writer] 全部完成
[2026-05-16 18:28:57] [Writer] 第1644章已保存（4381字） -> D:\AiProject\Node\novels\chapters\chapter_1644.txt
[2026-05-16 18:28:59] [Writer] 全部完成
[2026-05-16 18:29:00] [Writer] 第1642章已保存（5084字） -> D:\AiProject\Node\novels\chapters\chapter_1642.txt
[2026-05-16 18:29:02] [Writer] 全部完成
[2026-05-16 18:29:11] [Writer] 第1656章已保存（5363字） -> D:\AiProject\Node\novels\chapters\chapter_1656.txt
[2026-05-16 18:29:13] [Writer] 全部完成
[2026-05-16 18:29:13] [Writer] 第1676章已保存（4831字） -> D:\AiProject\Node\novels\chapters\chapter_1676.txt
[2026-05-16 18:29:14] [Writer] 第1652章已保存（6750字） -> D:\AiProject\Node\novels\chapters\chapter_1652.txt
[2026-05-16 18:29:15] [Writer] 第1680章已保存（5994字） -> D:\AiProject\Node\novels\chapters\chapter_1680.txt
[2026-05-16 18:29:15] [Writer] 全部完成
[2026-05-16 18:29:16] [Writer] 全部完成
[2026-05-16 18:29:17] [Writer] 第1670章已保存（5161字） -> D:\AiProject\Node\novels\chapters\chapter_1670.txt
[2026-05-16 18:29:17] [Writer] 全部完成
[2026-05-16 18:29:18] [Writer] 第1664章生成失败，重试(1/3)...
[2026-05-16 18:29:19] [Writer] 全部完成
[2026-05-16 18:29:21] [Writer] 第1662章已保存（4801字） -> D:\AiProject\Node\novels\chapters\chapter_1662.txt
[2026-05-16 18:29:23] [Writer] 正在生成第1664章...
[2026-05-16 18:29:23] [Writer] 全部完成
[2026-05-16 18:29:24] [Writer] 第1672章已保存（5483字） -> D:\AiProject\Node\novels\chapters\chapter_1672.txt
[2026-05-16 18:29:25] [Writer] 第1666章已保存（5236字） -> D:\AiProject\Node\novels\chapters\chapter_1666.txt
[2026-05-16 18:29:25] [Writer] 第1678章已保存（7328字） -> D:\AiProject\Node\novels\chapters\chapter_1678.txt
[2026-05-16 18:29:26] [Writer] 全部完成
[2026-05-16 18:29:27] [Writer] 全部完成
[2026-05-16 18:29:27] [Writer] 全部完成
[2026-05-16 18:29:41] [Writer] 第1654章已保存（4143字） -> D:\AiProject\Node\novels\chapters\chapter_1654.txt
[2026-05-16 18:29:43] [Writer] 全部完成
[2026-05-16 18:29:48] [Writer] 第1648章已保存（5089字） -> D:\AiProject\Node\novels\chapters\chapter_1648.txt
[2026-05-16 18:29:50] [Writer] 全部完成
[2026-05-16 18:30:04] [Writer] 第1660章已保存（10442字） -> D:\AiProject\Node\novels\chapters\chapter_1660.txt
[2026-05-16 18:30:06] [Writer] 全部完成
[2026-05-16 18:30:08] [Writer] 第1650章已保存（8896字） -> D:\AiProject\Node\novels\chapters\chapter_1650.txt
[2026-05-16 18:30:10] [Writer] 全部完成
[2026-05-16 18:30:27] [Writer] 第1664章已保存（5336字） -> D:\AiProject\Node\novels\chapters\chapter_1664.txt
[2026-05-16 18:30:29] [Writer] 全部完成
[2026-05-16 18:31:54] [Writer] 正在生成第1681章...
[2026-05-16 18:31:54] [Writer] 正在生成第1685章...
[2026-05-16 18:31:54] [Writer] 正在生成第1691章...
[2026-05-16 18:31:54] [Writer] 正在生成第1683章...
[2026-05-16 18:31:54] [Writer] 正在生成第1687章...
[2026-05-16 18:31:54] [Writer] 正在生成第1693章...
[2026-05-16 18:31:54] [Writer] 正在生成第1705章...
[2026-05-16 18:31:54] [Writer] 正在生成第1695章...
[2026-05-16 18:31:54] [Writer] 正在生成第1689章...
[2026-05-16 18:31:54] [Writer] 正在生成第1699章...
[2026-05-16 18:31:54] [Writer] 正在生成第1707章...
[2026-05-16 18:31:54] [Writer] 正在生成第1703章...
[2026-05-16 18:31:54] [Writer] 正在生成第1701章...
[2026-05-16 18:31:54] [Writer] 正在生成第1715章...
[2026-05-16 18:31:54] [Writer] 正在生成第1719章...
[2026-05-16 18:31:54] [Writer] 正在生成第1711章...
[2026-05-16 18:31:54] [Writer] 正在生成第1713章...
[2026-05-16 18:31:54] [Writer] 正在生成第1709章...
[2026-05-16 18:31:54] [Writer] 正在生成第1697章...
[2026-05-16 18:31:54] [Writer] 正在生成第1717章...
[2026-05-16 18:32:43] [Writer] 第1683章已保存（3636字） -> D:\AiProject\Node\novels\chapters\chapter_1683.txt
[2026-05-16 18:32:45] [Writer] 正在生成第1684章...
[2026-05-16 18:32:49] [Writer] 第1709章已保存（3997字） -> D:\AiProject\Node\novels\chapters\chapter_1709.txt
[2026-05-16 18:32:51] [Writer] 正在生成第1710章...
[2026-05-16 18:32:51] [Writer] 第1685章已保存（4041字） -> D:\AiProject\Node\novels\chapters\chapter_1685.txt
[2026-05-16 18:32:53] [Writer] 正在生成第1686章...
[2026-05-16 18:32:54] [Writer] 第1705章已保存（4618字） -> D:\AiProject\Node\novels\chapters\chapter_1705.txt
[2026-05-16 18:32:57] [Writer] 正在生成第1706章...
[2026-05-16 18:32:57] [Writer] 第1687章已保存（4594字） -> D:\AiProject\Node\novels\chapters\chapter_1687.txt
[2026-05-16 18:32:57] [Writer] 第1689章已保存（4654字） -> D:\AiProject\Node\novels\chapters\chapter_1689.txt
[2026-05-16 18:32:58] [Writer] 第1719章已保存（4536字） -> D:\AiProject\Node\novels\chapters\chapter_1719.txt
[2026-05-16 18:32:58] [Writer] 第1717章已保存（4764字） -> D:\AiProject\Node\novels\chapters\chapter_1717.txt
[2026-05-16 18:32:59] [Writer] 正在生成第1688章...
[2026-05-16 18:32:59] [Writer] 第1699章已保存（4672字） -> D:\AiProject\Node\novels\chapters\chapter_1699.txt
[2026-05-16 18:32:59] [Writer] 正在生成第1690章...
[2026-05-16 18:33:00] [Writer] 第1697章已保存（4650字） -> D:\AiProject\Node\novels\chapters\chapter_1697.txt
[2026-05-16 18:33:00] [Writer] 正在生成第1720章...
[2026-05-16 18:33:00] [Writer] 正在生成第1718章...
[2026-05-16 18:33:01] [Writer] 正在生成第1700章...
[2026-05-16 18:33:02] [Writer] 正在生成第1698章...
[2026-05-16 18:33:03] [Writer] 第1701章已保存（5112字） -> D:\AiProject\Node\novels\chapters\chapter_1701.txt
[2026-05-16 18:33:05] [Writer] 正在生成第1702章...
[2026-05-16 18:33:07] [Writer] 第1691章已保存（5581字） -> D:\AiProject\Node\novels\chapters\chapter_1691.txt
[2026-05-16 18:33:08] [Writer] 第1693章已保存（5133字） -> D:\AiProject\Node\novels\chapters\chapter_1693.txt
[2026-05-16 18:33:08] [Writer] 第1695章已保存（5468字） -> D:\AiProject\Node\novels\chapters\chapter_1695.txt
[2026-05-16 18:33:08] [Writer] 第1681章已保存（6244字） -> D:\AiProject\Node\novels\chapters\chapter_1681.txt
[2026-05-16 18:33:09] [Writer] 正在生成第1692章...
[2026-05-16 18:33:10] [Writer] 正在生成第1694章...
[2026-05-16 18:33:10] [Writer] 正在生成第1696章...
[2026-05-16 18:33:10] [Writer] 正在生成第1682章...
[2026-05-16 18:33:13] [Writer] 第1707章已保存（5912字） -> D:\AiProject\Node\novels\chapters\chapter_1707.txt
[2026-05-16 18:33:13] [Writer] 第1713章已保存（5567字） -> D:\AiProject\Node\novels\chapters\chapter_1713.txt
[2026-05-16 18:33:15] [Writer] 第1703章已保存（5604字） -> D:\AiProject\Node\novels\chapters\chapter_1703.txt
[2026-05-16 18:33:15] [Writer] 正在生成第1708章...
[2026-05-16 18:33:15] [Writer] 正在生成第1714章...
[2026-05-16 18:33:17] [Writer] 正在生成第1704章...
[2026-05-16 18:33:30] [Writer] 第1715章已保存（6838字） -> D:\AiProject\Node\novels\chapters\chapter_1715.txt
[2026-05-16 18:33:32] [Writer] 正在生成第1716章...
[2026-05-16 18:33:47] [Writer] 第1710章已保存（3997字） -> D:\AiProject\Node\novels\chapters\chapter_1710.txt
[2026-05-16 18:33:49] [Writer] 全部完成
[2026-05-16 18:33:50] [Writer] 第1718章已保存（3967字） -> D:\AiProject\Node\novels\chapters\chapter_1718.txt
[2026-05-16 18:33:52] [Writer] 全部完成
[2026-05-16 18:33:54] [Writer] 第1686章已保存（4240字） -> D:\AiProject\Node\novels\chapters\chapter_1686.txt
[2026-05-16 18:33:56] [Writer] 全部完成
[2026-05-16 18:33:58] [Writer] 第1720章已保存（4323字） -> D:\AiProject\Node\novels\chapters\chapter_1720.txt
[2026-05-16 18:34:00] [Writer] 全部完成
[2026-05-16 18:34:03] [Writer] 第1711章已保存（10327字） -> D:\AiProject\Node\novels\chapters\chapter_1711.txt
[2026-05-16 18:34:03] [Writer] 第1700章已保存（5172字） -> D:\AiProject\Node\novels\chapters\chapter_1700.txt
[2026-05-16 18:34:05] [Writer] 正在生成第1712章...
[2026-05-16 18:34:05] [Writer] 全部完成
[2026-05-16 18:34:07] [Writer] 第1692章已保存（3697字） -> D:\AiProject\Node\novels\chapters\chapter_1692.txt
[2026-05-16 18:34:09] [Writer] 第1698章已保存（4887字） -> D:\AiProject\Node\novels\chapters\chapter_1698.txt
[2026-05-16 18:34:09] [Writer] 第1684章已保存（6823字） -> D:\AiProject\Node\novels\chapters\chapter_1684.txt
[2026-05-16 18:34:09] [Writer] 全部完成
[2026-05-16 18:34:10] [Writer] 第1714章已保存（3930字） -> D:\AiProject\Node\novels\chapters\chapter_1714.txt
[2026-05-16 18:34:11] [Writer] 全部完成
[2026-05-16 18:34:11] [Writer] 全部完成
[2026-05-16 18:34:12] [Writer] 第1704章已保存（4046字） -> D:\AiProject\Node\novels\chapters\chapter_1704.txt
[2026-05-16 18:34:12] [Writer] 全部完成
[2026-05-16 18:34:14] [Writer] 全部完成
[2026-05-16 18:34:14] [Writer] 第1708章已保存（4328字） -> D:\AiProject\Node\novels\chapters\chapter_1708.txt
[2026-05-16 18:34:16] [Writer] 全部完成
[2026-05-16 18:34:21] [Writer] 第1688章已保存（5249字） -> D:\AiProject\Node\novels\chapters\chapter_1688.txt
[2026-05-16 18:34:23] [Writer] 全部完成
[2026-05-16 18:34:26] [Writer] 第1682章已保存（5459字） -> D:\AiProject\Node\novels\chapters\chapter_1682.txt
[2026-05-16 18:34:27] [Writer] 第1690章已保存（6586字） -> D:\AiProject\Node\novels\chapters\chapter_1690.txt
[2026-05-16 18:34:28] [Writer] 全部完成
[2026-05-16 18:34:29] [Writer] 全部完成
[2026-05-16 18:34:29] [Writer] 第1702章已保存（6728字） -> D:\AiProject\Node\novels\chapters\chapter_1702.txt
[2026-05-16 18:34:31] [Writer] 全部完成
[2026-05-16 18:34:33] [Writer] 第1694章已保存（6120字） -> D:\AiProject\Node\novels\chapters\chapter_1694.txt
[2026-05-16 18:34:35] [Writer] 全部完成
[2026-05-16 18:34:40] [Writer] 第1706章已保存（8236字） -> D:\AiProject\Node\novels\chapters\chapter_1706.txt
[2026-05-16 18:34:42] [Writer] 全部完成
[2026-05-16 18:34:50] [Writer] 第1716章已保存（6129字） -> D:\AiProject\Node\novels\chapters\chapter_1716.txt
[2026-05-16 18:34:52] [Writer] 全部完成
[2026-05-16 18:34:54] [Writer] 第1696章已保存（8159字） -> D:\AiProject\Node\novels\chapters\chapter_1696.txt
[2026-05-16 18:34:56] [Writer] 全部完成
[2026-05-16 18:35:17] [Writer] 第1712章已保存（5371字） -> D:\AiProject\Node\novels\chapters\chapter_1712.txt
[2026-05-16 18:35:19] [Writer] 全部完成
[2026-05-16 18:36:46] [Writer] 正在生成第1727章...
[2026-05-16 18:36:46] [Writer] 正在生成第1721章...
[2026-05-16 18:36:46] [Writer] 正在生成第1723章...
[2026-05-16 18:36:46] [Writer] 正在生成第1731章...
[2026-05-16 18:36:46] [Writer] 正在生成第1729章...
[2026-05-16 18:36:46] [Writer] 正在生成第1725章...
[2026-05-16 18:36:46] [Writer] 正在生成第1737章...
[2026-05-16 18:36:46] [Writer] 正在生成第1735章...
[2026-05-16 18:36:46] [Writer] 正在生成第1747章...
[2026-05-16 18:36:46] [Writer] 正在生成第1745章...
[2026-05-16 18:36:46] [Writer] 正在生成第1733章...
[2026-05-16 18:36:46] [Writer] 正在生成第1741章...
[2026-05-16 18:36:46] [Writer] 正在生成第1753章...
[2026-05-16 18:36:46] [Writer] 正在生成第1743章...
[2026-05-16 18:36:46] [Writer] 正在生成第1755章...
[2026-05-16 18:36:46] [Writer] 正在生成第1739章...
[2026-05-16 18:36:46] [Writer] 正在生成第1749章...
[2026-05-16 18:36:46] [Writer] 正在生成第1757章...
[2026-05-16 18:36:46] [Writer] 正在生成第1751章...
[2026-05-16 18:36:46] [Writer] 正在生成第1759章...
[2026-05-16 18:37:29] [Writer] 第1757章已保存（2938字） -> D:\AiProject\Node\novels\chapters\chapter_1757.txt
[2026-05-16 18:37:31] [Writer] 第1733章已保存（3058字） -> D:\AiProject\Node\novels\chapters\chapter_1733.txt
[2026-05-16 18:37:31] [Writer] 正在生成第1758章...
[2026-05-16 18:37:33] [Writer] 正在生成第1734章...
[2026-05-16 18:37:39] [Writer] 第1753章已保存（3648字） -> D:\AiProject\Node\novels\chapters\chapter_1753.txt
[2026-05-16 18:37:39] [Writer] 第1729章已保存（3396字） -> D:\AiProject\Node\novels\chapters\chapter_1729.txt
[2026-05-16 18:37:39] [Writer] 第1735章已保存（4198字） -> D:\AiProject\Node\novels\chapters\chapter_1735.txt
[2026-05-16 18:37:40] [Writer] 第1751章已保存（4039字） -> D:\AiProject\Node\novels\chapters\chapter_1751.txt
[2026-05-16 18:37:41] [Writer] 正在生成第1754章...
[2026-05-16 18:37:41] [Writer] 正在生成第1730章...
[2026-05-16 18:37:41] [Writer] 正在生成第1736章...
[2026-05-16 18:37:42] [Writer] 正在生成第1752章...
[2026-05-16 18:37:45] [Writer] 第1727章已保存（4055字） -> D:\AiProject\Node\novels\chapters\chapter_1727.txt
[2026-05-16 18:37:46] [Writer] 第1739章已保存（4646字） -> D:\AiProject\Node\novels\chapters\chapter_1739.txt
[2026-05-16 18:37:47] [Writer] 正在生成第1728章...
[2026-05-16 18:37:48] [Writer] 正在生成第1740章...
[2026-05-16 18:37:48] [Writer] 第1745章已保存（4721字） -> D:\AiProject\Node\novels\chapters\chapter_1745.txt
[2026-05-16 18:37:49] [Writer] 第1725章已保存（4739字） -> D:\AiProject\Node\novels\chapters\chapter_1725.txt
[2026-05-16 18:37:50] [Writer] 正在生成第1746章...
[2026-05-16 18:37:51] [Writer] 第1755章已保存（4274字） -> D:\AiProject\Node\novels\chapters\chapter_1755.txt
[2026-05-16 18:37:51] [Writer] 正在生成第1726章...
[2026-05-16 18:37:53] [Writer] 正在生成第1756章...
[2026-05-16 18:37:53] [Writer] 第1731章已保存（4365字） -> D:\AiProject\Node\novels\chapters\chapter_1731.txt
[2026-05-16 18:37:55] [Writer] 第1737章已保存（4801字） -> D:\AiProject\Node\novels\chapters\chapter_1737.txt
[2026-05-16 18:37:55] [Writer] 正在生成第1732章...
[2026-05-16 18:37:56] [Writer] 第1723章已保存（5092字） -> D:\AiProject\Node\novels\chapters\chapter_1723.txt
[2026-05-16 18:37:57] [Writer] 正在生成第1738章...
[2026-05-16 18:37:57] [Writer] 第1747章已保存（5123字） -> D:\AiProject\Node\novels\chapters\chapter_1747.txt
[2026-05-16 18:37:58] [Writer] 正在生成第1724章...
[2026-05-16 18:37:59] [Writer] 第1759章已保存（5064字） -> D:\AiProject\Node\novels\chapters\chapter_1759.txt
[2026-05-16 18:37:59] [Writer] 正在生成第1748章...
[2026-05-16 18:38:01] [Writer] 正在生成第1760章...
[2026-05-16 18:38:02] [Writer] 第1741章已保存（5779字） -> D:\AiProject\Node\novels\chapters\chapter_1741.txt
[2026-05-16 18:38:04] [Writer] 正在生成第1742章...
[2026-05-16 18:38:15] [Writer] 第1743章已保存（6910字） -> D:\AiProject\Node\novels\chapters\chapter_1743.txt
[2026-05-16 18:38:17] [Writer] 第1734章已保存（3195字） -> D:\AiProject\Node\novels\chapters\chapter_1734.txt
[2026-05-16 18:38:17] [Writer] 正在生成第1744章...
[2026-05-16 18:38:19] [Writer] 全部完成
[2026-05-16 18:38:22] [Writer] 第1749章已保存（3722字） -> D:\AiProject\Node\novels\chapters\chapter_1749.txt
[2026-05-16 18:38:24] [Writer] 第1721章已保存（15567字） -> D:\AiProject\Node\novels\chapters\chapter_1721.txt
[2026-05-16 18:38:24] [Writer] 第1736章已保存（3266字） -> D:\AiProject\Node\novels\chapters\chapter_1736.txt
[2026-05-16 18:38:24] [Writer] 正在生成第1750章...
[2026-05-16 18:38:26] [Writer] 正在生成第1722章...
[2026-05-16 18:38:26] [Writer] 全部完成
[2026-05-16 18:38:37] [Writer] 第1726章已保存（3628字） -> D:\AiProject\Node\novels\chapters\chapter_1726.txt
[2026-05-16 18:38:39] [Writer] 第1738章已保存（3608字） -> D:\AiProject\Node\novels\chapters\chapter_1738.txt
[2026-05-16 18:38:39] [Writer] 全部完成
[2026-05-16 18:38:41] [Writer] 全部完成
[2026-05-16 18:38:43] [Writer] 第1730章已保存（5268字） -> D:\AiProject\Node\novels\chapters\chapter_1730.txt
[2026-05-16 18:38:44] [Writer] 第1724章已保存（3378字） -> D:\AiProject\Node\novels\chapters\chapter_1724.txt
[2026-05-16 18:38:45] [Writer] 全部完成
[2026-05-16 18:38:46] [Writer] 全部完成
[2026-05-16 18:38:46] [Writer] 第1752章已保存（5747字） -> D:\AiProject\Node\novels\chapters\chapter_1752.txt
[2026-05-16 18:38:48] [Writer] 第1758章已保存（5763字） -> D:\AiProject\Node\novels\chapters\chapter_1758.txt
[2026-05-16 18:38:48] [Writer] 全部完成
[2026-05-16 18:38:50] [Writer] 全部完成
[2026-05-16 18:38:50] [Writer] 第1740章已保存（4562字） -> D:\AiProject\Node\novels\chapters\chapter_1740.txt
[2026-05-16 18:38:51] [Writer] 第1756章已保存（3994字） -> D:\AiProject\Node\novels\chapters\chapter_1756.txt
[2026-05-16 18:38:52] [Writer] 第1754章已保存（5030字） -> D:\AiProject\Node\novels\chapters\chapter_1754.txt
[2026-05-16 18:38:52] [Writer] 全部完成
[2026-05-16 18:38:53] [Writer] 全部完成
[2026-05-16 18:38:53] [Writer] 第1728章已保存（5080字） -> D:\AiProject\Node\novels\chapters\chapter_1728.txt
[2026-05-16 18:38:54] [Writer] 第1746章已保存（4575字） -> D:\AiProject\Node\novels\chapters\chapter_1746.txt
[2026-05-16 18:38:54] [Writer] 全部完成
[2026-05-16 18:38:55] [Writer] 全部完成
[2026-05-16 18:38:56] [Writer] 全部完成
[2026-05-16 18:39:03] [Writer] 第1742章已保存（4643字） -> D:\AiProject\Node\novels\chapters\chapter_1742.txt
[2026-05-16 18:39:05] [Writer] 全部完成
[2026-05-16 18:39:08] [Writer] 第1748章已保存（5096字） -> D:\AiProject\Node\novels\chapters\chapter_1748.txt
[2026-05-16 18:39:09] [Writer] 第1732章已保存（5722字） -> D:\AiProject\Node\novels\chapters\chapter_1732.txt
[2026-05-16 18:39:10] [Writer] 全部完成
[2026-05-16 18:39:11] [Writer] 全部完成
[2026-05-16 18:39:16] [Writer] 第1760章已保存（5985字） -> D:\AiProject\Node\novels\chapters\chapter_1760.txt
[2026-05-16 18:39:18] [Writer] 全部完成
[2026-05-16 18:39:28] [Writer] 第1722章已保存（4816字） -> D:\AiProject\Node\novels\chapters\chapter_1722.txt
[2026-05-16 18:39:30] [Writer] 全部完成
[2026-05-16 18:39:31] [Writer] 第1744章已保存（6179字） -> D:\AiProject\Node\novels\chapters\chapter_1744.txt
[2026-05-16 18:39:31] [Writer] 第1750章已保存（5213字） -> D:\AiProject\Node\novels\chapters\chapter_1750.txt
[2026-05-16 18:39:33] [Writer] 全部完成
[2026-05-16 18:39:33] [Writer] 全部完成
[2026-05-16 18:40:54] [Writer] 正在生成第1763章...
[2026-05-16 18:40:54] [Writer] 正在生成第1761章...
[2026-05-16 18:40:54] [Writer] 正在生成第1765章...
[2026-05-16 18:40:54] [Writer] 正在生成第1771章...
[2026-05-16 18:40:54] [Writer] 正在生成第1769章...
[2026-05-16 18:40:54] [Writer] 正在生成第1775章...
[2026-05-16 18:40:54] [Writer] 正在生成第1767章...
[2026-05-16 18:40:54] [Writer] 正在生成第1783章...
[2026-05-16 18:40:54] [Writer] 正在生成第1787章...
[2026-05-16 18:40:54] [Writer] 正在生成第1777章...
[2026-05-16 18:40:54] [Writer] 正在生成第1779章...
[2026-05-16 18:40:54] [Writer] 正在生成第1785章...
[2026-05-16 18:40:54] [Writer] 正在生成第1793章...
[2026-05-16 18:40:54] [Writer] 正在生成第1789章...
[2026-05-16 18:40:54] [Writer] 正在生成第1773章...
[2026-05-16 18:40:54] [Writer] 正在生成第1791章...
[2026-05-16 18:40:54] [Writer] 正在生成第1781章...
[2026-05-16 18:40:54] [Writer] 正在生成第1797章...
[2026-05-16 18:40:54] [Writer] 正在生成第1795章...
[2026-05-16 18:40:54] [Writer] 正在生成第1799章...
[2026-05-16 18:41:48] [Writer] 第1793章已保存（3649字） -> D:\AiProject\Node\novels\chapters\chapter_1793.txt
[2026-05-16 18:41:50] [Writer] 正在生成第1794章...
[2026-05-16 18:41:51] [Writer] 第1761章已保存（4263字） -> D:\AiProject\Node\novels\chapters\chapter_1761.txt
[2026-05-16 18:41:53] [Writer] 第1773章已保存（4517字） -> D:\AiProject\Node\novels\chapters\chapter_1773.txt
[2026-05-16 18:41:54] [Writer] 正在生成第1762章...
[2026-05-16 18:41:55] [Writer] 正在生成第1774章...
[2026-05-16 18:41:58] [Writer] 第1763章已保存（4942字） -> D:\AiProject\Node\novels\chapters\chapter_1763.txt
[2026-05-16 18:42:00] [Writer] 正在生成第1764章...
[2026-05-16 18:42:02] [Writer] 第1789章已保存（5093字） -> D:\AiProject\Node\novels\chapters\chapter_1789.txt
[2026-05-16 18:42:02] [Writer] 第1771章已保存（5563字） -> D:\AiProject\Node\novels\chapters\chapter_1771.txt
[2026-05-16 18:42:04] [Writer] 正在生成第1790章...
[2026-05-16 18:42:04] [Writer] 正在生成第1772章...
[2026-05-16 18:42:06] [Writer] 第1787章已保存（5276字） -> D:\AiProject\Node\novels\chapters\chapter_1787.txt
[2026-05-16 18:42:07] [Writer] 第1781章已保存（5486字） -> D:\AiProject\Node\novels\chapters\chapter_1781.txt
[2026-05-16 18:42:08] [Writer] 正在生成第1788章...
[2026-05-16 18:42:09] [Writer] 第1775章已保存（5179字） -> D:\AiProject\Node\novels\chapters\chapter_1775.txt
[2026-05-16 18:42:09] [Writer] 第1767章已保存（5349字） -> D:\AiProject\Node\novels\chapters\chapter_1767.txt
[2026-05-16 18:42:09] [Writer] 正在生成第1782章...
[2026-05-16 18:42:11] [Writer] 正在生成第1776章...
[2026-05-16 18:42:11] [Writer] 正在生成第1768章...
[2026-05-16 18:42:15] [Writer] 第1797章已保存（5296字） -> D:\AiProject\Node\novels\chapters\chapter_1797.txt
[2026-05-16 18:42:16] [Writer] 第1779章已保存（5507字） -> D:\AiProject\Node\novels\chapters\chapter_1779.txt
[2026-05-16 18:42:17] [Writer] 正在生成第1798章...
[2026-05-16 18:42:18] [Writer] 正在生成第1780章...
[2026-05-16 18:42:20] [Writer] 第1799章已保存（5758字） -> D:\AiProject\Node\novels\chapters\chapter_1799.txt
[2026-05-16 18:42:22] [Writer] 正在生成第1800章...
[2026-05-16 18:42:23] [Writer] 第1791章已保存（6835字） -> D:\AiProject\Node\novels\chapters\chapter_1791.txt
[2026-05-16 18:42:23] [Writer] 第1769章已保存（5151字） -> D:\AiProject\Node\novels\chapters\chapter_1769.txt
[2026-05-16 18:42:24] [Writer] 第1785章已保存（7052字） -> D:\AiProject\Node\novels\chapters\chapter_1785.txt
[2026-05-16 18:42:24] [Writer] 第1783章已保存（6391字） -> D:\AiProject\Node\novels\chapters\chapter_1783.txt
[2026-05-16 18:42:25] [Writer] 正在生成第1792章...
[2026-05-16 18:42:25] [Writer] 第1765章已保存（6543字） -> D:\AiProject\Node\novels\chapters\chapter_1765.txt
[2026-05-16 18:42:26] [Writer] 正在生成第1770章...
[2026-05-16 18:42:26] [Writer] 正在生成第1786章...
[2026-05-16 18:42:26] [Writer] 正在生成第1784章...
[2026-05-16 18:42:27] [Writer] 正在生成第1766章...
[2026-05-16 18:42:56] [Writer] 第1777章已保存（4992字） -> D:\AiProject\Node\novels\chapters\chapter_1777.txt
[2026-05-16 18:42:58] [Writer] 正在生成第1778章...
[2026-05-16 18:43:08] [Writer] 第1764章已保存（5010字） -> D:\AiProject\Node\novels\chapters\chapter_1764.txt
[2026-05-16 18:43:08] [Writer] 第1794章已保存（5864字） -> D:\AiProject\Node\novels\chapters\chapter_1794.txt
[2026-05-16 18:43:10] [Writer] 全部完成
[2026-05-16 18:43:10] [Writer] 全部完成
[2026-05-16 18:43:12] [Writer] 第1774章已保存（5451字） -> D:\AiProject\Node\novels\chapters\chapter_1774.txt
[2026-05-16 18:43:14] [Writer] 全部完成
[2026-05-16 18:43:16] [Writer] 第1772章已保存（4979字） -> D:\AiProject\Node\novels\chapters\chapter_1772.txt
[2026-05-16 18:43:16] [Writer] 第1762章已保存（6488字） -> D:\AiProject\Node\novels\chapters\chapter_1762.txt
[2026-05-16 18:43:18] [Writer] 全部完成
[2026-05-16 18:43:18] [Writer] 全部完成
[2026-05-16 18:43:18] [Writer] 第1790章已保存（4383字） -> D:\AiProject\Node\novels\chapters\chapter_1790.txt
[2026-05-16 18:43:20] [Writer] 全部完成
[2026-05-16 18:43:24] [Writer] 第1766章已保存（4050字） -> D:\AiProject\Node\novels\chapters\chapter_1766.txt
[2026-05-16 18:43:26] [Writer] 全部完成
[2026-05-16 18:43:27] [Writer] 第1786章已保存（4188字） -> D:\AiProject\Node\novels\chapters\chapter_1786.txt
[2026-05-16 18:43:27] [Writer] 第1770章已保存（4909字） -> D:\AiProject\Node\novels\chapters\chapter_1770.txt
[2026-05-16 18:43:29] [Writer] 全部完成
[2026-05-16 18:43:29] [Writer] 全部完成
[2026-05-16 18:43:30] [Writer] 第1800章已保存（4817字） -> D:\AiProject\Node\novels\chapters\chapter_1800.txt
[2026-05-16 18:43:31] [Writer] 第1795章已保存（12880字） -> D:\AiProject\Node\novels\chapters\chapter_1795.txt
[2026-05-16 18:43:32] [Writer] 全部完成
[2026-05-16 18:43:33] [Writer] 第1784章已保存（4565字） -> D:\AiProject\Node\novels\chapters\chapter_1784.txt
[2026-05-16 18:43:33] [Writer] 正在生成第1796章...
[2026-05-16 18:43:34] [Writer] 第1768章已保存（6356字） -> D:\AiProject\Node\novels\chapters\chapter_1768.txt
[2026-05-16 18:43:35] [Writer] 全部完成
[2026-05-16 18:43:36] [Writer] 全部完成
[2026-05-16 18:43:36] [Writer] 第1798章已保存（5961字） -> D:\AiProject\Node\novels\chapters\chapter_1798.txt
[2026-05-16 18:43:37] [Writer] 第1788章已保存（7432字） -> D:\AiProject\Node\novels\chapters\chapter_1788.txt
[2026-05-16 18:43:38] [Writer] 全部完成
[2026-05-16 18:43:39] [Writer] 全部完成
[2026-05-16 18:43:40] [Writer] 第1782章已保存（6696字） -> D:\AiProject\Node\novels\chapters\chapter_1782.txt
[2026-05-16 18:43:42] [Writer] 全部完成
[2026-05-16 18:43:43] [Writer] 第1792章已保存（5702字） -> D:\AiProject\Node\novels\chapters\chapter_1792.txt
[2026-05-16 18:43:44] [Writer] 第1780章已保存（6524字） -> D:\AiProject\Node\novels\chapters\chapter_1780.txt
[2026-05-16 18:43:45] [Writer] 全部完成
[2026-05-16 18:43:46] [Writer] 第1776章已保存（7148字） -> D:\AiProject\Node\novels\chapters\chapter_1776.txt
[2026-05-16 18:43:46] [Writer] 全部完成
[2026-05-16 18:43:48] [Writer] 全部完成
[2026-05-16 18:44:11] [Writer] 第1778章已保存（5092字） -> D:\AiProject\Node\novels\chapters\chapter_1778.txt
[2026-05-16 18:44:13] [Writer] 全部完成
[2026-05-16 18:44:29] [Writer] 第1796章已保存（4179字） -> D:\AiProject\Node\novels\chapters\chapter_1796.txt
[2026-05-16 18:44:31] [Writer] 全部完成
[2026-05-16 18:45:52] [Writer] 正在生成第1801章...
[2026-05-16 18:45:52] [Writer] 正在生成第1811章...
[2026-05-16 18:45:52] [Writer] 正在生成第1805章...
[2026-05-16 18:45:52] [Writer] 正在生成第1803章...
[2026-05-16 18:45:52] [Writer] 正在生成第1807章...
[2026-05-16 18:45:52] [Writer] 正在生成第1817章...
[2026-05-16 18:45:52] [Writer] 正在生成第1813章...
[2026-05-16 18:45:53] [Writer] 正在生成第1815章...
[2026-05-16 18:45:53] [Writer] 正在生成第1809章...
[2026-05-16 18:45:53] [Writer] 正在生成第1819章...
[2026-05-16 18:45:53] [Writer] 正在生成第1827章...
[2026-05-16 18:45:53] [Writer] 正在生成第1825章...
[2026-05-16 18:45:53] [Writer] 正在生成第1839章...
[2026-05-16 18:45:53] [Writer] 正在生成第1821章...
[2026-05-16 18:45:53] [Writer] 正在生成第1829章...
[2026-05-16 18:45:53] [Writer] 正在生成第1831章...
[2026-05-16 18:45:53] [Writer] 正在生成第1837章...
[2026-05-16 18:45:53] [Writer] 正在生成第1823章...
[2026-05-16 18:45:53] [Writer] 正在生成第1833章...
[2026-05-16 18:45:53] [Writer] 正在生成第1835章...
[2026-05-16 18:46:41] [Writer] 第1827章已保存（2847字） -> D:\AiProject\Node\novels\chapters\chapter_1827.txt
[2026-05-16 18:46:43] [Writer] 正在生成第1828章...
[2026-05-16 18:46:47] [Writer] 第1811章已保存（4016字） -> D:\AiProject\Node\novels\chapters\chapter_1811.txt
[2026-05-16 18:46:49] [Writer] 正在生成第1812章...
[2026-05-16 18:46:50] [Writer] 第1813章已保存（3828字） -> D:\AiProject\Node\novels\chapters\chapter_1813.txt
[2026-05-16 18:46:52] [Writer] 正在生成第1814章...
[2026-05-16 18:46:53] [Writer] 第1801章已保存（3787字） -> D:\AiProject\Node\novels\chapters\chapter_1801.txt
[2026-05-16 18:46:54] [Writer] 第1837章已保存（4385字） -> D:\AiProject\Node\novels\chapters\chapter_1837.txt
[2026-05-16 18:46:55] [Writer] 第1829章已保存（3768字） -> D:\AiProject\Node\novels\chapters\chapter_1829.txt
[2026-05-16 18:46:55] [Writer] 正在生成第1802章...
[2026-05-16 18:46:56] [Writer] 正在生成第1838章...
[2026-05-16 18:46:56] [Writer] 第1805章已保存（4710字） -> D:\AiProject\Node\novels\chapters\chapter_1805.txt
[2026-05-16 18:46:57] [Writer] 正在生成第1830章...
[2026-05-16 18:46:58] [Writer] 正在生成第1806章...
[2026-05-16 18:46:59] [Writer] 第1817章已保存（4651字） -> D:\AiProject\Node\novels\chapters\chapter_1817.txt
[2026-05-16 18:46:59] [Writer] 第1821章已保存（4473字） -> D:\AiProject\Node\novels\chapters\chapter_1821.txt
[2026-05-16 18:47:01] [Writer] 第1835章已保存（4220字） -> D:\AiProject\Node\novels\chapters\chapter_1835.txt
[2026-05-16 18:47:01] [Writer] 正在生成第1818章...
[2026-05-16 18:47:01] [Writer] 正在生成第1822章...
[2026-05-16 18:47:03] [Writer] 正在生成第1836章...
[2026-05-16 18:47:03] [Writer] 第1831章已保存（4936字） -> D:\AiProject\Node\novels\chapters\chapter_1831.txt
[2026-05-16 18:47:05] [Writer] 正在生成第1832章...
[2026-05-16 18:47:06] [Writer] 第1807章已保存（4607字） -> D:\AiProject\Node\novels\chapters\chapter_1807.txt
[2026-05-16 18:47:06] [Writer] 第1819章已保存（4784字） -> D:\AiProject\Node\novels\chapters\chapter_1819.txt
[2026-05-16 18:47:08] [Writer] 第1825章已保存（5330字） -> D:\AiProject\Node\novels\chapters\chapter_1825.txt
[2026-05-16 18:47:08] [Writer] 正在生成第1808章...
[2026-05-16 18:47:08] [Writer] 正在生成第1820章...
[2026-05-16 18:47:10] [Writer] 正在生成第1826章...
[2026-05-16 18:47:11] [Writer] 第1839章已保存（5547字） -> D:\AiProject\Node\novels\chapters\chapter_1839.txt
[2026-05-16 18:47:13] [Writer] 正在生成第1840章...
[2026-05-16 18:47:22] [Writer] 第1823章已保存（6537字） -> D:\AiProject\Node\novels\chapters\chapter_1823.txt
[2026-05-16 18:47:24] [Writer] 第1809章已保存（5343字） -> D:\AiProject\Node\novels\chapters\chapter_1809.txt
[2026-05-16 18:47:24] [Writer] 正在生成第1824章...
[2026-05-16 18:47:26] [Writer] 正在生成第1810章...
[2026-05-16 18:47:30] [Writer] 第1803章已保存（6937字） -> D:\AiProject\Node\novels\chapters\chapter_1803.txt
[2026-05-16 18:47:31] [Writer] 第1833章已保存（6262字） -> D:\AiProject\Node\novels\chapters\chapter_1833.txt
[2026-05-16 18:47:32] [Writer] 正在生成第1804章...
[2026-05-16 18:47:33] [Writer] 第1815章已保存（3259字） -> D:\AiProject\Node\novels\chapters\chapter_1815.txt
[2026-05-16 18:47:33] [Writer] 正在生成第1834章...
[2026-05-16 18:47:35] [Writer] 正在生成第1816章...
[2026-05-16 18:47:39] [Writer] 第1828章已保存（4366字） -> D:\AiProject\Node\novels\chapters\chapter_1828.txt
[2026-05-16 18:47:41] [Writer] 全部完成
[2026-05-16 18:47:49] [Writer] 第1814章已保存（4195字） -> D:\AiProject\Node\novels\chapters\chapter_1814.txt
[2026-05-16 18:47:49] [Writer] 第1802章已保存（3590字） -> D:\AiProject\Node\novels\chapters\chapter_1802.txt
[2026-05-16 18:47:50] [Writer] 第1812章已保存（4649字） -> D:\AiProject\Node\novels\chapters\chapter_1812.txt
[2026-05-16 18:47:51] [Writer] 全部完成
[2026-05-16 18:47:51] [Writer] 全部完成
[2026-05-16 18:47:52] [Writer] 全部完成
[2026-05-16 18:47:53] [Writer] 第1838章已保存（4234字） -> D:\AiProject\Node\novels\chapters\chapter_1838.txt
[2026-05-16 18:47:55] [Writer] 全部完成
[2026-05-16 18:47:57] [Writer] 第1830章已保存（4368字） -> D:\AiProject\Node\novels\chapters\chapter_1830.txt
[2026-05-16 18:47:57] [Writer] 第1806章已保存（4532字） -> D:\AiProject\Node\novels\chapters\chapter_1806.txt
[2026-05-16 18:47:59] [Writer] 全部完成
[2026-05-16 18:47:59] [Writer] 全部完成
[2026-05-16 18:48:03] [Writer] 第1822章已保存（4902字） -> D:\AiProject\Node\novels\chapters\chapter_1822.txt
[2026-05-16 18:48:05] [Writer] 全部完成
[2026-05-16 18:48:11] [Writer] 第1824章已保存（4172字） -> D:\AiProject\Node\novels\chapters\chapter_1824.txt
[2026-05-16 18:48:11] [Writer] 第1818章已保存（5609字） -> D:\AiProject\Node\novels\chapters\chapter_1818.txt
[2026-05-16 18:48:13] [Writer] 全部完成
[2026-05-16 18:48:13] [Writer] 全部完成
[2026-05-16 18:48:14] [Writer] 第1832章已保存（4741字） -> D:\AiProject\Node\novels\chapters\chapter_1832.txt
[2026-05-16 18:48:16] [Writer] 全部完成
[2026-05-16 18:48:19] [Writer] 第1840章已保存（5208字） -> D:\AiProject\Node\novels\chapters\chapter_1840.txt
[2026-05-16 18:48:20] [Writer] 第1810章已保存（4090字） -> D:\AiProject\Node\novels\chapters\chapter_1810.txt
[2026-05-16 18:48:20] [Writer] 第1808章已保存（6037字） -> D:\AiProject\Node\novels\chapters\chapter_1808.txt
[2026-05-16 18:48:21] [Writer] 全部完成
[2026-05-16 18:48:22] [Writer] 全部完成
[2026-05-16 18:48:22] [Writer] 全部完成
[2026-05-16 18:48:23] [Writer] 第1836章已保存（5945字） -> D:\AiProject\Node\novels\chapters\chapter_1836.txt
[2026-05-16 18:48:25] [Writer] 全部完成
[2026-05-16 18:48:28] [Writer] 第1826章已保存（7028字） -> D:\AiProject\Node\novels\chapters\chapter_1826.txt
[2026-05-16 18:48:30] [Writer] 全部完成
[2026-05-16 18:48:33] [Writer] 第1816章已保存（4349字） -> D:\AiProject\Node\novels\chapters\chapter_1816.txt
[2026-05-16 18:48:35] [Writer] 全部完成
[2026-05-16 18:48:39] [Writer] 第1820章已保存（7474字） -> D:\AiProject\Node\novels\chapters\chapter_1820.txt
[2026-05-16 18:48:41] [Writer] 全部完成
[2026-05-16 18:48:51] [Writer] 第1804章已保存（5848字） -> D:\AiProject\Node\novels\chapters\chapter_1804.txt
[2026-05-16 18:48:53] [Writer] 全部完成
[2026-05-16 18:49:06] [Writer] 第1834章已保存（7294字） -> D:\AiProject\Node\novels\chapters\chapter_1834.txt
[2026-05-16 18:49:08] [Writer] 全部完成
[2026-05-16 18:50:28] [Writer] 正在生成第1845章...
[2026-05-16 18:50:28] [Writer] 正在生成第1843章...
[2026-05-16 18:50:28] [Writer] 正在生成第1847章...
[2026-05-16 18:50:28] [Writer] 正在生成第1851章...
[2026-05-16 18:50:28] [Writer] 正在生成第1849章...
[2026-05-16 18:50:28] [Writer] 正在生成第1841章...
[2026-05-16 18:50:28] [Writer] 正在生成第1853章...
[2026-05-16 18:50:28] [Writer] 正在生成第1857章...
[2026-05-16 18:50:28] [Writer] 正在生成第1865章...
[2026-05-16 18:50:28] [Writer] 正在生成第1863章...
[2026-05-16 18:50:28] [Writer] 正在生成第1855章...
[2026-05-16 18:50:28] [Writer] 正在生成第1859章...
[2026-05-16 18:50:28] [Writer] 正在生成第1861章...
[2026-05-16 18:50:28] [Writer] 正在生成第1867章...
[2026-05-16 18:50:28] [Writer] 正在生成第1875章...
[2026-05-16 18:50:28] [Writer] 正在生成第1869章...
[2026-05-16 18:50:28] [Writer] 正在生成第1871章...
[2026-05-16 18:50:28] [Writer] 正在生成第1877章...
[2026-05-16 18:50:28] [Writer] 正在生成第1879章...
[2026-05-16 18:50:28] [Writer] 正在生成第1873章...
[2026-05-16 18:51:21] [Writer] 第1873章已保存（3529字） -> D:\AiProject\Node\novels\chapters\chapter_1873.txt
[2026-05-16 18:51:22] [Writer] 第1849章已保存（3752字） -> D:\AiProject\Node\novels\chapters\chapter_1849.txt
[2026-05-16 18:51:23] [Writer] 正在生成第1874章...
[2026-05-16 18:51:24] [Writer] 正在生成第1850章...
[2026-05-16 18:51:30] [Writer] 第1855章已保存（3876字） -> D:\AiProject\Node\novels\chapters\chapter_1855.txt
[2026-05-16 18:51:31] [Writer] 第1843章已保存（4171字） -> D:\AiProject\Node\novels\chapters\chapter_1843.txt
[2026-05-16 18:51:32] [Writer] 第1861章已保存（4630字） -> D:\AiProject\Node\novels\chapters\chapter_1861.txt
[2026-05-16 18:51:32] [Writer] 正在生成第1856章...
[2026-05-16 18:51:33] [Writer] 正在生成第1844章...
[2026-05-16 18:51:34] [Writer] 正在生成第1862章...
[2026-05-16 18:51:35] [Writer] 第1877章已保存（5045字） -> D:\AiProject\Node\novels\chapters\chapter_1877.txt
[2026-05-16 18:51:35] [Writer] 第1845章已保存（5146字） -> D:\AiProject\Node\novels\chapters\chapter_1845.txt
[2026-05-16 18:51:35] [Writer] 第1871章已保存（4828字） -> D:\AiProject\Node\novels\chapters\chapter_1871.txt
[2026-05-16 18:51:35] [Writer] 第1847章已保存（4815字） -> D:\AiProject\Node\novels\chapters\chapter_1847.txt
[2026-05-16 18:51:37] [Writer] 正在生成第1878章...
[2026-05-16 18:51:37] [Writer] 正在生成第1846章...
[2026-05-16 18:51:37] [Writer] 第1865章已保存（4499字） -> D:\AiProject\Node\novels\chapters\chapter_1865.txt
[2026-05-16 18:51:37] [Writer] 正在生成第1872章...
[2026-05-16 18:51:37] [Writer] 正在生成第1848章...
[2026-05-16 18:51:39] [Writer] 正在生成第1866章...
[2026-05-16 18:51:45] [Writer] 第1879章已保存（5198字） -> D:\AiProject\Node\novels\chapters\chapter_1879.txt
[2026-05-16 18:51:46] [Writer] 第1841章已保存（5457字） -> D:\AiProject\Node\novels\chapters\chapter_1841.txt
[2026-05-16 18:51:47] [Writer] 正在生成第1880章...
[2026-05-16 18:51:47] [Writer] 第1859章已保存（6105字） -> D:\AiProject\Node\novels\chapters\chapter_1859.txt
[2026-05-16 18:51:48] [Writer] 正在生成第1842章...
[2026-05-16 18:51:49] [Writer] 正在生成第1860章...
[2026-05-16 18:51:50] [Writer] 第1863章已保存（5870字） -> D:\AiProject\Node\novels\chapters\chapter_1863.txt
[2026-05-16 18:51:51] [Writer] 第1853章已保存（5563字） -> D:\AiProject\Node\novels\chapters\chapter_1853.txt
[2026-05-16 18:51:52] [Writer] 正在生成第1864章...
[2026-05-16 18:51:53] [Writer] 正在生成第1854章...
[2026-05-16 18:51:53] [Writer] 第1851章已保存（5964字） -> D:\AiProject\Node\novels\chapters\chapter_1851.txt
[2026-05-16 18:51:55] [Writer] 正在生成第1852章...
[2026-05-16 18:51:59] [Writer] 第1869章已保存（6363字） -> D:\AiProject\Node\novels\chapters\chapter_1869.txt
[2026-05-16 18:52:01] [Writer] 第1857章已保存（6509字） -> D:\AiProject\Node\novels\chapters\chapter_1857.txt
[2026-05-16 18:52:01] [Writer] 正在生成第1870章...
[2026-05-16 18:52:03] [Writer] 第1867章已保存（6791字） -> D:\AiProject\Node\novels\chapters\chapter_1867.txt
[2026-05-16 18:52:03] [Writer] 正在生成第1858章...
[2026-05-16 18:52:05] [Writer] 正在生成第1868章...
[2026-05-16 18:52:07] [Writer] 第1875章已保存（7255字） -> D:\AiProject\Node\novels\chapters\chapter_1875.txt
[2026-05-16 18:52:09] [Writer] 正在生成第1876章...
[2026-05-16 18:52:20] [Writer] 第1874章已保存（4278字） -> D:\AiProject\Node\novels\chapters\chapter_1874.txt
[2026-05-16 18:52:22] [Writer] 全部完成
[2026-05-16 18:52:36] [Writer] 第1856章已保存（7082字） -> D:\AiProject\Node\novels\chapters\chapter_1856.txt
[2026-05-16 18:52:38] [Writer] 第1846章已保存（4110字） -> D:\AiProject\Node\novels\chapters\chapter_1846.txt
[2026-05-16 18:52:38] [Writer] 全部完成
[2026-05-16 18:52:38] [Writer] 第1872章已保存（4578字） -> D:\AiProject\Node\novels\chapters\chapter_1872.txt
[2026-05-16 18:52:40] [Writer] 全部完成
[2026-05-16 18:52:40] [Writer] 全部完成
[2026-05-16 18:52:41] [Writer] 第1862章已保存（5000字） -> D:\AiProject\Node\novels\chapters\chapter_1862.txt
[2026-05-16 18:52:43] [Writer] 第1850章已保存（6188字） -> D:\AiProject\Node\novels\chapters\chapter_1850.txt
[2026-05-16 18:52:43] [Writer] 全部完成
[2026-05-16 18:52:45] [Writer] 全部完成
[2026-05-16 18:52:45] [Writer] 第1848章已保存（5154字） -> D:\AiProject\Node\novels\chapters\chapter_1848.txt
[2026-05-16 18:52:47] [Writer] 全部完成
[2026-05-16 18:52:49] [Writer] 第1878章已保存（5528字） -> D:\AiProject\Node\novels\chapters\chapter_1878.txt
[2026-05-16 18:52:51] [Writer] 全部完成
[2026-05-16 18:52:52] [Writer] 第1844章已保存（5376字） -> D:\AiProject\Node\novels\chapters\chapter_1844.txt
[2026-05-16 18:52:54] [Writer] 全部完成
[2026-05-16 18:52:54] [Writer] 第1860章已保存（4642字） -> D:\AiProject\Node\novels\chapters\chapter_1860.txt
[2026-05-16 18:52:56] [Writer] 全部完成
[2026-05-16 18:52:58] [Writer] 第1880章已保存（5327字） -> D:\AiProject\Node\novels\chapters\chapter_1880.txt
[2026-05-16 18:53:00] [Writer] 第1854章已保存（4963字） -> D:\AiProject\Node\novels\chapters\chapter_1854.txt
[2026-05-16 18:53:00] [Writer] 全部完成
[2026-05-16 18:53:01] [Writer] 第1864章已保存（5272字） -> D:\AiProject\Node\novels\chapters\chapter_1864.txt
[2026-05-16 18:53:02] [Writer] 全部完成
[2026-05-16 18:53:03] [Writer] 全部完成
[2026-05-16 18:53:06] [Writer] 第1842章已保存（5805字） -> D:\AiProject\Node\novels\chapters\chapter_1842.txt
[2026-05-16 18:53:07] [Writer] 第1868章已保存（4630字） -> D:\AiProject\Node\novels\chapters\chapter_1868.txt
[2026-05-16 18:53:08] [Writer] 全部完成
[2026-05-16 18:53:09] [Writer] 全部完成
[2026-05-16 18:53:12] [Writer] 第1876章已保存（4830字） -> D:\AiProject\Node\novels\chapters\chapter_1876.txt
[2026-05-16 18:53:13] [Writer] 第1870章已保存（4989字） -> D:\AiProject\Node\novels\chapters\chapter_1870.txt
[2026-05-16 18:53:14] [Writer] 全部完成
[2026-05-16 18:53:14] [Writer] 第1852章已保存（6069字） -> D:\AiProject\Node\novels\chapters\chapter_1852.txt
[2026-05-16 18:53:15] [Writer] 全部完成
[2026-05-16 18:53:15] [Writer] 第1866章已保存（7839字） -> D:\AiProject\Node\novels\chapters\chapter_1866.txt
[2026-05-16 18:53:16] [Writer] 全部完成
[2026-05-16 18:53:17] [Writer] 全部完成
[2026-05-16 18:53:22] [Writer] 第1858章已保存（5678字） -> D:\AiProject\Node\novels\chapters\chapter_1858.txt
[2026-05-16 18:53:24] [Writer] 全部完成
[2026-05-16 18:54:40] [Writer] 正在生成第1881章...
[2026-05-16 18:54:40] [Writer] 正在生成第1889章...
[2026-05-16 18:54:40] [Writer] 正在生成第1883章...
[2026-05-16 18:54:40] [Writer] 正在生成第1887章...
[2026-05-16 18:54:40] [Writer] 正在生成第1891章...
[2026-05-16 18:54:40] [Writer] 正在生成第1895章...
[2026-05-16 18:54:40] [Writer] 正在生成第1885章...
[2026-05-16 18:54:40] [Writer] 正在生成第1899章...
[2026-05-16 18:54:40] [Writer] 正在生成第1893章...
[2026-05-16 18:54:40] [Writer] 正在生成第1901章...
[2026-05-16 18:54:40] [Writer] 正在生成第1897章...
[2026-05-16 18:54:40] [Writer] 正在生成第1903章...
[2026-05-16 18:54:40] [Writer] 正在生成第1913章...
[2026-05-16 18:54:40] [Writer] 正在生成第1905章...
[2026-05-16 18:54:40] [Writer] 正在生成第1907章...
[2026-05-16 18:54:40] [Writer] 正在生成第1909章...
[2026-05-16 18:54:40] [Writer] 正在生成第1919章...
[2026-05-16 18:54:40] [Writer] 正在生成第1917章...
[2026-05-16 18:54:40] [Writer] 正在生成第1911章...
[2026-05-16 18:54:40] [Writer] 正在生成第1915章...
[2026-05-16 18:55:35] [Writer] 第1895章已保存（4193字） -> D:\AiProject\Node\novels\chapters\chapter_1895.txt
[2026-05-16 18:55:35] [Writer] 第1903章已保存（3405字） -> D:\AiProject\Node\novels\chapters\chapter_1903.txt
[2026-05-16 18:55:37] [Writer] 正在生成第1896章...
[2026-05-16 18:55:37] [Writer] 正在生成第1904章...
[2026-05-16 18:55:40] [Writer] 第1891章已保存（4592字） -> D:\AiProject\Node\novels\chapters\chapter_1891.txt
[2026-05-16 18:55:40] [Writer] 第1911章已保存（4100字） -> D:\AiProject\Node\novels\chapters\chapter_1911.txt
[2026-05-16 18:55:42] [Writer] 正在生成第1892章...
[2026-05-16 18:55:42] [Writer] 正在生成第1912章...
[2026-05-16 18:55:44] [Writer] 第1919章已保存（4301字） -> D:\AiProject\Node\novels\chapters\chapter_1919.txt
[2026-05-16 18:55:46] [Writer] 正在生成第1920章...
[2026-05-16 18:55:47] [Writer] 第1899章已保存（4656字） -> D:\AiProject\Node\novels\chapters\chapter_1899.txt
[2026-05-16 18:55:47] [Writer] 第1901章已保存（4915字） -> D:\AiProject\Node\novels\chapters\chapter_1901.txt
[2026-05-16 18:55:49] [Writer] 正在生成第1900章...
[2026-05-16 18:55:49] [Writer] 正在生成第1902章...
[2026-05-16 18:55:49] [Writer] 第1885章已保存（4907字） -> D:\AiProject\Node\novels\chapters\chapter_1885.txt
[2026-05-16 18:55:50] [Writer] 第1913章已保存（5063字） -> D:\AiProject\Node\novels\chapters\chapter_1913.txt
[2026-05-16 18:55:51] [Writer] 第1917章已保存（5156字） -> D:\AiProject\Node\novels\chapters\chapter_1917.txt
[2026-05-16 18:55:51] [Writer] 第1915章已保存（4661字） -> D:\AiProject\Node\novels\chapters\chapter_1915.txt
[2026-05-16 18:55:51] [Writer] 正在生成第1886章...
[2026-05-16 18:55:52] [Writer] 正在生成第1914章...
[2026-05-16 18:55:53] [Writer] 正在生成第1918章...
[2026-05-16 18:55:53] [Writer] 正在生成第1916章...
[2026-05-16 18:55:54] [Writer] 第1893章已保存（5475字） -> D:\AiProject\Node\novels\chapters\chapter_1893.txt
[2026-05-16 18:55:54] [Writer] 第1883章已保存（5583字） -> D:\AiProject\Node\novels\chapters\chapter_1883.txt
[2026-05-16 18:55:55] [Writer] 第1881章生成失败，重试(1/3)...
[2026-05-16 18:55:56] [Writer] 正在生成第1894章...
[2026-05-16 18:55:56] [Writer] 正在生成第1884章...
[2026-05-16 18:55:58] [Writer] 第1887章已保存（5690字） -> D:\AiProject\Node\novels\chapters\chapter_1887.txt
[2026-05-16 18:55:59] [Writer] 第1897章已保存（5376字） -> D:\AiProject\Node\novels\chapters\chapter_1897.txt
[2026-05-16 18:56:00] [Writer] 第1889章已保存（5921字） -> D:\AiProject\Node\novels\chapters\chapter_1889.txt
[2026-05-16 18:56:00] [Writer] 正在生成第1888章...
[2026-05-16 18:56:00] [Writer] 第1909章已保存（5615字） -> D:\AiProject\Node\novels\chapters\chapter_1909.txt
[2026-05-16 18:56:00] [Writer] 正在生成第1881章...
[2026-05-16 18:56:01] [Writer] 正在生成第1898章...
[2026-05-16 18:56:02] [Writer] 正在生成第1890章...
[2026-05-16 18:56:02] [Writer] 正在生成第1910章...
[2026-05-16 18:56:09] [Writer] 第1907章已保存（6771字） -> D:\AiProject\Node\novels\chapters\chapter_1907.txt
[2026-05-16 18:56:11] [Writer] 正在生成第1908章...
[2026-05-16 18:56:14] [Writer] 第1905章已保存（6673字） -> D:\AiProject\Node\novels\chapters\chapter_1905.txt
[2026-05-16 18:56:16] [Writer] 正在生成第1906章...
[2026-05-16 18:56:29] [Writer] 第1896章已保存（3904字） -> D:\AiProject\Node\novels\chapters\chapter_1896.txt
[2026-05-16 18:56:31] [Writer] 全部完成
[2026-05-16 18:56:39] [Writer] 第1914章已保存（3414字） -> D:\AiProject\Node\novels\chapters\chapter_1914.txt
[2026-05-16 18:56:41] [Writer] 全部完成
[2026-05-16 18:56:42] [Writer] 第1916章已保存（3701字） -> D:\AiProject\Node\novels\chapters\chapter_1916.txt
[2026-05-16 18:56:44] [Writer] 第1904章已保存（5103字） -> D:\AiProject\Node\novels\chapters\chapter_1904.txt
[2026-05-16 18:56:44] [Writer] 全部完成
[2026-05-16 18:56:45] [Writer] 第1912章已保存（4984字） -> D:\AiProject\Node\novels\chapters\chapter_1912.txt
[2026-05-16 18:56:45] [Writer] 第1902章已保存（3957字） -> D:\AiProject\Node\novels\chapters\chapter_1902.txt
[2026-05-16 18:56:46] [Writer] 全部完成
[2026-05-16 18:56:47] [Writer] 全部完成
[2026-05-16 18:56:47] [Writer] 全部完成
[2026-05-16 18:56:48] [Writer] 第1890章已保存（3765字） -> D:\AiProject\Node\novels\chapters\chapter_1890.txt
[2026-05-16 18:56:49] [Writer] 第1892章已保存（4980字） -> D:\AiProject\Node\novels\chapters\chapter_1892.txt
[2026-05-16 18:56:49] [Writer] 第1894章已保存（4812字） -> D:\AiProject\Node\novels\chapters\chapter_1894.txt
[2026-05-16 18:56:50] [Writer] 第1918章已保存（3732字） -> D:\AiProject\Node\novels\chapters\chapter_1918.txt
[2026-05-16 18:56:50] [Writer] 全部完成
[2026-05-16 18:56:51] [Writer] 全部完成
[2026-05-16 18:56:51] [Writer] 全部完成
[2026-05-16 18:56:52] [Writer] 全部完成
[2026-05-16 18:57:00] [Writer] 第1900章已保存（5860字） -> D:\AiProject\Node\novels\chapters\chapter_1900.txt
[2026-05-16 18:57:01] [Writer] 第1886章已保存（4341字） -> D:\AiProject\Node\novels\chapters\chapter_1886.txt
[2026-05-16 18:57:02] [Writer] 全部完成
[2026-05-16 18:57:02] [Writer] 第1910章已保存（4268字） -> D:\AiProject\Node\novels\chapters\chapter_1910.txt
[2026-05-16 18:57:03] [Writer] 全部完成
[2026-05-16 18:57:03] [Writer] 第1888章已保存（4238字） -> D:\AiProject\Node\novels\chapters\chapter_1888.txt
[2026-05-16 18:57:04] [Writer] 全部完成
[2026-05-16 18:57:05] [Writer] 全部完成
[2026-05-16 18:57:09] [Writer] 第1884章已保存（5716字） -> D:\AiProject\Node\novels\chapters\chapter_1884.txt
[2026-05-16 18:57:11] [Writer] 全部完成
[2026-05-16 18:57:13] [Writer] 第1908章已保存（4163字） -> D:\AiProject\Node\novels\chapters\chapter_1908.txt
[2026-05-16 18:57:15] [Writer] 第1881章已保存（5678字） -> D:\AiProject\Node\novels\chapters\chapter_1881.txt
[2026-05-16 18:57:15] [Writer] 全部完成
[2026-05-16 18:57:17] [Writer] 正在生成第1882章...
[2026-05-16 18:57:17] [Writer] 第1898章已保存（5647字） -> D:\AiProject\Node\novels\chapters\chapter_1898.txt
[2026-05-16 18:57:19] [Writer] 全部完成
[2026-05-16 18:57:27] [Writer] 第1906章已保存（5173字） -> D:\AiProject\Node\novels\chapters\chapter_1906.txt
[2026-05-16 18:57:29] [Writer] 全部完成
[2026-05-16 18:57:33] [Writer] 第1920章已保存（3663字） -> D:\AiProject\Node\novels\chapters\chapter_1920.txt
[2026-05-16 18:57:35] [Writer] 全部完成
[2026-05-16 18:57:38] [Writer] 第1882章已保存（737字） -> D:\AiProject\Node\novels\chapters\chapter_1882.txt
[2026-05-16 18:57:40] [Writer] 全部完成
[2026-05-16 18:58:54] [Writer] 正在生成第1925章...
[2026-05-16 18:58:54] [Writer] 正在生成第1923章...
[2026-05-16 18:58:54] [Writer] 正在生成第1927章...
[2026-05-16 18:58:54] [Writer] 正在生成第1921章...
[2026-05-16 18:58:54] [Writer] 正在生成第1931章...
[2026-05-16 18:58:54] [Writer] 正在生成第1933章...
[2026-05-16 18:58:54] [Writer] 正在生成第1937章...
[2026-05-16 18:58:54] [Writer] 正在生成第1929章...
[2026-05-16 18:58:54] [Writer] 正在生成第1935章...
[2026-05-16 18:58:54] [Writer] 正在生成第1943章...
[2026-05-16 18:58:54] [Writer] 正在生成第1941章...
[2026-05-16 18:58:54] [Writer] 正在生成第1939章...
[2026-05-16 18:58:54] [Writer] 正在生成第1945章...
[2026-05-16 18:58:54] [Writer] 正在生成第1953章...
[2026-05-16 18:58:54] [Writer] 正在生成第1951章...
[2026-05-16 18:58:54] [Writer] 正在生成第1957章...
[2026-05-16 18:58:54] [Writer] 正在生成第1959章...
[2026-05-16 18:58:54] [Writer] 正在生成第1955章...
[2026-05-16 18:58:54] [Writer] 正在生成第1949章...
[2026-05-16 18:58:55] [Writer] 正在生成第1947章...
[2026-05-16 18:59:38] [Writer] 第1927章已保存（3407字） -> D:\AiProject\Node\novels\chapters\chapter_1927.txt
[2026-05-16 18:59:40] [Writer] 正在生成第1928章...
[2026-05-16 18:59:45] [Writer] 第1921章已保存（4241字） -> D:\AiProject\Node\novels\chapters\chapter_1921.txt
[2026-05-16 18:59:46] [Writer] 第1937章已保存（3787字） -> D:\AiProject\Node\novels\chapters\chapter_1937.txt
[2026-05-16 18:59:47] [Writer] 第1941章已保存（3729字） -> D:\AiProject\Node\novels\chapters\chapter_1941.txt
[2026-05-16 18:59:47] [Writer] 第1955章已保存（4033字） -> D:\AiProject\Node\novels\chapters\chapter_1955.txt
[2026-05-16 18:59:47] [Writer] 正在生成第1922章...
[2026-05-16 18:59:48] [Writer] 正在生成第1938章...
[2026-05-16 18:59:49] [Writer] 正在生成第1942章...
[2026-05-16 18:59:49] [Writer] 正在生成第1956章...
[2026-05-16 18:59:49] [Writer] 第1931章已保存（4097字） -> D:\AiProject\Node\novels\chapters\chapter_1931.txt
[2026-05-16 18:59:52] [Writer] 正在生成第1932章...
[2026-05-16 18:59:52] [Writer] 第1933章已保存（4564字） -> D:\AiProject\Node\novels\chapters\chapter_1933.txt
[2026-05-16 18:59:54] [Writer] 正在生成第1934章...
[2026-05-16 18:59:59] [Writer] 第1959章已保存（4708字） -> D:\AiProject\Node\novels\chapters\chapter_1959.txt
[2026-05-16 18:59:59] [Writer] 第1935章已保存（4621字） -> D:\AiProject\Node\novels\chapters\chapter_1935.txt
[2026-05-16 19:00:01] [Writer] 正在生成第1960章...
[2026-05-16 19:00:01] [Writer] 正在生成第1936章...
[2026-05-16 19:00:01] [Writer] 第1945章已保存（5007字） -> D:\AiProject\Node\novels\chapters\chapter_1945.txt
[2026-05-16 19:00:02] [Writer] 第1953章已保存（4411字） -> D:\AiProject\Node\novels\chapters\chapter_1953.txt
[2026-05-16 19:00:03] [Writer] 正在生成第1946章...
[2026-05-16 19:00:04] [Writer] 正在生成第1954章...
[2026-05-16 19:00:04] [Writer] 第1939章已保存（5229字） -> D:\AiProject\Node\novels\chapters\chapter_1939.txt
[2026-05-16 19:00:06] [Writer] 正在生成第1940章...
[2026-05-16 19:00:07] [Writer] 第1949章已保存（5473字） -> D:\AiProject\Node\novels\chapters\chapter_1949.txt
[2026-05-16 19:00:08] [Writer] 第1943章已保存（5668字） -> D:\AiProject\Node\novels\chapters\chapter_1943.txt
[2026-05-16 19:00:09] [Writer] 正在生成第1950章...
[2026-05-16 19:00:10] [Writer] 正在生成第1944章...
[2026-05-16 19:00:10] [Writer] 第1923章已保存（6171字） -> D:\AiProject\Node\novels\chapters\chapter_1923.txt
[2026-05-16 19:00:11] [Writer] 第1947章已保存（5896字） -> D:\AiProject\Node\novels\chapters\chapter_1947.txt
[2026-05-16 19:00:12] [Writer] 正在生成第1924章...
[2026-05-16 19:00:12] [Writer] 第1925章已保存（5703字） -> D:\AiProject\Node\novels\chapters\chapter_1925.txt
[2026-05-16 19:00:13] [Writer] 正在生成第1948章...
[2026-05-16 19:00:14] [Writer] 正在生成第1926章...
[2026-05-16 19:00:14] [Writer] 第1929章已保存（6127字） -> D:\AiProject\Node\novels\chapters\chapter_1929.txt
[2026-05-16 19:00:16] [Writer] 正在生成第1930章...
[2026-05-16 19:00:19] [Writer] 第1951章已保存（6072字） -> D:\AiProject\Node\novels\chapters\chapter_1951.txt
[2026-05-16 19:00:21] [Writer] 正在生成第1952章...
[2026-05-16 19:00:27] [Writer] 第1928章已保存（3558字） -> D:\AiProject\Node\novels\chapters\chapter_1928.txt
[2026-05-16 19:00:29] [Writer] 全部完成
[2026-05-16 19:00:38] [Writer] 第1936章已保存（2867字） -> D:\AiProject\Node\novels\chapters\chapter_1936.txt
[2026-05-16 19:00:38] [Writer] 第1957章已保存（7581字） -> D:\AiProject\Node\novels\chapters\chapter_1957.txt
[2026-05-16 19:00:40] [Writer] 全部完成
[2026-05-16 19:00:40] [Writer] 正在生成第1958章...
[2026-05-16 19:00:41] [Writer] 第1954章已保存（2345字） -> D:\AiProject\Node\novels\chapters\chapter_1954.txt
[2026-05-16 19:00:43] [Writer] 全部完成
[2026-05-16 19:00:48] [Writer] 第1938章已保存（4333字） -> D:\AiProject\Node\novels\chapters\chapter_1938.txt
[2026-05-16 19:00:50] [Writer] 全部完成
[2026-05-16 19:00:52] [Writer] 第1922章已保存（5333字） -> D:\AiProject\Node\novels\chapters\chapter_1922.txt
[2026-05-16 19:00:53] [Writer] 第1932章已保存（4546字） -> D:\AiProject\Node\novels\chapters\chapter_1932.txt
[2026-05-16 19:00:54] [Writer] 全部完成
[2026-05-16 19:00:55] [Writer] 全部完成
[2026-05-16 19:00:56] [Writer] 第1942章已保存（4820字） -> D:\AiProject\Node\novels\chapters\chapter_1942.txt
[2026-05-16 19:00:58] [Writer] 全部完成
[2026-05-16 19:01:04] [Writer] 第1944章已保存（3804字） -> D:\AiProject\Node\novels\chapters\chapter_1944.txt
[2026-05-16 19:01:06] [Writer] 第1940章已保存（3858字） -> D:\AiProject\Node\novels\chapters\chapter_1940.txt
[2026-05-16 19:01:06] [Writer] 全部完成
[2026-05-16 19:01:08] [Writer] 全部完成
[2026-05-16 19:01:10] [Writer] 第1950章已保存（4314字） -> D:\AiProject\Node\novels\chapters\chapter_1950.txt
[2026-05-16 19:01:11] [Writer] 第1946章已保存（4319字） -> D:\AiProject\Node\novels\chapters\chapter_1946.txt
[2026-05-16 19:01:12] [Writer] 全部完成
[2026-05-16 19:01:13] [Writer] 全部完成
[2026-05-16 19:01:15] [Writer] 第1960章已保存（5982字） -> D:\AiProject\Node\novels\chapters\chapter_1960.txt
[2026-05-16 19:01:17] [Writer] 全部完成
[2026-05-16 19:01:17] [Writer] 第1926章已保存（4353字） -> D:\AiProject\Node\novels\chapters\chapter_1926.txt
[2026-05-16 19:01:18] [Writer] 第1924章已保存（3177字） -> D:\AiProject\Node\novels\chapters\chapter_1924.txt
[2026-05-16 19:01:19] [Writer] 全部完成
[2026-05-16 19:01:20] [Writer] 全部完成
[2026-05-16 19:01:20] [Writer] 第1934章已保存（6727字） -> D:\AiProject\Node\novels\chapters\chapter_1934.txt
[2026-05-16 19:01:22] [Writer] 全部完成
[2026-05-16 19:01:25] [Writer] 第1956章已保存（7159字） -> D:\AiProject\Node\novels\chapters\chapter_1956.txt
[2026-05-16 19:01:27] [Writer] 第1930章已保存（5186字） -> D:\AiProject\Node\novels\chapters\chapter_1930.txt
[2026-05-16 19:01:27] [Writer] 全部完成
[2026-05-16 19:01:29] [Writer] 全部完成
[2026-05-16 19:01:41] [Writer] 第1952章已保存（5929字） -> D:\AiProject\Node\novels\chapters\chapter_1952.txt
[2026-05-16 19:01:43] [Writer] 全部完成
[2026-05-16 19:01:57] [Writer] 第1948章已保存（3553字） -> D:\AiProject\Node\novels\chapters\chapter_1948.txt
[2026-05-16 19:01:58] [Writer] 第1958章已保存（6305字） -> D:\AiProject\Node\novels\chapters\chapter_1958.txt
[2026-05-16 19:01:59] [Writer] 全部完成
[2026-05-16 19:02:00] [Writer] 全部完成
[2026-05-16 19:03:26] [Writer] 正在生成第1961章...
[2026-05-16 19:03:26] [Writer] 正在生成第1965章...
[2026-05-16 19:03:26] [Writer] 正在生成第1963章...
[2026-05-16 19:03:26] [Writer] 正在生成第1971章...
[2026-05-16 19:03:26] [Writer] 正在生成第1969章...
[2026-05-16 19:03:26] [Writer] 正在生成第1975章...
[2026-05-16 19:03:26] [Writer] 正在生成第1967章...
[2026-05-16 19:03:26] [Writer] 正在生成第1977章...
[2026-05-16 19:03:26] [Writer] 正在生成第1979章...
[2026-05-16 19:03:26] [Writer] 正在生成第1981章...
[2026-05-16 19:03:26] [Writer] 正在生成第1987章...
[2026-05-16 19:03:26] [Writer] 正在生成第1983章...
[2026-05-16 19:03:26] [Writer] 正在生成第1973章...
[2026-05-16 19:03:26] [Writer] 正在生成第1985章...
[2026-05-16 19:03:26] [Writer] 正在生成第1989章...
[2026-05-16 19:03:27] [Writer] 正在生成第1999章...
[2026-05-16 19:03:27] [Writer] 正在生成第1991章...
[2026-05-16 19:03:27] [Writer] 正在生成第1995章...
[2026-05-16 19:03:27] [Writer] 正在生成第1997章...
[2026-05-16 19:03:27] [Writer] 正在生成第1993章...
[2026-05-16 19:04:25] [Writer] 第1975章已保存（4197字） -> D:\AiProject\Node\novels\chapters\chapter_1975.txt
[2026-05-16 19:04:27] [Writer] 正在生成第1976章...
[2026-05-16 19:04:30] [Writer] 第1993章已保存（5022字） -> D:\AiProject\Node\novels\chapters\chapter_1993.txt
[2026-05-16 19:04:30] [Writer] 第1987章已保存（4827字） -> D:\AiProject\Node\novels\chapters\chapter_1987.txt
[2026-05-16 19:04:32] [Writer] 正在生成第1994章...
[2026-05-16 19:04:32] [Writer] 正在生成第1988章...
[2026-05-16 19:04:32] [Writer] 第1997章已保存（4422字） -> D:\AiProject\Node\novels\chapters\chapter_1997.txt
[2026-05-16 19:04:32] [Writer] 第1967章已保存（4271字） -> D:\AiProject\Node\novels\chapters\chapter_1967.txt
[2026-05-16 19:04:33] [Writer] 第1973章已保存（4601字） -> D:\AiProject\Node\novels\chapters\chapter_1973.txt
[2026-05-16 19:04:34] [Writer] 第1979章已保存（4506字） -> D:\AiProject\Node\novels\chapters\chapter_1979.txt
[2026-05-16 19:04:34] [Writer] 正在生成第1998章...
[2026-05-16 19:04:34] [Writer] 正在生成第1968章...
[2026-05-16 19:04:35] [Writer] 正在生成第1974章...
[2026-05-16 19:04:36] [Writer] 正在生成第1980章...
[2026-05-16 19:04:37] [Writer] 第1995章已保存（4543字） -> D:\AiProject\Node\novels\chapters\chapter_1995.txt
[2026-05-16 19:04:37] [Writer] 第1965章已保存（5387字） -> D:\AiProject\Node\novels\chapters\chapter_1965.txt
[2026-05-16 19:04:39] [Writer] 正在生成第1996章...
[2026-05-16 19:04:39] [Writer] 正在生成第1966章...
[2026-05-16 19:04:41] [Writer] 第1969章已保存（5604字） -> D:\AiProject\Node\novels\chapters\chapter_1969.txt
[2026-05-16 19:04:42] [Writer] 第1989章已保存（6168字） -> D:\AiProject\Node\novels\chapters\chapter_1989.txt
[2026-05-16 19:04:43] [Writer] 正在生成第1970章...
[2026-05-16 19:04:44] [Writer] 正在生成第1990章...
[2026-05-16 19:04:45] [Writer] 第1971章已保存（5834字） -> D:\AiProject\Node\novels\chapters\chapter_1971.txt
[2026-05-16 19:04:47] [Writer] 正在生成第1972章...
[2026-05-16 19:04:48] [Writer] 第1999章已保存（5182字） -> D:\AiProject\Node\novels\chapters\chapter_1999.txt
[2026-05-16 19:04:49] [Writer] 第1991章已保存（5625字） -> D:\AiProject\Node\novels\chapters\chapter_1991.txt
[2026-05-16 19:04:50] [Writer] 正在生成第2000章...
[2026-05-16 19:04:50] [Writer] 第1963章已保存（5993字） -> D:\AiProject\Node\novels\chapters\chapter_1963.txt
[2026-05-16 19:04:51] [Writer] 正在生成第1992章...
[2026-05-16 19:04:52] [Writer] 第1961章生成失败，重试(1/3)...
[2026-05-16 19:04:52] [Writer] 正在生成第1964章...
[2026-05-16 19:04:54] [Writer] 第1981章已保存（6496字） -> D:\AiProject\Node\novels\chapters\chapter_1981.txt
[2026-05-16 19:04:56] [Writer] 正在生成第1982章...
[2026-05-16 19:04:57] [Writer] 正在生成第1961章...
[2026-05-16 19:05:10] [Writer] 第1983章已保存（7663字） -> D:\AiProject\Node\novels\chapters\chapter_1983.txt
[2026-05-16 19:05:12] [Writer] 正在生成第1984章...
[2026-05-16 19:05:19] [Writer] 第1974章已保存（3441字） -> D:\AiProject\Node\novels\chapters\chapter_1974.txt
[2026-05-16 19:05:21] [Writer] 全部完成
[2026-05-16 19:05:24] [Writer] 第1977章已保存（8516字） -> D:\AiProject\Node\novels\chapters\chapter_1977.txt
[2026-05-16 19:05:25] [Writer] 第1985章已保存（8434字） -> D:\AiProject\Node\novels\chapters\chapter_1985.txt
[2026-05-16 19:05:26] [Writer] 正在生成第1978章...
[2026-05-16 19:05:27] [Writer] 正在生成第1986章...
[2026-05-16 19:05:28] [Writer] 第1976章已保存（4225字） -> D:\AiProject\Node\novels\chapters\chapter_1976.txt
[2026-05-16 19:05:30] [Writer] 全部完成
[2026-05-16 19:05:36] [Writer] 第1990章已保存（3696字） -> D:\AiProject\Node\novels\chapters\chapter_1990.txt
[2026-05-16 19:05:37] [Writer] 第1996章已保存（4303字） -> D:\AiProject\Node\novels\chapters\chapter_1996.txt
[2026-05-16 19:05:38] [Writer] 全部完成
[2026-05-16 19:05:39] [Writer] 全部完成
[2026-05-16 19:05:41] [Writer] 第1968章已保存（5025字） -> D:\AiProject\Node\novels\chapters\chapter_1968.txt
[2026-05-16 19:05:41] [Writer] 第1966章已保存（4496字） -> D:\AiProject\Node\novels\chapters\chapter_1966.txt
[2026-05-16 19:05:43] [Writer] 全部完成
[2026-05-16 19:05:43] [Writer] 全部完成
[2026-05-16 19:05:45] [Writer] 第1988章已保存（5119字） -> D:\AiProject\Node\novels\chapters\chapter_1988.txt
[2026-05-16 19:05:47] [Writer] 全部完成
[2026-05-16 19:05:49] [Writer] 第1980章已保存（5316字） -> D:\AiProject\Node\novels\chapters\chapter_1980.txt
[2026-05-16 19:05:51] [Writer] 全部完成
[2026-05-16 19:05:51] [Writer] 第1992章已保存（4228字） -> D:\AiProject\Node\novels\chapters\chapter_1992.txt
[2026-05-16 19:05:52] [Writer] 第1964章已保存（4266字） -> D:\AiProject\Node\novels\chapters\chapter_1964.txt
[2026-05-16 19:05:53] [Writer] 全部完成
[2026-05-16 19:05:53] [Writer] 第1972章已保存（5288字） -> D:\AiProject\Node\novels\chapters\chapter_1972.txt
[2026-05-16 19:05:54] [Writer] 全部完成
[2026-05-16 19:05:54] [Writer] 第1994章已保存（6406字） -> D:\AiProject\Node\novels\chapters\chapter_1994.txt
[2026-05-16 19:05:55] [Writer] 全部完成
[2026-05-16 19:05:55] [Writer] 第1970章已保存（6187字） -> D:\AiProject\Node\novels\chapters\chapter_1970.txt
[2026-05-16 19:05:56] [Writer] 全部完成
[2026-05-16 19:05:57] [Writer] 第2000章已保存（4792字） -> D:\AiProject\Node\novels\chapters\chapter_2000.txt
[2026-05-16 19:05:57] [Writer] 全部完成
[2026-05-16 19:05:59] [Writer] 全部完成
[2026-05-16 19:06:01] [Writer] 第1998章已保存（6376字） -> D:\AiProject\Node\novels\chapters\chapter_1998.txt
[2026-05-16 19:06:03] [Writer] 全部完成
[2026-05-16 19:06:13] [Writer] 第1982章已保存（5630字） -> D:\AiProject\Node\novels\chapters\chapter_1982.txt
[2026-05-16 19:06:15] [Writer] 全部完成
[2026-05-16 19:06:19] [Writer] 第1984章已保存（4435字） -> D:\AiProject\Node\novels\chapters\chapter_1984.txt
[2026-05-16 19:06:21] [Writer] 全部完成
[2026-05-16 19:06:23] [Writer] 第1961章已保存（7314字） -> D:\AiProject\Node\novels\chapters\chapter_1961.txt
[2026-05-16 19:06:25] [Writer] 正在生成第1962章...
[2026-05-16 19:06:35] [Writer] 第1978章已保存（5190字） -> D:\AiProject\Node\novels\chapters\chapter_1978.txt
[2026-05-16 19:06:35] [Writer] 第1986章已保存（5934字） -> D:\AiProject\Node\novels\chapters\chapter_1986.txt
[2026-05-16 19:06:37] [Writer] 全部完成
[2026-05-16 19:06:37] [Writer] 全部完成
[2026-05-16 19:07:33] [Writer] 第1962章已保存（5511字） -> D:\AiProject\Node\novels\chapters\chapter_1962.txt
[2026-05-16 19:07:35] [Writer] 全部完成
[2026-05-16 19:08:52] [Writer] 第576章检测到低分审查报告（评分6.5，verdict:需修改），将基于建议重写
[2026-05-16 19:08:52] [Writer] 正在生成第576章...
[2026-05-16 19:08:52] [Writer] 第565章检测到低分审查报告（评分6.5，verdict:需修改），将基于建议重写
[2026-05-16 19:08:52] [Writer] 正在生成第565章...
[2026-05-16 19:08:52] [Writer] 第582章检测到低分审查报告（评分2.5，verdict:需重写），将基于建议重写
[2026-05-16 19:08:52] [Writer] 正在生成第582章...
[2026-05-16 19:08:52] [Writer] 第998章检测到低分审查报告（评分6.5，verdict:需修改），将基于建议重写
[2026-05-16 19:08:52] [Writer] 正在生成第998章...
[2026-05-16 19:08:52] [Writer] 第534章检测到低分审查报告（评分6.5，verdict:需修改），将基于建议重写
[2026-05-16 19:08:52] [Writer] 第1048章检测到低分审查报告（评分6.5，verdict:需修改），将基于建议重写
[2026-05-16 19:08:52] [Writer] 正在生成第534章...
[2026-05-16 19:08:52] [Writer] 正在生成第1048章...
[2026-05-16 19:08:52] [Writer] 第776章检测到低分审查报告（评分6.5，verdict:需修改），将基于建议重写
[2026-05-16 19:08:52] [Writer] 正在生成第776章...
[2026-05-16 19:08:52] [Writer] 第559章检测到低分审查报告（评分6.5，verdict:需修改），将基于建议重写
[2026-05-16 19:08:52] [Writer] 正在生成第559章...
[2026-05-16 19:08:52] [Writer] 第1272章检测到低分审查报告（评分6.5，verdict:需修改），将基于建议重写
[2026-05-16 19:08:52] [Writer] 正在生成第1272章...
[2026-05-16 19:08:52] [Writer] 第1362章检测到低分审查报告（评分6.5，verdict:需修改），将基于建议重写
[2026-05-16 19:08:52] [Writer] 第1443章检测到低分审查报告（评分5.8，verdict:需修改），将基于建议重写
[2026-05-16 19:08:52] [Writer] 正在生成第1443章...
[2026-05-16 19:08:52] [Writer] 第1683章检测到低分审查报告（评分6.5，verdict:需修改），将基于建议重写
[2026-05-16 19:08:52] [Writer] 正在生成第1683章...
[2026-05-16 19:08:52] [Writer] 第1338章检测到低分审查报告（评分6.5，verdict:需修改），将基于建议重写
[2026-05-16 19:08:52] [Writer] 正在生成第1338章...
[2026-05-16 19:08:52] [Writer] 第1596章检测到低分审查报告（评分6.5，verdict:需修改），将基于建议重写
[2026-05-16 19:08:52] [Writer] 正在生成第1596章...
[2026-05-16 19:08:52] [Writer] 第1556章检测到低分审查报告（评分6.5，verdict:需修改），将基于建议重写
[2026-05-16 19:08:52] [Writer] 正在生成第1556章...
[2026-05-16 19:08:52] [Writer] 第1736章检测到低分审查报告（评分6.5，verdict:需修改），将基于建议重写
[2026-05-16 19:08:52] [Writer] 正在生成第1736章...
[2026-05-16 19:08:52] [Writer] 第1970章检测到低分审查报告（评分6.5，verdict:需修改），将基于建议重写
[2026-05-16 19:08:52] [Writer] 正在生成第1970章...
[2026-05-16 19:08:52] [Writer] 第1882章检测到低分审查报告（评分4.5，verdict:需重写），将基于建议重写
[2026-05-16 19:08:52] [Writer] 正在生成第1882章...
[2026-05-16 19:09:51] [Writer] 第1362章已保存（3453字） -> D:\AiProject\Node\novels\chapters\chapter_1362.txt
[2026-05-16 19:09:51] [Writer] 全部完成
[2026-05-16 19:09:52] [Writer] 第1443章已保存（4592字） -> D:\AiProject\Node\novels\chapters\chapter_1443.txt
[2026-05-16 19:09:52] [Writer] 全部完成
[2026-05-16 19:09:55] [Writer] 第1882章已保存（4549字） -> D:\AiProject\Node\novels\chapters\chapter_1882.txt
[2026-05-16 19:09:55] [Writer] 全部完成
[2026-05-16 19:09:57] [Writer] 第576章已保存（4378字） -> D:\AiProject\Node\novels\chapters\chapter_0576.txt
[2026-05-16 19:09:57] [Writer] 全部完成
[2026-05-16 19:10:05] [Writer] 第559章已保存（5642字） -> D:\AiProject\Node\novels\chapters\chapter_0559.txt
[2026-05-16 19:10:05] [Writer] 全部完成
[2026-05-16 19:10:07] [Writer] 第582章已保存（3702字） -> D:\AiProject\Node\novels\chapters\chapter_0582.txt
[2026-05-16 19:10:07] [Writer] 全部完成
[2026-05-16 19:10:07] [Writer] 第1683章已保存（497字） -> D:\AiProject\Node\novels\chapters\chapter_1683.txt
[2026-05-16 19:10:07] [Writer] 全部完成
[2026-05-16 19:10:07] [Writer] 第1596章已保存（5677字） -> D:\AiProject\Node\novels\chapters\chapter_1596.txt
[2026-05-16 19:10:07] [Writer] 全部完成
[2026-05-16 19:10:08] [Writer] 第998章已保存（5196字） -> D:\AiProject\Node\novels\chapters\chapter_0998.txt
[2026-05-16 19:10:08] [Writer] 全部完成
[2026-05-16 19:10:08] [Writer] 第1556章已保存（5492字） -> D:\AiProject\Node\novels\chapters\chapter_1556.txt
[2026-05-16 19:10:08] [Writer] 全部完成
[2026-05-16 19:10:08] [Writer] 第1736章已保存（5811字） -> D:\AiProject\Node\novels\chapters\chapter_1736.txt
[2026-05-16 19:10:08] [Writer] 全部完成
[2026-05-16 19:10:09] [Writer] 第1048章已保存（5506字） -> D:\AiProject\Node\novels\chapters\chapter_1048.txt
[2026-05-16 19:10:09] [Writer] 全部完成
[2026-05-16 19:10:11] [Writer] 第776章已保存（5708字） -> D:\AiProject\Node\novels\chapters\chapter_0776.txt
[2026-05-16 19:10:11] [Writer] 全部完成
[2026-05-16 19:10:20] [Writer] 第1338章已保存（6791字） -> D:\AiProject\Node\novels\chapters\chapter_1338.txt
[2026-05-16 19:10:20] [Writer] 全部完成
[2026-05-16 19:10:21] [Writer] 第1272章已保存（6746字） -> D:\AiProject\Node\novels\chapters\chapter_1272.txt
[2026-05-16 19:10:21] [Writer] 全部完成
[2026-05-16 19:10:28] [Writer] 第1970章已保存（6571字） -> D:\AiProject\Node\novels\chapters\chapter_1970.txt
[2026-05-16 19:10:28] [Writer] 全部完成
[2026-05-16 19:10:40] [Writer] 第565章已保存（4407字） -> D:\AiProject\Node\novels\chapters\chapter_0565.txt
[2026-05-16 19:10:40] [Writer] 全部完成
[2026-05-16 19:11:04] [Writer] 第534章已保存（828字） -> D:\AiProject\Node\novels\chapters\chapter_0534.txt
[2026-05-16 19:11:04] [Writer] 全部完成
