[2026-05-17 08:17:07] [Music] 待处理章节: 2000/2000
[2026-05-17 08:17:07] [Music] 处理批次 1/40, 本批 50 章
[2026-05-17 08:17:07] [Music] 开始处理第1章: 外婆的葬礼
[2026-05-17 08:17:07] [Music] 开始处理第2章: 子时的敲门声
[2026-05-17 08:17:07] [Music] 开始处理第3章: 遗物中的秘密
[2026-05-17 08:17:07] [Music] 开始处理第4章: 镜中的倒影
[2026-05-17 08:17:07] [Music] 开始处理第5章: 逃不出的夜路
[2026-05-17 08:18:04] [Music] 第3章音乐生成成功
[2026-05-17 08:18:04] [Music] 开始处理第6章: 遗照中的眼睛
[2026-05-17 08:18:14] [Music] 第4章音乐生成成功
[2026-05-17 08:18:14] [Music] 开始处理第7章: 外婆的遗言
[2026-05-17 08:18:15] [Music] 第1章音乐生成成功
[2026-05-17 08:18:15] [Music] 开始处理第8章: 与鬼的交易
[2026-05-17 08:18:34] [Music] 第2章音乐生成成功
[2026-05-17 08:18:34] [Music] 开始处理第9章: 觉醒后的异变
[2026-05-17 08:19:20] [Music] music generate timeout
[2026-05-17 08:19:20] [Music] 第5章音乐生成失败
[2026-05-17 08:19:20] [Music] 开始处理第10章: 老宅的访客
[2026-05-17 08:19:23] [Music] 第6章音乐生成成功
[2026-05-17 08:19:23] [Music] 开始处理第11章: 诡异的邻居
[2026-05-17 08:19:36] [Music] 第8章音乐生成成功
[2026-05-17 08:19:36] [Music] 开始处理第12章: 第一次杀戮
[2026-05-17 08:19:38] [Music] 第9章音乐生成成功
[2026-05-17 08:19:38] [Music] 开始处理第13章: 被召唤的亡魂
[2026-05-17 08:19:47] [Music] 第7章音乐生成成功
[2026-05-17 08:19:47] [Music] 开始处理第14章: 外婆的指引
[2026-05-17 08:20:25] [Music] 第11章音乐生成成功
[2026-05-17 08:20:25] [Music] 开始处理第15章: 村中老人的遗言
[2026-05-17 08:20:35] [Music] 第12章音乐生成成功
[2026-05-17 08:20:35] [Music] 开始处理第16章: 暗河逃亡
[2026-05-17 08:20:41] [Music] 第10章音乐生成成功
[2026-05-17 08:20:41] [Music] 开始处理第17章: 大山市的边缘
[2026-05-17 08:21:06] [Music] 第14章音乐生成成功
[2026-05-17 08:21:06] [Music] 开始处理第18章: 第一个夜晚
[2026-05-17 08:21:11] [Music] 第15章歌词生成失败
[2026-05-17 08:21:11] [Music] 开始处理第19章: 绝境中的爆发
[2026-05-17 08:21:21] [Music] 第17章歌词生成失败
[2026-05-17 08:21:21] [Music] 开始处理第20章: 心脏中的秘密
[2026-05-17 08:21:32] [Music] 第16章音乐生成成功
[2026-05-17 08:21:32] [Music] 开始处理第21章: 诡异的公寓楼
[2026-05-17 08:21:48] [Music] music generate timeout
[2026-05-17 08:21:48] [Music] 第13章音乐生成失败
[2026-05-17 08:21:48] [Music] 开始处理第22章: 敲门鬼的规律
[2026-05-17 08:22:22] [Music] 第18章音乐生成成功
[2026-05-17 08:22:22] [Music] 开始处理第23章: 楼下的声音
[2026-05-17 08:22:29] [Music] 第20章音乐生成成功
[2026-05-17 08:22:29] [Music] 开始处理第24章: 纸人鬼的剪刀
[2026-05-17 08:22:33] [Music] 第19章音乐生成成功
[2026-05-17 08:22:33] [Music] 开始处理第25章: 暂时的同盟
[2026-05-17 08:22:43] [Music] 第22章音乐生成成功
[2026-05-17 08:22:43] [Music] 开始处理第26章: 沉默者的代价
[2026-05-17 08:22:44] [Music] 第21章音乐生成成功
[2026-05-17 08:22:44] [Music] 开始处理第27章: 无声的世界
[2026-05-17 08:23:23] [Music] 第23章音乐生成成功
[2026-05-17 08:23:23] [Music] 开始处理第28章: 红圈之内
[2026-05-17 08:23:49] [Music] 第24章音乐生成成功
[2026-05-17 08:23:49] [Music] 开始处理第29章: 故人之影
[2026-05-17 08:23:53] [Music] 第25章音乐生成成功
[2026-05-17 08:23:53] [Music] 开始处理第30章: 玻璃柜中的怪物
[2026-05-17 08:24:06] [Music] 第27章音乐生成成功
[2026-05-17 08:24:06] [Music] 开始处理第31章: 缝合的真相
[2026-05-17 08:24:11] [Music] 第26章音乐生成成功
[2026-05-17 08:24:11] [Music] 开始处理第32章: 倒带五秒
[2026-05-17 08:24:22] [Music] 第28章音乐生成成功
[2026-05-17 08:24:22] [Music] 开始处理第33章: 逃离医院
[2026-05-17 08:24:32] [Music] 第29章歌词生成失败
[2026-05-17 08:24:32] [Music] 开始处理第34章: 记忆的碎片
[2026-05-17 08:25:10] [Music] 第32章音乐生成成功
[2026-05-17 08:25:10] [Music] 开始处理第35章: 回声巷的邀请
[2026-05-17 08:25:13] [Music] 第31章音乐生成成功
[2026-05-17 08:25:13] [Music] 开始处理第36章: 通往云海
[2026-05-17 08:25:17] [Music] 第30章音乐生成成功
[2026-05-17 08:25:17] [Music] 开始处理第37章: 名字的重量
[2026-05-17 08:25:27] [Music] 第34章音乐生成成功
[2026-05-17 08:25:27] [Music] 开始处理第38章: 沉默的回击
[2026-05-17 08:26:06] [Music] 第33章音乐生成成功
[2026-05-17 08:26:06] [Music] 开始处理第39章: 外婆的秘密
[2026-05-17 08:26:09] [Music] 第35章音乐生成成功
[2026-05-17 08:26:09] [Music] 开始处理第40章: 黑暗中的眼睛
[2026-05-17 08:26:18] [Music] 第36章音乐生成成功
[2026-05-17 08:26:18] [Music] 开始处理第41章: 纸人的遗言
[2026-05-17 08:26:31] [Music] 第39章歌词生成失败
[2026-05-17 08:26:31] [Music] 开始处理第42章: 二十年前的失踪者
[2026-05-17 08:26:31] [Music] 第37章音乐生成成功
[2026-05-17 08:26:31] [Music] 开始处理第43章: 缝纫机的诅咒
[2026-05-17 08:26:34] [Music] 第38章音乐生成成功
[2026-05-17 08:26:34] [Music] 开始处理第44章: 404室的秘密
[2026-05-17 08:27:23] [Music] 第41章音乐生成成功
[2026-05-17 08:27:23] [Music] 开始处理第45章: 裁缝的另一面
[2026-05-17 08:27:31] [Music] 第40章音乐生成成功
[2026-05-17 08:27:31] [Music] 开始处理第46章: 镜中的真相
[2026-05-17 08:27:36] [Music] 第43章音乐生成成功
[2026-05-17 08:27:36] [Music] 开始处理第47章: 血脉的诅咒
[2026-05-17 08:27:59] [Music] 待处理章节: 1964/2000
[2026-05-17 08:27:59] [Music] 处理批次 1/40, 本批 50 章
[2026-05-17 08:27:59] [Music] 开始处理第5章: 逃不出的夜路
[2026-05-17 08:27:59] [Music] 开始处理第13章: 被召唤的亡魂
[2026-05-17 08:27:59] [Music] 开始处理第15章: 村中老人的遗言
[2026-05-17 08:27:59] [Music] 开始处理第17章: 大山市的边缘
[2026-05-17 08:27:59] [Music] 开始处理第29章: 故人之影
[2026-05-17 08:28:54] [Music] 第17章音乐生成成功
[2026-05-17 08:28:54] [Music] 开始处理第39章: 外婆的秘密
[2026-05-17 08:28:59] [Music] 第13章音乐生成成功
[2026-05-17 08:28:59] [Music] 开始处理第42章: 二十年前的失踪者
[2026-05-17 08:29:10] [Music] 第5章音乐生成成功
[2026-05-17 08:29:10] [Music] 开始处理第44章: 404室的秘密
[2026-05-17 08:29:15] [Music] 第29章音乐生成成功
[2026-05-17 08:29:15] [Music] 开始处理第45章: 裁缝的另一面
[2026-05-17 08:29:21] [Music] 第15章音乐生成成功
[2026-05-17 08:29:21] [Music] 开始处理第46章: 镜中的真相
[2026-05-17 08:29:25] [Music] 第39章歌词生成失败
[2026-05-17 08:29:25] [Music] 开始处理第47章: 血脉的诅咒
[2026-05-17 08:30:13] [Music] 第42章音乐生成成功
[2026-05-17 08:30:13] [Music] 开始处理第48章: 王秀芬的遗愿
[2026-05-17 08:30:17] [Music] 第44章音乐生成成功
[2026-05-17 08:30:17] [Music] 开始处理第49章: 缝合与解脱
[2026-05-17 08:30:19] [Music] 第45章音乐生成成功
[2026-05-17 08:30:19] [Music] 开始处理第50章: 暂时的安宁
[2026-05-17 08:30:23] [Music] 第47章音乐生成成功
[2026-05-17 08:30:23] [Music] 开始处理第51章: 纸人之心
[2026-05-17 08:30:30] [Music] 第46章音乐生成成功
[2026-05-17 08:30:30] [Music] 开始处理第52章: 纸墨迷香
[2026-05-17 08:31:07] [Music] 第48章音乐生成成功
[2026-05-17 08:31:07] [Music] 开始处理第53章: 记忆裂痕
[2026-05-17 08:31:17] [Music] 第50章音乐生成成功
[2026-05-17 08:31:17] [Music] 开始处理第54章: 缝脸鬼的针线
[2026-05-17 08:31:36] [Music] 第49章音乐生成成功
[2026-05-17 08:31:36] [Music] 开始处理第55章: 红线与真心话
[2026-05-17 08:31:46] [Music] 第52章音乐生成成功
[2026-05-17 08:31:46] [Music] 开始处理第56章: 纸化的左手
[2026-05-17 08:31:53] [Music] 第51章音乐生成成功
[2026-05-17 08:31:53] [Music] 开始处理第57章: 纸人村
[2026-05-17 08:32:15] [Music] 第53章音乐生成成功
[2026-05-17 08:32:15] [Music] 开始处理第58章: 纸扎厂秘辛
[2026-05-17 08:32:22] [Music] 第54章音乐生成成功
[2026-05-17 08:32:22] [Music] 开始处理第59章: 熔炉中的灵魂
[2026-05-17 08:32:42] [Music] 第55章音乐生成成功
[2026-05-17 08:32:42] [Music] 开始处理第60章: 鬼气克鬼
[2026-05-17 08:32:48] [Music] 第56章音乐生成成功
[2026-05-17 08:32:49] [Music] 开始处理第61章: 鬼与人的边界
[2026-05-17 08:33:11] [Music] 第57章音乐生成成功
[2026-05-17 08:33:11] [Music] 开始处理第62章: 工厂主人
[2026-05-17 08:33:11] [Music] 第58章音乐生成成功
[2026-05-17 08:33:11] [Music] 开始处理第63章: 纸人的真相
[2026-05-17 08:33:48] [Music] 第59章音乐生成成功
[2026-05-17 08:33:48] [Music] 开始处理第64章: 拒绝与逃离
[2026-05-17 08:34:01] [Music] 第64章歌词生成失败
[2026-05-17 08:34:01] [Music] 开始处理第65章: 夜色中的喘息
[2026-05-17 08:34:15] [Music] 第62章音乐生成成功
[2026-05-17 08:34:15] [Music] 开始处理第66章: 哭声鬼的诅咒
[2026-05-17 08:34:21] [Music] 第63章音乐生成成功
[2026-05-17 08:34:21] [Music] 开始处理第67章: 厄运缠身
[2026-05-17 08:34:23] [Music] 第60章音乐生成成功
[2026-05-17 08:34:23] [Music] 开始处理第68章: 附身的预言
[2026-05-17 08:34:27] [Music] 第61章音乐生成成功
[2026-05-17 08:34:27] [Music] 开始处理第69章: 寻找源头
[2026-05-17 08:35:26] [Music] 第69章音乐生成成功
[2026-05-17 08:35:26] [Music] 开始处理第70章: 触觉的指引
[2026-05-17 08:35:35] [Music] 第66章音乐生成成功
[2026-05-17 08:35:35] [Music] 开始处理第71章: 眼泪的代价
[2026-05-17 08:35:43] [Music] 第65章音乐生成成功
[2026-05-17 08:35:43] [Music] 开始处理第72章: 守门人的眼泪
[2026-05-17 08:35:46] [Music] 第68章音乐生成成功
[2026-05-17 08:35:46] [Music] 开始处理第73章: 选择与救赎
[2026-05-17 08:35:49] [Music] 第67章音乐生成成功
[2026-05-17 08:35:49] [Music] 开始处理第74章: 短暂的安全
[2026-05-17 08:36:20] [Music] 第72章歌词生成失败
[2026-05-17 08:36:20] [Music] 开始处理第75章: 新的旅程
[2026-05-17 08:36:24] [Music] 第71章音乐生成成功
[2026-05-17 08:36:24] [Music] 开始处理第76章: 分道扬镳
[2026-05-17 08:36:51] [Music] 第74章音乐生成成功
[2026-05-17 08:36:51] [Music] 开始处理第77章: 不存在旅馆
[2026-05-17 08:36:53] [Music] 第70章音乐生成成功
[2026-05-17 08:36:53] [Music] 开始处理第78章: 恐惧房间
[2026-05-17 08:37:01] [Music] 第73章音乐生成成功
[2026-05-17 08:37:01] [Music] 开始处理第79章: 妹妹的房间
[2026-05-17 08:37:26] [Music] 第76章音乐生成成功
[2026-05-17 08:37:26] [Music] 开始处理第80章: 纸人的微笑
[2026-05-17 08:37:38] [Music] 第75章音乐生成成功
[2026-05-17 08:37:38] [Music] 开始处理第81章: 纸化蔓延
[2026-05-17 08:37:49] [Music] 第80章歌词生成失败
[2026-05-17 08:37:49] [Music] 开始处理第82章: 旅馆真相
[2026-05-17 08:37:56] [Music] 第77章音乐生成成功
[2026-05-17 08:37:56] [Music] 开始处理第83章: 最后之门
[2026-05-17 08:38:04] [Music] 第79章音乐生成成功
[2026-05-17 08:38:04] [Music] 开始处理第84章: 墓地的低语
[2026-05-17 08:38:06] [Music] 第78章音乐生成成功
[2026-05-17 08:38:06] [Music] 开始处理第85章: 掘墓人
[2026-05-17 08:38:55] [Music] 第84章音乐生成成功
[2026-05-17 08:38:55] [Music] 开始处理第86章: 最后的二十四小时
[2026-05-17 08:39:12] [Music] 第82章音乐生成成功
[2026-05-17 08:39:14] [Music] 第81章音乐生成成功
[2026-05-17 08:39:19] [Music] 第85章音乐生成成功
[2026-05-17 08:39:21] [Music] 第83章音乐生成成功
[2026-05-17 08:40:17] [Music] 第86章音乐生成成功
[2026-05-17 08:40:17] [Music] 批次完成: 成功 46, 失败 4
[2026-05-17 08:40:17] [Music] 累计: 成功 46, 失败 4
[2026-05-17 08:40:17] [Music] 批次间休息30秒...
[2026-05-17 08:40:47] [Music] 处理批次 2/40, 本批 50 章
[2026-05-17 08:40:47] [Music] 开始处理第87章: 火灾记忆
[2026-05-17 08:40:47] [Music] 开始处理第88章: 火焰守望者
[2026-05-17 08:40:47] [Music] 开始处理第89章: 母亲的面容
[2026-05-17 08:40:47] [Music] 开始处理第90章: 火焰熄灭
[2026-05-17 08:40:47] [Music] 开始处理第91章: 回归现实
[2026-05-17 08:41:46] [Music] 第89章音乐生成成功
[2026-05-17 08:41:46] [Music] 开始处理第92章: 黑雨中的相遇
[2026-05-17 08:41:48] [Music] 第90章音乐生成成功
[2026-05-17 08:41:48] [Music] 开始处理第93章: 祠堂秘密
[2026-05-17 08:41:59] [Music] 第88章音乐生成成功
[2026-05-17 08:41:59] [Music] 开始处理第94章: 外婆的遗物
[2026-05-17 08:42:06] [Music] 第91章音乐生成成功
[2026-05-17 08:42:06] [Music] 开始处理第95章: 日记残页
[2026-05-17 08:42:15] [Music] 第87章音乐生成成功
[2026-05-17 08:42:15] [Music] 开始处理第96章: 先知的真面目
[2026-05-17 08:42:50] [Music] 第92章音乐生成成功
[2026-05-17 08:42:50] [Music] 开始处理第97章: 突袭者
[2026-05-17 08:42:53] [Music] 第93章音乐生成成功
[2026-05-17 08:42:53] [Music] 开始处理第98章: 鬼的觉醒
[2026-05-17 08:43:25] [Music] 第94章音乐生成成功
[2026-05-17 08:43:25] [Music] 开始处理第99章: 审判者的面具
[2026-05-17 08:43:41] [Music] 第96章音乐生成成功
[2026-05-17 08:43:41] [Music] 开始处理第100章: 雨中抉择
[2026-05-17 08:44:01] [Music] 第95章音乐生成成功
[2026-05-17 08:44:01] [Music] 开始处理第101章: 废弃钟表厂
[2026-05-17 08:44:03] [Music] 第98章音乐生成成功
[2026-05-17 08:44:03] [Music] 开始处理第102章: 三点钟的亡魂
[2026-05-17 08:44:08] [Music] 第97章音乐生成成功
[2026-05-17 08:44:08] [Music] 开始处理第103章: 三十七张工牌
[2026-05-17 08:44:32] [Music] 第100章音乐生成成功
[2026-05-17 08:44:32] [Music] 开始处理第104章: 缝补时间的代价
[2026-05-17 08:44:37] [Music] 配额不足: {
  "error": {
    "code": 1,
    "message": "API error: usage limit exceeded, daily usage limit reached for Token Plan Hs_max (100/100 used), resets at 2026-05-18T00:00:00+08:00 (HTTP 200)"
  }
}
[2026-05-17 08:44:37] [Music] 第103章音乐生成失败
[2026-05-17 08:44:37] [Music] 开始处理第105章: 三十七年的债
[2026-05-17 08:44:59] [Music] 第99章音乐生成成功
[2026-05-17 08:44:59] [Music] 开始处理第106章: 活着的死人
[2026-05-17 08:45:03] [Music] 配额不足: {
  "error": {
    "code": 1,
    "message": "API error: usage limit exceeded, daily usage limit reached for Token Plan Hs_max (100/100 used), resets at 2026-05-18T00:00:00+08:00 (HTTP 200)"
  }
}
[2026-05-17 08:45:03] [Music] 第105章音乐生成失败
[2026-05-17 08:45:03] [Music] 开始处理第107章: 时间的债主
[2026-05-17 08:45:04] [Music] 配额不足: {
  "error": {
    "code": 1,
    "message": "API error: usage limit exceeded, daily usage limit reached for Token Plan Hs_max (100/100 used), resets at 2026-05-18T00:00:00+08:00 (HTTP 200)"
  }
}
[2026-05-17 08:45:04] [Music] 第104章音乐生成失败
[2026-05-17 08:45:04] [Music] 开始处理第108章: 纸扎店的老太太
[2026-05-17 08:45:20] [Music] 第102章音乐生成成功
[2026-05-17 08:45:20] [Music] 开始处理第109章: 午夜纸人
[2026-05-17 08:45:28] [Music] 配额不足: {
  "error": {
    "code": 1,
    "message": "API error: usage limit exceeded, daily usage limit reached for Token Plan Hs_max (100/100 used), resets at 2026-05-18T00:00:00+08:00 (HTTP 200)"
  }
}
[2026-05-17 08:45:28] [Music] 第108章音乐生成失败
[2026-05-17 08:45:28] [Music] 开始处理第110章: 纸扎店的秘密
[2026-05-17 08:45:32] [Music] 配额不足: {
  "error": {
    "code": 1,
    "message": "API error: usage limit exceeded, daily usage limit reached for Token Plan Hs_max (100/100 used), resets at 2026-05-18T00:00:00+08:00 (HTTP 200)"
  }
}
[2026-05-17 08:45:32] [Music] 第107章音乐生成失败
[2026-05-17 08:45:32] [Music] 开始处理第111章: 苏小曼的危机
[2026-05-17 08:45:35] [Music] 第101章音乐生成成功
[2026-05-17 08:45:35] [Music] 开始处理第112章: 十三蜡烛
[2026-05-17 08:45:43] [Music] 配额不足: {
  "error": {
    "code": 1,
    "message": "API error: usage limit exceeded, daily usage limit reached for Token Plan Hs_max (100/100 used), resets at 2026-05-18T00:00:00+08:00 (HTTP 200)"
  }
}
[2026-05-17 08:45:43] [Music] 第109章音乐生成失败
[2026-05-17 08:45:43] [Music] 开始处理第113章: 白夜的警告
[2026-05-17 08:45:49] [Music] 配额不足: {
  "error": {
    "code": 1,
    "message": "API error: usage limit exceeded, daily usage limit reached for Token Plan Hs_max (100/100 used), resets at 2026-05-18T00:00:00+08:00 (HTTP 200)"
  }
}
[2026-05-17 08:45:49] [Music] 第106章音乐生成失败
[2026-05-17 08:45:49] [Music] 开始处理第114章: 黄泉路的情报
[2026-05-17 08:45:58] [Music] 第110章歌词生成失败
[2026-05-17 08:45:58] [Music] 开始处理第115章: 赵鹤的往事
[2026-05-17 08:45:58] [Music] 配额不足: {
  "error": {
    "code": 1,
    "message": "API error: usage limit exceeded, daily usage limit reached for Token Plan Hs_max (100/100 used), resets at 2026-05-18T00:00:00+08:00 (HTTP 200)"
  }
}
[2026-05-17 08:45:58] [Music] 第112章音乐生成失败
[2026-05-17 08:45:58] [Music] 开始处理第116章: 母亲的遗物
[2026-05-17 08:46:02] [Music] 配额不足: {
  "error": {
    "code": 1,
    "message": "API error: usage limit exceeded, daily usage limit reached for Token Plan Hs_max (100/100 used), resets at 2026-05-18T00:00:00+08:00 (HTTP 200)"
  }
}
[2026-05-17 08:46:02] [Music] 第111章音乐生成失败
[2026-05-17 08:46:02] [Music] 开始处理第117章: 外婆的封印
[2026-05-17 08:46:11] [Music] 配额不足: {
  "error": {
    "code": 1,
    "message": "API error: usage limit exceeded, daily usage limit reached for Token Plan Hs_max (100/100 used), resets at 2026-05-18T00:00:00+08:00 (HTTP 200)"
  }
}
[2026-05-17 08:46:11] [Music] 第113章音乐生成失败
[2026-05-17 08:46:11] [Music] 开始处理第118章: 顾清雨的失踪
[2026-05-17 08:46:14] [Music] 配额不足: {
  "error": {
    "code": 1,
    "message": "API error: usage limit exceeded, daily usage limit reached for Token Plan Hs_max (100/100 used), resets at 2026-05-18T00:00:00+08:00 (HTTP 200)"
  }
}
[2026-05-17 08:46:14] [Music] 第114章音乐生成失败
[2026-05-17 08:46:14] [Music] 开始处理第119章: 被诅咒的心脏
[2026-05-17 08:46:21] [Music] 配额不足: {
  "error": {
    "code": 1,
    "message": "API error: usage limit exceeded, daily usage limit reached for Token Plan Hs_max (100/100 used), resets at 2026-05-18T00:00:00+08:00 (HTTP 200)"
  }
}
[2026-05-17 08:46:21] [Music] 第116章音乐生成失败
[2026-05-17 08:46:21] [Music] 开始处理第120章: 诅咒的代价
[2026-05-17 08:46:23] [Music] 配额不足: {
  "error": {
    "code": 1,
    "message": "API error: usage limit exceeded, daily usage limit reached for Token Plan Hs_max (100/100 used), resets at 2026-05-18T00:00:00+08:00 (HTTP 200)"
  }
}
[2026-05-17 08:46:23] [Music] 第115章音乐生成失败
[2026-05-17 08:46:23] [Music] 开始处理第121章: 黑手的代价
[2026-05-17 08:46:30] [Music] 配额不足: {
  "error": {
    "code": 1,
    "message": "API error: usage limit exceeded, daily usage limit reached for Token Plan Hs_max (100/100 used), resets at 2026-05-18T00:00:00+08:00 (HTTP 200)"
  }
}
[2026-05-17 08:46:30] [Music] 第117章音乐生成失败
[2026-05-17 08:46:30] [Music] 开始处理第122章: 雨夜追踪
[2026-05-17 08:46:34] [Music] 第121章歌词生成失败
[2026-05-17 08:46:34] [Music] 开始处理第123章: 陈锋的过去
[2026-05-17 08:46:38] [Music] 配额不足: {
  "error": {
    "code": 1,
    "message": "API error: usage limit exceeded, daily usage limit reached for Token Plan Hs_max (100/100 used), resets at 2026-05-18T00:00:00+08:00 (HTTP 200)"
  }
}
[2026-05-17 08:46:38] [Music] 第118章音乐生成失败
[2026-05-17 08:46:38] [Music] 开始处理第124章: 雾中的眼睛
[2026-05-17 08:46:54] [Music] 第119章歌词生成失败
[2026-05-17 08:46:54] [Music] 开始处理第125章: 倒带的碎片
[2026-05-17 08:46:56] [Music] 配额不足: {
  "error": {
    "code": 1,
    "message": "API error: usage limit exceeded, daily usage limit reached for Token Plan Hs_max (100/100 used), resets at 2026-05-18T00:00:00+08:00 (HTTP 200)"
  }
}
[2026-05-17 08:46:56] [Music] 第122章音乐生成失败
[2026-05-17 08:46:56] [Music] 开始处理第126章: 残阳如血
[2026-05-17 08:46:56] [Music] 配额不足: {
  "error": {
    "code": 1,
    "message": "API error: usage limit exceeded, daily usage limit reached for Token Plan Hs_max (100/100 used), resets at 2026-05-18T00:00:00+08:00 (HTTP 200)"
  }
}
[2026-05-17 08:46:56] [Music] 第120章音乐生成失败
[2026-05-17 08:46:56] [Music] 开始处理第127章: 祠堂秘闻
[2026-05-17 08:47:04] [Music] 配额不足: {
  "error": {
    "code": 1,
    "message": "API error: usage limit exceeded, daily usage limit reached for Token Plan Hs_max (100/100 used), resets at 2026-05-18T00:00:00+08:00 (HTTP 200)"
  }
}
[2026-05-17 08:47:04] [Music] 第123章音乐生成失败
[2026-05-17 08:47:04] [Music] 开始处理第128章: 无面神像
[2026-05-17 08:47:09] [Music] 配额不足: {
  "error": {
    "code": 1,
    "message": "API error: usage limit exceeded, daily usage limit reached for Token Plan Hs_max (100/100 used), resets at 2026-05-18T00:00:00+08:00 (HTTP 200)"
  }
}
[2026-05-17 08:47:09] [Music] 第124章音乐生成失败
[2026-05-17 08:47:09] [Music] 开始处理第129章: 夜半哭声
[2026-05-17 08:47:23] [Music] 配额不足: {
  "error": {
    "code": 1,
    "message": "API error: usage limit exceeded, daily usage limit reached for Token Plan Hs_max (100/100 used), resets at 2026-05-18T00:00:00+08:00 (HTTP 200)"
  }
}
[2026-05-17 08:47:23] [Music] 第125章音乐生成失败
[2026-05-17 08:47:23] [Music] 开始处理第130章: 以名换名
[2026-05-17 08:47:25] [Music] 配额不足: {
  "error": {
    "code": 1,
    "message": "API error: usage limit exceeded, daily usage limit reached for Token Plan Hs_max (100/100 used), resets at 2026-05-18T00:00:00+08:00 (HTTP 200)"
  }
}
[2026-05-17 08:47:25] [Music] 第127章音乐生成失败
[2026-05-17 08:47:25] [Music] 开始处理第131章: 黎明前的血
[2026-05-17 08:47:33] [Music] 第126章歌词生成失败
[2026-05-17 08:47:33] [Music] 开始处理第132章: 镜中人
[2026-05-17 08:47:34] [Music] 配额不足: {
  "error": {
    "code": 1,
    "message": "API error: usage limit exceeded, daily usage limit reached for Token Plan Hs_max (100/100 used), resets at 2026-05-18T00:00:00+08:00 (HTTP 200)"
  }
}
[2026-05-17 08:47:34] [Music] 第129章音乐生成失败
[2026-05-17 08:47:34] [Music] 开始处理第133章: 镜子屋的入口
[2026-05-17 08:47:35] [Music] 配额不足: {
  "error": {
    "code": 1,
    "message": "API error: usage limit exceeded, daily usage limit reached for Token Plan Hs_max (100/100 used), resets at 2026-05-18T00:00:00+08:00 (HTTP 200)"
  }
}
[2026-05-17 08:47:35] [Music] 第128章音乐生成失败
[2026-05-17 08:47:35] [Music] 开始处理第134章: 第一面镜子
[2026-05-17 08:47:48] [Music] 配额不足: {
  "error": {
    "code": 1,
    "message": "API error: usage limit exceeded, daily usage limit reached for Token Plan Hs_max (100/100 used), resets at 2026-05-18T00:00:00+08:00 (HTTP 200)"
  }
}
[2026-05-17 08:47:48] [Music] 第130章音乐生成失败
[2026-05-17 08:47:48] [Music] 开始处理第135章: 闭上眼睛的世界
[2026-05-17 08:47:54] [Music] 配额不足: {
  "error": {
    "code": 1,
    "message": "API error: usage limit exceeded, daily usage limit reached for Token Plan Hs_max (100/100 used), resets at 2026-05-18T00:00:00+08:00 (HTTP 200)"
  }
}
[2026-05-17 08:47:54] [Music] 第131章音乐生成失败
[2026-05-17 08:47:54] [Music] 开始处理第136章: 楼梯上的画像
[2026-05-17 08:47:56] [Music] 配额不足: {
  "error": {
    "code": 1,
    "message": "API error: usage limit exceeded, daily usage limit reached for Token Plan Hs_max (100/100 used), resets at 2026-05-18T00:00:00+08:00 (HTTP 200)"
  }
}
[2026-05-17 08:47:56] [Music] 第133章音乐生成失败
[2026-05-17 08:48:03] [Music] 配额不足: {
  "error": {
    "code": 1,
    "message": "API error: usage limit exceeded, daily usage limit reached for Token Plan Hs_max (100/100 used), resets at 2026-05-18T00:00:00+08:00 (HTTP 200)"
  }
}
[2026-05-17 08:48:03] [Music] 第134章音乐生成失败
[2026-05-17 08:48:04] [Music] 配额不足: {
  "error": {
    "code": 1,
    "message": "API error: usage limit exceeded, daily usage limit reached for Token Plan Hs_max (100/100 used), resets at 2026-05-18T00:00:00+08:00 (HTTP 200)"
  }
}
[2026-05-17 08:48:04] [Music] 第132章音乐生成失败
[2026-05-17 08:48:10] [Music] 配额不足: {
  "error": {
    "code": 1,
    "message": "API error: usage limit exceeded, daily usage limit reached for Token Plan Hs_max (100/100 used), resets at 2026-05-18T00:00:00+08:00 (HTTP 200)"
  }
}
[2026-05-17 08:48:10] [Music] 第135章音乐生成失败
[2026-05-17 08:48:29] [Music] 第136章歌词生成失败
[2026-05-17 08:48:29] [Music] 批次完成: 成功 16, 失败 34
[2026-05-17 08:48:29] [Music] 累计: 成功 62, 失败 38
[2026-05-17 08:48:29] [Music] 批次间休息30秒...
[2026-05-17 08:48:59] [Music] 处理批次 3/40, 本批 50 章
[2026-05-17 08:48:59] [Music] 开始处理第137章: 外婆的日记
[2026-05-17 08:48:59] [Music] 开始处理第138章: 镜中世界
[2026-05-17 08:48:59] [Music] 开始处理第139章: 镜子之心
[2026-05-17 08:48:59] [Music] 开始处理第140章: 母体的交易
[2026-05-17 08:48:59] [Music] 开始处理第141章: 镜中的陈锋
[2026-05-17 08:49:24] [Music] 配额不足: {
  "error": {
    "code": 1,
    "message": "API error: usage limit exceeded, daily usage limit reached for Token Plan Hs_max (100/100 used), resets at 2026-05-18T00:00:00+08:00 (HTTP 200)"
  }
}
[2026-05-17 08:49:24] [Music] 第141章音乐生成失败
[2026-05-17 08:49:24] [Music] 开始处理第142章: 记忆的重量
[2026-05-17 08:49:25] [Music] 配额不足: {
  "error": {
    "code": 1,
    "message": "API error: usage limit exceeded, daily usage limit reached for Token Plan Hs_max (100/100 used), resets at 2026-05-18T00:00:00+08:00 (HTTP 200)"
  }
}
[2026-05-17 08:49:25] [Music] 第137章音乐生成失败
[2026-05-17 08:49:25] [Music] 开始处理第143章: 最后的底线
[2026-05-17 08:49:26] [Music] 配额不足: {
  "error": {
    "code": 1,
    "message": "API error: usage limit exceeded, daily usage limit reached for Token Plan Hs_max (100/100 used), resets at 2026-05-18T00:00:00+08:00 (HTTP 200)"
  }
}
[2026-05-17 08:49:26] [Music] 第138章音乐生成失败
[2026-05-17 08:49:26] [Music] 开始处理第144章: 继承者的资格
[2026-05-17 08:49:27] [Music] 配额不足: {
  "error": {
    "code": 1,
    "message": "API error: usage limit exceeded, daily usage limit reached for Token Plan Hs_max (100/100 used), resets at 2026-05-18T00:00:00+08:00 (HTTP 200)"
  }
}
[2026-05-17 08:49:27] [Music] 第140章音乐生成失败
[2026-05-17 08:49:27] [Music] 开始处理第145章: 逃离镜中
[2026-05-17 08:49:28] [Music] 配额不足: {
  "error": {
    "code": 1,
    "message": "API error: usage limit exceeded, daily usage limit reached for Token Plan Hs_max (100/100 used), resets at 2026-05-18T00:00:00+08:00 (HTTP 200)"
  }
}
[2026-05-17 08:49:28] [Music] 第139章音乐生成失败
[2026-05-17 08:49:28] [Music] 开始处理第146章: 高跟鞋的回响
[2026-05-17 08:49:51] [Music] 第143章歌词生成失败
[2026-05-17 08:49:51] [Music] 开始处理第147章: 破碎的镜片
[2026-05-17 08:49:56] [Music] 配额不足: {
  "error": {
    "code": 1,
    "message": "API error: usage limit exceeded, daily usage limit reached for Token Plan Hs_max (100/100 used), resets at 2026-05-18T00:00:00+08:00 (HTTP 200)"
  }
}
[2026-05-17 08:49:56] [Music] 第144章音乐生成失败
[2026-05-17 08:49:56] [Music] 开始处理第148章: 镜中三十年
[2026-05-17 08:49:56] [Music] 配额不足: {
  "error": {
    "code": 1,
    "message": "API error: usage limit exceeded, daily usage limit reached for Token Plan Hs_max (100/100 used), resets at 2026-05-18T00:00:00+08:00 (HTTP 200)"
  }
}
[2026-05-17 08:49:56] [Music] 第145章音乐生成失败
[2026-05-17 08:49:56] [Music] 开始处理第149章: 破镜而出
[2026-05-17 08:50:04] [Music] 配额不足: {
  "error": {
    "code": 1,
    "message": "API error: usage limit exceeded, daily usage limit reached for Token Plan Hs_max (100/100 used), resets at 2026-05-18T00:00:00+08:00 (HTTP 200)"
  }
}
[2026-05-17 08:50:04] [Music] 第142章音乐生成失败
[2026-05-17 08:50:04] [Music] 开始处理第150章: 迟来的重逢
[2026-05-17 08:50:13] [Music] 配额不足: {
  "error": {
    "code": 1,
    "message": "API error: usage limit exceeded, daily usage limit reached for Token Plan Hs_max (100/100 used), resets at 2026-05-18T00:00:00+08:00 (HTTP 200)"
  }
}
[2026-05-17 08:50:13] [Music] 第146章音乐生成失败
[2026-05-17 08:50:13] [Music] 开始处理第151章: 通缉令
[2026-05-17 08:50:19] [Music] 配额不足: {
  "error": {
    "code": 1,
    "message": "API error: usage limit exceeded, daily usage limit reached for Token Plan Hs_max (100/100 used), resets at 2026-05-18T00:00:00+08:00 (HTTP 200)"
  }
}
[2026-05-17 08:50:19] [Music] 第147章音乐生成失败
[2026-05-17 08:50:19] [Music] 开始处理第152章: 赏金猎人的规矩
[2026-05-17 08:50:25] [Music] 配额不足: {
  "error": {
    "code": 1,
    "message": "API error: usage limit exceeded, daily usage limit reached for Token Plan Hs_max (100/100 used), resets at 2026-05-18T00:00:00+08:00 (HTTP 200)"
  }
}
[2026-05-17 08:50:25] [Music] 第148章音乐生成失败
[2026-05-17 08:50:25] [Music] 开始处理第153章: 镜中刽子手
[2026-05-17 08:50:39] [Music] 配额不足: {
  "error": {
    "code": 1,
    "message": "API error: usage limit exceeded, daily usage limit reached for Token Plan Hs_max (100/100 used), resets at 2026-05-18T00:00:00+08:00 (HTTP 200)"
  }
}
[2026-05-17 08:50:39] [Music] 第150章音乐生成失败
[2026-05-17 08:50:39] [Music] 开始处理第154章: 消失的七人
[2026-05-17 08:50:45] [Music] 配额不足: {
  "error": {
    "code": 1,
    "message": "API error: usage limit exceeded, daily usage limit reached for Token Plan Hs_max (100/100 used), resets at 2026-05-18T00:00:00+08:00 (HTTP 200)"
  }
}
[2026-05-17 08:50:45] [Music] 第151章音乐生成失败
[2026-05-17 08:50:45] [Music] 开始处理第155章: 镜中遗言
[2026-05-17 08:50:49] [Music] 配额不足: {
  "error": {
    "code": 1,
    "message": "API error: usage limit exceeded, daily usage limit reached for Token Plan Hs_max (100/100 used), resets at 2026-05-18T00:00:00+08:00 (HTTP 200)"
  }
}
[2026-05-17 08:50:49] [Music] 第149章音乐生成失败
[2026-05-17 08:50:49] [Music] 开始处理第156章: 血字再现
[2026-05-17 08:50:50] [Music] 配额不足: {
  "error": {
    "code": 1,
    "message": "API error: usage limit exceeded, daily usage limit reached for Token Plan Hs_max (100/100 used), resets at 2026-05-18T00:00:00+08:00 (HTTP 200)"
  }
}
[2026-05-17 08:50:50] [Music] 第152章音乐生成失败
[2026-05-17 08:50:50] [Music] 开始处理第157章: 纸人送葬
[2026-05-17 08:50:51] [Music] 配额不足: {
  "error": {
    "code": 1,
    "message": "API error: usage limit exceeded, daily usage limit reached for Token Plan Hs_max (100/100 used), resets at 2026-05-18T00:00:00+08:00 (HTTP 200)"
  }
}
[2026-05-17 08:50:51] [Music] 第153章音乐生成失败
[2026-05-17 08:50:51] [Music] 开始处理第158章: 纸人的笑容
[2026-05-17 08:51:07] [Music] 配额不足: {
  "error": {
    "code": 1,
    "message": "API error: usage limit exceeded, daily usage limit reached for Token Plan Hs_max (100/100 used), resets at 2026-05-18T00:00:00+08:00 (HTTP 200)"
  }
}
[2026-05-17 08:51:07] [Music] 第154章音乐生成失败
[2026-05-17 08:51:07] [Music] 开始处理第159章: 缝脸者的审判
[2026-05-17 08:51:15] [Music] 配额不足: {
  "error": {
    "code": 1,
    "message": "API error: usage limit exceeded, daily usage limit reached for Token Plan Hs_max (100/100 used), resets at 2026-05-18T00:00:00+08:00 (HTTP 200)"
  }
}
[2026-05-17 08:51:15] [Music] 第155章音乐生成失败
[2026-05-17 08:51:15] [Music] 开始处理第160章: 针线上的契约
[2026-05-17 08:51:18] [Music] 配额不足: {
  "error": {
    "code": 1,
    "message": "API error: usage limit exceeded, daily usage limit reached for Token Plan Hs_max (100/100 used), resets at 2026-05-18T00:00:00+08:00 (HTTP 200)"
  }
}
[2026-05-17 08:51:18] [Music] 第156章音乐生成失败
[2026-05-17 08:51:18] [Music] 开始处理第161章: 纸人的眼泪
[2026-05-17 08:51:18] [Music] 配额不足: {
  "error": {
    "code": 1,
    "message": "API error: usage limit exceeded, daily usage limit reached for Token Plan Hs_max (100/100 used), resets at 2026-05-18T00:00:00+08:00 (HTTP 200)"
  }
}
[2026-05-17 08:51:18] [Music] 第158章音乐生成失败
[2026-05-17 08:51:18] [Music] 开始处理第162章: 最后的告别
[2026-05-17 08:51:19] [Music] 配额不足: {
  "error": {
    "code": 1,
    "message": "API error: usage limit exceeded, daily usage limit reached for Token Plan Hs_max (100/100 used), resets at 2026-05-18T00:00:00+08:00 (HTTP 200)"
  }
}
[2026-05-17 08:51:19] [Music] 第157章音乐生成失败
[2026-05-17 08:51:19] [Music] 开始处理第163章: 缝脸者的规矩
[2026-05-17 08:51:37] [Music] 配额不足: {
  "error": {
    "code": 1,
    "message": "API error: usage limit exceeded, daily usage limit reached for Token Plan Hs_max (100/100 used), resets at 2026-05-18T00:00:00+08:00 (HTTP 200)"
  }
}
[2026-05-17 08:51:37] [Music] 第161章音乐生成失败
[2026-05-17 08:51:37] [Music] 开始处理第164章: 沉睡者俱乐部
[2026-05-17 08:51:40] [Music] 配额不足: {
  "error": {
    "code": 1,
    "message": "API error: usage limit exceeded, daily usage limit reached for Token Plan Hs_max (100/100 used), resets at 2026-05-18T00:00:00+08:00 (HTTP 200)"
  }
}
[2026-05-17 08:51:40] [Music] 第162章音乐生成失败
[2026-05-17 08:51:40] [Music] 开始处理第165章: 名单上的名字
[2026-05-17 08:51:47] [Music] 配额不足: {
  "error": {
    "code": 1,
    "message": "API error: usage limit exceeded, daily usage limit reached for Token Plan Hs_max (100/100 used), resets at 2026-05-18T00:00:00+08:00 (HTTP 200)"
  }
}
[2026-05-17 08:51:47] [Music] 第159章音乐生成失败
[2026-05-17 08:51:47] [Music] 开始处理第166章: 哭声深渊
[2026-05-17 08:51:47] [Music] 配额不足: {
  "error": {
    "code": 1,
    "message": "API error: usage limit exceeded, daily usage limit reached for Token Plan Hs_max (100/100 used), resets at 2026-05-18T00:00:00+08:00 (HTTP 200)"
  }
}
[2026-05-17 08:51:47] [Music] 第163章音乐生成失败
[2026-05-17 08:51:47] [Music] 开始处理第167章: 黑暗中的呼吸
[2026-05-17 08:52:00] [Music] 配额不足: {
  "error": {
    "code": 1,
    "message": "API error: usage limit exceeded, daily usage limit reached for Token Plan Hs_max (100/100 used), resets at 2026-05-18T00:00:00+08:00 (HTTP 200)"
  }
}
[2026-05-17 08:52:00] [Music] 第160章音乐生成失败
[2026-05-17 08:52:00] [Music] 开始处理第168章: 影子鬼的弱点
[2026-05-17 08:52:07] [Music] 配额不足: {
  "error": {
    "code": 1,
    "message": "API error: usage limit exceeded, daily usage limit reached for Token Plan Hs_max (100/100 used), resets at 2026-05-18T00:00:00+08:00 (HTTP 200)"
  }
}
[2026-05-17 08:52:07] [Music] 第164章音乐生成失败
[2026-05-17 08:52:07] [Music] 开始处理第169章: 哭声的源头
[2026-05-17 08:52:09] [Music] 配额不足: {
  "error": {
    "code": 1,
    "message": "API error: usage limit exceeded, daily usage limit reached for Token Plan Hs_max (100/100 used), resets at 2026-05-18T00:00:00+08:00 (HTTP 200)"
  }
}
[2026-05-17 08:52:09] [Music] 第165章音乐生成失败
[2026-05-17 08:52:09] [Music] 开始处理第170章: 回头者的凝视
[2026-05-17 08:52:17] [Music] 配额不足: {
  "error": {
    "code": 1,
    "message": "API error: usage limit exceeded, daily usage limit reached for Token Plan Hs_max (100/100 used), resets at 2026-05-18T00:00:00+08:00 (HTTP 200)"
  }
}
[2026-05-17 08:52:17] [Music] 第166章音乐生成失败
[2026-05-17 08:52:17] [Music] 开始处理第171章: 鬼的对话
[2026-05-17 08:52:24] [Music] 配额不足: {
  "error": {
    "code": 1,
    "message": "API error: usage limit exceeded, daily usage limit reached for Token Plan Hs_max (100/100 used), resets at 2026-05-18T00:00:00+08:00 (HTTP 200)"
  }
}
[2026-05-17 08:52:24] [Music] 第167章音乐生成失败
[2026-05-17 08:52:24] [Music] 开始处理第172章: 王建国的遗言
[2026-05-17 08:52:28] [Music] 配额不足: {
  "error": {
    "code": 1,
    "message": "API error: usage limit exceeded, daily usage limit reached for Token Plan Hs_max (100/100 used), resets at 2026-05-18T00:00:00+08:00 (HTTP 200)"
  }
}
[2026-05-17 08:52:28] [Music] 第168章音乐生成失败
[2026-05-17 08:52:28] [Music] 开始处理第173章: 半鬼的聚会
[2026-05-17 08:52:37] [Music] 第169章歌词生成失败
[2026-05-17 08:52:37] [Music] 开始处理第174章: 替身的警告
[2026-05-17 08:52:41] [Music] 配额不足: {
  "error": {
    "code": 1,
    "message": "API error: usage limit exceeded, daily usage limit reached for Token Plan Hs_max (100/100 used), resets at 2026-05-18T00:00:00+08:00 (HTTP 200)"
  }
}
[2026-05-17 08:52:41] [Music] 第171章音乐生成失败
[2026-05-17 08:52:41] [Music] 开始处理第175章: 拼图的缺口
[2026-05-17 08:52:49] [Music] 配额不足: {
  "error": {
    "code": 1,
    "message": "API error: usage limit exceeded, daily usage limit reached for Token Plan Hs_max (100/100 used), resets at 2026-05-18T00:00:00+08:00 (HTTP 200)"
  }
}
[2026-05-17 08:52:49] [Music] 第170章音乐生成失败
[2026-05-17 08:52:49] [Music] 开始处理第176章: 拼图的契约
[2026-05-17 08:52:50] [Music] 配额不足: {
  "error": {
    "code": 1,
    "message": "API error: usage limit exceeded, daily usage limit reached for Token Plan Hs_max (100/100 used), resets at 2026-05-18T00:00:00+08:00 (HTTP 200)"
  }
}
[2026-05-17 08:52:50] [Music] 第172章音乐生成失败
[2026-05-17 08:52:50] [Music] 开始处理第177章: 死者的房间
[2026-05-17 08:52:51] [Music] 配额不足: {
  "error": {
    "code": 1,
    "message": "API error: usage limit exceeded, daily usage limit reached for Token Plan Hs_max (100/100 used), resets at 2026-05-18T00:00:00+08:00 (HTTP 200)"
  }
}
[2026-05-17 08:52:51] [Music] 第173章音乐生成失败
[2026-05-17 08:52:51] [Music] 开始处理第178章: 镜中重现
[2026-05-17 08:53:04] [Music] 配额不足: {
  "error": {
    "code": 1,
    "message": "API error: usage limit exceeded, daily usage limit reached for Token Plan Hs_max (100/100 used), resets at 2026-05-18T00:00:00+08:00 (HTTP 200)"
  }
}
[2026-05-17 08:53:04] [Music] 第174章音乐生成失败
[2026-05-17 08:53:04] [Music] 开始处理第179章: 碎镜封印
[2026-05-17 08:53:17] [Music] 配额不足: {
  "error": {
    "code": 1,
    "message": "API error: usage limit exceeded, daily usage limit reached for Token Plan Hs_max (100/100 used), resets at 2026-05-18T00:00:00+08:00 (HTTP 200)"
  }
}
[2026-05-17 08:53:17] [Music] 第175章音乐生成失败
[2026-05-17 08:53:17] [Music] 开始处理第180章: 王建国的秘密
[2026-05-17 08:53:18] [Music] 配额不足: {
  "error": {
    "code": 1,
    "message": "API error: usage limit exceeded, daily usage limit reached for Token Plan Hs_max (100/100 used), resets at 2026-05-18T00:00:00+08:00 (HTTP 200)"
  }
}
[2026-05-17 08:53:18] [Music] 第178章音乐生成失败
[2026-05-17 08:53:18] [Music] 开始处理第181章: 深夜来电
[2026-05-17 08:53:25] [Music] 配额不足: {
  "error": {
    "code": 1,
    "message": "API error: usage limit exceeded, daily usage limit reached for Token Plan Hs_max (100/100 used), resets at 2026-05-18T00:00:00+08:00 (HTTP 200)"
  }
}
[2026-05-17 08:53:25] [Music] 第177章音乐生成失败
[2026-05-17 08:53:25] [Music] 开始处理第182章: 哭声的记忆
[2026-05-17 08:53:31] [Music] 配额不足: {
  "error": {
    "code": 1,
    "message": "API error: usage limit exceeded, daily usage limit reached for Token Plan Hs_max (100/100 used), resets at 2026-05-18T00:00:00+08:00 (HTTP 200)"
  }
}
[2026-05-17 08:53:31] [Music] 第179章音乐生成失败
[2026-05-17 08:53:31] [Music] 开始处理第183章: 燃烧的真相
[2026-05-17 08:53:48] [Music] 第181章歌词生成失败
[2026-05-17 08:53:48] [Music] 开始处理第184章: 复苏会的阴影
[2026-05-17 08:53:50] [Music] 配额不足: {
  "error": {
    "code": 1,
    "message": "API error: usage limit exceeded, daily usage limit reached for Token Plan Hs_max (100/100 used), resets at 2026-05-18T00:00:00+08:00 (HTTP 200)"
  }
}
[2026-05-17 08:53:50] [Music] 第182章音乐生成失败
[2026-05-17 08:53:50] [Music] 开始处理第185章: 背叛的边缘
[2026-05-17 08:53:57] [Music] 配额不足: {
  "error": {
    "code": 1,
    "message": "API error: usage limit exceeded, daily usage limit reached for Token Plan Hs_max (100/100 used), resets at 2026-05-18T00:00:00+08:00 (HTTP 200)"
  }
}
[2026-05-17 08:53:57] [Music] 第180章音乐生成失败
[2026-05-17 08:53:57] [Music] 开始处理第186章: 纸人的宴会
[2026-05-17 08:54:01] [Music] 配额不足: {
  "error": {
    "code": 1,
    "message": "API error: usage limit exceeded, daily usage limit reached for Token Plan Hs_max (100/100 used), resets at 2026-05-18T00:00:00+08:00 (HTTP 200)"
  }
}
[2026-05-17 08:54:01] [Music] 第183章音乐生成失败
[2026-05-17 08:54:12] [Music] 配额不足: {
  "error": {
    "code": 1,
    "message": "API error: usage limit exceeded, daily usage limit reached for Token Plan Hs_max (100/100 used), resets at 2026-05-18T00:00:00+08:00 (HTTP 200)"
  }
}
[2026-05-17 08:54:12] [Music] 第184章音乐生成失败
[2026-05-17 08:54:13] [Music] 配额不足: {
  "error": {
    "code": 1,
    "message": "API error: usage limit exceeded, daily usage limit reached for Token Plan Hs_max (100/100 used), resets at 2026-05-18T00:00:00+08:00 (HTTP 200)"
  }
}
[2026-05-17 08:54:13] [Music] 第185章音乐生成失败
[2026-05-17 08:54:18] [Music] 配额不足: {
  "error": {
    "code": 1,
    "message": "API error: usage limit exceeded, daily usage limit reached for Token Plan Hs_max (100/100 used), resets at 2026-05-18T00:00:00+08:00 (HTTP 200)"
  }
}
[2026-05-17 08:54:18] [Music] 第186章音乐生成失败
[2026-05-17 08:54:28] [Music] 配额不足: {
  "error": {
    "code": 1,
    "message": "API error: usage limit exceeded, daily usage limit reached for Token Plan Hs_max (100/100 used), resets at 2026-05-18T00:00:00+08:00 (HTTP 200)"
  }
}
[2026-05-17 08:54:28] [Music] 第176章音乐生成失败
[2026-05-17 08:54:28] [Music] 批次完成: 成功 0, 失败 50
[2026-05-17 08:54:28] [Music] 累计: 成功 62, 失败 88
[2026-05-17 08:54:28] [Music] 批次间休息30秒...
[2026-05-17 08:54:58] [Music] 处理批次 4/40, 本批 50 章
[2026-05-17 08:54:58] [Music] 开始处理第187章: 纸人的心愿
[2026-05-17 08:54:58] [Music] 开始处理第188章: 镜子屋邀请
[2026-05-17 08:54:58] [Music] 开始处理第189章: 镜中的真相
[2026-05-17 08:54:58] [Music] 开始处理第190章: 碎片的抉择
[2026-05-17 08:54:58] [Music] 开始处理第191章: 镜碎人亡
[2026-05-17 08:55:21] [Music] 配额不足: {
  "error": {
    "code": 1,
    "message": "API error: usage limit exceeded, daily usage limit reached for Token Plan Hs_max (100/100 used), resets at 2026-05-18T00:00:00+08:00 (HTTP 200)"
  }
}
[2026-05-17 08:55:21] [Music] 第190章音乐生成失败
[2026-05-17 08:55:21] [Music] 开始处理第192章: 鬼化者的追踪
[2026-05-17 08:55:22] [Music] 配额不足: {
  "error": {
    "code": 1,
    "message": "API error: usage limit exceeded, daily usage limit reached for Token Plan Hs_max (100/100 used), resets at 2026-05-18T00:00:00+08:00 (HTTP 200)"
  }
}
[2026-05-17 08:55:22] [Music] 第189章音乐生成失败
[2026-05-17 08:55:22] [Music] 开始处理第193章: 外婆的遗言
[2026-05-17 08:55:23] [Music] 配额不足: {
  "error": {
    "code": 1,
    "message": "API error: usage limit exceeded, daily usage limit reached for Token Plan Hs_max (100/100 used), resets at 2026-05-18T00:00:00+08:00 (HTTP 200)"
  }
}
[2026-05-17 08:55:23] [Music] 第188章音乐生成失败
[2026-05-17 08:55:23] [Music] 开始处理第194章: 共存之道
[2026-05-17 08:55:23] [Music] 配额不足: {
  "error": {
    "code": 1,
    "message": "API error: usage limit exceeded, daily usage limit reached for Token Plan Hs_max (100/100 used), resets at 2026-05-18T00:00:00+08:00 (HTTP 200)"
  }
}
[2026-05-17 08:55:23] [Music] 第187章音乐生成失败
[2026-05-17 08:55:23] [Music] 开始处理第195章: 被封印的鬼
[2026-05-17 08:55:41] [Music] 配额不足: {
  "error": {
    "code": 1,
    "message": "API error: usage limit exceeded, daily usage limit reached for Token Plan Hs_max (100/100 used), resets at 2026-05-18T00:00:00+08:00 (HTTP 200)"
  }
}
[2026-05-17 08:55:41] [Music] 第191章音乐生成失败
[2026-05-17 08:55:41] [Music] 开始处理第196章: 母亲的记忆
[2026-05-17 08:55:43] [Music] 配额不足: {
  "error": {
    "code": 1,
    "message": "API error: usage limit exceeded, daily usage limit reached for Token Plan Hs_max (100/100 used), resets at 2026-05-18T00:00:00+08:00 (HTTP 200)"
  }
}
[2026-05-17 08:55:43] [Music] 第193章音乐生成失败
[2026-05-17 08:55:43] [Music] 开始处理第197章: 母子的羁绊
[2026-05-17 08:55:50] [Music] 第194章歌词生成失败
[2026-05-17 08:55:50] [Music] 开始处理第198章: 内鬼现身
[2026-05-17 08:55:56] [Music] 配额不足: {
  "error": {
    "code": 1,
    "message": "API error: usage limit exceeded, daily usage limit reached for Token Plan Hs_max (100/100 used), resets at 2026-05-18T00:00:00+08:00 (HTTP 200)"
  }
}
[2026-05-17 08:55:56] [Music] 第192章音乐生成失败
[2026-05-17 08:55:56] [Music] 开始处理第199章: 鬼纹的代价
[2026-05-17 08:55:58] [Music] 配额不足: {
  "error": {
    "code": 1,
    "message": "API error: usage limit exceeded, daily usage limit reached for Token Plan Hs_max (100/100 used), resets at 2026-05-18T00:00:00+08:00 (HTTP 200)"
  }
}
[2026-05-17 08:55:58] [Music] 第195章音乐生成失败
[2026-05-17 08:55:58] [Music] 开始处理第200章: 绝望中的微光
[2026-05-17 08:56:11] [Music] 配额不足: {
  "error": {
    "code": 1,
    "message": "API error: usage limit exceeded, daily usage limit reached for Token Plan Hs_max (100/100 used), resets at 2026-05-18T00:00:00+08:00 (HTTP 200)"
  }
}
[2026-05-17 08:56:11] [Music] 第196章音乐生成失败
[2026-05-17 08:56:11] [Music] 开始处理第201章: 联盟的庇护
[2026-05-17 08:56:11] [Music] 配额不足: {
  "error": {
    "code": 1,
    "message": "API error: usage limit exceeded, daily usage limit reached for Token Plan Hs_max (100/100 used), resets at 2026-05-18T00:00:00+08:00 (HTTP 200)"
  }
}
[2026-05-17 08:56:11] [Music] 第198章音乐生成失败
[2026-05-17 08:56:11] [Music] 开始处理第202章: 影子中的低语
[2026-05-17 08:56:24] [Music] 配额不足: {
  "error": {
    "code": 1,
    "message": "API error: usage limit exceeded, daily usage limit reached for Token Plan Hs_max (100/100 used), resets at 2026-05-18T00:00:00+08:00 (HTTP 200)"
  }
}
[2026-05-17 08:56:24] [Music] 第200章音乐生成失败
[2026-05-17 08:56:24] [Music] 开始处理第203章: 影子的规律
[2026-05-17 08:56:25] [Music] 配额不足: {
  "error": {
    "code": 1,
    "message": "API error: usage limit exceeded, daily usage limit reached for Token Plan Hs_max (100/100 used), resets at 2026-05-18T00:00:00+08:00 (HTTP 200)"
  }
}
[2026-05-17 08:56:25] [Music] 第197章音乐生成失败
[2026-05-17 08:56:25] [Music] 开始处理第204章: 杀死自己
[2026-05-17 08:56:30] [Music] 配额不足: {
  "error": {
    "code": 1,
    "message": "API error: usage limit exceeded, daily usage limit reached for Token Plan Hs_max (100/100 used), resets at 2026-05-18T00:00:00+08:00 (HTTP 200)"
  }
}
[2026-05-17 08:56:30] [Music] 第199章音乐生成失败
[2026-05-17 08:56:30] [Music] 开始处理第205章: 联盟的规矩
[2026-05-17 08:56:34] [Music] 配额不足: {
  "error": {
    "code": 1,
    "message": "API error: usage limit exceeded, daily usage limit reached for Token Plan Hs_max (100/100 used), resets at 2026-05-18T00:00:00+08:00 (HTTP 200)"
  }
}
[2026-05-17 08:56:34] [Music] 第202章音乐生成失败
[2026-05-17 08:56:34] [Music] 开始处理第206章: 废弃工厂
[2026-05-17 08:56:43] [Music] 配额不足: {
  "error": {
    "code": 1,
    "message": "API error: usage limit exceeded, daily usage limit reached for Token Plan Hs_max (100/100 used), resets at 2026-05-18T00:00:00+08:00 (HTTP 200)"
  }
}
[2026-05-17 08:56:43] [Music] 第201章音乐生成失败
[2026-05-17 08:56:43] [Music] 开始处理第207章: 织出来的脸
[2026-05-17 08:56:47] [Music] 配额不足: {
  "error": {
    "code": 1,
    "message": "API error: usage limit exceeded, daily usage limit reached for Token Plan Hs_max (100/100 used), resets at 2026-05-18T00:00:00+08:00 (HTTP 200)"
  }
}
[2026-05-17 08:56:47] [Music] 第203章音乐生成失败
[2026-05-17 08:56:47] [Music] 开始处理第208章: 解剖报告
[2026-05-17 08:56:51] [Music] 配额不足: {
  "error": {
    "code": 1,
    "message": "API error: usage limit exceeded, daily usage limit reached for Token Plan Hs_max (100/100 used), resets at 2026-05-18T00:00:00+08:00 (HTTP 200)"
  }
}
[2026-05-17 08:56:51] [Music] 第205章音乐生成失败
[2026-05-17 08:56:51] [Music] 开始处理第209章: 拼图碎片
[2026-05-17 08:56:52] [Music] 配额不足: {
  "error": {
    "code": 1,
    "message": "API error: usage limit exceeded, daily usage limit reached for Token Plan Hs_max (100/100 used), resets at 2026-05-18T00:00:00+08:00 (HTTP 200)"
  }
}
[2026-05-17 08:56:52] [Music] 第204章音乐生成失败
[2026-05-17 08:56:52] [Music] 开始处理第210章: 缝合的真相
[2026-05-17 08:57:07] [Music] 配额不足: {
  "error": {
    "code": 1,
    "message": "API error: usage limit exceeded, daily usage limit reached for Token Plan Hs_max (100/100 used), resets at 2026-05-18T00:00:00+08:00 (HTTP 200)"
  }
}
[2026-05-17 08:57:07] [Music] 第206章音乐生成失败
[2026-05-17 08:57:07] [Music] 开始处理第211章: 第一个任务
[2026-05-17 08:57:09] [Music] 配额不足: {
  "error": {
    "code": 1,
    "message": "API error: usage limit exceeded, daily usage limit reached for Token Plan Hs_max (100/100 used), resets at 2026-05-18T00:00:00+08:00 (HTTP 200)"
  }
}
[2026-05-17 08:57:09] [Music] 第207章音乐生成失败
[2026-05-17 08:57:09] [Music] 开始处理第212章: 绣花鞋的主人
[2026-05-17 08:57:14] [Music] 配额不足: {
  "error": {
    "code": 1,
    "message": "API error: usage limit exceeded, daily usage limit reached for Token Plan Hs_max (100/100 used), resets at 2026-05-18T00:00:00+08:00 (HTTP 200)"
  }
}
[2026-05-17 08:57:14] [Music] 第208章音乐生成失败
[2026-05-17 08:57:14] [Music] 开始处理第213章: 母亲的遗言
[2026-05-17 08:57:17] [Music] 配额不足: {
  "error": {
    "code": 1,
    "message": "API error: usage limit exceeded, daily usage limit reached for Token Plan Hs_max (100/100 used), resets at 2026-05-18T00:00:00+08:00 (HTTP 200)"
  }
}
[2026-05-17 08:57:17] [Music] 第210章音乐生成失败
[2026-05-17 08:57:17] [Music] 开始处理第214章: 嫁衣
[2026-05-17 08:57:29] [Music] 配额不足: {
  "error": {
    "code": 1,
    "message": "API error: usage limit exceeded, daily usage limit reached for Token Plan Hs_max (100/100 used), resets at 2026-05-18T00:00:00+08:00 (HTTP 200)"
  }
}
[2026-05-17 08:57:29] [Music] 第211章音乐生成失败
[2026-05-17 08:57:29] [Music] 开始处理第215章: 缝在嫁衣里的灵魂
[2026-05-17 08:57:29] [Music] 配额不足: {
  "error": {
    "code": 1,
    "message": "API error: usage limit exceeded, daily usage limit reached for Token Plan Hs_max (100/100 used), resets at 2026-05-18T00:00:00+08:00 (HTTP 200)"
  }
}
[2026-05-17 08:57:29] [Music] 第209章音乐生成失败
[2026-05-17 08:57:29] [Music] 开始处理第216章: 骨针与发丝
[2026-05-17 08:57:37] [Music] 配额不足: {
  "error": {
    "code": 1,
    "message": "API error: usage limit exceeded, daily usage limit reached for Token Plan Hs_max (100/100 used), resets at 2026-05-18T00:00:00+08:00 (HTTP 200)"
  }
}
[2026-05-17 08:57:37] [Music] 第213章音乐生成失败
[2026-05-17 08:57:37] [Music] 开始处理第217章: 代价
[2026-05-17 08:57:41] [Music] 配额不足: {
  "error": {
    "code": 1,
    "message": "API error: usage limit exceeded, daily usage limit reached for Token Plan Hs_max (100/100 used), resets at 2026-05-18T00:00:00+08:00 (HTTP 200)"
  }
}
[2026-05-17 08:57:41] [Music] 第214章音乐生成失败
[2026-05-17 08:57:41] [Music] 开始处理第218章: 守墓人的邀请
[2026-05-17 08:57:48] [Music] 配额不足: {
  "error": {
    "code": 1,
    "message": "API error: usage limit exceeded, daily usage limit reached for Token Plan Hs_max (100/100 used), resets at 2026-05-18T00:00:00+08:00 (HTTP 200)"
  }
}
[2026-05-17 08:57:48] [Music] 第212章音乐生成失败
[2026-05-17 08:57:48] [Music] 开始处理第219章: 第三只眼
[2026-05-17 08:57:52] [Music] 配额不足: {
  "error": {
    "code": 1,
    "message": "API error: usage limit exceeded, daily usage limit reached for Token Plan Hs_max (100/100 used), resets at 2026-05-18T00:00:00+08:00 (HTTP 200)"
  }
}
[2026-05-17 08:57:52] [Music] 第216章音乐生成失败
[2026-05-17 08:57:52] [Music] 开始处理第220章: 外婆的遗产
[2026-05-17 08:58:01] [Music] 配额不足: {
  "error": {
    "code": 1,
    "message": "API error: usage limit exceeded, daily usage limit reached for Token Plan Hs_max (100/100 used), resets at 2026-05-18T00:00:00+08:00 (HTTP 200)"
  }
}
[2026-05-17 08:58:01] [Music] 第215章音乐生成失败
[2026-05-17 08:58:01] [Music] 开始处理第221章: 联盟的第一夜
[2026-05-17 08:58:01] [Music] 配额不足: {
  "error": {
    "code": 1,
    "message": "API error: usage limit exceeded, daily usage limit reached for Token Plan Hs_max (100/100 used), resets at 2026-05-18T00:00:00+08:00 (HTTP 200)"
  }
}
[2026-05-17 08:58:01] [Music] 第217章音乐生成失败
[2026-05-17 08:58:01] [Music] 开始处理第222章: 沉默的应答者
[2026-05-17 08:58:12] [Music] 配额不足: {
  "error": {
    "code": 1,
    "message": "API error: usage limit exceeded, daily usage limit reached for Token Plan Hs_max (100/100 used), resets at 2026-05-18T00:00:00+08:00 (HTTP 200)"
  }
}
[2026-05-17 08:58:12] [Music] 第220章音乐生成失败
[2026-05-17 08:58:12] [Music] 开始处理第223章: 第三个名字
[2026-05-17 08:58:15] [Music] 配额不足: {
  "error": {
    "code": 1,
    "message": "API error: usage limit exceeded, daily usage limit reached for Token Plan Hs_max (100/100 used), resets at 2026-05-18T00:00:00+08:00 (HTTP 200)"
  }
}
[2026-05-17 08:58:15] [Music] 第219章音乐生成失败
[2026-05-17 08:58:15] [Music] 开始处理第224章: 鬼的真名
[2026-05-17 08:58:17] [Music] 配额不足: {
  "error": {
    "code": 1,
    "message": "API error: usage limit exceeded, daily usage limit reached for Token Plan Hs_max (100/100 used), resets at 2026-05-18T00:00:00+08:00 (HTTP 200)"
  }
}
[2026-05-17 08:58:17] [Music] 第218章音乐生成失败
[2026-05-17 08:58:17] [Music] 开始处理第225章: 老赵的牺牲
[2026-05-17 08:58:20] [Music] 配额不足: {
  "error": {
    "code": 1,
    "message": "API error: usage limit exceeded, daily usage limit reached for Token Plan Hs_max (100/100 used), resets at 2026-05-18T00:00:00+08:00 (HTTP 200)"
  }
}
[2026-05-17 08:58:20] [Music] 第221章音乐生成失败
[2026-05-17 08:58:20] [Music] 开始处理第226章: 联盟的第一次任务
[2026-05-17 08:58:27] [Music] 配额不足: {
  "error": {
    "code": 1,
    "message": "API error: usage limit exceeded, daily usage limit reached for Token Plan Hs_max (100/100 used), resets at 2026-05-18T00:00:00+08:00 (HTTP 200)"
  }
}
[2026-05-17 08:58:27] [Music] 第222章音乐生成失败
[2026-05-17 08:58:27] [Music] 开始处理第227章: 镜中人
[2026-05-17 08:58:32] [Music] 配额不足: {
  "error": {
    "code": 1,
    "message": "API error: usage limit exceeded, daily usage limit reached for Token Plan Hs_max (100/100 used), resets at 2026-05-18T00:00:00+08:00 (HTTP 200)"
  }
}
[2026-05-17 08:58:32] [Music] 第223章音乐生成失败
[2026-05-17 08:58:32] [Music] 开始处理第228章: 声音的陷阱
[2026-05-17 08:58:35] [Music] 配额不足: {
  "error": {
    "code": 1,
    "message": "API error: usage limit exceeded, daily usage limit reached for Token Plan Hs_max (100/100 used), resets at 2026-05-18T00:00:00+08:00 (HTTP 200)"
  }
}
[2026-05-17 08:58:35] [Music] 第224章音乐生成失败
[2026-05-17 08:58:35] [Music] 开始处理第229章: 记忆中的出口
[2026-05-17 08:58:45] [Music] 配额不足: {
  "error": {
    "code": 1,
    "message": "API error: usage limit exceeded, daily usage limit reached for Token Plan Hs_max (100/100 used), resets at 2026-05-18T00:00:00+08:00 (HTTP 200)"
  }
}
[2026-05-17 08:58:45] [Music] 第226章音乐生成失败
[2026-05-17 08:58:45] [Music] 开始处理第230章: 井口之下
[2026-05-17 08:58:48] [Music] 配额不足: {
  "error": {
    "code": 1,
    "message": "API error: usage limit exceeded, daily usage limit reached for Token Plan Hs_max (100/100 used), resets at 2026-05-18T00:00:00+08:00 (HTTP 200)"
  }
}
[2026-05-17 08:58:48] [Music] 第225章音乐生成失败
[2026-05-17 08:58:48] [Music] 开始处理第231章: 声音的欺骗
[2026-05-17 08:58:49] [Music] 配额不足: {
  "error": {
    "code": 1,
    "message": "API error: usage limit exceeded, daily usage limit reached for Token Plan Hs_max (100/100 used), resets at 2026-05-18T00:00:00+08:00 (HTTP 200)"
  }
}
[2026-05-17 08:58:49] [Music] 第227章音乐生成失败
[2026-05-17 08:58:49] [Music] 开始处理第232章: 双重猎杀
[2026-05-17 08:58:53] [Music] 配额不足: {
  "error": {
    "code": 1,
    "message": "API error: usage limit exceeded, daily usage limit reached for Token Plan Hs_max (100/100 used), resets at 2026-05-18T00:00:00+08:00 (HTTP 200)"
  }
}
[2026-05-17 08:58:53] [Music] 第228章音乐生成失败
[2026-05-17 08:58:53] [Music] 开始处理第233章: 驾驭回声
[2026-05-17 08:58:59] [Music] 配额不足: {
  "error": {
    "code": 1,
    "message": "API error: usage limit exceeded, daily usage limit reached for Token Plan Hs_max (100/100 used), resets at 2026-05-18T00:00:00+08:00 (HTTP 200)"
  }
}
[2026-05-17 08:58:59] [Music] 第229章音乐生成失败
[2026-05-17 08:58:59] [Music] 开始处理第234章: 任务之后
[2026-05-17 08:59:10] [Music] 配额不足: {
  "error": {
    "code": 1,
    "message": "API error: usage limit exceeded, daily usage limit reached for Token Plan Hs_max (100/100 used), resets at 2026-05-18T00:00:00+08:00 (HTTP 200)"
  }
}
[2026-05-17 08:59:10] [Music] 第230章音乐生成失败
[2026-05-17 08:59:10] [Music] 开始处理第235章: 沉默疗养院
[2026-05-17 08:59:15] [Music] 配额不足: {
  "error": {
    "code": 1,
    "message": "API error: usage limit exceeded, daily usage limit reached for Token Plan Hs_max (100/100 used), resets at 2026-05-18T00:00:00+08:00 (HTTP 200)"
  }
}
[2026-05-17 08:59:15] [Music] 第232章音乐生成失败
[2026-05-17 08:59:15] [Music] 开始处理第236章: 无声的尖叫
[2026-05-17 08:59:17] [Music] 配额不足: {
  "error": {
    "code": 1,
    "message": "API error: usage limit exceeded, daily usage limit reached for Token Plan Hs_max (100/100 used), resets at 2026-05-18T00:00:00+08:00 (HTTP 200)"
  }
}
[2026-05-17 08:59:17] [Music] 第233章音乐生成失败
[2026-05-17 08:59:19] [Music] 第231章歌词生成失败
[2026-05-17 08:59:19] [Music] 配额不足: {
  "error": {
    "code": 1,
    "message": "API error: usage limit exceeded, daily usage limit reached for Token Plan Hs_max (100/100 used), resets at 2026-05-18T00:00:00+08:00 (HTTP 200)"
  }
}
[2026-05-17 08:59:19] [Music] 第234章音乐生成失败
[2026-05-17 08:59:37] [Music] 配额不足: {
  "error": {
    "code": 1,
    "message": "API error: usage limit exceeded, daily usage limit reached for Token Plan Hs_max (100/100 used), resets at 2026-05-18T00:00:00+08:00 (HTTP 200)"
  }
}
[2026-05-17 08:59:37] [Music] 第235章音乐生成失败
[2026-05-17 08:59:43] [Music] 配额不足: {
  "error": {
    "code": 1,
    "message": "API error: usage limit exceeded, daily usage limit reached for Token Plan Hs_max (100/100 used), resets at 2026-05-18T00:00:00+08:00 (HTTP 200)"
  }
}
[2026-05-17 08:59:43] [Music] 第236章音乐生成失败
[2026-05-17 08:59:43] [Music] 批次完成: 成功 0, 失败 50
[2026-05-17 08:59:43] [Music] 累计: 成功 62, 失败 138
[2026-05-17 08:59:43] [Music] 批次间休息30秒...
[2026-05-17 09:00:13] [Music] 处理批次 5/40, 本批 50 章
[2026-05-17 09:00:13] [Music] 开始处理第237章: 母亲的声音
[2026-05-17 09:00:13] [Music] 开始处理第238章: 沉默的对抗
[2026-05-17 09:00:13] [Music] 开始处理第239章: 烧毁的照片
[2026-05-17 09:00:13] [Music] 开始处理第240章: 疗养院深处
[2026-05-17 09:00:13] [Music] 开始处理第241章: 无声的实验
[2026-05-17 09:00:35] [Music] 配额不足: {
  "error": {
    "code": 1,
    "message": "API error: usage limit exceeded, daily usage limit reached for Token Plan Hs_max (100/100 used), resets at 2026-05-18T00:00:00+08:00 (HTTP 200)"
  }
}
[2026-05-17 09:00:35] [Music] 第241章音乐生成失败
[2026-05-17 09:00:35] [Music] 开始处理第242章: 母亲的真相
[2026-05-17 09:00:36] [Music] 配额不足: {
  "error": {
    "code": 1,
    "message": "API error: usage limit exceeded, daily usage limit reached for Token Plan Hs_max (100/100 used), resets at 2026-05-18T00:00:00+08:00 (HTTP 200)"
  }
}
[2026-05-17 09:00:36] [Music] 第238章音乐生成失败
[2026-05-17 09:00:36] [Music] 开始处理第243章: 鬼的觉醒
[2026-05-17 09:00:38] [Music] 配额不足: {
  "error": {
    "code": 1,
    "message": "API error: usage limit exceeded, daily usage limit reached for Token Plan Hs_max (100/100 used), resets at 2026-05-18T00:00:00+08:00 (HTTP 200)"
  }
}
[2026-05-17 09:00:38] [Music] 第240章音乐生成失败
[2026-05-17 09:00:38] [Music] 开始处理第244章: 吞噬同类
[2026-05-17 09:00:40] [Music] 配额不足: {
  "error": {
    "code": 1,
    "message": "API error: usage limit exceeded, daily usage limit reached for Token Plan Hs_max (100/100 used), resets at 2026-05-18T00:00:00+08:00 (HTTP 200)"
  }
}
[2026-05-17 09:00:40] [Music] 第237章音乐生成失败
[2026-05-17 09:00:40] [Music] 开始处理第245章: 代价的加深
[2026-05-17 09:01:07] [Music] 配额不足: {
  "error": {
    "code": 1,
    "message": "API error: usage limit exceeded, daily usage limit reached for Token Plan Hs_max (100/100 used), resets at 2026-05-18T00:00:00+08:00 (HTTP 200)"
  }
}
[2026-05-17 09:01:07] [Music] 第243章音乐生成失败
[2026-05-17 09:01:07] [Music] 开始处理第246章: 老人的遗言
[2026-05-17 09:01:09] [Music] 配额不足: {
  "error": {
    "code": 1,
    "message": "API error: usage limit exceeded, daily usage limit reached for Token Plan Hs_max (100/100 used), resets at 2026-05-18T00:00:00+08:00 (HTTP 200)"
  }
}
[2026-05-17 09:01:09] [Music] 第244章音乐生成失败
[2026-05-17 09:01:09] [Music] 开始处理第247章: 联盟的奖励
[2026-05-17 09:01:11] [Music] 配额不足: {
  "error": {
    "code": 1,
    "message": "API error: usage limit exceeded, daily usage limit reached for Token Plan Hs_max (100/100 used), resets at 2026-05-18T00:00:00+08:00 (HTTP 200)"
  }
}
[2026-05-17 09:01:11] [Music] 第245章音乐生成失败
[2026-05-17 09:01:11] [Music] 开始处理第248章: 双鬼的冲突
[2026-05-17 09:01:15] [Music] 配额不足: {
  "error": {
    "code": 1,
    "message": "API error: usage limit exceeded, daily usage limit reached for Token Plan Hs_max (100/100 used), resets at 2026-05-18T00:00:00+08:00 (HTTP 200)"
  }
}
[2026-05-17 09:01:15] [Music] 第242章音乐生成失败
[2026-05-17 09:01:15] [Music] 开始处理第249章: 外婆的召唤
[2026-05-17 09:01:34] [Music] 配额不足: {
  "error": {
    "code": 1,
    "message": "API error: usage limit exceeded, daily usage limit reached for Token Plan Hs_max (100/100 used), resets at 2026-05-18T00:00:00+08:00 (HTTP 200)"
  }
}
[2026-05-17 09:01:34] [Music] 第246章音乐生成失败
[2026-05-17 09:01:34] [Music] 开始处理第250章: 鬼门之路
[2026-05-17 09:01:38] [Music] 配额不足: {
  "error": {
    "code": 1,
    "message": "API error: usage limit exceeded, daily usage limit reached for Token Plan Hs_max (100/100 used), resets at 2026-05-18T00:00:00+08:00 (HTTP 200)"
  }
}
[2026-05-17 09:01:38] [Music] 第248章音乐生成失败
[2026-05-17 09:01:38] [Music] 开始处理第251章: 黄泉路口
[2026-05-17 09:01:40] [Music] 配额不足: {
  "error": {
    "code": 1,
    "message": "API error: usage limit exceeded, daily usage limit reached for Token Plan Hs_max (100/100 used), resets at 2026-05-18T00:00:00+08:00 (HTTP 200)"
  }
}
[2026-05-17 09:01:40] [Music] 第247章音乐生成失败
[2026-05-17 09:01:40] [Music] 开始处理第252章: 回头鬼的追逐
[2026-05-17 09:01:50] [Music] 配额不足: {
  "error": {
    "code": 1,
    "message": "API error: usage limit exceeded, daily usage limit reached for Token Plan Hs_max (100/100 used), resets at 2026-05-18T00:00:00+08:00 (HTTP 200)"
  }
}
[2026-05-17 09:01:50] [Music] 第249章音乐生成失败
[2026-05-17 09:01:50] [Music] 开始处理第253章: 枯井村
[2026-05-17 09:02:01] [Music] 配额不足: {
  "error": {
    "code": 1,
    "message": "API error: usage limit exceeded, daily usage limit reached for Token Plan Hs_max (100/100 used), resets at 2026-05-18T00:00:00+08:00 (HTTP 200)"
  }
}
[2026-05-17 09:02:01] [Music] 第239章音乐生成失败
[2026-05-17 09:02:01] [Music] 开始处理第254章: 消失的名字
[2026-05-17 09:02:01] [Music] 配额不足: {
  "error": {
    "code": 1,
    "message": "API error: usage limit exceeded, daily usage limit reached for Token Plan Hs_max (100/100 used), resets at 2026-05-18T00:00:00+08:00 (HTTP 200)"
  }
}
[2026-05-17 09:02:01] [Music] 第251章音乐生成失败
[2026-05-17 09:02:01] [Music] 开始处理第255章: 井中的外婆
[2026-05-17 09:02:01] [Music] 配额不足: {
  "error": {
    "code": 1,
    "message": "API error: usage limit exceeded, daily usage limit reached for Token Plan Hs_max (100/100 used), resets at 2026-05-18T00:00:00+08:00 (HTTP 200)"
  }
}
[2026-05-17 09:02:01] [Music] 第252章音乐生成失败
[2026-05-17 09:02:01] [Music] 开始处理第256章: 井底深渊
[2026-05-17 09:02:06] [Music] 配额不足: {
  "error": {
    "code": 1,
    "message": "API error: usage limit exceeded, daily usage limit reached for Token Plan Hs_max (100/100 used), resets at 2026-05-18T00:00:00+08:00 (HTTP 200)"
  }
}
[2026-05-17 09:02:06] [Music] 第250章音乐生成失败
[2026-05-17 09:02:06] [Music] 开始处理第257章: 弟弟的真相
[2026-05-17 09:02:24] [Music] 配额不足: {
  "error": {
    "code": 1,
    "message": "API error: usage limit exceeded, daily usage limit reached for Token Plan Hs_max (100/100 used), resets at 2026-05-18T00:00:00+08:00 (HTTP 200)"
  }
}
[2026-05-17 09:02:24] [Music] 第253章音乐生成失败
[2026-05-17 09:02:24] [Music] 开始处理第258章: 纸人的指引
[2026-05-17 09:02:28] [Music] 第254章歌词生成失败
[2026-05-17 09:02:28] [Music] 开始处理第259章: 回声巷
[2026-05-17 09:02:29] [Music] 配额不足: {
  "error": {
    "code": 1,
    "message": "API error: usage limit exceeded, daily usage limit reached for Token Plan Hs_max (100/100 used), resets at 2026-05-18T00:00:00+08:00 (HTTP 200)"
  }
}
[2026-05-17 09:02:29] [Music] 第256章音乐生成失败
[2026-05-17 09:02:29] [Music] 开始处理第260章: 死亡预告
[2026-05-17 09:02:37] [Music] 配额不足: {
  "error": {
    "code": 1,
    "message": "API error: usage limit exceeded, daily usage limit reached for Token Plan Hs_max (100/100 used), resets at 2026-05-18T00:00:00+08:00 (HTTP 200)"
  }
}
[2026-05-17 09:02:37] [Music] 第257章音乐生成失败
[2026-05-17 09:02:37] [Music] 开始处理第261章: 黄泉路的入口
[2026-05-17 09:02:38] [Music] 第255章歌词生成失败
[2026-05-17 09:02:38] [Music] 开始处理第262章: 踏上黄泉
[2026-05-17 09:02:55] [Music] 配额不足: {
  "error": {
    "code": 1,
    "message": "API error: usage limit exceeded, daily usage limit reached for Token Plan Hs_max (100/100 used), resets at 2026-05-18T00:00:00+08:00 (HTTP 200)"
  }
}
[2026-05-17 09:02:55] [Music] 第259章音乐生成失败
[2026-05-17 09:02:55] [Music] 开始处理第263章: 故人的低语
[2026-05-17 09:02:55] [Music] 配额不足: {
  "error": {
    "code": 1,
    "message": "API error: usage limit exceeded, daily usage limit reached for Token Plan Hs_max (100/100 used), resets at 2026-05-18T00:00:00+08:00 (HTTP 200)"
  }
}
[2026-05-17 09:02:55] [Music] 第258章音乐生成失败
[2026-05-17 09:02:55] [Music] 开始处理第264章: 断头鬼的追随
[2026-05-17 09:03:00] [Music] 配额不足: {
  "error": {
    "code": 1,
    "message": "API error: usage limit exceeded, daily usage limit reached for Token Plan Hs_max (100/100 used), resets at 2026-05-18T00:00:00+08:00 (HTTP 200)"
  }
}
[2026-05-17 09:03:00] [Music] 第260章音乐生成失败
[2026-05-17 09:03:00] [Music] 开始处理第265章: 黄泉路的规则
[2026-05-17 09:03:05] [Music] 第261章歌词生成失败
[2026-05-17 09:03:05] [Music] 开始处理第266章: 名字的代价
[2026-05-17 09:03:12] [Music] 配额不足: {
  "error": {
    "code": 1,
    "message": "API error: usage limit exceeded, daily usage limit reached for Token Plan Hs_max (100/100 used), resets at 2026-05-18T00:00:00+08:00 (HTTP 200)"
  }
}
[2026-05-17 09:03:12] [Music] 第262章音乐生成失败
[2026-05-17 09:03:12] [Music] 开始处理第267章: 韩冰的追踪
[2026-05-17 09:03:29] [Music] 配额不足: {
  "error": {
    "code": 1,
    "message": "API error: usage limit exceeded, daily usage limit reached for Token Plan Hs_max (100/100 used), resets at 2026-05-18T00:00:00+08:00 (HTTP 200)"
  }
}
[2026-05-17 09:03:29] [Music] 第264章音乐生成失败
[2026-05-17 09:03:29] [Music] 开始处理第268章: 回声巷的入口
[2026-05-17 09:03:30] [Music] 配额不足: {
  "error": {
    "code": 1,
    "message": "API error: usage limit exceeded, daily usage limit reached for Token Plan Hs_max (100/100 used), resets at 2026-05-18T00:00:00+08:00 (HTTP 200)"
  }
}
[2026-05-17 09:03:30] [Music] 第265章音乐生成失败
[2026-05-17 09:03:30] [Music] 开始处理第269章: 自己的死期
[2026-05-17 09:03:34] [Music] 配额不足: {
  "error": {
    "code": 1,
    "message": "API error: usage limit exceeded, daily usage limit reached for Token Plan Hs_max (100/100 used), resets at 2026-05-18T00:00:00+08:00 (HTTP 200)"
  }
}
[2026-05-17 09:03:34] [Music] 第267章音乐生成失败
[2026-05-17 09:03:34] [Music] 开始处理第270章: 外婆的信物
[2026-05-17 09:03:36] [Music] 第263章歌词生成失败
[2026-05-17 09:03:36] [Music] 开始处理第271章: 纸扎店的异变
[2026-05-17 09:03:43] [Music] 第266章歌词生成失败
[2026-05-17 09:03:43] [Music] 开始处理第272章: 替身的真相
[2026-05-17 09:03:51] [Music] 配额不足: {
  "error": {
    "code": 1,
    "message": "API error: usage limit exceeded, daily usage limit reached for Token Plan Hs_max (100/100 used), resets at 2026-05-18T00:00:00+08:00 (HTTP 200)"
  }
}
[2026-05-17 09:03:51] [Music] 第269章音乐生成失败
[2026-05-17 09:03:51] [Music] 开始处理第273章: 镜子的指引
[2026-05-17 09:03:55] [Music] 配额不足: {
  "error": {
    "code": 1,
    "message": "API error: usage limit exceeded, daily usage limit reached for Token Plan Hs_max (100/100 used), resets at 2026-05-18T00:00:00+08:00 (HTTP 200)"
  }
}
[2026-05-17 09:03:55] [Music] 第268章音乐生成失败
[2026-05-17 09:03:55] [Music] 开始处理第274章: 韩冰的身份
[2026-05-17 09:04:03] [Music] 配额不足: {
  "error": {
    "code": 1,
    "message": "API error: usage limit exceeded, daily usage limit reached for Token Plan Hs_max (100/100 used), resets at 2026-05-18T00:00:00+08:00 (HTTP 200)"
  }
}
[2026-05-17 09:04:03] [Music] 第270章音乐生成失败
[2026-05-17 09:04:03] [Music] 开始处理第275章: 鬼门关前
[2026-05-17 09:04:06] [Music] 配额不足: {
  "error": {
    "code": 1,
    "message": "API error: usage limit exceeded, daily usage limit reached for Token Plan Hs_max (100/100 used), resets at 2026-05-18T00:00:00+08:00 (HTTP 200)"
  }
}
[2026-05-17 09:04:06] [Music] 第271章音乐生成失败
[2026-05-17 09:04:06] [Music] 开始处理第276章: 门前的黑影
[2026-05-17 09:04:08] [Music] 配额不足: {
  "error": {
    "code": 1,
    "message": "API error: usage limit exceeded, daily usage limit reached for Token Plan Hs_max (100/100 used), resets at 2026-05-18T00:00:00+08:00 (HTTP 200)"
  }
}
[2026-05-17 09:04:08] [Music] 第272章音乐生成失败
[2026-05-17 09:04:08] [Music] 开始处理第277章: 舅舅的真相
[2026-05-17 09:04:26] [Music] 配额不足: {
  "error": {
    "code": 1,
    "message": "API error: usage limit exceeded, daily usage limit reached for Token Plan Hs_max (100/100 used), resets at 2026-05-18T00:00:00+08:00 (HTTP 200)"
  }
}
[2026-05-17 09:04:26] [Music] 第274章音乐生成失败
[2026-05-17 09:04:26] [Music] 开始处理第278章: 裂痕中的声音
[2026-05-17 09:04:31] [Music] 配额不足: {
  "error": {
    "code": 1,
    "message": "API error: usage limit exceeded, daily usage limit reached for Token Plan Hs_max (100/100 used), resets at 2026-05-18T00:00:00+08:00 (HTTP 200)"
  }
}
[2026-05-17 09:04:31] [Music] 第276章音乐生成失败
[2026-05-17 09:04:31] [Music] 开始处理第279章: 进入鬼门
[2026-05-17 09:04:32] [Music] 配额不足: {
  "error": {
    "code": 1,
    "message": "API error: usage limit exceeded, daily usage limit reached for Token Plan Hs_max (100/100 used), resets at 2026-05-18T00:00:00+08:00 (HTTP 200)"
  }
}
[2026-05-17 09:04:32] [Music] 第277章音乐生成失败
[2026-05-17 09:04:32] [Music] 开始处理第280章: 镜中的遗言
[2026-05-17 09:04:40] [Music] 配额不足: {
  "error": {
    "code": 1,
    "message": "API error: usage limit exceeded, daily usage limit reached for Token Plan Hs_max (100/100 used), resets at 2026-05-18T00:00:00+08:00 (HTTP 200)"
  }
}
[2026-05-17 09:04:40] [Music] 第275章音乐生成失败
[2026-05-17 09:04:40] [Music] 开始处理第281章: 黄泉路入口
[2026-05-17 09:04:50] [Music] 配额不足: {
  "error": {
    "code": 1,
    "message": "API error: usage limit exceeded, daily usage limit reached for Token Plan Hs_max (100/100 used), resets at 2026-05-18T00:00:00+08:00 (HTTP 200)"
  }
}
[2026-05-17 09:04:50] [Music] 第278章音乐生成失败
[2026-05-17 09:04:50] [Music] 开始处理第282章: 登车规则
[2026-05-17 09:04:56] [Music] 配额不足: {
  "error": {
    "code": 1,
    "message": "API error: usage limit exceeded, daily usage limit reached for Token Plan Hs_max (100/100 used), resets at 2026-05-18T00:00:00+08:00 (HTTP 200)"
  }
}
[2026-05-17 09:04:56] [Music] 第280章音乐生成失败
[2026-05-17 09:04:56] [Music] 开始处理第283章: 窗外的呼唤
[2026-05-17 09:05:10] [Music] 配额不足: {
  "error": {
    "code": 1,
    "message": "API error: usage limit exceeded, daily usage limit reached for Token Plan Hs_max (100/100 used), resets at 2026-05-18T00:00:00+08:00 (HTTP 200)"
  }
}
[2026-05-17 09:05:10] [Music] 第279章音乐生成失败
[2026-05-17 09:05:10] [Music] 开始处理第284章: 报站声
[2026-05-17 09:05:16] [Music] 配额不足: {
  "error": {
    "code": 1,
    "message": "API error: usage limit exceeded, daily usage limit reached for Token Plan Hs_max (100/100 used), resets at 2026-05-18T00:00:00+08:00 (HTTP 200)"
  }
}
[2026-05-17 09:05:16] [Music] 第281章音乐生成失败
[2026-05-17 09:05:16] [Music] 开始处理第285章: 车票的代价
[2026-05-17 09:05:18] [Music] 配额不足: {
  "error": {
    "code": 1,
    "message": "API error: usage limit exceeded, daily usage limit reached for Token Plan Hs_max (100/100 used), resets at 2026-05-18T00:00:00+08:00 (HTTP 200)"
  }
}
[2026-05-17 09:05:18] [Music] 第282章音乐生成失败
[2026-05-17 09:05:18] [Music] 开始处理第286章: 记忆的裂痕
[2026-05-17 09:05:31] [Music] 配额不足: {
  "error": {
    "code": 1,
    "message": "API error: usage limit exceeded, daily usage limit reached for Token Plan Hs_max (100/100 used), resets at 2026-05-18T00:00:00+08:00 (HTTP 200)"
  }
}
[2026-05-17 09:05:31] [Music] 第283章音乐生成失败
[2026-05-17 09:05:36] [Music] 配额不足: {
  "error": {
    "code": 1,
    "message": "API error: usage limit exceeded, daily usage limit reached for Token Plan Hs_max (100/100 used), resets at 2026-05-18T00:00:00+08:00 (HTTP 200)"
  }
}
[2026-05-17 09:05:36] [Music] 第273章音乐生成失败
[2026-05-17 09:05:42] [Music] 配额不足: {
  "error": {
    "code": 1,
    "message": "API error: usage limit exceeded, daily usage limit reached for Token Plan Hs_max (100/100 used), resets at 2026-05-18T00:00:00+08:00 (HTTP 200)"
  }
}
[2026-05-17 09:05:42] [Music] 第286章音乐生成失败
[2026-05-17 09:05:44] [Music] 配额不足: {
  "error": {
    "code": 1,
    "message": "API error: usage limit exceeded, daily usage limit reached for Token Plan Hs_max (100/100 used), resets at 2026-05-18T00:00:00+08:00 (HTTP 200)"
  }
}
[2026-05-17 09:05:44] [Music] 第284章音乐生成失败
[2026-05-17 09:05:45] [Music] 配额不足: {
  "error": {
    "code": 1,
    "message": "API error: usage limit exceeded, daily usage limit reached for Token Plan Hs_max (100/100 used), resets at 2026-05-18T00:00:00+08:00 (HTTP 200)"
  }
}
[2026-05-17 09:05:45] [Music] 第285章音乐生成失败
[2026-05-17 09:05:45] [Music] 批次完成: 成功 0, 失败 50
[2026-05-17 09:05:45] [Music] 累计: 成功 62, 失败 188
[2026-05-17 09:05:45] [Music] 批次间休息30秒...
[2026-05-17 09:06:15] [Music] 处理批次 6/40, 本批 50 章
[2026-05-17 09:06:15] [Music] 开始处理第287章: 鬼门关站
[2026-05-17 09:06:15] [Music] 开始处理第288章: 故人相见
[2026-05-17 09:06:15] [Music] 开始处理第289章: 外婆的秘密
[2026-05-17 09:06:15] [Music] 开始处理第290章: 门的低语
[2026-05-17 09:06:15] [Music] 开始处理第291章: 顾清雨的影子
[2026-05-17 09:06:42] [Music] 第291章歌词生成失败
[2026-05-17 09:06:42] [Music] 开始处理第292章: 记忆的深渊
[2026-05-17 09:06:46] [Music] 配额不足: {
  "error": {
    "code": 1,
    "message": "API error: usage limit exceeded, daily usage limit reached for Token Plan Hs_max (100/100 used), resets at 2026-05-18T00:00:00+08:00 (HTTP 200)"
  }
}
[2026-05-17 09:06:46] [Music] 第290章音乐生成失败
[2026-05-17 09:06:46] [Music] 开始处理第293章: 彼岸的使者
[2026-05-17 09:06:48] [Music] 配额不足: {
  "error": {
    "code": 1,
    "message": "API error: usage limit exceeded, daily usage limit reached for Token Plan Hs_max (100/100 used), resets at 2026-05-18T00:00:00+08:00 (HTTP 200)"
  }
}
[2026-05-17 09:06:48] [Music] 第287章音乐生成失败
[2026-05-17 09:06:48] [Music] 开始处理第294章: 外婆的遗言
[2026-05-17 09:06:52] [Music] 配额不足: {
  "error": {
    "code": 1,
    "message": "API error: usage limit exceeded, daily usage limit reached for Token Plan Hs_max (100/100 used), resets at 2026-05-18T00:00:00+08:00 (HTTP 200)"
  }
}
[2026-05-17 09:06:52] [Music] 第288章音乐生成失败
[2026-05-17 09:06:52] [Music] 开始处理第295章: 三鬼的共鸣
[2026-05-17 09:07:11] [Music] 配额不足: {
  "error": {
    "code": 1,
    "message": "API error: usage limit exceeded, daily usage limit reached for Token Plan Hs_max (100/100 used), resets at 2026-05-18T00:00:00+08:00 (HTTP 200)"
  }
}
[2026-05-17 09:07:11] [Music] 第292章音乐生成失败
[2026-05-17 09:07:11] [Music] 开始处理第296章: 合一之路
[2026-05-17 09:07:12] [Music] 配额不足: {
  "error": {
    "code": 1,
    "message": "API error: usage limit exceeded, daily usage limit reached for Token Plan Hs_max (100/100 used), resets at 2026-05-18T00:00:00+08:00 (HTTP 200)"
  }
}
[2026-05-17 09:07:12] [Music] 第293章音乐生成失败
[2026-05-17 09:07:12] [Music] 开始处理第297章: 外婆的记忆
[2026-05-17 09:07:18] [Music] 配额不足: {
  "error": {
    "code": 1,
    "message": "API error: usage limit exceeded, daily usage limit reached for Token Plan Hs_max (100/100 used), resets at 2026-05-18T00:00:00+08:00 (HTTP 200)"
  }
}
[2026-05-17 09:07:18] [Music] 第295章音乐生成失败
[2026-05-17 09:07:18] [Music] 开始处理第298章: 真正的钥匙
[2026-05-17 09:07:19] [Music] 配额不足: {
  "error": {
    "code": 1,
    "message": "API error: usage limit exceeded, daily usage limit reached for Token Plan Hs_max (100/100 used), resets at 2026-05-18T00:00:00+08:00 (HTTP 200)"
  }
}
[2026-05-17 09:07:19] [Music] 第294章音乐生成失败
[2026-05-17 09:07:19] [Music] 开始处理第299章: 门前决战
[2026-05-17 09:07:32] [Music] 配额不足: {
  "error": {
    "code": 1,
    "message": "API error: usage limit exceeded, daily usage limit reached for Token Plan Hs_max (100/100 used), resets at 2026-05-18T00:00:00+08:00 (HTTP 200)"
  }
}
[2026-05-17 09:07:32] [Music] 第297章音乐生成失败
[2026-05-17 09:07:32] [Music] 开始处理第300章: 最后的选择
[2026-05-17 09:07:35] [Music] 配额不足: {
  "error": {
    "code": 1,
    "message": "API error: usage limit exceeded, daily usage limit reached for Token Plan Hs_max (100/100 used), resets at 2026-05-18T00:00:00+08:00 (HTTP 200)"
  }
}
[2026-05-17 09:07:35] [Music] 第296章音乐生成失败
[2026-05-17 09:07:35] [Music] 开始处理第301章: 黄泉路的入口
[2026-05-17 09:07:36] [Music] 配额不足: {
  "error": {
    "code": 1,
    "message": "API error: usage limit exceeded, daily usage limit reached for Token Plan Hs_max (100/100 used), resets at 2026-05-18T00:00:00+08:00 (HTTP 200)"
  }
}
[2026-05-17 09:07:36] [Music] 第289章音乐生成失败
[2026-05-17 09:07:36] [Music] 开始处理第302章: 亡者的呼唤
[2026-05-17 09:07:45] [Music] 配额不足: {
  "error": {
    "code": 1,
    "message": "API error: usage limit exceeded, daily usage limit reached for Token Plan Hs_max (100/100 used), resets at 2026-05-18T00:00:00+08:00 (HTTP 200)"
  }
}
[2026-05-17 09:07:45] [Music] 第298章音乐生成失败
[2026-05-17 09:07:45] [Music] 开始处理第303章: 纸人纸马
[2026-05-17 09:07:46] [Music] 配额不足: {
  "error": {
    "code": 1,
    "message": "API error: usage limit exceeded, daily usage limit reached for Token Plan Hs_max (100/100 used), resets at 2026-05-18T00:00:00+08:00 (HTTP 200)"
  }
}
[2026-05-17 09:07:46] [Music] 第299章音乐生成失败
[2026-05-17 09:07:46] [Music] 开始处理第304章: 回头鬼的凝视
[2026-05-17 09:08:02] [Music] 配额不足: {
  "error": {
    "code": 1,
    "message": "API error: usage limit exceeded, daily usage limit reached for Token Plan Hs_max (100/100 used), resets at 2026-05-18T00:00:00+08:00 (HTTP 200)"
  }
}
[2026-05-17 09:08:02] [Music] 第301章音乐生成失败
[2026-05-17 09:08:02] [Music] 开始处理第305章: 枯井村废墟
[2026-05-17 09:08:07] [Music] 配额不足: {
  "error": {
    "code": 1,
    "message": "API error: usage limit exceeded, daily usage limit reached for Token Plan Hs_max (100/100 used), resets at 2026-05-18T00:00:00+08:00 (HTTP 200)"
  }
}
[2026-05-17 09:08:07] [Music] 第302章音乐生成失败
[2026-05-17 09:08:07] [Music] 开始处理第306章: 井底的呢喃
[2026-05-17 09:08:11] [Music] 配额不足: {
  "error": {
    "code": 1,
    "message": "API error: usage limit exceeded, daily usage limit reached for Token Plan Hs_max (100/100 used), resets at 2026-05-18T00:00:00+08:00 (HTTP 200)"
  }
}
[2026-05-17 09:08:11] [Music] 第304章音乐生成失败
[2026-05-17 09:08:11] [Music] 开始处理第307章: 外婆的日记
[2026-05-17 09:08:11] [Music] 配额不足: {
  "error": {
    "code": 1,
    "message": "API error: usage limit exceeded, daily usage limit reached for Token Plan Hs_max (100/100 used), resets at 2026-05-18T00:00:00+08:00 (HTTP 200)"
  }
}
[2026-05-17 09:08:11] [Music] 第303章音乐生成失败
[2026-05-17 09:08:11] [Music] 开始处理第308章: 井底人的真相
[2026-05-17 09:08:15] [Music] 配额不足: {
  "error": {
    "code": 1,
    "message": "API error: usage limit exceeded, daily usage limit reached for Token Plan Hs_max (100/100 used), resets at 2026-05-18T00:00:00+08:00 (HTTP 200)"
  }
}
[2026-05-17 09:08:15] [Music] 第300章音乐生成失败
[2026-05-17 09:08:15] [Music] 开始处理第309章: 复苏会的阴影
[2026-05-17 09:08:25] [Music] 配额不足: {
  "error": {
    "code": 1,
    "message": "API error: usage limit exceeded, daily usage limit reached for Token Plan Hs_max (100/100 used), resets at 2026-05-18T00:00:00+08:00 (HTTP 200)"
  }
}
[2026-05-17 09:08:25] [Music] 第305章音乐生成失败
[2026-05-17 09:08:25] [Music] 开始处理第310章: 黄泉路的规则
[2026-05-17 09:08:36] [Music] 配额不足: {
  "error": {
    "code": 1,
    "message": "API error: usage limit exceeded, daily usage limit reached for Token Plan Hs_max (100/100 used), resets at 2026-05-18T00:00:00+08:00 (HTTP 200)"
  }
}
[2026-05-17 09:08:36] [Music] 第306章音乐生成失败
[2026-05-17 09:08:36] [Music] 开始处理第311章: 鬼门初现
[2026-05-17 09:08:44] [Music] 配额不足: {
  "error": {
    "code": 1,
    "message": "API error: usage limit exceeded, daily usage limit reached for Token Plan Hs_max (100/100 used), resets at 2026-05-18T00:00:00+08:00 (HTTP 200)"
  }
}
[2026-05-17 09:08:44] [Music] 第309章音乐生成失败
[2026-05-17 09:08:44] [Music] 开始处理第312章: 守门人
[2026-05-17 09:08:44] [Music] text chat failed: {
  "error": {
    "code": 4,
    "message": "Rate limit or quota exceeded. Token Plan 主要面向个人开发者的交互式使用场景。当前请求量较高，请稍后重试；如需支持更高并发或自动化任务，建议升级至更高级别套餐，或使用按量付费 API。 (2062)",
    "hint": "Check usage: mmx qu
[2026-05-17 09:08:44] [Music] 第312章歌词生成失败
[2026-05-17 09:08:44] [Music] 开始处理第313章: 门后的存在
[2026-05-17 09:08:44] [Music] text chat failed: {
  "error": {
    "code": 4,
    "message": "Rate limit or quota exceeded. Token Plan 主要面向个人开发者的交互式使用场景。当前请求量较高，请稍后重试；如需支持更高并发或自动化任务，建议升级至更高级别套餐，或使用按量付费 API。 (2062)",
    "hint": "Check usage: mmx qu
[2026-05-17 09:08:44] [Music] 第313章歌词生成失败
[2026-05-17 09:08:44] [Music] 开始处理第314章: 赵鹤的托付
[2026-05-17 09:08:45] [Music] text chat failed: {
  "error": {
    "code": 4,
    "message": "Rate limit or quota exceeded. Token Plan 主要面向个人开发者的交互式使用场景。当前请求量较高，请稍后重试；如需支持更高并发或自动化任务，建议升级至更高级别套餐，或使用按量付费 API。 (2062)",
    "hint": "Check usage: mmx qu
[2026-05-17 09:08:45] [Music] 第314章歌词生成失败
[2026-05-17 09:08:45] [Music] 开始处理第315章: 撤离黄泉路
[2026-05-17 09:08:45] [Music] text chat failed: {
  "error": {
    "code": 4,
    "message": "Rate limit or quota exceeded. Token Plan 主要面向个人开发者的交互式使用场景。当前请求量较高，请稍后重试；如需支持更高并发或自动化任务，建议升级至更高级别套餐，或使用按量付费 API。 (2062)",
    "hint": "Check usage: mmx qu
[2026-05-17 09:08:45] [Music] 第315章歌词生成失败
[2026-05-17 09:08:45] [Music] 开始处理第316章: 归途
[2026-05-17 09:08:45] [Music] text chat failed: {
  "error": {
    "code": 4,
    "message": "Rate limit or quota exceeded. Token Plan 主要面向个人开发者的交互式使用场景。当前请求量较高，请稍后重试；如需支持更高并发或自动化任务，建议升级至更高级别套餐，或使用按量付费 API。 (2062)",
    "hint": "Check usage: mmx qu
[2026-05-17 09:08:45] [Music] 第316章歌词生成失败
[2026-05-17 09:08:45] [Music] 开始处理第317章: 背叛者的记忆
[2026-05-17 09:08:46] [Music] text chat failed: {
  "error": {
    "code": 4,
    "message": "Rate limit or quota exceeded. Token Plan 主要面向个人开发者的交互式使用场景。当前请求量较高，请稍后重试；如需支持更高并发或自动化任务，建议升级至更高级别套餐，或使用按量付费 API。 (2062)",
    "hint": "Check usage: mmx qu
[2026-05-17 09:08:46] [Music] 第317章歌词生成失败
[2026-05-17 09:08:46] [Music] 开始处理第318章: 镜花的邀请
[2026-05-17 09:08:46] [Music] text chat failed: {
  "error": {
    "code": 4,
    "message": "Rate limit or quota exceeded. Token Plan 主要面向个人开发者的交互式使用场景。当前请求量较高，请稍后重试；如需支持更高并发或自动化任务，建议升级至更高级别套餐，或使用按量付费 API。 (2062)",
    "hint": "Check usage: mmx qu
[2026-05-17 09:08:46] [Music] 第318章歌词生成失败
[2026-05-17 09:08:46] [Music] 开始处理第319章: 家人的真相
[2026-05-17 09:08:47] [Music] text chat failed: {
  "error": {
    "code": 4,
    "message": "Rate limit or quota exceeded. Token Plan 主要面向个人开发者的交互式使用场景。当前请求量较高，请稍后重试；如需支持更高并发或自动化任务，建议升级至更高级别套餐，或使用按量付费 API。 (2062)",
    "hint": "Check usage: mmx qu
[2026-05-17 09:08:47] [Music] 第319章歌词生成失败
[2026-05-17 09:08:47] [Music] 开始处理第320章: 拒绝与威胁
[2026-05-17 09:08:47] [Music] 配额不足: {
  "error": {
    "code": 1,
    "message": "API error: usage limit exceeded, daily usage limit reached for Token Plan Hs_max (100/100 used), resets at 2026-05-18T00:00:00+08:00 (HTTP 200)"
  }
}
[2026-05-17 09:08:47] [Music] 第308章音乐生成失败
[2026-05-17 09:08:47] [Music] 开始处理第321章: 黄泉入口
[2026-05-17 09:08:47] [Music] text chat failed: {
  "error": {
    "code": 4,
    "message": "Rate limit or quota exceeded. Token Plan 主要面向个人开发者的交互式使用场景。当前请求量较高，请稍后重试；如需支持更高并发或自动化任务，建议升级至更高级别套餐，或使用按量付费 API。 (2062)",
    "hint": "Check usage: mmx qu
[2026-05-17 09:08:47] [Music] 第320章歌词生成失败
[2026-05-17 09:08:47] [Music] 开始处理第322章: 第一条岔路
[2026-05-17 09:08:47] [Music] text chat failed: {
  "error": {
    "code": 4,
    "message": "Rate limit or quota exceeded. Token Plan 主要面向个人开发者的交互式使用场景。当前请求量较高，请稍后重试；如需支持更高并发或自动化任务，建议升级至更高级别套餐，或使用按量付费 API。 (2062)",
    "hint": "Check usage: mmx qu
[2026-05-17 09:08:47] [Music] 第321章歌词生成失败
[2026-05-17 09:08:47] [Music] 开始处理第323章: 母亲的呼唤
[2026-05-17 09:08:47] [Music] text chat failed: {
  "error": {
    "code": 4,
    "message": "Rate limit or quota exceeded. Token Plan 主要面向个人开发者的交互式使用场景。当前请求量较高，请稍后重试；如需支持更高并发或自动化任务，建议升级至更高级别套餐，或使用按量付费 API。 (2062)",
    "hint": "Check usage: mmx qu
[2026-05-17 09:08:47] [Music] 第322章歌词生成失败
[2026-05-17 09:08:47] [Music] 开始处理第324章: 不要回头
[2026-05-17 09:08:48] [Music] text chat failed: {
  "error": {
    "code": 4,
    "message": "Rate limit or quota exceeded. Token Plan 主要面向个人开发者的交互式使用场景。当前请求量较高，请稍后重试；如需支持更高并发或自动化任务，建议升级至更高级别套餐，或使用按量付费 API。 (2062)",
    "hint": "Check usage: mmx qu
[2026-05-17 09:08:48] [Music] 第323章歌词生成失败
[2026-05-17 09:08:48] [Music] 开始处理第325章: 韩冰的追踪
[2026-05-17 09:08:48] [Music] 配额不足: {
  "error": {
    "code": 1,
    "message": "API error: usage limit exceeded, daily usage limit reached for Token Plan Hs_max (100/100 used), resets at 2026-05-18T00:00:00+08:00 (HTTP 200)"
  }
}
[2026-05-17 09:08:48] [Music] 第310章音乐生成失败
[2026-05-17 09:08:48] [Music] 开始处理第326章: 纸钱铺
[2026-05-17 09:08:48] [Music] text chat failed: {
  "error": {
    "code": 4,
    "message": "Rate limit or quota exceeded. Token Plan 主要面向个人开发者的交互式使用场景。当前请求量较高，请稍后重试；如需支持更高并发或自动化任务，建议升级至更高级别套餐，或使用按量付费 API。 (2062)",
    "hint": "Check usage: mmx qu
[2026-05-17 09:08:48] [Music] 第324章歌词生成失败
[2026-05-17 09:08:48] [Music] 开始处理第327章: 等价交换
[2026-05-17 09:08:48] [Music] text chat failed: {
  "error": {
    "code": 4,
    "message": "Rate limit or quota exceeded. Token Plan 主要面向个人开发者的交互式使用场景。当前请求量较高，请稍后重试；如需支持更高并发或自动化任务，建议升级至更高级别套餐，或使用按量付费 API。 (2062)",
    "hint": "Check usage: mmx qu
[2026-05-17 09:08:48] [Music] 第325章歌词生成失败
[2026-05-17 09:08:48] [Music] 开始处理第328章: 孟婆的考验
[2026-05-17 09:08:48] [Music] text chat failed: {
  "error": {
    "code": 4,
    "message": "Rate limit or quota exceeded. Token Plan 主要面向个人开发者的交互式使用场景。当前请求量较高，请稍后重试；如需支持更高并发或自动化任务，建议升级至更高级别套餐，或使用按量付费 API。 (2062)",
    "hint": "Check usage: mmx qu
[2026-05-17 09:08:48] [Music] 第326章歌词生成失败
[2026-05-17 09:08:48] [Music] 开始处理第329章: 最珍贵的记忆
[2026-05-17 09:08:48] [Music] text chat failed: {
  "error": {
    "code": 4,
    "message": "Rate limit or quota exceeded. Token Plan 主要面向个人开发者的交互式使用场景。当前请求量较高，请稍后重试；如需支持更高并发或自动化任务，建议升级至更高级别套餐，或使用按量付费 API。 (2062)",
    "hint": "Check usage: mmx qu
[2026-05-17 09:08:48] [Music] 第327章歌词生成失败
[2026-05-17 09:08:48] [Music] 开始处理第330章: 鬼门坐标
[2026-05-17 09:08:48] [Music] text chat failed: {
  "error": {
    "code": 4,
    "message": "Rate limit or quota exceeded. Token Plan 主要面向个人开发者的交互式使用场景。当前请求量较高，请稍后重试；如需支持更高并发或自动化任务，建议升级至更高级别套餐，或使用按量付费 API。 (2062)",
    "hint": "Check usage: mmx qu
[2026-05-17 09:08:48] [Music] 第328章歌词生成失败
[2026-05-17 09:08:48] [Music] 开始处理第331章: 回头客
[2026-05-17 09:08:49] [Music] text chat failed: {
  "error": {
    "code": 4,
    "message": "Rate limit or quota exceeded. Token Plan 主要面向个人开发者的交互式使用场景。当前请求量较高，请稍后重试；如需支持更高并发或自动化任务，建议升级至更高级别套餐，或使用按量付费 API。 (2062)",
    "hint": "Check usage: mmx qu
[2026-05-17 09:08:49] [Music] 第329章歌词生成失败
[2026-05-17 09:08:49] [Music] 开始处理第332章: 沉默领域
[2026-05-17 09:08:49] [Music] text chat failed: {
  "error": {
    "code": 4,
    "message": "Rate limit or quota exceeded. Token Plan 主要面向个人开发者的交互式使用场景。当前请求量较高，请稍后重试；如需支持更高并发或自动化任务，建议升级至更高级别套餐，或使用按量付费 API。 (2062)",
    "hint": "Check usage: mmx qu
[2026-05-17 09:08:49] [Music] 第330章歌词生成失败
[2026-05-17 09:08:49] [Music] 开始处理第333章: 代价与清醒
[2026-05-17 09:08:49] [Music] text chat failed: {
  "error": {
    "code": 4,
    "message": "Rate limit or quota exceeded. Token Plan 主要面向个人开发者的交互式使用场景。当前请求量较高，请稍后重试；如需支持更高并发或自动化任务，建议升级至更高级别套餐，或使用按量付费 API。 (2062)",
    "hint": "Check usage: mmx qu
[2026-05-17 09:08:49] [Music] 第331章歌词生成失败
[2026-05-17 09:08:49] [Music] 开始处理第334章: 忘川河
[2026-05-17 09:08:49] [Music] text chat failed: {
  "error": {
    "code": 4,
    "message": "Rate limit or quota exceeded. Token Plan 主要面向个人开发者的交互式使用场景。当前请求量较高，请稍后重试；如需支持更高并发或自动化任务，建议升级至更高级别套餐，或使用按量付费 API。 (2062)",
    "hint": "Check usage: mmx qu
[2026-05-17 09:08:49] [Music] 第332章歌词生成失败
[2026-05-17 09:08:49] [Music] 开始处理第335章: 痛苦的重量
[2026-05-17 09:08:49] [Music] text chat failed: {
  "error": {
    "code": 4,
    "message": "Rate limit or quota exceeded. Token Plan 主要面向个人开发者的交互式使用场景。当前请求量较高，请稍后重试；如需支持更高并发或自动化任务，建议升级至更高级别套餐，或使用按量付费 API。 (2062)",
    "hint": "Check usage: mmx qu
[2026-05-17 09:08:49] [Music] 第333章歌词生成失败
[2026-05-17 09:08:49] [Music] 开始处理第336章: 摆渡人的叹息
[2026-05-17 09:08:49] [Music] text chat failed: {
  "error": {
    "code": 4,
    "message": "Rate limit or quota exceeded. Token Plan 主要面向个人开发者的交互式使用场景。当前请求量较高，请稍后重试；如需支持更高并发或自动化任务，建议升级至更高级别套餐，或使用按量付费 API。 (2062)",
    "hint": "Check usage: mmx qu
[2026-05-17 09:08:49] [Music] 第334章歌词生成失败
[2026-05-17 09:08:50] [Music] text chat failed: {
  "error": {
    "code": 4,
    "message": "Rate limit or quota exceeded. Token Plan 主要面向个人开发者的交互式使用场景。当前请求量较高，请稍后重试；如需支持更高并发或自动化任务，建议升级至更高级别套餐，或使用按量付费 API。 (2062)",
    "hint": "Check usage: mmx qu
[2026-05-17 09:08:50] [Music] 第335章歌词生成失败
[2026-05-17 09:08:50] [Music] text chat failed: {
  "error": {
    "code": 4,
    "message": "Rate limit or quota exceeded. Token Plan 主要面向个人开发者的交互式使用场景。当前请求量较高，请稍后重试；如需支持更高并发或自动化任务，建议升级至更高级别套餐，或使用按量付费 API。 (2062)",
    "hint": "Check usage: mmx qu
[2026-05-17 09:08:50] [Music] 第336章歌词生成失败
[2026-05-17 09:08:50] [Music] 配额不足: {
  "error": {
    "code": 1,
    "message": "API error: usage limit exceeded, daily usage limit reached for Token Plan Hs_max (100/100 used), resets at 2026-05-18T00:00:00+08:00 (HTTP 200)"
  }
}
[2026-05-17 09:08:50] [Music] 第307章音乐生成失败
[2026-05-17 09:09:00] [Music] 配额不足: {
  "error": {
    "code": 1,
    "message": "API error: usage limit exceeded, daily usage limit reached for Token Plan Hs_max (100/100 used), resets at 2026-05-18T00:00:00+08:00 (HTTP 200)"
  }
}
[2026-05-17 09:09:00] [Music] 第311章音乐生成失败
[2026-05-17 09:09:00] [Music] 批次完成: 成功 0, 失败 50
[2026-05-17 09:09:00] [Music] 累计: 成功 62, 失败 238
[2026-05-17 09:09:00] [Music] 批次间休息30秒...
[2026-05-17 09:09:30] [Music] 处理批次 7/40, 本批 50 章
[2026-05-17 09:09:30] [Music] 开始处理第337章: 答案与彼岸
[2026-05-17 09:09:30] [Music] 开始处理第338章: 彼岸花海
[2026-05-17 09:09:30] [Music] 开始处理第339章: 鬼门关前
[2026-05-17 09:09:30] [Music] 开始处理第340章: 抉择之时
[2026-05-17 09:09:30] [Music] 开始处理第341章: 无声的尖叫
[2026-05-17 09:09:50] [Music] 配额不足: {
  "error": {
    "code": 1,
    "message": "API error: usage limit exceeded, daily usage limit reached for Token Plan Hs_max (100/100 used), resets at 2026-05-18T00:00:00+08:00 (HTTP 200)"
  }
}
[2026-05-17 09:09:50] [Music] 第338章音乐生成失败
[2026-05-17 09:09:50] [Music] 开始处理第342章: 实验记录
[2026-05-17 09:09:52] [Music] 配额不足: {
  "error": {
    "code": 1,
    "message": "API error: usage limit exceeded, daily usage limit reached for Token Plan Hs_max (100/100 used), resets at 2026-05-18T00:00:00+08:00 (HTTP 200)"
  }
}
[2026-05-17 09:09:52] [Music] 第341章音乐生成失败
[2026-05-17 09:09:52] [Music] 开始处理第343章: 钟无艳的求援
[2026-05-17 09:09:57] [Music] 配额不足: {
  "error": {
    "code": 1,
    "message": "API error: usage limit exceeded, daily usage limit reached for Token Plan Hs_max (100/100 used), resets at 2026-05-18T00:00:00+08:00 (HTTP 200)"
  }
}
[2026-05-17 09:09:57] [Music] 第339章音乐生成失败
[2026-05-17 09:09:57] [Music] 开始处理第344章: 血色的忠诚
[2026-05-17 09:09:57] [Music] 配额不足: {
  "error": {
    "code": 1,
    "message": "API error: usage limit exceeded, daily usage limit reached for Token Plan Hs_max (100/100 used), resets at 2026-05-18T00:00:00+08:00 (HTTP 200)"
  }
}
[2026-05-17 09:09:57] [Music] 第340章音乐生成失败
[2026-05-17 09:09:57] [Music] 开始处理第345章: 月印之谜
[2026-05-17 09:10:02] [Music] 配额不足: {
  "error": {
    "code": 1,
    "message": "API error: usage limit exceeded, daily usage limit reached for Token Plan Hs_max (100/100 used), resets at 2026-05-18T00:00:00+08:00 (HTTP 200)"
  }
}
[2026-05-17 09:10:02] [Music] 第337章音乐生成失败
[2026-05-17 09:10:02] [Music] 开始处理第346章: 韩守一的遗言
[2026-05-17 09:10:13] [Music] 配额不足: {
  "error": {
    "code": 1,
    "message": "API error: usage limit exceeded, daily usage limit reached for Token Plan Hs_max (100/100 used), resets at 2026-05-18T00:00:00+08:00 (HTTP 200)"
  }
}
[2026-05-17 09:10:13] [Music] 第342章音乐生成失败
[2026-05-17 09:10:13] [Music] 开始处理第347章: 四鬼共鸣
[2026-05-17 09:10:20] [Music] 配额不足: {
  "error": {
    "code": 1,
    "message": "API error: usage limit exceeded, daily usage limit reached for Token Plan Hs_max (100/100 used), resets at 2026-05-18T00:00:00+08:00 (HTTP 200)"
  }
}
[2026-05-17 09:10:20] [Music] 第343章音乐生成失败
[2026-05-17 09:10:20] [Music] 开始处理第348章: 满月前夕
[2026-05-17 09:10:22] [Music] 第345章歌词生成失败
[2026-05-17 09:10:22] [Music] 开始处理第349章: 外婆的遗物
[2026-05-17 09:10:26] [Music] 配额不足: {
  "error": {
    "code": 1,
    "message": "API error: usage limit exceeded, daily usage limit reached for Token Plan Hs_max (100/100 used), resets at 2026-05-18T00:00:00+08:00 (HTTP 200)"
  }
}
[2026-05-17 09:10:26] [Music] 第346章音乐生成失败
[2026-05-17 09:10:26] [Music] 开始处理第350章: 满月初升
[2026-05-17 09:10:28] [Music] 配额不足: {
  "error": {
    "code": 1,
    "message": "API error: usage limit exceeded, daily usage limit reached for Token Plan Hs_max (100/100 used), resets at 2026-05-18T00:00:00+08:00 (HTTP 200)"
  }
}
[2026-05-17 09:10:28] [Music] 第344章音乐生成失败
[2026-05-17 09:10:28] [Music] 开始处理第351章: 替身对决
[2026-05-17 09:10:40] [Music] 配额不足: {
  "error": {
    "code": 1,
    "message": "API error: usage limit exceeded, daily usage limit reached for Token Plan Hs_max (100/100 used), resets at 2026-05-18T00:00:00+08:00 (HTTP 200)"
  }
}
[2026-05-17 09:10:40] [Music] 第347章音乐生成失败
[2026-05-17 09:10:40] [Music] 开始处理第352章: 缝合的记忆
[2026-05-17 09:10:44] [Music] 配额不足: {
  "error": {
    "code": 1,
    "message": "API error: usage limit exceeded, daily usage limit reached for Token Plan Hs_max (100/100 used), resets at 2026-05-18T00:00:00+08:00 (HTTP 200)"
  }
}
[2026-05-17 09:10:44] [Music] 第348章音乐生成失败
[2026-05-17 09:10:44] [Music] 开始处理第353章: 缝补之痛
[2026-05-17 09:10:47] [Music] 配额不足: {
  "error": {
    "code": 1,
    "message": "API error: usage limit exceeded, daily usage limit reached for Token Plan Hs_max (100/100 used), resets at 2026-05-18T00:00:00+08:00 (HTTP 200)"
  }
}
[2026-05-17 09:10:47] [Music] 第349章音乐生成失败
[2026-05-17 09:10:47] [Music] 开始处理第354章: 午夜缝纫机
[2026-05-17 09:10:54] [Music] 配额不足: {
  "error": {
    "code": 1,
    "message": "API error: usage limit exceeded, daily usage limit reached for Token Plan Hs_max (100/100 used), resets at 2026-05-18T00:00:00+08:00 (HTTP 200)"
  }
}
[2026-05-17 09:10:54] [Music] 第351章音乐生成失败
[2026-05-17 09:10:54] [Music] 开始处理第355章: 以线换线
[2026-05-17 09:10:59] [Music] 配额不足: {
  "error": {
    "code": 1,
    "message": "API error: usage limit exceeded, daily usage limit reached for Token Plan Hs_max (100/100 used), resets at 2026-05-18T00:00:00+08:00 (HTTP 200)"
  }
}
[2026-05-17 09:10:59] [Music] 第350章音乐生成失败
[2026-05-17 09:10:59] [Music] 开始处理第356章: 外婆的遗言
[2026-05-17 09:11:05] [Music] 配额不足: {
  "error": {
    "code": 1,
    "message": "API error: usage limit exceeded, daily usage limit reached for Token Plan Hs_max (100/100 used), resets at 2026-05-18T00:00:00+08:00 (HTTP 200)"
  }
}
[2026-05-17 09:11:05] [Music] 第352章音乐生成失败
[2026-05-17 09:11:05] [Music] 开始处理第357章: 回声巷
[2026-05-17 09:11:17] [Music] 配额不足: {
  "error": {
    "code": 1,
    "message": "API error: usage limit exceeded, daily usage limit reached for Token Plan Hs_max (100/100 used), resets at 2026-05-18T00:00:00+08:00 (HTTP 200)"
  }
}
[2026-05-17 09:11:17] [Music] 第353章音乐生成失败
[2026-05-17 09:11:17] [Music] 开始处理第358章: 自己的声音
[2026-05-17 09:11:22] [Music] 配额不足: {
  "error": {
    "code": 1,
    "message": "API error: usage limit exceeded, daily usage limit reached for Token Plan Hs_max (100/100 used), resets at 2026-05-18T00:00:00+08:00 (HTTP 200)"
  }
}
[2026-05-17 09:11:22] [Music] 第355章音乐生成失败
[2026-05-17 09:11:22] [Music] 开始处理第359章: 外婆的遗物
[2026-05-17 09:11:27] [Music] 第354章歌词生成失败
[2026-05-17 09:11:27] [Music] 开始处理第360章: 顾清雨的选择
[2026-05-17 09:11:32] [Music] 配额不足: {
  "error": {
    "code": 1,
    "message": "API error: usage limit exceeded, daily usage limit reached for Token Plan Hs_max (100/100 used), resets at 2026-05-18T00:00:00+08:00 (HTTP 200)"
  }
}
[2026-05-17 09:11:32] [Music] 第357章音乐生成失败
[2026-05-17 09:11:32] [Music] 开始处理第361章: 陈医生的秘密
[2026-05-17 09:11:33] [Music] text chat failed: {
  "error": {
    "code": 4,
    "message": "Rate limit or quota exceeded. Token Plan 主要面向个人开发者的交互式使用场景。当前请求量较高，请稍后重试；如需支持更高并发或自动化任务，建议升级至更高级别套餐，或使用按量付费 API。 (2062)",
    "hint": "Check usage: mmx qu
[2026-05-17 09:11:33] [Music] 第361章歌词生成失败
[2026-05-17 09:11:33] [Music] 开始处理第362章: 诊所袭击
[2026-05-17 09:11:33] [Music] text chat failed: {
  "error": {
    "code": 4,
    "message": "Rate limit or quota exceeded. Token Plan 主要面向个人开发者的交互式使用场景。当前请求量较高，请稍后重试；如需支持更高并发或自动化任务，建议升级至更高级别套餐，或使用按量付费 API。 (2062)",
    "hint": "Check usage: mmx qu
[2026-05-17 09:11:33] [Music] 第362章歌词生成失败
[2026-05-17 09:11:33] [Music] 开始处理第363章: 替身的代价
[2026-05-17 09:11:33] [Music] 配额不足: {
  "error": {
    "code": 1,
    "message": "API error: usage limit exceeded, daily usage limit reached for Token Plan Hs_max (100/100 used), resets at 2026-05-18T00:00:00+08:00 (HTTP 200)"
  }
}
[2026-05-17 09:11:33] [Music] 第356章音乐生成失败
[2026-05-17 09:11:33] [Music] 开始处理第364章: 老陈头的警告
[2026-05-17 09:11:33] [Music] text chat failed: {
  "error": {
    "code": 4,
    "message": "Rate limit or quota exceeded. Token Plan 主要面向个人开发者的交互式使用场景。当前请求量较高，请稍后重试；如需支持更高并发或自动化任务，建议升级至更高级别套餐，或使用按量付费 API。 (2062)",
    "hint": "Check usage: mmx qu
[2026-05-17 09:11:33] [Music] 第363章歌词生成失败
[2026-05-17 09:11:33] [Music] 开始处理第365章: 新的起点
[2026-05-17 09:11:34] [Music] text chat failed: {
  "error": {
    "code": 4,
    "message": "Rate limit or quota exceeded. Token Plan 主要面向个人开发者的交互式使用场景。当前请求量较高，请稍后重试；如需支持更高并发或自动化任务，建议升级至更高级别套餐，或使用按量付费 API。 (2062)",
    "hint": "Check usage: mmx qu
[2026-05-17 09:11:34] [Music] 第364章歌词生成失败
[2026-05-17 09:11:34] [Music] 开始处理第366章: 楼道迷踪
[2026-05-17 09:11:34] [Music] text chat failed: {
  "error": {
    "code": 4,
    "message": "Rate limit or quota exceeded. Token Plan 主要面向个人开发者的交互式使用场景。当前请求量较高，请稍后重试；如需支持更高并发或自动化任务，建议升级至更高级别套餐，或使用按量付费 API。 (2062)",
    "hint": "Check usage: mmx qu
[2026-05-17 09:11:34] [Music] 第365章歌词生成失败
[2026-05-17 09:11:34] [Music] 开始处理第367章: 七楼黑影的话
[2026-05-17 09:11:34] [Music] text chat failed: {
  "error": {
    "code": 4,
    "message": "Rate limit or quota exceeded. Token Plan 主要面向个人开发者的交互式使用场景。当前请求量较高，请稍后重试；如需支持更高并发或自动化任务，建议升级至更高级别套餐，或使用按量付费 API。 (2062)",
    "hint": "Check usage: mmx qu
[2026-05-17 09:11:34] [Music] 第366章歌词生成失败
[2026-05-17 09:11:34] [Music] 开始处理第368章: 远古的记忆
[2026-05-17 09:11:34] [Music] text chat failed: {
  "error": {
    "code": 4,
    "message": "Rate limit or quota exceeded. Token Plan 主要面向个人开发者的交互式使用场景。当前请求量较高，请稍后重试；如需支持更高并发或自动化任务，建议升级至更高级别套餐，或使用按量付费 API。 (2062)",
    "hint": "Check usage: mmx qu
[2026-05-17 09:11:34] [Music] 第367章歌词生成失败
[2026-05-17 09:11:34] [Music] 开始处理第369章: 十二层的守门者
[2026-05-17 09:11:35] [Music] text chat failed: {
  "error": {
    "code": 4,
    "message": "Rate limit or quota exceeded. Token Plan 主要面向个人开发者的交互式使用场景。当前请求量较高，请稍后重试；如需支持更高并发或自动化任务，建议升级至更高级别套餐，或使用按量付费 API。 (2062)",
    "hint": "Check usage: mmx qu
[2026-05-17 09:11:35] [Music] 第368章歌词生成失败
[2026-05-17 09:11:35] [Music] 开始处理第370章: 钟无艳的噩梦
[2026-05-17 09:11:35] [Music] text chat failed: {
  "error": {
    "code": 4,
    "message": "Rate limit or quota exceeded. Token Plan 主要面向个人开发者的交互式使用场景。当前请求量较高，请稍后重试；如需支持更高并发或自动化任务，建议升级至更高级别套餐，或使用按量付费 API。 (2062)",
    "hint": "Check usage: mmx qu
[2026-05-17 09:11:35] [Music] 第369章歌词生成失败
[2026-05-17 09:11:35] [Music] 开始处理第371章: 选择的重量
[2026-05-17 09:11:35] [Music] text chat failed: {
  "error": {
    "code": 4,
    "message": "Rate limit or quota exceeded. Token Plan 主要面向个人开发者的交互式使用场景。当前请求量较高，请稍后重试；如需支持更高并发或自动化任务，建议升级至更高级别套餐，或使用按量付费 API。 (2062)",
    "hint": "Check usage: mmx qu
[2026-05-17 09:11:35] [Music] 第370章歌词生成失败
[2026-05-17 09:11:35] [Music] 开始处理第372章: 十三层的真相
[2026-05-17 09:11:35] [Music] text chat failed: {
  "error": {
    "code": 4,
    "message": "Rate limit or quota exceeded. Token Plan 主要面向个人开发者的交互式使用场景。当前请求量较高，请稍后重试；如需支持更高并发或自动化任务，建议升级至更高级别套餐，或使用按量付费 API。 (2062)",
    "hint": "Check usage: mmx qu
[2026-05-17 09:11:35] [Music] 第371章歌词生成失败
[2026-05-17 09:11:35] [Music] 开始处理第373章: 舅公的计划
[2026-05-17 09:11:35] [Music] text chat failed: {
  "error": {
    "code": 4,
    "message": "Rate limit or quota exceeded. Token Plan 主要面向个人开发者的交互式使用场景。当前请求量较高，请稍后重试；如需支持更高并发或自动化任务，建议升级至更高级别套餐，或使用按量付费 API。 (2062)",
    "hint": "Check usage: mmx qu
[2026-05-17 09:11:35] [Music] 第372章歌词生成失败
[2026-05-17 09:11:35] [Music] 开始处理第374章: 血脉的召唤
[2026-05-17 09:11:35] [Music] text chat failed: {
  "error": {
    "code": 4,
    "message": "Rate limit or quota exceeded. Token Plan 主要面向个人开发者的交互式使用场景。当前请求量较高，请稍后重试；如需支持更高并发或自动化任务，建议升级至更高级别套餐，或使用按量付费 API。 (2062)",
    "hint": "Check usage: mmx qu
[2026-05-17 09:11:35] [Music] 第373章歌词生成失败
[2026-05-17 09:11:35] [Music] 开始处理第375章: 第三条路
[2026-05-17 09:11:36] [Music] text chat failed: {
  "error": {
    "code": 4,
    "message": "Rate limit or quota exceeded. Token Plan 主要面向个人开发者的交互式使用场景。当前请求量较高，请稍后重试；如需支持更高并发或自动化任务，建议升级至更高级别套餐，或使用按量付费 API。 (2062)",
    "hint": "Check usage: mmx qu
[2026-05-17 09:11:36] [Music] 第374章歌词生成失败
[2026-05-17 09:11:36] [Music] 开始处理第376章: 灵异的桥梁
[2026-05-17 09:11:36] [Music] text chat failed: {
  "error": {
    "code": 4,
    "message": "Rate limit or quota exceeded. Token Plan 主要面向个人开发者的交互式使用场景。当前请求量较高，请稍后重试；如需支持更高并发或自动化任务，建议升级至更高级别套餐，或使用按量付费 API。 (2062)",
    "hint": "Check usage: mmx qu
[2026-05-17 09:11:36] [Music] 第375章歌词生成失败
[2026-05-17 09:11:36] [Music] 开始处理第377章: 记忆的回廊
[2026-05-17 09:11:36] [Music] text chat failed: {
  "error": {
    "code": 4,
    "message": "Rate limit or quota exceeded. Token Plan 主要面向个人开发者的交互式使用场景。当前请求量较高，请稍后重试；如需支持更高并发或自动化任务，建议升级至更高级别套餐，或使用按量付费 API。 (2062)",
    "hint": "Check usage: mmx qu
[2026-05-17 09:11:36] [Music] 第376章歌词生成失败
[2026-05-17 09:11:36] [Music] 开始处理第378章: 血色的契约
[2026-05-17 09:11:36] [Music] text chat failed: {
  "error": {
    "code": 4,
    "message": "Rate limit or quota exceeded. Token Plan 主要面向个人开发者的交互式使用场景。当前请求量较高，请稍后重试；如需支持更高并发或自动化任务，建议升级至更高级别套餐，或使用按量付费 API。 (2062)",
    "hint": "Check usage: mmx qu
[2026-05-17 09:11:36] [Music] 第377章歌词生成失败
[2026-05-17 09:11:36] [Music] 开始处理第379章: 归来的代价
[2026-05-17 09:11:36] [Music] text chat failed: {
  "error": {
    "code": 4,
    "message": "Rate limit or quota exceeded. Token Plan 主要面向个人开发者的交互式使用场景。当前请求量较高，请稍后重试；如需支持更高并发或自动化任务，建议升级至更高级别套餐，或使用按量付费 API。 (2062)",
    "hint": "Check usage: mmx qu
[2026-05-17 09:11:36] [Music] 第378章歌词生成失败
[2026-05-17 09:11:36] [Music] 开始处理第380章: 新生的阵痛
[2026-05-17 09:11:37] [Music] text chat failed: {
  "error": {
    "code": 4,
    "message": "Rate limit or quota exceeded. Token Plan 主要面向个人开发者的交互式使用场景。当前请求量较高，请稍后重试；如需支持更高并发或自动化任务，建议升级至更高级别套餐，或使用按量付费 API。 (2062)",
    "hint": "Check usage: mmx qu
[2026-05-17 09:11:37] [Music] 第379章歌词生成失败
[2026-05-17 09:11:37] [Music] 开始处理第381章: 黄泉路上无行人
[2026-05-17 09:11:37] [Music] text chat failed: {
  "error": {
    "code": 4,
    "message": "Rate limit or quota exceeded. Token Plan 主要面向个人开发者的交互式使用场景。当前请求量较高，请稍后重试；如需支持更高并发或自动化任务，建议升级至更高级别套餐，或使用按量付费 API。 (2062)",
    "hint": "Check usage: mmx qu
[2026-05-17 09:11:37] [Music] 第380章歌词生成失败
[2026-05-17 09:11:37] [Music] 开始处理第382章: 父亲的背影
[2026-05-17 09:11:37] [Music] text chat failed: {
  "error": {
    "code": 4,
    "message": "Rate limit or quota exceeded. Token Plan 主要面向个人开发者的交互式使用场景。当前请求量较高，请稍后重试；如需支持更高并发或自动化任务，建议升级至更高级别套餐，或使用按量付费 API。 (2062)",
    "hint": "Check usage: mmx qu
[2026-05-17 09:11:37] [Music] 第381章歌词生成失败
[2026-05-17 09:11:37] [Music] 开始处理第383章: 不要回头
[2026-05-17 09:11:37] [Music] text chat failed: {
  "error": {
    "code": 4,
    "message": "Rate limit or quota exceeded. Token Plan 主要面向个人开发者的交互式使用场景。当前请求量较高，请稍后重试；如需支持更高并发或自动化任务，建议升级至更高级别套餐，或使用按量付费 API。 (2062)",
    "hint": "Check usage: mmx qu
[2026-05-17 09:11:37] [Music] 第382章歌词生成失败
[2026-05-17 09:11:37] [Music] 开始处理第384章: 同路人
[2026-05-17 09:11:37] [Music] text chat failed: {
  "error": {
    "code": 4,
    "message": "Rate limit or quota exceeded. Token Plan 主要面向个人开发者的交互式使用场景。当前请求量较高，请稍后重试；如需支持更高并发或自动化任务，建议升级至更高级别套餐，或使用按量付费 API。 (2062)",
    "hint": "Check usage: mmx qu
[2026-05-17 09:11:37] [Music] 第383章歌词生成失败
[2026-05-17 09:11:37] [Music] 开始处理第385章: 影子的秘密
[2026-05-17 09:11:38] [Music] text chat failed: {
  "error": {
    "code": 4,
    "message": "Rate limit or quota exceeded. Token Plan 主要面向个人开发者的交互式使用场景。当前请求量较高，请稍后重试；如需支持更高并发或自动化任务，建议升级至更高级别套餐，或使用按量付费 API。 (2062)",
    "hint": "Check usage: mmx qu
[2026-05-17 09:11:38] [Music] 第384章歌词生成失败
[2026-05-17 09:11:38] [Music] 开始处理第386章: 分道扬镳
[2026-05-17 09:11:38] [Music] text chat failed: {
  "error": {
    "code": 4,
    "message": "Rate limit or quota exceeded. Token Plan 主要面向个人开发者的交互式使用场景。当前请求量较高，请稍后重试；如需支持更高并发或自动化任务，建议升级至更高级别套餐，或使用按量付费 API。 (2062)",
    "hint": "Check usage: mmx qu
[2026-05-17 09:11:38] [Music] 第385章歌词生成失败
[2026-05-17 09:11:39] [Music] text chat failed: {
  "error": {
    "code": 4,
    "message": "Rate limit or quota exceeded. Token Plan 主要面向个人开发者的交互式使用场景。当前请求量较高，请稍后重试；如需支持更高并发或自动化任务，建议升级至更高级别套餐，或使用按量付费 API。 (2062)",
    "hint": "Check usage: mmx qu
[2026-05-17 09:11:39] [Music] 第386章歌词生成失败
[2026-05-17 09:11:45] [Music] 配额不足: {
  "error": {
    "code": 1,
    "message": "API error: usage limit exceeded, daily usage limit reached for Token Plan Hs_max (100/100 used), resets at 2026-05-18T00:00:00+08:00 (HTTP 200)"
  }
}
[2026-05-17 09:11:45] [Music] 第358章音乐生成失败
[2026-05-17 09:11:50] [Music] 配额不足: {
  "error": {
    "code": 1,
    "message": "API error: usage limit exceeded, daily usage limit reached for Token Plan Hs_max (100/100 used), resets at 2026-05-18T00:00:00+08:00 (HTTP 200)"
  }
}
[2026-05-17 09:11:50] [Music] 第359章音乐生成失败
[2026-05-17 09:11:52] [Music] 配额不足: {
  "error": {
    "code": 1,
    "message": "API error: usage limit exceeded, daily usage limit reached for Token Plan Hs_max (100/100 used), resets at 2026-05-18T00:00:00+08:00 (HTTP 200)"
  }
}
[2026-05-17 09:11:52] [Music] 第360章音乐生成失败
[2026-05-17 09:11:52] [Music] 批次完成: 成功 0, 失败 50
[2026-05-17 09:11:52] [Music] 累计: 成功 62, 失败 288
[2026-05-17 09:11:52] [Music] 批次间休息30秒...
[2026-05-17 09:12:22] [Music] 处理批次 8/40, 本批 50 章
[2026-05-17 09:12:22] [Music] 开始处理第387章: 鬼门关前
[2026-05-17 09:12:22] [Music] 开始处理第388章: 第一问：你是谁
[2026-05-17 09:12:22] [Music] 开始处理第389章: 第二问：你在找什么
[2026-05-17 09:12:22] [Music] 开始处理第390章: 韩守一的答案
[2026-05-17 09:12:22] [Music] 开始处理第391章: 第三问：你愿意付出什么
[2026-05-17 09:12:44] [Music] 配额不足: {
  "error": {
    "code": 1,
    "message": "API error: usage limit exceeded, daily usage limit reached for Token Plan Hs_max (100/100 used), resets at 2026-05-18T00:00:00+08:00 (HTTP 200)"
  }
}
[2026-05-17 09:12:44] [Music] 第391章音乐生成失败
[2026-05-17 09:12:44] [Music] 开始处理第392章: 记忆的缺口
[2026-05-17 09:12:46] [Music] 第389章歌词生成失败
[2026-05-17 09:12:46] [Music] 开始处理第393章: 门后的世界
[2026-05-17 09:12:47] [Music] 配额不足: {
  "error": {
    "code": 1,
    "message": "API error: usage limit exceeded, daily usage limit reached for Token Plan Hs_max (100/100 used), resets at 2026-05-18T00:00:00+08:00 (HTTP 200)"
  }
}
[2026-05-17 09:12:47] [Music] 第388章音乐生成失败
[2026-05-17 09:12:47] [Music] 开始处理第394章: 纸人引路
[2026-05-17 09:12:47] [Music] 配额不足: {
  "error": {
    "code": 1,
    "message": "API error: usage limit exceeded, daily usage limit reached for Token Plan Hs_max (100/100 used), resets at 2026-05-18T00:00:00+08:00 (HTTP 200)"
  }
}
[2026-05-17 09:12:47] [Music] 第387章音乐生成失败
[2026-05-17 09:12:47] [Music] 开始处理第395章: 黄昏的警告
[2026-05-17 09:12:47] [Music] 配额不足: {
  "error": {
    "code": 1,
    "message": "API error: usage limit exceeded, daily usage limit reached for Token Plan Hs_max (100/100 used), resets at 2026-05-18T00:00:00+08:00 (HTTP 200)"
  }
}
[2026-05-17 09:12:47] [Music] 第390章音乐生成失败
[2026-05-17 09:12:47] [Music] 开始处理第396章: 夜行者的追逐
[2026-05-17 09:13:09] [Music] 配额不足: {
  "error": {
    "code": 1,
    "message": "API error: usage limit exceeded, daily usage limit reached for Token Plan Hs_max (100/100 used), resets at 2026-05-18T00:00:00+08:00 (HTTP 200)"
  }
}
[2026-05-17 09:13:09] [Music] 第392章音乐生成失败
[2026-05-17 09:13:09] [Music] 开始处理第397章: 祭坛的真相
[2026-05-17 09:13:12] [Music] 配额不足: {
  "error": {
    "code": 1,
    "message": "API error: usage limit exceeded, daily usage limit reached for Token Plan Hs_max (100/100 used), resets at 2026-05-18T00:00:00+08:00 (HTTP 200)"
  }
}
[2026-05-17 09:13:12] [Music] 第396章音乐生成失败
[2026-05-17 09:13:12] [Music] 开始处理第398章: 外婆的名字
[2026-05-17 09:13:12] [Music] 配额不足: {
  "error": {
    "code": 1,
    "message": "API error: usage limit exceeded, daily usage limit reached for Token Plan Hs_max (100/100 used), resets at 2026-05-18T00:00:00+08:00 (HTTP 200)"
  }
}
[2026-05-17 09:13:12] [Music] 第395章音乐生成失败
[2026-05-17 09:13:12] [Music] 开始处理第399章: 引渡的代价
[2026-05-17 09:13:17] [Music] 配额不足: {
  "error": {
    "code": 1,
    "message": "API error: usage limit exceeded, daily usage limit reached for Token Plan Hs_max (100/100 used), resets at 2026-05-18T00:00:00+08:00 (HTTP 200)"
  }
}
[2026-05-17 09:13:17] [Music] 第394章音乐生成失败
[2026-05-17 09:13:17] [Music] 开始处理第400章: 第三条路
[2026-05-17 09:13:26] [Music] 配额不足: {
  "error": {
    "code": 1,
    "message": "API error: usage limit exceeded, daily usage limit reached for Token Plan Hs_max (100/100 used), resets at 2026-05-18T00:00:00+08:00 (HTTP 200)"
  }
}
[2026-05-17 09:13:26] [Music] 第393章音乐生成失败
[2026-05-17 09:13:26] [Music] 开始处理第401章: 黄泉路的入口
[2026-05-17 09:13:26] [Music] text chat failed: {
  "error": {
    "code": 4,
    "message": "Rate limit or quota exceeded. Token Plan 主要面向个人开发者的交互式使用场景。当前请求量较高，请稍后重试；如需支持更高并发或自动化任务，建议升级至更高级别套餐，或使用按量付费 API。 (2062)",
    "hint": "Check usage: mmx qu
[2026-05-17 09:13:26] [Music] 第401章歌词生成失败
[2026-05-17 09:13:26] [Music] 开始处理第402章: 亡者的回声
[2026-05-17 09:13:26] [Music] text chat failed: {
  "error": {
    "code": 4,
    "message": "Rate limit or quota exceeded. Token Plan 主要面向个人开发者的交互式使用场景。当前请求量较高，请稍后重试；如需支持更高并发或自动化任务，建议升级至更高级别套餐，或使用按量付费 API。 (2062)",
    "hint": "Check usage: mmx qu
[2026-05-17 09:13:26] [Music] 第402章歌词生成失败
[2026-05-17 09:13:26] [Music] 开始处理第403章: 同路之人
[2026-05-17 09:13:27] [Music] text chat failed: {
  "error": {
    "code": 4,
    "message": "Rate limit or quota exceeded. Token Plan 主要面向个人开发者的交互式使用场景。当前请求量较高，请稍后重试；如需支持更高并发或自动化任务，建议升级至更高级别套餐，或使用按量付费 API。 (2062)",
    "hint": "Check usage: mmx qu
[2026-05-17 09:13:27] [Music] 第403章歌词生成失败
[2026-05-17 09:13:27] [Music] 开始处理第404章: 路标与警告
[2026-05-17 09:13:27] [Music] text chat failed: {
  "error": {
    "code": 4,
    "message": "Rate limit or quota exceeded. Token Plan 主要面向个人开发者的交互式使用场景。当前请求量较高，请稍后重试；如需支持更高并发或自动化任务，建议升级至更高级别套餐，或使用按量付费 API。 (2062)",
    "hint": "Check usage: mmx qu
[2026-05-17 09:13:27] [Music] 第404章歌词生成失败
[2026-05-17 09:13:27] [Music] 开始处理第405章: 回头鬼的注视
[2026-05-17 09:13:27] [Music] text chat failed: {
  "error": {
    "code": 4,
    "message": "Rate limit or quota exceeded. Token Plan 主要面向个人开发者的交互式使用场景。当前请求量较高，请稍后重试；如需支持更高并发或自动化任务，建议升级至更高级别套餐，或使用按量付费 API。 (2062)",
    "hint": "Check usage: mmx qu
[2026-05-17 09:13:27] [Music] 第405章歌词生成失败
[2026-05-17 09:13:27] [Music] 开始处理第406章: 沉默者的觉醒
[2026-05-17 09:13:28] [Music] text chat failed: {
  "error": {
    "code": 4,
    "message": "Rate limit or quota exceeded. Token Plan 主要面向个人开发者的交互式使用场景。当前请求量较高，请稍后重试；如需支持更高并发或自动化任务，建议升级至更高级别套餐，或使用按量付费 API。 (2062)",
    "hint": "Check usage: mmx qu
[2026-05-17 09:13:28] [Music] 第406章歌词生成失败
[2026-05-17 09:13:28] [Music] 开始处理第407章: 方晓的秘密
[2026-05-17 09:13:28] [Music] text chat failed: {
  "error": {
    "code": 4,
    "message": "Rate limit or quota exceeded. Token Plan 主要面向个人开发者的交互式使用场景。当前请求量较高，请稍后重试；如需支持更高并发或自动化任务，建议升级至更高级别套餐，或使用按量付费 API。 (2062)",
    "hint": "Check usage: mmx qu
[2026-05-17 09:13:28] [Music] 第407章歌词生成失败
[2026-05-17 09:13:28] [Music] 开始处理第408章: 夜半哭声
[2026-05-17 09:13:29] [Music] text chat failed: {
  "error": {
    "code": 4,
    "message": "Rate limit or quota exceeded. Token Plan 主要面向个人开发者的交互式使用场景。当前请求量较高，请稍后重试；如需支持更高并发或自动化任务，建议升级至更高级别套餐，或使用按量付费 API。 (2062)",
    "hint": "Check usage: mmx qu
[2026-05-17 09:13:29] [Music] 第408章歌词生成失败
[2026-05-17 09:13:29] [Music] 开始处理第409章: 替身的代价
[2026-05-17 09:13:29] [Music] text chat failed: {
  "error": {
    "code": 4,
    "message": "Rate limit or quota exceeded. Token Plan 主要面向个人开发者的交互式使用场景。当前请求量较高，请稍后重试；如需支持更高并发或自动化任务，建议升级至更高级别套餐，或使用按量付费 API。 (2062)",
    "hint": "Check usage: mmx qu
[2026-05-17 09:13:29] [Music] 第409章歌词生成失败
[2026-05-17 09:13:29] [Music] 开始处理第410章: 迷路的真相
[2026-05-17 09:13:29] [Music] text chat failed: {
  "error": {
    "code": 4,
    "message": "Rate limit or quota exceeded. Token Plan 主要面向个人开发者的交互式使用场景。当前请求量较高，请稍后重试；如需支持更高并发或自动化任务，建议升级至更高级别套餐，或使用按量付费 API。 (2062)",
    "hint": "Check usage: mmx qu
[2026-05-17 09:13:29] [Music] 第410章歌词生成失败
[2026-05-17 09:13:29] [Music] 开始处理第411章: 纸人引路
[2026-05-17 09:13:30] [Music] text chat failed: {
  "error": {
    "code": 4,
    "message": "Rate limit or quota exceeded. Token Plan 主要面向个人开发者的交互式使用场景。当前请求量较高，请稍后重试；如需支持更高并发或自动化任务，建议升级至更高级别套餐，或使用按量付费 API。 (2062)",
    "hint": "Check usage: mmx qu
[2026-05-17 09:13:30] [Music] 第411章歌词生成失败
[2026-05-17 09:13:30] [Music] 开始处理第412章: 无尽的走廊
[2026-05-17 09:13:30] [Music] text chat failed: {
  "error": {
    "code": 4,
    "message": "Rate limit or quota exceeded. Token Plan 主要面向个人开发者的交互式使用场景。当前请求量较高，请稍后重试；如需支持更高并发或自动化任务，建议升级至更高级别套餐，或使用按量付费 API。 (2062)",
    "hint": "Check usage: mmx qu
[2026-05-17 09:13:30] [Music] 第412章歌词生成失败
[2026-05-17 09:13:30] [Music] 开始处理第413章: 半人半鬼
[2026-05-17 09:13:31] [Music] text chat failed: {
  "error": {
    "code": 4,
    "message": "Rate limit or quota exceeded. Token Plan 主要面向个人开发者的交互式使用场景。当前请求量较高，请稍后重试；如需支持更高并发或自动化任务，建议升级至更高级别套餐，或使用按量付费 API。 (2062)",
    "hint": "Check usage: mmx qu
[2026-05-17 09:13:31] [Music] 第413章歌词生成失败
[2026-05-17 09:13:31] [Music] 开始处理第414章: 沉默者的过去
[2026-05-17 09:13:31] [Music] text chat failed: {
  "error": {
    "code": 4,
    "message": "Rate limit or quota exceeded. Token Plan 主要面向个人开发者的交互式使用场景。当前请求量较高，请稍后重试；如需支持更高并发或自动化任务，建议升级至更高级别套餐，或使用按量付费 API。 (2062)",
    "hint": "Check usage: mmx qu
[2026-05-17 09:13:31] [Music] 第414章歌词生成失败
[2026-05-17 09:13:31] [Music] 开始处理第415章: 倒带的秘密
[2026-05-17 09:13:31] [Music] text chat failed: {
  "error": {
    "code": 4,
    "message": "Rate limit or quota exceeded. Token Plan 主要面向个人开发者的交互式使用场景。当前请求量较高，请稍后重试；如需支持更高并发或自动化任务，建议升级至更高级别套餐，或使用按量付费 API。 (2062)",
    "hint": "Check usage: mmx qu
[2026-05-17 09:13:31] [Music] 第415章歌词生成失败
[2026-05-17 09:13:31] [Music] 开始处理第416章: 纸人的真相
[2026-05-17 09:13:32] [Music] text chat failed: {
  "error": {
    "code": 4,
    "message": "Rate limit or quota exceeded. Token Plan 主要面向个人开发者的交互式使用场景。当前请求量较高，请稍后重试；如需支持更高并发或自动化任务，建议升级至更高级别套餐，或使用按量付费 API。 (2062)",
    "hint": "Check usage: mmx qu
[2026-05-17 09:13:32] [Music] 第416章歌词生成失败
[2026-05-17 09:13:32] [Music] 开始处理第417章: 分道扬镳
[2026-05-17 09:13:32] [Music] text chat failed: {
  "error": {
    "code": 4,
    "message": "Rate limit or quota exceeded. Token Plan 主要面向个人开发者的交互式使用场景。当前请求量较高，请稍后重试；如需支持更高并发或自动化任务，建议升级至更高级别套餐，或使用按量付费 API。 (2062)",
    "hint": "Check usage: mmx qu
[2026-05-17 09:13:32] [Music] 第417章歌词生成失败
[2026-05-17 09:13:32] [Music] 开始处理第418章: 抉择时刻
[2026-05-17 09:13:32] [Music] text chat failed: {
  "error": {
    "code": 4,
    "message": "Rate limit or quota exceeded. Token Plan 主要面向个人开发者的交互式使用场景。当前请求量较高，请稍后重试；如需支持更高并发或自动化任务，建议升级至更高级别套餐，或使用按量付费 API。 (2062)",
    "hint": "Check usage: mmx qu
[2026-05-17 09:13:32] [Music] 第418章歌词生成失败
[2026-05-17 09:13:32] [Music] 开始处理第419章: 最后的休憩
[2026-05-17 09:13:33] [Music] text chat failed: {
  "error": {
    "code": 4,
    "message": "Rate limit or quota exceeded. Token Plan 主要面向个人开发者的交互式使用场景。当前请求量较高，请稍后重试；如需支持更高并发或自动化任务，建议升级至更高级别套餐，或使用按量付费 API。 (2062)",
    "hint": "Check usage: mmx qu
[2026-05-17 09:13:33] [Music] 第419章歌词生成失败
[2026-05-17 09:13:33] [Music] 开始处理第420章: 方晓的抉择
[2026-05-17 09:13:33] [Music] text chat failed: {
  "error": {
    "code": 4,
    "message": "Rate limit or quota exceeded. Token Plan 主要面向个人开发者的交互式使用场景。当前请求量较高，请稍后重试；如需支持更高并发或自动化任务，建议升级至更高级别套餐，或使用按量付费 API。 (2062)",
    "hint": "Check usage: mmx qu
[2026-05-17 09:13:33] [Music] 第420章歌词生成失败
[2026-05-17 09:13:33] [Music] 开始处理第421章: 黄泉路上
[2026-05-17 09:13:34] [Music] text chat failed: {
  "error": {
    "code": 4,
    "message": "Rate limit or quota exceeded. Token Plan 主要面向个人开发者的交互式使用场景。当前请求量较高，请稍后重试；如需支持更高并发或自动化任务，建议升级至更高级别套餐，或使用按量付费 API。 (2062)",
    "hint": "Check usage: mmx qu
[2026-05-17 09:13:34] [Music] 第421章歌词生成失败
[2026-05-17 09:13:34] [Music] 开始处理第422章: 同路人
[2026-05-17 09:13:34] [Music] text chat failed: {
  "error": {
    "code": 4,
    "message": "Rate limit or quota exceeded. Token Plan 主要面向个人开发者的交互式使用场景。当前请求量较高，请稍后重试；如需支持更高并发或自动化任务，建议升级至更高级别套餐，或使用按量付费 API。 (2062)",
    "hint": "Check usage: mmx qu
[2026-05-17 09:13:34] [Music] 第422章歌词生成失败
[2026-05-17 09:13:34] [Music] 开始处理第423章: 外婆的声音
[2026-05-17 09:13:34] [Music] text chat failed: {
  "error": {
    "code": 4,
    "message": "Rate limit or quota exceeded. Token Plan 主要面向个人开发者的交互式使用场景。当前请求量较高，请稍后重试；如需支持更高并发或自动化任务，建议升级至更高级别套餐，或使用按量付费 API。 (2062)",
    "hint": "Check usage: mmx qu
[2026-05-17 09:13:34] [Music] 第423章歌词生成失败
[2026-05-17 09:13:34] [Music] 开始处理第424章: 分岔路口
[2026-05-17 09:13:35] [Music] text chat failed: {
  "error": {
    "code": 4,
    "message": "Rate limit or quota exceeded. Token Plan 主要面向个人开发者的交互式使用场景。当前请求量较高，请稍后重试；如需支持更高并发或自动化任务，建议升级至更高级别套餐，或使用按量付费 API。 (2062)",
    "hint": "Check usage: mmx qu
[2026-05-17 09:13:35] [Music] 第424章歌词生成失败
[2026-05-17 09:13:35] [Music] 开始处理第425章: 黄泉三不问
[2026-05-17 09:13:35] [Music] text chat failed: {
  "error": {
    "code": 4,
    "message": "Rate limit or quota exceeded. Token Plan 主要面向个人开发者的交互式使用场景。当前请求量较高，请稍后重试；如需支持更高并发或自动化任务，建议升级至更高级别套餐，或使用按量付费 API。 (2062)",
    "hint": "Check usage: mmx qu
[2026-05-17 09:13:35] [Music] 第425章歌词生成失败
[2026-05-17 09:13:35] [Music] 开始处理第426章: 奈何桥
[2026-05-17 09:13:35] [Music] text chat failed: {
  "error": {
    "code": 4,
    "message": "Rate limit or quota exceeded. Token Plan 主要面向个人开发者的交互式使用场景。当前请求量较高，请稍后重试；如需支持更高并发或自动化任务，建议升级至更高级别套餐，或使用按量付费 API。 (2062)",
    "hint": "Check usage: mmx qu
[2026-05-17 09:13:35] [Music] 第426章歌词生成失败
[2026-05-17 09:13:35] [Music] 开始处理第427章: 忘川河底
[2026-05-17 09:13:36] [Music] 配额不足: {
  "error": {
    "code": 1,
    "message": "API error: usage limit exceeded, daily usage limit reached for Token Plan Hs_max (100/100 used), resets at 2026-05-18T00:00:00+08:00 (HTTP 200)"
  }
}
[2026-05-17 09:13:36] [Music] 第399章音乐生成失败
[2026-05-17 09:13:36] [Music] 开始处理第428章: 彼岸花海
[2026-05-17 09:13:36] [Music] text chat failed: {
  "error": {
    "code": 4,
    "message": "Rate limit or quota exceeded. Token Plan 主要面向个人开发者的交互式使用场景。当前请求量较高，请稍后重试；如需支持更高并发或自动化任务，建议升级至更高级别套餐，或使用按量付费 API。 (2062)",
    "hint": "Check usage: mmx qu
[2026-05-17 09:13:36] [Music] 第427章歌词生成失败
[2026-05-17 09:13:36] [Music] 开始处理第429章: 三途川渡口
[2026-05-17 09:13:36] [Music] text chat failed: {
  "error": {
    "code": 4,
    "message": "Rate limit or quota exceeded. Token Plan 主要面向个人开发者的交互式使用场景。当前请求量较高，请稍后重试；如需支持更高并发或自动化任务，建议升级至更高级别套餐，或使用按量付费 API。 (2062)",
    "hint": "Check usage: mmx qu
[2026-05-17 09:13:36] [Music] 第428章歌词生成失败
[2026-05-17 09:13:36] [Music] 开始处理第430章: 船中见鬼
[2026-05-17 09:13:36] [Music] text chat failed: {
  "error": {
    "code": 4,
    "message": "Rate limit or quota exceeded. Token Plan 主要面向个人开发者的交互式使用场景。当前请求量较高，请稍后重试；如需支持更高并发或自动化任务，建议升级至更高级别套餐，或使用按量付费 API。 (2062)",
    "hint": "Check usage: mmx qu
[2026-05-17 09:13:36] [Music] 第429章歌词生成失败
[2026-05-17 09:13:36] [Music] 开始处理第431章: 故人重逢
[2026-05-17 09:13:36] [Music] text chat failed: {
  "error": {
    "code": 4,
    "message": "Rate limit or quota exceeded. Token Plan 主要面向个人开发者的交互式使用场景。当前请求量较高，请稍后重试；如需支持更高并发或自动化任务，建议升级至更高级别套餐，或使用按量付费 API。 (2062)",
    "hint": "Check usage: mmx qu
[2026-05-17 09:13:36] [Music] 第430章歌词生成失败
[2026-05-17 09:13:36] [Music] 开始处理第432章: 赵鹤的遗言
[2026-05-17 09:13:37] [Music] text chat failed: {
  "error": {
    "code": 4,
    "message": "Rate limit or quota exceeded. Token Plan 主要面向个人开发者的交互式使用场景。当前请求量较高，请稍后重试；如需支持更高并发或自动化任务，建议升级至更高级别套餐，或使用按量付费 API。 (2062)",
    "hint": "Check usage: mmx qu
[2026-05-17 09:13:37] [Music] 第431章歌词生成失败
[2026-05-17 09:13:37] [Music] 开始处理第433章: 渡船靠岸
[2026-05-17 09:13:37] [Music] text chat failed: {
  "error": {
    "code": 4,
    "message": "Rate limit or quota exceeded. Token Plan 主要面向个人开发者的交互式使用场景。当前请求量较高，请稍后重试；如需支持更高并发或自动化任务，建议升级至更高级别套餐，或使用按量付费 API。 (2062)",
    "hint": "Check usage: mmx qu
[2026-05-17 09:13:37] [Music] 第432章歌词生成失败
[2026-05-17 09:13:37] [Music] 开始处理第434章: 鬼门关前
[2026-05-17 09:13:37] [Music] text chat failed: {
  "error": {
    "code": 4,
    "message": "Rate limit or quota exceeded. Token Plan 主要面向个人开发者的交互式使用场景。当前请求量较高，请稍后重试；如需支持更高并发或自动化任务，建议升级至更高级别套餐，或使用按量付费 API。 (2062)",
    "hint": "Check usage: mmx qu
[2026-05-17 09:13:37] [Music] 第433章歌词生成失败
[2026-05-17 09:13:37] [Music] 开始处理第435章: 守门人的问题
[2026-05-17 09:13:37] [Music] 配额不足: {
  "error": {
    "code": 1,
    "message": "API error: usage limit exceeded, daily usage limit reached for Token Plan Hs_max (100/100 used), resets at 2026-05-18T00:00:00+08:00 (HTTP 200)"
  }
}
[2026-05-17 09:13:37] [Music] 第397章音乐生成失败
[2026-05-17 09:13:37] [Music] 开始处理第436章: 真相的一角
[2026-05-17 09:13:37] [Music] text chat failed: {
  "error": {
    "code": 4,
    "message": "Rate limit or quota exceeded. Token Plan 主要面向个人开发者的交互式使用场景。当前请求量较高，请稍后重试；如需支持更高并发或自动化任务，建议升级至更高级别套餐，或使用按量付费 API。 (2062)",
    "hint": "Check usage: mmx qu
[2026-05-17 09:13:37] [Music] 第434章歌词生成失败
[2026-05-17 09:13:37] [Music] text chat failed: {
  "error": {
    "code": 4,
    "message": "Rate limit or quota exceeded. Token Plan 主要面向个人开发者的交互式使用场景。当前请求量较高，请稍后重试；如需支持更高并发或自动化任务，建议升级至更高级别套餐，或使用按量付费 API。 (2062)",
    "hint": "Check usage: mmx qu
[2026-05-17 09:13:37] [Music] 第436章歌词生成失败
[2026-05-17 09:13:38] [Music] text chat failed: {
  "error": {
    "code": 4,
    "message": "Rate limit or quota exceeded. Token Plan 主要面向个人开发者的交互式使用场景。当前请求量较高，请稍后重试；如需支持更高并发或自动化任务，建议升级至更高级别套餐，或使用按量付费 API。 (2062)",
    "hint": "Check usage: mmx qu
[2026-05-17 09:13:38] [Music] 第435章歌词生成失败
[2026-05-17 09:13:42] [Music] 配额不足: {
  "error": {
    "code": 1,
    "message": "API error: usage limit exceeded, daily usage limit reached for Token Plan Hs_max (100/100 used), resets at 2026-05-18T00:00:00+08:00 (HTTP 200)"
  }
}
[2026-05-17 09:13:42] [Music] 第400章音乐生成失败
[2026-05-17 09:13:44] [Music] 第398章歌词生成失败
[2026-05-17 09:13:44] [Music] 批次完成: 成功 0, 失败 50
[2026-05-17 09:13:44] [Music] 累计: 成功 62, 失败 338
[2026-05-17 09:13:44] [Music] 批次间休息30秒...
[2026-05-17 09:14:14] [Music] 处理批次 9/40, 本批 50 章
[2026-05-17 09:14:14] [Music] 开始处理第437章: 最深的恐惧
[2026-05-17 09:14:14] [Music] 开始处理第438章: 沉默者的觉醒
[2026-05-17 09:14:14] [Music] 开始处理第439章: 遗物
[2026-05-17 09:14:14] [Music] 开始处理第440章: 出口
[2026-05-17 09:14:14] [Music] 开始处理第441章: 黄泉入口
[2026-05-17 09:14:35] [Music] 配额不足: {
  "error": {
    "code": 1,
    "message": "API error: usage limit exceeded, daily usage limit reached for Token Plan Hs_max (100/100 used), resets at 2026-05-18T00:00:00+08:00 (HTTP 200)"
  }
}
[2026-05-17 09:14:35] [Music] 第441章音乐生成失败
[2026-05-17 09:14:35] [Music] 开始处理第442章: 纸人引路
[2026-05-17 09:14:36] [Music] 配额不足: {
  "error": {
    "code": 1,
    "message": "API error: usage limit exceeded, daily usage limit reached for Token Plan Hs_max (100/100 used), resets at 2026-05-18T00:00:00+08:00 (HTTP 200)"
  }
}
[2026-05-17 09:14:36] [Music] 第440章音乐生成失败
[2026-05-17 09:14:36] [Music] 开始处理第443章: 名字的代价
[2026-05-17 09:14:39] [Music] 配额不足: {
  "error": {
    "code": 1,
    "message": "API error: usage limit exceeded, daily usage limit reached for Token Plan Hs_max (100/100 used), resets at 2026-05-18T00:00:00+08:00 (HTTP 200)"
  }
}
[2026-05-17 09:14:39] [Music] 第438章音乐生成失败
[2026-05-17 09:14:39] [Music] 开始处理第444章: 回声巷的延伸
[2026-05-17 09:14:40] [Music] 配额不足: {
  "error": {
    "code": 1,
    "message": "API error: usage limit exceeded, daily usage limit reached for Token Plan Hs_max (100/100 used), resets at 2026-05-18T00:00:00+08:00 (HTTP 200)"
  }
}
[2026-05-17 09:14:40] [Music] 第437章音乐生成失败
[2026-05-17 09:14:40] [Music] 开始处理第445章: 坑底世界
[2026-05-17 09:14:49] [Music] 配额不足: {
  "error": {
    "code": 1,
    "message": "API error: usage limit exceeded, daily usage limit reached for Token Plan Hs_max (100/100 used), resets at 2026-05-18T00:00:00+08:00 (HTTP 200)"
  }
}
[2026-05-17 09:14:49] [Music] 第439章音乐生成失败
[2026-05-17 09:14:49] [Music] 开始处理第446章: 守墓人的遗言
[2026-05-17 09:14:58] [Music] 配额不足: {
  "error": {
    "code": 1,
    "message": "API error: usage limit exceeded, daily usage limit reached for Token Plan Hs_max (100/100 used), resets at 2026-05-18T00:00:00+08:00 (HTTP 200)"
  }
}
[2026-05-17 09:14:58] [Music] 第442章音乐生成失败
[2026-05-17 09:14:58] [Music] 开始处理第447章: 信中的秘密
[2026-05-17 09:15:02] [Music] 配额不足: {
  "error": {
    "code": 1,
    "message": "API error: usage limit exceeded, daily usage limit reached for Token Plan Hs_max (100/100 used), resets at 2026-05-18T00:00:00+08:00 (HTTP 200)"
  }
}
[2026-05-17 09:15:02] [Music] 第443章音乐生成失败
[2026-05-17 09:15:02] [Music] 开始处理第448章: 枯井村的路标
[2026-05-17 09:15:04] [Music] 配额不足: {
  "error": {
    "code": 1,
    "message": "API error: usage limit exceeded, daily usage limit reached for Token Plan Hs_max (100/100 used), resets at 2026-05-18T00:00:00+08:00 (HTTP 200)"
  }
}
[2026-05-17 09:15:04] [Music] 第445章音乐生成失败
[2026-05-17 09:15:04] [Music] 开始处理第449章: 枯井村的白昼
[2026-05-17 09:15:05] [Music] 配额不足: {
  "error": {
    "code": 1,
    "message": "API error: usage limit exceeded, daily usage limit reached for Token Plan Hs_max (100/100 used), resets at 2026-05-18T00:00:00+08:00 (HTTP 200)"
  }
}
[2026-05-17 09:15:05] [Music] 第444章音乐生成失败
[2026-05-17 09:15:05] [Music] 开始处理第450章: 井底之蛙的凝视
[2026-05-17 09:15:18] [Music] 配额不足: {
  "error": {
    "code": 1,
    "message": "API error: usage limit exceeded, daily usage limit reached for Token Plan Hs_max (100/100 used), resets at 2026-05-18T00:00:00+08:00 (HTTP 200)"
  }
}
[2026-05-17 09:15:18] [Music] 第446章音乐生成失败
[2026-05-17 09:15:18] [Music] 开始处理第451章: 拼图的真相
[2026-05-17 09:15:30] [Music] 配额不足: {
  "error": {
    "code": 1,
    "message": "API error: usage limit exceeded, daily usage limit reached for Token Plan Hs_max (100/100 used), resets at 2026-05-18T00:00:00+08:00 (HTTP 200)"
  }
}
[2026-05-17 09:15:30] [Music] 第449章音乐生成失败
[2026-05-17 09:15:30] [Music] 开始处理第452章: 失忆的代价
[2026-05-17 09:15:31] [Music] 配额不足: {
  "error": {
    "code": 1,
    "message": "API error: usage limit exceeded, daily usage limit reached for Token Plan Hs_max (100/100 used), resets at 2026-05-18T00:00:00+08:00 (HTTP 200)"
  }
}
[2026-05-17 09:15:31] [Music] 第450章音乐生成失败
[2026-05-17 09:15:31] [Music] 开始处理第453章: 记忆的碎片
[2026-05-17 09:15:35] [Music] 配额不足: {
  "error": {
    "code": 1,
    "message": "API error: usage limit exceeded, daily usage limit reached for Token Plan Hs_max (100/100 used), resets at 2026-05-18T00:00:00+08:00 (HTTP 200)"
  }
}
[2026-05-17 09:15:35] [Music] 第448章音乐生成失败
[2026-05-17 09:15:35] [Music] 开始处理第454章: 顾清雨的危机
[2026-05-17 09:15:40] [Music] 配额不足: {
  "error": {
    "code": 1,
    "message": "API error: usage limit exceeded, daily usage limit reached for Token Plan Hs_max (100/100 used), resets at 2026-05-18T00:00:00+08:00 (HTTP 200)"
  }
}
[2026-05-17 09:15:40] [Music] 第451章音乐生成失败
[2026-05-17 09:15:40] [Music] 开始处理第455章: 缝脸鬼的规律
[2026-05-17 09:15:45] [Music] 配额不足: {
  "error": {
    "code": 1,
    "message": "API error: usage limit exceeded, daily usage limit reached for Token Plan Hs_max (100/100 used), resets at 2026-05-18T00:00:00+08:00 (HTTP 200)"
  }
}
[2026-05-17 09:15:45] [Music] 第447章音乐生成失败
[2026-05-17 09:15:45] [Music] 开始处理第456章: 残缺的记忆拼图
[2026-05-17 09:15:52] [Music] 配额不足: {
  "error": {
    "code": 1,
    "message": "API error: usage limit exceeded, daily usage limit reached for Token Plan Hs_max (100/100 used), resets at 2026-05-18T00:00:00+08:00 (HTTP 200)"
  }
}
[2026-05-17 09:15:52] [Music] 第452章音乐生成失败
[2026-05-17 09:15:52] [Music] 开始处理第457章: 无声的交流
[2026-05-17 09:15:55] [Music] 配额不足: {
  "error": {
    "code": 1,
    "message": "API error: usage limit exceeded, daily usage limit reached for Token Plan Hs_max (100/100 used), resets at 2026-05-18T00:00:00+08:00 (HTTP 200)"
  }
}
[2026-05-17 09:15:55] [Music] 第453章音乐生成失败
[2026-05-17 09:15:55] [Music] 开始处理第458章: 缝脸鬼的巢穴
[2026-05-17 09:15:58] [Music] 配额不足: {
  "error": {
    "code": 1,
    "message": "API error: usage limit exceeded, daily usage limit reached for Token Plan Hs_max (100/100 used), resets at 2026-05-18T00:00:00+08:00 (HTTP 200)"
  }
}
[2026-05-17 09:15:58] [Music] 第454章音乐生成失败
[2026-05-17 09:15:58] [Music] 开始处理第459章: 万人坑的怨念
[2026-05-17 09:16:10] [Music] 配额不足: {
  "error": {
    "code": 1,
    "message": "API error: usage limit exceeded, daily usage limit reached for Token Plan Hs_max (100/100 used), resets at 2026-05-18T00:00:00+08:00 (HTTP 200)"
  }
}
[2026-05-17 09:16:10] [Music] 第456章音乐生成失败
[2026-05-17 09:16:10] [Music] 开始处理第460章: 缝与被缝
[2026-05-17 09:16:15] [Music] 配额不足: {
  "error": {
    "code": 1,
    "message": "API error: usage limit exceeded, daily usage limit reached for Token Plan Hs_max (100/100 used), resets at 2026-05-18T00:00:00+08:00 (HTTP 200)"
  }
}
[2026-05-17 09:16:15] [Music] 第457章音乐生成失败
[2026-05-17 09:16:15] [Music] 开始处理第461章: 黑风衣
[2026-05-17 09:16:20] [Music] 配额不足: {
  "error": {
    "code": 1,
    "message": "API error: usage limit exceeded, daily usage limit reached for Token Plan Hs_max (100/100 used), resets at 2026-05-18T00:00:00+08:00 (HTTP 200)"
  }
}
[2026-05-17 09:16:20] [Music] 第455章音乐生成失败
[2026-05-17 09:16:20] [Music] 开始处理第462章: 替身的代价
[2026-05-17 09:16:25] [Music] 配额不足: {
  "error": {
    "code": 1,
    "message": "API error: usage limit exceeded, daily usage limit reached for Token Plan Hs_max (100/100 used), resets at 2026-05-18T00:00:00+08:00 (HTTP 200)"
  }
}
[2026-05-17 09:16:25] [Music] 第459章音乐生成失败
[2026-05-17 09:16:25] [Music] 开始处理第463章: 赵鹤的教导
[2026-05-17 09:16:26] [Music] 配额不足: {
  "error": {
    "code": 1,
    "message": "API error: usage limit exceeded, daily usage limit reached for Token Plan Hs_max (100/100 used), resets at 2026-05-18T00:00:00+08:00 (HTTP 200)"
  }
}
[2026-05-17 09:16:26] [Music] 第458章音乐生成失败
[2026-05-17 09:16:26] [Music] 开始处理第464章: 沉默者的执念
[2026-05-17 09:16:31] [Music] 配额不足: {
  "error": {
    "code": 1,
    "message": "API error: usage limit exceeded, daily usage limit reached for Token Plan Hs_max (100/100 used), resets at 2026-05-18T00:00:00+08:00 (HTTP 200)"
  }
}
[2026-05-17 09:16:31] [Music] 第460章音乐生成失败
[2026-05-17 09:16:31] [Music] 开始处理第465章: 记者林婉儿
[2026-05-17 09:16:40] [Music] 配额不足: {
  "error": {
    "code": 1,
    "message": "API error: usage limit exceeded, daily usage limit reached for Token Plan Hs_max (100/100 used), resets at 2026-05-18T00:00:00+08:00 (HTTP 200)"
  }
}
[2026-05-17 09:16:40] [Music] 第461章音乐生成失败
[2026-05-17 09:16:40] [Music] 开始处理第466章: 纸扎店
[2026-05-17 09:16:44] [Music] 配额不足: {
  "error": {
    "code": 1,
    "message": "API error: usage limit exceeded, daily usage limit reached for Token Plan Hs_max (100/100 used), resets at 2026-05-18T00:00:00+08:00 (HTTP 200)"
  }
}
[2026-05-17 09:16:44] [Music] 第463章音乐生成失败
[2026-05-17 09:16:44] [Music] 开始处理第467章: 纸人的执念
[2026-05-17 09:16:45] [Music] 配额不足: {
  "error": {
    "code": 1,
    "message": "API error: usage limit exceeded, daily usage limit reached for Token Plan Hs_max (100/100 used), resets at 2026-05-18T00:00:00+08:00 (HTTP 200)"
  }
}
[2026-05-17 09:16:45] [Music] 第462章音乐生成失败
[2026-05-17 09:16:45] [Music] 开始处理第468章: 妥协
[2026-05-17 09:16:49] [Music] 配额不足: {
  "error": {
    "code": 1,
    "message": "API error: usage limit exceeded, daily usage limit reached for Token Plan Hs_max (100/100 used), resets at 2026-05-18T00:00:00+08:00 (HTTP 200)"
  }
}
[2026-05-17 09:16:49] [Music] 第464章音乐生成失败
[2026-05-17 09:16:49] [Music] 开始处理第469章: 地下基地
[2026-05-17 09:16:57] [Music] 配额不足: {
  "error": {
    "code": 1,
    "message": "API error: usage limit exceeded, daily usage limit reached for Token Plan Hs_max (100/100 used), resets at 2026-05-18T00:00:00+08:00 (HTTP 200)"
  }
}
[2026-05-17 09:16:57] [Music] 第465章音乐生成失败
[2026-05-17 09:16:57] [Music] 开始处理第470章: 围杀
[2026-05-17 09:17:02] [Music] 配额不足: {
  "error": {
    "code": 1,
    "message": "API error: usage limit exceeded, daily usage limit reached for Token Plan Hs_max (100/100 used), resets at 2026-05-18T00:00:00+08:00 (HTTP 200)"
  }
}
[2026-05-17 09:17:02] [Music] 第466章音乐生成失败
[2026-05-17 09:17:02] [Music] 开始处理第471章: 逃亡
[2026-05-17 09:17:09] [Music] 配额不足: {
  "error": {
    "code": 1,
    "message": "API error: usage limit exceeded, daily usage limit reached for Token Plan Hs_max (100/100 used), resets at 2026-05-18T00:00:00+08:00 (HTTP 200)"
  }
}
[2026-05-17 09:17:09] [Music] 第467章音乐生成失败
[2026-05-17 09:17:09] [Music] 开始处理第472章: 沉默者的觉醒
[2026-05-17 09:17:17] [Music] 配额不足: {
  "error": {
    "code": 1,
    "message": "API error: usage limit exceeded, daily usage limit reached for Token Plan Hs_max (100/100 used), resets at 2026-05-18T00:00:00+08:00 (HTTP 200)"
  }
}
[2026-05-17 09:17:17] [Music] 第470章音乐生成失败
[2026-05-17 09:17:17] [Music] 开始处理第473章: 人性之战
[2026-05-17 09:17:18] [Music] 配额不足: {
  "error": {
    "code": 1,
    "message": "API error: usage limit exceeded, daily usage limit reached for Token Plan Hs_max (100/100 used), resets at 2026-05-18T00:00:00+08:00 (HTTP 200)"
  }
}
[2026-05-17 09:17:18] [Music] 第469章音乐生成失败
[2026-05-17 09:17:18] [Music] 开始处理第474章: 新的力量
[2026-05-17 09:17:23] [Music] 配额不足: {
  "error": {
    "code": 1,
    "message": "API error: usage limit exceeded, daily usage limit reached for Token Plan Hs_max (100/100 used), resets at 2026-05-18T00:00:00+08:00 (HTTP 200)"
  }
}
[2026-05-17 09:17:23] [Music] 第468章音乐生成失败
[2026-05-17 09:17:23] [Music] 开始处理第475章: 下一步
[2026-05-17 09:17:29] [Music] 配额不足: {
  "error": {
    "code": 1,
    "message": "API error: usage limit exceeded, daily usage limit reached for Token Plan Hs_max (100/100 used), resets at 2026-05-18T00:00:00+08:00 (HTTP 200)"
  }
}
[2026-05-17 09:17:29] [Music] 第471章音乐生成失败
[2026-05-17 09:17:29] [Music] 开始处理第476章: 余波
[2026-05-17 09:17:36] [Music] 配额不足: {
  "error": {
    "code": 1,
    "message": "API error: usage limit exceeded, daily usage limit reached for Token Plan Hs_max (100/100 used), resets at 2026-05-18T00:00:00+08:00 (HTTP 200)"
  }
}
[2026-05-17 09:17:36] [Music] 第472章音乐生成失败
[2026-05-17 09:17:36] [Music] 开始处理第477章: 猎人与猎物
[2026-05-17 09:17:41] [Music] 配额不足: {
  "error": {
    "code": 1,
    "message": "API error: usage limit exceeded, daily usage limit reached for Token Plan Hs_max (100/100 used), resets at 2026-05-18T00:00:00+08:00 (HTTP 200)"
  }
}
[2026-05-17 09:17:41] [Music] 第473章音乐生成失败
[2026-05-17 09:17:41] [Music] 开始处理第478章: 纸人传讯
[2026-05-17 09:17:46] [Music] 配额不足: {
  "error": {
    "code": 1,
    "message": "API error: usage limit exceeded, daily usage limit reached for Token Plan Hs_max (100/100 used), resets at 2026-05-18T00:00:00+08:00 (HTTP 200)"
  }
}
[2026-05-17 09:17:46] [Music] 第474章音乐生成失败
[2026-05-17 09:17:46] [Music] 开始处理第479章: 城市之眼
[2026-05-17 09:17:47] [Music] 配额不足: {
  "error": {
    "code": 1,
    "message": "API error: usage limit exceeded, daily usage limit reached for Token Plan Hs_max (100/100 used), resets at 2026-05-18T00:00:00+08:00 (HTTP 200)"
  }
}
[2026-05-17 09:17:47] [Music] 第475章音乐生成失败
[2026-05-17 09:17:47] [Music] 开始处理第480章: 外婆的遗产
[2026-05-17 09:17:51] [Music] 配额不足: {
  "error": {
    "code": 1,
    "message": "API error: usage limit exceeded, daily usage limit reached for Token Plan Hs_max (100/100 used), resets at 2026-05-18T00:00:00+08:00 (HTTP 200)"
  }
}
[2026-05-17 09:17:51] [Music] 第476章音乐生成失败
[2026-05-17 09:17:51] [Music] 开始处理第481章: 黄泉路入口
[2026-05-17 09:18:03] [Music] 配额不足: {
  "error": {
    "code": 1,
    "message": "API error: usage limit exceeded, daily usage limit reached for Token Plan Hs_max (100/100 used), resets at 2026-05-18T00:00:00+08:00 (HTTP 200)"
  }
}
[2026-05-17 09:18:03] [Music] 第477章音乐生成失败
[2026-05-17 09:18:03] [Music] 开始处理第482章: 回声旅人
[2026-05-17 09:18:14] [Music] 配额不足: {
  "error": {
    "code": 1,
    "message": "API error: usage limit exceeded, daily usage limit reached for Token Plan Hs_max (100/100 used), resets at 2026-05-18T00:00:00+08:00 (HTTP 200)"
  }
}
[2026-05-17 09:18:14] [Music] 第479章音乐生成失败
[2026-05-17 09:18:14] [Music] 开始处理第483章: 沉默者的代价
[2026-05-17 09:18:15] [Music] 配额不足: {
  "error": {
    "code": 1,
    "message": "API error: usage limit exceeded, daily usage limit reached for Token Plan Hs_max (100/100 used), resets at 2026-05-18T00:00:00+08:00 (HTTP 200)"
  }
}
[2026-05-17 09:18:15] [Music] 第481章音乐生成失败
[2026-05-17 09:18:15] [Music] 开始处理第484章: 故人停车场
[2026-05-17 09:18:15] [Music] 第478章歌词生成失败
[2026-05-17 09:18:15] [Music] 开始处理第485章: 停车场守则
[2026-05-17 09:18:19] [Music] 配额不足: {
  "error": {
    "code": 1,
    "message": "API error: usage limit exceeded, daily usage limit reached for Token Plan Hs_max (100/100 used), resets at 2026-05-18T00:00:00+08:00 (HTTP 200)"
  }
}
[2026-05-17 09:18:19] [Music] 第480章音乐生成失败
[2026-05-17 09:18:19] [Music] 开始处理第486章: 韩冰的跟踪
[2026-05-17 09:18:30] [Music] 配额不足: {
  "error": {
    "code": 1,
    "message": "API error: usage limit exceeded, daily usage limit reached for Token Plan Hs_max (100/100 used), resets at 2026-05-18T00:00:00+08:00 (HTTP 200)"
  }
}
[2026-05-17 09:18:30] [Music] 第482章音乐生成失败
[2026-05-17 09:18:40] [Music] 配额不足: {
  "error": {
    "code": 1,
    "message": "API error: usage limit exceeded, daily usage limit reached for Token Plan Hs_max (100/100 used), resets at 2026-05-18T00:00:00+08:00 (HTTP 200)"
  }
}
[2026-05-17 09:18:40] [Music] 第484章音乐生成失败
[2026-05-17 09:18:40] [Music] 配额不足: {
  "error": {
    "code": 1,
    "message": "API error: usage limit exceeded, daily usage limit reached for Token Plan Hs_max (100/100 used), resets at 2026-05-18T00:00:00+08:00 (HTTP 200)"
  }
}
[2026-05-17 09:18:40] [Music] 第485章音乐生成失败
[2026-05-17 09:18:40] [Music] 配额不足: {
  "error": {
    "code": 1,
    "message": "API error: usage limit exceeded, daily usage limit reached for Token Plan Hs_max (100/100 used), resets at 2026-05-18T00:00:00+08:00 (HTTP 200)"
  }
}
[2026-05-17 09:18:40] [Music] 第483章音乐生成失败
[2026-05-17 09:18:57] [Music] 配额不足: {
  "error": {
    "code": 1,
    "message": "API error: usage limit exceeded, daily usage limit reached for Token Plan Hs_max (100/100 used), resets at 2026-05-18T00:00:00+08:00 (HTTP 200)"
  }
}
[2026-05-17 09:18:57] [Music] 第486章音乐生成失败
[2026-05-17 09:18:57] [Music] 批次完成: 成功 0, 失败 50
[2026-05-17 09:18:57] [Music] 累计: 成功 62, 失败 388
[2026-05-17 09:18:57] [Music] 批次间休息30秒...
[2026-05-17 09:19:27] [Music] 处理批次 10/40, 本批 50 章
[2026-05-17 09:19:27] [Music] 开始处理第487章: 无面者的注视
[2026-05-17 09:19:27] [Music] 开始处理第488章: 韩冰的崩溃
[2026-05-17 09:19:27] [Music] 开始处理第489章: 韩冰的遗言
[2026-05-17 09:19:27] [Music] 开始处理第490章: 黄泉路的中点
[2026-05-17 09:19:27] [Music] 开始处理第491章: 记忆的代价
[2026-05-17 09:19:46] [Music] 配额不足: {
  "error": {
    "code": 1,
    "message": "API error: usage limit exceeded, daily usage limit reached for Token Plan Hs_max (100/100 used), resets at 2026-05-18T00:00:00+08:00 (HTTP 200)"
  }
}
[2026-05-17 09:19:46] [Music] 第487章音乐生成失败
[2026-05-17 09:19:46] [Music] 开始处理第492章: 彼岸花海
[2026-05-17 09:19:51] [Music] 配额不足: {
  "error": {
    "code": 1,
    "message": "API error: usage limit exceeded, daily usage limit reached for Token Plan Hs_max (100/100 used), resets at 2026-05-18T00:00:00+08:00 (HTTP 200)"
  }
}
[2026-05-17 09:19:51] [Music] 第491章音乐生成失败
[2026-05-17 09:19:51] [Music] 开始处理第493章: 花海守墓人
[2026-05-17 09:19:57] [Music] 配额不足: {
  "error": {
    "code": 1,
    "message": "API error: usage limit exceeded, daily usage limit reached for Token Plan Hs_max (100/100 used), resets at 2026-05-18T00:00:00+08:00 (HTTP 200)"
  }
}
[2026-05-17 09:19:57] [Music] 第489章音乐生成失败
[2026-05-17 09:19:57] [Music] 开始处理第494章: 鬼门关的幻影
[2026-05-17 09:19:58] [Music] 配额不足: {
  "error": {
    "code": 1,
    "message": "API error: usage limit exceeded, daily usage limit reached for Token Plan Hs_max (100/100 used), resets at 2026-05-18T00:00:00+08:00 (HTTP 200)"
  }
}
[2026-05-17 09:19:58] [Music] 第490章音乐生成失败
[2026-05-17 09:19:58] [Music] 开始处理第495章: 三个问题
[2026-05-17 09:19:58] [Music] 配额不足: {
  "error": {
    "code": 1,
    "message": "API error: usage limit exceeded, daily usage limit reached for Token Plan Hs_max (100/100 used), resets at 2026-05-18T00:00:00+08:00 (HTTP 200)"
  }
}
[2026-05-17 09:19:58] [Music] 第488章音乐生成失败
[2026-05-17 09:19:58] [Music] 开始处理第496章: 老陈头的真面目
[2026-05-17 09:20:07] [Music] 配额不足: {
  "error": {
    "code": 1,
    "message": "API error: usage limit exceeded, daily usage limit reached for Token Plan Hs_max (100/100 used), resets at 2026-05-18T00:00:00+08:00 (HTTP 200)"
  }
}
[2026-05-17 09:20:07] [Music] 第492章音乐生成失败
[2026-05-17 09:20:07] [Music] 开始处理第497章: 外婆的遗书
[2026-05-17 09:20:16] [Music] 配额不足: {
  "error": {
    "code": 1,
    "message": "API error: usage limit exceeded, daily usage limit reached for Token Plan Hs_max (100/100 used), resets at 2026-05-18T00:00:00+08:00 (HTTP 200)"
  }
}
[2026-05-17 09:20:16] [Music] 第493章音乐生成失败
[2026-05-17 09:20:16] [Music] 开始处理第498章: 鬼门关的召唤
[2026-05-17 09:20:23] [Music] 配额不足: {
  "error": {
    "code": 1,
    "message": "API error: usage limit exceeded, daily usage limit reached for Token Plan Hs_max (100/100 used), resets at 2026-05-18T00:00:00+08:00 (HTTP 200)"
  }
}
[2026-05-17 09:20:23] [Music] 第496章音乐生成失败
[2026-05-17 09:20:23] [Music] 开始处理第499章: 抉择之路
[2026-05-17 09:20:25] [Music] 配额不足: {
  "error": {
    "code": 1,
    "message": "API error: usage limit exceeded, daily usage limit reached for Token Plan Hs_max (100/100 used), resets at 2026-05-18T00:00:00+08:00 (HTTP 200)"
  }
}
[2026-05-17 09:20:25] [Music] 第494章音乐生成失败
[2026-05-17 09:20:25] [Music] 开始处理第500章: 外婆的真相
[2026-05-17 09:20:30] [Music] 第495章歌词生成失败
[2026-05-17 09:20:30] [Music] 开始处理第501章: 黑夜的凝视
[2026-05-17 09:20:31] [Music] 配额不足: {
  "error": {
    "code": 1,
    "message": "API error: usage limit exceeded, daily usage limit reached for Token Plan Hs_max (100/100 used), resets at 2026-05-18T00:00:00+08:00 (HTTP 200)"
  }
}
[2026-05-17 09:20:31] [Music] 第497章音乐生成失败
[2026-05-17 09:20:31] [Music] 开始处理第502章: 鬼将的猎物
[2026-05-17 09:20:45] [Music] 配额不足: {
  "error": {
    "code": 1,
    "message": "API error: usage limit exceeded, daily usage limit reached for Token Plan Hs_max (100/100 used), resets at 2026-05-18T00:00:00+08:00 (HTTP 200)"
  }
}
[2026-05-17 09:20:45] [Music] 第499章音乐生成失败
[2026-05-17 09:20:45] [Music] 开始处理第503章: 镜中对话
[2026-05-17 09:20:46] [Music] 第498章歌词生成失败
[2026-05-17 09:20:46] [Music] 开始处理第504章: 记忆的代价
[2026-05-17 09:20:53] [Music] 配额不足: {
  "error": {
    "code": 1,
    "message": "API error: usage limit exceeded, daily usage limit reached for Token Plan Hs_max (100/100 used), resets at 2026-05-18T00:00:00+08:00 (HTTP 200)"
  }
}
[2026-05-17 09:20:53] [Music] 第500章音乐生成失败
[2026-05-17 09:20:53] [Music] 开始处理第505章: 遗忘的执念
[2026-05-17 09:20:53] [Music] 配额不足: {
  "error": {
    "code": 1,
    "message": "API error: usage limit exceeded, daily usage limit reached for Token Plan Hs_max (100/100 used), resets at 2026-05-18T00:00:00+08:00 (HTTP 200)"
  }
}
[2026-05-17 09:20:53] [Music] 第501章音乐生成失败
[2026-05-17 09:20:53] [Music] 开始处理第506章: 黄泉路的入口
[2026-05-17 09:20:59] [Music] 配额不足: {
  "error": {
    "code": 1,
    "message": "API error: usage limit exceeded, daily usage limit reached for Token Plan Hs_max (100/100 used), resets at 2026-05-18T00:00:00+08:00 (HTTP 200)"
  }
}
[2026-05-17 09:20:59] [Music] 第502章音乐生成失败
[2026-05-17 09:20:59] [Music] 开始处理第507章: 故人的呼唤
[2026-05-17 09:21:10] [Music] 配额不足: {
  "error": {
    "code": 1,
    "message": "API error: usage limit exceeded, daily usage limit reached for Token Plan Hs_max (100/100 used), resets at 2026-05-18T00:00:00+08:00 (HTTP 200)"
  }
}
[2026-05-17 09:21:10] [Music] 第503章音乐生成失败
[2026-05-17 09:21:10] [Music] 开始处理第508章: 拒绝回头
[2026-05-17 09:21:16] [Music] 配额不足: {
  "error": {
    "code": 1,
    "message": "API error: usage limit exceeded, daily usage limit reached for Token Plan Hs_max (100/100 used), resets at 2026-05-18T00:00:00+08:00 (HTTP 200)"
  }
}
[2026-05-17 09:21:16] [Music] 第504章音乐生成失败
[2026-05-17 09:21:16] [Music] 开始处理第509章: 黄泉摆渡人
[2026-05-17 09:21:16] [Music] 配额不足: {
  "error": {
    "code": 1,
    "message": "API error: usage limit exceeded, daily usage limit reached for Token Plan Hs_max (100/100 used), resets at 2026-05-18T00:00:00+08:00 (HTTP 200)"
  }
}
[2026-05-17 09:21:16] [Music] 第506章音乐生成失败
[2026-05-17 09:21:16] [Music] 开始处理第510章: 三道选择题
[2026-05-17 09:21:21] [Music] 配额不足: {
  "error": {
    "code": 1,
    "message": "API error: usage limit exceeded, daily usage limit reached for Token Plan Hs_max (100/100 used), resets at 2026-05-18T00:00:00+08:00 (HTTP 200)"
  }
}
[2026-05-17 09:21:21] [Music] 第507章音乐生成失败
[2026-05-17 09:21:21] [Music] 开始处理第511章: 鬼门关前
[2026-05-17 09:21:29] [Music] 配额不足: {
  "error": {
    "code": 1,
    "message": "API error: usage limit exceeded, daily usage limit reached for Token Plan Hs_max (100/100 used), resets at 2026-05-18T00:00:00+08:00 (HTTP 200)"
  }
}
[2026-05-17 09:21:29] [Music] 第505章音乐生成失败
[2026-05-17 09:21:29] [Music] 开始处理第512章: 门内的声音
[2026-05-17 09:21:33] [Music] 配额不足: {
  "error": {
    "code": 1,
    "message": "API error: usage limit exceeded, daily usage limit reached for Token Plan Hs_max (100/100 used), resets at 2026-05-18T00:00:00+08:00 (HTTP 200)"
  }
}
[2026-05-17 09:21:33] [Music] 第508章音乐生成失败
[2026-05-17 09:21:33] [Music] 开始处理第513章: 复苏会的猎犬
[2026-05-17 09:21:35] [Music] 配额不足: {
  "error": {
    "code": 1,
    "message": "API error: usage limit exceeded, daily usage limit reached for Token Plan Hs_max (100/100 used), resets at 2026-05-18T00:00:00+08:00 (HTTP 200)"
  }
}
[2026-05-17 09:21:35] [Music] 第509章音乐生成失败
[2026-05-17 09:21:35] [Music] 开始处理第514章: 绝境逢生
[2026-05-17 09:21:45] [Music] 配额不足: {
  "error": {
    "code": 1,
    "message": "API error: usage limit exceeded, daily usage limit reached for Token Plan Hs_max (100/100 used), resets at 2026-05-18T00:00:00+08:00 (HTTP 200)"
  }
}
[2026-05-17 09:21:45] [Music] 第511章音乐生成失败
[2026-05-17 09:21:45] [Music] 开始处理第515章: 镜中真相
[2026-05-17 09:21:51] [Music] 配额不足: {
  "error": {
    "code": 1,
    "message": "API error: usage limit exceeded, daily usage limit reached for Token Plan Hs_max (100/100 used), resets at 2026-05-18T00:00:00+08:00 (HTTP 200)"
  }
}
[2026-05-17 09:21:51] [Music] 第510章音乐生成失败
[2026-05-17 09:21:51] [Music] 开始处理第516章: 原点之子的宿命
[2026-05-17 09:21:51] [Music] 配额不足: {
  "error": {
    "code": 1,
    "message": "API error: usage limit exceeded, daily usage limit reached for Token Plan Hs_max (100/100 used), resets at 2026-05-18T00:00:00+08:00 (HTTP 200)"
  }
}
[2026-05-17 09:21:51] [Music] 第512章音乐生成失败
[2026-05-17 09:21:51] [Music] 开始处理第517章: 老陈头的过去
[2026-05-17 09:22:02] [Music] 配额不足: {
  "error": {
    "code": 1,
    "message": "API error: usage limit exceeded, daily usage limit reached for Token Plan Hs_max (100/100 used), resets at 2026-05-18T00:00:00+08:00 (HTTP 200)"
  }
}
[2026-05-17 09:22:02] [Music] 第514章音乐生成失败
[2026-05-17 09:22:02] [Music] 开始处理第518章: 云海市的危机
[2026-05-17 09:22:05] [Music] 配额不足: {
  "error": {
    "code": 1,
    "message": "API error: usage limit exceeded, daily usage limit reached for Token Plan Hs_max (100/100 used), resets at 2026-05-18T00:00:00+08:00 (HTTP 200)"
  }
}
[2026-05-17 09:22:05] [Music] 第515章音乐生成失败
[2026-05-17 09:22:05] [Music] 开始处理第519章: 归途
[2026-05-17 09:22:09] [Music] 配额不足: {
  "error": {
    "code": 1,
    "message": "API error: usage limit exceeded, daily usage limit reached for Token Plan Hs_max (100/100 used), resets at 2026-05-18T00:00:00+08:00 (HTTP 200)"
  }
}
[2026-05-17 09:22:09] [Music] 第513章音乐生成失败
[2026-05-17 09:22:09] [Music] 开始处理第520章: 夜行会的叛徒
[2026-05-17 09:22:15] [Music] 配额不足: {
  "error": {
    "code": 1,
    "message": "API error: usage limit exceeded, daily usage limit reached for Token Plan Hs_max (100/100 used), resets at 2026-05-18T00:00:00+08:00 (HTTP 200)"
  }
}
[2026-05-17 09:22:15] [Music] 第517章音乐生成失败
[2026-05-17 09:22:15] [Music] 开始处理第521章: 死寂之城
[2026-05-17 09:22:19] [Music] 配额不足: {
  "error": {
    "code": 1,
    "message": "API error: usage limit exceeded, daily usage limit reached for Token Plan Hs_max (100/100 used), resets at 2026-05-18T00:00:00+08:00 (HTTP 200)"
  }
}
[2026-05-17 09:22:19] [Music] 第516章音乐生成失败
[2026-05-17 09:22:19] [Music] 开始处理第522章: 亮灯的房间
[2026-05-17 09:22:34] [Music] 第518章歌词生成失败
[2026-05-17 09:22:34] [Music] 开始处理第523章: 镜中窥探者
[2026-05-17 09:22:36] [Music] 配额不足: {
  "error": {
    "code": 1,
    "message": "API error: usage limit exceeded, daily usage limit reached for Token Plan Hs_max (100/100 used), resets at 2026-05-18T00:00:00+08:00 (HTTP 200)"
  }
}
[2026-05-17 09:22:36] [Music] 第521章音乐生成失败
[2026-05-17 09:22:36] [Music] 开始处理第524章: 黄泉路入口
[2026-05-17 09:22:39] [Music] 配额不足: {
  "error": {
    "code": 1,
    "message": "API error: usage limit exceeded, daily usage limit reached for Token Plan Hs_max (100/100 used), resets at 2026-05-18T00:00:00+08:00 (HTTP 200)"
  }
}
[2026-05-17 09:22:39] [Music] 第520章音乐生成失败
[2026-05-17 09:22:39] [Music] 开始处理第525章: 幻影的呼唤
[2026-05-17 09:22:40] [Music] 配额不足: {
  "error": {
    "code": 1,
    "message": "API error: usage limit exceeded, daily usage limit reached for Token Plan Hs_max (100/100 used), resets at 2026-05-18T00:00:00+08:00 (HTTP 200)"
  }
}
[2026-05-17 09:22:40] [Music] 第519章音乐生成失败
[2026-05-17 09:22:40] [Music] 开始处理第526章: 沉默者的咆哮
[2026-05-17 09:22:44] [Music] 配额不足: {
  "error": {
    "code": 1,
    "message": "API error: usage limit exceeded, daily usage limit reached for Token Plan Hs_max (100/100 used), resets at 2026-05-18T00:00:00+08:00 (HTTP 200)"
  }
}
[2026-05-17 09:22:44] [Music] 第522章音乐生成失败
[2026-05-17 09:22:44] [Music] 开始处理第527章: 黄泉的摆渡人
[2026-05-17 09:23:04] [Music] 配额不足: {
  "error": {
    "code": 1,
    "message": "API error: usage limit exceeded, daily usage limit reached for Token Plan Hs_max (100/100 used), resets at 2026-05-18T00:00:00+08:00 (HTTP 200)"
  }
}
[2026-05-17 09:23:04] [Music] 第523章音乐生成失败
[2026-05-17 09:23:04] [Music] 开始处理第528章: 第一问：你是谁
[2026-05-17 09:23:05] [Music] 配额不足: {
  "error": {
    "code": 1,
    "message": "API error: usage limit exceeded, daily usage limit reached for Token Plan Hs_max (100/100 used), resets at 2026-05-18T00:00:00+08:00 (HTTP 200)"
  }
}
[2026-05-17 09:23:05] [Music] 第526章音乐生成失败
[2026-05-17 09:23:05] [Music] 开始处理第529章: 第二问：你在找什么
[2026-05-17 09:23:06] [Music] 配额不足: {
  "error": {
    "code": 1,
    "message": "API error: usage limit exceeded, daily usage limit reached for Token Plan Hs_max (100/100 used), resets at 2026-05-18T00:00:00+08:00 (HTTP 200)"
  }
}
[2026-05-17 09:23:06] [Music] 第524章音乐生成失败
[2026-05-17 09:23:06] [Music] 开始处理第530章: 苏晚晴的真相
[2026-05-17 09:23:09] [Music] 配额不足: {
  "error": {
    "code": 1,
    "message": "API error: usage limit exceeded, daily usage limit reached for Token Plan Hs_max (100/100 used), resets at 2026-05-18T00:00:00+08:00 (HTTP 200)"
  }
}
[2026-05-17 09:23:09] [Music] 第527章音乐生成失败
[2026-05-17 09:23:09] [Music] 开始处理第531章: 第三问：你愿意付出什么
[2026-05-17 09:23:15] [Music] 配额不足: {
  "error": {
    "code": 1,
    "message": "API error: usage limit exceeded, daily usage limit reached for Token Plan Hs_max (100/100 used), resets at 2026-05-18T00:00:00+08:00 (HTTP 200)"
  }
}
[2026-05-17 09:23:15] [Music] 第525章音乐生成失败
[2026-05-17 09:23:15] [Music] 开始处理第532章: 门后的世界
[2026-05-17 09:23:29] [Music] 配额不足: {
  "error": {
    "code": 1,
    "message": "API error: usage limit exceeded, daily usage limit reached for Token Plan Hs_max (100/100 used), resets at 2026-05-18T00:00:00+08:00 (HTTP 200)"
  }
}
[2026-05-17 09:23:29] [Music] 第529章音乐生成失败
[2026-05-17 09:23:29] [Music] 开始处理第533章: 档案馆守门人
[2026-05-17 09:23:34] [Music] 配额不足: {
  "error": {
    "code": 1,
    "message": "API error: usage limit exceeded, daily usage limit reached for Token Plan Hs_max (100/100 used), resets at 2026-05-18T00:00:00+08:00 (HTTP 200)"
  }
}
[2026-05-17 09:23:34] [Music] 第531章音乐生成失败
[2026-05-17 09:23:34] [Music] 开始处理第534章: 偷窃者之名
[2026-05-17 09:23:34] [Music] 配额不足: {
  "error": {
    "code": 1,
    "message": "API error: usage limit exceeded, daily usage limit reached for Token Plan Hs_max (100/100 used), resets at 2026-05-18T00:00:00+08:00 (HTTP 200)"
  }
}
[2026-05-17 09:23:34] [Music] 第528章音乐生成失败
[2026-05-17 09:23:34] [Music] 开始处理第535章: 碎片中的记忆
[2026-05-17 09:23:39] [Music] 配额不足: {
  "error": {
    "code": 1,
    "message": "API error: usage limit exceeded, daily usage limit reached for Token Plan Hs_max (100/100 used), resets at 2026-05-18T00:00:00+08:00 (HTTP 200)"
  }
}
[2026-05-17 09:23:39] [Music] 第530章音乐生成失败
[2026-05-17 09:23:39] [Music] 开始处理第536章: 外婆的名字
[2026-05-17 09:23:46] [Music] 第532章歌词生成失败
[2026-05-17 09:23:55] [Music] 配额不足: {
  "error": {
    "code": 1,
    "message": "API error: usage limit exceeded, daily usage limit reached for Token Plan Hs_max (100/100 used), resets at 2026-05-18T00:00:00+08:00 (HTTP 200)"
  }
}
[2026-05-17 09:23:55] [Music] 第533章音乐生成失败
[2026-05-17 09:24:05] [Music] 配额不足: {
  "error": {
    "code": 1,
    "message": "API error: usage limit exceeded, daily usage limit reached for Token Plan Hs_max (100/100 used), resets at 2026-05-18T00:00:00+08:00 (HTTP 200)"
  }
}
[2026-05-17 09:24:05] [Music] 第536章音乐生成失败
[2026-05-17 09:24:05] [Music] 配额不足: {
  "error": {
    "code": 1,
    "message": "API error: usage limit exceeded, daily usage limit reached for Token Plan Hs_max (100/100 used), resets at 2026-05-18T00:00:00+08:00 (HTTP 200)"
  }
}
[2026-05-17 09:24:05] [Music] 第534章音乐生成失败
[2026-05-17 09:24:09] [Music] 配额不足: {
  "error": {
    "code": 1,
    "message": "API error: usage limit exceeded, daily usage limit reached for Token Plan Hs_max (100/100 used), resets at 2026-05-18T00:00:00+08:00 (HTTP 200)"
  }
}
[2026-05-17 09:24:09] [Music] 第535章音乐生成失败
[2026-05-17 09:24:09] [Music] 批次完成: 成功 0, 失败 50
[2026-05-17 09:24:09] [Music] 累计: 成功 62, 失败 438
[2026-05-17 09:24:09] [Music] 批次间休息30秒...
[2026-05-17 09:24:39] [Music] 处理批次 11/40, 本批 50 章
[2026-05-17 09:24:39] [Music] 开始处理第538章: 外婆的遗物
[2026-05-17 09:24:39] [Music] 开始处理第537章: 原点之人
[2026-05-17 09:24:39] [Music] 开始处理第539章: 重返人间
[2026-05-17 09:24:39] [Music] 开始处理第540章: 新的起点
[2026-05-17 09:24:39] [Music] 开始处理第541章: 回头
[2026-05-17 09:25:00] [Music] 配额不足: {
  "error": {
    "code": 1,
    "message": "API error: usage limit exceeded, daily usage limit reached for Token Plan Hs_max (100/100 used), resets at 2026-05-18T00:00:00+08:00 (HTTP 200)"
  }
}
[2026-05-17 09:25:00] [Music] 第537章音乐生成失败
[2026-05-17 09:25:00] [Music] 开始处理第542章: 影子的重量
[2026-05-17 09:25:03] [Music] 配额不足: {
  "error": {
    "code": 1,
    "message": "API error: usage limit exceeded, daily usage limit reached for Token Plan Hs_max (100/100 used), resets at 2026-05-18T00:00:00+08:00 (HTTP 200)"
  }
}
[2026-05-17 09:25:03] [Music] 第540章音乐生成失败
[2026-05-17 09:25:03] [Music] 开始处理第543章: 黎明前的喘息
[2026-05-17 09:25:05] [Music] 配额不足: {
  "error": {
    "code": 1,
    "message": "API error: usage limit exceeded, daily usage limit reached for Token Plan Hs_max (100/100 used), resets at 2026-05-18T00:00:00+08:00 (HTTP 200)"
  }
}
[2026-05-17 09:25:05] [Music] 第538章音乐生成失败
[2026-05-17 09:25:05] [Music] 开始处理第544章: 名字的代价
[2026-05-17 09:25:06] [Music] 配额不足: {
  "error": {
    "code": 1,
    "message": "API error: usage limit exceeded, daily usage limit reached for Token Plan Hs_max (100/100 used), resets at 2026-05-18T00:00:00+08:00 (HTTP 200)"
  }
}
[2026-05-17 09:25:06] [Music] 第539章音乐生成失败
[2026-05-17 09:25:06] [Music] 开始处理第545章: 赵鹤现身
[2026-05-17 09:25:06] [Music] 配额不足: {
  "error": {
    "code": 1,
    "message": "API error: usage limit exceeded, daily usage limit reached for Token Plan Hs_max (100/100 used), resets at 2026-05-18T00:00:00+08:00 (HTTP 200)"
  }
}
[2026-05-17 09:25:06] [Music] 第541章音乐生成失败
[2026-05-17 09:25:06] [Music] 开始处理第546章: 纸人送葬
[2026-05-17 09:25:32] [Music] 配额不足: {
  "error": {
    "code": 1,
    "message": "API error: usage limit exceeded, daily usage limit reached for Token Plan Hs_max (100/100 used), resets at 2026-05-18T00:00:00+08:00 (HTTP 200)"
  }
}
[2026-05-17 09:25:32] [Music] 第546章音乐生成失败
[2026-05-17 09:25:32] [Music] 开始处理第547章: 外婆的遗言
[2026-05-17 09:25:32] [Music] 配额不足: {
  "error": {
    "code": 1,
    "message": "API error: usage limit exceeded, daily usage limit reached for Token Plan Hs_max (100/100 used), resets at 2026-05-18T00:00:00+08:00 (HTTP 200)"
  }
}
[2026-05-17 09:25:32] [Music] 第543章音乐生成失败
[2026-05-17 09:25:32] [Music] 开始处理第548章: 破庙暂歇
[2026-05-17 09:25:35] [Music] 配额不足: {
  "error": {
    "code": 1,
    "message": "API error: usage limit exceeded, daily usage limit reached for Token Plan Hs_max (100/100 used), resets at 2026-05-18T00:00:00+08:00 (HTTP 200)"
  }
}
[2026-05-17 09:25:35] [Music] 第542章音乐生成失败
[2026-05-17 09:25:35] [Music] 开始处理第549章: 缝脸
[2026-05-17 09:25:38] [Music] 配额不足: {
  "error": {
    "code": 1,
    "message": "API error: usage limit exceeded, daily usage limit reached for Token Plan Hs_max (100/100 used), resets at 2026-05-18T00:00:00+08:00 (HTTP 200)"
  }
}
[2026-05-17 09:25:38] [Music] 第544章音乐生成失败
[2026-05-17 09:25:38] [Music] 开始处理第550章: 缝补的代价
[2026-05-17 09:25:43] [Music] 配额不足: {
  "error": {
    "code": 1,
    "message": "API error: usage limit exceeded, daily usage limit reached for Token Plan Hs_max (100/100 used), resets at 2026-05-18T00:00:00+08:00 (HTTP 200)"
  }
}
[2026-05-17 09:25:43] [Music] 第545章音乐生成失败
[2026-05-17 09:25:43] [Music] 开始处理第551章: 外婆的日记
[2026-05-17 09:25:56] [Music] 配额不足: {
  "error": {
    "code": 1,
    "message": "API error: usage limit exceeded, daily usage limit reached for Token Plan Hs_max (100/100 used), resets at 2026-05-18T00:00:00+08:00 (HTTP 200)"
  }
}
[2026-05-17 09:25:56] [Music] 第547章音乐生成失败
[2026-05-17 09:25:56] [Music] 开始处理第552章: 夜谈
[2026-05-17 09:26:00] [Music] 配额不足: {
  "error": {
    "code": 1,
    "message": "API error: usage limit exceeded, daily usage limit reached for Token Plan Hs_max (100/100 used), resets at 2026-05-18T00:00:00+08:00 (HTTP 200)"
  }
}
[2026-05-17 09:26:00] [Music] 第549章音乐生成失败
[2026-05-17 09:26:00] [Music] 开始处理第553章: 血字预言
[2026-05-17 09:26:02] [Music] 配额不足: {
  "error": {
    "code": 1,
    "message": "API error: usage limit exceeded, daily usage limit reached for Token Plan Hs_max (100/100 used), resets at 2026-05-18T00:00:00+08:00 (HTTP 200)"
  }
}
[2026-05-17 09:26:02] [Music] 第548章音乐生成失败
[2026-05-17 09:26:02] [Music] 开始处理第554章: 追兵
[2026-05-17 09:26:03] [Music] 配额不足: {
  "error": {
    "code": 1,
    "message": "API error: usage limit exceeded, daily usage limit reached for Token Plan Hs_max (100/100 used), resets at 2026-05-18T00:00:00+08:00 (HTTP 200)"
  }
}
[2026-05-17 09:26:03] [Music] 第550章音乐生成失败
[2026-05-17 09:26:03] [Music] 开始处理第555章: 老陈头的警告
[2026-05-17 09:26:10] [Music] 配额不足: {
  "error": {
    "code": 1,
    "message": "API error: usage limit exceeded, daily usage limit reached for Token Plan Hs_max (100/100 used), resets at 2026-05-18T00:00:00+08:00 (HTTP 200)"
  }
}
[2026-05-17 09:26:10] [Music] 第551章音乐生成失败
[2026-05-17 09:26:10] [Music] 开始处理第556章: 分岔路
[2026-05-17 09:26:21] [Music] 配额不足: {
  "error": {
    "code": 1,
    "message": "API error: usage limit exceeded, daily usage limit reached for Token Plan Hs_max (100/100 used), resets at 2026-05-18T00:00:00+08:00 (HTTP 200)"
  }
}
[2026-05-17 09:26:21] [Music] 第552章音乐生成失败
[2026-05-17 09:26:21] [Music] 开始处理第557章: 第一个牺牲者
[2026-05-17 09:26:25] [Music] 配额不足: {
  "error": {
    "code": 1,
    "message": "API error: usage limit exceeded, daily usage limit reached for Token Plan Hs_max (100/100 used), resets at 2026-05-18T00:00:00+08:00 (HTTP 200)"
  }
}
[2026-05-17 09:26:25] [Music] 第554章音乐生成失败
[2026-05-17 09:26:25] [Music] 开始处理第558章: 独行
[2026-05-17 09:26:27] [Music] 配额不足: {
  "error": {
    "code": 1,
    "message": "API error: usage limit exceeded, daily usage limit reached for Token Plan Hs_max (100/100 used), resets at 2026-05-18T00:00:00+08:00 (HTTP 200)"
  }
}
[2026-05-17 09:26:27] [Music] 第555章音乐生成失败
[2026-05-17 09:26:27] [Music] 开始处理第559章: 门前的决战
[2026-05-17 09:26:29] [Music] 配额不足: {
  "error": {
    "code": 1,
    "message": "API error: usage limit exceeded, daily usage limit reached for Token Plan Hs_max (100/100 used), resets at 2026-05-18T00:00:00+08:00 (HTTP 200)"
  }
}
[2026-05-17 09:26:29] [Music] 第553章音乐生成失败
[2026-05-17 09:26:29] [Music] 开始处理第560章: 门开
[2026-05-17 09:26:31] [Music] 配额不足: {
  "error": {
    "code": 1,
    "message": "API error: usage limit exceeded, daily usage limit reached for Token Plan Hs_max (100/100 used), resets at 2026-05-18T00:00:00+08:00 (HTTP 200)"
  }
}
[2026-05-17 09:26:31] [Music] 第556章音乐生成失败
[2026-05-17 09:26:31] [Music] 开始处理第561章: 黄泉路的入口
[2026-05-17 09:26:43] [Music] 配额不足: {
  "error": {
    "code": 1,
    "message": "API error: usage limit exceeded, daily usage limit reached for Token Plan Hs_max (100/100 used), resets at 2026-05-18T00:00:00+08:00 (HTTP 200)"
  }
}
[2026-05-17 09:26:43] [Music] 第558章音乐生成失败
[2026-05-17 09:26:43] [Music] 开始处理第562章: 外婆的身影
[2026-05-17 09:26:50] [Music] 配额不足: {
  "error": {
    "code": 1,
    "message": "API error: usage limit exceeded, daily usage limit reached for Token Plan Hs_max (100/100 used), resets at 2026-05-18T00:00:00+08:00 (HTTP 200)"
  }
}
[2026-05-17 09:26:50] [Music] 第557章音乐生成失败
[2026-05-17 09:26:50] [Music] 开始处理第563章: 回头鬼的注视
[2026-05-17 09:26:53] [Music] 配额不足: {
  "error": {
    "code": 1,
    "message": "API error: usage limit exceeded, daily usage limit reached for Token Plan Hs_max (100/100 used), resets at 2026-05-18T00:00:00+08:00 (HTTP 200)"
  }
}
[2026-05-17 09:26:53] [Music] 第561章音乐生成失败
[2026-05-17 09:26:53] [Music] 开始处理第564章: 枯井村的水声
[2026-05-17 09:26:53] [Music] 配额不足: {
  "error": {
    "code": 1,
    "message": "API error: usage limit exceeded, daily usage limit reached for Token Plan Hs_max (100/100 used), resets at 2026-05-18T00:00:00+08:00 (HTTP 200)"
  }
}
[2026-05-17 09:26:53] [Music] 第559章音乐生成失败
[2026-05-17 09:26:53] [Music] 开始处理第565章: 井底的呼唤
[2026-05-17 09:26:56] [Music] 配额不足: {
  "error": {
    "code": 1,
    "message": "API error: usage limit exceeded, daily usage limit reached for Token Plan Hs_max (100/100 used), resets at 2026-05-18T00:00:00+08:00 (HTTP 200)"
  }
}
[2026-05-17 09:26:56] [Music] 第560章音乐生成失败
[2026-05-17 09:26:56] [Music] 开始处理第566章: 消失的名字
[2026-05-17 09:27:08] [Music] 配额不足: {
  "error": {
    "code": 1,
    "message": "API error: usage limit exceeded, daily usage limit reached for Token Plan Hs_max (100/100 used), resets at 2026-05-18T00:00:00+08:00 (HTTP 200)"
  }
}
[2026-05-17 09:27:08] [Music] 第562章音乐生成失败
[2026-05-17 09:27:08] [Music] 开始处理第567章: 纸扎店的老太太
[2026-05-17 09:27:17] [Music] 配额不足: {
  "error": {
    "code": 1,
    "message": "API error: usage limit exceeded, daily usage limit reached for Token Plan Hs_max (100/100 used), resets at 2026-05-18T00:00:00+08:00 (HTTP 200)"
  }
}
[2026-05-17 09:27:17] [Music] 第564章音乐生成失败
[2026-05-17 09:27:17] [Music] 开始处理第568章: 纸人的眼睛
[2026-05-17 09:27:18] [Music] 配额不足: {
  "error": {
    "code": 1,
    "message": "API error: usage limit exceeded, daily usage limit reached for Token Plan Hs_max (100/100 used), resets at 2026-05-18T00:00:00+08:00 (HTTP 200)"
  }
}
[2026-05-17 09:27:18] [Music] 第563章音乐生成失败
[2026-05-17 09:27:18] [Music] 开始处理第569章: 回声巷的低语
[2026-05-17 09:27:18] [Music] 配额不足: {
  "error": {
    "code": 1,
    "message": "API error: usage limit exceeded, daily usage limit reached for Token Plan Hs_max (100/100 used), resets at 2026-05-18T00:00:00+08:00 (HTTP 200)"
  }
}
[2026-05-17 09:27:18] [Music] 第565章音乐生成失败
[2026-05-17 09:27:18] [Music] 开始处理第570章: 我的死期
[2026-05-17 09:27:21] [Music] 配额不足: {
  "error": {
    "code": 1,
    "message": "API error: usage limit exceeded, daily usage limit reached for Token Plan Hs_max (100/100 used), resets at 2026-05-18T00:00:00+08:00 (HTTP 200)"
  }
}
[2026-05-17 09:27:21] [Music] 第566章音乐生成失败
[2026-05-17 09:27:21] [Music] 开始处理第571章: 缝脸鬼的针线
[2026-05-17 09:27:37] [Music] 配额不足: {
  "error": {
    "code": 1,
    "message": "API error: usage limit exceeded, daily usage limit reached for Token Plan Hs_max (100/100 used), resets at 2026-05-18T00:00:00+08:00 (HTTP 200)"
  }
}
[2026-05-17 09:27:37] [Music] 第567章音乐生成失败
[2026-05-17 09:27:37] [Music] 开始处理第572章: 镜子屋的邀请
[2026-05-17 09:27:43] [Music] 配额不足: {
  "error": {
    "code": 1,
    "message": "API error: usage limit exceeded, daily usage limit reached for Token Plan Hs_max (100/100 used), resets at 2026-05-18T00:00:00+08:00 (HTTP 200)"
  }
}
[2026-05-17 09:27:43] [Music] 第571章音乐生成失败
[2026-05-17 09:27:43] [Music] 开始处理第573章: 镜中的另一个我
[2026-05-17 09:27:45] [Music] 配额不足: {
  "error": {
    "code": 1,
    "message": "API error: usage limit exceeded, daily usage limit reached for Token Plan Hs_max (100/100 used), resets at 2026-05-18T00:00:00+08:00 (HTTP 200)"
  }
}
[2026-05-17 09:27:45] [Music] 第568章音乐生成失败
[2026-05-17 09:27:45] [Music] 开始处理第574章: 血字鬼的预言
[2026-05-17 09:27:46] [Music] 配额不足: {
  "error": {
    "code": 1,
    "message": "API error: usage limit exceeded, daily usage limit reached for Token Plan Hs_max (100/100 used), resets at 2026-05-18T00:00:00+08:00 (HTTP 200)"
  }
}
[2026-05-17 09:27:46] [Music] 第569章音乐生成失败
[2026-05-17 09:27:46] [Music] 开始处理第575章: 鬼将的伏击
[2026-05-17 09:27:55] [Music] 配额不足: {
  "error": {
    "code": 1,
    "message": "API error: usage limit exceeded, daily usage limit reached for Token Plan Hs_max (100/100 used), resets at 2026-05-18T00:00:00+08:00 (HTTP 200)"
  }
}
[2026-05-17 09:27:55] [Music] 第570章音乐生成失败
[2026-05-17 09:27:55] [Music] 开始处理第576章: 无声的救援
[2026-05-17 09:28:07] [Music] 配额不足: {
  "error": {
    "code": 1,
    "message": "API error: usage limit exceeded, daily usage limit reached for Token Plan Hs_max (100/100 used), resets at 2026-05-18T00:00:00+08:00 (HTTP 200)"
  }
}
[2026-05-17 09:28:07] [Music] 第572章音乐生成失败
[2026-05-17 09:28:07] [Music] 开始处理第577章: 钟无艳的追踪
[2026-05-17 09:28:11] [Music] 配额不足: {
  "error": {
    "code": 1,
    "message": "API error: usage limit exceeded, daily usage limit reached for Token Plan Hs_max (100/100 used), resets at 2026-05-18T00:00:00+08:00 (HTTP 200)"
  }
}
[2026-05-17 09:28:11] [Music] 第575章音乐生成失败
[2026-05-17 09:28:11] [Music] 开始处理第578章: 守墓人的警告
[2026-05-17 09:28:18] [Music] 配额不足: {
  "error": {
    "code": 1,
    "message": "API error: usage limit exceeded, daily usage limit reached for Token Plan Hs_max (100/100 used), resets at 2026-05-18T00:00:00+08:00 (HTTP 200)"
  }
}
[2026-05-17 09:28:18] [Music] 第573章音乐生成失败
[2026-05-17 09:28:18] [Music] 开始处理第579章: 鬼门前的抉择
[2026-05-17 09:28:18] [Music] 配额不足: {
  "error": {
    "code": 1,
    "message": "API error: usage limit exceeded, daily usage limit reached for Token Plan Hs_max (100/100 used), resets at 2026-05-18T00:00:00+08:00 (HTTP 200)"
  }
}
[2026-05-17 09:28:18] [Music] 第576章音乐生成失败
[2026-05-17 09:28:18] [Music] 开始处理第580章: 鬼门关
[2026-05-17 09:28:31] [Music] 配额不足: {
  "error": {
    "code": 1,
    "message": "API error: usage limit exceeded, daily usage limit reached for Token Plan Hs_max (100/100 used), resets at 2026-05-18T00:00:00+08:00 (HTTP 200)"
  }
}
[2026-05-17 09:28:31] [Music] 第574章音乐生成失败
[2026-05-17 09:28:31] [Music] 开始处理第581章: 回头鬼的注视
[2026-05-17 09:28:32] [Music] 配额不足: {
  "error": {
    "code": 1,
    "message": "API error: usage limit exceeded, daily usage limit reached for Token Plan Hs_max (100/100 used), resets at 2026-05-18T00:00:00+08:00 (HTTP 200)"
  }
}
[2026-05-17 09:28:32] [Music] 第577章音乐生成失败
[2026-05-17 09:28:32] [Music] 开始处理第582章: 三步的距离
[2026-05-17 09:28:40] [Music] 配额不足: {
  "error": {
    "code": 1,
    "message": "API error: usage limit exceeded, daily usage limit reached for Token Plan Hs_max (100/100 used), resets at 2026-05-18T00:00:00+08:00 (HTTP 200)"
  }
}
[2026-05-17 09:28:40] [Music] 第578章音乐生成失败
[2026-05-17 09:28:40] [Music] 开始处理第583章: 死者的指引
[2026-05-17 09:28:43] [Music] 配额不足: {
  "error": {
    "code": 1,
    "message": "API error: usage limit exceeded, daily usage limit reached for Token Plan Hs_max (100/100 used), resets at 2026-05-18T00:00:00+08:00 (HTTP 200)"
  }
}
[2026-05-17 09:28:43] [Music] 第580章音乐生成失败
[2026-05-17 09:28:43] [Music] 开始处理第584章: 镜中的岔路
[2026-05-17 09:28:45] [Music] 配额不足: {
  "error": {
    "code": 1,
    "message": "API error: usage limit exceeded, daily usage limit reached for Token Plan Hs_max (100/100 used), resets at 2026-05-18T00:00:00+08:00 (HTTP 200)"
  }
}
[2026-05-17 09:28:45] [Music] 第579章音乐生成失败
[2026-05-17 09:28:45] [Music] 开始处理第585章: 外婆的镜子
[2026-05-17 09:28:56] [Music] 配额不足: {
  "error": {
    "code": 1,
    "message": "API error: usage limit exceeded, daily usage limit reached for Token Plan Hs_max (100/100 used), resets at 2026-05-18T00:00:00+08:00 (HTTP 200)"
  }
}
[2026-05-17 09:28:56] [Music] 第581章音乐生成失败
[2026-05-17 09:28:56] [Music] 开始处理第586章: 镜中的三问
[2026-05-17 09:29:01] [Music] 配额不足: {
  "error": {
    "code": 1,
    "message": "API error: usage limit exceeded, daily usage limit reached for Token Plan Hs_max (100/100 used), resets at 2026-05-18T00:00:00+08:00 (HTTP 200)"
  }
}
[2026-05-17 09:29:01] [Music] 第584章音乐生成失败
[2026-05-17 09:29:08] [Music] 配额不足: {
  "error": {
    "code": 1,
    "message": "API error: usage limit exceeded, daily usage limit reached for Token Plan Hs_max (100/100 used), resets at 2026-05-18T00:00:00+08:00 (HTTP 200)"
  }
}
[2026-05-17 09:29:08] [Music] 第582章音乐生成失败
[2026-05-17 09:29:10] [Music] 配额不足: {
  "error": {
    "code": 1,
    "message": "API error: usage limit exceeded, daily usage limit reached for Token Plan Hs_max (100/100 used), resets at 2026-05-18T00:00:00+08:00 (HTTP 200)"
  }
}
[2026-05-17 09:29:10] [Music] 第583章音乐生成失败
[2026-05-17 09:29:21] [Music] 配额不足: {
  "error": {
    "code": 1,
    "message": "API error: usage limit exceeded, daily usage limit reached for Token Plan Hs_max (100/100 used), resets at 2026-05-18T00:00:00+08:00 (HTTP 200)"
  }
}
[2026-05-17 09:29:21] [Music] 第586章音乐生成失败
[2026-05-17 09:29:28] [Music] 配额不足: {
  "error": {
    "code": 1,
    "message": "API error: usage limit exceeded, daily usage limit reached for Token Plan Hs_max (100/100 used), resets at 2026-05-18T00:00:00+08:00 (HTTP 200)"
  }
}
[2026-05-17 09:29:28] [Music] 第585章音乐生成失败
[2026-05-17 09:29:28] [Music] 批次完成: 成功 0, 失败 50
[2026-05-17 09:29:28] [Music] 累计: 成功 62, 失败 488
[2026-05-17 09:29:28] [Music] 批次间休息30秒...
[2026-05-17 09:29:58] [Music] 处理批次 12/40, 本批 50 章
[2026-05-17 09:29:58] [Music] 开始处理第587章: 第二个问题
[2026-05-17 09:29:58] [Music] 开始处理第588章: 第三个问题
[2026-05-17 09:29:58] [Music] 开始处理第590章: 原点计划的阴影
[2026-05-17 09:29:58] [Music] 开始处理第589章: 镜中人的馈赠
[2026-05-17 09:29:58] [Music] 开始处理第591章: 枯井村的寂静
[2026-05-17 09:30:22] [Music] 配额不足: {
  "error": {
    "code": 1,
    "message": "API error: usage limit exceeded, daily usage limit reached for Token Plan Hs_max (100/100 used), resets at 2026-05-18T00:00:00+08:00 (HTTP 200)"
  }
}
[2026-05-17 09:30:22] [Music] 第588章音乐生成失败
[2026-05-17 09:30:22] [Music] 开始处理第592章: 井底的呼唤
[2026-05-17 09:30:22] [Music] 配额不足: {
  "error": {
    "code": 1,
    "message": "API error: usage limit exceeded, daily usage limit reached for Token Plan Hs_max (100/100 used), resets at 2026-05-18T00:00:00+08:00 (HTTP 200)"
  }
}
[2026-05-17 09:30:22] [Music] 第587章音乐生成失败
[2026-05-17 09:30:22] [Music] 开始处理第593章: 老陈头的真相
[2026-05-17 09:30:26] [Music] 配额不足: {
  "error": {
    "code": 1,
    "message": "API error: usage limit exceeded, daily usage limit reached for Token Plan Hs_max (100/100 used), resets at 2026-05-18T00:00:00+08:00 (HTTP 200)"
  }
}
[2026-05-17 09:30:26] [Music] 第590章音乐生成失败
[2026-05-17 09:30:26] [Music] 开始处理第594章: 外婆的遗言
[2026-05-17 09:30:27] [Music] 配额不足: {
  "error": {
    "code": 1,
    "message": "API error: usage limit exceeded, daily usage limit reached for Token Plan Hs_max (100/100 used), resets at 2026-05-18T00:00:00+08:00 (HTTP 200)"
  }
}
[2026-05-17 09:30:27] [Music] 第591章音乐生成失败
[2026-05-17 09:30:27] [Music] 开始处理第595章: 原点与终点
[2026-05-17 09:30:27] [Music] 配额不足: {
  "error": {
    "code": 1,
    "message": "API error: usage limit exceeded, daily usage limit reached for Token Plan Hs_max (100/100 used), resets at 2026-05-18T00:00:00+08:00 (HTTP 200)"
  }
}
[2026-05-17 09:30:27] [Music] 第589章音乐生成失败
[2026-05-17 09:30:27] [Music] 开始处理第596章: 复苏会的追兵
[2026-05-17 09:30:48] [Music] 配额不足: {
  "error": {
    "code": 1,
    "message": "API error: usage limit exceeded, daily usage limit reached for Token Plan Hs_max (100/100 used), resets at 2026-05-18T00:00:00+08:00 (HTTP 200)"
  }
}
[2026-05-17 09:30:48] [Music] 第593章音乐生成失败
[2026-05-17 09:30:48] [Music] 开始处理第597章: 老陈头的牺牲
[2026-05-17 09:30:54] [Music] 配额不足: {
  "error": {
    "code": 1,
    "message": "API error: usage limit exceeded, daily usage limit reached for Token Plan Hs_max (100/100 used), resets at 2026-05-18T00:00:00+08:00 (HTTP 200)"
  }
}
[2026-05-17 09:30:54] [Music] 第592章音乐生成失败
[2026-05-17 09:30:54] [Music] 开始处理第598章: 井底的世界
[2026-05-17 09:30:57] [Music] 配额不足: {
  "error": {
    "code": 1,
    "message": "API error: usage limit exceeded, daily usage limit reached for Token Plan Hs_max (100/100 used), resets at 2026-05-18T00:00:00+08:00 (HTTP 200)"
  }
}
[2026-05-17 09:30:57] [Music] 第595章音乐生成失败
[2026-05-17 09:30:57] [Music] 开始处理第599章: 外婆的留言
[2026-05-17 09:31:00] [Music] 配额不足: {
  "error": {
    "code": 1,
    "message": "API error: usage limit exceeded, daily usage limit reached for Token Plan Hs_max (100/100 used), resets at 2026-05-18T00:00:00+08:00 (HTTP 200)"
  }
}
[2026-05-17 09:31:00] [Music] 第594章音乐生成失败
[2026-05-17 09:31:00] [Music] 开始处理第600章: 外婆的遗物
[2026-05-17 09:31:05] [Music] 配额不足: {
  "error": {
    "code": 1,
    "message": "API error: usage limit exceeded, daily usage limit reached for Token Plan Hs_max (100/100 used), resets at 2026-05-18T00:00:00+08:00 (HTTP 200)"
  }
}
[2026-05-17 09:31:05] [Music] 第596章音乐生成失败
[2026-05-17 09:31:05] [Music] 开始处理第601章: 黄泉路
[2026-05-17 09:31:17] [Music] 配额不足: {
  "error": {
    "code": 1,
    "message": "API error: usage limit exceeded, daily usage limit reached for Token Plan Hs_max (100/100 used), resets at 2026-05-18T00:00:00+08:00 (HTTP 200)"
  }
}
[2026-05-17 09:31:17] [Music] 第598章音乐生成失败
[2026-05-17 09:31:17] [Music] 开始处理第602章: 回头鬼
[2026-05-17 09:31:19] [Music] 第597章歌词生成失败
[2026-05-17 09:31:19] [Music] 开始处理第603章: 消失的同行者
[2026-05-17 09:31:24] [Music] 配额不足: {
  "error": {
    "code": 1,
    "message": "API error: usage limit exceeded, daily usage limit reached for Token Plan Hs_max (100/100 used), resets at 2026-05-18T00:00:00+08:00 (HTTP 200)"
  }
}
[2026-05-17 09:31:24] [Music] 第599章音乐生成失败
[2026-05-17 09:31:24] [Music] 开始处理第604章: 纸人林
[2026-05-17 09:31:24] [Music] 配额不足: {
  "error": {
    "code": 1,
    "message": "API error: usage limit exceeded, daily usage limit reached for Token Plan Hs_max (100/100 used), resets at 2026-05-18T00:00:00+08:00 (HTTP 200)"
  }
}
[2026-05-17 09:31:24] [Music] 第600章音乐生成失败
[2026-05-17 09:31:24] [Music] 开始处理第605章: 纸人的试探
[2026-05-17 09:31:32] [Music] 配额不足: {
  "error": {
    "code": 1,
    "message": "API error: usage limit exceeded, daily usage limit reached for Token Plan Hs_max (100/100 used), resets at 2026-05-18T00:00:00+08:00 (HTTP 200)"
  }
}
[2026-05-17 09:31:32] [Music] 第601章音乐生成失败
[2026-05-17 09:31:32] [Music] 开始处理第606章: 枯井村
[2026-05-17 09:31:40] [Music] 配额不足: {
  "error": {
    "code": 1,
    "message": "API error: usage limit exceeded, daily usage limit reached for Token Plan Hs_max (100/100 used), resets at 2026-05-18T00:00:00+08:00 (HTTP 200)"
  }
}
[2026-05-17 09:31:40] [Music] 第603章音乐生成失败
[2026-05-17 09:31:40] [Music] 开始处理第607章: 回声的低语
[2026-05-17 09:31:41] [Music] 配额不足: {
  "error": {
    "code": 1,
    "message": "API error: usage limit exceeded, daily usage limit reached for Token Plan Hs_max (100/100 used), resets at 2026-05-18T00:00:00+08:00 (HTTP 200)"
  }
}
[2026-05-17 09:31:41] [Music] 第602章音乐生成失败
[2026-05-17 09:31:41] [Music] 开始处理第608章: 井底之蛙
[2026-05-17 09:31:46] [Music] 配额不足: {
  "error": {
    "code": 1,
    "message": "API error: usage limit exceeded, daily usage limit reached for Token Plan Hs_max (100/100 used), resets at 2026-05-18T00:00:00+08:00 (HTTP 200)"
  }
}
[2026-05-17 09:31:46] [Music] 第605章音乐生成失败
[2026-05-17 09:31:46] [Music] 开始处理第609章: 记忆的代价
[2026-05-17 09:31:48] [Music] 配额不足: {
  "error": {
    "code": 1,
    "message": "API error: usage limit exceeded, daily usage limit reached for Token Plan Hs_max (100/100 used), resets at 2026-05-18T00:00:00+08:00 (HTTP 200)"
  }
}
[2026-05-17 09:31:48] [Music] 第604章音乐生成失败
[2026-05-17 09:31:48] [Music] 开始处理第610章: 记忆的交易
[2026-05-17 09:31:56] [Music] 第609章歌词生成失败
[2026-05-17 09:31:56] [Music] 开始处理第611章: 鬼门关
[2026-05-17 09:32:00] [Music] 配额不足: {
  "error": {
    "code": 1,
    "message": "API error: usage limit exceeded, daily usage limit reached for Token Plan Hs_max (100/100 used), resets at 2026-05-18T00:00:00+08:00 (HTTP 200)"
  }
}
[2026-05-17 09:32:00] [Music] 第606章音乐生成失败
[2026-05-17 09:32:00] [Music] 开始处理第612章: 守门的鬼神
[2026-05-17 09:32:03] [Music] 配额不足: {
  "error": {
    "code": 1,
    "message": "API error: usage limit exceeded, daily usage limit reached for Token Plan Hs_max (100/100 used), resets at 2026-05-18T00:00:00+08:00 (HTTP 200)"
  }
}
[2026-05-17 09:32:03] [Music] 第608章音乐生成失败
[2026-05-17 09:32:03] [Music] 开始处理第613章: 第一个问题
[2026-05-17 09:32:09] [Music] 配额不足: {
  "error": {
    "code": 1,
    "message": "API error: usage limit exceeded, daily usage limit reached for Token Plan Hs_max (100/100 used), resets at 2026-05-18T00:00:00+08:00 (HTTP 200)"
  }
}
[2026-05-17 09:32:09] [Music] 第607章音乐生成失败
[2026-05-17 09:32:09] [Music] 开始处理第614章: 第二个问题
[2026-05-17 09:32:19] [Music] 配额不足: {
  "error": {
    "code": 1,
    "message": "API error: usage limit exceeded, daily usage limit reached for Token Plan Hs_max (100/100 used), resets at 2026-05-18T00:00:00+08:00 (HTTP 200)"
  }
}
[2026-05-17 09:32:19] [Music] 第610章音乐生成失败
[2026-05-17 09:32:19] [Music] 开始处理第615章: 第三个问题
[2026-05-17 09:32:21] [Music] 配额不足: {
  "error": {
    "code": 1,
    "message": "API error: usage limit exceeded, daily usage limit reached for Token Plan Hs_max (100/100 used), resets at 2026-05-18T00:00:00+08:00 (HTTP 200)"
  }
}
[2026-05-17 09:32:21] [Music] 第612章音乐生成失败
[2026-05-17 09:32:21] [Music] 开始处理第616章: 门内世界
[2026-05-17 09:32:22] [Music] 配额不足: {
  "error": {
    "code": 1,
    "message": "API error: usage limit exceeded, daily usage limit reached for Token Plan Hs_max (100/100 used), resets at 2026-05-18T00:00:00+08:00 (HTTP 200)"
  }
}
[2026-05-17 09:32:22] [Music] 第611章音乐生成失败
[2026-05-17 09:32:22] [Music] 开始处理第617章: 外婆的遗言
[2026-05-17 09:32:23] [Music] 配额不足: {
  "error": {
    "code": 1,
    "message": "API error: usage limit exceeded, daily usage limit reached for Token Plan Hs_max (100/100 used), resets at 2026-05-18T00:00:00+08:00 (HTTP 200)"
  }
}
[2026-05-17 09:32:23] [Music] 第613章音乐生成失败
[2026-05-17 09:32:23] [Music] 开始处理第618章: 彼岸的真相
[2026-05-17 09:32:41] [Music] 配额不足: {
  "error": {
    "code": 1,
    "message": "API error: usage limit exceeded, daily usage limit reached for Token Plan Hs_max (100/100 used), resets at 2026-05-18T00:00:00+08:00 (HTTP 200)"
  }
}
[2026-05-17 09:32:41] [Music] 第614章音乐生成失败
[2026-05-17 09:32:41] [Music] 开始处理第619章: 棋手的邀请
[2026-05-17 09:32:42] [Music] 配额不足: {
  "error": {
    "code": 1,
    "message": "API error: usage limit exceeded, daily usage limit reached for Token Plan Hs_max (100/100 used), resets at 2026-05-18T00:00:00+08:00 (HTTP 200)"
  }
}
[2026-05-17 09:32:42] [Music] 第616章音乐生成失败
[2026-05-17 09:32:42] [Music] 开始处理第620章: 回归
[2026-05-17 09:32:49] [Music] 配额不足: {
  "error": {
    "code": 1,
    "message": "API error: usage limit exceeded, daily usage limit reached for Token Plan Hs_max (100/100 used), resets at 2026-05-18T00:00:00+08:00 (HTTP 200)"
  }
}
[2026-05-17 09:32:49] [Music] 第615章音乐生成失败
[2026-05-17 09:32:49] [Music] 开始处理第621章: 沉默的求救
[2026-05-17 09:32:50] [Music] 配额不足: {
  "error": {
    "code": 1,
    "message": "API error: usage limit exceeded, daily usage limit reached for Token Plan Hs_max (100/100 used), resets at 2026-05-18T00:00:00+08:00 (HTTP 200)"
  }
}
[2026-05-17 09:32:50] [Music] 第617章音乐生成失败
[2026-05-17 09:32:50] [Music] 开始处理第622章: 缝纫机之谜
[2026-05-17 09:33:05] [Music] 配额不足: {
  "error": {
    "code": 1,
    "message": "API error: usage limit exceeded, daily usage limit reached for Token Plan Hs_max (100/100 used), resets at 2026-05-18T00:00:00+08:00 (HTTP 200)"
  }
}
[2026-05-17 09:33:05] [Music] 第619章音乐生成失败
[2026-05-17 09:33:05] [Music] 开始处理第623章: 镜中来客
[2026-05-17 09:33:10] [Music] 配额不足: {
  "error": {
    "code": 1,
    "message": "API error: usage limit exceeded, daily usage limit reached for Token Plan Hs_max (100/100 used), resets at 2026-05-18T00:00:00+08:00 (HTTP 200)"
  }
}
[2026-05-17 09:33:10] [Music] 第622章音乐生成失败
[2026-05-17 09:33:10] [Music] 开始处理第624章: 针线的诅咒
[2026-05-17 09:33:14] [Music] 配额不足: {
  "error": {
    "code": 1,
    "message": "API error: usage limit exceeded, daily usage limit reached for Token Plan Hs_max (100/100 used), resets at 2026-05-18T00:00:00+08:00 (HTTP 200)"
  }
}
[2026-05-17 09:33:14] [Music] 第621章音乐生成失败
[2026-05-17 09:33:14] [Music] 开始处理第625章: 第三个声音
[2026-05-17 09:33:14] [Music] 配额不足: {
  "error": {
    "code": 1,
    "message": "API error: usage limit exceeded, daily usage limit reached for Token Plan Hs_max (100/100 used), resets at 2026-05-18T00:00:00+08:00 (HTTP 200)"
  }
}
[2026-05-17 09:33:14] [Music] 第620章音乐生成失败
[2026-05-17 09:33:14] [Music] 开始处理第626章: 替身的代价
[2026-05-17 09:33:27] [Music] 配额不足: {
  "error": {
    "code": 1,
    "message": "API error: usage limit exceeded, daily usage limit reached for Token Plan Hs_max (100/100 used), resets at 2026-05-18T00:00:00+08:00 (HTTP 200)"
  }
}
[2026-05-17 09:33:27] [Music] 第623章音乐生成失败
[2026-05-17 09:33:27] [Music] 开始处理第627章: 缝脸者的执念
[2026-05-17 09:33:34] [Music] 配额不足: {
  "error": {
    "code": 1,
    "message": "API error: usage limit exceeded, daily usage limit reached for Token Plan Hs_max (100/100 used), resets at 2026-05-18T00:00:00+08:00 (HTTP 200)"
  }
}
[2026-05-17 09:33:34] [Music] 第624章音乐生成失败
[2026-05-17 09:33:34] [Music] 开始处理第628章: 无声的对抗
[2026-05-17 09:33:37] [Music] 配额不足: {
  "error": {
    "code": 1,
    "message": "API error: usage limit exceeded, daily usage limit reached for Token Plan Hs_max (100/100 used), resets at 2026-05-18T00:00:00+08:00 (HTTP 200)"
  }
}
[2026-05-17 09:33:37] [Music] 第626章音乐生成失败
[2026-05-17 09:33:37] [Music] 开始处理第629章: 地下的回声
[2026-05-17 09:33:51] [Music] 配额不足: {
  "error": {
    "code": 1,
    "message": "API error: usage limit exceeded, daily usage limit reached for Token Plan Hs_max (100/100 used), resets at 2026-05-18T00:00:00+08:00 (HTTP 200)"
  }
}
[2026-05-17 09:33:51] [Music] 第625章音乐生成失败
[2026-05-17 09:33:51] [Music] 开始处理第630章: 收藏家的游戏
[2026-05-17 09:34:01] [Music] 配额不足: {
  "error": {
    "code": 1,
    "message": "API error: usage limit exceeded, daily usage limit reached for Token Plan Hs_max (100/100 used), resets at 2026-05-18T00:00:00+08:00 (HTTP 200)"
  }
}
[2026-05-17 09:34:01] [Music] 第628章音乐生成失败
[2026-05-17 09:34:01] [Music] 开始处理第631章: 母亲的选择
[2026-05-17 09:34:03] [Music] 配额不足: {
  "error": {
    "code": 1,
    "message": "API error: usage limit exceeded, daily usage limit reached for Token Plan Hs_max (100/100 used), resets at 2026-05-18T00:00:00+08:00 (HTTP 200)"
  }
}
[2026-05-17 09:34:03] [Music] 第627章音乐生成失败
[2026-05-17 09:34:03] [Music] 开始处理第632章: 谎言与真相
[2026-05-17 09:34:04] [Music] 配额不足: {
  "error": {
    "code": 1,
    "message": "API error: usage limit exceeded, daily usage limit reached for Token Plan Hs_max (100/100 used), resets at 2026-05-18T00:00:00+08:00 (HTTP 200)"
  }
}
[2026-05-17 09:34:04] [Music] 第629章音乐生成失败
[2026-05-17 09:34:04] [Music] 开始处理第633章: 交易的代价
[2026-05-17 09:34:05] [Music] 配额不足: {
  "error": {
    "code": 1,
    "message": "API error: usage limit exceeded, daily usage limit reached for Token Plan Hs_max (100/100 used), resets at 2026-05-18T00:00:00+08:00 (HTTP 200)"
  }
}
[2026-05-17 09:34:05] [Music] 第618章音乐生成失败
[2026-05-17 09:34:05] [Music] 开始处理第634章: 回家的路
[2026-05-17 09:34:17] [Music] 配额不足: {
  "error": {
    "code": 1,
    "message": "API error: usage limit exceeded, daily usage limit reached for Token Plan Hs_max (100/100 used), resets at 2026-05-18T00:00:00+08:00 (HTTP 200)"
  }
}
[2026-05-17 09:34:17] [Music] 第630章音乐生成失败
[2026-05-17 09:34:17] [Music] 开始处理第635章: 清雨的担忧
[2026-05-17 09:34:28] [Music] 配额不足: {
  "error": {
    "code": 1,
    "message": "API error: usage limit exceeded, daily usage limit reached for Token Plan Hs_max (100/100 used), resets at 2026-05-18T00:00:00+08:00 (HTTP 200)"
  }
}
[2026-05-17 09:34:28] [Music] 第633章音乐生成失败
[2026-05-17 09:34:28] [Music] 开始处理第636章: 沉睡的真相
[2026-05-17 09:34:31] [Music] 配额不足: {
  "error": {
    "code": 1,
    "message": "API error: usage limit exceeded, daily usage limit reached for Token Plan Hs_max (100/100 used), resets at 2026-05-18T00:00:00+08:00 (HTTP 200)"
  }
}
[2026-05-17 09:34:31] [Music] 第632章音乐生成失败
[2026-05-17 09:34:31] [Music] 配额不足: {
  "error": {
    "code": 1,
    "message": "API error: usage limit exceeded, daily usage limit reached for Token Plan Hs_max (100/100 used), resets at 2026-05-18T00:00:00+08:00 (HTTP 200)"
  }
}
[2026-05-17 09:34:31] [Music] 第634章音乐生成失败
[2026-05-17 09:34:35] [Music] 配额不足: {
  "error": {
    "code": 1,
    "message": "API error: usage limit exceeded, daily usage limit reached for Token Plan Hs_max (100/100 used), resets at 2026-05-18T00:00:00+08:00 (HTTP 200)"
  }
}
[2026-05-17 09:34:35] [Music] 第631章音乐生成失败
[2026-05-17 09:34:45] [Music] 配额不足: {
  "error": {
    "code": 1,
    "message": "API error: usage limit exceeded, daily usage limit reached for Token Plan Hs_max (100/100 used), resets at 2026-05-18T00:00:00+08:00 (HTTP 200)"
  }
}
[2026-05-17 09:34:45] [Music] 第635章音乐生成失败
[2026-05-17 09:34:48] [Music] 配额不足: {
  "error": {
    "code": 1,
    "message": "API error: usage limit exceeded, daily usage limit reached for Token Plan Hs_max (100/100 used), resets at 2026-05-18T00:00:00+08:00 (HTTP 200)"
  }
}
[2026-05-17 09:34:48] [Music] 第636章音乐生成失败
[2026-05-17 09:34:48] [Music] 批次完成: 成功 0, 失败 50
[2026-05-17 09:34:48] [Music] 累计: 成功 62, 失败 538
[2026-05-17 09:34:48] [Music] 批次间休息30秒...
[2026-05-17 09:35:18] [Music] 处理批次 13/40, 本批 50 章
[2026-05-17 09:35:18] [Music] 开始处理第637章: 棋手的棋局
[2026-05-17 09:35:18] [Music] 开始处理第638章: 镜子里的秘密
[2026-05-17 09:35:18] [Music] 开始处理第639章: 苏醒的倒计时
[2026-05-17 09:35:18] [Music] 开始处理第640章: 陈医生的警告
[2026-05-17 09:35:18] [Music] 开始处理第641章: 七天倒计时
[2026-05-17 09:35:42] [Music] 配额不足: {
  "error": {
    "code": 1,
    "message": "API error: usage limit exceeded, daily usage limit reached for Token Plan Hs_max (100/100 used), resets at 2026-05-18T00:00:00+08:00 (HTTP 200)"
  }
}
[2026-05-17 09:35:42] [Music] 第637章音乐生成失败
[2026-05-17 09:35:42] [Music] 开始处理第642章: 废弃厂房
[2026-05-17 09:35:45] [Music] 配额不足: {
  "error": {
    "code": 1,
    "message": "API error: usage limit exceeded, daily usage limit reached for Token Plan Hs_max (100/100 used), resets at 2026-05-18T00:00:00+08:00 (HTTP 200)"
  }
}
[2026-05-17 09:35:45] [Music] 第641章音乐生成失败
[2026-05-17 09:35:45] [Music] 开始处理第643章: 美梦罐
[2026-05-17 09:35:46] [Music] 配额不足: {
  "error": {
    "code": 1,
    "message": "API error: usage limit exceeded, daily usage limit reached for Token Plan Hs_max (100/100 used), resets at 2026-05-18T00:00:00+08:00 (HTTP 200)"
  }
}
[2026-05-17 09:35:46] [Music] 第638章音乐生成失败
[2026-05-17 09:35:46] [Music] 开始处理第644章: 梦魔
[2026-05-17 09:35:48] [Music] 配额不足: {
  "error": {
    "code": 1,
    "message": "API error: usage limit exceeded, daily usage limit reached for Token Plan Hs_max (100/100 used), resets at 2026-05-18T00:00:00+08:00 (HTTP 200)"
  }
}
[2026-05-17 09:35:48] [Music] 第640章音乐生成失败
[2026-05-17 09:35:48] [Music] 开始处理第645章: 传染的微笑
[2026-05-17 09:35:48] [Music] 配额不足: {
  "error": {
    "code": 1,
    "message": "API error: usage limit exceeded, daily usage limit reached for Token Plan Hs_max (100/100 used), resets at 2026-05-18T00:00:00+08:00 (HTTP 200)"
  }
}
[2026-05-17 09:35:48] [Music] 第639章音乐生成失败
[2026-05-17 09:35:48] [Music] 开始处理第646章: 外婆的秘密
[2026-05-17 09:36:09] [Music] 配额不足: {
  "error": {
    "code": 1,
    "message": "API error: usage limit exceeded, daily usage limit reached for Token Plan Hs_max (100/100 used), resets at 2026-05-18T00:00:00+08:00 (HTTP 200)"
  }
}
[2026-05-17 09:36:09] [Music] 第642章音乐生成失败
[2026-05-17 09:36:09] [Music] 开始处理第647章: 梦境入口
[2026-05-17 09:36:10] [Music] 配额不足: {
  "error": {
    "code": 1,
    "message": "API error: usage limit exceeded, daily usage limit reached for Token Plan Hs_max (100/100 used), resets at 2026-05-18T00:00:00+08:00 (HTTP 200)"
  }
}
[2026-05-17 09:36:10] [Music] 第644章音乐生成失败
[2026-05-17 09:36:10] [Music] 开始处理第648章: 最美的一天
[2026-05-17 09:36:13] [Music] 配额不足: {
  "error": {
    "code": 1,
    "message": "API error: usage limit exceeded, daily usage limit reached for Token Plan Hs_max (100/100 used), resets at 2026-05-18T00:00:00+08:00 (HTTP 200)"
  }
}
[2026-05-17 09:36:13] [Music] 第645章音乐生成失败
[2026-05-17 09:36:13] [Music] 开始处理第649章: 交易
[2026-05-17 09:36:15] [Music] 配额不足: {
  "error": {
    "code": 1,
    "message": "API error: usage limit exceeded, daily usage limit reached for Token Plan Hs_max (100/100 used), resets at 2026-05-18T00:00:00+08:00 (HTTP 200)"
  }
}
[2026-05-17 09:36:15] [Music] 第643章音乐生成失败
[2026-05-17 09:36:15] [Music] 开始处理第650章: 苏醒与代价
[2026-05-17 09:36:20] [Music] 第646章歌词生成失败
[2026-05-17 09:36:20] [Music] 开始处理第651章: 井底的回响
[2026-05-17 09:36:33] [Music] 配额不足: {
  "error": {
    "code": 1,
    "message": "API error: usage limit exceeded, daily usage limit reached for Token Plan Hs_max (100/100 used), resets at 2026-05-18T00:00:00+08:00 (HTTP 200)"
  }
}
[2026-05-17 09:36:33] [Music] 第648章音乐生成失败
[2026-05-17 09:36:33] [Music] 开始处理第652章: 林家的族谱
[2026-05-17 09:36:33] [Music] 配额不足: {
  "error": {
    "code": 1,
    "message": "API error: usage limit exceeded, daily usage limit reached for Token Plan Hs_max (100/100 used), resets at 2026-05-18T00:00:00+08:00 (HTTP 200)"
  }
}
[2026-05-17 09:36:33] [Music] 第647章音乐生成失败
[2026-05-17 09:36:33] [Music] 开始处理第653章: 祠堂的规矩
[2026-05-17 09:36:49] [Music] 配额不足: {
  "error": {
    "code": 1,
    "message": "API error: usage limit exceeded, daily usage limit reached for Token Plan Hs_max (100/100 used), resets at 2026-05-18T00:00:00+08:00 (HTTP 200)"
  }
}
[2026-05-17 09:36:49] [Music] 第650章音乐生成失败
[2026-05-17 09:36:49] [Music] 开始处理第654章: 牌位下的骸骨
[2026-05-17 09:36:49] [Music] 配额不足: {
  "error": {
    "code": 1,
    "message": "API error: usage limit exceeded, daily usage limit reached for Token Plan Hs_max (100/100 used), resets at 2026-05-18T00:00:00+08:00 (HTTP 200)"
  }
}
[2026-05-17 09:36:49] [Music] 第651章音乐生成失败
[2026-05-17 09:36:49] [Music] 开始处理第655章: 替身的代价
[2026-05-17 09:36:52] [Music] 配额不足: {
  "error": {
    "code": 1,
    "message": "API error: usage limit exceeded, daily usage limit reached for Token Plan Hs_max (100/100 used), resets at 2026-05-18T00:00:00+08:00 (HTTP 200)"
  }
}
[2026-05-17 09:36:52] [Music] 第649章音乐生成失败
[2026-05-17 09:36:52] [Music] 开始处理第656章: 陈医生的警告
[2026-05-17 09:36:52] [Music] 配额不足: {
  "error": {
    "code": 1,
    "message": "API error: usage limit exceeded, daily usage limit reached for Token Plan Hs_max (100/100 used), resets at 2026-05-18T00:00:00+08:00 (HTTP 200)"
  }
}
[2026-05-17 09:36:52] [Music] 第653章音乐生成失败
[2026-05-17 09:36:52] [Music] 开始处理第657章: 第四只鬼的痕迹
[2026-05-17 09:37:02] [Music] 第652章歌词生成失败
[2026-05-17 09:37:02] [Music] 开始处理第658章: 外婆的真相
[2026-05-17 09:37:10] [Music] 配额不足: {
  "error": {
    "code": 1,
    "message": "API error: usage limit exceeded, daily usage limit reached for Token Plan Hs_max (100/100 used), resets at 2026-05-18T00:00:00+08:00 (HTTP 200)"
  }
}
[2026-05-17 09:37:10] [Music] 第654章音乐生成失败
[2026-05-17 09:37:10] [Music] 开始处理第659章: 复苏会的邀请函
[2026-05-17 09:37:12] [Music] 配额不足: {
  "error": {
    "code": 1,
    "message": "API error: usage limit exceeded, daily usage limit reached for Token Plan Hs_max (100/100 used), resets at 2026-05-18T00:00:00+08:00 (HTTP 200)"
  }
}
[2026-05-17 09:37:12] [Music] 第655章音乐生成失败
[2026-05-17 09:37:12] [Music] 开始处理第660章: 沉默者的仇人
[2026-05-17 09:37:19] [Music] 配额不足: {
  "error": {
    "code": 1,
    "message": "API error: usage limit exceeded, daily usage limit reached for Token Plan Hs_max (100/100 used), resets at 2026-05-18T00:00:00+08:00 (HTTP 200)"
  }
}
[2026-05-17 09:37:19] [Music] 第657章音乐生成失败
[2026-05-17 09:37:19] [Music] 开始处理第661章: 黄泉入口
[2026-05-17 09:37:27] [Music] 配额不足: {
  "error": {
    "code": 1,
    "message": "API error: usage limit exceeded, daily usage limit reached for Token Plan Hs_max (100/100 used), resets at 2026-05-18T00:00:00+08:00 (HTTP 200)"
  }
}
[2026-05-17 09:37:27] [Music] 第658章音乐生成失败
[2026-05-17 09:37:27] [Music] 开始处理第662章: 守墓人的警告
[2026-05-17 09:37:28] [Music] 配额不足: {
  "error": {
    "code": 1,
    "message": "API error: usage limit exceeded, daily usage limit reached for Token Plan Hs_max (100/100 used), resets at 2026-05-18T00:00:00+08:00 (HTTP 200)"
  }
}
[2026-05-17 09:37:28] [Music] 第656章音乐生成失败
[2026-05-17 09:37:28] [Music] 开始处理第663章: 第一关·回声
[2026-05-17 09:37:36] [Music] 配额不足: {
  "error": {
    "code": 1,
    "message": "API error: usage limit exceeded, daily usage limit reached for Token Plan Hs_max (100/100 used), resets at 2026-05-18T00:00:00+08:00 (HTTP 200)"
  }
}
[2026-05-17 09:37:36] [Music] 第659章音乐生成失败
[2026-05-17 09:37:36] [Music] 开始处理第664章: 沉默的代价
[2026-05-17 09:37:45] [Music] 配额不足: {
  "error": {
    "code": 1,
    "message": "API error: usage limit exceeded, daily usage limit reached for Token Plan Hs_max (100/100 used), resets at 2026-05-18T00:00:00+08:00 (HTTP 200)"
  }
}
[2026-05-17 09:37:45] [Music] 第660章音乐生成失败
[2026-05-17 09:37:45] [Music] 开始处理第665章: 第二关·纸人送葬
[2026-05-17 09:37:49] [Music] 配额不足: {
  "error": {
    "code": 1,
    "message": "API error: usage limit exceeded, daily usage limit reached for Token Plan Hs_max (100/100 used), resets at 2026-05-18T00:00:00+08:00 (HTTP 200)"
  }
}
[2026-05-17 09:37:49] [Music] 第662章音乐生成失败
[2026-05-17 09:37:49] [Music] 开始处理第666章: 新娘的执念
[2026-05-17 09:37:50] [Music] 第661章歌词生成失败
[2026-05-17 09:37:50] [Music] 开始处理第667章: 花轿的眼泪
[2026-05-17 09:37:56] [Music] 配额不足: {
  "error": {
    "code": 1,
    "message": "API error: usage limit exceeded, daily usage limit reached for Token Plan Hs_max (100/100 used), resets at 2026-05-18T00:00:00+08:00 (HTTP 200)"
  }
}
[2026-05-17 09:37:56] [Music] 第663章音乐生成失败
[2026-05-17 09:37:56] [Music] 开始处理第668章: 第三关·望乡
[2026-05-17 09:38:01] [Music] 配额不足: {
  "error": {
    "code": 1,
    "message": "API error: usage limit exceeded, daily usage limit reached for Token Plan Hs_max (100/100 used), resets at 2026-05-18T00:00:00+08:00 (HTTP 200)"
  }
}
[2026-05-17 09:38:01] [Music] 第664章音乐生成失败
[2026-05-17 09:38:01] [Music] 开始处理第669章: 三次回头
[2026-05-17 09:38:19] [Music] 配额不足: {
  "error": {
    "code": 1,
    "message": "API error: usage limit exceeded, daily usage limit reached for Token Plan Hs_max (100/100 used), resets at 2026-05-18T00:00:00+08:00 (HTTP 200)"
  }
}
[2026-05-17 09:38:19] [Music] 第666章音乐生成失败
[2026-05-17 09:38:19] [Music] 开始处理第670章: 望乡的名字
[2026-05-17 09:38:22] [Music] 配额不足: {
  "error": {
    "code": 1,
    "message": "API error: usage limit exceeded, daily usage limit reached for Token Plan Hs_max (100/100 used), resets at 2026-05-18T00:00:00+08:00 (HTTP 200)"
  }
}
[2026-05-17 09:38:22] [Music] 第669章音乐生成失败
[2026-05-17 09:38:22] [Music] 开始处理第671章: 第四关·井底之蛙
[2026-05-17 09:38:25] [Music] 配额不足: {
  "error": {
    "code": 1,
    "message": "API error: usage limit exceeded, daily usage limit reached for Token Plan Hs_max (100/100 used), resets at 2026-05-18T00:00:00+08:00 (HTTP 200)"
  }
}
[2026-05-17 09:38:25] [Music] 第667章音乐生成失败
[2026-05-17 09:38:25] [Music] 开始处理第672章: 井底的记忆
[2026-05-17 09:38:25] [Music] 配额不足: {
  "error": {
    "code": 1,
    "message": "API error: usage limit exceeded, daily usage limit reached for Token Plan Hs_max (100/100 used), resets at 2026-05-18T00:00:00+08:00 (HTTP 200)"
  }
}
[2026-05-17 09:38:25] [Music] 第668章音乐生成失败
[2026-05-17 09:38:25] [Music] 开始处理第673章: 第五关·缝脸
[2026-05-17 09:38:35] [Music] 配额不足: {
  "error": {
    "code": 1,
    "message": "API error: usage limit exceeded, daily usage limit reached for Token Plan Hs_max (100/100 used), resets at 2026-05-18T00:00:00+08:00 (HTTP 200)"
  }
}
[2026-05-17 09:38:35] [Music] 第665章音乐生成失败
[2026-05-17 09:38:35] [Music] 开始处理第674章: 外婆的缝脸
[2026-05-17 09:38:39] [Music] 配额不足: {
  "error": {
    "code": 1,
    "message": "API error: usage limit exceeded, daily usage limit reached for Token Plan Hs_max (100/100 used), resets at 2026-05-18T00:00:00+08:00 (HTTP 200)"
  }
}
[2026-05-17 09:38:39] [Music] 第670章音乐生成失败
[2026-05-17 09:38:39] [Music] 开始处理第675章: 缝补的灵魂
[2026-05-17 09:38:46] [Music] 配额不足: {
  "error": {
    "code": 1,
    "message": "API error: usage limit exceeded, daily usage limit reached for Token Plan Hs_max (100/100 used), resets at 2026-05-18T00:00:00+08:00 (HTTP 200)"
  }
}
[2026-05-17 09:38:46] [Music] 第671章音乐生成失败
[2026-05-17 09:38:46] [Music] 开始处理第676章: 绣坊深处
[2026-05-17 09:38:50] [Music] 配额不足: {
  "error": {
    "code": 1,
    "message": "API error: usage limit exceeded, daily usage limit reached for Token Plan Hs_max (100/100 used), resets at 2026-05-18T00:00:00+08:00 (HTTP 200)"
  }
}
[2026-05-17 09:38:50] [Music] 第673章音乐生成失败
[2026-05-17 09:38:50] [Music] 开始处理第677章: 原点的真相
[2026-05-17 09:38:58] [Music] 配额不足: {
  "error": {
    "code": 1,
    "message": "API error: usage limit exceeded, daily usage limit reached for Token Plan Hs_max (100/100 used), resets at 2026-05-18T00:00:00+08:00 (HTTP 200)"
  }
}
[2026-05-17 09:38:58] [Music] 第674章音乐生成失败
[2026-05-17 09:38:58] [Music] 开始处理第678章: 锦囊中的遗物
[2026-05-17 09:39:12] [Music] 配额不足: {
  "error": {
    "code": 1,
    "message": "API error: usage limit exceeded, daily usage limit reached for Token Plan Hs_max (100/100 used), resets at 2026-05-18T00:00:00+08:00 (HTTP 200)"
  }
}
[2026-05-17 09:39:12] [Music] 第672章音乐生成失败
[2026-05-17 09:39:12] [Music] 开始处理第679章: 第六至第八关
[2026-05-17 09:39:15] [Music] 配额不足: {
  "error": {
    "code": 1,
    "message": "API error: usage limit exceeded, daily usage limit reached for Token Plan Hs_max (100/100 used), resets at 2026-05-18T00:00:00+08:00 (HTTP 200)"
  }
}
[2026-05-17 09:39:15] [Music] 第676章音乐生成失败
[2026-05-17 09:39:15] [Music] 开始处理第680章: 第九关·彼岸
[2026-05-17 09:39:19] [Music] 配额不足: {
  "error": {
    "code": 1,
    "message": "API error: usage limit exceeded, daily usage limit reached for Token Plan Hs_max (100/100 used), resets at 2026-05-18T00:00:00+08:00 (HTTP 200)"
  }
}
[2026-05-17 09:39:19] [Music] 第675章音乐生成失败
[2026-05-17 09:39:19] [Music] 开始处理第681章: 黄泉路的入口
[2026-05-17 09:39:20] [Music] 配额不足: {
  "error": {
    "code": 1,
    "message": "API error: usage limit exceeded, daily usage limit reached for Token Plan Hs_max (100/100 used), resets at 2026-05-18T00:00:00+08:00 (HTTP 200)"
  }
}
[2026-05-17 09:39:20] [Music] 第678章音乐生成失败
[2026-05-17 09:39:20] [Music] 开始处理第682章: 永远停运的班车
[2026-05-17 09:39:21] [Music] 配额不足: {
  "error": {
    "code": 1,
    "message": "API error: usage limit exceeded, daily usage limit reached for Token Plan Hs_max (100/100 used), resets at 2026-05-18T00:00:00+08:00 (HTTP 200)"
  }
}
[2026-05-17 09:39:21] [Music] 第677章音乐生成失败
[2026-05-17 09:39:21] [Music] 开始处理第683章: 班车的终点
[2026-05-17 09:39:39] [Music] 配额不足: {
  "error": {
    "code": 1,
    "message": "API error: usage limit exceeded, daily usage limit reached for Token Plan Hs_max (100/100 used), resets at 2026-05-18T00:00:00+08:00 (HTTP 200)"
  }
}
[2026-05-17 09:39:39] [Music] 第680章音乐生成失败
[2026-05-17 09:39:39] [Music] 开始处理第684章: 录音中的警告
[2026-05-17 09:39:39] [Music] 配额不足: {
  "error": {
    "code": 1,
    "message": "API error: usage limit exceeded, daily usage limit reached for Token Plan Hs_max (100/100 used), resets at 2026-05-18T00:00:00+08:00 (HTTP 200)"
  }
}
[2026-05-17 09:39:39] [Music] 第679章音乐生成失败
[2026-05-17 09:39:39] [Music] 开始处理第685章: 地下的入口
[2026-05-17 09:39:50] [Music] 配额不足: {
  "error": {
    "code": 1,
    "message": "API error: usage limit exceeded, daily usage limit reached for Token Plan Hs_max (100/100 used), resets at 2026-05-18T00:00:00+08:00 (HTTP 200)"
  }
}
[2026-05-17 09:39:50] [Music] 第683章音乐生成失败
[2026-05-17 09:39:50] [Music] 开始处理第686章: 台阶上的记忆
[2026-05-17 09:39:52] [Music] 配额不足: {
  "error": {
    "code": 1,
    "message": "API error: usage limit exceeded, daily usage limit reached for Token Plan Hs_max (100/100 used), resets at 2026-05-18T00:00:00+08:00 (HTTP 200)"
  }
}
[2026-05-17 09:39:52] [Music] 第681章音乐生成失败
[2026-05-17 09:39:57] [Music] 配额不足: {
  "error": {
    "code": 1,
    "message": "API error: usage limit exceeded, daily usage limit reached for Token Plan Hs_max (100/100 used), resets at 2026-05-18T00:00:00+08:00 (HTTP 200)"
  }
}
[2026-05-17 09:39:57] [Music] 第682章音乐生成失败
[2026-05-17 09:40:00] [Music] 配额不足: {
  "error": {
    "code": 1,
    "message": "API error: usage limit exceeded, daily usage limit reached for Token Plan Hs_max (100/100 used), resets at 2026-05-18T00:00:00+08:00 (HTTP 200)"
  }
}
[2026-05-17 09:40:00] [Music] 第684章音乐生成失败
[2026-05-17 09:40:14] [Music] 配额不足: {
  "error": {
    "code": 1,
    "message": "API error: usage limit exceeded, daily usage limit reached for Token Plan Hs_max (100/100 used), resets at 2026-05-18T00:00:00+08:00 (HTTP 200)"
  }
}
[2026-05-17 09:40:14] [Music] 第686章音乐生成失败
[2026-05-17 09:40:15] [Music] 配额不足: {
  "error": {
    "code": 1,
    "message": "API error: usage limit exceeded, daily usage limit reached for Token Plan Hs_max (100/100 used), resets at 2026-05-18T00:00:00+08:00 (HTTP 200)"
  }
}
[2026-05-17 09:40:15] [Music] 第685章音乐生成失败
[2026-05-17 09:40:15] [Music] 批次完成: 成功 0, 失败 50
[2026-05-17 09:40:15] [Music] 累计: 成功 62, 失败 588
[2026-05-17 09:40:15] [Music] 批次间休息30秒...
[2026-05-17 09:40:45] [Music] 处理批次 14/40, 本批 50 章
[2026-05-17 09:40:45] [Music] 开始处理第687章: 黄泉路的牌坊
[2026-05-17 09:40:45] [Music] 开始处理第688章: 替身的代价
[2026-05-17 09:40:45] [Music] 开始处理第689章: 踏入黄泉
[2026-05-17 09:40:45] [Music] 开始处理第691章: 外婆的遗言
[2026-05-17 09:40:45] [Music] 开始处理第690章: 名字的重量
[2026-05-17 09:41:11] [Music] 配额不足: {
  "error": {
    "code": 1,
    "message": "API error: usage limit exceeded, daily usage limit reached for Token Plan Hs_max (100/100 used), resets at 2026-05-18T00:00:00+08:00 (HTTP 200)"
  }
}
[2026-05-17 09:41:11] [Music] 第690章音乐生成失败
[2026-05-17 09:41:11] [Music] 开始处理第692章: 回头者的追逐
[2026-05-17 09:41:16] [Music] 配额不足: {
  "error": {
    "code": 1,
    "message": "API error: usage limit exceeded, daily usage limit reached for Token Plan Hs_max (100/100 used), resets at 2026-05-18T00:00:00+08:00 (HTTP 200)"
  }
}
[2026-05-17 09:41:16] [Music] 第687章音乐生成失败
[2026-05-17 09:41:16] [Music] 开始处理第693章: 忘川河上的摆渡人
[2026-05-17 09:41:20] [Music] 配额不足: {
  "error": {
    "code": 1,
    "message": "API error: usage limit exceeded, daily usage limit reached for Token Plan Hs_max (100/100 used), resets at 2026-05-18T00:00:00+08:00 (HTTP 200)"
  }
}
[2026-05-17 09:41:20] [Music] 第691章音乐生成失败
[2026-05-17 09:41:20] [Music] 开始处理第694章: 渡河时的低语
[2026-05-17 09:41:27] [Music] 配额不足: {
  "error": {
    "code": 1,
    "message": "API error: usage limit exceeded, daily usage limit reached for Token Plan Hs_max (100/100 used), resets at 2026-05-18T00:00:00+08:00 (HTTP 200)"
  }
}
[2026-05-17 09:41:27] [Music] 第689章音乐生成失败
[2026-05-17 09:41:27] [Music] 开始处理第695章: 三生石畔
[2026-05-17 09:41:31] [Music] 配额不足: {
  "error": {
    "code": 1,
    "message": "API error: usage limit exceeded, daily usage limit reached for Token Plan Hs_max (100/100 used), resets at 2026-05-18T00:00:00+08:00 (HTTP 200)"
  }
}
[2026-05-17 09:41:31] [Music] 第688章音乐生成失败
[2026-05-17 09:41:31] [Music] 开始处理第696章: 鬼门关前
[2026-05-17 09:41:36] [Music] 配额不足: {
  "error": {
    "code": 1,
    "message": "API error: usage limit exceeded, daily usage limit reached for Token Plan Hs_max (100/100 used), resets at 2026-05-18T00:00:00+08:00 (HTTP 200)"
  }
}
[2026-05-17 09:41:36] [Music] 第692章音乐生成失败
[2026-05-17 09:41:36] [Music] 开始处理第697章: 门后的存在
[2026-05-17 09:41:43] [Music] 配额不足: {
  "error": {
    "code": 1,
    "message": "API error: usage limit exceeded, daily usage limit reached for Token Plan Hs_max (100/100 used), resets at 2026-05-18T00:00:00+08:00 (HTTP 200)"
  }
}
[2026-05-17 09:41:43] [Music] 第693章音乐生成失败
[2026-05-17 09:41:43] [Music] 开始处理第698章: 门的选择
[2026-05-17 09:41:50] [Music] 配额不足: {
  "error": {
    "code": 1,
    "message": "API error: usage limit exceeded, daily usage limit reached for Token Plan Hs_max (100/100 used), resets at 2026-05-18T00:00:00+08:00 (HTTP 200)"
  }
}
[2026-05-17 09:41:50] [Music] 第694章音乐生成失败
[2026-05-17 09:41:50] [Music] 开始处理第699章: 沉默的告别
[2026-05-17 09:41:55] [Music] 配额不足: {
  "error": {
    "code": 1,
    "message": "API error: usage limit exceeded, daily usage limit reached for Token Plan Hs_max (100/100 used), resets at 2026-05-18T00:00:00+08:00 (HTTP 200)"
  }
}
[2026-05-17 09:41:55] [Music] 第696章音乐生成失败
[2026-05-17 09:41:55] [Music] 开始处理第700章: 寂静的开始
[2026-05-17 09:42:06] [Music] 配额不足: {
  "error": {
    "code": 1,
    "message": "API error: usage limit exceeded, daily usage limit reached for Token Plan Hs_max (100/100 used), resets at 2026-05-18T00:00:00+08:00 (HTTP 200)"
  }
}
[2026-05-17 09:42:06] [Music] 第695章音乐生成失败
[2026-05-17 09:42:06] [Music] 开始处理第701章: 回声巷
[2026-05-17 09:42:07] [Music] 配额不足: {
  "error": {
    "code": 1,
    "message": "API error: usage limit exceeded, daily usage limit reached for Token Plan Hs_max (100/100 used), resets at 2026-05-18T00:00:00+08:00 (HTTP 200)"
  }
}
[2026-05-17 09:42:07] [Music] 第698章音乐生成失败
[2026-05-17 09:42:07] [Music] 开始处理第702章: 死亡的回音
[2026-05-17 09:42:09] [Music] 配额不足: {
  "error": {
    "code": 1,
    "message": "API error: usage limit exceeded, daily usage limit reached for Token Plan Hs_max (100/100 used), resets at 2026-05-18T00:00:00+08:00 (HTTP 200)"
  }
}
[2026-05-17 09:42:09] [Music] 第697章音乐生成失败
[2026-05-17 09:42:09] [Music] 开始处理第703章: 镜中之影
[2026-05-17 09:42:22] [Music] 配额不足: {
  "error": {
    "code": 1,
    "message": "API error: usage limit exceeded, daily usage limit reached for Token Plan Hs_max (100/100 used), resets at 2026-05-18T00:00:00+08:00 (HTTP 200)"
  }
}
[2026-05-17 09:42:22] [Music] 第700章音乐生成失败
[2026-05-17 09:42:22] [Music] 开始处理第704章: 清雨的决定
[2026-05-17 09:42:23] [Music] 配额不足: {
  "error": {
    "code": 1,
    "message": "API error: usage limit exceeded, daily usage limit reached for Token Plan Hs_max (100/100 used), resets at 2026-05-18T00:00:00+08:00 (HTTP 200)"
  }
}
[2026-05-17 09:42:23] [Music] 第699章音乐生成失败
[2026-05-17 09:42:23] [Music] 开始处理第705章: 纸人的背叛
[2026-05-17 09:42:32] [Music] 配额不足: {
  "error": {
    "code": 1,
    "message": "API error: usage limit exceeded, daily usage limit reached for Token Plan Hs_max (100/100 used), resets at 2026-05-18T00:00:00+08:00 (HTTP 200)"
  }
}
[2026-05-17 09:42:32] [Music] 第702章音乐生成失败
[2026-05-17 09:42:32] [Music] 开始处理第706章: 真相的代价
[2026-05-17 09:42:33] [Music] 配额不足: {
  "error": {
    "code": 1,
    "message": "API error: usage limit exceeded, daily usage limit reached for Token Plan Hs_max (100/100 used), resets at 2026-05-18T00:00:00+08:00 (HTTP 200)"
  }
}
[2026-05-17 09:42:33] [Music] 第703章音乐生成失败
[2026-05-17 09:42:33] [Music] 开始处理第707章: 守墓人的警告
[2026-05-17 09:42:33] [Music] 配额不足: {
  "error": {
    "code": 1,
    "message": "API error: usage limit exceeded, daily usage limit reached for Token Plan Hs_max (100/100 used), resets at 2026-05-18T00:00:00+08:00 (HTTP 200)"
  }
}
[2026-05-17 09:42:33] [Music] 第701章音乐生成失败
[2026-05-17 09:42:33] [Music] 开始处理第708章: 黄泉路入口
[2026-05-17 09:42:47] [Music] 配额不足: {
  "error": {
    "code": 1,
    "message": "API error: usage limit exceeded, daily usage limit reached for Token Plan Hs_max (100/100 used), resets at 2026-05-18T00:00:00+08:00 (HTTP 200)"
  }
}
[2026-05-17 09:42:47] [Music] 第704章音乐生成失败
[2026-05-17 09:42:47] [Music] 开始处理第709章: 故人的影子
[2026-05-17 09:42:48] [Music] 配额不足: {
  "error": {
    "code": 1,
    "message": "API error: usage limit exceeded, daily usage limit reached for Token Plan Hs_max (100/100 used), resets at 2026-05-18T00:00:00+08:00 (HTTP 200)"
  }
}
[2026-05-17 09:42:48] [Music] 第705章音乐生成失败
[2026-05-17 09:42:48] [Music] 开始处理第710章: 黄泉路的规则
[2026-05-17 09:42:51] [Music] 配额不足: {
  "error": {
    "code": 1,
    "message": "API error: usage limit exceeded, daily usage limit reached for Token Plan Hs_max (100/100 used), resets at 2026-05-18T00:00:00+08:00 (HTTP 200)"
  }
}
[2026-05-17 09:42:51] [Music] 第708章音乐生成失败
[2026-05-17 09:42:51] [Music] 开始处理第711章: 棋手的棋盘
[2026-05-17 09:42:56] [Music] 配额不足: {
  "error": {
    "code": 1,
    "message": "API error: usage limit exceeded, daily usage limit reached for Token Plan Hs_max (100/100 used), resets at 2026-05-18T00:00:00+08:00 (HTTP 200)"
  }
}
[2026-05-17 09:42:56] [Music] 第706章音乐生成失败
[2026-05-17 09:42:56] [Music] 开始处理第712章: 鬼门关
[2026-05-17 09:43:02] [Music] 配额不足: {
  "error": {
    "code": 1,
    "message": "API error: usage limit exceeded, daily usage limit reached for Token Plan Hs_max (100/100 used), resets at 2026-05-18T00:00:00+08:00 (HTTP 200)"
  }
}
[2026-05-17 09:43:02] [Music] 第707章音乐生成失败
[2026-05-17 09:43:02] [Music] 开始处理第713章: 第一个问题
[2026-05-17 09:43:08] [Music] 配额不足: {
  "error": {
    "code": 1,
    "message": "API error: usage limit exceeded, daily usage limit reached for Token Plan Hs_max (100/100 used), resets at 2026-05-18T00:00:00+08:00 (HTTP 200)"
  }
}
[2026-05-17 09:43:08] [Music] 第709章音乐生成失败
[2026-05-17 09:43:08] [Music] 开始处理第714章: 第二个问题
[2026-05-17 09:43:13] [Music] 配额不足: {
  "error": {
    "code": 1,
    "message": "API error: usage limit exceeded, daily usage limit reached for Token Plan Hs_max (100/100 used), resets at 2026-05-18T00:00:00+08:00 (HTTP 200)"
  }
}
[2026-05-17 09:43:13] [Music] 第710章音乐生成失败
[2026-05-17 09:43:13] [Music] 开始处理第715章: 第三个问题
[2026-05-17 09:43:14] [Music] 配额不足: {
  "error": {
    "code": 1,
    "message": "API error: usage limit exceeded, daily usage limit reached for Token Plan Hs_max (100/100 used), resets at 2026-05-18T00:00:00+08:00 (HTTP 200)"
  }
}
[2026-05-17 09:43:14] [Music] 第712章音乐生成失败
[2026-05-17 09:43:14] [Music] 开始处理第716章: 门后的世界
[2026-05-17 09:43:16] [Music] 配额不足: {
  "error": {
    "code": 1,
    "message": "API error: usage limit exceeded, daily usage limit reached for Token Plan Hs_max (100/100 used), resets at 2026-05-18T00:00:00+08:00 (HTTP 200)"
  }
}
[2026-05-17 09:43:16] [Music] 第711章音乐生成失败
[2026-05-17 09:43:16] [Music] 开始处理第717章: 外婆的真相
[2026-05-17 09:43:25] [Music] 配额不足: {
  "error": {
    "code": 1,
    "message": "API error: usage limit exceeded, daily usage limit reached for Token Plan Hs_max (100/100 used), resets at 2026-05-18T00:00:00+08:00 (HTTP 200)"
  }
}
[2026-05-17 09:43:25] [Music] 第713章音乐生成失败
[2026-05-17 09:43:25] [Music] 开始处理第718章: 母体的真相
[2026-05-17 09:43:35] [Music] 配额不足: {
  "error": {
    "code": 1,
    "message": "API error: usage limit exceeded, daily usage limit reached for Token Plan Hs_max (100/100 used), resets at 2026-05-18T00:00:00+08:00 (HTTP 200)"
  }
}
[2026-05-17 09:43:35] [Music] 第714章音乐生成失败
[2026-05-17 09:43:35] [Music] 开始处理第719章: 林默的选择
[2026-05-17 09:43:38] [Music] 配额不足: {
  "error": {
    "code": 1,
    "message": "API error: usage limit exceeded, daily usage limit reached for Token Plan Hs_max (100/100 used), resets at 2026-05-18T00:00:00+08:00 (HTTP 200)"
  }
}
[2026-05-17 09:43:38] [Music] 第715章音乐生成失败
[2026-05-17 09:43:38] [Music] 开始处理第720章: 顾清雨的危机
[2026-05-17 09:43:41] [Music] 配额不足: {
  "error": {
    "code": 1,
    "message": "API error: usage limit exceeded, daily usage limit reached for Token Plan Hs_max (100/100 used), resets at 2026-05-18T00:00:00+08:00 (HTTP 200)"
  }
}
[2026-05-17 09:43:41] [Music] 第716章音乐生成失败
[2026-05-17 09:43:41] [Music] 开始处理第721章: 矿洞深处
[2026-05-17 09:43:48] [Music] 配额不足: {
  "error": {
    "code": 1,
    "message": "API error: usage limit exceeded, daily usage limit reached for Token Plan Hs_max (100/100 used), resets at 2026-05-18T00:00:00+08:00 (HTTP 200)"
  }
}
[2026-05-17 09:43:48] [Music] 第717章音乐生成失败
[2026-05-17 09:43:48] [Music] 开始处理第722章: 前辈的遗产
[2026-05-17 09:43:58] [Music] 第718章歌词生成失败
[2026-05-17 09:43:58] [Music] 开始处理第723章: 短暂的安宁
[2026-05-17 09:44:02] [Music] 配额不足: {
  "error": {
    "code": 1,
    "message": "API error: usage limit exceeded, daily usage limit reached for Token Plan Hs_max (100/100 used), resets at 2026-05-18T00:00:00+08:00 (HTTP 200)"
  }
}
[2026-05-17 09:44:02] [Music] 第719章音乐生成失败
[2026-05-17 09:44:02] [Music] 开始处理第724章: 新的线索
[2026-05-17 09:44:04] [Music] 配额不足: {
  "error": {
    "code": 1,
    "message": "API error: usage limit exceeded, daily usage limit reached for Token Plan Hs_max (100/100 used), resets at 2026-05-18T00:00:00+08:00 (HTTP 200)"
  }
}
[2026-05-17 09:44:04] [Music] 第721章音乐生成失败
[2026-05-17 09:44:04] [Music] 开始处理第725章: 第二十九天
[2026-05-17 09:44:07] [Music] 配额不足: {
  "error": {
    "code": 1,
    "message": "API error: usage limit exceeded, daily usage limit reached for Token Plan Hs_max (100/100 used), resets at 2026-05-18T00:00:00+08:00 (HTTP 200)"
  }
}
[2026-05-17 09:44:07] [Music] 第720章音乐生成失败
[2026-05-17 09:44:07] [Music] 开始处理第726章: 集结号
[2026-05-17 09:44:16] [Music] 配额不足: {
  "error": {
    "code": 1,
    "message": "API error: usage limit exceeded, daily usage limit reached for Token Plan Hs_max (100/100 used), resets at 2026-05-18T00:00:00+08:00 (HTTP 200)"
  }
}
[2026-05-17 09:44:16] [Music] 第722章音乐生成失败
[2026-05-17 09:44:16] [Music] 开始处理第727章: 红光之下
[2026-05-17 09:44:22] [Music] 配额不足: {
  "error": {
    "code": 1,
    "message": "API error: usage limit exceeded, daily usage limit reached for Token Plan Hs_max (100/100 used), resets at 2026-05-18T00:00:00+08:00 (HTTP 200)"
  }
}
[2026-05-17 09:44:22] [Music] 第723章音乐生成失败
[2026-05-17 09:44:22] [Music] 开始处理第728章: 纸人的警告
[2026-05-17 09:44:27] [Music] 配额不足: {
  "error": {
    "code": 1,
    "message": "API error: usage limit exceeded, daily usage limit reached for Token Plan Hs_max (100/100 used), resets at 2026-05-18T00:00:00+08:00 (HTTP 200)"
  }
}
[2026-05-17 09:44:27] [Music] 第726章音乐生成失败
[2026-05-17 09:44:27] [Music] 开始处理第729章: 彼岸的先锋
[2026-05-17 09:44:33] [Music] 配额不足: {
  "error": {
    "code": 1,
    "message": "API error: usage limit exceeded, daily usage limit reached for Token Plan Hs_max (100/100 used), resets at 2026-05-18T00:00:00+08:00 (HTTP 200)"
  }
}
[2026-05-17 09:44:33] [Music] 第725章音乐生成失败
[2026-05-17 09:44:33] [Music] 开始处理第730章: 鬼神的低语
[2026-05-17 09:44:34] [Music] 配额不足: {
  "error": {
    "code": 1,
    "message": "API error: usage limit exceeded, daily usage limit reached for Token Plan Hs_max (100/100 used), resets at 2026-05-18T00:00:00+08:00 (HTTP 200)"
  }
}
[2026-05-17 09:44:34] [Music] 第724章音乐生成失败
[2026-05-17 09:44:34] [Music] 开始处理第731章: 绝望主妇的邀请
[2026-05-17 09:44:39] [Music] 配额不足: {
  "error": {
    "code": 1,
    "message": "API error: usage limit exceeded, daily usage limit reached for Token Plan Hs_max (100/100 used), resets at 2026-05-18T00:00:00+08:00 (HTTP 200)"
  }
}
[2026-05-17 09:44:39] [Music] 第727章音乐生成失败
[2026-05-17 09:44:39] [Music] 开始处理第732章: 沉默者的抵抗
[2026-05-17 09:44:45] [Music] 配额不足: {
  "error": {
    "code": 1,
    "message": "API error: usage limit exceeded, daily usage limit reached for Token Plan Hs_max (100/100 used), resets at 2026-05-18T00:00:00+08:00 (HTTP 200)"
  }
}
[2026-05-17 09:44:45] [Music] 第728章音乐生成失败
[2026-05-17 09:44:45] [Music] 开始处理第733章: 鬼神的交易
[2026-05-17 09:44:52] [Music] 配额不足: {
  "error": {
    "code": 1,
    "message": "API error: usage limit exceeded, daily usage limit reached for Token Plan Hs_max (100/100 used), resets at 2026-05-18T00:00:00+08:00 (HTTP 200)"
  }
}
[2026-05-17 09:44:52] [Music] 第729章音乐生成失败
[2026-05-17 09:44:52] [Music] 开始处理第734章: 钟无艳的决断
[2026-05-17 09:44:54] [Music] 配额不足: {
  "error": {
    "code": 1,
    "message": "API error: usage limit exceeded, daily usage limit reached for Token Plan Hs_max (100/100 used), resets at 2026-05-18T00:00:00+08:00 (HTTP 200)"
  }
}
[2026-05-17 09:44:54] [Music] 第731章音乐生成失败
[2026-05-17 09:44:54] [Music] 开始处理第735章: 侵蚀的代价
[2026-05-17 09:44:54] [Music] 配额不足: {
  "error": {
    "code": 1,
    "message": "API error: usage limit exceeded, daily usage limit reached for Token Plan Hs_max (100/100 used), resets at 2026-05-18T00:00:00+08:00 (HTTP 200)"
  }
}
[2026-05-17 09:44:54] [Music] 第730章音乐生成失败
[2026-05-17 09:44:54] [Music] 开始处理第736章: 回声巷的约定
[2026-05-17 09:45:05] [Music] 配额不足: {
  "error": {
    "code": 1,
    "message": "API error: usage limit exceeded, daily usage limit reached for Token Plan Hs_max (100/100 used), resets at 2026-05-18T00:00:00+08:00 (HTTP 200)"
  }
}
[2026-05-17 09:45:05] [Music] 第732章音乐生成失败
[2026-05-17 09:45:12] [Music] 配额不足: {
  "error": {
    "code": 1,
    "message": "API error: usage limit exceeded, daily usage limit reached for Token Plan Hs_max (100/100 used), resets at 2026-05-18T00:00:00+08:00 (HTTP 200)"
  }
}
[2026-05-17 09:45:12] [Music] 第733章音乐生成失败
[2026-05-17 09:45:14] [Music] 配额不足: {
  "error": {
    "code": 1,
    "message": "API error: usage limit exceeded, daily usage limit reached for Token Plan Hs_max (100/100 used), resets at 2026-05-18T00:00:00+08:00 (HTTP 200)"
  }
}
[2026-05-17 09:45:14] [Music] 第735章音乐生成失败
[2026-05-17 09:45:19] [Music] 配额不足: {
  "error": {
    "code": 1,
    "message": "API error: usage limit exceeded, daily usage limit reached for Token Plan Hs_max (100/100 used), resets at 2026-05-18T00:00:00+08:00 (HTTP 200)"
  }
}
[2026-05-17 09:45:19] [Music] 第736章音乐生成失败
[2026-05-17 09:45:26] [Music] 配额不足: {
  "error": {
    "code": 1,
    "message": "API error: usage limit exceeded, daily usage limit reached for Token Plan Hs_max (100/100 used), resets at 2026-05-18T00:00:00+08:00 (HTTP 200)"
  }
}
[2026-05-17 09:45:26] [Music] 第734章音乐生成失败
[2026-05-17 09:45:26] [Music] 批次完成: 成功 0, 失败 50
[2026-05-17 09:45:26] [Music] 累计: 成功 62, 失败 638
[2026-05-17 09:45:26] [Music] 批次间休息30秒...
[2026-05-17 09:45:56] [Music] 处理批次 15/40, 本批 50 章
[2026-05-17 09:45:56] [Music] 开始处理第737章: 民国往事
[2026-05-17 09:45:56] [Music] 开始处理第738章: 棋手的邀请函
[2026-05-17 09:45:56] [Music] 开始处理第739章: 老陈头的遗赠
[2026-05-17 09:45:56] [Music] 开始处理第740章: 彼岸总部
[2026-05-17 09:45:56] [Music] 开始处理第741章: 黄泉路的入口
[2026-05-17 09:46:18] [Music] 配额不足: {
  "error": {
    "code": 1,
    "message": "API error: usage limit exceeded, daily usage limit reached for Token Plan Hs_max (100/100 used), resets at 2026-05-18T00:00:00+08:00 (HTTP 200)"
  }
}
[2026-05-17 09:46:18] [Music] 第740章音乐生成失败
[2026-05-17 09:46:18] [Music] 开始处理第742章: 纸钱的低语
[2026-05-17 09:46:20] [Music] 配额不足: {
  "error": {
    "code": 1,
    "message": "API error: usage limit exceeded, daily usage limit reached for Token Plan Hs_max (100/100 used), resets at 2026-05-18T00:00:00+08:00 (HTTP 200)"
  }
}
[2026-05-17 09:46:20] [Music] 第737章音乐生成失败
[2026-05-17 09:46:20] [Music] 开始处理第743章: 第一问：你是谁
[2026-05-17 09:46:23] [Music] 第738章歌词生成失败
[2026-05-17 09:46:23] [Music] 开始处理第744章: 第二问：归处何方
[2026-05-17 09:46:24] [Music] 配额不足: {
  "error": {
    "code": 1,
    "message": "API error: usage limit exceeded, daily usage limit reached for Token Plan Hs_max (100/100 used), resets at 2026-05-18T00:00:00+08:00 (HTTP 200)"
  }
}
[2026-05-17 09:46:24] [Music] 第741章音乐生成失败
[2026-05-17 09:46:24] [Music] 开始处理第745章: 第三问：所求何物
[2026-05-17 09:46:25] [Music] 配额不足: {
  "error": {
    "code": 1,
    "message": "API error: usage limit exceeded, daily usage limit reached for Token Plan Hs_max (100/100 used), resets at 2026-05-18T00:00:00+08:00 (HTTP 200)"
  }
}
[2026-05-17 09:46:25] [Music] 第739章音乐生成失败
[2026-05-17 09:46:25] [Music] 开始处理第746章: 踏上黄泉
[2026-05-17 09:46:45] [Music] 配额不足: {
  "error": {
    "code": 1,
    "message": "API error: usage limit exceeded, daily usage limit reached for Token Plan Hs_max (100/100 used), resets at 2026-05-18T00:00:00+08:00 (HTTP 200)"
  }
}
[2026-05-17 09:46:45] [Music] 第743章音乐生成失败
[2026-05-17 09:46:45] [Music] 开始处理第747章: 回声的低语
[2026-05-17 09:46:49] [Music] 配额不足: {
  "error": {
    "code": 1,
    "message": "API error: usage limit exceeded, daily usage limit reached for Token Plan Hs_max (100/100 used), resets at 2026-05-18T00:00:00+08:00 (HTTP 200)"
  }
}
[2026-05-17 09:46:49] [Music] 第744章音乐生成失败
[2026-05-17 09:46:49] [Music] 开始处理第748章: 鬼新娘
[2026-05-17 09:46:49] [Music] 配额不足: {
  "error": {
    "code": 1,
    "message": "API error: usage limit exceeded, daily usage limit reached for Token Plan Hs_max (100/100 used), resets at 2026-05-18T00:00:00+08:00 (HTTP 200)"
  }
}
[2026-05-17 09:46:49] [Music] 第745章音乐生成失败
[2026-05-17 09:46:49] [Music] 开始处理第749章: 婚姻的代价
[2026-05-17 09:46:49] [Music] 配额不足: {
  "error": {
    "code": 1,
    "message": "API error: usage limit exceeded, daily usage limit reached for Token Plan Hs_max (100/100 used), resets at 2026-05-18T00:00:00+08:00 (HTTP 200)"
  }
}
[2026-05-17 09:46:49] [Music] 第746章音乐生成失败
[2026-05-17 09:46:49] [Music] 开始处理第750章: 外公的气息
[2026-05-17 09:46:50] [Music] 第742章歌词生成失败
[2026-05-17 09:46:50] [Music] 开始处理第751章: 沉默者的记忆
[2026-05-17 09:47:11] [Music] 配额不足: {
  "error": {
    "code": 1,
    "message": "API error: usage limit exceeded, daily usage limit reached for Token Plan Hs_max (100/100 used), resets at 2026-05-18T00:00:00+08:00 (HTTP 200)"
  }
}
[2026-05-17 09:47:11] [Music] 第747章音乐生成失败
[2026-05-17 09:47:11] [Music] 开始处理第752章: 来世再续
[2026-05-17 09:47:14] [Music] 配额不足: {
  "error": {
    "code": 1,
    "message": "API error: usage limit exceeded, daily usage limit reached for Token Plan Hs_max (100/100 used), resets at 2026-05-18T00:00:00+08:00 (HTTP 200)"
  }
}
[2026-05-17 09:47:14] [Music] 第748章音乐生成失败
[2026-05-17 09:47:14] [Music] 开始处理第753章: 鬼新娘的馈赠
[2026-05-17 09:47:20] [Music] 配额不足: {
  "error": {
    "code": 1,
    "message": "API error: usage limit exceeded, daily usage limit reached for Token Plan Hs_max (100/100 used), resets at 2026-05-18T00:00:00+08:00 (HTTP 200)"
  }
}
[2026-05-17 09:47:20] [Music] 第749章音乐生成失败
[2026-05-17 09:47:20] [Music] 开始处理第754章: 鬼门关前
[2026-05-17 09:47:27] [Music] 配额不足: {
  "error": {
    "code": 1,
    "message": "API error: usage limit exceeded, daily usage limit reached for Token Plan Hs_max (100/100 used), resets at 2026-05-18T00:00:00+08:00 (HTTP 200)"
  }
}
[2026-05-17 09:47:27] [Music] 第750章音乐生成失败
[2026-05-17 09:47:27] [Music] 开始处理第755章: 献祭之物
[2026-05-17 09:47:28] [Music] 配额不足: {
  "error": {
    "code": 1,
    "message": "API error: usage limit exceeded, daily usage limit reached for Token Plan Hs_max (100/100 used), resets at 2026-05-18T00:00:00+08:00 (HTTP 200)"
  }
}
[2026-05-17 09:47:28] [Music] 第751章音乐生成失败
[2026-05-17 09:47:28] [Music] 开始处理第756章: 记忆的重量
[2026-05-17 09:47:35] [Music] 配额不足: {
  "error": {
    "code": 1,
    "message": "API error: usage limit exceeded, daily usage limit reached for Token Plan Hs_max (100/100 used), resets at 2026-05-18T00:00:00+08:00 (HTTP 200)"
  }
}
[2026-05-17 09:47:35] [Music] 第752章音乐生成失败
[2026-05-17 09:47:35] [Music] 开始处理第757章: 韩冰的代价
[2026-05-17 09:47:41] [Music] 配额不足: {
  "error": {
    "code": 1,
    "message": "API error: usage limit exceeded, daily usage limit reached for Token Plan Hs_max (100/100 used), resets at 2026-05-18T00:00:00+08:00 (HTTP 200)"
  }
}
[2026-05-17 09:47:41] [Music] 第753章音乐生成失败
[2026-05-17 09:47:41] [Music] 开始处理第758章: 遗忘之城
[2026-05-17 09:47:42] [Music] 配额不足: {
  "error": {
    "code": 1,
    "message": "API error: usage limit exceeded, daily usage limit reached for Token Plan Hs_max (100/100 used), resets at 2026-05-18T00:00:00+08:00 (HTTP 200)"
  }
}
[2026-05-17 09:47:42] [Music] 第754章音乐生成失败
[2026-05-17 09:47:42] [Music] 开始处理第759章: 重复的一天
[2026-05-17 09:47:54] [Music] 配额不足: {
  "error": {
    "code": 1,
    "message": "API error: usage limit exceeded, daily usage limit reached for Token Plan Hs_max (100/100 used), resets at 2026-05-18T00:00:00+08:00 (HTTP 200)"
  }
}
[2026-05-17 09:47:54] [Music] 第755章音乐生成失败
[2026-05-17 09:47:54] [Music] 开始处理第760章: 外婆的茶馆
[2026-05-17 09:48:00] [Music] 配额不足: {
  "error": {
    "code": 1,
    "message": "API error: usage limit exceeded, daily usage limit reached for Token Plan Hs_max (100/100 used), resets at 2026-05-18T00:00:00+08:00 (HTTP 200)"
  }
}
[2026-05-17 09:48:00] [Music] 第756章音乐生成失败
[2026-05-17 09:48:00] [Music] 开始处理第761章: 黄泉路的入口
[2026-05-17 09:48:06] [Music] 配额不足: {
  "error": {
    "code": 1,
    "message": "API error: usage limit exceeded, daily usage limit reached for Token Plan Hs_max (100/100 used), resets at 2026-05-18T00:00:00+08:00 (HTTP 200)"
  }
}
[2026-05-17 09:48:06] [Music] 第759章音乐生成失败
[2026-05-17 09:48:06] [Music] 开始处理第762章: 等待的影子
[2026-05-17 09:48:13] [Music] 配额不足: {
  "error": {
    "code": 1,
    "message": "API error: usage limit exceeded, daily usage limit reached for Token Plan Hs_max (100/100 used), resets at 2026-05-18T00:00:00+08:00 (HTTP 200)"
  }
}
[2026-05-17 09:48:13] [Music] 第757章音乐生成失败
[2026-05-17 09:48:13] [Music] 开始处理第763章: 黄泉列车
[2026-05-17 09:48:20] [Music] 配额不足: {
  "error": {
    "code": 1,
    "message": "API error: usage limit exceeded, daily usage limit reached for Token Plan Hs_max (100/100 used), resets at 2026-05-18T00:00:00+08:00 (HTTP 200)"
  }
}
[2026-05-17 09:48:20] [Music] 第758章音乐生成失败
[2026-05-17 09:48:20] [Music] 开始处理第764章: 车厢中的死者
[2026-05-17 09:48:22] [Music] 配额不足: {
  "error": {
    "code": 1,
    "message": "API error: usage limit exceeded, daily usage limit reached for Token Plan Hs_max (100/100 used), resets at 2026-05-18T00:00:00+08:00 (HTTP 200)"
  }
}
[2026-05-17 09:48:22] [Music] 第760章音乐生成失败
[2026-05-17 09:48:22] [Music] 开始处理第765章: 列车的终点
[2026-05-17 09:48:30] [Music] 配额不足: {
  "error": {
    "code": 1,
    "message": "API error: usage limit exceeded, daily usage limit reached for Token Plan Hs_max (100/100 used), resets at 2026-05-18T00:00:00+08:00 (HTTP 200)"
  }
}
[2026-05-17 09:48:30] [Music] 第761章音乐生成失败
[2026-05-17 09:48:30] [Music] 开始处理第766章: 镇长的邀请
[2026-05-17 09:48:32] [Music] 配额不足: {
  "error": {
    "code": 1,
    "message": "API error: usage limit exceeded, daily usage limit reached for Token Plan Hs_max (100/100 used), resets at 2026-05-18T00:00:00+08:00 (HTTP 200)"
  }
}
[2026-05-17 09:48:32] [Music] 第762章音乐生成失败
[2026-05-17 09:48:32] [Music] 开始处理第767章: 鬼门关前
[2026-05-17 09:48:33] [Music] 配额不足: {
  "error": {
    "code": 1,
    "message": "API error: usage limit exceeded, daily usage limit reached for Token Plan Hs_max (100/100 used), resets at 2026-05-18T00:00:00+08:00 (HTTP 200)"
  }
}
[2026-05-17 09:48:33] [Music] 第763章音乐生成失败
[2026-05-17 09:48:33] [Music] 开始处理第768章: 三重考验
[2026-05-17 09:48:50] [Music] 配额不足: {
  "error": {
    "code": 1,
    "message": "API error: usage limit exceeded, daily usage limit reached for Token Plan Hs_max (100/100 used), resets at 2026-05-18T00:00:00+08:00 (HTTP 200)"
  }
}
[2026-05-17 09:48:50] [Music] 第764章音乐生成失败
[2026-05-17 09:48:50] [Music] 开始处理第769章: 门内的世界
[2026-05-17 09:48:50] [Music] 配额不足: {
  "error": {
    "code": 1,
    "message": "API error: usage limit exceeded, daily usage limit reached for Token Plan Hs_max (100/100 used), resets at 2026-05-18T00:00:00+08:00 (HTTP 200)"
  }
}
[2026-05-17 09:48:50] [Music] 第765章音乐生成失败
[2026-05-17 09:48:50] [Music] 开始处理第770章: 彼岸花妖
[2026-05-17 09:48:51] [Music] 配额不足: {
  "error": {
    "code": 1,
    "message": "API error: usage limit exceeded, daily usage limit reached for Token Plan Hs_max (100/100 used), resets at 2026-05-18T00:00:00+08:00 (HTTP 200)"
  }
}
[2026-05-17 09:48:51] [Music] 第766章音乐生成失败
[2026-05-17 09:48:51] [Music] 开始处理第771章: 宫殿宴会
[2026-05-17 09:49:00] [Music] 配额不足: {
  "error": {
    "code": 1,
    "message": "API error: usage limit exceeded, daily usage limit reached for Token Plan Hs_max (100/100 used), resets at 2026-05-18T00:00:00+08:00 (HTTP 200)"
  }
}
[2026-05-17 09:49:00] [Music] 第767章音乐生成失败
[2026-05-17 09:49:00] [Music] 开始处理第772章: 守门人的真相
[2026-05-17 09:49:13] [Music] 配额不足: {
  "error": {
    "code": 1,
    "message": "API error: usage limit exceeded, daily usage limit reached for Token Plan Hs_max (100/100 used), resets at 2026-05-18T00:00:00+08:00 (HTTP 200)"
  }
}
[2026-05-17 09:49:13] [Music] 第769章音乐生成失败
[2026-05-17 09:49:13] [Music] 开始处理第773章: 外婆的遗愿
[2026-05-17 09:49:14] [Music] 配额不足: {
  "error": {
    "code": 1,
    "message": "API error: usage limit exceeded, daily usage limit reached for Token Plan Hs_max (100/100 used), resets at 2026-05-18T00:00:00+08:00 (HTTP 200)"
  }
}
[2026-05-17 09:49:14] [Music] 第770章音乐生成失败
[2026-05-17 09:49:14] [Music] 开始处理第774章: 彼岸的使者
[2026-05-17 09:49:19] [Music] 配额不足: {
  "error": {
    "code": 1,
    "message": "API error: usage limit exceeded, daily usage limit reached for Token Plan Hs_max (100/100 used), resets at 2026-05-18T00:00:00+08:00 (HTTP 200)"
  }
}
[2026-05-17 09:49:19] [Music] 第771章音乐生成失败
[2026-05-17 09:49:19] [Music] 开始处理第775章: 生与死的边界
[2026-05-17 09:49:19] [Music] 配额不足: {
  "error": {
    "code": 1,
    "message": "API error: usage limit exceeded, daily usage limit reached for Token Plan Hs_max (100/100 used), resets at 2026-05-18T00:00:00+08:00 (HTTP 200)"
  }
}
[2026-05-17 09:49:19] [Music] 第768章音乐生成失败
[2026-05-17 09:49:19] [Music] 开始处理第776章: 逃离黄泉
[2026-05-17 09:49:28] [Music] 配额不足: {
  "error": {
    "code": 1,
    "message": "API error: usage limit exceeded, daily usage limit reached for Token Plan Hs_max (100/100 used), resets at 2026-05-18T00:00:00+08:00 (HTTP 200)"
  }
}
[2026-05-17 09:49:28] [Music] 第772章音乐生成失败
[2026-05-17 09:49:28] [Music] 开始处理第777章: 七日之后
[2026-05-17 09:49:39] [Music] 配额不足: {
  "error": {
    "code": 1,
    "message": "API error: usage limit exceeded, daily usage limit reached for Token Plan Hs_max (100/100 used), resets at 2026-05-18T00:00:00+08:00 (HTTP 200)"
  }
}
[2026-05-17 09:49:39] [Music] 第774章音乐生成失败
[2026-05-17 09:49:39] [Music] 开始处理第778章: 钟无艳的求援
[2026-05-17 09:49:43] [Music] 第775章歌词生成失败
[2026-05-17 09:49:43] [Music] 开始处理第779章: 镜中的线索
[2026-05-17 09:49:44] [Music] 配额不足: {
  "error": {
    "code": 1,
    "message": "API error: usage limit exceeded, daily usage limit reached for Token Plan Hs_max (100/100 used), resets at 2026-05-18T00:00:00+08:00 (HTTP 200)"
  }
}
[2026-05-17 09:49:44] [Music] 第776章音乐生成失败
[2026-05-17 09:49:44] [Music] 开始处理第780章: 镜中世界
[2026-05-17 09:49:47] [Music] 配额不足: {
  "error": {
    "code": 1,
    "message": "API error: usage limit exceeded, daily usage limit reached for Token Plan Hs_max (100/100 used), resets at 2026-05-18T00:00:00+08:00 (HTTP 200)"
  }
}
[2026-05-17 09:49:47] [Music] 第773章音乐生成失败
[2026-05-17 09:49:47] [Music] 开始处理第781章: 外婆的遗产
[2026-05-17 09:49:57] [Music] 配额不足: {
  "error": {
    "code": 1,
    "message": "API error: usage limit exceeded, daily usage limit reached for Token Plan Hs_max (100/100 used), resets at 2026-05-18T00:00:00+08:00 (HTTP 200)"
  }
}
[2026-05-17 09:49:57] [Music] 第777章音乐生成失败
[2026-05-17 09:49:57] [Music] 开始处理第782章: 记忆的代价
[2026-05-17 09:50:05] [Music] 配额不足: {
  "error": {
    "code": 1,
    "message": "API error: usage limit exceeded, daily usage limit reached for Token Plan Hs_max (100/100 used), resets at 2026-05-18T00:00:00+08:00 (HTTP 200)"
  }
}
[2026-05-17 09:50:05] [Music] 第778章音乐生成失败
[2026-05-17 09:50:05] [Music] 开始处理第783章: 侵蚀的代价
[2026-05-17 09:50:07] [Music] 配额不足: {
  "error": {
    "code": 1,
    "message": "API error: usage limit exceeded, daily usage limit reached for Token Plan Hs_max (100/100 used), resets at 2026-05-18T00:00:00+08:00 (HTTP 200)"
  }
}
[2026-05-17 09:50:07] [Music] 第781章音乐生成失败
[2026-05-17 09:50:07] [Music] 开始处理第784章: 援军
[2026-05-17 09:50:13] [Music] 配额不足: {
  "error": {
    "code": 1,
    "message": "API error: usage limit exceeded, daily usage limit reached for Token Plan Hs_max (100/100 used), resets at 2026-05-18T00:00:00+08:00 (HTTP 200)"
  }
}
[2026-05-17 09:50:13] [Music] 第779章音乐生成失败
[2026-05-17 09:50:13] [Music] 开始处理第785章: 短暂喘息
[2026-05-17 09:50:20] [Music] 配额不足: {
  "error": {
    "code": 1,
    "message": "API error: usage limit exceeded, daily usage limit reached for Token Plan Hs_max (100/100 used), resets at 2026-05-18T00:00:00+08:00 (HTTP 200)"
  }
}
[2026-05-17 09:50:20] [Music] 第780章音乐生成失败
[2026-05-17 09:50:20] [Music] 开始处理第786章: 萧然的条件
[2026-05-17 09:50:24] [Music] 配额不足: {
  "error": {
    "code": 1,
    "message": "API error: usage limit exceeded, daily usage limit reached for Token Plan Hs_max (100/100 used), resets at 2026-05-18T00:00:00+08:00 (HTTP 200)"
  }
}
[2026-05-17 09:50:24] [Music] 第782章音乐生成失败
[2026-05-17 09:50:35] [Music] 配额不足: {
  "error": {
    "code": 1,
    "message": "API error: usage limit exceeded, daily usage limit reached for Token Plan Hs_max (100/100 used), resets at 2026-05-18T00:00:00+08:00 (HTTP 200)"
  }
}
[2026-05-17 09:50:35] [Music] 第784章音乐生成失败
[2026-05-17 09:50:39] [Music] 配额不足: {
  "error": {
    "code": 1,
    "message": "API error: usage limit exceeded, daily usage limit reached for Token Plan Hs_max (100/100 used), resets at 2026-05-18T00:00:00+08:00 (HTTP 200)"
  }
}
[2026-05-17 09:50:39] [Music] 第786章音乐生成失败
[2026-05-17 09:50:43] [Music] 配额不足: {
  "error": {
    "code": 1,
    "message": "API error: usage limit exceeded, daily usage limit reached for Token Plan Hs_max (100/100 used), resets at 2026-05-18T00:00:00+08:00 (HTTP 200)"
  }
}
[2026-05-17 09:50:43] [Music] 第785章音乐生成失败
[2026-05-17 09:50:47] [Music] 配额不足: {
  "error": {
    "code": 1,
    "message": "API error: usage limit exceeded, daily usage limit reached for Token Plan Hs_max (100/100 used), resets at 2026-05-18T00:00:00+08:00 (HTTP 200)"
  }
}
[2026-05-17 09:50:47] [Music] 第783章音乐生成失败
[2026-05-17 09:50:47] [Music] 批次完成: 成功 0, 失败 50
[2026-05-17 09:50:47] [Music] 累计: 成功 62, 失败 688
[2026-05-17 09:50:47] [Music] 批次间休息30秒...
[2026-05-17 09:51:17] [Music] 处理批次 16/40, 本批 50 章
[2026-05-17 09:51:17] [Music] 开始处理第788章: 灵异的真相
[2026-05-17 09:51:17] [Music] 开始处理第787章: 拒绝与承诺
[2026-05-17 09:51:17] [Music] 开始处理第789章: 裂痕
[2026-05-17 09:51:17] [Music] 开始处理第790章: 叛徒的眼泪
[2026-05-17 09:51:17] [Music] 开始处理第791章: 生死的抉择
[2026-05-17 09:51:40] [Music] 配额不足: {
  "error": {
    "code": 1,
    "message": "API error: usage limit exceeded, daily usage limit reached for Token Plan Hs_max (100/100 used), resets at 2026-05-18T00:00:00+08:00 (HTTP 200)"
  }
}
[2026-05-17 09:51:40] [Music] 第789章音乐生成失败
[2026-05-17 09:51:40] [Music] 开始处理第792章: 倒带者
[2026-05-17 09:51:46] [Music] 配额不足: {
  "error": {
    "code": 1,
    "message": "API error: usage limit exceeded, daily usage limit reached for Token Plan Hs_max (100/100 used), resets at 2026-05-18T00:00:00+08:00 (HTTP 200)"
  }
}
[2026-05-17 09:51:46] [Music] 第788章音乐生成失败
[2026-05-17 09:51:46] [Music] 开始处理第793章: 遗忘的名字
[2026-05-17 09:51:53] [Music] 配额不足: {
  "error": {
    "code": 1,
    "message": "API error: usage limit exceeded, daily usage limit reached for Token Plan Hs_max (100/100 used), resets at 2026-05-18T00:00:00+08:00 (HTTP 200)"
  }
}
[2026-05-17 09:51:53] [Music] 第790章音乐生成失败
[2026-05-17 09:51:53] [Music] 开始处理第794章: 名字的重量
[2026-05-17 09:51:55] [Music] 配额不足: {
  "error": {
    "code": 1,
    "message": "API error: usage limit exceeded, daily usage limit reached for Token Plan Hs_max (100/100 used), resets at 2026-05-18T00:00:00+08:00 (HTTP 200)"
  }
}
[2026-05-17 09:51:55] [Music] 第791章音乐生成失败
[2026-05-17 09:51:55] [Music] 开始处理第795章: 鬼域的碰撞
[2026-05-17 09:51:57] [Music] 配额不足: {
  "error": {
    "code": 1,
    "message": "API error: usage limit exceeded, daily usage limit reached for Token Plan Hs_max (100/100 used), resets at 2026-05-18T00:00:00+08:00 (HTTP 200)"
  }
}
[2026-05-17 09:51:57] [Music] 第787章音乐生成失败
[2026-05-17 09:51:57] [Music] 开始处理第796章: 绝望的出口
[2026-05-17 09:52:04] [Music] 配额不足: {
  "error": {
    "code": 1,
    "message": "API error: usage limit exceeded, daily usage limit reached for Token Plan Hs_max (100/100 used), resets at 2026-05-18T00:00:00+08:00 (HTTP 200)"
  }
}
[2026-05-17 09:52:04] [Music] 第792章音乐生成失败
[2026-05-17 09:52:04] [Music] 开始处理第797章: 外婆的指引
[2026-05-17 09:52:07] [Music] 配额不足: {
  "error": {
    "code": 1,
    "message": "API error: usage limit exceeded, daily usage limit reached for Token Plan Hs_max (100/100 used), resets at 2026-05-18T00:00:00+08:00 (HTTP 200)"
  }
}
[2026-05-17 09:52:07] [Music] 第793章音乐生成失败
[2026-05-17 09:52:07] [Music] 开始处理第798章: 最后的准备
[2026-05-17 09:52:19] [Music] 配额不足: {
  "error": {
    "code": 1,
    "message": "API error: usage limit exceeded, daily usage limit reached for Token Plan Hs_max (100/100 used), resets at 2026-05-18T00:00:00+08:00 (HTTP 200)"
  }
}
[2026-05-17 09:52:19] [Music] 第794章音乐生成失败
[2026-05-17 09:52:19] [Music] 开始处理第799章: 告别之夜
[2026-05-17 09:52:20] [Music] 配额不足: {
  "error": {
    "code": 1,
    "message": "API error: usage limit exceeded, daily usage limit reached for Token Plan Hs_max (100/100 used), resets at 2026-05-18T00:00:00+08:00 (HTTP 200)"
  }
}
[2026-05-17 09:52:20] [Music] 第795章音乐生成失败
[2026-05-17 09:52:20] [Music] 开始处理第800章: 终局的开端
[2026-05-17 09:52:22] [Music] 配额不足: {
  "error": {
    "code": 1,
    "message": "API error: usage limit exceeded, daily usage limit reached for Token Plan Hs_max (100/100 used), resets at 2026-05-18T00:00:00+08:00 (HTTP 200)"
  }
}
[2026-05-17 09:52:22] [Music] 第796章音乐生成失败
[2026-05-17 09:52:22] [Music] 开始处理第801章: 原点
[2026-05-17 09:52:26] [Music] 配额不足: {
  "error": {
    "code": 1,
    "message": "API error: usage limit exceeded, daily usage limit reached for Token Plan Hs_max (100/100 used), resets at 2026-05-18T00:00:00+08:00 (HTTP 200)"
  }
}
[2026-05-17 09:52:26] [Music] 第797章音乐生成失败
[2026-05-17 09:52:26] [Music] 开始处理第802章: 原点（续）
[2026-05-17 09:52:41] [Music] 配额不足: {
  "error": {
    "code": 1,
    "message": "API error: usage limit exceeded, daily usage limit reached for Token Plan Hs_max (100/100 used), resets at 2026-05-18T00:00:00+08:00 (HTTP 200)"
  }
}
[2026-05-17 09:52:41] [Music] 第798章音乐生成失败
[2026-05-17 09:52:41] [Music] 开始处理第803章: 原点（终）
[2026-05-17 09:52:46] [Music] 配额不足: {
  "error": {
    "code": 1,
    "message": "API error: usage limit exceeded, daily usage limit reached for Token Plan Hs_max (100/100 used), resets at 2026-05-18T00:00:00+08:00 (HTTP 200)"
  }
}
[2026-05-17 09:52:46] [Music] 第800章音乐生成失败
[2026-05-17 09:52:46] [Music] 开始处理第804章: 纸扎店的老头
[2026-05-17 09:52:47] [Music] 配额不足: {
  "error": {
    "code": 1,
    "message": "API error: usage limit exceeded, daily usage limit reached for Token Plan Hs_max (100/100 used), resets at 2026-05-18T00:00:00+08:00 (HTTP 200)"
  }
}
[2026-05-17 09:52:47] [Music] 第801章音乐生成失败
[2026-05-17 09:52:47] [Music] 开始处理第805章: 纸人还魂
[2026-05-17 09:52:47] [Music] 配额不足: {
  "error": {
    "code": 1,
    "message": "API error: usage limit exceeded, daily usage limit reached for Token Plan Hs_max (100/100 used), resets at 2026-05-18T00:00:00+08:00 (HTTP 200)"
  }
}
[2026-05-17 09:52:47] [Music] 第802章音乐生成失败
[2026-05-17 09:52:47] [Music] 开始处理第806章: 缝补
[2026-05-17 09:52:49] [Music] 配额不足: {
  "error": {
    "code": 1,
    "message": "API error: usage limit exceeded, daily usage limit reached for Token Plan Hs_max (100/100 used), resets at 2026-05-18T00:00:00+08:00 (HTTP 200)"
  }
}
[2026-05-17 09:52:49] [Music] 第799章音乐生成失败
[2026-05-17 09:52:49] [Music] 开始处理第807章: 纸人的眼睛
[2026-05-17 09:53:10] [Music] 配额不足: {
  "error": {
    "code": 1,
    "message": "API error: usage limit exceeded, daily usage limit reached for Token Plan Hs_max (100/100 used), resets at 2026-05-18T00:00:00+08:00 (HTTP 200)"
  }
}
[2026-05-17 09:53:10] [Music] 第806章音乐生成失败
[2026-05-17 09:53:10] [Music] 开始处理第808章: 苏小曼的异常
[2026-05-17 09:53:10] [Music] 配额不足: {
  "error": {
    "code": 1,
    "message": "API error: usage limit exceeded, daily usage limit reached for Token Plan Hs_max (100/100 used), resets at 2026-05-18T00:00:00+08:00 (HTTP 200)"
  }
}
[2026-05-17 09:53:10] [Music] 第804章音乐生成失败
[2026-05-17 09:53:10] [Music] 开始处理第809章: 模仿者
[2026-05-17 09:53:10] [Music] 配额不足: {
  "error": {
    "code": 1,
    "message": "API error: usage limit exceeded, daily usage limit reached for Token Plan Hs_max (100/100 used), resets at 2026-05-18T00:00:00+08:00 (HTTP 200)"
  }
}
[2026-05-17 09:53:10] [Music] 第805章音乐生成失败
[2026-05-17 09:53:10] [Music] 开始处理第810章: 真假苏小曼
[2026-05-17 09:53:13] [Music] 配额不足: {
  "error": {
    "code": 1,
    "message": "API error: usage limit exceeded, daily usage limit reached for Token Plan Hs_max (100/100 used), resets at 2026-05-18T00:00:00+08:00 (HTTP 200)"
  }
}
[2026-05-17 09:53:13] [Music] 第803章音乐生成失败
[2026-05-17 09:53:13] [Music] 开始处理第811章: 裂痕
[2026-05-17 09:53:25] [Music] 配额不足: {
  "error": {
    "code": 1,
    "message": "API error: usage limit exceeded, daily usage limit reached for Token Plan Hs_max (100/100 used), resets at 2026-05-18T00:00:00+08:00 (HTTP 200)"
  }
}
[2026-05-17 09:53:25] [Music] 第807章音乐生成失败
[2026-05-17 09:53:25] [Music] 开始处理第812章: 叛徒
[2026-05-17 09:53:29] [Music] 配额不足: {
  "error": {
    "code": 1,
    "message": "API error: usage limit exceeded, daily usage limit reached for Token Plan Hs_max (100/100 used), resets at 2026-05-18T00:00:00+08:00 (HTTP 200)"
  }
}
[2026-05-17 09:53:29] [Music] 第808章音乐生成失败
[2026-05-17 09:53:29] [Music] 开始处理第813章: 双重游戏
[2026-05-17 09:53:30] [Music] 配额不足: {
  "error": {
    "code": 1,
    "message": "API error: usage limit exceeded, daily usage limit reached for Token Plan Hs_max (100/100 used), resets at 2026-05-18T00:00:00+08:00 (HTTP 200)"
  }
}
[2026-05-17 09:53:30] [Music] 第809章音乐生成失败
[2026-05-17 09:53:30] [Music] 开始处理第814章: 白夜的邀请
[2026-05-17 09:53:35] [Music] 配额不足: {
  "error": {
    "code": 1,
    "message": "API error: usage limit exceeded, daily usage limit reached for Token Plan Hs_max (100/100 used), resets at 2026-05-18T00:00:00+08:00 (HTTP 200)"
  }
}
[2026-05-17 09:53:35] [Music] 第811章音乐生成失败
[2026-05-17 09:53:35] [Music] 开始处理第815章: 遗忘者
[2026-05-17 09:53:45] [Music] 配额不足: {
  "error": {
    "code": 1,
    "message": "API error: usage limit exceeded, daily usage limit reached for Token Plan Hs_max (100/100 used), resets at 2026-05-18T00:00:00+08:00 (HTTP 200)"
  }
}
[2026-05-17 09:53:45] [Music] 第810章音乐生成失败
[2026-05-17 09:53:45] [Music] 开始处理第816章: 原点之井
[2026-05-17 09:53:52] [Music] 配额不足: {
  "error": {
    "code": 1,
    "message": "API error: usage limit exceeded, daily usage limit reached for Token Plan Hs_max (100/100 used), resets at 2026-05-18T00:00:00+08:00 (HTTP 200)"
  }
}
[2026-05-17 09:53:52] [Music] 第812章音乐生成失败
[2026-05-17 09:53:52] [Music] 开始处理第817章: 白夜的崩溃
[2026-05-17 09:53:55] [Music] 配额不足: {
  "error": {
    "code": 1,
    "message": "API error: usage limit exceeded, daily usage limit reached for Token Plan Hs_max (100/100 used), resets at 2026-05-18T00:00:00+08:00 (HTTP 200)"
  }
}
[2026-05-17 09:53:55] [Music] 第813章音乐生成失败
[2026-05-17 09:53:55] [Music] 开始处理第818章: 并肩作战
[2026-05-17 09:54:05] [Music] 配额不足: {
  "error": {
    "code": 1,
    "message": "API error: usage limit exceeded, daily usage limit reached for Token Plan Hs_max (100/100 used), resets at 2026-05-18T00:00:00+08:00 (HTTP 200)"
  }
}
[2026-05-17 09:54:05] [Music] 第816章音乐生成失败
[2026-05-17 09:54:05] [Music] 开始处理第819章: 归途
[2026-05-17 09:54:08] [Music] 配额不足: {
  "error": {
    "code": 1,
    "message": "API error: usage limit exceeded, daily usage limit reached for Token Plan Hs_max (100/100 used), resets at 2026-05-18T00:00:00+08:00 (HTTP 200)"
  }
}
[2026-05-17 09:54:08] [Music] 第814章音乐生成失败
[2026-05-17 09:54:08] [Music] 开始处理第820章: 大山市的夜空
[2026-05-17 09:54:19] [Music] 配额不足: {
  "error": {
    "code": 1,
    "message": "API error: usage limit exceeded, daily usage limit reached for Token Plan Hs_max (100/100 used), resets at 2026-05-18T00:00:00+08:00 (HTTP 200)"
  }
}
[2026-05-17 09:54:19] [Music] 第818章音乐生成失败
[2026-05-17 09:54:19] [Music] 开始处理第821章: 黄泉尽头的门
[2026-05-17 09:54:31] [Music] 配额不足: {
  "error": {
    "code": 1,
    "message": "API error: usage limit exceeded, daily usage limit reached for Token Plan Hs_max (100/100 used), resets at 2026-05-18T00:00:00+08:00 (HTTP 200)"
  }
}
[2026-05-17 09:54:31] [Music] 第819章音乐生成失败
[2026-05-17 09:54:31] [Music] 开始处理第822章: 门上的眼睛
[2026-05-17 09:54:32] [Music] 配额不足: {
  "error": {
    "code": 1,
    "message": "API error: usage limit exceeded, daily usage limit reached for Token Plan Hs_max (100/100 used), resets at 2026-05-18T00:00:00+08:00 (HTTP 200)"
  }
}
[2026-05-17 09:54:32] [Music] 第817章音乐生成失败
[2026-05-17 09:54:32] [Music] 开始处理第823章: 夜行者的狩猎
[2026-05-17 09:54:37] [Music] 配额不足: {
  "error": {
    "code": 1,
    "message": "API error: usage limit exceeded, daily usage limit reached for Token Plan Hs_max (100/100 used), resets at 2026-05-18T00:00:00+08:00 (HTTP 200)"
  }
}
[2026-05-17 09:54:37] [Music] 第815章音乐生成失败
[2026-05-17 09:54:37] [Music] 开始处理第824章: 棋手的棋子
[2026-05-17 09:54:46] [Music] 配额不足: {
  "error": {
    "code": 1,
    "message": "API error: usage limit exceeded, daily usage limit reached for Token Plan Hs_max (100/100 used), resets at 2026-05-18T00:00:00+08:00 (HTTP 200)"
  }
}
[2026-05-17 09:54:46] [Music] 第820章音乐生成失败
[2026-05-17 09:54:46] [Music] 开始处理第825章: 萧然的背叛
[2026-05-17 09:54:56] [Music] 第821章歌词生成失败
[2026-05-17 09:54:56] [Music] 开始处理第826章: 鬼门前的绝境
[2026-05-17 09:55:01] [Music] 配额不足: {
  "error": {
    "code": 1,
    "message": "API error: usage limit exceeded, daily usage limit reached for Token Plan Hs_max (100/100 used), resets at 2026-05-18T00:00:00+08:00 (HTTP 200)"
  }
}
[2026-05-17 09:55:01] [Music] 第823章音乐生成失败
[2026-05-17 09:55:01] [Music] 开始处理第827章: 门内的世界
[2026-05-17 09:55:03] [Music] 配额不足: {
  "error": {
    "code": 1,
    "message": "API error: usage limit exceeded, daily usage limit reached for Token Plan Hs_max (100/100 used), resets at 2026-05-18T00:00:00+08:00 (HTTP 200)"
  }
}
[2026-05-17 09:55:03] [Music] 第822章音乐生成失败
[2026-05-17 09:55:03] [Music] 开始处理第828章: 外婆的真相
[2026-05-17 09:55:06] [Music] 配额不足: {
  "error": {
    "code": 1,
    "message": "API error: usage limit exceeded, daily usage limit reached for Token Plan Hs_max (100/100 used), resets at 2026-05-18T00:00:00+08:00 (HTTP 200)"
  }
}
[2026-05-17 09:55:06] [Music] 第824章音乐生成失败
[2026-05-17 09:55:06] [Music] 开始处理第829章: 终焉的存在
[2026-05-17 09:55:11] [Music] 配额不足: {
  "error": {
    "code": 1,
    "message": "API error: usage limit exceeded, daily usage limit reached for Token Plan Hs_max (100/100 used), resets at 2026-05-18T00:00:00+08:00 (HTTP 200)"
  }
}
[2026-05-17 09:55:11] [Music] 第825章音乐生成失败
[2026-05-17 09:55:11] [Music] 开始处理第830章: 赵鹤的真相
[2026-05-17 09:55:30] [Music] 配额不足: {
  "error": {
    "code": 1,
    "message": "API error: usage limit exceeded, daily usage limit reached for Token Plan Hs_max (100/100 used), resets at 2026-05-18T00:00:00+08:00 (HTTP 200)"
  }
}
[2026-05-17 09:55:30] [Music] 第827章音乐生成失败
[2026-05-17 09:55:30] [Music] 开始处理第831章: 裂痕的觉醒
[2026-05-17 09:55:30] [Music] 配额不足: {
  "error": {
    "code": 1,
    "message": "API error: usage limit exceeded, daily usage limit reached for Token Plan Hs_max (100/100 used), resets at 2026-05-18T00:00:00+08:00 (HTTP 200)"
  }
}
[2026-05-17 09:55:30] [Music] 第826章音乐生成失败
[2026-05-17 09:55:30] [Music] 开始处理第832章: 外婆的请求
[2026-05-17 09:55:30] [Music] 配额不足: {
  "error": {
    "code": 1,
    "message": "API error: usage limit exceeded, daily usage limit reached for Token Plan Hs_max (100/100 used), resets at 2026-05-18T00:00:00+08:00 (HTTP 200)"
  }
}
[2026-05-17 09:55:30] [Music] 第828章音乐生成失败
[2026-05-17 09:55:30] [Music] 开始处理第833章: 棋手的真正面目
[2026-05-17 09:55:39] [Music] 配额不足: {
  "error": {
    "code": 1,
    "message": "API error: usage limit exceeded, daily usage limit reached for Token Plan Hs_max (100/100 used), resets at 2026-05-18T00:00:00+08:00 (HTTP 200)"
  }
}
[2026-05-17 09:55:39] [Music] 第829章音乐生成失败
[2026-05-17 09:55:39] [Music] 开始处理第834章: 外婆的牺牲
[2026-05-17 09:55:39] [Music] 配额不足: {
  "error": {
    "code": 1,
    "message": "API error: usage limit exceeded, daily usage limit reached for Token Plan Hs_max (100/100 used), resets at 2026-05-18T00:00:00+08:00 (HTTP 200)"
  }
}
[2026-05-17 09:55:39] [Music] 第830章音乐生成失败
[2026-05-17 09:55:39] [Music] 开始处理第835章: 鬼门之外
[2026-05-17 09:55:39] [Music] text chat failed: {
  "error": {
    "code": 4,
    "message": "Rate limit or quota exceeded. Token Plan 主要面向个人开发者的交互式使用场景。当前请求量较高，请稍后重试；如需支持更高并发或自动化任务，建议升级至更高级别套餐，或使用按量付费 API。 (2062)",
    "hint": "Check usage: mmx qu
[2026-05-17 09:55:39] [Music] 第835章歌词生成失败
[2026-05-17 09:55:39] [Music] 开始处理第836章: 傀儡大军
[2026-05-17 09:55:39] [Music] text chat failed: {
  "error": {
    "code": 4,
    "message": "Rate limit or quota exceeded. Token Plan 主要面向个人开发者的交互式使用场景。当前请求量较高，请稍后重试；如需支持更高并发或自动化任务，建议升级至更高级别套餐，或使用按量付费 API。 (2062)",
    "hint": "Check usage: mmx qu
[2026-05-17 09:55:39] [Music] 第834章歌词生成失败
[2026-05-17 09:55:40] [Music] text chat failed: {
  "error": {
    "code": 4,
    "message": "Rate limit or quota exceeded. Token Plan 主要面向个人开发者的交互式使用场景。当前请求量较高，请稍后重试；如需支持更高并发或自动化任务，建议升级至更高级别套餐，或使用按量付费 API。 (2062)",
    "hint": "Check usage: mmx qu
[2026-05-17 09:55:40] [Music] 第836章歌词生成失败
[2026-05-17 09:55:54] [Music] 配额不足: {
  "error": {
    "code": 1,
    "message": "API error: usage limit exceeded, daily usage limit reached for Token Plan Hs_max (100/100 used), resets at 2026-05-18T00:00:00+08:00 (HTTP 200)"
  }
}
[2026-05-17 09:55:54] [Music] 第833章音乐生成失败
[2026-05-17 09:56:03] [Music] 配额不足: {
  "error": {
    "code": 1,
    "message": "API error: usage limit exceeded, daily usage limit reached for Token Plan Hs_max (100/100 used), resets at 2026-05-18T00:00:00+08:00 (HTTP 200)"
  }
}
[2026-05-17 09:56:03] [Music] 第831章音乐生成失败
[2026-05-17 09:56:10] [Music] 配额不足: {
  "error": {
    "code": 1,
    "message": "API error: usage limit exceeded, daily usage limit reached for Token Plan Hs_max (100/100 used), resets at 2026-05-18T00:00:00+08:00 (HTTP 200)"
  }
}
[2026-05-17 09:56:10] [Music] 第832章音乐生成失败
[2026-05-17 09:56:10] [Music] 批次完成: 成功 0, 失败 50
[2026-05-17 09:56:10] [Music] 累计: 成功 62, 失败 738
[2026-05-17 09:56:10] [Music] 批次间休息30秒...
[2026-05-17 09:56:40] [Music] 处理批次 17/40, 本批 50 章
[2026-05-17 09:56:40] [Music] 开始处理第838章: 绝望主妇降临
[2026-05-17 09:56:40] [Music] 开始处理第839章: 家的呼唤
[2026-05-17 09:56:40] [Music] 开始处理第841章: 黄泉渡口
[2026-05-17 09:56:40] [Music] 开始处理第840章: 萧然的抉择
[2026-05-17 09:57:03] [Music] 配额不足: {
  "error": {
    "code": 1,
    "message": "API error: usage limit exceeded, daily usage limit reached for Token Plan Hs_max (100/100 used), resets at 2026-05-18T00:00:00+08:00 (HTTP 200)"
  }
}
[2026-05-17 09:57:03] [Music] 第837章音乐生成失败
[2026-05-17 09:57:03] [Music] 开始处理第842章: 船资
[2026-05-17 09:57:06] [Music] 配额不足: {
  "error": {
    "code": 1,
    "message": "API error: usage limit exceeded, daily usage limit reached for Token Plan Hs_max (100/100 used), resets at 2026-05-18T00:00:00+08:00 (HTTP 200)"
  }
}
[2026-05-17 09:57:06] [Music] 第838章音乐生成失败
[2026-05-17 09:57:06] [Music] 开始处理第843章: 外婆的遗言
[2026-05-17 09:57:06] [Music] 配额不足: {
  "error": {
    "code": 1,
    "message": "API error: usage limit exceeded, daily usage limit reached for Token Plan Hs_max (100/100 used), resets at 2026-05-18T00:00:00+08:00 (HTTP 200)"
  }
}
[2026-05-17 09:57:06] [Music] 第839章音乐生成失败
[2026-05-17 09:57:06] [Music] 开始处理第844章: 民国往事
[2026-05-17 09:57:07] [Music] 配额不足: {
  "error": {
    "code": 1,
    "message": "API error: usage limit exceeded, daily usage limit reached for Token Plan Hs_max (100/100 used), resets at 2026-05-18T00:00:00+08:00 (HTTP 200)"
  }
}
[2026-05-17 09:57:07] [Music] 第840章音乐生成失败
[2026-05-17 09:57:07] [Music] 开始处理第845章: 河底古城
[2026-05-17 09:57:10] [Music] 配额不足: {
  "error": {
    "code": 1,
    "message": "API error: usage limit exceeded, daily usage limit reached for Token Plan Hs_max (100/100 used), resets at 2026-05-18T00:00:00+08:00 (HTTP 200)"
  }
}
[2026-05-17 09:57:10] [Music] 第841章音乐生成失败
[2026-05-17 09:57:10] [Music] 开始处理第846章: 问心之考
[2026-05-17 09:57:32] [Music] 配额不足: {
  "error": {
    "code": 1,
    "message": "API error: usage limit exceeded, daily usage limit reached for Token Plan Hs_max (100/100 used), resets at 2026-05-18T00:00:00+08:00 (HTTP 200)"
  }
}
[2026-05-17 09:57:32] [Music] 第842章音乐生成失败
[2026-05-17 09:57:32] [Music] 开始处理第847章: 母亲的面容
[2026-05-17 09:57:33] [Music] 配额不足: {
  "error": {
    "code": 1,
    "message": "API error: usage limit exceeded, daily usage limit reached for Token Plan Hs_max (100/100 used), resets at 2026-05-18T00:00:00+08:00 (HTTP 200)"
  }
}
[2026-05-17 09:57:33] [Music] 第845章音乐生成失败
[2026-05-17 09:57:33] [Music] 开始处理第848章: 第一把钥匙
[2026-05-17 09:57:33] [Music] 配额不足: {
  "error": {
    "code": 1,
    "message": "API error: usage limit exceeded, daily usage limit reached for Token Plan Hs_max (100/100 used), resets at 2026-05-18T00:00:00+08:00 (HTTP 200)"
  }
}
[2026-05-17 09:57:33] [Music] 第843章音乐生成失败
[2026-05-17 09:57:33] [Music] 开始处理第849章: 镜中真相
[2026-05-17 09:57:39] [Music] 配额不足: {
  "error": {
    "code": 1,
    "message": "API error: usage limit exceeded, daily usage limit reached for Token Plan Hs_max (100/100 used), resets at 2026-05-18T00:00:00+08:00 (HTTP 200)"
  }
}
[2026-05-17 09:57:39] [Music] 第844章音乐生成失败
[2026-05-17 09:57:39] [Music] 开始处理第850章: 熟悉的陌生人
[2026-05-17 09:57:42] [Music] 配额不足: {
  "error": {
    "code": 1,
    "message": "API error: usage limit exceeded, daily usage limit reached for Token Plan Hs_max (100/100 used), resets at 2026-05-18T00:00:00+08:00 (HTTP 200)"
  }
}
[2026-05-17 09:57:42] [Music] 第846章音乐生成失败
[2026-05-17 09:57:42] [Music] 开始处理第851章: 棋手的邀约
[2026-05-17 09:57:58] [Music] 第849章歌词生成失败
[2026-05-17 09:57:58] [Music] 开始处理第852章: 母亲的眼泪
[2026-05-17 09:58:00] [Music] 配额不足: {
  "error": {
    "code": 1,
    "message": "API error: usage limit exceeded, daily usage limit reached for Token Plan Hs_max (100/100 used), resets at 2026-05-18T00:00:00+08:00 (HTTP 200)"
  }
}
[2026-05-17 09:58:00] [Music] 第847章音乐生成失败
[2026-05-17 09:58:00] [Music] 开始处理第853章: 轮回的枷锁
[2026-05-17 09:58:02] [Music] 第848章歌词生成失败
[2026-05-17 09:58:02] [Music] 开始处理第854章: 萧然的危机
[2026-05-17 09:58:08] [Music] 配额不足: {
  "error": {
    "code": 1,
    "message": "API error: usage limit exceeded, daily usage limit reached for Token Plan Hs_max (100/100 used), resets at 2026-05-18T00:00:00+08:00 (HTTP 200)"
  }
}
[2026-05-17 09:58:08] [Music] 第851章音乐生成失败
[2026-05-17 09:58:08] [Music] 开始处理第855章: 夜行会的覆灭
[2026-05-17 09:58:18] [Music] 配额不足: {
  "error": {
    "code": 1,
    "message": "API error: usage limit exceeded, daily usage limit reached for Token Plan Hs_max (100/100 used), resets at 2026-05-18T00:00:00+08:00 (HTTP 200)"
  }
}
[2026-05-17 09:58:18] [Music] 第850章音乐生成失败
[2026-05-17 09:58:18] [Music] 开始处理第856章: 萧然的真相
[2026-05-17 09:58:20] [Music] 配额不足: {
  "error": {
    "code": 1,
    "message": "API error: usage limit exceeded, daily usage limit reached for Token Plan Hs_max (100/100 used), resets at 2026-05-18T00:00:00+08:00 (HTTP 200)"
  }
}
[2026-05-17 09:58:20] [Music] 第852章音乐生成失败
[2026-05-17 09:58:20] [Music] 开始处理第857章: 终焉前兆
[2026-05-17 09:58:31] [Music] 配额不足: {
  "error": {
    "code": 1,
    "message": "API error: usage limit exceeded, daily usage limit reached for Token Plan Hs_max (100/100 used), resets at 2026-05-18T00:00:00+08:00 (HTTP 200)"
  }
}
[2026-05-17 09:58:31] [Music] 第854章音乐生成失败
[2026-05-17 09:58:31] [Music] 开始处理第858章: 鬼门之前
[2026-05-17 09:58:32] [Music] 配额不足: {
  "error": {
    "code": 1,
    "message": "API error: usage limit exceeded, daily usage limit reached for Token Plan Hs_max (100/100 used), resets at 2026-05-18T00:00:00+08:00 (HTTP 200)"
  }
}
[2026-05-17 09:58:32] [Music] 第853章音乐生成失败
[2026-05-17 09:58:32] [Music] 开始处理第859章: 萧然的遗言
[2026-05-17 09:58:32] [Music] 配额不足: {
  "error": {
    "code": 1,
    "message": "API error: usage limit exceeded, daily usage limit reached for Token Plan Hs_max (100/100 used), resets at 2026-05-18T00:00:00+08:00 (HTTP 200)"
  }
}
[2026-05-17 09:58:32] [Music] 第855章音乐生成失败
[2026-05-17 09:58:32] [Music] 开始处理第860章: 终焉降临
[2026-05-17 09:58:47] [Music] 配额不足: {
  "error": {
    "code": 1,
    "message": "API error: usage limit exceeded, daily usage limit reached for Token Plan Hs_max (100/100 used), resets at 2026-05-18T00:00:00+08:00 (HTTP 200)"
  }
}
[2026-05-17 09:58:47] [Music] 第856章音乐生成失败
[2026-05-17 09:58:47] [Music] 开始处理第861章: 终焉之压
[2026-05-17 09:58:56] [Music] 配额不足: {
  "error": {
    "code": 1,
    "message": "API error: usage limit exceeded, daily usage limit reached for Token Plan Hs_max (100/100 used), resets at 2026-05-18T00:00:00+08:00 (HTTP 200)"
  }
}
[2026-05-17 09:58:56] [Music] 第860章音乐生成失败
[2026-05-17 09:58:56] [Music] 开始处理第862章: 无规律时代
[2026-05-17 09:58:57] [Music] 配额不足: {
  "error": {
    "code": 1,
    "message": "API error: usage limit exceeded, daily usage limit reached for Token Plan Hs_max (100/100 used), resets at 2026-05-18T00:00:00+08:00 (HTTP 200)"
  }
}
[2026-05-17 09:58:57] [Music] 第857章音乐生成失败
[2026-05-17 09:58:57] [Music] 开始处理第863章: 门内之人
[2026-05-17 09:58:57] [Music] 配额不足: {
  "error": {
    "code": 1,
    "message": "API error: usage limit exceeded, daily usage limit reached for Token Plan Hs_max (100/100 used), resets at 2026-05-18T00:00:00+08:00 (HTTP 200)"
  }
}
[2026-05-17 09:58:57] [Music] 第858章音乐生成失败
[2026-05-17 09:58:57] [Music] 开始处理第864章: 三个问题
[2026-05-17 09:58:58] [Music] 配额不足: {
  "error": {
    "code": 1,
    "message": "API error: usage limit exceeded, daily usage limit reached for Token Plan Hs_max (100/100 used), resets at 2026-05-18T00:00:00+08:00 (HTTP 200)"
  }
}
[2026-05-17 09:58:58] [Music] 第859章音乐生成失败
[2026-05-17 09:58:58] [Music] 开始处理第865章: 鬼的意志
[2026-05-17 09:59:11] [Music] 配额不足: {
  "error": {
    "code": 1,
    "message": "API error: usage limit exceeded, daily usage limit reached for Token Plan Hs_max (100/100 used), resets at 2026-05-18T00:00:00+08:00 (HTTP 200)"
  }
}
[2026-05-17 09:59:11] [Music] 第861章音乐生成失败
[2026-05-17 09:59:11] [Music] 开始处理第866章: 棋手的裂痕
[2026-05-17 09:59:20] [Music] 配额不足: {
  "error": {
    "code": 1,
    "message": "API error: usage limit exceeded, daily usage limit reached for Token Plan Hs_max (100/100 used), resets at 2026-05-18T00:00:00+08:00 (HTTP 200)"
  }
}
[2026-05-17 09:59:20] [Music] 第864章音乐生成失败
[2026-05-17 09:59:20] [Music] 开始处理第867章: 外婆的遗产
[2026-05-17 09:59:23] [Music] 配额不足: {
  "error": {
    "code": 1,
    "message": "API error: usage limit exceeded, daily usage limit reached for Token Plan Hs_max (100/100 used), resets at 2026-05-18T00:00:00+08:00 (HTTP 200)"
  }
}
[2026-05-17 09:59:23] [Music] 第862章音乐生成失败
[2026-05-17 09:59:23] [Music] 开始处理第868章: 守墓人的历史
[2026-05-17 09:59:24] [Music] 配额不足: {
  "error": {
    "code": 1,
    "message": "API error: usage limit exceeded, daily usage limit reached for Token Plan Hs_max (100/100 used), resets at 2026-05-18T00:00:00+08:00 (HTTP 200)"
  }
}
[2026-05-17 09:59:24] [Music] 第863章音乐生成失败
[2026-05-17 09:59:24] [Music] 开始处理第869章: 最后一人
[2026-05-17 09:59:37] [Music] 配额不足: {
  "error": {
    "code": 1,
    "message": "API error: usage limit exceeded, daily usage limit reached for Token Plan Hs_max (100/100 used), resets at 2026-05-18T00:00:00+08:00 (HTTP 200)"
  }
}
[2026-05-17 09:59:37] [Music] 第866章音乐生成失败
[2026-05-17 09:59:37] [Music] 开始处理第870章: 门内的怪物
[2026-05-17 09:59:39] [Music] 配额不足: {
  "error": {
    "code": 1,
    "message": "API error: usage limit exceeded, daily usage limit reached for Token Plan Hs_max (100/100 used), resets at 2026-05-18T00:00:00+08:00 (HTTP 200)"
  }
}
[2026-05-17 09:59:39] [Music] 第865章音乐生成失败
[2026-05-17 09:59:39] [Music] 开始处理第871章: 极限穿越
[2026-05-17 09:59:44] [Music] 配额不足: {
  "error": {
    "code": 1,
    "message": "API error: usage limit exceeded, daily usage limit reached for Token Plan Hs_max (100/100 used), resets at 2026-05-18T00:00:00+08:00 (HTTP 200)"
  }
}
[2026-05-17 09:59:44] [Music] 第867章音乐生成失败
[2026-05-17 09:59:44] [Music] 开始处理第872章: 终极真相
[2026-05-17 09:59:45] [Music] 配额不足: {
  "error": {
    "code": 1,
    "message": "API error: usage limit exceeded, daily usage limit reached for Token Plan Hs_max (100/100 used), resets at 2026-05-18T00:00:00+08:00 (HTTP 200)"
  }
}
[2026-05-17 09:59:45] [Music] 第868章音乐生成失败
[2026-05-17 09:59:45] [Music] 开始处理第873章: 对话终焉
[2026-05-17 10:00:00] [Music] 配额不足: {
  "error": {
    "code": 1,
    "message": "API error: usage limit exceeded, daily usage limit reached for Token Plan Hs_max (100/100 used), resets at 2026-05-18T00:00:00+08:00 (HTTP 200)"
  }
}
[2026-05-17 10:00:00] [Music] 第869章音乐生成失败
[2026-05-17 10:00:00] [Music] 开始处理第874章: 棋手的真相
[2026-05-17 10:00:05] [Music] 配额不足: {
  "error": {
    "code": 1,
    "message": "API error: usage limit exceeded, daily usage limit reached for Token Plan Hs_max (100/100 used), resets at 2026-05-18T00:00:00+08:00 (HTTP 200)"
  }
}
[2026-05-17 10:00:05] [Music] 第870章音乐生成失败
[2026-05-17 10:00:05] [Music] 开始处理第875章: 记忆的重量
[2026-05-17 10:00:15] [Music] 配额不足: {
  "error": {
    "code": 1,
    "message": "API error: usage limit exceeded, daily usage limit reached for Token Plan Hs_max (100/100 used), resets at 2026-05-18T00:00:00+08:00 (HTTP 200)"
  }
}
[2026-05-17 10:00:15] [Music] 第871章音乐生成失败
[2026-05-17 10:00:15] [Music] 开始处理第876章: 信号的尽头
[2026-05-17 10:00:22] [Music] 配额不足: {
  "error": {
    "code": 1,
    "message": "API error: usage limit exceeded, daily usage limit reached for Token Plan Hs_max (100/100 used), resets at 2026-05-18T00:00:00+08:00 (HTTP 200)"
  }
}
[2026-05-17 10:00:22] [Music] 第874章音乐生成失败
[2026-05-17 10:00:22] [Music] 开始处理第877章: 回声定位
[2026-05-17 10:00:22] [Music] 配额不足: {
  "error": {
    "code": 1,
    "message": "API error: usage limit exceeded, daily usage limit reached for Token Plan Hs_max (100/100 used), resets at 2026-05-18T00:00:00+08:00 (HTTP 200)"
  }
}
[2026-05-17 10:00:22] [Music] 第872章音乐生成失败
[2026-05-17 10:00:22] [Music] 开始处理第878章: 中央医院的邀请函
[2026-05-17 10:00:25] [Music] 配额不足: {
  "error": {
    "code": 1,
    "message": "API error: usage limit exceeded, daily usage limit reached for Token Plan Hs_max (100/100 used), resets at 2026-05-18T00:00:00+08:00 (HTTP 200)"
  }
}
[2026-05-17 10:00:25] [Music] 第873章音乐生成失败
[2026-05-17 10:00:25] [Music] 开始处理第879章: 太平间的记忆
[2026-05-17 10:00:33] [Music] 配额不足: {
  "error": {
    "code": 1,
    "message": "API error: usage limit exceeded, daily usage limit reached for Token Plan Hs_max (100/100 used), resets at 2026-05-18T00:00:00+08:00 (HTTP 200)"
  }
}
[2026-05-17 10:00:33] [Music] 第875章音乐生成失败
[2026-05-17 10:00:33] [Music] 开始处理第880章: 缝合的真相
[2026-05-17 10:00:45] [Music] 配额不足: {
  "error": {
    "code": 1,
    "message": "API error: usage limit exceeded, daily usage limit reached for Token Plan Hs_max (100/100 used), resets at 2026-05-18T00:00:00+08:00 (HTTP 200)"
  }
}
[2026-05-17 10:00:45] [Music] 第876章音乐生成失败
[2026-05-17 10:00:45] [Music] 开始处理第881章: 无声的求助
[2026-05-17 10:00:56] [Music] 配额不足: {
  "error": {
    "code": 1,
    "message": "API error: usage limit exceeded, daily usage limit reached for Token Plan Hs_max (100/100 used), resets at 2026-05-18T00:00:00+08:00 (HTTP 200)"
  }
}
[2026-05-17 10:00:56] [Music] 第878章音乐生成失败
[2026-05-17 10:00:56] [Music] 开始处理第882章: 缝合的补救
[2026-05-17 10:01:00] [Music] 配额不足: {
  "error": {
    "code": 1,
    "message": "API error: usage limit exceeded, daily usage limit reached for Token Plan Hs_max (100/100 used), resets at 2026-05-18T00:00:00+08:00 (HTTP 200)"
  }
}
[2026-05-17 10:01:00] [Music] 第877章音乐生成失败
[2026-05-17 10:01:00] [Music] 开始处理第883章: 心脏的位置
[2026-05-17 10:01:00] [Music] 配额不足: {
  "error": {
    "code": 1,
    "message": "API error: usage limit exceeded, daily usage limit reached for Token Plan Hs_max (100/100 used), resets at 2026-05-18T00:00:00+08:00 (HTTP 200)"
  }
}
[2026-05-17 10:01:00] [Music] 第879章音乐生成失败
[2026-05-17 10:01:00] [Music] 开始处理第884章: 三十年前的协议
[2026-05-17 10:01:11] [Music] 配额不足: {
  "error": {
    "code": 1,
    "message": "API error: usage limit exceeded, daily usage limit reached for Token Plan Hs_max (100/100 used), resets at 2026-05-18T00:00:00+08:00 (HTTP 200)"
  }
}
[2026-05-17 10:01:11] [Music] 第880章音乐生成失败
[2026-05-17 10:01:11] [Music] 开始处理第885章: 预言的终结
[2026-05-17 10:01:25] [Music] 配额不足: {
  "error": {
    "code": 1,
    "message": "API error: usage limit exceeded, daily usage limit reached for Token Plan Hs_max (100/100 used), resets at 2026-05-18T00:00:00+08:00 (HTTP 200)"
  }
}
[2026-05-17 10:01:25] [Music] 第883章音乐生成失败
[2026-05-17 10:01:25] [Music] 开始处理第886章: 新的预言
[2026-05-17 10:01:28] [Music] 配额不足: {
  "error": {
    "code": 1,
    "message": "API error: usage limit exceeded, daily usage limit reached for Token Plan Hs_max (100/100 used), resets at 2026-05-18T00:00:00+08:00 (HTTP 200)"
  }
}
[2026-05-17 10:01:28] [Music] 第884章音乐生成失败
[2026-05-17 10:01:35] [Music] 第882章歌词生成失败
[2026-05-17 10:01:36] [Music] 配额不足: {
  "error": {
    "code": 1,
    "message": "API error: usage limit exceeded, daily usage limit reached for Token Plan Hs_max (100/100 used), resets at 2026-05-18T00:00:00+08:00 (HTTP 200)"
  }
}
[2026-05-17 10:01:36] [Music] 第881章音乐生成失败
[2026-05-17 10:01:42] [Music] 配额不足: {
  "error": {
    "code": 1,
    "message": "API error: usage limit exceeded, daily usage limit reached for Token Plan Hs_max (100/100 used), resets at 2026-05-18T00:00:00+08:00 (HTTP 200)"
  }
}
[2026-05-17 10:01:42] [Music] 第885章音乐生成失败
[2026-05-17 10:01:49] [Music] 配额不足: {
  "error": {
    "code": 1,
    "message": "API error: usage limit exceeded, daily usage limit reached for Token Plan Hs_max (100/100 used), resets at 2026-05-18T00:00:00+08:00 (HTTP 200)"
  }
}
[2026-05-17 10:01:49] [Music] 第886章音乐生成失败
[2026-05-17 10:01:49] [Music] 批次完成: 成功 0, 失败 50
[2026-05-17 10:01:49] [Music] 累计: 成功 62, 失败 788
[2026-05-17 10:01:49] [Music] 批次间休息30秒...
[2026-05-17 10:02:19] [Music] 处理批次 18/40, 本批 50 章
[2026-05-17 10:02:19] [Music] 开始处理第887章: 双线作战
[2026-05-17 10:02:19] [Music] 开始处理第889章: 黄泉路上的同行者
[2026-05-17 10:02:19] [Music] 开始处理第888章: 黄泉列车晚点
[2026-05-17 10:02:19] [Music] 开始处理第890章: 无声的代价
[2026-05-17 10:02:19] [Music] 开始处理第891章: 云海市的黄昏
[2026-05-17 10:02:46] [Music] 配额不足: {
  "error": {
    "code": 1,
    "message": "API error: usage limit exceeded, daily usage limit reached for Token Plan Hs_max (100/100 used), resets at 2026-05-18T00:00:00+08:00 (HTTP 200)"
  }
}
[2026-05-17 10:02:46] [Music] 第890章音乐生成失败
[2026-05-17 10:02:46] [Music] 开始处理第892章: 苏醒的守门人
[2026-05-17 10:02:46] [Music] 配额不足: {
  "error": {
    "code": 1,
    "message": "API error: usage limit exceeded, daily usage limit reached for Token Plan Hs_max (100/100 used), resets at 2026-05-18T00:00:00+08:00 (HTTP 200)"
  }
}
[2026-05-17 10:02:46] [Music] 第891章音乐生成失败
[2026-05-17 10:02:46] [Music] 开始处理第893章: 顾清雨的问题
[2026-05-17 10:02:48] [Music] 配额不足: {
  "error": {
    "code": 1,
    "message": "API error: usage limit exceeded, daily usage limit reached for Token Plan Hs_max (100/100 used), resets at 2026-05-18T00:00:00+08:00 (HTTP 200)"
  }
}
[2026-05-17 10:02:48] [Music] 第889章音乐生成失败
[2026-05-17 10:02:48] [Music] 开始处理第894章: 云海市第一夜
[2026-05-17 10:02:48] [Music] 配额不足: {
  "error": {
    "code": 1,
    "message": "API error: usage limit exceeded, daily usage limit reached for Token Plan Hs_max (100/100 used), resets at 2026-05-18T00:00:00+08:00 (HTTP 200)"
  }
}
[2026-05-17 10:02:48] [Music] 第888章音乐生成失败
[2026-05-17 10:02:48] [Music] 开始处理第895章: 纸人的眼泪
[2026-05-17 10:03:03] [Music] 配额不足: {
  "error": {
    "code": 1,
    "message": "API error: usage limit exceeded, daily usage limit reached for Token Plan Hs_max (100/100 used), resets at 2026-05-18T00:00:00+08:00 (HTTP 200)"
  }
}
[2026-05-17 10:03:03] [Music] 第887章音乐生成失败
[2026-05-17 10:03:03] [Music] 开始处理第896章: 无声的战斗
[2026-05-17 10:03:13] [Music] 配额不足: {
  "error": {
    "code": 1,
    "message": "API error: usage limit exceeded, daily usage limit reached for Token Plan Hs_max (100/100 used), resets at 2026-05-18T00:00:00+08:00 (HTTP 200)"
  }
}
[2026-05-17 10:03:13] [Music] 第892章音乐生成失败
[2026-05-17 10:03:13] [Music] 开始处理第897章: 云海市的空城
[2026-05-17 10:03:15] [Music] 配额不足: {
  "error": {
    "code": 1,
    "message": "API error: usage limit exceeded, daily usage limit reached for Token Plan Hs_max (100/100 used), resets at 2026-05-18T00:00:00+08:00 (HTTP 200)"
  }
}
[2026-05-17 10:03:15] [Music] 第894章音乐生成失败
[2026-05-17 10:03:15] [Music] 开始处理第898章: 灵异潮·序章
[2026-05-17 10:03:16] [Music] 配额不足: {
  "error": {
    "code": 1,
    "message": "API error: usage limit exceeded, daily usage limit reached for Token Plan Hs_max (100/100 used), resets at 2026-05-18T00:00:00+08:00 (HTTP 200)"
  }
}
[2026-05-17 10:03:16] [Music] 第893章音乐生成失败
[2026-05-17 10:03:16] [Music] 开始处理第899章: 钟无艳的最后一战
[2026-05-17 10:03:18] [Music] 配额不足: {
  "error": {
    "code": 1,
    "message": "API error: usage limit exceeded, daily usage limit reached for Token Plan Hs_max (100/100 used), resets at 2026-05-18T00:00:00+08:00 (HTTP 200)"
  }
}
[2026-05-17 10:03:18] [Music] 第895章音乐生成失败
[2026-05-17 10:03:18] [Music] 开始处理第900章: 钟声的余韵
[2026-05-17 10:03:32] [Music] 配额不足: {
  "error": {
    "code": 1,
    "message": "API error: usage limit exceeded, daily usage limit reached for Token Plan Hs_max (100/100 used), resets at 2026-05-18T00:00:00+08:00 (HTTP 200)"
  }
}
[2026-05-17 10:03:32] [Music] 第896章音乐生成失败
[2026-05-17 10:03:32] [Music] 开始处理第901章: 最后的信号
[2026-05-17 10:03:39] [Music] 配额不足: {
  "error": {
    "code": 1,
    "message": "API error: usage limit exceeded, daily usage limit reached for Token Plan Hs_max (100/100 used), resets at 2026-05-18T00:00:00+08:00 (HTTP 200)"
  }
}
[2026-05-17 10:03:39] [Music] 第899章音乐生成失败
[2026-05-17 10:03:39] [Music] 开始处理第902章: 封印·崩解
[2026-05-17 10:03:41] [Music] 配额不足: {
  "error": {
    "code": 1,
    "message": "API error: usage limit exceeded, daily usage limit reached for Token Plan Hs_max (100/100 used), resets at 2026-05-18T00:00:00+08:00 (HTTP 200)"
  }
}
[2026-05-17 10:03:41] [Music] 第897章音乐生成失败
[2026-05-17 10:03:41] [Music] 开始处理第903章: 倒带·五秒
[2026-05-17 10:03:43] [Music] 配额不足: {
  "error": {
    "code": 1,
    "message": "API error: usage limit exceeded, daily usage limit reached for Token Plan Hs_max (100/100 used), resets at 2026-05-18T00:00:00+08:00 (HTTP 200)"
  }
}
[2026-05-17 10:03:43] [Music] 第898章音乐生成失败
[2026-05-17 10:03:43] [Music] 开始处理第904章: 背叛者的面具
[2026-05-17 10:03:43] [Music] 配额不足: {
  "error": {
    "code": 1,
    "message": "API error: usage limit exceeded, daily usage limit reached for Token Plan Hs_max (100/100 used), resets at 2026-05-18T00:00:00+08:00 (HTTP 200)"
  }
}
[2026-05-17 10:03:43] [Music] 第900章音乐生成失败
[2026-05-17 10:03:43] [Music] 开始处理第905章: 黄泉路·入口
[2026-05-17 10:03:56] [Music] 配额不足: {
  "error": {
    "code": 1,
    "message": "API error: usage limit exceeded, daily usage limit reached for Token Plan Hs_max (100/100 used), resets at 2026-05-18T00:00:00+08:00 (HTTP 200)"
  }
}
[2026-05-17 10:03:56] [Music] 第901章音乐生成失败
[2026-05-17 10:03:56] [Music] 开始处理第906章: 纸人引路
[2026-05-17 10:04:08] [Music] 配额不足: {
  "error": {
    "code": 1,
    "message": "API error: usage limit exceeded, daily usage limit reached for Token Plan Hs_max (100/100 used), resets at 2026-05-18T00:00:00+08:00 (HTTP 200)"
  }
}
[2026-05-17 10:04:08] [Music] 第902章音乐生成失败
[2026-05-17 10:04:08] [Music] 开始处理第907章: 纸扎店·禁忌
[2026-05-17 10:04:14] [Music] 配额不足: {
  "error": {
    "code": 1,
    "message": "API error: usage limit exceeded, daily usage limit reached for Token Plan Hs_max (100/100 used), resets at 2026-05-18T00:00:00+08:00 (HTTP 200)"
  }
}
[2026-05-17 10:04:14] [Music] 第905章音乐生成失败
[2026-05-17 10:04:14] [Music] 开始处理第908章: 交易与代价
[2026-05-17 10:04:20] [Music] 配额不足: {
  "error": {
    "code": 1,
    "message": "API error: usage limit exceeded, daily usage limit reached for Token Plan Hs_max (100/100 used), resets at 2026-05-18T00:00:00+08:00 (HTTP 200)"
  }
}
[2026-05-17 10:04:20] [Music] 第904章音乐生成失败
[2026-05-17 10:04:20] [Music] 开始处理第909章: 云海市·死城
[2026-05-17 10:04:25] [Music] 配额不足: {
  "error": {
    "code": 1,
    "message": "API error: usage limit exceeded, daily usage limit reached for Token Plan Hs_max (100/100 used), resets at 2026-05-18T00:00:00+08:00 (HTTP 200)"
  }
}
[2026-05-17 10:04:25] [Music] 第906章音乐生成失败
[2026-05-17 10:04:25] [Music] 开始处理第910章: 老陈头的预言
[2026-05-17 10:04:36] [Music] 配额不足: {
  "error": {
    "code": 1,
    "message": "API error: usage limit exceeded, daily usage limit reached for Token Plan Hs_max (100/100 used), resets at 2026-05-18T00:00:00+08:00 (HTTP 200)"
  }
}
[2026-05-17 10:04:36] [Music] 第903章音乐生成失败
[2026-05-17 10:04:36] [Music] 开始处理第911章: 陈医生的避难所
[2026-05-17 10:04:38] [Music] 配额不足: {
  "error": {
    "code": 1,
    "message": "API error: usage limit exceeded, daily usage limit reached for Token Plan Hs_max (100/100 used), resets at 2026-05-18T00:00:00+08:00 (HTTP 200)"
  }
}
[2026-05-17 10:04:38] [Music] 第907章音乐生成失败
[2026-05-17 10:04:38] [Music] 开始处理第912章: 沉默者的记忆
[2026-05-17 10:04:59] [Music] 配额不足: {
  "error": {
    "code": 1,
    "message": "API error: usage limit exceeded, daily usage limit reached for Token Plan Hs_max (100/100 used), resets at 2026-05-18T00:00:00+08:00 (HTTP 200)"
  }
}
[2026-05-17 10:04:59] [Music] 第908章音乐生成失败
[2026-05-17 10:04:59] [Music] 开始处理第913章: 复苏者
[2026-05-17 10:05:01] [Music] 配额不足: {
  "error": {
    "code": 1,
    "message": "API error: usage limit exceeded, daily usage limit reached for Token Plan Hs_max (100/100 used), resets at 2026-05-18T00:00:00+08:00 (HTTP 200)"
  }
}
[2026-05-17 10:05:01] [Music] 第910章音乐生成失败
[2026-05-17 10:05:01] [Music] 开始处理第914章: 寄生鬼·破茧
[2026-05-17 10:05:01] [Music] 配额不足: {
  "error": {
    "code": 1,
    "message": "API error: usage limit exceeded, daily usage limit reached for Token Plan Hs_max (100/100 used), resets at 2026-05-18T00:00:00+08:00 (HTTP 200)"
  }
}
[2026-05-17 10:05:01] [Music] 第911章音乐生成失败
[2026-05-17 10:05:01] [Music] 开始处理第915章: 守夜人·残党
[2026-05-17 10:05:03] [Music] 配额不足: {
  "error": {
    "code": 1,
    "message": "API error: usage limit exceeded, daily usage limit reached for Token Plan Hs_max (100/100 used), resets at 2026-05-18T00:00:00+08:00 (HTTP 200)"
  }
}
[2026-05-17 10:05:03] [Music] 第912章音乐生成失败
[2026-05-17 10:05:03] [Music] 开始处理第916章: 镜中鬼·觉醒
[2026-05-17 10:05:24] [Music] 配额不足: {
  "error": {
    "code": 1,
    "message": "API error: usage limit exceeded, daily usage limit reached for Token Plan Hs_max (100/100 used), resets at 2026-05-18T00:00:00+08:00 (HTTP 200)"
  }
}
[2026-05-17 10:05:24] [Music] 第913章音乐生成失败
[2026-05-17 10:05:24] [Music] 开始处理第917章: 镜面法则
[2026-05-17 10:05:31] [Music] 配额不足: {
  "error": {
    "code": 1,
    "message": "API error: usage limit exceeded, daily usage limit reached for Token Plan Hs_max (100/100 used), resets at 2026-05-18T00:00:00+08:00 (HTTP 200)"
  }
}
[2026-05-17 10:05:31] [Music] 第914章音乐生成失败
[2026-05-17 10:05:31] [Music] 开始处理第918章: 镜中之我
[2026-05-17 10:05:41] [Music] 配额不足: {
  "error": {
    "code": 1,
    "message": "API error: usage limit exceeded, daily usage limit reached for Token Plan Hs_max (100/100 used), resets at 2026-05-18T00:00:00+08:00 (HTTP 200)"
  }
}
[2026-05-17 10:05:41] [Music] 第916章音乐生成失败
[2026-05-17 10:05:41] [Music] 开始处理第919章: 替身·代价转移
[2026-05-17 10:05:42] [Music] 第915章歌词生成失败
[2026-05-17 10:05:42] [Music] 开始处理第920章: 钟无艳·爆发
[2026-05-17 10:05:46] [Music] 配额不足: {
  "error": {
    "code": 1,
    "message": "API error: usage limit exceeded, daily usage limit reached for Token Plan Hs_max (100/100 used), resets at 2026-05-18T00:00:00+08:00 (HTTP 200)"
  }
}
[2026-05-17 10:05:46] [Music] 第917章音乐生成失败
[2026-05-17 10:05:46] [Music] 开始处理第921章: 镜碎·域灭
[2026-05-17 10:06:08] [Music] 配额不足: {
  "error": {
    "code": 1,
    "message": "API error: usage limit exceeded, daily usage limit reached for Token Plan Hs_max (100/100 used), resets at 2026-05-18T00:00:00+08:00 (HTTP 200)"
  }
}
[2026-05-17 10:06:08] [Music] 第918章音乐生成失败
[2026-05-17 10:06:08] [Music] 开始处理第922章: 棋手·现身
[2026-05-17 10:06:08] [Music] 配额不足: {
  "error": {
    "code": 1,
    "message": "API error: usage limit exceeded, daily usage limit reached for Token Plan Hs_max (100/100 used), resets at 2026-05-18T00:00:00+08:00 (HTTP 200)"
  }
}
[2026-05-17 10:06:08] [Music] 第909章音乐生成失败
[2026-05-17 10:06:08] [Music] 开始处理第923章: 真相的一角
[2026-05-17 10:06:09] [Music] 配额不足: {
  "error": {
    "code": 1,
    "message": "API error: usage limit exceeded, daily usage limit reached for Token Plan Hs_max (100/100 used), resets at 2026-05-18T00:00:00+08:00 (HTTP 200)"
  }
}
[2026-05-17 10:06:09] [Music] 第921章音乐生成失败
[2026-05-17 10:06:09] [Music] 开始处理第924章: 选择与代价
[2026-05-17 10:06:11] [Music] 配额不足: {
  "error": {
    "code": 1,
    "message": "API error: usage limit exceeded, daily usage limit reached for Token Plan Hs_max (100/100 used), resets at 2026-05-18T00:00:00+08:00 (HTTP 200)"
  }
}
[2026-05-17 10:06:11] [Music] 第919章音乐生成失败
[2026-05-17 10:06:11] [Music] 开始处理第925章: 第三条路
[2026-05-17 10:06:20] [Music] 配额不足: {
  "error": {
    "code": 1,
    "message": "API error: usage limit exceeded, daily usage limit reached for Token Plan Hs_max (100/100 used), resets at 2026-05-18T00:00:00+08:00 (HTTP 200)"
  }
}
[2026-05-17 10:06:20] [Music] 第920章音乐生成失败
[2026-05-17 10:06:20] [Music] 开始处理第926章: 封印的反噬
[2026-05-17 10:06:35] [Music] 配额不足: {
  "error": {
    "code": 1,
    "message": "API error: usage limit exceeded, daily usage limit reached for Token Plan Hs_max (100/100 used), resets at 2026-05-18T00:00:00+08:00 (HTTP 200)"
  }
}
[2026-05-17 10:06:35] [Music] 第925章音乐生成失败
[2026-05-17 10:06:35] [Music] 开始处理第927章: 二十三个名字
[2026-05-17 10:06:40] [Music] 配额不足: {
  "error": {
    "code": 1,
    "message": "API error: usage limit exceeded, daily usage limit reached for Token Plan Hs_max (100/100 used), resets at 2026-05-18T00:00:00+08:00 (HTTP 200)"
  }
}
[2026-05-17 10:06:40] [Music] 第924章音乐生成失败
[2026-05-17 10:06:40] [Music] 开始处理第928章: 原点计划
[2026-05-17 10:06:42] [Music] 配额不足: {
  "error": {
    "code": 1,
    "message": "API error: usage limit exceeded, daily usage limit reached for Token Plan Hs_max (100/100 used), resets at 2026-05-18T00:00:00+08:00 (HTTP 200)"
  }
}
[2026-05-17 10:06:42] [Music] 第923章音乐生成失败
[2026-05-17 10:06:42] [Music] 开始处理第929章: 顾清雨的抉择
[2026-05-17 10:06:47] [Music] 配额不足: {
  "error": {
    "code": 1,
    "message": "API error: usage limit exceeded, daily usage limit reached for Token Plan Hs_max (100/100 used), resets at 2026-05-18T00:00:00+08:00 (HTTP 200)"
  }
}
[2026-05-17 10:06:47] [Music] 第922章音乐生成失败
[2026-05-17 10:06:47] [Music] 开始处理第930章: 最后的名字
[2026-05-17 10:06:47] [Music] 配额不足: {
  "error": {
    "code": 1,
    "message": "API error: usage limit exceeded, daily usage limit reached for Token Plan Hs_max (100/100 used), resets at 2026-05-18T00:00:00+08:00 (HTTP 200)"
  }
}
[2026-05-17 10:06:47] [Music] 第926章音乐生成失败
[2026-05-17 10:06:47] [Music] 开始处理第931章: 钟声的回响
[2026-05-17 10:07:07] [Music] 配额不足: {
  "error": {
    "code": 1,
    "message": "API error: usage limit exceeded, daily usage limit reached for Token Plan Hs_max (100/100 used), resets at 2026-05-18T00:00:00+08:00 (HTTP 200)"
  }
}
[2026-05-17 10:07:07] [Music] 第927章音乐生成失败
[2026-05-17 10:07:07] [Music] 开始处理第932章: 尸骸遍地的街道
[2026-05-17 10:07:10] [Music] 配额不足: {
  "error": {
    "code": 1,
    "message": "API error: usage limit exceeded, daily usage limit reached for Token Plan Hs_max (100/100 used), resets at 2026-05-18T00:00:00+08:00 (HTTP 200)"
  }
}
[2026-05-17 10:07:10] [Music] 第928章音乐生成失败
[2026-05-17 10:07:10] [Music] 开始处理第933章: 商场的镜子
[2026-05-17 10:07:13] [Music] 配额不足: {
  "error": {
    "code": 1,
    "message": "API error: usage limit exceeded, daily usage limit reached for Token Plan Hs_max (100/100 used), resets at 2026-05-18T00:00:00+08:00 (HTTP 200)"
  }
}
[2026-05-17 10:07:13] [Music] 第929章音乐生成失败
[2026-05-17 10:07:13] [Music] 开始处理第934章: 守夜人的残部
[2026-05-17 10:07:18] [Music] 配额不足: {
  "error": {
    "code": 1,
    "message": "API error: usage limit exceeded, daily usage limit reached for Token Plan Hs_max (100/100 used), resets at 2026-05-18T00:00:00+08:00 (HTTP 200)"
  }
}
[2026-05-17 10:07:18] [Music] 第931章音乐生成失败
[2026-05-17 10:07:18] [Music] 开始处理第935章: 钟无艳的日记
[2026-05-17 10:07:18] [Music] 配额不足: {
  "error": {
    "code": 1,
    "message": "API error: usage limit exceeded, daily usage limit reached for Token Plan Hs_max (100/100 used), resets at 2026-05-18T00:00:00+08:00 (HTTP 200)"
  }
}
[2026-05-17 10:07:18] [Music] 第930章音乐生成失败
[2026-05-17 10:07:18] [Music] 开始处理第936章: 暗星的阴谋
[2026-05-17 10:07:40] [Music] 配额不足: {
  "error": {
    "code": 1,
    "message": "API error: usage limit exceeded, daily usage limit reached for Token Plan Hs_max (100/100 used), resets at 2026-05-18T00:00:00+08:00 (HTTP 200)"
  }
}
[2026-05-17 10:07:40] [Music] 第934章音乐生成失败
[2026-05-17 10:07:40] [Music] 配额不足: {
  "error": {
    "code": 1,
    "message": "API error: usage limit exceeded, daily usage limit reached for Token Plan Hs_max (100/100 used), resets at 2026-05-18T00:00:00+08:00 (HTTP 200)"
  }
}
[2026-05-17 10:07:40] [Music] 第932章音乐生成失败
[2026-05-17 10:07:43] [Music] 配额不足: {
  "error": {
    "code": 1,
    "message": "API error: usage limit exceeded, daily usage limit reached for Token Plan Hs_max (100/100 used), resets at 2026-05-18T00:00:00+08:00 (HTTP 200)"
  }
}
[2026-05-17 10:07:43] [Music] 第933章音乐生成失败
[2026-05-17 10:07:51] [Music] 第935章歌词生成失败
[2026-05-17 10:08:00] [Music] 第936章歌词生成失败
[2026-05-17 10:08:00] [Music] 批次完成: 成功 0, 失败 50
[2026-05-17 10:08:00] [Music] 累计: 成功 62, 失败 838
[2026-05-17 10:08:00] [Music] 批次间休息30秒...
[2026-05-17 10:08:30] [Music] 处理批次 19/40, 本批 50 章
[2026-05-17 10:08:30] [Music] 开始处理第937章: 内鬼现形
[2026-05-17 10:08:30] [Music] 开始处理第938章: 萧然的来电
[2026-05-17 10:08:30] [Music] 开始处理第939章: 赵鹤的遗产
[2026-05-17 10:08:30] [Music] 开始处理第940章: 仪式前夜
[2026-05-17 10:08:30] [Music] 开始处理第941章: 黄泉路的尽头
[2026-05-17 10:08:51] [Music] 配额不足: {
  "error": {
    "code": 1,
    "message": "API error: usage limit exceeded, daily usage limit reached for Token Plan Hs_max (100/100 used), resets at 2026-05-18T00:00:00+08:00 (HTTP 200)"
  }
}
[2026-05-17 10:08:51] [Music] 第938章音乐生成失败
[2026-05-17 10:08:51] [Music] 开始处理第942章: 三十年前的录像
[2026-05-17 10:08:56] [Music] 配额不足: {
  "error": {
    "code": 1,
    "message": "API error: usage limit exceeded, daily usage limit reached for Token Plan Hs_max (100/100 used), resets at 2026-05-18T00:00:00+08:00 (HTTP 200)"
  }
}
[2026-05-17 10:08:56] [Music] 第939章音乐生成失败
[2026-05-17 10:08:56] [Music] 开始处理第943章: 纸人送葬队
[2026-05-17 10:09:00] [Music] 配额不足: {
  "error": {
    "code": 1,
    "message": "API error: usage limit exceeded, daily usage limit reached for Token Plan Hs_max (100/100 used), resets at 2026-05-18T00:00:00+08:00 (HTTP 200)"
  }
}
[2026-05-17 10:09:00] [Music] 第941章音乐生成失败
[2026-05-17 10:09:00] [Music] 开始处理第944章: 守墓人的墓穴
[2026-05-17 10:09:03] [Music] 配额不足: {
  "error": {
    "code": 1,
    "message": "API error: usage limit exceeded, daily usage limit reached for Token Plan Hs_max (100/100 used), resets at 2026-05-18T00:00:00+08:00 (HTTP 200)"
  }
}
[2026-05-17 10:09:03] [Music] 第937章音乐生成失败
[2026-05-17 10:09:03] [Music] 开始处理第945章: 陈医生的秘密
[2026-05-17 10:09:17] [Music] 配额不足: {
  "error": {
    "code": 1,
    "message": "API error: usage limit exceeded, daily usage limit reached for Token Plan Hs_max (100/100 used), resets at 2026-05-18T00:00:00+08:00 (HTTP 200)"
  }
}
[2026-05-17 10:09:17] [Music] 第940章音乐生成失败
[2026-05-17 10:09:17] [Music] 开始处理第946章: 回声巷的邀请函
[2026-05-17 10:09:17] [Music] 配额不足: {
  "error": {
    "code": 1,
    "message": "API error: usage limit exceeded, daily usage limit reached for Token Plan Hs_max (100/100 used), resets at 2026-05-18T00:00:00+08:00 (HTTP 200)"
  }
}
[2026-05-17 10:09:17] [Music] 第942章音乐生成失败
[2026-05-17 10:09:17] [Music] 开始处理第947章: 复苏会的崛起
[2026-05-17 10:09:25] [Music] 配额不足: {
  "error": {
    "code": 1,
    "message": "API error: usage limit exceeded, daily usage limit reached for Token Plan Hs_max (100/100 used), resets at 2026-05-18T00:00:00+08:00 (HTTP 200)"
  }
}
[2026-05-17 10:09:25] [Music] 第943章音乐生成失败
[2026-05-17 10:09:25] [Music] 开始处理第948章: 镜中鬼的觉醒
[2026-05-17 10:09:27] [Music] 配额不足: {
  "error": {
    "code": 1,
    "message": "API error: usage limit exceeded, daily usage limit reached for Token Plan Hs_max (100/100 used), resets at 2026-05-18T00:00:00+08:00 (HTTP 200)"
  }
}
[2026-05-17 10:09:27] [Music] 第945章音乐生成失败
[2026-05-17 10:09:27] [Music] 开始处理第949章: 鬼神的注视
[2026-05-17 10:09:32] [Music] 配额不足: {
  "error": {
    "code": 1,
    "message": "API error: usage limit exceeded, daily usage limit reached for Token Plan Hs_max (100/100 used), resets at 2026-05-18T00:00:00+08:00 (HTTP 200)"
  }
}
[2026-05-17 10:09:32] [Music] 第944章音乐生成失败
[2026-05-17 10:09:32] [Music] 开始处理第950章: 三鬼共鸣
[2026-05-17 10:09:41] [Music] 配额不足: {
  "error": {
    "code": 1,
    "message": "API error: usage limit exceeded, daily usage limit reached for Token Plan Hs_max (100/100 used), resets at 2026-05-18T00:00:00+08:00 (HTTP 200)"
  }
}
[2026-05-17 10:09:41] [Music] 第947章音乐生成失败
[2026-05-17 10:09:41] [Music] 开始处理第951章: 沉默疗养院的秘密
[2026-05-17 10:09:51] [Music] 配额不足: {
  "error": {
    "code": 1,
    "message": "API error: usage limit exceeded, daily usage limit reached for Token Plan Hs_max (100/100 used), resets at 2026-05-18T00:00:00+08:00 (HTTP 200)"
  }
}
[2026-05-17 10:09:51] [Music] 第946章音乐生成失败
[2026-05-17 10:09:51] [Music] 开始处理第952章: 原点实验室
[2026-05-17 10:09:54] [Music] 配额不足: {
  "error": {
    "code": 1,
    "message": "API error: usage limit exceeded, daily usage limit reached for Token Plan Hs_max (100/100 used), resets at 2026-05-18T00:00:00+08:00 (HTTP 200)"
  }
}
[2026-05-17 10:09:54] [Music] 第949章音乐生成失败
[2026-05-17 10:09:54] [Music] 开始处理第953章: 001号的请求
[2026-05-17 10:10:04] [Music] 配额不足: {
  "error": {
    "code": 1,
    "message": "API error: usage limit exceeded, daily usage limit reached for Token Plan Hs_max (100/100 used), resets at 2026-05-18T00:00:00+08:00 (HTTP 200)"
  }
}
[2026-05-17 10:10:04] [Music] 第950章音乐生成失败
[2026-05-17 10:10:04] [Music] 开始处理第954章: 群鸦的袭击
[2026-05-17 10:10:06] [Music] 配额不足: {
  "error": {
    "code": 1,
    "message": "API error: usage limit exceeded, daily usage limit reached for Token Plan Hs_max (100/100 used), resets at 2026-05-18T00:00:00+08:00 (HTTP 200)"
  }
}
[2026-05-17 10:10:06] [Music] 第948章音乐生成失败
[2026-05-17 10:10:06] [Music] 开始处理第955章: 苏小曼的呼唤
[2026-05-17 10:10:15] [Music] 配额不足: {
  "error": {
    "code": 1,
    "message": "API error: usage limit exceeded, daily usage limit reached for Token Plan Hs_max (100/100 used), resets at 2026-05-18T00:00:00+08:00 (HTTP 200)"
  }
}
[2026-05-17 10:10:15] [Music] 第951章音乐生成失败
[2026-05-17 10:10:15] [Music] 开始处理第956章: 绝望主妇降临
[2026-05-17 10:10:28] [Music] 配额不足: {
  "error": {
    "code": 1,
    "message": "API error: usage limit exceeded, daily usage limit reached for Token Plan Hs_max (100/100 used), resets at 2026-05-18T00:00:00+08:00 (HTTP 200)"
  }
}
[2026-05-17 10:10:28] [Music] 第953章音乐生成失败
[2026-05-17 10:10:28] [Music] 开始处理第957章: 碎语的反噬
[2026-05-17 10:10:31] [Music] 配额不足: {
  "error": {
    "code": 1,
    "message": "API error: usage limit exceeded, daily usage limit reached for Token Plan Hs_max (100/100 used), resets at 2026-05-18T00:00:00+08:00 (HTTP 200)"
  }
}
[2026-05-17 10:10:31] [Music] 第954章音乐生成失败
[2026-05-17 10:10:31] [Music] 开始处理第958章: 绝望的真相
[2026-05-17 10:10:34] [Music] 配额不足: {
  "error": {
    "code": 1,
    "message": "API error: usage limit exceeded, daily usage limit reached for Token Plan Hs_max (100/100 used), resets at 2026-05-18T00:00:00+08:00 (HTTP 200)"
  }
}
[2026-05-17 10:10:34] [Music] 第952章音乐生成失败
[2026-05-17 10:10:34] [Music] 开始处理第959章: 老陈头的预言
[2026-05-17 10:10:41] [Music] 配额不足: {
  "error": {
    "code": 1,
    "message": "API error: usage limit exceeded, daily usage limit reached for Token Plan Hs_max (100/100 used), resets at 2026-05-18T00:00:00+08:00 (HTTP 200)"
  }
}
[2026-05-17 10:10:41] [Music] 第956章音乐生成失败
[2026-05-17 10:10:41] [Music] 开始处理第960章: 最后的准备
[2026-05-17 10:10:42] [Music] 第955章歌词生成失败
[2026-05-17 10:10:42] [Music] 开始处理第961章: 暗棋
[2026-05-17 10:10:58] [Music] 第958章歌词生成失败
[2026-05-17 10:10:58] [Music] 开始处理第962章: 记录者
[2026-05-17 10:11:03] [Music] 第957章歌词生成失败
[2026-05-17 10:11:03] [Music] 开始处理第963章: 第一个名字
[2026-05-17 10:11:11] [Music] 配额不足: {
  "error": {
    "code": 1,
    "message": "API error: usage limit exceeded, daily usage limit reached for Token Plan Hs_max (100/100 used), resets at 2026-05-18T00:00:00+08:00 (HTTP 200)"
  }
}
[2026-05-17 10:11:11] [Music] 第959章音乐生成失败
[2026-05-17 10:11:11] [Music] 开始处理第964章: 遗言
[2026-05-17 10:11:17] [Music] 配额不足: {
  "error": {
    "code": 1,
    "message": "API error: usage limit exceeded, daily usage limit reached for Token Plan Hs_max (100/100 used), resets at 2026-05-18T00:00:00+08:00 (HTTP 200)"
  }
}
[2026-05-17 10:11:17] [Music] 第960章音乐生成失败
[2026-05-17 10:11:17] [Music] 开始处理第965章: 侵蚀加剧
[2026-05-17 10:11:21] [Music] 配额不足: {
  "error": {
    "code": 1,
    "message": "API error: usage limit exceeded, daily usage limit reached for Token Plan Hs_max (100/100 used), resets at 2026-05-18T00:00:00+08:00 (HTTP 200)"
  }
}
[2026-05-17 10:11:21] [Music] 第962章音乐生成失败
[2026-05-17 10:11:21] [Music] 开始处理第966章: 纸人之死
[2026-05-17 10:11:29] [Music] 配额不足: {
  "error": {
    "code": 1,
    "message": "API error: usage limit exceeded, daily usage limit reached for Token Plan Hs_max (100/100 used), resets at 2026-05-18T00:00:00+08:00 (HTTP 200)"
  }
}
[2026-05-17 10:11:29] [Music] 第961章音乐生成失败
[2026-05-17 10:11:29] [Music] 开始处理第967章: 裂缝
[2026-05-17 10:11:39] [Music] 配额不足: {
  "error": {
    "code": 1,
    "message": "API error: usage limit exceeded, daily usage limit reached for Token Plan Hs_max (100/100 used), resets at 2026-05-18T00:00:00+08:00 (HTTP 200)"
  }
}
[2026-05-17 10:11:39] [Music] 第963章音乐生成失败
[2026-05-17 10:11:39] [Music] 开始处理第968章: 独行
[2026-05-17 10:11:40] [Music] 配额不足: {
  "error": {
    "code": 1,
    "message": "API error: usage limit exceeded, daily usage limit reached for Token Plan Hs_max (100/100 used), resets at 2026-05-18T00:00:00+08:00 (HTTP 200)"
  }
}
[2026-05-17 10:11:40] [Music] 第964章音乐生成失败
[2026-05-17 10:11:40] [Music] 开始处理第969章: 摆渡人
[2026-05-17 10:11:48] [Music] 配额不足: {
  "error": {
    "code": 1,
    "message": "API error: usage limit exceeded, daily usage limit reached for Token Plan Hs_max (100/100 used), resets at 2026-05-18T00:00:00+08:00 (HTTP 200)"
  }
}
[2026-05-17 10:11:48] [Music] 第966章音乐生成失败
[2026-05-17 10:11:48] [Music] 开始处理第970章: 意识深渊
[2026-05-17 10:11:54] [Music] 配额不足: {
  "error": {
    "code": 1,
    "message": "API error: usage limit exceeded, daily usage limit reached for Token Plan Hs_max (100/100 used), resets at 2026-05-18T00:00:00+08:00 (HTTP 200)"
  }
}
[2026-05-17 10:11:54] [Music] 第967章音乐生成失败
[2026-05-17 10:11:54] [Music] 开始处理第971章: 选择
[2026-05-17 10:11:55] [Music] 配额不足: {
  "error": {
    "code": 1,
    "message": "API error: usage limit exceeded, daily usage limit reached for Token Plan Hs_max (100/100 used), resets at 2026-05-18T00:00:00+08:00 (HTTP 200)"
  }
}
[2026-05-17 10:11:55] [Music] 第965章音乐生成失败
[2026-05-17 10:11:55] [Music] 开始处理第972章: 无尽长夜
[2026-05-17 10:12:06] [Music] 配额不足: {
  "error": {
    "code": 1,
    "message": "API error: usage limit exceeded, daily usage limit reached for Token Plan Hs_max (100/100 used), resets at 2026-05-18T00:00:00+08:00 (HTTP 200)"
  }
}
[2026-05-17 10:12:06] [Music] 第968章音乐生成失败
[2026-05-17 10:12:06] [Music] 开始处理第973章: 黎明前的黑暗
[2026-05-17 10:12:17] [Music] 配额不足: {
  "error": {
    "code": 1,
    "message": "API error: usage limit exceeded, daily usage limit reached for Token Plan Hs_max (100/100 used), resets at 2026-05-18T00:00:00+08:00 (HTTP 200)"
  }
}
[2026-05-17 10:12:17] [Music] 第969章音乐生成失败
[2026-05-17 10:12:17] [Music] 开始处理第974章: 归来
[2026-05-17 10:12:20] [Music] 配额不足: {
  "error": {
    "code": 1,
    "message": "API error: usage limit exceeded, daily usage limit reached for Token Plan Hs_max (100/100 used), resets at 2026-05-18T00:00:00+08:00 (HTTP 200)"
  }
}
[2026-05-17 10:12:20] [Music] 第972章音乐生成失败
[2026-05-17 10:12:20] [Music] 开始处理第975章: 暗涌
[2026-05-17 10:12:21] [Music] 配额不足: {
  "error": {
    "code": 1,
    "message": "API error: usage limit exceeded, daily usage limit reached for Token Plan Hs_max (100/100 used), resets at 2026-05-18T00:00:00+08:00 (HTTP 200)"
  }
}
[2026-05-17 10:12:21] [Music] 第971章音乐生成失败
[2026-05-17 10:12:21] [Music] 开始处理第976章: 真相一角
[2026-05-17 10:12:24] [Music] 配额不足: {
  "error": {
    "code": 1,
    "message": "API error: usage limit exceeded, daily usage limit reached for Token Plan Hs_max (100/100 used), resets at 2026-05-18T00:00:00+08:00 (HTTP 200)"
  }
}
[2026-05-17 10:12:24] [Music] 第970章音乐生成失败
[2026-05-17 10:12:24] [Music] 开始处理第977章: 追捕
[2026-05-17 10:12:33] [Music] 配额不足: {
  "error": {
    "code": 1,
    "message": "API error: usage limit exceeded, daily usage limit reached for Token Plan Hs_max (100/100 used), resets at 2026-05-18T00:00:00+08:00 (HTTP 200)"
  }
}
[2026-05-17 10:12:33] [Music] 第973章音乐生成失败
[2026-05-17 10:12:33] [Music] 开始处理第978章: 猎杀之夜
[2026-05-17 10:12:45] [Music] 配额不足: {
  "error": {
    "code": 1,
    "message": "API error: usage limit exceeded, daily usage limit reached for Token Plan Hs_max (100/100 used), resets at 2026-05-18T00:00:00+08:00 (HTTP 200)"
  }
}
[2026-05-17 10:12:45] [Music] 第976章音乐生成失败
[2026-05-17 10:12:45] [Music] 开始处理第979章: 最后的交换
[2026-05-17 10:12:45] [Music] 配额不足: {
  "error": {
    "code": 1,
    "message": "API error: usage limit exceeded, daily usage limit reached for Token Plan Hs_max (100/100 used), resets at 2026-05-18T00:00:00+08:00 (HTTP 200)"
  }
}
[2026-05-17 10:12:45] [Music] 第975章音乐生成失败
[2026-05-17 10:12:45] [Music] 开始处理第980章: 新的开始
[2026-05-17 10:12:58] [Music] 配额不足: {
  "error": {
    "code": 1,
    "message": "API error: usage limit exceeded, daily usage limit reached for Token Plan Hs_max (100/100 used), resets at 2026-05-18T00:00:00+08:00 (HTTP 200)"
  }
}
[2026-05-17 10:12:58] [Music] 第977章音乐生成失败
[2026-05-17 10:12:58] [Music] 开始处理第981章: 外婆的安排
[2026-05-17 10:13:08] [Music] 配额不足: {
  "error": {
    "code": 1,
    "message": "API error: usage limit exceeded, daily usage limit reached for Token Plan Hs_max (100/100 used), resets at 2026-05-18T00:00:00+08:00 (HTTP 200)"
  }
}
[2026-05-17 10:13:08] [Music] 第978章音乐生成失败
[2026-05-17 10:13:08] [Music] 开始处理第982章: 最后的礼物
[2026-05-17 10:13:08] [Music] 配额不足: {
  "error": {
    "code": 1,
    "message": "API error: usage limit exceeded, daily usage limit reached for Token Plan Hs_max (100/100 used), resets at 2026-05-18T00:00:00+08:00 (HTTP 200)"
  }
}
[2026-05-17 10:13:08] [Music] 第974章音乐生成失败
[2026-05-17 10:13:08] [Music] 开始处理第983章: 轮回殿的规则
[2026-05-17 10:13:12] [Music] 配额不足: {
  "error": {
    "code": 1,
    "message": "API error: usage limit exceeded, daily usage limit reached for Token Plan Hs_max (100/100 used), resets at 2026-05-18T00:00:00+08:00 (HTTP 200)"
  }
}
[2026-05-17 10:13:12] [Music] 第979章音乐生成失败
[2026-05-17 10:13:12] [Music] 开始处理第984章: 第一个房间·起源
[2026-05-17 10:13:12] [Music] 配额不足: {
  "error": {
    "code": 1,
    "message": "API error: usage limit exceeded, daily usage limit reached for Token Plan Hs_max (100/100 used), resets at 2026-05-18T00:00:00+08:00 (HTTP 200)"
  }
}
[2026-05-17 10:13:12] [Music] 第980章音乐生成失败
[2026-05-17 10:13:12] [Music] 开始处理第985章: 第二个房间·外婆的牺牲
[2026-05-17 10:13:23] [Music] 第981章歌词生成失败
[2026-05-17 10:13:23] [Music] 开始处理第986章: 第三个房间·终焉之影
[2026-05-17 10:13:43] [Music] 第985章歌词生成失败
[2026-05-17 10:13:48] [Music] 配额不足: {
  "error": {
    "code": 1,
    "message": "API error: usage limit exceeded, daily usage limit reached for Token Plan Hs_max (100/100 used), resets at 2026-05-18T00:00:00+08:00 (HTTP 200)"
  }
}
[2026-05-17 10:13:48] [Music] 第986章音乐生成失败
[2026-05-17 10:13:49] [Music] 配额不足: {
  "error": {
    "code": 1,
    "message": "API error: usage limit exceeded, daily usage limit reached for Token Plan Hs_max (100/100 used), resets at 2026-05-18T00:00:00+08:00 (HTTP 200)"
  }
}
[2026-05-17 10:13:49] [Music] 第982章音乐生成失败
[2026-05-17 10:13:49] [Music] 第983章歌词生成失败
[2026-05-17 10:13:52] [Music] 配额不足: {
  "error": {
    "code": 1,
    "message": "API error: usage limit exceeded, daily usage limit reached for Token Plan Hs_max (100/100 used), resets at 2026-05-18T00:00:00+08:00 (HTTP 200)"
  }
}
[2026-05-17 10:13:52] [Music] 第984章音乐生成失败
[2026-05-17 10:13:52] [Music] 批次完成: 成功 0, 失败 50
[2026-05-17 10:13:52] [Music] 累计: 成功 62, 失败 888
[2026-05-17 10:13:52] [Music] 批次间休息30秒...
[2026-05-17 10:14:22] [Music] 处理批次 20/40, 本批 50 章
[2026-05-17 10:14:22] [Music] 开始处理第989章: 决裂时刻
[2026-05-17 10:14:22] [Music] 开始处理第987章: 选择与代价
[2026-05-17 10:14:22] [Music] 开始处理第988章: 外婆的真相
[2026-05-17 10:14:22] [Music] 开始处理第990章: 逃出鬼门关
[2026-05-17 10:14:22] [Music] 开始处理第991章: 重见天日
[2026-05-17 10:14:46] [Music] 配额不足: {
  "error": {
    "code": 1,
    "message": "API error: usage limit exceeded, daily usage limit reached for Token Plan Hs_max (100/100 used), resets at 2026-05-18T00:00:00+08:00 (HTTP 200)"
  }
}
[2026-05-17 10:14:46] [Music] 第990章音乐生成失败
[2026-05-17 10:14:46] [Music] 开始处理第992章: 意外的相遇
[2026-05-17 10:14:49] [Music] 配额不足: {
  "error": {
    "code": 1,
    "message": "API error: usage limit exceeded, daily usage limit reached for Token Plan Hs_max (100/100 used), resets at 2026-05-18T00:00:00+08:00 (HTTP 200)"
  }
}
[2026-05-17 10:14:49] [Music] 第989章音乐生成失败
[2026-05-17 10:14:49] [Music] 开始处理第993章: 林婉儿的直觉
[2026-05-17 10:14:50] [Music] 配额不足: {
  "error": {
    "code": 1,
    "message": "API error: usage limit exceeded, daily usage limit reached for Token Plan Hs_max (100/100 used), resets at 2026-05-18T00:00:00+08:00 (HTTP 200)"
  }
}
[2026-05-17 10:14:50] [Music] 第991章音乐生成失败
[2026-05-17 10:14:50] [Music] 开始处理第994章: 暂时合作
[2026-05-17 10:14:53] [Music] 配额不足: {
  "error": {
    "code": 1,
    "message": "API error: usage limit exceeded, daily usage limit reached for Token Plan Hs_max (100/100 used), resets at 2026-05-18T00:00:00+08:00 (HTTP 200)"
  }
}
[2026-05-17 10:14:53] [Music] 第988章音乐生成失败
[2026-05-17 10:14:53] [Music] 开始处理第995章: 归来
[2026-05-17 10:14:58] [Music] 配额不足: {
  "error": {
    "code": 1,
    "message": "API error: usage limit exceeded, daily usage limit reached for Token Plan Hs_max (100/100 used), resets at 2026-05-18T00:00:00+08:00 (HTTP 200)"
  }
}
[2026-05-17 10:14:58] [Music] 第987章音乐生成失败
[2026-05-17 10:14:58] [Music] 开始处理第996章: 暗流涌动
[2026-05-17 10:15:09] [Music] 配额不足: {
  "error": {
    "code": 1,
    "message": "API error: usage limit exceeded, daily usage limit reached for Token Plan Hs_max (100/100 used), resets at 2026-05-18T00:00:00+08:00 (HTTP 200)"
  }
}
[2026-05-17 10:15:09] [Music] 第992章音乐生成失败
[2026-05-17 10:15:09] [Music] 开始处理第997章: 外婆的遗物
[2026-05-17 10:15:21] [Music] 配额不足: {
  "error": {
    "code": 1,
    "message": "API error: usage limit exceeded, daily usage limit reached for Token Plan Hs_max (100/100 used), resets at 2026-05-18T00:00:00+08:00 (HTTP 200)"
  }
}
[2026-05-17 10:15:21] [Music] 第995章音乐生成失败
[2026-05-17 10:15:21] [Music] 开始处理第998章: 新的威胁
[2026-05-17 10:15:22] [Music] 配额不足: {
  "error": {
    "code": 1,
    "message": "API error: usage limit exceeded, daily usage limit reached for Token Plan Hs_max (100/100 used), resets at 2026-05-18T00:00:00+08:00 (HTTP 200)"
  }
}
[2026-05-17 10:15:22] [Music] 第994章音乐生成失败
[2026-05-17 10:15:22] [Music] 开始处理第999章: 顾清雨的警告
[2026-05-17 10:15:25] [Music] 配额不足: {
  "error": {
    "code": 1,
    "message": "API error: usage limit exceeded, daily usage limit reached for Token Plan Hs_max (100/100 used), resets at 2026-05-18T00:00:00+08:00 (HTTP 200)"
  }
}
[2026-05-17 10:15:25] [Music] 第996章音乐生成失败
[2026-05-17 10:15:25] [Music] 开始处理第1000章: 云顶之约
[2026-05-17 10:15:34] [Music] 配额不足: {
  "error": {
    "code": 1,
    "message": "API error: usage limit exceeded, daily usage limit reached for Token Plan Hs_max (100/100 used), resets at 2026-05-18T00:00:00+08:00 (HTTP 200)"
  }
}
[2026-05-17 10:15:34] [Music] 第993章音乐生成失败
[2026-05-17 10:15:34] [Music] 开始处理第1001章: 黄泉路的尽头
[2026-05-17 10:15:45] [Music] 配额不足: {
  "error": {
    "code": 1,
    "message": "API error: usage limit exceeded, daily usage limit reached for Token Plan Hs_max (100/100 used), resets at 2026-05-18T00:00:00+08:00 (HTTP 200)"
  }
}
[2026-05-17 10:15:45] [Music] 第998章音乐生成失败
[2026-05-17 10:15:45] [Music] 开始处理第1002章: 父亲的影子
[2026-05-17 10:15:50] [Music] 配额不足: {
  "error": {
    "code": 1,
    "message": "API error: usage limit exceeded, daily usage limit reached for Token Plan Hs_max (100/100 used), resets at 2026-05-18T00:00:00+08:00 (HTTP 200)"
  }
}
[2026-05-17 10:15:50] [Music] 第999章音乐生成失败
[2026-05-17 10:15:50] [Music] 开始处理第1003章: 鬼门关前
[2026-05-17 10:15:50] [Music] 配额不足: {
  "error": {
    "code": 1,
    "message": "API error: usage limit exceeded, daily usage limit reached for Token Plan Hs_max (100/100 used), resets at 2026-05-18T00:00:00+08:00 (HTTP 200)"
  }
}
[2026-05-17 10:15:50] [Music] 第997章音乐生成失败
[2026-05-17 10:15:50] [Music] 开始处理第1004章: 门后的世界
[2026-05-17 10:16:04] [Music] 第1000章歌词生成失败
[2026-05-17 10:16:04] [Music] 开始处理第1005章: 第一考：记忆之河
[2026-05-17 10:16:11] [Music] 配额不足: {
  "error": {
    "code": 1,
    "message": "API error: usage limit exceeded, daily usage limit reached for Token Plan Hs_max (100/100 used), resets at 2026-05-18T00:00:00+08:00 (HTTP 200)"
  }
}
[2026-05-17 10:16:11] [Music] 第1002章音乐生成失败
[2026-05-17 10:16:11] [Music] 开始处理第1006章: 记忆深处的真相
[2026-05-17 10:16:22] [Music] 配额不足: {
  "error": {
    "code": 1,
    "message": "API error: usage limit exceeded, daily usage limit reached for Token Plan Hs_max (100/100 used), resets at 2026-05-18T00:00:00+08:00 (HTTP 200)"
  }
}
[2026-05-17 10:16:22] [Music] 第1003章音乐生成失败
[2026-05-17 10:16:22] [Music] 开始处理第1007章: 第二考：迷雾十字路
[2026-05-17 10:16:36] [Music] 配额不足: {
  "error": {
    "code": 1,
    "message": "API error: usage limit exceeded, daily usage limit reached for Token Plan Hs_max (100/100 used), resets at 2026-05-18T00:00:00+08:00 (HTTP 200)"
  }
}
[2026-05-17 10:16:36] [Music] 第1004章音乐生成失败
[2026-05-17 10:16:36] [Music] 开始处理第1008章: 深渊之桥
[2026-05-17 10:16:38] [Music] 配额不足: {
  "error": {
    "code": 1,
    "message": "API error: usage limit exceeded, daily usage limit reached for Token Plan Hs_max (100/100 used), resets at 2026-05-18T00:00:00+08:00 (HTTP 200)"
  }
}
[2026-05-17 10:16:38] [Music] 第1005章音乐生成失败
[2026-05-17 10:16:38] [Music] 开始处理第1009章: 第三考：镜中抉择
[2026-05-17 10:16:42] [Music] 配额不足: {
  "error": {
    "code": 1,
    "message": "API error: usage limit exceeded, daily usage limit reached for Token Plan Hs_max (100/100 used), resets at 2026-05-18T00:00:00+08:00 (HTTP 200)"
  }
}
[2026-05-17 10:16:42] [Music] 第1006章音乐生成失败
[2026-05-17 10:16:42] [Music] 开始处理第1010章: 真相之前
[2026-05-17 10:16:50] [Music] 配额不足: {
  "error": {
    "code": 1,
    "message": "API error: usage limit exceeded, daily usage limit reached for Token Plan Hs_max (100/100 used), resets at 2026-05-18T00:00:00+08:00 (HTTP 200)"
  }
}
[2026-05-17 10:16:50] [Music] 第1007章音乐生成失败
[2026-05-17 10:16:50] [Music] 开始处理第1011章: 彼岸的低语
[2026-05-17 10:17:03] [Music] 配额不足: {
  "error": {
    "code": 1,
    "message": "API error: usage limit exceeded, daily usage limit reached for Token Plan Hs_max (100/100 used), resets at 2026-05-18T00:00:00+08:00 (HTTP 200)"
  }
}
[2026-05-17 10:17:03] [Music] 第1008章音乐生成失败
[2026-05-17 10:17:03] [Music] 开始处理第1012章: 林婉儿的发现
[2026-05-17 10:17:07] [Music] 配额不足: {
  "error": {
    "code": 1,
    "message": "API error: usage limit exceeded, daily usage limit reached for Token Plan Hs_max (100/100 used), resets at 2026-05-18T00:00:00+08:00 (HTTP 200)"
  }
}
[2026-05-17 10:17:07] [Music] 第1010章音乐生成失败
[2026-05-17 10:17:07] [Music] 开始处理第1013章: 绝命追逃
[2026-05-17 10:17:09] [Music] 配额不足: {
  "error": {
    "code": 1,
    "message": "API error: usage limit exceeded, daily usage limit reached for Token Plan Hs_max (100/100 used), resets at 2026-05-18T00:00:00+08:00 (HTTP 200)"
  }
}
[2026-05-17 10:17:09] [Music] 第1009章音乐生成失败
[2026-05-17 10:17:09] [Music] 开始处理第1014章: 林默的感应
[2026-05-17 10:17:17] [Music] 配额不足: {
  "error": {
    "code": 1,
    "message": "API error: usage limit exceeded, daily usage limit reached for Token Plan Hs_max (100/100 used), resets at 2026-05-18T00:00:00+08:00 (HTTP 200)"
  }
}
[2026-05-17 10:17:17] [Music] 第1001章音乐生成失败
[2026-05-17 10:17:17] [Music] 开始处理第1015章: 十分钟的赌局
[2026-05-17 10:17:29] [Music] 配额不足: {
  "error": {
    "code": 1,
    "message": "API error: usage limit exceeded, daily usage limit reached for Token Plan Hs_max (100/100 used), resets at 2026-05-18T00:00:00+08:00 (HTTP 200)"
  }
}
[2026-05-17 10:17:29] [Music] 第1011章音乐生成失败
[2026-05-17 10:17:29] [Music] 开始处理第1016章: 守门人的规则
[2026-05-17 10:17:30] [Music] 配额不足: {
  "error": {
    "code": 1,
    "message": "API error: usage limit exceeded, daily usage limit reached for Token Plan Hs_max (100/100 used), resets at 2026-05-18T00:00:00+08:00 (HTTP 200)"
  }
}
[2026-05-17 10:17:30] [Music] 第1012章音乐生成失败
[2026-05-17 10:17:30] [Music] 开始处理第1017章: 顾清雨的牺牲
[2026-05-17 10:17:40] [Music] 配额不足: {
  "error": {
    "code": 1,
    "message": "API error: usage limit exceeded, daily usage limit reached for Token Plan Hs_max (100/100 used), resets at 2026-05-18T00:00:00+08:00 (HTTP 200)"
  }
}
[2026-05-17 10:17:40] [Music] 第1015章音乐生成失败
[2026-05-17 10:17:40] [Music] 开始处理第1018章: 觉醒的代价
[2026-05-17 10:17:47] [Music] 配额不足: {
  "error": {
    "code": 1,
    "message": "API error: usage limit exceeded, daily usage limit reached for Token Plan Hs_max (100/100 used), resets at 2026-05-18T00:00:00+08:00 (HTTP 200)"
  }
}
[2026-05-17 10:17:47] [Music] 第1014章音乐生成失败
[2026-05-17 10:17:47] [Music] 开始处理第1019章: 鬼神的低语
[2026-05-17 10:17:58] [Music] 配额不足: {
  "error": {
    "code": 1,
    "message": "API error: usage limit exceeded, daily usage limit reached for Token Plan Hs_max (100/100 used), resets at 2026-05-18T00:00:00+08:00 (HTTP 200)"
  }
}
[2026-05-17 10:17:58] [Music] 第1016章音乐生成失败
[2026-05-17 10:17:58] [Music] 开始处理第1020章: 回到苏小曼身边
[2026-05-17 10:17:59] [Music] 配额不足: {
  "error": {
    "code": 1,
    "message": "API error: usage limit exceeded, daily usage limit reached for Token Plan Hs_max (100/100 used), resets at 2026-05-18T00:00:00+08:00 (HTTP 200)"
  }
}
[2026-05-17 10:17:59] [Music] 第1013章音乐生成失败
[2026-05-17 10:17:59] [Music] 开始处理第1021章: 黄泉尽头的眼睛
[2026-05-17 10:18:05] [Music] 配额不足: {
  "error": {
    "code": 1,
    "message": "API error: usage limit exceeded, daily usage limit reached for Token Plan Hs_max (100/100 used), resets at 2026-05-18T00:00:00+08:00 (HTTP 200)"
  }
}
[2026-05-17 10:18:05] [Music] 第1018章音乐生成失败
[2026-05-17 10:18:05] [Music] 开始处理第1022章: 外婆的真相
[2026-05-17 10:18:07] [Music] 配额不足: {
  "error": {
    "code": 1,
    "message": "API error: usage limit exceeded, daily usage limit reached for Token Plan Hs_max (100/100 used), resets at 2026-05-18T00:00:00+08:00 (HTTP 200)"
  }
}
[2026-05-17 10:18:07] [Music] 第1017章音乐生成失败
[2026-05-17 10:18:07] [Music] 开始处理第1023章: 门后的低语
[2026-05-17 10:18:26] [Music] 配额不足: {
  "error": {
    "code": 1,
    "message": "API error: usage limit exceeded, daily usage limit reached for Token Plan Hs_max (100/100 used), resets at 2026-05-18T00:00:00+08:00 (HTTP 200)"
  }
}
[2026-05-17 10:18:26] [Music] 第1020章音乐生成失败
[2026-05-17 10:18:26] [Music] 开始处理第1024章: 七日之约
[2026-05-17 10:18:27] [Music] 配额不足: {
  "error": {
    "code": 1,
    "message": "API error: usage limit exceeded, daily usage limit reached for Token Plan Hs_max (100/100 used), resets at 2026-05-18T00:00:00+08:00 (HTTP 200)"
  }
}
[2026-05-17 10:18:27] [Music] 第1021章音乐生成失败
[2026-05-17 10:18:27] [Music] 开始处理第1025章: 第一个碎片：镜中人
[2026-05-17 10:18:29] [Music] 第1019章歌词生成失败
[2026-05-17 10:18:29] [Music] 开始处理第1026章: 镜中博弈
[2026-05-17 10:18:31] [Music] 配额不足: {
  "error": {
    "code": 1,
    "message": "API error: usage limit exceeded, daily usage limit reached for Token Plan Hs_max (100/100 used), resets at 2026-05-18T00:00:00+08:00 (HTTP 200)"
  }
}
[2026-05-17 10:18:31] [Music] 第1022章音乐生成失败
[2026-05-17 10:18:31] [Music] 开始处理第1027章: 记忆的裂痕
[2026-05-17 10:18:40] [Music] 配额不足: {
  "error": {
    "code": 1,
    "message": "API error: usage limit exceeded, daily usage limit reached for Token Plan Hs_max (100/100 used), resets at 2026-05-18T00:00:00+08:00 (HTTP 200)"
  }
}
[2026-05-17 10:18:40] [Music] 第1023章音乐生成失败
[2026-05-17 10:18:40] [Music] 开始处理第1028章: 无声的尖叫
[2026-05-17 10:18:48] [Music] 配额不足: {
  "error": {
    "code": 1,
    "message": "API error: usage limit exceeded, daily usage limit reached for Token Plan Hs_max (100/100 used), resets at 2026-05-18T00:00:00+08:00 (HTTP 200)"
  }
}
[2026-05-17 10:18:48] [Music] 第1024章音乐生成失败
[2026-05-17 10:18:48] [Music] 开始处理第1029章: 双雄对峙
[2026-05-17 10:18:52] [Music] 配额不足: {
  "error": {
    "code": 1,
    "message": "API error: usage limit exceeded, daily usage limit reached for Token Plan Hs_max (100/100 used), resets at 2026-05-18T00:00:00+08:00 (HTTP 200)"
  }
}
[2026-05-17 10:18:52] [Music] 第1026章音乐生成失败
[2026-05-17 10:18:52] [Music] 开始处理第1030章: 无声的协议
[2026-05-17 10:18:55] [Music] 配额不足: {
  "error": {
    "code": 1,
    "message": "API error: usage limit exceeded, daily usage limit reached for Token Plan Hs_max (100/100 used), resets at 2026-05-18T00:00:00+08:00 (HTTP 200)"
  }
}
[2026-05-17 10:18:55] [Music] 第1025章音乐生成失败
[2026-05-17 10:18:55] [Music] 开始处理第1031章: 倒计时：四天
[2026-05-17 10:18:59] [Music] 配额不足: {
  "error": {
    "code": 1,
    "message": "API error: usage limit exceeded, daily usage limit reached for Token Plan Hs_max (100/100 used), resets at 2026-05-18T00:00:00+08:00 (HTTP 200)"
  }
}
[2026-05-17 10:18:59] [Music] 第1027章音乐生成失败
[2026-05-17 10:18:59] [Music] 开始处理第1032章: 纸扎店的秘密
[2026-05-17 10:19:17] [Music] 配额不足: {
  "error": {
    "code": 1,
    "message": "API error: usage limit exceeded, daily usage limit reached for Token Plan Hs_max (100/100 used), resets at 2026-05-18T00:00:00+08:00 (HTTP 200)"
  }
}
[2026-05-17 10:19:17] [Music] 第1030章音乐生成失败
[2026-05-17 10:19:17] [Music] 开始处理第1033章: 人偶的执念
[2026-05-17 10:19:18] [Music] 配额不足: {
  "error": {
    "code": 1,
    "message": "API error: usage limit exceeded, daily usage limit reached for Token Plan Hs_max (100/100 used), resets at 2026-05-18T00:00:00+08:00 (HTTP 200)"
  }
}
[2026-05-17 10:19:18] [Music] 第1028章音乐生成失败
[2026-05-17 10:19:18] [Music] 开始处理第1034章: 原点之殇
[2026-05-17 10:19:19] [Music] 配额不足: {
  "error": {
    "code": 1,
    "message": "API error: usage limit exceeded, daily usage limit reached for Token Plan Hs_max (100/100 used), resets at 2026-05-18T00:00:00+08:00 (HTTP 200)"
  }
}
[2026-05-17 10:19:19] [Music] 第1029章音乐生成失败
[2026-05-17 10:19:19] [Music] 开始处理第1035章: 枯井村的回响
[2026-05-17 10:19:20] [Music] 配额不足: {
  "error": {
    "code": 1,
    "message": "API error: usage limit exceeded, daily usage limit reached for Token Plan Hs_max (100/100 used), resets at 2026-05-18T00:00:00+08:00 (HTTP 200)"
  }
}
[2026-05-17 10:19:20] [Music] 第1031章音乐生成失败
[2026-05-17 10:19:20] [Music] 开始处理第1036章: 记忆的深渊
[2026-05-17 10:19:24] [Music] 配额不足: {
  "error": {
    "code": 1,
    "message": "API error: usage limit exceeded, daily usage limit reached for Token Plan Hs_max (100/100 used), resets at 2026-05-18T00:00:00+08:00 (HTTP 200)"
  }
}
[2026-05-17 10:19:24] [Music] 第1032章音乐生成失败
[2026-05-17 10:19:41] [Music] 配额不足: {
  "error": {
    "code": 1,
    "message": "API error: usage limit exceeded, daily usage limit reached for Token Plan Hs_max (100/100 used), resets at 2026-05-18T00:00:00+08:00 (HTTP 200)"
  }
}
[2026-05-17 10:19:41] [Music] 第1034章音乐生成失败
[2026-05-17 10:19:42] [Music] 配额不足: {
  "error": {
    "code": 1,
    "message": "API error: usage limit exceeded, daily usage limit reached for Token Plan Hs_max (100/100 used), resets at 2026-05-18T00:00:00+08:00 (HTTP 200)"
  }
}
[2026-05-17 10:19:42] [Music] 第1036章音乐生成失败
[2026-05-17 10:19:46] [Music] 配额不足: {
  "error": {
    "code": 1,
    "message": "API error: usage limit exceeded, daily usage limit reached for Token Plan Hs_max (100/100 used), resets at 2026-05-18T00:00:00+08:00 (HTTP 200)"
  }
}
[2026-05-17 10:19:46] [Music] 第1033章音乐生成失败
[2026-05-17 10:19:46] [Music] 配额不足: {
  "error": {
    "code": 1,
    "message": "API error: usage limit exceeded, daily usage limit reached for Token Plan Hs_max (100/100 used), resets at 2026-05-18T00:00:00+08:00 (HTTP 200)"
  }
}
[2026-05-17 10:19:46] [Music] 第1035章音乐生成失败
[2026-05-17 10:19:46] [Music] 批次完成: 成功 0, 失败 50
[2026-05-17 10:19:46] [Music] 累计: 成功 62, 失败 938
[2026-05-17 10:19:46] [Music] 批次间休息30秒...
[2026-05-17 10:20:16] [Music] 处理批次 21/40, 本批 50 章
[2026-05-17 10:20:16] [Music] 开始处理第1038章: 回声巷的警告
[2026-05-17 10:20:16] [Music] 开始处理第1037章: 我是谁
[2026-05-17 10:20:16] [Music] 开始处理第1039章: 背叛者的面具
[2026-05-17 10:20:16] [Music] 开始处理第1040章: 终焉的凝视
[2026-05-17 10:20:16] [Music] 开始处理第1041章: 镜中的眼睛
[2026-05-17 10:20:39] [Music] 配额不足: {
  "error": {
    "code": 1,
    "message": "API error: usage limit exceeded, daily usage limit reached for Token Plan Hs_max (100/100 used), resets at 2026-05-18T00:00:00+08:00 (HTTP 200)"
  }
}
[2026-05-17 10:20:39] [Music] 第1037章音乐生成失败
[2026-05-17 10:20:39] [Music] 开始处理第1042章: 倒数的镜子
[2026-05-17 10:20:40] [Music] 配额不足: {
  "error": {
    "code": 1,
    "message": "API error: usage limit exceeded, daily usage limit reached for Token Plan Hs_max (100/100 used), resets at 2026-05-18T00:00:00+08:00 (HTTP 200)"
  }
}
[2026-05-17 10:20:40] [Music] 第1039章音乐生成失败
[2026-05-17 10:20:40] [Music] 开始处理第1043章: 外婆的遗言
[2026-05-17 10:20:46] [Music] 配额不足: {
  "error": {
    "code": 1,
    "message": "API error: usage limit exceeded, daily usage limit reached for Token Plan Hs_max (100/100 used), resets at 2026-05-18T00:00:00+08:00 (HTTP 200)"
  }
}
[2026-05-17 10:20:46] [Music] 第1041章音乐生成失败
[2026-05-17 10:20:46] [Music] 开始处理第1044章: 破碎的规则
[2026-05-17 10:20:49] [Music] 配额不足: {
  "error": {
    "code": 1,
    "message": "API error: usage limit exceeded, daily usage limit reached for Token Plan Hs_max (100/100 used), resets at 2026-05-18T00:00:00+08:00 (HTTP 200)"
  }
}
[2026-05-17 10:20:49] [Music] 第1040章音乐生成失败
[2026-05-17 10:20:49] [Music] 开始处理第1045章: 无声的葬礼
[2026-05-17 10:20:57] [Music] 配额不足: {
  "error": {
    "code": 1,
    "message": "API error: usage limit exceeded, daily usage limit reached for Token Plan Hs_max (100/100 used), resets at 2026-05-18T00:00:00+08:00 (HTTP 200)"
  }
}
[2026-05-17 10:20:57] [Music] 第1038章音乐生成失败
[2026-05-17 10:20:57] [Music] 开始处理第1046章: 消失的音符
[2026-05-17 10:21:08] [Music] 配额不足: {
  "error": {
    "code": 1,
    "message": "API error: usage limit exceeded, daily usage limit reached for Token Plan Hs_max (100/100 used), resets at 2026-05-18T00:00:00+08:00 (HTTP 200)"
  }
}
[2026-05-17 10:21:08] [Music] 第1043章音乐生成失败
[2026-05-17 10:21:08] [Music] 开始处理第1047章: 第七音符
[2026-05-17 10:21:09] [Music] 配额不足: {
  "error": {
    "code": 1,
    "message": "API error: usage limit exceeded, daily usage limit reached for Token Plan Hs_max (100/100 used), resets at 2026-05-18T00:00:00+08:00 (HTTP 200)"
  }
}
[2026-05-17 10:21:09] [Music] 第1044章音乐生成失败
[2026-05-17 10:21:09] [Music] 开始处理第1048章: 亡者的证词
[2026-05-17 10:21:13] [Music] 配额不足: {
  "error": {
    "code": 1,
    "message": "API error: usage limit exceeded, daily usage limit reached for Token Plan Hs_max (100/100 used), resets at 2026-05-18T00:00:00+08:00 (HTTP 200)"
  }
}
[2026-05-17 10:21:13] [Music] 第1042章音乐生成失败
[2026-05-17 10:21:13] [Music] 开始处理第1049章: 拼图的碎片
[2026-05-17 10:21:18] [Music] 配额不足: {
  "error": {
    "code": 1,
    "message": "API error: usage limit exceeded, daily usage limit reached for Token Plan Hs_max (100/100 used), resets at 2026-05-18T00:00:00+08:00 (HTTP 200)"
  }
}
[2026-05-17 10:21:18] [Music] 第1045章音乐生成失败
[2026-05-17 10:21:18] [Music] 开始处理第1050章: 情绪的牢笼
[2026-05-17 10:21:22] [Music] 配额不足: {
  "error": {
    "code": 1,
    "message": "API error: usage limit exceeded, daily usage limit reached for Token Plan Hs_max (100/100 used), resets at 2026-05-18T00:00:00+08:00 (HTTP 200)"
  }
}
[2026-05-17 10:21:22] [Music] 第1046章音乐生成失败
[2026-05-17 10:21:22] [Music] 开始处理第1051章: 愤怒的囚徒
[2026-05-17 10:21:40] [Music] 配额不足: {
  "error": {
    "code": 1,
    "message": "API error: usage limit exceeded, daily usage limit reached for Token Plan Hs_max (100/100 used), resets at 2026-05-18T00:00:00+08:00 (HTTP 200)"
  }
}
[2026-05-17 10:21:40] [Music] 第1047章音乐生成失败
[2026-05-17 10:21:40] [Music] 开始处理第1052章: 无情绪之人
[2026-05-17 10:21:42] [Music] 配额不足: {
  "error": {
    "code": 1,
    "message": "API error: usage limit exceeded, daily usage limit reached for Token Plan Hs_max (100/100 used), resets at 2026-05-18T00:00:00+08:00 (HTTP 200)"
  }
}
[2026-05-17 10:21:42] [Music] 第1048章音乐生成失败
[2026-05-17 10:21:42] [Music] 开始处理第1053章: 照片中的眼睛
[2026-05-17 10:21:42] [Music] 配额不足: {
  "error": {
    "code": 1,
    "message": "API error: usage limit exceeded, daily usage limit reached for Token Plan Hs_max (100/100 used), resets at 2026-05-18T00:00:00+08:00 (HTTP 200)"
  }
}
[2026-05-17 10:21:42] [Music] 第1050章音乐生成失败
[2026-05-17 10:21:42] [Music] 开始处理第1054章: 照片陷阱
[2026-05-17 10:21:48] [Music] 第1049章歌词生成失败
[2026-05-17 10:21:48] [Music] 开始处理第1055章: 照片杀局
[2026-05-17 10:21:52] [Music] 配额不足: {
  "error": {
    "code": 1,
    "message": "API error: usage limit exceeded, daily usage limit reached for Token Plan Hs_max (100/100 used), resets at 2026-05-18T00:00:00+08:00 (HTTP 200)"
  }
}
[2026-05-17 10:21:52] [Music] 第1051章音乐生成失败
[2026-05-17 10:21:52] [Music] 开始处理第1056章: 食影鬼
[2026-05-17 10:22:05] [Music] 配额不足: {
  "error": {
    "code": 1,
    "message": "API error: usage limit exceeded, daily usage limit reached for Token Plan Hs_max (100/100 used), resets at 2026-05-18T00:00:00+08:00 (HTTP 200)"
  }
}
[2026-05-17 10:22:05] [Music] 第1054章音乐生成失败
[2026-05-17 10:22:05] [Music] 开始处理第1057章: 照片工厂
[2026-05-17 10:22:06] [Music] 配额不足: {
  "error": {
    "code": 1,
    "message": "API error: usage limit exceeded, daily usage limit reached for Token Plan Hs_max (100/100 used), resets at 2026-05-18T00:00:00+08:00 (HTTP 200)"
  }
}
[2026-05-17 10:22:06] [Music] 第1052章音乐生成失败
[2026-05-17 10:22:06] [Music] 开始处理第1058章: 镜中的另一个自己
[2026-05-17 10:22:11] [Music] 配额不足: {
  "error": {
    "code": 1,
    "message": "API error: usage limit exceeded, daily usage limit reached for Token Plan Hs_max (100/100 used), resets at 2026-05-18T00:00:00+08:00 (HTTP 200)"
  }
}
[2026-05-17 10:22:11] [Music] 第1053章音乐生成失败
[2026-05-17 10:22:11] [Music] 开始处理第1059章: 悲伤的重量
[2026-05-17 10:22:15] [Music] 配额不足: {
  "error": {
    "code": 1,
    "message": "API error: usage limit exceeded, daily usage limit reached for Token Plan Hs_max (100/100 used), resets at 2026-05-18T00:00:00+08:00 (HTTP 200)"
  }
}
[2026-05-17 10:22:15] [Music] 第1056章音乐生成失败
[2026-05-17 10:22:15] [Music] 开始处理第1060章: 残缺的拼图
[2026-05-17 10:22:24] [Music] 配额不足: {
  "error": {
    "code": 1,
    "message": "API error: usage limit exceeded, daily usage limit reached for Token Plan Hs_max (100/100 used), resets at 2026-05-18T00:00:00+08:00 (HTTP 200)"
  }
}
[2026-05-17 10:22:24] [Music] 第1055章音乐生成失败
[2026-05-17 10:22:24] [Music] 开始处理第1061章: 黄泉路的第一夜
[2026-05-17 10:22:40] [Music] 配额不足: {
  "error": {
    "code": 1,
    "message": "API error: usage limit exceeded, daily usage limit reached for Token Plan Hs_max (100/100 used), resets at 2026-05-18T00:00:00+08:00 (HTTP 200)"
  }
}
[2026-05-17 10:22:40] [Music] 第1058章音乐生成失败
[2026-05-17 10:22:40] [Music] 开始处理第1062章: 回头鬼的追逐
[2026-05-17 10:22:42] [Music] 配额不足: {
  "error": {
    "code": 1,
    "message": "API error: usage limit exceeded, daily usage limit reached for Token Plan Hs_max (100/100 used), resets at 2026-05-18T00:00:00+08:00 (HTTP 200)"
  }
}
[2026-05-17 10:22:42] [Music] 第1059章音乐生成失败
[2026-05-17 10:22:42] [Music] 开始处理第1063章: 纸人引路
[2026-05-17 10:22:43] [Music] 配额不足: {
  "error": {
    "code": 1,
    "message": "API error: usage limit exceeded, daily usage limit reached for Token Plan Hs_max (100/100 used), resets at 2026-05-18T00:00:00+08:00 (HTTP 200)"
  }
}
[2026-05-17 10:22:43] [Music] 第1057章音乐生成失败
[2026-05-17 10:22:43] [Music] 开始处理第1064章: 枯井村的召唤
[2026-05-17 10:22:44] [Music] 配额不足: {
  "error": {
    "code": 1,
    "message": "API error: usage limit exceeded, daily usage limit reached for Token Plan Hs_max (100/100 used), resets at 2026-05-18T00:00:00+08:00 (HTTP 200)"
  }
}
[2026-05-17 10:22:44] [Music] 第1060章音乐生成失败
[2026-05-17 10:22:44] [Music] 开始处理第1065章: 井底的记忆
[2026-05-17 10:22:50] [Music] 配额不足: {
  "error": {
    "code": 1,
    "message": "API error: usage limit exceeded, daily usage limit reached for Token Plan Hs_max (100/100 used), resets at 2026-05-18T00:00:00+08:00 (HTTP 200)"
  }
}
[2026-05-17 10:22:50] [Music] 第1061章音乐生成失败
[2026-05-17 10:22:50] [Music] 开始处理第1066章: 坠入深渊
[2026-05-17 10:23:07] [Music] 配额不足: {
  "error": {
    "code": 1,
    "message": "API error: usage limit exceeded, daily usage limit reached for Token Plan Hs_max (100/100 used), resets at 2026-05-18T00:00:00+08:00 (HTTP 200)"
  }
}
[2026-05-17 10:23:07] [Music] 第1064章音乐生成失败
[2026-05-17 10:23:07] [Music] 开始处理第1067章: 鬼门关前
[2026-05-17 10:23:07] [Music] 配额不足: {
  "error": {
    "code": 1,
    "message": "API error: usage limit exceeded, daily usage limit reached for Token Plan Hs_max (100/100 used), resets at 2026-05-18T00:00:00+08:00 (HTTP 200)"
  }
}
[2026-05-17 10:23:07] [Music] 第1062章音乐生成失败
[2026-05-17 10:23:07] [Music] 开始处理第1068章: 门内的真相
[2026-05-17 10:23:08] [Music] 配额不足: {
  "error": {
    "code": 1,
    "message": "API error: usage limit exceeded, daily usage limit reached for Token Plan Hs_max (100/100 used), resets at 2026-05-18T00:00:00+08:00 (HTTP 200)"
  }
}
[2026-05-17 10:23:08] [Music] 第1063章音乐生成失败
[2026-05-17 10:23:08] [Music] 开始处理第1069章: 棋手的邀请
[2026-05-17 10:23:14] [Music] 配额不足: {
  "error": {
    "code": 1,
    "message": "API error: usage limit exceeded, daily usage limit reached for Token Plan Hs_max (100/100 used), resets at 2026-05-18T00:00:00+08:00 (HTTP 200)"
  }
}
[2026-05-17 10:23:14] [Music] 第1066章音乐生成失败
[2026-05-17 10:23:14] [Music] 开始处理第1070章: 归途的噩梦
[2026-05-17 10:23:23] [Music] 第1065章歌词生成失败
[2026-05-17 10:23:23] [Music] 开始处理第1071章: 绝望主妇的降临
[2026-05-17 10:23:31] [Music] 配额不足: {
  "error": {
    "code": 1,
    "message": "API error: usage limit exceeded, daily usage limit reached for Token Plan Hs_max (100/100 used), resets at 2026-05-18T00:00:00+08:00 (HTTP 200)"
  }
}
[2026-05-17 10:23:31] [Music] 第1067章音乐生成失败
[2026-05-17 10:23:31] [Music] 开始处理第1072章: 破碎家庭的诅咒
[2026-05-17 10:23:34] [Music] 配额不足: {
  "error": {
    "code": 1,
    "message": "API error: usage limit exceeded, daily usage limit reached for Token Plan Hs_max (100/100 used), resets at 2026-05-18T00:00:00+08:00 (HTTP 200)"
  }
}
[2026-05-17 10:23:34] [Music] 第1068章音乐生成失败
[2026-05-17 10:23:34] [Music] 开始处理第1073章: 母亲的执念
[2026-05-17 10:23:37] [Music] 配额不足: {
  "error": {
    "code": 1,
    "message": "API error: usage limit exceeded, daily usage limit reached for Token Plan Hs_max (100/100 used), resets at 2026-05-18T00:00:00+08:00 (HTTP 200)"
  }
}
[2026-05-17 10:23:37] [Music] 第1069章音乐生成失败
[2026-05-17 10:23:37] [Music] 开始处理第1074章: 全球警报
[2026-05-17 10:23:42] [Music] 配额不足: {
  "error": {
    "code": 1,
    "message": "API error: usage limit exceeded, daily usage limit reached for Token Plan Hs_max (100/100 used), resets at 2026-05-18T00:00:00+08:00 (HTTP 200)"
  }
}
[2026-05-17 10:23:42] [Music] 第1070章音乐生成失败
[2026-05-17 10:23:42] [Music] 开始处理第1075章: 最后的会议
[2026-05-17 10:23:51] [Music] 配额不足: {
  "error": {
    "code": 1,
    "message": "API error: usage limit exceeded, daily usage limit reached for Token Plan Hs_max (100/100 used), resets at 2026-05-18T00:00:00+08:00 (HTTP 200)"
  }
}
[2026-05-17 10:23:51] [Music] 第1071章音乐生成失败
[2026-05-17 10:23:51] [Music] 开始处理第1076章: 苏小曼的失踪
[2026-05-17 10:24:00] [Music] 配额不足: {
  "error": {
    "code": 1,
    "message": "API error: usage limit exceeded, daily usage limit reached for Token Plan Hs_max (100/100 used), resets at 2026-05-18T00:00:00+08:00 (HTTP 200)"
  }
}
[2026-05-17 10:24:00] [Music] 第1072章音乐生成失败
[2026-05-17 10:24:00] [Music] 开始处理第1077章: 重返枯井村
[2026-05-17 10:24:03] [Music] 配额不足: {
  "error": {
    "code": 1,
    "message": "API error: usage limit exceeded, daily usage limit reached for Token Plan Hs_max (100/100 used), resets at 2026-05-18T00:00:00+08:00 (HTTP 200)"
  }
}
[2026-05-17 10:24:03] [Music] 第1073章音乐生成失败
[2026-05-17 10:24:03] [Music] 开始处理第1078章: 交易与牺牲
[2026-05-17 10:24:17] [Music] 配额不足: {
  "error": {
    "code": 1,
    "message": "API error: usage limit exceeded, daily usage limit reached for Token Plan Hs_max (100/100 used), resets at 2026-05-18T00:00:00+08:00 (HTTP 200)"
  }
}
[2026-05-17 10:24:17] [Music] 第1075章音乐生成失败
[2026-05-17 10:24:17] [Music] 开始处理第1079章: 记忆的代价
[2026-05-17 10:24:17] [Music] 配额不足: {
  "error": {
    "code": 1,
    "message": "API error: usage limit exceeded, daily usage limit reached for Token Plan Hs_max (100/100 used), resets at 2026-05-18T00:00:00+08:00 (HTTP 200)"
  }
}
[2026-05-17 10:24:17] [Music] 第1076章音乐生成失败
[2026-05-17 10:24:17] [Music] 开始处理第1080章: 终焉的序曲
[2026-05-17 10:24:18] [Music] 第1074章歌词生成失败
[2026-05-17 10:24:18] [Music] 开始处理第1081章: 黄泉路的入口
[2026-05-17 10:24:31] [Music] 配额不足: {
  "error": {
    "code": 1,
    "message": "API error: usage limit exceeded, daily usage limit reached for Token Plan Hs_max (100/100 used), resets at 2026-05-18T00:00:00+08:00 (HTTP 200)"
  }
}
[2026-05-17 10:24:31] [Music] 第1078章音乐生成失败
[2026-05-17 10:24:31] [Music] 开始处理第1082章: 回头的诱惑
[2026-05-17 10:24:34] [Music] 配额不足: {
  "error": {
    "code": 1,
    "message": "API error: usage limit exceeded, daily usage limit reached for Token Plan Hs_max (100/100 used), resets at 2026-05-18T00:00:00+08:00 (HTTP 200)"
  }
}
[2026-05-17 10:24:34] [Music] 第1077章音乐生成失败
[2026-05-17 10:24:34] [Music] 开始处理第1083章: 故人的墓
[2026-05-17 10:24:37] [Music] 配额不足: {
  "error": {
    "code": 1,
    "message": "API error: usage limit exceeded, daily usage limit reached for Token Plan Hs_max (100/100 used), resets at 2026-05-18T00:00:00+08:00 (HTTP 200)"
  }
}
[2026-05-17 10:24:37] [Music] 第1079章音乐生成失败
[2026-05-17 10:24:37] [Music] 开始处理第1084章: 不归的选择
[2026-05-17 10:24:45] [Music] 配额不足: {
  "error": {
    "code": 1,
    "message": "API error: usage limit exceeded, daily usage limit reached for Token Plan Hs_max (100/100 used), resets at 2026-05-18T00:00:00+08:00 (HTTP 200)"
  }
}
[2026-05-17 10:24:45] [Music] 第1080章音乐生成失败
[2026-05-17 10:24:45] [Music] 开始处理第1085章: 外婆的声音
[2026-05-17 10:24:50] [Music] 配额不足: {
  "error": {
    "code": 1,
    "message": "API error: usage limit exceeded, daily usage limit reached for Token Plan Hs_max (100/100 used), resets at 2026-05-18T00:00:00+08:00 (HTTP 200)"
  }
}
[2026-05-17 10:24:50] [Music] 第1081章音乐生成失败
[2026-05-17 10:24:50] [Music] 开始处理第1086章: 灯笼下的亡魂
[2026-05-17 10:24:55] [Music] 配额不足: {
  "error": {
    "code": 1,
    "message": "API error: usage limit exceeded, daily usage limit reached for Token Plan Hs_max (100/100 used), resets at 2026-05-18T00:00:00+08:00 (HTTP 200)"
  }
}
[2026-05-17 10:24:55] [Music] 第1082章音乐生成失败
[2026-05-17 10:25:07] [Music] 配额不足: {
  "error": {
    "code": 1,
    "message": "API error: usage limit exceeded, daily usage limit reached for Token Plan Hs_max (100/100 used), resets at 2026-05-18T00:00:00+08:00 (HTTP 200)"
  }
}
[2026-05-17 10:25:07] [Music] 第1083章音乐生成失败
[2026-05-17 10:25:14] [Music] 第1084章歌词生成失败
[2026-05-17 10:25:19] [Music] 配额不足: {
  "error": {
    "code": 1,
    "message": "API error: usage limit exceeded, daily usage limit reached for Token Plan Hs_max (100/100 used), resets at 2026-05-18T00:00:00+08:00 (HTTP 200)"
  }
}
[2026-05-17 10:25:19] [Music] 第1086章音乐生成失败
[2026-05-17 10:26:34] [Music] 配额不足: {
  "error": {
    "code": 1,
    "message": "API error: usage limit exceeded, daily usage limit reached for Token Plan Hs_max (100/100 used), resets at 2026-05-18T00:00:00+08:00 (HTTP 200)"
  }
}
[2026-05-17 10:26:34] [Music] 第1085章音乐生成失败
[2026-05-17 10:26:34] [Music] 批次完成: 成功 0, 失败 50
[2026-05-17 10:26:34] [Music] 累计: 成功 62, 失败 988
[2026-05-17 10:26:34] [Music] 批次间休息30秒...
[2026-05-17 10:27:04] [Music] 处理批次 22/40, 本批 50 章
[2026-05-17 10:27:04] [Music] 开始处理第1089章: 黑暗中的追逐
[2026-05-17 10:27:04] [Music] 开始处理第1087章: 生死的名册
[2026-05-17 10:27:04] [Music] 开始处理第1088章: 不该存在的人
[2026-05-17 10:27:04] [Music] 开始处理第1090章: 鬼门关前
[2026-05-17 10:27:04] [Music] 开始处理第1091章: 门后的世界
[2026-05-17 10:27:32] [Music] 配额不足: {
  "error": {
    "code": 1,
    "message": "API error: usage limit exceeded, daily usage limit reached for Token Plan Hs_max (100/100 used), resets at 2026-05-18T00:00:00+08:00 (HTTP 200)"
  }
}
[2026-05-17 10:27:32] [Music] 第1088章音乐生成失败
[2026-05-17 10:27:32] [Music] 开始处理第1092章: 棋手的真面目
[2026-05-17 10:27:34] [Music] 配额不足: {
  "error": {
    "code": 1,
    "message": "API error: usage limit exceeded, daily usage limit reached for Token Plan Hs_max (100/100 used), resets at 2026-05-18T00:00:00+08:00 (HTTP 200)"
  }
}
[2026-05-17 10:27:34] [Music] 第1089章音乐生成失败
[2026-05-17 10:27:34] [Music] 开始处理第1093章: 外婆的选择
[2026-05-17 10:27:38] [Music] 配额不足: {
  "error": {
    "code": 1,
    "message": "API error: usage limit exceeded, daily usage limit reached for Token Plan Hs_max (100/100 used), resets at 2026-05-18T00:00:00+08:00 (HTTP 200)"
  }
}
[2026-05-17 10:27:38] [Music] 第1090章音乐生成失败
[2026-05-17 10:27:38] [Music] 开始处理第1094章: 融合的代价
[2026-05-17 10:27:39] [Music] 配额不足: {
  "error": {
    "code": 1,
    "message": "API error: usage limit exceeded, daily usage limit reached for Token Plan Hs_max (100/100 used), resets at 2026-05-18T00:00:00+08:00 (HTTP 200)"
  }
}
[2026-05-17 10:27:39] [Music] 第1091章音乐生成失败
[2026-05-17 10:27:39] [Music] 开始处理第1095章: 复苏会的袭击
[2026-05-17 10:27:57] [Music] 配额不足: {
  "error": {
    "code": 1,
    "message": "API error: usage limit exceeded, daily usage limit reached for Token Plan Hs_max (100/100 used), resets at 2026-05-18T00:00:00+08:00 (HTTP 200)"
  }
}
[2026-05-17 10:27:57] [Music] 第1087章音乐生成失败
[2026-05-17 10:27:57] [Music] 开始处理第1096章: 替身的极限
[2026-05-17 10:28:00] [Music] 配额不足: {
  "error": {
    "code": 1,
    "message": "API error: usage limit exceeded, daily usage limit reached for Token Plan Hs_max (100/100 used), resets at 2026-05-18T00:00:00+08:00 (HTTP 200)"
  }
}
[2026-05-17 10:28:00] [Music] 第1093章音乐生成失败
[2026-05-17 10:28:00] [Music] 开始处理第1097章: 门的选择
[2026-05-17 10:28:02] [Music] 配额不足: {
  "error": {
    "code": 1,
    "message": "API error: usage limit exceeded, daily usage limit reached for Token Plan Hs_max (100/100 used), resets at 2026-05-18T00:00:00+08:00 (HTTP 200)"
  }
}
[2026-05-17 10:28:02] [Music] 第1092章音乐生成失败
[2026-05-17 10:28:02] [Music] 开始处理第1098章: 半人半门
[2026-05-17 10:28:08] [Music] 配额不足: {
  "error": {
    "code": 1,
    "message": "API error: usage limit exceeded, daily usage limit reached for Token Plan Hs_max (100/100 used), resets at 2026-05-18T00:00:00+08:00 (HTTP 200)"
  }
}
[2026-05-17 10:28:08] [Music] 第1095章音乐生成失败
[2026-05-17 10:28:08] [Music] 开始处理第1099章: 原罪的真相
[2026-05-17 10:28:09] [Music] 配额不足: {
  "error": {
    "code": 1,
    "message": "API error: usage limit exceeded, daily usage limit reached for Token Plan Hs_max (100/100 used), resets at 2026-05-18T00:00:00+08:00 (HTTP 200)"
  }
}
[2026-05-17 10:28:09] [Music] 第1094章音乐生成失败
[2026-05-17 10:28:09] [Music] 开始处理第1100章: 第三条路
[2026-05-17 10:28:24] [Music] 配额不足: {
  "error": {
    "code": 1,
    "message": "API error: usage limit exceeded, daily usage limit reached for Token Plan Hs_max (100/100 used), resets at 2026-05-18T00:00:00+08:00 (HTTP 200)"
  }
}
[2026-05-17 10:28:24] [Music] 第1096章音乐生成失败
[2026-05-17 10:28:24] [Music] 开始处理第1101章: 黄泉路的尽头
[2026-05-17 10:28:25] [Music] 配额不足: {
  "error": {
    "code": 1,
    "message": "API error: usage limit exceeded, daily usage limit reached for Token Plan Hs_max (100/100 used), resets at 2026-05-18T00:00:00+08:00 (HTTP 200)"
  }
}
[2026-05-17 10:28:25] [Music] 第1098章音乐生成失败
[2026-05-17 10:28:25] [Music] 开始处理第1102章: 守门人
[2026-05-17 10:28:31] [Music] 配额不足: {
  "error": {
    "code": 1,
    "message": "API error: usage limit exceeded, daily usage limit reached for Token Plan Hs_max (100/100 used), resets at 2026-05-18T00:00:00+08:00 (HTTP 200)"
  }
}
[2026-05-17 10:28:31] [Music] 第1100章音乐生成失败
[2026-05-17 10:28:31] [Music] 开始处理第1103章: 门开了
[2026-05-17 10:28:34] [Music] 配额不足: {
  "error": {
    "code": 1,
    "message": "API error: usage limit exceeded, daily usage limit reached for Token Plan Hs_max (100/100 used), resets at 2026-05-18T00:00:00+08:00 (HTTP 200)"
  }
}
[2026-05-17 10:28:34] [Music] 第1099章音乐生成失败
[2026-05-17 10:28:34] [Music] 开始处理第1104章: 记忆的牢笼
[2026-05-17 10:28:35] [Music] 配额不足: {
  "error": {
    "code": 1,
    "message": "API error: usage limit exceeded, daily usage limit reached for Token Plan Hs_max (100/100 used), resets at 2026-05-18T00:00:00+08:00 (HTTP 200)"
  }
}
[2026-05-17 10:28:35] [Music] 第1097章音乐生成失败
[2026-05-17 10:28:35] [Music] 开始处理第1105章: 外婆的声音
[2026-05-17 10:28:49] [Music] 配额不足: {
  "error": {
    "code": 1,
    "message": "API error: usage limit exceeded, daily usage limit reached for Token Plan Hs_max (100/100 used), resets at 2026-05-18T00:00:00+08:00 (HTTP 200)"
  }
}
[2026-05-17 10:28:49] [Music] 第1101章音乐生成失败
[2026-05-17 10:28:49] [Music] 开始处理第1106章: 棋手的棋盘
[2026-05-17 10:28:51] [Music] 配额不足: {
  "error": {
    "code": 1,
    "message": "API error: usage limit exceeded, daily usage limit reached for Token Plan Hs_max (100/100 used), resets at 2026-05-18T00:00:00+08:00 (HTTP 200)"
  }
}
[2026-05-17 10:28:51] [Music] 第1103章音乐生成失败
[2026-05-17 10:28:51] [Music] 开始处理第1107章: 镜中倒影
[2026-05-17 10:28:51] [Music] 配额不足: {
  "error": {
    "code": 1,
    "message": "API error: usage limit exceeded, daily usage limit reached for Token Plan Hs_max (100/100 used), resets at 2026-05-18T00:00:00+08:00 (HTTP 200)"
  }
}
[2026-05-17 10:28:51] [Music] 第1102章音乐生成失败
[2026-05-17 10:28:51] [Music] 开始处理第1108章: 觉醒
[2026-05-17 10:28:59] [Music] 配额不足: {
  "error": {
    "code": 1,
    "message": "API error: usage limit exceeded, daily usage limit reached for Token Plan Hs_max (100/100 used), resets at 2026-05-18T00:00:00+08:00 (HTTP 200)"
  }
}
[2026-05-17 10:28:59] [Music] 第1105章音乐生成失败
[2026-05-17 10:28:59] [Music] 开始处理第1109章: 侵蚀加速
[2026-05-17 10:29:02] [Music] 第1104章歌词生成失败
[2026-05-17 10:29:02] [Music] 开始处理第1110章: 绝望主妇
[2026-05-17 10:29:14] [Music] 配额不足: {
  "error": {
    "code": 1,
    "message": "API error: usage limit exceeded, daily usage limit reached for Token Plan Hs_max (100/100 used), resets at 2026-05-18T00:00:00+08:00 (HTTP 200)"
  }
}
[2026-05-17 10:29:14] [Music] 第1106章音乐生成失败
[2026-05-17 10:29:14] [Music] 开始处理第1111章: 破碎的家
[2026-05-17 10:29:15] [Music] 配额不足: {
  "error": {
    "code": 1,
    "message": "API error: usage limit exceeded, daily usage limit reached for Token Plan Hs_max (100/100 used), resets at 2026-05-18T00:00:00+08:00 (HTTP 200)"
  }
}
[2026-05-17 10:29:15] [Music] 第1107章音乐生成失败
[2026-05-17 10:29:15] [Music] 开始处理第1112章: 拼图的碎片
[2026-05-17 10:29:20] [Music] 配额不足: {
  "error": {
    "code": 1,
    "message": "API error: usage limit exceeded, daily usage limit reached for Token Plan Hs_max (100/100 used), resets at 2026-05-18T00:00:00+08:00 (HTTP 200)"
  }
}
[2026-05-17 10:29:20] [Music] 第1108章音乐生成失败
[2026-05-17 10:29:20] [Music] 开始处理第1113章: 沉默疗养院
[2026-05-17 10:29:25] [Music] 配额不足: {
  "error": {
    "code": 1,
    "message": "API error: usage limit exceeded, daily usage limit reached for Token Plan Hs_max (100/100 used), resets at 2026-05-18T00:00:00+08:00 (HTTP 200)"
  }
}
[2026-05-17 10:29:25] [Music] 第1110章音乐生成失败
[2026-05-17 10:29:25] [Music] 开始处理第1114章: 无声的尖叫
[2026-05-17 10:29:30] [Music] 配额不足: {
  "error": {
    "code": 1,
    "message": "API error: usage limit exceeded, daily usage limit reached for Token Plan Hs_max (100/100 used), resets at 2026-05-18T00:00:00+08:00 (HTTP 200)"
  }
}
[2026-05-17 10:29:30] [Music] 第1109章音乐生成失败
[2026-05-17 10:29:30] [Music] 开始处理第1115章: 独白
[2026-05-17 10:29:49] [Music] 配额不足: {
  "error": {
    "code": 1,
    "message": "API error: usage limit exceeded, daily usage limit reached for Token Plan Hs_max (100/100 used), resets at 2026-05-18T00:00:00+08:00 (HTTP 200)"
  }
}
[2026-05-17 10:29:49] [Music] 第1114章音乐生成失败
[2026-05-17 10:29:49] [Music] 开始处理第1116章: 白夜的警告
[2026-05-17 10:29:49] [Music] 配额不足: {
  "error": {
    "code": 1,
    "message": "API error: usage limit exceeded, daily usage limit reached for Token Plan Hs_max (100/100 used), resets at 2026-05-18T00:00:00+08:00 (HTTP 200)"
  }
}
[2026-05-17 10:29:49] [Music] 第1111章音乐生成失败
[2026-05-17 10:29:49] [Music] 开始处理第1117章: 棋手的邀请
[2026-05-17 10:29:53] [Music] 配额不足: {
  "error": {
    "code": 1,
    "message": "API error: usage limit exceeded, daily usage limit reached for Token Plan Hs_max (100/100 used), resets at 2026-05-18T00:00:00+08:00 (HTTP 200)"
  }
}
[2026-05-17 10:29:53] [Music] 第1112章音乐生成失败
[2026-05-17 10:29:53] [Music] 开始处理第1118章: 拒绝
[2026-05-17 10:30:00] [Music] 配额不足: {
  "error": {
    "code": 1,
    "message": "API error: usage limit exceeded, daily usage limit reached for Token Plan Hs_max (100/100 used), resets at 2026-05-18T00:00:00+08:00 (HTTP 200)"
  }
}
[2026-05-17 10:30:00] [Music] 第1115章音乐生成失败
[2026-05-17 10:30:00] [Music] 开始处理第1119章: 一个月
[2026-05-17 10:30:01] [Music] 配额不足: {
  "error": {
    "code": 1,
    "message": "API error: usage limit exceeded, daily usage limit reached for Token Plan Hs_max (100/100 used), resets at 2026-05-18T00:00:00+08:00 (HTTP 200)"
  }
}
[2026-05-17 10:30:01] [Music] 第1113章音乐生成失败
[2026-05-17 10:30:01] [Music] 开始处理第1120章: 轮回的传说
[2026-05-17 10:30:20] [Music] 配额不足: {
  "error": {
    "code": 1,
    "message": "API error: usage limit exceeded, daily usage limit reached for Token Plan Hs_max (100/100 used), resets at 2026-05-18T00:00:00+08:00 (HTTP 200)"
  }
}
[2026-05-17 10:30:20] [Music] 第1116章音乐生成失败
[2026-05-17 10:30:20] [Music] 开始处理第1121章: 轮回的真相
[2026-05-17 10:30:20] [Music] 配额不足: {
  "error": {
    "code": 1,
    "message": "API error: usage limit exceeded, daily usage limit reached for Token Plan Hs_max (100/100 used), resets at 2026-05-18T00:00:00+08:00 (HTTP 200)"
  }
}
[2026-05-17 10:30:20] [Music] 第1117章音乐生成失败
[2026-05-17 10:30:20] [Music] 开始处理第1122章: 消失的村庄
[2026-05-17 10:30:26] [Music] 配额不足: {
  "error": {
    "code": 1,
    "message": "API error: usage limit exceeded, daily usage limit reached for Token Plan Hs_max (100/100 used), resets at 2026-05-18T00:00:00+08:00 (HTTP 200)"
  }
}
[2026-05-17 10:30:26] [Music] 第1118章音乐生成失败
[2026-05-17 10:30:26] [Music] 开始处理第1123章: 空壳复活
[2026-05-17 10:30:27] [Music] 配额不足: {
  "error": {
    "code": 1,
    "message": "API error: usage limit exceeded, daily usage limit reached for Token Plan Hs_max (100/100 used), resets at 2026-05-18T00:00:00+08:00 (HTTP 200)"
  }
}
[2026-05-17 10:30:27] [Music] 第1120章音乐生成失败
[2026-05-17 10:30:27] [Music] 开始处理第1124章: 轮回的诱饵
[2026-05-17 10:30:33] [Music] 配额不足: {
  "error": {
    "code": 1,
    "message": "API error: usage limit exceeded, daily usage limit reached for Token Plan Hs_max (100/100 used), resets at 2026-05-18T00:00:00+08:00 (HTTP 200)"
  }
}
[2026-05-17 10:30:33] [Music] 第1119章音乐生成失败
[2026-05-17 10:30:33] [Music] 开始处理第1125章: 重返大山市
[2026-05-17 10:30:43] [Music] 配额不足: {
  "error": {
    "code": 1,
    "message": "API error: usage limit exceeded, daily usage limit reached for Token Plan Hs_max (100/100 used), resets at 2026-05-18T00:00:00+08:00 (HTTP 200)"
  }
}
[2026-05-17 10:30:43] [Music] 第1121章音乐生成失败
[2026-05-17 10:30:43] [Music] 开始处理第1126章: 苏醒的代价
[2026-05-17 10:30:49] [Music] 配额不足: {
  "error": {
    "code": 1,
    "message": "API error: usage limit exceeded, daily usage limit reached for Token Plan Hs_max (100/100 used), resets at 2026-05-18T00:00:00+08:00 (HTTP 200)"
  }
}
[2026-05-17 10:30:49] [Music] 第1123章音乐生成失败
[2026-05-17 10:30:49] [Music] 开始处理第1127章: 记忆的裂痕
[2026-05-17 10:30:50] [Music] 配额不足: {
  "error": {
    "code": 1,
    "message": "API error: usage limit exceeded, daily usage limit reached for Token Plan Hs_max (100/100 used), resets at 2026-05-18T00:00:00+08:00 (HTTP 200)"
  }
}
[2026-05-17 10:30:50] [Music] 第1122章音乐生成失败
[2026-05-17 10:30:50] [Music] 开始处理第1128章: 87%的真相
[2026-05-17 10:30:56] [Music] 配额不足: {
  "error": {
    "code": 1,
    "message": "API error: usage limit exceeded, daily usage limit reached for Token Plan Hs_max (100/100 used), resets at 2026-05-18T00:00:00+08:00 (HTTP 200)"
  }
}
[2026-05-17 10:30:56] [Music] 第1124章音乐生成失败
[2026-05-17 10:30:56] [Music] 开始处理第1129章: 废弃档案馆
[2026-05-17 10:31:04] [Music] 配额不足: {
  "error": {
    "code": 1,
    "message": "API error: usage limit exceeded, daily usage limit reached for Token Plan Hs_max (100/100 used), resets at 2026-05-18T00:00:00+08:00 (HTTP 200)"
  }
}
[2026-05-17 10:31:04] [Music] 第1125章音乐生成失败
[2026-05-17 10:31:04] [Music] 开始处理第1130章: 档案鬼
[2026-05-17 10:31:09] [Music] 配额不足: {
  "error": {
    "code": 1,
    "message": "API error: usage limit exceeded, daily usage limit reached for Token Plan Hs_max (100/100 used), resets at 2026-05-18T00:00:00+08:00 (HTTP 200)"
  }
}
[2026-05-17 10:31:09] [Music] 第1126章音乐生成失败
[2026-05-17 10:31:09] [Music] 开始处理第1131章: 记忆的牢笼
[2026-05-17 10:31:11] [Music] 配额不足: {
  "error": {
    "code": 1,
    "message": "API error: usage limit exceeded, daily usage limit reached for Token Plan Hs_max (100/100 used), resets at 2026-05-18T00:00:00+08:00 (HTTP 200)"
  }
}
[2026-05-17 10:31:11] [Music] 第1128章音乐生成失败
[2026-05-17 10:31:11] [Music] 开始处理第1132章: 核心区域
[2026-05-17 10:31:15] [Music] 配额不足: {
  "error": {
    "code": 1,
    "message": "API error: usage limit exceeded, daily usage limit reached for Token Plan Hs_max (100/100 used), resets at 2026-05-18T00:00:00+08:00 (HTTP 200)"
  }
}
[2026-05-17 10:31:15] [Music] 第1127章音乐生成失败
[2026-05-17 10:31:15] [Music] 开始处理第1133章: 黎明之子
[2026-05-17 10:31:26] [Music] 配额不足: {
  "error": {
    "code": 1,
    "message": "API error: usage limit exceeded, daily usage limit reached for Token Plan Hs_max (100/100 used), resets at 2026-05-18T00:00:00+08:00 (HTTP 200)"
  }
}
[2026-05-17 10:31:26] [Music] 第1129章音乐生成失败
[2026-05-17 10:31:26] [Music] 开始处理第1134章: 守护者的真相
[2026-05-17 10:31:34] [Music] 配额不足: {
  "error": {
    "code": 1,
    "message": "API error: usage limit exceeded, daily usage limit reached for Token Plan Hs_max (100/100 used), resets at 2026-05-18T00:00:00+08:00 (HTTP 200)"
  }
}
[2026-05-17 10:31:34] [Music] 第1130章音乐生成失败
[2026-05-17 10:31:34] [Music] 开始处理第1135章: 拒绝的代价
[2026-05-17 10:31:37] [Music] 配额不足: {
  "error": {
    "code": 1,
    "message": "API error: usage limit exceeded, daily usage limit reached for Token Plan Hs_max (100/100 used), resets at 2026-05-18T00:00:00+08:00 (HTTP 200)"
  }
}
[2026-05-17 10:31:37] [Music] 第1132章音乐生成失败
[2026-05-17 10:31:37] [Music] 开始处理第1136章: 逃亡之路
[2026-05-17 10:31:38] [Music] 配额不足: {
  "error": {
    "code": 1,
    "message": "API error: usage limit exceeded, daily usage limit reached for Token Plan Hs_max (100/100 used), resets at 2026-05-18T00:00:00+08:00 (HTTP 200)"
  }
}
[2026-05-17 10:31:38] [Music] 第1133章音乐生成失败
[2026-05-17 10:31:39] [Music] 配额不足: {
  "error": {
    "code": 1,
    "message": "API error: usage limit exceeded, daily usage limit reached for Token Plan Hs_max (100/100 used), resets at 2026-05-18T00:00:00+08:00 (HTTP 200)"
  }
}
[2026-05-17 10:31:39] [Music] 第1131章音乐生成失败
[2026-05-17 10:31:52] [Music] 配额不足: {
  "error": {
    "code": 1,
    "message": "API error: usage limit exceeded, daily usage limit reached for Token Plan Hs_max (100/100 used), resets at 2026-05-18T00:00:00+08:00 (HTTP 200)"
  }
}
[2026-05-17 10:31:52] [Music] 第1134章音乐生成失败
[2026-05-17 10:31:57] [Music] 配额不足: {
  "error": {
    "code": 1,
    "message": "API error: usage limit exceeded, daily usage limit reached for Token Plan Hs_max (100/100 used), resets at 2026-05-18T00:00:00+08:00 (HTTP 200)"
  }
}
[2026-05-17 10:31:57] [Music] 第1135章音乐生成失败
[2026-05-17 10:32:12] [Music] 配额不足: {
  "error": {
    "code": 1,
    "message": "API error: usage limit exceeded, daily usage limit reached for Token Plan Hs_max (100/100 used), resets at 2026-05-18T00:00:00+08:00 (HTTP 200)"
  }
}
[2026-05-17 10:32:12] [Music] 第1136章音乐生成失败
[2026-05-17 10:32:12] [Music] 批次完成: 成功 0, 失败 50
[2026-05-17 10:32:12] [Music] 累计: 成功 62, 失败 1038
[2026-05-17 10:32:12] [Music] 批次间休息30秒...
[2026-05-17 10:32:42] [Music] 处理批次 23/40, 本批 50 章
[2026-05-17 10:32:42] [Music] 开始处理第1137章: 归途
[2026-05-17 10:32:42] [Music] 开始处理第1138章: 黎明将至
[2026-05-17 10:32:42] [Music] 开始处理第1139章: 黄昏序曲
[2026-05-17 10:32:42] [Music] 开始处理第1141章: 黄泉路的尽头
[2026-05-17 10:32:42] [Music] 开始处理第1140章: 分兵北上
[2026-05-17 10:33:08] [Music] 配额不足: {
  "error": {
    "code": 1,
    "message": "API error: usage limit exceeded, daily usage limit reached for Token Plan Hs_max (100/100 used), resets at 2026-05-18T00:00:00+08:00 (HTTP 200)"
  }
}
[2026-05-17 10:33:08] [Music] 第1138章音乐生成失败
[2026-05-17 10:33:08] [Music] 开始处理第1142章: 故人的残影
[2026-05-17 10:33:10] [Music] 配额不足: {
  "error": {
    "code": 1,
    "message": "API error: usage limit exceeded, daily usage limit reached for Token Plan Hs_max (100/100 used), resets at 2026-05-18T00:00:00+08:00 (HTTP 200)"
  }
}
[2026-05-17 10:33:10] [Music] 第1139章音乐生成失败
[2026-05-17 10:33:10] [Music] 开始处理第1143章: 守夜人的追踪
[2026-05-17 10:33:11] [Music] 配额不足: {
  "error": {
    "code": 1,
    "message": "API error: usage limit exceeded, daily usage limit reached for Token Plan Hs_max (100/100 used), resets at 2026-05-18T00:00:00+08:00 (HTTP 200)"
  }
}
[2026-05-17 10:33:11] [Music] 第1137章音乐生成失败
[2026-05-17 10:33:11] [Music] 开始处理第1144章: 阴阳交界处的规则
[2026-05-17 10:33:12] [Music] 配额不足: {
  "error": {
    "code": 1,
    "message": "API error: usage limit exceeded, daily usage limit reached for Token Plan Hs_max (100/100 used), resets at 2026-05-18T00:00:00+08:00 (HTTP 200)"
  }
}
[2026-05-17 10:33:12] [Music] 第1140章音乐生成失败
[2026-05-17 10:33:12] [Music] 开始处理第1145章: 鬼门关的封印
[2026-05-17 10:33:14] [Music] 配额不足: {
  "error": {
    "code": 1,
    "message": "API error: usage limit exceeded, daily usage limit reached for Token Plan Hs_max (100/100 used), resets at 2026-05-18T00:00:00+08:00 (HTTP 200)"
  }
}
[2026-05-17 10:33:14] [Music] 第1141章音乐生成失败
[2026-05-17 10:33:14] [Music] 开始处理第1146章: 复苏会的祭坛
[2026-05-17 10:33:40] [Music] 配额不足: {
  "error": {
    "code": 1,
    "message": "API error: usage limit exceeded, daily usage limit reached for Token Plan Hs_max (100/100 used), resets at 2026-05-18T00:00:00+08:00 (HTTP 200)"
  }
}
[2026-05-17 10:33:40] [Music] 第1145章音乐生成失败
[2026-05-17 10:33:40] [Music] 开始处理第1147章: 外婆的真相
[2026-05-17 10:33:41] [Music] 配额不足: {
  "error": {
    "code": 1,
    "message": "API error: usage limit exceeded, daily usage limit reached for Token Plan Hs_max (100/100 used), resets at 2026-05-18T00:00:00+08:00 (HTTP 200)"
  }
}
[2026-05-17 10:33:41] [Music] 第1146章音乐生成失败
[2026-05-17 10:33:41] [Music] 开始处理第1148章: 外婆的拼图
[2026-05-17 10:33:43] [Music] 配额不足: {
  "error": {
    "code": 1,
    "message": "API error: usage limit exceeded, daily usage limit reached for Token Plan Hs_max (100/100 used), resets at 2026-05-18T00:00:00+08:00 (HTTP 200)"
  }
}
[2026-05-17 10:33:43] [Music] 第1144章音乐生成失败
[2026-05-17 10:33:43] [Music] 开始处理第1149章: 林婉儿的追踪
[2026-05-17 10:33:44] [Music] 配额不足: {
  "error": {
    "code": 1,
    "message": "API error: usage limit exceeded, daily usage limit reached for Token Plan Hs_max (100/100 used), resets at 2026-05-18T00:00:00+08:00 (HTTP 200)"
  }
}
[2026-05-17 10:33:44] [Music] 第1143章音乐生成失败
[2026-05-17 10:33:44] [Music] 开始处理第1150章: 林婉儿的发现
[2026-05-17 10:33:52] [Music] 第1142章歌词生成失败
[2026-05-17 10:33:52] [Music] 开始处理第1151章: 顾清雨的牺牲
[2026-05-17 10:34:01] [Music] 配额不足: {
  "error": {
    "code": 1,
    "message": "API error: usage limit exceeded, daily usage limit reached for Token Plan Hs_max (100/100 used), resets at 2026-05-18T00:00:00+08:00 (HTTP 200)"
  }
}
[2026-05-17 10:34:01] [Music] 第1147章音乐生成失败
[2026-05-17 10:34:01] [Music] 开始处理第1152章: 陈医生的抉择
[2026-05-17 10:34:06] [Music] 配额不足: {
  "error": {
    "code": 1,
    "message": "API error: usage limit exceeded, daily usage limit reached for Token Plan Hs_max (100/100 used), resets at 2026-05-18T00:00:00+08:00 (HTTP 200)"
  }
}
[2026-05-17 10:34:06] [Music] 第1150章音乐生成失败
[2026-05-17 10:34:06] [Music] 开始处理第1153章: 名字的秘密
[2026-05-17 10:34:14] [Music] 配额不足: {
  "error": {
    "code": 1,
    "message": "API error: usage limit exceeded, daily usage limit reached for Token Plan Hs_max (100/100 used), resets at 2026-05-18T00:00:00+08:00 (HTTP 200)"
  }
}
[2026-05-17 10:34:14] [Music] 第1149章音乐生成失败
[2026-05-17 10:34:14] [Music] 开始处理第1154章: 共振的代价
[2026-05-17 10:34:17] [Music] 配额不足: {
  "error": {
    "code": 1,
    "message": "API error: usage limit exceeded, daily usage limit reached for Token Plan Hs_max (100/100 used), resets at 2026-05-18T00:00:00+08:00 (HTTP 200)"
  }
}
[2026-05-17 10:34:17] [Music] 第1148章音乐生成失败
[2026-05-17 10:34:17] [Music] 开始处理第1155章: 钟无艳的召集
[2026-05-17 10:34:18] [Music] 配额不足: {
  "error": {
    "code": 1,
    "message": "API error: usage limit exceeded, daily usage limit reached for Token Plan Hs_max (100/100 used), resets at 2026-05-18T00:00:00+08:00 (HTTP 200)"
  }
}
[2026-05-17 10:34:18] [Music] 第1151章音乐生成失败
[2026-05-17 10:34:18] [Music] 开始处理第1156章: 御鬼者的集结
[2026-05-17 10:34:22] [Music] 配额不足: {
  "error": {
    "code": 1,
    "message": "API error: usage limit exceeded, daily usage limit reached for Token Plan Hs_max (100/100 used), resets at 2026-05-18T00:00:00+08:00 (HTTP 200)"
  }
}
[2026-05-17 10:34:22] [Music] 第1152章音乐生成失败
[2026-05-17 10:34:22] [Music] 开始处理第1157章: 内鬼现形
[2026-05-17 10:34:39] [Music] 配额不足: {
  "error": {
    "code": 1,
    "message": "API error: usage limit exceeded, daily usage limit reached for Token Plan Hs_max (100/100 used), resets at 2026-05-18T00:00:00+08:00 (HTTP 200)"
  }
}
[2026-05-17 10:34:39] [Music] 第1153章音乐生成失败
[2026-05-17 10:34:39] [Music] 开始处理第1158章: 灵异之城的雏形
[2026-05-17 10:34:42] [Music] 配额不足: {
  "error": {
    "code": 1,
    "message": "API error: usage limit exceeded, daily usage limit reached for Token Plan Hs_max (100/100 used), resets at 2026-05-18T00:00:00+08:00 (HTTP 200)"
  }
}
[2026-05-17 10:34:42] [Music] 第1154章音乐生成失败
[2026-05-17 10:34:42] [Music] 开始处理第1159章: 棋手的邀请
[2026-05-17 10:34:45] [Music] 配额不足: {
  "error": {
    "code": 1,
    "message": "API error: usage limit exceeded, daily usage limit reached for Token Plan Hs_max (100/100 used), resets at 2026-05-18T00:00:00+08:00 (HTTP 200)"
  }
}
[2026-05-17 10:34:45] [Music] 第1155章音乐生成失败
[2026-05-17 10:34:45] [Music] 开始处理第1160章: 倒计时的开始
[2026-05-17 10:34:51] [Music] 配额不足: {
  "error": {
    "code": 1,
    "message": "API error: usage limit exceeded, daily usage limit reached for Token Plan Hs_max (100/100 used), resets at 2026-05-18T00:00:00+08:00 (HTTP 200)"
  }
}
[2026-05-17 10:34:51] [Music] 第1157章音乐生成失败
[2026-05-17 10:34:51] [Music] 开始处理第1161章: 黄泉路的尽头
[2026-05-17 10:34:54] [Music] 配额不足: {
  "error": {
    "code": 1,
    "message": "API error: usage limit exceeded, daily usage limit reached for Token Plan Hs_max (100/100 used), resets at 2026-05-18T00:00:00+08:00 (HTTP 200)"
  }
}
[2026-05-17 10:34:54] [Music] 第1156章音乐生成失败
[2026-05-17 10:34:54] [Music] 开始处理第1162章: 活人的声音
[2026-05-17 10:35:03] [Music] 配额不足: {
  "error": {
    "code": 1,
    "message": "API error: usage limit exceeded, daily usage limit reached for Token Plan Hs_max (100/100 used), resets at 2026-05-18T00:00:00+08:00 (HTTP 200)"
  }
}
[2026-05-17 10:35:03] [Music] 第1158章音乐生成失败
[2026-05-17 10:35:03] [Music] 开始处理第1163章: 黄泉摆渡人
[2026-05-17 10:35:03] [Music] 配额不足: {
  "error": {
    "code": 1,
    "message": "API error: usage limit exceeded, daily usage limit reached for Token Plan Hs_max (100/100 used), resets at 2026-05-18T00:00:00+08:00 (HTTP 200)"
  }
}
[2026-05-17 10:35:03] [Music] 第1159章音乐生成失败
[2026-05-17 10:35:03] [Music] 开始处理第1164章: 等待月圆
[2026-05-17 10:35:16] [Music] 配额不足: {
  "error": {
    "code": 1,
    "message": "API error: usage limit exceeded, daily usage limit reached for Token Plan Hs_max (100/100 used), resets at 2026-05-18T00:00:00+08:00 (HTTP 200)"
  }
}
[2026-05-17 10:35:16] [Music] 第1160章音乐生成失败
[2026-05-17 10:35:16] [Music] 开始处理第1165章: 月圆之夜的鬼门
[2026-05-17 10:35:24] [Music] 配额不足: {
  "error": {
    "code": 1,
    "message": "API error: usage limit exceeded, daily usage limit reached for Token Plan Hs_max (100/100 used), resets at 2026-05-18T00:00:00+08:00 (HTTP 200)"
  }
}
[2026-05-17 10:35:24] [Music] 第1164章音乐生成失败
[2026-05-17 10:35:24] [Music] 开始处理第1166章: 夜行会的目的
[2026-05-17 10:35:24] [Music] 第1161章歌词生成失败
[2026-05-17 10:35:24] [Music] 开始处理第1167章: 开门仪式
[2026-05-17 10:35:26] [Music] 配额不足: {
  "error": {
    "code": 1,
    "message": "API error: usage limit exceeded, daily usage limit reached for Token Plan Hs_max (100/100 used), resets at 2026-05-18T00:00:00+08:00 (HTTP 200)"
  }
}
[2026-05-17 10:35:26] [Music] 第1163章音乐生成失败
[2026-05-17 10:35:26] [Music] 开始处理第1168章: 门后的眼睛
[2026-05-17 10:35:29] [Music] 配额不足: {
  "error": {
    "code": 1,
    "message": "API error: usage limit exceeded, daily usage limit reached for Token Plan Hs_max (100/100 used), resets at 2026-05-18T00:00:00+08:00 (HTTP 200)"
  }
}
[2026-05-17 10:35:29] [Music] 第1162章音乐生成失败
[2026-05-17 10:35:29] [Music] 开始处理第1169章: 深渊的呼唤
[2026-05-17 10:35:36] [Music] 配额不足: {
  "error": {
    "code": 1,
    "message": "API error: usage limit exceeded, daily usage limit reached for Token Plan Hs_max (100/100 used), resets at 2026-05-18T00:00:00+08:00 (HTTP 200)"
  }
}
[2026-05-17 10:35:36] [Music] 第1165章音乐生成失败
[2026-05-17 10:35:36] [Music] 开始处理第1170章: 门上的诅咒
[2026-05-17 10:35:46] [Music] 配额不足: {
  "error": {
    "code": 1,
    "message": "API error: usage limit exceeded, daily usage limit reached for Token Plan Hs_max (100/100 used), resets at 2026-05-18T00:00:00+08:00 (HTTP 200)"
  }
}
[2026-05-17 10:35:46] [Music] 第1166章音乐生成失败
[2026-05-17 10:35:46] [Music] 开始处理第1171章: 无辜的代价
[2026-05-17 10:35:54] [Music] 配额不足: {
  "error": {
    "code": 1,
    "message": "API error: usage limit exceeded, daily usage limit reached for Token Plan Hs_max (100/100 used), resets at 2026-05-18T00:00:00+08:00 (HTTP 200)"
  }
}
[2026-05-17 10:35:54] [Music] 第1168章音乐生成失败
[2026-05-17 10:35:54] [Music] 开始处理第1172章: 守夜人的选择
[2026-05-17 10:35:56] [Music] 配额不足: {
  "error": {
    "code": 1,
    "message": "API error: usage limit exceeded, daily usage limit reached for Token Plan Hs_max (100/100 used), resets at 2026-05-18T00:00:00+08:00 (HTTP 200)"
  }
}
[2026-05-17 10:35:56] [Music] 第1170章音乐生成失败
[2026-05-17 10:35:56] [Music] 开始处理第1173章: 副首领的秘密
[2026-05-17 10:35:56] [Music] 配额不足: {
  "error": {
    "code": 1,
    "message": "API error: usage limit exceeded, daily usage limit reached for Token Plan Hs_max (100/100 used), resets at 2026-05-18T00:00:00+08:00 (HTTP 200)"
  }
}
[2026-05-17 10:35:56] [Music] 第1167章音乐生成失败
[2026-05-17 10:35:56] [Music] 开始处理第1174章: 爆炸前的三十秒
[2026-05-17 10:36:01] [Music] 配额不足: {
  "error": {
    "code": 1,
    "message": "API error: usage limit exceeded, daily usage limit reached for Token Plan Hs_max (100/100 used), resets at 2026-05-18T00:00:00+08:00 (HTTP 200)"
  }
}
[2026-05-17 10:36:01] [Music] 第1169章音乐生成失败
[2026-05-17 10:36:01] [Music] 开始处理第1175章: 最后的机会
[2026-05-17 10:36:13] [Music] 配额不足: {
  "error": {
    "code": 1,
    "message": "API error: usage limit exceeded, daily usage limit reached for Token Plan Hs_max (100/100 used), resets at 2026-05-18T00:00:00+08:00 (HTTP 200)"
  }
}
[2026-05-17 10:36:13] [Music] 第1171章音乐生成失败
[2026-05-17 10:36:13] [Music] 开始处理第1176章: 封印与代价
[2026-05-17 10:36:23] [Music] 配额不足: {
  "error": {
    "code": 1,
    "message": "API error: usage limit exceeded, daily usage limit reached for Token Plan Hs_max (100/100 used), resets at 2026-05-18T00:00:00+08:00 (HTTP 200)"
  }
}
[2026-05-17 10:36:23] [Music] 第1172章音乐生成失败
[2026-05-17 10:36:23] [Music] 开始处理第1177章: 记忆的碎片
[2026-05-17 10:36:27] [Music] 配额不足: {
  "error": {
    "code": 1,
    "message": "API error: usage limit exceeded, daily usage limit reached for Token Plan Hs_max (100/100 used), resets at 2026-05-18T00:00:00+08:00 (HTTP 200)"
  }
}
[2026-05-17 10:36:27] [Music] 第1173章音乐生成失败
[2026-05-17 10:36:27] [Music] 开始处理第1178章: 归途与新生
[2026-05-17 10:36:33] [Music] 配额不足: {
  "error": {
    "code": 1,
    "message": "API error: usage limit exceeded, daily usage limit reached for Token Plan Hs_max (100/100 used), resets at 2026-05-18T00:00:00+08:00 (HTTP 200)"
  }
}
[2026-05-17 10:36:33] [Music] 第1174章音乐生成失败
[2026-05-17 10:36:33] [Music] 开始处理第1179章: 陈医生的警告
[2026-05-17 10:36:33] [Music] 配额不足: {
  "error": {
    "code": 1,
    "message": "API error: usage limit exceeded, daily usage limit reached for Token Plan Hs_max (100/100 used), resets at 2026-05-18T00:00:00+08:00 (HTTP 200)"
  }
}
[2026-05-17 10:36:33] [Music] 第1175章音乐生成失败
[2026-05-17 10:36:33] [Music] 开始处理第1180章: 门内的低语
[2026-05-17 10:36:35] [Music] 配额不足: {
  "error": {
    "code": 1,
    "message": "API error: usage limit exceeded, daily usage limit reached for Token Plan Hs_max (100/100 used), resets at 2026-05-18T00:00:00+08:00 (HTTP 200)"
  }
}
[2026-05-17 10:36:35] [Music] 第1176章音乐生成失败
[2026-05-17 10:36:35] [Music] 开始处理第1181章: 沉默的代价
[2026-05-17 10:36:44] [Music] 配额不足: {
  "error": {
    "code": 1,
    "message": "API error: usage limit exceeded, daily usage limit reached for Token Plan Hs_max (100/100 used), resets at 2026-05-18T00:00:00+08:00 (HTTP 200)"
  }
}
[2026-05-17 10:36:44] [Music] 第1177章音乐生成失败
[2026-05-17 10:36:44] [Music] 开始处理第1182章: 纸人的眼泪
[2026-05-17 10:36:57] [Music] 配额不足: {
  "error": {
    "code": 1,
    "message": "API error: usage limit exceeded, daily usage limit reached for Token Plan Hs_max (100/100 used), resets at 2026-05-18T00:00:00+08:00 (HTTP 200)"
  }
}
[2026-05-17 10:36:57] [Music] 第1180章音乐生成失败
[2026-05-17 10:36:57] [Music] 开始处理第1183章: 影子猎人
[2026-05-17 10:37:00] [Music] 配额不足: {
  "error": {
    "code": 1,
    "message": "API error: usage limit exceeded, daily usage limit reached for Token Plan Hs_max (100/100 used), resets at 2026-05-18T00:00:00+08:00 (HTTP 200)"
  }
}
[2026-05-17 10:37:00] [Music] 第1181章音乐生成失败
[2026-05-17 10:37:00] [Music] 开始处理第1184章: 嫁接者
[2026-05-17 10:37:05] [Music] 配额不足: {
  "error": {
    "code": 1,
    "message": "API error: usage limit exceeded, daily usage limit reached for Token Plan Hs_max (100/100 used), resets at 2026-05-18T00:00:00+08:00 (HTTP 200)"
  }
}
[2026-05-17 10:37:05] [Music] 第1178章音乐生成失败
[2026-05-17 10:37:05] [Music] 开始处理第1185章: 太平间广播
[2026-05-17 10:37:16] [Music] 配额不足: {
  "error": {
    "code": 1,
    "message": "API error: usage limit exceeded, daily usage limit reached for Token Plan Hs_max (100/100 used), resets at 2026-05-18T00:00:00+08:00 (HTTP 200)"
  }
}
[2026-05-17 10:37:16] [Music] 第1182章音乐生成失败
[2026-05-17 10:37:16] [Music] 开始处理第1186章: 叛徒之名
[2026-05-17 10:37:19] [Music] 配额不足: {
  "error": {
    "code": 1,
    "message": "API error: usage limit exceeded, daily usage limit reached for Token Plan Hs_max (100/100 used), resets at 2026-05-18T00:00:00+08:00 (HTTP 200)"
  }
}
[2026-05-17 10:37:19] [Music] 第1179章音乐生成失败
[2026-05-17 10:37:27] [Music] 配额不足: {
  "error": {
    "code": 1,
    "message": "API error: usage limit exceeded, daily usage limit reached for Token Plan Hs_max (100/100 used), resets at 2026-05-18T00:00:00+08:00 (HTTP 200)"
  }
}
[2026-05-17 10:37:27] [Music] 第1184章音乐生成失败
[2026-05-17 10:37:28] [Music] 配额不足: {
  "error": {
    "code": 1,
    "message": "API error: usage limit exceeded, daily usage limit reached for Token Plan Hs_max (100/100 used), resets at 2026-05-18T00:00:00+08:00 (HTTP 200)"
  }
}
[2026-05-17 10:37:28] [Music] 第1183章音乐生成失败
[2026-05-17 10:37:34] [Music] 配额不足: {
  "error": {
    "code": 1,
    "message": "API error: usage limit exceeded, daily usage limit reached for Token Plan Hs_max (100/100 used), resets at 2026-05-18T00:00:00+08:00 (HTTP 200)"
  }
}
[2026-05-17 10:37:34] [Music] 第1185章音乐生成失败
[2026-05-17 10:37:42] [Music] 配额不足: {
  "error": {
    "code": 1,
    "message": "API error: usage limit exceeded, daily usage limit reached for Token Plan Hs_max (100/100 used), resets at 2026-05-18T00:00:00+08:00 (HTTP 200)"
  }
}
[2026-05-17 10:37:42] [Music] 第1186章音乐生成失败
[2026-05-17 10:37:42] [Music] 批次完成: 成功 0, 失败 50
[2026-05-17 10:37:42] [Music] 累计: 成功 62, 失败 1088
[2026-05-17 10:37:42] [Music] 批次间休息30秒...
[2026-05-17 10:38:12] [Music] 处理批次 24/40, 本批 50 章
[2026-05-17 10:38:12] [Music] 开始处理第1188章: 天才来访
[2026-05-17 10:38:12] [Music] 开始处理第1187章: 理念之争
[2026-05-17 10:38:12] [Music] 开始处理第1189章: 回声巷的回声
[2026-05-17 10:38:12] [Music] 开始处理第1191章: 倒计时
[2026-05-17 10:38:12] [Music] 开始处理第1190章: 棋手的棋局
[2026-05-17 10:38:32] [Music] 配额不足: {
  "error": {
    "code": 1,
    "message": "API error: usage limit exceeded, daily usage limit reached for Token Plan Hs_max (100/100 used), resets at 2026-05-18T00:00:00+08:00 (HTTP 200)"
  }
}
[2026-05-17 10:38:32] [Music] 第1191章音乐生成失败
[2026-05-17 10:38:32] [Music] 开始处理第1192章: 遗愿清单
[2026-05-17 10:38:36] [Music] 配额不足: {
  "error": {
    "code": 1,
    "message": "API error: usage limit exceeded, daily usage limit reached for Token Plan Hs_max (100/100 used), resets at 2026-05-18T00:00:00+08:00 (HTTP 200)"
  }
}
[2026-05-17 10:38:36] [Music] 第1187章音乐生成失败
[2026-05-17 10:38:36] [Music] 开始处理第1193章: 守护誓言
[2026-05-17 10:38:38] [Music] 配额不足: {
  "error": {
    "code": 1,
    "message": "API error: usage limit exceeded, daily usage limit reached for Token Plan Hs_max (100/100 used), resets at 2026-05-18T00:00:00+08:00 (HTTP 200)"
  }
}
[2026-05-17 10:38:38] [Music] 第1188章音乐生成失败
[2026-05-17 10:38:38] [Music] 开始处理第1194章: 彼岸来袭
[2026-05-17 10:38:39] [Music] 配额不足: {
  "error": {
    "code": 1,
    "message": "API error: usage limit exceeded, daily usage limit reached for Token Plan Hs_max (100/100 used), resets at 2026-05-18T00:00:00+08:00 (HTTP 200)"
  }
}
[2026-05-17 10:38:39] [Music] 第1190章音乐生成失败
[2026-05-17 10:38:39] [Music] 开始处理第1195章: 八号嫁接体
[2026-05-17 10:38:42] [Music] 配额不足: {
  "error": {
    "code": 1,
    "message": "API error: usage limit exceeded, daily usage limit reached for Token Plan Hs_max (100/100 used), resets at 2026-05-18T00:00:00+08:00 (HTTP 200)"
  }
}
[2026-05-17 10:38:42] [Music] 第1189章音乐生成失败
[2026-05-17 10:38:42] [Music] 开始处理第1196章: 老师的遗物
[2026-05-17 10:38:58] [Music] 配额不足: {
  "error": {
    "code": 1,
    "message": "API error: usage limit exceeded, daily usage limit reached for Token Plan Hs_max (100/100 used), resets at 2026-05-18T00:00:00+08:00 (HTTP 200)"
  }
}
[2026-05-17 10:38:58] [Music] 第1192章音乐生成失败
[2026-05-17 10:38:58] [Music] 开始处理第1197章: 赵鹤之死
[2026-05-17 10:39:03] [Music] 配额不足: {
  "error": {
    "code": 1,
    "message": "API error: usage limit exceeded, daily usage limit reached for Token Plan Hs_max (100/100 used), resets at 2026-05-18T00:00:00+08:00 (HTTP 200)"
  }
}
[2026-05-17 10:39:03] [Music] 第1193章音乐生成失败
[2026-05-17 10:39:03] [Music] 开始处理第1198章: 遗志继承
[2026-05-17 10:39:05] [Music] 配额不足: {
  "error": {
    "code": 1,
    "message": "API error: usage limit exceeded, daily usage limit reached for Token Plan Hs_max (100/100 used), resets at 2026-05-18T00:00:00+08:00 (HTTP 200)"
  }
}
[2026-05-17 10:39:05] [Music] 第1196章音乐生成失败
[2026-05-17 10:39:05] [Music] 开始处理第1199章: 终焉前兆
[2026-05-17 10:39:12] [Music] 配额不足: {
  "error": {
    "code": 1,
    "message": "API error: usage limit exceeded, daily usage limit reached for Token Plan Hs_max (100/100 used), resets at 2026-05-18T00:00:00+08:00 (HTTP 200)"
  }
}
[2026-05-17 10:39:12] [Music] 第1194章音乐生成失败
[2026-05-17 10:39:12] [Music] 开始处理第1200章: 第三幕开启
[2026-05-17 10:39:13] [Music] 配额不足: {
  "error": {
    "code": 1,
    "message": "API error: usage limit exceeded, daily usage limit reached for Token Plan Hs_max (100/100 used), resets at 2026-05-18T00:00:00+08:00 (HTTP 200)"
  }
}
[2026-05-17 10:39:13] [Music] 第1195章音乐生成失败
[2026-05-17 10:39:13] [Music] 开始处理第1201章: 守门人的真相
[2026-05-17 10:39:26] [Music] 配额不足: {
  "error": {
    "code": 1,
    "message": "API error: usage limit exceeded, daily usage limit reached for Token Plan Hs_max (100/100 used), resets at 2026-05-18T00:00:00+08:00 (HTTP 200)"
  }
}
[2026-05-17 10:39:26] [Music] 第1197章音乐生成失败
[2026-05-17 10:39:26] [Music] 开始处理第1202章: 第三条路
[2026-05-17 10:39:30] [Music] 配额不足: {
  "error": {
    "code": 1,
    "message": "API error: usage limit exceeded, daily usage limit reached for Token Plan Hs_max (100/100 used), resets at 2026-05-18T00:00:00+08:00 (HTTP 200)"
  }
}
[2026-05-17 10:39:30] [Music] 第1199章音乐生成失败
[2026-05-17 10:39:30] [Music] 开始处理第1203章: 与鬼对话
[2026-05-17 10:39:39] [Music] 配额不足: {
  "error": {
    "code": 1,
    "message": "API error: usage limit exceeded, daily usage limit reached for Token Plan Hs_max (100/100 used), resets at 2026-05-18T00:00:00+08:00 (HTTP 200)"
  }
}
[2026-05-17 10:39:39] [Music] 第1200章音乐生成失败
[2026-05-17 10:39:39] [Music] 开始处理第1204章: 棋手的邀请
[2026-05-17 10:39:40] [Music] 配额不足: {
  "error": {
    "code": 1,
    "message": "API error: usage limit exceeded, daily usage limit reached for Token Plan Hs_max (100/100 used), resets at 2026-05-18T00:00:00+08:00 (HTTP 200)"
  }
}
[2026-05-17 10:39:40] [Music] 第1198章音乐生成失败
[2026-05-17 10:39:40] [Music] 开始处理第1205章: 终焉之眼
[2026-05-17 10:39:45] [Music] 配额不足: {
  "error": {
    "code": 1,
    "message": "API error: usage limit exceeded, daily usage limit reached for Token Plan Hs_max (100/100 used), resets at 2026-05-18T00:00:00+08:00 (HTTP 200)"
  }
}
[2026-05-17 10:39:45] [Music] 第1201章音乐生成失败
[2026-05-17 10:39:45] [Music] 开始处理第1206章: 天狗食日
[2026-05-17 10:39:56] [Music] 配额不足: {
  "error": {
    "code": 1,
    "message": "API error: usage limit exceeded, daily usage limit reached for Token Plan Hs_max (100/100 used), resets at 2026-05-18T00:00:00+08:00 (HTTP 200)"
  }
}
[2026-05-17 10:39:56] [Music] 第1202章音乐生成失败
[2026-05-17 10:39:56] [Music] 开始处理第1207章: 被遗忘的名字
[2026-05-17 10:40:05] [Music] 配额不足: {
  "error": {
    "code": 1,
    "message": "API error: usage limit exceeded, daily usage limit reached for Token Plan Hs_max (100/100 used), resets at 2026-05-18T00:00:00+08:00 (HTTP 200)"
  }
}
[2026-05-17 10:40:05] [Music] 第1204章音乐生成失败
[2026-05-17 10:40:05] [Music] 开始处理第1208章: 纸人送葬
[2026-05-17 10:40:08] [Music] 配额不足: {
  "error": {
    "code": 1,
    "message": "API error: usage limit exceeded, daily usage limit reached for Token Plan Hs_max (100/100 used), resets at 2026-05-18T00:00:00+08:00 (HTTP 200)"
  }
}
[2026-05-17 10:40:08] [Music] 第1205章音乐生成失败
[2026-05-17 10:40:08] [Music] 开始处理第1209章: 缝合的尸体
[2026-05-17 10:40:09] [Music] 配额不足: {
  "error": {
    "code": 1,
    "message": "API error: usage limit exceeded, daily usage limit reached for Token Plan Hs_max (100/100 used), resets at 2026-05-18T00:00:00+08:00 (HTTP 200)"
  }
}
[2026-05-17 10:40:09] [Music] 第1203章音乐生成失败
[2026-05-17 10:40:09] [Music] 开始处理第1210章: 鬼楼的邀请函
[2026-05-17 10:40:15] [Music] 配额不足: {
  "error": {
    "code": 1,
    "message": "API error: usage limit exceeded, daily usage limit reached for Token Plan Hs_max (100/100 used), resets at 2026-05-18T00:00:00+08:00 (HTTP 200)"
  }
}
[2026-05-17 10:40:15] [Music] 第1206章音乐生成失败
[2026-05-17 10:40:15] [Music] 开始处理第1211章: 人皮灯笼
[2026-05-17 10:40:25] [Music] 配额不足: {
  "error": {
    "code": 1,
    "message": "API error: usage limit exceeded, daily usage limit reached for Token Plan Hs_max (100/100 used), resets at 2026-05-18T00:00:00+08:00 (HTTP 200)"
  }
}
[2026-05-17 10:40:25] [Music] 第1207章音乐生成失败
[2026-05-17 10:40:25] [Music] 开始处理第1212章: 灯笼里的人
[2026-05-17 10:40:38] [Music] 配额不足: {
  "error": {
    "code": 1,
    "message": "API error: usage limit exceeded, daily usage limit reached for Token Plan Hs_max (100/100 used), resets at 2026-05-18T00:00:00+08:00 (HTTP 200)"
  }
}
[2026-05-17 10:40:38] [Music] 第1208章音乐生成失败
[2026-05-17 10:40:38] [Music] 开始处理第1213章: 七鬼缠身
[2026-05-17 10:40:38] [Music] 配额不足: {
  "error": {
    "code": 1,
    "message": "API error: usage limit exceeded, daily usage limit reached for Token Plan Hs_max (100/100 used), resets at 2026-05-18T00:00:00+08:00 (HTTP 200)"
  }
}
[2026-05-17 10:40:38] [Music] 第1209章音乐生成失败
[2026-05-17 10:40:38] [Music] 开始处理第1214章: 萧然的背叛
[2026-05-17 10:40:44] [Music] 配额不足: {
  "error": {
    "code": 1,
    "message": "API error: usage limit exceeded, daily usage limit reached for Token Plan Hs_max (100/100 used), resets at 2026-05-18T00:00:00+08:00 (HTTP 200)"
  }
}
[2026-05-17 10:40:44] [Music] 第1211章音乐生成失败
[2026-05-17 10:40:44] [Music] 开始处理第1215章: 被污染的月光
[2026-05-17 10:40:51] [Music] 配额不足: {
  "error": {
    "code": 1,
    "message": "API error: usage limit exceeded, daily usage limit reached for Token Plan Hs_max (100/100 used), resets at 2026-05-18T00:00:00+08:00 (HTTP 200)"
  }
}
[2026-05-17 10:40:51] [Music] 第1210章音乐生成失败
[2026-05-17 10:40:51] [Music] 开始处理第1216章: 镜中的自己
[2026-05-17 10:40:52] [Music] 配额不足: {
  "error": {
    "code": 1,
    "message": "API error: usage limit exceeded, daily usage limit reached for Token Plan Hs_max (100/100 used), resets at 2026-05-18T00:00:00+08:00 (HTTP 200)"
  }
}
[2026-05-17 10:40:52] [Music] 第1212章音乐生成失败
[2026-05-17 10:40:52] [Music] 开始处理第1217章: 总部的废墟
[2026-05-17 10:41:01] [Music] 配额不足: {
  "error": {
    "code": 1,
    "message": "API error: usage limit exceeded, daily usage limit reached for Token Plan Hs_max (100/100 used), resets at 2026-05-18T00:00:00+08:00 (HTTP 200)"
  }
}
[2026-05-17 10:41:01] [Music] 第1213章音乐生成失败
[2026-05-17 10:41:01] [Music] 开始处理第1218章: 最后的守夜人
[2026-05-17 10:41:10] [Music] 配额不足: {
  "error": {
    "code": 1,
    "message": "API error: usage limit exceeded, daily usage limit reached for Token Plan Hs_max (100/100 used), resets at 2026-05-18T00:00:00+08:00 (HTTP 200)"
  }
}
[2026-05-17 10:41:10] [Music] 第1214章音乐生成失败
[2026-05-17 10:41:10] [Music] 开始处理第1219章: 黄泉路上
[2026-05-17 10:41:21] [Music] 配额不足: {
  "error": {
    "code": 1,
    "message": "API error: usage limit exceeded, daily usage limit reached for Token Plan Hs_max (100/100 used), resets at 2026-05-18T00:00:00+08:00 (HTTP 200)"
  }
}
[2026-05-17 10:41:21] [Music] 第1216章音乐生成失败
[2026-05-17 10:41:21] [Music] 开始处理第1220章: 外婆的信
[2026-05-17 10:41:23] [Music] 配额不足: {
  "error": {
    "code": 1,
    "message": "API error: usage limit exceeded, daily usage limit reached for Token Plan Hs_max (100/100 used), resets at 2026-05-18T00:00:00+08:00 (HTTP 200)"
  }
}
[2026-05-17 10:41:23] [Music] 第1215章音乐生成失败
[2026-05-17 10:41:23] [Music] 开始处理第1221章: 彼岸花开
[2026-05-17 10:41:31] [Music] 配额不足: {
  "error": {
    "code": 1,
    "message": "API error: usage limit exceeded, daily usage limit reached for Token Plan Hs_max (100/100 used), resets at 2026-05-18T00:00:00+08:00 (HTTP 200)"
  }
}
[2026-05-17 10:41:31] [Music] 第1217章音乐生成失败
[2026-05-17 10:41:31] [Music] 开始处理第1222章: 棋手的赌局
[2026-05-17 10:41:34] [Music] 配额不足: {
  "error": {
    "code": 1,
    "message": "API error: usage limit exceeded, daily usage limit reached for Token Plan Hs_max (100/100 used), resets at 2026-05-18T00:00:00+08:00 (HTTP 200)"
  }
}
[2026-05-17 10:41:34] [Music] 第1219章音乐生成失败
[2026-05-17 10:41:34] [Music] 开始处理第1223章: 世界树
[2026-05-17 10:41:37] [Music] 配额不足: {
  "error": {
    "code": 1,
    "message": "API error: usage limit exceeded, daily usage limit reached for Token Plan Hs_max (100/100 used), resets at 2026-05-18T00:00:00+08:00 (HTTP 200)"
  }
}
[2026-05-17 10:41:37] [Music] 第1218章音乐生成失败
[2026-05-17 10:41:37] [Music] 开始处理第1224章: 三鬼的回忆
[2026-05-17 10:41:53] [Music] 配额不足: {
  "error": {
    "code": 1,
    "message": "API error: usage limit exceeded, daily usage limit reached for Token Plan Hs_max (100/100 used), resets at 2026-05-18T00:00:00+08:00 (HTTP 200)"
  }
}
[2026-05-17 10:41:53] [Music] 第1220章音乐生成失败
[2026-05-17 10:41:53] [Music] 开始处理第1225章: 种下希望
[2026-05-17 10:41:58] [Music] 配额不足: {
  "error": {
    "code": 1,
    "message": "API error: usage limit exceeded, daily usage limit reached for Token Plan Hs_max (100/100 used), resets at 2026-05-18T00:00:00+08:00 (HTTP 200)"
  }
}
[2026-05-17 10:41:58] [Music] 第1224章音乐生成失败
[2026-05-17 10:41:58] [Music] 开始处理第1226章: 黄泉路的入口
[2026-05-17 10:42:03] [Music] 配额不足: {
  "error": {
    "code": 1,
    "message": "API error: usage limit exceeded, daily usage limit reached for Token Plan Hs_max (100/100 used), resets at 2026-05-18T00:00:00+08:00 (HTTP 200)"
  }
}
[2026-05-17 10:42:03] [Music] 第1222章音乐生成失败
[2026-05-17 10:42:03] [Music] 开始处理第1227章: 父亲的背影
[2026-05-17 10:42:03] [Music] 第1221章歌词生成失败
[2026-05-17 10:42:03] [Music] 开始处理第1228章: 回声的低语
[2026-05-17 10:42:08] [Music] 配额不足: {
  "error": {
    "code": 1,
    "message": "API error: usage limit exceeded, daily usage limit reached for Token Plan Hs_max (100/100 used), resets at 2026-05-18T00:00:00+08:00 (HTTP 200)"
  }
}
[2026-05-17 10:42:08] [Music] 第1223章音乐生成失败
[2026-05-17 10:42:08] [Music] 开始处理第1229章: 韩冰的遗物
[2026-05-17 10:42:25] [Music] 配额不足: {
  "error": {
    "code": 1,
    "message": "API error: usage limit exceeded, daily usage limit reached for Token Plan Hs_max (100/100 used), resets at 2026-05-18T00:00:00+08:00 (HTTP 200)"
  }
}
[2026-05-17 10:42:25] [Music] 第1225章音乐生成失败
[2026-05-17 10:42:25] [Music] 开始处理第1230章: 顾清雨的追踪
[2026-05-17 10:42:32] [Music] 配额不足: {
  "error": {
    "code": 1,
    "message": "API error: usage limit exceeded, daily usage limit reached for Token Plan Hs_max (100/100 used), resets at 2026-05-18T00:00:00+08:00 (HTTP 200)"
  }
}
[2026-05-17 10:42:32] [Music] 第1228章音乐生成失败
[2026-05-17 10:42:32] [Music] 开始处理第1231章: 不能回头的理由
[2026-05-17 10:42:35] [Music] 配额不足: {
  "error": {
    "code": 1,
    "message": "API error: usage limit exceeded, daily usage limit reached for Token Plan Hs_max (100/100 used), resets at 2026-05-18T00:00:00+08:00 (HTTP 200)"
  }
}
[2026-05-17 10:42:35] [Music] 第1229章音乐生成失败
[2026-05-17 10:42:35] [Music] 开始处理第1232章: 林夜的再临
[2026-05-17 10:42:39] [Music] 配额不足: {
  "error": {
    "code": 1,
    "message": "API error: usage limit exceeded, daily usage limit reached for Token Plan Hs_max (100/100 used), resets at 2026-05-18T00:00:00+08:00 (HTTP 200)"
  }
}
[2026-05-17 10:42:39] [Music] 第1226章音乐生成失败
[2026-05-17 10:42:39] [Music] 开始处理第1233章: 沉默的代价
[2026-05-17 10:42:40] [Music] 配额不足: {
  "error": {
    "code": 1,
    "message": "API error: usage limit exceeded, daily usage limit reached for Token Plan Hs_max (100/100 used), resets at 2026-05-18T00:00:00+08:00 (HTTP 200)"
  }
}
[2026-05-17 10:42:40] [Music] 第1227章音乐生成失败
[2026-05-17 10:42:40] [Music] 开始处理第1234章: 鬼门关前
[2026-05-17 10:42:53] [Music] 配额不足: {
  "error": {
    "code": 1,
    "message": "API error: usage limit exceeded, daily usage limit reached for Token Plan Hs_max (100/100 used), resets at 2026-05-18T00:00:00+08:00 (HTTP 200)"
  }
}
[2026-05-17 10:42:53] [Music] 第1230章音乐生成失败
[2026-05-17 10:42:53] [Music] 开始处理第1235章: 外婆的真相
[2026-05-17 10:43:10] [Music] 配额不足: {
  "error": {
    "code": 1,
    "message": "API error: usage limit exceeded, daily usage limit reached for Token Plan Hs_max (100/100 used), resets at 2026-05-18T00:00:00+08:00 (HTTP 200)"
  }
}
[2026-05-17 10:43:10] [Music] 第1234章音乐生成失败
[2026-05-17 10:43:10] [Music] 开始处理第1236章: 门的两侧
[2026-05-17 10:43:12] [Music] 配额不足: {
  "error": {
    "code": 1,
    "message": "API error: usage limit exceeded, daily usage limit reached for Token Plan Hs_max (100/100 used), resets at 2026-05-18T00:00:00+08:00 (HTTP 200)"
  }
}
[2026-05-17 10:43:12] [Music] 第1233章音乐生成失败
[2026-05-17 10:43:13] [Music] 配额不足: {
  "error": {
    "code": 1,
    "message": "API error: usage limit exceeded, daily usage limit reached for Token Plan Hs_max (100/100 used), resets at 2026-05-18T00:00:00+08:00 (HTTP 200)"
  }
}
[2026-05-17 10:43:13] [Music] 第1231章音乐生成失败
[2026-05-17 10:43:13] [Music] 配额不足: {
  "error": {
    "code": 1,
    "message": "API error: usage limit exceeded, daily usage limit reached for Token Plan Hs_max (100/100 used), resets at 2026-05-18T00:00:00+08:00 (HTTP 200)"
  }
}
[2026-05-17 10:43:13] [Music] 第1232章音乐生成失败
[2026-05-17 10:43:15] [Music] 配额不足: {
  "error": {
    "code": 1,
    "message": "API error: usage limit exceeded, daily usage limit reached for Token Plan Hs_max (100/100 used), resets at 2026-05-18T00:00:00+08:00 (HTTP 200)"
  }
}
[2026-05-17 10:43:15] [Music] 第1235章音乐生成失败
[2026-05-17 10:43:35] [Music] 配额不足: {
  "error": {
    "code": 1,
    "message": "API error: usage limit exceeded, daily usage limit reached for Token Plan Hs_max (100/100 used), resets at 2026-05-18T00:00:00+08:00 (HTTP 200)"
  }
}
[2026-05-17 10:43:35] [Music] 第1236章音乐生成失败
[2026-05-17 10:43:35] [Music] 批次完成: 成功 0, 失败 50
[2026-05-17 10:43:35] [Music] 累计: 成功 62, 失败 1138
[2026-05-17 10:43:35] [Music] 批次间休息30秒...
[2026-05-17 10:44:05] [Music] 处理批次 25/40, 本批 50 章
[2026-05-17 10:44:05] [Music] 开始处理第1237章: 被吸入的世界
[2026-05-17 10:44:05] [Music] 开始处理第1238章: 时间的乱流
[2026-05-17 10:44:05] [Music] 开始处理第1240章: 萧然的警告
[2026-05-17 10:44:05] [Music] 开始处理第1241章: 绝望主妇的邀请
[2026-05-17 10:44:05] [Music] 开始处理第1239章: 林婉儿的闯入
[2026-05-17 10:44:32] [Music] 配额不足: {
  "error": {
    "code": 1,
    "message": "API error: usage limit exceeded, daily usage limit reached for Token Plan Hs_max (100/100 used), resets at 2026-05-18T00:00:00+08:00 (HTTP 200)"
  }
}
[2026-05-17 10:44:32] [Music] 第1240章音乐生成失败
[2026-05-17 10:44:32] [Music] 开始处理第1242章: 破碎的记忆
[2026-05-17 10:44:34] [Music] 配额不足: {
  "error": {
    "code": 1,
    "message": "API error: usage limit exceeded, daily usage limit reached for Token Plan Hs_max (100/100 used), resets at 2026-05-18T00:00:00+08:00 (HTTP 200)"
  }
}
[2026-05-17 10:44:34] [Music] 第1237章音乐生成失败
[2026-05-17 10:44:34] [Music] 开始处理第1243章: 外婆的指引
[2026-05-17 10:44:37] [Music] 配额不足: {
  "error": {
    "code": 1,
    "message": "API error: usage limit exceeded, daily usage limit reached for Token Plan Hs_max (100/100 used), resets at 2026-05-18T00:00:00+08:00 (HTTP 200)"
  }
}
[2026-05-17 10:44:37] [Music] 第1239章音乐生成失败
[2026-05-17 10:44:37] [Music] 开始处理第1244章: 自己的倒影
[2026-05-17 10:44:37] [Music] 配额不足: {
  "error": {
    "code": 1,
    "message": "API error: usage limit exceeded, daily usage limit reached for Token Plan Hs_max (100/100 used), resets at 2026-05-18T00:00:00+08:00 (HTTP 200)"
  }
}
[2026-05-17 10:44:37] [Music] 第1238章音乐生成失败
[2026-05-17 10:44:37] [Music] 开始处理第1245章: 沉默者的遗言
[2026-05-17 10:44:39] [Music] 配额不足: {
  "error": {
    "code": 1,
    "message": "API error: usage limit exceeded, daily usage limit reached for Token Plan Hs_max (100/100 used), resets at 2026-05-18T00:00:00+08:00 (HTTP 200)"
  }
}
[2026-05-17 10:44:39] [Music] 第1241章音乐生成失败
[2026-05-17 10:44:39] [Music] 开始处理第1246章: 棋手的真面目
[2026-05-17 10:44:56] [Music] 配额不足: {
  "error": {
    "code": 1,
    "message": "API error: usage limit exceeded, daily usage limit reached for Token Plan Hs_max (100/100 used), resets at 2026-05-18T00:00:00+08:00 (HTTP 200)"
  }
}
[2026-05-17 10:44:56] [Music] 第1243章音乐生成失败
[2026-05-17 10:44:56] [Music] 开始处理第1247章: 灵异复苏的真相
[2026-05-17 10:45:02] [Music] 配额不足: {
  "error": {
    "code": 1,
    "message": "API error: usage limit exceeded, daily usage limit reached for Token Plan Hs_max (100/100 used), resets at 2026-05-18T00:00:00+08:00 (HTTP 200)"
  }
}
[2026-05-17 10:45:02] [Music] 第1244章音乐生成失败
[2026-05-17 10:45:02] [Music] 开始处理第1248章: 外婆的牺牲
[2026-05-17 10:45:06] [Music] 配额不足: {
  "error": {
    "code": 1,
    "message": "API error: usage limit exceeded, daily usage limit reached for Token Plan Hs_max (100/100 used), resets at 2026-05-18T00:00:00+08:00 (HTTP 200)"
  }
}
[2026-05-17 10:45:06] [Music] 第1245章音乐生成失败
[2026-05-17 10:45:06] [Music] 开始处理第1249章: 林婉儿的觉醒
[2026-05-17 10:45:11] [Music] 配额不足: {
  "error": {
    "code": 1,
    "message": "API error: usage limit exceeded, daily usage limit reached for Token Plan Hs_max (100/100 used), resets at 2026-05-18T00:00:00+08:00 (HTTP 200)"
  }
}
[2026-05-17 10:45:11] [Music] 第1242章音乐生成失败
[2026-05-17 10:45:11] [Music] 开始处理第1250章: 重返人间
[2026-05-17 10:45:14] [Music] 配额不足: {
  "error": {
    "code": 1,
    "message": "API error: usage limit exceeded, daily usage limit reached for Token Plan Hs_max (100/100 used), resets at 2026-05-18T00:00:00+08:00 (HTTP 200)"
  }
}
[2026-05-17 10:45:14] [Music] 第1246章音乐生成失败
[2026-05-17 10:45:14] [Music] 开始处理第1251章: 复制者的代价
[2026-05-17 10:45:25] [Music] 第1247章歌词生成失败
[2026-05-17 10:45:25] [Music] 开始处理第1252章: 外婆的遗书
[2026-05-17 10:45:32] [Music] 配额不足: {
  "error": {
    "code": 1,
    "message": "API error: usage limit exceeded, daily usage limit reached for Token Plan Hs_max (100/100 used), resets at 2026-05-18T00:00:00+08:00 (HTTP 200)"
  }
}
[2026-05-17 10:45:32] [Music] 第1248章音乐生成失败
[2026-05-17 10:45:32] [Music] 开始处理第1253章: 全国警报
[2026-05-17 10:45:36] [Music] 配额不足: {
  "error": {
    "code": 1,
    "message": "API error: usage limit exceeded, daily usage limit reached for Token Plan Hs_max (100/100 used), resets at 2026-05-18T00:00:00+08:00 (HTTP 200)"
  }
}
[2026-05-17 10:45:36] [Music] 第1250章音乐生成失败
[2026-05-17 10:45:36] [Music] 开始处理第1254章: 大山市的呼唤
[2026-05-17 10:45:38] [Music] 配额不足: {
  "error": {
    "code": 1,
    "message": "API error: usage limit exceeded, daily usage limit reached for Token Plan Hs_max (100/100 used), resets at 2026-05-18T00:00:00+08:00 (HTTP 200)"
  }
}
[2026-05-17 10:45:38] [Music] 第1251章音乐生成失败
[2026-05-17 10:45:38] [Music] 开始处理第1255章: 镜中城市
[2026-05-17 10:45:45] [Music] 配额不足: {
  "error": {
    "code": 1,
    "message": "API error: usage limit exceeded, daily usage limit reached for Token Plan Hs_max (100/100 used), resets at 2026-05-18T00:00:00+08:00 (HTTP 200)"
  }
}
[2026-05-17 10:45:45] [Music] 第1249章音乐生成失败
[2026-05-17 10:45:45] [Music] 开始处理第1256章: 镜中的自己
[2026-05-17 10:45:50] [Music] 配额不足: {
  "error": {
    "code": 1,
    "message": "API error: usage limit exceeded, daily usage limit reached for Token Plan Hs_max (100/100 used), resets at 2026-05-18T00:00:00+08:00 (HTTP 200)"
  }
}
[2026-05-17 10:45:50] [Music] 第1252章音乐生成失败
[2026-05-17 10:45:50] [Music] 开始处理第1257章: 镜子屋的真相
[2026-05-17 10:45:57] [Music] 配额不足: {
  "error": {
    "code": 1,
    "message": "API error: usage limit exceeded, daily usage limit reached for Token Plan Hs_max (100/100 used), resets at 2026-05-18T00:00:00+08:00 (HTTP 200)"
  }
}
[2026-05-17 10:45:57] [Music] 第1254章音乐生成失败
[2026-05-17 10:45:57] [Music] 开始处理第1258章: 外婆的选择
[2026-05-17 10:46:02] [Music] 配额不足: {
  "error": {
    "code": 1,
    "message": "API error: usage limit exceeded, daily usage limit reached for Token Plan Hs_max (100/100 used), resets at 2026-05-18T00:00:00+08:00 (HTTP 200)"
  }
}
[2026-05-17 10:46:02] [Music] 第1255章音乐生成失败
[2026-05-17 10:46:02] [Music] 开始处理第1259章: 赵鹤的牺牲
[2026-05-17 10:46:08] [Music] 配额不足: {
  "error": {
    "code": 1,
    "message": "API error: usage limit exceeded, daily usage limit reached for Token Plan Hs_max (100/100 used), resets at 2026-05-18T00:00:00+08:00 (HTTP 200)"
  }
}
[2026-05-17 10:46:08] [Music] 第1253章音乐生成失败
[2026-05-17 10:46:08] [Music] 开始处理第1260章: 老陈头的预言
[2026-05-17 10:46:16] [Music] 配额不足: {
  "error": {
    "code": 1,
    "message": "API error: usage limit exceeded, daily usage limit reached for Token Plan Hs_max (100/100 used), resets at 2026-05-18T00:00:00+08:00 (HTTP 200)"
  }
}
[2026-05-17 10:46:16] [Music] 第1256章音乐生成失败
[2026-05-17 10:46:16] [Music] 开始处理第1261章: 黄泉入口
[2026-05-17 10:46:19] [Music] 配额不足: {
  "error": {
    "code": 1,
    "message": "API error: usage limit exceeded, daily usage limit reached for Token Plan Hs_max (100/100 used), resets at 2026-05-18T00:00:00+08:00 (HTTP 200)"
  }
}
[2026-05-17 10:46:19] [Music] 第1257章音乐生成失败
[2026-05-17 10:46:19] [Music] 开始处理第1262章: 遗像中的眼睛
[2026-05-17 10:46:28] [Music] 第1258章歌词生成失败
[2026-05-17 10:46:28] [Music] 开始处理第1263章: 祠堂深处的声音
[2026-05-17 10:46:32] [Music] 第1259章歌词生成失败
[2026-05-17 10:46:32] [Music] 开始处理第1264章: 母亲的声音
[2026-05-17 10:46:42] [Music] 配额不足: {
  "error": {
    "code": 1,
    "message": "API error: usage limit exceeded, daily usage limit reached for Token Plan Hs_max (100/100 used), resets at 2026-05-18T00:00:00+08:00 (HTTP 200)"
  }
}
[2026-05-17 10:46:42] [Music] 第1262章音乐生成失败
[2026-05-17 10:46:42] [Music] 开始处理第1265章: 倒带的代价
[2026-05-17 10:46:46] [Music] 配额不足: {
  "error": {
    "code": 1,
    "message": "API error: usage limit exceeded, daily usage limit reached for Token Plan Hs_max (100/100 used), resets at 2026-05-18T00:00:00+08:00 (HTTP 200)"
  }
}
[2026-05-17 10:46:46] [Music] 第1261章音乐生成失败
[2026-05-17 10:46:46] [Music] 开始处理第1266章: 祠堂的真相
[2026-05-17 10:46:53] [Music] 配额不足: {
  "error": {
    "code": 1,
    "message": "API error: usage limit exceeded, daily usage limit reached for Token Plan Hs_max (100/100 used), resets at 2026-05-18T00:00:00+08:00 (HTTP 200)"
  }
}
[2026-05-17 10:46:53] [Music] 第1264章音乐生成失败
[2026-05-17 10:46:53] [Music] 开始处理第1267章: 母与子的对决
[2026-05-17 10:46:54] [Music] 配额不足: {
  "error": {
    "code": 1,
    "message": "API error: usage limit exceeded, daily usage limit reached for Token Plan Hs_max (100/100 used), resets at 2026-05-18T00:00:00+08:00 (HTTP 200)"
  }
}
[2026-05-17 10:46:54] [Music] 第1263章音乐生成失败
[2026-05-17 10:46:54] [Music] 开始处理第1268章: 外婆的遗计
[2026-05-17 10:46:57] [Music] 配额不足: {
  "error": {
    "code": 1,
    "message": "API error: usage limit exceeded, daily usage limit reached for Token Plan Hs_max (100/100 used), resets at 2026-05-18T00:00:00+08:00 (HTTP 200)"
  }
}
[2026-05-17 10:46:57] [Music] 第1260章音乐生成失败
[2026-05-17 10:46:57] [Music] 开始处理第1269章: 走出祠堂
[2026-05-17 10:47:08] [Music] 配额不足: {
  "error": {
    "code": 1,
    "message": "API error: usage limit exceeded, daily usage limit reached for Token Plan Hs_max (100/100 used), resets at 2026-05-18T00:00:00+08:00 (HTTP 200)"
  }
}
[2026-05-17 10:47:08] [Music] 第1265章音乐生成失败
[2026-05-17 10:47:08] [Music] 开始处理第1270章: 黄泉路上
[2026-05-17 10:47:18] [Music] 配额不足: {
  "error": {
    "code": 1,
    "message": "API error: usage limit exceeded, daily usage limit reached for Token Plan Hs_max (100/100 used), resets at 2026-05-18T00:00:00+08:00 (HTTP 200)"
  }
}
[2026-05-17 10:47:18] [Music] 第1268章音乐生成失败
[2026-05-17 10:47:18] [Music] 开始处理第1271章: 父亲的背影
[2026-05-17 10:47:20] [Music] 配额不足: {
  "error": {
    "code": 1,
    "message": "API error: usage limit exceeded, daily usage limit reached for Token Plan Hs_max (100/100 used), resets at 2026-05-18T00:00:00+08:00 (HTTP 200)"
  }
}
[2026-05-17 10:47:20] [Music] 第1269章音乐生成失败
[2026-05-17 10:47:20] [Music] 开始处理第1272章: 回头鬼的规则
[2026-05-17 10:47:30] [Music] 配额不足: {
  "error": {
    "code": 1,
    "message": "API error: usage limit exceeded, daily usage limit reached for Token Plan Hs_max (100/100 used), resets at 2026-05-18T00:00:00+08:00 (HTTP 200)"
  }
}
[2026-05-17 10:47:30] [Music] 第1266章音乐生成失败
[2026-05-17 10:47:30] [Music] 开始处理第1273章: 沉默的告别
[2026-05-17 10:47:33] [Music] 配额不足: {
  "error": {
    "code": 1,
    "message": "API error: usage limit exceeded, daily usage limit reached for Token Plan Hs_max (100/100 used), resets at 2026-05-18T00:00:00+08:00 (HTTP 200)"
  }
}
[2026-05-17 10:47:33] [Music] 第1270章音乐生成失败
[2026-05-17 10:47:33] [Music] 开始处理第1274章: 灯笼下的影子
[2026-05-17 10:47:34] [Music] 配额不足: {
  "error": {
    "code": 1,
    "message": "API error: usage limit exceeded, daily usage limit reached for Token Plan Hs_max (100/100 used), resets at 2026-05-18T00:00:00+08:00 (HTTP 200)"
  }
}
[2026-05-17 10:47:34] [Music] 第1267章音乐生成失败
[2026-05-17 10:47:34] [Music] 开始处理第1275章: 无声的配合
[2026-05-17 10:47:46] [Music] 配额不足: {
  "error": {
    "code": 1,
    "message": "API error: usage limit exceeded, daily usage limit reached for Token Plan Hs_max (100/100 used), resets at 2026-05-18T00:00:00+08:00 (HTTP 200)"
  }
}
[2026-05-17 10:47:46] [Music] 第1272章音乐生成失败
[2026-05-17 10:47:46] [Music] 开始处理第1276章: 纸钱铺路
[2026-05-17 10:47:50] [Music] 配额不足: {
  "error": {
    "code": 1,
    "message": "API error: usage limit exceeded, daily usage limit reached for Token Plan Hs_max (100/100 used), resets at 2026-05-18T00:00:00+08:00 (HTTP 200)"
  }
}
[2026-05-17 10:47:50] [Music] 第1271章音乐生成失败
[2026-05-17 10:47:50] [Music] 开始处理第1277章: 引路人
[2026-05-17 10:48:06] [Music] 配额不足: {
  "error": {
    "code": 1,
    "message": "API error: usage limit exceeded, daily usage limit reached for Token Plan Hs_max (100/100 used), resets at 2026-05-18T00:00:00+08:00 (HTTP 200)"
  }
}
[2026-05-17 10:48:06] [Music] 第1275章音乐生成失败
[2026-05-17 10:48:06] [Music] 开始处理第1278章: 三个名字
[2026-05-17 10:48:12] [Music] 第1274章歌词生成失败
[2026-05-17 10:48:12] [Music] 开始处理第1279章: 林渊之名
[2026-05-17 10:48:13] [Music] 配额不足: {
  "error": {
    "code": 1,
    "message": "API error: usage limit exceeded, daily usage limit reached for Token Plan Hs_max (100/100 used), resets at 2026-05-18T00:00:00+08:00 (HTTP 200)"
  }
}
[2026-05-17 10:48:13] [Music] 第1277章音乐生成失败
[2026-05-17 10:48:13] [Music] 开始处理第1280章: 黑暗中的等待
[2026-05-17 10:48:14] [Music] 配额不足: {
  "error": {
    "code": 1,
    "message": "API error: usage limit exceeded, daily usage limit reached for Token Plan Hs_max (100/100 used), resets at 2026-05-18T00:00:00+08:00 (HTTP 200)"
  }
}
[2026-05-17 10:48:14] [Music] 第1273章音乐生成失败
[2026-05-17 10:48:14] [Music] 开始处理第1281章: 回声
[2026-05-17 10:48:22] [Music] 配额不足: {
  "error": {
    "code": 1,
    "message": "API error: usage limit exceeded, daily usage limit reached for Token Plan Hs_max (100/100 used), resets at 2026-05-18T00:00:00+08:00 (HTTP 200)"
  }
}
[2026-05-17 10:48:22] [Music] 第1276章音乐生成失败
[2026-05-17 10:48:22] [Music] 开始处理第1282章: 三个问题
[2026-05-17 10:48:34] [Music] 配额不足: {
  "error": {
    "code": 1,
    "message": "API error: usage limit exceeded, daily usage limit reached for Token Plan Hs_max (100/100 used), resets at 2026-05-18T00:00:00+08:00 (HTTP 200)"
  }
}
[2026-05-17 10:48:34] [Music] 第1278章音乐生成失败
[2026-05-17 10:48:34] [Music] 开始处理第1283章: 答案与代价
[2026-05-17 10:48:37] [Music] 配额不足: {
  "error": {
    "code": 1,
    "message": "API error: usage limit exceeded, daily usage limit reached for Token Plan Hs_max (100/100 used), resets at 2026-05-18T00:00:00+08:00 (HTTP 200)"
  }
}
[2026-05-17 10:48:37] [Music] 第1279章音乐生成失败
[2026-05-17 10:48:37] [Music] 开始处理第1284章: 母亲的脚印
[2026-05-17 10:48:37] [Music] 配额不足: {
  "error": {
    "code": 1,
    "message": "API error: usage limit exceeded, daily usage limit reached for Token Plan Hs_max (100/100 used), resets at 2026-05-18T00:00:00+08:00 (HTTP 200)"
  }
}
[2026-05-17 10:48:37] [Music] 第1280章音乐生成失败
[2026-05-17 10:48:37] [Music] 开始处理第1285章: 真相的代价
[2026-05-17 10:48:39] [Music] 配额不足: {
  "error": {
    "code": 1,
    "message": "API error: usage limit exceeded, daily usage limit reached for Token Plan Hs_max (100/100 used), resets at 2026-05-18T00:00:00+08:00 (HTTP 200)"
  }
}
[2026-05-17 10:48:39] [Music] 第1281章音乐生成失败
[2026-05-17 10:48:39] [Music] 开始处理第1286章: 黄泉之路
[2026-05-17 10:48:48] [Music] 配额不足: {
  "error": {
    "code": 1,
    "message": "API error: usage limit exceeded, daily usage limit reached for Token Plan Hs_max (100/100 used), resets at 2026-05-18T00:00:00+08:00 (HTTP 200)"
  }
}
[2026-05-17 10:48:48] [Music] 第1282章音乐生成失败
[2026-05-17 10:48:58] [Music] 配额不足: {
  "error": {
    "code": 1,
    "message": "API error: usage limit exceeded, daily usage limit reached for Token Plan Hs_max (100/100 used), resets at 2026-05-18T00:00:00+08:00 (HTTP 200)"
  }
}
[2026-05-17 10:48:58] [Music] 第1283章音乐生成失败
[2026-05-17 10:49:01] [Music] 配额不足: {
  "error": {
    "code": 1,
    "message": "API error: usage limit exceeded, daily usage limit reached for Token Plan Hs_max (100/100 used), resets at 2026-05-18T00:00:00+08:00 (HTTP 200)"
  }
}
[2026-05-17 10:49:01] [Music] 第1284章音乐生成失败
[2026-05-17 10:49:05] [Music] 配额不足: {
  "error": {
    "code": 1,
    "message": "API error: usage limit exceeded, daily usage limit reached for Token Plan Hs_max (100/100 used), resets at 2026-05-18T00:00:00+08:00 (HTTP 200)"
  }
}
[2026-05-17 10:49:05] [Music] 第1285章音乐生成失败
[2026-05-17 10:49:06] [Music] 第1286章歌词生成失败
[2026-05-17 10:49:06] [Music] 批次完成: 成功 0, 失败 50
[2026-05-17 10:49:06] [Music] 累计: 成功 62, 失败 1188
[2026-05-17 10:49:06] [Music] 批次间休息30秒...
[2026-05-17 10:49:36] [Music] 处理批次 26/40, 本批 50 章
[2026-05-17 10:49:36] [Music] 开始处理第1287章: 父亲的背影
[2026-05-17 10:49:36] [Music] 开始处理第1288章: 记忆长廊
[2026-05-17 10:49:36] [Music] 开始处理第1291章: 父亲的遗言
[2026-05-17 10:49:36] [Music] 开始处理第1289章: 门的选择
[2026-05-17 10:49:36] [Music] 开始处理第1290章: 第三张牌
[2026-05-17 10:50:01] [Music] 配额不足: {
  "error": {
    "code": 1,
    "message": "API error: usage limit exceeded, daily usage limit reached for Token Plan Hs_max (100/100 used), resets at 2026-05-18T00:00:00+08:00 (HTTP 200)"
  }
}
[2026-05-17 10:50:01] [Music] 第1289章音乐生成失败
[2026-05-17 10:50:01] [Music] 开始处理第1292章: 二十年前的真相
[2026-05-17 10:50:05] [Music] 配额不足: {
  "error": {
    "code": 1,
    "message": "API error: usage limit exceeded, daily usage limit reached for Token Plan Hs_max (100/100 used), resets at 2026-05-18T00:00:00+08:00 (HTTP 200)"
  }
}
[2026-05-17 10:50:05] [Music] 第1288章音乐生成失败
[2026-05-17 10:50:05] [Music] 开始处理第1293章: 源头之名
[2026-05-17 10:50:05] [Music] 配额不足: {
  "error": {
    "code": 1,
    "message": "API error: usage limit exceeded, daily usage limit reached for Token Plan Hs_max (100/100 used), resets at 2026-05-18T00:00:00+08:00 (HTTP 200)"
  }
}
[2026-05-17 10:50:05] [Music] 第1290章音乐生成失败
[2026-05-17 10:50:05] [Music] 开始处理第1294章: 父亲的托付
[2026-05-17 10:50:08] [Music] 配额不足: {
  "error": {
    "code": 1,
    "message": "API error: usage limit exceeded, daily usage limit reached for Token Plan Hs_max (100/100 used), resets at 2026-05-18T00:00:00+08:00 (HTTP 200)"
  }
}
[2026-05-17 10:50:08] [Music] 第1291章音乐生成失败
[2026-05-17 10:50:08] [Music] 开始处理第1295章: 守门人的代价
[2026-05-17 10:50:09] [Music] 配额不足: {
  "error": {
    "code": 1,
    "message": "API error: usage limit exceeded, daily usage limit reached for Token Plan Hs_max (100/100 used), resets at 2026-05-18T00:00:00+08:00 (HTTP 200)"
  }
}
[2026-05-17 10:50:09] [Music] 第1287章音乐生成失败
[2026-05-17 10:50:09] [Music] 开始处理第1296章: 最后的教导
[2026-05-17 10:50:26] [Music] 配额不足: {
  "error": {
    "code": 1,
    "message": "API error: usage limit exceeded, daily usage limit reached for Token Plan Hs_max (100/100 used), resets at 2026-05-18T00:00:00+08:00 (HTTP 200)"
  }
}
[2026-05-17 10:50:26] [Music] 第1294章音乐生成失败
[2026-05-17 10:50:26] [Music] 开始处理第1297章: 消散
[2026-05-17 10:50:30] [Music] 配额不足: {
  "error": {
    "code": 1,
    "message": "API error: usage limit exceeded, daily usage limit reached for Token Plan Hs_max (100/100 used), resets at 2026-05-18T00:00:00+08:00 (HTTP 200)"
  }
}
[2026-05-17 10:50:30] [Music] 第1292章音乐生成失败
[2026-05-17 10:50:30] [Music] 开始处理第1298章: 回归
[2026-05-17 10:50:32] [Music] 配额不足: {
  "error": {
    "code": 1,
    "message": "API error: usage limit exceeded, daily usage limit reached for Token Plan Hs_max (100/100 used), resets at 2026-05-18T00:00:00+08:00 (HTTP 200)"
  }
}
[2026-05-17 10:50:32] [Music] 第1293章音乐生成失败
[2026-05-17 10:50:32] [Music] 开始处理第1299章: 父亲的最后留言
[2026-05-17 10:50:45] [Music] 配额不足: {
  "error": {
    "code": 1,
    "message": "API error: usage limit exceeded, daily usage limit reached for Token Plan Hs_max (100/100 used), resets at 2026-05-18T00:00:00+08:00 (HTTP 200)"
  }
}
[2026-05-17 10:50:45] [Music] 第1295章音乐生成失败
[2026-05-17 10:50:45] [Music] 开始处理第1300章: 新的起点
[2026-05-17 10:50:46] [Music] 第1296章歌词生成失败
[2026-05-17 10:50:46] [Music] 开始处理第1301章: 沉默的守望者
[2026-05-17 10:50:50] [Music] 配额不足: {
  "error": {
    "code": 1,
    "message": "API error: usage limit exceeded, daily usage limit reached for Token Plan Hs_max (100/100 used), resets at 2026-05-18T00:00:00+08:00 (HTTP 200)"
  }
}
[2026-05-17 10:50:50] [Music] 第1297章音乐生成失败
[2026-05-17 10:50:50] [Music] 开始处理第1302章: 三十米深的黑暗
[2026-05-17 10:51:00] [Music] 配额不足: {
  "error": {
    "code": 1,
    "message": "API error: usage limit exceeded, daily usage limit reached for Token Plan Hs_max (100/100 used), resets at 2026-05-18T00:00:00+08:00 (HTTP 200)"
  }
}
[2026-05-17 10:51:00] [Music] 第1299章音乐生成失败
[2026-05-17 10:51:00] [Music] 开始处理第1303章: 无法说出的名字
[2026-05-17 10:51:03] [Music] 配额不足: {
  "error": {
    "code": 1,
    "message": "API error: usage limit exceeded, daily usage limit reached for Token Plan Hs_max (100/100 used), resets at 2026-05-18T00:00:00+08:00 (HTTP 200)"
  }
}
[2026-05-17 10:51:03] [Music] 第1298章音乐生成失败
[2026-05-17 10:51:03] [Music] 开始处理第1304章: 倒数的回声
[2026-05-17 10:51:13] [Music] 配额不足: {
  "error": {
    "code": 1,
    "message": "API error: usage limit exceeded, daily usage limit reached for Token Plan Hs_max (100/100 used), resets at 2026-05-18T00:00:00+08:00 (HTTP 200)"
  }
}
[2026-05-17 10:51:13] [Music] 第1302章音乐生成失败
[2026-05-17 10:51:13] [Music] 开始处理第1305章: 原点之下
[2026-05-17 10:51:16] [Music] 配额不足: {
  "error": {
    "code": 1,
    "message": "API error: usage limit exceeded, daily usage limit reached for Token Plan Hs_max (100/100 used), resets at 2026-05-18T00:00:00+08:00 (HTTP 200)"
  }
}
[2026-05-17 10:51:16] [Music] 第1300章音乐生成失败
[2026-05-17 10:51:16] [Music] 开始处理第1306章: 母体的呼唤
[2026-05-17 10:51:25] [Music] 配额不足: {
  "error": {
    "code": 1,
    "message": "API error: usage limit exceeded, daily usage limit reached for Token Plan Hs_max (100/100 used), resets at 2026-05-18T00:00:00+08:00 (HTTP 200)"
  }
}
[2026-05-17 10:51:25] [Music] 第1303章音乐生成失败
[2026-05-17 10:51:25] [Music] 开始处理第1307章: 三十秒的奇迹
[2026-05-17 10:51:26] [Music] 配额不足: {
  "error": {
    "code": 1,
    "message": "API error: usage limit exceeded, daily usage limit reached for Token Plan Hs_max (100/100 used), resets at 2026-05-18T00:00:00+08:00 (HTTP 200)"
  }
}
[2026-05-17 10:51:26] [Music] 第1301章音乐生成失败
[2026-05-17 10:51:26] [Music] 开始处理第1308章: 外婆的遗书
[2026-05-17 10:51:35] [Music] 配额不足: {
  "error": {
    "code": 1,
    "message": "API error: usage limit exceeded, daily usage limit reached for Token Plan Hs_max (100/100 used), resets at 2026-05-18T00:00:00+08:00 (HTTP 200)"
  }
}
[2026-05-17 10:51:35] [Music] 第1304章音乐生成失败
[2026-05-17 10:51:35] [Music] 开始处理第1309章: 鬼母的凝视
[2026-05-17 10:51:42] [Music] 配额不足: {
  "error": {
    "code": 1,
    "message": "API error: usage limit exceeded, daily usage limit reached for Token Plan Hs_max (100/100 used), resets at 2026-05-18T00:00:00+08:00 (HTTP 200)"
  }
}
[2026-05-17 10:51:42] [Music] 第1305章音乐生成失败
[2026-05-17 10:51:42] [Music] 开始处理第1310章: 逃离原点
[2026-05-17 10:51:53] [Music] 配额不足: {
  "error": {
    "code": 1,
    "message": "API error: usage limit exceeded, daily usage limit reached for Token Plan Hs_max (100/100 used), resets at 2026-05-18T00:00:00+08:00 (HTTP 200)"
  }
}
[2026-05-17 10:51:53] [Music] 第1308章音乐生成失败
[2026-05-17 10:51:53] [Music] 开始处理第1311章: 天才的警告
[2026-05-17 10:51:55] [Music] 第1306章歌词生成失败
[2026-05-17 10:51:55] [Music] 开始处理第1312章: 记忆的回廊
[2026-05-17 10:51:57] [Music] 配额不足: {
  "error": {
    "code": 1,
    "message": "API error: usage limit exceeded, daily usage limit reached for Token Plan Hs_max (100/100 used), resets at 2026-05-18T00:00:00+08:00 (HTTP 200)"
  }
}
[2026-05-17 10:51:57] [Music] 第1307章音乐生成失败
[2026-05-17 10:51:57] [Music] 开始处理第1313章: 沉默者的真相
[2026-05-17 10:51:58] [Music] 配额不足: {
  "error": {
    "code": 1,
    "message": "API error: usage limit exceeded, daily usage limit reached for Token Plan Hs_max (100/100 used), resets at 2026-05-18T00:00:00+08:00 (HTTP 200)"
  }
}
[2026-05-17 10:51:58] [Music] 第1309章音乐生成失败
[2026-05-17 10:51:58] [Music] 开始处理第1314章: 外婆的罪与罚
[2026-05-17 10:52:11] [Music] 配额不足: {
  "error": {
    "code": 1,
    "message": "API error: usage limit exceeded, daily usage limit reached for Token Plan Hs_max (100/100 used), resets at 2026-05-18T00:00:00+08:00 (HTTP 200)"
  }
}
[2026-05-17 10:52:11] [Music] 第1310章音乐生成失败
[2026-05-17 10:52:11] [Music] 开始处理第1315章: 棋手的邀请
[2026-05-17 10:52:17] [Music] 配额不足: {
  "error": {
    "code": 1,
    "message": "API error: usage limit exceeded, daily usage limit reached for Token Plan Hs_max (100/100 used), resets at 2026-05-18T00:00:00+08:00 (HTTP 200)"
  }
}
[2026-05-17 10:52:17] [Music] 第1311章音乐生成失败
[2026-05-17 10:52:17] [Music] 开始处理第1316章: 抉择的代价
[2026-05-17 10:52:23] [Music] 配额不足: {
  "error": {
    "code": 1,
    "message": "API error: usage limit exceeded, daily usage limit reached for Token Plan Hs_max (100/100 used), resets at 2026-05-18T00:00:00+08:00 (HTTP 200)"
  }
}
[2026-05-17 10:52:23] [Music] 第1313章音乐生成失败
[2026-05-17 10:52:23] [Music] 开始处理第1317章: 最后的线索
[2026-05-17 10:52:29] [Music] 配额不足: {
  "error": {
    "code": 1,
    "message": "API error: usage limit exceeded, daily usage limit reached for Token Plan Hs_max (100/100 used), resets at 2026-05-18T00:00:00+08:00 (HTTP 200)"
  }
}
[2026-05-17 10:52:29] [Music] 第1314章音乐生成失败
[2026-05-17 10:52:29] [Music] 开始处理第1318章: 驾驭终焉之法
[2026-05-17 10:52:30] [Music] 配额不足: {
  "error": {
    "code": 1,
    "message": "API error: usage limit exceeded, daily usage limit reached for Token Plan Hs_max (100/100 used), resets at 2026-05-18T00:00:00+08:00 (HTTP 200)"
  }
}
[2026-05-17 10:52:30] [Music] 第1312章音乐生成失败
[2026-05-17 10:52:30] [Music] 开始处理第1319章: 集结的号角
[2026-05-17 10:52:35] [Music] 配额不足: {
  "error": {
    "code": 1,
    "message": "API error: usage limit exceeded, daily usage limit reached for Token Plan Hs_max (100/100 used), resets at 2026-05-18T00:00:00+08:00 (HTTP 200)"
  }
}
[2026-05-17 10:52:35] [Music] 第1315章音乐生成失败
[2026-05-17 10:52:35] [Music] 开始处理第1320章: 通往鬼门关
[2026-05-17 10:52:38] [Music] 配额不足: {
  "error": {
    "code": 1,
    "message": "API error: usage limit exceeded, daily usage limit reached for Token Plan Hs_max (100/100 used), resets at 2026-05-18T00:00:00+08:00 (HTTP 200)"
  }
}
[2026-05-17 10:52:38] [Music] 第1316章音乐生成失败
[2026-05-17 10:52:38] [Music] 开始处理第1321章: 黄泉渡口
[2026-05-17 10:52:53] [Music] 配额不足: {
  "error": {
    "code": 1,
    "message": "API error: usage limit exceeded, daily usage limit reached for Token Plan Hs_max (100/100 used), resets at 2026-05-18T00:00:00+08:00 (HTTP 200)"
  }
}
[2026-05-17 10:52:53] [Music] 第1317章音乐生成失败
[2026-05-17 10:52:53] [Music] 开始处理第1322章: 忘川河底
[2026-05-17 10:52:58] [Music] 配额不足: {
  "error": {
    "code": 1,
    "message": "API error: usage limit exceeded, daily usage limit reached for Token Plan Hs_max (100/100 used), resets at 2026-05-18T00:00:00+08:00 (HTTP 200)"
  }
}
[2026-05-17 10:52:58] [Music] 第1320章音乐生成失败
[2026-05-17 10:52:58] [Music] 开始处理第1323章: 摆渡人的真相
[2026-05-17 10:53:01] [Music] 配额不足: {
  "error": {
    "code": 1,
    "message": "API error: usage limit exceeded, daily usage limit reached for Token Plan Hs_max (100/100 used), resets at 2026-05-18T00:00:00+08:00 (HTTP 200)"
  }
}
[2026-05-17 10:53:01] [Music] 第1319章音乐生成失败
[2026-05-17 10:53:01] [Music] 开始处理第1324章: 轮回碎片
[2026-05-17 10:53:08] [Music] 配额不足: {
  "error": {
    "code": 1,
    "message": "API error: usage limit exceeded, daily usage limit reached for Token Plan Hs_max (100/100 used), resets at 2026-05-18T00:00:00+08:00 (HTTP 200)"
  }
}
[2026-05-17 10:53:08] [Music] 第1318章音乐生成失败
[2026-05-17 10:53:08] [Music] 开始处理第1325章: 三岔口
[2026-05-17 10:53:11] [Music] 配额不足: {
  "error": {
    "code": 1,
    "message": "API error: usage limit exceeded, daily usage limit reached for Token Plan Hs_max (100/100 used), resets at 2026-05-18T00:00:00+08:00 (HTTP 200)"
  }
}
[2026-05-17 10:53:11] [Music] 第1321章音乐生成失败
[2026-05-17 10:53:11] [Music] 开始处理第1326章: 真相之路
[2026-05-17 10:53:14] [Music] 配额不足: {
  "error": {
    "code": 1,
    "message": "API error: usage limit exceeded, daily usage limit reached for Token Plan Hs_max (100/100 used), resets at 2026-05-18T00:00:00+08:00 (HTTP 200)"
  }
}
[2026-05-17 10:53:14] [Music] 第1322章音乐生成失败
[2026-05-17 10:53:14] [Music] 开始处理第1327章: 彼岸花开
[2026-05-17 10:53:24] [Music] 配额不足: {
  "error": {
    "code": 1,
    "message": "API error: usage limit exceeded, daily usage limit reached for Token Plan Hs_max (100/100 used), resets at 2026-05-18T00:00:00+08:00 (HTTP 200)"
  }
}
[2026-05-17 10:53:24] [Music] 第1324章音乐生成失败
[2026-05-17 10:53:24] [Music] 开始处理第1328章: 鬼门关前
[2026-05-17 10:53:33] [Music] 配额不足: {
  "error": {
    "code": 1,
    "message": "API error: usage limit exceeded, daily usage limit reached for Token Plan Hs_max (100/100 used), resets at 2026-05-18T00:00:00+08:00 (HTTP 200)"
  }
}
[2026-05-17 10:53:33] [Music] 第1326章音乐生成失败
[2026-05-17 10:53:33] [Music] 开始处理第1329章: 名字的代价
[2026-05-17 10:53:35] [Music] 配额不足: {
  "error": {
    "code": 1,
    "message": "API error: usage limit exceeded, daily usage limit reached for Token Plan Hs_max (100/100 used), resets at 2026-05-18T00:00:00+08:00 (HTTP 200)"
  }
}
[2026-05-17 10:53:35] [Music] 第1325章音乐生成失败
[2026-05-17 10:53:35] [Music] 开始处理第1330章: 苏小曼的名字
[2026-05-17 10:53:37] [Music] 配额不足: {
  "error": {
    "code": 1,
    "message": "API error: usage limit exceeded, daily usage limit reached for Token Plan Hs_max (100/100 used), resets at 2026-05-18T00:00:00+08:00 (HTTP 200)"
  }
}
[2026-05-17 10:53:37] [Music] 第1323章音乐生成失败
[2026-05-17 10:53:37] [Music] 开始处理第1331章: 门后世界
[2026-05-17 10:53:50] [Music] 配额不足: {
  "error": {
    "code": 1,
    "message": "API error: usage limit exceeded, daily usage limit reached for Token Plan Hs_max (100/100 used), resets at 2026-05-18T00:00:00+08:00 (HTTP 200)"
  }
}
[2026-05-17 10:53:50] [Music] 第1327章音乐生成失败
[2026-05-17 10:53:50] [Music] 开始处理第1332章: 外婆的遗言
[2026-05-17 10:53:51] [Music] 配额不足: {
  "error": {
    "code": 1,
    "message": "API error: usage limit exceeded, daily usage limit reached for Token Plan Hs_max (100/100 used), resets at 2026-05-18T00:00:00+08:00 (HTTP 200)"
  }
}
[2026-05-17 10:53:51] [Music] 第1328章音乐生成失败
[2026-05-17 10:53:51] [Music] 开始处理第1333章: 终焉的前兆
[2026-05-17 10:54:02] [Music] 配额不足: {
  "error": {
    "code": 1,
    "message": "API error: usage limit exceeded, daily usage limit reached for Token Plan Hs_max (100/100 used), resets at 2026-05-18T00:00:00+08:00 (HTTP 200)"
  }
}
[2026-05-17 10:54:02] [Music] 第1331章音乐生成失败
[2026-05-17 10:54:02] [Music] 开始处理第1334章: 返回人间
[2026-05-17 10:54:03] [Music] 配额不足: {
  "error": {
    "code": 1,
    "message": "API error: usage limit exceeded, daily usage limit reached for Token Plan Hs_max (100/100 used), resets at 2026-05-18T00:00:00+08:00 (HTTP 200)"
  }
}
[2026-05-17 10:54:03] [Music] 第1329章音乐生成失败
[2026-05-17 10:54:03] [Music] 开始处理第1335章: 归途
[2026-05-17 10:54:04] [Music] 配额不足: {
  "error": {
    "code": 1,
    "message": "API error: usage limit exceeded, daily usage limit reached for Token Plan Hs_max (100/100 used), resets at 2026-05-18T00:00:00+08:00 (HTTP 200)"
  }
}
[2026-05-17 10:54:04] [Music] 第1330章音乐生成失败
[2026-05-17 10:54:04] [Music] 开始处理第1336章: 钟无艳的危机
[2026-05-17 10:54:21] [Music] 配额不足: {
  "error": {
    "code": 1,
    "message": "API error: usage limit exceeded, daily usage limit reached for Token Plan Hs_max (100/100 used), resets at 2026-05-18T00:00:00+08:00 (HTTP 200)"
  }
}
[2026-05-17 10:54:21] [Music] 第1333章音乐生成失败
[2026-05-17 10:54:24] [Music] 配额不足: {
  "error": {
    "code": 1,
    "message": "API error: usage limit exceeded, daily usage limit reached for Token Plan Hs_max (100/100 used), resets at 2026-05-18T00:00:00+08:00 (HTTP 200)"
  }
}
[2026-05-17 10:54:24] [Music] 第1336章音乐生成失败
[2026-05-17 10:54:32] [Music] 配额不足: {
  "error": {
    "code": 1,
    "message": "API error: usage limit exceeded, daily usage limit reached for Token Plan Hs_max (100/100 used), resets at 2026-05-18T00:00:00+08:00 (HTTP 200)"
  }
}
[2026-05-17 10:54:32] [Music] 第1334章音乐生成失败
[2026-05-17 10:54:38] [Music] 配额不足: {
  "error": {
    "code": 1,
    "message": "API error: usage limit exceeded, daily usage limit reached for Token Plan Hs_max (100/100 used), resets at 2026-05-18T00:00:00+08:00 (HTTP 200)"
  }
}
[2026-05-17 10:54:38] [Music] 第1335章音乐生成失败
[2026-05-17 10:55:47] [Music] 配额不足: {
  "error": {
    "code": 1,
    "message": "API error: usage limit exceeded, daily usage limit reached for Token Plan Hs_max (100/100 used), resets at 2026-05-18T00:00:00+08:00 (HTTP 200)"
  }
}
[2026-05-17 10:55:47] [Music] 第1332章音乐生成失败
[2026-05-17 10:55:47] [Music] 批次完成: 成功 0, 失败 50
[2026-05-17 10:55:47] [Music] 累计: 成功 62, 失败 1238
[2026-05-17 10:55:47] [Music] 批次间休息30秒...
[2026-05-17 10:56:17] [Music] 处理批次 27/40, 本批 50 章
[2026-05-17 10:56:17] [Music] 开始处理第1338章: 钟无艳的执念
[2026-05-17 10:56:17] [Music] 开始处理第1337章: 绝望主妇的规则
[2026-05-17 10:56:17] [Music] 开始处理第1340章: 家族的诅咒
[2026-05-17 10:56:17] [Music] 开始处理第1339章: 破碎的完美
[2026-05-17 10:56:17] [Music] 开始处理第1341章: 黄泉尽头的眼睛
[2026-05-17 10:56:40] [Music] 配额不足: {
  "error": {
    "code": 1,
    "message": "API error: usage limit exceeded, daily usage limit reached for Token Plan Hs_max (100/100 used), resets at 2026-05-18T00:00:00+08:00 (HTTP 200)"
  }
}
[2026-05-17 10:56:40] [Music] 第1339章音乐生成失败
[2026-05-17 10:56:40] [Music] 开始处理第1342章: 镜像中的另一个我
[2026-05-17 10:56:41] [Music] 配额不足: {
  "error": {
    "code": 1,
    "message": "API error: usage limit exceeded, daily usage limit reached for Token Plan Hs_max (100/100 used), resets at 2026-05-18T00:00:00+08:00 (HTTP 200)"
  }
}
[2026-05-17 10:56:41] [Music] 第1338章音乐生成失败
[2026-05-17 10:56:41] [Music] 开始处理第1343章: 故人的消息
[2026-05-17 10:56:41] [Music] 配额不足: {
  "error": {
    "code": 1,
    "message": "API error: usage limit exceeded, daily usage limit reached for Token Plan Hs_max (100/100 used), resets at 2026-05-18T00:00:00+08:00 (HTTP 200)"
  }
}
[2026-05-17 10:56:41] [Music] 第1341章音乐生成失败
[2026-05-17 10:56:41] [Music] 开始处理第1344章: 顾清雨的遗书
[2026-05-17 10:56:41] [Music] 配额不足: {
  "error": {
    "code": 1,
    "message": "API error: usage limit exceeded, daily usage limit reached for Token Plan Hs_max (100/100 used), resets at 2026-05-18T00:00:00+08:00 (HTTP 200)"
  }
}
[2026-05-17 10:56:41] [Music] 第1340章音乐生成失败
[2026-05-17 10:56:41] [Music] 开始处理第1345章: 记忆收割者
[2026-05-17 10:56:50] [Music] 配额不足: {
  "error": {
    "code": 1,
    "message": "API error: usage limit exceeded, daily usage limit reached for Token Plan Hs_max (100/100 used), resets at 2026-05-18T00:00:00+08:00 (HTTP 200)"
  }
}
[2026-05-17 10:56:50] [Music] 第1337章音乐生成失败
[2026-05-17 10:56:50] [Music] 开始处理第1346章: 医院走廊的脚步声
[2026-05-17 10:57:06] [Music] 配额不足: {
  "error": {
    "code": 1,
    "message": "API error: usage limit exceeded, daily usage limit reached for Token Plan Hs_max (100/100 used), resets at 2026-05-18T00:00:00+08:00 (HTTP 200)"
  }
}
[2026-05-17 10:57:06] [Music] 第1344章音乐生成失败
[2026-05-17 10:57:06] [Music] 开始处理第1347章: 童年的手术室
[2026-05-17 10:57:06] [Music] 配额不足: {
  "error": {
    "code": 1,
    "message": "API error: usage limit exceeded, daily usage limit reached for Token Plan Hs_max (100/100 used), resets at 2026-05-18T00:00:00+08:00 (HTTP 200)"
  }
}
[2026-05-17 10:57:06] [Music] 第1342章音乐生成失败
[2026-05-17 10:57:06] [Music] 开始处理第1348章: 外婆的真相
[2026-05-17 10:57:08] [Music] 配额不足: {
  "error": {
    "code": 1,
    "message": "API error: usage limit exceeded, daily usage limit reached for Token Plan Hs_max (100/100 used), resets at 2026-05-18T00:00:00+08:00 (HTTP 200)"
  }
}
[2026-05-17 10:57:08] [Music] 第1343章音乐生成失败
[2026-05-17 10:57:08] [Music] 开始处理第1349章: 镜中手术刀
[2026-05-17 10:57:14] [Music] 配额不足: {
  "error": {
    "code": 1,
    "message": "API error: usage limit exceeded, daily usage limit reached for Token Plan Hs_max (100/100 used), resets at 2026-05-18T00:00:00+08:00 (HTTP 200)"
  }
}
[2026-05-17 10:57:14] [Music] 第1345章音乐生成失败
[2026-05-17 10:57:14] [Music] 开始处理第1350章: 鬼门关前
[2026-05-17 10:57:20] [Music] 配额不足: {
  "error": {
    "code": 1,
    "message": "API error: usage limit exceeded, daily usage limit reached for Token Plan Hs_max (100/100 used), resets at 2026-05-18T00:00:00+08:00 (HTTP 200)"
  }
}
[2026-05-17 10:57:20] [Music] 第1346章音乐生成失败
[2026-05-17 10:57:20] [Music] 开始处理第1351章: 棋手的真面目
[2026-05-17 10:57:31] [Music] 配额不足: {
  "error": {
    "code": 1,
    "message": "API error: usage limit exceeded, daily usage limit reached for Token Plan Hs_max (100/100 used), resets at 2026-05-18T00:00:00+08:00 (HTTP 200)"
  }
}
[2026-05-17 10:57:31] [Music] 第1348章音乐生成失败
[2026-05-17 10:57:31] [Music] 开始处理第1352章: 人类的可能性
[2026-05-17 10:57:35] [Music] 配额不足: {
  "error": {
    "code": 1,
    "message": "API error: usage limit exceeded, daily usage limit reached for Token Plan Hs_max (100/100 used), resets at 2026-05-18T00:00:00+08:00 (HTTP 200)"
  }
}
[2026-05-17 10:57:35] [Music] 第1347章音乐生成失败
[2026-05-17 10:57:35] [Music] 开始处理第1353章: 赵鹤的遗志
[2026-05-17 10:57:36] [Music] 配额不足: {
  "error": {
    "code": 1,
    "message": "API error: usage limit exceeded, daily usage limit reached for Token Plan Hs_max (100/100 used), resets at 2026-05-18T00:00:00+08:00 (HTTP 200)"
  }
}
[2026-05-17 10:57:36] [Music] 第1349章音乐生成失败
[2026-05-17 10:57:36] [Music] 开始处理第1354章: 外婆的研究成果
[2026-05-17 10:57:41] [Music] 配额不足: {
  "error": {
    "code": 1,
    "message": "API error: usage limit exceeded, daily usage limit reached for Token Plan Hs_max (100/100 used), resets at 2026-05-18T00:00:00+08:00 (HTTP 200)"
  }
}
[2026-05-17 10:57:41] [Music] 第1351章音乐生成失败
[2026-05-17 10:57:41] [Music] 开始处理第1355章: 终焉的预兆
[2026-05-17 10:57:42] [Music] 配额不足: {
  "error": {
    "code": 1,
    "message": "API error: usage limit exceeded, daily usage limit reached for Token Plan Hs_max (100/100 used), resets at 2026-05-18T00:00:00+08:00 (HTTP 200)"
  }
}
[2026-05-17 10:57:42] [Music] 第1350章音乐生成失败
[2026-05-17 10:57:42] [Music] 开始处理第1356章: 联手的可能
[2026-05-17 10:57:59] [Music] 配额不足: {
  "error": {
    "code": 1,
    "message": "API error: usage limit exceeded, daily usage limit reached for Token Plan Hs_max (100/100 used), resets at 2026-05-18T00:00:00+08:00 (HTTP 200)"
  }
}
[2026-05-17 10:57:59] [Music] 第1352章音乐生成失败
[2026-05-17 10:57:59] [Music] 开始处理第1357章: 回到人间
[2026-05-17 10:58:00] [Music] 配额不足: {
  "error": {
    "code": 1,
    "message": "API error: usage limit exceeded, daily usage limit reached for Token Plan Hs_max (100/100 used), resets at 2026-05-18T00:00:00+08:00 (HTTP 200)"
  }
}
[2026-05-17 10:58:00] [Music] 第1353章音乐生成失败
[2026-05-17 10:58:00] [Music] 开始处理第1358章: 钟无艳的遗言
[2026-05-17 10:58:06] [Music] 配额不足: {
  "error": {
    "code": 1,
    "message": "API error: usage limit exceeded, daily usage limit reached for Token Plan Hs_max (100/100 used), resets at 2026-05-18T00:00:00+08:00 (HTTP 200)"
  }
}
[2026-05-17 10:58:06] [Music] 第1356章音乐生成失败
[2026-05-17 10:58:06] [Music] 开始处理第1359章: 白夜的呼唤
[2026-05-17 10:58:07] [Music] 配额不足: {
  "error": {
    "code": 1,
    "message": "API error: usage limit exceeded, daily usage limit reached for Token Plan Hs_max (100/100 used), resets at 2026-05-18T00:00:00+08:00 (HTTP 200)"
  }
}
[2026-05-17 10:58:07] [Music] 第1354章音乐生成失败
[2026-05-17 10:58:07] [Music] 开始处理第1360章: 天才的落幕
[2026-05-17 10:58:23] [Music] 第1355章歌词生成失败
[2026-05-17 10:58:23] [Music] 开始处理第1361章: 崩溃的边缘
[2026-05-17 10:58:26] [Music] 配额不足: {
  "error": {
    "code": 1,
    "message": "API error: usage limit exceeded, daily usage limit reached for Token Plan Hs_max (100/100 used), resets at 2026-05-18T00:00:00+08:00 (HTTP 200)"
  }
}
[2026-05-17 10:58:26] [Music] 第1358章音乐生成失败
[2026-05-17 10:58:26] [Music] 开始处理第1362章: 深渊的凝视
[2026-05-17 10:58:30] [Music] 配额不足: {
  "error": {
    "code": 1,
    "message": "API error: usage limit exceeded, daily usage limit reached for Token Plan Hs_max (100/100 used), resets at 2026-05-18T00:00:00+08:00 (HTTP 200)"
  }
}
[2026-05-17 10:58:30] [Music] 第1360章音乐生成失败
[2026-05-17 10:58:30] [Music] 开始处理第1363章: 血脉的呼唤
[2026-05-17 10:58:31] [Music] 配额不足: {
  "error": {
    "code": 1,
    "message": "API error: usage limit exceeded, daily usage limit reached for Token Plan Hs_max (100/100 used), resets at 2026-05-18T00:00:00+08:00 (HTTP 200)"
  }
}
[2026-05-17 10:58:31] [Music] 第1357章音乐生成失败
[2026-05-17 10:58:31] [Music] 开始处理第1364章: 沉睡的命令
[2026-05-17 10:58:48] [Music] 配额不足: {
  "error": {
    "code": 1,
    "message": "API error: usage limit exceeded, daily usage limit reached for Token Plan Hs_max (100/100 used), resets at 2026-05-18T00:00:00+08:00 (HTTP 200)"
  }
}
[2026-05-17 10:58:48] [Music] 第1359章音乐生成失败
[2026-05-17 10:58:48] [Music] 开始处理第1365章: 外婆的遗言
[2026-05-17 10:58:48] [Music] 配额不足: {
  "error": {
    "code": 1,
    "message": "API error: usage limit exceeded, daily usage limit reached for Token Plan Hs_max (100/100 used), resets at 2026-05-18T00:00:00+08:00 (HTTP 200)"
  }
}
[2026-05-17 10:58:48] [Music] 第1362章音乐生成失败
[2026-05-17 10:58:48] [Music] 开始处理第1366章: 七个家族
[2026-05-17 10:58:54] [Music] 配额不足: {
  "error": {
    "code": 1,
    "message": "API error: usage limit exceeded, daily usage limit reached for Token Plan Hs_max (100/100 used), resets at 2026-05-18T00:00:00+08:00 (HTTP 200)"
  }
}
[2026-05-17 10:58:54] [Music] 第1363章音乐生成失败
[2026-05-17 10:58:54] [Music] 开始处理第1367章: 云端死神
[2026-05-17 10:58:55] [Music] 配额不足: {
  "error": {
    "code": 1,
    "message": "API error: usage limit exceeded, daily usage limit reached for Token Plan Hs_max (100/100 used), resets at 2026-05-18T00:00:00+08:00 (HTTP 200)"
  }
}
[2026-05-17 10:58:55] [Music] 第1361章音乐生成失败
[2026-05-17 10:58:55] [Music] 开始处理第1368章: 数据的深渊
[2026-05-17 10:58:56] [Music] 配额不足: {
  "error": {
    "code": 1,
    "message": "API error: usage limit exceeded, daily usage limit reached for Token Plan Hs_max (100/100 used), resets at 2026-05-18T00:00:00+08:00 (HTTP 200)"
  }
}
[2026-05-17 10:58:56] [Music] 第1364章音乐生成失败
[2026-05-17 10:58:56] [Music] 开始处理第1369章: 分离的命令
[2026-05-17 10:59:14] [Music] 配额不足: {
  "error": {
    "code": 1,
    "message": "API error: usage limit exceeded, daily usage limit reached for Token Plan Hs_max (100/100 used), resets at 2026-05-18T00:00:00+08:00 (HTTP 200)"
  }
}
[2026-05-17 10:59:14] [Music] 第1368章音乐生成失败
[2026-05-17 10:59:14] [Music] 开始处理第1370章: 最后的防线
[2026-05-17 10:59:16] [Music] 配额不足: {
  "error": {
    "code": 1,
    "message": "API error: usage limit exceeded, daily usage limit reached for Token Plan Hs_max (100/100 used), resets at 2026-05-18T00:00:00+08:00 (HTTP 200)"
  }
}
[2026-05-17 10:59:16] [Music] 第1365章音乐生成失败
[2026-05-17 10:59:16] [Music] 开始处理第1371章: 血脉的真相
[2026-05-17 10:59:21] [Music] 配额不足: {
  "error": {
    "code": 1,
    "message": "API error: usage limit exceeded, daily usage limit reached for Token Plan Hs_max (100/100 used), resets at 2026-05-18T00:00:00+08:00 (HTTP 200)"
  }
}
[2026-05-17 10:59:21] [Music] 第1366章音乐生成失败
[2026-05-17 10:59:21] [Music] 开始处理第1372章: 先人的遗愿
[2026-05-17 10:59:26] [Music] 配额不足: {
  "error": {
    "code": 1,
    "message": "API error: usage limit exceeded, daily usage limit reached for Token Plan Hs_max (100/100 used), resets at 2026-05-18T00:00:00+08:00 (HTTP 200)"
  }
}
[2026-05-17 10:59:26] [Music] 第1367章音乐生成失败
[2026-05-17 10:59:26] [Music] 开始处理第1373章: 深海的消息
[2026-05-17 10:59:27] [Music] 配额不足: {
  "error": {
    "code": 1,
    "message": "API error: usage limit exceeded, daily usage limit reached for Token Plan Hs_max (100/100 used), resets at 2026-05-18T00:00:00+08:00 (HTTP 200)"
  }
}
[2026-05-17 10:59:27] [Music] 第1369章音乐生成失败
[2026-05-17 10:59:27] [Music] 开始处理第1374章: 海底的约定
[2026-05-17 10:59:40] [Music] 配额不足: {
  "error": {
    "code": 1,
    "message": "API error: usage limit exceeded, daily usage limit reached for Token Plan Hs_max (100/100 used), resets at 2026-05-18T00:00:00+08:00 (HTTP 200)"
  }
}
[2026-05-17 10:59:40] [Music] 第1370章音乐生成失败
[2026-05-17 10:59:40] [Music] 开始处理第1375章: 棋手的棋子
[2026-05-17 10:59:51] [Music] 配额不足: {
  "error": {
    "code": 1,
    "message": "API error: usage limit exceeded, daily usage limit reached for Token Plan Hs_max (100/100 used), resets at 2026-05-18T00:00:00+08:00 (HTTP 200)"
  }
}
[2026-05-17 10:59:51] [Music] 第1373章音乐生成失败
[2026-05-17 10:59:51] [Music] 开始处理第1376章: 沉城困局
[2026-05-17 10:59:52] [Music] 配额不足: {
  "error": {
    "code": 1,
    "message": "API error: usage limit exceeded, daily usage limit reached for Token Plan Hs_max (100/100 used), resets at 2026-05-18T00:00:00+08:00 (HTTP 200)"
  }
}
[2026-05-17 10:59:52] [Music] 第1371章音乐生成失败
[2026-05-17 10:59:52] [Music] 开始处理第1377章: 溺神的凝视
[2026-05-17 10:59:54] [Music] 配额不足: {
  "error": {
    "code": 1,
    "message": "API error: usage limit exceeded, daily usage limit reached for Token Plan Hs_max (100/100 used), resets at 2026-05-18T00:00:00+08:00 (HTTP 200)"
  }
}
[2026-05-17 10:59:54] [Music] 第1372章音乐生成失败
[2026-05-17 10:59:54] [Music] 开始处理第1378章: 水下的规则
[2026-05-17 11:00:09] [Music] 配额不足: {
  "error": {
    "code": 1,
    "message": "API error: usage limit exceeded, daily usage limit reached for Token Plan Hs_max (100/100 used), resets at 2026-05-18T00:00:00+08:00 (HTTP 200)"
  }
}
[2026-05-17 11:00:09] [Music] 第1375章音乐生成失败
[2026-05-17 11:00:09] [Music] 开始处理第1379章: 沉城的幸存者
[2026-05-17 11:00:11] [Music] 配额不足: {
  "error": {
    "code": 1,
    "message": "API error: usage limit exceeded, daily usage limit reached for Token Plan Hs_max (100/100 used), resets at 2026-05-18T00:00:00+08:00 (HTTP 200)"
  }
}
[2026-05-17 11:00:11] [Music] 第1374章音乐生成失败
[2026-05-17 11:00:11] [Music] 开始处理第1380章: 窒息的选择
[2026-05-17 11:00:12] [Music] 配额不足: {
  "error": {
    "code": 1,
    "message": "API error: usage limit exceeded, daily usage limit reached for Token Plan Hs_max (100/100 used), resets at 2026-05-18T00:00:00+08:00 (HTTP 200)"
  }
}
[2026-05-17 11:00:12] [Music] 第1376章音乐生成失败
[2026-05-17 11:00:12] [Music] 开始处理第1381章: 倒计时的回声
[2026-05-17 11:00:20] [Music] 配额不足: {
  "error": {
    "code": 1,
    "message": "API error: usage limit exceeded, daily usage limit reached for Token Plan Hs_max (100/100 used), resets at 2026-05-18T00:00:00+08:00 (HTTP 200)"
  }
}
[2026-05-17 11:00:20] [Music] 第1377章音乐生成失败
[2026-05-17 11:00:20] [Music] 开始处理第1382章: 数字的代价
[2026-05-17 11:00:21] [Music] 配额不足: {
  "error": {
    "code": 1,
    "message": "API error: usage limit exceeded, daily usage limit reached for Token Plan Hs_max (100/100 used), resets at 2026-05-18T00:00:00+08:00 (HTTP 200)"
  }
}
[2026-05-17 11:00:21] [Music] 第1378章音乐生成失败
[2026-05-17 11:00:21] [Music] 开始处理第1383章: 彼岸的邀请函
[2026-05-17 11:00:37] [Music] 配额不足: {
  "error": {
    "code": 1,
    "message": "API error: usage limit exceeded, daily usage limit reached for Token Plan Hs_max (100/100 used), resets at 2026-05-18T00:00:00+08:00 (HTTP 200)"
  }
}
[2026-05-17 11:00:37] [Music] 第1379章音乐生成失败
[2026-05-17 11:00:37] [Music] 开始处理第1384章: 黄泉路第七路口
[2026-05-17 11:00:40] [Music] 配额不足: {
  "error": {
    "code": 1,
    "message": "API error: usage limit exceeded, daily usage limit reached for Token Plan Hs_max (100/100 used), resets at 2026-05-18T00:00:00+08:00 (HTTP 200)"
  }
}
[2026-05-17 11:00:40] [Music] 第1381章音乐生成失败
[2026-05-17 11:00:40] [Music] 开始处理第1385章: 棋手的投影
[2026-05-17 11:00:40] [Music] 配额不足: {
  "error": {
    "code": 1,
    "message": "API error: usage limit exceeded, daily usage limit reached for Token Plan Hs_max (100/100 used), resets at 2026-05-18T00:00:00+08:00 (HTTP 200)"
  }
}
[2026-05-17 11:00:40] [Music] 第1380章音乐生成失败
[2026-05-17 11:00:40] [Music] 开始处理第1386章: 回归的代价
[2026-05-17 11:00:43] [Music] 配额不足: {
  "error": {
    "code": 1,
    "message": "API error: usage limit exceeded, daily usage limit reached for Token Plan Hs_max (100/100 used), resets at 2026-05-18T00:00:00+08:00 (HTTP 200)"
  }
}
[2026-05-17 11:00:43] [Music] 第1382章音乐生成失败
[2026-05-17 11:00:47] [Music] 配额不足: {
  "error": {
    "code": 1,
    "message": "API error: usage limit exceeded, daily usage limit reached for Token Plan Hs_max (100/100 used), resets at 2026-05-18T00:00:00+08:00 (HTTP 200)"
  }
}
[2026-05-17 11:00:47] [Music] 第1383章音乐生成失败
[2026-05-17 11:01:03] [Music] 配额不足: {
  "error": {
    "code": 1,
    "message": "API error: usage limit exceeded, daily usage limit reached for Token Plan Hs_max (100/100 used), resets at 2026-05-18T00:00:00+08:00 (HTTP 200)"
  }
}
[2026-05-17 11:01:03] [Music] 第1384章音乐生成失败
[2026-05-17 11:01:10] [Music] 配额不足: {
  "error": {
    "code": 1,
    "message": "API error: usage limit exceeded, daily usage limit reached for Token Plan Hs_max (100/100 used), resets at 2026-05-18T00:00:00+08:00 (HTTP 200)"
  }
}
[2026-05-17 11:01:10] [Music] 第1385章音乐生成失败
[2026-05-17 11:01:15] [Music] 配额不足: {
  "error": {
    "code": 1,
    "message": "API error: usage limit exceeded, daily usage limit reached for Token Plan Hs_max (100/100 used), resets at 2026-05-18T00:00:00+08:00 (HTTP 200)"
  }
}
[2026-05-17 11:01:15] [Music] 第1386章音乐生成失败
[2026-05-17 11:01:15] [Music] 批次完成: 成功 0, 失败 50
[2026-05-17 11:01:15] [Music] 累计: 成功 62, 失败 1288
[2026-05-17 11:01:15] [Music] 批次间休息30秒...
[2026-05-17 11:01:45] [Music] 处理批次 28/40, 本批 50 章
[2026-05-17 11:01:45] [Music] 开始处理第1387章: 种子发芽
[2026-05-17 11:01:45] [Music] 开始处理第1388章: 守夜人的分裂
[2026-05-17 11:01:45] [Music] 开始处理第1389章: 镜中对话
[2026-05-17 11:01:45] [Music] 开始处理第1390章: 老陈头的真相
[2026-05-17 11:01:45] [Music] 开始处理第1391章: 午夜电台·终章
[2026-05-17 11:02:08] [Music] 配额不足: {
  "error": {
    "code": 1,
    "message": "API error: usage limit exceeded, daily usage limit reached for Token Plan Hs_max (100/100 used), resets at 2026-05-18T00:00:00+08:00 (HTTP 200)"
  }
}
[2026-05-17 11:02:08] [Music] 第1390章音乐生成失败
[2026-05-17 11:02:08] [Music] 开始处理第1392章: 电台核心
[2026-05-17 11:02:13] [Music] 配额不足: {
  "error": {
    "code": 1,
    "message": "API error: usage limit exceeded, daily usage limit reached for Token Plan Hs_max (100/100 used), resets at 2026-05-18T00:00:00+08:00 (HTTP 200)"
  }
}
[2026-05-17 11:02:13] [Music] 第1387章音乐生成失败
[2026-05-17 11:02:13] [Music] 开始处理第1393章: 沉默的救赎
[2026-05-17 11:02:13] [Music] 配额不足: {
  "error": {
    "code": 1,
    "message": "API error: usage limit exceeded, daily usage limit reached for Token Plan Hs_max (100/100 used), resets at 2026-05-18T00:00:00+08:00 (HTTP 200)"
  }
}
[2026-05-17 11:02:13] [Music] 第1388章音乐生成失败
[2026-05-17 11:02:13] [Music] 开始处理第1394章: 三天之约
[2026-05-17 11:02:15] [Music] 配额不足: {
  "error": {
    "code": 1,
    "message": "API error: usage limit exceeded, daily usage limit reached for Token Plan Hs_max (100/100 used), resets at 2026-05-18T00:00:00+08:00 (HTTP 200)"
  }
}
[2026-05-17 11:02:15] [Music] 第1391章音乐生成失败
[2026-05-17 11:02:15] [Music] 开始处理第1395章: 残缺的拼图
[2026-05-17 11:02:28] [Music] 配额不足: {
  "error": {
    "code": 1,
    "message": "API error: usage limit exceeded, daily usage limit reached for Token Plan Hs_max (100/100 used), resets at 2026-05-18T00:00:00+08:00 (HTTP 200)"
  }
}
[2026-05-17 11:02:28] [Music] 第1389章音乐生成失败
[2026-05-17 11:02:28] [Music] 开始处理第1396章: 萧然的抉择
[2026-05-17 11:02:36] [Music] 配额不足: {
  "error": {
    "code": 1,
    "message": "API error: usage limit exceeded, daily usage limit reached for Token Plan Hs_max (100/100 used), resets at 2026-05-18T00:00:00+08:00 (HTTP 200)"
  }
}
[2026-05-17 11:02:36] [Music] 第1392章音乐生成失败
[2026-05-17 11:02:36] [Music] 开始处理第1397章: 暴风雨前夜
[2026-05-17 11:02:37] [Music] 配额不足: {
  "error": {
    "code": 1,
    "message": "API error: usage limit exceeded, daily usage limit reached for Token Plan Hs_max (100/100 used), resets at 2026-05-18T00:00:00+08:00 (HTTP 200)"
  }
}
[2026-05-17 11:02:37] [Music] 第1394章音乐生成失败
[2026-05-17 11:02:37] [Music] 开始处理第1398章: 裂缝之下
[2026-05-17 11:02:44] [Music] 配额不足: {
  "error": {
    "code": 1,
    "message": "API error: usage limit exceeded, daily usage limit reached for Token Plan Hs_max (100/100 used), resets at 2026-05-18T00:00:00+08:00 (HTTP 200)"
  }
}
[2026-05-17 11:02:44] [Music] 第1395章音乐生成失败
[2026-05-17 11:02:44] [Music] 开始处理第1399章: 最终决战·序章
[2026-05-17 11:02:46] [Music] 配额不足: {
  "error": {
    "code": 1,
    "message": "API error: usage limit exceeded, daily usage limit reached for Token Plan Hs_max (100/100 used), resets at 2026-05-18T00:00:00+08:00 (HTTP 200)"
  }
}
[2026-05-17 11:02:46] [Music] 第1393章音乐生成失败
[2026-05-17 11:02:46] [Music] 开始处理第1400章: 外婆的真相
[2026-05-17 11:02:50] [Music] 配额不足: {
  "error": {
    "code": 1,
    "message": "API error: usage limit exceeded, daily usage limit reached for Token Plan Hs_max (100/100 used), resets at 2026-05-18T00:00:00+08:00 (HTTP 200)"
  }
}
[2026-05-17 11:02:50] [Music] 第1396章音乐生成失败
[2026-05-17 11:02:50] [Music] 开始处理第1401章: 黄泉路的尽头
[2026-05-17 11:03:06] [Music] 配额不足: {
  "error": {
    "code": 1,
    "message": "API error: usage limit exceeded, daily usage limit reached for Token Plan Hs_max (100/100 used), resets at 2026-05-18T00:00:00+08:00 (HTTP 200)"
  }
}
[2026-05-17 11:03:06] [Music] 第1398章音乐生成失败
[2026-05-17 11:03:06] [Music] 开始处理第1402章: 守夜人的背叛者
[2026-05-17 11:03:09] [Music] 配额不足: {
  "error": {
    "code": 1,
    "message": "API error: usage limit exceeded, daily usage limit reached for Token Plan Hs_max (100/100 used), resets at 2026-05-18T00:00:00+08:00 (HTTP 200)"
  }
}
[2026-05-17 11:03:09] [Music] 第1399章音乐生成失败
[2026-05-17 11:03:09] [Music] 开始处理第1403章: 门内的世界
[2026-05-17 11:03:13] [Music] 第1397章歌词生成失败
[2026-05-17 11:03:13] [Music] 开始处理第1404章: 无影之城
[2026-05-17 11:03:19] [Music] 配额不足: {
  "error": {
    "code": 1,
    "message": "API error: usage limit exceeded, daily usage limit reached for Token Plan Hs_max (100/100 used), resets at 2026-05-18T00:00:00+08:00 (HTTP 200)"
  }
}
[2026-05-17 11:03:19] [Music] 第1400章音乐生成失败
[2026-05-17 11:03:19] [Music] 开始处理第1405章: 外婆的秘密
[2026-05-17 11:03:19] [Music] 配额不足: {
  "error": {
    "code": 1,
    "message": "API error: usage limit exceeded, daily usage limit reached for Token Plan Hs_max (100/100 used), resets at 2026-05-18T00:00:00+08:00 (HTTP 200)"
  }
}
[2026-05-17 11:03:19] [Music] 第1401章音乐生成失败
[2026-05-17 11:03:19] [Music] 开始处理第1406章: 原点计划
[2026-05-17 11:03:29] [Music] 配额不足: {
  "error": {
    "code": 1,
    "message": "API error: usage limit exceeded, daily usage limit reached for Token Plan Hs_max (100/100 used), resets at 2026-05-18T00:00:00+08:00 (HTTP 200)"
  }
}
[2026-05-17 11:03:29] [Music] 第1402章音乐生成失败
[2026-05-17 11:03:29] [Music] 开始处理第1407章: 灵魂的碎片
[2026-05-17 11:03:37] [Music] 配额不足: {
  "error": {
    "code": 1,
    "message": "API error: usage limit exceeded, daily usage limit reached for Token Plan Hs_max (100/100 used), resets at 2026-05-18T00:00:00+08:00 (HTTP 200)"
  }
}
[2026-05-17 11:03:37] [Music] 第1403章音乐生成失败
[2026-05-17 11:03:37] [Music] 开始处理第1408章: 沉默者的力量
[2026-05-17 11:03:43] [Music] 第1405章歌词生成失败
[2026-05-17 11:03:43] [Music] 开始处理第1409章: 黑色匕首的秘密
[2026-05-17 11:03:48] [Music] 配额不足: {
  "error": {
    "code": 1,
    "message": "API error: usage limit exceeded, daily usage limit reached for Token Plan Hs_max (100/100 used), resets at 2026-05-18T00:00:00+08:00 (HTTP 200)"
  }
}
[2026-05-17 11:03:48] [Music] 第1406章音乐生成失败
[2026-05-17 11:03:48] [Music] 开始处理第1410章: 影子的战争
[2026-05-17 11:03:53] [Music] 配额不足: {
  "error": {
    "code": 1,
    "message": "API error: usage limit exceeded, daily usage limit reached for Token Plan Hs_max (100/100 used), resets at 2026-05-18T00:00:00+08:00 (HTTP 200)"
  }
}
[2026-05-17 11:03:53] [Music] 第1404章音乐生成失败
[2026-05-17 11:03:53] [Music] 开始处理第1411章: 时间的代价
[2026-05-17 11:03:58] [Music] 配额不足: {
  "error": {
    "code": 1,
    "message": "API error: usage limit exceeded, daily usage limit reached for Token Plan Hs_max (100/100 used), resets at 2026-05-18T00:00:00+08:00 (HTTP 200)"
  }
}
[2026-05-17 11:03:58] [Music] 第1408章音乐生成失败
[2026-05-17 11:03:58] [Music] 开始处理第1412章: 枯井村的召唤
[2026-05-17 11:04:02] [Music] 第1407章歌词生成失败
[2026-05-17 11:04:02] [Music] 开始处理第1413章: 井底的记忆
[2026-05-17 11:04:17] [Music] 配额不足: {
  "error": {
    "code": 1,
    "message": "API error: usage limit exceeded, daily usage limit reached for Token Plan Hs_max (100/100 used), resets at 2026-05-18T00:00:00+08:00 (HTTP 200)"
  }
}
[2026-05-17 11:04:17] [Music] 第1409章音乐生成失败
[2026-05-17 11:04:17] [Music] 开始处理第1414章: 记忆的交易
[2026-05-17 11:04:21] [Music] 配额不足: {
  "error": {
    "code": 1,
    "message": "API error: usage limit exceeded, daily usage limit reached for Token Plan Hs_max (100/100 used), resets at 2026-05-18T00:00:00+08:00 (HTTP 200)"
  }
}
[2026-05-17 11:04:21] [Music] 第1410章音乐生成失败
[2026-05-17 11:04:21] [Music] 开始处理第1415章: 外婆的遗愿
[2026-05-17 11:04:24] [Music] 配额不足: {
  "error": {
    "code": 1,
    "message": "API error: usage limit exceeded, daily usage limit reached for Token Plan Hs_max (100/100 used), resets at 2026-05-18T00:00:00+08:00 (HTTP 200)"
  }
}
[2026-05-17 11:04:24] [Music] 第1411章音乐生成失败
[2026-05-17 11:04:24] [Music] 开始处理第1416章: 失去名字的人
[2026-05-17 11:04:31] [Music] 配额不足: {
  "error": {
    "code": 1,
    "message": "API error: usage limit exceeded, daily usage limit reached for Token Plan Hs_max (100/100 used), resets at 2026-05-18T00:00:00+08:00 (HTTP 200)"
  }
}
[2026-05-17 11:04:31] [Music] 第1413章音乐生成失败
[2026-05-17 11:04:31] [Music] 开始处理第1417章: 镜中人的指引
[2026-05-17 11:04:47] [Music] 配额不足: {
  "error": {
    "code": 1,
    "message": "API error: usage limit exceeded, daily usage limit reached for Token Plan Hs_max (100/100 used), resets at 2026-05-18T00:00:00+08:00 (HTTP 200)"
  }
}
[2026-05-17 11:04:47] [Music] 第1414章音乐生成失败
[2026-05-17 11:04:47] [Music] 开始处理第1418章: 过去的影像
[2026-05-17 11:04:52] [Music] 配额不足: {
  "error": {
    "code": 1,
    "message": "API error: usage limit exceeded, daily usage limit reached for Token Plan Hs_max (100/100 used), resets at 2026-05-18T00:00:00+08:00 (HTTP 200)"
  }
}
[2026-05-17 11:04:52] [Music] 第1412章音乐生成失败
[2026-05-17 11:04:52] [Music] 开始处理第1419章: 赵鹤的托付
[2026-05-17 11:04:52] [Music] 配额不足: {
  "error": {
    "code": 1,
    "message": "API error: usage limit exceeded, daily usage limit reached for Token Plan Hs_max (100/100 used), resets at 2026-05-18T00:00:00+08:00 (HTTP 200)"
  }
}
[2026-05-17 11:04:52] [Music] 第1415章音乐生成失败
[2026-05-17 11:04:52] [Music] 开始处理第1420章: 新的开始
[2026-05-17 11:04:57] [Music] 配额不足: {
  "error": {
    "code": 1,
    "message": "API error: usage limit exceeded, daily usage limit reached for Token Plan Hs_max (100/100 used), resets at 2026-05-18T00:00:00+08:00 (HTTP 200)"
  }
}
[2026-05-17 11:04:57] [Music] 第1416章音乐生成失败
[2026-05-17 11:04:57] [Music] 开始处理第1421章: 鬼门之外
[2026-05-17 11:05:09] [Music] 配额不足: {
  "error": {
    "code": 1,
    "message": "API error: usage limit exceeded, daily usage limit reached for Token Plan Hs_max (100/100 used), resets at 2026-05-18T00:00:00+08:00 (HTTP 200)"
  }
}
[2026-05-17 11:05:09] [Music] 第1417章音乐生成失败
[2026-05-17 11:05:09] [Music] 开始处理第1422章: 入关条件
[2026-05-17 11:05:20] [Music] 配额不足: {
  "error": {
    "code": 1,
    "message": "API error: usage limit exceeded, daily usage limit reached for Token Plan Hs_max (100/100 used), resets at 2026-05-18T00:00:00+08:00 (HTTP 200)"
  }
}
[2026-05-17 11:05:20] [Music] 第1418章音乐生成失败
[2026-05-17 11:05:20] [Music] 开始处理第1423章: 问心之关
[2026-05-17 11:05:22] [Music] 配额不足: {
  "error": {
    "code": 1,
    "message": "API error: usage limit exceeded, daily usage limit reached for Token Plan Hs_max (100/100 used), resets at 2026-05-18T00:00:00+08:00 (HTTP 200)"
  }
}
[2026-05-17 11:05:22] [Music] 第1419章音乐生成失败
[2026-05-17 11:05:22] [Music] 开始处理第1424章: 承认
[2026-05-17 11:05:24] [Music] 配额不足: {
  "error": {
    "code": 1,
    "message": "API error: usage limit exceeded, daily usage limit reached for Token Plan Hs_max (100/100 used), resets at 2026-05-18T00:00:00+08:00 (HTTP 200)"
  }
}
[2026-05-17 11:05:24] [Music] 第1420章音乐生成失败
[2026-05-17 11:05:24] [Music] 开始处理第1425章: 不动如山
[2026-05-17 11:05:27] [Music] 配额不足: {
  "error": {
    "code": 1,
    "message": "API error: usage limit exceeded, daily usage limit reached for Token Plan Hs_max (100/100 used), resets at 2026-05-18T00:00:00+08:00 (HTTP 200)"
  }
}
[2026-05-17 11:05:27] [Music] 第1421章音乐生成失败
[2026-05-17 11:05:27] [Music] 开始处理第1426章: 镜中真相
[2026-05-17 11:05:40] [Music] 配额不足: {
  "error": {
    "code": 1,
    "message": "API error: usage limit exceeded, daily usage limit reached for Token Plan Hs_max (100/100 used), resets at 2026-05-18T00:00:00+08:00 (HTTP 200)"
  }
}
[2026-05-17 11:05:40] [Music] 第1422章音乐生成失败
[2026-05-17 11:05:40] [Music] 开始处理第1427章: 镜中对话
[2026-05-17 11:05:51] [Music] 配额不足: {
  "error": {
    "code": 1,
    "message": "API error: usage limit exceeded, daily usage limit reached for Token Plan Hs_max (100/100 used), resets at 2026-05-18T00:00:00+08:00 (HTTP 200)"
  }
}
[2026-05-17 11:05:51] [Music] 第1425章音乐生成失败
[2026-05-17 11:05:51] [Music] 开始处理第1428章: 问命之关
[2026-05-17 11:05:52] [Music] 配额不足: {
  "error": {
    "code": 1,
    "message": "API error: usage limit exceeded, daily usage limit reached for Token Plan Hs_max (100/100 used), resets at 2026-05-18T00:00:00+08:00 (HTTP 200)"
  }
}
[2026-05-17 11:05:52] [Music] 第1423章音乐生成失败
[2026-05-17 11:05:52] [Music] 开始处理第1429章: 以命换命
[2026-05-17 11:05:53] [Music] 配额不足: {
  "error": {
    "code": 1,
    "message": "API error: usage limit exceeded, daily usage limit reached for Token Plan Hs_max (100/100 used), resets at 2026-05-18T00:00:00+08:00 (HTTP 200)"
  }
}
[2026-05-17 11:05:53] [Music] 第1424章音乐生成失败
[2026-05-17 11:05:53] [Music] 开始处理第1430章: 棋手的棋盘
[2026-05-17 11:06:01] [Music] 配额不足: {
  "error": {
    "code": 1,
    "message": "API error: usage limit exceeded, daily usage limit reached for Token Plan Hs_max (100/100 used), resets at 2026-05-18T00:00:00+08:00 (HTTP 200)"
  }
}
[2026-05-17 11:06:01] [Music] 第1426章音乐生成失败
[2026-05-17 11:06:01] [Music] 开始处理第1431章: 外婆的遗音
[2026-05-17 11:06:22] [Music] 配额不足: {
  "error": {
    "code": 1,
    "message": "API error: usage limit exceeded, daily usage limit reached for Token Plan Hs_max (100/100 used), resets at 2026-05-18T00:00:00+08:00 (HTTP 200)"
  }
}
[2026-05-17 11:06:22] [Music] 第1427章音乐生成失败
[2026-05-17 11:06:22] [Music] 开始处理第1432章: 一百年前
[2026-05-17 11:06:23] [Music] 配额不足: {
  "error": {
    "code": 1,
    "message": "API error: usage limit exceeded, daily usage limit reached for Token Plan Hs_max (100/100 used), resets at 2026-05-18T00:00:00+08:00 (HTTP 200)"
  }
}
[2026-05-17 11:06:23] [Music] 第1430章音乐生成失败
[2026-05-17 11:06:23] [Music] 开始处理第1433章: 终焉降临
[2026-05-17 11:06:28] [Music] 第1429章歌词生成失败
[2026-05-17 11:06:28] [Music] 开始处理第1434章: 第一波冲击
[2026-05-17 11:06:30] [Music] 配额不足: {
  "error": {
    "code": 1,
    "message": "API error: usage limit exceeded, daily usage limit reached for Token Plan Hs_max (100/100 used), resets at 2026-05-18T00:00:00+08:00 (HTTP 200)"
  }
}
[2026-05-17 11:06:30] [Music] 第1431章音乐生成失败
[2026-05-17 11:06:30] [Music] 开始处理第1435章: 守夜人的决意
[2026-05-17 11:06:47] [Music] 配额不足: {
  "error": {
    "code": 1,
    "message": "API error: usage limit exceeded, daily usage limit reached for Token Plan Hs_max (100/100 used), resets at 2026-05-18T00:00:00+08:00 (HTTP 200)"
  }
}
[2026-05-17 11:06:47] [Music] 第1432章音乐生成失败
[2026-05-17 11:06:47] [Music] 开始处理第1436章: 白夜的天才
[2026-05-17 11:06:53] [Music] 配额不足: {
  "error": {
    "code": 1,
    "message": "API error: usage limit exceeded, daily usage limit reached for Token Plan Hs_max (100/100 used), resets at 2026-05-18T00:00:00+08:00 (HTTP 200)"
  }
}
[2026-05-17 11:06:53] [Music] 第1433章音乐生成失败
[2026-05-17 11:07:02] [Music] 配额不足: {
  "error": {
    "code": 1,
    "message": "API error: usage limit exceeded, daily usage limit reached for Token Plan Hs_max (100/100 used), resets at 2026-05-18T00:00:00+08:00 (HTTP 200)"
  }
}
[2026-05-17 11:07:02] [Music] 第1434章音乐生成失败
[2026-05-17 11:07:08] [Music] 配额不足: {
  "error": {
    "code": 1,
    "message": "API error: usage limit exceeded, daily usage limit reached for Token Plan Hs_max (100/100 used), resets at 2026-05-18T00:00:00+08:00 (HTTP 200)"
  }
}
[2026-05-17 11:07:08] [Music] 第1435章音乐生成失败
[2026-05-17 11:07:18] [Music] 配额不足: {
  "error": {
    "code": 1,
    "message": "API error: usage limit exceeded, daily usage limit reached for Token Plan Hs_max (100/100 used), resets at 2026-05-18T00:00:00+08:00 (HTTP 200)"
  }
}
[2026-05-17 11:07:18] [Music] 第1436章音乐生成失败
[2026-05-17 11:07:41] [Music] 配额不足: {
  "error": {
    "code": 1,
    "message": "API error: usage limit exceeded, daily usage limit reached for Token Plan Hs_max (100/100 used), resets at 2026-05-18T00:00:00+08:00 (HTTP 200)"
  }
}
[2026-05-17 11:07:41] [Music] 第1428章音乐生成失败
[2026-05-17 11:07:41] [Music] 批次完成: 成功 0, 失败 50
[2026-05-17 11:07:41] [Music] 累计: 成功 62, 失败 1338
[2026-05-17 11:07:41] [Music] 批次间休息30秒...
[2026-05-17 11:08:11] [Music] 处理批次 29/40, 本批 50 章
[2026-05-17 11:08:11] [Music] 开始处理第1437章: 倒计时
[2026-05-17 11:08:11] [Music] 开始处理第1439章: 黄泉路上
[2026-05-17 11:08:11] [Music] 开始处理第1438章: 艰难的抉择
[2026-05-17 11:08:11] [Music] 开始处理第1441章: 《世界的颤抖》
[2026-05-17 11:08:11] [Music] 开始处理第1440章: 故人重逢
[2026-05-17 11:08:31] [Music] 配额不足: {
  "error": {
    "code": 1,
    "message": "API error: usage limit exceeded, daily usage limit reached for Token Plan Hs_max (100/100 used), resets at 2026-05-18T00:00:00+08:00 (HTTP 200)"
  }
}
[2026-05-17 11:08:31] [Music] 第1439章音乐生成失败
[2026-05-17 11:08:31] [Music] 开始处理第1442章: 《沉默的呼喊》
[2026-05-17 11:08:32] [Music] 配额不足: {
  "error": {
    "code": 1,
    "message": "API error: usage limit exceeded, daily usage limit reached for Token Plan Hs_max (100/100 used), resets at 2026-05-18T00:00:00+08:00 (HTTP 200)"
  }
}
[2026-05-17 11:08:32] [Music] 第1437章音乐生成失败
[2026-05-17 11:08:32] [Music] 开始处理第1443章: 《彼岸花开》
[2026-05-17 11:08:33] [Music] 配额不足: {
  "error": {
    "code": 1,
    "message": "API error: usage limit exceeded, daily usage limit reached for Token Plan Hs_max (100/100 used), resets at 2026-05-18T00:00:00+08:00 (HTTP 200)"
  }
}
[2026-05-17 11:08:33] [Music] 第1440章音乐生成失败
[2026-05-17 11:08:33] [Music] 开始处理第1444章: 《背刺》
[2026-05-17 11:08:37] [Music] 配额不足: {
  "error": {
    "code": 1,
    "message": "API error: usage limit exceeded, daily usage limit reached for Token Plan Hs_max (100/100 used), resets at 2026-05-18T00:00:00+08:00 (HTTP 200)"
  }
}
[2026-05-17 11:08:37] [Music] 第1438章音乐生成失败
[2026-05-17 11:08:37] [Music] 开始处理第1445章: 《钟无艳的抉择》
[2026-05-17 11:08:44] [Music] 配额不足: {
  "error": {
    "code": 1,
    "message": "API error: usage limit exceeded, daily usage limit reached for Token Plan Hs_max (100/100 used), resets at 2026-05-18T00:00:00+08:00 (HTTP 200)"
  }
}
[2026-05-17 11:08:44] [Music] 第1441章音乐生成失败
[2026-05-17 11:08:44] [Music] 开始处理第1446章: 《群鸦再临》
[2026-05-17 11:09:00] [Music] 配额不足: {
  "error": {
    "code": 1,
    "message": "API error: usage limit exceeded, daily usage limit reached for Token Plan Hs_max (100/100 used), resets at 2026-05-18T00:00:00+08:00 (HTTP 200)"
  }
}
[2026-05-17 11:09:00] [Music] 第1444章音乐生成失败
[2026-05-17 11:09:00] [Music] 开始处理第1447章: 《绝望蔓延》
[2026-05-17 11:09:02] [Music] 配额不足: {
  "error": {
    "code": 1,
    "message": "API error: usage limit exceeded, daily usage limit reached for Token Plan Hs_max (100/100 used), resets at 2026-05-18T00:00:00+08:00 (HTTP 200)"
  }
}
[2026-05-17 11:09:02] [Music] 第1442章音乐生成失败
[2026-05-17 11:09:02] [Music] 开始处理第1448章: 《鬼神之战》
[2026-05-17 11:09:04] [Music] 配额不足: {
  "error": {
    "code": 1,
    "message": "API error: usage limit exceeded, daily usage limit reached for Token Plan Hs_max (100/100 used), resets at 2026-05-18T00:00:00+08:00 (HTTP 200)"
  }
}
[2026-05-17 11:09:04] [Music] 第1443章音乐生成失败
[2026-05-17 11:09:04] [Music] 开始处理第1449章: 《倒计时开始》
[2026-05-17 11:09:09] [Music] 配额不足: {
  "error": {
    "code": 1,
    "message": "API error: usage limit exceeded, daily usage limit reached for Token Plan Hs_max (100/100 used), resets at 2026-05-18T00:00:00+08:00 (HTTP 200)"
  }
}
[2026-05-17 11:09:09] [Music] 第1446章音乐生成失败
[2026-05-17 11:09:09] [Music] 开始处理第1450章: 《最后的守墓人》
[2026-05-17 11:09:09] [Music] 配额不足: {
  "error": {
    "code": 1,
    "message": "API error: usage limit exceeded, daily usage limit reached for Token Plan Hs_max (100/100 used), resets at 2026-05-18T00:00:00+08:00 (HTTP 200)"
  }
}
[2026-05-17 11:09:09] [Music] 第1445章音乐生成失败
[2026-05-17 11:09:09] [Music] 开始处理第1451章: 《纸人的眼泪》
[2026-05-17 11:09:23] [Music] 配额不足: {
  "error": {
    "code": 1,
    "message": "API error: usage limit exceeded, daily usage limit reached for Token Plan Hs_max (100/100 used), resets at 2026-05-18T00:00:00+08:00 (HTTP 200)"
  }
}
[2026-05-17 11:09:23] [Music] 第1447章音乐生成失败
[2026-05-17 11:09:23] [Music] 开始处理第1452章: 《镜中真相》
[2026-05-17 11:09:33] [Music] 配额不足: {
  "error": {
    "code": 1,
    "message": "API error: usage limit exceeded, daily usage limit reached for Token Plan Hs_max (100/100 used), resets at 2026-05-18T00:00:00+08:00 (HTTP 200)"
  }
}
[2026-05-17 11:09:33] [Music] 第1449章音乐生成失败
[2026-05-17 11:09:33] [Music] 开始处理第1453章: 《血色的约定》
[2026-05-17 11:09:33] [Music] 配额不足: {
  "error": {
    "code": 1,
    "message": "API error: usage limit exceeded, daily usage limit reached for Token Plan Hs_max (100/100 used), resets at 2026-05-18T00:00:00+08:00 (HTTP 200)"
  }
}
[2026-05-17 11:09:33] [Music] 第1448章音乐生成失败
[2026-05-17 11:09:33] [Music] 开始处理第1454章: 《侵蚀之夜》
[2026-05-17 11:09:35] [Music] 配额不足: {
  "error": {
    "code": 1,
    "message": "API error: usage limit exceeded, daily usage limit reached for Token Plan Hs_max (100/100 used), resets at 2026-05-18T00:00:00+08:00 (HTTP 200)"
  }
}
[2026-05-17 11:09:35] [Music] 第1451章音乐生成失败
[2026-05-17 11:09:35] [Music] 开始处理第1455章: 《无声的尖叫》
[2026-05-17 11:09:37] [Music] 配额不足: {
  "error": {
    "code": 1,
    "message": "API error: usage limit exceeded, daily usage limit reached for Token Plan Hs_max (100/100 used), resets at 2026-05-18T00:00:00+08:00 (HTTP 200)"
  }
}
[2026-05-17 11:09:37] [Music] 第1450章音乐生成失败
[2026-05-17 11:09:37] [Music] 开始处理第1456章: 《黄泉路上》
[2026-05-17 11:10:01] [Music] 配额不足: {
  "error": {
    "code": 1,
    "message": "API error: usage limit exceeded, daily usage limit reached for Token Plan Hs_max (100/100 used), resets at 2026-05-18T00:00:00+08:00 (HTTP 200)"
  }
}
[2026-05-17 11:10:01] [Music] 第1456章音乐生成失败
[2026-05-17 11:10:01] [Music] 开始处理第1457章: 《倒带与前行》
[2026-05-17 11:10:04] [Music] 配额不足: {
  "error": {
    "code": 1,
    "message": "API error: usage limit exceeded, daily usage limit reached for Token Plan Hs_max (100/100 used), resets at 2026-05-18T00:00:00+08:00 (HTTP 200)"
  }
}
[2026-05-17 11:10:04] [Music] 第1453章音乐生成失败
[2026-05-17 11:10:04] [Music] 开始处理第1458章: 《棋局落子》
[2026-05-17 11:10:06] [Music] 第1452章歌词生成失败
[2026-05-17 11:10:06] [Music] 开始处理第1459章: 《绝望中的希望》
[2026-05-17 11:10:13] [Music] 配额不足: {
  "error": {
    "code": 1,
    "message": "API error: usage limit exceeded, daily usage limit reached for Token Plan Hs_max (100/100 used), resets at 2026-05-18T00:00:00+08:00 (HTTP 200)"
  }
}
[2026-05-17 11:10:13] [Music] 第1455章音乐生成失败
[2026-05-17 11:10:13] [Music] 开始处理第1460章: 《终焉降临》
[2026-05-17 11:10:14] [Music] 配额不足: {
  "error": {
    "code": 1,
    "message": "API error: usage limit exceeded, daily usage limit reached for Token Plan Hs_max (100/100 used), resets at 2026-05-18T00:00:00+08:00 (HTTP 200)"
  }
}
[2026-05-17 11:10:14] [Music] 第1454章音乐生成失败
[2026-05-17 11:10:14] [Music] 开始处理第1461章: 记忆的空洞
[2026-05-17 11:10:29] [Music] 配额不足: {
  "error": {
    "code": 1,
    "message": "API error: usage limit exceeded, daily usage limit reached for Token Plan Hs_max (100/100 used), resets at 2026-05-18T00:00:00+08:00 (HTTP 200)"
  }
}
[2026-05-17 11:10:29] [Music] 第1458章音乐生成失败
[2026-05-17 11:10:29] [Music] 开始处理第1462章: 沉睡者的呼唤
[2026-05-17 11:10:37] [Music] 配额不足: {
  "error": {
    "code": 1,
    "message": "API error: usage limit exceeded, daily usage limit reached for Token Plan Hs_max (100/100 used), resets at 2026-05-18T00:00:00+08:00 (HTTP 200)"
  }
}
[2026-05-17 11:10:37] [Music] 第1459章音乐生成失败
[2026-05-17 11:10:37] [Music] 开始处理第1463章: 重逢之地
[2026-05-17 11:10:42] [Music] 配额不足: {
  "error": {
    "code": 1,
    "message": "API error: usage limit exceeded, daily usage limit reached for Token Plan Hs_max (100/100 used), resets at 2026-05-18T00:00:00+08:00 (HTTP 200)"
  }
}
[2026-05-17 11:10:42] [Music] 第1461章音乐生成失败
[2026-05-17 11:10:42] [Music] 开始处理第1464章: 鬼潮
[2026-05-17 11:10:42] [Music] 配额不足: {
  "error": {
    "code": 1,
    "message": "API error: usage limit exceeded, daily usage limit reached for Token Plan Hs_max (100/100 used), resets at 2026-05-18T00:00:00+08:00 (HTTP 200)"
  }
}
[2026-05-17 11:10:42] [Music] 第1460章音乐生成失败
[2026-05-17 11:10:42] [Music] 开始处理第1465章: 裂痕
[2026-05-17 11:10:46] [Music] 配额不足: {
  "error": {
    "code": 1,
    "message": "API error: usage limit exceeded, daily usage limit reached for Token Plan Hs_max (100/100 used), resets at 2026-05-18T00:00:00+08:00 (HTTP 200)"
  }
}
[2026-05-17 11:10:46] [Music] 第1457章音乐生成失败
[2026-05-17 11:10:46] [Music] 开始处理第1466章: 鬼门永闭
[2026-05-17 11:10:53] [Music] 配额不足: {
  "error": {
    "code": 1,
    "message": "API error: usage limit exceeded, daily usage limit reached for Token Plan Hs_max (100/100 used), resets at 2026-05-18T00:00:00+08:00 (HTTP 200)"
  }
}
[2026-05-17 11:10:53] [Music] 第1462章音乐生成失败
[2026-05-17 11:10:53] [Music] 开始处理第1467章: 最后一搏
[2026-05-17 11:10:57] [Music] 配额不足: {
  "error": {
    "code": 1,
    "message": "API error: usage limit exceeded, daily usage limit reached for Token Plan Hs_max (100/100 used), resets at 2026-05-18T00:00:00+08:00 (HTTP 200)"
  }
}
[2026-05-17 11:10:57] [Music] 第1463章音乐生成失败
[2026-05-17 11:10:57] [Music] 开始处理第1468章: 棋手的棋局
[2026-05-17 11:11:13] [Music] 配额不足: {
  "error": {
    "code": 1,
    "message": "API error: usage limit exceeded, daily usage limit reached for Token Plan Hs_max (100/100 used), resets at 2026-05-18T00:00:00+08:00 (HTTP 200)"
  }
}
[2026-05-17 11:11:13] [Music] 第1465章音乐生成失败
[2026-05-17 11:11:13] [Music] 开始处理第1469章: 灰烬中的火种
[2026-05-17 11:11:13] [Music] 配额不足: {
  "error": {
    "code": 1,
    "message": "API error: usage limit exceeded, daily usage limit reached for Token Plan Hs_max (100/100 used), resets at 2026-05-18T00:00:00+08:00 (HTTP 200)"
  }
}
[2026-05-17 11:11:13] [Music] 第1464章音乐生成失败
[2026-05-17 11:11:13] [Music] 开始处理第1470章: 不完整的人
[2026-05-17 11:11:14] [Music] 配额不足: {
  "error": {
    "code": 1,
    "message": "API error: usage limit exceeded, daily usage limit reached for Token Plan Hs_max (100/100 used), resets at 2026-05-18T00:00:00+08:00 (HTTP 200)"
  }
}
[2026-05-17 11:11:14] [Music] 第1466章音乐生成失败
[2026-05-17 11:11:14] [Music] 开始处理第1471章: 替身的真相
[2026-05-17 11:11:24] [Music] 配额不足: {
  "error": {
    "code": 1,
    "message": "API error: usage limit exceeded, daily usage limit reached for Token Plan Hs_max (100/100 used), resets at 2026-05-18T00:00:00+08:00 (HTTP 200)"
  }
}
[2026-05-17 11:11:24] [Music] 第1468章音乐生成失败
[2026-05-17 11:11:24] [Music] 开始处理第1472章: 沉默者的遗言
[2026-05-17 11:11:25] [Music] 配额不足: {
  "error": {
    "code": 1,
    "message": "API error: usage limit exceeded, daily usage limit reached for Token Plan Hs_max (100/100 used), resets at 2026-05-18T00:00:00+08:00 (HTTP 200)"
  }
}
[2026-05-17 11:11:25] [Music] 第1467章音乐生成失败
[2026-05-17 11:11:25] [Music] 开始处理第1473章: 棋手的弱点
[2026-05-17 11:11:42] [Music] 配额不足: {
  "error": {
    "code": 1,
    "message": "API error: usage limit exceeded, daily usage limit reached for Token Plan Hs_max (100/100 used), resets at 2026-05-18T00:00:00+08:00 (HTTP 200)"
  }
}
[2026-05-17 11:11:42] [Music] 第1471章音乐生成失败
[2026-05-17 11:11:42] [Music] 开始处理第1474章: 最后的准备
[2026-05-17 11:11:43] [Music] 配额不足: {
  "error": {
    "code": 1,
    "message": "API error: usage limit exceeded, daily usage limit reached for Token Plan Hs_max (100/100 used), resets at 2026-05-18T00:00:00+08:00 (HTTP 200)"
  }
}
[2026-05-17 11:11:43] [Music] 第1469章音乐生成失败
[2026-05-17 11:11:43] [Music] 开始处理第1475章: 黄泉路入口
[2026-05-17 11:11:46] [Music] 配额不足: {
  "error": {
    "code": 1,
    "message": "API error: usage limit exceeded, daily usage limit reached for Token Plan Hs_max (100/100 used), resets at 2026-05-18T00:00:00+08:00 (HTTP 200)"
  }
}
[2026-05-17 11:11:46] [Music] 第1472章音乐生成失败
[2026-05-17 11:11:46] [Music] 开始处理第1476章: 亡者之路
[2026-05-17 11:11:51] [Music] 配额不足: {
  "error": {
    "code": 1,
    "message": "API error: usage limit exceeded, daily usage limit reached for Token Plan Hs_max (100/100 used), resets at 2026-05-18T00:00:00+08:00 (HTTP 200)"
  }
}
[2026-05-17 11:11:51] [Music] 第1470章音乐生成失败
[2026-05-17 11:11:51] [Music] 开始处理第1477章: 无面之轿
[2026-05-17 11:11:56] [Music] 配额不足: {
  "error": {
    "code": 1,
    "message": "API error: usage limit exceeded, daily usage limit reached for Token Plan Hs_max (100/100 used), resets at 2026-05-18T00:00:00+08:00 (HTTP 200)"
  }
}
[2026-05-17 11:11:56] [Music] 第1473章音乐生成失败
[2026-05-17 11:11:56] [Music] 开始处理第1478章: 鬼打墙
[2026-05-17 11:12:08] [Music] 配额不足: {
  "error": {
    "code": 1,
    "message": "API error: usage limit exceeded, daily usage limit reached for Token Plan Hs_max (100/100 used), resets at 2026-05-18T00:00:00+08:00 (HTTP 200)"
  }
}
[2026-05-17 11:12:08] [Music] 第1474章音乐生成失败
[2026-05-17 11:12:08] [Music] 开始处理第1479章: 灯火小镇
[2026-05-17 11:12:10] [Music] 配额不足: {
  "error": {
    "code": 1,
    "message": "API error: usage limit exceeded, daily usage limit reached for Token Plan Hs_max (100/100 used), resets at 2026-05-18T00:00:00+08:00 (HTTP 200)"
  }
}
[2026-05-17 11:12:10] [Music] 第1476章音乐生成失败
[2026-05-17 11:12:10] [Music] 开始处理第1480章: 代价之茶
[2026-05-17 11:12:16] [Music] 配额不足: {
  "error": {
    "code": 1,
    "message": "API error: usage limit exceeded, daily usage limit reached for Token Plan Hs_max (100/100 used), resets at 2026-05-18T00:00:00+08:00 (HTTP 200)"
  }
}
[2026-05-17 11:12:16] [Music] 配额不足: {
  "error": {
    "code": 1,
    "message": "API error: usage limit exceeded, daily usage limit reached for Token Plan Hs_max (100/100 used), resets at 2026-05-18T00:00:00+08:00 (HTTP 200)"
  }
}
[2026-05-17 11:12:16] [Music] 第1477章音乐生成失败
[2026-05-17 11:12:16] [Music] 第1475章音乐生成失败
[2026-05-17 11:12:16] [Music] 开始处理第1481章: 残缺的记忆
[2026-05-17 11:12:16] [Music] 开始处理第1482章: 外婆的记忆
[2026-05-17 11:12:36] [Music] 配额不足: {
  "error": {
    "code": 1,
    "message": "API error: usage limit exceeded, daily usage limit reached for Token Plan Hs_max (100/100 used), resets at 2026-05-18T00:00:00+08:00 (HTTP 200)"
  }
}
[2026-05-17 11:12:36] [Music] 第1480章音乐生成失败
[2026-05-17 11:12:36] [Music] 开始处理第1483章: 迷宫出口
[2026-05-17 11:12:40] [Music] 配额不足: {
  "error": {
    "code": 1,
    "message": "API error: usage limit exceeded, daily usage limit reached for Token Plan Hs_max (100/100 used), resets at 2026-05-18T00:00:00+08:00 (HTTP 200)"
  }
}
[2026-05-17 11:12:40] [Music] 第1478章音乐生成失败
[2026-05-17 11:12:40] [Music] 开始处理第1484章: 双岔路
[2026-05-17 11:12:41] [Music] 配额不足: {
  "error": {
    "code": 1,
    "message": "API error: usage limit exceeded, daily usage limit reached for Token Plan Hs_max (100/100 used), resets at 2026-05-18T00:00:00+08:00 (HTTP 200)"
  }
}
[2026-05-17 11:12:41] [Music] 第1481章音乐生成失败
[2026-05-17 11:12:41] [Music] 开始处理第1485章: 守门者
[2026-05-17 11:12:46] [Music] 第1482章歌词生成失败
[2026-05-17 11:12:46] [Music] 开始处理第1486章: 书灵
[2026-05-17 11:13:05] [Music] 配额不足: {
  "error": {
    "code": 1,
    "message": "API error: usage limit exceeded, daily usage limit reached for Token Plan Hs_max (100/100 used), resets at 2026-05-18T00:00:00+08:00 (HTTP 200)"
  }
}
[2026-05-17 11:13:05] [Music] 第1484章音乐生成失败
[2026-05-17 11:13:12] [Music] 配额不足: {
  "error": {
    "code": 1,
    "message": "API error: usage limit exceeded, daily usage limit reached for Token Plan Hs_max (100/100 used), resets at 2026-05-18T00:00:00+08:00 (HTTP 200)"
  }
}
[2026-05-17 11:13:12] [Music] 第1485章音乐生成失败
[2026-05-17 11:13:20] [Music] 配额不足: {
  "error": {
    "code": 1,
    "message": "API error: usage limit exceeded, daily usage limit reached for Token Plan Hs_max (100/100 used), resets at 2026-05-18T00:00:00+08:00 (HTTP 200)"
  }
}
[2026-05-17 11:13:20] [Music] 第1479章音乐生成失败
[2026-05-17 11:13:20] [Music] 配额不足: {
  "error": {
    "code": 1,
    "message": "API error: usage limit exceeded, daily usage limit reached for Token Plan Hs_max (100/100 used), resets at 2026-05-18T00:00:00+08:00 (HTTP 200)"
  }
}
[2026-05-17 11:13:20] [Music] 第1483章音乐生成失败
[2026-05-17 11:13:29] [Music] 配额不足: {
  "error": {
    "code": 1,
    "message": "API error: usage limit exceeded, daily usage limit reached for Token Plan Hs_max (100/100 used), resets at 2026-05-18T00:00:00+08:00 (HTTP 200)"
  }
}
[2026-05-17 11:13:29] [Music] 第1486章音乐生成失败
[2026-05-17 11:13:29] [Music] 批次完成: 成功 0, 失败 50
[2026-05-17 11:13:29] [Music] 累计: 成功 62, 失败 1388
[2026-05-17 11:13:29] [Music] 批次间休息30秒...
[2026-05-17 11:13:59] [Music] 处理批次 30/40, 本批 50 章
[2026-05-17 11:13:59] [Music] 开始处理第1487章: 两难抉择
[2026-05-17 11:13:59] [Music] 开始处理第1488章: 封印解除
[2026-05-17 11:13:59] [Music] 开始处理第1489章: 黄泉崩塌
[2026-05-17 11:13:59] [Music] 开始处理第1491章: 裂痕
[2026-05-17 11:13:59] [Music] 开始处理第1490章: 抉择时刻
[2026-05-17 11:14:22] [Music] 配额不足: {
  "error": {
    "code": 1,
    "message": "API error: usage limit exceeded, daily usage limit reached for Token Plan Hs_max (100/100 used), resets at 2026-05-18T00:00:00+08:00 (HTTP 200)"
  }
}
[2026-05-17 11:14:22] [Music] 第1490章音乐生成失败
[2026-05-17 11:14:22] [Music] 开始处理第1492章: 出口
[2026-05-17 11:14:25] [Music] 配额不足: {
  "error": {
    "code": 1,
    "message": "API error: usage limit exceeded, daily usage limit reached for Token Plan Hs_max (100/100 used), resets at 2026-05-18T00:00:00+08:00 (HTTP 200)"
  }
}
[2026-05-17 11:14:25] [Music] 第1489章音乐生成失败
[2026-05-17 11:14:25] [Music] 开始处理第1493章: 闭眼之战
[2026-05-17 11:14:27] [Music] 配额不足: {
  "error": {
    "code": 1,
    "message": "API error: usage limit exceeded, daily usage limit reached for Token Plan Hs_max (100/100 used), resets at 2026-05-18T00:00:00+08:00 (HTTP 200)"
  }
}
[2026-05-17 11:14:27] [Music] 第1491章音乐生成失败
[2026-05-17 11:14:27] [Music] 开始处理第1494章: 彼岸
[2026-05-17 11:14:30] [Music] 配额不足: {
  "error": {
    "code": 1,
    "message": "API error: usage limit exceeded, daily usage limit reached for Token Plan Hs_max (100/100 used), resets at 2026-05-18T00:00:00+08:00 (HTTP 200)"
  }
}
[2026-05-17 11:14:30] [Music] 第1488章音乐生成失败
[2026-05-17 11:14:30] [Music] 开始处理第1495章: 决战前夜
[2026-05-17 11:14:32] [Music] 配额不足: {
  "error": {
    "code": 1,
    "message": "API error: usage limit exceeded, daily usage limit reached for Token Plan Hs_max (100/100 used), resets at 2026-05-18T00:00:00+08:00 (HTTP 200)"
  }
}
[2026-05-17 11:14:32] [Music] 第1487章音乐生成失败
[2026-05-17 11:14:32] [Music] 开始处理第1496章: 黎明前的黑暗
[2026-05-17 11:14:47] [Music] 配额不足: {
  "error": {
    "code": 1,
    "message": "API error: usage limit exceeded, daily usage limit reached for Token Plan Hs_max (100/100 used), resets at 2026-05-18T00:00:00+08:00 (HTTP 200)"
  }
}
[2026-05-17 11:14:47] [Music] 第1492章音乐生成失败
[2026-05-17 11:14:47] [Music] 开始处理第1497章: 背叛者的真相
[2026-05-17 11:14:49] [Music] 配额不足: {
  "error": {
    "code": 1,
    "message": "API error: usage limit exceeded, daily usage limit reached for Token Plan Hs_max (100/100 used), resets at 2026-05-18T00:00:00+08:00 (HTTP 200)"
  }
}
[2026-05-17 11:14:49] [Music] 第1493章音乐生成失败
[2026-05-17 11:14:49] [Music] 开始处理第1498章: 棋手现身
[2026-05-17 11:14:54] [Music] 配额不足: {
  "error": {
    "code": 1,
    "message": "API error: usage limit exceeded, daily usage limit reached for Token Plan Hs_max (100/100 used), resets at 2026-05-18T00:00:00+08:00 (HTTP 200)"
  }
}
[2026-05-17 11:14:54] [Music] 第1496章音乐生成失败
[2026-05-17 11:14:54] [Music] 开始处理第1499章: 仪式
[2026-05-17 11:15:01] [Music] 配额不足: {
  "error": {
    "code": 1,
    "message": "API error: usage limit exceeded, daily usage limit reached for Token Plan Hs_max (100/100 used), resets at 2026-05-18T00:00:00+08:00 (HTTP 200)"
  }
}
[2026-05-17 11:15:01] [Music] 第1495章音乐生成失败
[2026-05-17 11:15:01] [Music] 开始处理第1500章: 终极选择
[2026-05-17 11:15:06] [Music] 配额不足: {
  "error": {
    "code": 1,
    "message": "API error: usage limit exceeded, daily usage limit reached for Token Plan Hs_max (100/100 used), resets at 2026-05-18T00:00:00+08:00 (HTTP 200)"
  }
}
[2026-05-17 11:15:06] [Music] 第1494章音乐生成失败
[2026-05-17 11:15:06] [Music] 开始处理第1501章: 拒绝
[2026-05-17 11:15:07] [Music] 配额不足: {
  "error": {
    "code": 1,
    "message": "API error: usage limit exceeded, daily usage limit reached for Token Plan Hs_max (100/100 used), resets at 2026-05-18T00:00:00+08:00 (HTTP 200)"
  }
}
[2026-05-17 11:15:07] [Music] 第1497章音乐生成失败
[2026-05-17 11:15:07] [Music] 开始处理第1502章: 坠落
[2026-05-17 11:15:19] [Music] 配额不足: {
  "error": {
    "code": 1,
    "message": "API error: usage limit exceeded, daily usage limit reached for Token Plan Hs_max (100/100 used), resets at 2026-05-18T00:00:00+08:00 (HTTP 200)"
  }
}
[2026-05-17 11:15:19] [Music] 第1498章音乐生成失败
[2026-05-17 11:15:19] [Music] 开始处理第1503章: 病房里的低语
[2026-05-17 11:15:20] [Music] 配额不足: {
  "error": {
    "code": 1,
    "message": "API error: usage limit exceeded, daily usage limit reached for Token Plan Hs_max (100/100 used), resets at 2026-05-18T00:00:00+08:00 (HTTP 200)"
  }
}
[2026-05-17 11:15:20] [Music] 第1499章音乐生成失败
[2026-05-17 11:15:20] [Music] 开始处理第1504章: 替身的碎片
[2026-05-17 11:15:35] [Music] 配额不足: {
  "error": {
    "code": 1,
    "message": "API error: usage limit exceeded, daily usage limit reached for Token Plan Hs_max (100/100 used), resets at 2026-05-18T00:00:00+08:00 (HTTP 200)"
  }
}
[2026-05-17 11:15:35] [Music] 第1502章音乐生成失败
[2026-05-17 11:15:35] [Music] 开始处理第1505章: 裂缝
[2026-05-17 11:15:35] [Music] 配额不足: {
  "error": {
    "code": 1,
    "message": "API error: usage limit exceeded, daily usage limit reached for Token Plan Hs_max (100/100 used), resets at 2026-05-18T00:00:00+08:00 (HTTP 200)"
  }
}
[2026-05-17 11:15:35] [Music] 第1500章音乐生成失败
[2026-05-17 11:15:35] [Music] 开始处理第1506章: 问题与答案
[2026-05-17 11:15:41] [Music] 配额不足: {
  "error": {
    "code": 1,
    "message": "API error: usage limit exceeded, daily usage limit reached for Token Plan Hs_max (100/100 used), resets at 2026-05-18T00:00:00+08:00 (HTTP 200)"
  }
}
[2026-05-17 11:15:41] [Music] 第1501章音乐生成失败
[2026-05-17 11:15:41] [Music] 开始处理第1507章: 替身转移
[2026-05-17 11:15:45] [Music] 配额不足: {
  "error": {
    "code": 1,
    "message": "API error: usage limit exceeded, daily usage limit reached for Token Plan Hs_max (100/100 used), resets at 2026-05-18T00:00:00+08:00 (HTTP 200)"
  }
}
[2026-05-17 11:15:45] [Music] 第1504章音乐生成失败
[2026-05-17 11:15:45] [Music] 开始处理第1508章: 代价
[2026-05-17 11:15:46] [Music] 配额不足: {
  "error": {
    "code": 1,
    "message": "API error: usage limit exceeded, daily usage limit reached for Token Plan Hs_max (100/100 used), resets at 2026-05-18T00:00:00+08:00 (HTTP 200)"
  }
}
[2026-05-17 11:15:46] [Music] 第1503章音乐生成失败
[2026-05-17 11:15:46] [Music] 开始处理第1509章: 逃亡之路
[2026-05-17 11:16:04] [Music] 配额不足: {
  "error": {
    "code": 1,
    "message": "API error: usage limit exceeded, daily usage limit reached for Token Plan Hs_max (100/100 used), resets at 2026-05-18T00:00:00+08:00 (HTTP 200)"
  }
}
[2026-05-17 11:16:04] [Music] 第1506章音乐生成失败
[2026-05-17 11:16:04] [Music] 开始处理第1510章: 回头
[2026-05-17 11:16:08] [Music] 配额不足: {
  "error": {
    "code": 1,
    "message": "API error: usage limit exceeded, daily usage limit reached for Token Plan Hs_max (100/100 used), resets at 2026-05-18T00:00:00+08:00 (HTTP 200)"
  }
}
[2026-05-17 11:16:08] [Music] 第1505章音乐生成失败
[2026-05-17 11:16:08] [Music] 开始处理第1511章: 母亲的真相
[2026-05-17 11:16:11] [Music] 配额不足: {
  "error": {
    "code": 1,
    "message": "API error: usage limit exceeded, daily usage limit reached for Token Plan Hs_max (100/100 used), resets at 2026-05-18T00:00:00+08:00 (HTTP 200)"
  }
}
[2026-05-17 11:16:11] [Music] 第1507章音乐生成失败
[2026-05-17 11:16:11] [Music] 开始处理第1512章: 裂隙
[2026-05-17 11:16:14] [Music] 配额不足: {
  "error": {
    "code": 1,
    "message": "API error: usage limit exceeded, daily usage limit reached for Token Plan Hs_max (100/100 used), resets at 2026-05-18T00:00:00+08:00 (HTTP 200)"
  }
}
[2026-05-17 11:16:14] [Music] 第1508章音乐生成失败
[2026-05-17 11:16:14] [Music] 开始处理第1513章: 镜中的彼岸
[2026-05-17 11:16:19] [Music] 配额不足: {
  "error": {
    "code": 1,
    "message": "API error: usage limit exceeded, daily usage limit reached for Token Plan Hs_max (100/100 used), resets at 2026-05-18T00:00:00+08:00 (HTTP 200)"
  }
}
[2026-05-17 11:16:19] [Music] 第1509章音乐生成失败
[2026-05-17 11:16:19] [Music] 开始处理第1514章: 替身的原型
[2026-05-17 11:16:30] [Music] 配额不足: {
  "error": {
    "code": 1,
    "message": "API error: usage limit exceeded, daily usage limit reached for Token Plan Hs_max (100/100 used), resets at 2026-05-18T00:00:00+08:00 (HTTP 200)"
  }
}
[2026-05-17 11:16:30] [Music] 第1510章音乐生成失败
[2026-05-17 11:16:30] [Music] 开始处理第1515章: 吞噬
[2026-05-17 11:16:33] [Music] 配额不足: {
  "error": {
    "code": 1,
    "message": "API error: usage limit exceeded, daily usage limit reached for Token Plan Hs_max (100/100 used), resets at 2026-05-18T00:00:00+08:00 (HTTP 200)"
  }
}
[2026-05-17 11:16:33] [Music] 第1511章音乐生成失败
[2026-05-17 11:16:33] [Music] 开始处理第1516章: 三鬼共鸣
[2026-05-17 11:16:40] [Music] 配额不足: {
  "error": {
    "code": 1,
    "message": "API error: usage limit exceeded, daily usage limit reached for Token Plan Hs_max (100/100 used), resets at 2026-05-18T00:00:00+08:00 (HTTP 200)"
  }
}
[2026-05-17 11:16:40] [Music] 第1512章音乐生成失败
[2026-05-17 11:16:40] [Music] 开始处理第1517章: 重置
[2026-05-17 11:16:48] [Music] 配额不足: {
  "error": {
    "code": 1,
    "message": "API error: usage limit exceeded, daily usage limit reached for Token Plan Hs_max (100/100 used), resets at 2026-05-18T00:00:00+08:00 (HTTP 200)"
  }
}
[2026-05-17 11:16:48] [Music] 第1514章音乐生成失败
[2026-05-17 11:16:48] [Music] 开始处理第1518章: 归来
[2026-05-17 11:17:00] [Music] 配额不足: {
  "error": {
    "code": 1,
    "message": "API error: usage limit exceeded, daily usage limit reached for Token Plan Hs_max (100/100 used), resets at 2026-05-18T00:00:00+08:00 (HTTP 200)"
  }
}
[2026-05-17 11:17:00] [Music] 第1516章音乐生成失败
[2026-05-17 11:17:00] [Music] 开始处理第1519章: 绝望蔓延
[2026-05-17 11:17:02] [Music] 配额不足: {
  "error": {
    "code": 1,
    "message": "API error: usage limit exceeded, daily usage limit reached for Token Plan Hs_max (100/100 used), resets at 2026-05-18T00:00:00+08:00 (HTTP 200)"
  }
}
[2026-05-17 11:17:02] [Music] 第1515章音乐生成失败
[2026-05-17 11:17:02] [Music] 开始处理第1520章: 第一道裂缝
[2026-05-17 11:17:04] [Music] 配额不足: {
  "error": {
    "code": 1,
    "message": "API error: usage limit exceeded, daily usage limit reached for Token Plan Hs_max (100/100 used), resets at 2026-05-18T00:00:00+08:00 (HTTP 200)"
  }
}
[2026-05-17 11:17:04] [Music] 第1513章音乐生成失败
[2026-05-17 11:17:04] [Music] 开始处理第1521章: 崩溃的边界
[2026-05-17 11:17:04] [Music] 配额不足: {
  "error": {
    "code": 1,
    "message": "API error: usage limit exceeded, daily usage limit reached for Token Plan Hs_max (100/100 used), resets at 2026-05-18T00:00:00+08:00 (HTTP 200)"
  }
}
[2026-05-17 11:17:04] [Music] 第1517章音乐生成失败
[2026-05-17 11:17:04] [Music] 开始处理第1522章: 代号：绝望
[2026-05-17 11:17:10] [Music] 配额不足: {
  "error": {
    "code": 1,
    "message": "API error: usage limit exceeded, daily usage limit reached for Token Plan Hs_max (100/100 used), resets at 2026-05-18T00:00:00+08:00 (HTTP 200)"
  }
}
[2026-05-17 11:17:10] [Music] 第1518章音乐生成失败
[2026-05-17 11:17:10] [Music] 开始处理第1523章: 破碎的家庭
[2026-05-17 11:17:29] [Music] 配额不足: {
  "error": {
    "code": 1,
    "message": "API error: usage limit exceeded, daily usage limit reached for Token Plan Hs_max (100/100 used), resets at 2026-05-18T00:00:00+08:00 (HTTP 200)"
  }
}
[2026-05-17 11:17:29] [Music] 第1521章音乐生成失败
[2026-05-17 11:17:29] [Music] 开始处理第1524章: 噩梦中的人
[2026-05-17 11:17:30] [Music] 配额不足: {
  "error": {
    "code": 1,
    "message": "API error: usage limit exceeded, daily usage limit reached for Token Plan Hs_max (100/100 used), resets at 2026-05-18T00:00:00+08:00 (HTTP 200)"
  }
}
[2026-05-17 11:17:30] [Music] 第1520章音乐生成失败
[2026-05-17 11:17:30] [Music] 开始处理第1525章: 代价的重量
[2026-05-17 11:17:33] [Music] 配额不足: {
  "error": {
    "code": 1,
    "message": "API error: usage limit exceeded, daily usage limit reached for Token Plan Hs_max (100/100 used), resets at 2026-05-18T00:00:00+08:00 (HTTP 200)"
  }
}
[2026-05-17 11:17:33] [Music] 第1522章音乐生成失败
[2026-05-17 11:17:33] [Music] 开始处理第1526章: 夜行会的邀请
[2026-05-17 11:17:40] [Music] 配额不足: {
  "error": {
    "code": 1,
    "message": "API error: usage limit exceeded, daily usage limit reached for Token Plan Hs_max (100/100 used), resets at 2026-05-18T00:00:00+08:00 (HTTP 200)"
  }
}
[2026-05-17 11:17:40] [Music] 第1519章音乐生成失败
[2026-05-17 11:17:40] [Music] 开始处理第1527章: 黄泉路再现
[2026-05-17 11:17:46] [Music] 配额不足: {
  "error": {
    "code": 1,
    "message": "API error: usage limit exceeded, daily usage limit reached for Token Plan Hs_max (100/100 used), resets at 2026-05-18T00:00:00+08:00 (HTTP 200)"
  }
}
[2026-05-17 11:17:46] [Music] 第1523章音乐生成失败
[2026-05-17 11:17:46] [Music] 开始处理第1528章: 外婆的真相
[2026-05-17 11:17:53] [Music] 配额不足: {
  "error": {
    "code": 1,
    "message": "API error: usage limit exceeded, daily usage limit reached for Token Plan Hs_max (100/100 used), resets at 2026-05-18T00:00:00+08:00 (HTTP 200)"
  }
}
[2026-05-17 11:17:53] [Music] 第1524章音乐生成失败
[2026-05-17 11:17:53] [Music] 开始处理第1529章: 裂痕加深
[2026-05-17 11:17:57] [Music] 配额不足: {
  "error": {
    "code": 1,
    "message": "API error: usage limit exceeded, daily usage limit reached for Token Plan Hs_max (100/100 used), resets at 2026-05-18T00:00:00+08:00 (HTTP 200)"
  }
}
[2026-05-17 11:17:57] [Music] 第1525章音乐生成失败
[2026-05-17 11:17:57] [Music] 开始处理第1530章: 通往大山市的路
[2026-05-17 11:18:02] [Music] 配额不足: {
  "error": {
    "code": 1,
    "message": "API error: usage limit exceeded, daily usage limit reached for Token Plan Hs_max (100/100 used), resets at 2026-05-18T00:00:00+08:00 (HTTP 200)"
  }
}
[2026-05-17 11:18:02] [Music] 第1526章音乐生成失败
[2026-05-17 11:18:02] [Music] 开始处理第1531章: 鬼都大山市
[2026-05-17 11:18:10] [Music] 配额不足: {
  "error": {
    "code": 1,
    "message": "API error: usage limit exceeded, daily usage limit reached for Token Plan Hs_max (100/100 used), resets at 2026-05-18T00:00:00+08:00 (HTTP 200)"
  }
}
[2026-05-17 11:18:10] [Music] 第1527章音乐生成失败
[2026-05-17 11:18:10] [Music] 开始处理第1532章: 周海的秘密
[2026-05-17 11:18:14] [Music] 配额不足: {
  "error": {
    "code": 1,
    "message": "API error: usage limit exceeded, daily usage limit reached for Token Plan Hs_max (100/100 used), resets at 2026-05-18T00:00:00+08:00 (HTTP 200)"
  }
}
[2026-05-17 11:18:14] [Music] 第1528章音乐生成失败
[2026-05-17 11:18:14] [Music] 开始处理第1533章: 绝望主妇的邀请
[2026-05-17 11:18:19] [Music] 配额不足: {
  "error": {
    "code": 1,
    "message": "API error: usage limit exceeded, daily usage limit reached for Token Plan Hs_max (100/100 used), resets at 2026-05-18T00:00:00+08:00 (HTTP 200)"
  }
}
[2026-05-17 11:18:19] [Music] 第1529章音乐生成失败
[2026-05-17 11:18:19] [Music] 开始处理第1534章: 午夜电台的声音
[2026-05-17 11:18:25] [Music] 配额不足: {
  "error": {
    "code": 1,
    "message": "API error: usage limit exceeded, daily usage limit reached for Token Plan Hs_max (100/100 used), resets at 2026-05-18T00:00:00+08:00 (HTTP 200)"
  }
}
[2026-05-17 11:18:25] [Music] 第1531章音乐生成失败
[2026-05-17 11:18:25] [Music] 开始处理第1535章: 灵异电梯的考验
[2026-05-17 11:18:33] [Music] 配额不足: {
  "error": {
    "code": 1,
    "message": "API error: usage limit exceeded, daily usage limit reached for Token Plan Hs_max (100/100 used), resets at 2026-05-18T00:00:00+08:00 (HTTP 200)"
  }
}
[2026-05-17 11:18:33] [Music] 第1532章音乐生成失败
[2026-05-17 11:18:33] [Music] 开始处理第1536章: 午夜电台的主人
[2026-05-17 11:18:35] [Music] 配额不足: {
  "error": {
    "code": 1,
    "message": "API error: usage limit exceeded, daily usage limit reached for Token Plan Hs_max (100/100 used), resets at 2026-05-18T00:00:00+08:00 (HTTP 200)"
  }
}
[2026-05-17 11:18:35] [Music] 第1530章音乐生成失败
[2026-05-17 11:18:35] [Music] 配额不足: {
  "error": {
    "code": 1,
    "message": "API error: usage limit exceeded, daily usage limit reached for Token Plan Hs_max (100/100 used), resets at 2026-05-18T00:00:00+08:00 (HTTP 200)"
  }
}
[2026-05-17 11:18:35] [Music] 第1533章音乐生成失败
[2026-05-17 11:18:49] [Music] 配额不足: {
  "error": {
    "code": 1,
    "message": "API error: usage limit exceeded, daily usage limit reached for Token Plan Hs_max (100/100 used), resets at 2026-05-18T00:00:00+08:00 (HTTP 200)"
  }
}
[2026-05-17 11:18:49] [Music] 第1534章音乐生成失败
[2026-05-17 11:18:56] [Music] 配额不足: {
  "error": {
    "code": 1,
    "message": "API error: usage limit exceeded, daily usage limit reached for Token Plan Hs_max (100/100 used), resets at 2026-05-18T00:00:00+08:00 (HTTP 200)"
  }
}
[2026-05-17 11:18:56] [Music] 第1535章音乐生成失败
[2026-05-17 11:19:00] [Music] 配额不足: {
  "error": {
    "code": 1,
    "message": "API error: usage limit exceeded, daily usage limit reached for Token Plan Hs_max (100/100 used), resets at 2026-05-18T00:00:00+08:00 (HTTP 200)"
  }
}
[2026-05-17 11:19:00] [Music] 第1536章音乐生成失败
[2026-05-17 11:19:00] [Music] 批次完成: 成功 0, 失败 50
[2026-05-17 11:19:00] [Music] 累计: 成功 62, 失败 1438
[2026-05-17 11:19:00] [Music] 批次间休息30秒...
[2026-05-17 11:19:30] [Music] 处理批次 31/40, 本批 50 章
[2026-05-17 11:19:30] [Music] 开始处理第1537章: 第一把钥匙
[2026-05-17 11:19:30] [Music] 开始处理第1540章: 终焉的呼唤
[2026-05-17 11:19:30] [Music] 开始处理第1538章: 救赎的代价
[2026-05-17 11:19:30] [Music] 开始处理第1539章: 救赎之吻
[2026-05-17 11:19:30] [Music] 开始处理第1541章: 黄泉路标
[2026-05-17 11:19:51] [Music] 配额不足: {
  "error": {
    "code": 1,
    "message": "API error: usage limit exceeded, daily usage limit reached for Token Plan Hs_max (100/100 used), resets at 2026-05-18T00:00:00+08:00 (HTTP 200)"
  }
}
[2026-05-17 11:19:51] [Music] 第1538章音乐生成失败
[2026-05-17 11:19:51] [Music] 开始处理第1542章: 同行者之死
[2026-05-17 11:19:56] [Music] 配额不足: {
  "error": {
    "code": 1,
    "message": "API error: usage limit exceeded, daily usage limit reached for Token Plan Hs_max (100/100 used), resets at 2026-05-18T00:00:00+08:00 (HTTP 200)"
  }
}
[2026-05-17 11:19:56] [Music] 第1537章音乐生成失败
[2026-05-17 11:19:56] [Music] 开始处理第1543章: 影子的背叛
[2026-05-17 11:19:58] [Music] 配额不足: {
  "error": {
    "code": 1,
    "message": "API error: usage limit exceeded, daily usage limit reached for Token Plan Hs_max (100/100 used), resets at 2026-05-18T00:00:00+08:00 (HTTP 200)"
  }
}
[2026-05-17 11:19:58] [Music] 第1541章音乐生成失败
[2026-05-17 11:19:58] [Music] 开始处理第1544章: 鬼门关前的老人
[2026-05-17 11:20:01] [Music] 配额不足: {
  "error": {
    "code": 1,
    "message": "API error: usage limit exceeded, daily usage limit reached for Token Plan Hs_max (100/100 used), resets at 2026-05-18T00:00:00+08:00 (HTTP 200)"
  }
}
[2026-05-17 11:20:01] [Music] 第1539章音乐生成失败
[2026-05-17 11:20:01] [Music] 开始处理第1545章: 棋局与代价
[2026-05-17 11:20:08] [Music] 配额不足: {
  "error": {
    "code": 1,
    "message": "API error: usage limit exceeded, daily usage limit reached for Token Plan Hs_max (100/100 used), resets at 2026-05-18T00:00:00+08:00 (HTTP 200)"
  }
}
[2026-05-17 11:20:08] [Music] 第1540章音乐生成失败
[2026-05-17 11:20:08] [Music] 开始处理第1546章: 名字的重量
[2026-05-17 11:20:23] [Music] 配额不足: {
  "error": {
    "code": 1,
    "message": "API error: usage limit exceeded, daily usage limit reached for Token Plan Hs_max (100/100 used), resets at 2026-05-18T00:00:00+08:00 (HTTP 200)"
  }
}
[2026-05-17 11:20:23] [Music] 第1543章音乐生成失败
[2026-05-17 11:20:23] [Music] 开始处理第1547章: 血字降临
[2026-05-17 11:20:24] [Music] 配额不足: {
  "error": {
    "code": 1,
    "message": "API error: usage limit exceeded, daily usage limit reached for Token Plan Hs_max (100/100 used), resets at 2026-05-18T00:00:00+08:00 (HTTP 200)"
  }
}
[2026-05-17 11:20:24] [Music] 第1545章音乐生成失败
[2026-05-17 11:20:24] [Music] 开始处理第1548章: 第三个问题
[2026-05-17 11:20:26] [Music] 配额不足: {
  "error": {
    "code": 1,
    "message": "API error: usage limit exceeded, daily usage limit reached for Token Plan Hs_max (100/100 used), resets at 2026-05-18T00:00:00+08:00 (HTTP 200)"
  }
}
[2026-05-17 11:20:26] [Music] 第1544章音乐生成失败
[2026-05-17 11:20:26] [Music] 开始处理第1549章: 门后的眼睛
[2026-05-17 11:20:32] [Music] 配额不足: {
  "error": {
    "code": 1,
    "message": "API error: usage limit exceeded, daily usage limit reached for Token Plan Hs_max (100/100 used), resets at 2026-05-18T00:00:00+08:00 (HTTP 200)"
  }
}
[2026-05-17 11:20:32] [Music] 第1542章音乐生成失败
[2026-05-17 11:20:32] [Music] 开始处理第1550章: 守墓人的遗骸
[2026-05-17 11:20:38] [Music] 配额不足: {
  "error": {
    "code": 1,
    "message": "API error: usage limit exceeded, daily usage limit reached for Token Plan Hs_max (100/100 used), resets at 2026-05-18T00:00:00+08:00 (HTTP 200)"
  }
}
[2026-05-17 11:20:38] [Music] 第1546章音乐生成失败
[2026-05-17 11:20:38] [Music] 开始处理第1551章: 原点
[2026-05-17 11:20:46] [Music] 配额不足: {
  "error": {
    "code": 1,
    "message": "API error: usage limit exceeded, daily usage limit reached for Token Plan Hs_max (100/100 used), resets at 2026-05-18T00:00:00+08:00 (HTTP 200)"
  }
}
[2026-05-17 11:20:46] [Music] 第1548章音乐生成失败
[2026-05-17 11:20:46] [Music] 开始处理第1552章: 门内的追踪者
[2026-05-17 11:20:52] [Music] 配额不足: {
  "error": {
    "code": 1,
    "message": "API error: usage limit exceeded, daily usage limit reached for Token Plan Hs_max (100/100 used), resets at 2026-05-18T00:00:00+08:00 (HTTP 200)"
  }
}
[2026-05-17 11:20:52] [Music] 第1547章音乐生成失败
[2026-05-17 11:20:52] [Music] 开始处理第1553章: 棋手的影子
[2026-05-17 11:20:55] [Music] 配额不足: {
  "error": {
    "code": 1,
    "message": "API error: usage limit exceeded, daily usage limit reached for Token Plan Hs_max (100/100 used), resets at 2026-05-18T00:00:00+08:00 (HTTP 200)"
  }
}
[2026-05-17 11:20:55] [Music] 第1549章音乐生成失败
[2026-05-17 11:20:55] [Music] 开始处理第1554章: 第三种选择
[2026-05-17 11:21:01] [Music] 第1550章歌词生成失败
[2026-05-17 11:21:01] [Music] 开始处理第1555章: 云海的危机
[2026-05-17 11:21:12] [Music] 配额不足: {
  "error": {
    "code": 1,
    "message": "API error: usage limit exceeded, daily usage limit reached for Token Plan Hs_max (100/100 used), resets at 2026-05-18T00:00:00+08:00 (HTTP 200)"
  }
}
[2026-05-17 11:21:12] [Music] 第1551章音乐生成失败
[2026-05-17 11:21:12] [Music] 开始处理第1556章: 分割的战场
[2026-05-17 11:21:15] [Music] 配额不足: {
  "error": {
    "code": 1,
    "message": "API error: usage limit exceeded, daily usage limit reached for Token Plan Hs_max (100/100 used), resets at 2026-05-18T00:00:00+08:00 (HTTP 200)"
  }
}
[2026-05-17 11:21:15] [Music] 第1552章音乐生成失败
[2026-05-17 11:21:15] [Music] 开始处理第1557章: 倒带的机会
[2026-05-17 11:21:22] [Music] 配额不足: {
  "error": {
    "code": 1,
    "message": "API error: usage limit exceeded, daily usage limit reached for Token Plan Hs_max (100/100 used), resets at 2026-05-18T00:00:00+08:00 (HTTP 200)"
  }
}
[2026-05-17 11:21:22] [Music] 第1553章音乐生成失败
[2026-05-17 11:21:22] [Music] 开始处理第1558章: 跨越黄泉
[2026-05-17 11:21:23] [Music] 配额不足: {
  "error": {
    "code": 1,
    "message": "API error: usage limit exceeded, daily usage limit reached for Token Plan Hs_max (100/100 used), resets at 2026-05-18T00:00:00+08:00 (HTTP 200)"
  }
}
[2026-05-17 11:21:23] [Music] 第1554章音乐生成失败
[2026-05-17 11:21:23] [Music] 开始处理第1559章: 五分钟的代价
[2026-05-17 11:21:28] [Music] 配额不足: {
  "error": {
    "code": 1,
    "message": "API error: usage limit exceeded, daily usage limit reached for Token Plan Hs_max (100/100 used), resets at 2026-05-18T00:00:00+08:00 (HTTP 200)"
  }
}
[2026-05-17 11:21:28] [Music] 第1555章音乐生成失败
[2026-05-17 11:21:28] [Music] 开始处理第1560章: 敌人的提议
[2026-05-17 11:21:35] [Music] 配额不足: {
  "error": {
    "code": 1,
    "message": "API error: usage limit exceeded, daily usage limit reached for Token Plan Hs_max (100/100 used), resets at 2026-05-18T00:00:00+08:00 (HTTP 200)"
  }
}
[2026-05-17 11:21:35] [Music] 第1556章音乐生成失败
[2026-05-17 11:21:35] [Music] 开始处理第1561章: 外婆的遗书
[2026-05-17 11:21:45] [Music] 配额不足: {
  "error": {
    "code": 1,
    "message": "API error: usage limit exceeded, daily usage limit reached for Token Plan Hs_max (100/100 used), resets at 2026-05-18T00:00:00+08:00 (HTTP 200)"
  }
}
[2026-05-17 11:21:45] [Music] 第1557章音乐生成失败
[2026-05-17 11:21:45] [Music] 开始处理第1562章: 封印的代价
[2026-05-17 11:21:48] [Music] 配额不足: {
  "error": {
    "code": 1,
    "message": "API error: usage limit exceeded, daily usage limit reached for Token Plan Hs_max (100/100 used), resets at 2026-05-18T00:00:00+08:00 (HTTP 200)"
  }
}
[2026-05-17 11:21:48] [Music] 第1559章音乐生成失败
[2026-05-17 11:21:48] [Music] 开始处理第1563章: 拼图的钥匙
[2026-05-17 11:21:50] [Music] 配额不足: {
  "error": {
    "code": 1,
    "message": "API error: usage limit exceeded, daily usage limit reached for Token Plan Hs_max (100/100 used), resets at 2026-05-18T00:00:00+08:00 (HTTP 200)"
  }
}
[2026-05-17 11:21:50] [Music] 第1558章音乐生成失败
[2026-05-17 11:21:50] [Music] 开始处理第1564章: 返回的路上
[2026-05-17 11:22:00] [Music] 配额不足: {
  "error": {
    "code": 1,
    "message": "API error: usage limit exceeded, daily usage limit reached for Token Plan Hs_max (100/100 used), resets at 2026-05-18T00:00:00+08:00 (HTTP 200)"
  }
}
[2026-05-17 11:22:00] [Music] 第1561章音乐生成失败
[2026-05-17 11:22:00] [Music] 开始处理第1565章: 白夜的危机
[2026-05-17 11:22:05] [Music] 配额不足: {
  "error": {
    "code": 1,
    "message": "API error: usage limit exceeded, daily usage limit reached for Token Plan Hs_max (100/100 used), resets at 2026-05-18T00:00:00+08:00 (HTTP 200)"
  }
}
[2026-05-17 11:22:05] [Music] 第1560章音乐生成失败
[2026-05-17 11:22:05] [Music] 开始处理第1566章: 陈医生的诊断
[2026-05-17 11:22:14] [Music] 配额不足: {
  "error": {
    "code": 1,
    "message": "API error: usage limit exceeded, daily usage limit reached for Token Plan Hs_max (100/100 used), resets at 2026-05-18T00:00:00+08:00 (HTTP 200)"
  }
}
[2026-05-17 11:22:14] [Music] 第1564章音乐生成失败
[2026-05-17 11:22:14] [Music] 开始处理第1567章: 意外的线索
[2026-05-17 11:22:15] [Music] 配额不足: {
  "error": {
    "code": 1,
    "message": "API error: usage limit exceeded, daily usage limit reached for Token Plan Hs_max (100/100 used), resets at 2026-05-18T00:00:00+08:00 (HTTP 200)"
  }
}
[2026-05-17 11:22:15] [Music] 第1563章音乐生成失败
[2026-05-17 11:22:15] [Music] 开始处理第1568章: 地下三十米
[2026-05-17 11:22:29] [Music] 配额不足: {
  "error": {
    "code": 1,
    "message": "API error: usage limit exceeded, daily usage limit reached for Token Plan Hs_max (100/100 used), resets at 2026-05-18T00:00:00+08:00 (HTTP 200)"
  }
}
[2026-05-17 11:22:29] [Music] 第1565章音乐生成失败
[2026-05-17 11:22:29] [Music] 开始处理第1569章: 分身鬼现身
[2026-05-17 11:22:30] [Music] 配额不足: {
  "error": {
    "code": 1,
    "message": "API error: usage limit exceeded, daily usage limit reached for Token Plan Hs_max (100/100 used), resets at 2026-05-18T00:00:00+08:00 (HTTP 200)"
  }
}
[2026-05-17 11:22:30] [Music] 第1566章音乐生成失败
[2026-05-17 11:22:30] [Music] 开始处理第1570章: 镜中的对决
[2026-05-17 11:22:35] [Music] 配额不足: {
  "error": {
    "code": 1,
    "message": "API error: usage limit exceeded, daily usage limit reached for Token Plan Hs_max (100/100 used), resets at 2026-05-18T00:00:00+08:00 (HTTP 200)"
  }
}
[2026-05-17 11:22:35] [Music] 第1562章音乐生成失败
[2026-05-17 11:22:35] [Music] 开始处理第1571章: 分身的执念
[2026-05-17 11:22:42] [Music] 配额不足: {
  "error": {
    "code": 1,
    "message": "API error: usage limit exceeded, daily usage limit reached for Token Plan Hs_max (100/100 used), resets at 2026-05-18T00:00:00+08:00 (HTTP 200)"
  }
}
[2026-05-17 11:22:42] [Music] 第1568章音乐生成失败
[2026-05-17 11:22:42] [Music] 开始处理第1572章: 新的力量
[2026-05-17 11:22:50] [Music] 配额不足: {
  "error": {
    "code": 1,
    "message": "API error: usage limit exceeded, daily usage limit reached for Token Plan Hs_max (100/100 used), resets at 2026-05-18T00:00:00+08:00 (HTTP 200)"
  }
}
[2026-05-17 11:22:50] [Music] 第1567章音乐生成失败
[2026-05-17 11:22:50] [Music] 开始处理第1573章: 白夜的手术
[2026-05-17 11:22:54] [Music] 配额不足: {
  "error": {
    "code": 1,
    "message": "API error: usage limit exceeded, daily usage limit reached for Token Plan Hs_max (100/100 used), resets at 2026-05-18T00:00:00+08:00 (HTTP 200)"
  }
}
[2026-05-17 11:22:54] [Music] 第1570章音乐生成失败
[2026-05-17 11:22:54] [Music] 开始处理第1574章: 倒计时的尽头
[2026-05-17 11:22:54] [Music] 配额不足: {
  "error": {
    "code": 1,
    "message": "API error: usage limit exceeded, daily usage limit reached for Token Plan Hs_max (100/100 used), resets at 2026-05-18T00:00:00+08:00 (HTTP 200)"
  }
}
[2026-05-17 11:22:54] [Music] 第1571章音乐生成失败
[2026-05-17 11:22:54] [Music] 开始处理第1575章: 最终集结
[2026-05-17 11:23:02] [Music] 配额不足: {
  "error": {
    "code": 1,
    "message": "API error: usage limit exceeded, daily usage limit reached for Token Plan Hs_max (100/100 used), resets at 2026-05-18T00:00:00+08:00 (HTTP 200)"
  }
}
[2026-05-17 11:23:02] [Music] 第1569章音乐生成失败
[2026-05-17 11:23:02] [Music] 开始处理第1576章: 守夜人的救援
[2026-05-17 11:23:10] [Music] 配额不足: {
  "error": {
    "code": 1,
    "message": "API error: usage limit exceeded, daily usage limit reached for Token Plan Hs_max (100/100 used), resets at 2026-05-18T00:00:00+08:00 (HTTP 200)"
  }
}
[2026-05-17 11:23:10] [Music] 第1572章音乐生成失败
[2026-05-17 11:23:10] [Music] 开始处理第1577章: 外婆的遗产
[2026-05-17 11:23:21] [Music] 配额不足: {
  "error": {
    "code": 1,
    "message": "API error: usage limit exceeded, daily usage limit reached for Token Plan Hs_max (100/100 used), resets at 2026-05-18T00:00:00+08:00 (HTTP 200)"
  }
}
[2026-05-17 11:23:21] [Music] 第1574章音乐生成失败
[2026-05-17 11:23:21] [Music] 开始处理第1578章: 纸扎店的邀请
[2026-05-17 11:23:22] [Music] 配额不足: {
  "error": {
    "code": 1,
    "message": "API error: usage limit exceeded, daily usage limit reached for Token Plan Hs_max (100/100 used), resets at 2026-05-18T00:00:00+08:00 (HTTP 200)"
  }
}
[2026-05-17 11:23:22] [Music] 第1575章音乐生成失败
[2026-05-17 11:23:22] [Music] 开始处理第1579章: 午夜送礼
[2026-05-17 11:23:43] [Music] 配额不足: {
  "error": {
    "code": 1,
    "message": "API error: usage limit exceeded, daily usage limit reached for Token Plan Hs_max (100/100 used), resets at 2026-05-18T00:00:00+08:00 (HTTP 200)"
  }
}
[2026-05-17 11:23:43] [Music] 第1576章音乐生成失败
[2026-05-17 11:23:43] [Music] 开始处理第1580章: 棋手的邀约
[2026-05-17 11:23:45] [Music] 配额不足: {
  "error": {
    "code": 1,
    "message": "API error: usage limit exceeded, daily usage limit reached for Token Plan Hs_max (100/100 used), resets at 2026-05-18T00:00:00+08:00 (HTTP 200)"
  }
}
[2026-05-17 11:23:45] [Music] 第1577章音乐生成失败
[2026-05-17 11:23:45] [Music] 开始处理第1581章: 白夜的警告
[2026-05-17 11:23:49] [Music] 配额不足: {
  "error": {
    "code": 1,
    "message": "API error: usage limit exceeded, daily usage limit reached for Token Plan Hs_max (100/100 used), resets at 2026-05-18T00:00:00+08:00 (HTTP 200)"
  }
}
[2026-05-17 11:23:49] [Music] 第1579章音乐生成失败
[2026-05-17 11:23:49] [Music] 开始处理第1582章: 最后的准备
[2026-05-17 11:23:52] [Music] 配额不足: {
  "error": {
    "code": 1,
    "message": "API error: usage limit exceeded, daily usage limit reached for Token Plan Hs_max (100/100 used), resets at 2026-05-18T00:00:00+08:00 (HTTP 200)"
  }
}
[2026-05-17 11:23:52] [Music] 第1578章音乐生成失败
[2026-05-17 11:23:52] [Music] 开始处理第1583章: 踏入深渊
[2026-05-17 11:23:53] [Music] 配额不足: {
  "error": {
    "code": 1,
    "message": "API error: usage limit exceeded, daily usage limit reached for Token Plan Hs_max (100/100 used), resets at 2026-05-18T00:00:00+08:00 (HTTP 200)"
  }
}
[2026-05-17 11:23:53] [Music] 第1573章音乐生成失败
[2026-05-17 11:23:53] [Music] 开始处理第1584章: 世界的真相
[2026-05-17 11:24:10] [Music] 配额不足: {
  "error": {
    "code": 1,
    "message": "API error: usage limit exceeded, daily usage limit reached for Token Plan Hs_max (100/100 used), resets at 2026-05-18T00:00:00+08:00 (HTTP 200)"
  }
}
[2026-05-17 11:24:10] [Music] 第1580章音乐生成失败
[2026-05-17 11:24:10] [Music] 开始处理第1585章: 第三条路
[2026-05-17 11:24:13] [Music] 配额不足: {
  "error": {
    "code": 1,
    "message": "API error: usage limit exceeded, daily usage limit reached for Token Plan Hs_max (100/100 used), resets at 2026-05-18T00:00:00+08:00 (HTTP 200)"
  }
}
[2026-05-17 11:24:13] [Music] 第1582章音乐生成失败
[2026-05-17 11:24:13] [Music] 开始处理第1586章: 契约的代价
[2026-05-17 11:24:20] [Music] 配额不足: {
  "error": {
    "code": 1,
    "message": "API error: usage limit exceeded, daily usage limit reached for Token Plan Hs_max (100/100 used), resets at 2026-05-18T00:00:00+08:00 (HTTP 200)"
  }
}
[2026-05-17 11:24:20] [Music] 第1581章音乐生成失败
[2026-05-17 11:24:22] [Music] 配额不足: {
  "error": {
    "code": 1,
    "message": "API error: usage limit exceeded, daily usage limit reached for Token Plan Hs_max (100/100 used), resets at 2026-05-18T00:00:00+08:00 (HTTP 200)"
  }
}
[2026-05-17 11:24:22] [Music] 第1583章音乐生成失败
[2026-05-17 11:24:24] [Music] 配额不足: {
  "error": {
    "code": 1,
    "message": "API error: usage limit exceeded, daily usage limit reached for Token Plan Hs_max (100/100 used), resets at 2026-05-18T00:00:00+08:00 (HTTP 200)"
  }
}
[2026-05-17 11:24:24] [Music] 第1584章音乐生成失败
[2026-05-17 11:24:34] [Music] 配额不足: {
  "error": {
    "code": 1,
    "message": "API error: usage limit exceeded, daily usage limit reached for Token Plan Hs_max (100/100 used), resets at 2026-05-18T00:00:00+08:00 (HTTP 200)"
  }
}
[2026-05-17 11:24:34] [Music] 第1585章音乐生成失败
[2026-05-17 11:24:37] [Music] 配额不足: {
  "error": {
    "code": 1,
    "message": "API error: usage limit exceeded, daily usage limit reached for Token Plan Hs_max (100/100 used), resets at 2026-05-18T00:00:00+08:00 (HTTP 200)"
  }
}
[2026-05-17 11:24:37] [Music] 第1586章音乐生成失败
[2026-05-17 11:24:37] [Music] 批次完成: 成功 0, 失败 50
[2026-05-17 11:24:37] [Music] 累计: 成功 62, 失败 1488
[2026-05-17 11:24:37] [Music] 批次间休息30秒...
[2026-05-17 11:25:07] [Music] 处理批次 32/40, 本批 50 章
[2026-05-17 11:25:07] [Music] 开始处理第1587章: 黄泉来客
[2026-05-17 11:25:07] [Music] 开始处理第1588章: 真相与谎言
[2026-05-17 11:25:07] [Music] 开始处理第1589章: 第三条路的条件
[2026-05-17 11:25:07] [Music] 开始处理第1590章: 破碎的联盟
[2026-05-17 11:25:07] [Music] 开始处理第1591章: 纸人的眼泪
[2026-05-17 11:25:35] [Music] 配额不足: {
  "error": {
    "code": 1,
    "message": "API error: usage limit exceeded, daily usage limit reached for Token Plan Hs_max (100/100 used), resets at 2026-05-18T00:00:00+08:00 (HTTP 200)"
  }
}
[2026-05-17 11:25:35] [Music] 第1590章音乐生成失败
[2026-05-17 11:25:35] [Music] 开始处理第1592章: 枯井村的邀请
[2026-05-17 11:25:37] [Music] 配额不足: {
  "error": {
    "code": 1,
    "message": "API error: usage limit exceeded, daily usage limit reached for Token Plan Hs_max (100/100 used), resets at 2026-05-18T00:00:00+08:00 (HTTP 200)"
  }
}
[2026-05-17 11:25:37] [Music] 第1591章音乐生成失败
[2026-05-17 11:25:37] [Music] 开始处理第1593章: 祭坛上的女人
[2026-05-17 11:25:38] [Music] 配额不足: {
  "error": {
    "code": 1,
    "message": "API error: usage limit exceeded, daily usage limit reached for Token Plan Hs_max (100/100 used), resets at 2026-05-18T00:00:00+08:00 (HTTP 200)"
  }
}
[2026-05-17 11:25:38] [Music] 第1587章音乐生成失败
[2026-05-17 11:25:38] [Music] 开始处理第1594章: 敌人的计划
[2026-05-17 11:25:38] [Music] 配额不足: {
  "error": {
    "code": 1,
    "message": "API error: usage limit exceeded, daily usage limit reached for Token Plan Hs_max (100/100 used), resets at 2026-05-18T00:00:00+08:00 (HTTP 200)"
  }
}
[2026-05-17 11:25:38] [Music] 第1589章音乐生成失败
[2026-05-17 11:25:38] [Music] 开始处理第1595章: 井底沉眠者
[2026-05-17 11:25:45] [Music] 第1588章歌词生成失败
[2026-05-17 11:25:45] [Music] 开始处理第1596章: 鬼将之战
[2026-05-17 11:26:00] [Music] 配额不足: {
  "error": {
    "code": 1,
    "message": "API error: usage limit exceeded, daily usage limit reached for Token Plan Hs_max (100/100 used), resets at 2026-05-18T00:00:00+08:00 (HTTP 200)"
  }
}
[2026-05-17 11:26:00] [Music] 第1592章音乐生成失败
[2026-05-17 11:26:00] [Music] 开始处理第1597章: 外婆的遗产
[2026-05-17 11:26:00] [Music] 配额不足: {
  "error": {
    "code": 1,
    "message": "API error: usage limit exceeded, daily usage limit reached for Token Plan Hs_max (100/100 used), resets at 2026-05-18T00:00:00+08:00 (HTTP 200)"
  }
}
[2026-05-17 11:26:00] [Music] 第1595章音乐生成失败
[2026-05-17 11:26:00] [Music] 开始处理第1598章: 白夜降临
[2026-05-17 11:26:07] [Music] 配额不足: {
  "error": {
    "code": 1,
    "message": "API error: usage limit exceeded, daily usage limit reached for Token Plan Hs_max (100/100 used), resets at 2026-05-18T00:00:00+08:00 (HTTP 200)"
  }
}
[2026-05-17 11:26:07] [Music] 第1593章音乐生成失败
[2026-05-17 11:26:07] [Music] 开始处理第1599章: 导师的遗愿
[2026-05-17 11:26:08] [Music] 配额不足: {
  "error": {
    "code": 1,
    "message": "API error: usage limit exceeded, daily usage limit reached for Token Plan Hs_max (100/100 used), resets at 2026-05-18T00:00:00+08:00 (HTTP 200)"
  }
}
[2026-05-17 11:26:08] [Music] 第1594章音乐生成失败
[2026-05-17 11:26:08] [Music] 开始处理第1600章: 新的起点
[2026-05-17 11:26:12] [Music] 配额不足: {
  "error": {
    "code": 1,
    "message": "API error: usage limit exceeded, daily usage limit reached for Token Plan Hs_max (100/100 used), resets at 2026-05-18T00:00:00+08:00 (HTTP 200)"
  }
}
[2026-05-17 11:26:12] [Music] 第1596章音乐生成失败
[2026-05-17 11:26:12] [Music] 开始处理第1601章: 蚀骨之痛
[2026-05-17 11:26:29] [Music] 配额不足: {
  "error": {
    "code": 1,
    "message": "API error: usage limit exceeded, daily usage limit reached for Token Plan Hs_max (100/100 used), resets at 2026-05-18T00:00:00+08:00 (HTTP 200)"
  }
}
[2026-05-17 11:26:29] [Music] 第1597章音乐生成失败
[2026-05-17 11:26:29] [Music] 开始处理第1602章: 痛觉剥夺
[2026-05-17 11:26:32] [Music] 配额不足: {
  "error": {
    "code": 1,
    "message": "API error: usage limit exceeded, daily usage limit reached for Token Plan Hs_max (100/100 used), resets at 2026-05-18T00:00:00+08:00 (HTTP 200)"
  }
}
[2026-05-17 11:26:32] [Music] 第1598章音乐生成失败
[2026-05-17 11:26:32] [Music] 开始处理第1603章: 寂静深渊
[2026-05-17 11:26:36] [Music] 配额不足: {
  "error": {
    "code": 1,
    "message": "API error: usage limit exceeded, daily usage limit reached for Token Plan Hs_max (100/100 used), resets at 2026-05-18T00:00:00+08:00 (HTTP 200)"
  }
}
[2026-05-17 11:26:36] [Music] 第1600章音乐生成失败
[2026-05-17 11:26:36] [Music] 开始处理第1604章: 破碎的拼图
[2026-05-17 11:26:37] [Music] 配额不足: {
  "error": {
    "code": 1,
    "message": "API error: usage limit exceeded, daily usage limit reached for Token Plan Hs_max (100/100 used), resets at 2026-05-18T00:00:00+08:00 (HTTP 200)"
  }
}
[2026-05-17 11:26:37] [Music] 第1599章音乐生成失败
[2026-05-17 11:26:37] [Music] 开始处理第1605章: 病历档案
[2026-05-17 11:26:48] [Music] 配额不足: {
  "error": {
    "code": 1,
    "message": "API error: usage limit exceeded, daily usage limit reached for Token Plan Hs_max (100/100 used), resets at 2026-05-18T00:00:00+08:00 (HTTP 200)"
  }
}
[2026-05-17 11:26:48] [Music] 第1601章音乐生成失败
[2026-05-17 11:26:48] [Music] 开始处理第1606章: 午夜回响
[2026-05-17 11:26:59] [Music] 配额不足: {
  "error": {
    "code": 1,
    "message": "API error: usage limit exceeded, daily usage limit reached for Token Plan Hs_max (100/100 used), resets at 2026-05-18T00:00:00+08:00 (HTTP 200)"
  }
}
[2026-05-17 11:26:59] [Music] 第1603章音乐生成失败
[2026-05-17 11:26:59] [Music] 开始处理第1607章: 院长的凝视
[2026-05-17 11:27:01] [Music] 配额不足: {
  "error": {
    "code": 1,
    "message": "API error: usage limit exceeded, daily usage limit reached for Token Plan Hs_max (100/100 used), resets at 2026-05-18T00:00:00+08:00 (HTTP 200)"
  }
}
[2026-05-17 11:27:01] [Music] 第1602章音乐生成失败
[2026-05-17 11:27:01] [Music] 开始处理第1608章: 盲战
[2026-05-17 11:27:03] [Music] 配额不足: {
  "error": {
    "code": 1,
    "message": "API error: usage limit exceeded, daily usage limit reached for Token Plan Hs_max (100/100 used), resets at 2026-05-18T00:00:00+08:00 (HTTP 200)"
  }
}
[2026-05-17 11:27:03] [Music] 第1605章音乐生成失败
[2026-05-17 11:27:03] [Music] 开始处理第1609章: 记忆的重量
[2026-05-17 11:27:09] [Music] 配额不足: {
  "error": {
    "code": 1,
    "message": "API error: usage limit exceeded, daily usage limit reached for Token Plan Hs_max (100/100 used), resets at 2026-05-18T00:00:00+08:00 (HTTP 200)"
  }
}
[2026-05-17 11:27:09] [Music] 第1606章音乐生成失败
[2026-05-17 11:27:09] [Music] 开始处理第1610章: 母体的呼唤
[2026-05-17 11:27:12] [Music] 配额不足: {
  "error": {
    "code": 1,
    "message": "API error: usage limit exceeded, daily usage limit reached for Token Plan Hs_max (100/100 used), resets at 2026-05-18T00:00:00+08:00 (HTTP 200)"
  }
}
[2026-05-17 11:27:12] [Music] 第1604章音乐生成失败
[2026-05-17 11:27:12] [Music] 开始处理第1611章: 倒带的代价
[2026-05-17 11:27:31] [Music] 配额不足: {
  "error": {
    "code": 1,
    "message": "API error: usage limit exceeded, daily usage limit reached for Token Plan Hs_max (100/100 used), resets at 2026-05-18T00:00:00+08:00 (HTTP 200)"
  }
}
[2026-05-17 11:27:31] [Music] 第1608章音乐生成失败
[2026-05-17 11:27:31] [Music] 开始处理第1612章: 原点之药
[2026-05-17 11:27:37] [Music] 配额不足: {
  "error": {
    "code": 1,
    "message": "API error: usage limit exceeded, daily usage limit reached for Token Plan Hs_max (100/100 used), resets at 2026-05-18T00:00:00+08:00 (HTTP 200)"
  }
}
[2026-05-17 11:27:37] [Music] 第1610章音乐生成失败
[2026-05-17 11:27:37] [Music] 开始处理第1613章: 世界的低语
[2026-05-17 11:27:40] [Music] 配额不足: {
  "error": {
    "code": 1,
    "message": "API error: usage limit exceeded, daily usage limit reached for Token Plan Hs_max (100/100 used), resets at 2026-05-18T00:00:00+08:00 (HTTP 200)"
  }
}
[2026-05-17 11:27:40] [Music] 第1607章音乐生成失败
[2026-05-17 11:27:40] [Music] 开始处理第1614章: 复苏会的邀请
[2026-05-17 11:27:45] [Music] 配额不足: {
  "error": {
    "code": 1,
    "message": "API error: usage limit exceeded, daily usage limit reached for Token Plan Hs_max (100/100 used), resets at 2026-05-18T00:00:00+08:00 (HTTP 200)"
  }
}
[2026-05-17 11:27:45] [Music] 第1611章音乐生成失败
[2026-05-17 11:27:45] [Music] 开始处理第1615章: 钟无艳的警告
[2026-05-17 11:27:49] [Music] 配额不足: {
  "error": {
    "code": 1,
    "message": "API error: usage limit exceeded, daily usage limit reached for Token Plan Hs_max (100/100 used), resets at 2026-05-18T00:00:00+08:00 (HTTP 200)"
  }
}
[2026-05-17 11:27:49] [Music] 第1609章音乐生成失败
[2026-05-17 11:27:49] [Music] 开始处理第1616章: 彼岸的棋局
[2026-05-17 11:28:06] [Music] 配额不足: {
  "error": {
    "code": 1,
    "message": "API error: usage limit exceeded, daily usage limit reached for Token Plan Hs_max (100/100 used), resets at 2026-05-18T00:00:00+08:00 (HTTP 200)"
  }
}
[2026-05-17 11:28:06] [Music] 第1614章音乐生成失败
[2026-05-17 11:28:06] [Music] 开始处理第1617章: 三方的博弈
[2026-05-17 11:28:07] [Music] 配额不足: {
  "error": {
    "code": 1,
    "message": "API error: usage limit exceeded, daily usage limit reached for Token Plan Hs_max (100/100 used), resets at 2026-05-18T00:00:00+08:00 (HTTP 200)"
  }
}
[2026-05-17 11:28:07] [Music] 第1613章音乐生成失败
[2026-05-17 11:28:07] [Music] 开始处理第1618章: 黑潮将至
[2026-05-17 11:28:07] [Music] 配额不足: {
  "error": {
    "code": 1,
    "message": "API error: usage limit exceeded, daily usage limit reached for Token Plan Hs_max (100/100 used), resets at 2026-05-18T00:00:00+08:00 (HTTP 200)"
  }
}
[2026-05-17 11:28:07] [Music] 第1612章音乐生成失败
[2026-05-17 11:28:07] [Music] 开始处理第1619章: 原点之秘
[2026-05-17 11:28:12] [Music] 配额不足: {
  "error": {
    "code": 1,
    "message": "API error: usage limit exceeded, daily usage limit reached for Token Plan Hs_max (100/100 used), resets at 2026-05-18T00:00:00+08:00 (HTTP 200)"
  }
}
[2026-05-17 11:28:12] [Music] 第1615章音乐生成失败
[2026-05-17 11:28:12] [Music] 开始处理第1620章: 献祭者
[2026-05-17 11:28:21] [Music] 配额不足: {
  "error": {
    "code": 1,
    "message": "API error: usage limit exceeded, daily usage limit reached for Token Plan Hs_max (100/100 used), resets at 2026-05-18T00:00:00+08:00 (HTTP 200)"
  }
}
[2026-05-17 11:28:21] [Music] 第1616章音乐生成失败
[2026-05-17 11:28:21] [Music] 开始处理第1621章: 终焉前兆
[2026-05-17 11:28:33] [Music] 配额不足: {
  "error": {
    "code": 1,
    "message": "API error: usage limit exceeded, daily usage limit reached for Token Plan Hs_max (100/100 used), resets at 2026-05-18T00:00:00+08:00 (HTTP 200)"
  }
}
[2026-05-17 11:28:33] [Music] 第1619章音乐生成失败
[2026-05-17 11:28:33] [Music] 开始处理第1622章: 血色会议
[2026-05-17 11:28:35] [Music] 配额不足: {
  "error": {
    "code": 1,
    "message": "API error: usage limit exceeded, daily usage limit reached for Token Plan Hs_max (100/100 used), resets at 2026-05-18T00:00:00+08:00 (HTTP 200)"
  }
}
[2026-05-17 11:28:35] [Music] 第1618章音乐生成失败
[2026-05-17 11:28:35] [Music] 开始处理第1623章: 白夜的呓语
[2026-05-17 11:28:37] [Music] 配额不足: {
  "error": {
    "code": 1,
    "message": "API error: usage limit exceeded, daily usage limit reached for Token Plan Hs_max (100/100 used), resets at 2026-05-18T00:00:00+08:00 (HTTP 200)"
  }
}
[2026-05-17 11:28:37] [Music] 第1617章音乐生成失败
[2026-05-17 11:28:37] [Music] 开始处理第1624章: 消失的档案
[2026-05-17 11:28:44] [Music] 配额不足: {
  "error": {
    "code": 1,
    "message": "API error: usage limit exceeded, daily usage limit reached for Token Plan Hs_max (100/100 used), resets at 2026-05-18T00:00:00+08:00 (HTTP 200)"
  }
}
[2026-05-17 11:28:44] [Music] 第1620章音乐生成失败
[2026-05-17 11:28:44] [Music] 开始处理第1625章: 周海的遗言
[2026-05-17 11:28:56] [Music] 配额不足: {
  "error": {
    "code": 1,
    "message": "API error: usage limit exceeded, daily usage limit reached for Token Plan Hs_max (100/100 used), resets at 2026-05-18T00:00:00+08:00 (HTTP 200)"
  }
}
[2026-05-17 11:28:56] [Music] 第1623章音乐生成失败
[2026-05-17 11:28:56] [Music] 开始处理第1626章: 拼图补全计划
[2026-05-17 11:28:57] [Music] 配额不足: {
  "error": {
    "code": 1,
    "message": "API error: usage limit exceeded, daily usage limit reached for Token Plan Hs_max (100/100 used), resets at 2026-05-18T00:00:00+08:00 (HTTP 200)"
  }
}
[2026-05-17 11:28:57] [Music] 第1622章音乐生成失败
[2026-05-17 11:28:57] [Music] 开始处理第1627章: 仪式前的准备
[2026-05-17 11:29:03] [Music] 配额不足: {
  "error": {
    "code": 1,
    "message": "API error: usage limit exceeded, daily usage limit reached for Token Plan Hs_max (100/100 used), resets at 2026-05-18T00:00:00+08:00 (HTTP 200)"
  }
}
[2026-05-17 11:29:03] [Music] 第1624章音乐生成失败
[2026-05-17 11:29:03] [Music] 开始处理第1628章: 远古的警告
[2026-05-17 11:29:05] [Music] 配额不足: {
  "error": {
    "code": 1,
    "message": "API error: usage limit exceeded, daily usage limit reached for Token Plan Hs_max (100/100 used), resets at 2026-05-18T00:00:00+08:00 (HTTP 200)"
  }
}
[2026-05-17 11:29:05] [Music] 第1625章音乐生成失败
[2026-05-17 11:29:05] [Music] 开始处理第1629章: 媒介石的代价
[2026-05-17 11:29:07] [Music] 配额不足: {
  "error": {
    "code": 1,
    "message": "API error: usage limit exceeded, daily usage limit reached for Token Plan Hs_max (100/100 used), resets at 2026-05-18T00:00:00+08:00 (HTTP 200)"
  }
}
[2026-05-17 11:29:07] [Music] 第1621章音乐生成失败
[2026-05-17 11:29:07] [Music] 开始处理第1630章: 赵鹤的抉择
[2026-05-17 11:29:27] [Music] 配额不足: {
  "error": {
    "code": 1,
    "message": "API error: usage limit exceeded, daily usage limit reached for Token Plan Hs_max (100/100 used), resets at 2026-05-18T00:00:00+08:00 (HTTP 200)"
  }
}
[2026-05-17 11:29:27] [Music] 第1627章音乐生成失败
[2026-05-17 11:29:27] [Music] 开始处理第1631章: 归途的噩梦
[2026-05-17 11:29:28] [Music] 配额不足: {
  "error": {
    "code": 1,
    "message": "API error: usage limit exceeded, daily usage limit reached for Token Plan Hs_max (100/100 used), resets at 2026-05-18T00:00:00+08:00 (HTTP 200)"
  }
}
[2026-05-17 11:29:28] [Music] 第1628章音乐生成失败
[2026-05-17 11:29:28] [Music] 开始处理第1632章: 拼图仪式
[2026-05-17 11:29:38] [Music] 配额不足: {
  "error": {
    "code": 1,
    "message": "API error: usage limit exceeded, daily usage limit reached for Token Plan Hs_max (100/100 used), resets at 2026-05-18T00:00:00+08:00 (HTTP 200)"
  }
}
[2026-05-17 11:29:38] [Music] 第1630章音乐生成失败
[2026-05-17 11:29:38] [Music] 开始处理第1633章: 沉默者的真相
[2026-05-17 11:29:38] [Music] 配额不足: {
  "error": {
    "code": 1,
    "message": "API error: usage limit exceeded, daily usage limit reached for Token Plan Hs_max (100/100 used), resets at 2026-05-18T00:00:00+08:00 (HTTP 200)"
  }
}
[2026-05-17 11:29:38] [Music] 第1629章音乐生成失败
[2026-05-17 11:29:38] [Music] 开始处理第1634章: 白夜的救赎
[2026-05-17 11:29:43] [Music] 配额不足: {
  "error": {
    "code": 1,
    "message": "API error: usage limit exceeded, daily usage limit reached for Token Plan Hs_max (100/100 used), resets at 2026-05-18T00:00:00+08:00 (HTTP 200)"
  }
}
[2026-05-17 11:29:43] [Music] 第1626章音乐生成失败
[2026-05-17 11:29:43] [Music] 开始处理第1635章: 新的拼图
[2026-05-17 11:29:52] [Music] 配额不足: {
  "error": {
    "code": 1,
    "message": "API error: usage limit exceeded, daily usage limit reached for Token Plan Hs_max (100/100 used), resets at 2026-05-18T00:00:00+08:00 (HTTP 200)"
  }
}
[2026-05-17 11:29:52] [Music] 第1631章音乐生成失败
[2026-05-17 11:29:52] [Music] 开始处理第1636章: 老陈头的觉醒
[2026-05-17 11:29:53] [Music] 配额不足: {
  "error": {
    "code": 1,
    "message": "API error: usage limit exceeded, daily usage limit reached for Token Plan Hs_max (100/100 used), resets at 2026-05-18T00:00:00+08:00 (HTTP 200)"
  }
}
[2026-05-17 11:29:53] [Music] 第1632章音乐生成失败
[2026-05-17 11:30:00] [Music] 配额不足: {
  "error": {
    "code": 1,
    "message": "API error: usage limit exceeded, daily usage limit reached for Token Plan Hs_max (100/100 used), resets at 2026-05-18T00:00:00+08:00 (HTTP 200)"
  }
}
[2026-05-17 11:30:00] [Music] 第1634章音乐生成失败
[2026-05-17 11:30:00] [Music] 配额不足: {
  "error": {
    "code": 1,
    "message": "API error: usage limit exceeded, daily usage limit reached for Token Plan Hs_max (100/100 used), resets at 2026-05-18T00:00:00+08:00 (HTTP 200)"
  }
}
[2026-05-17 11:30:00] [Music] 第1633章音乐生成失败
[2026-05-17 11:30:04] [Music] 配额不足: {
  "error": {
    "code": 1,
    "message": "API error: usage limit exceeded, daily usage limit reached for Token Plan Hs_max (100/100 used), resets at 2026-05-18T00:00:00+08:00 (HTTP 200)"
  }
}
[2026-05-17 11:30:04] [Music] 第1635章音乐生成失败
[2026-05-17 11:30:18] [Music] 配额不足: {
  "error": {
    "code": 1,
    "message": "API error: usage limit exceeded, daily usage limit reached for Token Plan Hs_max (100/100 used), resets at 2026-05-18T00:00:00+08:00 (HTTP 200)"
  }
}
[2026-05-17 11:30:18] [Music] 第1636章音乐生成失败
[2026-05-17 11:30:18] [Music] 批次完成: 成功 0, 失败 50
[2026-05-17 11:30:18] [Music] 累计: 成功 62, 失败 1538
[2026-05-17 11:30:18] [Music] 批次间休息30秒...
[2026-05-17 11:30:48] [Music] 处理批次 33/40, 本批 50 章
[2026-05-17 11:30:48] [Music] 开始处理第1637章: 终焉的召唤
[2026-05-17 11:30:48] [Music] 开始处理第1638章: 终焉之门
[2026-05-17 11:30:48] [Music] 开始处理第1639章: 最后的话
[2026-05-17 11:30:48] [Music] 开始处理第1640章: 踏入虚无
[2026-05-17 11:30:48] [Music] 开始处理第1641章: 复苏会的仪式
[2026-05-17 11:31:11] [Music] 配额不足: {
  "error": {
    "code": 1,
    "message": "API error: usage limit exceeded, daily usage limit reached for Token Plan Hs_max (100/100 used), resets at 2026-05-18T00:00:00+08:00 (HTTP 200)"
  }
}
[2026-05-17 11:31:11] [Music] 第1637章音乐生成失败
[2026-05-17 11:31:11] [Music] 开始处理第1642章: 祭坛的秘密
[2026-05-17 11:31:14] [Music] 配额不足: {
  "error": {
    "code": 1,
    "message": "API error: usage limit exceeded, daily usage limit reached for Token Plan Hs_max (100/100 used), resets at 2026-05-18T00:00:00+08:00 (HTTP 200)"
  }
}
[2026-05-17 11:31:14] [Music] 第1640章音乐生成失败
[2026-05-17 11:31:14] [Music] 开始处理第1643章: 棋手的布局
[2026-05-17 11:31:17] [Music] 配额不足: {
  "error": {
    "code": 1,
    "message": "API error: usage limit exceeded, daily usage limit reached for Token Plan Hs_max (100/100 used), resets at 2026-05-18T00:00:00+08:00 (HTTP 200)"
  }
}
[2026-05-17 11:31:17] [Music] 第1638章音乐生成失败
[2026-05-17 11:31:17] [Music] 开始处理第1644章: 人鬼共存的真相
[2026-05-17 11:31:17] [Music] 配额不足: {
  "error": {
    "code": 1,
    "message": "API error: usage limit exceeded, daily usage limit reached for Token Plan Hs_max (100/100 used), resets at 2026-05-18T00:00:00+08:00 (HTTP 200)"
  }
}
[2026-05-17 11:31:17] [Music] 第1641章音乐生成失败
[2026-05-17 11:31:17] [Music] 开始处理第1645章: 第三条路
[2026-05-17 11:31:19] [Music] 配额不足: {
  "error": {
    "code": 1,
    "message": "API error: usage limit exceeded, daily usage limit reached for Token Plan Hs_max (100/100 used), resets at 2026-05-18T00:00:00+08:00 (HTTP 200)"
  }
}
[2026-05-17 11:31:19] [Music] 第1639章音乐生成失败
[2026-05-17 11:31:19] [Music] 开始处理第1646章: 外婆的遗志
[2026-05-17 11:31:41] [Music] 配额不足: {
  "error": {
    "code": 1,
    "message": "API error: usage limit exceeded, daily usage limit reached for Token Plan Hs_max (100/100 used), resets at 2026-05-18T00:00:00+08:00 (HTTP 200)"
  }
}
[2026-05-17 11:31:41] [Music] 第1645章音乐生成失败
[2026-05-17 11:31:41] [Music] 开始处理第1647章: 终焉的碎片
[2026-05-17 11:31:41] [Music] 配额不足: {
  "error": {
    "code": 1,
    "message": "API error: usage limit exceeded, daily usage limit reached for Token Plan Hs_max (100/100 used), resets at 2026-05-18T00:00:00+08:00 (HTTP 200)"
  }
}
[2026-05-17 11:31:41] [Music] 第1643章音乐生成失败
[2026-05-17 11:31:41] [Music] 开始处理第1648章: 沉默者的觉醒
[2026-05-17 11:31:43] [Music] 配额不足: {
  "error": {
    "code": 1,
    "message": "API error: usage limit exceeded, daily usage limit reached for Token Plan Hs_max (100/100 used), resets at 2026-05-18T00:00:00+08:00 (HTTP 200)"
  }
}
[2026-05-17 11:31:43] [Music] 第1646章音乐生成失败
[2026-05-17 11:31:43] [Music] 开始处理第1649章: 记忆的守护
[2026-05-17 11:31:58] [Music] 配额不足: {
  "error": {
    "code": 1,
    "message": "API error: usage limit exceeded, daily usage limit reached for Token Plan Hs_max (100/100 used), resets at 2026-05-18T00:00:00+08:00 (HTTP 200)"
  }
}
[2026-05-17 11:31:58] [Music] 第1642章音乐生成失败
[2026-05-17 11:31:58] [Music] 开始处理第1650章: 新的平衡
[2026-05-17 11:32:00] [Music] 配额不足: {
  "error": {
    "code": 1,
    "message": "API error: usage limit exceeded, daily usage limit reached for Token Plan Hs_max (100/100 used), resets at 2026-05-18T00:00:00+08:00 (HTTP 200)"
  }
}
[2026-05-17 11:32:00] [Music] 第1644章音乐生成失败
[2026-05-17 11:32:00] [Music] 开始处理第1651章: 余烬
[2026-05-17 11:32:05] [Music] 配额不足: {
  "error": {
    "code": 1,
    "message": "API error: usage limit exceeded, daily usage limit reached for Token Plan Hs_max (100/100 used), resets at 2026-05-18T00:00:00+08:00 (HTTP 200)"
  }
}
[2026-05-17 11:32:05] [Music] 第1647章音乐生成失败
[2026-05-17 11:32:05] [Music] 开始处理第1652章: 回声
[2026-05-17 11:32:09] [Music] 配额不足: {
  "error": {
    "code": 1,
    "message": "API error: usage limit exceeded, daily usage limit reached for Token Plan Hs_max (100/100 used), resets at 2026-05-18T00:00:00+08:00 (HTTP 200)"
  }
}
[2026-05-17 11:32:09] [Music] 第1649章音乐生成失败
[2026-05-17 11:32:09] [Music] 开始处理第1653章: 命名之死
[2026-05-17 11:32:11] [Music] 配额不足: {
  "error": {
    "code": 1,
    "message": "API error: usage limit exceeded, daily usage limit reached for Token Plan Hs_max (100/100 used), resets at 2026-05-18T00:00:00+08:00 (HTTP 200)"
  }
}
[2026-05-17 11:32:11] [Music] 第1648章音乐生成失败
[2026-05-17 11:32:11] [Music] 开始处理第1654章: 名字的重量
[2026-05-17 11:32:20] [Music] 配额不足: {
  "error": {
    "code": 1,
    "message": "API error: usage limit exceeded, daily usage limit reached for Token Plan Hs_max (100/100 used), resets at 2026-05-18T00:00:00+08:00 (HTTP 200)"
  }
}
[2026-05-17 11:32:20] [Music] 第1650章音乐生成失败
[2026-05-17 11:32:20] [Music] 开始处理第1655章: 诅咒之家
[2026-05-17 11:32:24] [Music] 配额不足: {
  "error": {
    "code": 1,
    "message": "API error: usage limit exceeded, daily usage limit reached for Token Plan Hs_max (100/100 used), resets at 2026-05-18T00:00:00+08:00 (HTTP 200)"
  }
}
[2026-05-17 11:32:24] [Music] 第1651章音乐生成失败
[2026-05-17 11:32:24] [Music] 开始处理第1656章: 缝补
[2026-05-17 11:32:35] [Music] 配额不足: {
  "error": {
    "code": 1,
    "message": "API error: usage limit exceeded, daily usage limit reached for Token Plan Hs_max (100/100 used), resets at 2026-05-18T00:00:00+08:00 (HTTP 200)"
  }
}
[2026-05-17 11:32:35] [Music] 第1653章音乐生成失败
[2026-05-17 11:32:35] [Music] 开始处理第1657章: 母亲的针线
[2026-05-17 11:32:45] [Music] 配额不足: {
  "error": {
    "code": 1,
    "message": "API error: usage limit exceeded, daily usage limit reached for Token Plan Hs_max (100/100 used), resets at 2026-05-18T00:00:00+08:00 (HTTP 200)"
  }
}
[2026-05-17 11:32:45] [Music] 第1654章音乐生成失败
[2026-05-17 11:32:45] [Music] 开始处理第1658章: 棋手的棋局
[2026-05-17 11:32:47] [Music] 配额不足: {
  "error": {
    "code": 1,
    "message": "API error: usage limit exceeded, daily usage limit reached for Token Plan Hs_max (100/100 used), resets at 2026-05-18T00:00:00+08:00 (HTTP 200)"
  }
}
[2026-05-17 11:32:47] [Music] 第1652章音乐生成失败
[2026-05-17 11:32:47] [Music] 开始处理第1659章: 拒绝
[2026-05-17 11:32:52] [Music] 配额不足: {
  "error": {
    "code": 1,
    "message": "API error: usage limit exceeded, daily usage limit reached for Token Plan Hs_max (100/100 used), resets at 2026-05-18T00:00:00+08:00 (HTTP 200)"
  }
}
[2026-05-17 11:32:52] [Music] 第1655章音乐生成失败
[2026-05-17 11:32:52] [Music] 开始处理第1660章: 沉默者的独白
[2026-05-17 11:33:02] [Music] 配额不足: {
  "error": {
    "code": 1,
    "message": "API error: usage limit exceeded, daily usage limit reached for Token Plan Hs_max (100/100 used), resets at 2026-05-18T00:00:00+08:00 (HTTP 200)"
  }
}
[2026-05-17 11:33:02] [Music] 第1657章音乐生成失败
[2026-05-17 11:33:02] [Music] 开始处理第1661章: 彼岸的邀请函
[2026-05-17 11:33:13] [Music] 配额不足: {
  "error": {
    "code": 1,
    "message": "API error: usage limit exceeded, daily usage limit reached for Token Plan Hs_max (100/100 used), resets at 2026-05-18T00:00:00+08:00 (HTTP 200)"
  }
}
[2026-05-17 11:33:13] [Music] 第1659章音乐生成失败
[2026-05-17 11:33:13] [Music] 开始处理第1662章: 沉睡列车
[2026-05-17 11:33:18] [Music] 配额不足: {
  "error": {
    "code": 1,
    "message": "API error: usage limit exceeded, daily usage limit reached for Token Plan Hs_max (100/100 used), resets at 2026-05-18T00:00:00+08:00 (HTTP 200)"
  }
}
[2026-05-17 11:33:18] [Music] 第1660章音乐生成失败
[2026-05-17 11:33:18] [Music] 开始处理第1663章: 梦主
[2026-05-17 11:33:23] [Music] 配额不足: {
  "error": {
    "code": 1,
    "message": "API error: usage limit exceeded, daily usage limit reached for Token Plan Hs_max (100/100 used), resets at 2026-05-18T00:00:00+08:00 (HTTP 200)"
  }
}
[2026-05-17 11:33:23] [Music] 第1658章音乐生成失败
[2026-05-17 11:33:23] [Music] 开始处理第1664章: 梦境的尽头
[2026-05-17 11:33:24] [Music] 配额不足: {
  "error": {
    "code": 1,
    "message": "API error: usage limit exceeded, daily usage limit reached for Token Plan Hs_max (100/100 used), resets at 2026-05-18T00:00:00+08:00 (HTTP 200)"
  }
}
[2026-05-17 11:33:24] [Music] 第1656章音乐生成失败
[2026-05-17 11:33:24] [Music] 开始处理第1665章: 妻子的面容
[2026-05-17 11:33:29] [Music] 配额不足: {
  "error": {
    "code": 1,
    "message": "API error: usage limit exceeded, daily usage limit reached for Token Plan Hs_max (100/100 used), resets at 2026-05-18T00:00:00+08:00 (HTTP 200)"
  }
}
[2026-05-17 11:33:29] [Music] 第1661章音乐生成失败
[2026-05-17 11:33:29] [Music] 开始处理第1666章: 列车重启
[2026-05-17 11:33:41] [Music] 配额不足: {
  "error": {
    "code": 1,
    "message": "API error: usage limit exceeded, daily usage limit reached for Token Plan Hs_max (100/100 used), resets at 2026-05-18T00:00:00+08:00 (HTTP 200)"
  }
}
[2026-05-17 11:33:41] [Music] 第1662章音乐生成失败
[2026-05-17 11:33:41] [Music] 开始处理第1667章: 消失的三天
[2026-05-17 11:33:41] [Music] 配额不足: {
  "error": {
    "code": 1,
    "message": "API error: usage limit exceeded, daily usage limit reached for Token Plan Hs_max (100/100 used), resets at 2026-05-18T00:00:00+08:00 (HTTP 200)"
  }
}
[2026-05-17 11:33:41] [Music] 第1663章音乐生成失败
[2026-05-17 11:33:41] [Music] 开始处理第1668章: 档案的真相
[2026-05-17 11:33:55] [Music] 配额不足: {
  "error": {
    "code": 1,
    "message": "API error: usage limit exceeded, daily usage limit reached for Token Plan Hs_max (100/100 used), resets at 2026-05-18T00:00:00+08:00 (HTTP 200)"
  }
}
[2026-05-17 11:33:55] [Music] 第1664章音乐生成失败
[2026-05-17 11:33:55] [Music] 开始处理第1669章: 外婆的遗书
[2026-05-17 11:33:58] [Music] 配额不足: {
  "error": {
    "code": 1,
    "message": "API error: usage limit exceeded, daily usage limit reached for Token Plan Hs_max (100/100 used), resets at 2026-05-18T00:00:00+08:00 (HTTP 200)"
  }
}
[2026-05-17 11:33:58] [Music] 第1666章音乐生成失败
[2026-05-17 11:33:58] [Music] 开始处理第1670章: 大山市的黄昏
[2026-05-17 11:34:01] [Music] 配额不足: {
  "error": {
    "code": 1,
    "message": "API error: usage limit exceeded, daily usage limit reached for Token Plan Hs_max (100/100 used), resets at 2026-05-18T00:00:00+08:00 (HTTP 200)"
  }
}
[2026-05-17 11:34:01] [Music] 第1665章音乐生成失败
[2026-05-17 11:34:01] [Music] 开始处理第1671章: 门外的东西
[2026-05-17 11:34:10] [Music] 配额不足: {
  "error": {
    "code": 1,
    "message": "API error: usage limit exceeded, daily usage limit reached for Token Plan Hs_max (100/100 used), resets at 2026-05-18T00:00:00+08:00 (HTTP 200)"
  }
}
[2026-05-17 11:34:10] [Music] 第1668章音乐生成失败
[2026-05-17 11:34:10] [Music] 开始处理第1672章: 无脸的对话
[2026-05-17 11:34:11] [Music] 配额不足: {
  "error": {
    "code": 1,
    "message": "API error: usage limit exceeded, daily usage limit reached for Token Plan Hs_max (100/100 used), resets at 2026-05-18T00:00:00+08:00 (HTTP 200)"
  }
}
[2026-05-17 11:34:11] [Music] 第1667章音乐生成失败
[2026-05-17 11:34:11] [Music] 开始处理第1673章: 钟楼的约定
[2026-05-17 11:34:27] [Music] 配额不足: {
  "error": {
    "code": 1,
    "message": "API error: usage limit exceeded, daily usage limit reached for Token Plan Hs_max (100/100 used), resets at 2026-05-18T00:00:00+08:00 (HTTP 200)"
  }
}
[2026-05-17 11:34:27] [Music] 第1669章音乐生成失败
[2026-05-17 11:34:27] [Music] 开始处理第1674章: 七十年的等待
[2026-05-17 11:34:32] [Music] 配额不足: {
  "error": {
    "code": 1,
    "message": "API error: usage limit exceeded, daily usage limit reached for Token Plan Hs_max (100/100 used), resets at 2026-05-18T00:00:00+08:00 (HTTP 200)"
  }
}
[2026-05-17 11:34:32] [Music] 第1670章音乐生成失败
[2026-05-17 11:34:32] [Music] 开始处理第1675章: 真相与谎言
[2026-05-17 11:34:33] [Music] 第1671章歌词生成失败
[2026-05-17 11:34:33] [Music] 开始处理第1676章: 外婆的声音
[2026-05-17 11:34:40] [Music] 第1672章歌词生成失败
[2026-05-17 11:34:40] [Music] 开始处理第1677章: 林默的选择
[2026-05-17 11:34:41] [Music] 配额不足: {
  "error": {
    "code": 1,
    "message": "API error: usage limit exceeded, daily usage limit reached for Token Plan Hs_max (100/100 used), resets at 2026-05-18T00:00:00+08:00 (HTTP 200)"
  }
}
[2026-05-17 11:34:41] [Music] 第1673章音乐生成失败
[2026-05-17 11:34:41] [Music] 开始处理第1678章: 第三个选择
[2026-05-17 11:34:52] [Music] 配额不足: {
  "error": {
    "code": 1,
    "message": "API error: usage limit exceeded, daily usage limit reached for Token Plan Hs_max (100/100 used), resets at 2026-05-18T00:00:00+08:00 (HTTP 200)"
  }
}
[2026-05-17 11:34:52] [Music] 第1674章音乐生成失败
[2026-05-17 11:34:52] [Music] 开始处理第1679章: 地下的入口
[2026-05-17 11:34:59] [Music] 配额不足: {
  "error": {
    "code": 1,
    "message": "API error: usage limit exceeded, daily usage limit reached for Token Plan Hs_max (100/100 used), resets at 2026-05-18T00:00:00+08:00 (HTTP 200)"
  }
}
[2026-05-17 11:34:59] [Music] 第1676章音乐生成失败
[2026-05-17 11:34:59] [Music] 开始处理第1680章: 怨念的回廊
[2026-05-17 11:35:04] [Music] 配额不足: {
  "error": {
    "code": 1,
    "message": "API error: usage limit exceeded, daily usage limit reached for Token Plan Hs_max (100/100 used), resets at 2026-05-18T00:00:00+08:00 (HTTP 200)"
  }
}
[2026-05-17 11:35:04] [Music] 第1675章音乐生成失败
[2026-05-17 11:35:04] [Music] 开始处理第1681章: 棋手的棋盘
[2026-05-17 11:35:06] [Music] 配额不足: {
  "error": {
    "code": 1,
    "message": "API error: usage limit exceeded, daily usage limit reached for Token Plan Hs_max (100/100 used), resets at 2026-05-18T00:00:00+08:00 (HTTP 200)"
  }
}
[2026-05-17 11:35:06] [Music] 第1677章音乐生成失败
[2026-05-17 11:35:06] [Music] 开始处理第1682章: 记忆的守护者
[2026-05-17 11:35:10] [Music] 配额不足: {
  "error": {
    "code": 1,
    "message": "API error: usage limit exceeded, daily usage limit reached for Token Plan Hs_max (100/100 used), resets at 2026-05-18T00:00:00+08:00 (HTTP 200)"
  }
}
[2026-05-17 11:35:10] [Music] 第1678章音乐生成失败
[2026-05-17 11:35:10] [Music] 开始处理第1683章: 外婆的笔记本·终章
[2026-05-17 11:35:19] [Music] 配额不足: {
  "error": {
    "code": 1,
    "message": "API error: usage limit exceeded, daily usage limit reached for Token Plan Hs_max (100/100 used), resets at 2026-05-18T00:00:00+08:00 (HTTP 200)"
  }
}
[2026-05-17 11:35:19] [Music] 第1679章音乐生成失败
[2026-05-17 11:35:19] [Music] 开始处理第1684章: 彼岸的计划
[2026-05-17 11:35:30] [Music] 配额不足: {
  "error": {
    "code": 1,
    "message": "API error: usage limit exceeded, daily usage limit reached for Token Plan Hs_max (100/100 used), resets at 2026-05-18T00:00:00+08:00 (HTTP 200)"
  }
}
[2026-05-17 11:35:30] [Music] 第1680章音乐生成失败
[2026-05-17 11:35:30] [Music] 开始处理第1685章: 绝望者的联盟
[2026-05-17 11:35:31] [Music] 配额不足: {
  "error": {
    "code": 1,
    "message": "API error: usage limit exceeded, daily usage limit reached for Token Plan Hs_max (100/100 used), resets at 2026-05-18T00:00:00+08:00 (HTTP 200)"
  }
}
[2026-05-17 11:35:31] [Music] 第1681章音乐生成失败
[2026-05-17 11:35:31] [Music] 开始处理第1686章: 第一个熔炉
[2026-05-17 11:35:32] [Music] 配额不足: {
  "error": {
    "code": 1,
    "message": "API error: usage limit exceeded, daily usage limit reached for Token Plan Hs_max (100/100 used), resets at 2026-05-18T00:00:00+08:00 (HTTP 200)"
  }
}
[2026-05-17 11:35:32] [Music] 第1683章音乐生成失败
[2026-05-17 11:35:40] [Music] 配额不足: {
  "error": {
    "code": 1,
    "message": "API error: usage limit exceeded, daily usage limit reached for Token Plan Hs_max (100/100 used), resets at 2026-05-18T00:00:00+08:00 (HTTP 200)"
  }
}
[2026-05-17 11:35:40] [Music] 第1682章音乐生成失败
[2026-05-17 11:35:48] [Music] 配额不足: {
  "error": {
    "code": 1,
    "message": "API error: usage limit exceeded, daily usage limit reached for Token Plan Hs_max (100/100 used), resets at 2026-05-18T00:00:00+08:00 (HTTP 200)"
  }
}
[2026-05-17 11:35:48] [Music] 第1684章音乐生成失败
[2026-05-17 11:35:54] [Music] 配额不足: {
  "error": {
    "code": 1,
    "message": "API error: usage limit exceeded, daily usage limit reached for Token Plan Hs_max (100/100 used), resets at 2026-05-18T00:00:00+08:00 (HTTP 200)"
  }
}
[2026-05-17 11:35:54] [Music] 第1685章音乐生成失败
[2026-05-17 11:35:56] [Music] 配额不足: {
  "error": {
    "code": 1,
    "message": "API error: usage limit exceeded, daily usage limit reached for Token Plan Hs_max (100/100 used), resets at 2026-05-18T00:00:00+08:00 (HTTP 200)"
  }
}
[2026-05-17 11:35:56] [Music] 第1686章音乐生成失败
[2026-05-17 11:35:56] [Music] 批次完成: 成功 0, 失败 50
[2026-05-17 11:35:56] [Music] 累计: 成功 62, 失败 1588
[2026-05-17 11:35:56] [Music] 批次间休息30秒...
[2026-05-17 11:36:26] [Music] 处理批次 34/40, 本批 50 章
[2026-05-17 11:36:26] [Music] 开始处理第1688章: 记忆的传承
[2026-05-17 11:36:26] [Music] 开始处理第1689章: 熔炉的崩塌
[2026-05-17 11:36:26] [Music] 开始处理第1687章: 第一个孩子的记忆
[2026-05-17 11:36:26] [Music] 开始处理第1690章: 真正的名字
[2026-05-17 11:36:26] [Music] 开始处理第1691章: 恐惧的回响
[2026-05-17 11:36:49] [Music] 配额不足: {
  "error": {
    "code": 1,
    "message": "API error: usage limit exceeded, daily usage limit reached for Token Plan Hs_max (100/100 used), resets at 2026-05-18T00:00:00+08:00 (HTTP 200)"
  }
}
[2026-05-17 11:36:49] [Music] 第1690章音乐生成失败
[2026-05-17 11:36:49] [Music] 开始处理第1692章: 恐惧地图
[2026-05-17 11:36:50] [Music] 配额不足: {
  "error": {
    "code": 1,
    "message": "API error: usage limit exceeded, daily usage limit reached for Token Plan Hs_max (100/100 used), resets at 2026-05-18T00:00:00+08:00 (HTTP 200)"
  }
}
[2026-05-17 11:36:50] [Music] 第1688章音乐生成失败
[2026-05-17 11:36:50] [Music] 开始处理第1693章: 吞噬之城
[2026-05-17 11:36:55] [Music] 配额不足: {
  "error": {
    "code": 1,
    "message": "API error: usage limit exceeded, daily usage limit reached for Token Plan Hs_max (100/100 used), resets at 2026-05-18T00:00:00+08:00 (HTTP 200)"
  }
}
[2026-05-17 11:36:55] [Music] 第1689章音乐生成失败
[2026-05-17 11:36:55] [Music] 开始处理第1694章: 记忆的种子
[2026-05-17 11:36:56] [Music] 配额不足: {
  "error": {
    "code": 1,
    "message": "API error: usage limit exceeded, daily usage limit reached for Token Plan Hs_max (100/100 used), resets at 2026-05-18T00:00:00+08:00 (HTTP 200)"
  }
}
[2026-05-17 11:36:56] [Music] 第1687章音乐生成失败
[2026-05-17 11:36:56] [Music] 开始处理第1695章: 最后的告别
[2026-05-17 11:37:02] [Music] 配额不足: {
  "error": {
    "code": 1,
    "message": "API error: usage limit exceeded, daily usage limit reached for Token Plan Hs_max (100/100 used), resets at 2026-05-18T00:00:00+08:00 (HTTP 200)"
  }
}
[2026-05-17 11:37:02] [Music] 第1691章音乐生成失败
[2026-05-17 11:37:02] [Music] 开始处理第1696章: 沉默之海
[2026-05-17 11:37:17] [Music] 配额不足: {
  "error": {
    "code": 1,
    "message": "API error: usage limit exceeded, daily usage limit reached for Token Plan Hs_max (100/100 used), resets at 2026-05-18T00:00:00+08:00 (HTTP 200)"
  }
}
[2026-05-17 11:37:17] [Music] 第1693章音乐生成失败
[2026-05-17 11:37:17] [Music] 开始处理第1697章: 终焉的真相
[2026-05-17 11:37:19] [Music] 配额不足: {
  "error": {
    "code": 1,
    "message": "API error: usage limit exceeded, daily usage limit reached for Token Plan Hs_max (100/100 used), resets at 2026-05-18T00:00:00+08:00 (HTTP 200)"
  }
}
[2026-05-17 11:37:19] [Music] 第1692章音乐生成失败
[2026-05-17 11:37:19] [Music] 开始处理第1698章: 源头的选择
[2026-05-17 11:37:24] [Music] 配额不足: {
  "error": {
    "code": 1,
    "message": "API error: usage limit exceeded, daily usage limit reached for Token Plan Hs_max (100/100 used), resets at 2026-05-18T00:00:00+08:00 (HTTP 200)"
  }
}
[2026-05-17 11:37:24] [Music] 第1696章音乐生成失败
[2026-05-17 11:37:24] [Music] 开始处理第1699章: 节点的代价
[2026-05-17 11:37:27] [Music] 配额不足: {
  "error": {
    "code": 1,
    "message": "API error: usage limit exceeded, daily usage limit reached for Token Plan Hs_max (100/100 used), resets at 2026-05-18T00:00:00+08:00 (HTTP 200)"
  }
}
[2026-05-17 11:37:27] [Music] 第1694章音乐生成失败
[2026-05-17 11:37:27] [Music] 开始处理第1700章: 新的平衡
[2026-05-17 11:37:28] [Music] 配额不足: {
  "error": {
    "code": 1,
    "message": "API error: usage limit exceeded, daily usage limit reached for Token Plan Hs_max (100/100 used), resets at 2026-05-18T00:00:00+08:00 (HTTP 200)"
  }
}
[2026-05-17 11:37:28] [Music] 第1695章音乐生成失败
[2026-05-17 11:37:28] [Music] 开始处理第1701章: 余震
[2026-05-17 11:37:40] [Music] 配额不足: {
  "error": {
    "code": 1,
    "message": "API error: usage limit exceeded, daily usage limit reached for Token Plan Hs_max (100/100 used), resets at 2026-05-18T00:00:00+08:00 (HTTP 200)"
  }
}
[2026-05-17 11:37:40] [Music] 第1697章音乐生成失败
[2026-05-17 11:37:40] [Music] 开始处理第1702章: 背叛者的坟墓
[2026-05-17 11:37:52] [Music] 配额不足: {
  "error": {
    "code": 1,
    "message": "API error: usage limit exceeded, daily usage limit reached for Token Plan Hs_max (100/100 used), resets at 2026-05-18T00:00:00+08:00 (HTTP 200)"
  }
}
[2026-05-17 11:37:52] [Music] 第1698章音乐生成失败
[2026-05-17 11:37:52] [Music] 开始处理第1703章: 第一道裂痕
[2026-05-17 11:37:54] [Music] 第1699章歌词生成失败
[2026-05-17 11:37:54] [Music] 开始处理第1704章: 镜像之城
[2026-05-17 11:37:57] [Music] 配额不足: {
  "error": {
    "code": 1,
    "message": "API error: usage limit exceeded, daily usage limit reached for Token Plan Hs_max (100/100 used), resets at 2026-05-18T00:00:00+08:00 (HTTP 200)"
  }
}
[2026-05-17 11:37:57] [Music] 第1701章音乐生成失败
[2026-05-17 11:37:57] [Music] 开始处理第1705章: 三百年的孤独
[2026-05-17 11:37:58] [Music] 配额不足: {
  "error": {
    "code": 1,
    "message": "API error: usage limit exceeded, daily usage limit reached for Token Plan Hs_max (100/100 used), resets at 2026-05-18T00:00:00+08:00 (HTTP 200)"
  }
}
[2026-05-17 11:37:58] [Music] 第1700章音乐生成失败
[2026-05-17 11:37:58] [Music] 开始处理第1706章: 替身的背叛
[2026-05-17 11:38:04] [Music] 配额不足: {
  "error": {
    "code": 1,
    "message": "API error: usage limit exceeded, daily usage limit reached for Token Plan Hs_max (100/100 used), resets at 2026-05-18T00:00:00+08:00 (HTTP 200)"
  }
}
[2026-05-17 11:38:04] [Music] 第1702章音乐生成失败
[2026-05-17 11:38:04] [Music] 开始处理第1707章: 倒带者的遗言
[2026-05-17 11:38:18] [Music] 配额不足: {
  "error": {
    "code": 1,
    "message": "API error: usage limit exceeded, daily usage limit reached for Token Plan Hs_max (100/100 used), resets at 2026-05-18T00:00:00+08:00 (HTTP 200)"
  }
}
[2026-05-17 11:38:18] [Music] 第1704章音乐生成失败
[2026-05-17 11:38:18] [Music] 开始处理第1708章: 沉默者的哀歌
[2026-05-17 11:38:19] [Music] 配额不足: {
  "error": {
    "code": 1,
    "message": "API error: usage limit exceeded, daily usage limit reached for Token Plan Hs_max (100/100 used), resets at 2026-05-18T00:00:00+08:00 (HTTP 200)"
  }
}
[2026-05-17 11:38:19] [Music] 第1706章音乐生成失败
[2026-05-17 11:38:19] [Music] 开始处理第1709章: 黄泉之路
[2026-05-17 11:38:23] [Music] 配额不足: {
  "error": {
    "code": 1,
    "message": "API error: usage limit exceeded, daily usage limit reached for Token Plan Hs_max (100/100 used), resets at 2026-05-18T00:00:00+08:00 (HTTP 200)"
  }
}
[2026-05-17 11:38:23] [Music] 第1705章音乐生成失败
[2026-05-17 11:38:23] [Music] 开始处理第1710章: 回声巷的亡魂
[2026-05-17 11:38:31] [Music] 配额不足: {
  "error": {
    "code": 1,
    "message": "API error: usage limit exceeded, daily usage limit reached for Token Plan Hs_max (100/100 used), resets at 2026-05-18T00:00:00+08:00 (HTTP 200)"
  }
}
[2026-05-17 11:38:31] [Music] 第1703章音乐生成失败
[2026-05-17 11:38:31] [Music] 开始处理第1711章: 枯井村的秘密
[2026-05-17 11:38:45] [Music] 配额不足: {
  "error": {
    "code": 1,
    "message": "API error: usage limit exceeded, daily usage limit reached for Token Plan Hs_max (100/100 used), resets at 2026-05-18T00:00:00+08:00 (HTTP 200)"
  }
}
[2026-05-17 11:38:45] [Music] 第1709章音乐生成失败
[2026-05-17 11:38:45] [Music] 开始处理第1712章: 恐惧的本体
[2026-05-17 11:38:48] [Music] 配额不足: {
  "error": {
    "code": 1,
    "message": "API error: usage limit exceeded, daily usage limit reached for Token Plan Hs_max (100/100 used), resets at 2026-05-18T00:00:00+08:00 (HTTP 200)"
  }
}
[2026-05-17 11:38:48] [Music] 第1710章音乐生成失败
[2026-05-17 11:38:48] [Music] 开始处理第1713章: 棋手的追逐
[2026-05-17 11:38:49] [Music] 配额不足: {
  "error": {
    "code": 1,
    "message": "API error: usage limit exceeded, daily usage limit reached for Token Plan Hs_max (100/100 used), resets at 2026-05-18T00:00:00+08:00 (HTTP 200)"
  }
}
[2026-05-17 11:38:49] [Music] 第1708章音乐生成失败
[2026-05-17 11:38:49] [Music] 开始处理第1714章: 三百年的枷锁
[2026-05-17 11:38:56] [Music] 配额不足: {
  "error": {
    "code": 1,
    "message": "API error: usage limit exceeded, daily usage limit reached for Token Plan Hs_max (100/100 used), resets at 2026-05-18T00:00:00+08:00 (HTTP 200)"
  }
}
[2026-05-17 11:38:56] [Music] 第1711章音乐生成失败
[2026-05-17 11:38:56] [Music] 开始处理第1715章: 镜中告别
[2026-05-17 11:38:59] [Music] 配额不足: {
  "error": {
    "code": 1,
    "message": "API error: usage limit exceeded, daily usage limit reached for Token Plan Hs_max (100/100 used), resets at 2026-05-18T00:00:00+08:00 (HTTP 200)"
  }
}
[2026-05-17 11:38:59] [Music] 第1707章音乐生成失败
[2026-05-17 11:38:59] [Music] 开始处理第1716章: 新的裂痕
[2026-05-17 11:39:13] [Music] 配额不足: {
  "error": {
    "code": 1,
    "message": "API error: usage limit exceeded, daily usage limit reached for Token Plan Hs_max (100/100 used), resets at 2026-05-18T00:00:00+08:00 (HTTP 200)"
  }
}
[2026-05-17 11:39:13] [Music] 第1712章音乐生成失败
[2026-05-17 11:39:13] [Music] 开始处理第1717章: 缝合者
[2026-05-17 11:39:13] [Music] 配额不足: {
  "error": {
    "code": 1,
    "message": "API error: usage limit exceeded, daily usage limit reached for Token Plan Hs_max (100/100 used), resets at 2026-05-18T00:00:00+08:00 (HTTP 200)"
  }
}
[2026-05-17 11:39:13] [Music] 第1714章音乐生成失败
[2026-05-17 11:39:13] [Music] 开始处理第1718章: 分裂的代价
[2026-05-17 11:39:15] [Music] 配额不足: {
  "error": {
    "code": 1,
    "message": "API error: usage limit exceeded, daily usage limit reached for Token Plan Hs_max (100/100 used), resets at 2026-05-18T00:00:00+08:00 (HTTP 200)"
  }
}
[2026-05-17 11:39:15] [Music] 第1713章音乐生成失败
[2026-05-17 11:39:15] [Music] 开始处理第1719章: 背叛者之名
[2026-05-17 11:39:28] [Music] 配额不足: {
  "error": {
    "code": 1,
    "message": "API error: usage limit exceeded, daily usage limit reached for Token Plan Hs_max (100/100 used), resets at 2026-05-18T00:00:00+08:00 (HTTP 200)"
  }
}
[2026-05-17 11:39:28] [Music] 第1716章音乐生成失败
[2026-05-17 11:39:28] [Music] 开始处理第1720章: 外婆的真相
[2026-05-17 11:39:32] [Music] 配额不足: {
  "error": {
    "code": 1,
    "message": "API error: usage limit exceeded, daily usage limit reached for Token Plan Hs_max (100/100 used), resets at 2026-05-18T00:00:00+08:00 (HTTP 200)"
  }
}
[2026-05-17 11:39:32] [Music] 第1718章音乐生成失败
[2026-05-17 11:39:32] [Music] 开始处理第1721章: 彼岸的真相
[2026-05-17 11:39:36] [Music] 配额不足: {
  "error": {
    "code": 1,
    "message": "API error: usage limit exceeded, daily usage limit reached for Token Plan Hs_max (100/100 used), resets at 2026-05-18T00:00:00+08:00 (HTTP 200)"
  }
}
[2026-05-17 11:39:36] [Music] 第1715章音乐生成失败
[2026-05-17 11:39:36] [Music] 开始处理第1722章: 三秒的抉择
[2026-05-17 11:39:42] [Music] 配额不足: {
  "error": {
    "code": 1,
    "message": "API error: usage limit exceeded, daily usage limit reached for Token Plan Hs_max (100/100 used), resets at 2026-05-18T00:00:00+08:00 (HTTP 200)"
  }
}
[2026-05-17 11:39:42] [Music] 第1717章音乐生成失败
[2026-05-17 11:39:42] [Music] 开始处理第1723章: 镜中的回声
[2026-05-17 11:39:55] [Music] 第1719章歌词生成失败
[2026-05-17 11:39:55] [Music] 开始处理第1724章: 全球广播
[2026-05-17 11:40:00] [Music] 配额不足: {
  "error": {
    "code": 1,
    "message": "API error: usage limit exceeded, daily usage limit reached for Token Plan Hs_max (100/100 used), resets at 2026-05-18T00:00:00+08:00 (HTTP 200)"
  }
}
[2026-05-17 11:40:00] [Music] 第1723章音乐生成失败
[2026-05-17 11:40:00] [Music] 开始处理第1725章: 最后的集结
[2026-05-17 11:40:02] [Music] 配额不足: {
  "error": {
    "code": 1,
    "message": "API error: usage limit exceeded, daily usage limit reached for Token Plan Hs_max (100/100 used), resets at 2026-05-18T00:00:00+08:00 (HTTP 200)"
  }
}
[2026-05-17 11:40:02] [Music] 第1722章音乐生成失败
[2026-05-17 11:40:02] [Music] 开始处理第1726章: 三十天计划
[2026-05-17 11:40:04] [Music] 配额不足: {
  "error": {
    "code": 1,
    "message": "API error: usage limit exceeded, daily usage limit reached for Token Plan Hs_max (100/100 used), resets at 2026-05-18T00:00:00+08:00 (HTTP 200)"
  }
}
[2026-05-17 11:40:04] [Music] 第1720章音乐生成失败
[2026-05-17 11:40:04] [Music] 开始处理第1727章: 同化的规则
[2026-05-17 11:40:05] [Music] 配额不足: {
  "error": {
    "code": 1,
    "message": "API error: usage limit exceeded, daily usage limit reached for Token Plan Hs_max (100/100 used), resets at 2026-05-18T00:00:00+08:00 (HTTP 200)"
  }
}
[2026-05-17 11:40:05] [Music] 第1721章音乐生成失败
[2026-05-17 11:40:05] [Music] 开始处理第1728章: 镜面实验
[2026-05-17 11:40:26] [Music] 配额不足: {
  "error": {
    "code": 1,
    "message": "API error: usage limit exceeded, daily usage limit reached for Token Plan Hs_max (100/100 used), resets at 2026-05-18T00:00:00+08:00 (HTTP 200)"
  }
}
[2026-05-17 11:40:26] [Music] 第1727章音乐生成失败
[2026-05-17 11:40:26] [Music] 开始处理第1729章: 棋手的邀请
[2026-05-17 11:40:27] [Music] 配额不足: {
  "error": {
    "code": 1,
    "message": "API error: usage limit exceeded, daily usage limit reached for Token Plan Hs_max (100/100 used), resets at 2026-05-18T00:00:00+08:00 (HTTP 200)"
  }
}
[2026-05-17 11:40:27] [Music] 第1724章音乐生成失败
[2026-05-17 11:40:27] [Music] 开始处理第1730章: 信任的裂痕
[2026-05-17 11:40:29] [Music] 配额不足: {
  "error": {
    "code": 1,
    "message": "API error: usage limit exceeded, daily usage limit reached for Token Plan Hs_max (100/100 used), resets at 2026-05-18T00:00:00+08:00 (HTTP 200)"
  }
}
[2026-05-17 11:40:29] [Music] 第1725章音乐生成失败
[2026-05-17 11:40:29] [Music] 开始处理第1731章: 三日之约
[2026-05-17 11:40:31] [Music] 配额不足: {
  "error": {
    "code": 1,
    "message": "API error: usage limit exceeded, daily usage limit reached for Token Plan Hs_max (100/100 used), resets at 2026-05-18T00:00:00+08:00 (HTTP 200)"
  }
}
[2026-05-17 11:40:31] [Music] 第1726章音乐生成失败
[2026-05-17 11:40:31] [Music] 开始处理第1732章: 钟无艳的眼泪
[2026-05-17 11:40:41] [Music] 配额不足: {
  "error": {
    "code": 1,
    "message": "API error: usage limit exceeded, daily usage limit reached for Token Plan Hs_max (100/100 used), resets at 2026-05-18T00:00:00+08:00 (HTTP 200)"
  }
}
[2026-05-17 11:40:41] [Music] 第1728章音乐生成失败
[2026-05-17 11:40:41] [Music] 开始处理第1733章: 黄泉路再临
[2026-05-17 11:40:51] [Music] 配额不足: {
  "error": {
    "code": 1,
    "message": "API error: usage limit exceeded, daily usage limit reached for Token Plan Hs_max (100/100 used), resets at 2026-05-18T00:00:00+08:00 (HTTP 200)"
  }
}
[2026-05-17 11:40:51] [Music] 第1729章音乐生成失败
[2026-05-17 11:40:51] [Music] 开始处理第1734章: 萧然的过去
[2026-05-17 11:40:56] [Music] 配额不足: {
  "error": {
    "code": 1,
    "message": "API error: usage limit exceeded, daily usage limit reached for Token Plan Hs_max (100/100 used), resets at 2026-05-18T00:00:00+08:00 (HTTP 200)"
  }
}
[2026-05-17 11:40:56] [Music] 第1730章音乐生成失败
[2026-05-17 11:40:56] [Music] 开始处理第1735章: 鬼门关前
[2026-05-17 11:40:58] [Music] 配额不足: {
  "error": {
    "code": 1,
    "message": "API error: usage limit exceeded, daily usage limit reached for Token Plan Hs_max (100/100 used), resets at 2026-05-18T00:00:00+08:00 (HTTP 200)"
  }
}
[2026-05-17 11:40:58] [Music] 第1732章音乐生成失败
[2026-05-17 11:40:58] [Music] 开始处理第1736章: 四鬼合一
[2026-05-17 11:40:59] [Music] 配额不足: {
  "error": {
    "code": 1,
    "message": "API error: usage limit exceeded, daily usage limit reached for Token Plan Hs_max (100/100 used), resets at 2026-05-18T00:00:00+08:00 (HTTP 200)"
  }
}
[2026-05-17 11:40:59] [Music] 第1731章音乐生成失败
[2026-05-17 11:41:19] [Music] 配额不足: {
  "error": {
    "code": 1,
    "message": "API error: usage limit exceeded, daily usage limit reached for Token Plan Hs_max (100/100 used), resets at 2026-05-18T00:00:00+08:00 (HTTP 200)"
  }
}
[2026-05-17 11:41:19] [Music] 第1733章音乐生成失败
[2026-05-17 11:41:19] [Music] 配额不足: {
  "error": {
    "code": 1,
    "message": "API error: usage limit exceeded, daily usage limit reached for Token Plan Hs_max (100/100 used), resets at 2026-05-18T00:00:00+08:00 (HTTP 200)"
  }
}
[2026-05-17 11:41:19] [Music] 第1734章音乐生成失败
[2026-05-17 11:41:23] [Music] 配额不足: {
  "error": {
    "code": 1,
    "message": "API error: usage limit exceeded, daily usage limit reached for Token Plan Hs_max (100/100 used), resets at 2026-05-18T00:00:00+08:00 (HTTP 200)"
  }
}
[2026-05-17 11:41:23] [Music] 第1735章音乐生成失败
[2026-05-17 11:41:31] [Music] 配额不足: {
  "error": {
    "code": 1,
    "message": "API error: usage limit exceeded, daily usage limit reached for Token Plan Hs_max (100/100 used), resets at 2026-05-18T00:00:00+08:00 (HTTP 200)"
  }
}
[2026-05-17 11:41:31] [Music] 第1736章音乐生成失败
[2026-05-17 11:41:31] [Music] 批次完成: 成功 0, 失败 50
[2026-05-17 11:41:31] [Music] 累计: 成功 62, 失败 1638
[2026-05-17 11:41:31] [Music] 批次间休息30秒...
[2026-05-17 11:42:01] [Music] 处理批次 35/40, 本批 50 章
[2026-05-17 11:42:01] [Music] 开始处理第1738章: 归来
[2026-05-17 11:42:01] [Music] 开始处理第1737章: 三千年的眼泪
[2026-05-17 11:42:01] [Music] 开始处理第1739章: 终焉的声音
[2026-05-17 11:42:01] [Music] 开始处理第1740章: 第三条路
[2026-05-17 11:42:01] [Music] 开始处理第1741章: 终焉的前兆
[2026-05-17 11:42:26] [Music] 配额不足: {
  "error": {
    "code": 1,
    "message": "API error: usage limit exceeded, daily usage limit reached for Token Plan Hs_max (100/100 used), resets at 2026-05-18T00:00:00+08:00 (HTTP 200)"
  }
}
[2026-05-17 11:42:26] [Music] 第1740章音乐生成失败
[2026-05-17 11:42:26] [Music] 开始处理第1742章: 黄泉倒流
[2026-05-17 11:42:26] [Music] 配额不足: {
  "error": {
    "code": 1,
    "message": "API error: usage limit exceeded, daily usage limit reached for Token Plan Hs_max (100/100 used), resets at 2026-05-18T00:00:00+08:00 (HTTP 200)"
  }
}
[2026-05-17 11:42:26] [Music] 第1738章音乐生成失败
[2026-05-17 11:42:26] [Music] 开始处理第1743章: 彼岸花开
[2026-05-17 11:42:27] [Music] 配额不足: {
  "error": {
    "code": 1,
    "message": "API error: usage limit exceeded, daily usage limit reached for Token Plan Hs_max (100/100 used), resets at 2026-05-18T00:00:00+08:00 (HTTP 200)"
  }
}
[2026-05-17 11:42:27] [Music] 第1739章音乐生成失败
[2026-05-17 11:42:27] [Music] 开始处理第1744章: 归来者的执念
[2026-05-17 11:42:29] [Music] 配额不足: {
  "error": {
    "code": 1,
    "message": "API error: usage limit exceeded, daily usage limit reached for Token Plan Hs_max (100/100 used), resets at 2026-05-18T00:00:00+08:00 (HTTP 200)"
  }
}
[2026-05-17 11:42:29] [Music] 第1737章音乐生成失败
[2026-05-17 11:42:29] [Music] 开始处理第1745章: 彼岸的邀请
[2026-05-17 11:42:31] [Music] 配额不足: {
  "error": {
    "code": 1,
    "message": "API error: usage limit exceeded, daily usage limit reached for Token Plan Hs_max (100/100 used), resets at 2026-05-18T00:00:00+08:00 (HTTP 200)"
  }
}
[2026-05-17 11:42:31] [Music] 第1741章音乐生成失败
[2026-05-17 11:42:31] [Music] 开始处理第1746章: 初代驭鬼者的遗产
[2026-05-17 11:42:50] [Music] 配额不足: {
  "error": {
    "code": 1,
    "message": "API error: usage limit exceeded, daily usage limit reached for Token Plan Hs_max (100/100 used), resets at 2026-05-18T00:00:00+08:00 (HTTP 200)"
  }
}
[2026-05-17 11:42:50] [Music] 第1744章音乐生成失败
[2026-05-17 11:42:50] [Music] 开始处理第1747章: 三鬼合一的征兆
[2026-05-17 11:42:50] [Music] 配额不足: {
  "error": {
    "code": 1,
    "message": "API error: usage limit exceeded, daily usage limit reached for Token Plan Hs_max (100/100 used), resets at 2026-05-18T00:00:00+08:00 (HTTP 200)"
  }
}
[2026-05-17 11:42:50] [Music] 第1742章音乐生成失败
[2026-05-17 11:42:50] [Music] 开始处理第1748章: 梦中的黄泉路
[2026-05-17 11:42:56] [Music] 配额不足: {
  "error": {
    "code": 1,
    "message": "API error: usage limit exceeded, daily usage limit reached for Token Plan Hs_max (100/100 used), resets at 2026-05-18T00:00:00+08:00 (HTTP 200)"
  }
}
[2026-05-17 11:42:56] [Music] 第1743章音乐生成失败
[2026-05-17 11:42:56] [Music] 开始处理第1749章: 外婆的心门
[2026-05-17 11:42:57] [Music] 配额不足: {
  "error": {
    "code": 1,
    "message": "API error: usage limit exceeded, daily usage limit reached for Token Plan Hs_max (100/100 used), resets at 2026-05-18T00:00:00+08:00 (HTTP 200)"
  }
}
[2026-05-17 11:42:57] [Music] 第1745章音乐生成失败
[2026-05-17 11:42:57] [Music] 开始处理第1750章: 新的契约
[2026-05-17 11:42:58] [Music] 配额不足: {
  "error": {
    "code": 1,
    "message": "API error: usage limit exceeded, daily usage limit reached for Token Plan Hs_max (100/100 used), resets at 2026-05-18T00:00:00+08:00 (HTTP 200)"
  }
}
[2026-05-17 11:42:58] [Music] 第1746章音乐生成失败
[2026-05-17 11:42:58] [Music] 开始处理第1751章: 归途的阻碍
[2026-05-17 11:43:12] [Music] 配额不足: {
  "error": {
    "code": 1,
    "message": "API error: usage limit exceeded, daily usage limit reached for Token Plan Hs_max (100/100 used), resets at 2026-05-18T00:00:00+08:00 (HTTP 200)"
  }
}
[2026-05-17 11:43:12] [Music] 第1747章音乐生成失败
[2026-05-17 11:43:12] [Music] 开始处理第1752章: 现实的重逢
[2026-05-17 11:43:15] [Music] 配额不足: {
  "error": {
    "code": 1,
    "message": "API error: usage limit exceeded, daily usage limit reached for Token Plan Hs_max (100/100 used), resets at 2026-05-18T00:00:00+08:00 (HTTP 200)"
  }
}
[2026-05-17 11:43:15] [Music] 第1748章音乐生成失败
[2026-05-17 11:43:15] [Music] 开始处理第1753章: 最后的集结
[2026-05-17 11:43:23] [Music] 配额不足: {
  "error": {
    "code": 1,
    "message": "API error: usage limit exceeded, daily usage limit reached for Token Plan Hs_max (100/100 used), resets at 2026-05-18T00:00:00+08:00 (HTTP 200)"
  }
}
[2026-05-17 11:43:23] [Music] 第1750章音乐生成失败
[2026-05-17 11:43:23] [Music] 开始处理第1754章: 踏入废墟
[2026-05-17 11:43:24] [Music] 配额不足: {
  "error": {
    "code": 1,
    "message": "API error: usage limit exceeded, daily usage limit reached for Token Plan Hs_max (100/100 used), resets at 2026-05-18T00:00:00+08:00 (HTTP 200)"
  }
}
[2026-05-17 11:43:24] [Music] 第1751章音乐生成失败
[2026-05-17 11:43:24] [Music] 开始处理第1755章: 亡者的质问
[2026-05-17 11:43:29] [Music] 配额不足: {
  "error": {
    "code": 1,
    "message": "API error: usage limit exceeded, daily usage limit reached for Token Plan Hs_max (100/100 used), resets at 2026-05-18T00:00:00+08:00 (HTTP 200)"
  }
}
[2026-05-17 11:43:29] [Music] 第1749章音乐生成失败
[2026-05-17 11:43:29] [Music] 开始处理第1756章: 沉默者的怒吼
[2026-05-17 11:43:40] [Music] 配额不足: {
  "error": {
    "code": 1,
    "message": "API error: usage limit exceeded, daily usage limit reached for Token Plan Hs_max (100/100 used), resets at 2026-05-18T00:00:00+08:00 (HTTP 200)"
  }
}
[2026-05-17 11:43:40] [Music] 第1752章音乐生成失败
[2026-05-17 11:43:40] [Music] 开始处理第1757章: 通往深渊的阶梯
[2026-05-17 11:43:55] [Music] 配额不足: {
  "error": {
    "code": 1,
    "message": "API error: usage limit exceeded, daily usage limit reached for Token Plan Hs_max (100/100 used), resets at 2026-05-18T00:00:00+08:00 (HTTP 200)"
  }
}
[2026-05-17 11:43:55] [Music] 第1753章音乐生成失败
[2026-05-17 11:43:55] [Music] 开始处理第1758章: 终焉苏醒
[2026-05-17 11:43:59] [Music] 配额不足: {
  "error": {
    "code": 1,
    "message": "API error: usage limit exceeded, daily usage limit reached for Token Plan Hs_max (100/100 used), resets at 2026-05-18T00:00:00+08:00 (HTTP 200)"
  }
}
[2026-05-17 11:43:59] [Music] 第1755章音乐生成失败
[2026-05-17 11:43:59] [Music] 开始处理第1759章: 希望的种子
[2026-05-17 11:44:00] [Music] 配额不足: {
  "error": {
    "code": 1,
    "message": "API error: usage limit exceeded, daily usage limit reached for Token Plan Hs_max (100/100 used), resets at 2026-05-18T00:00:00+08:00 (HTTP 200)"
  }
}
[2026-05-17 11:44:00] [Music] 第1756章音乐生成失败
[2026-05-17 11:44:00] [Music] 开始处理第1760章: 人鬼之间的桥梁
[2026-05-17 11:44:11] [Music] 配额不足: {
  "error": {
    "code": 1,
    "message": "API error: usage limit exceeded, daily usage limit reached for Token Plan Hs_max (100/100 used), resets at 2026-05-18T00:00:00+08:00 (HTTP 200)"
  }
}
[2026-05-17 11:44:11] [Music] 第1754章音乐生成失败
[2026-05-17 11:44:11] [Music] 开始处理第1761章: 三鬼归一
[2026-05-17 11:44:19] [Music] 配额不足: {
  "error": {
    "code": 1,
    "message": "API error: usage limit exceeded, daily usage limit reached for Token Plan Hs_max (100/100 used), resets at 2026-05-18T00:00:00+08:00 (HTTP 200)"
  }
}
[2026-05-17 11:44:19] [Music] 第1757章音乐生成失败
[2026-05-17 11:44:19] [Music] 开始处理第1762章: 恐惧的频率
[2026-05-17 11:44:20] [Music] 配额不足: {
  "error": {
    "code": 1,
    "message": "API error: usage limit exceeded, daily usage limit reached for Token Plan Hs_max (100/100 used), resets at 2026-05-18T00:00:00+08:00 (HTTP 200)"
  }
}
[2026-05-17 11:44:20] [Music] 第1758章音乐生成失败
[2026-05-17 11:44:20] [Music] 开始处理第1763章: 外婆的记忆
[2026-05-17 11:44:23] [Music] 配额不足: {
  "error": {
    "code": 1,
    "message": "API error: usage limit exceeded, daily usage limit reached for Token Plan Hs_max (100/100 used), resets at 2026-05-18T00:00:00+08:00 (HTTP 200)"
  }
}
[2026-05-17 11:44:23] [Music] 第1759章音乐生成失败
[2026-05-17 11:44:23] [Music] 开始处理第1764章: 九层屏障
[2026-05-17 11:44:27] [Music] 配额不足: {
  "error": {
    "code": 1,
    "message": "API error: usage limit exceeded, daily usage limit reached for Token Plan Hs_max (100/100 used), resets at 2026-05-18T00:00:00+08:00 (HTTP 200)"
  }
}
[2026-05-17 11:44:27] [Music] 第1760章音乐生成失败
[2026-05-17 11:44:27] [Music] 开始处理第1765章: 第一层：恐惧
[2026-05-17 11:44:41] [Music] 配额不足: {
  "error": {
    "code": 1,
    "message": "API error: usage limit exceeded, daily usage limit reached for Token Plan Hs_max (100/100 used), resets at 2026-05-18T00:00:00+08:00 (HTTP 200)"
  }
}
[2026-05-17 11:44:41] [Music] 第1761章音乐生成失败
[2026-05-17 11:44:41] [Music] 开始处理第1766章: 第二层：绝望
[2026-05-17 11:44:49] [Music] 配额不足: {
  "error": {
    "code": 1,
    "message": "API error: usage limit exceeded, daily usage limit reached for Token Plan Hs_max (100/100 used), resets at 2026-05-18T00:00:00+08:00 (HTTP 200)"
  }
}
[2026-05-17 11:44:49] [Music] 第1764章音乐生成失败
[2026-05-17 11:44:49] [Music] 开始处理第1767章: 第三层：悲伤
[2026-05-17 11:44:51] [Music] 配额不足: {
  "error": {
    "code": 1,
    "message": "API error: usage limit exceeded, daily usage limit reached for Token Plan Hs_max (100/100 used), resets at 2026-05-18T00:00:00+08:00 (HTTP 200)"
  }
}
[2026-05-17 11:44:51] [Music] 第1762章音乐生成失败
[2026-05-17 11:44:51] [Music] 开始处理第1768章: 第四层：愤怒
[2026-05-17 11:44:53] [Music] 第1763章歌词生成失败
[2026-05-17 11:44:53] [Music] 开始处理第1769章: 萧然的追随
[2026-05-17 11:44:55] [Music] 配额不足: {
  "error": {
    "code": 1,
    "message": "API error: usage limit exceeded, daily usage limit reached for Token Plan Hs_max (100/100 used), resets at 2026-05-18T00:00:00+08:00 (HTTP 200)"
  }
}
[2026-05-17 11:44:55] [Music] 第1765章音乐生成失败
[2026-05-17 11:44:55] [Music] 开始处理第1770章: 第五层：悔恨
[2026-05-17 11:45:14] [Music] 配额不足: {
  "error": {
    "code": 1,
    "message": "API error: usage limit exceeded, daily usage limit reached for Token Plan Hs_max (100/100 used), resets at 2026-05-18T00:00:00+08:00 (HTTP 200)"
  }
}
[2026-05-17 11:45:14] [Music] 第1768章音乐生成失败
[2026-05-17 11:45:14] [Music] 开始处理第1771章: 同化的危机
[2026-05-17 11:45:15] [Music] 配额不足: {
  "error": {
    "code": 1,
    "message": "API error: usage limit exceeded, daily usage limit reached for Token Plan Hs_max (100/100 used), resets at 2026-05-18T00:00:00+08:00 (HTTP 200)"
  }
}
[2026-05-17 11:45:15] [Music] 第1767章音乐生成失败
[2026-05-17 11:45:15] [Music] 开始处理第1772章: 第六层：遗忘
[2026-05-17 11:45:16] [Music] 配额不足: {
  "error": {
    "code": 1,
    "message": "API error: usage limit exceeded, daily usage limit reached for Token Plan Hs_max (100/100 used), resets at 2026-05-18T00:00:00+08:00 (HTTP 200)"
  }
}
[2026-05-17 11:45:16] [Music] 第1766章音乐生成失败
[2026-05-17 11:45:16] [Music] 开始处理第1773章: 第七层：沉默
[2026-05-17 11:45:20] [Music] 配额不足: {
  "error": {
    "code": 1,
    "message": "API error: usage limit exceeded, daily usage limit reached for Token Plan Hs_max (100/100 used), resets at 2026-05-18T00:00:00+08:00 (HTTP 200)"
  }
}
[2026-05-17 11:45:20] [Music] 第1769章音乐生成失败
[2026-05-17 11:45:20] [Music] 开始处理第1774章: 第八层：虚无
[2026-05-17 11:45:28] [Music] 配额不足: {
  "error": {
    "code": 1,
    "message": "API error: usage limit exceeded, daily usage limit reached for Token Plan Hs_max (100/100 used), resets at 2026-05-18T00:00:00+08:00 (HTTP 200)"
  }
}
[2026-05-17 11:45:28] [Music] 第1770章音乐生成失败
[2026-05-17 11:45:28] [Music] 开始处理第1775章: 第九层：湮灭
[2026-05-17 11:45:45] [Music] 配额不足: {
  "error": {
    "code": 1,
    "message": "API error: usage limit exceeded, daily usage limit reached for Token Plan Hs_max (100/100 used), resets at 2026-05-18T00:00:00+08:00 (HTTP 200)"
  }
}
[2026-05-17 11:45:45] [Music] 第1773章音乐生成失败
[2026-05-17 11:45:45] [Music] 开始处理第1776章: 萧然的牺牲
[2026-05-17 11:45:47] [Music] 配额不足: {
  "error": {
    "code": 1,
    "message": "API error: usage limit exceeded, daily usage limit reached for Token Plan Hs_max (100/100 used), resets at 2026-05-18T00:00:00+08:00 (HTTP 200)"
  }
}
[2026-05-17 11:45:47] [Music] 第1771章音乐生成失败
[2026-05-17 11:45:47] [Music] 开始处理第1777章: 倒计时开始
[2026-05-17 11:45:47] [Music] 配额不足: {
  "error": {
    "code": 1,
    "message": "API error: usage limit exceeded, daily usage limit reached for Token Plan Hs_max (100/100 used), resets at 2026-05-18T00:00:00+08:00 (HTTP 200)"
  }
}
[2026-05-17 11:45:47] [Music] 第1774章音乐生成失败
[2026-05-17 11:45:47] [Music] 开始处理第1778章: 外婆的遗产
[2026-05-17 11:45:48] [Music] 第1772章歌词生成失败
[2026-05-17 11:45:48] [Music] 开始处理第1779章: 改写的方法
[2026-05-17 11:45:55] [Music] 配额不足: {
  "error": {
    "code": 1,
    "message": "API error: usage limit exceeded, daily usage limit reached for Token Plan Hs_max (100/100 used), resets at 2026-05-18T00:00:00+08:00 (HTTP 200)"
  }
}
[2026-05-17 11:45:55] [Music] 第1775章音乐生成失败
[2026-05-17 11:45:55] [Music] 开始处理第1780章: 三鬼的选择
[2026-05-17 11:46:17] [Music] 配额不足: {
  "error": {
    "code": 1,
    "message": "API error: usage limit exceeded, daily usage limit reached for Token Plan Hs_max (100/100 used), resets at 2026-05-18T00:00:00+08:00 (HTTP 200)"
  }
}
[2026-05-17 11:46:17] [Music] 第1776章音乐生成失败
[2026-05-17 11:46:17] [Music] 开始处理第1781章: 真正的勇气
[2026-05-17 11:46:18] [Music] 配额不足: {
  "error": {
    "code": 1,
    "message": "API error: usage limit exceeded, daily usage limit reached for Token Plan Hs_max (100/100 used), resets at 2026-05-18T00:00:00+08:00 (HTTP 200)"
  }
}
[2026-05-17 11:46:18] [Music] 第1779章音乐生成失败
[2026-05-17 11:46:18] [Music] 开始处理第1782章: 恐惧的燃料
[2026-05-17 11:46:18] [Music] 配额不足: {
  "error": {
    "code": 1,
    "message": "API error: usage limit exceeded, daily usage limit reached for Token Plan Hs_max (100/100 used), resets at 2026-05-18T00:00:00+08:00 (HTTP 200)"
  }
}
[2026-05-17 11:46:18] [Music] 第1777章音乐生成失败
[2026-05-17 11:46:18] [Music] 开始处理第1783章: 最后的仪式
[2026-05-17 11:46:22] [Music] 配额不足: {
  "error": {
    "code": 1,
    "message": "API error: usage limit exceeded, daily usage limit reached for Token Plan Hs_max (100/100 used), resets at 2026-05-18T00:00:00+08:00 (HTTP 200)"
  }
}
[2026-05-17 11:46:22] [Music] 第1778章音乐生成失败
[2026-05-17 11:46:22] [Music] 开始处理第1784章: 全球直播
[2026-05-17 11:46:30] [Music] 配额不足: {
  "error": {
    "code": 1,
    "message": "API error: usage limit exceeded, daily usage limit reached for Token Plan Hs_max (100/100 used), resets at 2026-05-18T00:00:00+08:00 (HTTP 200)"
  }
}
[2026-05-17 11:46:30] [Music] 第1780章音乐生成失败
[2026-05-17 11:46:30] [Music] 开始处理第1785章: 无畏宣言
[2026-05-17 11:46:40] [Music] 配额不足: {
  "error": {
    "code": 1,
    "message": "API error: usage limit exceeded, daily usage limit reached for Token Plan Hs_max (100/100 used), resets at 2026-05-18T00:00:00+08:00 (HTTP 200)"
  }
}
[2026-05-17 11:46:40] [Music] 第1783章音乐生成失败
[2026-05-17 11:46:40] [Music] 开始处理第1786章: 三鬼归一
[2026-05-17 11:46:48] [Music] 配额不足: {
  "error": {
    "code": 1,
    "message": "API error: usage limit exceeded, daily usage limit reached for Token Plan Hs_max (100/100 used), resets at 2026-05-18T00:00:00+08:00 (HTTP 200)"
  }
}
[2026-05-17 11:46:48] [Music] 第1782章音乐生成失败
[2026-05-17 11:46:50] [Music] 配额不足: {
  "error": {
    "code": 1,
    "message": "API error: usage limit exceeded, daily usage limit reached for Token Plan Hs_max (100/100 used), resets at 2026-05-18T00:00:00+08:00 (HTTP 200)"
  }
}
[2026-05-17 11:46:50] [Music] 第1784章音乐生成失败
[2026-05-17 11:47:01] [Music] 配额不足: {
  "error": {
    "code": 1,
    "message": "API error: usage limit exceeded, daily usage limit reached for Token Plan Hs_max (100/100 used), resets at 2026-05-18T00:00:00+08:00 (HTTP 200)"
  }
}
[2026-05-17 11:47:01] [Music] 第1781章音乐生成失败
[2026-05-17 11:47:04] [Music] 配额不足: {
  "error": {
    "code": 1,
    "message": "API error: usage limit exceeded, daily usage limit reached for Token Plan Hs_max (100/100 used), resets at 2026-05-18T00:00:00+08:00 (HTTP 200)"
  }
}
[2026-05-17 11:47:04] [Music] 第1785章音乐生成失败
[2026-05-17 11:47:06] [Music] 配额不足: {
  "error": {
    "code": 1,
    "message": "API error: usage limit exceeded, daily usage limit reached for Token Plan Hs_max (100/100 used), resets at 2026-05-18T00:00:00+08:00 (HTTP 200)"
  }
}
[2026-05-17 11:47:06] [Music] 第1786章音乐生成失败
[2026-05-17 11:47:06] [Music] 批次完成: 成功 0, 失败 50
[2026-05-17 11:47:06] [Music] 累计: 成功 62, 失败 1688
[2026-05-17 11:47:06] [Music] 批次间休息30秒...
[2026-05-17 11:47:36] [Music] 处理批次 36/40, 本批 50 章
[2026-05-17 11:47:36] [Music] 开始处理第1788章: 终焉的恐惧
[2026-05-17 11:47:36] [Music] 开始处理第1789章: 人类的反击
[2026-05-17 11:47:36] [Music] 开始处理第1790章: 时间的战场
[2026-05-17 11:47:36] [Music] 开始处理第1791章: 沉默的呐喊
[2026-05-17 11:48:02] [Music] 配额不足: {
  "error": {
    "code": 1,
    "message": "API error: usage limit exceeded, daily usage limit reached for Token Plan Hs_max (100/100 used), resets at 2026-05-18T00:00:00+08:00 (HTTP 200)"
  }
}
[2026-05-17 11:48:02] [Music] 第1787章音乐生成失败
[2026-05-17 11:48:02] [Music] 开始处理第1792章: 替身的羁绊
[2026-05-17 11:48:03] [Music] 配额不足: {
  "error": {
    "code": 1,
    "message": "API error: usage limit exceeded, daily usage limit reached for Token Plan Hs_max (100/100 used), resets at 2026-05-18T00:00:00+08:00 (HTTP 200)"
  }
}
[2026-05-17 11:48:03] [Music] 第1789章音乐生成失败
[2026-05-17 11:48:03] [Music] 开始处理第1793章: 规则的裂缝
[2026-05-17 11:48:06] [Music] 配额不足: {
  "error": {
    "code": 1,
    "message": "API error: usage limit exceeded, daily usage limit reached for Token Plan Hs_max (100/100 used), resets at 2026-05-18T00:00:00+08:00 (HTTP 200)"
  }
}
[2026-05-17 11:48:06] [Music] 第1791章音乐生成失败
[2026-05-17 11:48:06] [Music] 开始处理第1794章: 外婆的遗言
[2026-05-17 11:48:07] [Music] 配额不足: {
  "error": {
    "code": 1,
    "message": "API error: usage limit exceeded, daily usage limit reached for Token Plan Hs_max (100/100 used), resets at 2026-05-18T00:00:00+08:00 (HTTP 200)"
  }
}
[2026-05-17 11:48:07] [Music] 第1790章音乐生成失败
[2026-05-17 11:48:07] [Music] 开始处理第1795章: 终焉的真相
[2026-05-17 11:48:08] [Music] 配额不足: {
  "error": {
    "code": 1,
    "message": "API error: usage limit exceeded, daily usage limit reached for Token Plan Hs_max (100/100 used), resets at 2026-05-18T00:00:00+08:00 (HTTP 200)"
  }
}
[2026-05-17 11:48:08] [Music] 第1788章音乐生成失败
[2026-05-17 11:48:08] [Music] 开始处理第1796章: 所有人的执念
[2026-05-17 11:48:30] [Music] 配额不足: {
  "error": {
    "code": 1,
    "message": "API error: usage limit exceeded, daily usage limit reached for Token Plan Hs_max (100/100 used), resets at 2026-05-18T00:00:00+08:00 (HTTP 200)"
  }
}
[2026-05-17 11:48:30] [Music] 第1796章音乐生成失败
[2026-05-17 11:48:30] [Music] 开始处理第1797章: 最后的防线
[2026-05-17 11:48:31] [Music] 配额不足: {
  "error": {
    "code": 1,
    "message": "API error: usage limit exceeded, daily usage limit reached for Token Plan Hs_max (100/100 used), resets at 2026-05-18T00:00:00+08:00 (HTTP 200)"
  }
}
[2026-05-17 11:48:31] [Music] 第1794章音乐生成失败
[2026-05-17 11:48:31] [Music] 开始处理第1798章: 生与死的边界
[2026-05-17 11:48:32] [Music] 第1795章歌词生成失败
[2026-05-17 11:48:32] [Music] 开始处理第1799章: 人鬼之间
[2026-05-17 11:48:32] [Music] 配额不足: {
  "error": {
    "code": 1,
    "message": "API error: usage limit exceeded, daily usage limit reached for Token Plan Hs_max (100/100 used), resets at 2026-05-18T00:00:00+08:00 (HTTP 200)"
  }
}
[2026-05-17 11:48:32] [Music] 第1793章音乐生成失败
[2026-05-17 11:48:32] [Music] 开始处理第1800章: 复苏之夜（终章）
[2026-05-17 11:48:44] [Music] 第1792章歌词生成失败
[2026-05-17 11:48:44] [Music] 开始处理第1801章: 最后的黎明
[2026-05-17 11:48:53] [Music] 配额不足: {
  "error": {
    "code": 1,
    "message": "API error: usage limit exceeded, daily usage limit reached for Token Plan Hs_max (100/100 used), resets at 2026-05-18T00:00:00+08:00 (HTTP 200)"
  }
}
[2026-05-17 11:48:53] [Music] 第1797章音乐生成失败
[2026-05-17 11:48:53] [Music] 开始处理第1802章: 血色的集结号
[2026-05-17 11:49:01] [Music] 配额不足: {
  "error": {
    "code": 1,
    "message": "API error: usage limit exceeded, daily usage limit reached for Token Plan Hs_max (100/100 used), resets at 2026-05-18T00:00:00+08:00 (HTTP 200)"
  }
}
[2026-05-17 11:49:01] [Music] 第1800章音乐生成失败
[2026-05-17 11:49:01] [Music] 开始处理第1803章: 棋手的最后一步
[2026-05-17 11:49:07] [Music] 配额不足: {
  "error": {
    "code": 1,
    "message": "API error: usage limit exceeded, daily usage limit reached for Token Plan Hs_max (100/100 used), resets at 2026-05-18T00:00:00+08:00 (HTTP 200)"
  }
}
[2026-05-17 11:49:07] [Music] 第1798章音乐生成失败
[2026-05-17 11:49:07] [Music] 开始处理第1804章: 断弦之音
[2026-05-17 11:49:07] [Music] 配额不足: {
  "error": {
    "code": 1,
    "message": "API error: usage limit exceeded, daily usage limit reached for Token Plan Hs_max (100/100 used), resets at 2026-05-18T00:00:00+08:00 (HTTP 200)"
  }
}
[2026-05-17 11:49:07] [Music] 第1799章音乐生成失败
[2026-05-17 11:49:07] [Music] 开始处理第1805章: 萧然的邀约
[2026-05-17 11:49:17] [Music] 配额不足: {
  "error": {
    "code": 1,
    "message": "API error: usage limit exceeded, daily usage limit reached for Token Plan Hs_max (100/100 used), resets at 2026-05-18T00:00:00+08:00 (HTTP 200)"
  }
}
[2026-05-17 11:49:17] [Music] 第1802章音乐生成失败
[2026-05-17 11:49:17] [Music] 开始处理第1806章: 老陈头的觉醒
[2026-05-17 11:49:17] [Music] 配额不足: {
  "error": {
    "code": 1,
    "message": "API error: usage limit exceeded, daily usage limit reached for Token Plan Hs_max (100/100 used), resets at 2026-05-18T00:00:00+08:00 (HTTP 200)"
  }
}
[2026-05-17 11:49:17] [Music] 第1801章音乐生成失败
[2026-05-17 11:49:17] [Music] 开始处理第1807章: 鬼潮之夜
[2026-05-17 11:49:34] [Music] 配额不足: {
  "error": {
    "code": 1,
    "message": "API error: usage limit exceeded, daily usage limit reached for Token Plan Hs_max (100/100 used), resets at 2026-05-18T00:00:00+08:00 (HTTP 200)"
  }
}
[2026-05-17 11:49:34] [Music] 第1804章音乐生成失败
[2026-05-17 11:49:34] [Music] 开始处理第1808章: 棋手的邀请函
[2026-05-17 11:49:39] [Music] 配额不足: {
  "error": {
    "code": 1,
    "message": "API error: usage limit exceeded, daily usage limit reached for Token Plan Hs_max (100/100 used), resets at 2026-05-18T00:00:00+08:00 (HTTP 200)"
  }
}
[2026-05-17 11:49:39] [Music] 第1805章音乐生成失败
[2026-05-17 11:49:39] [Music] 开始处理第1809章: 黄泉路尽头
[2026-05-17 11:49:44] [Music] 配额不足: {
  "error": {
    "code": 1,
    "message": "API error: usage limit exceeded, daily usage limit reached for Token Plan Hs_max (100/100 used), resets at 2026-05-18T00:00:00+08:00 (HTTP 200)"
  }
}
[2026-05-17 11:49:44] [Music] 第1803章音乐生成失败
[2026-05-17 11:49:44] [Music] 开始处理第1810章: 两个真相
[2026-05-17 11:49:45] [Music] 配额不足: {
  "error": {
    "code": 1,
    "message": "API error: usage limit exceeded, daily usage limit reached for Token Plan Hs_max (100/100 used), resets at 2026-05-18T00:00:00+08:00 (HTTP 200)"
  }
}
[2026-05-17 11:49:45] [Music] 第1807章音乐生成失败
[2026-05-17 11:49:45] [Music] 开始处理第1811章: 钟无艳的抉择
[2026-05-17 11:49:47] [Music] 配额不足: {
  "error": {
    "code": 1,
    "message": "API error: usage limit exceeded, daily usage limit reached for Token Plan Hs_max (100/100 used), resets at 2026-05-18T00:00:00+08:00 (HTTP 200)"
  }
}
[2026-05-17 11:49:47] [Music] 第1806章音乐生成失败
[2026-05-17 11:49:47] [Music] 开始处理第1812章: 钟无艳的执念
[2026-05-17 11:49:56] [Music] 配额不足: {
  "error": {
    "code": 1,
    "message": "API error: usage limit exceeded, daily usage limit reached for Token Plan Hs_max (100/100 used), resets at 2026-05-18T00:00:00+08:00 (HTTP 200)"
  }
}
[2026-05-17 11:49:56] [Music] 第1808章音乐生成失败
[2026-05-17 11:49:56] [Music] 开始处理第1813章: 终焉的召唤
[2026-05-17 11:50:06] [Music] 配额不足: {
  "error": {
    "code": 1,
    "message": "API error: usage limit exceeded, daily usage limit reached for Token Plan Hs_max (100/100 used), resets at 2026-05-18T00:00:00+08:00 (HTTP 200)"
  }
}
[2026-05-17 11:50:06] [Music] 第1810章音乐生成失败
[2026-05-17 11:50:06] [Music] 开始处理第1814章: 最后的集结
[2026-05-17 11:50:07] [Music] 配额不足: {
  "error": {
    "code": 1,
    "message": "API error: usage limit exceeded, daily usage limit reached for Token Plan Hs_max (100/100 used), resets at 2026-05-18T00:00:00+08:00 (HTTP 200)"
  }
}
[2026-05-17 11:50:07] [Music] 第1809章音乐生成失败
[2026-05-17 11:50:07] [Music] 开始处理第1815章: 第一道裂缝
[2026-05-17 11:50:21] [Music] 配额不足: {
  "error": {
    "code": 1,
    "message": "API error: usage limit exceeded, daily usage limit reached for Token Plan Hs_max (100/100 used), resets at 2026-05-18T00:00:00+08:00 (HTTP 200)"
  }
}
[2026-05-17 11:50:21] [Music] 第1812章音乐生成失败
[2026-05-17 11:50:21] [Music] 开始处理第1816章: 白夜的牺牲
[2026-05-17 11:50:25] [Music] 配额不足: {
  "error": {
    "code": 1,
    "message": "API error: usage limit exceeded, daily usage limit reached for Token Plan Hs_max (100/100 used), resets at 2026-05-18T00:00:00+08:00 (HTTP 200)"
  }
}
[2026-05-17 11:50:25] [Music] 第1811章音乐生成失败
[2026-05-17 11:50:25] [Music] 开始处理第1817章: 萧然的最后一战
[2026-05-17 11:50:29] [Music] 配额不足: {
  "error": {
    "code": 1,
    "message": "API error: usage limit exceeded, daily usage limit reached for Token Plan Hs_max (100/100 used), resets at 2026-05-18T00:00:00+08:00 (HTTP 200)"
  }
}
[2026-05-17 11:50:29] [Music] 第1813章音乐生成失败
[2026-05-17 11:50:29] [Music] 开始处理第1818章: 外婆的遗音
[2026-05-17 11:50:32] [Music] 配额不足: {
  "error": {
    "code": 1,
    "message": "API error: usage limit exceeded, daily usage limit reached for Token Plan Hs_max (100/100 used), resets at 2026-05-18T00:00:00+08:00 (HTTP 200)"
  }
}
[2026-05-17 11:50:32] [Music] 第1814章音乐生成失败
[2026-05-17 11:50:32] [Music] 开始处理第1819章: 棋手的真相
[2026-05-17 11:50:35] [Music] 配额不足: {
  "error": {
    "code": 1,
    "message": "API error: usage limit exceeded, daily usage limit reached for Token Plan Hs_max (100/100 used), resets at 2026-05-18T00:00:00+08:00 (HTTP 200)"
  }
}
[2026-05-17 11:50:35] [Music] 第1815章音乐生成失败
[2026-05-17 11:50:35] [Music] 开始处理第1820章: 顾清雨的抉择
[2026-05-17 11:50:53] [Music] 配额不足: {
  "error": {
    "code": 1,
    "message": "API error: usage limit exceeded, daily usage limit reached for Token Plan Hs_max (100/100 used), resets at 2026-05-18T00:00:00+08:00 (HTTP 200)"
  }
}
[2026-05-17 11:50:53] [Music] 第1818章音乐生成失败
[2026-05-17 11:50:53] [Music] 开始处理第1821章: 林婉儿的任务
[2026-05-17 11:50:54] [Music] 配额不足: {
  "error": {
    "code": 1,
    "message": "API error: usage limit exceeded, daily usage limit reached for Token Plan Hs_max (100/100 used), resets at 2026-05-18T00:00:00+08:00 (HTTP 200)"
  }
}
[2026-05-17 11:50:54] [Music] 第1817章音乐生成失败
[2026-05-17 11:50:54] [Music] 开始处理第1822章: 终焉与棋手的交易
[2026-05-17 11:50:56] [Music] 配额不足: {
  "error": {
    "code": 1,
    "message": "API error: usage limit exceeded, daily usage limit reached for Token Plan Hs_max (100/100 used), resets at 2026-05-18T00:00:00+08:00 (HTTP 200)"
  }
}
[2026-05-17 11:50:56] [Music] 第1819章音乐生成失败
[2026-05-17 11:50:56] [Music] 开始处理第1823章: 老陈头的最后一搏
[2026-05-17 11:50:58] [Music] 配额不足: {
  "error": {
    "code": 1,
    "message": "API error: usage limit exceeded, daily usage limit reached for Token Plan Hs_max (100/100 used), resets at 2026-05-18T00:00:00+08:00 (HTTP 200)"
  }
}
[2026-05-17 11:50:58] [Music] 第1816章音乐生成失败
[2026-05-17 11:50:58] [Music] 开始处理第1824章: 钟无艳的觉醒
[2026-05-17 11:51:03] [Music] 配额不足: {
  "error": {
    "code": 1,
    "message": "API error: usage limit exceeded, daily usage limit reached for Token Plan Hs_max (100/100 used), resets at 2026-05-18T00:00:00+08:00 (HTTP 200)"
  }
}
[2026-05-17 11:51:03] [Music] 第1820章音乐生成失败
[2026-05-17 11:51:03] [Music] 开始处理第1825章: 最后的准备
[2026-05-17 11:51:17] [Music] 配额不足: {
  "error": {
    "code": 1,
    "message": "API error: usage limit exceeded, daily usage limit reached for Token Plan Hs_max (100/100 used), resets at 2026-05-18T00:00:00+08:00 (HTTP 200)"
  }
}
[2026-05-17 11:51:17] [Music] 第1821章音乐生成失败
[2026-05-17 11:51:17] [Music] 开始处理第1826章: 鬼门之内
[2026-05-17 11:51:24] [Music] 配额不足: {
  "error": {
    "code": 1,
    "message": "API error: usage limit exceeded, daily usage limit reached for Token Plan Hs_max (100/100 used), resets at 2026-05-18T00:00:00+08:00 (HTTP 200)"
  }
}
[2026-05-17 11:51:24] [Music] 第1822章音乐生成失败
[2026-05-17 11:51:24] [Music] 开始处理第1827章: 镜面迷宫
[2026-05-17 11:51:25] [Music] 配额不足: {
  "error": {
    "code": 1,
    "message": "API error: usage limit exceeded, daily usage limit reached for Token Plan Hs_max (100/100 used), resets at 2026-05-18T00:00:00+08:00 (HTTP 200)"
  }
}
[2026-05-17 11:51:25] [Music] 第1824章音乐生成失败
[2026-05-17 11:51:25] [Music] 开始处理第1828章: 镜中故人
[2026-05-17 11:51:28] [Music] 配额不足: {
  "error": {
    "code": 1,
    "message": "API error: usage limit exceeded, daily usage limit reached for Token Plan Hs_max (100/100 used), resets at 2026-05-18T00:00:00+08:00 (HTTP 200)"
  }
}
[2026-05-17 11:51:28] [Music] 第1823章音乐生成失败
[2026-05-17 11:51:28] [Music] 开始处理第1829章: 棋手的真面目
[2026-05-17 11:51:33] [Music] 配额不足: {
  "error": {
    "code": 1,
    "message": "API error: usage limit exceeded, daily usage limit reached for Token Plan Hs_max (100/100 used), resets at 2026-05-18T00:00:00+08:00 (HTTP 200)"
  }
}
[2026-05-17 11:51:33] [Music] 第1825章音乐生成失败
[2026-05-17 11:51:33] [Music] 开始处理第1830章: 碎语陷阱
[2026-05-17 11:51:40] [Music] 配额不足: {
  "error": {
    "code": 1,
    "message": "API error: usage limit exceeded, daily usage limit reached for Token Plan Hs_max (100/100 used), resets at 2026-05-18T00:00:00+08:00 (HTTP 200)"
  }
}
[2026-05-17 11:51:40] [Music] 第1826章音乐生成失败
[2026-05-17 11:51:40] [Music] 开始处理第1831章: 三个问题
[2026-05-17 11:51:48] [Music] 配额不足: {
  "error": {
    "code": 1,
    "message": "API error: usage limit exceeded, daily usage limit reached for Token Plan Hs_max (100/100 used), resets at 2026-05-18T00:00:00+08:00 (HTTP 200)"
  }
}
[2026-05-17 11:51:48] [Music] 第1828章音乐生成失败
[2026-05-17 11:51:48] [Music] 开始处理第1832章: 背叛的代价
[2026-05-17 11:51:59] [Music] 配额不足: {
  "error": {
    "code": 1,
    "message": "API error: usage limit exceeded, daily usage limit reached for Token Plan Hs_max (100/100 used), resets at 2026-05-18T00:00:00+08:00 (HTTP 200)"
  }
}
[2026-05-17 11:51:59] [Music] 第1827章音乐生成失败
[2026-05-17 11:51:59] [Music] 开始处理第1833章: 沉默者的真相
[2026-05-17 11:52:09] [Music] 配额不足: {
  "error": {
    "code": 1,
    "message": "API error: usage limit exceeded, daily usage limit reached for Token Plan Hs_max (100/100 used), resets at 2026-05-18T00:00:00+08:00 (HTTP 200)"
  }
}
[2026-05-17 11:52:09] [Music] 第1831章音乐生成失败
[2026-05-17 11:52:09] [Music] 开始处理第1834章: 沉默领域的极限
[2026-05-17 11:52:12] [Music] 配额不足: {
  "error": {
    "code": 1,
    "message": "API error: usage limit exceeded, daily usage limit reached for Token Plan Hs_max (100/100 used), resets at 2026-05-18T00:00:00+08:00 (HTTP 200)"
  }
}
[2026-05-17 11:52:12] [Music] 第1829章音乐生成失败
[2026-05-17 11:52:12] [Music] 开始处理第1835章: 倒带的代价
[2026-05-17 11:52:12] [Music] 第1830章歌词生成失败
[2026-05-17 11:52:12] [Music] 开始处理第1836章: 终焉降临
[2026-05-17 11:52:23] [Music] 配额不足: {
  "error": {
    "code": 1,
    "message": "API error: usage limit exceeded, daily usage limit reached for Token Plan Hs_max (100/100 used), resets at 2026-05-18T00:00:00+08:00 (HTTP 200)"
  }
}
[2026-05-17 11:52:23] [Music] 第1833章音乐生成失败
[2026-05-17 11:52:25] [Music] 配额不足: {
  "error": {
    "code": 1,
    "message": "API error: usage limit exceeded, daily usage limit reached for Token Plan Hs_max (100/100 used), resets at 2026-05-18T00:00:00+08:00 (HTTP 200)"
  }
}
[2026-05-17 11:52:25] [Music] 第1832章音乐生成失败
[2026-05-17 11:52:37] [Music] 配额不足: {
  "error": {
    "code": 1,
    "message": "API error: usage limit exceeded, daily usage limit reached for Token Plan Hs_max (100/100 used), resets at 2026-05-18T00:00:00+08:00 (HTTP 200)"
  }
}
[2026-05-17 11:52:37] [Music] 第1835章音乐生成失败
[2026-05-17 11:52:39] [Music] 第1836章歌词生成失败
[2026-05-17 11:52:40] [Music] 配额不足: {
  "error": {
    "code": 1,
    "message": "API error: usage limit exceeded, daily usage limit reached for Token Plan Hs_max (100/100 used), resets at 2026-05-18T00:00:00+08:00 (HTTP 200)"
  }
}
[2026-05-17 11:52:40] [Music] 第1834章音乐生成失败
[2026-05-17 11:52:40] [Music] 批次完成: 成功 0, 失败 50
[2026-05-17 11:52:40] [Music] 累计: 成功 62, 失败 1738
[2026-05-17 11:52:40] [Music] 批次间休息30秒...
[2026-05-17 11:53:10] [Music] 处理批次 37/40, 本批 50 章
[2026-05-17 11:53:10] [Music] 开始处理第1837章: 鬼门崩塌
[2026-05-17 11:53:10] [Music] 开始处理第1838章: 萧然的牺牲
[2026-05-17 11:53:10] [Music] 开始处理第1839章: 返回现实
[2026-05-17 11:53:10] [Music] 开始处理第1841章: 黄泉路的尽头
[2026-05-17 11:53:10] [Music] 开始处理第1840章: 终焉的真面目
[2026-05-17 11:53:34] [Music] 配额不足: {
  "error": {
    "code": 1,
    "message": "API error: usage limit exceeded, daily usage limit reached for Token Plan Hs_max (100/100 used), resets at 2026-05-18T00:00:00+08:00 (HTTP 200)"
  }
}
[2026-05-17 11:53:34] [Music] 第1841章音乐生成失败
[2026-05-17 11:53:34] [Music] 开始处理第1842章: 影子的话
[2026-05-17 11:53:34] [Music] 配额不足: {
  "error": {
    "code": 1,
    "message": "API error: usage limit exceeded, daily usage limit reached for Token Plan Hs_max (100/100 used), resets at 2026-05-18T00:00:00+08:00 (HTTP 200)"
  }
}
[2026-05-17 11:53:34] [Music] 第1837章音乐生成失败
[2026-05-17 11:53:34] [Music] 开始处理第1843章: 摆渡人
[2026-05-17 11:53:34] [Music] 配额不足: {
  "error": {
    "code": 1,
    "message": "API error: usage limit exceeded, daily usage limit reached for Token Plan Hs_max (100/100 used), resets at 2026-05-18T00:00:00+08:00 (HTTP 200)"
  }
}
[2026-05-17 11:53:34] [Music] 第1839章音乐生成失败
[2026-05-17 11:53:34] [Music] 开始处理第1844章: 代价
[2026-05-17 11:53:39] [Music] 配额不足: {
  "error": {
    "code": 1,
    "message": "API error: usage limit exceeded, daily usage limit reached for Token Plan Hs_max (100/100 used), resets at 2026-05-18T00:00:00+08:00 (HTTP 200)"
  }
}
[2026-05-17 11:53:39] [Music] 第1838章音乐生成失败
[2026-05-17 11:53:39] [Music] 开始处理第1845章: 鬼门关前
[2026-05-17 11:53:42] [Music] 配额不足: {
  "error": {
    "code": 1,
    "message": "API error: usage limit exceeded, daily usage limit reached for Token Plan Hs_max (100/100 used), resets at 2026-05-18T00:00:00+08:00 (HTTP 200)"
  }
}
[2026-05-17 11:53:42] [Music] 第1840章音乐生成失败
[2026-05-17 11:53:42] [Music] 开始处理第1846章: 门上的名字
[2026-05-17 11:53:57] [Music] 配额不足: {
  "error": {
    "code": 1,
    "message": "API error: usage limit exceeded, daily usage limit reached for Token Plan Hs_max (100/100 used), resets at 2026-05-18T00:00:00+08:00 (HTTP 200)"
  }
}
[2026-05-17 11:53:57] [Music] 第1842章音乐生成失败
[2026-05-17 11:53:57] [Music] 开始处理第1847章: 外婆的真相
[2026-05-17 11:53:58] [Music] 配额不足: {
  "error": {
    "code": 1,
    "message": "API error: usage limit exceeded, daily usage limit reached for Token Plan Hs_max (100/100 used), resets at 2026-05-18T00:00:00+08:00 (HTTP 200)"
  }
}
[2026-05-17 11:53:58] [Music] 第1843章音乐生成失败
[2026-05-17 11:53:58] [Music] 开始处理第1848章: 门开了
[2026-05-17 11:54:02] [Music] 配额不足: {
  "error": {
    "code": 1,
    "message": "API error: usage limit exceeded, daily usage limit reached for Token Plan Hs_max (100/100 used), resets at 2026-05-18T00:00:00+08:00 (HTTP 200)"
  }
}
[2026-05-17 11:54:02] [Music] 第1844章音乐生成失败
[2026-05-17 11:54:02] [Music] 开始处理第1849章: 起源
[2026-05-17 11:54:12] [Music] 配额不足: {
  "error": {
    "code": 1,
    "message": "API error: usage limit exceeded, daily usage limit reached for Token Plan Hs_max (100/100 used), resets at 2026-05-18T00:00:00+08:00 (HTTP 200)"
  }
}
[2026-05-17 11:54:12] [Music] 第1845章音乐生成失败
[2026-05-17 11:54:12] [Music] 开始处理第1850章: 棋手的影子
[2026-05-17 11:54:31] [Music] 配额不足: {
  "error": {
    "code": 1,
    "message": "API error: usage limit exceeded, daily usage limit reached for Token Plan Hs_max (100/100 used), resets at 2026-05-18T00:00:00+08:00 (HTTP 200)"
  }
}
[2026-05-17 11:54:31] [Music] 第1846章音乐生成失败
[2026-05-17 11:54:31] [Music] 开始处理第1851章: 终焉之子
[2026-05-17 11:54:32] [Music] 配额不足: {
  "error": {
    "code": 1,
    "message": "API error: usage limit exceeded, daily usage limit reached for Token Plan Hs_max (100/100 used), resets at 2026-05-18T00:00:00+08:00 (HTTP 200)"
  }
}
[2026-05-17 11:54:32] [Music] 第1847章音乐生成失败
[2026-05-17 11:54:32] [Music] 开始处理第1852章: 逃亡
[2026-05-17 11:54:37] [Music] 配额不足: {
  "error": {
    "code": 1,
    "message": "API error: usage limit exceeded, daily usage limit reached for Token Plan Hs_max (100/100 used), resets at 2026-05-18T00:00:00+08:00 (HTTP 200)"
  }
}
[2026-05-17 11:54:37] [Music] 第1850章音乐生成失败
[2026-05-17 11:54:37] [Music] 开始处理第1853章: 回归
[2026-05-17 11:54:37] [Music] 第1848章歌词生成失败
[2026-05-17 11:54:37] [Music] 开始处理第1854章: 最后一眼
[2026-05-17 11:54:38] [Music] 配额不足: {
  "error": {
    "code": 1,
    "message": "API error: usage limit exceeded, daily usage limit reached for Token Plan Hs_max (100/100 used), resets at 2026-05-18T00:00:00+08:00 (HTTP 200)"
  }
}
[2026-05-17 11:54:38] [Music] 第1849章音乐生成失败
[2026-05-17 11:54:38] [Music] 开始处理第1855章: 血雾之城
[2026-05-17 11:54:54] [Music] 配额不足: {
  "error": {
    "code": 1,
    "message": "API error: usage limit exceeded, daily usage limit reached for Token Plan Hs_max (100/100 used), resets at 2026-05-18T00:00:00+08:00 (HTTP 200)"
  }
}
[2026-05-17 11:54:54] [Music] 第1851章音乐生成失败
[2026-05-17 11:54:54] [Music] 开始处理第1856章: 群鬼的臣服
[2026-05-17 11:55:00] [Music] 配额不足: {
  "error": {
    "code": 1,
    "message": "API error: usage limit exceeded, daily usage limit reached for Token Plan Hs_max (100/100 used), resets at 2026-05-18T00:00:00+08:00 (HTTP 200)"
  }
}
[2026-05-17 11:55:00] [Music] 第1853章音乐生成失败
[2026-05-17 11:55:00] [Music] 开始处理第1857章: 复苏会的邀请
[2026-05-17 11:55:02] [Music] 配额不足: {
  "error": {
    "code": 1,
    "message": "API error: usage limit exceeded, daily usage limit reached for Token Plan Hs_max (100/100 used), resets at 2026-05-18T00:00:00+08:00 (HTTP 200)"
  }
}
[2026-05-17 11:55:02] [Music] 第1855章音乐生成失败
[2026-05-17 11:55:02] [Music] 开始处理第1858章: 撕裂
[2026-05-17 11:55:05] [Music] 配额不足: {
  "error": {
    "code": 1,
    "message": "API error: usage limit exceeded, daily usage limit reached for Token Plan Hs_max (100/100 used), resets at 2026-05-18T00:00:00+08:00 (HTTP 200)"
  }
}
[2026-05-17 11:55:05] [Music] 第1852章音乐生成失败
[2026-05-17 11:55:05] [Music] 开始处理第1859章: 老陈头的觉醒
[2026-05-17 11:55:06] [Music] 配额不足: {
  "error": {
    "code": 1,
    "message": "API error: usage limit exceeded, daily usage limit reached for Token Plan Hs_max (100/100 used), resets at 2026-05-18T00:00:00+08:00 (HTTP 200)"
  }
}
[2026-05-17 11:55:06] [Music] 第1854章音乐生成失败
[2026-05-17 11:55:06] [Music] 开始处理第1860章: 新的征程
[2026-05-17 11:55:14] [Music] 配额不足: {
  "error": {
    "code": 1,
    "message": "API error: usage limit exceeded, daily usage limit reached for Token Plan Hs_max (100/100 used), resets at 2026-05-18T00:00:00+08:00 (HTTP 200)"
  }
}
[2026-05-17 11:55:14] [Music] 第1856章音乐生成失败
[2026-05-17 11:55:14] [Music] 开始处理第1861章: 终焉的前兆
[2026-05-17 11:55:25] [Music] 配额不足: {
  "error": {
    "code": 1,
    "message": "API error: usage limit exceeded, daily usage limit reached for Token Plan Hs_max (100/100 used), resets at 2026-05-18T00:00:00+08:00 (HTTP 200)"
  }
}
[2026-05-17 11:55:25] [Music] 第1858章音乐生成失败
[2026-05-17 11:55:25] [Music] 开始处理第1862章: 黑暗中的低语
[2026-05-17 11:55:25] [Music] 配额不足: {
  "error": {
    "code": 1,
    "message": "API error: usage limit exceeded, daily usage limit reached for Token Plan Hs_max (100/100 used), resets at 2026-05-18T00:00:00+08:00 (HTTP 200)"
  }
}
[2026-05-17 11:55:25] [Music] 第1859章音乐生成失败
[2026-05-17 11:55:25] [Music] 开始处理第1863章: 棋手的棋盘
[2026-05-17 11:55:26] [Music] 配额不足: {
  "error": {
    "code": 1,
    "message": "API error: usage limit exceeded, daily usage limit reached for Token Plan Hs_max (100/100 used), resets at 2026-05-18T00:00:00+08:00 (HTTP 200)"
  }
}
[2026-05-17 11:55:26] [Music] 第1860章音乐生成失败
[2026-05-17 11:55:26] [Music] 开始处理第1864章: 记忆的回溯
[2026-05-17 11:55:34] [Music] 配额不足: {
  "error": {
    "code": 1,
    "message": "API error: usage limit exceeded, daily usage limit reached for Token Plan Hs_max (100/100 used), resets at 2026-05-18T00:00:00+08:00 (HTTP 200)"
  }
}
[2026-05-17 11:55:34] [Music] 第1857章音乐生成失败
[2026-05-17 11:55:34] [Music] 开始处理第1865章: 归途
[2026-05-17 11:55:37] [Music] 配额不足: {
  "error": {
    "code": 1,
    "message": "API error: usage limit exceeded, daily usage limit reached for Token Plan Hs_max (100/100 used), resets at 2026-05-18T00:00:00+08:00 (HTTP 200)"
  }
}
[2026-05-17 11:55:37] [Music] 第1861章音乐生成失败
[2026-05-17 11:55:37] [Music] 开始处理第1866章: 最后的宁静
[2026-05-17 11:55:53] [Music] 配额不足: {
  "error": {
    "code": 1,
    "message": "API error: usage limit exceeded, daily usage limit reached for Token Plan Hs_max (100/100 used), resets at 2026-05-18T00:00:00+08:00 (HTTP 200)"
  }
}
[2026-05-17 11:55:53] [Music] 第1862章音乐生成失败
[2026-05-17 11:55:53] [Music] 开始处理第1867章: 残缺的拼图
[2026-05-17 11:55:59] [Music] 配额不足: {
  "error": {
    "code": 1,
    "message": "API error: usage limit exceeded, daily usage limit reached for Token Plan Hs_max (100/100 used), resets at 2026-05-18T00:00:00+08:00 (HTTP 200)"
  }
}
[2026-05-17 11:55:59] [Music] 第1864章音乐生成失败
[2026-05-17 11:55:59] [Music] 开始处理第1868章: 融合
[2026-05-17 11:56:04] [Music] 配额不足: {
  "error": {
    "code": 1,
    "message": "API error: usage limit exceeded, daily usage limit reached for Token Plan Hs_max (100/100 used), resets at 2026-05-18T00:00:00+08:00 (HTTP 200)"
  }
}
[2026-05-17 11:56:04] [Music] 第1865章音乐生成失败
[2026-05-17 11:56:04] [Music] 开始处理第1869章: 老陈头的觉醒
[2026-05-17 11:56:10] [Music] 配额不足: {
  "error": {
    "code": 1,
    "message": "API error: usage limit exceeded, daily usage limit reached for Token Plan Hs_max (100/100 used), resets at 2026-05-18T00:00:00+08:00 (HTTP 200)"
  }
}
[2026-05-17 11:56:10] [Music] 第1866章音乐生成失败
[2026-05-17 11:56:10] [Music] 开始处理第1870章: 备战
[2026-05-17 11:56:17] [Music] 配额不足: {
  "error": {
    "code": 1,
    "message": "API error: usage limit exceeded, daily usage limit reached for Token Plan Hs_max (100/100 used), resets at 2026-05-18T00:00:00+08:00 (HTTP 200)"
  }
}
[2026-05-17 11:56:17] [Music] 第1867章音乐生成失败
[2026-05-17 11:56:17] [Music] 开始处理第1871章: 暴风雨前的宁静
[2026-05-17 11:56:25] [Music] 配额不足: {
  "error": {
    "code": 1,
    "message": "API error: usage limit exceeded, daily usage limit reached for Token Plan Hs_max (100/100 used), resets at 2026-05-18T00:00:00+08:00 (HTTP 200)"
  }
}
[2026-05-17 11:56:25] [Music] 第1868章音乐生成失败
[2026-05-17 11:56:25] [Music] 开始处理第1872章: 萧然的觉悟
[2026-05-17 11:56:29] [Music] 配额不足: {
  "error": {
    "code": 1,
    "message": "API error: usage limit exceeded, daily usage limit reached for Token Plan Hs_max (100/100 used), resets at 2026-05-18T00:00:00+08:00 (HTTP 200)"
  }
}
[2026-05-17 11:56:29] [Music] 第1869章音乐生成失败
[2026-05-17 11:56:29] [Music] 开始处理第1873章: 钟无艳的质问
[2026-05-17 11:56:40] [Music] 配额不足: {
  "error": {
    "code": 1,
    "message": "API error: usage limit exceeded, daily usage limit reached for Token Plan Hs_max (100/100 used), resets at 2026-05-18T00:00:00+08:00 (HTTP 200)"
  }
}
[2026-05-17 11:56:40] [Music] 第1870章音乐生成失败
[2026-05-17 11:56:40] [Music] 开始处理第1874章: 终焉降临
[2026-05-17 11:56:46] [Music] 配额不足: {
  "error": {
    "code": 1,
    "message": "API error: usage limit exceeded, daily usage limit reached for Token Plan Hs_max (100/100 used), resets at 2026-05-18T00:00:00+08:00 (HTTP 200)"
  }
}
[2026-05-17 11:56:46] [Music] 第1872章音乐生成失败
[2026-05-17 11:56:46] [Music] 开始处理第1875章: 第一道防线
[2026-05-17 11:56:52] [Music] 配额不足: {
  "error": {
    "code": 1,
    "message": "API error: usage limit exceeded, daily usage limit reached for Token Plan Hs_max (100/100 used), resets at 2026-05-18T00:00:00+08:00 (HTTP 200)"
  }
}
[2026-05-17 11:56:52] [Music] 第1873章音乐生成失败
[2026-05-17 11:56:52] [Music] 开始处理第1876章: 黑暗中的呼唤
[2026-05-17 11:56:53] [Music] 配额不足: {
  "error": {
    "code": 1,
    "message": "API error: usage limit exceeded, daily usage limit reached for Token Plan Hs_max (100/100 used), resets at 2026-05-18T00:00:00+08:00 (HTTP 200)"
  }
}
[2026-05-17 11:56:53] [Music] 第1871章音乐生成失败
[2026-05-17 11:56:53] [Music] 开始处理第1877章: 无声的告别
[2026-05-17 11:57:05] [Music] 配额不足: {
  "error": {
    "code": 1,
    "message": "API error: usage limit exceeded, daily usage limit reached for Token Plan Hs_max (100/100 used), resets at 2026-05-18T00:00:00+08:00 (HTTP 200)"
  }
}
[2026-05-17 11:57:05] [Music] 第1874章音乐生成失败
[2026-05-17 11:57:05] [Music] 开始处理第1878章: 沉默者的遗言
[2026-05-17 11:57:09] [Music] 配额不足: {
  "error": {
    "code": 1,
    "message": "API error: usage limit exceeded, daily usage limit reached for Token Plan Hs_max (100/100 used), resets at 2026-05-18T00:00:00+08:00 (HTTP 200)"
  }
}
[2026-05-17 11:57:09] [Music] 第1875章音乐生成失败
[2026-05-17 11:57:09] [Music] 开始处理第1879章: 成为桥梁
[2026-05-17 11:57:15] [Music] 配额不足: {
  "error": {
    "code": 1,
    "message": "API error: usage limit exceeded, daily usage limit reached for Token Plan Hs_max (100/100 used), resets at 2026-05-18T00:00:00+08:00 (HTTP 200)"
  }
}
[2026-05-17 11:57:15] [Music] 第1863章音乐生成失败
[2026-05-17 11:57:15] [Music] 开始处理第1880章: 黑暗中的黎明
[2026-05-17 11:57:19] [Music] 配额不足: {
  "error": {
    "code": 1,
    "message": "API error: usage limit exceeded, daily usage limit reached for Token Plan Hs_max (100/100 used), resets at 2026-05-18T00:00:00+08:00 (HTTP 200)"
  }
}
[2026-05-17 11:57:19] [Music] 第1877章音乐生成失败
[2026-05-17 11:57:19] [Music] 开始处理第1881章: 终焉降临
[2026-05-17 11:57:19] [Music] 配额不足: {
  "error": {
    "code": 1,
    "message": "API error: usage limit exceeded, daily usage limit reached for Token Plan Hs_max (100/100 used), resets at 2026-05-18T00:00:00+08:00 (HTTP 200)"
  }
}
[2026-05-17 11:57:19] [Music] 第1876章音乐生成失败
[2026-05-17 11:57:19] [Music] 开始处理第1882章: 倒计时开始
[2026-05-17 11:57:30] [Music] 配额不足: {
  "error": {
    "code": 1,
    "message": "API error: usage limit exceeded, daily usage limit reached for Token Plan Hs_max (100/100 used), resets at 2026-05-18T00:00:00+08:00 (HTTP 200)"
  }
}
[2026-05-17 11:57:30] [Music] 第1879章音乐生成失败
[2026-05-17 11:57:30] [Music] 开始处理第1883章: 彼岸的邀请
[2026-05-17 11:57:31] [Music] 配额不足: {
  "error": {
    "code": 1,
    "message": "API error: usage limit exceeded, daily usage limit reached for Token Plan Hs_max (100/100 used), resets at 2026-05-18T00:00:00+08:00 (HTTP 200)"
  }
}
[2026-05-17 11:57:31] [Music] 第1878章音乐生成失败
[2026-05-17 11:57:31] [Music] 开始处理第1884章: 老陈头的觉醒
[2026-05-17 11:57:42] [Music] 配额不足: {
  "error": {
    "code": 1,
    "message": "API error: usage limit exceeded, daily usage limit reached for Token Plan Hs_max (100/100 used), resets at 2026-05-18T00:00:00+08:00 (HTTP 200)"
  }
}
[2026-05-17 11:57:42] [Music] 第1880章音乐生成失败
[2026-05-17 11:57:42] [Music] 开始处理第1885章: 分魂术的准备
[2026-05-17 11:57:42] [Music] 配额不足: {
  "error": {
    "code": 1,
    "message": "API error: usage limit exceeded, daily usage limit reached for Token Plan Hs_max (100/100 used), resets at 2026-05-18T00:00:00+08:00 (HTTP 200)"
  }
}
[2026-05-17 11:57:42] [Music] 第1881章音乐生成失败
[2026-05-17 11:57:42] [Music] 开始处理第1886章: 林婉儿的发现
[2026-05-17 11:57:44] [Music] 配额不足: {
  "error": {
    "code": 1,
    "message": "API error: usage limit exceeded, daily usage limit reached for Token Plan Hs_max (100/100 used), resets at 2026-05-18T00:00:00+08:00 (HTTP 200)"
  }
}
[2026-05-17 11:57:44] [Music] 第1882章音乐生成失败
[2026-05-17 11:57:56] [Music] 配额不足: {
  "error": {
    "code": 1,
    "message": "API error: usage limit exceeded, daily usage limit reached for Token Plan Hs_max (100/100 used), resets at 2026-05-18T00:00:00+08:00 (HTTP 200)"
  }
}
[2026-05-17 11:57:56] [Music] 第1884章音乐生成失败
[2026-05-17 11:57:57] [Music] 配额不足: {
  "error": {
    "code": 1,
    "message": "API error: usage limit exceeded, daily usage limit reached for Token Plan Hs_max (100/100 used), resets at 2026-05-18T00:00:00+08:00 (HTTP 200)"
  }
}
[2026-05-17 11:57:57] [Music] 第1883章音乐生成失败
[2026-05-17 11:58:07] [Music] 配额不足: {
  "error": {
    "code": 1,
    "message": "API error: usage limit exceeded, daily usage limit reached for Token Plan Hs_max (100/100 used), resets at 2026-05-18T00:00:00+08:00 (HTTP 200)"
  }
}
[2026-05-17 11:58:07] [Music] 第1885章音乐生成失败
[2026-05-17 11:58:16] [Music] 配额不足: {
  "error": {
    "code": 1,
    "message": "API error: usage limit exceeded, daily usage limit reached for Token Plan Hs_max (100/100 used), resets at 2026-05-18T00:00:00+08:00 (HTTP 200)"
  }
}
[2026-05-17 11:58:16] [Music] 第1886章音乐生成失败
[2026-05-17 11:58:16] [Music] 批次完成: 成功 0, 失败 50
[2026-05-17 11:58:16] [Music] 累计: 成功 62, 失败 1788
[2026-05-17 11:58:16] [Music] 批次间休息30秒...
[2026-05-17 11:58:46] [Music] 处理批次 38/40, 本批 50 章
[2026-05-17 11:58:46] [Music] 开始处理第1887章: 棋手的真相
[2026-05-17 11:58:46] [Music] 开始处理第1888章: 母亲的遗书
[2026-05-17 11:58:46] [Music] 开始处理第1889章: 终焉的第一次攻击
[2026-05-17 11:58:46] [Music] 开始处理第1890章: 沉默者的牺牲
[2026-05-17 11:58:46] [Music] 开始处理第1891章: 最后的集结
[2026-05-17 11:59:09] [Music] 配额不足: {
  "error": {
    "code": 1,
    "message": "API error: usage limit exceeded, daily usage limit reached for Token Plan Hs_max (100/100 used), resets at 2026-05-18T00:00:00+08:00 (HTTP 200)"
  }
}
[2026-05-17 11:59:09] [Music] 第1891章音乐生成失败
[2026-05-17 11:59:09] [Music] 开始处理第1892章: 替身的补全
[2026-05-17 11:59:09] [Music] 配额不足: {
  "error": {
    "code": 1,
    "message": "API error: usage limit exceeded, daily usage limit reached for Token Plan Hs_max (100/100 used), resets at 2026-05-18T00:00:00+08:00 (HTTP 200)"
  }
}
[2026-05-17 11:59:09] [Music] 第1889章音乐生成失败
[2026-05-17 11:59:09] [Music] 开始处理第1893章: 倒带的真相
[2026-05-17 11:59:11] [Music] 配额不足: {
  "error": {
    "code": 1,
    "message": "API error: usage limit exceeded, daily usage limit reached for Token Plan Hs_max (100/100 used), resets at 2026-05-18T00:00:00+08:00 (HTTP 200)"
  }
}
[2026-05-17 11:59:11] [Music] 第1887章音乐生成失败
[2026-05-17 11:59:11] [Music] 开始处理第1894章: 决战前夕
[2026-05-17 11:59:17] [Music] 配额不足: {
  "error": {
    "code": 1,
    "message": "API error: usage limit exceeded, daily usage limit reached for Token Plan Hs_max (100/100 used), resets at 2026-05-18T00:00:00+08:00 (HTTP 200)"
  }
}
[2026-05-17 11:59:17] [Music] 第1888章音乐生成失败
[2026-05-17 11:59:17] [Music] 开始处理第1895章: 分魂仪式
[2026-05-17 11:59:32] [Music] 配额不足: {
  "error": {
    "code": 1,
    "message": "API error: usage limit exceeded, daily usage limit reached for Token Plan Hs_max (100/100 used), resets at 2026-05-18T00:00:00+08:00 (HTTP 200)"
  }
}
[2026-05-17 11:59:32] [Music] 第1893章音乐生成失败
[2026-05-17 11:59:32] [Music] 开始处理第1896章: 进入终焉
[2026-05-17 11:59:35] [Music] 配额不足: {
  "error": {
    "code": 1,
    "message": "API error: usage limit exceeded, daily usage limit reached for Token Plan Hs_max (100/100 used), resets at 2026-05-18T00:00:00+08:00 (HTTP 200)"
  }
}
[2026-05-17 11:59:35] [Music] 第1890章音乐生成失败
[2026-05-17 11:59:35] [Music] 开始处理第1897章: 契约的真相
[2026-05-17 11:59:38] [Music] 配额不足: {
  "error": {
    "code": 1,
    "message": "API error: usage limit exceeded, daily usage limit reached for Token Plan Hs_max (100/100 used), resets at 2026-05-18T00:00:00+08:00 (HTTP 200)"
  }
}
[2026-05-17 11:59:38] [Music] 第1892章音乐生成失败
[2026-05-17 11:59:38] [Music] 开始处理第1898章: 第三条路
[2026-05-17 11:59:38] [Music] 配额不足: {
  "error": {
    "code": 1,
    "message": "API error: usage limit exceeded, daily usage limit reached for Token Plan Hs_max (100/100 used), resets at 2026-05-18T00:00:00+08:00 (HTTP 200)"
  }
}
[2026-05-17 11:59:38] [Music] 第1894章音乐生成失败
[2026-05-17 11:59:38] [Music] 开始处理第1899章: 终焉的崩溃
[2026-05-17 11:59:40] [Music] 配额不足: {
  "error": {
    "code": 1,
    "message": "API error: usage limit exceeded, daily usage limit reached for Token Plan Hs_max (100/100 used), resets at 2026-05-18T00:00:00+08:00 (HTTP 200)"
  }
}
[2026-05-17 11:59:40] [Music] 第1895章音乐生成失败
[2026-05-17 11:59:40] [Music] 开始处理第1900章: 新生的黎明
[2026-05-17 11:59:56] [Music] 配额不足: {
  "error": {
    "code": 1,
    "message": "API error: usage limit exceeded, daily usage limit reached for Token Plan Hs_max (100/100 used), resets at 2026-05-18T00:00:00+08:00 (HTTP 200)"
  }
}
[2026-05-17 11:59:56] [Music] 第1896章音乐生成失败
[2026-05-17 11:59:56] [Music] 开始处理第1901章: 寂静之后
[2026-05-17 12:00:04] [Music] 配额不足: {
  "error": {
    "code": 1,
    "message": "API error: usage limit exceeded, daily usage limit reached for Token Plan Hs_max (100/100 used), resets at 2026-05-18T00:00:00+08:00 (HTTP 200)"
  }
}
[2026-05-17 12:00:04] [Music] 第1897章音乐生成失败
[2026-05-17 12:00:04] [Music] 开始处理第1902章: 回归者
[2026-05-17 12:00:06] [Music] 配额不足: {
  "error": {
    "code": 1,
    "message": "API error: usage limit exceeded, daily usage limit reached for Token Plan Hs_max (100/100 used), resets at 2026-05-18T00:00:00+08:00 (HTTP 200)"
  }
}
[2026-05-17 12:00:06] [Music] 第1899章音乐生成失败
[2026-05-17 12:00:06] [Music] 开始处理第1903章: 心跳
[2026-05-17 12:00:10] [Music] 配额不足: {
  "error": {
    "code": 1,
    "message": "API error: usage limit exceeded, daily usage limit reached for Token Plan Hs_max (100/100 used), resets at 2026-05-18T00:00:00+08:00 (HTTP 200)"
  }
}
[2026-05-17 12:00:10] [Music] 第1900章音乐生成失败
[2026-05-17 12:00:10] [Music] 开始处理第1904章: 双生
[2026-05-17 12:00:22] [Music] 配额不足: {
  "error": {
    "code": 1,
    "message": "API error: usage limit exceeded, daily usage limit reached for Token Plan Hs_max (100/100 used), resets at 2026-05-18T00:00:00+08:00 (HTTP 200)"
  }
}
[2026-05-17 12:00:22] [Music] 第1898章音乐生成失败
[2026-05-17 12:00:22] [Music] 开始处理第1905章: 原种
[2026-05-17 12:00:27] [Music] 配额不足: {
  "error": {
    "code": 1,
    "message": "API error: usage limit exceeded, daily usage limit reached for Token Plan Hs_max (100/100 used), resets at 2026-05-18T00:00:00+08:00 (HTTP 200)"
  }
}
[2026-05-17 12:00:27] [Music] 第1901章音乐生成失败
[2026-05-17 12:00:27] [Music] 开始处理第1906章: 祠堂
[2026-05-17 12:00:27] [Music] 配额不足: {
  "error": {
    "code": 1,
    "message": "API error: usage limit exceeded, daily usage limit reached for Token Plan Hs_max (100/100 used), resets at 2026-05-18T00:00:00+08:00 (HTTP 200)"
  }
}
[2026-05-17 12:00:27] [Music] 第1902章音乐生成失败
[2026-05-17 12:00:27] [Music] 开始处理第1907章: 血脉
[2026-05-17 12:00:36] [Music] 配额不足: {
  "error": {
    "code": 1,
    "message": "API error: usage limit exceeded, daily usage limit reached for Token Plan Hs_max (100/100 used), resets at 2026-05-18T00:00:00+08:00 (HTTP 200)"
  }
}
[2026-05-17 12:00:36] [Music] 第1903章音乐生成失败
[2026-05-17 12:00:36] [Music] 开始处理第1908章: 献祭
[2026-05-17 12:00:43] [Music] 配额不足: {
  "error": {
    "code": 1,
    "message": "API error: usage limit exceeded, daily usage limit reached for Token Plan Hs_max (100/100 used), resets at 2026-05-18T00:00:00+08:00 (HTTP 200)"
  }
}
[2026-05-17 12:00:43] [Music] 第1904章音乐生成失败
[2026-05-17 12:00:43] [Music] 开始处理第1909章: 选择
[2026-05-17 12:00:51] [Music] 配额不足: {
  "error": {
    "code": 1,
    "message": "API error: usage limit exceeded, daily usage limit reached for Token Plan Hs_max (100/100 used), resets at 2026-05-18T00:00:00+08:00 (HTTP 200)"
  }
}
[2026-05-17 12:00:51] [Music] 第1905章音乐生成失败
[2026-05-17 12:00:51] [Music] 开始处理第1910章: 第三条路
[2026-05-17 12:00:57] [Music] 配额不足: {
  "error": {
    "code": 1,
    "message": "API error: usage limit exceeded, daily usage limit reached for Token Plan Hs_max (100/100 used), resets at 2026-05-18T00:00:00+08:00 (HTTP 200)"
  }
}
[2026-05-17 12:00:57] [Music] 第1907章音乐生成失败
[2026-05-17 12:00:57] [Music] 开始处理第1911章: 对话
[2026-05-17 12:00:58] [Music] 配额不足: {
  "error": {
    "code": 1,
    "message": "API error: usage limit exceeded, daily usage limit reached for Token Plan Hs_max (100/100 used), resets at 2026-05-18T00:00:00+08:00 (HTTP 200)"
  }
}
[2026-05-17 12:00:58] [Music] 第1906章音乐生成失败
[2026-05-17 12:00:58] [Music] 开始处理第1912章: 终结
[2026-05-17 12:01:00] [Music] 配额不足: {
  "error": {
    "code": 1,
    "message": "API error: usage limit exceeded, daily usage limit reached for Token Plan Hs_max (100/100 used), resets at 2026-05-18T00:00:00+08:00 (HTTP 200)"
  }
}
[2026-05-17 12:01:00] [Music] 第1908章音乐生成失败
[2026-05-17 12:01:00] [Music] 开始处理第1913章: 融合
[2026-05-17 12:01:14] [Music] 配额不足: {
  "error": {
    "code": 1,
    "message": "API error: usage limit exceeded, daily usage limit reached for Token Plan Hs_max (100/100 used), resets at 2026-05-18T00:00:00+08:00 (HTTP 200)"
  }
}
[2026-05-17 12:01:14] [Music] 第1909章音乐生成失败
[2026-05-17 12:01:14] [Music] 开始处理第1914章: 重塑
[2026-05-17 12:01:21] [Music] 配额不足: {
  "error": {
    "code": 1,
    "message": "API error: usage limit exceeded, daily usage limit reached for Token Plan Hs_max (100/100 used), resets at 2026-05-18T00:00:00+08:00 (HTTP 200)"
  }
}
[2026-05-17 12:01:21] [Music] 第1910章音乐生成失败
[2026-05-17 12:01:21] [Music] 开始处理第1915章: 归来
[2026-05-17 12:01:25] [Music] 配额不足: {
  "error": {
    "code": 1,
    "message": "API error: usage limit exceeded, daily usage limit reached for Token Plan Hs_max (100/100 used), resets at 2026-05-18T00:00:00+08:00 (HTTP 200)"
  }
}
[2026-05-17 12:01:25] [Music] 第1911章音乐生成失败
[2026-05-17 12:01:25] [Music] 开始处理第1916章: 新的平衡
[2026-05-17 12:01:26] [Music] 配额不足: {
  "error": {
    "code": 1,
    "message": "API error: usage limit exceeded, daily usage limit reached for Token Plan Hs_max (100/100 used), resets at 2026-05-18T00:00:00+08:00 (HTTP 200)"
  }
}
[2026-05-17 12:01:26] [Music] 第1913章音乐生成失败
[2026-05-17 12:01:26] [Music] 开始处理第1917章: 反对者
[2026-05-17 12:01:28] [Music] 配额不足: {
  "error": {
    "code": 1,
    "message": "API error: usage limit exceeded, daily usage limit reached for Token Plan Hs_max (100/100 used), resets at 2026-05-18T00:00:00+08:00 (HTTP 200)"
  }
}
[2026-05-17 12:01:28] [Music] 第1912章音乐生成失败
[2026-05-17 12:01:28] [Music] 开始处理第1918章: 内乱
[2026-05-17 12:01:45] [Music] 配额不足: {
  "error": {
    "code": 1,
    "message": "API error: usage limit exceeded, daily usage limit reached for Token Plan Hs_max (100/100 used), resets at 2026-05-18T00:00:00+08:00 (HTTP 200)"
  }
}
[2026-05-17 12:01:45] [Music] 第1914章音乐生成失败
[2026-05-17 12:01:45] [Music] 开始处理第1919章: 软肋
[2026-05-17 12:01:51] [Music] 配额不足: {
  "error": {
    "code": 1,
    "message": "API error: usage limit exceeded, daily usage limit reached for Token Plan Hs_max (100/100 used), resets at 2026-05-18T00:00:00+08:00 (HTTP 200)"
  }
}
[2026-05-17 12:01:51] [Music] 第1915章音乐生成失败
[2026-05-17 12:01:51] [Music] 开始处理第1920章: 萧然之影
[2026-05-17 12:01:51] [Music] 配额不足: {
  "error": {
    "code": 1,
    "message": "API error: usage limit exceeded, daily usage limit reached for Token Plan Hs_max (100/100 used), resets at 2026-05-18T00:00:00+08:00 (HTTP 200)"
  }
}
[2026-05-17 12:01:51] [Music] 第1917章音乐生成失败
[2026-05-17 12:01:51] [Music] 开始处理第1921章: 代价
[2026-05-17 12:01:59] [Music] 配额不足: {
  "error": {
    "code": 1,
    "message": "API error: usage limit exceeded, daily usage limit reached for Token Plan Hs_max (100/100 used), resets at 2026-05-18T00:00:00+08:00 (HTTP 200)"
  }
}
[2026-05-17 12:01:59] [Music] 第1918章音乐生成失败
[2026-05-17 12:01:59] [Music] 开始处理第1922章: 萧然觉醒
[2026-05-17 12:02:04] [Music] 配额不足: {
  "error": {
    "code": 1,
    "message": "API error: usage limit exceeded, daily usage limit reached for Token Plan Hs_max (100/100 used), resets at 2026-05-18T00:00:00+08:00 (HTTP 200)"
  }
}
[2026-05-17 12:02:04] [Music] 第1916章音乐生成失败
[2026-05-17 12:02:04] [Music] 开始处理第1923章: 追踪
[2026-05-17 12:02:08] [Music] 配额不足: {
  "error": {
    "code": 1,
    "message": "API error: usage limit exceeded, daily usage limit reached for Token Plan Hs_max (100/100 used), resets at 2026-05-18T00:00:00+08:00 (HTTP 200)"
  }
}
[2026-05-17 12:02:08] [Music] 第1919章音乐生成失败
[2026-05-17 12:02:08] [Music] 开始处理第1924章: 终结怨主
[2026-05-17 12:02:25] [Music] 配额不足: {
  "error": {
    "code": 1,
    "message": "API error: usage limit exceeded, daily usage limit reached for Token Plan Hs_max (100/100 used), resets at 2026-05-18T00:00:00+08:00 (HTTP 200)"
  }
}
[2026-05-17 12:02:25] [Music] 第1922章音乐生成失败
[2026-05-17 12:02:25] [Music] 开始处理第1925章: 新的黎明
[2026-05-17 12:02:28] [Music] 配额不足: {
  "error": {
    "code": 1,
    "message": "API error: usage limit exceeded, daily usage limit reached for Token Plan Hs_max (100/100 used), resets at 2026-05-18T00:00:00+08:00 (HTTP 200)"
  }
}
[2026-05-17 12:02:28] [Music] 第1920章音乐生成失败
[2026-05-17 12:02:28] [Music] 开始处理第1926章: 余波
[2026-05-17 12:02:28] [Music] 配额不足: {
  "error": {
    "code": 1,
    "message": "API error: usage limit exceeded, daily usage limit reached for Token Plan Hs_max (100/100 used), resets at 2026-05-18T00:00:00+08:00 (HTTP 200)"
  }
}
[2026-05-17 12:02:28] [Music] 第1921章音乐生成失败
[2026-05-17 12:02:28] [Music] 开始处理第1927章: 记忆的重量
[2026-05-17 12:02:31] [Music] 配额不足: {
  "error": {
    "code": 1,
    "message": "API error: usage limit exceeded, daily usage limit reached for Token Plan Hs_max (100/100 used), resets at 2026-05-18T00:00:00+08:00 (HTTP 200)"
  }
}
[2026-05-17 12:02:31] [Music] 第1923章音乐生成失败
[2026-05-17 12:02:31] [Music] 开始处理第1928章: 钟无艳的召唤
[2026-05-17 12:02:35] [Music] 配额不足: {
  "error": {
    "code": 1,
    "message": "API error: usage limit exceeded, daily usage limit reached for Token Plan Hs_max (100/100 used), resets at 2026-05-18T00:00:00+08:00 (HTTP 200)"
  }
}
[2026-05-17 12:02:35] [Music] 第1924章音乐生成失败
[2026-05-17 12:02:35] [Music] 开始处理第1929章: 终焉的前兆
[2026-05-17 12:02:55] [Music] 配额不足: {
  "error": {
    "code": 1,
    "message": "API error: usage limit exceeded, daily usage limit reached for Token Plan Hs_max (100/100 used), resets at 2026-05-18T00:00:00+08:00 (HTTP 200)"
  }
}
[2026-05-17 12:02:55] [Music] 第1925章音乐生成失败
[2026-05-17 12:02:55] [Music] 开始处理第1930章: 老陈头的警告
[2026-05-17 12:02:58] [Music] 配额不足: {
  "error": {
    "code": 1,
    "message": "API error: usage limit exceeded, daily usage limit reached for Token Plan Hs_max (100/100 used), resets at 2026-05-18T00:00:00+08:00 (HTTP 200)"
  }
}
[2026-05-17 12:02:58] [Music] 第1927章音乐生成失败
[2026-05-17 12:02:58] [Music] 开始处理第1931章: 鬼门关的秘密
[2026-05-17 12:03:03] [Music] 配额不足: {
  "error": {
    "code": 1,
    "message": "API error: usage limit exceeded, daily usage limit reached for Token Plan Hs_max (100/100 used), resets at 2026-05-18T00:00:00+08:00 (HTTP 200)"
  }
}
[2026-05-17 12:03:03] [Music] 第1928章音乐生成失败
[2026-05-17 12:03:03] [Music] 开始处理第1932章: 1914的记忆
[2026-05-17 12:03:07] [Music] 配额不足: {
  "error": {
    "code": 1,
    "message": "API error: usage limit exceeded, daily usage limit reached for Token Plan Hs_max (100/100 used), resets at 2026-05-18T00:00:00+08:00 (HTTP 200)"
  }
}
[2026-05-17 12:03:07] [Music] 第1926章音乐生成失败
[2026-05-17 12:03:07] [Music] 开始处理第1933章: 消失的守墓人
[2026-05-17 12:03:16] [Music] 配额不足: {
  "error": {
    "code": 1,
    "message": "API error: usage limit exceeded, daily usage limit reached for Token Plan Hs_max (100/100 used), resets at 2026-05-18T00:00:00+08:00 (HTTP 200)"
  }
}
[2026-05-17 12:03:16] [Music] 第1929章音乐生成失败
[2026-05-17 12:03:16] [Music] 开始处理第1934章: 外婆的遗愿
[2026-05-17 12:03:22] [Music] 配额不足: {
  "error": {
    "code": 1,
    "message": "API error: usage limit exceeded, daily usage limit reached for Token Plan Hs_max (100/100 used), resets at 2026-05-18T00:00:00+08:00 (HTTP 200)"
  }
}
[2026-05-17 12:03:22] [Music] 第1930章音乐生成失败
[2026-05-17 12:03:22] [Music] 开始处理第1935章: 大山市之行
[2026-05-17 12:03:28] [Music] 配额不足: {
  "error": {
    "code": 1,
    "message": "API error: usage limit exceeded, daily usage limit reached for Token Plan Hs_max (100/100 used), resets at 2026-05-18T00:00:00+08:00 (HTTP 200)"
  }
}
[2026-05-17 12:03:28] [Music] 第1931章音乐生成失败
[2026-05-17 12:03:28] [Music] 开始处理第1936章: 死寂之城
[2026-05-17 12:03:35] [Music] 配额不足: {
  "error": {
    "code": 1,
    "message": "API error: usage limit exceeded, daily usage limit reached for Token Plan Hs_max (100/100 used), resets at 2026-05-18T00:00:00+08:00 (HTTP 200)"
  }
}
[2026-05-17 12:03:35] [Music] 第1933章音乐生成失败
[2026-05-17 12:03:36] [Music] 配额不足: {
  "error": {
    "code": 1,
    "message": "API error: usage limit exceeded, daily usage limit reached for Token Plan Hs_max (100/100 used), resets at 2026-05-18T00:00:00+08:00 (HTTP 200)"
  }
}
[2026-05-17 12:03:36] [Music] 第1932章音乐生成失败
[2026-05-17 12:03:43] [Music] 配额不足: {
  "error": {
    "code": 1,
    "message": "API error: usage limit exceeded, daily usage limit reached for Token Plan Hs_max (100/100 used), resets at 2026-05-18T00:00:00+08:00 (HTTP 200)"
  }
}
[2026-05-17 12:03:43] [Music] 第1934章音乐生成失败
[2026-05-17 12:03:44] [Music] 配额不足: {
  "error": {
    "code": 1,
    "message": "API error: usage limit exceeded, daily usage limit reached for Token Plan Hs_max (100/100 used), resets at 2026-05-18T00:00:00+08:00 (HTTP 200)"
  }
}
[2026-05-17 12:03:44] [Music] 第1935章音乐生成失败
[2026-05-17 12:03:52] [Music] 配额不足: {
  "error": {
    "code": 1,
    "message": "API error: usage limit exceeded, daily usage limit reached for Token Plan Hs_max (100/100 used), resets at 2026-05-18T00:00:00+08:00 (HTTP 200)"
  }
}
[2026-05-17 12:03:52] [Music] 第1936章音乐生成失败
[2026-05-17 12:03:52] [Music] 批次完成: 成功 0, 失败 50
[2026-05-17 12:03:52] [Music] 累计: 成功 62, 失败 1838
[2026-05-17 12:03:52] [Music] 批次间休息30秒...
[2026-05-17 12:04:22] [Music] 处理批次 39/40, 本批 50 章
[2026-05-17 12:04:22] [Music] 开始处理第1938章: 夜访
[2026-05-17 12:04:22] [Music] 开始处理第1937章: 山市旧事
[2026-05-17 12:04:22] [Music] 开始处理第1939章: 门后的声音
[2026-05-17 12:04:22] [Music] 开始处理第1941章: 不同的终点
[2026-05-17 12:04:22] [Music] 开始处理第1940章: 棋手的邀约
[2026-05-17 12:04:49] [Music] 配额不足: {
  "error": {
    "code": 1,
    "message": "API error: usage limit exceeded, daily usage limit reached for Token Plan Hs_max (100/100 used), resets at 2026-05-18T00:00:00+08:00 (HTTP 200)"
  }
}
[2026-05-17 12:04:49] [Music] 第1940章音乐生成失败
[2026-05-17 12:04:49] [Music] 开始处理第1942章: 拒绝
[2026-05-17 12:04:49] [Music] 配额不足: {
  "error": {
    "code": 1,
    "message": "API error: usage limit exceeded, daily usage limit reached for Token Plan Hs_max (100/100 used), resets at 2026-05-18T00:00:00+08:00 (HTTP 200)"
  }
}
[2026-05-17 12:04:49] [Music] 第1937章音乐生成失败
[2026-05-17 12:04:49] [Music] 开始处理第1943章: 山市苏醒
[2026-05-17 12:04:52] [Music] 配额不足: {
  "error": {
    "code": 1,
    "message": "API error: usage limit exceeded, daily usage limit reached for Token Plan Hs_max (100/100 used), resets at 2026-05-18T00:00:00+08:00 (HTTP 200)"
  }
}
[2026-05-17 12:04:52] [Music] 第1938章音乐生成失败
[2026-05-17 12:04:52] [Music] 开始处理第1944章: 守门人
[2026-05-17 12:04:56] [Music] 配额不足: {
  "error": {
    "code": 1,
    "message": "API error: usage limit exceeded, daily usage limit reached for Token Plan Hs_max (100/100 used), resets at 2026-05-18T00:00:00+08:00 (HTTP 200)"
  }
}
[2026-05-17 12:04:56] [Music] 第1941章音乐生成失败
[2026-05-17 12:04:56] [Music] 开始处理第1945章: 撤离
[2026-05-17 12:04:56] [Music] 配额不足: {
  "error": {
    "code": 1,
    "message": "API error: usage limit exceeded, daily usage limit reached for Token Plan Hs_max (100/100 used), resets at 2026-05-18T00:00:00+08:00 (HTTP 200)"
  }
}
[2026-05-17 12:04:56] [Music] 第1939章音乐生成失败
[2026-05-17 12:04:56] [Music] 开始处理第1946章: 终焉降临
[2026-05-17 12:05:16] [Music] 配额不足: {
  "error": {
    "code": 1,
    "message": "API error: usage limit exceeded, daily usage limit reached for Token Plan Hs_max (100/100 used), resets at 2026-05-18T00:00:00+08:00 (HTTP 200)"
  }
}
[2026-05-17 12:05:16] [Music] 第1942章音乐生成失败
[2026-05-17 12:05:16] [Music] 开始处理第1947章: 城市之死
[2026-05-17 12:05:18] [Music] 配额不足: {
  "error": {
    "code": 1,
    "message": "API error: usage limit exceeded, daily usage limit reached for Token Plan Hs_max (100/100 used), resets at 2026-05-18T00:00:00+08:00 (HTTP 200)"
  }
}
[2026-05-17 12:05:18] [Music] 第1943章音乐生成失败
[2026-05-17 12:05:18] [Music] 开始处理第1948章: 老陈头的觉醒
[2026-05-17 12:05:23] [Music] 配额不足: {
  "error": {
    "code": 1,
    "message": "API error: usage limit exceeded, daily usage limit reached for Token Plan Hs_max (100/100 used), resets at 2026-05-18T00:00:00+08:00 (HTTP 200)"
  }
}
[2026-05-17 12:05:23] [Music] 第1944章音乐生成失败
[2026-05-17 12:05:23] [Music] 开始处理第1949章: 最后的准备
[2026-05-17 12:05:27] [Music] 配额不足: {
  "error": {
    "code": 1,
    "message": "API error: usage limit exceeded, daily usage limit reached for Token Plan Hs_max (100/100 used), resets at 2026-05-18T00:00:00+08:00 (HTTP 200)"
  }
}
[2026-05-17 12:05:27] [Music] 第1946章音乐生成失败
[2026-05-17 12:05:27] [Music] 开始处理第1950章: 黎明前的黑暗
[2026-05-17 12:05:29] [Music] 配额不足: {
  "error": {
    "code": 1,
    "message": "API error: usage limit exceeded, daily usage limit reached for Token Plan Hs_max (100/100 used), resets at 2026-05-18T00:00:00+08:00 (HTTP 200)"
  }
}
[2026-05-17 12:05:29] [Music] 第1945章音乐生成失败
[2026-05-17 12:05:29] [Music] 开始处理第1951章: 终焉降临
[2026-05-17 12:05:39] [Music] 配额不足: {
  "error": {
    "code": 1,
    "message": "API error: usage limit exceeded, daily usage limit reached for Token Plan Hs_max (100/100 used), resets at 2026-05-18T00:00:00+08:00 (HTTP 200)"
  }
}
[2026-05-17 12:05:39] [Music] 第1947章音乐生成失败
[2026-05-17 12:05:39] [Music] 开始处理第1952章: 世界的哀鸣
[2026-05-17 12:05:49] [Music] 配额不足: {
  "error": {
    "code": 1,
    "message": "API error: usage limit exceeded, daily usage limit reached for Token Plan Hs_max (100/100 used), resets at 2026-05-18T00:00:00+08:00 (HTTP 200)"
  }
}
[2026-05-17 12:05:49] [Music] 第1948章音乐生成失败
[2026-05-17 12:05:49] [Music] 开始处理第1953章: 最后的集结
[2026-05-17 12:05:50] [Music] 配额不足: {
  "error": {
    "code": 1,
    "message": "API error: usage limit exceeded, daily usage limit reached for Token Plan Hs_max (100/100 used), resets at 2026-05-18T00:00:00+08:00 (HTTP 200)"
  }
}
[2026-05-17 12:05:50] [Music] 第1949章音乐生成失败
[2026-05-17 12:05:50] [Music] 开始处理第1954章: 彼岸的真容
[2026-05-17 12:05:55] [Music] 配额不足: {
  "error": {
    "code": 1,
    "message": "API error: usage limit exceeded, daily usage limit reached for Token Plan Hs_max (100/100 used), resets at 2026-05-18T00:00:00+08:00 (HTTP 200)"
  }
}
[2026-05-17 12:05:55] [Music] 第1951章音乐生成失败
[2026-05-17 12:05:55] [Music] 开始处理第1955章: 抉择之路
[2026-05-17 12:06:01] [Music] 配额不足: {
  "error": {
    "code": 1,
    "message": "API error: usage limit exceeded, daily usage limit reached for Token Plan Hs_max (100/100 used), resets at 2026-05-18T00:00:00+08:00 (HTTP 200)"
  }
}
[2026-05-17 12:06:01] [Music] 第1950章音乐生成失败
[2026-05-17 12:06:01] [Music] 开始处理第1956章: 最后的告别
[2026-05-17 12:06:10] [Music] 配额不足: {
  "error": {
    "code": 1,
    "message": "API error: usage limit exceeded, daily usage limit reached for Token Plan Hs_max (100/100 used), resets at 2026-05-18T00:00:00+08:00 (HTTP 200)"
  }
}
[2026-05-17 12:06:10] [Music] 第1952章音乐生成失败
[2026-05-17 12:06:10] [Music] 开始处理第1957章: 终焉之心
[2026-05-17 12:06:17] [Music] 配额不足: {
  "error": {
    "code": 1,
    "message": "API error: usage limit exceeded, daily usage limit reached for Token Plan Hs_max (100/100 used), resets at 2026-05-18T00:00:00+08:00 (HTTP 200)"
  }
}
[2026-05-17 12:06:17] [Music] 第1953章音乐生成失败
[2026-05-17 12:06:17] [Music] 开始处理第1958章: 意识之战
[2026-05-17 12:06:19] [Music] 配额不足: {
  "error": {
    "code": 1,
    "message": "API error: usage limit exceeded, daily usage limit reached for Token Plan Hs_max (100/100 used), resets at 2026-05-18T00:00:00+08:00 (HTTP 200)"
  }
}
[2026-05-17 12:06:19] [Music] 第1954章音乐生成失败
[2026-05-17 12:06:19] [Music] 开始处理第1959章: 新世界的诞生
[2026-05-17 12:06:26] [Music] 配额不足: {
  "error": {
    "code": 1,
    "message": "API error: usage limit exceeded, daily usage limit reached for Token Plan Hs_max (100/100 used), resets at 2026-05-18T00:00:00+08:00 (HTTP 200)"
  }
}
[2026-05-17 12:06:26] [Music] 第1955章音乐生成失败
[2026-05-17 12:06:26] [Music] 开始处理第1960章: 新的黎明
[2026-05-17 12:06:30] [Music] 配额不足: {
  "error": {
    "code": 1,
    "message": "API error: usage limit exceeded, daily usage limit reached for Token Plan Hs_max (100/100 used), resets at 2026-05-18T00:00:00+08:00 (HTTP 200)"
  }
}
[2026-05-17 12:06:30] [Music] 第1956章音乐生成失败
[2026-05-17 12:06:30] [Music] 开始处理第1961章: 崩塌的边界
[2026-05-17 12:06:36] [Music] 配额不足: {
  "error": {
    "code": 1,
    "message": "API error: usage limit exceeded, daily usage limit reached for Token Plan Hs_max (100/100 used), resets at 2026-05-18T00:00:00+08:00 (HTTP 200)"
  }
}
[2026-05-17 12:06:36] [Music] 第1957章音乐生成失败
[2026-05-17 12:06:36] [Music] 开始处理第1962章: 黄泉渡口
[2026-05-17 12:06:45] [Music] 配额不足: {
  "error": {
    "code": 1,
    "message": "API error: usage limit exceeded, daily usage limit reached for Token Plan Hs_max (100/100 used), resets at 2026-05-18T00:00:00+08:00 (HTTP 200)"
  }
}
[2026-05-17 12:06:45] [Music] 第1959章音乐生成失败
[2026-05-17 12:06:46] [Music] 开始处理第1963章: 彼岸花海
[2026-05-17 12:06:53] [Music] 配额不足: {
  "error": {
    "code": 1,
    "message": "API error: usage limit exceeded, daily usage limit reached for Token Plan Hs_max (100/100 used), resets at 2026-05-18T00:00:00+08:00 (HTTP 200)"
  }
}
[2026-05-17 12:06:53] [Music] 第1961章音乐生成失败
[2026-05-17 12:06:53] [Music] 开始处理第1964章: 轮回殿的试炼
[2026-05-17 12:06:56] [Music] 配额不足: {
  "error": {
    "code": 1,
    "message": "API error: usage limit exceeded, daily usage limit reached for Token Plan Hs_max (100/100 used), resets at 2026-05-18T00:00:00+08:00 (HTTP 200)"
  }
}
[2026-05-17 12:06:56] [Music] 第1958章音乐生成失败
[2026-05-17 12:06:56] [Music] 开始处理第1965章: 镜中倒影的警告
[2026-05-17 12:06:56] [Music] 配额不足: {
  "error": {
    "code": 1,
    "message": "API error: usage limit exceeded, daily usage limit reached for Token Plan Hs_max (100/100 used), resets at 2026-05-18T00:00:00+08:00 (HTTP 200)"
  }
}
[2026-05-17 12:06:56] [Music] 第1960章音乐生成失败
[2026-05-17 12:06:56] [Music] 开始处理第1966章: 棋手的棋局
[2026-05-17 12:06:57] [Music] 配额不足: {
  "error": {
    "code": 1,
    "message": "API error: usage limit exceeded, daily usage limit reached for Token Plan Hs_max (100/100 used), resets at 2026-05-18T00:00:00+08:00 (HTTP 200)"
  }
}
[2026-05-17 12:06:57] [Music] 第1962章音乐生成失败
[2026-05-17 12:06:57] [Music] 开始处理第1967章: 残阳如血
[2026-05-17 12:07:13] [Music] 配额不足: {
  "error": {
    "code": 1,
    "message": "API error: usage limit exceeded, daily usage limit reached for Token Plan Hs_max (100/100 used), resets at 2026-05-18T00:00:00+08:00 (HTTP 200)"
  }
}
[2026-05-17 12:07:13] [Music] 第1963章音乐生成失败
[2026-05-17 12:07:13] [Music] 开始处理第1968章: 往昔之约
[2026-05-17 12:07:20] [Music] 配额不足: {
  "error": {
    "code": 1,
    "message": "API error: usage limit exceeded, daily usage limit reached for Token Plan Hs_max (100/100 used), resets at 2026-05-18T00:00:00+08:00 (HTTP 200)"
  }
}
[2026-05-17 12:07:20] [Music] 第1964章音乐生成失败
[2026-05-17 12:07:20] [Music] 开始处理第1969章: 镜中人的真相
[2026-05-17 12:07:25] [Music] 配额不足: {
  "error": {
    "code": 1,
    "message": "API error: usage limit exceeded, daily usage limit reached for Token Plan Hs_max (100/100 used), resets at 2026-05-18T00:00:00+08:00 (HTTP 200)"
  }
}
[2026-05-17 12:07:25] [Music] 第1965章音乐生成失败
[2026-05-17 12:07:25] [Music] 开始处理第1970章: 血月前夕
[2026-05-17 12:07:31] [Music] 配额不足: {
  "error": {
    "code": 1,
    "message": "API error: usage limit exceeded, daily usage limit reached for Token Plan Hs_max (100/100 used), resets at 2026-05-18T00:00:00+08:00 (HTTP 200)"
  }
}
[2026-05-17 12:07:31] [Music] 第1966章音乐生成失败
[2026-05-17 12:07:31] [Music] 开始处理第1971章: 血月升起
[2026-05-17 12:07:40] [Music] 配额不足: {
  "error": {
    "code": 1,
    "message": "API error: usage limit exceeded, daily usage limit reached for Token Plan Hs_max (100/100 used), resets at 2026-05-18T00:00:00+08:00 (HTTP 200)"
  }
}
[2026-05-17 12:07:40] [Music] 第1968章音乐生成失败
[2026-05-17 12:07:40] [Music] 开始处理第1972章: 新世界蓝图
[2026-05-17 12:07:48] [Music] 配额不足: {
  "error": {
    "code": 1,
    "message": "API error: usage limit exceeded, daily usage limit reached for Token Plan Hs_max (100/100 used), resets at 2026-05-18T00:00:00+08:00 (HTTP 200)"
  }
}
[2026-05-17 12:07:48] [Music] 第1969章音乐生成失败
[2026-05-17 12:07:48] [Music] 开始处理第1973章: 林婉儿的遗言
[2026-05-17 12:07:51] [Music] 配额不足: {
  "error": {
    "code": 1,
    "message": "API error: usage limit exceeded, daily usage limit reached for Token Plan Hs_max (100/100 used), resets at 2026-05-18T00:00:00+08:00 (HTTP 200)"
  }
}
[2026-05-17 12:07:51] [Music] 第1967章音乐生成失败
[2026-05-17 12:07:51] [Music] 开始处理第1974章: 三鬼共鸣
[2026-05-17 12:07:55] [Music] 第1970章歌词生成失败
[2026-05-17 12:07:55] [Music] 开始处理第1975章: 执念核心
[2026-05-17 12:08:02] [Music] 配额不足: {
  "error": {
    "code": 1,
    "message": "API error: usage limit exceeded, daily usage limit reached for Token Plan Hs_max (100/100 used), resets at 2026-05-18T00:00:00+08:00 (HTTP 200)"
  }
}
[2026-05-17 12:08:02] [Music] 第1971章音乐生成失败
[2026-05-17 12:08:02] [Music] 开始处理第1976章: 父亲的眼泪
[2026-05-17 12:08:07] [Music] 配额不足: {
  "error": {
    "code": 1,
    "message": "API error: usage limit exceeded, daily usage limit reached for Token Plan Hs_max (100/100 used), resets at 2026-05-18T00:00:00+08:00 (HTTP 200)"
  }
}
[2026-05-17 12:08:07] [Music] 第1972章音乐生成失败
[2026-05-17 12:08:07] [Music] 开始处理第1977章: 第三条路
[2026-05-17 12:08:12] [Music] 配额不足: {
  "error": {
    "code": 1,
    "message": "API error: usage limit exceeded, daily usage limit reached for Token Plan Hs_max (100/100 used), resets at 2026-05-18T00:00:00+08:00 (HTTP 200)"
  }
}
[2026-05-17 12:08:12] [Music] 第1973章音乐生成失败
[2026-05-17 12:08:12] [Music] 开始处理第1978章: 终焉的背叛
[2026-05-17 12:08:20] [Music] 配额不足: {
  "error": {
    "code": 1,
    "message": "API error: usage limit exceeded, daily usage limit reached for Token Plan Hs_max (100/100 used), resets at 2026-05-18T00:00:00+08:00 (HTTP 200)"
  }
}
[2026-05-17 12:08:20] [Music] 第1974章音乐生成失败
[2026-05-17 12:08:20] [Music] 开始处理第1979章: 以我为锚
[2026-05-17 12:08:21] [Music] 配额不足: {
  "error": {
    "code": 1,
    "message": "API error: usage limit exceeded, daily usage limit reached for Token Plan Hs_max (100/100 used), resets at 2026-05-18T00:00:00+08:00 (HTTP 200)"
  }
}
[2026-05-17 12:08:21] [Music] 第1975章音乐生成失败
[2026-05-17 12:08:21] [Music] 开始处理第1980章: 沉默者的独白
[2026-05-17 12:08:29] [Music] 配额不足: {
  "error": {
    "code": 1,
    "message": "API error: usage limit exceeded, daily usage limit reached for Token Plan Hs_max (100/100 used), resets at 2026-05-18T00:00:00+08:00 (HTTP 200)"
  }
}
[2026-05-17 12:08:29] [Music] 第1976章音乐生成失败
[2026-05-17 12:08:29] [Music] 开始处理第1981章: 最后的通讯
[2026-05-17 12:08:32] [Music] 配额不足: {
  "error": {
    "code": 1,
    "message": "API error: usage limit exceeded, daily usage limit reached for Token Plan Hs_max (100/100 used), resets at 2026-05-18T00:00:00+08:00 (HTTP 200)"
  }
}
[2026-05-17 12:08:32] [Music] 第1977章音乐生成失败
[2026-05-17 12:08:32] [Music] 开始处理第1982章: 最后的集结
[2026-05-17 12:08:38] [Music] 配额不足: {
  "error": {
    "code": 1,
    "message": "API error: usage limit exceeded, daily usage limit reached for Token Plan Hs_max (100/100 used), resets at 2026-05-18T00:00:00+08:00 (HTTP 200)"
  }
}
[2026-05-17 12:08:38] [Music] 第1978章音乐生成失败
[2026-05-17 12:08:38] [Music] 开始处理第1983章: 钟无艳的遗言
[2026-05-17 12:08:48] [Music] 配额不足: {
  "error": {
    "code": 1,
    "message": "API error: usage limit exceeded, daily usage limit reached for Token Plan Hs_max (100/100 used), resets at 2026-05-18T00:00:00+08:00 (HTTP 200)"
  }
}
[2026-05-17 12:08:48] [Music] 第1980章音乐生成失败
[2026-05-17 12:08:48] [Music] 开始处理第1984章: 终焉降临
[2026-05-17 12:08:52] [Music] 第1979章歌词生成失败
[2026-05-17 12:08:52] [Music] 开始处理第1985章: 鬼神的陨落
[2026-05-17 12:09:01] [Music] 配额不足: {
  "error": {
    "code": 1,
    "message": "API error: usage limit exceeded, daily usage limit reached for Token Plan Hs_max (100/100 used), resets at 2026-05-18T00:00:00+08:00 (HTTP 200)"
  }
}
[2026-05-17 12:09:01] [Music] 第1981章音乐生成失败
[2026-05-17 12:09:01] [Music] 开始处理第1986章: 沉默者的觉醒
[2026-05-17 12:09:03] [Music] 配额不足: {
  "error": {
    "code": 1,
    "message": "API error: usage limit exceeded, daily usage limit reached for Token Plan Hs_max (100/100 used), resets at 2026-05-18T00:00:00+08:00 (HTTP 200)"
  }
}
[2026-05-17 12:09:03] [Music] 第1983章音乐生成失败
[2026-05-17 12:09:19] [Music] 配额不足: {
  "error": {
    "code": 1,
    "message": "API error: usage limit exceeded, daily usage limit reached for Token Plan Hs_max (100/100 used), resets at 2026-05-18T00:00:00+08:00 (HTTP 200)"
  }
}
[2026-05-17 12:09:19] [Music] 第1982章音乐生成失败
[2026-05-17 12:09:19] [Music] 配额不足: {
  "error": {
    "code": 1,
    "message": "API error: usage limit exceeded, daily usage limit reached for Token Plan Hs_max (100/100 used), resets at 2026-05-18T00:00:00+08:00 (HTTP 200)"
  }
}
[2026-05-17 12:09:19] [Music] 第1985章音乐生成失败
[2026-05-17 12:09:23] [Music] 配额不足: {
  "error": {
    "code": 1,
    "message": "API error: usage limit exceeded, daily usage limit reached for Token Plan Hs_max (100/100 used), resets at 2026-05-18T00:00:00+08:00 (HTTP 200)"
  }
}
[2026-05-17 12:09:23] [Music] 第1984章音乐生成失败
[2026-05-17 12:09:27] [Music] 配额不足: {
  "error": {
    "code": 1,
    "message": "API error: usage limit exceeded, daily usage limit reached for Token Plan Hs_max (100/100 used), resets at 2026-05-18T00:00:00+08:00 (HTTP 200)"
  }
}
[2026-05-17 12:09:27] [Music] 第1986章音乐生成失败
[2026-05-17 12:09:27] [Music] 批次完成: 成功 0, 失败 50
[2026-05-17 12:09:27] [Music] 累计: 成功 62, 失败 1888
[2026-05-17 12:09:27] [Music] 批次间休息30秒...
[2026-05-17 12:09:57] [Music] 处理批次 40/40, 本批 14 章
[2026-05-17 12:09:57] [Music] 开始处理第1987章: 人类的最后执念
[2026-05-17 12:09:57] [Music] 开始处理第1988章: 外婆的遗计
[2026-05-17 12:09:57] [Music] 开始处理第1989章: 钟无艳的牺牲
[2026-05-17 12:09:57] [Music] 开始处理第1990章: 人与鬼的融合
[2026-05-17 12:09:57] [Music] 开始处理第1991章: 新的平衡
[2026-05-17 12:10:18] [Music] 配额不足: {
  "error": {
    "code": 1,
    "message": "API error: usage limit exceeded, daily usage limit reached for Token Plan Hs_max (100/100 used), resets at 2026-05-18T00:00:00+08:00 (HTTP 200)"
  }
}
[2026-05-17 12:10:18] [Music] 第1991章音乐生成失败
[2026-05-17 12:10:18] [Music] 开始处理第1992章: 世界的重塑
[2026-05-17 12:10:19] [Music] 配额不足: {
  "error": {
    "code": 1,
    "message": "API error: usage limit exceeded, daily usage limit reached for Token Plan Hs_max (100/100 used), resets at 2026-05-18T00:00:00+08:00 (HTTP 200)"
  }
}
[2026-05-17 12:10:19] [Music] 第1989章音乐生成失败
[2026-05-17 12:10:19] [Music] 开始处理第1993章: 故人的告别
[2026-05-17 12:10:21] [Music] 配额不足: {
  "error": {
    "code": 1,
    "message": "API error: usage limit exceeded, daily usage limit reached for Token Plan Hs_max (100/100 used), resets at 2026-05-18T00:00:00+08:00 (HTTP 200)"
  }
}
[2026-05-17 12:10:21] [Music] 第1987章音乐生成失败
[2026-05-17 12:10:21] [Music] 开始处理第1994章: 顾清雨的选择
[2026-05-17 12:10:23] [Music] 配额不足: {
  "error": {
    "code": 1,
    "message": "API error: usage limit exceeded, daily usage limit reached for Token Plan Hs_max (100/100 used), resets at 2026-05-18T00:00:00+08:00 (HTTP 200)"
  }
}
[2026-05-17 12:10:23] [Music] 第1988章音乐生成失败
[2026-05-17 12:10:23] [Music] 开始处理第1995章: 周海的故事
[2026-05-17 12:10:33] [Music] 配额不足: {
  "error": {
    "code": 1,
    "message": "API error: usage limit exceeded, daily usage limit reached for Token Plan Hs_max (100/100 used), resets at 2026-05-18T00:00:00+08:00 (HTTP 200)"
  }
}
[2026-05-17 12:10:33] [Music] 第1990章音乐生成失败
[2026-05-17 12:10:33] [Music] 开始处理第1996章: 棋手的告别
[2026-05-17 12:10:41] [Music] 配额不足: {
  "error": {
    "code": 1,
    "message": "API error: usage limit exceeded, daily usage limit reached for Token Plan Hs_max (100/100 used), resets at 2026-05-18T00:00:00+08:00 (HTTP 200)"
  }
}
[2026-05-17 12:10:41] [Music] 第1993章音乐生成失败
[2026-05-17 12:10:41] [Music] 开始处理第1997章: 苏小曼的重逢
[2026-05-17 12:10:42] [Music] 配额不足: {
  "error": {
    "code": 1,
    "message": "API error: usage limit exceeded, daily usage limit reached for Token Plan Hs_max (100/100 used), resets at 2026-05-18T00:00:00+08:00 (HTTP 200)"
  }
}
[2026-05-17 12:10:42] [Music] 第1994章音乐生成失败
[2026-05-17 12:10:42] [Music] 开始处理第1998章: 新世界的第一天
[2026-05-17 12:10:50] [Music] 配额不足: {
  "error": {
    "code": 1,
    "message": "API error: usage limit exceeded, daily usage limit reached for Token Plan Hs_max (100/100 used), resets at 2026-05-18T00:00:00+08:00 (HTTP 200)"
  }
}
[2026-05-17 12:10:50] [Music] 第1992章音乐生成失败
[2026-05-17 12:10:50] [Music] 开始处理第1999章: 永恒的守望者
[2026-05-17 12:10:52] [Music] 配额不足: {
  "error": {
    "code": 1,
    "message": "API error: usage limit exceeded, daily usage limit reached for Token Plan Hs_max (100/100 used), resets at 2026-05-18T00:00:00+08:00 (HTTP 200)"
  }
}
[2026-05-17 12:10:52] [Music] 第1995章音乐生成失败
[2026-05-17 12:10:52] [Music] 开始处理第2000章: 复苏之夜
[2026-05-17 12:10:57] [Music] 配额不足: {
  "error": {
    "code": 1,
    "message": "API error: usage limit exceeded, daily usage limit reached for Token Plan Hs_max (100/100 used), resets at 2026-05-18T00:00:00+08:00 (HTTP 200)"
  }
}
[2026-05-17 12:10:57] [Music] 第1996章音乐生成失败
[2026-05-17 12:11:06] [Music] 配额不足: {
  "error": {
    "code": 1,
    "message": "API error: usage limit exceeded, daily usage limit reached for Token Plan Hs_max (100/100 used), resets at 2026-05-18T00:00:00+08:00 (HTTP 200)"
  }
}
[2026-05-17 12:11:06] [Music] 第1997章音乐生成失败
[2026-05-17 12:11:10] [Music] 配额不足: {
  "error": {
    "code": 1,
    "message": "API error: usage limit exceeded, daily usage limit reached for Token Plan Hs_max (100/100 used), resets at 2026-05-18T00:00:00+08:00 (HTTP 200)"
  }
}
[2026-05-17 12:11:10] [Music] 第1998章音乐生成失败
[2026-05-17 12:11:18] [Music] 配额不足: {
  "error": {
    "code": 1,
    "message": "API error: usage limit exceeded, daily usage limit reached for Token Plan Hs_max (100/100 used), resets at 2026-05-18T00:00:00+08:00 (HTTP 200)"
  }
}
[2026-05-17 12:11:18] [Music] 第2000章音乐生成失败
[2026-05-17 12:11:41] [Music] 配额不足: {
  "error": {
    "code": 1,
    "message": "API error: usage limit exceeded, daily usage limit reached for Token Plan Hs_max (100/100 used), resets at 2026-05-18T00:00:00+08:00 (HTTP 200)"
  }
}
[2026-05-17 12:11:41] [Music] 第1999章音乐生成失败
[2026-05-17 12:11:41] [Music] 批次完成: 成功 0, 失败 14
[2026-05-17 12:11:41] [Music] 累计: 成功 62, 失败 1902
[2026-05-17 12:11:41] [Music] 全部完成: 成功 62, 失败 1902
