[2026-05-16 00:33:05] [Reviewer] 正在审查第1章...
[2026-05-16 00:33:53] [Reviewer] 第1章审查完成，评分: 7.8， verdict: 需修改
[2026-05-16 00:33:54] [Reviewer] 正在审查第2章...
[2026-05-16 00:34:16] [Reviewer] 第2章审查完成，评分: 8.0， verdict: 通过
[2026-05-16 00:34:17] [Reviewer] 正在审查第3章...
[2026-05-16 00:34:47] [Reviewer] 第3章审查完成，评分: 8.5， verdict: 通过
[2026-05-16 00:34:48] [Reviewer] 全部完成
[2026-05-16 03:35:35] [Reviewer] 第1章已审查过，跳过
[2026-05-16 03:35:36] [Reviewer] 第2章已审查过，跳过
[2026-05-16 03:35:37] [Reviewer] 第3章已审查过，跳过
[2026-05-16 03:35:38] [Reviewer] 正在审查第4章...
[2026-05-16 03:35:56] [Reviewer] 第1章已审查过，跳过
[2026-05-16 03:35:57] [Reviewer] 第2章已审查过，跳过
[2026-05-16 03:35:58] [Reviewer] 第3章已审查过，跳过
[2026-05-16 03:35:59] [Reviewer] 正在审查第4章...
[2026-05-16 03:36:13] [Reviewer] 第4章审查完成，评分: 8.5， verdict: 通过
[2026-05-16 03:36:14] [Reviewer] 正在审查第5章...
[2026-05-16 03:36:35] [Reviewer] 第4章审查完成，评分: 8.2， verdict: 通过
[2026-05-16 03:36:36] [Reviewer] 正在审查第5章...
[2026-05-16 03:36:50] [Reviewer] 第5章审查完成，评分: 8.5， verdict: 通过
[2026-05-16 03:36:51] [Reviewer] 正在审查第6章...
[2026-05-16 03:37:16] [Reviewer] 第5章审查完成，评分: 7.8， verdict: 需修改
[2026-05-16 03:37:17] [Reviewer] 正在审查第6章...
[2026-05-16 03:37:27] [Reviewer] 第6章审查完成，评分: 8.0， verdict: 通过
[2026-05-16 03:37:28] [Reviewer] 正在审查第7章...
[2026-05-16 03:37:46] [Reviewer] 第6章审查完成，评分: 7.8， verdict: 需修改
[2026-05-16 03:37:47] [Reviewer] 正在审查第7章...
[2026-05-16 03:38:14] [Reviewer] 第7章审查完成，评分: 7.5， verdict: 需修改
[2026-05-16 03:38:15] [Reviewer] 正在审查第8章...
[2026-05-16 03:38:24] [Reviewer] 第7章审查完成，评分: 7.3， verdict: 需修改
[2026-05-16 03:38:25] [Reviewer] 正在审查第8章...
[2026-05-16 03:38:49] [Reviewer] 第8章审查完成，评分: 7.8， verdict: 需修改
[2026-05-16 03:38:50] [Reviewer] 正在审查第9章...
[2026-05-16 03:38:58] [Reviewer] 第8章审查完成，评分: 7.5， verdict: 需修改
[2026-05-16 03:38:59] [Reviewer] 正在审查第9章...
[2026-05-16 03:39:20] [Reviewer] 第9章审查完成，评分: 8.0， verdict: 通过
[2026-05-16 03:39:21] [Reviewer] 正在审查第10章...
[2026-05-16 03:39:32] [Reviewer] 第9章审查完成，评分: 8.5， verdict: 通过
[2026-05-16 03:39:33] [Reviewer] 正在审查第10章...
[2026-05-16 03:39:53] [Reviewer] 第10章审查完成，评分: 8.5， verdict: 通过
[2026-05-16 03:39:54] [Reviewer] 全部完成
[2026-05-16 03:40:19] [Reviewer] 第10章审查完成，评分: 8.5， verdict: 通过
[2026-05-16 03:40:20] [Reviewer] 全部完成
[2026-05-16 03:54:33] [Reviewer] 正在审查第11章...
[2026-05-16 03:54:34] [Reviewer] 正在审查第11章...
[2026-05-16 03:55:13] [Reviewer] 第11章审查完成，评分: 8.0， verdict: 通过
[2026-05-16 03:55:14] [Reviewer] 正在审查第12章...
[2026-05-16 03:55:17] [Reviewer] 第11章审查完成，评分: 8.0， verdict: 通过
[2026-05-16 03:55:18] [Reviewer] 正在审查第12章...
[2026-05-16 03:55:49] [Reviewer] 第12章审查完成，评分: 8.5， verdict: 需修改
[2026-05-16 03:55:50] [Reviewer] 正在审查第13章...
[2026-05-16 03:55:54] [Reviewer] 第12章审查完成，评分: 8.0， verdict: 通过
[2026-05-16 03:55:55] [Reviewer] 正在审查第13章...
[2026-05-16 03:56:25] [Reviewer] 第13章审查完成，评分: 8.5， verdict: 通过
[2026-05-16 03:56:25] [Reviewer] 第13章审查完成，评分: 8.5， verdict: 通过
[2026-05-16 03:56:26] [Reviewer] 正在审查第14章...
[2026-05-16 03:56:26] [Reviewer] 正在审查第14章...
[2026-05-16 03:56:51] [Reviewer] 第14章审查完成，评分: 8.5， verdict: 通过
[2026-05-16 03:56:52] [Reviewer] 正在审查第15章...
[2026-05-16 03:56:53] [Reviewer] 第14章审查完成，评分: 8.5， verdict: 通过
[2026-05-16 03:56:54] [Reviewer] 正在审查第15章...
[2026-05-16 03:57:19] [Reviewer] 第15章审查完成，评分: 8.5， verdict: 通过
[2026-05-16 03:57:20] [Reviewer] 正在审查第16章...
[2026-05-16 03:57:23] [Reviewer] 第15章审查完成，评分: 8.5， verdict: 通过
[2026-05-16 03:57:24] [Reviewer] 正在审查第16章...
[2026-05-16 03:57:52] [Reviewer] 第16章审查完成，评分: 8.0， verdict: 需修改
[2026-05-16 03:57:53] [Reviewer] 正在审查第17章...
[2026-05-16 03:57:58] [Reviewer] 第16章审查完成，评分: 7.8， verdict: 需修改
[2026-05-16 03:57:59] [Reviewer] 正在审查第17章...
[2026-05-16 03:58:27] [Reviewer] 第17章审查完成，评分: 8.5， verdict: 通过
[2026-05-16 03:58:28] [Reviewer] 正在审查第18章...
[2026-05-16 03:58:29] [Reviewer] 第17章审查完成，评分: 8， verdict: 通过
[2026-05-16 03:58:30] [Reviewer] 正在审查第18章...
[2026-05-16 03:58:57] [Reviewer] 第18章审查完成，评分: 7.5， verdict: 需修改
[2026-05-16 03:58:58] [Reviewer] 正在审查第19章...
[2026-05-16 03:59:07] [Reviewer] 第18章审查完成，评分: 8.5， verdict: 通过
[2026-05-16 03:59:08] [Reviewer] 正在审查第19章...
[2026-05-16 03:59:28] [Reviewer] 第19章审查完成，评分: 8.5， verdict: 通过
[2026-05-16 03:59:29] [Reviewer] 正在审查第20章...
[2026-05-16 03:59:43] [Reviewer] 第19章审查完成，评分: 8.5， verdict: 通过
[2026-05-16 03:59:44] [Reviewer] 正在审查第20章...
[2026-05-16 03:59:58] [Reviewer] 第20章审查完成，评分: 8.5， verdict: 通过
[2026-05-16 03:59:59] [Reviewer] 全部完成
[2026-05-16 04:00:27] [Reviewer] JSON解析失败: Expecting value: line 36 column 5 (char 1088)
[2026-05-16 04:00:27] [Reviewer] 第20章审查完成，评分: N/A， verdict: N/A
[2026-05-16 04:00:28] [Reviewer] 全部完成
[2026-05-16 04:12:28] [Reviewer] 正在审查第21章...
[2026-05-16 04:12:40] [Reviewer] 正在审查第21章...
[2026-05-16 04:13:00] [Reviewer] 第21章审查完成，评分: 8.5， verdict: 通过
[2026-05-16 04:13:01] [Reviewer] 正在审查第22章...
[2026-05-16 04:13:15] [Reviewer] 第21章审查完成，评分: 8.5， verdict: 通过
[2026-05-16 04:13:16] [Reviewer] 正在审查第22章...
[2026-05-16 04:13:29] [Reviewer] 第22章审查完成，评分: 7.5， verdict: 需修改
[2026-05-16 04:13:30] [Reviewer] 正在审查第23章...
[2026-05-16 04:13:43] [Reviewer] 第22章审查完成，评分: 8.5， verdict: 通过
[2026-05-16 04:13:45] [Reviewer] 正在审查第23章...
[2026-05-16 04:14:03] [Reviewer] 第23章审查完成，评分: 8.0， verdict: 通过
[2026-05-16 04:14:04] [Reviewer] 正在审查第24章...
[2026-05-16 04:14:12] [Reviewer] 第23章审查完成，评分: 8.5， verdict: 需修改
[2026-05-16 04:14:13] [Reviewer] 正在审查第24章...
[2026-05-16 04:14:35] [Reviewer] 第24章审查完成，评分: 8.3， verdict: 通过
[2026-05-16 04:14:36] [Reviewer] 正在审查第25章...
[2026-05-16 04:14:41] [Reviewer] 第24章审查完成，评分: 7.5， verdict: 通过
[2026-05-16 04:14:42] [Reviewer] 正在审查第25章...
[2026-05-16 04:15:13] [Reviewer] 第25章审查完成，评分: 8.5， verdict: 通过
[2026-05-16 04:15:14] [Reviewer] 正在审查第26章...
[2026-05-16 04:15:19] [Reviewer] 第25章审查完成，评分: 7.8， verdict: 通过
[2026-05-16 04:15:20] [Reviewer] 正在审查第26章...
[2026-05-16 04:15:49] [Reviewer] 第26章审查完成，评分: 8.0， verdict: 通过
[2026-05-16 04:15:50] [Reviewer] 正在审查第27章...
[2026-05-16 04:16:00] [Reviewer] 第26章审查完成，评分: 8.5， verdict: 通过
[2026-05-16 04:16:01] [Reviewer] 正在审查第27章...
[2026-05-16 04:16:14] [Reviewer] 第27章审查完成，评分: 8.5， verdict: 通过
[2026-05-16 04:16:15] [Reviewer] 正在审查第28章...
[2026-05-16 04:16:27] [Reviewer] 第27章审查完成，评分: 8.5， verdict: 通过
[2026-05-16 04:16:28] [Reviewer] 正在审查第28章...
[2026-05-16 04:16:52] [Reviewer] 第28章审查完成，评分: 8.5， verdict: 通过
[2026-05-16 04:16:53] [Reviewer] 正在审查第29章...
[2026-05-16 04:17:00] [Reviewer] JSON解析失败: Invalid control character at: line 23 column 31 (char 538)
[2026-05-16 04:17:00] [Reviewer] 第28章审查完成，评分: N/A， verdict: N/A
[2026-05-16 04:17:01] [Reviewer] 正在审查第29章...
[2026-05-16 04:17:30] [Reviewer] 第29章审查完成，评分: 8.5， verdict: 通过
[2026-05-16 04:17:31] [Reviewer] 正在审查第30章...
[2026-05-16 04:17:39] [Reviewer] 第29章审查完成，评分: 8.5， verdict: 通过
[2026-05-16 04:17:40] [Reviewer] 正在审查第30章...
[2026-05-16 04:17:56] [Reviewer] 第30章审查完成，评分: 8.5， verdict: 通过
[2026-05-16 04:17:57] [Reviewer] 全部完成
[2026-05-16 04:18:05] [Reviewer] 第30章审查完成，评分: 8.5， verdict: 通过
[2026-05-16 04:18:06] [Reviewer] 全部完成
[2026-05-16 04:30:26] [Reviewer] 正在审查第31章...
[2026-05-16 04:30:53] [Reviewer] 正在审查第31章...
[2026-05-16 04:31:00] [Reviewer] 第31章审查完成，评分: 8.5， verdict: 通过
[2026-05-16 04:31:01] [Reviewer] 正在审查第32章...
[2026-05-16 04:31:32] [Reviewer] 第31章审查完成，评分: 7.5， verdict: 需修改
[2026-05-16 04:31:33] [Reviewer] 正在审查第32章...
[2026-05-16 04:31:42] [Reviewer] 第32章审查完成，评分: 7.5， verdict: 需修改
[2026-05-16 04:31:43] [Reviewer] 正在审查第33章...
[2026-05-16 04:32:08] [Reviewer] 第32章审查完成，评分: 8.0， verdict: 通过
[2026-05-16 04:32:09] [Reviewer] 正在审查第33章...
[2026-05-16 04:32:18] [Reviewer] 第33章审查完成，评分: 8.5， verdict: 需修改
[2026-05-16 04:32:19] [Reviewer] 正在审查第34章...
[2026-05-16 04:32:48] [Reviewer] 第33章审查完成，评分: 8.2， verdict: 通过
[2026-05-16 04:32:48] [Reviewer] 第34章审查完成，评分: 8.5， verdict: 通过
[2026-05-16 04:32:49] [Reviewer] 第34章已审查过，跳过
[2026-05-16 04:32:49] [Reviewer] 正在审查第35章...
[2026-05-16 04:32:50] [Reviewer] 正在审查第35章...
[2026-05-16 04:33:25] [Reviewer] 第35章审查完成，评分: 8.5， verdict: 通过
[2026-05-16 04:33:26] [Reviewer] 正在审查第36章...
[2026-05-16 04:33:28] [Reviewer] 第35章审查完成，评分: 8.5， verdict: 通过
[2026-05-16 04:33:29] [Reviewer] 正在审查第36章...
[2026-05-16 04:33:54] [Reviewer] 第36章审查完成，评分: 7.8， verdict: 需修改
[2026-05-16 04:33:55] [Reviewer] 正在审查第37章...
[2026-05-16 04:33:59] [Reviewer] 第36章审查完成，评分: 8.2， verdict: 通过
[2026-05-16 04:34:00] [Reviewer] 正在审查第37章...
[2026-05-16 04:34:34] [Reviewer] 第37章审查完成，评分: 8.5， verdict: 需修改
[2026-05-16 04:34:35] [Reviewer] 正在审查第38章...
[2026-05-16 04:34:35] [Reviewer] 第37章审查完成，评分: 8， verdict: 需修改
[2026-05-16 04:34:36] [Reviewer] 正在审查第38章...
[2026-05-16 04:35:09] [Reviewer] 第38章审查完成，评分: 8.0， verdict: 通过
[2026-05-16 04:35:10] [Reviewer] 正在审查第39章...
[2026-05-16 04:35:11] [Reviewer] 第38章审查完成，评分: 8.5， verdict: 通过
[2026-05-16 04:35:12] [Reviewer] 正在审查第39章...
[2026-05-16 04:35:35] [Reviewer] 第39章审查完成，评分: 8， verdict: 通过
[2026-05-16 04:35:36] [Reviewer] 正在审查第40章...
[2026-05-16 04:35:46] [Reviewer] 第39章审查完成，评分: 8.5， verdict: 通过
[2026-05-16 04:35:47] [Reviewer] 正在审查第40章...
[2026-05-16 04:36:06] [Reviewer] JSON解析失败: Expecting value: line 38 column 5 (char 1284)
[2026-05-16 04:36:06] [Reviewer] 第40章审查完成，评分: N/A， verdict: N/A
[2026-05-16 04:36:07] [Reviewer] 全部完成
[2026-05-16 04:36:25] [Reviewer] 第40章审查完成，评分: 8.5， verdict: 通过
[2026-05-16 04:36:26] [Reviewer] 全部完成
[2026-05-16 04:48:19] [Reviewer] 正在审查第41章...
[2026-05-16 04:48:51] [Reviewer] 第41章审查完成，评分: 8.5， verdict: 通过
[2026-05-16 04:48:52] [Reviewer] 正在审查第42章...
[2026-05-16 04:48:57] [Reviewer] 第41章已审查过，跳过
[2026-05-16 04:48:58] [Reviewer] 正在审查第42章...
[2026-05-16 04:49:32] [Reviewer] 第42章审查完成，评分: 8.5， verdict: 通过
[2026-05-16 04:49:33] [Reviewer] 正在审查第43章...
[2026-05-16 04:49:36] [Reviewer] 第42章审查完成，评分: 8.0， verdict: 通过
[2026-05-16 04:49:37] [Reviewer] 正在审查第43章...
[2026-05-16 04:50:00] [Reviewer] 第43章审查完成，评分: 8.5， verdict: 通过
[2026-05-16 04:50:01] [Reviewer] 正在审查第44章...
[2026-05-16 04:50:08] [Reviewer] 第43章审查完成，评分: 7.5， verdict: 通过
[2026-05-16 04:50:09] [Reviewer] 正在审查第44章...
[2026-05-16 04:50:37] [Reviewer] 第44章审查完成，评分: 8.5， verdict: 通过
[2026-05-16 04:50:38] [Reviewer] 正在审查第45章...
[2026-05-16 04:50:38] [Reviewer] 第44章审查完成，评分: 8.5， verdict: 通过
[2026-05-16 04:50:39] [Reviewer] 正在审查第45章...
[2026-05-16 04:51:17] [Reviewer] 第45章审查完成，评分: 8.5， verdict: 通过
[2026-05-16 04:51:18] [Reviewer] 正在审查第46章...
[2026-05-16 04:51:20] [Reviewer] 第45章审查完成，评分: 8.5， verdict: 通过
[2026-05-16 04:51:21] [Reviewer] 正在审查第46章...
[2026-05-16 04:51:50] [Reviewer] 第46章审查完成，评分: 8.5， verdict: 通过
[2026-05-16 04:51:51] [Reviewer] 正在审查第47章...
[2026-05-16 04:51:53] [Reviewer] 第46章审查完成，评分: 8.0， verdict: 通过
[2026-05-16 04:51:54] [Reviewer] 正在审查第47章...
[2026-05-16 04:52:17] [Reviewer] 第47章审查完成，评分: 7.5， verdict: 需修改
[2026-05-16 04:52:18] [Reviewer] 正在审查第48章...
[2026-05-16 04:52:24] [Reviewer] 第47章审查完成，评分: 7.5， verdict: 需修改
[2026-05-16 04:52:25] [Reviewer] 正在审查第48章...
[2026-05-16 04:52:41] [Reviewer] 第48章审查完成，评分: 7.5， verdict: 需修改
[2026-05-16 04:52:42] [Reviewer] 正在审查第49章...
[2026-05-16 04:53:01] [Reviewer] 第48章审查完成，评分: 8.5， verdict: 需修改
[2026-05-16 04:53:02] [Reviewer] 正在审查第49章...
[2026-05-16 04:53:11] [Reviewer] 第49章审查完成，评分: 7.8， verdict: 通过
[2026-05-16 04:53:12] [Reviewer] 正在审查第50章...
[2026-05-16 04:53:31] [Reviewer] 第49章审查完成，评分: 8.5， verdict: 需修改
[2026-05-16 04:53:32] [Reviewer] 正在审查第50章...
[2026-05-16 04:53:48] [Reviewer] 第50章审查完成，评分: 8.5， verdict: 通过
[2026-05-16 04:53:49] [Reviewer] 全部完成
[2026-05-16 04:54:05] [Reviewer] 第50章审查完成，评分: 8.2， verdict: 通过
[2026-05-16 04:54:06] [Reviewer] 全部完成
[2026-05-16 04:54:12] [Reviewer] 第51章文件不存在
[2026-05-16 04:54:13] [Reviewer] 第52章文件不存在
[2026-05-16 04:54:14] [Reviewer] 第53章文件不存在
[2026-05-16 04:54:15] [Reviewer] 第54章文件不存在
[2026-05-16 04:54:16] [Reviewer] 第55章文件不存在
[2026-05-16 04:54:17] [Reviewer] 第56章文件不存在
[2026-05-16 04:54:18] [Reviewer] 第57章文件不存在
[2026-05-16 04:54:19] [Reviewer] 第58章文件不存在
[2026-05-16 04:54:20] [Reviewer] 第59章文件不存在
[2026-05-16 04:54:21] [Reviewer] 第60章文件不存在
[2026-05-16 04:54:22] [Reviewer] 全部完成
[2026-05-16 04:54:30] [Reviewer] 第51章文件不存在
[2026-05-16 04:54:31] [Reviewer] 第52章文件不存在
[2026-05-16 04:54:32] [Reviewer] 第53章文件不存在
[2026-05-16 04:54:33] [Reviewer] 第54章文件不存在
[2026-05-16 04:54:34] [Reviewer] 第55章文件不存在
[2026-05-16 04:54:35] [Reviewer] 第56章文件不存在
[2026-05-16 04:54:36] [Reviewer] 第57章文件不存在
[2026-05-16 04:54:37] [Reviewer] 第58章文件不存在
[2026-05-16 04:54:38] [Reviewer] 第59章文件不存在
[2026-05-16 04:54:39] [Reviewer] 第60章文件不存在
[2026-05-16 04:54:40] [Reviewer] 全部完成
[2026-05-16 04:54:46] [Reviewer] 第61章文件不存在
[2026-05-16 04:54:47] [Reviewer] 第62章文件不存在
[2026-05-16 04:54:48] [Reviewer] 第63章文件不存在
[2026-05-16 04:54:49] [Reviewer] 第64章文件不存在
[2026-05-16 04:54:50] [Reviewer] 第65章文件不存在
[2026-05-16 04:54:51] [Reviewer] 第66章文件不存在
[2026-05-16 04:54:52] [Reviewer] 第67章文件不存在
[2026-05-16 04:54:53] [Reviewer] 第68章文件不存在
[2026-05-16 04:54:54] [Reviewer] 第69章文件不存在
[2026-05-16 04:54:55] [Reviewer] 第70章文件不存在
[2026-05-16 04:54:56] [Reviewer] 全部完成
[2026-05-16 04:55:03] [Reviewer] 第61章文件不存在
[2026-05-16 04:55:04] [Reviewer] 第62章文件不存在
[2026-05-16 04:55:05] [Reviewer] 第63章文件不存在
[2026-05-16 04:55:06] [Reviewer] 第64章文件不存在
[2026-05-16 04:55:07] [Reviewer] 第65章文件不存在
[2026-05-16 04:55:08] [Reviewer] 第66章文件不存在
[2026-05-16 04:55:09] [Reviewer] 第67章文件不存在
[2026-05-16 04:55:10] [Reviewer] 第68章文件不存在
[2026-05-16 04:55:11] [Reviewer] 第69章文件不存在
[2026-05-16 04:55:12] [Reviewer] 第70章文件不存在
[2026-05-16 04:55:13] [Reviewer] 全部完成
[2026-05-16 05:02:32] [Reviewer] 第71章文件不存在
[2026-05-16 05:02:33] [Reviewer] 第72章文件不存在
[2026-05-16 05:02:34] [Reviewer] 第73章文件不存在
[2026-05-16 05:02:35] [Reviewer] 第74章文件不存在
[2026-05-16 05:02:36] [Reviewer] 第75章文件不存在
[2026-05-16 05:02:37] [Reviewer] 正在审查第76章...
[2026-05-16 05:03:10] [Reviewer] 第71章文件不存在
[2026-05-16 05:03:11] [Reviewer] 第72章文件不存在
[2026-05-16 05:03:12] [Reviewer] 第73章文件不存在
[2026-05-16 05:03:13] [Reviewer] 第76章审查完成，评分: 8.5， verdict: 通过
[2026-05-16 05:03:13] [Reviewer] 第74章文件不存在
[2026-05-16 05:03:14] [Reviewer] 正在审查第77章...
[2026-05-16 05:03:14] [Reviewer] 第75章文件不存在
[2026-05-16 05:03:15] [Reviewer] 第76章已审查过，跳过
[2026-05-16 05:03:16] [Reviewer] 正在审查第77章...
[2026-05-16 05:03:52] [Reviewer] 第77章审查完成，评分: 8.2， verdict: 通过
[2026-05-16 05:03:53] [Reviewer] 正在审查第78章...
[2026-05-16 05:04:01] [Reviewer] 第77章审查完成，评分: 8.2， verdict: 通过
[2026-05-16 05:04:02] [Reviewer] 正在审查第78章...
[2026-05-16 05:04:31] [Reviewer] 第78章审查完成，评分: 7.5， verdict: 需修改
[2026-05-16 05:04:32] [Reviewer] 正在审查第79章...
[2026-05-16 05:04:37] [Reviewer] 第78章审查完成，评分: 8.5， verdict: 通过
[2026-05-16 05:04:38] [Reviewer] 正在审查第79章...
[2026-05-16 05:05:10] [Reviewer] 第79章审查完成，评分: 8.0， verdict: 通过
[2026-05-16 05:05:11] [Reviewer] 正在审查第80章...
[2026-05-16 05:05:14] [Reviewer] 第79章审查完成，评分: 8.5， verdict: 通过
[2026-05-16 05:05:15] [Reviewer] 正在审查第80章...
[2026-05-16 05:05:43] [Reviewer] 第80章审查完成，评分: 7.5， verdict: 需修改
[2026-05-16 05:05:44] [Reviewer] 全部完成
[2026-05-16 05:05:53] [Reviewer] 第80章审查完成，评分: 8.5， verdict: 通过
[2026-05-16 05:05:54] [Reviewer] 全部完成
[2026-05-16 05:19:59] [Reviewer] 正在审查第81章...
[2026-05-16 05:20:33] [Reviewer] 第81章审查完成，评分: 8.0， verdict: 通过
[2026-05-16 05:20:34] [Reviewer] 正在审查第82章...
[2026-05-16 05:20:49] [Reviewer] 第81章已审查过，跳过
[2026-05-16 05:20:50] [Reviewer] 正在审查第82章...
[2026-05-16 05:21:04] [Reviewer] 第82章审查完成，评分: 8.5， verdict: 通过
[2026-05-16 05:21:05] [Reviewer] 正在审查第83章...
[2026-05-16 05:21:13] [Reviewer] 第82章审查完成，评分: 8.5， verdict: 通过
[2026-05-16 05:21:14] [Reviewer] 正在审查第83章...
[2026-05-16 05:21:34] [Reviewer] 第83章审查完成，评分: 8.5， verdict: 通过
[2026-05-16 05:21:35] [Reviewer] 正在审查第84章...
[2026-05-16 05:21:41] [Reviewer] 第83章审查完成，评分: 7.8， verdict: 通过
[2026-05-16 05:21:42] [Reviewer] 正在审查第84章...
[2026-05-16 05:22:14] [Reviewer] 第84章审查完成，评分: 8.5， verdict: 通过
[2026-05-16 05:22:14] [Reviewer] 第84章审查完成，评分: 8.5， verdict: 通过
[2026-05-16 05:22:15] [Reviewer] 正在审查第85章...
[2026-05-16 05:22:15] [Reviewer] 正在审查第85章...
[2026-05-16 05:22:41] [Reviewer] 第85章审查完成，评分: 8.5， verdict: 通过
[2026-05-16 05:22:42] [Reviewer] 正在审查第86章...
[2026-05-16 05:22:45] [Reviewer] 第85章审查完成，评分: 8.2， verdict: 通过
[2026-05-16 05:22:46] [Reviewer] 正在审查第86章...
[2026-05-16 05:23:14] [Reviewer] 第86章审查完成，评分: 8.5， verdict: 通过
[2026-05-16 05:23:15] [Reviewer] 正在审查第87章...
[2026-05-16 05:23:17] [Reviewer] 第86章审查完成，评分: 8.5， verdict: 通过
[2026-05-16 05:23:18] [Reviewer] 正在审查第87章...
[2026-05-16 05:23:39] [Reviewer] 第87章审查完成，评分: 8.2， verdict: 通过
[2026-05-16 05:23:40] [Reviewer] 正在审查第88章...
[2026-05-16 05:23:43] [Reviewer] 第87章审查完成，评分: 8.5， verdict: 通过
[2026-05-16 05:23:44] [Reviewer] 正在审查第88章...
[2026-05-16 05:24:05] [Reviewer] 第88章审查完成，评分: 8.5， verdict: 通过
[2026-05-16 05:24:06] [Reviewer] 正在审查第89章...
[2026-05-16 05:24:17] [Reviewer] 第88章审查完成，评分: 8.5， verdict: 需修改
[2026-05-16 05:24:18] [Reviewer] 正在审查第89章...
[2026-05-16 05:24:33] [Reviewer] 第89章审查完成，评分: 8.5， verdict: 通过
[2026-05-16 05:24:34] [Reviewer] 正在审查第90章...
[2026-05-16 05:24:44] [Reviewer] 第89章审查完成，评分: 8.5， verdict: 通过
[2026-05-16 05:24:45] [Reviewer] 正在审查第90章...
[2026-05-16 05:25:15] [Reviewer] 第90章审查完成，评分: 8.3， verdict: 通过
[2026-05-16 05:25:16] [Reviewer] 全部完成
[2026-05-16 05:25:16] [Reviewer] 第90章审查完成，评分: 8.5， verdict: 通过
[2026-05-16 05:25:17] [Reviewer] 全部完成
[2026-05-16 05:38:15] [Reviewer] 正在审查第91章...
[2026-05-16 05:38:38] [Reviewer] 正在审查第91章...
[2026-05-16 05:38:41] [Reviewer] 第91章审查完成，评分: 8.5， verdict: 通过
[2026-05-16 05:38:42] [Reviewer] 正在审查第92章...
[2026-05-16 05:39:17] [Reviewer] 第91章审查完成，评分: 8.5， verdict: 通过
[2026-05-16 05:39:18] [Reviewer] 正在审查第92章...
[2026-05-16 05:39:21] [Reviewer] 第92章审查完成，评分: 7.8， verdict: 需修改
[2026-05-16 05:39:22] [Reviewer] 正在审查第93章...
[2026-05-16 05:39:45] [Reviewer] 第92章审查完成，评分: 7.8， verdict: 需修改
[2026-05-16 05:39:46] [Reviewer] 正在审查第93章...
[2026-05-16 05:39:58] [Reviewer] 第93章审查完成，评分: 8， verdict: 通过
[2026-05-16 05:39:59] [Reviewer] 正在审查第94章...
[2026-05-16 05:40:17] [Reviewer] 第93章审查完成，评分: 8.5， verdict: 通过
[2026-05-16 05:40:18] [Reviewer] 正在审查第94章...
[2026-05-16 05:40:30] [Reviewer] 第94章审查完成，评分: 8.0， verdict: 通过
[2026-05-16 05:40:31] [Reviewer] 正在审查第95章...
[2026-05-16 05:40:46] [Reviewer] 第94章审查完成，评分: 8.0， verdict: 通过
[2026-05-16 05:40:47] [Reviewer] 正在审查第95章...
[2026-05-16 05:40:56] [Reviewer] 第95章审查完成，评分: 8.5， verdict: 通过
[2026-05-16 05:40:57] [Reviewer] 正在审查第96章...
[2026-05-16 05:41:16] [Reviewer] 第95章审查完成，评分: 8.5， verdict: 通过
[2026-05-16 05:41:17] [Reviewer] 正在审查第96章...
[2026-05-16 05:41:29] [Reviewer] 第96章审查完成，评分: 8.0， verdict: 通过
[2026-05-16 05:41:30] [Reviewer] 正在审查第97章...
[2026-05-16 05:41:48] [Reviewer] 第96章审查完成，评分: 8.5， verdict: 通过
[2026-05-16 05:41:49] [Reviewer] 正在审查第97章...
[2026-05-16 05:41:52] [Reviewer] 第97章审查完成，评分: 8.5， verdict: 通过
[2026-05-16 05:41:53] [Reviewer] 正在审查第98章...
[2026-05-16 05:42:12] [Reviewer] 第97章审查完成，评分: 8.2， verdict: 需修改
[2026-05-16 05:42:13] [Reviewer] 正在审查第98章...
[2026-05-16 05:42:29] [Reviewer] 第98章审查完成，评分: 8.5， verdict: 通过
[2026-05-16 05:42:30] [Reviewer] 正在审查第99章...
[2026-05-16 05:42:42] [Reviewer] 第98章审查完成，评分: 8.5， verdict: 通过
[2026-05-16 05:42:43] [Reviewer] 正在审查第99章...
[2026-05-16 05:42:58] [Reviewer] 第99章审查完成，评分: 8.5， verdict: 通过
[2026-05-16 05:42:59] [Reviewer] 正在审查第100章...
[2026-05-16 05:43:22] [Reviewer] 第99章审查完成，评分: 8.5， verdict: 通过
[2026-05-16 05:43:23] [Reviewer] 正在审查第100章...
[2026-05-16 05:43:26] [Reviewer] 第100章审查完成，评分: 8.0， verdict: 通过
[2026-05-16 05:43:27] [Reviewer] 全部完成
[2026-05-16 05:43:41] [Reviewer] JSON解析失败: Expecting ',' delimiter: line 21 column 22 (char 424)
[2026-05-16 05:43:41] [Reviewer] 第100章审查完成，评分: N/A， verdict: N/A
[2026-05-16 05:43:42] [Reviewer] 全部完成
[2026-05-16 05:43:51] [Reviewer] 第101章文件不存在
[2026-05-16 05:43:52] [Reviewer] 第102章文件不存在
[2026-05-16 05:43:53] [Reviewer] 第103章文件不存在
[2026-05-16 05:43:54] [Reviewer] 第104章文件不存在
[2026-05-16 05:43:55] [Reviewer] 第105章文件不存在
[2026-05-16 05:43:56] [Reviewer] 第106章文件不存在
[2026-05-16 05:43:57] [Reviewer] 第107章文件不存在
[2026-05-16 05:43:58] [Reviewer] 第108章文件不存在
[2026-05-16 05:43:59] [Reviewer] 第109章文件不存在
[2026-05-16 05:44:00] [Reviewer] 第110章文件不存在
[2026-05-16 05:44:01] [Reviewer] 全部完成
[2026-05-16 05:44:06] [Reviewer] 第101章文件不存在
[2026-05-16 05:44:07] [Reviewer] 第102章文件不存在
[2026-05-16 05:44:08] [Reviewer] 第103章文件不存在
[2026-05-16 05:44:09] [Reviewer] 第104章文件不存在
[2026-05-16 05:44:10] [Reviewer] 第105章文件不存在
[2026-05-16 05:44:11] [Reviewer] 第106章文件不存在
[2026-05-16 05:44:12] [Reviewer] 第107章文件不存在
[2026-05-16 05:44:13] [Reviewer] 第108章文件不存在
[2026-05-16 05:44:14] [Reviewer] 第109章文件不存在
[2026-05-16 05:44:15] [Reviewer] 第110章文件不存在
[2026-05-16 05:44:16] [Reviewer] 全部完成
[2026-05-16 05:44:25] [Reviewer] 第111章文件不存在
[2026-05-16 05:44:26] [Reviewer] 第112章文件不存在
[2026-05-16 05:44:27] [Reviewer] 第113章文件不存在
[2026-05-16 05:44:28] [Reviewer] 第114章文件不存在
[2026-05-16 05:44:29] [Reviewer] 第115章文件不存在
[2026-05-16 05:44:30] [Reviewer] 第116章文件不存在
[2026-05-16 05:44:31] [Reviewer] 第117章文件不存在
[2026-05-16 05:44:32] [Reviewer] 第118章文件不存在
[2026-05-16 05:44:33] [Reviewer] 第119章文件不存在
[2026-05-16 05:44:34] [Reviewer] 第120章文件不存在
[2026-05-16 05:44:35] [Reviewer] 全部完成
[2026-05-16 05:44:40] [Reviewer] 第111章文件不存在
[2026-05-16 05:44:41] [Reviewer] 第112章文件不存在
[2026-05-16 05:44:42] [Reviewer] 第113章文件不存在
[2026-05-16 05:44:43] [Reviewer] 第114章文件不存在
[2026-05-16 05:44:44] [Reviewer] 第115章文件不存在
[2026-05-16 05:44:45] [Reviewer] 第116章文件不存在
[2026-05-16 05:44:46] [Reviewer] 第117章文件不存在
[2026-05-16 05:44:47] [Reviewer] 第118章文件不存在
[2026-05-16 05:44:48] [Reviewer] 第119章文件不存在
[2026-05-16 05:44:49] [Reviewer] 第120章文件不存在
[2026-05-16 05:44:50] [Reviewer] 全部完成
[2026-05-16 05:51:19] [Reviewer] 第121章文件不存在
[2026-05-16 05:51:20] [Reviewer] 第122章文件不存在
[2026-05-16 05:51:21] [Reviewer] 第123章文件不存在
[2026-05-16 05:51:22] [Reviewer] 第124章文件不存在
[2026-05-16 05:51:23] [Reviewer] 第125章文件不存在
[2026-05-16 05:51:24] [Reviewer] 正在审查第126章...
[2026-05-16 05:51:40] [Reviewer] 第121章文件不存在
[2026-05-16 05:51:41] [Reviewer] 第122章文件不存在
[2026-05-16 05:51:42] [Reviewer] 第123章文件不存在
[2026-05-16 05:51:43] [Reviewer] 第124章文件不存在
[2026-05-16 05:51:44] [Reviewer] 第125章文件不存在
[2026-05-16 05:51:45] [Reviewer] 正在审查第126章...
[2026-05-16 05:51:54] [Reviewer] 第126章审查完成，评分: 8.2， verdict: 通过
[2026-05-16 05:51:55] [Reviewer] 正在审查第127章...
[2026-05-16 05:52:13] [Reviewer] 第126章审查完成，评分: 8.5， verdict: 通过
[2026-05-16 05:52:14] [Reviewer] 正在审查第127章...
[2026-05-16 05:52:31] [Reviewer] 第127章审查完成，评分: 7.3， verdict: 需修改
[2026-05-16 05:52:32] [Reviewer] 正在审查第128章...
[2026-05-16 05:52:52] [Reviewer] 第127章审查完成，评分: 8， verdict: 通过
[2026-05-16 05:52:53] [Reviewer] 正在审查第128章...
[2026-05-16 05:53:05] [Reviewer] 第128章审查完成，评分: 8.5， verdict: 通过
[2026-05-16 05:53:06] [Reviewer] 正在审查第129章...
[2026-05-16 05:53:18] [Reviewer] 第128章审查完成，评分: 8.5， verdict: 通过
[2026-05-16 05:53:19] [Reviewer] 正在审查第129章...
[2026-05-16 05:53:32] [Reviewer] 第129章审查完成，评分: 8.0， verdict: 通过
[2026-05-16 05:53:33] [Reviewer] 正在审查第130章...
[2026-05-16 05:53:49] [Reviewer] 第129章审查完成，评分: 8.5， verdict: 通过
[2026-05-16 05:53:50] [Reviewer] 正在审查第130章...
[2026-05-16 05:54:00] [Reviewer] 第130章审查完成，评分: 8.5， verdict: 通过
[2026-05-16 05:54:01] [Reviewer] 全部完成
[2026-05-16 05:54:17] [Reviewer] 第130章审查完成，评分: 8.2， verdict: 通过
[2026-05-16 05:54:18] [Reviewer] 全部完成
[2026-05-16 06:08:10] [Reviewer] 正在审查第131章...
[2026-05-16 06:08:42] [Reviewer] 正在审查第131章...
[2026-05-16 06:08:51] [Reviewer] 第131章审查完成，评分: 8.5， verdict: 通过
[2026-05-16 06:08:52] [Reviewer] 正在审查第132章...
[2026-05-16 06:09:20] [Reviewer] 第131章审查完成，评分: 8.5， verdict: 通过
[2026-05-16 06:09:21] [Reviewer] 正在审查第132章...
[2026-05-16 06:09:30] [Reviewer] 第132章审查完成，评分: 8.0， verdict: 通过
[2026-05-16 06:09:31] [Reviewer] 正在审查第133章...
[2026-05-16 06:09:57] [Reviewer] 第132章审查完成，评分: 7.5， verdict: 需修改
[2026-05-16 06:09:58] [Reviewer] 正在审查第133章...
[2026-05-16 06:10:04] [Reviewer] 第133章审查完成，评分: 7.5， verdict: 需修改
[2026-05-16 06:10:05] [Reviewer] 正在审查第134章...
[2026-05-16 06:10:35] [Reviewer] 第134章审查完成，评分: 8.5， verdict: 通过
[2026-05-16 06:10:36] [Reviewer] 正在审查第135章...
[2026-05-16 06:10:37] [Reviewer] 第133章审查完成，评分: 7.5， verdict: 需修改
[2026-05-16 06:10:38] [Reviewer] 第134章已审查过，跳过
[2026-05-16 06:10:39] [Reviewer] 正在审查第135章...
[2026-05-16 06:11:05] [Reviewer] 第135章审查完成，评分: 8， verdict: 通过
[2026-05-16 06:11:06] [Reviewer] 正在审查第136章...
[2026-05-16 06:11:21] [Reviewer] 第135章审查完成，评分: 8.5， verdict: 通过
[2026-05-16 06:11:22] [Reviewer] 正在审查第136章...
[2026-05-16 06:11:41] [Reviewer] 第136章审查完成，评分: 8.5， verdict: 通过
[2026-05-16 06:11:42] [Reviewer] 正在审查第137章...
[2026-05-16 06:11:48] [Reviewer] 第136章审查完成，评分: 7.8， verdict: 通过
[2026-05-16 06:11:49] [Reviewer] 正在审查第137章...
[2026-05-16 06:12:13] [Reviewer] 第137章审查完成，评分: 8.5， verdict: 通过
[2026-05-16 06:12:14] [Reviewer] 正在审查第138章...
[2026-05-16 06:12:23] [Reviewer] 第137章审查完成，评分: 7.5， verdict: 通过
[2026-05-16 06:12:24] [Reviewer] 正在审查第138章...
[2026-05-16 06:12:47] [Reviewer] 第138章审查完成，评分: 8.2， verdict: 通过
[2026-05-16 06:12:48] [Reviewer] 正在审查第139章...
[2026-05-16 06:13:00] [Reviewer] 第138章审查完成，评分: 7.6， verdict: 需修改
[2026-05-16 06:13:01] [Reviewer] 正在审查第139章...
[2026-05-16 06:13:17] [Reviewer] 第139章审查完成，评分: 7.5， verdict: 需修改
[2026-05-16 06:13:18] [Reviewer] 正在审查第140章...
[2026-05-16 06:13:29] [Reviewer] 第139章审查完成，评分: 8.2， verdict: 通过
[2026-05-16 06:13:30] [Reviewer] 正在审查第140章...
[2026-05-16 06:13:55] [Reviewer] 第140章审查完成，评分: 8.0， verdict: 通过
[2026-05-16 06:13:56] [Reviewer] 全部完成
[2026-05-16 06:14:10] [Reviewer] 第140章审查完成，评分: 7.5， verdict: 需修改
[2026-05-16 06:14:11] [Reviewer] 全部完成
[2026-05-16 06:26:07] [Reviewer] 正在审查第141章...
[2026-05-16 06:26:20] [Reviewer] 正在审查第141章...
[2026-05-16 06:26:40] [Reviewer] 第141章审查完成，评分: 8.5， verdict: 通过
[2026-05-16 06:26:41] [Reviewer] 正在审查第142章...
[2026-05-16 06:26:55] [Reviewer] 第141章审查完成，评分: 7.5， verdict: 需修改
[2026-05-16 06:26:56] [Reviewer] 正在审查第142章...
[2026-05-16 06:27:12] [Reviewer] 第142章审查完成，评分: 8.5， verdict: 通过
[2026-05-16 06:27:13] [Reviewer] 正在审查第143章...
[2026-05-16 06:27:22] [Reviewer] 第142章审查完成，评分: 8.2， verdict: 通过
[2026-05-16 06:27:23] [Reviewer] 正在审查第143章...
[2026-05-16 06:27:46] [Reviewer] 第143章审查完成，评分: 7.9， verdict: 需修改
[2026-05-16 06:27:47] [Reviewer] 正在审查第144章...
[2026-05-16 06:27:52] [Reviewer] 第143章审查完成，评分: 8.5， verdict: 通过
[2026-05-16 06:27:53] [Reviewer] 正在审查第144章...
[2026-05-16 06:28:17] [Reviewer] 第144章审查完成，评分: 8.5， verdict: 通过
[2026-05-16 06:28:18] [Reviewer] 正在审查第145章...
[2026-05-16 06:28:19] [Reviewer] 第144章审查完成，评分: 8.5， verdict: 通过
[2026-05-16 06:28:20] [Reviewer] 正在审查第145章...
[2026-05-16 06:28:46] [Reviewer] 第145章审查完成，评分: 7.8， verdict: 通过
[2026-05-16 06:28:47] [Reviewer] 正在审查第146章...
[2026-05-16 06:29:00] [Reviewer] 第145章审查完成，评分: 8.5， verdict: 通过
[2026-05-16 06:29:01] [Reviewer] 正在审查第146章...
[2026-05-16 06:29:15] [Reviewer] 第146章审查完成，评分: 8.2， verdict: 通过
[2026-05-16 06:29:16] [Reviewer] 正在审查第147章...
[2026-05-16 06:29:32] [Reviewer] 第146章审查完成，评分: 8.5， verdict: 通过
[2026-05-16 06:29:33] [Reviewer] 正在审查第147章...
[2026-05-16 06:29:38] [Reviewer] 第147章审查完成，评分: 7.5， verdict: 需修改
[2026-05-16 06:29:39] [Reviewer] 正在审查第148章...
[2026-05-16 06:29:57] [Reviewer] 第147章审查完成，评分: 8.5， verdict: 需修改
[2026-05-16 06:29:58] [Reviewer] 正在审查第148章...
[2026-05-16 06:30:08] [Reviewer] 第148章审查完成，评分: 7.5， verdict: 通过
[2026-05-16 06:30:09] [Reviewer] 正在审查第149章...
[2026-05-16 06:30:29] [Reviewer] 第148章审查完成，评分: 7.5， verdict: 需修改
[2026-05-16 06:30:30] [Reviewer] 正在审查第149章...
[2026-05-16 06:30:46] [Reviewer] 第149章审查完成，评分: 8， verdict: 需修改
[2026-05-16 06:30:47] [Reviewer] 正在审查第150章...
[2026-05-16 06:30:50] [Reviewer] 第149章审查完成，评分: 7.8， verdict: 需修改
[2026-05-16 06:30:51] [Reviewer] 正在审查第150章...
[2026-05-16 06:31:16] [Reviewer] 第150章审查完成，评分: 7.8， verdict: 通过
[2026-05-16 06:31:17] [Reviewer] 全部完成
[2026-05-16 06:31:27] [Reviewer] 第150章审查完成，评分: 8.0， verdict: 通过
[2026-05-16 06:31:28] [Reviewer] 全部完成
[2026-05-16 06:43:37] [Reviewer] 正在审查第151章...
[2026-05-16 06:44:00] [Reviewer] 正在审查第151章...
[2026-05-16 06:44:11] [Reviewer] 第151章审查完成，评分: 8.5， verdict: 通过
[2026-05-16 06:44:12] [Reviewer] 正在审查第152章...
[2026-05-16 06:44:28] [Reviewer] 第151章审查完成，评分: 7.8， verdict: 通过
[2026-05-16 06:44:29] [Reviewer] 正在审查第152章...
[2026-05-16 06:44:40] [Reviewer] 第152章审查完成，评分: 7.8， verdict: 通过
[2026-05-16 06:44:41] [Reviewer] 正在审查第153章...
[2026-05-16 06:45:04] [Reviewer] 第152章审查完成，评分: 8.5， verdict: 通过
[2026-05-16 06:45:05] [Reviewer] 正在审查第153章...
[2026-05-16 06:45:13] [Reviewer] 第153章审查完成，评分: 8.5， verdict: 通过
[2026-05-16 06:45:14] [Reviewer] 正在审查第154章...
[2026-05-16 06:45:41] [Reviewer] 第153章审查完成，评分: 8.0， verdict: 通过
[2026-05-16 06:45:42] [Reviewer] 正在审查第154章...
[2026-05-16 06:45:48] [Reviewer] 第154章审查完成，评分: 8.5， verdict: 通过
[2026-05-16 06:45:49] [Reviewer] 正在审查第155章...
[2026-05-16 06:46:07] [Reviewer] 第154章审查完成，评分: 8.0， verdict: 需修改
[2026-05-16 06:46:08] [Reviewer] 正在审查第155章...
[2026-05-16 06:46:20] [Reviewer] 第155章审查完成，评分: 8.5， verdict: 通过
[2026-05-16 06:46:21] [Reviewer] 正在审查第156章...
[2026-05-16 06:46:39] [Reviewer] 第155章审查完成，评分: 8.5， verdict: 通过
[2026-05-16 06:46:40] [Reviewer] 正在审查第156章...
[2026-05-16 06:46:53] [Reviewer] 第156章审查完成，评分: 8.5， verdict: 需修改
[2026-05-16 06:46:54] [Reviewer] 正在审查第157章...
[2026-05-16 06:47:17] [Reviewer] 第156章审查完成，评分: 8.5， verdict: 通过
[2026-05-16 06:47:18] [Reviewer] 正在审查第157章...
[2026-05-16 06:47:26] [Reviewer] 第157章审查完成，评分: 8， verdict: 通过
[2026-05-16 06:47:27] [Reviewer] 正在审查第158章...
[2026-05-16 06:47:49] [Reviewer] 第157章审查完成，评分: 7.5， verdict: 需修改
[2026-05-16 06:47:50] [Reviewer] 正在审查第158章...
[2026-05-16 06:47:57] [Reviewer] 第158章审查完成，评分: 8， verdict: 通过
[2026-05-16 06:47:58] [Reviewer] 正在审查第159章...
[2026-05-16 06:48:23] [Reviewer] 第158章审查完成，评分: 8.2， verdict: 通过
[2026-05-16 06:48:24] [Reviewer] 正在审查第159章...
[2026-05-16 06:48:28] [Reviewer] 第159章审查完成，评分: 8.0， verdict: 通过
[2026-05-16 06:48:29] [Reviewer] 正在审查第160章...
[2026-05-16 06:49:04] [Reviewer] 第160章审查完成，评分: 8.5， verdict: 需修改
[2026-05-16 06:49:05] [Reviewer] 全部完成
[2026-05-16 06:49:06] [Reviewer] 第159章审查完成，评分: 8.5， verdict: 通过
[2026-05-16 06:49:07] [Reviewer] 第160章已审查过，跳过
[2026-05-16 06:49:08] [Reviewer] 全部完成
[2026-05-16 07:01:31] [Reviewer] 正在审查第161章...
[2026-05-16 07:01:40] [Reviewer] 正在审查第161章...
[2026-05-16 07:02:02] [Reviewer] 第161章审查完成，评分: 8.2， verdict: 通过
[2026-05-16 07:02:03] [Reviewer] 正在审查第162章...
[2026-05-16 07:02:13] [Reviewer] 第161章审查完成，评分: 8.2， verdict: 通过
[2026-05-16 07:02:14] [Reviewer] 正在审查第162章...
[2026-05-16 07:02:43] [Reviewer] 第162章审查完成，评分: 8.0， verdict: 通过
[2026-05-16 07:02:44] [Reviewer] 正在审查第163章...
[2026-05-16 07:02:52] [Reviewer] 第162章审查完成，评分: 8.2， verdict: 通过
[2026-05-16 07:02:53] [Reviewer] 正在审查第163章...
[2026-05-16 07:03:26] [Reviewer] 第163章审查完成，评分: 8.5， verdict: 通过
[2026-05-16 07:03:28] [Reviewer] 正在审查第164章...
[2026-05-16 07:03:32] [Reviewer] 第163章审查完成，评分: 8.5， verdict: 通过
[2026-05-16 07:03:33] [Reviewer] 正在审查第164章...
[2026-05-16 07:04:04] [Reviewer] 第164章审查完成，评分: 8.0， verdict: 需修改
[2026-05-16 07:04:05] [Reviewer] 正在审查第165章...
[2026-05-16 07:04:08] [Reviewer] 第164章审查完成，评分: 7.8， verdict: 需修改
[2026-05-16 07:04:09] [Reviewer] 正在审查第165章...
[2026-05-16 07:04:40] [Reviewer] 第165章审查完成，评分: 7.8， verdict: 通过
[2026-05-16 07:04:41] [Reviewer] 正在审查第166章...
[2026-05-16 07:04:46] [Reviewer] 第165章审查完成，评分: 8.5， verdict: 通过
[2026-05-16 07:04:47] [Reviewer] 正在审查第166章...
[2026-05-16 07:05:15] [Reviewer] 第166章审查完成，评分: 8.5， verdict: 通过
[2026-05-16 07:05:16] [Reviewer] 正在审查第167章...
[2026-05-16 07:05:25] [Reviewer] 第166章审查完成，评分: 8.5， verdict: 通过
[2026-05-16 07:05:26] [Reviewer] 正在审查第167章...
[2026-05-16 07:05:52] [Reviewer] 第167章审查完成，评分: 8.0， verdict: 通过
[2026-05-16 07:05:53] [Reviewer] 正在审查第168章...
[2026-05-16 07:06:08] [Reviewer] 第167章审查完成，评分: 8.5， verdict: 通过
[2026-05-16 07:06:09] [Reviewer] 正在审查第168章...
[2026-05-16 07:06:28] [Reviewer] 第168章审查完成，评分: 8.2， verdict: 通过
[2026-05-16 07:06:29] [Reviewer] 正在审查第169章...
[2026-05-16 07:06:46] [Reviewer] 第168章审查完成，评分: 8.2， verdict: 通过
[2026-05-16 07:06:47] [Reviewer] 正在审查第169章...
[2026-05-16 07:07:06] [Reviewer] JSON解析失败: Expecting ',' delimiter: line 21 column 18 (char 426)
[2026-05-16 07:07:06] [Reviewer] 第169章审查完成，评分: N/A， verdict: N/A
[2026-05-16 07:07:07] [Reviewer] 正在审查第170章...
[2026-05-16 07:07:31] [Reviewer] 第169章审查完成，评分: 7.8， verdict: 通过
[2026-05-16 07:07:32] [Reviewer] 正在审查第170章...
[2026-05-16 07:07:35] [Reviewer] 第170章审查完成，评分: 7.5， verdict: 需修改
[2026-05-16 07:07:36] [Reviewer] 全部完成
[2026-05-16 07:08:02] [Reviewer] 第170章审查完成，评分: 7.5， verdict: 需修改
[2026-05-16 07:08:03] [Reviewer] 全部完成
[2026-05-16 07:21:42] [Reviewer] 正在审查第171章...
[2026-05-16 07:21:44] [Reviewer] 正在审查第171章...
[2026-05-16 07:22:24] [Reviewer] 第171章审查完成，评分: 8.5， verdict: 通过
[2026-05-16 07:22:25] [Reviewer] 正在审查第172章...
[2026-05-16 07:22:30] [Reviewer] 第171章审查完成，评分: 8.5， verdict: 通过
[2026-05-16 07:22:31] [Reviewer] 正在审查第172章...
[2026-05-16 07:22:57] [Reviewer] JSON解析失败: Expecting ',' delimiter: line 21 column 32 (char 444)
[2026-05-16 07:22:57] [Reviewer] 第172章审查完成，评分: N/A， verdict: N/A
[2026-05-16 07:22:58] [Reviewer] 正在审查第173章...
[2026-05-16 07:23:04] [Reviewer] 第172章审查完成，评分: 7.5， verdict: 通过
[2026-05-16 07:23:06] [Reviewer] 正在审查第173章...
[2026-05-16 07:23:34] [Reviewer] JSON解析失败: Expecting ',' delimiter: line 31 column 32 (char 786)
[2026-05-16 07:23:34] [Reviewer] 第173章审查完成，评分: N/A， verdict: N/A
[2026-05-16 07:23:35] [Reviewer] 正在审查第174章...
[2026-05-16 07:23:43] [Reviewer] 第173章审查完成，评分: 7.5， verdict: 需修改
[2026-05-16 07:23:44] [Reviewer] 正在审查第174章...
[2026-05-16 07:24:11] [Reviewer] 第174章审查完成，评分: 8.5， verdict: 通过
[2026-05-16 07:24:12] [Reviewer] 正在审查第175章...
[2026-05-16 07:24:22] [Reviewer] 第174章审查完成，评分: 8.5， verdict: 通过
[2026-05-16 07:24:23] [Reviewer] 正在审查第175章...
[2026-05-16 07:24:51] [Reviewer] 第175章审查完成，评分: 8.5， verdict: 通过
[2026-05-16 07:24:52] [Reviewer] 正在审查第176章...
[2026-05-16 07:24:56] [Reviewer] 第175章审查完成，评分: 8.5， verdict: 通过
[2026-05-16 07:24:57] [Reviewer] 正在审查第176章...
[2026-05-16 07:25:22] [Reviewer] 第176章审查完成，评分: 8.2， verdict: 需修改
[2026-05-16 07:25:23] [Reviewer] 正在审查第177章...
[2026-05-16 07:25:37] [Reviewer] 第176章审查完成，评分: 8.5， verdict: 通过
[2026-05-16 07:25:38] [Reviewer] 正在审查第177章...
[2026-05-16 07:25:57] [Reviewer] JSON解析失败: Expecting ',' delimiter: line 30 column 36 (char 824)
[2026-05-16 07:25:57] [Reviewer] 第177章审查完成，评分: N/A， verdict: N/A
[2026-05-16 07:25:58] [Reviewer] 正在审查第178章...
[2026-05-16 07:26:09] [Reviewer] 第177章审查完成，评分: 8.2， verdict: 通过
[2026-05-16 07:26:10] [Reviewer] 正在审查第178章...
[2026-05-16 07:26:28] [Reviewer] 第178章审查完成，评分: 8.5， verdict: 通过
[2026-05-16 07:26:29] [Reviewer] 正在审查第179章...
[2026-05-16 07:26:52] [Reviewer] 第178章审查完成，评分: 7.8， verdict: 通过
[2026-05-16 07:26:53] [Reviewer] 正在审查第179章...
[2026-05-16 07:27:01] [Reviewer] 第179章审查完成，评分: 8.5， verdict: 通过
[2026-05-16 07:27:02] [Reviewer] 正在审查第180章...
[2026-05-16 07:27:24] [Reviewer] 第179章审查完成，评分: 8.5， verdict: 通过
[2026-05-16 07:27:25] [Reviewer] 正在审查第180章...
[2026-05-16 07:27:45] [Reviewer] 第180章审查完成，评分: 8.5， verdict: 通过
[2026-05-16 07:27:46] [Reviewer] 全部完成
[2026-05-16 07:27:59] [Reviewer] 第180章审查完成，评分: 8.5， verdict: 通过
[2026-05-16 07:28:00] [Reviewer] 全部完成
[2026-05-16 07:41:50] [Reviewer] 正在审查第181章...
[2026-05-16 07:42:05] [Reviewer] 正在审查第181章...
[2026-05-16 07:42:24] [Reviewer] 第181章审查完成，评分: 8.5， verdict: 通过
[2026-05-16 07:42:25] [Reviewer] 正在审查第182章...
[2026-05-16 07:42:53] [Reviewer] 第181章审查完成，评分: 8.5， verdict: 通过
[2026-05-16 07:42:54] [Reviewer] 第182章审查完成，评分: 8.0， verdict: 通过
[2026-05-16 07:42:54] [Reviewer] 第182章已审查过，跳过
[2026-05-16 07:42:55] [Reviewer] 正在审查第183章...
[2026-05-16 07:42:56] [Reviewer] 正在审查第183章...
[2026-05-16 07:43:27] [Reviewer] 第183章审查完成，评分: 8.0， verdict: 通过
[2026-05-16 07:43:27] [Reviewer] 第183章审查完成，评分: 8.5， verdict: 通过
[2026-05-16 07:43:28] [Reviewer] 正在审查第184章...
[2026-05-16 07:43:28] [Reviewer] 正在审查第184章...
[2026-05-16 07:43:55] [Reviewer] 第184章审查完成，评分: 7.5， verdict: 通过
[2026-05-16 07:43:56] [Reviewer] 正在审查第185章...
[2026-05-16 07:43:58] [Reviewer] 第184章审查完成，评分: 8.5， verdict: 通过
[2026-05-16 07:43:59] [Reviewer] 正在审查第185章...
[2026-05-16 07:44:23] [Reviewer] 第185章审查完成，评分: 8.5， verdict: 通过
[2026-05-16 07:44:25] [Reviewer] 正在审查第186章...
[2026-05-16 07:44:34] [Reviewer] 第185章审查完成，评分: 7.5， verdict: 需修改
[2026-05-16 07:44:35] [Reviewer] 正在审查第186章...
[2026-05-16 07:45:10] [Reviewer] 第186章审查完成，评分: 8.5， verdict: 需修改
[2026-05-16 07:45:11] [Reviewer] 正在审查第187章...
[2026-05-16 07:45:25] [Reviewer] 第186章审查完成，评分: 8.5， verdict: 通过
[2026-05-16 07:45:26] [Reviewer] 正在审查第187章...
[2026-05-16 07:45:44] [Reviewer] 第187章审查完成，评分: 8.0， verdict: 通过
[2026-05-16 07:45:45] [Reviewer] 正在审查第188章...
[2026-05-16 07:46:08] [Reviewer] 第187章审查完成，评分: 8.5， verdict: 通过
[2026-05-16 07:46:09] [Reviewer] 正在审查第188章...
[2026-05-16 07:46:21] [Reviewer] 第188章审查完成，评分: 8.5， verdict: 通过
[2026-05-16 07:46:22] [Reviewer] 正在审查第189章...
[2026-05-16 07:46:36] [Reviewer] 第188章审查完成，评分: 8.5， verdict: 通过
[2026-05-16 07:46:37] [Reviewer] 正在审查第189章...
[2026-05-16 07:46:53] [Reviewer] 第189章审查完成，评分: 8.5， verdict: 通过
[2026-05-16 07:46:54] [Reviewer] 正在审查第190章...
[2026-05-16 07:47:03] [Reviewer] 第189章审查完成，评分: 7.5， verdict: 需修改
[2026-05-16 07:47:04] [Reviewer] 正在审查第190章...
[2026-05-16 07:47:24] [Reviewer] 第190章审查完成，评分: 8.5， verdict: 通过
[2026-05-16 07:47:25] [Reviewer] 全部完成
[2026-05-16 07:47:45] [Reviewer] 第190章审查完成，评分: 8.5， verdict: 通过
[2026-05-16 07:47:46] [Reviewer] 全部完成
[2026-05-16 07:59:35] [Reviewer] 正在审查第191章...
[2026-05-16 08:00:07] [Reviewer] 第191章审查完成，评分: 8， verdict: 通过
[2026-05-16 08:00:08] [Reviewer] 正在审查第192章...
[2026-05-16 08:00:43] [Reviewer] 第192章审查完成，评分: 8.3， verdict: 通过
[2026-05-16 08:00:44] [Reviewer] 正在审查第193章...
[2026-05-16 08:01:01] [Reviewer] 第191章已审查过，跳过
[2026-05-16 08:01:02] [Reviewer] 第192章已审查过，跳过
[2026-05-16 08:01:03] [Reviewer] 正在审查第193章...
[2026-05-16 08:01:28] [Reviewer] 第193章审查完成，评分: 8.2， verdict: 通过
[2026-05-16 08:01:30] [Reviewer] 正在审查第194章...
[2026-05-16 08:01:45] [Reviewer] 第193章审查完成，评分: 8.0， verdict: 通过
[2026-05-16 08:01:46] [Reviewer] 正在审查第194章...
[2026-05-16 08:02:06] [Reviewer] 第194章审查完成，评分: 8.0， verdict: 需修改
[2026-05-16 08:02:07] [Reviewer] 正在审查第195章...
[2026-05-16 08:02:23] [Reviewer] 第194章审查完成，评分: 8.2， verdict: 通过
[2026-05-16 08:02:24] [Reviewer] 正在审查第195章...
[2026-05-16 08:02:34] [Reviewer] 第195章审查完成，评分: 7.5， verdict: 需修改
[2026-05-16 08:02:35] [Reviewer] 正在审查第196章...
[2026-05-16 08:03:00] [Reviewer] 第195章审查完成，评分: 7.8， verdict: 需修改
[2026-05-16 08:03:01] [Reviewer] 正在审查第196章...
[2026-05-16 08:03:26] [Reviewer] 第196章审查完成，评分: 8.5， verdict: 通过
[2026-05-16 08:03:27] [Reviewer] 正在审查第197章...
[2026-05-16 08:03:40] [Reviewer] 第196章审查完成，评分: 8.2， verdict: 通过
[2026-05-16 08:03:41] [Reviewer] 正在审查第197章...
[2026-05-16 08:04:06] [Reviewer] 第197章审查完成，评分: 7.5， verdict: 需修改
[2026-05-16 08:04:07] [Reviewer] 正在审查第198章...
[2026-05-16 08:04:11] [Reviewer] 第197章审查完成，评分: 8.5， verdict: 通过
[2026-05-16 08:04:12] [Reviewer] 正在审查第198章...
[2026-05-16 08:04:46] [Reviewer] 第198章审查完成，评分: 8.5， verdict: 通过
[2026-05-16 08:04:47] [Reviewer] 正在审查第199章...
[2026-05-16 08:04:50] [Reviewer] 第198章审查完成，评分: 7.8， verdict: 通过
[2026-05-16 08:04:51] [Reviewer] 正在审查第199章...
[2026-05-16 08:05:18] [Reviewer] 第199章审查完成，评分: 8.5， verdict: 通过
[2026-05-16 08:05:19] [Reviewer] 正在审查第200章...
[2026-05-16 08:05:26] [Reviewer] 第199章审查完成，评分: 8， verdict: 通过
[2026-05-16 08:05:27] [Reviewer] 正在审查第200章...
[2026-05-16 08:06:04] [Reviewer] 第200章审查完成，评分: 7.8， verdict: 需修改
[2026-05-16 08:06:05] [Reviewer] 全部完成
[2026-05-16 08:06:07] [Reviewer] 第200章审查完成，评分: 8.2， verdict: 通过
[2026-05-16 08:06:08] [Reviewer] 全部完成
[2026-05-16 08:18:10] [Reviewer] 正在审查第201章...
[2026-05-16 08:18:40] [Reviewer] 第201章审查完成，评分: 8.5， verdict: 通过
[2026-05-16 08:18:41] [Reviewer] 正在审查第202章...
[2026-05-16 08:18:53] [Reviewer] 第201章已审查过，跳过
[2026-05-16 08:18:54] [Reviewer] 正在审查第202章...
[2026-05-16 08:19:10] [Reviewer] 第202章审查完成，评分: 7.5， verdict: 通过
[2026-05-16 08:19:11] [Reviewer] 正在审查第203章...
[2026-05-16 08:19:20] [Reviewer] 第202章审查完成，评分: 8.2， verdict: 通过
[2026-05-16 08:19:21] [Reviewer] 正在审查第203章...
[2026-05-16 08:19:39] [Reviewer] 第203章审查完成，评分: 8.5， verdict: 通过
[2026-05-16 08:19:40] [Reviewer] 正在审查第204章...
[2026-05-16 08:19:47] [Reviewer] 第203章审查完成，评分: 7.5， verdict: 需修改
[2026-05-16 08:19:48] [Reviewer] 正在审查第204章...
[2026-05-16 08:20:06] [Reviewer] 第204章审查完成，评分: 8.0， verdict: 通过
[2026-05-16 08:20:07] [Reviewer] 正在审查第205章...
[2026-05-16 08:20:19] [Reviewer] 第204章审查完成，评分: 8.5， verdict: 通过
[2026-05-16 08:20:20] [Reviewer] 正在审查第205章...
[2026-05-16 08:20:41] [Reviewer] 第205章审查完成，评分: 8.5， verdict: 需修改
[2026-05-16 08:20:42] [Reviewer] 正在审查第206章...
[2026-05-16 08:20:51] [Reviewer] 第205章审查完成，评分: 7.5， verdict: 需修改
[2026-05-16 08:20:52] [Reviewer] 正在审查第206章...
[2026-05-16 08:21:19] [Reviewer] 第206章审查完成，评分: 8.2， verdict: 需修改
[2026-05-16 08:21:20] [Reviewer] 第206章审查完成，评分: 8.5， verdict: 通过
[2026-05-16 08:21:20] [Reviewer] 正在审查第207章...
[2026-05-16 08:21:21] [Reviewer] 正在审查第207章...
[2026-05-16 08:21:48] [Reviewer] 第207章审查完成，评分: 8.2， verdict: 通过
[2026-05-16 08:21:48] [Reviewer] 第207章审查完成，评分: 8.5， verdict: 通过
[2026-05-16 08:21:49] [Reviewer] 正在审查第208章...
[2026-05-16 08:21:49] [Reviewer] 正在审查第208章...
[2026-05-16 08:22:14] [Reviewer] 第208章审查完成，评分: 7.2， verdict: 需修改
[2026-05-16 08:22:15] [Reviewer] 正在审查第209章...
[2026-05-16 08:22:16] [Reviewer] 第208章审查完成，评分: 7.5， verdict: 需修改
[2026-05-16 08:22:17] [Reviewer] 正在审查第209章...
[2026-05-16 08:22:46] [Reviewer] 第209章审查完成，评分: 8.5， verdict: 通过
[2026-05-16 08:22:47] [Reviewer] 正在审查第210章...
[2026-05-16 08:22:48] [Reviewer] 第209章审查完成，评分: 8.5， verdict: 通过
[2026-05-16 08:22:49] [Reviewer] 正在审查第210章...
[2026-05-16 08:23:13] [Reviewer] 第210章审查完成，评分: 7.5， verdict: 需修改
[2026-05-16 08:23:14] [Reviewer] 全部完成
[2026-05-16 08:23:16] [Reviewer] 第210章审查完成，评分: 8.5， verdict: 通过
[2026-05-16 08:23:17] [Reviewer] 全部完成
[2026-05-16 08:35:57] [Reviewer] 正在审查第211章...
[2026-05-16 08:36:25] [Reviewer] 正在审查第211章...
[2026-05-16 08:36:28] [Reviewer] 第211章审查完成，评分: 8.5， verdict: 通过
[2026-05-16 08:36:29] [Reviewer] 正在审查第212章...
[2026-05-16 08:36:55] [Reviewer] 第211章审查完成，评分: 8， verdict: 通过
[2026-05-16 08:36:56] [Reviewer] 正在审查第212章...
[2026-05-16 08:37:01] [Reviewer] 第212章审查完成，评分: 8.2， verdict: 通过
[2026-05-16 08:37:02] [Reviewer] 正在审查第213章...
[2026-05-16 08:37:29] [Reviewer] 第213章审查完成，评分: 8.5， verdict: 通过
[2026-05-16 08:37:30] [Reviewer] 正在审查第214章...
[2026-05-16 08:37:36] [Reviewer] 第212章审查完成，评分: 8.3， verdict: 通过
[2026-05-16 08:37:37] [Reviewer] 第213章已审查过，跳过
[2026-05-16 08:37:38] [Reviewer] 正在审查第214章...
[2026-05-16 08:38:00] [Reviewer] 第214章审查完成，评分: 8.2， verdict: 通过
[2026-05-16 08:38:01] [Reviewer] 正在审查第215章...
[2026-05-16 08:38:10] [Reviewer] 第214章审查完成，评分: 8.5， verdict: 通过
[2026-05-16 08:38:11] [Reviewer] 正在审查第215章...
[2026-05-16 08:38:32] [Reviewer] 第215章审查完成，评分: 8.5， verdict: 通过
[2026-05-16 08:38:33] [Reviewer] 正在审查第216章...
[2026-05-16 08:38:41] [Reviewer] 第215章审查完成，评分: 8.2， verdict: 通过
[2026-05-16 08:38:42] [Reviewer] 正在审查第216章...
[2026-05-16 08:39:00] [Reviewer] 第216章审查完成，评分: 8.5， verdict: 通过
[2026-05-16 08:39:01] [Reviewer] 正在审查第217章...
[2026-05-16 08:39:19] [Reviewer] 第216章审查完成，评分: 8.5， verdict: 通过
[2026-05-16 08:39:20] [Reviewer] 正在审查第217章...
[2026-05-16 08:39:39] [Reviewer] 第217章审查完成，评分: 8.5， verdict: 通过
[2026-05-16 08:39:40] [Reviewer] 正在审查第218章...
[2026-05-16 08:39:46] [Reviewer] 第217章审查完成，评分: 8.5， verdict: 通过
[2026-05-16 08:39:47] [Reviewer] 正在审查第218章...
[2026-05-16 08:40:09] [Reviewer] 第218章审查完成，评分: 8.5， verdict: 通过
[2026-05-16 08:40:10] [Reviewer] 正在审查第219章...
[2026-05-16 08:40:17] [Reviewer] 第218章审查完成，评分: 8.2， verdict: 通过
[2026-05-16 08:40:18] [Reviewer] 正在审查第219章...
[2026-05-16 08:40:45] [Reviewer] 第219章审查完成，评分: 8.5， verdict: 通过
[2026-05-16 08:40:46] [Reviewer] 正在审查第220章...
[2026-05-16 08:40:51] [Reviewer] 第219章审查完成，评分: 8.5， verdict: 通过
[2026-05-16 08:40:52] [Reviewer] 正在审查第220章...
[2026-05-16 08:41:22] [Reviewer] 第220章审查完成，评分: 8.2， verdict: 通过
[2026-05-16 08:41:23] [Reviewer] 全部完成
[2026-05-16 08:41:23] [Reviewer] 第220章审查完成，评分: 8.2， verdict: 通过
[2026-05-16 08:41:24] [Reviewer] 全部完成
[2026-05-16 08:54:23] [Reviewer] 正在审查第221章...
[2026-05-16 08:54:35] [Reviewer] 正在审查第221章...
[2026-05-16 08:54:54] [Reviewer] 第221章审查完成，评分: 8， verdict: 通过
[2026-05-16 08:54:55] [Reviewer] 正在审查第222章...
[2026-05-16 08:54:58] [Reviewer] 第221章审查完成，评分: 8.5， verdict: 通过
[2026-05-16 08:54:59] [Reviewer] 正在审查第222章...
[2026-05-16 08:55:26] [Reviewer] 第222章审查完成，评分: 8.5， verdict: 通过
[2026-05-16 08:55:27] [Reviewer] 正在审查第223章...
[2026-05-16 08:55:29] [Reviewer] 第222章审查完成，评分: 8.5， verdict: 通过
[2026-05-16 08:55:30] [Reviewer] 正在审查第223章...
[2026-05-16 08:55:51] [Reviewer] 第223章审查完成，评分: 8.2， verdict: 通过
[2026-05-16 08:55:52] [Reviewer] 正在审查第224章...
[2026-05-16 08:55:59] [Reviewer] 第223章审查完成，评分: 8.5， verdict: 通过
[2026-05-16 08:56:00] [Reviewer] 正在审查第224章...
[2026-05-16 08:56:18] [Reviewer] 第224章审查完成，评分: 7.5， verdict: 需修改
[2026-05-16 08:56:19] [Reviewer] 正在审查第225章...
[2026-05-16 08:56:24] [Reviewer] 第224章审查完成，评分: 7.8， verdict: 需修改
[2026-05-16 08:56:25] [Reviewer] 正在审查第225章...
[2026-05-16 08:56:47] [Reviewer] 第225章审查完成，评分: 8.5， verdict: 通过
[2026-05-16 08:56:48] [Reviewer] 正在审查第226章...
[2026-05-16 08:56:54] [Reviewer] 第225章审查完成，评分: 8.5， verdict: 通过
[2026-05-16 08:56:55] [Reviewer] 正在审查第226章...
[2026-05-16 08:57:20] [Reviewer] 第226章审查完成，评分: 8.5， verdict: 通过
[2026-05-16 08:57:21] [Reviewer] 正在审查第227章...
[2026-05-16 08:57:22] [Reviewer] 第226章审查完成，评分: 7.5， verdict: 需修改
[2026-05-16 08:57:23] [Reviewer] 正在审查第227章...
[2026-05-16 08:57:47] [Reviewer] 第227章审查完成，评分: 8.5， verdict: 通过
[2026-05-16 08:57:48] [Reviewer] 正在审查第228章...
[2026-05-16 08:57:50] [Reviewer] 第227章审查完成，评分: 8， verdict: 通过
[2026-05-16 08:57:51] [Reviewer] 正在审查第228章...
[2026-05-16 08:58:13] [Reviewer] 第228章审查完成，评分: 7.5， verdict: 需修改
[2026-05-16 08:58:14] [Reviewer] 正在审查第229章...
[2026-05-16 08:58:25] [Reviewer] 第228章审查完成，评分: 8.0， verdict: 需修改
[2026-05-16 08:58:26] [Reviewer] 正在审查第229章...
[2026-05-16 08:58:38] [Reviewer] 第229章审查完成，评分: 8.5， verdict: 通过
[2026-05-16 08:58:39] [Reviewer] 正在审查第230章...
[2026-05-16 08:59:01] [Reviewer] 第229章审查完成，评分: 8.5， verdict: 通过
[2026-05-16 08:59:02] [Reviewer] 正在审查第230章...
[2026-05-16 08:59:06] [Reviewer] 第230章审查完成，评分: 8.3， verdict: 通过
[2026-05-16 08:59:07] [Reviewer] 全部完成
[2026-05-16 08:59:28] [Reviewer] 第230章审查完成，评分: 8.5， verdict: 通过
[2026-05-16 08:59:29] [Reviewer] 全部完成
[2026-05-16 09:10:43] [Reviewer] 正在审查第231章...
[2026-05-16 09:11:16] [Reviewer] 第231章审查完成，评分: 8.5， verdict: 通过
[2026-05-16 09:11:17] [Reviewer] 正在审查第232章...
[2026-05-16 09:11:42] [Reviewer] 第231章已审查过，跳过
[2026-05-16 09:11:43] [Reviewer] 正在审查第232章...
[2026-05-16 09:11:50] [Reviewer] 第232章审查完成，评分: 8.5， verdict: 通过
[2026-05-16 09:11:51] [Reviewer] 正在审查第233章...
[2026-05-16 09:12:09] [Reviewer] JSON解析失败: Expecting ',' delimiter: line 25 column 19 (char 598)
[2026-05-16 09:12:09] [Reviewer] 第232章审查完成，评分: N/A， verdict: N/A
[2026-05-16 09:12:10] [Reviewer] 正在审查第233章...
[2026-05-16 09:12:18] [Reviewer] 第233章审查完成，评分: 7.5， verdict: 需修改
[2026-05-16 09:12:19] [Reviewer] 正在审查第234章...
[2026-05-16 09:12:38] [Reviewer] 第233章审查完成，评分: 8.5， verdict: 通过
[2026-05-16 09:12:39] [Reviewer] 正在审查第234章...
[2026-05-16 09:12:43] [Reviewer] 第234章审查完成，评分: 8.5， verdict: 通过
[2026-05-16 09:12:44] [Reviewer] 正在审查第235章...
[2026-05-16 09:13:09] [Reviewer] 第234章审查完成，评分: 8.0， verdict: 通过
[2026-05-16 09:13:10] [Reviewer] 正在审查第235章...
[2026-05-16 09:13:12] [Reviewer] 第235章审查完成，评分: 8.2， verdict: 通过
[2026-05-16 09:13:13] [Reviewer] 正在审查第236章...
[2026-05-16 09:13:39] [Reviewer] 第236章审查完成，评分: 7.8， verdict: 需修改
[2026-05-16 09:13:40] [Reviewer] 正在审查第237章...
[2026-05-16 09:13:50] [Reviewer] 第235章审查完成，评分: 8.5， verdict: 通过
[2026-05-16 09:13:51] [Reviewer] 第236章已审查过，跳过
[2026-05-16 09:13:52] [Reviewer] 正在审查第237章...
[2026-05-16 09:14:10] [Reviewer] 第237章审查完成，评分: 7.5， verdict: 需修改
[2026-05-16 09:14:11] [Reviewer] 正在审查第238章...
[2026-05-16 09:14:24] [Reviewer] 第237章审查完成，评分: 7.5， verdict: 需修改
[2026-05-16 09:14:25] [Reviewer] 正在审查第238章...
[2026-05-16 09:14:39] [Reviewer] 第238章审查完成，评分: 7.8， verdict: 需修改
[2026-05-16 09:14:40] [Reviewer] 正在审查第239章...
[2026-05-16 09:14:48] [Reviewer] 第238章审查完成，评分: 8.5， verdict: 需修改
[2026-05-16 09:14:49] [Reviewer] 正在审查第239章...
[2026-05-16 09:15:11] [Reviewer] 第239章审查完成，评分: 8， verdict: 通过
[2026-05-16 09:15:12] [Reviewer] 正在审查第240章...
[2026-05-16 09:15:21] [Reviewer] 第239章审查完成，评分: 8.2， verdict: 通过
[2026-05-16 09:15:22] [Reviewer] 正在审查第240章...
[2026-05-16 09:15:37] [Reviewer] 第240章审查完成，评分: 7.5， verdict: 需修改
[2026-05-16 09:15:38] [Reviewer] 全部完成
[2026-05-16 09:15:49] [Reviewer] 第240章审查完成，评分: 8.0， verdict: 通过
[2026-05-16 09:15:50] [Reviewer] 全部完成
[2026-05-16 09:27:05] [Reviewer] 正在审查第241章...
[2026-05-16 09:27:31] [Reviewer] 第241章审查完成，评分: 7.6， verdict: 需修改
[2026-05-16 09:27:32] [Reviewer] 正在审查第242章...
[2026-05-16 09:27:39] [Reviewer] 第241章已审查过，跳过
[2026-05-16 09:27:40] [Reviewer] 正在审查第242章...
[2026-05-16 09:27:57] [Reviewer] 第242章审查完成，评分: 8.5， verdict: 通过
[2026-05-16 09:27:58] [Reviewer] 正在审查第243章...
[2026-05-16 09:28:11] [Reviewer] 第242章审查完成，评分: 8.5， verdict: 需修改
[2026-05-16 09:28:12] [Reviewer] 正在审查第243章...
[2026-05-16 09:28:28] [Reviewer] 第243章审查完成，评分: 8.0， verdict: 通过
[2026-05-16 09:28:29] [Reviewer] 正在审查第244章...
[2026-05-16 09:28:32] [Reviewer] 第243章审查完成，评分: 8.2， verdict: 通过
[2026-05-16 09:28:33] [Reviewer] 正在审查第244章...
[2026-05-16 09:28:56] [Reviewer] 第244章审查完成，评分: 8.2， verdict: 通过
[2026-05-16 09:28:57] [Reviewer] 正在审查第245章...
[2026-05-16 09:28:59] [Reviewer] 第244章审查完成，评分: 8.5， verdict: 通过
[2026-05-16 09:29:00] [Reviewer] 正在审查第245章...
[2026-05-16 09:29:24] [Reviewer] 第245章审查完成，评分: 7.5， verdict: 需修改
[2026-05-16 09:29:25] [Reviewer] 正在审查第246章...
[2026-05-16 09:29:30] [Reviewer] 第245章审查完成，评分: 8.5， verdict: 通过
[2026-05-16 09:29:31] [Reviewer] 正在审查第246章...
[2026-05-16 09:29:55] [Reviewer] 第246章审查完成，评分: 8.5， verdict: 通过
[2026-05-16 09:29:56] [Reviewer] 正在审查第247章...
[2026-05-16 09:29:56] [Reviewer] 第246章审查完成，评分: 8.5， verdict: 通过
[2026-05-16 09:29:57] [Reviewer] 正在审查第247章...
[2026-05-16 09:30:24] [Reviewer] 第247章审查完成，评分: 8.5， verdict: 通过
[2026-05-16 09:30:25] [Reviewer] 正在审查第248章...
[2026-05-16 09:30:26] [Reviewer] 第247章审查完成，评分: 8.3， verdict: 通过
[2026-05-16 09:30:27] [Reviewer] 正在审查第248章...
[2026-05-16 09:30:52] [Reviewer] 第248章审查完成，评分: 8.5， verdict: 通过
[2026-05-16 09:30:53] [Reviewer] 正在审查第249章...
[2026-05-16 09:30:57] [Reviewer] 第248章审查完成，评分: 8.5， verdict: 通过
[2026-05-16 09:30:58] [Reviewer] 正在审查第249章...
[2026-05-16 09:31:24] [Reviewer] 第249章审查完成，评分: 8.5， verdict: 通过
[2026-05-16 09:31:25] [Reviewer] 正在审查第250章...
[2026-05-16 09:31:30] [Reviewer] 第249章审查完成，评分: 8.5， verdict: 通过
[2026-05-16 09:31:31] [Reviewer] 正在审查第250章...
[2026-05-16 09:31:59] [Reviewer] 第250章审查完成，评分: 8.5， verdict: 通过
[2026-05-16 09:32:00] [Reviewer] 全部完成
[2026-05-16 09:32:01] [Reviewer] 第250章审查完成，评分: 8.5， verdict: 通过
[2026-05-16 09:32:02] [Reviewer] 全部完成
[2026-05-16 09:44:55] [Reviewer] 正在审查第251章...
[2026-05-16 09:44:58] [Reviewer] 正在审查第251章...
[2026-05-16 09:45:23] [Reviewer] 第251章审查完成，评分: 8.5， verdict: 通过
[2026-05-16 09:45:24] [Reviewer] 正在审查第252章...
[2026-05-16 09:45:27] [Reviewer] 第251章审查完成，评分: 8.5， verdict: 通过
[2026-05-16 09:45:28] [Reviewer] 正在审查第252章...
[2026-05-16 09:45:55] [Reviewer] 第252章审查完成，评分: 8.2， verdict: 通过
[2026-05-16 09:45:56] [Reviewer] 正在审查第253章...
[2026-05-16 09:46:02] [Reviewer] 第252章审查完成，评分: 7.5， verdict: 需修改
[2026-05-16 09:46:03] [Reviewer] 正在审查第253章...
[2026-05-16 09:46:24] [Reviewer] 第253章审查完成，评分: 7.5， verdict: 需修改
[2026-05-16 09:46:25] [Reviewer] 正在审查第254章...
[2026-05-16 09:46:35] [Reviewer] 第253章审查完成，评分: 7.5， verdict: 需修改
[2026-05-16 09:46:36] [Reviewer] 正在审查第254章...
[2026-05-16 09:46:54] [Reviewer] 第254章审查完成，评分: 8.5， verdict: 通过
[2026-05-16 09:46:55] [Reviewer] 正在审查第255章...
[2026-05-16 09:47:09] [Reviewer] 第254章审查完成，评分: 8.5， verdict: 通过
[2026-05-16 09:47:10] [Reviewer] 正在审查第255章...
[2026-05-16 09:47:23] [Reviewer] 第255章审查完成，评分: 7.5， verdict: 需修改
[2026-05-16 09:47:24] [Reviewer] 正在审查第256章...
[2026-05-16 09:47:44] [Reviewer] 第255章审查完成，评分: 8.5， verdict: 通过
[2026-05-16 09:47:45] [Reviewer] 正在审查第256章...
[2026-05-16 09:47:52] [Reviewer] 第256章审查完成，评分: 8.0， verdict: 通过
[2026-05-16 09:47:53] [Reviewer] 正在审查第257章...
[2026-05-16 09:48:25] [Reviewer] 第256章审查完成，评分: 7.5， verdict: 通过
[2026-05-16 09:48:26] [Reviewer] 正在审查第257章...
[2026-05-16 09:48:33] [Reviewer] 第257章审查完成，评分: 8.5， verdict: 通过
[2026-05-16 09:48:34] [Reviewer] 正在审查第258章...
[2026-05-16 09:48:53] [Reviewer] 第257章审查完成，评分: 8.2， verdict: 通过
[2026-05-16 09:48:54] [Reviewer] 正在审查第258章...
[2026-05-16 09:49:03] [Reviewer] 第258章审查完成，评分: 8.2， verdict: 通过
[2026-05-16 09:49:04] [Reviewer] 正在审查第259章...
[2026-05-16 09:49:19] [Reviewer] 第258章审查完成，评分: 8.0， verdict: 通过
[2026-05-16 09:49:20] [Reviewer] 正在审查第259章...
[2026-05-16 09:49:36] [Reviewer] 第259章审查完成，评分: 7.8， verdict: 需修改
[2026-05-16 09:49:37] [Reviewer] 正在审查第260章...
[2026-05-16 09:49:48] [Reviewer] 第259章审查完成，评分: 8.5， verdict: 通过
[2026-05-16 09:49:49] [Reviewer] 正在审查第260章...
[2026-05-16 09:50:04] [Reviewer] 第260章审查完成，评分: 8.5， verdict: 通过
[2026-05-16 09:50:05] [Reviewer] 全部完成
[2026-05-16 09:50:17] [Reviewer] 第260章审查完成，评分: 7.5， verdict: 通过
[2026-05-16 09:50:18] [Reviewer] 全部完成
[2026-05-16 10:02:19] [Reviewer] 正在审查第261章...
[2026-05-16 10:02:56] [Reviewer] 第261章审查完成，评分: 7.3， verdict: 需修改
[2026-05-16 10:02:57] [Reviewer] 正在审查第262章...
[2026-05-16 10:03:25] [Reviewer] 第261章已审查过，跳过
[2026-05-16 10:03:26] [Reviewer] 正在审查第262章...
[2026-05-16 10:03:33] [Reviewer] 第262章审查完成，评分: 8.5， verdict: 通过
[2026-05-16 10:03:34] [Reviewer] 正在审查第263章...
[2026-05-16 10:04:04] [Reviewer] 第262章审查完成，评分: 8.5， verdict: 通过
[2026-05-16 10:04:05] [Reviewer] 正在审查第263章...
[2026-05-16 10:04:05] [Reviewer] 第263章审查完成，评分: 8.2， verdict: 通过
[2026-05-16 10:04:06] [Reviewer] 正在审查第264章...
[2026-05-16 10:04:38] [Reviewer] JSON解析失败: Expecting ',' delimiter: line 23 column 34 (char 550)
[2026-05-16 10:04:38] [Reviewer] 第263章审查完成，评分: N/A， verdict: N/A
[2026-05-16 10:04:39] [Reviewer] 正在审查第264章...
[2026-05-16 10:04:44] [Reviewer] 第264章审查完成，评分: 7.5， verdict: 需修改
[2026-05-16 10:04:45] [Reviewer] 正在审查第265章...
[2026-05-16 10:05:07] [Reviewer] 第264章审查完成，评分: 8.0， verdict: 需修改
[2026-05-16 10:05:08] [Reviewer] 正在审查第265章...
[2026-05-16 10:05:16] [Reviewer] 第265章审查完成，评分: 7.5， verdict: 需修改
[2026-05-16 10:05:17] [Reviewer] 正在审查第266章...
[2026-05-16 10:05:34] [Reviewer] 第265章审查完成，评分: 7.8， verdict: 通过
[2026-05-16 10:05:35] [Reviewer] 正在审查第266章...
[2026-05-16 10:05:50] [Reviewer] 第266章审查完成，评分: 8.5， verdict: 通过
[2026-05-16 10:05:51] [Reviewer] 正在审查第267章...
[2026-05-16 10:06:11] [Reviewer] 第266章审查完成，评分: 8.2， verdict: 通过
[2026-05-16 10:06:12] [Reviewer] 正在审查第267章...
[2026-05-16 10:06:23] [Reviewer] 第267章审查完成，评分: 8.5， verdict: 通过
[2026-05-16 10:06:24] [Reviewer] 正在审查第268章...
[2026-05-16 10:06:48] [Reviewer] 第267章审查完成，评分: 7.5， verdict: 需修改
[2026-05-16 10:06:49] [Reviewer] 正在审查第268章...
[2026-05-16 10:06:56] [Reviewer] 第268章审查完成，评分: 8.5， verdict: 通过
[2026-05-16 10:06:57] [Reviewer] 正在审查第269章...
[2026-05-16 10:07:25] [Reviewer] 第268章审查完成，评分: 8.5， verdict: 通过
[2026-05-16 10:07:25] [Reviewer] 第269章审查完成，评分: 7.2， verdict: 需修改
[2026-05-16 10:07:26] [Reviewer] 第269章已审查过，跳过
[2026-05-16 10:07:26] [Reviewer] 正在审查第270章...
[2026-05-16 10:07:27] [Reviewer] 正在审查第270章...
[2026-05-16 10:07:57] [Reviewer] 第270章审查完成，评分: 8.5， verdict: 通过
[2026-05-16 10:07:58] [Reviewer] 全部完成
[2026-05-16 10:08:10] [Reviewer] 第270章审查完成，评分: 7.8， verdict: 需修改
[2026-05-16 10:08:11] [Reviewer] 全部完成
[2026-05-16 10:20:47] [Reviewer] 正在审查第271章...
[2026-05-16 10:21:22] [Reviewer] 第271章审查失败
[2026-05-16 10:21:23] [Reviewer] 正在审查第272章...
[2026-05-16 10:21:38] [Reviewer] 正在审查第271章...
[2026-05-16 10:22:07] [Reviewer] 第271章审查完成，评分: 7.8， verdict: 需修改
[2026-05-16 10:22:08] [Reviewer] 第272章审查完成，评分: 8.5， verdict: 通过
[2026-05-16 10:22:08] [Reviewer] 第272章已审查过，跳过
[2026-05-16 10:22:09] [Reviewer] 正在审查第273章...
[2026-05-16 10:22:09] [Reviewer] 正在审查第273章...
[2026-05-16 10:22:39] [Reviewer] 第273章审查完成，评分: 8.5， verdict: 通过
[2026-05-16 10:22:40] [Reviewer] 正在审查第274章...
[2026-05-16 10:22:46] [Reviewer] 第273章审查完成，评分: 8.5， verdict: 通过
[2026-05-16 10:22:47] [Reviewer] 正在审查第274章...
[2026-05-16 10:23:13] [Reviewer] 第274章审查完成，评分: 8.5， verdict: 通过
[2026-05-16 10:23:14] [Reviewer] 正在审查第275章...
[2026-05-16 10:23:27] [Reviewer] 第274章审查完成，评分: 8， verdict: 需修改
[2026-05-16 10:23:28] [Reviewer] 正在审查第275章...
[2026-05-16 10:23:44] [Reviewer] 第275章审查完成，评分: 7.5， verdict: 需修改
[2026-05-16 10:23:45] [Reviewer] 正在审查第276章...
[2026-05-16 10:23:58] [Reviewer] 第275章审查完成，评分: 7.9， verdict: 需修改
[2026-05-16 10:23:59] [Reviewer] 正在审查第276章...
[2026-05-16 10:24:20] [Reviewer] 第276章审查完成，评分: 7.5， verdict: 需修改
[2026-05-16 10:24:21] [Reviewer] 正在审查第277章...
[2026-05-16 10:24:37] [Reviewer] 第276章审查完成，评分: 8.2， verdict: 通过
[2026-05-16 10:24:38] [Reviewer] 正在审查第277章...
[2026-05-16 10:24:51] [Reviewer] 第277章审查完成，评分: 7.8， verdict: 通过
[2026-05-16 10:24:52] [Reviewer] 正在审查第278章...
[2026-05-16 10:25:08] [Reviewer] 第277章审查完成，评分: 8.5， verdict: 通过
[2026-05-16 10:25:09] [Reviewer] 正在审查第278章...
[2026-05-16 10:25:40] [Reviewer] 第278章审查完成，评分: 8.5， verdict: 通过
[2026-05-16 10:25:41] [Reviewer] JSON解析失败: Invalid control character at: line 35 column 123 (char 1175)
[2026-05-16 10:25:41] [Reviewer] 第278章审查完成，评分: N/A， verdict: N/A
[2026-05-16 10:25:41] [Reviewer] 正在审查第279章...
[2026-05-16 10:25:42] [Reviewer] 正在审查第279章...
[2026-05-16 10:26:11] [Reviewer] 第279章审查完成，评分: 8.5， verdict: 通过
[2026-05-16 10:26:12] [Reviewer] 正在审查第280章...
[2026-05-16 10:26:18] [Reviewer] 第279章审查完成，评分: 7.5， verdict: 需修改
[2026-05-16 10:26:19] [Reviewer] 正在审查第280章...
[2026-05-16 10:26:44] [Reviewer] 第280章审查完成，评分: 8.5， verdict: 通过
[2026-05-16 10:26:45] [Reviewer] 全部完成
[2026-05-16 10:26:45] [Reviewer] 第280章审查完成，评分: 8.5， verdict: 通过
[2026-05-16 10:26:46] [Reviewer] 全部完成
[2026-05-16 10:38:39] [Reviewer] 正在审查第281章...
[2026-05-16 10:39:17] [Reviewer] JSON解析失败: Expecting ',' delimiter: line 45 column 38 (char 1613)
[2026-05-16 10:39:17] [Reviewer] 第281章审查完成，评分: N/A， verdict: N/A
[2026-05-16 10:39:18] [Reviewer] 正在审查第282章...
[2026-05-16 10:39:36] [Reviewer] 第281章已审查过，跳过
[2026-05-16 10:39:37] [Reviewer] 正在审查第282章...
[2026-05-16 10:39:55] [Reviewer] 第282章审查完成，评分: 8.5， verdict: 通过
[2026-05-16 10:39:56] [Reviewer] 正在审查第283章...
[2026-05-16 10:40:15] [Reviewer] 第282章审查完成，评分: 7.5， verdict: 需修改
[2026-05-16 10:40:16] [Reviewer] 正在审查第283章...
[2026-05-16 10:40:27] [Reviewer] 第283章审查完成，评分: 5.5， verdict: 需修改
[2026-05-16 10:40:28] [Reviewer] 正在审查第284章...
[2026-05-16 10:40:46] [Reviewer] 第283章审查完成，评分: 8.5， verdict: 需修改
[2026-05-16 10:40:47] [Reviewer] 正在审查第284章...
[2026-05-16 10:40:58] [Reviewer] 第284章审查完成，评分: 8.5， verdict: 通过
[2026-05-16 10:40:59] [Reviewer] 正在审查第285章...
[2026-05-16 10:41:20] [Reviewer] 第284章审查完成，评分: 8.5， verdict: 通过
[2026-05-16 10:41:21] [Reviewer] 正在审查第285章...
[2026-05-16 10:41:38] [Reviewer] 第285章审查完成，评分: 8， verdict: 需修改
[2026-05-16 10:41:39] [Reviewer] 正在审查第286章...
[2026-05-16 10:41:52] [Reviewer] 第285章审查完成，评分: 8.5， verdict: 通过
[2026-05-16 10:41:53] [Reviewer] 正在审查第286章...
[2026-05-16 10:42:16] [Reviewer] 第286章审查完成，评分: 8.5， verdict: 通过
[2026-05-16 10:42:17] [Reviewer] 正在审查第287章...
[2026-05-16 10:42:26] [Reviewer] 第286章审查完成，评分: 8.5， verdict: 通过
[2026-05-16 10:42:27] [Reviewer] 正在审查第287章...
[2026-05-16 10:42:46] [Reviewer] 第287章审查完成，评分: 8.2， verdict: 通过
[2026-05-16 10:42:47] [Reviewer] 正在审查第288章...
[2026-05-16 10:42:54] [Reviewer] 第287章审查完成，评分: 8.5， verdict: 通过
[2026-05-16 10:42:55] [Reviewer] 正在审查第288章...
[2026-05-16 10:43:22] [Reviewer] 第288章审查完成，评分: 8.2， verdict: 通过
[2026-05-16 10:43:23] [Reviewer] 正在审查第289章...
[2026-05-16 10:43:29] [Reviewer] 第288章审查完成，评分: 8.2， verdict: 通过
[2026-05-16 10:43:30] [Reviewer] 正在审查第289章...
[2026-05-16 10:43:55] [Reviewer] 第289章审查完成，评分: 8.5， verdict: 通过
[2026-05-16 10:43:56] [Reviewer] 正在审查第290章...
[2026-05-16 10:44:05] [Reviewer] 第289章审查完成，评分: 8.5， verdict: 通过
[2026-05-16 10:44:06] [Reviewer] 正在审查第290章...
[2026-05-16 10:44:24] [Reviewer] 第290章审查完成，评分: 8.5， verdict: 通过
[2026-05-16 10:44:25] [Reviewer] 全部完成
[2026-05-16 10:44:42] [Reviewer] 第290章审查完成，评分: 8.5， verdict: 通过
[2026-05-16 10:44:43] [Reviewer] 全部完成
[2026-05-16 10:57:31] [Reviewer] 正在审查第291章...
[2026-05-16 10:57:49] [Reviewer] 正在审查第291章...
[2026-05-16 10:58:04] [Reviewer] 第291章审查完成，评分: 8.0， verdict: 通过
[2026-05-16 10:58:05] [Reviewer] 正在审查第292章...
[2026-05-16 10:58:19] [Reviewer] 第291章审查完成，评分: 8， verdict: 通过
[2026-05-16 10:58:20] [Reviewer] 正在审查第292章...
[2026-05-16 10:58:41] [Reviewer] 第292章审查完成，评分: 8.5， verdict: 通过
[2026-05-16 10:58:42] [Reviewer] 正在审查第293章...
[2026-05-16 10:58:51] [Reviewer] 第292章审查完成，评分: 8， verdict: 需修改
[2026-05-16 10:58:52] [Reviewer] 正在审查第293章...
[2026-05-16 10:59:22] [Reviewer] 第293章审查完成，评分: 8.5， verdict: 通过
[2026-05-16 10:59:23] [Reviewer] 正在审查第294章...
[2026-05-16 10:59:25] [Reviewer] 第293章审查完成，评分: 8.5， verdict: 通过
[2026-05-16 10:59:26] [Reviewer] 正在审查第294章...
[2026-05-16 10:59:56] [Reviewer] 第294章审查完成，评分: 7.8， verdict: 需修改
[2026-05-16 10:59:57] [Reviewer] 正在审查第295章...
[2026-05-16 11:00:01] [Reviewer] 第294章审查完成，评分: 7.5， verdict: 需修改
[2026-05-16 11:00:02] [Reviewer] 正在审查第295章...
[2026-05-16 11:00:31] [Reviewer] JSON解析失败: Expecting ',' delimiter: line 35 column 53 (char 931)
[2026-05-16 11:00:31] [Reviewer] 第295章审查完成，评分: N/A， verdict: N/A
[2026-05-16 11:00:32] [Reviewer] 正在审查第296章...
[2026-05-16 11:00:33] [Reviewer] 第295章审查完成，评分: 8.5， verdict: 通过
[2026-05-16 11:00:34] [Reviewer] 正在审查第296章...
[2026-05-16 11:01:07] [Reviewer] 第296章审查完成，评分: 8.5， verdict: 通过
[2026-05-16 11:01:08] [Reviewer] 正在审查第297章...
[2026-05-16 11:01:10] [Reviewer] 第296章审查完成，评分: 8.0， verdict: 通过
[2026-05-16 11:01:11] [Reviewer] 正在审查第297章...
[2026-05-16 11:01:40] [Reviewer] 第297章审查完成，评分: 8.5， verdict: 通过
[2026-05-16 11:01:41] [Reviewer] 正在审查第298章...
[2026-05-16 11:01:43] [Reviewer] 第297章审查完成，评分: 8.5， verdict: 通过
[2026-05-16 11:01:44] [Reviewer] 正在审查第298章...
[2026-05-16 11:02:15] [Reviewer] 第298章审查完成，评分: 8.2， verdict: 通过
[2026-05-16 11:02:16] [Reviewer] 正在审查第299章...
[2026-05-16 11:02:18] [Reviewer] 第298章审查完成，评分: 8.5， verdict: 通过
[2026-05-16 11:02:19] [Reviewer] 正在审查第299章...
[2026-05-16 11:02:56] [Reviewer] 第299章审查完成，评分: 7.5， verdict: 需修改
[2026-05-16 11:02:57] [Reviewer] 正在审查第300章...
[2026-05-16 11:03:03] [Reviewer] 第299章审查完成，评分: 7.5， verdict: 需修改
[2026-05-16 11:03:04] [Reviewer] 正在审查第300章...
[2026-05-16 11:03:25] [Reviewer] 第300章审查完成，评分: 8.0， verdict: 通过
[2026-05-16 11:03:26] [Reviewer] 全部完成
[2026-05-16 11:03:42] [Reviewer] 第300章审查完成，评分: 8.5， verdict: 通过
[2026-05-16 11:03:43] [Reviewer] 全部完成
[2026-05-16 11:17:32] [Reviewer] 正在审查第301章...
[2026-05-16 11:18:00] [Reviewer] 正在审查第301章...
[2026-05-16 11:18:09] [Reviewer] 第301章审查完成，评分: 8.5， verdict: 通过
[2026-05-16 11:18:10] [Reviewer] 正在审查第302章...
[2026-05-16 11:18:30] [Reviewer] 第301章审查完成，评分: 7.8， verdict: 通过
[2026-05-16 11:18:31] [Reviewer] 正在审查第302章...
[2026-05-16 11:18:41] [Reviewer] 第302章审查完成，评分: 8.5， verdict: 通过
[2026-05-16 11:18:42] [Reviewer] 正在审查第303章...
[2026-05-16 11:19:09] [Reviewer] 第302章审查完成，评分: 8.0， verdict: 通过
[2026-05-16 11:19:10] [Reviewer] 正在审查第303章...
[2026-05-16 11:19:28] [Reviewer] 第303章审查完成，评分: 8.0， verdict: 需修改
[2026-05-16 11:19:29] [Reviewer] 正在审查第304章...
[2026-05-16 11:19:59] [Reviewer] 第303章审查完成，评分: 8.5， verdict: 需修改
[2026-05-16 11:20:00] [Reviewer] 正在审查第304章...
[2026-05-16 11:20:08] [Reviewer] 第304章审查完成，评分: 8.5， verdict: 通过
[2026-05-16 11:20:09] [Reviewer] 正在审查第305章...
[2026-05-16 11:20:40] [Reviewer] 第304章审查完成，评分: 8.0， verdict: 通过
[2026-05-16 11:20:41] [Reviewer] 正在审查第305章...
[2026-05-16 11:20:42] [Reviewer] JSON解析失败: Invalid control character at: line 43 column 158 (char 1477)
[2026-05-16 11:20:42] [Reviewer] 第305章审查完成，评分: N/A， verdict: N/A
[2026-05-16 11:20:44] [Reviewer] 正在审查第306章...
[2026-05-16 11:21:15] [Reviewer] 第305章审查完成，评分: 8.3， verdict: 通过
[2026-05-16 11:21:16] [Reviewer] 正在审查第306章...
[2026-05-16 11:21:26] [Reviewer] 第306章审查完成，评分: 8.0， verdict: 通过
[2026-05-16 11:21:27] [Reviewer] 正在审查第307章...
[2026-05-16 11:21:57] [Reviewer] 第307章审查完成，评分: 7.5， verdict: 需修改
[2026-05-16 11:21:58] [Reviewer] 第306章审查完成，评分: 8， verdict: 需修改
[2026-05-16 11:21:58] [Reviewer] 正在审查第308章...
[2026-05-16 11:21:59] [Reviewer] 第307章已审查过，跳过
[2026-05-16 11:22:00] [Reviewer] 正在审查第308章...
[2026-05-16 11:22:29] [Reviewer] 第308章审查完成，评分: 7.5， verdict: 需修改
[2026-05-16 11:22:30] [Reviewer] 正在审查第309章...
[2026-05-16 11:22:35] [Reviewer] 第308章审查完成，评分: 8.5， verdict: 需修改
[2026-05-16 11:22:36] [Reviewer] 正在审查第309章...
[2026-05-16 11:23:03] [Reviewer] 第309章审查完成，评分: 8.0， verdict: 通过
[2026-05-16 11:23:04] [Reviewer] 正在审查第310章...
[2026-05-16 11:23:07] [Reviewer] 第309章审查完成，评分: 8.5， verdict: 通过
[2026-05-16 11:23:08] [Reviewer] 正在审查第310章...
[2026-05-16 11:23:40] [Reviewer] 第310章审查完成，评分: 7.5， verdict: 需修改
[2026-05-16 11:23:41] [Reviewer] 全部完成
[2026-05-16 11:23:43] [Reviewer] JSON解析失败: Expecting ',' delimiter: line 24 column 23 (char 592)
[2026-05-16 11:23:43] [Reviewer] 第310章审查完成，评分: N/A， verdict: N/A
[2026-05-16 11:23:44] [Reviewer] 全部完成
[2026-05-16 11:36:58] [Reviewer] 正在审查第311章...
[2026-05-16 11:37:16] [Reviewer] 正在审查第311章...
[2026-05-16 11:37:37] [Reviewer] 第311章审查完成，评分: 8.0， verdict: 通过
[2026-05-16 11:37:38] [Reviewer] 正在审查第312章...
[2026-05-16 11:37:49] [Reviewer] 第311章审查完成，评分: 8.5， verdict: 通过
[2026-05-16 11:37:50] [Reviewer] 正在审查第312章...
[2026-05-16 11:38:09] [Reviewer] 第312章审查完成，评分: 8.2， verdict: 通过
[2026-05-16 11:38:10] [Reviewer] 正在审查第313章...
[2026-05-16 11:38:20] [Reviewer] 第312章审查完成，评分: 7.8， verdict: 需修改
[2026-05-16 11:38:21] [Reviewer] 正在审查第313章...
[2026-05-16 11:38:53] [Reviewer] 第313章审查完成，评分: 7.5， verdict: 需修改
[2026-05-16 11:38:54] [Reviewer] 正在审查第314章...
[2026-05-16 11:38:54] [Reviewer] 第313章审查完成，评分: 8.5， verdict: 通过
[2026-05-16 11:38:55] [Reviewer] 正在审查第314章...
[2026-05-16 11:39:20] [Reviewer] 第314章审查完成，评分: 8.2， verdict: 通过
[2026-05-16 11:39:21] [Reviewer] 正在审查第315章...
[2026-05-16 11:39:24] [Reviewer] 第314章审查完成，评分: 8.0， verdict: 通过
[2026-05-16 11:39:25] [Reviewer] 正在审查第315章...
[2026-05-16 11:40:05] [Reviewer] 第315章审查完成，评分: 8.5， verdict: 通过
[2026-05-16 11:40:06] [Reviewer] 正在审查第316章...
[2026-05-16 11:40:07] [Reviewer] 第315章审查完成，评分: 8.5， verdict: 通过
[2026-05-16 11:40:08] [Reviewer] 正在审查第316章...
[2026-05-16 11:40:40] [Reviewer] 第316章审查完成，评分: 8.5， verdict: 通过
[2026-05-16 11:40:41] [Reviewer] 正在审查第317章...
[2026-05-16 11:40:43] [Reviewer] 第316章审查完成，评分: 8.5， verdict: 通过
[2026-05-16 11:40:44] [Reviewer] 正在审查第317章...
[2026-05-16 11:41:13] [Reviewer] 第317章审查完成，评分: 8.2， verdict: 通过
[2026-05-16 11:41:14] [Reviewer] 正在审查第318章...
[2026-05-16 11:41:26] [Reviewer] 第317章审查完成，评分: 8.5， verdict: 通过
[2026-05-16 11:41:27] [Reviewer] 正在审查第318章...
[2026-05-16 11:41:50] [Reviewer] JSON解析失败: Invalid control character at: line 37 column 97 (char 1342)
[2026-05-16 11:41:50] [Reviewer] 第318章审查完成，评分: N/A， verdict: N/A
[2026-05-16 11:41:51] [Reviewer] 正在审查第319章...
[2026-05-16 11:42:00] [Reviewer] 第318章审查完成，评分: 8.2， verdict: 通过
[2026-05-16 11:42:01] [Reviewer] 正在审查第319章...
[2026-05-16 11:42:28] [Reviewer] 第319章审查完成，评分: 7.5， verdict: 需修改
[2026-05-16 11:42:29] [Reviewer] 正在审查第320章...
[2026-05-16 11:42:45] [Reviewer] 第319章审查完成，评分: 7.8， verdict: 需修改
[2026-05-16 11:42:47] [Reviewer] 正在审查第320章...
[2026-05-16 11:43:02] [Reviewer] 第320章审查完成，评分: 7.5， verdict: 需修改
[2026-05-16 11:43:03] [Reviewer] 全部完成
[2026-05-16 11:43:26] [Reviewer] 第320章审查完成，评分: 7.8， verdict: 需修改
[2026-05-16 11:43:27] [Reviewer] 全部完成
[2026-05-16 11:56:01] [Reviewer] 正在审查第321章...
[2026-05-16 11:56:32] [Reviewer] 第321章审查完成，评分: 8.5， verdict: 通过
[2026-05-16 11:56:33] [Reviewer] 正在审查第322章...
[2026-05-16 11:56:53] [Reviewer] 第321章已审查过，跳过
[2026-05-16 11:56:54] [Reviewer] 正在审查第322章...
[2026-05-16 11:57:17] [Reviewer] 第322章审查完成，评分: 8.5， verdict: 通过
[2026-05-16 11:57:18] [Reviewer] 正在审查第323章...
[2026-05-16 11:57:31] [Reviewer] 第322章审查完成，评分: 8， verdict: 通过
[2026-05-16 11:57:32] [Reviewer] 正在审查第323章...
[2026-05-16 11:57:55] [Reviewer] 第323章审查完成，评分: 8.3， verdict: 通过
[2026-05-16 11:57:56] [Reviewer] 正在审查第324章...
[2026-05-16 11:58:05] [Reviewer] 第323章审查完成，评分: 8.5， verdict: 通过
[2026-05-16 11:58:06] [Reviewer] 正在审查第324章...
[2026-05-16 11:58:29] [Reviewer] 第324章审查完成，评分: 8.5， verdict: 通过
[2026-05-16 11:58:30] [Reviewer] 正在审查第325章...
[2026-05-16 11:58:35] [Reviewer] 第324章审查完成，评分: 7.8， verdict: 需修改
[2026-05-16 11:58:36] [Reviewer] 正在审查第325章...
[2026-05-16 11:59:03] [Reviewer] 第325章审查完成，评分: 8.5， verdict: 通过
[2026-05-16 11:59:04] [Reviewer] 正在审查第326章...
[2026-05-16 11:59:20] [Reviewer] 第325章审查完成，评分: 8.5， verdict: 通过
[2026-05-16 11:59:21] [Reviewer] 正在审查第326章...
[2026-05-16 11:59:32] [Reviewer] 第326章审查完成，评分: 8.5， verdict: 通过
[2026-05-16 11:59:33] [Reviewer] 正在审查第327章...
[2026-05-16 11:59:59] [Reviewer] 第326章审查完成，评分: 8.5， verdict: 通过
[2026-05-16 12:00:00] [Reviewer] 正在审查第327章...
[2026-05-16 12:00:09] [Reviewer] 第327章审查完成，评分: 8.5， verdict: 需修改
[2026-05-16 12:00:10] [Reviewer] 正在审查第328章...
[2026-05-16 12:00:33] [Reviewer] 第327章审查完成，评分: 8.0， verdict: 通过
[2026-05-16 12:00:34] [Reviewer] 正在审查第328章...
[2026-05-16 12:00:44] [Reviewer] 第328章审查完成，评分: 8， verdict: 通过
[2026-05-16 12:00:45] [Reviewer] 正在审查第329章...
[2026-05-16 12:01:05] [Reviewer] 第328章审查完成，评分: 8.5， verdict: 通过
[2026-05-16 12:01:06] [Reviewer] 正在审查第329章...
[2026-05-16 12:01:16] [Reviewer] 第329章审查完成，评分: 8.5， verdict: 通过
[2026-05-16 12:01:17] [Reviewer] 正在审查第330章...
[2026-05-16 12:01:43] [Reviewer] 第329章审查完成，评分: 8.5， verdict: 通过
[2026-05-16 12:01:44] [Reviewer] 正在审查第330章...
[2026-05-16 12:01:54] [Reviewer] 第330章审查完成，评分: 8.0， verdict: 通过
[2026-05-16 12:01:55] [Reviewer] 全部完成
[2026-05-16 12:02:21] [Reviewer] 第330章审查完成，评分: 7.5， verdict: 需修改
[2026-05-16 12:02:22] [Reviewer] 全部完成
[2026-05-16 12:15:15] [Reviewer] 正在审查第331章...
[2026-05-16 12:15:32] [Reviewer] 正在审查第331章...
[2026-05-16 12:15:47] [Reviewer] 第331章审查完成，评分: 8.5， verdict: 通过
[2026-05-16 12:15:48] [Reviewer] 正在审查第332章...
[2026-05-16 12:16:05] [Reviewer] 第331章审查完成，评分: 8， verdict: 需修改
[2026-05-16 12:16:06] [Reviewer] 正在审查第332章...
[2026-05-16 12:16:21] [Reviewer] 第332章审查完成，评分: 8.5， verdict: 通过
[2026-05-16 12:16:22] [Reviewer] 正在审查第333章...
[2026-05-16 12:16:34] [Reviewer] 第332章审查完成，评分: 8.5， verdict: 通过
[2026-05-16 12:16:35] [Reviewer] 正在审查第333章...
[2026-05-16 12:16:49] [Reviewer] 第333章审查完成，评分: 7.0， verdict: 需修改
[2026-05-16 12:16:50] [Reviewer] 正在审查第334章...
[2026-05-16 12:17:10] [Reviewer] 第333章审查完成，评分: 7.5， verdict: 需修改
[2026-05-16 12:17:11] [Reviewer] 正在审查第334章...
[2026-05-16 12:17:29] [Reviewer] 第334章审查完成，评分: 8.2， verdict: 通过
[2026-05-16 12:17:30] [Reviewer] 正在审查第335章...
[2026-05-16 12:17:43] [Reviewer] 第334章审查完成，评分: 8.5， verdict: 通过
[2026-05-16 12:17:44] [Reviewer] 正在审查第335章...
[2026-05-16 12:17:55] [Reviewer] 第335章审查完成，评分: 8.0， verdict: 需修改
[2026-05-16 12:17:56] [Reviewer] 正在审查第336章...
[2026-05-16 12:18:24] [Reviewer] 第335章审查完成，评分: 8.2， verdict: 通过
[2026-05-16 12:18:25] [Reviewer] 正在审查第336章...
[2026-05-16 12:18:26] [Reviewer] 第336章审查完成，评分: 8.5， verdict: 通过
[2026-05-16 12:18:27] [Reviewer] 正在审查第337章...
[2026-05-16 12:18:47] [Reviewer] 第336章审查完成，评分: 8.2， verdict: 通过
[2026-05-16 12:18:48] [Reviewer] 正在审查第337章...
[2026-05-16 12:18:54] [Reviewer] 第337章审查完成，评分: 8.5， verdict: 通过
[2026-05-16 12:18:55] [Reviewer] 正在审查第338章...
[2026-05-16 12:19:18] [Reviewer] 第337章审查完成，评分: 8.5， verdict: 通过
[2026-05-16 12:19:19] [Reviewer] 正在审查第338章...
[2026-05-16 12:19:28] [Reviewer] 第338章审查完成，评分: 8.5， verdict: 通过
[2026-05-16 12:19:29] [Reviewer] 正在审查第339章...
[2026-05-16 12:19:56] [Reviewer] 第338章审查完成，评分: 8.0， verdict: 通过
[2026-05-16 12:19:57] [Reviewer] 正在审查第339章...
[2026-05-16 12:20:01] [Reviewer] 第339章审查完成，评分: 7.8， verdict: 需修改
[2026-05-16 12:20:02] [Reviewer] 正在审查第340章...
[2026-05-16 12:20:24] [Reviewer] 第339章审查完成，评分: 7.5， verdict: 需修改
[2026-05-16 12:20:25] [Reviewer] 正在审查第340章...
[2026-05-16 12:20:39] [Reviewer] 第340章审查完成，评分: 8.5， verdict: 通过
[2026-05-16 12:20:40] [Reviewer] 全部完成
[2026-05-16 12:20:54] [Reviewer] 第340章审查完成，评分: 8.0， verdict: 需修改
[2026-05-16 12:20:55] [Reviewer] 全部完成
[2026-05-16 12:32:29] [Reviewer] 正在审查第341章...
[2026-05-16 12:32:31] [Reviewer] 正在审查第341章...
[2026-05-16 12:33:01] [Reviewer] 第341章审查完成，评分: 8.5， verdict: 通过
[2026-05-16 12:33:02] [Reviewer] 正在审查第342章...
[2026-05-16 12:33:04] [Reviewer] 第341章审查完成，评分: 8.5， verdict: 通过
[2026-05-16 12:33:05] [Reviewer] 正在审查第342章...
[2026-05-16 12:33:24] [Reviewer] 第342章审查完成，评分: 7.5， verdict: 需修改
[2026-05-16 12:33:25] [Reviewer] 正在审查第343章...
[2026-05-16 12:33:36] [Reviewer] 第342章审查完成，评分: 8.5， verdict: 通过
[2026-05-16 12:33:37] [Reviewer] 正在审查第343章...
[2026-05-16 12:33:59] [Reviewer] 第343章审查完成，评分: 8.5， verdict: 通过
[2026-05-16 12:34:00] [Reviewer] 正在审查第344章...
[2026-05-16 12:34:09] [Reviewer] 第343章审查完成，评分: 8.5， verdict: 通过
[2026-05-16 12:34:11] [Reviewer] 正在审查第344章...
[2026-05-16 12:34:27] [Reviewer] 第344章审查完成，评分: 6.5， verdict: 需修改
[2026-05-16 12:34:28] [Reviewer] 正在审查第345章...
[2026-05-16 12:34:50] [Reviewer] 第344章审查完成，评分: 7.5， verdict: 需修改
[2026-05-16 12:34:51] [Reviewer] 正在审查第345章...
[2026-05-16 12:34:58] [Reviewer] 第345章审查完成，评分: 8.5， verdict: 通过
[2026-05-16 12:34:59] [Reviewer] 正在审查第346章...
[2026-05-16 12:35:14] [Reviewer] 第345章审查完成，评分: 8.5， verdict: 通过
[2026-05-16 12:35:16] [Reviewer] 正在审查第346章...
[2026-05-16 12:35:28] [Reviewer] 第346章审查完成，评分: 8， verdict: 通过
[2026-05-16 12:35:29] [Reviewer] 正在审查第347章...
[2026-05-16 12:35:45] [Reviewer] 第346章审查完成，评分: 8.5， verdict: 通过
[2026-05-16 12:35:46] [Reviewer] 正在审查第347章...
[2026-05-16 12:36:02] [Reviewer] 第347章审查完成，评分: 8.5， verdict: 通过
[2026-05-16 12:36:03] [Reviewer] 正在审查第348章...
[2026-05-16 12:36:17] [Reviewer] 第347章审查完成，评分: 7.8， verdict: 需修改
[2026-05-16 12:36:18] [Reviewer] 正在审查第348章...
[2026-05-16 12:36:37] [Reviewer] 第348章审查完成，评分: 8.5， verdict: 通过
[2026-05-16 12:36:38] [Reviewer] 正在审查第349章...
[2026-05-16 12:36:42] [Reviewer] 第348章审查完成，评分: 7.5， verdict: 需修改
[2026-05-16 12:36:43] [Reviewer] 正在审查第349章...
[2026-05-16 12:37:03] [Reviewer] 第349章审查完成，评分: 7.5， verdict: 需修改
[2026-05-16 12:37:04] [Reviewer] 正在审查第350章...
[2026-05-16 12:37:14] [Reviewer] 第349章审查完成，评分: 7.5， verdict: 需修改
[2026-05-16 12:37:15] [Reviewer] 正在审查第350章...
[2026-05-16 12:37:28] [Reviewer] JSON解析失败: Expecting ',' delimiter: line 22 column 17 (char 472)
[2026-05-16 12:37:28] [Reviewer] 第350章审查完成，评分: N/A， verdict: N/A
[2026-05-16 12:37:29] [Reviewer] 全部完成
[2026-05-16 12:37:48] [Reviewer] 第350章审查完成，评分: 8.0， verdict: 需修改
[2026-05-16 12:37:49] [Reviewer] 全部完成
[2026-05-16 12:49:44] [Reviewer] 正在审查第351章...
[2026-05-16 12:49:53] [Reviewer] 正在审查第351章...
[2026-05-16 12:50:16] [Reviewer] JSON解析失败: Expecting ',' delimiter: line 22 column 45 (char 516)
[2026-05-16 12:50:16] [Reviewer] 第351章审查完成，评分: N/A， verdict: N/A
[2026-05-16 12:50:17] [Reviewer] 正在审查第352章...
[2026-05-16 12:50:31] [Reviewer] 第351章审查完成，评分: 8.0， verdict: 通过
[2026-05-16 12:50:32] [Reviewer] 正在审查第352章...
[2026-05-16 12:50:49] [Reviewer] 第352章审查完成，评分: 8.0， verdict: 需修改
[2026-05-16 12:50:50] [Reviewer] 正在审查第353章...
[2026-05-16 12:51:03] [Reviewer] 第352章审查完成，评分: 8.5， verdict: 通过
[2026-05-16 12:51:04] [Reviewer] 正在审查第353章...
[2026-05-16 12:51:27] [Reviewer] 第353章审查完成，评分: 8.5， verdict: 通过
[2026-05-16 12:51:28] [Reviewer] 正在审查第354章...
[2026-05-16 12:51:29] [Reviewer] 第353章审查完成，评分: 7.5， verdict: 需修改
[2026-05-16 12:51:30] [Reviewer] 正在审查第354章...
[2026-05-16 12:51:59] [Reviewer] 第354章审查完成，评分: 7.8， verdict: 通过
[2026-05-16 12:52:00] [Reviewer] 正在审查第355章...
[2026-05-16 12:52:10] [Reviewer] 第354章审查完成，评分: 7.5， verdict: 需修改
[2026-05-16 12:52:11] [Reviewer] 正在审查第355章...
[2026-05-16 12:52:36] [Reviewer] 第355章审查完成，评分: 8.0， verdict: 通过
[2026-05-16 12:52:37] [Reviewer] 正在审查第356章...
[2026-05-16 12:52:39] [Reviewer] 第355章审查完成，评分: 8， verdict: 通过
[2026-05-16 12:52:40] [Reviewer] 正在审查第356章...
[2026-05-16 12:53:05] [Reviewer] 第356章审查完成，评分: 8.5， verdict: 通过
[2026-05-16 12:53:06] [Reviewer] 正在审查第357章...
[2026-05-16 12:53:08] [Reviewer] 第356章审查完成，评分: 8.5， verdict: 通过
[2026-05-16 12:53:09] [Reviewer] 正在审查第357章...
[2026-05-16 12:53:33] [Reviewer] 第357章审查完成，评分: 8.5， verdict: 通过
[2026-05-16 12:53:34] [Reviewer] 正在审查第358章...
[2026-05-16 12:53:41] [Reviewer] 第357章审查完成，评分: 8.5， verdict: 通过
[2026-05-16 12:53:42] [Reviewer] 正在审查第358章...
[2026-05-16 12:54:06] [Reviewer] 第358章审查完成，评分: 8.2， verdict: 通过
[2026-05-16 12:54:07] [Reviewer] 正在审查第359章...
[2026-05-16 12:54:17] [Reviewer] 第358章审查完成，评分: 8.5， verdict: 通过
[2026-05-16 12:54:18] [Reviewer] 正在审查第359章...
[2026-05-16 12:54:37] [Reviewer] 第359章审查完成，评分: 8.5， verdict: 通过
[2026-05-16 12:54:38] [Reviewer] 正在审查第360章...
[2026-05-16 12:54:59] [Reviewer] 第359章审查完成，评分: 8.5， verdict: 通过
[2026-05-16 12:55:00] [Reviewer] 正在审查第360章...
[2026-05-16 12:55:12] [Reviewer] 第360章审查完成，评分: 8.0， verdict: 通过
[2026-05-16 12:55:13] [Reviewer] 全部完成
[2026-05-16 12:55:34] [Reviewer] 第360章审查完成，评分: 8， verdict: 通过
[2026-05-16 12:55:35] [Reviewer] 全部完成
[2026-05-16 13:06:59] [Reviewer] 正在审查第361章...
[2026-05-16 13:07:25] [Reviewer] 第361章审查完成，评分: 8.2， verdict: 需修改
[2026-05-16 13:07:26] [Reviewer] 正在审查第362章...
[2026-05-16 13:07:39] [Reviewer] 第361章已审查过，跳过
[2026-05-16 13:07:40] [Reviewer] 正在审查第362章...
[2026-05-16 13:07:57] [Reviewer] 第362章审查完成，评分: 8.2， verdict: 通过
[2026-05-16 13:07:58] [Reviewer] 正在审查第363章...
[2026-05-16 13:08:18] [Reviewer] 第362章审查完成，评分: 8.5， verdict: 通过
[2026-05-16 13:08:19] [Reviewer] 正在审查第363章...
[2026-05-16 13:08:30] [Reviewer] 第363章审查完成，评分: 7.8， verdict: 需修改
[2026-05-16 13:08:31] [Reviewer] 正在审查第364章...
[2026-05-16 13:08:44] [Reviewer] 第363章审查完成，评分: 7.5， verdict: 需修改
[2026-05-16 13:08:45] [Reviewer] 正在审查第364章...
[2026-05-16 13:09:02] [Reviewer] 第364章审查完成，评分: 7.5， verdict: 需修改
[2026-05-16 13:09:03] [Reviewer] 正在审查第365章...
[2026-05-16 13:09:27] [Reviewer] 第364章审查完成，评分: 7.5， verdict: 需修改
[2026-05-16 13:09:28] [Reviewer] 正在审查第365章...
[2026-05-16 13:09:38] [Reviewer] 第365章审查完成，评分: 8.5， verdict: 通过
[2026-05-16 13:09:39] [Reviewer] 正在审查第366章...
[2026-05-16 13:09:55] [Reviewer] 第365章审查完成，评分: 8.5， verdict: 需修改
[2026-05-16 13:09:56] [Reviewer] 正在审查第366章...
[2026-05-16 13:10:12] [Reviewer] 第366章审查完成，评分: 8.2， verdict: 通过
[2026-05-16 13:10:13] [Reviewer] 正在审查第367章...
[2026-05-16 13:10:27] [Reviewer] 第366章审查完成，评分: 8.5， verdict: 通过
[2026-05-16 13:10:28] [Reviewer] 正在审查第367章...
[2026-05-16 13:10:52] [Reviewer] 第367章审查完成，评分: 8.5， verdict: 通过
[2026-05-16 13:10:53] [Reviewer] 正在审查第368章...
[2026-05-16 13:11:02] [Reviewer] 第367章审查完成，评分: 8.5， verdict: 通过
[2026-05-16 13:11:03] [Reviewer] 正在审查第368章...
[2026-05-16 13:11:31] [Reviewer] 第368章审查完成，评分: 8.5， verdict: 通过
[2026-05-16 13:11:32] [Reviewer] 正在审查第369章...
[2026-05-16 13:11:37] [Reviewer] 第368章审查完成，评分: 8.5， verdict: 通过
[2026-05-16 13:11:38] [Reviewer] 正在审查第369章...
[2026-05-16 13:11:59] [Reviewer] 第369章审查完成，评分: 8.5， verdict: 通过
[2026-05-16 13:12:00] [Reviewer] 正在审查第370章...
[2026-05-16 13:12:16] [Reviewer] 第369章审查完成，评分: 8.5， verdict: 需修改
[2026-05-16 13:12:17] [Reviewer] 正在审查第370章...
[2026-05-16 13:12:33] [Reviewer] 第370章审查完成，评分: 8.5， verdict: 通过
[2026-05-16 13:12:34] [Reviewer] 全部完成
[2026-05-16 13:12:47] [Reviewer] 第370章审查完成，评分: 8.5， verdict: 通过
[2026-05-16 13:12:48] [Reviewer] 全部完成
[2026-05-16 13:25:02] [Reviewer] 正在审查第371章...
[2026-05-16 13:25:22] [Reviewer] 正在审查第371章...
[2026-05-16 13:25:22] [Reviewer] 正在审查第375章...
[2026-05-16 13:25:22] [Reviewer] 正在审查第373章...
[2026-05-16 13:25:22] [Reviewer] 正在审查第379章...
[2026-05-16 13:25:22] [Reviewer] 正在审查第377章...
[2026-05-16 13:29:17] [Reviewer] 正在审查第381章...
[2026-05-16 13:29:17] [Reviewer] 正在审查第385章...
[2026-05-16 13:29:17] [Reviewer] 正在审查第383章...
[2026-05-16 13:29:17] [Reviewer] 正在审查第387章...
[2026-05-16 13:29:17] [Reviewer] 正在审查第389章...
[2026-05-16 13:29:43] [Reviewer] 第389章审查完成，评分: 8.5， verdict: 通过
[2026-05-16 13:29:44] [Reviewer] 正在审查第390章...
[2026-05-16 13:29:45] [Reviewer] 第381章审查完成，评分: 7.5， verdict: 需修改
[2026-05-16 13:29:46] [Reviewer] 正在审查第382章...
[2026-05-16 13:29:47] [Reviewer] 第387章审查完成，评分: 8.0， verdict: 需修改
[2026-05-16 13:29:48] [Reviewer] 正在审查第388章...
[2026-05-16 13:29:53] [Reviewer] 第385章审查完成，评分: 7.5， verdict: 需修改
[2026-05-16 13:29:54] [Reviewer] 正在审查第386章...
[2026-05-16 13:29:54] [Reviewer] 第383章审查完成，评分: 8.5， verdict: 通过
[2026-05-16 13:29:55] [Reviewer] 正在审查第384章...
[2026-05-16 13:30:16] [Reviewer] 第388章审查完成，评分: 8.5， verdict: 通过
[2026-05-16 13:30:17] [Reviewer] 全部完成
[2026-05-16 13:30:18] [Reviewer] 第382章审查完成，评分: 8.5， verdict: 需修改
[2026-05-16 13:30:19] [Reviewer] 全部完成
[2026-05-16 13:30:21] [Reviewer] 第390章审查完成，评分: 8.5， verdict: 通过
[2026-05-16 13:30:22] [Reviewer] 全部完成
[2026-05-16 13:30:26] [Reviewer] 第384章审查完成，评分: 8， verdict: 需修改
[2026-05-16 13:30:27] [Reviewer] 全部完成
[2026-05-16 13:30:33] [Reviewer] 第386章审查完成，评分: 8.5， verdict: 通过
[2026-05-16 13:30:34] [Reviewer] 全部完成
[2026-05-16 13:33:27] [Reviewer] 正在审查第391章...
[2026-05-16 13:33:27] [Reviewer] 正在审查第399章...
[2026-05-16 13:33:27] [Reviewer] 正在审查第393章...
[2026-05-16 13:33:27] [Reviewer] 正在审查第395章...
[2026-05-16 13:33:27] [Reviewer] 正在审查第397章...
[2026-05-16 13:33:54] [Reviewer] 第399章审查完成，评分: 8.0， verdict: 通过
[2026-05-16 13:33:55] [Reviewer] 正在审查第400章...
[2026-05-16 13:33:57] [Reviewer] 第395章审查完成，评分: 8.5， verdict: 通过
[2026-05-16 13:33:58] [Reviewer] 正在审查第396章...
[2026-05-16 13:33:58] [Reviewer] 第391章审查完成，评分: 8.0， verdict: 通过
[2026-05-16 13:33:59] [Reviewer] 正在审查第392章...
[2026-05-16 13:34:02] [Reviewer] 第397章审查完成，评分: 8.0， verdict: 需修改
[2026-05-16 13:34:03] [Reviewer] 正在审查第398章...
[2026-05-16 13:34:03] [Reviewer] 第393章审查完成，评分: 8.5， verdict: 通过
[2026-05-16 13:34:04] [Reviewer] 正在审查第394章...
[2026-05-16 13:34:23] [Reviewer] 第396章审查完成，评分: 8.5， verdict: 通过
[2026-05-16 13:34:24] [Reviewer] 全部完成
[2026-05-16 13:34:32] [Reviewer] 第394章审查完成，评分: 8.5， verdict: 通过
[2026-05-16 13:34:33] [Reviewer] 第400章审查完成，评分: 7.8， verdict: 需修改
[2026-05-16 13:34:33] [Reviewer] 全部完成
[2026-05-16 13:34:34] [Reviewer] 全部完成
[2026-05-16 13:34:35] [Reviewer] 第392章审查完成，评分: 8.5， verdict: 通过
[2026-05-16 13:34:36] [Reviewer] 全部完成
[2026-05-16 13:34:38] [Reviewer] 第398章审查完成，评分: 8， verdict: 通过
[2026-05-16 13:34:39] [Reviewer] 全部完成
[2026-05-16 13:37:08] [Reviewer] 正在审查第407章...
[2026-05-16 13:37:08] [Reviewer] 正在审查第403章...
[2026-05-16 13:37:08] [Reviewer] 正在审查第405章...
[2026-05-16 13:37:08] [Reviewer] 正在审查第401章...
[2026-05-16 13:37:08] [Reviewer] 正在审查第409章...
[2026-05-16 13:37:37] [Reviewer] 第409章审查完成，评分: 8.5， verdict: 通过
[2026-05-16 13:37:38] [Reviewer] 正在审查第410章...
[2026-05-16 13:37:41] [Reviewer] 第401章审查完成，评分: 8.5， verdict: 通过
[2026-05-16 13:37:42] [Reviewer] 正在审查第402章...
[2026-05-16 13:37:44] [Reviewer] 第407章审查完成，评分: 7.8， verdict: 需修改
[2026-05-16 13:37:45] [Reviewer] 第403章审查完成，评分: 8.2， verdict: 需修改
[2026-05-16 13:37:45] [Reviewer] 正在审查第408章...
[2026-05-16 13:37:46] [Reviewer] 正在审查第404章...
[2026-05-16 13:37:48] [Reviewer] 第405章审查完成，评分: 8.5， verdict: 通过
[2026-05-16 13:37:49] [Reviewer] 正在审查第406章...
[2026-05-16 13:38:15] [Reviewer] 第404章审查完成，评分: 8.5， verdict: 通过
[2026-05-16 13:38:16] [Reviewer] 全部完成
[2026-05-16 13:38:17] [Reviewer] 第408章审查完成，评分: 8.5， verdict: 通过
[2026-05-16 13:38:18] [Reviewer] 全部完成
[2026-05-16 13:38:18] [Reviewer] 第410章审查完成，评分: 8.5， verdict: 通过
[2026-05-16 13:38:19] [Reviewer] 第406章审查完成，评分: 8.5， verdict: 通过
[2026-05-16 13:38:19] [Reviewer] 全部完成
[2026-05-16 13:38:20] [Reviewer] 全部完成
[2026-05-16 13:38:22] [Reviewer] 第402章审查完成，评分: 8.0， verdict: 通过
[2026-05-16 13:38:23] [Reviewer] 全部完成
[2026-05-16 13:41:03] [Reviewer] 正在审查第411章...
[2026-05-16 13:41:03] [Reviewer] 正在审查第413章...
[2026-05-16 13:41:03] [Reviewer] 正在审查第415章...
[2026-05-16 13:41:03] [Reviewer] 正在审查第417章...
[2026-05-16 13:41:03] [Reviewer] 正在审查第419章...
[2026-05-16 13:41:32] [Reviewer] 第417章审查完成，评分: 8.5， verdict: 通过
[2026-05-16 13:41:33] [Reviewer] 正在审查第418章...
[2026-05-16 13:41:34] [Reviewer] 第413章审查完成，评分: 8.5， verdict: 通过
[2026-05-16 13:41:35] [Reviewer] 正在审查第414章...
[2026-05-16 13:41:43] [Reviewer] 第419章审查完成，评分: 8.0， verdict: 通过
[2026-05-16 13:41:44] [Reviewer] 正在审查第420章...
[2026-05-16 13:41:44] [Reviewer] 第415章审查完成，评分: 7.5， verdict: 需修改
[2026-05-16 13:41:45] [Reviewer] 正在审查第416章...
[2026-05-16 13:41:50] [Reviewer] 第411章审查完成，评分: 8.5， verdict: 通过
[2026-05-16 13:41:51] [Reviewer] 正在审查第412章...
[2026-05-16 13:42:02] [Reviewer] 第418章审查完成，评分: 8.5， verdict: 通过
[2026-05-16 13:42:03] [Reviewer] 全部完成
[2026-05-16 13:42:12] [Reviewer] 第414章审查完成，评分: 8.5， verdict: 通过
[2026-05-16 13:42:12] [Reviewer] 第420章审查完成，评分: 8.0， verdict: 通过
[2026-05-16 13:42:13] [Reviewer] 全部完成
[2026-05-16 13:42:13] [Reviewer] 全部完成
[2026-05-16 13:42:14] [Reviewer] 第416章审查完成，评分: 8.5， verdict: 通过
[2026-05-16 13:42:15] [Reviewer] 全部完成
[2026-05-16 13:42:15] [Reviewer] 第412章审查完成，评分: 8.0， verdict: 通过
[2026-05-16 13:42:16] [Reviewer] 全部完成
[2026-05-16 13:44:55] [Reviewer] 正在审查第423章...
[2026-05-16 13:44:55] [Reviewer] 正在审查第421章...
[2026-05-16 13:44:55] [Reviewer] 正在审查第425章...
[2026-05-16 13:44:55] [Reviewer] 正在审查第429章...
[2026-05-16 13:44:55] [Reviewer] 正在审查第427章...
[2026-05-16 13:45:26] [Reviewer] 第425章审查完成，评分: 8.0， verdict: 通过
[2026-05-16 13:45:27] [Reviewer] 正在审查第426章...
[2026-05-16 13:45:27] [Reviewer] 第429章审查完成，评分: 7.8， verdict: 需修改
[2026-05-16 13:45:28] [Reviewer] 正在审查第430章...
[2026-05-16 13:45:31] [Reviewer] 第421章审查完成，评分: 7.8， verdict: 通过
[2026-05-16 13:45:32] [Reviewer] 正在审查第422章...
[2026-05-16 13:45:33] [Reviewer] 第427章审查完成，评分: 8.5， verdict: 通过
[2026-05-16 13:45:34] [Reviewer] 正在审查第428章...
[2026-05-16 13:45:37] [Reviewer] 第423章审查完成，评分: 8.0， verdict: 需修改
[2026-05-16 13:45:38] [Reviewer] 正在审查第424章...
[2026-05-16 13:45:58] [Reviewer] 第422章审查完成，评分: 8.5， verdict: 通过
[2026-05-16 13:45:59] [Reviewer] 第426章审查完成，评分: 8.2， verdict: 通过
[2026-05-16 13:45:59] [Reviewer] 全部完成
[2026-05-16 13:46:00] [Reviewer] 全部完成
[2026-05-16 13:46:04] [Reviewer] 第430章审查完成，评分: 8.5， verdict: 通过
[2026-05-16 13:46:05] [Reviewer] 第428章审查完成，评分: 8.0， verdict: 需修改
[2026-05-16 13:46:05] [Reviewer] 全部完成
[2026-05-16 13:46:06] [Reviewer] 全部完成
[2026-05-16 13:46:13] [Reviewer] 第424章审查完成，评分: 7.8， verdict: 需修改
[2026-05-16 13:46:14] [Reviewer] 全部完成
[2026-05-16 13:49:09] [Reviewer] 正在审查第431章...
[2026-05-16 13:49:09] [Reviewer] 正在审查第437章...
[2026-05-16 13:49:09] [Reviewer] 正在审查第433章...
[2026-05-16 13:49:09] [Reviewer] 正在审查第435章...
[2026-05-16 13:49:09] [Reviewer] 正在审查第439章...
[2026-05-16 13:49:41] [Reviewer] 第431章审查完成，评分: 8.5， verdict: 通过
[2026-05-16 13:49:42] [Reviewer] 第439章审查完成，评分: 8.5， verdict: 需修改
[2026-05-16 13:49:42] [Reviewer] 正在审查第432章...
[2026-05-16 13:49:43] [Reviewer] 正在审查第440章...
[2026-05-16 13:49:45] [Reviewer] 第437章审查完成，评分: 7.2， verdict: 需修改
[2026-05-16 13:49:45] [Reviewer] 第433章审查完成，评分: 8.5， verdict: 通过
[2026-05-16 13:49:46] [Reviewer] 正在审查第438章...
[2026-05-16 13:49:46] [Reviewer] 正在审查第434章...
[2026-05-16 13:49:49] [Reviewer] 第435章审查完成，评分: 8.2， verdict: 通过
[2026-05-16 13:49:50] [Reviewer] 正在审查第436章...
[2026-05-16 13:50:13] [Reviewer] 第432章审查完成，评分: 7.5， verdict: 需修改
[2026-05-16 13:50:14] [Reviewer] 全部完成
[2026-05-16 13:50:16] [Reviewer] 第438章审查完成，评分: 8.5， verdict: 通过
[2026-05-16 13:50:17] [Reviewer] 第440章审查完成，评分: 8.0， verdict: 通过
[2026-05-16 13:50:17] [Reviewer] 全部完成
[2026-05-16 13:50:17] [Reviewer] 第436章审查完成，评分: 8.3， verdict: 通过
[2026-05-16 13:50:18] [Reviewer] 全部完成
[2026-05-16 13:50:18] [Reviewer] 全部完成
[2026-05-16 13:50:22] [Reviewer] JSON解析失败: Expecting ',' delimiter: line 25 column 9 (char 562)
[2026-05-16 13:50:22] [Reviewer] 第434章审查完成，评分: N/A， verdict: N/A
[2026-05-16 13:50:23] [Reviewer] 全部完成
[2026-05-16 13:53:34] [Reviewer] 正在审查第445章...
[2026-05-16 13:53:34] [Reviewer] 正在审查第443章...
[2026-05-16 13:53:34] [Reviewer] 正在审查第441章...
[2026-05-16 13:53:34] [Reviewer] 正在审查第449章...
[2026-05-16 13:53:34] [Reviewer] 正在审查第447章...
[2026-05-16 13:53:58] [Reviewer] 第447章审查完成，评分: 8.5， verdict: 通过
[2026-05-16 13:53:59] [Reviewer] 正在审查第448章...
[2026-05-16 13:54:01] [Reviewer] 第443章审查完成，评分: 7.8， verdict: 需修改
[2026-05-16 13:54:01] [Reviewer] 第449章审查完成，评分: 8.0， verdict: 需修改
[2026-05-16 13:54:02] [Reviewer] 正在审查第444章...
[2026-05-16 13:54:02] [Reviewer] 正在审查第450章...
[2026-05-16 13:54:05] [Reviewer] 第441章审查完成，评分: 8.5， verdict: 通过
[2026-05-16 13:54:06] [Reviewer] 正在审查第442章...
[2026-05-16 13:54:11] [Reviewer] 第445章审查完成，评分: 8， verdict: 通过
[2026-05-16 13:54:12] [Reviewer] 正在审查第446章...
[2026-05-16 13:54:31] [Reviewer] 第444章审查完成，评分: 8.0， verdict: 通过
[2026-05-16 13:54:32] [Reviewer] 全部完成
[2026-05-16 13:54:36] [Reviewer] 第450章审查完成，评分: 8.0， verdict: 通过
[2026-05-16 13:54:37] [Reviewer] 第442章审查完成，评分: 8.5， verdict: 通过
[2026-05-16 13:54:37] [Reviewer] 全部完成
[2026-05-16 13:54:38] [Reviewer] 全部完成
[2026-05-16 13:54:40] [Reviewer] 第448章审查完成，评分: 8.5， verdict: 通过
[2026-05-16 13:54:41] [Reviewer] 全部完成
[2026-05-16 13:54:49] [Reviewer] 第446章审查完成，评分: 8.5， verdict: 通过
[2026-05-16 13:54:50] [Reviewer] 全部完成
[2026-05-16 13:57:44] [Reviewer] 正在审查第455章...
[2026-05-16 13:57:44] [Reviewer] 正在审查第457章...
[2026-05-16 13:57:44] [Reviewer] 正在审查第451章...
[2026-05-16 13:57:44] [Reviewer] 正在审查第459章...
[2026-05-16 13:57:44] [Reviewer] 正在审查第453章...
[2026-05-16 13:58:08] [Reviewer] 第455章审查完成，评分: 8.5， verdict: 通过
[2026-05-16 13:58:09] [Reviewer] 正在审查第456章...
[2026-05-16 13:58:18] [Reviewer] 第451章审查完成，评分: 8.5， verdict: 通过
[2026-05-16 13:58:18] [Reviewer] 第457章审查完成，评分: 8.5， verdict: 通过
[2026-05-16 13:58:19] [Reviewer] 正在审查第452章...
[2026-05-16 13:58:19] [Reviewer] 正在审查第458章...
[2026-05-16 13:58:21] [Reviewer] 第453章审查完成，评分: 8.5， verdict: 通过
[2026-05-16 13:58:22] [Reviewer] 正在审查第454章...
[2026-05-16 13:58:24] [Reviewer] 第459章审查完成，评分: 8.5， verdict: 通过
[2026-05-16 13:58:25] [Reviewer] 正在审查第460章...
[2026-05-16 13:58:40] [Reviewer] 第456章审查完成，评分: 8.5， verdict: 需修改
[2026-05-16 13:58:40] [Reviewer] 第458章审查完成，评分: 8.2， verdict: 通过
[2026-05-16 13:58:41] [Reviewer] 全部完成
[2026-05-16 13:58:41] [Reviewer] 全部完成
[2026-05-16 13:58:46] [Reviewer] 第452章审查完成，评分: 8.2， verdict: 通过
[2026-05-16 13:58:47] [Reviewer] 全部完成
[2026-05-16 13:58:58] [Reviewer] 第454章审查完成，评分: 8.5， verdict: 通过
[2026-05-16 13:58:59] [Reviewer] 全部完成
[2026-05-16 13:59:11] [Reviewer] 第460章审查完成，评分: 8.0， verdict: 需修改
[2026-05-16 13:59:12] [Reviewer] 全部完成
[2026-05-16 14:02:14] [Reviewer] 正在审查第463章...
[2026-05-16 14:02:14] [Reviewer] 正在审查第465章...
[2026-05-16 14:02:14] [Reviewer] 正在审查第469章...
[2026-05-16 14:02:14] [Reviewer] 正在审查第461章...
[2026-05-16 14:02:14] [Reviewer] 正在审查第467章...
[2026-05-16 14:02:43] [Reviewer] 第465章审查完成，评分: 7.5， verdict: 需修改
[2026-05-16 14:02:44] [Reviewer] 正在审查第466章...
[2026-05-16 14:02:46] [Reviewer] 第463章审查完成，评分: 8.5， verdict: 通过
[2026-05-16 14:02:47] [Reviewer] 第461章审查完成，评分: 8.5， verdict: 通过
[2026-05-16 14:02:47] [Reviewer] 正在审查第464章...
[2026-05-16 14:02:48] [Reviewer] 正在审查第462章...
[2026-05-16 14:02:50] [Reviewer] 第467章审查完成，评分: 8.0， verdict: 通过
[2026-05-16 14:02:51] [Reviewer] 第469章审查完成，评分: 8.5， verdict: 通过
[2026-05-16 14:02:51] [Reviewer] 正在审查第468章...
[2026-05-16 14:02:52] [Reviewer] 正在审查第470章...
[2026-05-16 14:03:15] [Reviewer] 第466章审查完成，评分: 8.5， verdict: 通过
[2026-05-16 14:03:16] [Reviewer] 全部完成
[2026-05-16 14:03:16] [Reviewer] 第470章审查完成，评分: 7.5， verdict: 需修改
[2026-05-16 14:03:17] [Reviewer] 全部完成
[2026-05-16 14:03:21] [Reviewer] 第462章审查完成，评分: 7.5， verdict: 需修改
[2026-05-16 14:03:22] [Reviewer] 全部完成
[2026-05-16 14:03:27] [Reviewer] 第468章审查完成，评分: 8.5， verdict: 通过
[2026-05-16 14:03:28] [Reviewer] 全部完成
[2026-05-16 14:03:46] [Reviewer] 第464章审查完成，评分: 8.5， verdict: 通过
[2026-05-16 14:03:47] [Reviewer] 全部完成
[2026-05-16 14:07:44] [Reviewer] 正在审查第473章...
[2026-05-16 14:07:44] [Reviewer] 正在审查第471章...
[2026-05-16 14:07:44] [Reviewer] 正在审查第477章...
[2026-05-16 14:07:44] [Reviewer] 正在审查第475章...
[2026-05-16 14:07:44] [Reviewer] 正在审查第479章...
[2026-05-16 14:08:15] [Reviewer] 第471章审查完成，评分: 7.8， verdict: 需修改
[2026-05-16 14:08:16] [Reviewer] 正在审查第472章...
[2026-05-16 14:08:18] [Reviewer] 第473章审查完成，评分: 8.3， verdict: 通过
[2026-05-16 14:08:19] [Reviewer] 正在审查第474章...
[2026-05-16 14:08:21] [Reviewer] 第477章审查完成，评分: 8.3， verdict: 通过
[2026-05-16 14:08:22] [Reviewer] 第479章审查完成，评分: 8.5， verdict: 需修改
[2026-05-16 14:08:23] [Reviewer] 正在审查第478章...
[2026-05-16 14:08:23] [Reviewer] 正在审查第480章...
[2026-05-16 14:08:27] [Reviewer] 第475章审查完成，评分: 7.8， verdict: 需修改
[2026-05-16 14:08:28] [Reviewer] 正在审查第476章...
[2026-05-16 14:08:49] [Reviewer] 第472章审查完成，评分: 8.2， verdict: 需修改
[2026-05-16 14:08:50] [Reviewer] 全部完成
[2026-05-16 14:08:55] [Reviewer] 第478章审查完成，评分: 8.5， verdict: 通过
[2026-05-16 14:08:56] [Reviewer] 全部完成
[2026-05-16 14:08:57] [Reviewer] 第474章审查完成，评分: 8.2， verdict: 通过
[2026-05-16 14:08:57] [Reviewer] 第480章审查完成，评分: 8.5， verdict: 通过
[2026-05-16 14:08:58] [Reviewer] 全部完成
[2026-05-16 14:08:58] [Reviewer] 全部完成
[2026-05-16 14:08:58] [Reviewer] 第476章审查完成，评分: 8， verdict: 需修改
[2026-05-16 14:08:59] [Reviewer] 全部完成
[2026-05-16 14:12:12] [Reviewer] 正在审查第483章...
[2026-05-16 14:12:12] [Reviewer] 正在审查第487章...
[2026-05-16 14:12:12] [Reviewer] 正在审查第481章...
[2026-05-16 14:12:12] [Reviewer] 正在审查第489章...
[2026-05-16 14:12:12] [Reviewer] 正在审查第485章...
[2026-05-16 14:12:40] [Reviewer] 第485章审查完成，评分: 8.0， verdict: 通过
[2026-05-16 14:12:41] [Reviewer] 正在审查第486章...
[2026-05-16 14:12:42] [Reviewer] JSON解析失败: Invalid control character at: line 21 column 54 (char 464)
[2026-05-16 14:12:42] [Reviewer] 第481章审查完成，评分: N/A， verdict: N/A
[2026-05-16 14:12:42] [Reviewer] 第489章审查完成，评分: 8.5， verdict: 通过
[2026-05-16 14:12:43] [Reviewer] 第483章审查完成，评分: 8.2， verdict: 需修改
[2026-05-16 14:12:43] [Reviewer] 正在审查第482章...
[2026-05-16 14:12:44] [Reviewer] 正在审查第490章...
[2026-05-16 14:12:44] [Reviewer] 正在审查第484章...
[2026-05-16 14:12:44] [Reviewer] 第487章审查完成，评分: 8.5， verdict: 通过
[2026-05-16 14:12:45] [Reviewer] 正在审查第488章...
[2026-05-16 14:13:07] [Reviewer] 第482章审查完成，评分: 8.5， verdict: 通过
[2026-05-16 14:13:08] [Reviewer] 全部完成
[2026-05-16 14:13:10] [Reviewer] 第484章审查完成，评分: 8.0， verdict: 通过
[2026-05-16 14:13:11] [Reviewer] 第488章审查完成，评分: 7.5， verdict: 需修改
[2026-05-16 14:13:11] [Reviewer] 全部完成
[2026-05-16 14:13:12] [Reviewer] 全部完成
[2026-05-16 14:13:15] [Reviewer] 第486章审查完成，评分: 8.3， verdict: 通过
[2026-05-16 14:13:16] [Reviewer] 全部完成
[2026-05-16 14:13:17] [Reviewer] 第490章审查完成，评分: 8.5， verdict: 通过
[2026-05-16 14:13:18] [Reviewer] 全部完成
[2026-05-16 14:16:29] [Reviewer] 正在审查第493章...
[2026-05-16 14:16:29] [Reviewer] 正在审查第491章...
[2026-05-16 14:16:29] [Reviewer] 正在审查第495章...
[2026-05-16 14:16:29] [Reviewer] 正在审查第499章...
[2026-05-16 14:16:29] [Reviewer] 正在审查第497章...
[2026-05-16 14:17:04] [Reviewer] 第491章审查完成，评分: 8.5， verdict: 通过
[2026-05-16 14:17:05] [Reviewer] 第497章审查完成，评分: 8.5， verdict: 需修改
[2026-05-16 14:17:05] [Reviewer] 正在审查第492章...
[2026-05-16 14:17:06] [Reviewer] 正在审查第498章...
[2026-05-16 14:17:10] [Reviewer] 第495章审查完成，评分: 8.5， verdict: 通过
[2026-05-16 14:17:10] [Reviewer] 第493章审查完成，评分: 8.5， verdict: 通过
[2026-05-16 14:17:11] [Reviewer] 正在审查第496章...
[2026-05-16 14:17:11] [Reviewer] 正在审查第494章...
[2026-05-16 14:17:14] [Reviewer] 第499章审查完成，评分: 8.5， verdict: 通过
[2026-05-16 14:17:15] [Reviewer] 正在审查第500章...
[2026-05-16 14:17:41] [Reviewer] 第498章审查完成，评分: 8， verdict: 通过
[2026-05-16 14:17:42] [Reviewer] 第500章审查完成，评分: 8.5， verdict: 通过
[2026-05-16 14:17:42] [Reviewer] 第492章审查完成，评分: 8.5， verdict: 通过
[2026-05-16 14:17:42] [Reviewer] 全部完成
[2026-05-16 14:17:43] [Reviewer] 全部完成
[2026-05-16 14:17:43] [Reviewer] 全部完成
[2026-05-16 14:17:43] [Reviewer] 第496章审查完成，评分: 8.5， verdict: 通过
[2026-05-16 14:17:44] [Reviewer] 全部完成
[2026-05-16 14:17:49] [Reviewer] 第494章审查完成，评分: 7.5， verdict: 需修改
[2026-05-16 14:17:50] [Reviewer] 全部完成
[2026-05-16 14:22:11] [Reviewer] 正在审查第503章...
[2026-05-16 14:22:11] [Reviewer] 正在审查第501章...
[2026-05-16 14:22:11] [Reviewer] 正在审查第505章...
[2026-05-16 14:22:11] [Reviewer] 正在审查第509章...
[2026-05-16 14:22:11] [Reviewer] 正在审查第507章...
[2026-05-16 14:22:43] [Reviewer] 第507章审查完成，评分: 8.5， verdict: 通过
[2026-05-16 14:22:44] [Reviewer] 正在审查第508章...
[2026-05-16 14:22:44] [Reviewer] 第503章审查完成，评分: 8.5， verdict: 通过
[2026-05-16 14:22:44] [Reviewer] 第509章审查完成，评分: 8.0， verdict: 需修改
[2026-05-16 14:22:45] [Reviewer] 正在审查第504章...
[2026-05-16 14:22:45] [Reviewer] 正在审查第510章...
[2026-05-16 14:22:47] [Reviewer] 第505章审查完成，评分: 7.8， verdict: 需修改
[2026-05-16 14:22:48] [Reviewer] 正在审查第506章...
[2026-05-16 14:22:52] [Reviewer] 第501章审查完成，评分: 8.5， verdict: 通过
[2026-05-16 14:22:53] [Reviewer] 正在审查第502章...
[2026-05-16 14:23:17] [Reviewer] 第508章审查完成，评分: 8.5， verdict: 通过
[2026-05-16 14:23:18] [Reviewer] 全部完成
[2026-05-16 14:23:19] [Reviewer] 第504章审查完成，评分: 8.5， verdict: 通过
[2026-05-16 14:23:19] [Reviewer] 第510章审查完成，评分: 7.5， verdict: 需修改
[2026-05-16 14:23:20] [Reviewer] 全部完成
[2026-05-16 14:23:20] [Reviewer] 全部完成
[2026-05-16 14:23:22] [Reviewer] 第506章审查完成，评分: 8.5， verdict: 通过
[2026-05-16 14:23:23] [Reviewer] 全部完成
[2026-05-16 14:23:29] [Reviewer] 第502章审查完成，评分: 8.5， verdict: 通过
[2026-05-16 14:23:30] [Reviewer] 全部完成
[2026-05-16 14:26:30] [Reviewer] 正在审查第513章...
[2026-05-16 14:26:30] [Reviewer] 正在审查第511章...
[2026-05-16 14:26:30] [Reviewer] 正在审查第515章...
[2026-05-16 14:26:30] [Reviewer] 正在审查第517章...
[2026-05-16 14:26:30] [Reviewer] 正在审查第519章...
[2026-05-16 14:27:01] [Reviewer] 第511章审查完成，评分: 8.5， verdict: 通过
[2026-05-16 14:27:02] [Reviewer] 正在审查第512章...
[2026-05-16 14:27:04] [Reviewer] 第517章审查完成，评分: 8， verdict: 需修改
[2026-05-16 14:27:05] [Reviewer] 正在审查第518章...
[2026-05-16 14:27:06] [Reviewer] 第515章审查完成，评分: 8.2， verdict: 通过
[2026-05-16 14:27:06] [Reviewer] 第513章审查完成，评分: 8.5， verdict: 通过
[2026-05-16 14:27:07] [Reviewer] 正在审查第516章...
[2026-05-16 14:27:07] [Reviewer] 正在审查第514章...
[2026-05-16 14:27:16] [Reviewer] 第519章审查完成，评分: 8.5， verdict: 通过
[2026-05-16 14:27:17] [Reviewer] 正在审查第520章...
[2026-05-16 14:27:25] [Reviewer] 第512章审查完成，评分: 8.2， verdict: 通过
[2026-05-16 14:27:26] [Reviewer] 全部完成
[2026-05-16 14:27:45] [Reviewer] 第514章审查完成，评分: 8.5， verdict: 通过
[2026-05-16 14:27:45] [Reviewer] 第518章审查完成，评分: 8.0， verdict: 需修改
[2026-05-16 14:27:46] [Reviewer] 全部完成
[2026-05-16 14:27:46] [Reviewer] 全部完成
[2026-05-16 14:27:49] [Reviewer] 第520章审查完成，评分: 8.0， verdict: 需修改
[2026-05-16 14:27:50] [Reviewer] 全部完成
[2026-05-16 14:27:51] [Reviewer] 第516章审查完成，评分: 8.5， verdict: 通过
[2026-05-16 14:27:52] [Reviewer] 全部完成
[2026-05-16 14:31:02] [Reviewer] 正在审查第525章...
[2026-05-16 14:31:02] [Reviewer] 正在审查第523章...
[2026-05-16 14:31:02] [Reviewer] 正在审查第527章...
[2026-05-16 14:31:02] [Reviewer] 正在审查第529章...
[2026-05-16 14:31:02] [Reviewer] 正在审查第521章...
[2026-05-16 14:31:27] [Reviewer] 第529章审查完成，评分: 8.5， verdict: 通过
[2026-05-16 14:31:28] [Reviewer] 正在审查第530章...
[2026-05-16 14:31:35] [Reviewer] 第527章审查完成，评分: 8.0， verdict: 通过
[2026-05-16 14:31:36] [Reviewer] 正在审查第528章...
[2026-05-16 14:31:36] [Reviewer] 第525章审查完成，评分: 8.5， verdict: 通过
[2026-05-16 14:31:37] [Reviewer] 第523章审查完成，评分: 8.5， verdict: 通过
[2026-05-16 14:31:37] [Reviewer] 正在审查第526章...
[2026-05-16 14:31:38] [Reviewer] 正在审查第524章...
[2026-05-16 14:31:44] [Reviewer] 第521章审查完成，评分: 8.5， verdict: 通过
[2026-05-16 14:31:45] [Reviewer] 正在审查第522章...
[2026-05-16 14:31:56] [Reviewer] 第530章审查完成，评分: 8.0， verdict: 通过
[2026-05-16 14:31:57] [Reviewer] 全部完成
[2026-05-16 14:32:12] [Reviewer] 第526章审查完成，评分: 8.5， verdict: 通过
[2026-05-16 14:32:13] [Reviewer] 全部完成
[2026-05-16 14:32:14] [Reviewer] 第524章审查完成，评分: 7.5， verdict: 通过
[2026-05-16 14:32:14] [Reviewer] 第528章审查完成，评分: 8.5， verdict: 通过
[2026-05-16 14:32:15] [Reviewer] 全部完成
[2026-05-16 14:32:15] [Reviewer] 全部完成
[2026-05-16 14:32:24] [Reviewer] 第522章审查完成，评分: 8， verdict: 需修改
[2026-05-16 14:32:25] [Reviewer] 全部完成
[2026-05-16 14:35:18] [Reviewer] 正在审查第535章...
[2026-05-16 14:35:18] [Reviewer] 正在审查第531章...
[2026-05-16 14:35:18] [Reviewer] 正在审查第533章...
[2026-05-16 14:35:18] [Reviewer] 正在审查第539章...
[2026-05-16 14:35:18] [Reviewer] 正在审查第537章...
[2026-05-16 14:35:45] [Reviewer] 第537章审查完成，评分: 8.5， verdict: 通过
[2026-05-16 14:35:45] [Reviewer] 第539章审查完成，评分: 8.5， verdict: 通过
[2026-05-16 14:35:46] [Reviewer] 正在审查第538章...
[2026-05-16 14:35:46] [Reviewer] 正在审查第540章...
[2026-05-16 14:35:49] [Reviewer] 第533章审查完成，评分: 8.5， verdict: 通过
[2026-05-16 14:35:50] [Reviewer] 正在审查第534章...
[2026-05-16 14:35:52] [Reviewer] 第535章审查完成，评分: 8.5， verdict: 通过
[2026-05-16 14:35:54] [Reviewer] 正在审查第536章...
[2026-05-16 14:36:03] [Reviewer] 第531章审查完成，评分: 7.8， verdict: 通过
[2026-05-16 14:36:04] [Reviewer] 正在审查第532章...
[2026-05-16 14:36:17] [Reviewer] 第540章审查完成，评分: 7.5， verdict: 需修改
[2026-05-16 14:36:18] [Reviewer] 全部完成
[2026-05-16 14:36:21] [Reviewer] 第538章审查完成，评分: 8.5， verdict: 需修改
[2026-05-16 14:36:22] [Reviewer] 全部完成
[2026-05-16 14:36:28] [Reviewer] 第534章审查完成，评分: 6.5， verdict: 需修改
[2026-05-16 14:36:29] [Reviewer] 全部完成
[2026-05-16 14:36:30] [Reviewer] 第536章审查完成，评分: 8.0， verdict: 需修改
[2026-05-16 14:36:31] [Reviewer] 全部完成
[2026-05-16 14:36:33] [Reviewer] 第532章审查完成，评分: 8.0， verdict: 通过
[2026-05-16 14:36:34] [Reviewer] 全部完成
[2026-05-16 14:40:18] [Reviewer] 正在审查第543章...
[2026-05-16 14:40:18] [Reviewer] 正在审查第541章...
[2026-05-16 14:40:18] [Reviewer] 正在审查第549章...
[2026-05-16 14:40:18] [Reviewer] 正在审查第547章...
[2026-05-16 14:40:18] [Reviewer] 正在审查第545章...
[2026-05-16 14:40:43] [Reviewer] 第543章审查完成，评分: 7.5， verdict: 需修改
[2026-05-16 14:40:44] [Reviewer] 第547章审查完成，评分: 7.8， verdict: 需修改
[2026-05-16 14:40:44] [Reviewer] 正在审查第544章...
[2026-05-16 14:40:45] [Reviewer] 正在审查第548章...
[2026-05-16 14:40:47] [Reviewer] 第541章审查完成，评分: 7.5， verdict: 需修改
[2026-05-16 14:40:48] [Reviewer] 第549章审查完成，评分: 7.5， verdict: 需修改
[2026-05-16 14:40:48] [Reviewer] 正在审查第542章...
[2026-05-16 14:40:49] [Reviewer] 正在审查第550章...
[2026-05-16 14:40:54] [Reviewer] 第545章审查完成，评分: 8.5， verdict: 通过
[2026-05-16 14:40:55] [Reviewer] 正在审查第546章...
[2026-05-16 14:41:13] [Reviewer] 第548章审查完成，评分: 8.5， verdict: 通过
[2026-05-16 14:41:14] [Reviewer] 全部完成
[2026-05-16 14:41:19] [Reviewer] 第542章审查完成，评分: 8.5， verdict: 通过
[2026-05-16 14:41:20] [Reviewer] 全部完成
[2026-05-16 14:41:20] [Reviewer] 第544章审查完成，评分: 8.2， verdict: 通过
[2026-05-16 14:41:21] [Reviewer] 第550章审查完成，评分: 7.5， verdict: 需修改
[2026-05-16 14:41:21] [Reviewer] 全部完成
[2026-05-16 14:41:22] [Reviewer] 全部完成
[2026-05-16 14:41:42] [Reviewer] 第546章审查完成，评分: 8.5， verdict: 通过
[2026-05-16 14:41:43] [Reviewer] 全部完成
[2026-05-16 14:45:11] [Reviewer] 正在审查第553章...
[2026-05-16 14:45:11] [Reviewer] 正在审查第555章...
[2026-05-16 14:45:11] [Reviewer] 正在审查第559章...
[2026-05-16 14:45:11] [Reviewer] 正在审查第551章...
[2026-05-16 14:45:11] [Reviewer] 正在审查第557章...
[2026-05-16 14:45:43] [Reviewer] 第557章审查完成，评分: 8.0， verdict: 通过
[2026-05-16 14:45:44] [Reviewer] 第559章审查完成，评分: 6.5， verdict: 需修改
[2026-05-16 14:45:44] [Reviewer] 第555章审查完成，评分: 7.8， verdict: 通过
[2026-05-16 14:45:44] [Reviewer] 正在审查第558章...
[2026-05-16 14:45:45] [Reviewer] 正在审查第560章...
[2026-05-16 14:45:45] [Reviewer] 正在审查第556章...
[2026-05-16 14:45:49] [Reviewer] 第551章审查完成，评分: 7.5， verdict: 需修改
[2026-05-16 14:45:50] [Reviewer] 正在审查第552章...
[2026-05-16 14:46:00] [Reviewer] 第553章审查完成，评分: 8.5， verdict: 通过
[2026-05-16 14:46:01] [Reviewer] 正在审查第554章...
[2026-05-16 14:46:13] [Reviewer] 第558章审查完成，评分: 7.5， verdict: 需修改
[2026-05-16 14:46:14] [Reviewer] 全部完成
[2026-05-16 14:46:24] [Reviewer] 第560章审查完成，评分: 8.5， verdict: 通过
[2026-05-16 14:46:25] [Reviewer] 全部完成
[2026-05-16 14:46:27] [Reviewer] 第552章审查完成，评分: 8.5， verdict: 通过
[2026-05-16 14:46:28] [Reviewer] 全部完成
[2026-05-16 14:46:31] [Reviewer] 第556章审查完成，评分: 8.5， verdict: 通过
[2026-05-16 14:46:32] [Reviewer] 全部完成
[2026-05-16 14:46:37] [Reviewer] 第554章审查完成，评分: 8.5， verdict: 通过
[2026-05-16 14:46:38] [Reviewer] 全部完成
[2026-05-16 14:49:29] [Reviewer] 正在审查第561章...
[2026-05-16 14:49:29] [Reviewer] 正在审查第567章...
[2026-05-16 14:49:29] [Reviewer] 正在审查第569章...
[2026-05-16 14:49:29] [Reviewer] 正在审查第563章...
[2026-05-16 14:49:29] [Reviewer] 正在审查第565章...
[2026-05-16 14:49:54] [Reviewer] 第565章审查完成，评分: 6.5， verdict: 需修改
[2026-05-16 14:49:55] [Reviewer] 正在审查第566章...
[2026-05-16 14:50:01] [Reviewer] 第561章审查完成，评分: 8.5， verdict: 通过
[2026-05-16 14:50:02] [Reviewer] 正在审查第562章...
[2026-05-16 14:50:04] [Reviewer] 第563章审查完成，评分: 8.2， verdict: 通过
[2026-05-16 14:50:04] [Reviewer] 第569章审查完成，评分: 7.8， verdict: 需修改
[2026-05-16 14:50:05] [Reviewer] 正在审查第564章...
[2026-05-16 14:50:06] [Reviewer] 正在审查第570章...
[2026-05-16 14:50:06] [Reviewer] 第567章审查完成，评分: 8.5， verdict: 通过
[2026-05-16 14:50:07] [Reviewer] 正在审查第568章...
[2026-05-16 14:50:27] [Reviewer] 第566章审查完成，评分: 8.5， verdict: 通过
[2026-05-16 14:50:28] [Reviewer] 全部完成
[2026-05-16 14:50:38] [Reviewer] 第570章审查完成，评分: 8.5， verdict: 通过
[2026-05-16 14:50:39] [Reviewer] 全部完成
[2026-05-16 14:50:40] [Reviewer] 第568章审查完成，评分: 8.5， verdict: 通过
[2026-05-16 14:50:41] [Reviewer] 全部完成
[2026-05-16 14:50:44] [Reviewer] 第562章审查完成，评分: 7.8， verdict: 需修改
[2026-05-16 14:50:45] [Reviewer] 第564章审查完成，评分: 8.5， verdict: 通过
[2026-05-16 14:50:45] [Reviewer] 全部完成
[2026-05-16 14:50:46] [Reviewer] 全部完成
[2026-05-16 14:55:32] [Reviewer] 正在审查第571章...
[2026-05-16 14:55:32] [Reviewer] 正在审查第573章...
[2026-05-16 14:55:32] [Reviewer] 正在审查第575章...
[2026-05-16 14:55:32] [Reviewer] 正在审查第577章...
[2026-05-16 14:55:32] [Reviewer] 正在审查第579章...
[2026-05-16 14:56:02] [Reviewer] 第577章审查完成，评分: 8.5， verdict: 通过
[2026-05-16 14:56:03] [Reviewer] 正在审查第578章...
[2026-05-16 14:56:04] [Reviewer] 第575章审查完成，评分: 8.5， verdict: 通过
[2026-05-16 14:56:05] [Reviewer] 正在审查第576章...
[2026-05-16 14:56:07] [Reviewer] 第573章审查完成，评分: 8.5， verdict: 通过
[2026-05-16 14:56:08] [Reviewer] 正在审查第574章...
[2026-05-16 14:56:10] [Reviewer] 第571章审查完成，评分: 7.8， verdict: 通过
[2026-05-16 14:56:11] [Reviewer] 正在审查第572章...
[2026-05-16 14:56:11] [Reviewer] 第579章审查完成，评分: 8， verdict: 通过
[2026-05-16 14:56:12] [Reviewer] 正在审查第580章...
[2026-05-16 14:56:41] [Reviewer] 第576章审查完成，评分: 6.5， verdict: 需修改
[2026-05-16 14:56:41] [Reviewer] 第574章审查完成，评分: 8.5， verdict: 通过
[2026-05-16 14:56:42] [Reviewer] 全部完成
[2026-05-16 14:56:42] [Reviewer] 全部完成
[2026-05-16 14:56:44] [Reviewer] 第578章审查完成，评分: 8.5， verdict: 需修改
[2026-05-16 14:56:45] [Reviewer] 全部完成
[2026-05-16 14:56:46] [Reviewer] 第572章审查完成，评分: 8.2， verdict: 通过
[2026-05-16 14:56:47] [Reviewer] 全部完成
[2026-05-16 14:56:51] [Reviewer] 第580章审查完成，评分: 7.5， verdict: 需修改
[2026-05-16 14:56:52] [Reviewer] 全部完成
[2026-05-16 14:59:53] [Reviewer] 正在审查第581章...
[2026-05-16 14:59:53] [Reviewer] 正在审查第587章...
[2026-05-16 14:59:53] [Reviewer] 正在审查第585章...
[2026-05-16 14:59:53] [Reviewer] 正在审查第583章...
[2026-05-16 14:59:53] [Reviewer] 正在审查第589章...
[2026-05-16 15:00:21] [Reviewer] 第581章审查完成，评分: 8.2， verdict: 需修改
[2026-05-16 15:00:22] [Reviewer] 正在审查第582章...
[2026-05-16 15:00:27] [Reviewer] 第583章审查完成，评分: 8， verdict: 通过
[2026-05-16 15:00:27] [Reviewer] 第589章审查完成，评分: 8.5， verdict: 通过
[2026-05-16 15:00:28] [Reviewer] 正在审查第584章...
[2026-05-16 15:00:28] [Reviewer] 正在审查第590章...
[2026-05-16 15:00:35] [Reviewer] 第587章审查完成，评分: 8.5， verdict: 通过
[2026-05-16 15:00:36] [Reviewer] 正在审查第588章...
[2026-05-16 15:00:38] [Reviewer] 第585章审查完成，评分: 8.5， verdict: 通过
[2026-05-16 15:00:39] [Reviewer] 正在审查第586章...
[2026-05-16 15:00:45] [Reviewer] 第582章审查完成，评分: 2.5， verdict: 需重写
[2026-05-16 15:00:46] [Reviewer] 全部完成
[2026-05-16 15:01:13] [Reviewer] 第590章审查完成，评分: 8.5， verdict: 通过
[2026-05-16 15:01:13] [Reviewer] 第584章审查完成，评分: 8.0， verdict: 通过
[2026-05-16 15:01:14] [Reviewer] 全部完成
[2026-05-16 15:01:14] [Reviewer] 全部完成
[2026-05-16 15:01:14] [Reviewer] 第586章审查完成，评分: 8.5， verdict: 通过
[2026-05-16 15:01:15] [Reviewer] 全部完成
[2026-05-16 15:01:16] [Reviewer] 第588章审查完成，评分: 8.5， verdict: 通过
[2026-05-16 15:01:17] [Reviewer] 全部完成
[2026-05-16 15:04:01] [Reviewer] 正在审查第597章...
[2026-05-16 15:04:01] [Reviewer] 正在审查第593章...
[2026-05-16 15:04:01] [Reviewer] 正在审查第595章...
[2026-05-16 15:04:01] [Reviewer] 正在审查第591章...
[2026-05-16 15:04:01] [Reviewer] 正在审查第599章...
[2026-05-16 15:04:36] [Reviewer] 第599章审查完成，评分: 7.5， verdict: 需修改
[2026-05-16 15:04:37] [Reviewer] 正在审查第600章...
[2026-05-16 15:04:37] [Reviewer] 第593章审查完成，评分: 8.5， verdict: 需修改
[2026-05-16 15:04:38] [Reviewer] 第591章审查完成，评分: 7.5， verdict: 需修改
[2026-05-16 15:04:38] [Reviewer] 正在审查第594章...
[2026-05-16 15:04:39] [Reviewer] 正在审查第592章...
[2026-05-16 15:04:40] [Reviewer] 第595章审查完成，评分: 8.5， verdict: 需修改
[2026-05-16 15:04:41] [Reviewer] 正在审查第596章...
[2026-05-16 15:04:43] [Reviewer] 第597章审查完成，评分: 8.2， verdict: 通过
[2026-05-16 15:04:44] [Reviewer] 正在审查第598章...
[2026-05-16 15:05:06] [Reviewer] 第600章审查完成，评分: 7.5， verdict: 需修改
[2026-05-16 15:05:07] [Reviewer] 全部完成
[2026-05-16 15:05:09] [Reviewer] 第594章审查完成，评分: 8.5， verdict: 通过
[2026-05-16 15:05:10] [Reviewer] 全部完成
[2026-05-16 15:05:17] [Reviewer] 第592章审查完成，评分: 8.5， verdict: 通过
[2026-05-16 15:05:18] [Reviewer] 第596章审查完成，评分: 7.5， verdict: 需修改
[2026-05-16 15:05:18] [Reviewer] 全部完成
[2026-05-16 15:05:18] [Reviewer] 第598章审查完成，评分: 8.5， verdict: 需修改
[2026-05-16 15:05:19] [Reviewer] 全部完成
[2026-05-16 15:05:19] [Reviewer] 全部完成
[2026-05-16 15:08:20] [Reviewer] 正在审查第607章...
[2026-05-16 15:08:20] [Reviewer] 正在审查第605章...
[2026-05-16 15:08:20] [Reviewer] 正在审查第601章...
[2026-05-16 15:08:20] [Reviewer] 正在审查第603章...
[2026-05-16 15:08:20] [Reviewer] 正在审查第609章...
[2026-05-16 15:08:49] [Reviewer] 第609章审查完成，评分: 8.0， verdict: 通过
[2026-05-16 15:08:50] [Reviewer] 正在审查第610章...
[2026-05-16 15:08:52] [Reviewer] 第605章审查完成，评分: 8.5， verdict: 通过
[2026-05-16 15:08:53] [Reviewer] 正在审查第606章...
[2026-05-16 15:08:56] [Reviewer] 第601章审查完成，评分: 8.5， verdict: 通过
[2026-05-16 15:08:57] [Reviewer] 正在审查第602章...
[2026-05-16 15:09:00] [Reviewer] 第603章审查完成，评分: 8.0， verdict: 需修改
[2026-05-16 15:09:01] [Reviewer] 正在审查第604章...
[2026-05-16 15:09:07] [Reviewer] 第607章审查完成，评分: 8.5， verdict: 通过
[2026-05-16 15:09:08] [Reviewer] 正在审查第608章...
[2026-05-16 15:09:28] [Reviewer] 第610章审查完成，评分: 8.5， verdict: 通过
[2026-05-16 15:09:29] [Reviewer] 全部完成
[2026-05-16 15:09:36] [Reviewer] 第602章审查完成，评分: 8.2， verdict: 通过
[2026-05-16 15:09:37] [Reviewer] 全部完成
[2026-05-16 15:09:42] [Reviewer] 第606章审查完成，评分: 8.5， verdict: 通过
[2026-05-16 15:09:43] [Reviewer] 全部完成
[2026-05-16 15:09:43] [Reviewer] 第604章审查完成，评分: 8.5， verdict: 通过
[2026-05-16 15:09:44] [Reviewer] 全部完成
[2026-05-16 15:09:48] [Reviewer] 第608章审查完成，评分: 8.5， verdict: 通过
[2026-05-16 15:09:49] [Reviewer] 全部完成
[2026-05-16 15:12:54] [Reviewer] 正在审查第615章...
[2026-05-16 15:12:54] [Reviewer] 正在审查第613章...
[2026-05-16 15:12:54] [Reviewer] 正在审查第611章...
[2026-05-16 15:12:54] [Reviewer] 正在审查第619章...
[2026-05-16 15:12:54] [Reviewer] 正在审查第617章...
[2026-05-16 15:13:22] [Reviewer] 第617章审查完成，评分: 8.0， verdict: 需修改
[2026-05-16 15:13:23] [Reviewer] 正在审查第618章...
[2026-05-16 15:13:30] [Reviewer] 第611章审查完成，评分: 7.5， verdict: 需修改
[2026-05-16 15:13:31] [Reviewer] 第613章审查完成，评分: 8.0， verdict: 通过
[2026-05-16 15:13:31] [Reviewer] 正在审查第612章...
[2026-05-16 15:13:32] [Reviewer] 正在审查第614章...
[2026-05-16 15:13:32] [Reviewer] 第619章审查完成，评分: 8.3， verdict: 通过
[2026-05-16 15:13:33] [Reviewer] 正在审查第620章...
[2026-05-16 15:13:44] [Reviewer] 第615章审查完成，评分: 8.5， verdict: 通过
[2026-05-16 15:13:45] [Reviewer] 正在审查第616章...
[2026-05-16 15:14:00] [Reviewer] 第614章审查完成，评分: 8.2， verdict: 通过
[2026-05-16 15:14:01] [Reviewer] 全部完成
[2026-05-16 15:14:02] [Reviewer] 第612章审查完成，评分: 7.5， verdict: 需修改
[2026-05-16 15:14:02] [Reviewer] 第618章审查完成，评分: 8， verdict: 需修改
[2026-05-16 15:14:03] [Reviewer] 全部完成
[2026-05-16 15:14:03] [Reviewer] 全部完成
[2026-05-16 15:14:08] [Reviewer] 第620章审查完成，评分: 8.2， verdict: 通过
[2026-05-16 15:14:09] [Reviewer] 全部完成
[2026-05-16 15:14:17] [Reviewer] 第616章审查完成，评分: 8.5， verdict: 通过
[2026-05-16 15:14:18] [Reviewer] 全部完成
[2026-05-16 15:18:09] [Reviewer] 正在审查第621章...
[2026-05-16 15:18:09] [Reviewer] 正在审查第623章...
[2026-05-16 15:18:09] [Reviewer] 正在审查第627章...
[2026-05-16 15:18:09] [Reviewer] 正在审查第625章...
[2026-05-16 15:18:09] [Reviewer] 正在审查第629章...
[2026-05-16 15:18:41] [Reviewer] 第625章审查完成，评分: 8.5， verdict: 通过
[2026-05-16 15:18:42] [Reviewer] 正在审查第626章...
[2026-05-16 15:18:44] [Reviewer] 第629章审查完成，评分: 8.5， verdict: 通过
[2026-05-16 15:18:45] [Reviewer] 正在审查第630章...
[2026-05-16 15:18:46] [Reviewer] 第623章审查完成，评分: 7.8， verdict: 需修改
[2026-05-16 15:18:47] [Reviewer] 第627章审查完成，评分: 8.2， verdict: 通过
[2026-05-16 15:18:47] [Reviewer] 正在审查第624章...
[2026-05-16 15:18:48] [Reviewer] 正在审查第628章...
[2026-05-16 15:18:48] [Reviewer] 第621章审查完成，评分: 7.5， verdict: 需修改
[2026-05-16 15:18:49] [Reviewer] 正在审查第622章...
[2026-05-16 15:19:16] [Reviewer] 第630章审查完成，评分: 7.5， verdict: 需修改
[2026-05-16 15:19:17] [Reviewer] 第626章审查完成，评分: 8.5， verdict: 通过
[2026-05-16 15:19:17] [Reviewer] 全部完成
[2026-05-16 15:19:18] [Reviewer] 全部完成
[2026-05-16 15:19:26] [Reviewer] 第622章审查完成，评分: 8.0， verdict: 通过
[2026-05-16 15:19:27] [Reviewer] 全部完成
[2026-05-16 15:19:27] [Reviewer] 第628章审查完成，评分: 8.5， verdict: 通过
[2026-05-16 15:19:28] [Reviewer] 全部完成
[2026-05-16 15:19:33] [Reviewer] 第624章审查完成，评分: 8.0， verdict: 通过
[2026-05-16 15:19:34] [Reviewer] 全部完成
[2026-05-16 15:22:51] [Reviewer] 正在审查第637章...
[2026-05-16 15:22:51] [Reviewer] 正在审查第635章...
[2026-05-16 15:22:51] [Reviewer] 正在审查第633章...
[2026-05-16 15:22:51] [Reviewer] 正在审查第639章...
[2026-05-16 15:22:51] [Reviewer] 正在审查第631章...
[2026-05-16 15:28:32] [Reviewer] 正在审查第641章...
[2026-05-16 15:28:32] [Reviewer] 正在审查第645章...
[2026-05-16 15:28:32] [Reviewer] 正在审查第647章...
[2026-05-16 15:28:32] [Reviewer] 正在审查第643章...
[2026-05-16 15:28:33] [Reviewer] 正在审查第655章...
[2026-05-16 15:28:33] [Reviewer] 正在审查第651章...
[2026-05-16 15:28:33] [Reviewer] 正在审查第649章...
[2026-05-16 15:28:33] [Reviewer] 正在审查第657章...
[2026-05-16 15:28:33] [Reviewer] 正在审查第659章...
[2026-05-16 15:28:33] [Reviewer] 正在审查第653章...
[2026-05-16 15:29:00] [Reviewer] 第659章审查完成，评分: 8.5， verdict: 通过
[2026-05-16 15:29:01] [Reviewer] 第649章审查完成，评分: 8.5， verdict: 通过
[2026-05-16 15:29:01] [Reviewer] 正在审查第660章...
[2026-05-16 15:29:02] [Reviewer] 第647章审查完成，评分: 8.5， verdict: 通过
[2026-05-16 15:29:02] [Reviewer] 正在审查第650章...
[2026-05-16 15:29:03] [Reviewer] 正在审查第648章...
[2026-05-16 15:29:03] [Reviewer] 第655章审查完成，评分: 8.5， verdict: 通过
[2026-05-16 15:29:04] [Reviewer] 正在审查第656章...
[2026-05-16 15:29:07] [Reviewer] 第645章审查完成，评分: 8.5， verdict: 需修改
[2026-05-16 15:29:08] [Reviewer] 正在审查第646章...
[2026-05-16 15:29:08] [Reviewer] 第653章审查完成，评分: 7.8， verdict: 通过
[2026-05-16 15:29:09] [Reviewer] 正在审查第654章...
[2026-05-16 15:29:11] [Reviewer] JSON解析失败: Expecting ',' delimiter: line 31 column 31 (char 873)
[2026-05-16 15:29:11] [Reviewer] 第641章审查完成，评分: N/A， verdict: N/A
[2026-05-16 15:29:11] [Reviewer] 第657章审查完成，评分: 8.5， verdict: 通过
[2026-05-16 15:29:12] [Reviewer] 第651章审查完成，评分: 8， verdict: 通过
[2026-05-16 15:29:12] [Reviewer] 正在审查第642章...
[2026-05-16 15:29:12] [Reviewer] 正在审查第658章...
[2026-05-16 15:29:13] [Reviewer] 正在审查第652章...
[2026-05-16 15:29:15] [Reviewer] JSON解析失败: Expecting ',' delimiter: line 21 column 29 (char 438)
[2026-05-16 15:29:15] [Reviewer] 第643章审查完成，评分: N/A， verdict: N/A
[2026-05-16 15:29:16] [Reviewer] 正在审查第644章...
[2026-05-16 15:29:31] [Reviewer] 第650章审查完成，评分: 8.2， verdict: 通过
[2026-05-16 15:29:32] [Reviewer] 全部完成
[2026-05-16 15:29:35] [Reviewer] 第660章审查完成，评分: 8.5， verdict: 通过
[2026-05-16 15:29:35] [Reviewer] 第656章审查完成，评分: 8.5， verdict: 需修改
[2026-05-16 15:29:36] [Reviewer] 全部完成
[2026-05-16 15:29:36] [Reviewer] 全部完成
[2026-05-16 15:29:36] [Reviewer] 第648章审查完成，评分: 7.5， verdict: 需修改
[2026-05-16 15:29:37] [Reviewer] 全部完成
[2026-05-16 15:29:43] [Reviewer] 第658章审查完成，评分: 8.5， verdict: 通过
[2026-05-16 15:29:44] [Reviewer] 全部完成
[2026-05-16 15:29:44] [Reviewer] 第646章审查完成，评分: 8.5， verdict: 通过
[2026-05-16 15:29:45] [Reviewer] 第642章审查失败
[2026-05-16 15:29:45] [Reviewer] 全部完成
[2026-05-16 15:29:46] [Reviewer] 全部完成
[2026-05-16 15:29:50] [Reviewer] JSON解析失败: Expecting ',' delimiter: line 30 column 48 (char 856)
[2026-05-16 15:29:50] [Reviewer] 第654章审查完成，评分: N/A， verdict: N/A
[2026-05-16 15:29:51] [Reviewer] 全部完成
[2026-05-16 15:29:52] [Reviewer] 第652章审查完成，评分: 8.5， verdict: 通过
[2026-05-16 15:29:53] [Reviewer] 全部完成
[2026-05-16 15:29:59] [Reviewer] 第644章审查完成，评分: 8.5， verdict: 通过
[2026-05-16 15:30:00] [Reviewer] 全部完成
[2026-05-16 15:33:33] [Reviewer] 正在审查第661章...
[2026-05-16 15:33:33] [Reviewer] 正在审查第667章...
[2026-05-16 15:33:33] [Reviewer] 正在审查第663章...
[2026-05-16 15:33:33] [Reviewer] 正在审查第665章...
[2026-05-16 15:33:33] [Reviewer] 正在审查第671章...
[2026-05-16 15:33:33] [Reviewer] 正在审查第669章...
[2026-05-16 15:33:33] [Reviewer] 正在审查第673章...
[2026-05-16 15:33:33] [Reviewer] 正在审查第679章...
[2026-05-16 15:33:33] [Reviewer] 正在审查第677章...
[2026-05-16 15:33:33] [Reviewer] 正在审查第675章...
[2026-05-16 15:34:06] [Reviewer] 第669章审查完成，评分: 8.5， verdict: 通过
[2026-05-16 15:34:06] [Reviewer] 第673章审查完成，评分: 8.2， verdict: 通过
[2026-05-16 15:34:07] [Reviewer] 正在审查第670章...
[2026-05-16 15:34:07] [Reviewer] 正在审查第674章...
[2026-05-16 15:34:08] [Reviewer] 第661章审查完成，评分: 7.5， verdict: 需修改
[2026-05-16 15:34:08] [Reviewer] 第677章审查完成，评分: 7.8， verdict: 需修改
[2026-05-16 15:34:08] [Reviewer] 第671章审查完成，评分: 8.5， verdict: 通过
[2026-05-16 15:34:09] [Reviewer] 正在审查第662章...
[2026-05-16 15:34:09] [Reviewer] 第665章审查完成，评分: 8.5， verdict: 通过
[2026-05-16 15:34:09] [Reviewer] 正在审查第678章...
[2026-05-16 15:34:09] [Reviewer] 正在审查第672章...
[2026-05-16 15:34:10] [Reviewer] 正在审查第666章...
[2026-05-16 15:34:11] [Reviewer] 第667章审查完成，评分: 8.5， verdict: 通过
[2026-05-16 15:34:12] [Reviewer] 正在审查第668章...
[2026-05-16 15:34:13] [Reviewer] 第663章审查完成，评分: 8.5， verdict: 通过
[2026-05-16 15:34:14] [Reviewer] 正在审查第664章...
[2026-05-16 15:34:14] [Reviewer] 第675章审查完成，评分: 8.5， verdict: 通过
[2026-05-16 15:34:15] [Reviewer] 正在审查第676章...
[2026-05-16 15:34:19] [Reviewer] 第679章审查完成，评分: 8.2， verdict: 通过
[2026-05-16 15:34:20] [Reviewer] 正在审查第680章...
[2026-05-16 15:34:39] [Reviewer] 第662章审查完成，评分: 8.5， verdict: 通过
[2026-05-16 15:34:40] [Reviewer] 全部完成
[2026-05-16 15:34:41] [Reviewer] 第674章审查完成，评分: 8.5， verdict: 通过
[2026-05-16 15:34:42] [Reviewer] 全部完成
[2026-05-16 15:34:43] [Reviewer] 第678章审查完成，评分: 8.2， verdict: 通过
[2026-05-16 15:34:44] [Reviewer] 全部完成
[2026-05-16 15:34:46] [Reviewer] 第676章审查完成，评分: 8， verdict: 通过
[2026-05-16 15:34:46] [Reviewer] 第668章审查完成，评分: 8.5， verdict: 通过
[2026-05-16 15:34:47] [Reviewer] 全部完成
[2026-05-16 15:34:47] [Reviewer] 第672章审查完成，评分: 8.5， verdict: 通过
[2026-05-16 15:34:47] [Reviewer] 全部完成
[2026-05-16 15:34:47] [Reviewer] 第670章审查完成，评分: 8.2， verdict: 通过
[2026-05-16 15:34:48] [Reviewer] 全部完成
[2026-05-16 15:34:48] [Reviewer] 全部完成
[2026-05-16 15:34:49] [Reviewer] 第664章审查完成，评分: 8.0， verdict: 通过
[2026-05-16 15:34:50] [Reviewer] 全部完成
[2026-05-16 15:34:54] [Reviewer] 第666章审查完成，评分: 8.5， verdict: 通过
[2026-05-16 15:34:55] [Reviewer] 全部完成
[2026-05-16 15:35:04] [Reviewer] 第680章审查完成，评分: 8.5， verdict: 通过
[2026-05-16 15:35:05] [Reviewer] 全部完成
[2026-05-16 15:38:23] [Reviewer] 正在审查第683章...
[2026-05-16 15:38:23] [Reviewer] 正在审查第681章...
[2026-05-16 15:38:23] [Reviewer] 正在审查第687章...
[2026-05-16 15:38:23] [Reviewer] 正在审查第691章...
[2026-05-16 15:38:23] [Reviewer] 正在审查第689章...
[2026-05-16 15:38:23] [Reviewer] 正在审查第699章...
[2026-05-16 15:38:23] [Reviewer] 正在审查第693章...
[2026-05-16 15:38:23] [Reviewer] 正在审查第685章...
[2026-05-16 15:38:23] [Reviewer] 正在审查第697章...
[2026-05-16 15:38:23] [Reviewer] 正在审查第695章...
[2026-05-16 15:38:54] [Reviewer] 第687章审查完成，评分: 8.0， verdict: 通过
[2026-05-16 15:38:55] [Reviewer] 正在审查第688章...
[2026-05-16 15:38:56] [Reviewer] 第689章审查完成，评分: 8.0， verdict: 通过
[2026-05-16 15:38:56] [Reviewer] 第697章审查完成，评分: 8.5， verdict: 通过
[2026-05-16 15:38:57] [Reviewer] 正在审查第690章...
[2026-05-16 15:38:57] [Reviewer] 正在审查第698章...
[2026-05-16 15:38:59] [Reviewer] 第683章审查完成，评分: 8.5， verdict: 通过
[2026-05-16 15:39:00] [Reviewer] 正在审查第684章...
[2026-05-16 15:39:00] [Reviewer] 第693章审查完成，评分: 8.5， verdict: 需修改
[2026-05-16 15:39:01] [Reviewer] 正在审查第694章...
[2026-05-16 15:39:01] [Reviewer] 第685章审查完成，评分: 8.3， verdict: 通过
[2026-05-16 15:39:02] [Reviewer] 正在审查第686章...
[2026-05-16 15:39:03] [Reviewer] 第691章审查完成，评分: 8.5， verdict: 通过
[2026-05-16 15:39:04] [Reviewer] 正在审查第692章...
[2026-05-16 15:39:04] [Reviewer] 第695章审查完成，评分: 8.5， verdict: 通过
[2026-05-16 15:39:05] [Reviewer] 正在审查第696章...
[2026-05-16 15:39:05] [Reviewer] 第681章审查完成，评分: 8.2， verdict: 通过
[2026-05-16 15:39:06] [Reviewer] 正在审查第682章...
[2026-05-16 15:39:10] [Reviewer] 第699章审查完成，评分: 8.5， verdict: 需修改
[2026-05-16 15:39:11] [Reviewer] 正在审查第700章...
[2026-05-16 15:39:27] [Reviewer] 第688章审查完成，评分: 8.2， verdict: 通过
[2026-05-16 15:39:28] [Reviewer] 第690章审查完成，评分: 8.5， verdict: 通过
[2026-05-16 15:39:28] [Reviewer] 全部完成
[2026-05-16 15:39:29] [Reviewer] 全部完成
[2026-05-16 15:39:31] [Reviewer] 第698章审查完成，评分: 8.5， verdict: 通过
[2026-05-16 15:39:32] [Reviewer] 第692章审查完成，评分: 8.0， verdict: 需修改
[2026-05-16 15:39:32] [Reviewer] 全部完成
[2026-05-16 15:39:33] [Reviewer] 全部完成
[2026-05-16 15:39:34] [Reviewer] 第684章审查完成，评分: 8， verdict: 通过
[2026-05-16 15:39:35] [Reviewer] 全部完成
[2026-05-16 15:39:38] [Reviewer] 第696章审查完成，评分: 8.5， verdict: 通过
[2026-05-16 15:39:39] [Reviewer] 全部完成
[2026-05-16 15:39:41] [Reviewer] 第694章审查完成，评分: 8.5， verdict: 通过
[2026-05-16 15:39:42] [Reviewer] 全部完成
[2026-05-16 15:39:42] [Reviewer] 第686章审查完成，评分: 8.5， verdict: 通过
[2026-05-16 15:39:43] [Reviewer] 全部完成
[2026-05-16 15:39:45] [Reviewer] 第682章审查完成，评分: 8.5， verdict: 通过
[2026-05-16 15:39:46] [Reviewer] 全部完成
[2026-05-16 15:40:09] [Reviewer] 第700章审查完成，评分: 7.5， verdict: 需修改
[2026-05-16 15:40:10] [Reviewer] 全部完成
[2026-05-16 15:44:32] [Reviewer] 正在审查第709章...
[2026-05-16 15:44:32] [Reviewer] 正在审查第703章...
[2026-05-16 15:44:32] [Reviewer] 正在审查第705章...
[2026-05-16 15:44:32] [Reviewer] 正在审查第707章...
[2026-05-16 15:44:33] [Reviewer] 正在审查第715章...
[2026-05-16 15:44:33] [Reviewer] 正在审查第713章...
[2026-05-16 15:44:33] [Reviewer] 正在审查第711章...
[2026-05-16 15:44:33] [Reviewer] 正在审查第719章...
[2026-05-16 15:44:33] [Reviewer] 正在审查第717章...
[2026-05-16 15:45:00] [Reviewer] 第703章审查完成，评分: 7.5， verdict: 需修改
[2026-05-16 15:45:01] [Reviewer] 正在审查第704章...
[2026-05-16 15:45:01] [Reviewer] 第709章审查完成，评分: 8， verdict: 通过
[2026-05-16 15:45:01] [Reviewer] 第707章审查完成，评分: 7.8， verdict: 需修改
[2026-05-16 15:45:02] [Reviewer] 正在审查第710章...
[2026-05-16 15:45:02] [Reviewer] 正在审查第708章...
[2026-05-16 15:45:04] [Reviewer] 第705章审查完成，评分: 8.2， verdict: 通过
[2026-05-16 15:45:04] [Reviewer] JSON解析失败: Expecting ',' delimiter: line 21 column 9 (char 416)
[2026-05-16 15:45:04] [Reviewer] 第719章审查完成，评分: N/A， verdict: N/A
[2026-05-16 15:45:05] [Reviewer] 正在审查第706章...
[2026-05-16 15:45:05] [Reviewer] 正在审查第720章...
[2026-05-16 15:45:05] [Reviewer] 第711章审查完成，评分: 7.5， verdict: 需修改
[2026-05-16 15:45:06] [Reviewer] 正在审查第712章...
[2026-05-16 15:45:07] [Reviewer] 第713章审查完成，评分: 8.5， verdict: 通过
[2026-05-16 15:45:08] [Reviewer] 第701章审查完成，评分: 8.0， verdict: 通过
[2026-05-16 15:45:08] [Reviewer] 第717章审查完成，评分: 8.5， verdict: 通过
[2026-05-16 15:45:08] [Reviewer] 正在审查第714章...
[2026-05-16 15:45:09] [Reviewer] 正在审查第702章...
[2026-05-16 15:45:09] [Reviewer] 正在审查第718章...
[2026-05-16 15:45:17] [Reviewer] 第715章审查完成，评分: 8.5， verdict: 通过
[2026-05-16 15:45:18] [Reviewer] 正在审查第716章...
[2026-05-16 15:45:32] [Reviewer] 第720章审查完成，评分: 8.5， verdict: 通过
[2026-05-16 15:45:33] [Reviewer] 全部完成
[2026-05-16 15:45:37] [Reviewer] 第710章审查完成，评分: 8.5， verdict: 通过
[2026-05-16 15:45:38] [Reviewer] 全部完成
[2026-05-16 15:45:42] [Reviewer] 第704章审查完成，评分: 8.5， verdict: 通过
[2026-05-16 15:45:42] [Reviewer] 第712章审查完成，评分: 7.5， verdict: 需修改
[2026-05-16 15:45:43] [Reviewer] 全部完成
[2026-05-16 15:45:43] [Reviewer] 第714章审查完成，评分: 7.5， verdict: 需修改
[2026-05-16 15:45:43] [Reviewer] 全部完成
[2026-05-16 15:45:44] [Reviewer] 全部完成
[2026-05-16 15:45:44] [Reviewer] 第702章审查完成，评分: 8.5， verdict: 通过
[2026-05-16 15:45:45] [Reviewer] 全部完成
[2026-05-16 15:45:46] [Reviewer] JSON解析失败: Invalid control character at: line 22 column 50 (char 525)
[2026-05-16 15:45:46] [Reviewer] 第706章审查完成，评分: N/A， verdict: N/A
[2026-05-16 15:45:47] [Reviewer] 全部完成
[2026-05-16 15:45:49] [Reviewer] 第718章审查完成，评分: 8， verdict: 需修改
[2026-05-16 15:45:50] [Reviewer] 全部完成
[2026-05-16 15:45:51] [Reviewer] 第708章审查完成，评分: 8.5， verdict: 通过
[2026-05-16 15:45:52] [Reviewer] 全部完成
[2026-05-16 15:46:05] [Reviewer] 第716章审查完成，评分: 7.9， verdict: 通过
[2026-05-16 15:46:06] [Reviewer] 全部完成
[2026-05-16 15:50:20] [Reviewer] 正在审查第721章...
[2026-05-16 15:50:20] [Reviewer] 正在审查第723章...
[2026-05-16 15:50:20] [Reviewer] 正在审查第727章...
[2026-05-16 15:50:20] [Reviewer] 正在审查第725章...
[2026-05-16 15:50:20] [Reviewer] 正在审查第729章...
[2026-05-16 15:50:20] [Reviewer] 正在审查第735章...
[2026-05-16 15:50:20] [Reviewer] 正在审查第733章...
[2026-05-16 15:50:20] [Reviewer] 正在审查第737章...
[2026-05-16 15:50:20] [Reviewer] 正在审查第731章...
[2026-05-16 15:50:20] [Reviewer] 正在审查第739章...
[2026-05-16 15:50:52] [Reviewer] 第725章审查完成，评分: 8.5， verdict: 通过
[2026-05-16 15:50:53] [Reviewer] 正在审查第726章...
[2026-05-16 15:50:54] [Reviewer] 第721章审查完成，评分: 8.5， verdict: 通过
[2026-05-16 15:50:55] [Reviewer] 正在审查第722章...
[2026-05-16 15:50:57] [Reviewer] 第739章审查完成，评分: 7.8， verdict: 需修改
[2026-05-16 15:50:58] [Reviewer] 正在审查第740章...
[2026-05-16 15:51:00] [Reviewer] 第727章审查完成，评分: 8.5， verdict: 通过
[2026-05-16 15:51:01] [Reviewer] 正在审查第728章...
[2026-05-16 15:51:02] [Reviewer] 第737章审查完成，评分: 8.2， verdict: 通过
[2026-05-16 15:51:02] [Reviewer] 第731章审查完成，评分: 8.5， verdict: 通过
[2026-05-16 15:51:03] [Reviewer] 正在审查第738章...
[2026-05-16 15:51:03] [Reviewer] 第733章审查完成，评分: 7.5， verdict: 需修改
[2026-05-16 15:51:03] [Reviewer] 第723章审查完成，评分: 8.5， verdict: 通过
[2026-05-16 15:51:03] [Reviewer] 正在审查第732章...
[2026-05-16 15:51:04] [Reviewer] 第735章审查完成，评分: 8.2， verdict: 通过
[2026-05-16 15:51:04] [Reviewer] 正在审查第734章...
[2026-05-16 15:51:04] [Reviewer] 正在审查第724章...
[2026-05-16 15:51:05] [Reviewer] 正在审查第736章...
[2026-05-16 15:51:09] [Reviewer] 第729章审查完成，评分: 8.5， verdict: 通过
[2026-05-16 15:51:10] [Reviewer] 正在审查第730章...
[2026-05-16 15:51:22] [Reviewer] 第726章审查完成，评分: 8.5， verdict: 需修改
[2026-05-16 15:51:23] [Reviewer] 全部完成
[2026-05-16 15:51:24] [Reviewer] 第722章审查完成，评分: 8.0， verdict: 需修改
[2026-05-16 15:51:25] [Reviewer] 全部完成
[2026-05-16 15:51:30] [Reviewer] 第740章审查完成，评分: 8.0， verdict: 需修改
[2026-05-16 15:51:31] [Reviewer] 全部完成
[2026-05-16 15:51:36] [Reviewer] 第728章审查完成，评分: 8.5， verdict: 通过
[2026-05-16 15:51:37] [Reviewer] 全部完成
[2026-05-16 15:51:38] [Reviewer] 第730章审查完成，评分: 7.5， verdict: 需修改
[2026-05-16 15:51:39] [Reviewer] 第724章审查完成，评分: 8.5， verdict: 通过
[2026-05-16 15:51:39] [Reviewer] 全部完成
[2026-05-16 15:51:40] [Reviewer] 全部完成
[2026-05-16 15:51:40] [Reviewer] 第732章审查完成，评分: 8.5， verdict: 通过
[2026-05-16 15:51:41] [Reviewer] 全部完成
[2026-05-16 15:51:42] [Reviewer] 第738章审查完成，评分: 8.5， verdict: 需修改
[2026-05-16 15:51:43] [Reviewer] 全部完成
[2026-05-16 15:51:46] [Reviewer] 第734章审查完成，评分: 8.0， verdict: 需修改
[2026-05-16 15:51:47] [Reviewer] 全部完成
[2026-05-16 15:51:47] [Reviewer] 第736章审查完成，评分: 8.5， verdict: 通过
[2026-05-16 15:51:48] [Reviewer] 全部完成
[2026-05-16 15:55:19] [Reviewer] 正在审查第741章...
[2026-05-16 15:55:19] [Reviewer] 正在审查第743章...
[2026-05-16 15:55:19] [Reviewer] 正在审查第747章...
[2026-05-16 15:55:19] [Reviewer] 正在审查第745章...
[2026-05-16 15:55:19] [Reviewer] 正在审查第749章...
[2026-05-16 15:55:19] [Reviewer] 正在审查第755章...
[2026-05-16 15:55:19] [Reviewer] 正在审查第753章...
[2026-05-16 15:55:19] [Reviewer] 正在审查第759章...
[2026-05-16 15:55:19] [Reviewer] 正在审查第751章...
[2026-05-16 15:55:19] [Reviewer] 正在审查第757章...
[2026-05-16 15:55:45] [Reviewer] 第757章审查完成，评分: 8.5， verdict: 通过
[2026-05-16 15:55:46] [Reviewer] 正在审查第758章...
[2026-05-16 15:55:53] [Reviewer] 第743章审查完成，评分: 8， verdict: 通过
[2026-05-16 15:55:54] [Reviewer] 正在审查第744章...
[2026-05-16 15:55:55] [Reviewer] 第747章审查完成，评分: 8.5， verdict: 通过
[2026-05-16 15:55:56] [Reviewer] 第751章审查完成，评分: 8.0， verdict: 需修改
[2026-05-16 15:55:56] [Reviewer] 正在审查第748章...
[2026-05-16 15:55:56] [Reviewer] 第741章审查完成，评分: 8.5， verdict: 需修改
[2026-05-16 15:55:56] [Reviewer] 第759章审查完成，评分: 8.5， verdict: 通过
[2026-05-16 15:55:57] [Reviewer] 正在审查第752章...
[2026-05-16 15:55:57] [Reviewer] 正在审查第742章...
[2026-05-16 15:55:57] [Reviewer] 正在审查第760章...
[2026-05-16 15:55:59] [Reviewer] 第753章审查完成，评分: 7.2， verdict: 需修改
[2026-05-16 15:55:59] [Reviewer] 第749章审查完成，评分: 7.8， verdict: 通过
[2026-05-16 15:56:00] [Reviewer] 正在审查第754章...
[2026-05-16 15:56:00] [Reviewer] 正在审查第750章...
[2026-05-16 15:56:01] [Reviewer] 第755章审查完成，评分: 7.8， verdict: 需修改
[2026-05-16 15:56:02] [Reviewer] 正在审查第756章...
[2026-05-16 15:56:06] [Reviewer] 第745章审查完成，评分: 7.8， verdict: 需修改
[2026-05-16 15:56:07] [Reviewer] 正在审查第746章...
[2026-05-16 15:56:26] [Reviewer] 第758章审查完成，评分: 8.2， verdict: 通过
[2026-05-16 15:56:26] [Reviewer] 第742章审查完成，评分: 7.8， verdict: 需修改
[2026-05-16 15:56:26] [Reviewer] 第744章审查完成，评分: 8.2， verdict: 通过
[2026-05-16 15:56:27] [Reviewer] 全部完成
[2026-05-16 15:56:27] [Reviewer] 全部完成
[2026-05-16 15:56:27] [Reviewer] 全部完成
[2026-05-16 15:56:36] [Reviewer] 第754章审查完成，评分: 8.5， verdict: 需修改
[2026-05-16 15:56:37] [Reviewer] 第752章审查完成，评分: 7.5， verdict: 需修改
[2026-05-16 15:56:37] [Reviewer] 全部完成
[2026-05-16 15:56:37] [Reviewer] 第760章审查完成，评分: 7.5， verdict: 需修改
[2026-05-16 15:56:38] [Reviewer] 全部完成
[2026-05-16 15:56:38] [Reviewer] 全部完成
[2026-05-16 15:56:39] [Reviewer] 第756章审查完成，评分: 7.5， verdict: 需修改
[2026-05-16 15:56:40] [Reviewer] 全部完成
[2026-05-16 15:56:40] [Reviewer] 第748章审查完成，评分: 8.0， verdict: 通过
[2026-05-16 15:56:41] [Reviewer] 全部完成
[2026-05-16 15:56:43] [Reviewer] 第746章审查完成，评分: 7.5， verdict: 需修改
[2026-05-16 15:56:44] [Reviewer] 全部完成
[2026-05-16 15:56:49] [Reviewer] 第750章审查完成，评分: 8.5， verdict: 需修改
[2026-05-16 15:56:50] [Reviewer] 全部完成
[2026-05-16 15:59:56] [Reviewer] 正在审查第761章...
[2026-05-16 15:59:56] [Reviewer] 正在审查第763章...
[2026-05-16 15:59:56] [Reviewer] 正在审查第771章...
[2026-05-16 15:59:56] [Reviewer] 正在审查第765章...
[2026-05-16 15:59:56] [Reviewer] 正在审查第767章...
[2026-05-16 15:59:56] [Reviewer] 正在审查第773章...
[2026-05-16 15:59:56] [Reviewer] 正在审查第775章...
[2026-05-16 15:59:56] [Reviewer] 正在审查第769章...
[2026-05-16 15:59:56] [Reviewer] 正在审查第777章...
[2026-05-16 15:59:56] [Reviewer] 正在审查第779章...
[2026-05-16 16:00:24] [Reviewer] 第773章审查完成，评分: 8.5， verdict: 通过
[2026-05-16 16:00:25] [Reviewer] 第777章审查完成，评分: 8.2， verdict: 通过
[2026-05-16 16:00:25] [Reviewer] 第763章审查完成，评分: 8.5， verdict: 通过
[2026-05-16 16:00:25] [Reviewer] 正在审查第774章...
[2026-05-16 16:00:26] [Reviewer] 正在审查第778章...
[2026-05-16 16:00:26] [Reviewer] 正在审查第764章...
[2026-05-16 16:00:26] [Reviewer] 第775章审查完成，评分: 8.0， verdict: 需修改
[2026-05-16 16:00:27] [Reviewer] 正在审查第776章...
[2026-05-16 16:00:27] [Reviewer] 第765章审查完成，评分: 7.5， verdict: 需修改
[2026-05-16 16:00:28] [Reviewer] 第769章审查完成，评分: 8.5， verdict: 通过
[2026-05-16 16:00:28] [Reviewer] 正在审查第766章...
[2026-05-16 16:00:29] [Reviewer] 第771章审查完成，评分: 8.5， verdict: 需修改
[2026-05-16 16:00:29] [Reviewer] 正在审查第770章...
[2026-05-16 16:00:30] [Reviewer] 正在审查第772章...
[2026-05-16 16:00:32] [Reviewer] 第761章审查完成，评分: 8.2， verdict: 通过
[2026-05-16 16:00:33] [Reviewer] 正在审查第762章...
[2026-05-16 16:00:35] [Reviewer] 第767章审查完成，评分: 8.5， verdict: 通过
[2026-05-16 16:00:35] [Reviewer] 第779章审查完成，评分: 8.5， verdict: 通过
[2026-05-16 16:00:36] [Reviewer] 正在审查第768章...
[2026-05-16 16:00:36] [Reviewer] 正在审查第780章...
[2026-05-16 16:00:51] [Reviewer] 第774章审查完成，评分: 8.0， verdict: 通过
[2026-05-16 16:00:52] [Reviewer] 全部完成
[2026-05-16 16:00:58] [Reviewer] 第764章审查完成，评分: 8， verdict: 通过
[2026-05-16 16:00:59] [Reviewer] 全部完成
[2026-05-16 16:01:00] [Reviewer] 第770章审查完成，评分: 8.0， verdict: 需修改
[2026-05-16 16:01:01] [Reviewer] 全部完成
[2026-05-16 16:01:02] [Reviewer] 第778章审查完成，评分: 8.2， verdict: 通过
[2026-05-16 16:01:03] [Reviewer] 全部完成
[2026-05-16 16:01:03] [Reviewer] 第776章审查完成，评分: 6.5， verdict: 需修改
[2026-05-16 16:01:03] [Reviewer] 第766章审查完成，评分: 8.5， verdict: 通过
[2026-05-16 16:01:04] [Reviewer] 全部完成
[2026-05-16 16:01:04] [Reviewer] 全部完成
[2026-05-16 16:01:09] [Reviewer] 第762章审查完成，评分: 8.2， verdict: 需修改
[2026-05-16 16:01:10] [Reviewer] 第772章审查完成，评分: 8.5， verdict: 通过
[2026-05-16 16:01:10] [Reviewer] 全部完成
[2026-05-16 16:01:11] [Reviewer] 全部完成
[2026-05-16 16:01:19] [Reviewer] 第768章审查完成，评分: 8.5， verdict: 通过
[2026-05-16 16:01:20] [Reviewer] 第780章审查完成，评分: 8.2， verdict: 通过
[2026-05-16 16:01:20] [Reviewer] 全部完成
[2026-05-16 16:01:21] [Reviewer] 全部完成
[2026-05-16 16:04:41] [Reviewer] 正在审查第781章...
[2026-05-16 16:04:41] [Reviewer] 正在审查第785章...
[2026-05-16 16:04:41] [Reviewer] 正在审查第783章...
[2026-05-16 16:04:41] [Reviewer] 正在审查第797章...
[2026-05-16 16:04:41] [Reviewer] 正在审查第793章...
[2026-05-16 16:04:41] [Reviewer] 正在审查第787章...
[2026-05-16 16:04:41] [Reviewer] 正在审查第789章...
[2026-05-16 16:04:41] [Reviewer] 正在审查第791章...
[2026-05-16 16:04:41] [Reviewer] 正在审查第795章...
[2026-05-16 16:04:41] [Reviewer] 正在审查第799章...
[2026-05-16 16:05:07] [Reviewer] 第789章审查完成，评分: 8.0， verdict: 通过
[2026-05-16 16:05:08] [Reviewer] 正在审查第790章...
[2026-05-16 16:05:12] [Reviewer] 第793章审查完成，评分: 8.5， verdict: 通过
[2026-05-16 16:05:13] [Reviewer] 正在审查第794章...
[2026-05-16 16:05:13] [Reviewer] 第781章审查完成，评分: 7.0， verdict: 需修改
[2026-05-16 16:05:14] [Reviewer] 正在审查第782章...
[2026-05-16 16:05:15] [Reviewer] 第795章审查完成，评分: 8.5， verdict: 通过
[2026-05-16 16:05:15] [Reviewer] 第797章审查完成，评分: 8.5， verdict: 通过
[2026-05-16 16:05:16] [Reviewer] 正在审查第796章...
[2026-05-16 16:05:16] [Reviewer] 第785章审查完成，评分: 8.5， verdict: 需修改
[2026-05-16 16:05:16] [Reviewer] 第783章审查完成，评分: 8.5， verdict: 需修改
[2026-05-16 16:05:16] [Reviewer] 第799章审查完成，评分: 8.5， verdict: 通过
[2026-05-16 16:05:16] [Reviewer] 正在审查第798章...
[2026-05-16 16:05:17] [Reviewer] 正在审查第786章...
[2026-05-16 16:05:17] [Reviewer] 正在审查第784章...
[2026-05-16 16:05:17] [Reviewer] 正在审查第800章...
[2026-05-16 16:05:18] [Reviewer] 第787章审查完成，评分: 8， verdict: 通过
[2026-05-16 16:05:19] [Reviewer] 正在审查第788章...
[2026-05-16 16:05:19] [Reviewer] 第791章审查完成，评分: 8.0， verdict: 通过
[2026-05-16 16:05:20] [Reviewer] 正在审查第792章...
[2026-05-16 16:05:45] [Reviewer] 第790章审查完成，评分: 8.2， verdict: 通过
[2026-05-16 16:05:46] [Reviewer] 全部完成
[2026-05-16 16:05:48] [Reviewer] 第800章审查完成，评分: 7.5， verdict: 需修改
[2026-05-16 16:05:49] [Reviewer] 全部完成
[2026-05-16 16:05:49] [Reviewer] 第794章审查完成，评分: 8.2， verdict: 需修改
[2026-05-16 16:05:50] [Reviewer] 第784章审查完成，评分: 7.8， verdict: 需修改
[2026-05-16 16:05:50] [Reviewer] 全部完成
[2026-05-16 16:05:51] [Reviewer] 全部完成
[2026-05-16 16:05:53] [Reviewer] 第782章审查完成，评分: 7.5， verdict: 需修改
[2026-05-16 16:05:54] [Reviewer] 全部完成
[2026-05-16 16:05:55] [Reviewer] 第796章审查完成，评分: 8.0， verdict: 通过
[2026-05-16 16:05:56] [Reviewer] 全部完成
[2026-05-16 16:05:57] [Reviewer] 第798章审查完成，评分: 8.5， verdict: 通过
[2026-05-16 16:05:57] [Reviewer] 第788章审查完成，评分: 8.5， verdict: 通过
[2026-05-16 16:05:58] [Reviewer] 全部完成
[2026-05-16 16:05:58] [Reviewer] 全部完成
[2026-05-16 16:06:03] [Reviewer] 第786章审查完成，评分: 8.5， verdict: 通过
[2026-05-16 16:06:04] [Reviewer] 全部完成
[2026-05-16 16:06:08] [Reviewer] 第792章审查完成，评分: 7.5， verdict: 需修改
[2026-05-16 16:06:09] [Reviewer] 全部完成
[2026-05-16 16:09:55] [Reviewer] 正在审查第801章...
[2026-05-16 16:09:55] [Reviewer] 正在审查第803章...
[2026-05-16 16:09:55] [Reviewer] 正在审查第807章...
[2026-05-16 16:09:55] [Reviewer] 正在审查第809章...
[2026-05-16 16:09:55] [Reviewer] 正在审查第811章...
[2026-05-16 16:09:55] [Reviewer] 正在审查第805章...
[2026-05-16 16:09:55] [Reviewer] 正在审查第815章...
[2026-05-16 16:09:55] [Reviewer] 正在审查第813章...
[2026-05-16 16:09:55] [Reviewer] 正在审查第819章...
[2026-05-16 16:09:55] [Reviewer] 正在审查第817章...
[2026-05-16 16:10:25] [Reviewer] 第801章审查完成，评分: 8.5， verdict: 通过
[2026-05-16 16:10:26] [Reviewer] 正在审查第802章...
[2026-05-16 16:10:27] [Reviewer] 第805章审查完成，评分: 8， verdict: 通过
[2026-05-16 16:10:28] [Reviewer] 第809章审查完成，评分: 8.5， verdict: 需修改
[2026-05-16 16:10:28] [Reviewer] 正在审查第806章...
[2026-05-16 16:10:29] [Reviewer] 正在审查第810章...
[2026-05-16 16:10:29] [Reviewer] 第803章审查完成，评分: 8.2， verdict: 通过
[2026-05-16 16:10:29] [Reviewer] 第807章审查完成，评分: 7.5， verdict: 需修改
[2026-05-16 16:10:30] [Reviewer] 正在审查第804章...
[2026-05-16 16:10:30] [Reviewer] 正在审查第808章...
[2026-05-16 16:10:34] [Reviewer] 第815章审查完成，评分: 7.2， verdict: 需修改
[2026-05-16 16:10:34] [Reviewer] 第817章审查完成，评分: 8.5， verdict: 需修改
[2026-05-16 16:10:35] [Reviewer] 正在审查第816章...
[2026-05-16 16:10:35] [Reviewer] 第811章审查完成，评分: 8.5， verdict: 通过
[2026-05-16 16:10:35] [Reviewer] 正在审查第818章...
[2026-05-16 16:10:36] [Reviewer] 正在审查第812章...
[2026-05-16 16:10:38] [Reviewer] 第819章审查完成，评分: 8.5， verdict: 通过
[2026-05-16 16:10:39] [Reviewer] 正在审查第820章...
[2026-05-16 16:10:40] [Reviewer] 第813章审查完成，评分: 8， verdict: 通过
[2026-05-16 16:10:41] [Reviewer] 正在审查第814章...
[2026-05-16 16:10:56] [Reviewer] 第808章审查完成，评分: 7.5， verdict: 需修改
[2026-05-16 16:10:57] [Reviewer] 全部完成
[2026-05-16 16:10:59] [Reviewer] 第802章审查完成，评分: 8.0， verdict: 需修改
[2026-05-16 16:11:00] [Reviewer] 全部完成
[2026-05-16 16:11:01] [Reviewer] 第810章审查完成，评分: 7.5， verdict: 需修改
[2026-05-16 16:11:02] [Reviewer] 全部完成
[2026-05-16 16:11:04] [Reviewer] 第806章审查完成，评分: 7.5， verdict: 需修改
[2026-05-16 16:11:05] [Reviewer] 全部完成
[2026-05-16 16:11:07] [Reviewer] 第804章审查完成，评分: 8.5， verdict: 通过
[2026-05-16 16:11:07] [Reviewer] 第820章审查完成，评分: 7.5， verdict: 需修改
[2026-05-16 16:11:08] [Reviewer] 全部完成
[2026-05-16 16:11:08] [Reviewer] 全部完成
[2026-05-16 16:11:10] [Reviewer] 第812章审查完成，评分: 8.5， verdict: 通过
[2026-05-16 16:11:11] [Reviewer] 全部完成
[2026-05-16 16:11:13] [Reviewer] 第816章审查完成，评分: 8.0， verdict: 通过
[2026-05-16 16:11:14] [Reviewer] 全部完成
[2026-05-16 16:11:17] [Reviewer] 第818章审查完成，评分: 8， verdict: 需修改
[2026-05-16 16:11:18] [Reviewer] 全部完成
[2026-05-16 16:11:18] [Reviewer] 第814章审查完成，评分: 8.0， verdict: 通过
[2026-05-16 16:11:19] [Reviewer] 全部完成
[2026-05-16 16:14:14] [Reviewer] 正在审查第823章...
[2026-05-16 16:14:14] [Reviewer] 正在审查第821章...
[2026-05-16 16:14:14] [Reviewer] 正在审查第825章...
[2026-05-16 16:14:14] [Reviewer] 正在审查第833章...
[2026-05-16 16:14:14] [Reviewer] 正在审查第831章...
[2026-05-16 16:14:14] [Reviewer] 正在审查第827章...
[2026-05-16 16:14:14] [Reviewer] 正在审查第829章...
[2026-05-16 16:14:14] [Reviewer] 正在审查第835章...
[2026-05-16 16:14:14] [Reviewer] 正在审查第837章...
[2026-05-16 16:14:14] [Reviewer] 正在审查第839章...
[2026-05-16 16:14:42] [Reviewer] 第835章审查完成，评分: 7.5， verdict: 需修改
[2026-05-16 16:14:43] [Reviewer] 正在审查第836章...
[2026-05-16 16:14:46] [Reviewer] 第837章审查完成，评分: 8.5， verdict: 通过
[2026-05-16 16:14:47] [Reviewer] 正在审查第838章...
[2026-05-16 16:14:47] [Reviewer] 第831章审查完成，评分: 8.0， verdict: 需修改
[2026-05-16 16:14:48] [Reviewer] 正在审查第832章...
[2026-05-16 16:14:49] [Reviewer] 第821章审查完成，评分: 8， verdict: 通过
[2026-05-16 16:14:49] [Reviewer] 第839章审查完成，评分: 8.5， verdict: 通过
[2026-05-16 16:14:50] [Reviewer] 正在审查第822章...
[2026-05-16 16:14:50] [Reviewer] 第825章审查完成，评分: 8.5， verdict: 需修改
[2026-05-16 16:14:50] [Reviewer] 第833章审查完成，评分: 7.5， verdict: 需修改
[2026-05-16 16:14:50] [Reviewer] 正在审查第840章...
[2026-05-16 16:14:51] [Reviewer] 正在审查第826章...
[2026-05-16 16:14:51] [Reviewer] 正在审查第834章...
[2026-05-16 16:14:53] [Reviewer] 第829章审查完成，评分: 8.5， verdict: 通过
[2026-05-16 16:14:53] [Reviewer] 第827章审查完成，评分: 8.5， verdict: 通过
[2026-05-16 16:14:54] [Reviewer] 第823章审查完成，评分: 8.0， verdict: 需修改
[2026-05-16 16:14:54] [Reviewer] 正在审查第830章...
[2026-05-16 16:14:54] [Reviewer] 正在审查第828章...
[2026-05-16 16:14:55] [Reviewer] 正在审查第824章...
[2026-05-16 16:15:18] [Reviewer] 第836章审查完成，评分: 8.0， verdict: 通过
[2026-05-16 16:15:19] [Reviewer] 全部完成
[2026-05-16 16:15:21] [Reviewer] 第832章审查完成，评分: 8.5， verdict: 通过
[2026-05-16 16:15:22] [Reviewer] 全部完成
[2026-05-16 16:15:25] [Reviewer] 第834章审查完成，评分: 8.5， verdict: 通过
[2026-05-16 16:15:26] [Reviewer] 全部完成
[2026-05-16 16:15:26] [Reviewer] 第824章审查完成，评分: 8.5， verdict: 通过
[2026-05-16 16:15:27] [Reviewer] 全部完成
[2026-05-16 16:15:28] [Reviewer] 第822章审查完成，评分: 8.2， verdict: 通过
[2026-05-16 16:15:28] [Reviewer] 第826章审查完成，评分: 8.3， verdict: 通过
[2026-05-16 16:15:29] [Reviewer] 第840章审查完成，评分: 8.5， verdict: 通过
[2026-05-16 16:15:29] [Reviewer] 全部完成
[2026-05-16 16:15:29] [Reviewer] 全部完成
[2026-05-16 16:15:30] [Reviewer] 全部完成
[2026-05-16 16:15:30] [Reviewer] 第828章审查完成，评分: 8.5， verdict: 通过
[2026-05-16 16:15:31] [Reviewer] 全部完成
[2026-05-16 16:15:32] [Reviewer] 第838章审查完成，评分: 8.5， verdict: 需修改
[2026-05-16 16:15:33] [Reviewer] 全部完成
[2026-05-16 16:15:33] [Reviewer] 第830章审查完成，评分: 8.5， verdict: 通过
[2026-05-16 16:15:34] [Reviewer] 全部完成
[2026-05-16 16:19:13] [Reviewer] 正在审查第841章...
[2026-05-16 16:19:13] [Reviewer] 正在审查第843章...
[2026-05-16 16:19:13] [Reviewer] 正在审查第845章...
[2026-05-16 16:19:13] [Reviewer] 正在审查第847章...
[2026-05-16 16:19:13] [Reviewer] 正在审查第851章...
[2026-05-16 16:19:13] [Reviewer] 正在审查第849章...
[2026-05-16 16:19:13] [Reviewer] 正在审查第855章...
[2026-05-16 16:19:13] [Reviewer] 正在审查第853章...
[2026-05-16 16:19:13] [Reviewer] 正在审查第859章...
[2026-05-16 16:19:13] [Reviewer] 正在审查第857章...
[2026-05-16 16:19:42] [Reviewer] 第843章审查完成，评分: 8.2， verdict: 通过
[2026-05-16 16:19:43] [Reviewer] 正在审查第844章...
[2026-05-16 16:19:44] [Reviewer] 第853章审查完成，评分: 8， verdict: 需修改
[2026-05-16 16:19:44] [Reviewer] 第847章审查完成，评分: 8， verdict: 通过
[2026-05-16 16:19:45] [Reviewer] 正在审查第854章...
[2026-05-16 16:19:45] [Reviewer] 正在审查第848章...
[2026-05-16 16:19:46] [Reviewer] 第845章审查完成，评分: 8.5， verdict: 通过
[2026-05-16 16:19:47] [Reviewer] 正在审查第846章...
[2026-05-16 16:19:48] [Reviewer] 第849章审查完成，评分: 8.2， verdict: 通过
[2026-05-16 16:19:48] [Reviewer] 第851章审查完成，评分: 8.5， verdict: 通过
[2026-05-16 16:19:49] [Reviewer] 正在审查第850章...
[2026-05-16 16:19:49] [Reviewer] 正在审查第852章...
[2026-05-16 16:19:49] [Reviewer] 第855章审查完成，评分: 8.5， verdict: 通过
[2026-05-16 16:19:50] [Reviewer] 第859章审查完成，评分: 8.5， verdict: 通过
[2026-05-16 16:19:50] [Reviewer] 正在审查第856章...
[2026-05-16 16:19:51] [Reviewer] 正在审查第860章...
[2026-05-16 16:19:53] [Reviewer] 第857章审查完成，评分: 8.5， verdict: 通过
[2026-05-16 16:19:54] [Reviewer] 第841章审查完成，评分: 8.5， verdict: 通过
[2026-05-16 16:19:54] [Reviewer] 正在审查第858章...
[2026-05-16 16:19:55] [Reviewer] 正在审查第842章...
[2026-05-16 16:20:20] [Reviewer] 第852章审查完成，评分: 8.2， verdict: 通过
[2026-05-16 16:20:20] [Reviewer] 第848章审查完成，评分: 7.8， verdict: 需修改
[2026-05-16 16:20:20] [Reviewer] 第850章审查完成，评分: 7.2， verdict: 需修改
[2026-05-16 16:20:21] [Reviewer] 全部完成
[2026-05-16 16:20:21] [Reviewer] 全部完成
[2026-05-16 16:20:21] [Reviewer] 全部完成
[2026-05-16 16:20:22] [Reviewer] 第860章审查完成，评分: 8.5， verdict: 通过
[2026-05-16 16:20:22] [Reviewer] 第846章审查完成，评分: 8.5， verdict: 通过
[2026-05-16 16:20:22] [Reviewer] 第844章审查完成，评分: 8.2， verdict: 通过
[2026-05-16 16:20:23] [Reviewer] 全部完成
[2026-05-16 16:20:23] [Reviewer] 全部完成
[2026-05-16 16:20:23] [Reviewer] 全部完成
[2026-05-16 16:20:24] [Reviewer] 第856章审查完成，评分: 7.5， verdict: 通过
[2026-05-16 16:20:25] [Reviewer] 全部完成
[2026-05-16 16:20:25] [Reviewer] 第854章审查完成，评分: 7.8， verdict: 需修改
[2026-05-16 16:20:26] [Reviewer] 全部完成
[2026-05-16 16:20:27] [Reviewer] 第842章审查完成，评分: 7.5， verdict: 需修改
[2026-05-16 16:20:28] [Reviewer] 全部完成
[2026-05-16 16:20:29] [Reviewer] 第858章审查完成，评分: 8.2， verdict: 通过
[2026-05-16 16:20:30] [Reviewer] 全部完成
[2026-05-16 16:24:06] [Reviewer] 正在审查第865章...
[2026-05-16 16:24:06] [Reviewer] 正在审查第871章...
[2026-05-16 16:24:06] [Reviewer] 正在审查第863章...
[2026-05-16 16:24:06] [Reviewer] 正在审查第869章...
[2026-05-16 16:24:06] [Reviewer] 正在审查第861章...
[2026-05-16 16:24:06] [Reviewer] 正在审查第867章...
[2026-05-16 16:24:06] [Reviewer] 正在审查第875章...
[2026-05-16 16:24:06] [Reviewer] 正在审查第877章...
[2026-05-16 16:24:06] [Reviewer] 正在审查第873章...
[2026-05-16 16:24:06] [Reviewer] 正在审查第879章...
[2026-05-16 16:24:37] [Reviewer] 第861章审查完成，评分: 8.5， verdict: 通过
[2026-05-16 16:24:38] [Reviewer] 第863章审查完成，评分: 7.5， verdict: 需修改
[2026-05-16 16:24:38] [Reviewer] 正在审查第862章...
[2026-05-16 16:24:39] [Reviewer] 正在审查第864章...
[2026-05-16 16:24:39] [Reviewer] 第879章审查完成，评分: 8.5， verdict: 需修改
[2026-05-16 16:24:40] [Reviewer] 第865章审查完成，评分: 8， verdict: 通过
[2026-05-16 16:24:40] [Reviewer] 第871章审查完成，评分: 8.5， verdict: 通过
[2026-05-16 16:24:40] [Reviewer] 正在审查第880章...
[2026-05-16 16:24:41] [Reviewer] 正在审查第866章...
[2026-05-16 16:24:41] [Reviewer] 正在审查第872章...
[2026-05-16 16:24:41] [Reviewer] 第869章审查完成，评分: 7.8， verdict: 需修改
[2026-05-16 16:24:42] [Reviewer] 第873章审查完成，评分: 8.0， verdict: 通过
[2026-05-16 16:24:42] [Reviewer] 正在审查第870章...
[2026-05-16 16:24:43] [Reviewer] 正在审查第874章...
[2026-05-16 16:24:43] [Reviewer] 第867章审查完成，评分: 8.5， verdict: 通过
[2026-05-16 16:24:44] [Reviewer] 第877章审查完成，评分: 8.5， verdict: 通过
[2026-05-16 16:24:44] [Reviewer] 正在审查第868章...
[2026-05-16 16:24:45] [Reviewer] 正在审查第878章...
[2026-05-16 16:24:50] [Reviewer] 第875章审查完成，评分: 8.5， verdict: 通过
[2026-05-16 16:24:51] [Reviewer] 正在审查第876章...
[2026-05-16 16:25:09] [Reviewer] 第872章审查完成，评分: 7.5， verdict: 通过
[2026-05-16 16:25:09] [Reviewer] 第864章审查完成，评分: 7.5， verdict: 需修改
[2026-05-16 16:25:10] [Reviewer] 全部完成
[2026-05-16 16:25:10] [Reviewer] 全部完成
[2026-05-16 16:25:12] [Reviewer] 第868章审查完成，评分: 7.8， verdict: 通过
[2026-05-16 16:25:13] [Reviewer] 第862章审查完成，评分: 7.5， verdict: 需修改
[2026-05-16 16:25:13] [Reviewer] 全部完成
[2026-05-16 16:25:14] [Reviewer] 全部完成
[2026-05-16 16:25:16] [Reviewer] 第866章审查完成，评分: 8.5， verdict: 通过
[2026-05-16 16:25:16] [Reviewer] 第880章审查完成，评分: 7.5， verdict: 需修改
[2026-05-16 16:25:17] [Reviewer] 全部完成
[2026-05-16 16:25:17] [Reviewer] 全部完成
[2026-05-16 16:25:23] [Reviewer] 第870章审查完成，评分: 8.5， verdict: 通过
[2026-05-16 16:25:23] [Reviewer] 第878章审查完成，评分: 8.5， verdict: 通过
[2026-05-16 16:25:24] [Reviewer] 全部完成
[2026-05-16 16:25:24] [Reviewer] 第876章审查完成，评分: 8， verdict: 需修改
[2026-05-16 16:25:24] [Reviewer] 全部完成
[2026-05-16 16:25:25] [Reviewer] 全部完成
[2026-05-16 16:25:25] [Reviewer] 第874章审查完成，评分: 8.5， verdict: 通过
[2026-05-16 16:25:26] [Reviewer] 全部完成
[2026-05-16 16:28:37] [Reviewer] 正在审查第881章...
[2026-05-16 16:28:37] [Reviewer] 正在审查第887章...
[2026-05-16 16:28:37] [Reviewer] 正在审查第889章...
[2026-05-16 16:28:37] [Reviewer] 正在审查第883章...
[2026-05-16 16:28:37] [Reviewer] 正在审查第885章...
[2026-05-16 16:28:37] [Reviewer] 正在审查第893章...
[2026-05-16 16:28:37] [Reviewer] 正在审查第897章...
[2026-05-16 16:28:37] [Reviewer] 正在审查第895章...
[2026-05-16 16:28:37] [Reviewer] 正在审查第899章...
[2026-05-16 16:28:37] [Reviewer] 正在审查第891章...
[2026-05-16 16:29:08] [Reviewer] 第895章审查完成，评分: 8.0， verdict: 通过
[2026-05-16 16:29:09] [Reviewer] 第883章审查完成，评分: 8.2， verdict: 通过
[2026-05-16 16:29:09] [Reviewer] 正在审查第896章...
[2026-05-16 16:29:10] [Reviewer] 正在审查第884章...
[2026-05-16 16:29:10] [Reviewer] 第881章审查完成，评分: 8， verdict: 通过
[2026-05-16 16:29:11] [Reviewer] 第885章审查完成，评分: 7.5， verdict: 需修改
[2026-05-16 16:29:12] [Reviewer] 正在审查第882章...
[2026-05-16 16:29:12] [Reviewer] 正在审查第886章...
[2026-05-16 16:29:14] [Reviewer] 第887章审查完成，评分: 8.0， verdict: 需修改
[2026-05-16 16:29:14] [Reviewer] 第889章审查完成，评分: 8.5， verdict: 通过
[2026-05-16 16:29:15] [Reviewer] 第899章审查完成，评分: 7.8， verdict: 通过
[2026-05-16 16:29:15] [Reviewer] 正在审查第888章...
[2026-05-16 16:29:15] [Reviewer] 正在审查第890章...
[2026-05-16 16:29:16] [Reviewer] 正在审查第900章...
[2026-05-16 16:29:16] [Reviewer] 第893章审查完成，评分: 8.5， verdict: 通过
[2026-05-16 16:29:16] [Reviewer] 第891章审查完成，评分: 8.5， verdict: 通过
[2026-05-16 16:29:17] [Reviewer] 正在审查第894章...
[2026-05-16 16:29:17] [Reviewer] 正在审查第892章...
[2026-05-16 16:29:17] [Reviewer] 第897章审查完成，评分: 8.5， verdict: 通过
[2026-05-16 16:29:18] [Reviewer] 正在审查第898章...
[2026-05-16 16:29:40] [Reviewer] 第884章审查完成，评分: 8.5， verdict: 通过
[2026-05-16 16:29:41] [Reviewer] 全部完成
[2026-05-16 16:29:45] [Reviewer] 第882章审查完成，评分: 8.0， verdict: 通过
[2026-05-16 16:29:45] [Reviewer] 第888章审查完成，评分: 7.5， verdict: 需修改
[2026-05-16 16:29:46] [Reviewer] 第886章审查完成，评分: 7.5， verdict: 需修改
[2026-05-16 16:29:46] [Reviewer] 全部完成
[2026-05-16 16:29:46] [Reviewer] 全部完成
[2026-05-16 16:29:47] [Reviewer] 全部完成
[2026-05-16 16:29:48] [Reviewer] 第896章审查完成，评分: 8.5， verdict: 通过
[2026-05-16 16:29:49] [Reviewer] 全部完成
[2026-05-16 16:29:51] [Reviewer] 第898章审查完成，评分: 7.5， verdict: 需修改
[2026-05-16 16:29:51] [Reviewer] 第900章审查完成，评分: 8.0， verdict: 通过
[2026-05-16 16:29:52] [Reviewer] 全部完成
[2026-05-16 16:29:52] [Reviewer] 全部完成
[2026-05-16 16:29:58] [Reviewer] 第890章审查完成，评分: 7.3， verdict: 需修改
[2026-05-16 16:29:58] [Reviewer] 第894章审查完成，评分: 7.8， verdict: 需修改
[2026-05-16 16:29:59] [Reviewer] 全部完成
[2026-05-16 16:29:59] [Reviewer] 全部完成
[2026-05-16 16:30:01] [Reviewer] 第892章审查完成，评分: 8.2， verdict: 通过
[2026-05-16 16:30:02] [Reviewer] 全部完成
[2026-05-16 16:33:28] [Reviewer] 正在审查第905章...
[2026-05-16 16:33:28] [Reviewer] 正在审查第911章...
[2026-05-16 16:33:28] [Reviewer] 正在审查第901章...
[2026-05-16 16:33:28] [Reviewer] 正在审查第903章...
[2026-05-16 16:33:28] [Reviewer] 正在审查第907章...
[2026-05-16 16:33:28] [Reviewer] 正在审查第917章...
[2026-05-16 16:33:28] [Reviewer] 正在审查第915章...
[2026-05-16 16:33:28] [Reviewer] 正在审查第919章...
[2026-05-16 16:33:28] [Reviewer] 正在审查第909章...
[2026-05-16 16:33:28] [Reviewer] 正在审查第913章...
[2026-05-16 16:34:02] [Reviewer] 第901章审查完成，评分: 8.5， verdict: 通过
[2026-05-16 16:34:03] [Reviewer] 正在审查第902章...
[2026-05-16 16:34:04] [Reviewer] 第917章审查完成，评分: 7.5， verdict: 需修改
[2026-05-16 16:34:04] [Reviewer] 第909章审查完成，评分: 7.5， verdict: 通过
[2026-05-16 16:34:05] [Reviewer] 正在审查第918章...
[2026-05-16 16:34:05] [Reviewer] 正在审查第910章...
[2026-05-16 16:34:05] [Reviewer] 第919章审查完成，评分: 7.5， verdict: 需修改
[2026-05-16 16:34:05] [Reviewer] 第905章审查完成，评分: 7.5， verdict: 需修改
[2026-05-16 16:34:06] [Reviewer] 第915章审查完成，评分: 8.5， verdict: 通过
[2026-05-16 16:34:06] [Reviewer] 正在审查第920章...
[2026-05-16 16:34:06] [Reviewer] 正在审查第906章...
[2026-05-16 16:34:07] [Reviewer] 正在审查第916章...
[2026-05-16 16:34:09] [Reviewer] 第907章审查完成，评分: 8.0， verdict: 需修改
[2026-05-16 16:34:10] [Reviewer] 正在审查第908章...
[2026-05-16 16:34:13] [Reviewer] 第913章审查完成，评分: 7.8， verdict: 需修改
[2026-05-16 16:34:13] [Reviewer] 第903章审查完成，评分: 7.8， verdict: 需修改
[2026-05-16 16:34:14] [Reviewer] 正在审查第914章...
[2026-05-16 16:34:14] [Reviewer] 正在审查第904章...
[2026-05-16 16:34:15] [Reviewer] 第911章审查完成，评分: 8.5， verdict: 通过
[2026-05-16 16:34:16] [Reviewer] 正在审查第912章...
[2026-05-16 16:34:36] [Reviewer] 第916章审查完成，评分: 8.5， verdict: 通过
[2026-05-16 16:34:37] [Reviewer] 全部完成
[2026-05-16 16:34:39] [Reviewer] 第908章审查完成，评分: 8.5， verdict: 通过
[2026-05-16 16:34:40] [Reviewer] 全部完成
[2026-05-16 16:34:42] [Reviewer] 第920章审查完成，评分: 8.5， verdict: 通过
[2026-05-16 16:34:42] [Reviewer] 第910章审查完成，评分: 7.5， verdict: 需修改
[2026-05-16 16:34:43] [Reviewer] 全部完成
[2026-05-16 16:34:43] [Reviewer] 全部完成
[2026-05-16 16:34:45] [Reviewer] 第902章审查完成，评分: 8.5， verdict: 通过
[2026-05-16 16:34:46] [Reviewer] 第906章审查完成，评分: 8.5， verdict: 通过
[2026-05-16 16:34:46] [Reviewer] 全部完成
[2026-05-16 16:34:46] [Reviewer] 第904章审查完成，评分: 8.0， verdict: 需修改
[2026-05-16 16:34:47] [Reviewer] 全部完成
[2026-05-16 16:34:47] [Reviewer] 全部完成
[2026-05-16 16:34:50] [Reviewer] 第918章审查完成，评分: 8.5， verdict: 通过
[2026-05-16 16:34:50] [Reviewer] 第914章审查完成，评分: 8.2， verdict: 通过
[2026-05-16 16:34:51] [Reviewer] 全部完成
[2026-05-16 16:34:51] [Reviewer] 全部完成
[2026-05-16 16:34:59] [Reviewer] 第912章审查完成，评分: 8.5， verdict: 通过
[2026-05-16 16:35:00] [Reviewer] 全部完成
[2026-05-16 16:38:58] [Reviewer] 正在审查第927章...
[2026-05-16 16:38:59] [Reviewer] 正在审查第921章...
[2026-05-16 16:38:59] [Reviewer] 正在审查第923章...
[2026-05-16 16:38:59] [Reviewer] 正在审查第929章...
[2026-05-16 16:38:59] [Reviewer] 正在审查第935章...
[2026-05-16 16:38:59] [Reviewer] 正在审查第925章...
[2026-05-16 16:38:59] [Reviewer] 正在审查第931章...
[2026-05-16 16:38:59] [Reviewer] 正在审查第933章...
[2026-05-16 16:38:59] [Reviewer] 正在审查第939章...
[2026-05-16 16:38:59] [Reviewer] 正在审查第937章...
[2026-05-16 16:39:31] [Reviewer] 第929章审查完成，评分: 8.5， verdict: 通过
[2026-05-16 16:39:31] [Reviewer] 第939章审查完成，评分: 8.5， verdict: 通过
[2026-05-16 16:39:31] [Reviewer] 第927章审查完成，评分: 7.5， verdict: 需修改
[2026-05-16 16:39:32] [Reviewer] 正在审查第930章...
[2026-05-16 16:39:32] [Reviewer] 第935章审查完成，评分: 8.5， verdict: 通过
[2026-05-16 16:39:32] [Reviewer] 正在审查第940章...
[2026-05-16 16:39:32] [Reviewer] 正在审查第928章...
[2026-05-16 16:39:33] [Reviewer] JSON解析失败: Invalid control character at: line 29 column 45 (char 751)
[2026-05-16 16:39:33] [Reviewer] 第933章审查完成，评分: N/A， verdict: N/A
[2026-05-16 16:39:33] [Reviewer] 正在审查第936章...
[2026-05-16 16:39:34] [Reviewer] 正在审查第934章...
[2026-05-16 16:39:35] [Reviewer] JSON解析失败: Expecting ',' delimiter: line 21 column 11 (char 418)
[2026-05-16 16:39:35] [Reviewer] 第925章审查完成，评分: N/A， verdict: N/A
[2026-05-16 16:39:35] [Reviewer] 第931章审查完成，评分: 8.5， verdict: 需修改
[2026-05-16 16:39:36] [Reviewer] 正在审查第926章...
[2026-05-16 16:39:36] [Reviewer] 正在审查第932章...
[2026-05-16 16:39:37] [Reviewer] 第923章审查完成，评分: 7.5， verdict: 需修改
[2026-05-16 16:39:37] [Reviewer] 第921章审查完成，评分: 7.5， verdict: 需修改
[2026-05-16 16:39:38] [Reviewer] 正在审查第924章...
[2026-05-16 16:39:38] [Reviewer] 正在审查第922章...
[2026-05-16 16:39:39] [Reviewer] 第937章审查完成，评分: 8， verdict: 需修改
[2026-05-16 16:39:40] [Reviewer] 正在审查第938章...
[2026-05-16 16:40:00] [Reviewer] 第928章审查完成，评分: 8.5， verdict: 通过
[2026-05-16 16:40:00] [Reviewer] 第922章审查完成，评分: 8.2， verdict: 通过
[2026-05-16 16:40:01] [Reviewer] 全部完成
[2026-05-16 16:40:01] [Reviewer] 全部完成
[2026-05-16 16:40:02] [Reviewer] 第934章审查完成，评分: 7.5， verdict: 需修改
[2026-05-16 16:40:03] [Reviewer] 全部完成
[2026-05-16 16:40:05] [Reviewer] 第936章审查完成，评分: 8.5， verdict: 通过
[2026-05-16 16:40:06] [Reviewer] 全部完成
[2026-05-16 16:40:06] [Reviewer] 第930章审查完成，评分: 8.5， verdict: 通过
[2026-05-16 16:40:07] [Reviewer] 全部完成
[2026-05-16 16:40:09] [Reviewer] 第938章审查完成，评分: 8.5， verdict: 需修改
[2026-05-16 16:40:10] [Reviewer] 全部完成
[2026-05-16 16:40:10] [Reviewer] 第940章审查完成，评分: 8.2， verdict: 通过
[2026-05-16 16:40:11] [Reviewer] 全部完成
[2026-05-16 16:40:20] [Reviewer] 第924章审查完成，评分: 8.5， verdict: 需修改
[2026-05-16 16:40:21] [Reviewer] 全部完成
[2026-05-16 16:40:22] [Reviewer] 第932章审查完成，评分: 8.5， verdict: 通过
[2026-05-16 16:40:22] [Reviewer] 第926章审查完成，评分: 8.5， verdict: 通过
[2026-05-16 16:40:23] [Reviewer] 全部完成
[2026-05-16 16:40:23] [Reviewer] 全部完成
[2026-05-16 16:43:51] [Reviewer] 正在审查第945章...
[2026-05-16 16:43:51] [Reviewer] 正在审查第941章...
[2026-05-16 16:43:51] [Reviewer] 正在审查第949章...
[2026-05-16 16:43:51] [Reviewer] 正在审查第943章...
[2026-05-16 16:43:51] [Reviewer] 正在审查第947章...
[2026-05-16 16:43:51] [Reviewer] 正在审查第953章...
[2026-05-16 16:43:51] [Reviewer] 正在审查第951章...
[2026-05-16 16:43:51] [Reviewer] 正在审查第959章...
[2026-05-16 16:43:51] [Reviewer] 正在审查第957章...
[2026-05-16 16:43:51] [Reviewer] 正在审查第955章...
[2026-05-16 16:44:22] [Reviewer] 第959章审查完成，评分: 8.5， verdict: 通过
[2026-05-16 16:44:22] [Reviewer] 第947章审查完成，评分: 8.5， verdict: 通过
[2026-05-16 16:44:23] [Reviewer] 正在审查第960章...
[2026-05-16 16:44:23] [Reviewer] 第941章审查完成，评分: 8.5， verdict: 通过
[2026-05-16 16:44:23] [Reviewer] 正在审查第948章...
[2026-05-16 16:44:24] [Reviewer] 第951章审查完成，评分: 8.5， verdict: 通过
[2026-05-16 16:44:24] [Reviewer] 正在审查第942章...
[2026-05-16 16:44:24] [Reviewer] 第943章审查完成，评分: 8.5， verdict: 通过
[2026-05-16 16:44:24] [Reviewer] 第953章审查完成，评分: 8.0， verdict: 通过
[2026-05-16 16:44:25] [Reviewer] 正在审查第952章...
[2026-05-16 16:44:25] [Reviewer] 第957章审查完成，评分: 8.5， verdict: 通过
[2026-05-16 16:44:25] [Reviewer] 第949章审查完成，评分: 8.2， verdict: 需修改
[2026-05-16 16:44:25] [Reviewer] 第955章审查完成，评分: 8.5， verdict: 通过
[2026-05-16 16:44:25] [Reviewer] 正在审查第944章...
[2026-05-16 16:44:25] [Reviewer] 正在审查第954章...
[2026-05-16 16:44:26] [Reviewer] 正在审查第958章...
[2026-05-16 16:44:26] [Reviewer] 正在审查第950章...
[2026-05-16 16:44:26] [Reviewer] 正在审查第956章...
[2026-05-16 16:44:28] [Reviewer] 第945章审查完成，评分: 7.5， verdict: 需修改
[2026-05-16 16:44:29] [Reviewer] 正在审查第946章...
[2026-05-16 16:44:51] [Reviewer] 第944章审查完成，评分: 8.5， verdict: 通过
[2026-05-16 16:44:52] [Reviewer] 全部完成
[2026-05-16 16:44:54] [Reviewer] 第958章审查完成，评分: 8.0， verdict: 通过
[2026-05-16 16:44:55] [Reviewer] 第948章审查完成，评分: 7.5， verdict: 需修改
[2026-05-16 16:44:55] [Reviewer] 全部完成
[2026-05-16 16:44:56] [Reviewer] 全部完成
[2026-05-16 16:44:58] [Reviewer] 第956章审查完成，评分: 8.5， verdict: 通过
[2026-05-16 16:44:59] [Reviewer] 第952章审查完成，评分: 7.5， verdict: 需修改
[2026-05-16 16:44:59] [Reviewer] 全部完成
[2026-05-16 16:45:00] [Reviewer] 全部完成
[2026-05-16 16:45:01] [Reviewer] 第942章审查完成，评分: 8.5， verdict: 通过
[2026-05-16 16:45:02] [Reviewer] 全部完成
[2026-05-16 16:45:02] [Reviewer] 第954章审查完成，评分: 7.8， verdict: 通过
[2026-05-16 16:45:02] [Reviewer] 第960章审查完成，评分: 8.0， verdict: 通过
[2026-05-16 16:45:02] [Reviewer] 第946章审查完成，评分: 8.5， verdict: 通过
[2026-05-16 16:45:03] [Reviewer] 全部完成
[2026-05-16 16:45:03] [Reviewer] 全部完成
[2026-05-16 16:45:03] [Reviewer] 全部完成
[2026-05-16 16:45:05] [Reviewer] 第950章审查完成，评分: 7.8， verdict: 需修改
[2026-05-16 16:45:06] [Reviewer] 全部完成
[2026-05-16 16:48:38] [Reviewer] 正在审查第967章...
[2026-05-16 16:48:38] [Reviewer] 正在审查第965章...
[2026-05-16 16:48:38] [Reviewer] 正在审查第971章...
[2026-05-16 16:48:38] [Reviewer] 正在审查第963章...
[2026-05-16 16:48:38] [Reviewer] 正在审查第961章...
[2026-05-16 16:48:38] [Reviewer] 正在审查第969章...
[2026-05-16 16:48:38] [Reviewer] 正在审查第977章...
[2026-05-16 16:48:38] [Reviewer] 正在审查第973章...
[2026-05-16 16:48:38] [Reviewer] 正在审查第975章...
[2026-05-16 16:48:38] [Reviewer] 正在审查第979章...
[2026-05-16 16:49:10] [Reviewer] 第963章审查完成，评分: 8.5， verdict: 通过
[2026-05-16 16:49:11] [Reviewer] 正在审查第964章...
[2026-05-16 16:49:11] [Reviewer] 第961章审查完成，评分: 8.0， verdict: 通过
[2026-05-16 16:49:11] [Reviewer] 第973章审查完成，评分: 8， verdict: 通过
[2026-05-16 16:49:12] [Reviewer] 第975章审查完成，评分: 8.5， verdict: 需修改
[2026-05-16 16:49:12] [Reviewer] 第969章审查完成，评分: 8.5， verdict: 通过
[2026-05-16 16:49:12] [Reviewer] 正在审查第962章...
[2026-05-16 16:49:12] [Reviewer] 正在审查第974章...
[2026-05-16 16:49:13] [Reviewer] 正在审查第976章...
[2026-05-16 16:49:13] [Reviewer] 第979章审查完成，评分: 8.5， verdict: 需修改
[2026-05-16 16:49:13] [Reviewer] 正在审查第970章...
[2026-05-16 16:49:14] [Reviewer] 正在审查第980章...
[2026-05-16 16:49:15] [Reviewer] 第971章审查完成，评分: 7.8， verdict: 需修改
[2026-05-16 16:49:16] [Reviewer] 正在审查第972章...
[2026-05-16 16:49:18] [Reviewer] 第967章审查完成，评分: 8.5， verdict: 通过
[2026-05-16 16:49:18] [Reviewer] 第977章审查完成，评分: 8.5， verdict: 通过
[2026-05-16 16:49:19] [Reviewer] 正在审查第968章...
[2026-05-16 16:49:19] [Reviewer] 正在审查第978章...
[2026-05-16 16:49:21] [Reviewer] 第965章审查完成，评分: 8.5， verdict: 通过
[2026-05-16 16:49:22] [Reviewer] 正在审查第966章...
[2026-05-16 16:49:41] [Reviewer] 第976章审查完成，评分: 8.2， verdict: 通过
[2026-05-16 16:49:42] [Reviewer] 全部完成
[2026-05-16 16:49:45] [Reviewer] 第974章审查完成，评分: 8.5， verdict: 通过
[2026-05-16 16:49:46] [Reviewer] 第964章审查完成，评分: 8.0， verdict: 需修改
[2026-05-16 16:49:46] [Reviewer] 全部完成
[2026-05-16 16:49:47] [Reviewer] 全部完成
[2026-05-16 16:49:49] [Reviewer] 第980章审查完成，评分: 8.5， verdict: 通过
[2026-05-16 16:49:50] [Reviewer] 全部完成
[2026-05-16 16:49:55] [Reviewer] 第978章审查完成，评分: 7.8， verdict: 需修改
[2026-05-16 16:49:55] [Reviewer] 第968章审查完成，评分: 8.5， verdict: 通过
[2026-05-16 16:49:56] [Reviewer] 全部完成
[2026-05-16 16:49:56] [Reviewer] 全部完成
[2026-05-16 16:49:59] [Reviewer] 第966章审查完成，评分: 8.0， verdict: 通过
[2026-05-16 16:50:00] [Reviewer] 全部完成
[2026-05-16 16:51:14] [Reviewer] 第970章审查完成，评分: 8.0， verdict: 需修改
[2026-05-16 16:51:15] [Reviewer] 全部完成
[2026-05-16 16:51:15] [Reviewer] 第972章审查完成，评分: 8.5， verdict: 通过
[2026-05-16 16:51:16] [Reviewer] 全部完成
[2026-05-16 16:51:18] [Reviewer] 第962章审查完成，评分: 8.5， verdict: 通过
[2026-05-16 16:51:19] [Reviewer] 全部完成
[2026-05-16 16:55:21] [Reviewer] 正在审查第985章...
[2026-05-16 16:55:21] [Reviewer] 正在审查第983章...
[2026-05-16 16:55:21] [Reviewer] 正在审查第987章...
[2026-05-16 16:55:21] [Reviewer] 正在审查第981章...
[2026-05-16 16:55:21] [Reviewer] 正在审查第991章...
[2026-05-16 16:55:21] [Reviewer] 正在审查第993章...
[2026-05-16 16:55:21] [Reviewer] 正在审查第989章...
[2026-05-16 16:55:21] [Reviewer] 正在审查第999章...
[2026-05-16 16:55:21] [Reviewer] 正在审查第995章...
[2026-05-16 16:55:21] [Reviewer] 正在审查第997章...
[2026-05-16 16:55:48] [Reviewer] 第997章审查完成，评分: 7.5， verdict: 需修改
[2026-05-16 16:55:49] [Reviewer] 正在审查第998章...
[2026-05-16 16:55:49] [Reviewer] 第993章审查完成，评分: 8.0， verdict: 通过
[2026-05-16 16:55:50] [Reviewer] 正在审查第994章...
[2026-05-16 16:55:51] [Reviewer] 第989章审查完成，评分: 7.5， verdict: 需修改
[2026-05-16 16:55:52] [Reviewer] 正在审查第990章...
[2026-05-16 16:55:56] [Reviewer] 第991章审查完成，评分: 8.5， verdict: 通过
[2026-05-16 16:55:57] [Reviewer] 正在审查第992章...
[2026-05-16 16:55:58] [Reviewer] 第983章审查完成，评分: 8.5， verdict: 通过
[2026-05-16 16:56:00] [Reviewer] 正在审查第984章...
[2026-05-16 16:56:01] [Reviewer] 第987章审查完成，评分: 7.5， verdict: 需修改
[2026-05-16 16:56:02] [Reviewer] 正在审查第988章...
[2026-05-16 16:56:03] [Reviewer] 第985章审查完成，评分: 8.4， verdict: 需修改
[2026-05-16 16:56:04] [Reviewer] 正在审查第986章...
[2026-05-16 16:56:05] [Reviewer] 第981章审查完成，评分: 7.8， verdict: 需修改
[2026-05-16 16:56:06] [Reviewer] 正在审查第982章...
[2026-05-16 16:56:07] [Reviewer] 第995章审查完成，评分: 8.5， verdict: 通过
[2026-05-16 16:56:08] [Reviewer] 正在审查第996章...
[2026-05-16 16:56:10] [Reviewer] 第999章审查完成，评分: 7.0， verdict: 需修改
[2026-05-16 16:56:11] [Reviewer] 正在审查第1000章...
[2026-05-16 16:56:22] [Reviewer] 第994章审查完成，评分: 8.5， verdict: 需修改
[2026-05-16 16:56:23] [Reviewer] 全部完成
[2026-05-16 16:56:23] [Reviewer] 第990章审查完成，评分: 8.2， verdict: 通过
[2026-05-16 16:56:24] [Reviewer] 全部完成
[2026-05-16 16:56:28] [Reviewer] 第992章审查完成，评分: 8.2， verdict: 通过
[2026-05-16 16:56:29] [Reviewer] 全部完成
[2026-05-16 16:56:30] [Reviewer] 第998章审查完成，评分: 6.5， verdict: 需修改
[2026-05-16 16:56:31] [Reviewer] 全部完成
[2026-05-16 16:56:34] [Reviewer] 第984章审查完成，评分: 7.5， verdict: 需修改
[2026-05-16 16:56:35] [Reviewer] 全部完成
[2026-05-16 16:56:36] [Reviewer] 第982章审查完成，评分: 8.5， verdict: 通过
[2026-05-16 16:56:37] [Reviewer] 全部完成
[2026-05-16 16:56:38] [Reviewer] 第988章审查完成，评分: 8.2， verdict: 通过
[2026-05-16 16:56:39] [Reviewer] 全部完成
[2026-05-16 16:56:41] [Reviewer] 第986章审查完成，评分: 8.5， verdict: 通过
[2026-05-16 16:56:42] [Reviewer] 全部完成
[2026-05-16 16:56:46] [Reviewer] 第996章审查完成，评分: 7.5， verdict: 需修改
[2026-05-16 16:56:47] [Reviewer] 全部完成
[2026-05-16 16:56:47] [Reviewer] 第1000章审查完成，评分: 7.5， verdict: 需修改
[2026-05-16 16:56:48] [Reviewer] 全部完成
[2026-05-16 17:00:34] [Reviewer] 正在审查第1005章...
[2026-05-16 17:00:34] [Reviewer] 正在审查第1001章...
[2026-05-16 17:00:34] [Reviewer] 正在审查第1009章...
[2026-05-16 17:00:34] [Reviewer] 正在审查第1003章...
[2026-05-16 17:00:34] [Reviewer] 正在审查第1019章...
[2026-05-16 17:00:34] [Reviewer] 正在审查第1013章...
[2026-05-16 17:00:34] [Reviewer] 正在审查第1007章...
[2026-05-16 17:00:34] [Reviewer] 正在审查第1015章...
[2026-05-16 17:00:34] [Reviewer] 正在审查第1017章...
[2026-05-16 17:00:34] [Reviewer] 正在审查第1011章...
[2026-05-16 17:01:08] [Reviewer] 第1011章审查完成，评分: 8.5， verdict: 通过
[2026-05-16 17:01:09] [Reviewer] 正在审查第1012章...
[2026-05-16 17:01:10] [Reviewer] 第1013章审查完成，评分: 8.5， verdict: 通过
[2026-05-16 17:01:10] [Reviewer] 第1019章审查完成，评分: 8.5， verdict: 通过
[2026-05-16 17:01:11] [Reviewer] 正在审查第1014章...
[2026-05-16 17:01:11] [Reviewer] 第1003章审查完成，评分: 7.8， verdict: 通过
[2026-05-16 17:01:11] [Reviewer] 第1009章审查完成，评分: 8.5， verdict: 通过
[2026-05-16 17:01:11] [Reviewer] 正在审查第1020章...
[2026-05-16 17:01:12] [Reviewer] 正在审查第1004章...
[2026-05-16 17:01:12] [Reviewer] 正在审查第1010章...
[2026-05-16 17:01:13] [Reviewer] 第1017章审查完成，评分: 8.5， verdict: 需修改
[2026-05-16 17:01:14] [Reviewer] 正在审查第1018章...
[2026-05-16 17:01:15] [Reviewer] 第1001章审查完成，评分: 8.5， verdict: 通过
[2026-05-16 17:01:15] [Reviewer] 第1015章审查完成，评分: 7.5， verdict: 需修改
[2026-05-16 17:01:16] [Reviewer] 正在审查第1002章...
[2026-05-16 17:01:16] [Reviewer] 正在审查第1016章...
[2026-05-16 17:01:18] [Reviewer] 第1005章审查完成，评分: 8.5， verdict: 通过
[2026-05-16 17:01:19] [Reviewer] 第1007章审查完成，评分: 8.5， verdict: 通过
[2026-05-16 17:01:19] [Reviewer] 正在审查第1006章...
[2026-05-16 17:01:20] [Reviewer] 正在审查第1008章...
[2026-05-16 17:01:42] [Reviewer] 第1012章审查完成，评分: 7.8， verdict: 需修改
[2026-05-16 17:01:43] [Reviewer] 全部完成
[2026-05-16 17:01:44] [Reviewer] 第1010章审查完成，评分: 8.5， verdict: 通过
[2026-05-16 17:01:45] [Reviewer] 第1014章审查完成，评分: 8.2， verdict: 通过
[2026-05-16 17:01:45] [Reviewer] 第1020章审查完成，评分: 8， verdict: 通过
[2026-05-16 17:01:45] [Reviewer] 全部完成
[2026-05-16 17:01:46] [Reviewer] 全部完成
[2026-05-16 17:01:46] [Reviewer] 全部完成
[2026-05-16 17:01:47] [Reviewer] 第1016章审查完成，评分: 7.5， verdict: 需修改
[2026-05-16 17:01:47] [Reviewer] 第1018章审查完成，评分: 8.5， verdict: 需修改
[2026-05-16 17:01:48] [Reviewer] 全部完成
[2026-05-16 17:01:48] [Reviewer] 第1004章审查完成，评分: 8.5， verdict: 需修改
[2026-05-16 17:01:48] [Reviewer] 全部完成
[2026-05-16 17:01:49] [Reviewer] 全部完成
[2026-05-16 17:01:51] [Reviewer] 第1002章审查完成，评分: 8.5， verdict: 通过
[2026-05-16 17:01:52] [Reviewer] 全部完成
[2026-05-16 17:01:53] [Reviewer] 第1006章审查完成，评分: 8， verdict: 通过
[2026-05-16 17:01:54] [Reviewer] 全部完成
[2026-05-16 17:01:54] [Reviewer] 第1008章审查完成，评分: 8.5， verdict: 需修改
[2026-05-16 17:01:55] [Reviewer] 全部完成
[2026-05-16 17:05:33] [Reviewer] 正在审查第1025章...
[2026-05-16 17:05:33] [Reviewer] 正在审查第1031章...
[2026-05-16 17:05:33] [Reviewer] 正在审查第1021章...
[2026-05-16 17:05:33] [Reviewer] 正在审查第1029章...
[2026-05-16 17:05:33] [Reviewer] 正在审查第1023章...
[2026-05-16 17:05:33] [Reviewer] 正在审查第1027章...
[2026-05-16 17:05:33] [Reviewer] 正在审查第1035章...
[2026-05-16 17:05:33] [Reviewer] 正在审查第1033章...
[2026-05-16 17:05:33] [Reviewer] 正在审查第1039章...
[2026-05-16 17:05:33] [Reviewer] 正在审查第1037章...
[2026-05-16 17:06:03] [Reviewer] 第1033章审查完成，评分: 8.0， verdict: 需修改
[2026-05-16 17:06:04] [Reviewer] 正在审查第1034章...
[2026-05-16 17:06:05] [Reviewer] 第1035章审查完成，评分: 8， verdict: 需修改
[2026-05-16 17:06:05] [Reviewer] 第1029章审查完成，评分: 8.5， verdict: 通过
[2026-05-16 17:06:05] [Reviewer] 第1023章审查完成，评分: 8.5， verdict: 通过
[2026-05-16 17:06:06] [Reviewer] 正在审查第1036章...
[2026-05-16 17:06:06] [Reviewer] 正在审查第1030章...
[2026-05-16 17:06:06] [Reviewer] 正在审查第1024章...
[2026-05-16 17:06:06] [Reviewer] 第1037章审查完成，评分: 8.5， verdict: 通过
[2026-05-16 17:06:07] [Reviewer] 正在审查第1038章...
[2026-05-16 17:06:08] [Reviewer] 第1039章审查完成，评分: 8.5， verdict: 通过
[2026-05-16 17:06:09] [Reviewer] 正在审查第1040章...
[2026-05-16 17:06:10] [Reviewer] 第1031章审查完成，评分: 8.5， verdict: 需修改
[2026-05-16 17:06:11] [Reviewer] 第1027章审查完成，评分: 8， verdict: 需修改
[2026-05-16 17:06:11] [Reviewer] 正在审查第1032章...
[2026-05-16 17:06:11] [Reviewer] 第1025章审查完成，评分: 8.5， verdict: 需修改
[2026-05-16 17:06:12] [Reviewer] 正在审查第1028章...
[2026-05-16 17:06:12] [Reviewer] 正在审查第1026章...
[2026-05-16 17:06:19] [Reviewer] 第1021章审查完成，评分: 8， verdict: 通过
[2026-05-16 17:06:20] [Reviewer] 正在审查第1022章...
[2026-05-16 17:06:40] [Reviewer] 第1040章审查完成，评分: 8.0， verdict: 通过
[2026-05-16 17:06:41] [Reviewer] 第1024章审查完成，评分: 8.3， verdict: 通过
[2026-05-16 17:06:41] [Reviewer] 全部完成
[2026-05-16 17:06:42] [Reviewer] 全部完成
[2026-05-16 17:06:42] [Reviewer] 第1034章审查完成，评分: 8， verdict: 通过
[2026-05-16 17:06:43] [Reviewer] JSON解析失败: Expecting ',' delimiter: line 47 column 25 (char 1434)
[2026-05-16 17:06:43] [Reviewer] 第1038章审查完成，评分: N/A， verdict: N/A
[2026-05-16 17:06:43] [Reviewer] 全部完成
[2026-05-16 17:06:44] [Reviewer] 第1028章审查完成，评分: 8.5， verdict: 通过
[2026-05-16 17:06:44] [Reviewer] 全部完成
[2026-05-16 17:06:45] [Reviewer] 全部完成
[2026-05-16 17:06:47] [Reviewer] 第1026章审查完成，评分: 7.5， verdict: 需修改
[2026-05-16 17:06:48] [Reviewer] 第1032章审查完成，评分: 8.5， verdict: 通过
[2026-05-16 17:06:48] [Reviewer] 全部完成
[2026-05-16 17:06:49] [Reviewer] 第1036章审查完成，评分: 8.5， verdict: 通过
[2026-05-16 17:06:49] [Reviewer] 全部完成
[2026-05-16 17:06:49] [Reviewer] 第1030章审查完成，评分: 8.5， verdict: 通过
[2026-05-16 17:06:50] [Reviewer] 全部完成
[2026-05-16 17:06:50] [Reviewer] 全部完成
[2026-05-16 17:06:54] [Reviewer] 第1022章审查完成，评分: 8.3， verdict: 通过
[2026-05-16 17:06:55] [Reviewer] 全部完成
[2026-05-16 17:10:18] [Reviewer] 正在审查第1041章...
[2026-05-16 17:10:18] [Reviewer] 正在审查第1043章...
[2026-05-16 17:10:18] [Reviewer] 正在审查第1047章...
[2026-05-16 17:10:18] [Reviewer] 正在审查第1045章...
[2026-05-16 17:10:18] [Reviewer] 正在审查第1051章...
[2026-05-16 17:10:18] [Reviewer] 正在审查第1049章...
[2026-05-16 17:10:18] [Reviewer] 正在审查第1055章...
[2026-05-16 17:10:18] [Reviewer] 正在审查第1053章...
[2026-05-16 17:10:18] [Reviewer] 正在审查第1057章...
[2026-05-16 17:10:18] [Reviewer] 正在审查第1059章...
[2026-05-16 17:10:51] [Reviewer] 第1053章审查完成，评分: 8.5， verdict: 通过
�
[2026-05-16 17:10:51] [Reviewer] 第1045章审查完成，评分: 7.5， verdict: 需修改
[2026-05-16 17:10:51] [Reviewer] 第1059章审查完成，评分: 8.5， verdict: 需修改
[2026-05-16 17:10:52] [Reviewer] 正在审查第1050章...
[2026-05-16 17:10:52] [Reviewer] 正在审查第1054章...
[2026-05-16 17:10:52] [Reviewer] 正在审查第1046章...
[2026-05-16 17:10:52] [Reviewer] 正在审查第1060章...
[2026-05-16 17:10:53] [Reviewer] 第1047章审查完成，评分: 8.5， verdict: 通过
[2026-05-16 17:10:53] [Reviewer] 第1055章审查完成，评分: 8.5， verdict: 通过
[2026-05-16 17:10:53] [Reviewer] 第1043章审查完成，评分: 8.5， verdict: 通过
[2026-05-16 17:10:54] [Reviewer] 正在审查第1048章...
[2026-05-16 17:10:54] [Reviewer] 正在审查第1056章...
[2026-05-16 17:10:54] [Reviewer] 正在审查第1044章...
[2026-05-16 17:10:58] [Reviewer] 第1051章审查完成，评分: 8.5， verdict: 通过
[2026-05-16 17:10:58] [Reviewer] 第1041章审查完成，评分: 8.5， verdict: 通过
[2026-05-16 17:10:58] [Reviewer] 第1057章审查完成，评分: 8， verdict: 通过
[2026-05-16 17:10:59] [Reviewer] 正在审查第1052章...
[2026-05-16 17:10:59] [Reviewer] 正在审查第1042章...
[2026-05-16 17:10:59] [Reviewer] 正在审查第1058章...
[2026-05-16 17:11:20] [Reviewer] 第1048章审查完成，评分: 6.5， verdict: 需修改
[2026-05-16 17:11:21] [Reviewer] 全部完成
[2026-05-16 17:11:21] [Reviewer] 第1060章审查完成，评分: 8.2， verdict: 通过
[2026-05-16 17:11:22] [Reviewer] 第1054章审查完成，评分: 8.5， verdict: 通过
[2026-05-16 17:11:22] [Reviewer] 全部完成
[2026-05-16 17:11:23] [Reviewer] 全部完成
[2026-05-16 17:11:23] [Reviewer] 第1056章审查完成，评分: 8.5， verdict: 通过
[2026-05-16 17:11:24] [Reviewer] 全部完成
[2026-05-16 17:11:24] [Reviewer] 第1042章审查完成，评分: 8.5， verdict: 通过
[2026-05-16 17:11:25] [Reviewer] 全部完成
[2026-05-16 17:11:29] [Reviewer] 第1046章审查完成，评分: 8.5， verdict: 通过
[2026-05-16 17:11:30] [Reviewer] 全部完成
[2026-05-16 17:11:34] [Reviewer] 第1050章审查完成，评分: 8.5， verdict: 通过
[2026-05-16 17:11:34] [Reviewer] 第1044章审查完成，评分: 7.8， verdict: 需修改
[2026-05-16 17:11:35] [Reviewer] 全部完成
[2026-05-16 17:11:35] [Reviewer] 全部完成
[2026-05-16 17:11:38] [Reviewer] 第1058章审查完成，评分: 8.5， verdict: 通过
[2026-05-16 17:11:39] [Reviewer] 全部完成
[2026-05-16 17:11:39] [Reviewer] 第1052章审查完成，评分: 8.5， verdict: 通过
[2026-05-16 17:11:40] [Reviewer] 全部完成
[2026-05-16 17:14:25] [Reviewer] 正在审查第1063章...
[2026-05-16 17:14:25] [Reviewer] 正在审查第1061章...
[2026-05-16 17:14:25] [Reviewer] 正在审查第1069章...
[2026-05-16 17:14:25] [Reviewer] 正在审查第1065章...
[2026-05-16 17:14:25] [Reviewer] 正在审查第1067章...
[2026-05-16 17:14:25] [Reviewer] 正在审查第1073章...
[2026-05-16 17:14:25] [Reviewer] 正在审查第1071章...
[2026-05-16 17:14:25] [Reviewer] 正在审查第1077章...
[2026-05-16 17:14:25] [Reviewer] 正在审查第1075章...
[2026-05-16 17:14:25] [Reviewer] 正在审查第1079章...
[2026-05-16 17:14:54] [Reviewer] 第1079章审查完成，评分: 8.5， verdict: 需修改
[2026-05-16 17:14:55] [Reviewer] 正在审查第1080章...
[2026-05-16 17:14:55] [Reviewer] 第1075章审查完成，评分: 7.5， verdict: 需修改
[2026-05-16 17:14:56] [Reviewer] 正在审查第1076章...
[2026-05-16 17:14:58] [Reviewer] 第1071章审查完成，评分: 7.6， verdict: 需修改
[2026-05-16 17:14:58] [Reviewer] 第1073章审查完成，评分: 8.5， verdict: 通过
[2026-05-16 17:14:59] [Reviewer] 正在审查第1072章...
[2026-05-16 17:14:59] [Reviewer] 第1065章审查完成，评分: 8.5， verdict: 通过
[2026-05-16 17:14:59] [Reviewer] 正在审查第1074章...
[2026-05-16 17:14:59] [Reviewer] 第1067章审查完成，评分: 8.5， verdict: 需修改
[2026-05-16 17:15:00] [Reviewer] 第1061章审查完成，评分: 8.2， verdict: 通过
[2026-05-16 17:15:00] [Reviewer] 正在审查第1066章...
[2026-05-16 17:15:00] [Reviewer] 正在审查第1068章...
[2026-05-16 17:15:01] [Reviewer] 第1063章审查完成，评分: 7.5， verdict: 需修改
[2026-05-16 17:15:01] [Reviewer] 正在审查第1062章...
[2026-05-16 17:15:02] [Reviewer] 第1069章审查完成，评分: 7.5， verdict: 需修改
[2026-05-16 17:15:02] [Reviewer] 正在审查第1064章...
[2026-05-16 17:15:03] [Reviewer] 正在审查第1070章...
[2026-05-16 17:15:05] [Reviewer] 第1077章审查完成，评分: 8.0， verdict: 需修改
[2026-05-16 17:15:06] [Reviewer] 正在审查第1078章...
[2026-05-16 17:15:26] [Reviewer] 第1080章审查完成，评分: 8.5， verdict: 通过
[2026-05-16 17:15:26] [Reviewer] 第1066章审查完成，评分: 7.8， verdict: 需修改
[2026-05-16 17:15:27] [Reviewer] 全部完成
[2026-05-16 17:15:27] [Reviewer] 全部完成
[2026-05-16 17:15:28] [Reviewer] 第1072章审查完成，评分: 8.5， verdict: 需修改
[2026-05-16 17:15:28] [Reviewer] 第1076章审查完成，评分: 7.5， verdict: 需修改
[2026-05-16 17:15:29] [Reviewer] 全部完成
[2026-05-16 17:15:29] [Reviewer] 全部完成
[2026-05-16 17:15:33] [Reviewer] 第1068章审查完成，评分: 8.5， verdict: 需修改
[2026-05-16 17:15:34] [Reviewer] 全部完成
[2026-05-16 17:15:35] [Reviewer] 第1074章审查完成，评分: 8.5， verdict: 通过
[2026-05-16 17:15:36] [Reviewer] 全部完成
[2026-05-16 17:15:37] [Reviewer] 第1078章审查完成，评分: 7.8， verdict: 通过
[2026-05-16 17:15:38] [Reviewer] 全部完成
[2026-05-16 17:15:41] [Reviewer] 第1062章审查完成，评分: 8.5， verdict: 通过
[2026-05-16 17:15:42] [Reviewer] 全部完成
[2026-05-16 17:15:42] [Reviewer] 第1064章审查完成，评分: 8.4， verdict: 通过
[2026-05-16 17:15:43] [Reviewer] 第1070章审查完成，评分: 8.5， verdict: 需修改
[2026-05-16 17:15:43] [Reviewer] 全部完成
[2026-05-16 17:15:44] [Reviewer] 全部完成
[2026-05-16 17:22:13] [Reviewer] 正在审查第1085章...
[2026-05-16 17:22:13] [Reviewer] 正在审查第1081章...
[2026-05-16 17:22:13] [Reviewer] 正在审查第1083章...
[2026-05-16 17:22:13] [Reviewer] 正在审查第1089章...
[2026-05-16 17:22:13] [Reviewer] 正在审查第1087章...
[2026-05-16 17:22:13] [Reviewer] 正在审查第1095章...
[2026-05-16 17:22:13] [Reviewer] 正在审查第1093章...
[2026-05-16 17:22:13] [Reviewer] 正在审查第1097章...
[2026-05-16 17:22:13] [Reviewer] 正在审查第1091章...
[2026-05-16 17:22:13] [Reviewer] 正在审查第1101章...
[2026-05-16 17:22:13] [Reviewer] 正在审查第1099章...
[2026-05-16 17:22:13] [Reviewer] 正在审查第1107章...
[2026-05-16 17:22:13] [Reviewer] 正在审查第1105章...
[2026-05-16 17:22:13] [Reviewer] 正在审查第1109章...
[2026-05-16 17:22:13] [Reviewer] 正在审查第1111章...
[2026-05-16 17:22:13] [Reviewer] 正在审查第1103章...
[2026-05-16 17:22:13] [Reviewer] 正在审查第1115章...
[2026-05-16 17:22:13] [Reviewer] 正在审查第1113章...
[2026-05-16 17:22:13] [Reviewer] 正在审查第1117章...
[2026-05-16 17:22:13] [Reviewer] 正在审查第1119章...
[2026-05-16 17:22:42] [Reviewer] 第1101章审查完成，评分: 8.2， verdict: 通过
[2026-05-16 17:22:42] [Reviewer] 第1105章审查完成，评分: 8.2， verdict: 通过
[2026-05-16 17:22:43] [Reviewer] 正在审查第1102章...
[2026-05-16 17:22:43] [Reviewer] 正在审查第1106章...
[2026-05-16 17:22:43] [Reviewer] 第1109章审查完成，评分: 8.2， verdict: 通过
[2026-05-16 17:22:44] [Reviewer] 第1089章审查完成，评分: 8， verdict: 通过
[2026-05-16 17:22:44] [Reviewer] 正在审查第1110章...
[2026-05-16 17:22:45] [Reviewer] 第1095章审查完成，评分: 8.5， verdict: 通过
[2026-05-16 17:22:45] [Reviewer] 正在审查第1090章...
[2026-05-16 17:22:46] [Reviewer] 正在审查第1096章...
[2026-05-16 17:22:46] [Reviewer] 第1081章审查完成，评分: 8.5， verdict: 通过
[2026-05-16 17:22:47] [Reviewer] 第1099章审查完成，评分: 8.0， verdict: 通过
[2026-05-16 17:22:47] [Reviewer] 正在审查第1082章...
[2026-05-16 17:22:48] [Reviewer] 第1107章审查完成，评分: 8， verdict: 需修改
[2026-05-16 17:22:48] [Reviewer] 正在审查第1100章...
[2026-05-16 17:22:49] [Reviewer] 第1091章审查完成，评分: 8.5， verdict: 通过
[2026-05-16 17:22:49] [Reviewer] 正在审查第1108章...
[2026-05-16 17:22:49] [Reviewer] 第1085章审查完成，评分: 8.2， verdict: 通过
[2026-05-16 17:22:50] [Reviewer] 正在审查第1092章...
[2026-05-16 17:22:50] [Reviewer] 正在审查第1086章...
[2026-05-16 17:22:51] [Reviewer] 第1103章审查完成，评分: 8.5， verdict: 通过
[2026-05-16 17:22:51] [Reviewer] 第1087章审查完成，评分: 8.5， verdict: 通过
[2026-05-16 17:22:51] [Reviewer] 第1115章审查完成，评分: 7.5， verdict: 需修改
[2026-05-16 17:22:52] [Reviewer] 第1117章审查完成，评分: 8.2， verdict: 通过
[2026-05-16 17:22:52] [Reviewer] 正在审查第1104章...
[2026-05-16 17:22:52] [Reviewer] 第1097章审查完成，评分: 8.0， verdict: 通过
[2026-05-16 17:22:52] [Reviewer] 正在审查第1088章...
[2026-05-16 17:22:52] [Reviewer] 第1113章审查完成，评分: 7.5， verdict: 需修改
[2026-05-16 17:22:52] [Reviewer] 正在审查第1116章...
[2026-05-16 17:22:53] [Reviewer] 正在审查第1118章...
[2026-05-16 17:22:53] [Reviewer] 正在审查第1098章...
[2026-05-16 17:22:53] [Reviewer] 正在审查第1114章...
[2026-05-16 17:22:53] [Reviewer] 第1119章审查完成，评分: 8.5， verdict: 通过
[2026-05-16 17:22:54] [Reviewer] 正在审查第1120章...
[2026-05-16 17:22:55] [Reviewer] 第1111章审查完成，评分: 8.5， verdict: 通过
[2026-05-16 17:22:56] [Reviewer] 正在审查第1112章...
[2026-05-16 17:22:56] [Reviewer] 第1083章审查完成，评分: 8.5， verdict: 通过
[2026-05-16 17:22:57] [Reviewer] 正在审查第1084章...
[2026-05-16 17:22:58] [Reviewer] 第1093章审查完成，评分: 8.5， verdict: 通过
[2026-05-16 17:22:59] [Reviewer] 正在审查第1094章...
[2026-05-16 17:23:14] [Reviewer] 第1108章审查完成，评分: 8.5， verdict: 通过
[2026-05-16 17:23:15] [Reviewer] 全部完成
[2026-05-16 17:23:16] [Reviewer] 第1102章审查完成，评分: 7.5， verdict: 需修改
[2026-05-16 17:23:16] [Reviewer] 第1098章审查完成，评分: 7.8， verdict: 需修改
[2026-05-16 17:23:17] [Reviewer] 全部完成
[2026-05-16 17:23:17] [Reviewer] 全部完成
[2026-05-16 17:23:17] [Reviewer] JSON解析失败: Expecting ',' delimiter: line 42 column 48 (char 1492)
[2026-05-16 17:23:17] [Reviewer] 第1082章审查完成，评分: N/A， verdict: N/A
[2026-05-16 17:23:18] [Reviewer] 第1106章审查完成，评分: 7.8， verdict: 通过
[2026-05-16 17:23:18] [Reviewer] 全部完成
[2026-05-16 17:23:18] [Reviewer] 第1086章审查完成，评分: 8.0， verdict: 通过
[2026-05-16 17:23:19] [Reviewer] 第1110章审查完成，评分: 8.5， verdict: 通过
[2026-05-16 17:23:19] [Reviewer] 全部完成
[2026-05-16 17:23:19] [Reviewer] 第1096章审查完成，评分: 8.5， verdict: 通过
[2026-05-16 17:23:19] [Reviewer] 第1104章审查完成，评分: 7.5， verdict: 需修改
[2026-05-16 17:23:19] [Reviewer] 全部完成
[2026-05-16 17:23:20] [Reviewer] 全部完成
[2026-05-16 17:23:20] [Reviewer] 全部完成
[2026-05-16 17:23:20] [Reviewer] 全部完成
[2026-05-16 17:23:21] [Reviewer] 第1118章审查完成，评分: 7.5， verdict: 需修改
[2026-05-16 17:23:21] [Reviewer] 第1100章审查完成，评分: 8.5， verdict: 通过
[2026-05-16 17:23:22] [Reviewer] 全部完成
[2026-05-16 17:23:22] [Reviewer] 全部完成
[2026-05-16 17:23:23] [Reviewer] 第1090章审查完成，评分: 8.5， verdict: 通过
[2026-05-16 17:23:24] [Reviewer] 全部完成
[2026-05-16 17:23:25] [Reviewer] 第1114章审查完成，评分: 8， verdict: 通过
[2026-05-16 17:23:26] [Reviewer] 全部完成
[2026-05-16 17:23:30] [Reviewer] 第1088章审查完成，评分: 8.5， verdict: 通过
[2026-05-16 17:23:31] [Reviewer] 第1094章审查完成，评分: 8， verdict: 通过
[2026-05-16 17:23:31] [Reviewer] 全部完成
[2026-05-16 17:23:32] [Reviewer] 全部完成
[2026-05-16 17:23:34] [Reviewer] 第1120章审查完成，评分: 7.5， verdict: 需修改
[2026-05-16 17:23:34] [Reviewer] 第1112章审查完成，评分: 8.5， verdict: 通过
[2026-05-16 17:23:35] [Reviewer] 第1084章审查完成，评分: 8.5， verdict: 通过
[2026-05-16 17:23:35] [Reviewer] 全部完成
[2026-05-16 17:23:35] [Reviewer] 第1092章审查完成，评分: 8.5， verdict: 需修改
[2026-05-16 17:23:35] [Reviewer] 全部完成
[2026-05-16 17:23:36] [Reviewer] 全部完成
[2026-05-16 17:23:36] [Reviewer] 全部完成
[2026-05-16 17:23:38] [Reviewer] 第1116章审查完成，评分: 7.88， verdict: 通过
[2026-05-16 17:23:39] [Reviewer] 全部完成
[2026-05-16 17:26:32] [Reviewer] 正在审查第1121章...
[2026-05-16 17:26:32] [Reviewer] 正在审查第1129章...
[2026-05-16 17:26:32] [Reviewer] 正在审查第1127章...
[2026-05-16 17:26:32] [Reviewer] 正在审查第1125章...
[2026-05-16 17:26:32] [Reviewer] 正在审查第1123章...
[2026-05-16 17:26:32] [Reviewer] 正在审查第1133章...
[2026-05-16 17:26:32] [Reviewer] 正在审查第1131章...
[2026-05-16 17:26:32] [Reviewer] 正在审查第1135章...
[2026-05-16 17:26:32] [Reviewer] 正在审查第1143章...
[2026-05-16 17:26:32] [Reviewer] 正在审查第1137章...
[2026-05-16 17:26:32] [Reviewer] 正在审查第1139章...
[2026-05-16 17:26:32] [Reviewer] 正在审查第1141章...
[2026-05-16 17:26:32] [Reviewer] 正在审查第1145章...
[2026-05-16 17:26:32] [Reviewer] 正在审查第1147章...
[2026-05-16 17:26:32] [Reviewer] 正在审查第1151章...
[2026-05-16 17:26:32] [Reviewer] 正在审查第1149章...
[2026-05-16 17:26:32] [Reviewer] 正在审查第1153章...
[2026-05-16 17:26:32] [Reviewer] 正在审查第1159章...
[2026-05-16 17:26:32] [Reviewer] 正在审查第1157章...
[2026-05-16 17:26:32] [Reviewer] 正在审查第1155章...
[2026-05-16 17:27:00] [Reviewer] 第1133章审查完成，评分: 8.5， verdict: 需修改
[2026-05-16 17:27:01] [Reviewer] 第1139章审查完成，评分: 7.5， verdict: 需修改
[2026-05-16 17:27:01] [Reviewer] 第1153章审查完成，评分: 8.2， verdict: 通过
[2026-05-16 17:27:01] [Reviewer] 第1135章审查完成，评分: 8.2， verdict: 通过
[2026-05-16 17:27:01] [Reviewer] 正在审查第1134章...
[2026-05-16 17:27:02] [Reviewer] 正在审查第1140章...
[2026-05-16 17:27:02] [Reviewer] 正在审查第1154章...
[2026-05-16 17:27:02] [Reviewer] 正在审查第1136章...
[2026-05-16 17:27:03] [Reviewer] 第1151章审查完成，评分: 8.2， verdict: 通过
[2026-05-16 17:27:04] [Reviewer] 第1155章审查完成，评分: 7.8， verdict: 需修改
[2026-05-16 17:27:04] [Reviewer] 正在审查第1152章...
[2026-05-16 17:27:05] [Reviewer] 正在审查第1156章...
[2026-05-16 17:27:06] [Reviewer] 第1125章审查完成，评分: 7.5， verdict: 需修改
[2026-05-16 17:27:06] [Reviewer] 第1141章审查完成，评分: 8.5， verdict: 通过
[2026-05-16 17:27:07] [Reviewer] 正在审查第1126章...
[2026-05-16 17:27:07] [Reviewer] 第1129章审查完成，评分: 7.5， verdict: 需修改
[2026-05-16 17:27:07] [Reviewer] 正在审查第1142章...
[2026-05-16 17:27:07] [Reviewer] 第1149章审查完成，评分: 8.2， verdict: 通过
[2026-05-16 17:27:08] [Reviewer] 第1159章审查完成，评分: 8.5， verdict: 通过
[2026-05-16 17:27:08] [Reviewer] 第1145章审查完成，评分: 8.5， verdict: 需修改
[2026-05-16 17:27:08] [Reviewer] 正在审查第1130章...
[2026-05-16 17:27:08] [Reviewer] 正在审查第1150章...
[2026-05-16 17:27:09] [Reviewer] 第1147章审查完成，评分: 8.5， verdict: 需修改
[2026-05-16 17:27:09] [Reviewer] 第1121章审查完成，评分: 8.5， verdict: 通过
[2026-05-16 17:27:09] [Reviewer] 正在审查第1160章...
[2026-05-16 17:27:09] [Reviewer] 正在审查第1146章...
[2026-05-16 17:27:10] [Reviewer] 正在审查第1148章...
[2026-05-16 17:27:10] [Reviewer] 正在审查第1122章...
[2026-05-16 17:27:11] [Reviewer] 第1137章审查完成，评分: 7.8， verdict: 通过
[2026-05-16 17:27:11] [Reviewer] 第1143章审查完成，评分: 8.2， verdict: 通过
[2026-05-16 17:27:12] [Reviewer] 正在审查第1138章...
[2026-05-16 17:27:12] [Reviewer] 正在审查第1144章...
[2026-05-16 17:27:13] [Reviewer] 第1157章审查完成，评分: 7.8， verdict: 需修改
[2026-05-16 17:27:14] [Reviewer] 第1123章审查完成，评分: 8.0， verdict: 通过
[2026-05-16 17:27:14] [Reviewer] 正在审查第1158章...
[2026-05-16 17:27:15] [Reviewer] 正在审查第1124章...
[2026-05-16 17:27:16] [Reviewer] 第1127章审查完成，评分: 8.0， verdict: 通过
[2026-05-16 17:27:17] [Reviewer] 正在审查第1128章...
[2026-05-16 17:27:20] [Reviewer] 第1131章审查完成，评分: 8.5， verdict: 通过
[2026-05-16 17:27:21] [Reviewer] 正在审查第1132章...
[2026-05-16 17:27:32] [Reviewer] 第1152章审查完成，评分: 8.5， verdict: 通过
[2026-05-16 17:27:32] [Reviewer] 第1154章审查完成，评分: 7.8， verdict: 通过
[2026-05-16 17:27:33] [Reviewer] 全部完成
[2026-05-16 17:27:33] [Reviewer] 第1156章审查完成，评分: 8.2， verdict: 通过
[2026-05-16 17:27:33] [Reviewer] 全部完成
[2026-05-16 17:27:34] [Reviewer] 全部完成
[2026-05-16 17:27:35] [Reviewer] 第1130章审查完成，评分: 8.5， verdict: 通过
[2026-05-16 17:27:35] [Reviewer] 第1134章审查完成，评分: 7.5， verdict: 需修改
[2026-05-16 17:27:36] [Reviewer] 第1146章审查完成，评分: 7.2， verdict: 需修改
[2026-05-16 17:27:36] [Reviewer] 全部完成
[2026-05-16 17:27:36] [Reviewer] 全部完成
[2026-05-16 17:27:37] [Reviewer] 全部完成
[2026-05-16 17:27:38] [Reviewer] 第1142章审查完成，评分: 8.0， verdict: 需修改
[2026-05-16 17:27:38] [Reviewer] 第1138章审查完成，评分: 7.8， verdict: 需修改
[2026-05-16 17:27:38] [Reviewer] 第1136章审查完成，评分: 7.5， verdict: 需修改
[2026-05-16 17:27:39] [Reviewer] 全部完成
[2026-05-16 17:27:39] [Reviewer] 第1144章审查完成，评分: 7.5， verdict: 需修改
[2026-05-16 17:27:39] [Reviewer] 全部完成
[2026-05-16 17:27:39] [Reviewer] 全部完成
[2026-05-16 17:27:40] [Reviewer] 全部完成
[2026-05-16 17:27:41] [Reviewer] 第1140章审查完成，评分: 8.5， verdict: 通过
[2026-05-16 17:27:42] [Reviewer] 全部完成
[2026-05-16 17:27:44] [Reviewer] 第1148章审查完成，评分: 8.5， verdict: 通过
[2026-05-16 17:27:44] [Reviewer] 第1126章审查完成，评分: 8.2， verdict: 通过
[2026-05-16 17:27:44] [Reviewer] 第1158章审查完成，评分: 8.5， verdict: 通过
[2026-05-16 17:27:44] [Reviewer] 第1150章审查完成，评分: 8.5， verdict: 通过
[2026-05-16 17:27:44] [Reviewer] 第1122章审查完成，评分: 8.5， verdict: 通过
[2026-05-16 17:27:45] [Reviewer] 全部完成
[2026-05-16 17:27:45] [Reviewer] 全部完成
[2026-05-16 17:27:45] [Reviewer] 第1160章审查完成，评分: 8.5， verdict: 通过
[2026-05-16 17:27:45] [Reviewer] 全部完成
[2026-05-16 17:27:45] [Reviewer] 全部完成
[2026-05-16 17:27:45] [Reviewer] 全部完成
[2026-05-16 17:27:46] [Reviewer] 全部完成
[2026-05-16 17:27:46] [Reviewer] 第1128章审查完成，评分: 8.2， verdict: 通过
[2026-05-16 17:27:47] [Reviewer] 第1132章审查完成，评分: 8.2， verdict: 通过
[2026-05-16 17:27:47] [Reviewer] 全部完成
[2026-05-16 17:27:48] [Reviewer] 全部完成
[2026-05-16 17:27:49] [Reviewer] 第1124章审查完成，评分: 8， verdict: 通过
[2026-05-16 17:27:50] [Reviewer] 全部完成
[2026-05-16 17:31:48] [Reviewer] 正在审查第1161章...
[2026-05-16 17:31:48] [Reviewer] 正在审查第1165章...
[2026-05-16 17:31:48] [Reviewer] 正在审查第1163章...
[2026-05-16 17:31:48] [Reviewer] 正在审查第1167章...
[2026-05-16 17:31:48] [Reviewer] 正在审查第1169章...
[2026-05-16 17:31:49] [Reviewer] 正在审查第1177章...
[2026-05-16 17:31:49] [Reviewer] 正在审查第1175章...
[2026-05-16 17:31:49] [Reviewer] 正在审查第1171章...
[2026-05-16 17:31:49] [Reviewer] 正在审查第1179章...
[2026-05-16 17:31:49] [Reviewer] 正在审查第1173章...
[2026-05-16 17:31:49] [Reviewer] 正在审查第1181章...
[2026-05-16 17:31:49] [Reviewer] 正在审查第1183章...
[2026-05-16 17:31:49] [Reviewer] 正在审查第1187章...
[2026-05-16 17:31:49] [Reviewer] 正在审查第1185章...
[2026-05-16 17:31:49] [Reviewer] 正在审查第1189章...
[2026-05-16 17:31:49] [Reviewer] 正在审查第1199章...
[2026-05-16 17:31:49] [Reviewer] 正在审查第1197章...
[2026-05-16 17:31:49] [Reviewer] 正在审查第1193章...
[2026-05-16 17:31:49] [Reviewer] 正在审查第1195章...
[2026-05-16 17:31:49] [Reviewer] 正在审查第1191章...
[2026-05-16 17:32:15] [Reviewer] 第1183章审查完成，评分: 7.5， verdict: 需修改
[2026-05-16 17:32:15] [Reviewer] 第1163章审查完成，评分: 8.5， verdict: 通过
[2026-05-16 17:32:15] [Reviewer] 第1185章审查完成，评分: 7.8， verdict: 需修改
[2026-05-16 17:32:16] [Reviewer] 正在审查第1184章...
[2026-05-16 17:32:16] [Reviewer] 正在审查第1164章...
[2026-05-16 17:32:17] [Reviewer] 正在审查第1186章...
[2026-05-16 17:32:17] [Reviewer] 第1189章审查完成，评分: 8.0， verdict: 需修改
[2026-05-16 17:32:18] [Reviewer] 第1173章审查完成，评分: 7.5， verdict: 需修改
[2026-05-16 17:32:18] [Reviewer] 第1161章审查完成，评分: 8.5， verdict: 通过
[2026-05-16 17:32:18] [Reviewer] 正在审查第1190章...
[2026-05-16 17:32:19] [Reviewer] 正在审查第1174章...
[2026-05-16 17:32:19] [Reviewer] 正在审查第1162章...
[2026-05-16 17:32:21] [Reviewer] 第1193章审查完成，评分: 7.5， verdict: 需修改
[2026-05-16 17:32:21] [Reviewer] 第1167章审查完成，评分: 7.0， verdict: 需修改
[2026-05-16 17:32:22] [Reviewer] 正在审查第1194章...
[2026-05-16 17:32:22] [Reviewer] 正在审查第1168章...
[2026-05-16 17:32:22] [Reviewer] 第1165章审查完成，评分: 8.0， verdict: 需修改
[2026-05-16 17:32:23] [Reviewer] 第1169章审查完成，评分: 8.5， verdict: 通过
[2026-05-16 17:32:23] [Reviewer] 正在审查第1166章...
[2026-05-16 17:32:24] [Reviewer] 第1191章审查完成，评分: 8.5， verdict: 通过
[2026-05-16 17:32:24] [Reviewer] 第1199章审查完成，评分: 8.5， verdict: 通过
[2026-05-16 17:32:24] [Reviewer] 正在审查第1170章...
[2026-05-16 17:32:25] [Reviewer] 正在审查第1192章...
[2026-05-16 17:32:25] [Reviewer] 正在审查第1200章...
[2026-05-16 17:32:25] [Reviewer] 第1179章审查完成，评分: 8.5， verdict: 通过
[2026-05-16 17:32:26] [Reviewer] 第1195章审查完成，评分: 7.5， verdict: 需修改
[2026-05-16 17:32:26] [Reviewer] 正在审查第1180章...
[2026-05-16 17:32:27] [Reviewer] 正在审查第1196章...
[2026-05-16 17:32:27] [Reviewer] 第1187章审查完成，评分: 8.5， verdict: 通过
[2026-05-16 17:32:27] [Reviewer] 第1177章审查完成，评分: 8.5， verdict: 通过
[2026-05-16 17:32:28] [Reviewer] 第1197章审查完成，评分: 8.0， verdict: 通过
[2026-05-16 17:32:28] [Reviewer] 正在审查第1188章...
[2026-05-16 17:32:29] [Reviewer] 正在审查第1178章...
[2026-05-16 17:32:29] [Reviewer] 正在审查第1198章...
[2026-05-16 17:32:30] [Reviewer] 第1181章审查完成，评分: 7.8， verdict: 通过
[2026-05-16 17:32:31] [Reviewer] 正在审查第1182章...
[2026-05-16 17:32:32] [Reviewer] 第1175章审查完成，评分: 8.0， verdict: 需修改
[2026-05-16 17:32:33] [Reviewer] 正在审查第1176章...
[2026-05-16 17:32:35] [Reviewer] 第1171章审查完成，评分: 8.0， verdict: 通过
[2026-05-16 17:32:36] [Reviewer] 正在审查第1172章...
[2026-05-16 17:32:48] [Reviewer] 第1184章审查完成，评分: 8.2， verdict: 通过
[2026-05-16 17:32:49] [Reviewer] 全部完成
[2026-05-16 17:32:50] [Reviewer] 第1166章审查完成，评分: 8.2， verdict: 通过
[2026-05-16 17:32:51] [Reviewer] 全部完成
[2026-05-16 17:32:52] [Reviewer] 第1186章审查完成，评分: 8.5， verdict: 通过
[2026-05-16 17:32:53] [Reviewer] 全部完成
[2026-05-16 17:32:54] [Reviewer] 第1162章审查完成，评分: 8.5， verdict: 通过
[2026-05-16 17:32:55] [Reviewer] 全部完成
[2026-05-16 17:32:56] [Reviewer] 第1200章审查完成，评分: 8.2， verdict: 通过
[2026-05-16 17:32:57] [Reviewer] 全部完成
[2026-05-16 17:32:58] [Reviewer] 第1168章审查完成，评分: 8.2， verdict: 通过
[2026-05-16 17:32:58] [Reviewer] 第1190章审查完成，评分: 8.3， verdict: 通过
[2026-05-16 17:32:58] [Reviewer] 第1188章审查完成，评分: 7.5， verdict: 通过
[2026-05-16 17:32:59] [Reviewer] 全部完成
[2026-05-16 17:32:59] [Reviewer] 第1164章审查完成，评分: 7.5， verdict: 需修改
[2026-05-16 17:32:59] [Reviewer] 全部完成
[2026-05-16 17:32:59] [Reviewer] 第1174章审查完成，评分: 7.5， verdict: 需修改
[2026-05-16 17:32:59] [Reviewer] 全部完成
[2026-05-16 17:32:59] [Reviewer] 第1192章审查完成，评分: 8.5， verdict: 通过
[2026-05-16 17:33:00] [Reviewer] 全部完成
[2026-05-16 17:33:00] [Reviewer] 全部完成
[2026-05-16 17:33:00] [Reviewer] 全部完成
[2026-05-16 17:33:01] [Reviewer] JSON解析失败: Expecting ',' delimiter: line 45 column 78 (char 1614)
[2026-05-16 17:33:01] [Reviewer] 第1194章审查完成，评分: N/A， verdict: N/A
[2026-05-16 17:33:01] [Reviewer] 第1196章审查完成，评分: 8.5， verdict: 通过
[2026-05-16 17:33:01] [Reviewer] 第1178章审查完成，评分: 7.2， verdict: 需修改
[2026-05-16 17:33:02] [Reviewer] 全部完成
[2026-05-16 17:33:02] [Reviewer] 全部完成
[2026-05-16 17:33:02] [Reviewer] 全部完成
[2026-05-16 17:33:03] [Reviewer] 第1182章审查完成，评分: 8.2， verdict: 通过
[2026-05-16 17:33:04] [Reviewer] 全部完成
[2026-05-16 17:33:04] [Reviewer] 第1198章审查完成，评分: 7.5， verdict: 需修改
[2026-05-16 17:33:05] [Reviewer] 全部完成
[2026-05-16 17:33:06] [Reviewer] 第1180章审查完成，评分: 8.5， verdict: 通过
[2026-05-16 17:33:06] [Reviewer] 第1170章审查完成，评分: 8.5， verdict: 通过
[2026-05-16 17:33:07] [Reviewer] 全部完成
[2026-05-16 17:33:07] [Reviewer] 全部完成
[2026-05-16 17:33:08] [Reviewer] JSON解析失败: Expecting ',' delimiter: line 24 column 27 (char 595)
[2026-05-16 17:33:08] [Reviewer] 第1176章审查完成，评分: N/A， verdict: N/A
[2026-05-16 17:33:09] [Reviewer] 第1172章审查完成，评分: 8， verdict: 通过
[2026-05-16 17:33:09] [Reviewer] 全部完成
[2026-05-16 17:33:10] [Reviewer] 全部完成
[2026-05-16 17:36:58] [Reviewer] 正在审查第1201章...
[2026-05-16 17:36:58] [Reviewer] 正在审查第1203章...
[2026-05-16 17:36:58] [Reviewer] 正在审查第1205章...
[2026-05-16 17:36:58] [Reviewer] 正在审查第1207章...
[2026-05-16 17:36:58] [Reviewer] 正在审查第1209章...
[2026-05-16 17:36:58] [Reviewer] 正在审查第1211章...
[2026-05-16 17:36:58] [Reviewer] 正在审查第1219章...
[2026-05-16 17:36:58] [Reviewer] 正在审查第1213章...
[2026-05-16 17:36:58] [Reviewer] 正在审查第1221章...
[2026-05-16 17:36:58] [Reviewer] 正在审查第1215章...
[2026-05-16 17:36:58] [Reviewer] 正在审查第1225章...
[2026-05-16 17:36:58] [Reviewer] 正在审查第1217章...
[2026-05-16 17:36:58] [Reviewer] 正在审查第1223章...
[2026-05-16 17:36:58] [Reviewer] 正在审查第1227章...
[2026-05-16 17:36:58] [Reviewer] 正在审查第1233章...
[2026-05-16 17:36:58] [Reviewer] 正在审查第1229章...
[2026-05-16 17:36:58] [Reviewer] 正在审查第1231章...
[2026-05-16 17:36:58] [Reviewer] 正在审查第1235章...
[2026-05-16 17:36:58] [Reviewer] 正在审查第1237章...
[2026-05-16 17:36:58] [Reviewer] 正在审查第1239章...
[2026-05-16 17:37:28] [Reviewer] 第1207章审查完成，评分: 8.5， verdict: 通过
[2026-05-16 17:37:28] [Reviewer] 第1231章审查完成，评分: 8.5， verdict: 通过
[2026-05-16 17:37:29] [Reviewer] 第1201章审查完成，评分: 8.2， verdict: 通过
[2026-05-16 17:37:29] [Reviewer] 正在审查第1208章...
[2026-05-16 17:37:29] [Reviewer] 正在审查第1232章...
[2026-05-16 17:37:30] [Reviewer] 正在审查第1202章...
[2026-05-16 17:37:31] [Reviewer] 第1237章审查完成，评分: 8.0， verdict: 通过
[2026-05-16 17:37:32] [Reviewer] 正在审查第1238章...
[2026-05-16 17:37:33] [Reviewer] 第1227章审查完成，评分: 7.8， verdict: 通过
[2026-05-16 17:37:33] [Reviewer] 第1223章审查完成，评分: 8.2， verdict: 通过
[2026-05-16 17:37:33] [Reviewer] 第1217章审查完成，评分: 8.5， verdict: 通过
[2026-05-16 17:37:34] [Reviewer] 正在审查第1228章...
[2026-05-16 17:37:34] [Reviewer] 正在审查第1224章...
[2026-05-16 17:37:34] [Reviewer] 正在审查第1218章...
[2026-05-16 17:37:35] [Reviewer] 第1215章审查完成，评分: 8.0， verdict: 需修改
[2026-05-16 17:37:35] [Reviewer] 第1213章审查完成，评分: 8.5， verdict: 通过
[2026-05-16 17:37:35] [Reviewer] 第1205章审查完成，评分: 8.5， verdict: 通过
[2026-05-16 17:37:36] [Reviewer] 第1221章审查完成，评分: 8.5， verdict: 通过
[2026-05-16 17:37:36] [Reviewer] 正在审查第1216章...
[2026-05-16 17:37:36] [Reviewer] 第1203章审查完成，评分: 7.8， verdict: 需修改
[2026-05-16 17:37:36] [Reviewer] 正在审查第1214章...
[2026-05-16 17:37:37] [Reviewer] 正在审查第1206章...
[2026-05-16 17:37:37] [Reviewer] 正在审查第1222章...
[2026-05-16 17:37:37] [Reviewer] 第1209章审查完成，评分: 8.5， verdict: 通过
[2026-05-16 17:37:37] [Reviewer] 正在审查第1204章...
[2026-05-16 17:37:38] [Reviewer] 第1219章审查完成，评分: 8.5， verdict: 通过
[2026-05-16 17:37:38] [Reviewer] 正在审查第1210章...
[2026-05-16 17:37:39] [Reviewer] 正在审查第1220章...
[2026-05-16 17:37:39] [Reviewer] 第1233章审查完成，评分: 8.5， verdict: 通过
[2026-05-16 17:37:39] [Reviewer] 第1235章审查完成，评分: 7.8， verdict: 通过
[2026-05-16 17:37:40] [Reviewer] 第1229章审查完成，评分: 8.2， verdict: 需修改
[2026-05-16 17:37:40] [Reviewer] 正在审查第1234章...
[2026-05-16 17:37:40] [Reviewer] 正在审查第1236章...
[2026-05-16 17:37:41] [Reviewer] 正在审查第1230章...
[2026-05-16 17:37:42] [Reviewer] 第1225章审查完成，评分: 8.5， verdict: 通过
[2026-05-16 17:37:43] [Reviewer] 正在审查第1226章...
[2026-05-16 17:37:44] [Reviewer] 第1211章审查完成，评分: 8.5， verdict: 通过
[2026-05-16 17:37:45] [Reviewer] 正在审查第1212章...
[2026-05-16 17:37:47] [Reviewer] 第1239章审查完成，评分: 8.5， verdict: 通过
[2026-05-16 17:37:48] [Reviewer] 正在审查第1240章...
[2026-05-16 17:38:03] [Reviewer] 第1232章审查完成，评分: 7.5， verdict: 需修改
[2026-05-16 17:38:04] [Reviewer] 全部完成
[2026-05-16 17:38:06] [Reviewer] 第1210章审查完成，评分: 8.2， verdict: 通过
[2026-05-16 17:38:06] [Reviewer] 第1202章审查完成，评分: 8.0， verdict: 需修改
[2026-05-16 17:38:07] [Reviewer] 全部完成
[2026-05-16 17:38:07] [Reviewer] 全部完成
[2026-05-16 17:38:09] [Reviewer] 第1228章审查完成，评分: 8.5， verdict: 通过
[2026-05-16 17:38:09] [Reviewer] 第1222章审查完成，评分: 7.8， verdict: 需修改
[2026-05-16 17:38:09] [Reviewer] 第1220章审查完成，评分: 8.0， verdict: 通过
[2026-05-16 17:38:10] [Reviewer] 第1238章审查完成，评分: 8.5， verdict: 通过
[2026-05-16 17:38:10] [Reviewer] 全部完成
[2026-05-16 17:38:10] [Reviewer] 第1218章审查完成，评分: 8.0， verdict: 需修改
[2026-05-16 17:38:10] [Reviewer] 全部完成
[2026-05-16 17:38:10] [Reviewer] 第1206章审查完成，评分: 8.5， verdict: 通过
[2026-05-16 17:38:10] [Reviewer] 全部完成
[2026-05-16 17:38:11] [Reviewer] 全部完成
[2026-05-16 17:38:11] [Reviewer] 全部完成
[2026-05-16 17:38:11] [Reviewer] 全部完成
[2026-05-16 17:38:12] [Reviewer] 第1236章审查完成，评分: 8.5， verdict: 通过
[2026-05-16 17:38:13] [Reviewer] 全部完成
[2026-05-16 17:38:14] [Reviewer] 第1224章审查完成，评分: 8.2， verdict: 通过
[2026-05-16 17:38:15] [Reviewer] 第1208章审查完成，评分: 8.2， verdict: 通过
[2026-05-16 17:38:15] [Reviewer] 全部完成
[2026-05-16 17:38:15] [Reviewer] 第1214章审查完成，评分: 7.8， verdict: 需修改
[2026-05-16 17:38:15] [Reviewer] 第1216章审查完成，评分: 7.5， verdict: 通过
[2026-05-16 17:38:16] [Reviewer] 全部完成
[2026-05-16 17:38:16] [Reviewer] 全部完成
[2026-05-16 17:38:16] [Reviewer] 第1204章审查完成，评分: 8.5， verdict: 通过
[2026-05-16 17:38:16] [Reviewer] 全部完成
[2026-05-16 17:38:17] [Reviewer] 第1240章审查完成，评分: 8.0， verdict: 通过
[2026-05-16 17:38:17] [Reviewer] 全部完成
[2026-05-16 17:38:18] [Reviewer] 全部完成
[2026-05-16 17:38:19] [Reviewer] 第1212章审查完成，评分: 8.5， verdict: 通过
[2026-05-16 17:38:20] [Reviewer] 全部完成
[2026-05-16 17:38:20] [Reviewer] 第1230章审查完成，评分: 8.5， verdict: 通过
[2026-05-16 17:38:20] [Reviewer] 第1234章审查完成，评分: 7.5， verdict: 需修改
[2026-05-16 17:38:21] [Reviewer] 全部完成
[2026-05-16 17:38:21] [Reviewer] 全部完成
[2026-05-16 17:38:26] [Reviewer] 第1226章审查完成，评分: 8， verdict: 通过
[2026-05-16 17:38:28] [Reviewer] 全部完成
[2026-05-16 17:41:57] [Reviewer] 正在审查第1243章...
[2026-05-16 17:41:57] [Reviewer] 正在审查第1241章...
[2026-05-16 17:41:57] [Reviewer] 正在审查第1247章...
[2026-05-16 17:41:57] [Reviewer] 正在审查第1253章...
[2026-05-16 17:41:57] [Reviewer] 正在审查第1249章...
[2026-05-16 17:41:57] [Reviewer] 正在审查第1245章...
[2026-05-16 17:41:57] [Reviewer] 正在审查第1251章...
[2026-05-16 17:41:57] [Reviewer] 正在审查第1257章...
[2026-05-16 17:41:57] [Reviewer] 正在审查第1255章...
[2026-05-16 17:41:57] [Reviewer] 正在审查第1259章...
[2026-05-16 17:41:57] [Reviewer] 正在审查第1261章...
[2026-05-16 17:41:57] [Reviewer] 正在审查第1263章...
[2026-05-16 17:41:57] [Reviewer] 正在审查第1271章...
[2026-05-16 17:41:57] [Reviewer] 正在审查第1267章...
[2026-05-16 17:41:57] [Reviewer] 正在审查第1265章...
[2026-05-16 17:41:57] [Reviewer] 正在审查第1269章...
[2026-05-16 17:41:57] [Reviewer] 正在审查第1277章...
[2026-05-16 17:41:57] [Reviewer] 正在审查第1275章...
[2026-05-16 17:41:57] [Reviewer] 正在审查第1279章...
[2026-05-16 17:41:57] [Reviewer] 正在审查第1273章...
[2026-05-16 17:42:25] [Reviewer] 第1249章审查完成，评分: 8， verdict: 需修改
[2026-05-16 17:42:25] [Reviewer] 第1273章审查完成，评分: 8.2， verdict: 通过
[2026-05-16 17:42:25] [Reviewer] 第1253章审查完成，评分: 7.5， verdict: 需修改
[2026-05-16 17:42:26] [Reviewer] 正在审查第1250章...
[2026-05-16 17:42:26] [Reviewer] 第1275章审查完成，评分: 8.5， verdict: 通过
[2026-05-16 17:42:26] [Reviewer] 正在审查第1274章...
[2026-05-16 17:42:26] [Reviewer] 正在审查第1254章...
[2026-05-16 17:42:27] [Reviewer] 第1257章审查完成，评分: 8.0， verdict: 通过
[2026-05-16 17:42:27] [Reviewer] 正在审查第1276章...
[2026-05-16 17:42:28] [Reviewer] 第1263章审查完成，评分: 8， verdict: 通过
[2026-05-16 17:42:28] [Reviewer] 正在审查第1258章...
[2026-05-16 17:42:29] [Reviewer] 第1265章审查完成，评分: 8.2， verdict: 通过
[2026-05-16 17:42:29] [Reviewer] 正在审查第1264章...
[2026-05-16 17:42:29] [Reviewer] 第1271章审查完成，评分: 8.5， verdict: 需修改
[2026-05-16 17:42:30] [Reviewer] 正在审查第1266章...
[2026-05-16 17:42:30] [Reviewer] 正在审查第1272章...
[2026-05-16 17:42:31] [Reviewer] 第1243章审查完成，评分: 8.5， verdict: 通过
[2026-05-16 17:42:31] [Reviewer] 第1277章审查完成，评分: 8.5， verdict: 通过
[2026-05-16 17:42:32] [Reviewer] 正在审查第1244章...
[2026-05-16 17:42:32] [Reviewer] 第1279章审查完成，评分: 7.5， verdict: 需修改
[2026-05-16 17:42:32] [Reviewer] JSON解析失败: Expecting ',' delimiter: line 21 column 55 (char 466)
[2026-05-16 17:42:32] [Reviewer] 第1267章审查完成，评分: N/A， verdict: N/A
[2026-05-16 17:42:32] [Reviewer] 正在审查第1278章...
[2026-05-16 17:42:32] [Reviewer] 第1245章审查完成，评分: 8.0， verdict: 需修改
[2026-05-16 17:42:33] [Reviewer] 第1269章审查完成，评分: 8.2， verdict: 通过
[2026-05-16 17:42:33] [Reviewer] 正在审查第1280章...
[2026-05-16 17:42:33] [Reviewer] 正在审查第1268章...
[2026-05-16 17:42:33] [Reviewer] 正在审查第1246章...
[2026-05-16 17:42:34] [Reviewer] 正在审查第1270章...
[2026-05-16 17:42:36] [Reviewer] 第1241章审查完成，评分: 8， verdict: 需修改
[2026-05-16 17:42:37] [Reviewer] 正在审查第1242章...
[2026-05-16 17:42:39] [Reviewer] 第1251章审查完成，评分: 7.8， verdict: 需修改
[2026-05-16 17:42:40] [Reviewer] 正在审查第1252章...
[2026-05-16 17:42:41] [Reviewer] 第1259章审查完成，评分: 8.5， verdict: 通过
[2026-05-16 17:42:41] [Reviewer] 第1255章审查完成，评分: 8.5， verdict: 需修改
[2026-05-16 17:42:42] [Reviewer] 正在审查第1260章...
[2026-05-16 17:42:42] [Reviewer] 正在审查第1256章...
[2026-05-16 17:42:44] [Reviewer] 第1261章审查完成，评分: 7.8， verdict: 需修改
[2026-05-16 17:42:45] [Reviewer] 正在审查第1262章...
[2026-05-16 17:42:47] [Reviewer] 第1247章审查完成，评分: 8， verdict: 需修改
[2026-05-16 17:42:48] [Reviewer] 正在审查第1248章...
[2026-05-16 17:42:54] [Reviewer] 第1272章审查完成，评分: 6.5， verdict: 需修改
[2026-05-16 17:42:55] [Reviewer] 第1274章审查完成，评分: 8.0， verdict: 通过
[2026-05-16 17:42:55] [Reviewer] 全部完成
[2026-05-16 17:42:56] [Reviewer] 全部完成
[2026-05-16 17:42:57] [Reviewer] 第1254章审查完成，评分: 8.0， verdict: 通过
[2026-05-16 17:42:58] [Reviewer] 全部完成
[2026-05-16 17:42:58] [Reviewer] 第1250章审查完成，评分: 8.5， verdict: 需修改
[2026-05-16 17:42:59] [Reviewer] 全部完成
[2026-05-16 17:43:00] [Reviewer] 第1276章审查完成，评分: 8.5， verdict: 通过
[2026-05-16 17:43:01] [Reviewer] 第1246章审查完成，评分: 7.5， verdict: 需修改
[2026-05-16 17:43:01] [Reviewer] 第1258章审查完成，评分: 7.8， verdict: 需修改
[2026-05-16 17:43:01] [Reviewer] 全部完成
[2026-05-16 17:43:02] [Reviewer] 全部完成
[2026-05-16 17:43:02] [Reviewer] 全部完成
[2026-05-16 17:43:08] [Reviewer] 第1266章审查完成，评分: 8.5， verdict: 通过
[2026-05-16 17:43:08] [Reviewer] 第1280章审查完成，评分: 8.2， verdict: 通过
[2026-05-16 17:43:08] [Reviewer] 第1264章审查完成，评分: 8.2， verdict: 通过
[2026-05-16 17:43:08] [Reviewer] 第1244章审查完成，评分: 7.5， verdict: 需修改
[2026-05-16 17:43:09] [Reviewer] 第1278章审查完成，评分: 8.5， verdict: 通过
[2026-05-16 17:43:09] [Reviewer] 全部完成
[2026-05-16 17:43:09] [Reviewer] 全部完成
[2026-05-16 17:43:09] [Reviewer] 全部完成
[2026-05-16 17:43:09] [Reviewer] 全部完成
[2026-05-16 17:43:10] [Reviewer] 全部完成
[2026-05-16 17:43:10] [Reviewer] 第1270章审查完成，评分: 8.5， verdict: 通过
[2026-05-16 17:43:11] [Reviewer] 全部完成
[2026-05-16 17:43:13] [Reviewer] 第1268章审查完成，评分: 8.5， verdict: 通过
[2026-05-16 17:43:14] [Reviewer] 全部完成
[2026-05-16 17:43:15] [Reviewer] 第1252章审查完成，评分: 8.5， verdict: 通过
[2026-05-16 17:43:15] [Reviewer] 第1256章审查完成，评分: 8.0， verdict: 需修改
[2026-05-16 17:43:16] [Reviewer] 全部完成
[2026-05-16 17:43:16] [Reviewer] 全部完成
[2026-05-16 17:43:18] [Reviewer] 第1260章审查完成，评分: 8.5， verdict: 通过
[2026-05-16 17:43:19] [Reviewer] 第1242章审查完成，评分: 8.5， verdict: 通过
[2026-05-16 17:43:19] [Reviewer] 全部完成
[2026-05-16 17:43:20] [Reviewer] 全部完成
[2026-05-16 17:43:21] [Reviewer] 第1262章审查完成，评分: 8.5， verdict: 通过
[2026-05-16 17:43:22] [Reviewer] 全部完成
[2026-05-16 17:43:28] [Reviewer] 第1248章审查完成，评分: 8.5， verdict: 通过
[2026-05-16 17:43:29] [Reviewer] 全部完成
[2026-05-16 17:48:09] [Reviewer] 正在审查第1281章...
[2026-05-16 17:48:09] [Reviewer] 正在审查第1287章...
[2026-05-16 17:48:09] [Reviewer] 正在审查第1283章...
[2026-05-16 17:48:09] [Reviewer] 正在审查第1285章...
[2026-05-16 17:48:09] [Reviewer] 正在审查第1291章...
[2026-05-16 17:48:09] [Reviewer] 正在审查第1289章...
[2026-05-16 17:48:09] [Reviewer] 正在审查第1295章...
[2026-05-16 17:48:09] [Reviewer] 正在审查第1301章...
[2026-05-16 17:48:09] [Reviewer] 正在审查第1293章...
[2026-05-16 17:48:09] [Reviewer] 正在审查第1299章...
[2026-05-16 17:48:09] [Reviewer] 正在审查第1307章...
[2026-05-16 17:48:09] [Reviewer] 正在审查第1309章...
[2026-05-16 17:48:09] [Reviewer] 正在审查第1305章...
[2026-05-16 17:48:09] [Reviewer] 正在审查第1303章...
[2026-05-16 17:48:09] [Reviewer] 正在审查第1297章...
[2026-05-16 17:48:09] [Reviewer] 正在审查第1315章...
[2026-05-16 17:48:09] [Reviewer] 正在审查第1311章...
[2026-05-16 17:48:09] [Reviewer] 正在审查第1313章...
[2026-05-16 17:48:09] [Reviewer] 正在审查第1319章...
[2026-05-16 17:48:09] [Reviewer] 正在审查第1317章...
[2026-05-16 17:48:36] [Reviewer] 第1313章审查完成，评分: 7.5， verdict: 需修改
[2026-05-16 17:48:37] [Reviewer] 正在审查第1314章...
[2026-05-16 17:48:37] [Reviewer] 第1309章审查完成，评分: 8.0， verdict: 需修改
[2026-05-16 17:48:38] [Reviewer] 第1319章审查完成，评分: 7.5， verdict: 通过
[2026-05-16 17:48:38] [Reviewer] 第1297章审查完成，评分: 7.4， verdict: 需修改
[2026-05-16 17:48:38] [Reviewer] 正在审查第1310章...
[2026-05-16 17:48:39] [Reviewer] 正在审查第1320章...
[2026-05-16 17:48:39] [Reviewer] 正在审查第1298章...
[2026-05-16 17:48:40] [Reviewer] 第1293章审查完成，评分: 8.5， verdict: 通过
[2026-05-16 17:48:40] [Reviewer] 第1305章审查完成，评分: 7.5， verdict: 需修改
[2026-05-16 17:48:41] [Reviewer] 正在审查第1294章...
[2026-05-16 17:48:41] [Reviewer] 正在审查第1306章...
[2026-05-16 17:48:41] [Reviewer] 第1317章审查完成，评分: 8.5， verdict: 通过
[2026-05-16 17:48:42] [Reviewer] 第1311章审查完成，评分: 8.5， verdict: 通过
[2026-05-16 17:48:42] [Reviewer] 正在审查第1318章...
[2026-05-16 17:48:43] [Reviewer] 第1281章审查完成，评分: 8.5， verdict: 通过
[2026-05-16 17:48:43] [Reviewer] 正在审查第1312章...
[2026-05-16 17:48:43] [Reviewer] 第1303章审查完成，评分: 8.5， verdict: 通过
[2026-05-16 17:48:44] [Reviewer] 第1283章审查完成，评分: 8.1， verdict: 需修改
[2026-05-16 17:48:44] [Reviewer] 第1291章审查完成，评分: 8.5， verdict: 通过
[2026-05-16 17:48:44] [Reviewer] 正在审查第1282章...
[2026-05-16 17:48:44] [Reviewer] 正在审查第1304章...
[2026-05-16 17:48:44] [Reviewer] 第1295章审查完成，评分: 7.5， verdict: 需修改
[2026-05-16 17:48:45] [Reviewer] 正在审查第1284章...
[2026-05-16 17:48:45] [Reviewer] JSON解析失败: Expecting ',' delimiter: line 22 column 9 (char 461)
[2026-05-16 17:48:45] [Reviewer] 第1315章审查完成，评分: N/A， verdict: N/A
[2026-05-16 17:48:45] [Reviewer] 第1307章审查完成，评分: 8.2， verdict: 通过
[2026-05-16 17:48:45] [Reviewer] 正在审查第1292章...
[2026-05-16 17:48:45] [Reviewer] 正在审查第1296章...
[2026-05-16 17:48:45] [Reviewer] 第1285章审查完成，评分: 8， verdict: 通过
[2026-05-16 17:48:46] [Reviewer] 正在审查第1316章...
[2026-05-16 17:48:46] [Reviewer] 正在审查第1308章...
[2026-05-16 17:48:46] [Reviewer] 第1289章审查完成，评分: 8.5， verdict: 通过
[2026-05-16 17:48:46] [Reviewer] 第1299章审查完成，评分: 8.2， verdict: 通过
[2026-05-16 17:48:46] [Reviewer] 正在审查第1286章...
[2026-05-16 17:48:46] [Reviewer] 第1301章审查完成，评分: 8.0， verdict: 通过
[2026-05-16 17:48:47] [Reviewer] 正在审查第1290章...
[2026-05-16 17:48:47] [Reviewer] 正在审查第1300章...
[2026-05-16 17:48:47] [Reviewer] 正在审查第1302章...
[2026-05-16 17:48:48] [Reviewer] 第1287章审查完成，评分: 8.5， verdict: 通过
[2026-05-16 17:48:49] [Reviewer] 正在审查第1288章...
[2026-05-16 17:49:03] [Reviewer] 第1314章审查完成，评分: 8.5， verdict: 通过
[2026-05-16 17:49:04] [Reviewer] 全部完成
[2026-05-16 17:49:08] [Reviewer] 第1310章审查完成，评分: 8.5， verdict: 需修改
[2026-05-16 17:49:09] [Reviewer] 全部完成
[2026-05-16 17:49:09] [Reviewer] 第1312章审查完成，评分: 8.5， verdict: 通过
[2026-05-16 17:49:10] [Reviewer] 全部完成
[2026-05-16 17:49:10] [Reviewer] 第1318章审查完成，评分: 8.5， verdict: 通过
[2026-05-16 17:49:11] [Reviewer] 全部完成
[2026-05-16 17:49:11] [Reviewer] 第1298章审查完成，评分: 8.5， verdict: 需修改
[2026-05-16 17:49:12] [Reviewer] 第1306章审查完成，评分: 8.5， verdict: 通过
[2026-05-16 17:49:12] [Reviewer] 第1294章审查完成，评分: 8.5， verdict: 通过
[2026-05-16 17:49:12] [Reviewer] 第1286章审查完成，评分: 8.5， verdict: 通过
[2026-05-16 17:49:12] [Reviewer] 全部完成
[2026-05-16 17:49:12] [Reviewer] 第1320章审查完成，评分: 7.8， verdict: 需修改
[2026-05-16 17:49:13] [Reviewer] 全部完成
[2026-05-16 17:49:13] [Reviewer] 第1292章审查完成，评分: 8.5， verdict: 需修改
[2026-05-16 17:49:13] [Reviewer] 全部完成
[2026-05-16 17:49:13] [Reviewer] 全部完成
[2026-05-16 17:49:13] [Reviewer] 全部完成
[2026-05-16 17:49:14] [Reviewer] 全部完成
[2026-05-16 17:49:15] [Reviewer] 第1304章审查完成，评分: 8.5， verdict: 通过
[2026-05-16 17:49:15] [Reviewer] 第1282章审查完成，评分: 8.5， verdict: 需修改
[2026-05-16 17:49:16] [Reviewer] 全部完成
[2026-05-16 17:49:16] [Reviewer] 全部完成
[2026-05-16 17:49:16] [Reviewer] 第1308章审查完成，评分: 8.5， verdict: 通过
[2026-05-16 17:49:16] [Reviewer] 第1290章审查完成，评分: 7.5， verdict: 需修改
[2026-05-16 17:49:17] [Reviewer] 第1300章审查完成，评分: 8.2， verdict: 通过
[2026-05-16 17:49:17] [Reviewer] 全部完成
[2026-05-16 17:49:17] [Reviewer] 全部完成
[2026-05-16 17:49:18] [Reviewer] 全部完成
[2026-05-16 17:49:18] [Reviewer] 第1296章审查完成，评分: 8.5， verdict: 通过
[2026-05-16 17:49:18] [Reviewer] 第1288章审查完成，评分: 8.2， verdict: 需修改
[2026-05-16 17:49:19] [Reviewer] 全部完成
[2026-05-16 17:49:19] [Reviewer] 全部完成
[2026-05-16 17:49:20] [Reviewer] 第1284章审查完成，评分: 8.5， verdict: 通过
[2026-05-16 17:49:21] [Reviewer] 全部完成
[2026-05-16 17:49:22] [Reviewer] 第1316章审查完成，评分: 7.5， verdict: 需修改
[2026-05-16 17:49:23] [Reviewer] 全部完成
[2026-05-16 17:49:26] [Reviewer] 第1302章审查完成，评分: 8.5， verdict: 通过
[2026-05-16 17:49:27] [Reviewer] 全部完成
[2026-05-16 17:52:32] [Reviewer] 正在审查第1321章...
[2026-05-16 17:52:32] [Reviewer] 正在审查第1339章...
[2026-05-16 17:52:32] [Reviewer] 正在审查第1325章...
[2026-05-16 17:52:32] [Reviewer] 正在审查第1327章...
[2026-05-16 17:52:32] [Reviewer] 正在审查第1343章...
[2026-05-16 17:52:32] [Reviewer] 正在审查第1323章...
[2026-05-16 17:52:32] [Reviewer] 正在审查第1333章...
[2026-05-16 17:52:32] [Reviewer] 正在审查第1349章...
[2026-05-16 17:52:32] [Reviewer] 正在审查第1345章...
[2026-05-16 17:52:32] [Reviewer] 正在审查第1335章...
[2026-05-16 17:52:33] [Reviewer] 正在审查第1329章...
[2026-05-16 17:52:33] [Reviewer] 正在审查第1337章...
[2026-05-16 17:52:33] [Reviewer] 正在审查第1331章...
[2026-05-16 17:52:33] [Reviewer] 正在审查第1341章...
[2026-05-16 17:52:33] [Reviewer] 正在审查第1351章...
[2026-05-16 17:52:33] [Reviewer] 正在审查第1347章...
[2026-05-16 17:52:33] [Reviewer] 正在审查第1355章...
[2026-05-16 17:52:33] [Reviewer] 正在审查第1359章...
[2026-05-16 17:52:33] [Reviewer] 正在审查第1353章...
[2026-05-16 17:52:33] [Reviewer] 正在审查第1357章...
[2026-05-16 17:52:57] [Reviewer] 第1333章审查完成，评分: 8.2， verdict: 通过
[2026-05-16 17:52:58] [Reviewer] 正在审查第1334章...
[2026-05-16 17:52:58] [Reviewer] 第1335章审查完成，评分: 7.5， verdict: 需修改
[2026-05-16 17:52:59] [Reviewer] 正在审查第1336章...
[2026-05-16 17:52:59] [Reviewer] 第1343章审查完成，评分: 7.5， verdict: 需修改
[2026-05-16 17:53:00] [Reviewer] 正在审查第1344章...
[2026-05-16 17:53:01] [Reviewer] 第1331章审查完成，评分: 7.5， verdict: 需修改
[2026-05-16 17:53:01] [Reviewer] 第1357章审查完成，评分: 8.5， verdict: 通过
[2026-05-16 17:53:02] [Reviewer] 第1321章审查完成，评分: 8.5， verdict: 通过
[2026-05-16 17:53:02] [Reviewer] 正在审查第1332章...
[2026-05-16 17:53:02] [Reviewer] 正在审查第1358章...
[2026-05-16 17:53:03] [Reviewer] 第1345章审查完成，评分: 7.5， verdict: 需修改
[2026-05-16 17:53:03] [Reviewer] 第1349章审查完成，评分: 8.5， verdict: 需修改
[2026-05-16 17:53:03] [Reviewer] 正在审查第1322章...
[2026-05-16 17:53:04] [Reviewer] 正在审查第1346章...
[2026-05-16 17:53:04] [Reviewer] 正在审查第1350章...
[2026-05-16 17:53:04] [Reviewer] 第1347章审查完成，评分: 8.5， verdict: 通过
[2026-05-16 17:53:04] [Reviewer] 第1359章审查完成，评分: 8.5， verdict: 通过
[2026-05-16 17:53:04] [Reviewer] 第1329章审查完成，评分: 8.5， verdict: 通过
[2026-05-16 17:53:05] [Reviewer] 正在审查第1348章...
[2026-05-16 17:53:05] [Reviewer] 正在审查第1360章...
[2026-05-16 17:53:05] [Reviewer] 正在审查第1330章...
[2026-05-16 17:53:05] [Reviewer] 第1325章审查完成，评分: 8.5， verdict: 通过
[2026-05-16 17:53:06] [Reviewer] 第1355章审查完成，评分: 8.0， verdict: 通过
[2026-05-16 17:53:06] [Reviewer] 第1323章审查完成，评分: 8.5， verdict: 通过
[2026-05-16 17:53:06] [Reviewer] 正在审查第1326章...
[2026-05-16 17:53:07] [Reviewer] 正在审查第1356章...
[2026-05-16 17:53:07] [Reviewer] 第1337章审查完成，评分: 8.5， verdict: 通过
[2026-05-16 17:53:07] [Reviewer] 正在审查第1324章...
[2026-05-16 17:53:08] [Reviewer] 正在审查第1338章...
[2026-05-16 17:53:10] [Reviewer] 第1351章审查完成，评分: 8.0， verdict: 通过
[2026-05-16 17:53:10] [Reviewer] 第1353章审查完成，评分: 8.5， verdict: 通过
[2026-05-16 17:53:11] [Reviewer] 正在审查第1352章...
[2026-05-16 17:53:11] [Reviewer] 正在审查第1354章...
[2026-05-16 17:53:13] [Reviewer] JSON解析失败: Expecting ',' delimiter: line 35 column 66 (char 942)
[2026-05-16 17:53:13] [Reviewer] 第1327章审查完成，评分: N/A， verdict: N/A
[2026-05-16 17:53:14] [Reviewer] 正在审查第1328章...
[2026-05-16 17:53:15] [Reviewer] 第1341章审查完成，评分: 8.0， verdict: 通过
[2026-05-16 17:53:16] [Reviewer] 正在审查第1342章...
[2026-05-16 17:53:20] [Reviewer] 第1339章审查完成，评分: 8.0， verdict: 需修改
[2026-05-16 17:53:21] [Reviewer] 正在审查第1340章...
[2026-05-16 17:53:28] [Reviewer] 第1346章审查完成，评分: 8.5， verdict: 通过
[2026-05-16 17:53:29] [Reviewer] 全部完成
[2026-05-16 17:53:30] [Reviewer] 第1336章审查完成，评分: 8.0， verdict: 通过
[2026-05-16 17:53:31] [Reviewer] 全部完成
[2026-05-16 17:53:31] [Reviewer] 第1348章审查完成，评分: 8.0， verdict: 需修改
[2026-05-16 17:53:32] [Reviewer] 第1322章审查完成，评分: 7.5， verdict: 需修改
[2026-05-16 17:53:32] [Reviewer] 全部完成
[2026-05-16 17:53:32] [Reviewer] 第1330章审查完成，评分: 7.8， verdict: 通过
[2026-05-16 17:53:33] [Reviewer] 全部完成
[2026-05-16 17:53:33] [Reviewer] 全部完成
[2026-05-16 17:53:34] [Reviewer] 第1334章审查完成，评分: 7.8， verdict: 通过
[2026-05-16 17:53:35] [Reviewer] 全部完成
[2026-05-16 17:53:35] [Reviewer] 第1338章审查完成，评分: 6.5， verdict: 需修改
[2026-05-16 17:53:36] [Reviewer] 第1326章审查完成，评分: 8.5， verdict: 通过
[2026-05-16 17:53:36] [Reviewer] 全部完成
[2026-05-16 17:53:37] [Reviewer] 全部完成
[2026-05-16 17:53:37] [Reviewer] 第1344章审查完成，评分: 8， verdict: 通过
[2026-05-16 17:53:38] [Reviewer] 全部完成
[2026-05-16 17:53:38] [Reviewer] 第1332章审查完成，评分: 7.8， verdict: 需修改
[2026-05-16 17:53:39] [Reviewer] 第1354章审查完成，评分: 8.5， verdict: 通过
[2026-05-16 17:53:39] [Reviewer] 全部完成
[2026-05-16 17:53:40] [Reviewer] 第1360章审查完成，评分: 8， verdict: 需修改
[2026-05-16 17:53:40] [Reviewer] 第1358章审查完成，评分: 8.5， verdict: 通过
[2026-05-16 17:53:40] [Reviewer] 全部完成
[2026-05-16 17:53:41] [Reviewer] 全部完成
[2026-05-16 17:53:41] [Reviewer] 全部完成
[2026-05-16 17:53:42] [Reviewer] 第1350章审查完成，评分: 7.8， verdict: 需修改
[2026-05-16 17:53:42] [Reviewer] 第1328章审查完成，评分: 8.2， verdict: 通过
[2026-05-16 17:53:43] [Reviewer] 全部完成
[2026-05-16 17:53:43] [Reviewer] 全部完成
[2026-05-16 17:53:46] [Reviewer] 第1352章审查完成，评分: 7.5， verdict: 需修改
[2026-05-16 17:53:47] [Reviewer] 第1342章审查完成，评分: 8.5， verdict: 通过
[2026-05-16 17:53:47] [Reviewer] 全部完成
[2026-05-16 17:53:48] [Reviewer] 全部完成
[2026-05-16 17:53:48] [Reviewer] 第1356章审查完成，评分: 8.5， verdict: 通过
[2026-05-16 17:53:49] [Reviewer] 全部完成
[2026-05-16 17:53:59] [Reviewer] 第1324章审查完成，评分: 8.5， verdict: 通过
[2026-05-16 17:54:00] [Reviewer] 全部完成
[2026-05-16 17:54:02] [Reviewer] 第1340章审查完成，评分: 8， verdict: 通过
[2026-05-16 17:54:03] [Reviewer] 全部完成
[2026-05-16 17:57:25] [Reviewer] 正在审查第1371章...
[2026-05-16 17:57:25] [Reviewer] 正在审查第1363章...
[2026-05-16 17:57:25] [Reviewer] 正在审查第1361章...
[2026-05-16 17:57:25] [Reviewer] 正在审查第1367章...
[2026-05-16 17:57:25] [Reviewer] 正在审查第1373章...
[2026-05-16 17:57:25] [Reviewer] 正在审查第1377章...
[2026-05-16 17:57:25] [Reviewer] 正在审查第1369章...
[2026-05-16 17:57:25] [Reviewer] 正在审查第1375章...
[2026-05-16 17:57:25] [Reviewer] 正在审查第1385章...
[2026-05-16 17:57:25] [Reviewer] 正在审查第1389章...
[2026-05-16 17:57:25] [Reviewer] 正在审查第1365章...
[2026-05-16 17:57:25] [Reviewer] 正在审查第1379章...
[2026-05-16 17:57:25] [Reviewer] 正在审查第1381章...
[2026-05-16 17:57:25] [Reviewer] 正在审查第1383章...
[2026-05-16 17:57:25] [Reviewer] 正在审查第1387章...
[2026-05-16 17:57:26] [Reviewer] 正在审查第1391章...
[2026-05-16 17:57:26] [Reviewer] 正在审查第1395章...
[2026-05-16 17:57:26] [Reviewer] 正在审查第1397章...
[2026-05-16 17:57:26] [Reviewer] 正在审查第1393章...
[2026-05-16 17:57:26] [Reviewer] 正在审查第1399章...
[2026-05-16 17:57:53] [Reviewer] 第1361章审查完成，评分: 7.8， verdict: 通过
[2026-05-16 17:57:53] [Reviewer] 第1363章审查完成，评分: 8.5， verdict: 通过
[2026-05-16 17:57:54] [Reviewer] 正在审查第1362章...
[2026-05-16 17:57:54] [Reviewer] 正在审查第1364章...
[2026-05-16 17:57:54] [Reviewer] 第1397章审查完成，评分: 8.2， verdict: 通过
[2026-05-16 17:57:54] [Reviewer] 第1373章审查完成，评分: 8.5， verdict: 需修改
[2026-05-16 17:57:55] [Reviewer] 第1369章审查完成，评分: 7.0， verdict: 需修改
[2026-05-16 17:57:55] [Reviewer] 第1379章审查完成，评分: 8.2， verdict: 通过
[2026-05-16 17:57:55] [Reviewer] 第1395章审查完成，评分: 7.5， verdict: 需修改
[2026-05-16 17:57:55] [Reviewer] 正在审查第1398章...
[2026-05-16 17:57:55] [Reviewer] 正在审查第1374章...
[2026-05-16 17:57:56] [Reviewer] 第1381章审查完成，评分: 7.5， verdict: 需修改
[2026-05-16 17:57:56] [Reviewer] 第1365章审查完成，评分: 8， verdict: 通过
[2026-05-16 17:57:56] [Reviewer] 正在审查第1370章...
[2026-05-16 17:57:56] [Reviewer] 正在审查第1380章...
[2026-05-16 17:57:56] [Reviewer] 正在审查第1396章...
[2026-05-16 17:57:57] [Reviewer] 正在审查第1382章...
[2026-05-16 17:57:57] [Reviewer] 正在审查第1366章...
[2026-05-16 17:57:58] [Reviewer] 第1385章审查完成，评分: 8.5， verdict: 通过
[2026-05-16 17:57:58] [Reviewer] 第1387章审查完成，评分: 8.5， verdict: 通过
[2026-05-16 17:57:58] [Reviewer] 第1367章审查完成，评分: 7.8， verdict: 需修改
[2026-05-16 17:57:58] [Reviewer] 第1399章审查完成，评分: 8.0， verdict: 通过
[2026-05-16 17:57:59] [Reviewer] 正在审查第1386章...
[2026-05-16 17:57:59] [Reviewer] 正在审查第1388章...
[2026-05-16 17:57:59] [Reviewer] 正在审查第1368章...
[2026-05-16 17:57:59] [Reviewer] 正在审查第1400章...
[2026-05-16 17:58:00] [Reviewer] 第1391章审查完成，评分: 8.5， verdict: 通过
[2026-05-16 17:58:01] [Reviewer] 第1393章审查完成，评分: 7.5， verdict: 需修改
[2026-05-16 17:58:01] [Reviewer] 第1371章审查完成，评分: 8.5， verdict: 通过
[2026-05-16 17:58:01] [Reviewer] 第1383章审查完成，评分: 8.5， verdict: 通过
[2026-05-16 17:58:01] [Reviewer] 正在审查第1392章...
[2026-05-16 17:58:02] [Reviewer] 正在审查第1394章...
[2026-05-16 17:58:02] [Reviewer] 正在审查第1372章...
[2026-05-16 17:58:02] [Reviewer] 正在审查第1384章...
[2026-05-16 17:58:03] [Reviewer] 第1375章审查完成，评分: 7.5， verdict: 需修改
[2026-05-16 17:58:04] [Reviewer] 第1389章审查完成，评分: 8.5， verdict: 通过
[2026-05-16 17:58:04] [Reviewer] 正在审查第1376章...
[2026-05-16 17:58:05] [Reviewer] 正在审查第1390章...
[2026-05-16 17:58:07] [Reviewer] 第1377章审查完成，评分: 7.5， verdict: 需修改
[2026-05-16 17:58:08] [Reviewer] 正在审查第1378章...
[2026-05-16 17:58:21] [Reviewer] 第1362章审查完成，评分: 6.5， verdict: 需修改
[2026-05-16 17:58:22] [Reviewer] 全部完成
[2026-05-16 17:58:22] [Reviewer] 第1366章审查完成，评分: 8.2， verdict: 通过
[2026-05-16 17:58:23] [Reviewer] 全部完成
[2026-05-16 17:58:23] [Reviewer] 第1396章审查完成，评分: 8.2， verdict: 通过
[2026-05-16 17:58:23] [Reviewer] 第1370章审查完成，评分: 8.5， verdict: 通过
[2026-05-16 17:58:24] [Reviewer] 第1398章审查完成，评分: 7.8， verdict: 通过
[2026-05-16 17:58:24] [Reviewer] 全部完成
[2026-05-16 17:58:24] [Reviewer] 全部完成
[2026-05-16 17:58:25] [Reviewer] 全部完成
[2026-05-16 17:58:25] [Reviewer] 第1374章审查完成，评分: 8.5， verdict: 需修改
[2026-05-16 17:58:26] [Reviewer] 全部完成
[2026-05-16 17:58:27] [Reviewer] JSON解析失败: Expecting ',' delimiter: line 21 column 17 (char 427)
[2026-05-16 17:58:27] [Reviewer] 第1380章审查完成，评分: N/A， verdict: N/A
[2026-05-16 17:58:27] [Reviewer] 第1392章审查完成，评分: 8.5， verdict: 通过
[2026-05-16 17:58:28] [Reviewer] 全部完成
[2026-05-16 17:58:28] [Reviewer] 全部完成
[2026-05-16 17:58:30] [Reviewer] 第1368章审查完成，评分: 8.2， verdict: 需修改
[2026-05-16 17:58:30] [Reviewer] 第1372章审查完成，评分: 8.5， verdict: 通过
[2026-05-16 17:58:30] [Reviewer] 第1388章审查完成，评分: 8.0， verdict: 通过
[2026-05-16 17:58:30] [Reviewer] 第1400章审查完成，评分: 8.3， verdict: 通过
[2026-05-16 17:58:31] [Reviewer] 全部完成
[2026-05-16 17:58:31] [Reviewer] 全部完成
[2026-05-16 17:58:31] [Reviewer] 全部完成
[2026-05-16 17:58:31] [Reviewer] 全部完成
[2026-05-16 17:58:32] [Reviewer] 第1386章审查完成，评分: 8， verdict: 通过
[2026-05-16 17:58:32] [Reviewer] 第1384章审查完成，评分: 8.5， verdict: 通过
[2026-05-16 17:58:32] [Reviewer] 第1382章审查完成，评分: 7.8， verdict: 需修改
[2026-05-16 17:58:33] [Reviewer] 全部完成
[2026-05-16 17:58:33] [Reviewer] 全部完成
[2026-05-16 17:58:33] [Reviewer] 全部完成
[2026-05-16 17:58:35] [Reviewer] 第1394章审查完成，评分: 8.5， verdict: 通过
[2026-05-16 17:58:35] [Reviewer] JSON解析失败: Expecting ',' delimiter: line 22 column 11 (char 469)
[2026-05-16 17:58:35] [Reviewer] 第1364章审查完成，评分: N/A， verdict: N/A
[2026-05-16 17:58:36] [Reviewer] 全部完成
[2026-05-16 17:58:36] [Reviewer] 第1390章审查完成，评分: 8.2， verdict: 通过
[2026-05-16 17:58:36] [Reviewer] 全部完成
[2026-05-16 17:58:37] [Reviewer] 全部完成
[2026-05-16 17:58:38] [Reviewer] 第1376章审查完成，评分: 8.5， verdict: 通过
[2026-05-16 17:58:39] [Reviewer] 全部完成
[2026-05-16 17:58:47] [Reviewer] 第1378章审查完成，评分: 8.5， verdict: 通过
[2026-05-16 17:58:48] [Reviewer] 全部完成
[2026-05-16 18:01:46] [Reviewer] 正在审查第1401章...
[2026-05-16 18:01:46] [Reviewer] 正在审查第1407章...
[2026-05-16 18:01:46] [Reviewer] 正在审查第1409章...
[2026-05-16 18:01:46] [Reviewer] 正在审查第1411章...
[2026-05-16 18:01:46] [Reviewer] 正在审查第1413章...
[2026-05-16 18:01:46] [Reviewer] 正在审查第1415章...
[2026-05-16 18:01:46] [Reviewer] 正在审查第1403章...
[2026-05-16 18:01:46] [Reviewer] 正在审查第1417章...
[2026-05-16 18:01:46] [Reviewer] 正在审查第1419章...
[2026-05-16 18:01:46] [Reviewer] 正在审查第1421章...
[2026-05-16 18:01:46] [Reviewer] 正在审查第1425章...
[2026-05-16 18:01:46] [Reviewer] 正在审查第1431章...
[2026-05-16 18:01:46] [Reviewer] 正在审查第1423章...
[2026-05-16 18:01:46] [Reviewer] 正在审查第1429章...
[2026-05-16 18:01:46] [Reviewer] 正在审查第1433章...
[2026-05-16 18:01:46] [Reviewer] 正在审查第1427章...
[2026-05-16 18:01:46] [Reviewer] 正在审查第1437章...
[2026-05-16 18:01:46] [Reviewer] 正在审查第1439章...
[2026-05-16 18:01:46] [Reviewer] 正在审查第1435章...
[2026-05-16 18:02:17] [Reviewer] 第1401章审查完成，评分: 8.5， verdict: 通过
[2026-05-16 18:02:18] [Reviewer] 正在审查第1402章...
[2026-05-16 18:02:18] [Reviewer] 第1417章审查完成，评分: 8.5， verdict: 通过
[2026-05-16 18:02:18] [Reviewer] 第1405章审查完成，评分: 7.8， verdict: 通过
[2026-05-16 18:02:19] [Reviewer] 正在审查第1418章...
[2026-05-16 18:02:19] [Reviewer] 正在审查第1406章...
[2026-05-16 18:02:20] [Reviewer] 第1427章审查完成，评分: 7.8， verdict: 需修改
[2026-05-16 18:02:20] [Reviewer] 第1419章审查完成，评分: 8， verdict: 通过
[2026-05-16 18:02:21] [Reviewer] 正在审查第1428章...
[2026-05-16 18:02:21] [Reviewer] 正在审查第1420章...
[2026-05-16 18:02:21] [Reviewer] 第1415章审查完成，评分: 8.5， verdict: 通过
[2026-05-16 18:02:22] [Reviewer] 第1421章审查完成，评分: 8.0， verdict: 需修改
[2026-05-16 18:02:22] [Reviewer] 第1411章审查完成，评分: 8.5， verdict: 通过
[2026-05-16 18:02:22] [Reviewer] 第1425章审查完成，评分: 8.5， verdict: 需修改
[2026-05-16 18:02:22] [Reviewer] 正在审查第1416章...
[2026-05-16 18:02:22] [Reviewer] JSON解析失败: Expecting ',' delimiter: line 31 column 34 (char 815)
[2026-05-16 18:02:22] [Reviewer] 第1433章审查完成，评分: N/A， verdict: N/A
[2026-05-16 18:02:23] [Reviewer] 正在审查第1422章...
[2026-05-16 18:02:23] [Reviewer] 正在审查第1412章...
[2026-05-16 18:02:23] [Reviewer] 正在审查第1426章...
[2026-05-16 18:02:23] [Reviewer] 正在审查第1434章...
[2026-05-16 18:02:23] [Reviewer] 第1439章审查完成，评分: 8.2， verdict: 通过
[2026-05-16 18:02:24] [Reviewer] 第1437章审查完成，评分: 7.5， verdict: 通过
[2026-05-16 18:02:24] [Reviewer] 第1413章审查完成，评分: 8.5， verdict: 通过
[2026-05-16 18:02:24] [Reviewer] 正在审查第1440章...
[2026-05-16 18:02:25] [Reviewer] 正在审查第1438章...
[2026-05-16 18:02:25] [Reviewer] 正在审查第1414章...
[2026-05-16 18:02:26] [Reviewer] 第1431章审查完成，评分: 8.5， verdict: 通过
[2026-05-16 18:02:27] [Reviewer] 第1423章审查完成，评分: 8.5， verdict: 通过
[2026-05-16 18:02:27] [Reviewer] 正在审查第1432章...
[2026-05-16 18:02:27] [Reviewer] 第1435章审查完成，评分: 8.5， verdict: 通过
[2026-05-16 18:02:28] [Reviewer] 正在审查第1424章...
[2026-05-16 18:02:28] [Reviewer] 第1407章审查完成，评分: 8.5， verdict: 通过
[2026-05-16 18:02:28] [Reviewer] 正在审查第1436章...
[2026-05-16 18:02:28] [Reviewer] 第1429章审查完成，评分: 8.5， verdict: 通过
[2026-05-16 18:02:28] [Reviewer] 第1403章审查完成，评分: 8.5， verdict: 通过
[2026-05-16 18:02:29] [Reviewer] 正在审查第1408章...
[2026-05-16 18:02:29] [Reviewer] 正在审查第1430章...
[2026-05-16 18:02:29] [Reviewer] 正在审查第1404章...
[2026-05-16 18:02:34] [Reviewer] 第1409章审查完成，评分: 8.5， verdict: 通过
[2026-05-16 18:02:35] [Reviewer] 正在审查第1410章...
[2026-05-16 18:02:50] [Reviewer] 第1426章审查完成，评分: 7.5， verdict: 需修改
[2026-05-16 18:02:51] [Reviewer] 全部完成
[2026-05-16 18:02:53] [Reviewer] 第1418章审查完成，评分: 7.5， verdict: 需修改
[2026-05-16 18:02:54] [Reviewer] 全部完成
[2026-05-16 18:02:56] [Reviewer] 第1428章审查完成，评分: 8.0， verdict: 通过
[2026-05-16 18:02:56] [Reviewer] JSON解析失败: Expecting ',' delimiter: line 21 column 19 (char 429)
[2026-05-16 18:02:56] [Reviewer] 第1422章审查完成，评分: N/A， verdict: N/A
[2026-05-16 18:02:57] [Reviewer] 全部完成
[2026-05-16 18:02:57] [Reviewer] 第1420章审查完成，评分: 8.5， verdict: 通过
[2026-05-16 18:02:57] [Reviewer] 全部完成
[2026-05-16 18:02:58] [Reviewer] 第1406章审查完成，评分: 8.5， verdict: 通过
[2026-05-16 18:02:58] [Reviewer] 全部完成
[2026-05-16 18:02:58] [Reviewer] 第1402章审查完成，评分: 8.5， verdict: 需修改
[2026-05-16 18:02:59] [Reviewer] 全部完成
[2026-05-16 18:02:59] [Reviewer] 第1438章审查完成，评分: 7.8， verdict: 需修改
[2026-05-16 18:02:59] [Reviewer] 全部完成
[2026-05-16 18:03:00] [Reviewer] 全部完成
[2026-05-16 18:03:00] [Reviewer] 第1414章审查完成，评分: 8.5， verdict: 通过
[2026-05-16 18:03:01] [Reviewer] 第1434章审查完成，评分: 7.8， verdict: 需修改
[2026-05-16 18:03:01] [Reviewer] 全部完成
[2026-05-16 18:03:02] [Reviewer] 全部完成
[2026-05-16 18:03:04] [Reviewer] 第1412章审查完成，评分: 8.0， verdict: 通过
[2026-05-16 18:03:05] [Reviewer] 全部完成
[2026-05-16 18:03:06] [Reviewer] 第1404章审查完成，评分: 8.0， verdict: 通过
[2026-05-16 18:03:06] [Reviewer] 第1440章审查完成，评分: 8.0， verdict: 需修改
[2026-05-16 18:03:07] [Reviewer] 全部完成
[2026-05-16 18:03:07] [Reviewer] 第1408章审查完成，评分: 8.5， verdict: 通过
[2026-05-16 18:03:07] [Reviewer] 全部完成
[2026-05-16 18:03:08] [Reviewer] 全部完成
[2026-05-16 18:03:08] [Reviewer] 第1416章审查完成，评分: 8.5， verdict: 通过
[2026-05-16 18:03:09] [Reviewer] 第1424章审查完成，评分: 8.5， verdict: 通过
[2026-05-16 18:03:09] [Reviewer] 第1430章审查完成，评分: 8.5， verdict: 通过
[2026-05-16 18:03:09] [Reviewer] 全部完成
[2026-05-16 18:03:10] [Reviewer] 全部完成
[2026-05-16 18:03:10] [Reviewer] 第1432章审查完成，评分: 7.5， verdict: 需修改
[2026-05-16 18:03:10] [Reviewer] 第1410章审查完成，评分: 8.2， verdict: 通过
[2026-05-16 18:03:10] [Reviewer] 全部完成
[2026-05-16 18:03:11] [Reviewer] 全部完成
[2026-05-16 18:03:11] [Reviewer] 全部完成
[2026-05-16 18:03:12] [Reviewer] JSON解析失败: Expecting ',' delimiter: line 22 column 34 (char 510)
[2026-05-16 18:03:12] [Reviewer] 第1436章审查完成，评分: N/A， verdict: N/A
[2026-05-16 18:03:13] [Reviewer] 全部完成
[2026-05-16 18:06:43] [Reviewer] 正在审查第1449章...
[2026-05-16 18:06:43] [Reviewer] 正在审查第1441章...
[2026-05-16 18:06:43] [Reviewer] 正在审查第1445章...
[2026-05-16 18:06:43] [Reviewer] 正在审查第1451章...
[2026-05-16 18:06:43] [Reviewer] 正在审查第1443章...
[2026-05-16 18:06:43] [Reviewer] 正在审查第1447章...
[2026-05-16 18:06:43] [Reviewer] 正在审查第1453章...
[2026-05-16 18:06:44] [Reviewer] 正在审查第1455章...
[2026-05-16 18:06:44] [Reviewer] 正在审查第1463章...
[2026-05-16 18:06:44] [Reviewer] 正在审查第1457章...
[2026-05-16 18:06:44] [Reviewer] 正在审查第1459章...
[2026-05-16 18:06:44] [Reviewer] 正在审查第1465章...
[2026-05-16 18:06:44] [Reviewer] 正在审查第1461章...
[2026-05-16 18:06:44] [Reviewer] 正在审查第1477章...
[2026-05-16 18:06:44] [Reviewer] 正在审查第1475章...
[2026-05-16 18:06:44] [Reviewer] 正在审查第1471章...
[2026-05-16 18:06:44] [Reviewer] 正在审查第1479章...
[2026-05-16 18:06:44] [Reviewer] 正在审查第1469章...
[2026-05-16 18:06:44] [Reviewer] 正在审查第1467章...
[2026-05-16 18:06:44] [Reviewer] 正在审查第1473章...
[2026-05-16 18:07:11] [Reviewer] 第1451章审查完成，评分: 8.2， verdict: 通过
[2026-05-16 18:07:12] [Reviewer] 正在审查第1452章...
[2026-05-16 18:07:12] [Reviewer] 第1443章审查完成，评分: 5.8， verdict: 需修改
[2026-05-16 18:07:13] [Reviewer] 第1473章审查完成，评分: 8.5， verdict: 通过
[2026-05-16 18:07:13] [Reviewer] 正在审查第1444章...
[2026-05-16 18:07:14] [Reviewer] 第1477章审查完成，评分: 7.8， verdict: 需修改
[2026-05-16 18:07:14] [Reviewer] 正在审查第1474章...
[2026-05-16 18:07:14] [Reviewer] 第1469章审查完成，评分: 8.5， verdict: 通过
[2026-05-16 18:07:14] [Reviewer] 第1465章审查完成，评分: 8.0， verdict: 通过
[2026-05-16 18:07:15] [Reviewer] 正在审查第1478章...
[2026-05-16 18:07:15] [Reviewer] 第1471章审查完成，评分: 8.2， verdict: 通过
[2026-05-16 18:07:15] [Reviewer] 正在审查第1470章...
[2026-05-16 18:07:15] [Reviewer] 正在审查第1466章...
[2026-05-16 18:07:16] [Reviewer] 正在审查第1472章...
[2026-05-16 18:07:16] [Reviewer] 第1441章审查完成，评分: 8.5， verdict: 需修改
[2026-05-16 18:07:16] [Reviewer] 第1479章审查完成，评分: 7.8， verdict: 需修改
[2026-05-16 18:07:17] [Reviewer] 正在审查第1442章...
[2026-05-16 18:07:17] [Reviewer] 正在审查第1480章...
[2026-05-16 18:07:17] [Reviewer] 第1457章审查完成，评分: 8.2， verdict: 通过
[2026-05-16 18:07:18] [Reviewer] 第1475章审查完成，评分: 7.5， verdict: 需修改
[2026-05-16 18:07:18] [Reviewer] 第1459章审查完成，评分: 8.5， verdict: 通过
[2026-05-16 18:07:18] [Reviewer] 正在审查第1458章...
[2026-05-16 18:07:19] [Reviewer] 第1461章审查完成，评分: 8.5， verdict: 通过
[2026-05-16 18:07:19] [Reviewer] 正在审查第1476章...
[2026-05-16 18:07:19] [Reviewer] 正在审查第1460章...
[2026-05-16 18:07:20] [Reviewer] 正在审查第1462章...
[2026-05-16 18:07:20] [Reviewer] 第1455章审查完成，评分: 7.5， verdict: 需修改
[2026-05-16 18:07:21] [Reviewer] 第1445章审查完成，评分: 8， verdict: 通过
[2026-05-16 18:07:21] [Reviewer] 正在审查第1456章...
[2026-05-16 18:07:22] [Reviewer] 正在审查第1446章...
[2026-05-16 18:07:23] [Reviewer] 第1447章审查完成，评分: 8.5， verdict: 需修改
[2026-05-16 18:07:24] [Reviewer] 正在审查第1448章...
[2026-05-16 18:07:26] [Reviewer] 第1467章审查完成，评分: 7.5， verdict: 需修改
[2026-05-16 18:07:27] [Reviewer] 正在审查第1468章...
[2026-05-16 18:07:28] [Reviewer] 第1453章审查完成，评分: 7.5， verdict: 需修改
[2026-05-16 18:07:29] [Reviewer] 正在审查第1454章...
[2026-05-16 18:07:29] [Reviewer] 第1449章审查完成，评分: 8， verdict: 通过
[2026-05-16 18:07:30] [Reviewer] 正在审查第1450章...
[2026-05-16 18:07:33] [Reviewer] 第1463章审查完成，评分: 8.0， verdict: 需修改
[2026-05-16 18:07:34] [Reviewer] 正在审查第1464章...
[2026-05-16 18:07:44] [Reviewer] 第1452章审查完成，评分: 8.0， verdict: 通过
[2026-05-16 18:07:45] [Reviewer] 全部完成
[2026-05-16 18:07:48] [Reviewer] 第1474章审查完成，评分: 8.0， verdict: 通过
[2026-05-16 18:07:49] [Reviewer] 全部完成
[2026-05-16 18:07:49] [Reviewer] 第1448章审查完成，评分: 8.2， verdict: 通过
[2026-05-16 18:07:50] [Reviewer] 第1472章审查完成，评分: 8.2， verdict: 通过
[2026-05-16 18:07:51] [Reviewer] 全部完成
[2026-05-16 18:07:51] [Reviewer] 全部完成
[2026-05-16 18:07:52] [Reviewer] 第1480章审查完成，评分: 8.2， verdict: 需修改
[2026-05-16 18:07:52] [Reviewer] 第1466章审查完成，评分: 8.5， verdict: 通过
[2026-05-16 18:07:53] [Reviewer] 全部完成
[2026-05-16 18:07:53] [Reviewer] 第1462章审查完成，评分: 8.5， verdict: 通过
[2026-05-16 18:07:53] [Reviewer] JSON解析失败: Expecting ',' delimiter: line 29 column 7 (char 710)
[2026-05-16 18:07:53] [Reviewer] 第1476章审查完成，评分: N/A， verdict: N/A
[2026-05-16 18:07:53] [Reviewer] 全部完成
[2026-05-16 18:07:54] [Reviewer] 全部完成
[2026-05-16 18:07:54] [Reviewer] 全部完成
[2026-05-16 18:07:55] [Reviewer] 第1444章审查完成，评分: 8.5， verdict: 通过
[2026-05-16 18:07:55] [Reviewer] 第1460章审查完成，评分: 8.2， verdict: 通过
[2026-05-16 18:07:56] [Reviewer] 全部完成
[2026-05-16 18:07:56] [Reviewer] 全部完成
[2026-05-16 18:07:56] [Reviewer] 第1478章审查完成，评分: 8.0， verdict: 通过
[2026-05-16 18:07:57] [Reviewer] 全部完成
[2026-05-16 18:07:58] [Reviewer] 第1468章审查完成，评分: 8.2， verdict: 通过
[2026-05-16 18:07:58] [Reviewer] 第1470章审查完成，评分: 7.5， verdict: 需修改
[2026-05-16 18:07:58] [Reviewer] 第1442章审查完成，评分: 8.5， verdict: 通过
[2026-05-16 18:07:59] [Reviewer] 全部完成
[2026-05-16 18:07:59] [Reviewer] 全部完成
[2026-05-16 18:07:59] [Reviewer] 全部完成
[2026-05-16 18:08:00] [Reviewer] 第1454章审查完成，评分: 7.5， verdict: 需修改
[2026-05-16 18:08:01] [Reviewer] 第1456章审查完成，评分: 8.5， verdict: 通过
[2026-05-16 18:08:01] [Reviewer] 全部完成
[2026-05-16 18:08:01] [Reviewer] 第1446章审查完成，评分: 8.2， verdict: 通过
[2026-05-16 18:08:02] [Reviewer] 全部完成
[2026-05-16 18:08:02] [Reviewer] 全部完成
[2026-05-16 18:08:04] [Reviewer] 第1458章审查完成，评分: 8.0， verdict: 通过
[2026-05-16 18:08:05] [Reviewer] 全部完成
[2026-05-16 18:08:10] [Reviewer] 第1464章审查完成，评分: 8.5， verdict: 通过
[2026-05-16 18:08:11] [Reviewer] 全部完成
[2026-05-16 18:08:12] [Reviewer] 第1450章审查完成，评分: 8.5， verdict: 通过
[2026-05-16 18:08:13] [Reviewer] 全部完成
[2026-05-16 18:11:01] [Reviewer] 正在审查第1483章...
[2026-05-16 18:11:01] [Reviewer] 正在审查第1481章...
[2026-05-16 18:11:01] [Reviewer] 正在审查第1489章...
[2026-05-16 18:11:01] [Reviewer] 正在审查第1491章...
[2026-05-16 18:11:01] [Reviewer] 正在审查第1487章...
[2026-05-16 18:11:01] [Reviewer] 正在审查第1485章...
[2026-05-16 18:11:01] [Reviewer] 正在审查第1495章...
[2026-05-16 18:11:01] [Reviewer] 正在审查第1501章...
[2026-05-16 18:11:02] [Reviewer] 正在审查第1493章...
[2026-05-16 18:11:02] [Reviewer] 正在审查第1497章...
[2026-05-16 18:11:02] [Reviewer] 正在审查第1499章...
[2026-05-16 18:11:02] [Reviewer] 正在审查第1503章...
[2026-05-16 18:11:02] [Reviewer] 正在审查第1515章...
[2026-05-16 18:11:02] [Reviewer] 正在审查第1505章...
[2026-05-16 18:11:02] [Reviewer] 正在审查第1517章...
[2026-05-16 18:11:02] [Reviewer] 正在审查第1509章...
[2026-05-16 18:11:02] [Reviewer] 正在审查第1511章...
[2026-05-16 18:11:02] [Reviewer] 正在审查第1507章...
[2026-05-16 18:11:02] [Reviewer] 正在审查第1513章...
[2026-05-16 18:11:02] [Reviewer] 正在审查第1519章...
[2026-05-16 18:11:26] [Reviewer] 第1483章审查完成，评分: 8.5， verdict: 通过
[2026-05-16 18:11:27] [Reviewer] 正在审查第1484章...
[2026-05-16 18:11:29] [Reviewer] 第1517章审查完成，评分: 8.5， verdict: 需修改
[2026-05-16 18:11:30] [Reviewer] 正在审查第1518章...
[2026-05-16 18:11:32] [Reviewer] 第1481章审查完成，评分: 8.0， verdict: 通过
[2026-05-16 18:11:32] [Reviewer] 第1489章审查完成，评分: 8.5， verdict: 需修改
[2026-05-16 18:11:33] [Reviewer] 正在审查第1482章...
[2026-05-16 18:11:33] [Reviewer] 第1519章审查完成，评分: 8.5， verdict: 通过
[2026-05-16 18:11:33] [Reviewer] 第1495章审查完成，评分: 8， verdict: 通过
[2026-05-16 18:11:33] [Reviewer] 第1505章审查完成，评分: 7.5， verdict: 需修改
[2026-05-16 18:11:33] [Reviewer] 正在审查第1490章...
[2026-05-16 18:11:33] [Reviewer] 第1497章审查完成，评分: 8.5， verdict: 通过
[2026-05-16 18:11:34] [Reviewer] 正在审查第1520章...
[2026-05-16 18:11:34] [Reviewer] 正在审查第1496章...
[2026-05-16 18:11:34] [Reviewer] 正在审查第1506章...
[2026-05-16 18:11:34] [Reviewer] 正在审查第1498章...
[2026-05-16 18:11:35] [Reviewer] 第1503章审查完成，评分: 7.8， verdict: 需修改
[2026-05-16 18:11:35] [Reviewer] 第1515章审查完成，评分: 7.8， verdict: 需修改
[2026-05-16 18:11:36] [Reviewer] 正在审查第1504章...
[2026-05-16 18:11:36] [Reviewer] 正在审查第1516章...
[2026-05-16 18:11:38] [Reviewer] 第1513章审查完成，评分: 7.5， verdict: 需修改
[2026-05-16 18:11:39] [Reviewer] 正在审查第1514章...
[2026-05-16 18:11:39] [Reviewer] 第1501章审查完成，评分: 8.5， verdict: 通过
[2026-05-16 18:11:39] [Reviewer] 第1499章审查完成，评分: 7.5， verdict: 需修改
[2026-05-16 18:11:39] [Reviewer] 第1487章审查完成，评分: 7.5， verdict: 需修改
[2026-05-16 18:11:40] [Reviewer] 第1511章审查完成，评分: 8.5， verdict: 通过
[2026-05-16 18:11:40] [Reviewer] 正在审查第1502章...
[2026-05-16 18:11:40] [Reviewer] 正在审查第1500章...
[2026-05-16 18:11:40] [Reviewer] 第1493章审查完成，评分: 7.5， verdict: 需修改
[2026-05-16 18:11:40] [Reviewer] 正在审查第1488章...
[2026-05-16 18:11:41] [Reviewer] 正在审查第1512章...
[2026-05-16 18:11:41] [Reviewer] 正在审查第1494章...
[2026-05-16 18:11:42] [Reviewer] 第1509章审查完成，评分: 8.5， verdict: 需修改
[2026-05-16 18:11:43] [Reviewer] 正在审查第1510章...
[2026-05-16 18:11:43] [Reviewer] 第1491章审查完成，评分: 8.5， verdict: 通过
[2026-05-16 18:11:43] [Reviewer] 第1485章审查完成，评分: 7.5， verdict: 需修改
[2026-05-16 18:11:44] [Reviewer] 正在审查第1492章...
[2026-05-16 18:11:44] [Reviewer] 正在审查第1486章...
[2026-05-16 18:11:45] [Reviewer] 第1507章审查完成，评分: 8.0， verdict: 需修改
[2026-05-16 18:11:46] [Reviewer] 正在审查第1508章...
[2026-05-16 18:11:56] [Reviewer] 第1484章审查完成，评分: 7.5， verdict: 需修改
[2026-05-16 18:11:57] [Reviewer] 全部完成
[2026-05-16 18:11:57] [Reviewer] 第1518章审查完成，评分: 7.5， verdict: 需修改
[2026-05-16 18:11:58] [Reviewer] 全部完成
[2026-05-16 18:12:01] [Reviewer] 第1506章审查完成，评分: 8.0， verdict: 需修改
[2026-05-16 18:12:02] [Reviewer] 全部完成
[2026-05-16 18:12:05] [Reviewer] 第1516章审查完成，评分: 8.5， verdict: 需修改
[2026-05-16 18:12:06] [Reviewer] 全部完成
[2026-05-16 18:12:06] [Reviewer] 第1494章审查完成，评分: 7.8， verdict: 需修改
[2026-05-16 18:12:06] [Reviewer] 第1482章审查完成，评分: 8.5， verdict: 通过
[2026-05-16 18:12:06] [Reviewer] 第1496章审查完成，评分: 7.5， verdict: 需修改
[2026-05-16 18:12:07] [Reviewer] 第1498章审查完成，评分: 8， verdict: 通过
[2026-05-16 18:12:07] [Reviewer] 全部完成
[2026-05-16 18:12:07] [Reviewer] 全部完成
[2026-05-16 18:12:07] [Reviewer] 全部完成
[2026-05-16 18:12:08] [Reviewer] 第1514章审查完成，评分: 8， verdict: 通过
[2026-05-16 18:12:08] [Reviewer] 全部完成
[2026-05-16 18:12:09] [Reviewer] 全部完成
[2026-05-16 18:12:09] [Reviewer] 第1500章审查完成，评分: 8.0， verdict: 通过
[2026-05-16 18:12:09] [Reviewer] 第1504章审查完成，评分: 7.8， verdict: 需修改
[2026-05-16 18:12:10] [Reviewer] 全部完成
[2026-05-16 18:12:10] [Reviewer] 第1492章审查完成，评分: 8.5， verdict: 通过
[2026-05-16 18:12:10] [Reviewer] 全部完成
[2026-05-16 18:12:11] [Reviewer] 全部完成
[2026-05-16 18:12:12] [Reviewer] 第1512章审查完成，评分: 7.8， verdict: 需修改
[2026-05-16 18:12:13] [Reviewer] 全部完成
[2026-05-16 18:12:14] [Reviewer] 第1510章审查完成，评分: 8.5， verdict: 通过
[2026-05-16 18:12:14] [Reviewer] 第1502章审查完成，评分: 8.5， verdict: 需修改
[2026-05-16 18:12:15] [Reviewer] 全部完成
[2026-05-16 18:12:15] [Reviewer] 第1490章审查完成，评分: 8.5， verdict: 需修改
[2026-05-16 18:12:15] [Reviewer] 全部完成
[2026-05-16 18:12:16] [Reviewer] 全部完成
[2026-05-16 18:12:18] [Reviewer] 第1520章审查完成，评分: 8.2， verdict: 需修改
[2026-05-16 18:12:19] [Reviewer] 全部完成
[2026-05-16 18:12:19] [Reviewer] 第1488章审查完成，评分: 8.5， verdict: 通过
[2026-05-16 18:12:20] [Reviewer] 全部完成
[2026-05-16 18:12:22] [Reviewer] 第1508章审查完成，评分: 8.5， verdict: 通过
[2026-05-16 18:12:23] [Reviewer] 全部完成
[2026-05-16 18:12:30] [Reviewer] 第1486章审查完成，评分: 8.5， verdict: 需修改
[2026-05-16 18:12:31] [Reviewer] 全部完成
[2026-05-16 18:16:04] [Reviewer] 正在审查第1523章...
[2026-05-16 18:16:04] [Reviewer] 正在审查第1525章...
[2026-05-16 18:16:04] [Reviewer] 正在审查第1535章...
[2026-05-16 18:16:04] [Reviewer] 正在审查第1527章...
[2026-05-16 18:16:04] [Reviewer] 正在审查第1529章...
[2026-05-16 18:16:04] [Reviewer] 正在审查第1521章...
[2026-05-16 18:16:04] [Reviewer] 正在审查第1539章...
[2026-05-16 18:16:04] [Reviewer] 正在审查第1533章...
[2026-05-16 18:16:04] [Reviewer] 正在审查第1531章...
[2026-05-16 18:16:04] [Reviewer] 正在审查第1537章...
[2026-05-16 18:16:04] [Reviewer] 正在审查第1551章...
[2026-05-16 18:16:04] [Reviewer] 正在审查第1541章...
[2026-05-16 18:16:04] [Reviewer] 正在审查第1545章...
[2026-05-16 18:16:04] [Reviewer] 正在审查第1553章...
[2026-05-16 18:16:04] [Reviewer] 正在审查第1555章...
[2026-05-16 18:16:04] [Reviewer] 正在审查第1549章...
[2026-05-16 18:16:04] [Reviewer] 正在审查第1547章...
[2026-05-16 18:16:04] [Reviewer] 正在审查第1543章...
[2026-05-16 18:16:04] [Reviewer] 正在审查第1559章...
[2026-05-16 18:16:04] [Reviewer] 正在审查第1557章...
[2026-05-16 18:16:29] [Reviewer] 第1541章审查完成，评分: 8.2， verdict: 通过
[2026-05-16 18:16:30] [Reviewer] 正在审查第1542章...
[2026-05-16 18:16:31] [Reviewer] 第1531章审查完成，评分: 8.5， verdict: 通过
[2026-05-16 18:16:32] [Reviewer] 正在审查第1532章...
[2026-05-16 18:16:33] [Reviewer] 第1549章审查完成，评分: 7.8， verdict: 需修改
[2026-05-16 18:16:34] [Reviewer] 第1557章审查完成，评分: 8.5， verdict: 通过
[2026-05-16 18:16:34] [Reviewer] 第1539章审查完成，评分: 8.0， verdict: 通过
[2026-05-16 18:16:34] [Reviewer] 第1555章审查完成，评分: 7.5， verdict: 需修改
[2026-05-16 18:16:34] [Reviewer] 第1551章审查完成，评分: 8.0， verdict: 需修改
[2026-05-16 18:16:34] [Reviewer] 第1543章审查完成，评分: 8.5， verdict: 通过
[2026-05-16 18:16:34] [Reviewer] 正在审查第1550章...
[2026-05-16 18:16:34] [Reviewer] 第1521章审查完成，评分: 7.5， verdict: 需修改
[2026-05-16 18:16:35] [Reviewer] 正在审查第1558章...
[2026-05-16 18:16:35] [Reviewer] 第1537章审查完成，评分: 8.5， verdict: 通过
[2026-05-16 18:16:35] [Reviewer] 正在审查第1540章...
[2026-05-16 18:16:35] [Reviewer] 正在审查第1556章...
[2026-05-16 18:16:35] [Reviewer] 正在审查第1552章...
[2026-05-16 18:16:35] [Reviewer] 第1547章审查完成，评分: 8.5， verdict: 需修改
[2026-05-16 18:16:35] [Reviewer] 正在审查第1544章...
[2026-05-16 18:16:35] [Reviewer] 第1527章审查完成，评分: 8.5， verdict: 通过
[2026-05-16 18:16:35] [Reviewer] 第1525章审查完成，评分: 7.5， verdict: 需修改
[2026-05-16 18:16:35] [Reviewer] 正在审查第1522章...
[2026-05-16 18:16:35] [Reviewer] 第1523章审查完成，评分: 8.5， verdict: 通过
[2026-05-16 18:16:36] [Reviewer] 正在审查第1538章...
[2026-05-16 18:16:36] [Reviewer] 正在审查第1548章...
[2026-05-16 18:16:36] [Reviewer] 第1545章审查完成，评分: 7.8， verdict: 需修改
[2026-05-16 18:16:36] [Reviewer] 正在审查第1528章...
[2026-05-16 18:16:36] [Reviewer] 正在审查第1526章...
[2026-05-16 18:16:36] [Reviewer] 正在审查第1524章...
[2026-05-16 18:16:37] [Reviewer] 正在审查第1546章...
[2026-05-16 18:16:39] [Reviewer] 第1553章审查完成，评分: 8.5， verdict: 通过
[2026-05-16 18:16:39] [Reviewer] 第1533章审查完成，评分: 8.3， verdict: 需修改
[2026-05-16 18:16:40] [Reviewer] 正在审查第1554章...
[2026-05-16 18:16:40] [Reviewer] 正在审查第1534章...
[2026-05-16 18:16:42] [Reviewer] 第1559章审查完成，评分: 8.2， verdict: 通过
[2026-05-16 18:16:43] [Reviewer] 第1529章审查完成，评分: 8.3， verdict: 通过
[2026-05-16 18:16:43] [Reviewer] 正在审查第1560章...
[2026-05-16 18:16:43] [Reviewer] 第1535章审查完成，评分: 8.5， verdict: 通过
[2026-05-16 18:16:44] [Reviewer] 正在审查第1530章...
[2026-05-16 18:16:44] [Reviewer] 正在审查第1536章...
[2026-05-16 18:16:59] [Reviewer] 第1556章审查完成，评分: 6.5， verdict: 需修改
[2026-05-16 18:17:00] [Reviewer] 第1526章审查完成，评分: 8.2， verdict: 通过
[2026-05-16 18:17:00] [Reviewer] 全部完成
[2026-05-16 18:17:01] [Reviewer] 第1552章审查完成，评分: 7.5， verdict: 需修改
[2026-05-16 18:17:01] [Reviewer] 全部完成
[2026-05-16 18:17:02] [Reviewer] 全部完成
[2026-05-16 18:17:04] [Reviewer] 第1544章审查完成，评分: 7.8， verdict: 需修改
[2026-05-16 18:17:05] [Reviewer] 全部完成
[2026-05-16 18:17:06] [Reviewer] 第1524章审查完成，评分: 7.5， verdict: 需修改
[2026-05-16 18:17:07] [Reviewer] 全部完成
[2026-05-16 18:17:08] [Reviewer] 第1522章审查完成，评分: 8.5， verdict: 通过
[2026-05-16 18:17:08] [Reviewer] 第1540章审查完成，评分: 8， verdict: 通过
[2026-05-16 18:17:09] [Reviewer] 第1542章审查完成，评分: 8.5， verdict: 通过
[2026-05-16 18:17:09] [Reviewer] 全部完成
[2026-05-16 18:17:09] [Reviewer] 全部完成
[2026-05-16 18:17:10] [Reviewer] 第1534章审查完成，评分: 8.0， verdict: 需修改
[2026-05-16 18:17:10] [Reviewer] 全部完成
[2026-05-16 18:17:10] [Reviewer] 第1532章审查完成，评分: 7.8， verdict: 需修改
[2026-05-16 18:17:10] [Reviewer] 第1558章审查完成，评分: 8.0， verdict: 通过
[2026-05-16 18:17:10] [Reviewer] 第1550章审查完成，评分: 8.5， verdict: 通过
[2026-05-16 18:17:11] [Reviewer] 全部完成
[2026-05-16 18:17:11] [Reviewer] 全部完成
[2026-05-16 18:17:11] [Reviewer] 全部完成
[2026-05-16 18:17:11] [Reviewer] 全部完成
[2026-05-16 18:17:12] [Reviewer] 第1536章审查完成，评分: 8.5， verdict: 通过
[2026-05-16 18:17:13] [Reviewer] 第1528章审查完成，评分: 8， verdict: 通过
[2026-05-16 18:17:13] [Reviewer] 全部完成
[2026-05-16 18:17:14] [Reviewer] 全部完成
[2026-05-16 18:17:14] [Reviewer] 第1538章审查完成，评分: 8.5， verdict: 通过
[2026-05-16 18:17:15] [Reviewer] 第1548章审查完成，评分: 8.5， verdict: 通过
[2026-05-16 18:17:15] [Reviewer] 全部完成
[2026-05-16 18:17:16] [Reviewer] 全部完成
[2026-05-16 18:17:19] [Reviewer] 第1554章审查完成，评分: 8.5， verdict: 通过
[2026-05-16 18:17:19] [Reviewer] 第1546章审查完成，评分: 8.5， verdict: 通过
[2026-05-16 18:17:20] [Reviewer] 全部完成
[2026-05-16 18:17:20] [Reviewer] 全部完成
[2026-05-16 18:17:20] [Reviewer] 第1560章审查完成，评分: 8， verdict: 通过
[2026-05-16 18:17:21] [Reviewer] 全部完成
[2026-05-16 18:17:23] [Reviewer] 第1530章审查完成，评分: 8.5， verdict: 需修改
[2026-05-16 18:17:24] [Reviewer] 全部完成
[2026-05-16 18:21:11] [Reviewer] 正在审查第1567章...
[2026-05-16 18:21:11] [Reviewer] 正在审查第1563章...
[2026-05-16 18:21:11] [Reviewer] 正在审查第1561章...
[2026-05-16 18:21:12] [Reviewer] 正在审查第1565章...
[2026-05-16 18:21:12] [Reviewer] 正在审查第1571章...
[2026-05-16 18:21:12] [Reviewer] 正在审查第1579章...
[2026-05-16 18:21:12] [Reviewer] 正在审查第1573章...
[2026-05-16 18:21:12] [Reviewer] 正在审查第1575章...
[2026-05-16 18:21:12] [Reviewer] 正在审查第1577章...
[2026-05-16 18:21:12] [Reviewer] 正在审查第1569章...
[2026-05-16 18:21:12] [Reviewer] 正在审查第1585章...
[2026-05-16 18:21:12] [Reviewer] 正在审查第1583章...
[2026-05-16 18:21:12] [Reviewer] 正在审查第1593章...
[2026-05-16 18:21:12] [Reviewer] 正在审查第1589章...
[2026-05-16 18:21:12] [Reviewer] 正在审查第1587章...
[2026-05-16 18:21:12] [Reviewer] 正在审查第1597章...
[2026-05-16 18:21:12] [Reviewer] 正在审查第1581章...
[2026-05-16 18:21:12] [Reviewer] 正在审查第1591章...
[2026-05-16 18:21:12] [Reviewer] 正在审查第1595章...
[2026-05-16 18:21:12] [Reviewer] 正在审查第1599章...
[2026-05-16 18:21:34] [Reviewer] 第1565章审查完成，评分: 8.5， verdict: 通过
[2026-05-16 18:21:35] [Reviewer] 正在审查第1566章...
[2026-05-16 18:21:36] [Reviewer] 第1571章审查完成，评分: 8.5， verdict: 需修改
[2026-05-16 18:21:37] [Reviewer] 正在审查第1572章...
[2026-05-16 18:21:37] [Reviewer] 第1595章审查完成，评分: 8.2， verdict: 通过
[2026-05-16 18:21:38] [Reviewer] 正在审查第1596章...
[2026-05-16 18:21:39] [Reviewer] 第1587章审查完成，评分: 8.5， verdict: 通过
[2026-05-16 18:21:40] [Reviewer] 正在审查第1588章...
[2026-05-16 18:21:40] [Reviewer] 第1573章审查完成，评分: 8.0， verdict: 通过
[2026-05-16 18:21:41] [Reviewer] 第1599章审查完成，评分: 8， verdict: 需修改
[2026-05-16 18:21:41] [Reviewer] 正在审查第1574章...
[2026-05-16 18:21:41] [Reviewer] 第1597章审查完成，评分: 8.5， verdict: 通过
[2026-05-16 18:21:42] [Reviewer] 第1581章审查完成，评分: 8.2， verdict: 通过
[2026-05-16 18:21:42] [Reviewer] 正在审查第1600章...
[2026-05-16 18:21:42] [Reviewer] 第1579章审查完成，评分: 8.5， verdict: 通过
[2026-05-16 18:21:42] [Reviewer] 第1585章审查完成，评分: 8.5， verdict: 通过
[2026-05-16 18:21:42] [Reviewer] 正在审查第1598章...
[2026-05-16 18:21:43] [Reviewer] 正在审查第1582章...
[2026-05-16 18:21:43] [Reviewer] 第1589章审查完成，评分: 8.5， verdict: 通过
[2026-05-16 18:21:43] [Reviewer] 第1583章审查完成，评分: 7.5， verdict: 需修改
[2026-05-16 18:21:43] [Reviewer] 正在审查第1580章...
[2026-05-16 18:21:43] [Reviewer] 正在审查第1586章...
[2026-05-16 18:21:44] [Reviewer] 正在审查第1590章...
[2026-05-16 18:21:44] [Reviewer] 第1569章审查完成，评分: 7.8， verdict: 需修改
[2026-05-16 18:21:44] [Reviewer] 第1591章审查完成，评分: 8.5， verdict: 通过
[2026-05-16 18:21:44] [Reviewer] 正在审查第1584章...
[2026-05-16 18:21:44] [Reviewer] 第1563章审查完成，评分: 7.8， verdict: 需修改
[2026-05-16 18:21:45] [Reviewer] 第1567章审查完成，评分: 8， verdict: 需修改
[2026-05-16 18:21:45] [Reviewer] 第1561章审查完成，评分: 7.8， verdict: 通过
[2026-05-16 18:21:45] [Reviewer] 正在审查第1570章...
[2026-05-16 18:21:45] [Reviewer] 正在审查第1592章...
[2026-05-16 18:21:45] [Reviewer] 第1575章审查完成，评分: 8.5， verdict: 通过
[2026-05-16 18:21:45] [Reviewer] 正在审查第1564章...
[2026-05-16 18:21:46] [Reviewer] 正在审查第1568章...
[2026-05-16 18:21:46] [Reviewer] 正在审查第1562章...
[2026-05-16 18:21:46] [Reviewer] 正在审查第1576章...
[2026-05-16 18:21:50] [Reviewer] 第1593章审查完成，评分: 8.5， verdict: 通过
[2026-05-16 18:21:51] [Reviewer] 正在审查第1594章...
[2026-05-16 18:21:52] [Reviewer] 第1577章审查完成，评分: 8.5， verdict: 通过
[2026-05-16 18:21:53] [Reviewer] 正在审查第1578章...
[2026-05-16 18:22:05] [Reviewer] 第1574章审查完成，评分: 7.8， verdict: 需修改
[2026-05-16 18:22:05] [Reviewer] 第1596章审查完成，评分: 6.5， verdict: 需修改
[2026-05-16 18:22:06] [Reviewer] 全部完成
[2026-05-16 18:22:06] [Reviewer] 全部完成
[2026-05-16 18:22:09] [Reviewer] 第1584章审查完成，评分: 7.5， verdict: 需修改
[2026-05-16 18:22:10] [Reviewer] 全部完成
[2026-05-16 18:22:11] [Reviewer] 第1572章审查完成，评分: 8， verdict: 通过
[2026-05-16 18:22:11] [Reviewer] 第1566章审查完成，评分: 8.5， verdict: 通过
[2026-05-16 18:22:12] [Reviewer] 第1588章审查完成，评分: 8.5， verdict: 通过
[2026-05-16 18:22:12] [Reviewer] 全部完成
[2026-05-16 18:22:12] [Reviewer] 全部完成
[2026-05-16 18:22:13] [Reviewer] 全部完成
[2026-05-16 18:22:13] [Reviewer] 第1600章审查完成，评分: 8.5， verdict: 通过
[2026-05-16 18:22:13] [Reviewer] 第1576章审查完成，评分: 7.8， verdict: 需修改
[2026-05-16 18:22:14] [Reviewer] 第1564章审查完成，评分: 7.0， verdict: 需修改
[2026-05-16 18:22:14] [Reviewer] 全部完成
[2026-05-16 18:22:14] [Reviewer] 全部完成
[2026-05-16 18:22:14] [Reviewer] 第1570章审查完成，评分: 8.5， verdict: 通过
[2026-05-16 18:22:15] [Reviewer] 全部完成
[2026-05-16 18:22:15] [Reviewer] 第1586章审查完成，评分: 8.5， verdict: 通过
[2026-05-16 18:22:15] [Reviewer] 第1580章审查完成，评分: 8.5， verdict: 通过
[2026-05-16 18:22:15] [Reviewer] 全部完成
[2026-05-16 18:22:16] [Reviewer] 全部完成
[2026-05-16 18:22:16] [Reviewer] 全部完成
[2026-05-16 18:22:18] [Reviewer] 第1592章审查完成，评分: 8.5， verdict: 通过
[2026-05-16 18:22:19] [Reviewer] 全部完成
[2026-05-16 18:22:20] [Reviewer] 第1568章审查完成，评分: 8.5， verdict: 需修改
[2026-05-16 18:22:20] [Reviewer] 第1578章审查完成，评分: 8.5， verdict: 通过
[2026-05-16 18:22:21] [Reviewer] 全部完成
[2026-05-16 18:22:21] [Reviewer] 全部完成
[2026-05-16 18:22:21] [Reviewer] 第1582章审查完成，评分: 8.3， verdict: 通过
[2026-05-16 18:22:22] [Reviewer] 第1594章审查完成，评分: 8.5， verdict: 通过
[2026-05-16 18:22:22] [Reviewer] 全部完成
[2026-05-16 18:22:23] [Reviewer] 全部完成
[2026-05-16 18:22:23] [Reviewer] 第1562章审查完成，评分: 8.5， verdict: 通过
[2026-05-16 18:22:24] [Reviewer] 全部完成
[2026-05-16 18:22:25] [Reviewer] JSON解析失败: Invalid control character at: line 40 column 84 (char 1444)
[2026-05-16 18:22:25] [Reviewer] 第1590章审查完成，评分: N/A， verdict: N/A
[2026-05-16 18:22:26] [Reviewer] 第1598章审查完成，评分: 8， verdict: 通过
[2026-05-16 18:22:26] [Reviewer] 全部完成
[2026-05-16 18:22:27] [Reviewer] 全部完成
[2026-05-16 18:25:28] [Reviewer] 正在审查第1601章...
[2026-05-16 18:25:28] [Reviewer] 正在审查第1605章...
[2026-05-16 18:25:28] [Reviewer] 正在审查第1609章...
[2026-05-16 18:25:28] [Reviewer] 正在审查第1607章...
[2026-05-16 18:25:28] [Reviewer] 正在审查第1603章...
[2026-05-16 18:25:28] [Reviewer] 正在审查第1625章...
[2026-05-16 18:25:28] [Reviewer] 正在审查第1613章...
[2026-05-16 18:25:28] [Reviewer] 正在审查第1615章...
[2026-05-16 18:25:28] [Reviewer] 正在审查第1617章...
[2026-05-16 18:25:28] [Reviewer] 正在审查第1619章...
[2026-05-16 18:25:28] [Reviewer] 正在审查第1611章...
[2026-05-16 18:25:28] [Reviewer] 正在审查第1621章...
[2026-05-16 18:25:28] [Reviewer] 正在审查第1627章...
[2026-05-16 18:25:28] [Reviewer] 正在审查第1631章...
[2026-05-16 18:25:28] [Reviewer] 正在审查第1629章...
[2026-05-16 18:25:28] [Reviewer] 正在审查第1637章...
[2026-05-16 18:25:28] [Reviewer] 正在审查第1623章...
[2026-05-16 18:25:28] [Reviewer] 正在审查第1633章...
[2026-05-16 18:25:28] [Reviewer] 正在审查第1635章...
[2026-05-16 18:25:28] [Reviewer] 正在审查第1639章...
[2026-05-16 18:25:57] [Reviewer] 第1631章审查完成，评分: 8.0， verdict: 通过
[2026-05-16 18:25:57] [Reviewer] 第1617章审查完成，评分: 8.5， verdict: 需修改
[2026-05-16 18:25:58] [Reviewer] 正在审查第1632章...
[2026-05-16 18:25:58] [Reviewer] 正在审查第1618章...
[2026-05-16 18:25:59] [Reviewer] 第1603章审查完成，评分: 7.5， verdict: 需修改
[2026-05-16 18:25:59] [Reviewer] 第1621章审查完成，评分: 7.8， verdict: 需修改
[2026-05-16 18:25:59] [Reviewer] 第1605章审查完成，评分: 8.2， verdict: 需修改
[2026-05-16 18:26:00] [Reviewer] 正在审查第1604章...
[2026-05-16 18:26:00] [Reviewer] 第1607章审查完成，评分: 7.8， verdict: 通过
[2026-05-16 18:26:00] [Reviewer] 第1635章审查完成，评分: 8.5， verdict: 通过
[2026-05-16 18:26:00] [Reviewer] 正在审查第1622章...
[2026-05-16 18:26:00] [Reviewer] JSON解析失败: Expecting ',' delimiter: line 36 column 24 (char 1009)
[2026-05-16 18:26:00] [Reviewer] 第1611章审查完成，评分: N/A， verdict: N/A
[2026-05-16 18:26:00] [Reviewer] 第1601章审查完成，评分: 8， verdict: 需修改
[2026-05-16 18:26:00] [Reviewer] 正在审查第1606章...
[2026-05-16 18:26:00] [Reviewer] 第1619章审查完成，评分: 8.0， verdict: 需修改
[2026-05-16 18:26:01] [Reviewer] 正在审查第1608章...
[2026-05-16 18:26:01] [Reviewer] 正在审查第1636章...
[2026-05-16 18:26:01] [Reviewer] 正在审查第1612章...
[2026-05-16 18:26:01] [Reviewer] 正在审查第1602章...
[2026-05-16 18:26:02] [Reviewer] 正在审查第1620章...
[2026-05-16 18:26:02] [Reviewer] 第1633章审查完成，评分: 8.0， verdict: 通过
[2026-05-16 18:26:02] [Reviewer] 第1627章审查完成，评分: 8.2， verdict: 通过
[2026-05-16 18:26:03] [Reviewer] 正在审查第1634章...
[2026-05-16 18:26:03] [Reviewer] 正在审查第1628章...
[2026-05-16 18:26:03] [Reviewer] 第1623章审查完成，评分: 8.5， verdict: 通过
[2026-05-16 18:26:04] [Reviewer] 第1613章审查完成，评分: 7.8， verdict: 需修改
[2026-05-16 18:26:04] [Reviewer] 第1615章审查完成，评分: 8.5， verdict: 需修改
[2026-05-16 18:26:04] [Reviewer] 正在审查第1624章...
[2026-05-16 18:26:05] [Reviewer] 正在审查第1614章...
[2026-05-16 18:26:05] [Reviewer] 正在审查第1616章...
[2026-05-16 18:26:05] [Reviewer] 第1625章审查完成，评分: 8.5， verdict: 通过
[2026-05-16 18:26:05] [Reviewer] 第1639章审查完成，评分: 8.5， verdict: 通过
[2026-05-16 18:26:06] [Reviewer] 第1637章审查完成，评分: 8.5， verdict: 通过
[2026-05-16 18:26:06] [Reviewer] 正在审查第1626章...
[2026-05-16 18:26:07] [Reviewer] 正在审查第1640章...
[2026-05-16 18:26:07] [Reviewer] 正在审查第1638章...
[2026-05-16 18:26:10] [Reviewer] 第1609章审查完成，评分: 8， verdict: 需修改
[2026-05-16 18:26:11] [Reviewer] 正在审查第1610章...
[2026-05-16 18:26:15] [Reviewer] 第1629章审查完成，评分: 8.5， verdict: 通过
[2026-05-16 18:26:16] [Reviewer] 正在审查第1630章...
[2026-05-16 18:26:25] [Reviewer] 第1608章审查完成，评分: 8.5， verdict: 通过
[2026-05-16 18:26:26] [Reviewer] 第1602章审查完成，评分: 8.5， verdict: 通过
[2026-05-16 18:26:26] [Reviewer] 全部完成
[2026-05-16 18:26:27] [Reviewer] 全部完成
[2026-05-16 18:26:27] [Reviewer] 第1622章审查完成，评分: 8.2， verdict: 需修改
[2026-05-16 18:26:27] [Reviewer] 第1632章审查完成，评分: 8.5， verdict: 通过
[2026-05-16 18:26:28] [Reviewer] 全部完成
[2026-05-16 18:26:28] [Reviewer] 全部完成
[2026-05-16 18:26:30] [Reviewer] 第1620章审查完成，评分: 8.2， verdict: 通过
[2026-05-16 18:26:30] [Reviewer] 第1634章审查完成，评分: 8.5， verdict: 通过
[2026-05-16 18:26:31] [Reviewer] 第1612章审查完成，评分: 8.5， verdict: 通过
[2026-05-16 18:26:31] [Reviewer] 全部完成
[2026-05-16 18:26:31] [Reviewer] 全部完成
[2026-05-16 18:26:32] [Reviewer] 全部完成
[2026-05-16 18:26:34] [Reviewer] 第1606章审查完成，评分: 8.5， verdict: 通过
[2026-05-16 18:26:34] [Reviewer] 第1626章审查完成，评分: 8， verdict: 通过
[2026-05-16 18:26:34] [Reviewer] 第1604章审查完成，评分: 8.5， verdict: 通过
[2026-05-16 18:26:35] [Reviewer] 全部完成
[2026-05-16 18:26:35] [Reviewer] 第1618章审查完成，评分: 8.0， verdict: 通过
[2026-05-16 18:26:35] [Reviewer] 全部完成
[2026-05-16 18:26:35] [Reviewer] 全部完成
[2026-05-16 18:26:35] [Reviewer] 第1636章审查完成，评分: 8.5， verdict: 需修改
[2026-05-16 18:26:36] [Reviewer] 全部完成
[2026-05-16 18:26:36] [Reviewer] 第1628章审查完成，评分: 8， verdict: 通过
[2026-05-16 18:26:36] [Reviewer] 全部完成
[2026-05-16 18:26:37] [Reviewer] 全部完成
[2026-05-16 18:26:40] [Reviewer] 第1640章审查完成，评分: 8.5， verdict: 通过
[2026-05-16 18:26:41] [Reviewer] 第1616章审查完成，评分: 8.5， verdict: 通过
[2026-05-16 18:26:41] [Reviewer] 全部完成
[2026-05-16 18:26:42] [Reviewer] 全部完成
[2026-05-16 18:26:43] [Reviewer] 第1624章审查完成，评分: 8， verdict: 需修改
[2026-05-16 18:26:43] [Reviewer] 第1638章审查完成，评分: 8.5， verdict: 通过
[2026-05-16 18:26:44] [Reviewer] 全部完成
[2026-05-16 18:26:44] [Reviewer] 全部完成
[2026-05-16 18:26:45] [Reviewer] 第1630章审查完成，评分: 8.5， verdict: 通过
[2026-05-16 18:26:45] [Reviewer] 第1614章审查完成，评分: 8， verdict: 通过
[2026-05-16 18:26:46] [Reviewer] 全部完成
[2026-05-16 18:26:46] [Reviewer] 全部完成
[2026-05-16 18:26:48] [Reviewer] 第1610章审查完成，评分: 8.3， verdict: 通过
[2026-05-16 18:26:49] [Reviewer] 全部完成
[2026-05-16 18:30:29] [Reviewer] 正在审查第1641章...
[2026-05-16 18:30:29] [Reviewer] 正在审查第1645章...
[2026-05-16 18:30:29] [Reviewer] 正在审查第1647章...
[2026-05-16 18:30:29] [Reviewer] 正在审查第1649章...
[2026-05-16 18:30:29] [Reviewer] 正在审查第1653章...
[2026-05-16 18:30:29] [Reviewer] 正在审查第1657章...
[2026-05-16 18:30:29] [Reviewer] 正在审查第1651章...
[2026-05-16 18:30:29] [Reviewer] 正在审查第1643章...
[2026-05-16 18:30:29] [Reviewer] 正在审查第1655章...
[2026-05-16 18:30:29] [Reviewer] 正在审查第1667章...
[2026-05-16 18:30:29] [Reviewer] 正在审查第1661章...
[2026-05-16 18:30:29] [Reviewer] 正在审查第1663章...
[2026-05-16 18:30:29] [Reviewer] 正在审查第1671章...
[2026-05-16 18:30:29] [Reviewer] 正在审查第1659章...
[2026-05-16 18:30:29] [Reviewer] 正在审查第1669章...
[2026-05-16 18:30:29] [Reviewer] 正在审查第1665章...
[2026-05-16 18:30:29] [Reviewer] 正在审查第1673章...
[2026-05-16 18:30:29] [Reviewer] 正在审查第1675章...
[2026-05-16 18:30:29] [Reviewer] 正在审查第1679章...
[2026-05-16 18:30:29] [Reviewer] 正在审查第1677章...
[2026-05-16 18:30:55] [Reviewer] 第1645章审查完成，评分: 8.5， verdict: 通过
[2026-05-16 18:30:56] [Reviewer] 第1651章审查完成，评分: 8.2， verdict: 需修改
[2026-05-16 18:30:56] [Reviewer] 正在审查第1646章...
[2026-05-16 18:30:57] [Reviewer] 正在审查第1652章...
[2026-05-16 18:30:59] [Reviewer] 第1671章审查完成，评分: 8.5， verdict: 通过
[2026-05-16 18:30:59] [Reviewer] 第1667章审查完成，评分: 7.5， verdict: 需修改
[2026-05-16 18:31:00] [Reviewer] 第1649章审查完成，评分: 8.5， verdict: 通过
[2026-05-16 18:31:00] [Reviewer] 第1659章审查完成，评分: 7.2， verdict: 需修改
[2026-05-16 18:31:00] [Reviewer] 第1653章审查完成，评分: 8.5， verdict: 通过
[2026-05-16 18:31:00] [Reviewer] 第1663章审查完成，评分: 8.2， verdict: 通过
[2026-05-16 18:31:00] [Reviewer] 正在审查第1672章...
[2026-05-16 18:31:01] [Reviewer] 正在审查第1668章...
[2026-05-16 18:31:01] [Reviewer] 第1675章审查完成，评分: 8.5， verdict: 通过
[2026-05-16 18:31:01] [Reviewer] 正在审查第1650章...
[2026-05-16 18:31:01] [Reviewer] 正在审查第1660章...
[2026-05-16 18:31:01] [Reviewer] 正在审查第1654章...
[2026-05-16 18:31:01] [Reviewer] 正在审查第1664章...
[2026-05-16 18:31:02] [Reviewer] 正在审查第1676章...
[2026-05-16 18:31:04] [Reviewer] 第1643章审查完成，评分: 7.8， verdict: 需修改
[2026-05-16 18:31:04] [Reviewer] 第1641章审查完成，评分: 8.0， verdict: 通过
[2026-05-16 18:31:04] [Reviewer] 第1673章审查完成，评分: 8.5， verdict: 通过
[2026-05-16 18:31:05] [Reviewer] 第1679章审查完成，评分: 8.5， verdict: 通过
[2026-05-16 18:31:05] [Reviewer] 正在审查第1644章...
[2026-05-16 18:31:05] [Reviewer] 正在审查第1642章...
[2026-05-16 18:31:05] [Reviewer] 第1647章审查完成，评分: 8.2， verdict: 通过
[2026-05-16 18:31:05] [Reviewer] 正在审查第1674章...
[2026-05-16 18:31:06] [Reviewer] 第1665章审查完成，评分: 8.5， verdict: 通过
[2026-05-16 18:31:06] [Reviewer] 正在审查第1680章...
[2026-05-16 18:31:06] [Reviewer] 正在审查第1648章...
[2026-05-16 18:31:06] [Reviewer] 第1657章审查完成，评分: 8， verdict: 需修改
[2026-05-16 18:31:07] [Reviewer] 正在审查第1666章...
[2026-05-16 18:31:07] [Reviewer] 正在审查第1658章...
[2026-05-16 18:31:08] [Reviewer] 第1669章审查完成，评分: 8.5， verdict: 通过
[2026-05-16 18:31:09] [Reviewer] 正在审查第1670章...
[2026-05-16 18:31:09] [Reviewer] 第1655章审查完成，评分: 8.5， verdict: 通过
[2026-05-16 18:31:10] [Reviewer] 正在审查第1656章...
[2026-05-16 18:31:11] [Reviewer] 第1677章审查完成，评分: 8.5， verdict: 通过
[2026-05-16 18:31:12] [Reviewer] 正在审查第1678章...
[2026-05-16 18:31:15] [Reviewer] 第1661章审查完成，评分: 8.5， verdict: 通过
[2026-05-16 18:31:16] [Reviewer] 正在审查第1662章...
[2026-05-16 18:31:17] [Reviewer] 第1646章审查完成，评分: 8.2， verdict: 需修改
[2026-05-16 18:31:18] [Reviewer] 全部完成
[2026-05-16 18:31:21] [Reviewer] 第1660章审查完成，评分: 8.2， verdict: 通过
[2026-05-16 18:31:22] [Reviewer] 全部完成
[2026-05-16 18:31:28] [Reviewer] 第1664章审查完成，评分: 8.5， verdict: 通过
[2026-05-16 18:31:28] [Reviewer] 第1672章审查完成，评分: 8， verdict: 通过
[2026-05-16 18:31:29] [Reviewer] 全部完成
[2026-05-16 18:31:29] [Reviewer] 第1676章审查完成，评分: 8.5， verdict: 通过
[2026-05-16 18:31:29] [Reviewer] 全部完成
[2026-05-16 18:31:30] [Reviewer] 第1668章审查完成，评分: 7.2， verdict: 需修改
[2026-05-16 18:31:30] [Reviewer] 第1652章审查完成，评分: 8.2， verdict: 通过
[2026-05-16 18:31:30] [Reviewer] 全部完成
[2026-05-16 18:31:31] [Reviewer] 全部完成
[2026-05-16 18:31:31] [Reviewer] 全部完成
[2026-05-16 18:31:32] [Reviewer] 第1654章审查完成，评分: 8.5， verdict: 通过
[2026-05-16 18:31:33] [Reviewer] 第1644章审查完成，评分: 7.5， verdict: 需修改
[2026-05-16 18:31:33] [Reviewer] 全部完成
[2026-05-16 18:31:34] [Reviewer] 全部完成
[2026-05-16 18:31:34] [Reviewer] 第1666章审查完成，评分: 8.5， verdict: 通过
[2026-05-16 18:31:34] [Reviewer] 第1648章审查完成，评分: 8.5， verdict: 需修改
[2026-05-16 18:31:35] [Reviewer] 全部完成
[2026-05-16 18:31:35] [Reviewer] 全部完成
[2026-05-16 18:31:37] [Reviewer] 第1658章审查完成，评分: 8.5， verdict: 需修改
[2026-05-16 18:31:38] [Reviewer] 第1674章审查完成，评分: 8.5， verdict: 通过
[2026-05-16 18:31:38] [Reviewer] 全部完成
[2026-05-16 18:31:39] [Reviewer] 全部完成
[2026-05-16 18:31:41] [Reviewer] 第1642章审查完成，评分: 8， verdict: 通过
[2026-05-16 18:31:42] [Reviewer] 第1650章审查完成，评分: 8.2， verdict: 通过
[2026-05-16 18:31:42] [Reviewer] 第1680章审查完成，评分: 8.5， verdict: 通过
[2026-05-16 18:31:42] [Reviewer] 全部完成
[2026-05-16 18:31:43] [Reviewer] 全部完成
[2026-05-16 18:31:43] [Reviewer] 全部完成
[2026-05-16 18:31:45] [Reviewer] 第1670章审查完成，评分: 8.0， verdict: 通过
[2026-05-16 18:31:46] [Reviewer] 全部完成
[2026-05-16 18:31:46] [Reviewer] 第1678章审查完成，评分: 8.0， verdict: 通过
[2026-05-16 18:31:47] [Reviewer] 第1656章审查完成，评分: 8.5， verdict: 通过
[2026-05-16 18:31:47] [Reviewer] 全部完成
[2026-05-16 18:31:48] [Reviewer] 全部完成
[2026-05-16 18:31:49] [Reviewer] 第1662章审查完成，评分: 7.5， verdict: 需修改
[2026-05-16 18:31:50] [Reviewer] 全部完成
[2026-05-16 18:35:19] [Reviewer] 正在审查第1681章...
[2026-05-16 18:35:19] [Reviewer] 正在审查第1683章...
[2026-05-16 18:35:19] [Reviewer] 正在审查第1685章...
[2026-05-16 18:35:19] [Reviewer] 正在审查第1687章...
[2026-05-16 18:35:19] [Reviewer] 正在审查第1693章...
[2026-05-16 18:35:19] [Reviewer] 正在审查第1689章...
[2026-05-16 18:35:19] [Reviewer] 正在审查第1691章...
[2026-05-16 18:35:19] [Reviewer] 正在审查第1697章...
[2026-05-16 18:35:19] [Reviewer] 正在审查第1699章...
[2026-05-16 18:35:19] [Reviewer] 正在审查第1707章...
[2026-05-16 18:35:19] [Reviewer] 正在审查第1703章...
[2026-05-16 18:35:19] [Reviewer] 正在审查第1695章...
[2026-05-16 18:35:19] [Reviewer] 正在审查第1709章...
[2026-05-16 18:35:19] [Reviewer] 正在审查第1705章...
[2026-05-16 18:35:19] [Reviewer] 正在审查第1701章...
[2026-05-16 18:35:19] [Reviewer] 正在审查第1713章...
[2026-05-16 18:35:19] [Reviewer] 正在审查第1711章...
[2026-05-16 18:35:19] [Reviewer] 正在审查第1719章...
[2026-05-16 18:35:19] [Reviewer] 正在审查第1717章...
[2026-05-16 18:35:19] [Reviewer] 正在审查第1715章...
[2026-05-16 18:35:44] [Reviewer] 第1705章审查完成，评分: 8.5， verdict: 需修改
[2026-05-16 18:35:45] [Reviewer] 正在审查第1706章...
[2026-05-16 18:35:48] [Reviewer] 第1717章审查完成，评分: 8.5， verdict: 通过
[2026-05-16 18:35:49] [Reviewer] 第1697章审查完成，评分: 7.8， verdict: 需修改
[2026-05-16 18:35:49] [Reviewer] 正在审查第1718章...
[2026-05-16 18:35:49] [Reviewer] 第1711章审查完成，评分: 8.5， verdict: 通过
[2026-05-16 18:35:50] [Reviewer] 第1707章审查完成，评分: 8.0， verdict: 通过
[2026-05-16 18:35:50] [Reviewer] 正在审查第1698章...
[2026-05-16 18:35:50] [Reviewer] 正在审查第1712章...
[2026-05-16 18:35:50] [Reviewer] 第1693章审查完成，评分: 8.5， verdict: 通过
[2026-05-16 18:35:50] [Reviewer] 第1683章审查完成，评分: 6.5， verdict: 需修改
[2026-05-16 18:35:51] [Reviewer] 正在审查第1708章...
[2026-05-16 18:35:51] [Reviewer] 第1699章审查完成，评分: 8.5， verdict: 需修改
[2026-05-16 18:35:51] [Reviewer] 第1709章审查完成，评分: 7.2， verdict: 需修改
[2026-05-16 18:35:51] [Reviewer] 正在审查第1694章...
[2026-05-16 18:35:51] [Reviewer] 正在审查第1684章...
[2026-05-16 18:35:51] [Reviewer] 第1701章审查完成，评分: 8.5， verdict: 通过
[2026-05-16 18:35:52] [Reviewer] 正在审查第1700章...
[2026-05-16 18:35:52] [Reviewer] 正在审查第1710章...
[2026-05-16 18:35:52] [Reviewer] 正在审查第1702章...
[2026-05-16 18:35:52] [Reviewer] 第1687章审查完成，评分: 8.2， verdict: 需修改
[2026-05-16 18:35:52] [Reviewer] 第1703章审查完成，评分: 8.5， verdict: 通过
[2026-05-16 18:35:53] [Reviewer] 正在审查第1688章...
[2026-05-16 18:35:53] [Reviewer] 正在审查第1704章...
[2026-05-16 18:35:54] [Reviewer] 第1681章审查完成，评分: 7.8， verdict: 需修改
[2026-05-16 18:35:55] [Reviewer] 第1695章审查完成，评分: 8.5， verdict: 通过
[2026-05-16 18:35:55] [Reviewer] 正在审查第1682章...
[2026-05-16 18:35:56] [Reviewer] 正在审查第1696章...
[2026-05-16 18:35:56] [Reviewer] 第1713章审查完成，评分: 8.3， verdict: 通过
[2026-05-16 18:35:57] [Reviewer] 第1689章审查完成，评分: 8， verdict: 通过
[2026-05-16 18:35:57] [Reviewer] 正在审查第1714章...
[2026-05-16 18:35:58] [Reviewer] 正在审查第1690章...
[2026-05-16 18:35:58] [Reviewer] 第1719章审查完成，评分: 7.8， verdict: 需修改
[2026-05-16 18:35:59] [Reviewer] 正在审查第1720章...
[2026-05-16 18:35:59] [Reviewer] 第1715章审查完成，评分: 8.5， verdict: 通过
[2026-05-16 18:36:00] [Reviewer] 正在审查第1716章...
[2026-05-16 18:36:01] [Reviewer] 第1685章审查完成，评分: 8.5， verdict: 需修改
[2026-05-16 18:36:02] [Reviewer] 正在审查第1686章...
[2026-05-16 18:36:02] [Reviewer] 第1691章审查完成，评分: 8.5， verdict: 通过
[2026-05-16 18:36:03] [Reviewer] 正在审查第1692章...
[2026-05-16 18:36:17] [Reviewer] 第1718章审查完成，评分: 8.5， verdict: 通过
[2026-05-16 18:36:18] [Reviewer] 全部完成
[2026-05-16 18:36:19] [Reviewer] 第1706章审查完成，评分: 8.5， verdict: 通过
[2026-05-16 18:36:19] [Reviewer] 第1710章审查完成，评分: 8， verdict: 需修改
[2026-05-16 18:36:20] [Reviewer] 全部完成
[2026-05-16 18:36:20] [Reviewer] 全部完成
[2026-05-16 18:36:21] [Reviewer] 第1698章审查完成，评分: 8.0， verdict: 通过
[2026-05-16 18:36:22] [Reviewer] 第1694章审查完成，评分: 8.5， verdict: 通过
[2026-05-16 18:36:22] [Reviewer] 第1712章审查完成，评分: 7.5， verdict: 需修改
[2026-05-16 18:36:22] [Reviewer] 第1702章审查完成，评分: 8.5， verdict: 通过
[2026-05-16 18:36:22] [Reviewer] 全部完成
[2026-05-16 18:36:23] [Reviewer] 全部完成
[2026-05-16 18:36:23] [Reviewer] 全部完成
[2026-05-16 18:36:23] [Reviewer] 全部完成
[2026-05-16 18:36:23] [Reviewer] 第1684章审查完成，评分: 8.5， verdict: 通过
[2026-05-16 18:36:24] [Reviewer] 第1708章审查完成，评分: 7.5， verdict: 需修改
[2026-05-16 18:36:24] [Reviewer] 全部完成
[2026-05-16 18:36:25] [Reviewer] 第1688章审查完成，评分: 7.5， verdict: 需修改
[2026-05-16 18:36:25] [Reviewer] 全部完成
[2026-05-16 18:36:26] [Reviewer] 全部完成
[2026-05-16 18:36:27] [Reviewer] 第1700章审查完成，评分: 8.2， verdict: 通过
[2026-05-16 18:36:27] [Reviewer] 第1696章审查完成，评分: 8.5， verdict: 通过
[2026-05-16 18:36:28] [Reviewer] 全部完成
[2026-05-16 18:36:28] [Reviewer] 第1716章审查完成，评分: 8.5， verdict: 通过
[2026-05-16 18:36:28] [Reviewer] 全部完成
[2026-05-16 18:36:28] [Reviewer] 第1682章审查完成，评分: 8.5， verdict: 通过
[2026-05-16 18:36:29] [Reviewer] 全部完成
[2026-05-16 18:36:29] [Reviewer] 全部完成
[2026-05-16 18:36:30] [Reviewer] 第1690章审查完成，评分: 8.5， verdict: 通过
[2026-05-16 18:36:31] [Reviewer] 全部完成
[2026-05-16 18:36:31] [Reviewer] 第1692章审查完成，评分: 7.5， verdict: 需修改
[2026-05-16 18:36:32] [Reviewer] 第1704章审查完成，评分: 8.5， verdict: 需修改
[2026-05-16 18:36:32] [Reviewer] 全部完成
[2026-05-16 18:36:33] [Reviewer] 第1714章审查完成，评分: 8.0， verdict: 需修改
[2026-05-16 18:36:33] [Reviewer] 全部完成
[2026-05-16 18:36:34] [Reviewer] 全部完成
[2026-05-16 18:36:39] [Reviewer] 第1686章审查完成，评分: 8.0， verdict: 通过
[2026-05-16 18:36:40] [Reviewer] 全部完成
[2026-05-16 18:36:41] [Reviewer] 第1720章审查完成，评分: 7.5， verdict: 需修改
[2026-05-16 18:36:42] [Reviewer] 全部完成
[2026-05-16 18:39:33] [Reviewer] 正在审查第1725章...
[2026-05-16 18:39:33] [Reviewer] 正在审查第1721章...
[2026-05-16 18:39:33] [Reviewer] 正在审查第1723章...
[2026-05-16 18:39:33] [Reviewer] 正在审查第1731章...
[2026-05-16 18:39:33] [Reviewer] 正在审查第1737章...
[2026-05-16 18:39:33] [Reviewer] 正在审查第1729章...
[2026-05-16 18:39:33] [Reviewer] 正在审查第1727章...
[2026-05-16 18:39:33] [Reviewer] 正在审查第1743章...
[2026-05-16 18:39:33] [Reviewer] 正在审查第1733章...
[2026-05-16 18:39:33] [Reviewer] 正在审查第1749章...
[2026-05-16 18:39:33] [Reviewer] 正在审查第1739章...
[2026-05-16 18:39:33] [Reviewer] 正在审查第1747章...
[2026-05-16 18:39:33] [Reviewer] 正在审查第1745章...
[2026-05-16 18:39:33] [Reviewer] 正在审查第1735章...
[2026-05-16 18:39:33] [Reviewer] 正在审查第1741章...
[2026-05-16 18:39:33] [Reviewer] 正在审查第1755章...
[2026-05-16 18:39:33] [Reviewer] 正在审查第1751章...
[2026-05-16 18:39:33] [Reviewer] 正在审查第1757章...
[2026-05-16 18:39:33] [Reviewer] 正在审查第1759章...
[2026-05-16 18:39:33] [Reviewer] 正在审查第1753章...
[2026-05-16 18:39:58] [Reviewer] 第1741章审查完成，评分: 8.2， verdict: 通过
[2026-05-16 18:39:59] [Reviewer] 正在审查第1742章...
[2026-05-16 18:40:01] [Reviewer] 第1725章审查完成，评分: 8.0， verdict: 需修改
[2026-05-16 18:40:01] [Reviewer] 第1721章审查完成，评分: 8.5， verdict: 通过
[2026-05-16 18:40:02] [Reviewer] 正在审查第1726章...
[2026-05-16 18:40:02] [Reviewer] 正在审查第1722章...
[2026-05-16 18:40:03] [Reviewer] 第1723章审查完成，评分: 8， verdict: 通过
[2026-05-16 18:40:03] [Reviewer] 第1735章审查完成，评分: 8， verdict: 通过
[2026-05-16 18:40:04] [Reviewer] 正在审查第1724章...
[2026-05-16 18:40:04] [Reviewer] 正在审查第1736章...
[2026-05-16 18:40:04] [Reviewer] 第1731章审查完成，评分: 8.5， verdict: 通过
[2026-05-16 18:40:05] [Reviewer] 第1729章审查完成，评分: 7.5， verdict: 需修改
[2026-05-16 18:40:05] [Reviewer] 第1743章审查完成，评分: 8.0， verdict: 通过
[2026-05-16 18:40:05] [Reviewer] 正在审查第1732章...
[2026-05-16 18:40:06] [Reviewer] 正在审查第1730章...
[2026-05-16 18:40:06] [Reviewer] 第1747章审查完成，评分: 7.8， verdict: 通过
[2026-05-16 18:40:06] [Reviewer] 正在审查第1744章...
[2026-05-16 18:40:06] [Reviewer] 第1753章审查完成，评分: 7.5， verdict: 需修改
[2026-05-16 18:40:07] [Reviewer] 正在审查第1748章...
[2026-05-16 18:40:07] [Reviewer] 第1739章审查完成，评分: 8.5， verdict: 通过
[2026-05-16 18:40:07] [Reviewer] 正在审查第1754章...
[2026-05-16 18:40:08] [Reviewer] 第1759章审查完成，评分: 8.2， verdict: 通过
[2026-05-16 18:40:08] [Reviewer] 正在审查第1740章...
[2026-05-16 18:40:09] [Reviewer] 第1745章审查完成，评分: 8.2， verdict: 通过
[2026-05-16 18:40:09] [Reviewer] 第1755章审查完成，评分: 7.5， verdict: 需修改
[2026-05-16 18:40:09] [Reviewer] 正在审查第1760章...
[2026-05-16 18:40:10] [Reviewer] 正在审查第1746章...
[2026-05-16 18:40:10] [Reviewer] 第1727章审查完成，评分: 8.2， verdict: 需修改
[2026-05-16 18:40:10] [Reviewer] 正在审查第1756章...
[2026-05-16 18:40:11] [Reviewer] 第1737章审查完成，评分: 8.5， verdict: 通过
[2026-05-16 18:40:11] [Reviewer] 正在审查第1728章...
[2026-05-16 18:40:12] [Reviewer] 正在审查第1738章...
[2026-05-16 18:40:13] [Reviewer] 第1749章审查完成，评分: 7.5， verdict: 需修改
[2026-05-16 18:40:14] [Reviewer] 正在审查第1750章...
[2026-05-16 18:40:15] [Reviewer] 第1733章审查完成，评分: 7.5， verdict: 需修改
[2026-05-16 18:40:15] [Reviewer] 第1757章审查完成，评分: 7.5， verdict: 需修改
[2026-05-16 18:40:16] [Reviewer] 正在审查第1734章...
[2026-05-16 18:40:16] [Reviewer] 第1751章审查完成，评分: 8.0， verdict: 需修改
[2026-05-16 18:40:16] [Reviewer] 正在审查第1758章...
[2026-05-16 18:40:17] [Reviewer] 正在审查第1752章...
[2026-05-16 18:40:25] [Reviewer] 第1722章审查完成，评分: 8.5， verdict: 通过
[2026-05-16 18:40:26] [Reviewer] 全部完成
[2026-05-16 18:40:31] [Reviewer] 第1748章审查完成，评分: 8.0， verdict: 通过
[2026-05-16 18:40:31] [Reviewer] 第1742章审查完成，评分: 8.5， verdict: 通过
[2026-05-16 18:40:32] [Reviewer] 全部完成
[2026-05-16 18:40:32] [Reviewer] 全部完成
[2026-05-16 18:40:35] [Reviewer] 第1754章审查完成，评分: 8.0， verdict: 通过
[2026-05-16 18:40:36] [Reviewer] 全部完成
[2026-05-16 18:40:37] [Reviewer] 第1736章审查完成，评分: 6.5， verdict: 需修改
[2026-05-16 18:40:38] [Reviewer] 全部完成
[2026-05-16 18:40:39] [Reviewer] 第1760章审查完成，评分: 8.5， verdict: 通过
[2026-05-16 18:40:39] [Reviewer] 第1744章审查完成，评分: 8.5， verdict: 通过
[2026-05-16 18:40:39] [Reviewer] 第1732章审查完成，评分: 8.2， verdict: 通过
[2026-05-16 18:40:40] [Reviewer] 全部完成
[2026-05-16 18:40:40] [Reviewer] 全部完成
[2026-05-16 18:40:40] [Reviewer] 第1746章审查完成，评分: 8.5， verdict: 通过
[2026-05-16 18:40:40] [Reviewer] 第1740章审查完成，评分: 8.5， verdict: 通过
[2026-05-16 18:40:40] [Reviewer] 全部完成
[2026-05-16 18:40:41] [Reviewer] 第1724章审查完成，评分: 8.5， verdict: 需修改
[2026-05-16 18:40:41] [Reviewer] 第1738章审查完成，评分: 7.5， verdict: 需修改
[2026-05-16 18:40:41] [Reviewer] 全部完成
[2026-05-16 18:40:41] [Reviewer] 全部完成
[2026-05-16 18:40:42] [Reviewer] 全部完成
[2026-05-16 18:40:42] [Reviewer] 全部完成
[2026-05-16 18:40:44] [Reviewer] 第1726章审查完成，评分: 8.5， verdict: 需修改
[2026-05-16 18:40:45] [Reviewer] 全部完成
[2026-05-16 18:40:45] [Reviewer] 第1730章审查完成，评分: 7.5， verdict: 需修改
[2026-05-16 18:40:45] [Reviewer] 第1728章审查完成，评分: 8.5， verdict: 通过
[2026-05-16 18:40:46] [Reviewer] 全部完成
[2026-05-16 18:40:47] [Reviewer] 全部完成
[2026-05-16 18:40:47] [Reviewer] 第1734章审查完成，评分: 7.8， verdict: 需修改
[2026-05-16 18:40:48] [Reviewer] 第1750章审查完成，评分: 8.5， verdict: 通过
[2026-05-16 18:40:48] [Reviewer] 第1756章审查完成，评分: 8.5， verdict: 需修改
[2026-05-16 18:40:48] [Reviewer] 全部完成
[2026-05-16 18:40:49] [Reviewer] 第1752章审查完成，评分: 8.5， verdict: 需修改
[2026-05-16 18:40:49] [Reviewer] 全部完成
[2026-05-16 18:40:49] [Reviewer] 全部完成
[2026-05-16 18:40:49] [Reviewer] 第1758章审查完成，评分: 8.2， verdict: 通过
[2026-05-16 18:40:50] [Reviewer] 全部完成
[2026-05-16 18:40:50] [Reviewer] 全部完成
[2026-05-16 18:44:32] [Reviewer] 正在审查第1761章...
[2026-05-16 18:44:32] [Reviewer] 正在审查第1765章...
[2026-05-16 18:44:32] [Reviewer] 正在审查第1767章...
[2026-05-16 18:44:32] [Reviewer] 正在审查第1769章...
[2026-05-16 18:44:32] [Reviewer] 正在审查第1775章...
[2026-05-16 18:44:32] [Reviewer] 正在审查第1763章...
[2026-05-16 18:44:32] [Reviewer] 正在审查第1773章...
[2026-05-16 18:44:32] [Reviewer] 正在审查第1771章...
[2026-05-16 18:44:32] [Reviewer] 正在审查第1779章...
[2026-05-16 18:44:32] [Reviewer] 正在审查第1791章...
[2026-05-16 18:44:32] [Reviewer] 正在审查第1777章...
[2026-05-16 18:44:32] [Reviewer] 正在审查第1793章...
[2026-05-16 18:44:32] [Reviewer] 正在审查第1799章...
[2026-05-16 18:44:32] [Reviewer] 正在审查第1785章...
[2026-05-16 18:44:32] [Reviewer] 正在审查第1781章...
[2026-05-16 18:44:32] [Reviewer] 正在审查第1783章...
[2026-05-16 18:44:32] [Reviewer] 正在审查第1789章...
[2026-05-16 18:44:32] [Reviewer] 正在审查第1797章...
[2026-05-16 18:44:32] [Reviewer] 正在审查第1787章...
[2026-05-16 18:44:32] [Reviewer] 正在审查第1795章...
[2026-05-16 18:44:57] [Reviewer] JSON解析失败: Expecting ',' delimiter: line 47 column 47 (char 1545)
[2026-05-16 18:44:57] [Reviewer] 第1761章审查完成，评分: N/A， verdict: N/A
[2026-05-16 18:44:58] [Reviewer] 正在审查第1762章...
[2026-05-16 18:45:00] [Reviewer] 第1791章审查完成，评分: 8.5， verdict: 通过
[2026-05-16 18:45:01] [Reviewer] 正在审查第1792章...
[2026-05-16 18:45:01] [Reviewer] 第1789章审查完成，评分: 8.5， verdict: 通过
[2026-05-16 18:45:01] [Reviewer] 第1771章审查完成，评分: 8.0， verdict: 通过
[2026-05-16 18:45:02] [Reviewer] 第1775章审查完成，评分: 7.5， verdict: 需修改
[2026-05-16 18:45:02] [Reviewer] 第1767章审查完成，评分: 8.5， verdict: 通过
[2026-05-16 18:45:02] [Reviewer] 第1773章审查完成，评分: 8.0， verdict: 通过
[2026-05-16 18:45:02] [Reviewer] 第1785章审查完成，评分: 8.5， verdict: 通过
[2026-05-16 18:45:02] [Reviewer] 正在审查第1790章...
[2026-05-16 18:45:02] [Reviewer] 第1765章审查完成，评分: 8.5， verdict: 通过
[2026-05-16 18:45:02] [Reviewer] 第1783章审查完成，评分: 8.5， verdict: 通过
[2026-05-16 18:45:02] [Reviewer] 正在审查第1772章...
[2026-05-16 18:45:03] [Reviewer] 正在审查第1776章...
[2026-05-16 18:45:03] [Reviewer] 正在审查第1768章...
[2026-05-16 18:45:03] [Reviewer] 正在审查第1774章...
[2026-05-16 18:45:03] [Reviewer] 正在审查第1786章...
[2026-05-16 18:45:03] [Reviewer] 正在审查第1766章...
[2026-05-16 18:45:03] [Reviewer] 第1779章审查完成，评分: 8.5， verdict: 通过
[2026-05-16 18:45:03] [Reviewer] 正在审查第1784章...
[2026-05-16 18:45:04] [Reviewer] 第1787章审查完成，评分: 8.5， verdict: 通过
[2026-05-16 18:45:04] [Reviewer] 正在审查第1780章...
[2026-05-16 18:45:04] [Reviewer] 第1781章审查完成，评分: 8.5， verdict: 通过
[2026-05-16 18:45:05] [Reviewer] 第1799章审查完成，评分: 8.5， verdict: 需修改
[2026-05-16 18:45:05] [Reviewer] 正在审查第1788章...
[2026-05-16 18:45:05] [Reviewer] 第1769章审查完成，评分: 8.5， verdict: 通过
[2026-05-16 18:45:05] [Reviewer] 正在审查第1782章...
[2026-05-16 18:45:06] [Reviewer] 第1797章审查完成，评分: 8.5， verdict: 通过
[2026-05-16 18:45:06] [Reviewer] 正在审查第1800章...
[2026-05-16 18:45:06] [Reviewer] 正在审查第1770章...
[2026-05-16 18:45:07] [Reviewer] 第1793章审查完成，评分: 7.8， verdict: 需修改
[2026-05-16 18:45:07] [Reviewer] 正在审查第1798章...
[2026-05-16 18:45:08] [Reviewer] 正在审查第1794章...
[2026-05-16 18:45:09] [Reviewer] 第1777章审查完成，评分: 8.5， verdict: 通过
[2026-05-16 18:45:09] [Reviewer] 第1763章审查完成，评分: 8.2， verdict: 通过
[2026-05-16 18:45:10] [Reviewer] 正在审查第1778章...
[2026-05-16 18:45:10] [Reviewer] 正在审查第1764章...
[2026-05-16 18:45:17] [Reviewer] 第1795章审查完成，评分: 7.8， verdict: 需修改
[2026-05-16 18:45:18] [Reviewer] 正在审查第1796章...
[2026-05-16 18:45:27] [Reviewer] 第1774章审查完成，评分: 8.0， verdict: 通过
[2026-05-16 18:45:28] [Reviewer] 全部完成
[2026-05-16 18:45:30] [Reviewer] 第1790章审查完成，评分: 8.5， verdict: 通过
[2026-05-16 18:45:30] [Reviewer] 第1768章审查完成，评分: 8.5， verdict: 通过
[2026-05-16 18:45:31] [Reviewer] 全部完成
[2026-05-16 18:45:31] [Reviewer] 第1784章审查完成，评分: 7.5， verdict: 需修改
[2026-05-16 18:45:31] [Reviewer] 全部完成
[2026-05-16 18:45:32] [Reviewer] 全部完成
[2026-05-16 18:45:32] [Reviewer] 第1776章审查完成，评分: 8.5， verdict: 通过
[2026-05-16 18:45:32] [Reviewer] 第1786章审查完成，评分: 8.5， verdict: 需修改
[2026-05-16 18:45:32] [Reviewer] 第1780章审查完成，评分: 7.8， verdict: 通过
[2026-05-16 18:45:33] [Reviewer] 第1766章审查完成，评分: 8.5， verdict: 通过
[2026-05-16 18:45:33] [Reviewer] 全部完成
[2026-05-16 18:45:33] [Reviewer] 全部完成
[2026-05-16 18:45:33] [Reviewer] 全部完成
[2026-05-16 18:45:34] [Reviewer] 全部完成
[2026-05-16 18:45:35] [Reviewer] 第1772章审查完成，评分: 8.5， verdict: 通过
[2026-05-16 18:45:36] [Reviewer] 全部完成
[2026-05-16 18:45:37] [Reviewer] 第1800章审查完成，评分: 8.5， verdict: 通过
[2026-05-16 18:45:38] [Reviewer] 全部完成
[2026-05-16 18:45:39] [Reviewer] 第1770章审查完成，评分: 8.5， verdict: 通过
[2026-05-16 18:45:39] [Reviewer] 第1782章审查完成，评分: 8.5， verdict: 通过
[2026-05-16 18:45:39] [Reviewer] 第1778章审查完成，评分: 8.5， verdict: 通过
[2026-05-16 18:45:39] [Reviewer] 第1762章审查完成，评分: 8.5， verdict: 通过
[2026-05-16 18:45:39] [Reviewer] 第1792章审查完成，评分: 8.5， verdict: 通过
[2026-05-16 18:45:40] [Reviewer] 全部完成
[2026-05-16 18:45:40] [Reviewer] 全部完成
[2026-05-16 18:45:40] [Reviewer] 全部完成
[2026-05-16 18:45:40] [Reviewer] 全部完成
[2026-05-16 18:45:40] [Reviewer] 全部完成
[2026-05-16 18:45:41] [Reviewer] 第1788章审查完成，评分: 8.5， verdict: 通过
[2026-05-16 18:45:42] [Reviewer] 全部完成
[2026-05-16 18:45:43] [Reviewer] 第1798章审查完成，评分: 8.5， verdict: 通过
[2026-05-16 18:45:43] [Reviewer] 第1764章审查完成，评分: 8.5， verdict: 通过
[2026-05-16 18:45:44] [Reviewer] 全部完成
[2026-05-16 18:45:44] [Reviewer] 全部完成
[2026-05-16 18:45:47] [Reviewer] 第1794章审查完成，评分: 8.5， verdict: 通过
[2026-05-16 18:45:48] [Reviewer] 第1796章审查完成，评分: 8.0， verdict: 通过
[2026-05-16 18:45:49] [Reviewer] 全部完成
[2026-05-16 18:45:49] [Reviewer] 全部完成
[2026-05-16 18:49:08] [Reviewer] 正在审查第1801章...
[2026-05-16 18:49:08] [Reviewer] 正在审查第1803章...
[2026-05-16 18:49:08] [Reviewer] 正在审查第1805章...
[2026-05-16 18:49:08] [Reviewer] 正在审查第1807章...
[2026-05-16 18:49:08] [Reviewer] 正在审查第1811章...
[2026-05-16 18:49:08] [Reviewer] 正在审查第1809章...
[2026-05-16 18:49:08] [Reviewer] 正在审查第1813章...
[2026-05-16 18:49:08] [Reviewer] 正在审查第1817章...
[2026-05-16 18:49:09] [Reviewer] 正在审查第1823章...
[2026-05-16 18:49:09] [Reviewer] 正在审查第1815章...
[2026-05-16 18:49:09] [Reviewer] 正在审查第1819章...
[2026-05-16 18:49:09] [Reviewer] 正在审查第1825章...
[2026-05-16 18:49:09] [Reviewer] 正在审查第1831章...
[2026-05-16 18:49:09] [Reviewer] 正在审查第1829章...
[2026-05-16 18:49:09] [Reviewer] 正在审查第1827章...
[2026-05-16 18:49:09] [Reviewer] 正在审查第1821章...
[2026-05-16 18:49:09] [Reviewer] 正在审查第1835章...
[2026-05-16 18:49:09] [Reviewer] 正在审查第1833章...
[2026-05-16 18:49:09] [Reviewer] 正在审查第1837章...
[2026-05-16 18:49:09] [Reviewer] 正在审查第1839章...
[2026-05-16 18:49:33] [Reviewer] 第1807章审查完成，评分: 7.5， verdict: 需修改
[2026-05-16 18:49:34] [Reviewer] 正在审查第1808章...
[2026-05-16 18:49:36] [Reviewer] 第1815章审查完成，评分: 7.5， verdict: 需修改
[2026-05-16 18:49:37] [Reviewer] 第1839章审查完成，评分: 8.5， verdict: 通过
[2026-05-16 18:49:37] [Reviewer] 正在审查第1816章...
[2026-05-16 18:49:37] [Reviewer] 第1827章审查完成，评分: 7.2， verdict: 需修改
[2026-05-16 18:49:37] [Reviewer] 第1833章审查完成，评分: 8.0， verdict: 通过
[2026-05-16 18:49:37] [Reviewer] 第1811章审查完成，评分: 7.8， verdict: 需修改
[2026-05-16 18:49:38] [Reviewer] 正在审查第1840章...
[2026-05-16 18:49:38] [Reviewer] 正在审查第1828章...
[2026-05-16 18:49:38] [Reviewer] 正在审查第1834章...
[2026-05-16 18:49:38] [Reviewer] 正在审查第1812章...
[2026-05-16 18:49:38] [Reviewer] 第1801章审查完成，评分: 7.5， verdict: 需修改
[2026-05-16 18:49:39] [Reviewer] 第1819章审查完成，评分: 8.5， verdict: 通过
[2026-05-16 18:49:39] [Reviewer] 正在审查第1802章...
[2026-05-16 18:49:40] [Reviewer] 正在审查第1820章...
[2026-05-16 18:49:40] [Reviewer] 第1821章审查完成，评分: 7.8， verdict: 需修改
[2026-05-16 18:49:40] [Reviewer] 第1803章审查完成，评分: 8.5， verdict: 通过
[2026-05-16 18:49:40] [Reviewer] 第1817章审查完成，评分: 8.5， verdict: 通过
[2026-05-16 18:49:41] [Reviewer] 正在审查第1822章...
[2026-05-16 18:49:41] [Reviewer] 正在审查第1804章...
[2026-05-16 18:49:41] [Reviewer] 第1829章审查完成，评分: 8.5， verdict: 通过
[2026-05-16 18:49:41] [Reviewer] 正在审查第1818章...
[2026-05-16 18:49:41] [Reviewer] 第1809章审查完成，评分: 8.5， verdict: 通过
[2026-05-16 18:49:42] [Reviewer] 正在审查第1830章...
[2026-05-16 18:49:42] [Reviewer] 正在审查第1810章...
[2026-05-16 18:49:43] [Reviewer] 第1805章审查完成，评分: 8.5， verdict: 需修改
[2026-05-16 18:49:44] [Reviewer] 正在审查第1806章...
[2026-05-16 18:49:45] [Reviewer] 第1837章审查完成，评分: 8.5， verdict: 通过
[2026-05-16 18:49:46] [Reviewer] 第1823章审查完成，评分: 8.5， verdict: 通过
[2026-05-16 18:49:46] [Reviewer] 正在审查第1838章...
[2026-05-16 18:49:47] [Reviewer] 第1835章审查完成，评分: 8.5， verdict: 通过
[2026-05-16 18:49:47] [Reviewer] 正在审查第1824章...
[2026-05-16 18:49:47] [Reviewer] 第1813章审查完成，评分: 7.5， verdict: 需修改
[2026-05-16 18:49:47] [Reviewer] 第1831章审查完成，评分: 8.5， verdict: 通过
[2026-05-16 18:49:48] [Reviewer] 正在审查第1836章...
[2026-05-16 18:49:48] [Reviewer] 正在审查第1814章...
[2026-05-16 18:49:48] [Reviewer] 正在审查第1832章...
[2026-05-16 18:49:51] [Reviewer] 第1825章审查完成，评分: 8.5， verdict: 通过
[2026-05-16 18:49:52] [Reviewer] 正在审查第1826章...
[2026-05-16 18:50:06] [Reviewer] 第1822章审查完成，评分: 8.2， verdict: 通过
[2026-05-16 18:50:07] [Reviewer] 第1802章审查完成，评分: 8.5， verdict: 需修改
[2026-05-16 18:50:07] [Reviewer] 全部完成
[2026-05-16 18:50:07] [Reviewer] 第1808章审查完成，评分: 8.5， verdict: 通过
[2026-05-16 18:50:08] [Reviewer] 全部完成
[2026-05-16 18:50:08] [Reviewer] 全部完成
[2026-05-16 18:50:08] [Reviewer] 第1840章审查完成，评分: 8.5， verdict: 通过
[2026-05-16 18:50:09] [Reviewer] 第1816章审查完成，评分: 8.0， verdict: 需修改
[2026-05-16 18:50:09] [Reviewer] 全部完成
[2026-05-16 18:50:10] [Reviewer] 全部完成
[2026-05-16 18:50:10] [Reviewer] 第1828章审查完成，评分: 8.5， verdict: 通过
[2026-05-16 18:50:11] [Reviewer] 全部完成
[2026-05-16 18:50:11] [Reviewer] 第1838章审查完成，评分: 7.5， verdict: 需修改
[2026-05-16 18:50:12] [Reviewer] 全部完成
[2026-05-16 18:50:12] [Reviewer] 第1820章审查完成，评分: 8.5， verdict: 通过
[2026-05-16 18:50:12] [Reviewer] 第1804章审查完成，评分: 7.5， verdict: 通过
[2026-05-16 18:50:13] [Reviewer] 第1830章审查完成，评分: 7.8， verdict: 需修改
[2026-05-16 18:50:13] [Reviewer] 全部完成
[2026-05-16 18:50:13] [Reviewer] 全部完成
[2026-05-16 18:50:14] [Reviewer] 全部完成
[2026-05-16 18:50:15] [Reviewer] 第1812章审查完成，评分: 8.2， verdict: 通过
[2026-05-16 18:50:15] [Reviewer] 第1818章审查完成，评分: 8.5， verdict: 通过
[2026-05-16 18:50:15] [Reviewer] 第1834章审查完成，评分: 8.2， verdict: 通过
[2026-05-16 18:50:16] [Reviewer] 第1806章审查完成，评分: 8.5， verdict: 通过
[2026-05-16 18:50:16] [Reviewer] 第1832章审查完成，评分: 8.5， verdict: 通过
[2026-05-16 18:50:16] [Reviewer] 全部完成
[2026-05-16 18:50:16] [Reviewer] 第1814章审查完成，评分: 7.5， verdict: 需修改
[2026-05-16 18:50:16] [Reviewer] 全部完成
[2026-05-16 18:50:16] [Reviewer] 全部完成
[2026-05-16 18:50:17] [Reviewer] 全部完成
[2026-05-16 18:50:17] [Reviewer] 全部完成
[2026-05-16 18:50:17] [Reviewer] 全部完成
[2026-05-16 18:50:17] [Reviewer] 第1824章审查完成，评分: 8.5， verdict: 通过
[2026-05-16 18:50:18] [Reviewer] 第1810章审查完成，评分: 7.8， verdict: 需修改
[2026-05-16 18:50:18] [Reviewer] 全部完成
[2026-05-16 18:50:19] [Reviewer] 全部完成
[2026-05-16 18:50:20] [Reviewer] 第1826章审查完成，评分: 7.8， verdict: 需修改
[2026-05-16 18:50:21] [Reviewer] 全部完成
[2026-05-16 18:50:23] [Reviewer] 第1836章审查完成，评分: 8.0， verdict: 通过
[2026-05-16 18:50:24] [Reviewer] 全部完成
[2026-05-16 18:53:24] [Reviewer] 正在审查第1841章...
[2026-05-16 18:53:24] [Reviewer] 正在审查第1843章...
[2026-05-16 18:53:24] [Reviewer] 正在审查第1847章...
[2026-05-16 18:53:24] [Reviewer] 正在审查第1845章...
[2026-05-16 18:53:24] [Reviewer] 正在审查第1851章...
[2026-05-16 18:53:24] [Reviewer] 正在审查第1849章...
[2026-05-16 18:53:24] [Reviewer] 正在审查第1853章...
[2026-05-16 18:53:24] [Reviewer] 正在审查第1855章...
[2026-05-16 18:53:24] [Reviewer] 正在审查第1863章...
[2026-05-16 18:53:24] [Reviewer] 正在审查第1859章...
[2026-05-16 18:53:24] [Reviewer] 正在审查第1857章...
[2026-05-16 18:53:24] [Reviewer] 正在审查第1869章...
[2026-05-16 18:53:24] [Reviewer] 正在审查第1867章...
[2026-05-16 18:53:24] [Reviewer] 正在审查第1873章...
[2026-05-16 18:53:24] [Reviewer] 正在审查第1865章...
[2026-05-16 18:53:24] [Reviewer] 正在审查第1877章...
[2026-05-16 18:53:24] [Reviewer] 正在审查第1861章...
[2026-05-16 18:53:24] [Reviewer] 正在审查第1879章...
[2026-05-16 18:53:24] [Reviewer] 正在审查第1871章...
[2026-05-16 18:53:24] [Reviewer] 正在审查第1875章...
[2026-05-16 18:53:46] [Reviewer] 第1873章审查完成，评分: 7.5， verdict: 需修改
[2026-05-16 18:53:47] [Reviewer] 正在审查第1874章...
[2026-05-16 18:53:52] [Reviewer] 第1845章审查完成，评分: 8.5， verdict: 通过
[2026-05-16 18:53:52] [Reviewer] 第1843章审查完成，评分: 8， verdict: 需修改
[2026-05-16 18:53:53] [Reviewer] 第1841章审查完成，评分: 8.2， verdict: 通过
[2026-05-16 18:53:53] [Reviewer] 第1861章审查完成，评分: 8.0， verdict: 通过
[2026-05-16 18:53:53] [Reviewer] 正在审查第1846章...
[2026-05-16 18:53:53] [Reviewer] 正在审查第1844章...
[2026-05-16 18:53:53] [Reviewer] 第1859章审查完成，评分: 8.5， verdict: 通过
[2026-05-16 18:53:53] [Reviewer] 第1857章审查完成，评分: 8.2， verdict: 通过
[2026-05-16 18:53:54] [Reviewer] 正在审查第1842章...
[2026-05-16 18:53:54] [Reviewer] 正在审查第1862章...
[2026-05-16 18:53:54] [Reviewer] 正在审查第1860章...
[2026-05-16 18:53:54] [Reviewer] 正在审查第1858章...
[2026-05-16 18:53:55] [Reviewer] 第1871章审查完成，评分: 8.5， verdict: 通过
[2026-05-16 18:53:55] [Reviewer] 第1853章审查完成，评分: 8.0， verdict: 通过
[2026-05-16 18:53:55] [Reviewer] 第1879章审查完成，评分: 8.5， verdict: 通过
[2026-05-16 18:53:55] [Reviewer] 第1849章审查完成，评分: 8.5， verdict: 通过
[2026-05-16 18:53:56] [Reviewer] 正在审查第1872章...
[2026-05-16 18:53:56] [Reviewer] 正在审查第1854章...
[2026-05-16 18:53:56] [Reviewer] 正在审查第1880章...
[2026-05-16 18:53:56] [Reviewer] 正在审查第1850章...
[2026-05-16 18:53:57] [Reviewer] 第1867章审查完成，评分: 8.5， verdict: 通过
[2026-05-16 18:53:57] [Reviewer] 第1877章审查完成，评分: 8.0， verdict: 通过
[2026-05-16 18:53:58] [Reviewer] 第1863章审查完成，评分: 8.0， verdict: 通过
[2026-05-16 18:53:58] [Reviewer] 第1865章审查完成，评分: 8.5， verdict: 通过
[2026-05-16 18:53:58] [Reviewer] 第1851章审查完成，评分: 8.0， verdict: 通过
[2026-05-16 18:53:58] [Reviewer] 正在审查第1868章...
[2026-05-16 18:53:58] [Reviewer] 第1855章审查完成，评分: 8.5， verdict: 通过
[2026-05-16 18:53:58] [Reviewer] 正在审查第1878章...
[2026-05-16 18:53:59] [Reviewer] 正在审查第1864章...
[2026-05-16 18:53:59] [Reviewer] 正在审查第1866章...
[2026-05-16 18:53:59] [Reviewer] 正在审查第1852章...
[2026-05-16 18:53:59] [Reviewer] 第1869章审查完成，评分: 8.5， verdict: 通过
[2026-05-16 18:53:59] [Reviewer] 正在审查第1856章...
[2026-05-16 18:54:00] [Reviewer] 正在审查第1870章...
[2026-05-16 18:54:03] [Reviewer] 第1847章审查完成，评分: 8.5， verdict: 通过
[2026-05-16 18:54:04] [Reviewer] 正在审查第1848章...
[2026-05-16 18:54:05] [Reviewer] 第1875章审查完成，评分: 8.5， verdict: 通过
[2026-05-16 18:54:06] [Reviewer] 正在审查第1876章...
[2026-05-16 18:54:16] [Reviewer] 第1846章审查完成，评分: 8.0， verdict: 需修改
[2026-05-16 18:54:17] [Reviewer] 全部完成
[2026-05-16 18:54:17] [Reviewer] 第1874章审查完成，评分: 8.5， verdict: 通过
[2026-05-16 18:54:18] [Reviewer] 全部完成
[2026-05-16 18:54:18] [Reviewer] 第1844章审查完成，评分: 8.5， verdict: 通过
[2026-05-16 18:54:19] [Reviewer] 全部完成
[2026-05-16 18:54:20] [Reviewer] 第1856章审查完成，评分: 8.5， verdict: 通过
[2026-05-16 18:54:21] [Reviewer] 全部完成
[2026-05-16 18:54:22] [Reviewer] 第1880章审查完成，评分: 8.5， verdict: 通过
[2026-05-16 18:54:23] [Reviewer] 全部完成
[2026-05-16 18:54:23] [Reviewer] 第1864章审查完成，评分: 8.5， verdict: 通过
[2026-05-16 18:54:23] [Reviewer] 第1862章审查完成，评分: 8.5， verdict: 通过
[2026-05-16 18:54:24] [Reviewer] 第1872章审查完成，评分: 8.0， verdict: 需修改
[2026-05-16 18:54:24] [Reviewer] 第1860章审查完成，评分: 8.0， verdict: 通过
[2026-05-16 18:54:24] [Reviewer] 全部完成
[2026-05-16 18:54:24] [Reviewer] 全部完成
[2026-05-16 18:54:25] [Reviewer] 全部完成
[2026-05-16 18:54:25] [Reviewer] 全部完成
[2026-05-16 18:54:26] [Reviewer] 第1858章审查完成，评分: 8.0， verdict: 通过
[2026-05-16 18:54:26] [Reviewer] 第1852章审查完成，评分: 8.5， verdict: 需修改
[2026-05-16 18:54:26] [Reviewer] 第1866章审查完成，评分: 8， verdict: 需修改
[2026-05-16 18:54:26] [Reviewer] 第1848章审查完成，评分: 8.0， verdict: 通过
[2026-05-16 18:54:27] [Reviewer] 全部完成
[2026-05-16 18:54:27] [Reviewer] 全部完成
[2026-05-16 18:54:27] [Reviewer] 全部完成
[2026-05-16 18:54:27] [Reviewer] 全部完成
[2026-05-16 18:54:29] [Reviewer] 第1870章审查完成，评分: 8.2， verdict: 通过
[2026-05-16 18:54:29] [Reviewer] 第1868章审查完成，评分: 8.5， verdict: 通过
[2026-05-16 18:54:30] [Reviewer] 全部完成
[2026-05-16 18:54:30] [Reviewer] 第1842章审查完成，评分: 8.5， verdict: 通过
[2026-05-16 18:54:30] [Reviewer] 全部完成
[2026-05-16 18:54:31] [Reviewer] 全部完成
[2026-05-16 18:54:32] [Reviewer] 第1878章审查完成，评分: 8.5， verdict: 通过
[2026-05-16 18:54:33] [Reviewer] 第1850章审查完成，评分: 8.5， verdict: 通过
[2026-05-16 18:54:33] [Reviewer] 全部完成
[2026-05-16 18:54:34] [Reviewer] 全部完成
[2026-05-16 18:54:34] [Reviewer] 第1876章审查完成，评分: 8.5， verdict: 需修改
[2026-05-16 18:54:35] [Reviewer] 全部完成
[2026-05-16 18:54:35] [Reviewer] 第1854章审查完成，评分: 8.5， verdict: 通过
[2026-05-16 18:54:36] [Reviewer] 全部完成
[2026-05-16 18:57:40] [Reviewer] 正在审查第1883章...
[2026-05-16 18:57:40] [Reviewer] 正在审查第1885章...
[2026-05-16 18:57:40] [Reviewer] 正在审查第1881章...
[2026-05-16 18:57:40] [Reviewer] 正在审查第1891章...
[2026-05-16 18:57:40] [Reviewer] 正在审查第1887章...
[2026-05-16 18:57:40] [Reviewer] 正在审查第1893章...
[2026-05-16 18:57:40] [Reviewer] 正在审查第1895章...
[2026-05-16 18:57:40] [Reviewer] 正在审查第1897章...
[2026-05-16 18:57:40] [Reviewer] 正在审查第1889章...
[2026-05-16 18:57:40] [Reviewer] 正在审查第1905章...
[2026-05-16 18:57:40] [Reviewer] 正在审查第1899章...
[2026-05-16 18:57:40] [Reviewer] 正在审查第1901章...
[2026-05-16 18:57:40] [Reviewer] 正在审查第1903章...
[2026-05-16 18:57:40] [Reviewer] 正在审查第1911章...
[2026-05-16 18:57:40] [Reviewer] 正在审查第1915章...
[2026-05-16 18:57:40] [Reviewer] 正在审查第1907章...
[2026-05-16 18:57:40] [Reviewer] 正在审查第1909章...
[2026-05-16 18:57:40] [Reviewer] 正在审查第1913章...
[2026-05-16 18:57:40] [Reviewer] 正在审查第1919章...
[2026-05-16 18:57:40] [Reviewer] 正在审查第1917章...
[2026-05-16 18:58:05] [Reviewer] 第1909章审查完成，评分: 8.5， verdict: 通过
[2026-05-16 18:58:06] [Reviewer] 正在审查第1910章...
[2026-05-16 18:58:06] [Reviewer] 第1919章审查完成，评分: 7.5， verdict: 需修改
[2026-05-16 18:58:07] [Reviewer] 正在审查第1920章...
[2026-05-16 18:58:07] [Reviewer] 第1895章审查完成，评分: 7.8， verdict: 需修改
[2026-05-16 18:58:08] [Reviewer] 正在审查第1896章...
[2026-05-16 18:58:08] [Reviewer] 第1915章审查完成，评分: 8.5， verdict: 需修改
[2026-05-16 18:58:08] [Reviewer] 第1905章审查完成，评分: 8.5， verdict: 通过
[2026-05-16 18:58:09] [Reviewer] 第1893章审查完成，评分: 8.5， verdict: 通过
[2026-05-16 18:58:09] [Reviewer] 第1903章审查完成，评分: 7.5， verdict: 需修改
[2026-05-16 18:58:09] [Reviewer] 正在审查第1916章...
[2026-05-16 18:58:09] [Reviewer] 正在审查第1906章...
[2026-05-16 18:58:10] [Reviewer] 第1881章审查完成，评分: 8.5， verdict: 通过
[2026-05-16 18:58:10] [Reviewer] 正在审查第1894章...
[2026-05-16 18:58:10] [Reviewer] 正在审查第1904章...
[2026-05-16 18:58:10] [Reviewer] 第1897章审查完成，评分: 8.5， verdict: 通过
[2026-05-16 18:58:10] [Reviewer] 第1899章审查完成，评分: 8， verdict: 通过
[2026-05-16 18:58:11] [Reviewer] 正在审查第1882章...
[2026-05-16 18:58:11] [Reviewer] 第1887章审查完成，评分: 8.0， verdict: 通过
[2026-05-16 18:58:11] [Reviewer] 正在审查第1898章...
[2026-05-16 18:58:11] [Reviewer] 第1883章审查完成，评分: 8.5， verdict: 通过
[2026-05-16 18:58:11] [Reviewer] 正在审查第1900章...
[2026-05-16 18:58:12] [Reviewer] 第1891章审查完成，评分: 8， verdict: 通过
[2026-05-16 18:58:12] [Reviewer] 第1907章审查完成，评分: 8.5， verdict: 通过
[2026-05-16 18:58:12] [Reviewer] 正在审查第1888章...
[2026-05-16 18:58:12] [Reviewer] 正在审查第1884章...
[2026-05-16 18:58:13] [Reviewer] 正在审查第1892章...
[2026-05-16 18:58:13] [Reviewer] 正在审查第1908章...
[2026-05-16 18:58:13] [Reviewer] 第1911章审查完成，评分: 8.0， verdict: 通过
[2026-05-16 18:58:13] [Reviewer] 第1917章审查完成，评分: 8.5， verdict: 通过
[2026-05-16 18:58:14] [Reviewer] 第1889章审查完成，评分: 7.8， verdict: 需修改
[2026-05-16 18:58:14] [Reviewer] 正在审查第1912章...
[2026-05-16 18:58:14] [Reviewer] 正在审查第1918章...
[2026-05-16 18:58:15] [Reviewer] 正在审查第1890章...
[2026-05-16 18:58:17] [Reviewer] 第1901章审查完成，评分: 8.5， verdict: 通过
[2026-05-16 18:58:17] [Reviewer] 第1885章审查完成，评分: 8.5， verdict: 通过
[2026-05-16 18:58:18] [Reviewer] 正在审查第1902章...
[2026-05-16 18:58:18] [Reviewer] 正在审查第1886章...
[2026-05-16 18:58:23] [Reviewer] 第1913章审查完成，评分: 8， verdict: 通过
[2026-05-16 18:58:24] [Reviewer] 正在审查第1914章...
[2026-05-16 18:58:32] [Reviewer] 第1882章审查完成，评分: 4.5， verdict: 需重写
[2026-05-16 18:58:33] [Reviewer] 全部完成
[2026-05-16 18:58:36] [Reviewer] 第1894章审查完成，评分: 8.2， verdict: 通过
[2026-05-16 18:58:37] [Reviewer] 全部完成
[2026-05-16 18:58:38] [Reviewer] 第1912章审查完成，评分: 8.5， verdict: 通过
[2026-05-16 18:58:39] [Reviewer] 第1916章审查完成，评分: 7.5， verdict: 需修改
[2026-05-16 18:58:39] [Reviewer] 第1892章审查完成，评分: 8.5， verdict: 通过
[2026-05-16 18:58:39] [Reviewer] 全部完成
[2026-05-16 18:58:40] [Reviewer] 全部完成
[2026-05-16 18:58:40] [Reviewer] 第1896章审查完成，评分: 7.5， verdict: 需修改
[2026-05-16 18:58:40] [Reviewer] 全部完成
[2026-05-16 18:58:40] [Reviewer] 第1884章审查完成，评分: 8.5， verdict: 通过
[2026-05-16 18:58:41] [Reviewer] 第1918章审查完成，评分: 7.0， verdict: 需修改
[2026-05-16 18:58:41] [Reviewer] 第1898章审查完成，评分: 8， verdict: 通过
[2026-05-16 18:58:41] [Reviewer] 全部完成
[2026-05-16 18:58:41] [Reviewer] 全部完成
[2026-05-16 18:58:41] [Reviewer] 第1890章审查完成，评分: 8.5， verdict: 需修改
[2026-05-16 18:58:42] [Reviewer] 第1886章审查完成，评分: 8.5， verdict: 需修改
[2026-05-16 18:58:42] [Reviewer] 全部完成
[2026-05-16 18:58:42] [Reviewer] 全部完成
[2026-05-16 18:58:42] [Reviewer] 全部完成
[2026-05-16 18:58:43] [Reviewer] 全部完成
[2026-05-16 18:58:43] [Reviewer] 第1920章审查完成，评分: 8.5， verdict: 需修改
[2026-05-16 18:58:43] [Reviewer] 第1906章审查完成，评分: 7.8， verdict: 通过
[2026-05-16 18:58:43] [Reviewer] 第1910章审查完成，评分: 7.8， verdict: 需修改
[2026-05-16 18:58:44] [Reviewer] 全部完成
[2026-05-16 18:58:44] [Reviewer] 全部完成
[2026-05-16 18:58:44] [Reviewer] 全部完成
[2026-05-16 18:58:46] [Reviewer] 第1888章审查完成，评分: 7.8， verdict: 需修改
[2026-05-16 18:58:47] [Reviewer] 全部完成
[2026-05-16 18:58:47] [Reviewer] 第1902章审查完成，评分: 8.5， verdict: 需修改
[2026-05-16 18:58:47] [Reviewer] 第1908章审查完成，评分: 7.8， verdict: 需修改
[2026-05-16 18:58:48] [Reviewer] 全部完成
[2026-05-16 18:58:48] [Reviewer] 第1914章审查完成，评分: 7.2， verdict: 需修改
[2026-05-16 18:58:48] [Reviewer] 全部完成
[2026-05-16 18:58:49] [Reviewer] 第1904章审查完成，评分: 8， verdict: 通过
[2026-05-16 18:58:49] [Reviewer] 全部完成
[2026-05-16 18:58:49] [Reviewer] 第1900章审查完成，评分: 8.0， verdict: 通过
[2026-05-16 18:58:50] [Reviewer] 全部完成
[2026-05-16 18:58:50] [Reviewer] 全部完成
[2026-05-16 19:02:00] [Reviewer] 正在审查第1933章...
[2026-05-16 19:02:00] [Reviewer] 正在审查第1927章...
[2026-05-16 19:02:00] [Reviewer] 正在审查第1921章...
[2026-05-16 19:02:00] [Reviewer] 正在审查第1929章...
[2026-05-16 19:02:00] [Reviewer] 正在审查第1925章...
[2026-05-16 19:02:00] [Reviewer] 正在审查第1935章...
[2026-05-16 19:02:00] [Reviewer] 正在审查第1939章...
[2026-05-16 19:02:00] [Reviewer] 正在审查第1931章...
[2026-05-16 19:02:00] [Reviewer] 正在审查第1923章...
[2026-05-16 19:02:00] [Reviewer] 正在审查第1937章...
[2026-05-16 19:02:00] [Reviewer] 正在审查第1941章...
[2026-05-16 19:02:00] [Reviewer] 正在审查第1945章...
[2026-05-16 19:02:00] [Reviewer] 正在审查第1955章...
[2026-05-16 19:02:00] [Reviewer] 正在审查第1947章...
[2026-05-16 19:02:00] [Reviewer] 正在审查第1953章...
[2026-05-16 19:02:00] [Reviewer] 正在审查第1943章...
[2026-05-16 19:02:00] [Reviewer] 正在审查第1951章...
[2026-05-16 19:02:00] [Reviewer] 正在审查第1949章...
[2026-05-16 19:02:00] [Reviewer] 正在审查第1959章...
[2026-05-16 19:02:00] [Reviewer] 正在审查第1957章...
[2026-05-16 19:02:29] [Reviewer] 第1943章审查完成，评分: 8.0， verdict: 通过
[2026-05-16 19:02:29] [Reviewer] 第1935章审查完成，评分: 8.2， verdict: 通过
[2026-05-16 19:02:30] [Reviewer] 第1941章审查完成，评分: 8.5， verdict: 需修改
[2026-05-16 19:02:30] [Reviewer] 正在审查第1944章...
[2026-05-16 19:02:30] [Reviewer] 正在审查第1936章...
[2026-05-16 19:02:30] [Reviewer] 第1953章审查完成，评分: 8.0， verdict: 需修改
[2026-05-16 19:02:31] [Reviewer] 第1931章审查完成，评分: 8.5， verdict: 通过
[2026-05-16 19:02:31] [Reviewer] 正在审查第1942章...
[2026-05-16 19:02:31] [Reviewer] 第1955章审查完成，评分: 8.0， verdict: 需修改
[2026-05-16 19:02:31] [Reviewer] 正在审查第1954章...
[2026-05-16 19:02:32] [Reviewer] 正在审查第1932章...
[2026-05-16 19:02:32] [Reviewer] 正在审查第1956章...
[2026-05-16 19:02:32] [Reviewer] 第1959章审查完成，评分: 8， verdict: 通过
[2026-05-16 19:02:33] [Reviewer] 第1945章审查完成，评分: 8.5， verdict: 通过
[2026-05-16 19:02:33] [Reviewer] 正在审查第1960章...
[2026-05-16 19:02:33] [Reviewer] 第1949章审查完成，评分: 8.5， verdict: 通过
[2026-05-16 19:02:33] [Reviewer] 第1927章审查完成，评分: 8.5， verdict: 通过
[2026-05-16 19:02:34] [Reviewer] 正在审查第1946章...
[2026-05-16 19:02:34] [Reviewer] 第1951章审查完成，评分: 8.5， verdict: 通过
[2026-05-16 19:02:34] [Reviewer] 正在审查第1950章...
[2026-05-16 19:02:34] [Reviewer] 正在审查第1928章...
[2026-05-16 19:02:35] [Reviewer] JSON解析失败: Expecting ',' delimiter: line 41 column 44 (char 1473)
[2026-05-16 19:02:35] [Reviewer] 第1937章审查完成，评分: N/A， verdict: N/A
[2026-05-16 19:02:35] [Reviewer] 第1923章审查完成，评分: 8， verdict: 通过
[2026-05-16 19:02:35] [Reviewer] 正在审查第1952章...
[2026-05-16 19:02:36] [Reviewer] 正在审查第1938章...
[2026-05-16 19:02:36] [Reviewer] 正在审查第1924章...
[2026-05-16 19:02:37] [Reviewer] JSON解析失败: Invalid control character at: line 22 column 42 (char 512)
[2026-05-16 19:02:37] [Reviewer] 第1957章审查完成，评分: N/A， verdict: N/A
[2026-05-16 19:02:37] [Reviewer] 第1933章审查完成，评分: 8.0， verdict: 需修改
[2026-05-16 19:02:38] [Reviewer] 第1925章审查完成，评分: 8.5， verdict: 通过
[2026-05-16 19:02:38] [Reviewer] 正在审查第1958章...
[2026-05-16 19:02:38] [Reviewer] 正在审查第1934章...
[2026-05-16 19:02:39] [Reviewer] 正在审查第1926章...
[2026-05-16 19:02:40] [Reviewer] 第1939章审查完成，评分: 7.5， verdict: 需修改
[2026-05-16 19:02:40] [Reviewer] 第1947章审查完成，评分: 8.2， verdict: 通过
[2026-05-16 19:02:41] [Reviewer] 正在审查第1940章...
[2026-05-16 19:02:41] [Reviewer] 正在审查第1948章...
[2026-05-16 19:02:46] [Reviewer] 第1929章审查完成，评分: 8.2， verdict: 需修改
[2026-05-16 19:02:47] [Reviewer] 正在审查第1930章...
[2026-05-16 19:02:48] [Reviewer] 第1921章审查完成，评分: 8.5， verdict: 通过
[2026-05-16 19:02:49] [Reviewer] 正在审查第1922章...
[2026-05-16 19:02:55] [Reviewer] 第1950章审查完成，评分: 7.5， verdict: 需修改
[2026-05-16 19:02:56] [Reviewer] 全部完成
[2026-05-16 19:02:58] [Reviewer] 第1954章审查完成，评分: 7.5， verdict: 需修改
[2026-05-16 19:02:59] [Reviewer] 全部完成
[2026-05-16 19:03:01] [Reviewer] 第1944章审查完成，评分: 7.5， verdict: 需修改
[2026-05-16 19:03:01] [Reviewer] 第1936章审查完成，评分: 7.5， verdict: 需修改
[2026-05-16 19:03:01] [Reviewer] 第1938章审查完成，评分: 8.2， verdict: 需修改
[2026-05-16 19:03:02] [Reviewer] 第1946章审查完成，评分: 8.5， verdict: 通过
[2026-05-16 19:03:02] [Reviewer] 第1956章审查完成，评分: 8， verdict: 通过
[2026-05-16 19:03:02] [Reviewer] 全部完成
[2026-05-16 19:03:02] [Reviewer] 全部完成
[2026-05-16 19:03:02] [Reviewer] 第1942章审查完成，评分: 8.5， verdict: 需修改
[2026-05-16 19:03:02] [Reviewer] 全部完成
[2026-05-16 19:03:03] [Reviewer] 全部完成
[2026-05-16 19:03:03] [Reviewer] 全部完成
[2026-05-16 19:03:03] [Reviewer] 全部完成
[2026-05-16 19:03:05] [Reviewer] 第1952章审查完成，评分: 8.2， verdict: 通过
[2026-05-16 19:03:05] [Reviewer] 第1928章审查完成，评分: 7.5， verdict: 需修改
[2026-05-16 19:03:06] [Reviewer] 全部完成
[2026-05-16 19:03:06] [Reviewer] 第1960章审查完成，评分: 8.0， verdict: 通过
[2026-05-16 19:03:06] [Reviewer] 全部完成
[2026-05-16 19:03:07] [Reviewer] 第1958章审查完成，评分: 8， verdict: 通过
[2026-05-16 19:03:07] [Reviewer] 全部完成
[2026-05-16 19:03:07] [Reviewer] JSON解析失败: Expecting ',' delimiter: line 24 column 11 (char 526)
[2026-05-16 19:03:07] [Reviewer] 第1948章审查完成，评分: N/A， verdict: N/A
[2026-05-16 19:03:08] [Reviewer] 第1932章审查完成，评分: 8， verdict: 需修改
[2026-05-16 19:03:08] [Reviewer] 全部完成
[2026-05-16 19:03:08] [Reviewer] 全部完成
[2026-05-16 19:03:08] [Reviewer] 第1940章审查完成，评分: 8， verdict: 需修改
[2026-05-16 19:03:09] [Reviewer] 全部完成
[2026-05-16 19:03:09] [Reviewer] 全部完成
[2026-05-16 19:03:11] [Reviewer] 第1924章审查完成，评分: 8.5， verdict: 通过
[2026-05-16 19:03:12] [Reviewer] 第1926章审查完成，评分: 7.5， verdict: 需修改
[2026-05-16 19:03:12] [Reviewer] 全部完成
[2026-05-16 19:03:13] [Reviewer] 全部完成
[2026-05-16 19:03:18] [Reviewer] 第1930章审查完成，评分: 8.3， verdict: 通过
[2026-05-16 19:03:18] [Reviewer] 第1934章审查完成，评分: 8.5， verdict: 通过
[2026-05-16 19:03:19] [Reviewer] 全部完成
[2026-05-16 19:03:19] [Reviewer] 全部完成
[2026-05-16 19:03:21] [Reviewer] 第1922章审查完成，评分: 8.2， verdict: 通过
[2026-05-16 19:03:22] [Reviewer] 全部完成
[2026-05-16 19:07:35] [Reviewer] 正在审查第1967章...
[2026-05-16 19:07:35] [Reviewer] 正在审查第1965章...
[2026-05-16 19:07:35] [Reviewer] 正在审查第1961章...
[2026-05-16 19:07:35] [Reviewer] 正在审查第1969章...
[2026-05-16 19:07:35] [Reviewer] 正在审查第1963章...
[2026-05-16 19:07:35] [Reviewer] 正在审查第1971章...
[2026-05-16 19:07:35] [Reviewer] 正在审查第1973章...
[2026-05-16 19:07:35] [Reviewer] 正在审查第1981章...
[2026-05-16 19:07:35] [Reviewer] 正在审查第1979章...
[2026-05-16 19:07:35] [Reviewer] 正在审查第1975章...
[2026-05-16 19:07:35] [Reviewer] 正在审查第1991章...
[2026-05-16 19:07:35] [Reviewer] 正在审查第1983章...
[2026-05-16 19:07:35] [Reviewer] 正在审查第1995章...
[2026-05-16 19:07:35] [Reviewer] 正在审查第1985章...
[2026-05-16 19:07:35] [Reviewer] 正在审查第1999章...
[2026-05-16 19:07:35] [Reviewer] 正在审查第1977章...
[2026-05-16 19:07:35] [Reviewer] 正在审查第1987章...
[2026-05-16 19:07:36] [Reviewer] 正在审查第1989章...
[2026-05-16 19:07:36] [Reviewer] 正在审查第1997章...
[2026-05-16 19:07:36] [Reviewer] 正在审查第1993章...
[2026-05-16 19:07:58] [Reviewer] JSON解析失败: Expecting ',' delimiter: line 23 column 14 (char 507)
[2026-05-16 19:07:58] [Reviewer] 第1973章审查完成，评分: N/A， verdict: N/A
[2026-05-16 19:07:59] [Reviewer] JSON解析失败: Expecting ',' delimiter: line 49 column 70 (char 1358)
[2026-05-16 19:07:59] [Reviewer] 第1983章审查完成，评分: N/A， verdict: N/A
[2026-05-16 19:07:59] [Reviewer] 正在审查第1974章...
[2026-05-16 19:08:00] [Reviewer] 正在审查第1984章...
[2026-05-16 19:08:04] [Reviewer] 第1961章审查完成，评分: 8.5， verdict: 通过
[2026-05-16 19:08:05] [Reviewer] 第1975章审查完成，评分: 7.5， verdict: 需修改
[2026-05-16 19:08:05] [Reviewer] 第1977章审查完成，评分: 8.5， verdict: 通过
[2026-05-16 19:08:05] [Reviewer] 第1969章审查完成，评分: 8.0， verdict: 通过
[2026-05-16 19:08:05] [Reviewer] 第1993章审查完成，评分: 8.0， verdict: 通过
[2026-05-16 19:08:05] [Reviewer] 正在审查第1962章...
[2026-05-16 19:08:06] [Reviewer] 第1999章审查完成，评分: 8.2， verdict: 通过
[2026-05-16 19:08:06] [Reviewer] 正在审查第1976章...
[2026-05-16 19:08:06] [Reviewer] 正在审查第1978章...
[2026-05-16 19:08:06] [Reviewer] 正在审查第1970章...
[2026-05-16 19:08:06] [Reviewer] 第1965章审查完成，评分: 8.5， verdict: 通过
[2026-05-16 19:08:06] [Reviewer] 正在审查第1994章...
[2026-05-16 19:08:07] [Reviewer] 正在审查第2000章...
[2026-05-16 19:08:07] [Reviewer] 第1967章审查完成，评分: 8.5， verdict: 通过
[2026-05-16 19:08:07] [Reviewer] 第1971章审查完成，评分: 8.5， verdict: 通过
[2026-05-16 19:08:07] [Reviewer] 正在审查第1966章...
[2026-05-16 19:08:07] [Reviewer] 第1997章审查完成，评分: 7.5， verdict: 需修改
[2026-05-16 19:08:08] [Reviewer] 正在审查第1968章...
[2026-05-16 19:08:08] [Reviewer] 正在审查第1972章...
[2026-05-16 19:08:08] [Reviewer] 第1989章审查完成，评分: 8.5， verdict: 通过
[2026-05-16 19:08:08] [Reviewer] 第1995章审查完成，评分: 8.0， verdict: 通过
[2026-05-16 19:08:08] [Reviewer] 正在审查第1998章...
[2026-05-16 19:08:09] [Reviewer] 第1963章审查完成，评分: 8.5， verdict: 通过
[2026-05-16 19:08:09] [Reviewer] 正在审查第1990章...
[2026-05-16 19:08:09] [Reviewer] 正在审查第1996章...
[2026-05-16 19:08:10] [Reviewer] 正在审查第1964章...
[2026-05-16 19:08:10] [Reviewer] 第1991章审查完成，评分: 8.2， verdict: 通过
[2026-05-16 19:08:11] [Reviewer] 正在审查第1992章...
[2026-05-16 19:08:11] [Reviewer] 第1981章审查完成，评分: 7.3， verdict: 需修改
[2026-05-16 19:08:11] [Reviewer] 第1987章审查完成，评分: 8.5， verdict: 通过
[2026-05-16 19:08:12] [Reviewer] 正在审查第1982章...
[2026-05-16 19:08:12] [Reviewer] 正在审查第1988章...
[2026-05-16 19:08:12] [Reviewer] 第1979章审查完成，评分: 8.5， verdict: 通过
[2026-05-16 19:08:13] [Reviewer] 第1985章审查完成，评分: 8.5， verdict: 通过
[2026-05-16 19:08:13] [Reviewer] 正在审查第1980章...
[2026-05-16 19:08:14] [Reviewer] 正在审查第1986章...
[2026-05-16 19:08:29] [Reviewer] 第1984章审查完成，评分: 7.5， verdict: 需修改
[2026-05-16 19:08:30] [Reviewer] 全部完成
[2026-05-16 19:08:32] [Reviewer] 第1970章审查完成，评分: 6.5， verdict: 需修改
[2026-05-16 19:08:33] [Reviewer] 全部完成
[2026-05-16 19:08:33] [Reviewer] 第2000章审查完成，评分: 8.5， verdict: 通过
[2026-05-16 19:08:34] [Reviewer] 第1972章审查完成，评分: 8.2， verdict: 通过
[2026-05-16 19:08:34] [Reviewer] 第1966章审查完成，评分: 7.8， verdict: 需修改
[2026-05-16 19:08:34] [Reviewer] 全部完成
[2026-05-16 19:08:35] [Reviewer] 全部完成
[2026-05-16 19:08:35] [Reviewer] 全部完成
[2026-05-16 19:08:35] [Reviewer] 第1974章审查完成，评分: 8， verdict: 通过
[2026-05-16 19:08:36] [Reviewer] 第1968章审查完成，评分: 8.2， verdict: 通过
[2026-05-16 19:08:36] [Reviewer] 全部完成
[2026-05-16 19:08:37] [Reviewer] 全部完成
[2026-05-16 19:08:37] [Reviewer] 第1992章审查完成，评分: 8.5， verdict: 需修改
[2026-05-16 19:08:37] [Reviewer] 第1994章审查完成，评分: 8.5， verdict: 通过
[2026-05-16 19:08:38] [Reviewer] 第1976章审查完成，评分: 8.0， verdict: 需修改
[2026-05-16 19:08:38] [Reviewer] 全部完成
[2026-05-16 19:08:38] [Reviewer] 全部完成
[2026-05-16 19:08:39] [Reviewer] 第1996章审查完成，评分: 7.5， verdict: 需修改
[2026-05-16 19:08:39] [Reviewer] 全部完成
[2026-05-16 19:08:40] [Reviewer] 全部完成
[2026-05-16 19:08:40] [Reviewer] 第1980章审查完成，评分: 8.5， verdict: 通过
[2026-05-16 19:08:40] [Reviewer] 第1978章审查完成，评分: 8.5， verdict: 通过
[2026-05-16 19:08:41] [Reviewer] 全部完成
[2026-05-16 19:08:41] [Reviewer] 全部完成
[2026-05-16 19:08:43] [Reviewer] 第1964章审查完成，评分: 8.5， verdict: 需修改
[2026-05-16 19:08:44] [Reviewer] 第1998章审查完成，评分: 8.5， verdict: 通过
[2026-05-16 19:08:44] [Reviewer] 第1962章审查完成，评分: 8.0， verdict: 通过
[2026-05-16 19:08:44] [Reviewer] 全部完成
[2026-05-16 19:08:44] [Reviewer] 第1988章审查完成，评分: 8.5， verdict: 通过
[2026-05-16 19:08:44] [Reviewer] 第1982章审查完成，评分: 8.5， verdict: 通过
[2026-05-16 19:08:45] [Reviewer] 全部完成
[2026-05-16 19:08:45] [Reviewer] 全部完成
[2026-05-16 19:08:45] [Reviewer] 全部完成
[2026-05-16 19:08:45] [Reviewer] 全部完成
[2026-05-16 19:08:45] [Reviewer] 第1990章审查完成，评分: 7.6， verdict: 需修改
[2026-05-16 19:08:46] [Reviewer] 全部完成
[2026-05-16 19:08:47] [Reviewer] 第1986章审查完成，评分: 8.5， verdict: 通过
[2026-05-16 19:08:48] [Reviewer] 全部完成
[2026-05-16 19:09:52] [Reviewer] 第1362章已审查过，跳过
[2026-05-16 19:09:52] [Reviewer] 全部完成
[2026-05-16 19:09:52] [Reviewer] 第1443章已审查过，跳过
[2026-05-16 19:09:52] [Reviewer] 全部完成
[2026-05-16 19:09:55] [Reviewer] 第1882章已审查过，跳过
[2026-05-16 19:09:55] [Reviewer] 全部完成
[2026-05-16 19:09:57] [Reviewer] 第576章已审查过，跳过
[2026-05-16 19:09:57] [Reviewer] 全部完成
[2026-05-16 19:10:05] [Reviewer] 第559章已审查过，跳过
[2026-05-16 19:10:05] [Reviewer] 全部完成
[2026-05-16 19:10:07] [Reviewer] 第582章已审查过，跳过
[2026-05-16 19:10:07] [Reviewer] 全部完成
[2026-05-16 19:10:07] [Reviewer] 第1683章已审查过，跳过
[2026-05-16 19:10:07] [Reviewer] 全部完成
[2026-05-16 19:10:07] [Reviewer] 第1596章已审查过，跳过
[2026-05-16 19:10:07] [Reviewer] 全部完成
[2026-05-16 19:10:08] [Reviewer] 第998章已审查过，跳过
[2026-05-16 19:10:08] [Reviewer] 全部完成
[2026-05-16 19:10:08] [Reviewer] 第1556章已审查过，跳过
[2026-05-16 19:10:08] [Reviewer] 全部完成
[2026-05-16 19:10:08] [Reviewer] 第1736章已审查过，跳过
[2026-05-16 19:10:08] [Reviewer] 全部完成
[2026-05-16 19:10:09] [Reviewer] 第1048章已审查过，跳过
[2026-05-16 19:10:09] [Reviewer] 全部完成
[2026-05-16 19:10:11] [Reviewer] 第776章已审查过，跳过
[2026-05-16 19:10:11] [Reviewer] 全部完成
[2026-05-16 19:10:20] [Reviewer] 第1338章已审查过，跳过
[2026-05-16 19:10:20] [Reviewer] 全部完成
[2026-05-16 19:10:21] [Reviewer] 第1272章已审查过，跳过
[2026-05-16 19:10:21] [Reviewer] 全部完成
[2026-05-16 19:10:28] [Reviewer] 第1970章已审查过，跳过
[2026-05-16 19:10:28] [Reviewer] 全部完成
[2026-05-16 19:10:40] [Reviewer] 第565章已审查过，跳过
[2026-05-16 19:10:40] [Reviewer] 全部完成
[2026-05-16 19:11:04] [Reviewer] 第534章已审查过，跳过
[2026-05-16 19:11:04] [Reviewer] 全部完成
