[2026-05-18 13:20:07] [Coordinator] [INFO] 多媒体生成已启用: ['image']
[2026-05-18 13:20:07] [Coordinator] [INFO] ============================================================
[2026-05-18 13:20:07] [Coordinator] [INFO]   小说生成协调器启动: 凡尘逆仙
[2026-05-18 13:20:07] [Coordinator] [INFO] ============================================================
[2026-05-18 13:20:07] [Coordinator] [INFO] 进度推送线程已启动
[2026-05-18 13:20:07] [Coordinator] [INFO] 配额状态:
  MiniMax-M*: 524/4500, 剩余 3976
  speech-hd: 0/19000, 剩余 19000
  MiniMax-Hailuo-2.3-Fast-6s-768p: 0/3, 剩余 3
  MiniMax-Hailuo-2.3-6s-768p: 2/3, 剩余 1
  music-2.5: 0/7, 剩余 7
  music-2.6: 0/100, 剩余 100
  music-cover: 0/100, 剩余 100
  lyrics_generation: 0/100, 剩余 100
  image-01: 1/200, 剩余 199
  coding-plan-vlm: 0/450, 剩余 450
  coding-plan-search: 14/450, 剩余 436
[2026-05-18 13:20:07] [Coordinator] [INFO] 检测到必要文件缺失，启动 Planner...
[2026-05-18 13:20:07] [Coordinator] [ERROR] 未找到 planner.py，且框架内置 Planner 尚未实现
[2026-05-18 13:20:07] [Coordinator] [ERROR] Planner 执行失败
[2026-05-18 13:22:17] [Coordinator] [INFO] 多媒体生成已启用: ['image']
[2026-05-18 13:22:17] [Coordinator] [INFO] ============================================================
[2026-05-18 13:22:17] [Coordinator] [INFO]   小说生成协调器启动: 凡尘逆仙
[2026-05-18 13:22:17] [Coordinator] [INFO] ============================================================
[2026-05-18 13:22:17] [Coordinator] [INFO] 进度推送线程已启动
[2026-05-18 13:22:18] [Coordinator] [INFO] 配额状态:
  MiniMax-M*: 524/4500, 剩余 3976
  speech-hd: 0/19000, 剩余 19000
  MiniMax-Hailuo-2.3-Fast-6s-768p: 0/3, 剩余 3
  MiniMax-Hailuo-2.3-6s-768p: 2/3, 剩余 1
  music-2.5: 0/7, 剩余 7
  music-2.6: 0/100, 剩余 100
  music-cover: 0/100, 剩余 100
  lyrics_generation: 0/100, 剩余 100
  image-01: 1/200, 剩余 199
  coding-plan-vlm: 0/450, 剩余 450
  coding-plan-search: 14/450, 剩余 436
[2026-05-18 13:22:18] [Coordinator] [INFO] 检测到必要文件缺失，启动 Planner...
[2026-05-18 13:22:18] [Coordinator] [ERROR] Planner 执行失败
[2026-05-18 13:22:59] [Coordinator] [INFO] 多媒体生成已启用: ['image']
[2026-05-18 13:22:59] [Coordinator] [INFO] ============================================================
[2026-05-18 13:22:59] [Coordinator] [INFO]   小说生成协调器启动: 凡尘逆仙
[2026-05-18 13:22:59] [Coordinator] [INFO] ============================================================
[2026-05-18 13:22:59] [Coordinator] [INFO] 进度推送线程已启动
[2026-05-18 13:22:59] [Coordinator] [INFO] 配额状态:
  MiniMax-M*: 524/4500, 剩余 3976
  speech-hd: 0/19000, 剩余 19000
  MiniMax-Hailuo-2.3-Fast-6s-768p: 0/3, 剩余 3
  MiniMax-Hailuo-2.3-6s-768p: 2/3, 剩余 1
  music-2.5: 0/7, 剩余 7
  music-2.6: 0/100, 剩余 100
  music-cover: 0/100, 剩余 100
  lyrics_generation: 0/100, 剩余 100
  image-01: 1/200, 剩余 199
  coding-plan-vlm: 0/450, 剩余 450
  coding-plan-search: 14/450, 剩余 436
[2026-05-18 13:22:59] [Coordinator] [INFO] 检测到必要文件缺失，启动 Planner...
[2026-05-18 13:23:35] [Coordinator] [INFO] 多媒体生成已启用: ['image']
[2026-05-18 13:23:35] [Coordinator] [INFO] ============================================================
[2026-05-18 13:23:35] [Coordinator] [INFO]   小说生成协调器启动: 凡尘逆仙
[2026-05-18 13:23:35] [Coordinator] [INFO] ============================================================
[2026-05-18 13:23:35] [Coordinator] [INFO] 进度推送线程已启动
[2026-05-18 13:23:35] [Coordinator] [INFO] 配额状态:
  MiniMax-M*: 524/4500, 剩余 3976
  speech-hd: 0/19000, 剩余 19000
  MiniMax-Hailuo-2.3-Fast-6s-768p: 0/3, 剩余 3
  MiniMax-Hailuo-2.3-6s-768p: 2/3, 剩余 1
  music-2.5: 0/7, 剩余 7
  music-2.6: 0/100, 剩余 100
  music-cover: 0/100, 剩余 100
  lyrics_generation: 0/100, 剩余 100
  image-01: 1/200, 剩余 199
  coding-plan-vlm: 0/450, 剩余 450
  coding-plan-search: 14/450, 剩余 436
[2026-05-18 13:23:35] [Coordinator] [INFO] 检测到必要文件缺失，启动 Planner...
[2026-05-18 13:24:05] [Coordinator] [ERROR] Planner 执行失败
[2026-05-18 13:25:27] [Coordinator] [ERROR] Planner 执行失败
[2026-05-18 15:08:46] [Coordinator] [INFO] 多媒体生成已启用: ['image']
[2026-05-18 15:08:46] [Coordinator] [INFO] ============================================================
[2026-05-18 15:08:46] [Coordinator] [INFO]   小说生成协调器启动: 凡尘逆仙
[2026-05-18 15:08:46] [Coordinator] [INFO] ============================================================
[2026-05-18 15:08:46] [Coordinator] [INFO] 进度推送线程已启动
[2026-05-18 15:08:47] [Coordinator] [INFO] 配额状态:
  MiniMax-M*: 11/4500, 剩余 4489
  speech-hd: 0/19000, 剩余 19000
  MiniMax-Hailuo-2.3-Fast-6s-768p: 0/3, 剩余 3
  MiniMax-Hailuo-2.3-6s-768p: 2/3, 剩余 1
  music-2.5: 0/7, 剩余 7
  music-2.6: 0/100, 剩余 100
  music-cover: 0/100, 剩余 100
  lyrics_generation: 0/100, 剩余 100
  image-01: 1/200, 剩余 199
  coding-plan-vlm: 0/450, 剩余 450
  coding-plan-search: 0/450, 剩余 450
[2026-05-18 15:08:47] [Coordinator] [INFO] 多媒体生成线程已启动
[2026-05-18 15:08:47] [Coordinator] [INFO] 生成小说封面...
[2026-05-18 15:09:06] [Coordinator] [INFO] 生成范围: 第 1-450 章, 批次大小: 20
[2026-05-18 15:09:06] [Coordinator] [INFO] ===== 开始第 1-20 章 =====
[2026-05-18 15:09:07] [Coordinator] [INFO] 工作队列: 20 个任务, 5 workers [Writer]
[2026-05-18 15:09:07] [Coordinator] [ERROR] 未找到 writer.py，且框架内置 Writer 尚未实现
[2026-05-18 15:09:07] [Coordinator] [WARNING] Writer 第1章失败，重试(1/3)
[2026-05-18 15:09:07] [Coordinator] [ERROR] 未找到 writer.py，且框架内置 Writer 尚未实现
[2026-05-18 15:09:07] [Coordinator] [WARNING] Writer 第3章失败，重试(1/3)
[2026-05-18 15:09:07] [Coordinator] [ERROR] 未找到 writer.py，且框架内置 Writer 尚未实现
[2026-05-18 15:09:07] [Coordinator] [WARNING] Writer 第2章失败，重试(1/3)
[2026-05-18 15:09:07] [Coordinator] [ERROR] 未找到 writer.py，且框架内置 Writer 尚未实现
[2026-05-18 15:09:07] [Coordinator] [ERROR] 未找到 writer.py，且框架内置 Writer 尚未实现
[2026-05-18 15:09:07] [Coordinator] [WARNING] Writer 第4章失败，重试(1/3)
[2026-05-18 15:09:07] [Coordinator] [ERROR] 未找到 writer.py，且框架内置 Writer 尚未实现
[2026-05-18 15:09:07] [Coordinator] [WARNING] Writer 第5章失败，重试(1/3)
[2026-05-18 15:09:07] [Coordinator] [WARNING] Writer 第6章失败，重试(1/3)
[2026-05-18 15:09:07] [Coordinator] [ERROR] 未找到 writer.py，且框架内置 Writer 尚未实现
[2026-05-18 15:09:07] [Coordinator] [WARNING] Writer 第7章失败，重试(1/3)
[2026-05-18 15:09:07] [Coordinator] [ERROR] 未找到 writer.py，且框架内置 Writer 尚未实现
[2026-05-18 15:09:07] [Coordinator] [WARNING] Writer 第8章失败，重试(1/3)
[2026-05-18 15:09:07] [Coordinator] [ERROR] 未找到 writer.py，且框架内置 Writer 尚未实现
[2026-05-18 15:09:07] [Coordinator] [ERROR] 未找到 writer.py，且框架内置 Writer 尚未实现
[2026-05-18 15:09:07] [Coordinator] [WARNING] Writer 第9章失败，重试(1/3)
[2026-05-18 15:09:07] [Coordinator] [ERROR] 未找到 writer.py，且框架内置 Writer 尚未实现
[2026-05-18 15:09:07] [Coordinator] [WARNING] Writer 第10章失败，重试(1/3)
[2026-05-18 15:09:07] [Coordinator] [WARNING] Writer 第11章失败，重试(1/3)
[2026-05-18 15:09:07] [Coordinator] [ERROR] 未找到 writer.py，且框架内置 Writer 尚未实现
[2026-05-18 15:09:07] [Coordinator] [WARNING] Writer 第12章失败，重试(1/3)
[2026-05-18 15:09:07] [Coordinator] [ERROR] 未找到 writer.py，且框架内置 Writer 尚未实现
[2026-05-18 15:09:07] [Coordinator] [WARNING] Writer 第13章失败，重试(1/3)
[2026-05-18 15:09:07] [Coordinator] [ERROR] 未找到 writer.py，且框架内置 Writer 尚未实现
[2026-05-18 15:09:07] [Coordinator] [ERROR] 未找到 writer.py，且框架内置 Writer 尚未实现
[2026-05-18 15:09:07] [Coordinator] [WARNING] Writer 第14章失败，重试(1/3)
[2026-05-18 15:09:07] [Coordinator] [ERROR] 未找到 writer.py，且框架内置 Writer 尚未实现
[2026-05-18 15:09:07] [Coordinator] [WARNING] Writer 第15章失败，重试(1/3)
[2026-05-18 15:09:07] [Coordinator] [WARNING] Writer 第16章失败，重试(1/3)
[2026-05-18 15:09:07] [Coordinator] [ERROR] 未找到 writer.py，且框架内置 Writer 尚未实现
[2026-05-18 15:09:07] [Coordinator] [WARNING] Writer 第17章失败，重试(1/3)
[2026-05-18 15:09:07] [Coordinator] [ERROR] 未找到 writer.py，且框架内置 Writer 尚未实现
[2026-05-18 15:09:07] [Coordinator] [WARNING] Writer 第18章失败，重试(1/3)
[2026-05-18 15:09:07] [Coordinator] [ERROR] 未找到 writer.py，且框架内置 Writer 尚未实现
[2026-05-18 15:09:07] [Coordinator] [ERROR] 未找到 writer.py，且框架内置 Writer 尚未实现
[2026-05-18 15:09:07] [Coordinator] [WARNING] Writer 第19章失败，重试(1/3)
[2026-05-18 15:09:07] [Coordinator] [ERROR] 未找到 writer.py，且框架内置 Writer 尚未实现
[2026-05-18 15:09:07] [Coordinator] [WARNING] Writer 第20章失败，重试(1/3)
[2026-05-18 15:09:07] [Coordinator] [WARNING] Writer 第1章失败，重试(2/3)
[2026-05-18 15:09:07] [Coordinator] [ERROR] 未找到 writer.py，且框架内置 Writer 尚未实现
[2026-05-18 15:09:07] [Coordinator] [WARNING] Writer 第3章失败，重试(2/3)
[2026-05-18 15:09:07] [Coordinator] [ERROR] 未找到 writer.py，且框架内置 Writer 尚未实现
[2026-05-18 15:09:07] [Coordinator] [WARNING] Writer 第2章失败，重试(2/3)
[2026-05-18 15:09:07] [Coordinator] [ERROR] 未找到 writer.py，且框架内置 Writer 尚未实现
[2026-05-18 15:09:07] [Coordinator] [ERROR] 未找到 writer.py，且框架内置 Writer 尚未实现
[2026-05-18 15:09:07] [Coordinator] [WARNING] Writer 第4章失败，重试(2/3)
[2026-05-18 15:09:07] [Coordinator] [ERROR] 未找到 writer.py，且框架内置 Writer 尚未实现
[2026-05-18 15:09:07] [Coordinator] [WARNING] Writer 第5章失败，重试(2/3)
[2026-05-18 15:09:07] [Coordinator] [WARNING] Writer 第6章失败，重试(2/3)
[2026-05-18 15:09:07] [Coordinator] [ERROR] 未找到 writer.py，且框架内置 Writer 尚未实现
[2026-05-18 15:09:07] [Coordinator] [WARNING] Writer 第7章失败，重试(2/3)
[2026-05-18 15:09:07] [Coordinator] [ERROR] 未找到 writer.py，且框架内置 Writer 尚未实现
[2026-05-18 15:09:07] [Coordinator] [WARNING] Writer 第8章失败，重试(2/3)
[2026-05-18 15:09:07] [Coordinator] [ERROR] 未找到 writer.py，且框架内置 Writer 尚未实现
[2026-05-18 15:09:07] [Coordinator] [ERROR] 未找到 writer.py，且框架内置 Writer 尚未实现
[2026-05-18 15:09:07] [Coordinator] [WARNING] Writer 第9章失败，重试(2/3)
[2026-05-18 15:09:07] [Coordinator] [ERROR] 未找到 writer.py，且框架内置 Writer 尚未实现
[2026-05-18 15:09:07] [Coordinator] [WARNING] Writer 第10章失败，重试(2/3)
[2026-05-18 15:09:07] [Coordinator] [WARNING] Writer 第11章失败，重试(2/3)
[2026-05-18 15:09:07] [Coordinator] [ERROR] 未找到 writer.py，且框架内置 Writer 尚未实现
[2026-05-18 15:09:07] [Coordinator] [WARNING] Writer 第12章失败，重试(2/3)
[2026-05-18 15:09:07] [Coordinator] [ERROR] 未找到 writer.py，且框架内置 Writer 尚未实现
[2026-05-18 15:09:07] [Coordinator] [WARNING] Writer 第13章失败，重试(2/3)
[2026-05-18 15:09:07] [Coordinator] [ERROR] 未找到 writer.py，且框架内置 Writer 尚未实现
[2026-05-18 15:09:07] [Coordinator] [ERROR] 未找到 writer.py，且框架内置 Writer 尚未实现
[2026-05-18 15:09:07] [Coordinator] [WARNING] Writer 第14章失败，重试(2/3)
[2026-05-18 15:09:07] [Coordinator] [ERROR] 未找到 writer.py，且框架内置 Writer 尚未实现
[2026-05-18 15:09:07] [Coordinator] [WARNING] Writer 第15章失败，重试(2/3)
[2026-05-18 15:09:07] [Coordinator] [WARNING] Writer 第16章失败，重试(2/3)
[2026-05-18 15:09:07] [Coordinator] [ERROR] 未找到 writer.py，且框架内置 Writer 尚未实现
[2026-05-18 15:09:07] [Coordinator] [WARNING] Writer 第17章失败，重试(2/3)
[2026-05-18 15:09:07] [Coordinator] [ERROR] 未找到 writer.py，且框架内置 Writer 尚未实现
[2026-05-18 15:09:07] [Coordinator] [WARNING] Writer 第18章失败，重试(2/3)
[2026-05-18 15:09:07] [Coordinator] [ERROR] 未找到 writer.py，且框架内置 Writer 尚未实现
[2026-05-18 15:09:07] [Coordinator] [ERROR] 未找到 writer.py，且框架内置 Writer 尚未实现
[2026-05-18 15:09:07] [Coordinator] [WARNING] Writer 第19章失败，重试(2/3)
[2026-05-18 15:09:07] [Coordinator] [ERROR] 未找到 writer.py，且框架内置 Writer 尚未实现
[2026-05-18 15:09:07] [Coordinator] [WARNING] Writer 第20章失败，重试(2/3)
[2026-05-18 15:09:07] [Coordinator] [WARNING] Writer 第1章失败，重试(3/3)
[2026-05-18 15:09:07] [Coordinator] [ERROR] 未找到 writer.py，且框架内置 Writer 尚未实现
[2026-05-18 15:09:07] [Coordinator] [WARNING] Writer 第3章失败，重试(3/3)
[2026-05-18 15:09:07] [Coordinator] [ERROR] 未找到 writer.py，且框架内置 Writer 尚未实现
[2026-05-18 15:09:07] [Coordinator] [WARNING] Writer 第2章失败，重试(3/3)
[2026-05-18 15:09:07] [Coordinator] [ERROR] 未找到 writer.py，且框架内置 Writer 尚未实现
[2026-05-18 15:09:07] [Coordinator] [ERROR] 未找到 writer.py，且框架内置 Writer 尚未实现
[2026-05-18 15:09:07] [Coordinator] [WARNING] Writer 第4章失败，重试(3/3)
[2026-05-18 15:09:07] [Coordinator] [ERROR] 未找到 writer.py，且框架内置 Writer 尚未实现
[2026-05-18 15:09:07] [Coordinator] [WARNING] Writer 第5章失败，重试(3/3)
[2026-05-18 15:09:07] [Coordinator] [WARNING] Writer 第6章失败，重试(3/3)
[2026-05-18 15:09:07] [Coordinator] [ERROR] 未找到 writer.py，且框架内置 Writer 尚未实现
[2026-05-18 15:09:07] [Coordinator] [WARNING] Writer 第7章失败，重试(3/3)
[2026-05-18 15:09:07] [Coordinator] [ERROR] 未找到 writer.py，且框架内置 Writer 尚未实现
[2026-05-18 15:09:07] [Coordinator] [WARNING] Writer 第8章失败，重试(3/3)
[2026-05-18 15:09:07] [Coordinator] [ERROR] 未找到 writer.py，且框架内置 Writer 尚未实现
[2026-05-18 15:09:07] [Coordinator] [ERROR] 未找到 writer.py，且框架内置 Writer 尚未实现
[2026-05-18 15:09:07] [Coordinator] [WARNING] Writer 第9章失败，重试(3/3)
[2026-05-18 15:09:07] [Coordinator] [ERROR] 未找到 writer.py，且框架内置 Writer 尚未实现
[2026-05-18 15:09:07] [Coordinator] [WARNING] Writer 第10章失败，重试(3/3)
[2026-05-18 15:09:07] [Coordinator] [WARNING] Writer 第11章失败，重试(3/3)
[2026-05-18 15:09:07] [Coordinator] [ERROR] 未找到 writer.py，且框架内置 Writer 尚未实现
[2026-05-18 15:09:07] [Coordinator] [WARNING] Writer 第12章失败，重试(3/3)
[2026-05-18 15:09:07] [Coordinator] [ERROR] 未找到 writer.py，且框架内置 Writer 尚未实现
[2026-05-18 15:09:07] [Coordinator] [WARNING] Writer 第13章失败，重试(3/3)
[2026-05-18 15:09:07] [Coordinator] [ERROR] 未找到 writer.py，且框架内置 Writer 尚未实现
[2026-05-18 15:09:07] [Coordinator] [ERROR] 未找到 writer.py，且框架内置 Writer 尚未实现
[2026-05-18 15:09:07] [Coordinator] [WARNING] Writer 第14章失败，重试(3/3)
[2026-05-18 15:09:07] [Coordinator] [ERROR] 未找到 writer.py，且框架内置 Writer 尚未实现
[2026-05-18 15:09:07] [Coordinator] [WARNING] Writer 第15章失败，重试(3/3)
[2026-05-18 15:09:07] [Coordinator] [WARNING] Writer 第16章失败，重试(3/3)
[2026-05-18 15:09:07] [Coordinator] [ERROR] 未找到 writer.py，且框架内置 Writer 尚未实现
[2026-05-18 15:09:07] [Coordinator] [WARNING] Writer 第17章失败，重试(3/3)
[2026-05-18 15:09:07] [Coordinator] [ERROR] 未找到 writer.py，且框架内置 Writer 尚未实现
[2026-05-18 15:09:07] [Coordinator] [WARNING] Writer 第18章失败，重试(3/3)
[2026-05-18 15:09:07] [Coordinator] [ERROR] 未找到 writer.py，且框架内置 Writer 尚未实现
[2026-05-18 15:09:07] [Coordinator] [ERROR] 未找到 writer.py，且框架内置 Writer 尚未实现
[2026-05-18 15:09:07] [Coordinator] [WARNING] Writer 第19章失败，重试(3/3)
[2026-05-18 15:09:07] [Coordinator] [ERROR] 未找到 writer.py，且框架内置 Writer 尚未实现
[2026-05-18 15:09:07] [Coordinator] [WARNING] Writer 第20章失败，重试(3/3)
[2026-05-18 15:09:07] [Coordinator] [ERROR] Writer 第1章彻底失败
[2026-05-18 15:09:07] [Coordinator] [ERROR] 未找到 writer.py，且框架内置 Writer 尚未实现
[2026-05-18 15:09:07] [Coordinator] [ERROR] Writer 第3章彻底失败
[2026-05-18 15:09:07] [Coordinator] [ERROR] 未找到 writer.py，且框架内置 Writer 尚未实现
[2026-05-18 15:09:07] [Coordinator] [ERROR] Writer 第2章彻底失败
[2026-05-18 15:09:07] [Coordinator] [ERROR] 未找到 writer.py，且框架内置 Writer 尚未实现
[2026-05-18 15:09:07] [Coordinator] [ERROR] 未找到 writer.py，且框架内置 Writer 尚未实现
[2026-05-18 15:09:07] [Coordinator] [ERROR] Writer 第4章彻底失败
[2026-05-18 15:09:07] [Coordinator] [ERROR] 未找到 writer.py，且框架内置 Writer 尚未实现
[2026-05-18 15:09:07] [Coordinator] [ERROR] Writer 第5章彻底失败
[2026-05-18 15:09:07] [Coordinator] [ERROR] Writer 第6章彻底失败
[2026-05-18 15:09:07] [Coordinator] [ERROR] 未找到 writer.py，且框架内置 Writer 尚未实现
[2026-05-18 15:09:07] [Coordinator] [ERROR] Writer 第7章彻底失败
[2026-05-18 15:09:07] [Coordinator] [ERROR] 未找到 writer.py，且框架内置 Writer 尚未实现
[2026-05-18 15:09:07] [Coordinator] [ERROR] Writer 第8章彻底失败
[2026-05-18 15:09:07] [Coordinator] [ERROR] 未找到 writer.py，且框架内置 Writer 尚未实现
[2026-05-18 15:09:07] [Coordinator] [ERROR] 未找到 writer.py，且框架内置 Writer 尚未实现
[2026-05-18 15:09:07] [Coordinator] [ERROR] Writer 第9章彻底失败
[2026-05-18 15:09:07] [Coordinator] [ERROR] 未找到 writer.py，且框架内置 Writer 尚未实现
[2026-05-18 15:09:07] [Coordinator] [ERROR] Writer 第10章彻底失败
[2026-05-18 15:09:07] [Coordinator] [ERROR] Writer 第11章彻底失败
[2026-05-18 15:09:07] [Coordinator] [ERROR] 未找到 writer.py，且框架内置 Writer 尚未实现
[2026-05-18 15:09:07] [Coordinator] [ERROR] Writer 第12章彻底失败
[2026-05-18 15:09:07] [Coordinator] [ERROR] 未找到 writer.py，且框架内置 Writer 尚未实现
[2026-05-18 15:09:07] [Coordinator] [ERROR] Writer 第13章彻底失败
[2026-05-18 15:09:07] [Coordinator] [ERROR] 未找到 writer.py，且框架内置 Writer 尚未实现
[2026-05-18 15:09:07] [Coordinator] [ERROR] 未找到 writer.py，且框架内置 Writer 尚未实现
[2026-05-18 15:09:07] [Coordinator] [ERROR] Writer 第14章彻底失败
[2026-05-18 15:09:07] [Coordinator] [ERROR] 未找到 writer.py，且框架内置 Writer 尚未实现
[2026-05-18 15:09:07] [Coordinator] [ERROR] Writer 第15章彻底失败
[2026-05-18 15:09:07] [Coordinator] [ERROR] Writer 第16章彻底失败
[2026-05-18 15:09:07] [Coordinator] [ERROR] 未找到 writer.py，且框架内置 Writer 尚未实现
[2026-05-18 15:09:07] [Coordinator] [ERROR] Writer 第17章彻底失败
[2026-05-18 15:09:07] [Coordinator] [ERROR] 未找到 writer.py，且框架内置 Writer 尚未实现
[2026-05-18 15:09:07] [Coordinator] [ERROR] Writer 第18章彻底失败
[2026-05-18 15:09:07] [Coordinator] [ERROR] 未找到 writer.py，且框架内置 Writer 尚未实现
[2026-05-18 15:09:07] [Coordinator] [ERROR] Writer 第19章彻底失败
[2026-05-18 15:09:07] [Coordinator] [ERROR] 未找到 writer.py，且框架内置 Writer 尚未实现
[2026-05-18 15:09:07] [Coordinator] [ERROR] Writer 第20章彻底失败
[2026-05-18 15:09:09] [Coordinator] [INFO] Writer 批次完成: 成功 0 章, 失败 20 章
[2026-05-18 15:09:09] [Coordinator] [WARNING] Writer 失败: [1, 3, 2, 6, 4, 5, 7, 8, 11, 9, 10, 12, 13, 16, 14, 15, 17, 18, 19, 20]
[2026-05-18 15:09:09] [Coordinator] [INFO] 工作队列: 20 个任务, 5 workers [Reviewer]
[2026-05-18 15:09:09] [Coordinator] [ERROR] 未找到 reviewer.py，且框架内置 Reviewer 尚未实现
[2026-05-18 15:09:09] [Coordinator] [WARNING] Reviewer 第1章失败，重试(1/3)
[2026-05-18 15:09:09] [Coordinator] [ERROR] 未找到 reviewer.py，且框架内置 Reviewer 尚未实现
[2026-05-18 15:09:09] [Coordinator] [WARNING] Reviewer 第3章失败，重试(1/3)
[2026-05-18 15:09:09] [Coordinator] [ERROR] 未找到 reviewer.py，且框架内置 Reviewer 尚未实现
[2026-05-18 15:09:09] [Coordinator] [WARNING] Reviewer 第4章失败，重试(1/3)
[2026-05-18 15:09:09] [Coordinator] [ERROR] 未找到 reviewer.py，且框架内置 Reviewer 尚未实现
[2026-05-18 15:09:09] [Coordinator] [ERROR] 未找到 reviewer.py，且框架内置 Reviewer 尚未实现
[2026-05-18 15:09:09] [Coordinator] [WARNING] Reviewer 第2章失败，重试(1/3)
[2026-05-18 15:09:09] [Coordinator] [ERROR] 未找到 reviewer.py，且框架内置 Reviewer 尚未实现
[2026-05-18 15:09:09] [Coordinator] [WARNING] Reviewer 第5章失败，重试(1/3)
[2026-05-18 15:09:09] [Coordinator] [WARNING] Reviewer 第6章失败，重试(1/3)
[2026-05-18 15:09:09] [Coordinator] [ERROR] 未找到 reviewer.py，且框架内置 Reviewer 尚未实现
[2026-05-18 15:09:09] [Coordinator] [WARNING] Reviewer 第7章失败，重试(1/3)
[2026-05-18 15:09:09] [Coordinator] [ERROR] 未找到 reviewer.py，且框架内置 Reviewer 尚未实现
[2026-05-18 15:09:09] [Coordinator] [WARNING] Reviewer 第8章失败，重试(1/3)
[2026-05-18 15:09:09] [Coordinator] [ERROR] 未找到 reviewer.py，且框架内置 Reviewer 尚未实现
[2026-05-18 15:09:09] [Coordinator] [ERROR] 未找到 reviewer.py，且框架内置 Reviewer 尚未实现
[2026-05-18 15:09:09] [Coordinator] [WARNING] Reviewer 第9章失败，重试(1/3)
[2026-05-18 15:09:09] [Coordinator] [ERROR] 未找到 reviewer.py，且框架内置 Reviewer 尚未实现
[2026-05-18 15:09:09] [Coordinator] [WARNING] Reviewer 第10章失败，重试(1/3)
[2026-05-18 15:09:09] [Coordinator] [WARNING] Reviewer 第11章失败，重试(1/3)
[2026-05-18 15:09:09] [Coordinator] [ERROR] 未找到 reviewer.py，且框架内置 Reviewer 尚未实现
[2026-05-18 15:09:09] [Coordinator] [WARNING] Reviewer 第12章失败，重试(1/3)
[2026-05-18 15:09:09] [Coordinator] [ERROR] 未找到 reviewer.py，且框架内置 Reviewer 尚未实现
[2026-05-18 15:09:09] [Coordinator] [WARNING] Reviewer 第13章失败，重试(1/3)
[2026-05-18 15:09:09] [Coordinator] [ERROR] 未找到 reviewer.py，且框架内置 Reviewer 尚未实现
[2026-05-18 15:09:09] [Coordinator] [ERROR] 未找到 reviewer.py，且框架内置 Reviewer 尚未实现
[2026-05-18 15:09:09] [Coordinator] [WARNING] Reviewer 第14章失败，重试(1/3)
[2026-05-18 15:09:09] [Coordinator] [ERROR] 未找到 reviewer.py，且框架内置 Reviewer 尚未实现
[2026-05-18 15:09:09] [Coordinator] [ERROR] 未找到 reviewer.py，且框架内置 Reviewer 尚未实现
[2026-05-18 15:09:09] [Coordinator] [WARNING] Reviewer 第16章失败，重试(1/3)
[2026-05-18 15:09:09] [Coordinator] [ERROR] 未找到 reviewer.py，且框架内置 Reviewer 尚未实现
[2026-05-18 15:09:09] [Coordinator] [WARNING] Reviewer 第17章失败，重试(1/3)
[2026-05-18 15:09:09] [Coordinator] [WARNING] Reviewer 第15章失败，重试(1/3)
[2026-05-18 15:09:09] [Coordinator] [WARNING] Reviewer 第18章失败，重试(1/3)
[2026-05-18 15:09:09] [Coordinator] [ERROR] 未找到 reviewer.py，且框架内置 Reviewer 尚未实现
[2026-05-18 15:09:09] [Coordinator] [ERROR] 未找到 reviewer.py，且框架内置 Reviewer 尚未实现
[2026-05-18 15:09:09] [Coordinator] [WARNING] Reviewer 第19章失败，重试(1/3)
[2026-05-18 15:09:09] [Coordinator] [ERROR] 未找到 reviewer.py，且框架内置 Reviewer 尚未实现
[2026-05-18 15:09:09] [Coordinator] [WARNING] Reviewer 第3章失败，重试(2/3)
[2026-05-18 15:09:09] [Coordinator] [WARNING] Reviewer 第20章失败，重试(1/3)
[2026-05-18 15:09:09] [Coordinator] [ERROR] 未找到 reviewer.py，且框架内置 Reviewer 尚未实现
[2026-05-18 15:09:09] [Coordinator] [WARNING] Reviewer 第1章失败，重试(2/3)
[2026-05-18 15:09:09] [Coordinator] [ERROR] 未找到 reviewer.py，且框架内置 Reviewer 尚未实现
[2026-05-18 15:09:09] [Coordinator] [WARNING] Reviewer 第4章失败，重试(2/3)
[2026-05-18 15:09:09] [Coordinator] [ERROR] 未找到 reviewer.py，且框架内置 Reviewer 尚未实现
[2026-05-18 15:09:09] [Coordinator] [ERROR] 未找到 reviewer.py，且框架内置 Reviewer 尚未实现
[2026-05-18 15:09:09] [Coordinator] [WARNING] Reviewer 第2章失败，重试(2/3)
[2026-05-18 15:09:09] [Coordinator] [ERROR] 未找到 reviewer.py，且框架内置 Reviewer 尚未实现
[2026-05-18 15:09:09] [Coordinator] [WARNING] Reviewer 第5章失败，重试(2/3)
[2026-05-18 15:09:09] [Coordinator] [WARNING] Reviewer 第6章失败，重试(2/3)
[2026-05-18 15:09:09] [Coordinator] [ERROR] 未找到 reviewer.py，且框架内置 Reviewer 尚未实现
[2026-05-18 15:09:09] [Coordinator] [WARNING] Reviewer 第7章失败，重试(2/3)
[2026-05-18 15:09:09] [Coordinator] [ERROR] 未找到 reviewer.py，且框架内置 Reviewer 尚未实现
[2026-05-18 15:09:09] [Coordinator] [ERROR] 未找到 reviewer.py，且框架内置 Reviewer 尚未实现
[2026-05-18 15:09:09] [Coordinator] [ERROR] 未找到 reviewer.py，且框架内置 Reviewer 尚未实现
[2026-05-18 15:09:09] [Coordinator] [ERROR] 未找到 reviewer.py，且框架内置 Reviewer 尚未实现
[2026-05-18 15:09:09] [Coordinator] [WARNING] Reviewer 第9章失败，重试(2/3)
[2026-05-18 15:09:09] [Coordinator] [ERROR] 未找到 reviewer.py，且框架内置 Reviewer 尚未实现
[2026-05-18 15:09:09] [Coordinator] [WARNING] Reviewer 第13章失败，重试(2/3)
[2026-05-18 15:09:09] [Coordinator] [WARNING] Reviewer 第11章失败，重试(2/3)
[2026-05-18 15:09:09] [Coordinator] [ERROR] 未找到 reviewer.py，且框架内置 Reviewer 尚未实现
[2026-05-18 15:09:09] [Coordinator] [WARNING] Reviewer 第8章失败，重试(2/3)
[2026-05-18 15:09:09] [Coordinator] [WARNING] Reviewer 第10章失败，重试(2/3)
[2026-05-18 15:09:09] [Coordinator] [ERROR] 未找到 reviewer.py，且框架内置 Reviewer 尚未实现
[2026-05-18 15:09:09] [Coordinator] [WARNING] Reviewer 第14章失败，重试(2/3)
[2026-05-18 15:09:09] [Coordinator] [WARNING] Reviewer 第12章失败，重试(2/3)
[2026-05-18 15:09:09] [Coordinator] [ERROR] 未找到 reviewer.py，且框架内置 Reviewer 尚未实现
[2026-05-18 15:09:09] [Coordinator] [WARNING] Reviewer 第17章失败，重试(2/3)
[2026-05-18 15:09:09] [Coordinator] [ERROR] 未找到 reviewer.py，且框架内置 Reviewer 尚未实现
[2026-05-18 15:09:09] [Coordinator] [WARNING] Reviewer 第16章失败，重试(2/3)
[2026-05-18 15:09:09] [Coordinator] [ERROR] 未找到 reviewer.py，且框架内置 Reviewer 尚未实现
[2026-05-18 15:09:09] [Coordinator] [ERROR] 未找到 reviewer.py，且框架内置 Reviewer 尚未实现
[2026-05-18 15:09:09] [Coordinator] [WARNING] Reviewer 第15章失败，重试(2/3)
[2026-05-18 15:09:09] [Coordinator] [ERROR] 未找到 reviewer.py，且框架内置 Reviewer 尚未实现
[2026-05-18 15:09:09] [Coordinator] [WARNING] Reviewer 第18章失败，重试(2/3)
[2026-05-18 15:09:09] [Coordinator] [WARNING] Reviewer 第19章失败，重试(2/3)
[2026-05-18 15:09:09] [Coordinator] [ERROR] 未找到 reviewer.py，且框架内置 Reviewer 尚未实现
[2026-05-18 15:09:09] [Coordinator] [WARNING] Reviewer 第3章失败，重试(3/3)
[2026-05-18 15:09:09] [Coordinator] [ERROR] 未找到 reviewer.py，且框架内置 Reviewer 尚未实现
[2026-05-18 15:09:09] [Coordinator] [WARNING] Reviewer 第20章失败，重试(2/3)
[2026-05-18 15:09:09] [Coordinator] [ERROR] 未找到 reviewer.py，且框架内置 Reviewer 尚未实现
[2026-05-18 15:09:09] [Coordinator] [ERROR] 未找到 reviewer.py，且框架内置 Reviewer 尚未实现
[2026-05-18 15:09:09] [Coordinator] [WARNING] Reviewer 第1章失败，重试(3/3)
[2026-05-18 15:09:09] [Coordinator] [ERROR] 未找到 reviewer.py，且框架内置 Reviewer 尚未实现
[2026-05-18 15:09:09] [Coordinator] [WARNING] Reviewer 第4章失败，重试(3/3)
[2026-05-18 15:09:09] [Coordinator] [WARNING] Reviewer 第2章失败，重试(3/3)
[2026-05-18 15:09:09] [Coordinator] [ERROR] 未找到 reviewer.py，且框架内置 Reviewer 尚未实现
[2026-05-18 15:09:09] [Coordinator] [WARNING] Reviewer 第5章失败，重试(3/3)
[2026-05-18 15:09:09] [Coordinator] [ERROR] 未找到 reviewer.py，且框架内置 Reviewer 尚未实现
[2026-05-18 15:09:09] [Coordinator] [WARNING] Reviewer 第6章失败，重试(3/3)
[2026-05-18 15:09:09] [Coordinator] [ERROR] 未找到 reviewer.py，且框架内置 Reviewer 尚未实现
[2026-05-18 15:09:09] [Coordinator] [ERROR] 未找到 reviewer.py，且框架内置 Reviewer 尚未实现
[2026-05-18 15:09:09] [Coordinator] [WARNING] Reviewer 第7章失败，重试(3/3)
[2026-05-18 15:09:09] [Coordinator] [ERROR] 未找到 reviewer.py，且框架内置 Reviewer 尚未实现
[2026-05-18 15:09:09] [Coordinator] [WARNING] Reviewer 第9章失败，重试(3/3)
[2026-05-18 15:09:09] [Coordinator] [WARNING] Reviewer 第13章失败，重试(3/3)
[2026-05-18 15:09:09] [Coordinator] [ERROR] 未找到 reviewer.py，且框架内置 Reviewer 尚未实现
[2026-05-18 15:09:09] [Coordinator] [WARNING] Reviewer 第11章失败，重试(3/3)
[2026-05-18 15:09:09] [Coordinator] [ERROR] 未找到 reviewer.py，且框架内置 Reviewer 尚未实现
[2026-05-18 15:09:09] [Coordinator] [WARNING] Reviewer 第8章失败，重试(3/3)
[2026-05-18 15:09:09] [Coordinator] [ERROR] 未找到 reviewer.py，且框架内置 Reviewer 尚未实现
[2026-05-18 15:09:09] [Coordinator] [ERROR] 未找到 reviewer.py，且框架内置 Reviewer 尚未实现
[2026-05-18 15:09:09] [Coordinator] [WARNING] Reviewer 第10章失败，重试(3/3)
[2026-05-18 15:09:09] [Coordinator] [ERROR] 未找到 reviewer.py，且框架内置 Reviewer 尚未实现
[2026-05-18 15:09:09] [Coordinator] [WARNING] Reviewer 第14章失败，重试(3/3)
[2026-05-18 15:09:09] [Coordinator] [WARNING] Reviewer 第12章失败，重试(3/3)
[2026-05-18 15:09:09] [Coordinator] [ERROR] 未找到 reviewer.py，且框架内置 Reviewer 尚未实现
[2026-05-18 15:09:09] [Coordinator] [WARNING] Reviewer 第17章失败，重试(3/3)
[2026-05-18 15:09:09] [Coordinator] [ERROR] 未找到 reviewer.py，且框架内置 Reviewer 尚未实现
[2026-05-18 15:09:09] [Coordinator] [WARNING] Reviewer 第16章失败，重试(3/3)
[2026-05-18 15:09:09] [Coordinator] [ERROR] 未找到 reviewer.py，且框架内置 Reviewer 尚未实现
[2026-05-18 15:09:09] [Coordinator] [ERROR] 未找到 reviewer.py，且框架内置 Reviewer 尚未实现
[2026-05-18 15:09:09] [Coordinator] [WARNING] Reviewer 第15章失败，重试(3/3)
[2026-05-18 15:09:09] [Coordinator] [ERROR] 未找到 reviewer.py，且框架内置 Reviewer 尚未实现
[2026-05-18 15:09:09] [Coordinator] [WARNING] Reviewer 第18章失败，重试(3/3)
[2026-05-18 15:09:09] [Coordinator] [WARNING] Reviewer 第19章失败，重试(3/3)
[2026-05-18 15:09:09] [Coordinator] [ERROR] 未找到 reviewer.py，且框架内置 Reviewer 尚未实现
[2026-05-18 15:09:09] [Coordinator] [ERROR] Reviewer 第3章彻底失败
[2026-05-18 15:09:09] [Coordinator] [ERROR] 未找到 reviewer.py，且框架内置 Reviewer 尚未实现
[2026-05-18 15:09:09] [Coordinator] [WARNING] Reviewer 第20章失败，重试(3/3)
[2026-05-18 15:09:09] [Coordinator] [ERROR] 未找到 reviewer.py，且框架内置 Reviewer 尚未实现
[2026-05-18 15:09:09] [Coordinator] [ERROR] 未找到 reviewer.py，且框架内置 Reviewer 尚未实现
[2026-05-18 15:09:09] [Coordinator] [ERROR] Reviewer 第1章彻底失败
[2026-05-18 15:09:09] [Coordinator] [ERROR] 未找到 reviewer.py，且框架内置 Reviewer 尚未实现
[2026-05-18 15:09:09] [Coordinator] [ERROR] Reviewer 第4章彻底失败
[2026-05-18 15:09:09] [Coordinator] [ERROR] Reviewer 第2章彻底失败
[2026-05-18 15:09:09] [Coordinator] [ERROR] 未找到 reviewer.py，且框架内置 Reviewer 尚未实现
[2026-05-18 15:09:09] [Coordinator] [ERROR] Reviewer 第5章彻底失败
[2026-05-18 15:09:09] [Coordinator] [ERROR] 未找到 reviewer.py，且框架内置 Reviewer 尚未实现
[2026-05-18 15:09:09] [Coordinator] [ERROR] Reviewer 第6章彻底失败
[2026-05-18 15:09:09] [Coordinator] [ERROR] 未找到 reviewer.py，且框架内置 Reviewer 尚未实现
[2026-05-18 15:09:09] [Coordinator] [ERROR] 未找到 reviewer.py，且框架内置 Reviewer 尚未实现
[2026-05-18 15:09:09] [Coordinator] [ERROR] Reviewer 第7章彻底失败
[2026-05-18 15:09:09] [Coordinator] [ERROR] 未找到 reviewer.py，且框架内置 Reviewer 尚未实现
[2026-05-18 15:09:09] [Coordinator] [ERROR] Reviewer 第9章彻底失败
[2026-05-18 15:09:09] [Coordinator] [ERROR] Reviewer 第13章彻底失败
[2026-05-18 15:09:09] [Coordinator] [ERROR] 未找到 reviewer.py，且框架内置 Reviewer 尚未实现
[2026-05-18 15:09:09] [Coordinator] [ERROR] Reviewer 第11章彻底失败
[2026-05-18 15:09:09] [Coordinator] [ERROR] 未找到 reviewer.py，且框架内置 Reviewer 尚未实现
[2026-05-18 15:09:09] [Coordinator] [ERROR] Reviewer 第8章彻底失败
[2026-05-18 15:09:09] [Coordinator] [ERROR] 未找到 reviewer.py，且框架内置 Reviewer 尚未实现
[2026-05-18 15:09:09] [Coordinator] [ERROR] 未找到 reviewer.py，且框架内置 Reviewer 尚未实现
[2026-05-18 15:09:09] [Coordinator] [ERROR] Reviewer 第10章彻底失败
[2026-05-18 15:09:09] [Coordinator] [ERROR] 未找到 reviewer.py，且框架内置 Reviewer 尚未实现
[2026-05-18 15:09:09] [Coordinator] [ERROR] Reviewer 第14章彻底失败
[2026-05-18 15:09:09] [Coordinator] [ERROR] Reviewer 第12章彻底失败
[2026-05-18 15:09:09] [Coordinator] [ERROR] 未找到 reviewer.py，且框架内置 Reviewer 尚未实现
[2026-05-18 15:09:09] [Coordinator] [ERROR] Reviewer 第17章彻底失败
[2026-05-18 15:09:09] [Coordinator] [ERROR] 未找到 reviewer.py，且框架内置 Reviewer 尚未实现
[2026-05-18 15:09:09] [Coordinator] [ERROR] Reviewer 第16章彻底失败
[2026-05-18 15:09:09] [Coordinator] [ERROR] 未找到 reviewer.py，且框架内置 Reviewer 尚未实现
[2026-05-18 15:09:09] [Coordinator] [ERROR] 未找到 reviewer.py，且框架内置 Reviewer 尚未实现
[2026-05-18 15:09:09] [Coordinator] [ERROR] Reviewer 第15章彻底失败
[2026-05-18 15:09:09] [Coordinator] [ERROR] 未找到 reviewer.py，且框架内置 Reviewer 尚未实现
[2026-05-18 15:09:09] [Coordinator] [ERROR] Reviewer 第18章彻底失败
[2026-05-18 15:09:09] [Coordinator] [ERROR] 未找到 reviewer.py，且框架内置 Reviewer 尚未实现
[2026-05-18 15:09:09] [Coordinator] [ERROR] Reviewer 第20章彻底失败
[2026-05-18 15:09:09] [Coordinator] [ERROR] Reviewer 第19章彻底失败
[2026-05-18 15:09:11] [Coordinator] [INFO] Reviewer 批次完成: 成功 0 章, 失败 20 章
[2026-05-18 15:09:11] [Coordinator] [WARNING] Reviewer 失败: [3, 2, 1, 4, 5, 6, 13, 7, 9, 11, 8, 12, 10, 14, 17, 16, 19, 15, 18, 20]
[2026-05-18 15:09:11] [Coordinator] [INFO] 检测到 20 章草稿缺失，开始补全...
[2026-05-18 15:09:11] [Coordinator] [INFO] 工作队列: 20 个任务, 3 workers [FillDraft]
[2026-05-18 15:09:11] [Coordinator] [ERROR] 未找到 writer.py，且框架内置 Writer 尚未实现
[2026-05-18 15:09:11] [Coordinator] [WARNING] FillDraft 第1章失败，重试(1/3)
[2026-05-18 15:09:11] [Coordinator] [ERROR] 未找到 writer.py，且框架内置 Writer 尚未实现
[2026-05-18 15:09:11] [Coordinator] [WARNING] FillDraft 第4章失败，重试(1/3)
[2026-05-18 15:09:11] [Coordinator] [ERROR] 未找到 writer.py，且框架内置 Writer 尚未实现
[2026-05-18 15:09:11] [Coordinator] [ERROR] 未找到 writer.py，且框架内置 Writer 尚未实现
[2026-05-18 15:09:11] [Coordinator] [ERROR] 未找到 writer.py，且框架内置 Writer 尚未实现
[2026-05-18 15:09:11] [Coordinator] [WARNING] FillDraft 第3章失败，重试(1/3)
[2026-05-18 15:09:11] [Coordinator] [WARNING] FillDraft 第2章失败，重试(1/3)
[2026-05-18 15:09:11] [Coordinator] [ERROR] 未找到 writer.py，且框架内置 Writer 尚未实现
[2026-05-18 15:09:11] [Coordinator] [WARNING] FillDraft 第7章失败，重试(1/3)
[2026-05-18 15:09:11] [Coordinator] [WARNING] FillDraft 第5章失败，重试(1/3)
[2026-05-18 15:09:11] [Coordinator] [ERROR] 未找到 writer.py，且框架内置 Writer 尚未实现
[2026-05-18 15:09:11] [Coordinator] [WARNING] FillDraft 第9章失败，重试(1/3)
[2026-05-18 15:09:11] [Coordinator] [ERROR] 未找到 writer.py，且框架内置 Writer 尚未实现
[2026-05-18 15:09:11] [Coordinator] [ERROR] 未找到 writer.py，且框架内置 Writer 尚未实现
[2026-05-18 15:09:11] [Coordinator] [WARNING] FillDraft 第8章失败，重试(1/3)
[2026-05-18 15:09:11] [Coordinator] [ERROR] 未找到 writer.py，且框架内置 Writer 尚未实现
[2026-05-18 15:09:11] [Coordinator] [WARNING] FillDraft 第11章失败，重试(1/3)
[2026-05-18 15:09:11] [Coordinator] [ERROR] 未找到 writer.py，且框架内置 Writer 尚未实现
[2026-05-18 15:09:11] [Coordinator] [WARNING] FillDraft 第6章失败，重试(1/3)
[2026-05-18 15:09:11] [Coordinator] [ERROR] 未找到 writer.py，且框架内置 Writer 尚未实现
[2026-05-18 15:09:11] [Coordinator] [WARNING] FillDraft 第12章失败，重试(1/3)
[2026-05-18 15:09:11] [Coordinator] [ERROR] 未找到 writer.py，且框架内置 Writer 尚未实现
[2026-05-18 15:09:11] [Coordinator] [WARNING] FillDraft 第13章失败，重试(1/3)
[2026-05-18 15:09:11] [Coordinator] [ERROR] 未找到 writer.py，且框架内置 Writer 尚未实现
[2026-05-18 15:09:11] [Coordinator] [WARNING] FillDraft 第14章失败，重试(1/3)
[2026-05-18 15:09:11] [Coordinator] [ERROR] 未找到 writer.py，且框架内置 Writer 尚未实现
[2026-05-18 15:09:11] [Coordinator] [WARNING] FillDraft 第16章失败，重试(1/3)
[2026-05-18 15:09:11] [Coordinator] [ERROR] 未找到 writer.py，且框架内置 Writer 尚未实现
[2026-05-18 15:09:11] [Coordinator] [WARNING] FillDraft 第10章失败，重试(1/3)
[2026-05-18 15:09:11] [Coordinator] [ERROR] 未找到 writer.py，且框架内置 Writer 尚未实现
[2026-05-18 15:09:11] [Coordinator] [ERROR] 未找到 writer.py，且框架内置 Writer 尚未实现
[2026-05-18 15:09:11] [Coordinator] [WARNING] FillDraft 第15章失败，重试(1/3)
[2026-05-18 15:09:11] [Coordinator] [ERROR] 未找到 writer.py，且框架内置 Writer 尚未实现
[2026-05-18 15:09:11] [Coordinator] [WARNING] FillDraft 第19章失败，重试(1/3)
[2026-05-18 15:09:11] [Coordinator] [ERROR] 未找到 writer.py，且框架内置 Writer 尚未实现
[2026-05-18 15:09:11] [Coordinator] [WARNING] FillDraft 第17章失败，重试(1/3)
[2026-05-18 15:09:11] [Coordinator] [WARNING] FillDraft 第18章失败，重试(1/3)
[2026-05-18 15:09:11] [Coordinator] [ERROR] 未找到 writer.py，且框架内置 Writer 尚未实现
[2026-05-18 15:09:11] [Coordinator] [WARNING] FillDraft 第4章失败，重试(2/3)
[2026-05-18 15:09:11] [Coordinator] [ERROR] 未找到 writer.py，且框架内置 Writer 尚未实现
[2026-05-18 15:09:11] [Coordinator] [WARNING] FillDraft 第3章失败，重试(2/3)
[2026-05-18 15:09:11] [Coordinator] [ERROR] 未找到 writer.py，且框架内置 Writer 尚未实现
[2026-05-18 15:09:11] [Coordinator] [WARNING] FillDraft 第20章失败，重试(1/3)
[2026-05-18 15:09:11] [Coordinator] [ERROR] 未找到 writer.py，且框架内置 Writer 尚未实现
[2026-05-18 15:09:11] [Coordinator] [ERROR] 未找到 writer.py，且框架内置 Writer 尚未实现
[2026-05-18 15:09:11] [Coordinator] [WARNING] FillDraft 第1章失败，重试(2/3)
[2026-05-18 15:09:11] [Coordinator] [ERROR] 未找到 writer.py，且框架内置 Writer 尚未实现
[2026-05-18 15:09:11] [Coordinator] [WARNING] FillDraft 第5章失败，重试(2/3)
[2026-05-18 15:09:11] [Coordinator] [WARNING] FillDraft 第2章失败，重试(2/3)
[2026-05-18 15:09:11] [Coordinator] [ERROR] 未找到 writer.py，且框架内置 Writer 尚未实现
[2026-05-18 15:09:11] [Coordinator] [WARNING] FillDraft 第8章失败，重试(2/3)
[2026-05-18 15:09:11] [Coordinator] [WARNING] FillDraft 第7章失败，重试(2/3)
[2026-05-18 15:09:11] [Coordinator] [ERROR] 未找到 writer.py，且框架内置 Writer 尚未实现
[2026-05-18 15:09:11] [Coordinator] [WARNING] FillDraft 第6章失败，重试(2/3)
[2026-05-18 15:09:11] [Coordinator] [ERROR] 未找到 writer.py，且框架内置 Writer 尚未实现
[2026-05-18 15:09:11] [Coordinator] [ERROR] 未找到 writer.py，且框架内置 Writer 尚未实现
[2026-05-18 15:09:11] [Coordinator] [WARNING] FillDraft 第9章失败，重试(2/3)
[2026-05-18 15:09:11] [Coordinator] [ERROR] 未找到 writer.py，且框架内置 Writer 尚未实现
[2026-05-18 15:09:11] [Coordinator] [WARNING] FillDraft 第13章失败，重试(2/3)
[2026-05-18 15:09:11] [Coordinator] [ERROR] 未找到 writer.py，且框架内置 Writer 尚未实现
[2026-05-18 15:09:11] [Coordinator] [WARNING] FillDraft 第14章失败，重试(2/3)
[2026-05-18 15:09:11] [Coordinator] [ERROR] 未找到 writer.py，且框架内置 Writer 尚未实现
[2026-05-18 15:09:11] [Coordinator] [WARNING] FillDraft 第16章失败，重试(2/3)
[2026-05-18 15:09:11] [Coordinator] [ERROR] 未找到 writer.py，且框架内置 Writer 尚未实现
[2026-05-18 15:09:11] [Coordinator] [WARNING] FillDraft 第10章失败，重试(2/3)
[2026-05-18 15:09:11] [Coordinator] [ERROR] 未找到 writer.py，且框架内置 Writer 尚未实现
[2026-05-18 15:09:11] [Coordinator] [WARNING] FillDraft 第12章失败，重试(2/3)
[2026-05-18 15:09:11] [Coordinator] [ERROR] 未找到 writer.py，且框架内置 Writer 尚未实现
[2026-05-18 15:09:11] [Coordinator] [WARNING] FillDraft 第11章失败，重试(2/3)
[2026-05-18 15:09:11] [Coordinator] [ERROR] 未找到 writer.py，且框架内置 Writer 尚未实现
[2026-05-18 15:09:11] [Coordinator] [WARNING] FillDraft 第19章失败，重试(2/3)
[2026-05-18 15:09:11] [Coordinator] [ERROR] 未找到 writer.py，且框架内置 Writer 尚未实现
[2026-05-18 15:09:11] [Coordinator] [WARNING] FillDraft 第15章失败，重试(2/3)
[2026-05-18 15:09:11] [Coordinator] [ERROR] 未找到 writer.py，且框架内置 Writer 尚未实现
[2026-05-18 15:09:11] [Coordinator] [WARNING] FillDraft 第18章失败，重试(2/3)
[2026-05-18 15:09:11] [Coordinator] [ERROR] 未找到 writer.py，且框架内置 Writer 尚未实现
[2026-05-18 15:09:11] [Coordinator] [WARNING] FillDraft 第4章失败，重试(3/3)
[2026-05-18 15:09:11] [Coordinator] [ERROR] 未找到 writer.py，且框架内置 Writer 尚未实现
[2026-05-18 15:09:11] [Coordinator] [WARNING] FillDraft 第3章失败，重试(3/3)
[2026-05-18 15:09:11] [Coordinator] [ERROR] 未找到 writer.py，且框架内置 Writer 尚未实现
[2026-05-18 15:09:11] [Coordinator] [WARNING] FillDraft 第17章失败，重试(2/3)
[2026-05-18 15:09:11] [Coordinator] [ERROR] 未找到 writer.py，且框架内置 Writer 尚未实现
[2026-05-18 15:09:11] [Coordinator] [WARNING] FillDraft 第5章失败，重试(3/3)
[2026-05-18 15:09:11] [Coordinator] [ERROR] 未找到 writer.py，且框架内置 Writer 尚未实现
[2026-05-18 15:09:11] [Coordinator] [WARNING] FillDraft 第2章失败，重试(3/3)
[2026-05-18 15:09:11] [Coordinator] [ERROR] 未找到 writer.py，且框架内置 Writer 尚未实现
[2026-05-18 15:09:11] [Coordinator] [WARNING] FillDraft 第20章失败，重试(2/3)
[2026-05-18 15:09:11] [Coordinator] [ERROR] 未找到 writer.py，且框架内置 Writer 尚未实现
[2026-05-18 15:09:11] [Coordinator] [WARNING] FillDraft 第7章失败，重试(3/3)
[2026-05-18 15:09:11] [Coordinator] [ERROR] 未找到 writer.py，且框架内置 Writer 尚未实现
[2026-05-18 15:09:11] [Coordinator] [WARNING] FillDraft 第6章失败，重试(3/3)
[2026-05-18 15:09:11] [Coordinator] [WARNING] FillDraft 第1章失败，重试(3/3)
[2026-05-18 15:09:11] [Coordinator] [ERROR] 未找到 writer.py，且框架内置 Writer 尚未实现
[2026-05-18 15:09:11] [Coordinator] [WARNING] FillDraft 第8章失败，重试(3/3)
[2026-05-18 15:09:11] [Coordinator] [ERROR] 未找到 writer.py，且框架内置 Writer 尚未实现
[2026-05-18 15:09:11] [Coordinator] [WARNING] FillDraft 第14章失败，重试(3/3)
[2026-05-18 15:09:11] [Coordinator] [ERROR] 未找到 writer.py，且框架内置 Writer 尚未实现
[2026-05-18 15:09:11] [Coordinator] [ERROR] 未找到 writer.py，且框架内置 Writer 尚未实现
[2026-05-18 15:09:11] [Coordinator] [WARNING] FillDraft 第9章失败，重试(3/3)
[2026-05-18 15:09:11] [Coordinator] [ERROR] 未找到 writer.py，且框架内置 Writer 尚未实现
[2026-05-18 15:09:11] [Coordinator] [WARNING] FillDraft 第10章失败，重试(3/3)
[2026-05-18 15:09:11] [Coordinator] [ERROR] 未找到 writer.py，且框架内置 Writer 尚未实现
[2026-05-18 15:09:11] [Coordinator] [WARNING] FillDraft 第12章失败，重试(3/3)
[2026-05-18 15:09:11] [Coordinator] [ERROR] 未找到 writer.py，且框架内置 Writer 尚未实现
[2026-05-18 15:09:11] [Coordinator] [WARNING] FillDraft 第13章失败，重试(3/3)
[2026-05-18 15:09:11] [Coordinator] [ERROR] 未找到 writer.py，且框架内置 Writer 尚未实现
[2026-05-18 15:09:11] [Coordinator] [WARNING] FillDraft 第19章失败，重试(3/3)
[2026-05-18 15:09:11] [Coordinator] [ERROR] 未找到 writer.py，且框架内置 Writer 尚未实现
[2026-05-18 15:09:11] [Coordinator] [WARNING] FillDraft 第11章失败，重试(3/3)
[2026-05-18 15:09:11] [Coordinator] [ERROR] 未找到 writer.py，且框架内置 Writer 尚未实现
[2026-05-18 15:09:11] [Coordinator] [WARNING] FillDraft 第16章失败，重试(3/3)
[2026-05-18 15:09:11] [Coordinator] [ERROR] 未找到 writer.py，且框架内置 Writer 尚未实现
[2026-05-18 15:09:11] [Coordinator] [WARNING] FillDraft 第18章失败，重试(3/3)
[2026-05-18 15:09:11] [Coordinator] [ERROR] 未找到 writer.py，且框架内置 Writer 尚未实现
[2026-05-18 15:09:11] [Coordinator] [ERROR] FillDraft 第4章彻底失败
[2026-05-18 15:09:11] [Coordinator] [ERROR] 未找到 writer.py，且框架内置 Writer 尚未实现
[2026-05-18 15:09:11] [Coordinator] [WARNING] FillDraft 第15章失败，重试(3/3)
[2026-05-18 15:09:11] [Coordinator] [ERROR] 未找到 writer.py，且框架内置 Writer 尚未实现
[2026-05-18 15:09:11] [Coordinator] [ERROR] FillDraft 第3章彻底失败
[2026-05-18 15:09:11] [Coordinator] [ERROR] 未找到 writer.py，且框架内置 Writer 尚未实现
[2026-05-18 15:09:11] [Coordinator] [ERROR] FillDraft 第5章彻底失败
[2026-05-18 15:09:11] [Coordinator] [ERROR] 未找到 writer.py，且框架内置 Writer 尚未实现
[2026-05-18 15:09:11] [Coordinator] [WARNING] FillDraft 第17章失败，重试(3/3)
[2026-05-18 15:09:11] [Coordinator] [ERROR] 未找到 writer.py，且框架内置 Writer 尚未实现
[2026-05-18 15:09:11] [Coordinator] [ERROR] FillDraft 第7章彻底失败
[2026-05-18 15:09:11] [Coordinator] [ERROR] 未找到 writer.py，且框架内置 Writer 尚未实现
[2026-05-18 15:09:11] [Coordinator] [ERROR] FillDraft 第2章彻底失败
[2026-05-18 15:09:11] [Coordinator] [WARNING] FillDraft 第20章失败，重试(3/3)
[2026-05-18 15:09:11] [Coordinator] [ERROR] 未找到 writer.py，且框架内置 Writer 尚未实现
[2026-05-18 15:09:11] [Coordinator] [ERROR] FillDraft 第6章彻底失败
[2026-05-18 15:09:11] [Coordinator] [ERROR] 未找到 writer.py，且框架内置 Writer 尚未实现
[2026-05-18 15:09:11] [Coordinator] [ERROR] FillDraft 第8章彻底失败
[2026-05-18 15:09:11] [Coordinator] [ERROR] 未找到 writer.py，且框架内置 Writer 尚未实现
[2026-05-18 15:09:11] [Coordinator] [ERROR] 未找到 writer.py，且框架内置 Writer 尚未实现
[2026-05-18 15:09:11] [Coordinator] [ERROR] FillDraft 第1章彻底失败
[2026-05-18 15:09:11] [Coordinator] [ERROR] FillDraft 第14章彻底失败
[2026-05-18 15:09:11] [Coordinator] [ERROR] 未找到 writer.py，且框架内置 Writer 尚未实现
[2026-05-18 15:09:11] [Coordinator] [ERROR] FillDraft 第12章彻底失败
[2026-05-18 15:09:11] [Coordinator] [ERROR] 未找到 writer.py，且框架内置 Writer 尚未实现
[2026-05-18 15:09:11] [Coordinator] [ERROR] FillDraft 第9章彻底失败
[2026-05-18 15:09:11] [Coordinator] [ERROR] 未找到 writer.py，且框架内置 Writer 尚未实现
[2026-05-18 15:09:11] [Coordinator] [ERROR] 未找到 writer.py，且框架内置 Writer 尚未实现
[2026-05-18 15:09:11] [Coordinator] [ERROR] FillDraft 第10章彻底失败
[2026-05-18 15:09:11] [Coordinator] [ERROR] FillDraft 第13章彻底失败
[2026-05-18 15:09:11] [Coordinator] [ERROR] 未找到 writer.py，且框架内置 Writer 尚未实现
[2026-05-18 15:09:11] [Coordinator] [ERROR] FillDraft 第16章彻底失败
[2026-05-18 15:09:11] [Coordinator] [ERROR] 未找到 writer.py，且框架内置 Writer 尚未实现
[2026-05-18 15:09:11] [Coordinator] [ERROR] FillDraft 第19章彻底失败
[2026-05-18 15:09:11] [Coordinator] [ERROR] 未找到 writer.py，且框架内置 Writer 尚未实现
[2026-05-18 15:09:11] [Coordinator] [ERROR] 未找到 writer.py，且框架内置 Writer 尚未实现
[2026-05-18 15:09:11] [Coordinator] [ERROR] FillDraft 第11章彻底失败
[2026-05-18 15:09:11] [Coordinator] [ERROR] 未找到 writer.py，且框架内置 Writer 尚未实现
[2026-05-18 15:09:11] [Coordinator] [ERROR] FillDraft 第17章彻底失败
[2026-05-18 15:09:11] [Coordinator] [ERROR] 未找到 writer.py，且框架内置 Writer 尚未实现
[2026-05-18 15:09:11] [Coordinator] [ERROR] FillDraft 第20章彻底失败
[2026-05-18 15:09:11] [Coordinator] [ERROR] FillDraft 第18章彻底失败
[2026-05-18 15:09:11] [Coordinator] [ERROR] 未找到 writer.py，且框架内置 Writer 尚未实现
[2026-05-18 15:09:11] [Coordinator] [ERROR] FillDraft 第15章彻底失败
[2026-05-18 15:09:13] [Coordinator] [INFO] FillDraft 批次完成: 成功 0 章, 失败 20 章
[2026-05-18 15:09:13] [Coordinator] [INFO] 检测到 20 章审查缺失，开始补全...
[2026-05-18 15:09:13] [Coordinator] [INFO] 工作队列: 20 个任务, 3 workers [FillReview]
[2026-05-18 15:09:13] [Coordinator] [ERROR] 未找到 reviewer.py，且框架内置 Reviewer 尚未实现
[2026-05-18 15:09:13] [Coordinator] [WARNING] FillReview 第1章失败，重试(1/3)
[2026-05-18 15:09:13] [Coordinator] [ERROR] 未找到 reviewer.py，且框架内置 Reviewer 尚未实现
[2026-05-18 15:09:13] [Coordinator] [WARNING] FillReview 第4章失败，重试(1/3)
[2026-05-18 15:09:13] [Coordinator] [ERROR] 未找到 reviewer.py，且框架内置 Reviewer 尚未实现
[2026-05-18 15:09:13] [Coordinator] [WARNING] FillReview 第3章失败，重试(1/3)
[2026-05-18 15:09:13] [Coordinator] [ERROR] 未找到 reviewer.py，且框架内置 Reviewer 尚未实现
[2026-05-18 15:09:13] [Coordinator] [ERROR] 未找到 reviewer.py，且框架内置 Reviewer 尚未实现
[2026-05-18 15:09:13] [Coordinator] [WARNING] FillReview 第2章失败，重试(1/3)
[2026-05-18 15:09:13] [Coordinator] [WARNING] FillReview 第6章失败，重试(1/3)
[2026-05-18 15:09:13] [Coordinator] [ERROR] 未找到 reviewer.py，且框架内置 Reviewer 尚未实现
[2026-05-18 15:09:13] [Coordinator] [WARNING] FillReview 第5章失败，重试(1/3)
[2026-05-18 15:09:13] [Coordinator] [ERROR] 未找到 reviewer.py，且框架内置 Reviewer 尚未实现
[2026-05-18 15:09:13] [Coordinator] [WARNING] FillReview 第8章失败，重试(1/3)
[2026-05-18 15:09:13] [Coordinator] [ERROR] 未找到 reviewer.py，且框架内置 Reviewer 尚未实现
[2026-05-18 15:09:13] [Coordinator] [ERROR] 未找到 reviewer.py，且框架内置 Reviewer 尚未实现
[2026-05-18 15:09:13] [Coordinator] [WARNING] FillReview 第7章失败，重试(1/3)
[2026-05-18 15:09:13] [Coordinator] [ERROR] 未找到 reviewer.py，且框架内置 Reviewer 尚未实现
[2026-05-18 15:09:13] [Coordinator] [WARNING] FillReview 第11章失败，重试(1/3)
[2026-05-18 15:09:13] [Coordinator] [ERROR] 未找到 reviewer.py，且框架内置 Reviewer 尚未实现
[2026-05-18 15:09:13] [Coordinator] [WARNING] FillReview 第12章失败，重试(1/3)
[2026-05-18 15:09:13] [Coordinator] [ERROR] 未找到 reviewer.py，且框架内置 Reviewer 尚未实现
[2026-05-18 15:09:13] [Coordinator] [WARNING] FillReview 第13章失败，重试(1/3)
[2026-05-18 15:09:13] [Coordinator] [ERROR] 未找到 reviewer.py，且框架内置 Reviewer 尚未实现
[2026-05-18 15:09:13] [Coordinator] [WARNING] FillReview 第9章失败，重试(1/3)
[2026-05-18 15:09:13] [Coordinator] [ERROR] 未找到 reviewer.py，且框架内置 Reviewer 尚未实现
[2026-05-18 15:09:13] [Coordinator] [WARNING] FillReview 第15章失败，重试(1/3)
[2026-05-18 15:09:13] [Coordinator] [ERROR] 未找到 reviewer.py，且框架内置 Reviewer 尚未实现
[2026-05-18 15:09:13] [Coordinator] [WARNING] FillReview 第14章失败，重试(1/3)
[2026-05-18 15:09:13] [Coordinator] [ERROR] 未找到 reviewer.py，且框架内置 Reviewer 尚未实现
[2026-05-18 15:09:13] [Coordinator] [WARNING] FillReview 第17章失败，重试(1/3)
[2026-05-18 15:09:13] [Coordinator] [ERROR] 未找到 reviewer.py，且框架内置 Reviewer 尚未实现
[2026-05-18 15:09:13] [Coordinator] [WARNING] FillReview 第10章失败，重试(1/3)
[2026-05-18 15:09:13] [Coordinator] [ERROR] 未找到 reviewer.py，且框架内置 Reviewer 尚未实现
[2026-05-18 15:09:13] [Coordinator] [WARNING] FillReview 第19章失败，重试(1/3)
[2026-05-18 15:09:13] [Coordinator] [ERROR] 未找到 reviewer.py，且框架内置 Reviewer 尚未实现
[2026-05-18 15:09:13] [Coordinator] [WARNING] FillReview 第18章失败，重试(1/3)
[2026-05-18 15:09:13] [Coordinator] [ERROR] 未找到 reviewer.py，且框架内置 Reviewer 尚未实现
[2026-05-18 15:09:13] [Coordinator] [WARNING] FillReview 第1章失败，重试(2/3)
[2026-05-18 15:09:13] [Coordinator] [ERROR] 未找到 reviewer.py，且框架内置 Reviewer 尚未实现
[2026-05-18 15:09:13] [Coordinator] [WARNING] FillReview 第16章失败，重试(1/3)
[2026-05-18 15:09:13] [Coordinator] [ERROR] 未找到 reviewer.py，且框架内置 Reviewer 尚未实现
[2026-05-18 15:09:13] [Coordinator] [WARNING] FillReview 第4章失败，重试(2/3)
[2026-05-18 15:09:13] [Coordinator] [ERROR] 未找到 reviewer.py，且框架内置 Reviewer 尚未实现
[2026-05-18 15:09:13] [Coordinator] [WARNING] FillReview 第3章失败，重试(2/3)
[2026-05-18 15:09:13] [Coordinator] [ERROR] 未找到 reviewer.py，且框架内置 Reviewer 尚未实现
[2026-05-18 15:09:13] [Coordinator] [WARNING] FillReview 第2章失败，重试(2/3)
[2026-05-18 15:09:13] [Coordinator] [ERROR] 未找到 reviewer.py，且框架内置 Reviewer 尚未实现
[2026-05-18 15:09:13] [Coordinator] [WARNING] FillReview 第20章失败，重试(1/3)
[2026-05-18 15:09:13] [Coordinator] [ERROR] 未找到 reviewer.py，且框架内置 Reviewer 尚未实现
[2026-05-18 15:09:13] [Coordinator] [WARNING] FillReview 第8章失败，重试(2/3)
[2026-05-18 15:09:13] [Coordinator] [ERROR] 未找到 reviewer.py，且框架内置 Reviewer 尚未实现
[2026-05-18 15:09:13] [Coordinator] [WARNING] FillReview 第5章失败，重试(2/3)
[2026-05-18 15:09:13] [Coordinator] [ERROR] 未找到 reviewer.py，且框架内置 Reviewer 尚未实现
[2026-05-18 15:09:13] [Coordinator] [WARNING] FillReview 第7章失败，重试(2/3)
[2026-05-18 15:09:13] [Coordinator] [ERROR] 未找到 reviewer.py，且框架内置 Reviewer 尚未实现
[2026-05-18 15:09:13] [Coordinator] [WARNING] FillReview 第6章失败，重试(2/3)
[2026-05-18 15:09:13] [Coordinator] [ERROR] 未找到 reviewer.py，且框架内置 Reviewer 尚未实现
[2026-05-18 15:09:13] [Coordinator] [WARNING] FillReview 第12章失败，重试(2/3)
[2026-05-18 15:09:13] [Coordinator] [ERROR] 未找到 reviewer.py，且框架内置 Reviewer 尚未实现
[2026-05-18 15:09:13] [Coordinator] [WARNING] FillReview 第9章失败，重试(2/3)
[2026-05-18 15:09:13] [Coordinator] [ERROR] 未找到 reviewer.py，且框架内置 Reviewer 尚未实现
[2026-05-18 15:09:13] [Coordinator] [WARNING] FillReview 第13章失败，重试(2/3)
[2026-05-18 15:09:13] [Coordinator] [ERROR] 未找到 reviewer.py，且框架内置 Reviewer 尚未实现
[2026-05-18 15:09:13] [Coordinator] [WARNING] FillReview 第11章失败，重试(2/3)
[2026-05-18 15:09:13] [Coordinator] [ERROR] 未找到 reviewer.py，且框架内置 Reviewer 尚未实现
[2026-05-18 15:09:13] [Coordinator] [WARNING] FillReview 第14章失败，重试(2/3)
[2026-05-18 15:09:13] [Coordinator] [ERROR] 未找到 reviewer.py，且框架内置 Reviewer 尚未实现
[2026-05-18 15:09:13] [Coordinator] [WARNING] FillReview 第17章失败，重试(2/3)
[2026-05-18 15:09:13] [Coordinator] [ERROR] 未找到 reviewer.py，且框架内置 Reviewer 尚未实现
[2026-05-18 15:09:13] [Coordinator] [WARNING] FillReview 第10章失败，重试(2/3)
[2026-05-18 15:09:13] [Coordinator] [ERROR] 未找到 reviewer.py，且框架内置 Reviewer 尚未实现
[2026-05-18 15:09:13] [Coordinator] [WARNING] FillReview 第15章失败，重试(2/3)
[2026-05-18 15:09:13] [Coordinator] [ERROR] 未找到 reviewer.py，且框架内置 Reviewer 尚未实现
[2026-05-18 15:09:13] [Coordinator] [WARNING] FillReview 第18章失败，重试(2/3)
[2026-05-18 15:09:13] [Coordinator] [ERROR] 未找到 reviewer.py，且框架内置 Reviewer 尚未实现
[2026-05-18 15:09:13] [Coordinator] [WARNING] FillReview 第1章失败，重试(3/3)
[2026-05-18 15:09:13] [Coordinator] [ERROR] 未找到 reviewer.py，且框架内置 Reviewer 尚未实现
[2026-05-18 15:09:13] [Coordinator] [WARNING] FillReview 第19章失败，重试(2/3)
[2026-05-18 15:09:13] [Coordinator] [ERROR] 未找到 reviewer.py，且框架内置 Reviewer 尚未实现
[2026-05-18 15:09:13] [Coordinator] [WARNING] FillReview 第3章失败，重试(3/3)
[2026-05-18 15:09:13] [Coordinator] [ERROR] 未找到 reviewer.py，且框架内置 Reviewer 尚未实现
[2026-05-18 15:09:13] [Coordinator] [WARNING] FillReview 第2章失败，重试(3/3)
[2026-05-18 15:09:13] [Coordinator] [WARNING] FillReview 第4章失败，重试(3/3)
[2026-05-18 15:09:13] [Coordinator] [ERROR] 未找到 reviewer.py，且框架内置 Reviewer 尚未实现
[2026-05-18 15:09:13] [Coordinator] [WARNING] FillReview 第16章失败，重试(2/3)
[2026-05-18 15:09:13] [Coordinator] [ERROR] 未找到 reviewer.py，且框架内置 Reviewer 尚未实现
[2026-05-18 15:09:13] [Coordinator] [WARNING] FillReview 第8章失败，重试(3/3)
[2026-05-18 15:09:13] [Coordinator] [ERROR] 未找到 reviewer.py，且框架内置 Reviewer 尚未实现
[2026-05-18 15:09:13] [Coordinator] [ERROR] 未找到 reviewer.py，且框架内置 Reviewer 尚未实现
[2026-05-18 15:09:13] [Coordinator] [WARNING] FillReview 第20章失败，重试(2/3)
[2026-05-18 15:09:13] [Coordinator] [WARNING] FillReview 第5章失败，重试(3/3)
[2026-05-18 15:09:13] [Coordinator] [ERROR] 未找到 reviewer.py，且框架内置 Reviewer 尚未实现
[2026-05-18 15:09:13] [Coordinator] [WARNING] FillReview 第7章失败，重试(3/3)
[2026-05-18 15:09:13] [Coordinator] [ERROR] 未找到 reviewer.py，且框架内置 Reviewer 尚未实现
[2026-05-18 15:09:13] [Coordinator] [WARNING] FillReview 第12章失败，重试(3/3)
[2026-05-18 15:09:13] [Coordinator] [ERROR] 未找到 reviewer.py，且框架内置 Reviewer 尚未实现
[2026-05-18 15:09:13] [Coordinator] [ERROR] 未找到 reviewer.py，且框架内置 Reviewer 尚未实现
[2026-05-18 15:09:13] [Coordinator] [WARNING] FillReview 第6章失败，重试(3/3)
[2026-05-18 15:09:13] [Coordinator] [WARNING] FillReview 第9章失败，重试(3/3)
[2026-05-18 15:09:13] [Coordinator] [ERROR] 未找到 reviewer.py，且框架内置 Reviewer 尚未实现
[2026-05-18 15:09:13] [Coordinator] [WARNING] FillReview 第13章失败，重试(3/3)
[2026-05-18 15:09:13] [Coordinator] [ERROR] 未找到 reviewer.py，且框架内置 Reviewer 尚未实现
[2026-05-18 15:09:13] [Coordinator] [WARNING] FillReview 第14章失败，重试(3/3)
[2026-05-18 15:09:13] [Coordinator] [ERROR] 未找到 reviewer.py，且框架内置 Reviewer 尚未实现
[2026-05-18 15:09:13] [Coordinator] [ERROR] 未找到 reviewer.py，且框架内置 Reviewer 尚未实现
[2026-05-18 15:09:13] [Coordinator] [WARNING] FillReview 第11章失败，重试(3/3)
[2026-05-18 15:09:13] [Coordinator] [WARNING] FillReview 第17章失败，重试(3/3)
[2026-05-18 15:09:13] [Coordinator] [ERROR] 未找到 reviewer.py，且框架内置 Reviewer 尚未实现
[2026-05-18 15:09:13] [Coordinator] [WARNING] FillReview 第10章失败，重试(3/3)
[2026-05-18 15:09:13] [Coordinator] [ERROR] 未找到 reviewer.py，且框架内置 Reviewer 尚未实现
[2026-05-18 15:09:13] [Coordinator] [WARNING] FillReview 第18章失败，重试(3/3)
[2026-05-18 15:09:13] [Coordinator] [ERROR] 未找到 reviewer.py，且框架内置 Reviewer 尚未实现
[2026-05-18 15:09:13] [Coordinator] [ERROR] 未找到 reviewer.py，且框架内置 Reviewer 尚未实现
[2026-05-18 15:09:13] [Coordinator] [WARNING] FillReview 第15章失败，重试(3/3)
[2026-05-18 15:09:13] [Coordinator] [ERROR] FillReview 第1章彻底失败
[2026-05-18 15:09:13] [Coordinator] [ERROR] 未找到 reviewer.py，且框架内置 Reviewer 尚未实现
[2026-05-18 15:09:13] [Coordinator] [WARNING] FillReview 第19章失败，重试(3/3)
[2026-05-18 15:09:13] [Coordinator] [ERROR] 未找到 reviewer.py，且框架内置 Reviewer 尚未实现
[2026-05-18 15:09:13] [Coordinator] [ERROR] FillReview 第2章彻底失败
[2026-05-18 15:09:13] [Coordinator] [ERROR] 未找到 reviewer.py，且框架内置 Reviewer 尚未实现
[2026-05-18 15:09:13] [Coordinator] [WARNING] FillReview 第16章失败，重试(3/3)
[2026-05-18 15:09:13] [Coordinator] [ERROR] 未找到 reviewer.py，且框架内置 Reviewer 尚未实现
[2026-05-18 15:09:13] [Coordinator] [ERROR] 未找到 reviewer.py，且框架内置 Reviewer 尚未实现
[2026-05-18 15:09:13] [Coordinator] [ERROR] FillReview 第3章彻底失败
[2026-05-18 15:09:13] [Coordinator] [ERROR] FillReview 第4章彻底失败
[2026-05-18 15:09:13] [Coordinator] [ERROR] 未找到 reviewer.py，且框架内置 Reviewer 尚未实现
[2026-05-18 15:09:13] [Coordinator] [ERROR] FillReview 第8章彻底失败
[2026-05-18 15:09:13] [Coordinator] [ERROR] 未找到 reviewer.py，且框架内置 Reviewer 尚未实现
[2026-05-18 15:09:13] [Coordinator] [ERROR] FillReview 第5章彻底失败
[2026-05-18 15:09:13] [Coordinator] [ERROR] 未找到 reviewer.py，且框架内置 Reviewer 尚未实现
[2026-05-18 15:09:13] [Coordinator] [ERROR] 未找到 reviewer.py，且框架内置 Reviewer 尚未实现
[2026-05-18 15:09:13] [Coordinator] [WARNING] FillReview 第20章失败，重试(3/3)
[2026-05-18 15:09:13] [Coordinator] [ERROR] FillReview 第7章彻底失败
[2026-05-18 15:09:13] [Coordinator] [ERROR] 未找到 reviewer.py，且框架内置 Reviewer 尚未实现
[2026-05-18 15:09:13] [Coordinator] [ERROR] FillReview 第12章彻底失败
[2026-05-18 15:09:13] [Coordinator] [ERROR] 未找到 reviewer.py，且框架内置 Reviewer 尚未实现
[2026-05-18 15:09:13] [Coordinator] [ERROR] FillReview 第9章彻底失败
[2026-05-18 15:09:13] [Coordinator] [ERROR] 未找到 reviewer.py，且框架内置 Reviewer 尚未实现
[2026-05-18 15:09:13] [Coordinator] [ERROR] FillReview 第13章彻底失败
[2026-05-18 15:09:13] [Coordinator] [ERROR] 未找到 reviewer.py，且框架内置 Reviewer 尚未实现
[2026-05-18 15:09:13] [Coordinator] [ERROR] 未找到 reviewer.py，且框架内置 Reviewer 尚未实现
[2026-05-18 15:09:13] [Coordinator] [ERROR] FillReview 第6章彻底失败
[2026-05-18 15:09:13] [Coordinator] [ERROR] FillReview 第14章彻底失败
[2026-05-18 15:09:13] [Coordinator] [ERROR] 未找到 reviewer.py，且框架内置 Reviewer 尚未实现
[2026-05-18 15:09:13] [Coordinator] [ERROR] FillReview 第11章彻底失败
[2026-05-18 15:09:13] [Coordinator] [ERROR] 未找到 reviewer.py，且框架内置 Reviewer 尚未实现
[2026-05-18 15:09:13] [Coordinator] [ERROR] FillReview 第10章彻底失败
[2026-05-18 15:09:13] [Coordinator] [ERROR] 未找到 reviewer.py，且框架内置 Reviewer 尚未实现
[2026-05-18 15:09:13] [Coordinator] [ERROR] FillReview 第18章彻底失败
[2026-05-18 15:09:13] [Coordinator] [ERROR] 未找到 reviewer.py，且框架内置 Reviewer 尚未实现
[2026-05-18 15:09:13] [Coordinator] [ERROR] 未找到 reviewer.py，且框架内置 Reviewer 尚未实现
[2026-05-18 15:09:13] [Coordinator] [ERROR] FillReview 第17章彻底失败
[2026-05-18 15:09:13] [Coordinator] [ERROR] FillReview 第15章彻底失败
[2026-05-18 15:09:13] [Coordinator] [ERROR] 未找到 reviewer.py，且框架内置 Reviewer 尚未实现
[2026-05-18 15:09:13] [Coordinator] [ERROR] FillReview 第19章彻底失败
[2026-05-18 15:09:13] [Coordinator] [ERROR] 未找到 reviewer.py，且框架内置 Reviewer 尚未实现
[2026-05-18 15:09:13] [Coordinator] [ERROR] FillReview 第20章彻底失败
[2026-05-18 15:09:13] [Coordinator] [ERROR] 未找到 reviewer.py，且框架内置 Reviewer 尚未实现
[2026-05-18 15:09:13] [Coordinator] [ERROR] FillReview 第16章彻底失败
[2026-05-18 15:09:15] [Coordinator] [INFO] FillReview 批次完成: 成功 0 章, 失败 20 章
[2026-05-18 15:09:15] [Coordinator] [INFO] 已加入多媒体队列: 第1-20章 (队列长度 19)
[2026-05-18 15:09:15] [Coordinator] [INFO] 总结报告: 0/2000 章, 0 字, 平均评分 0.00, 需重写 0 章
[2026-05-18 15:09:18] [Coordinator] [INFO] ===== 开始第 21-40 章 =====
[2026-05-18 15:09:19] [Coordinator] [INFO] 工作队列: 20 个任务, 5 workers [Writer]
[2026-05-18 15:09:19] [Coordinator] [ERROR] 未找到 writer.py，且框架内置 Writer 尚未实现
[2026-05-18 15:09:19] [Coordinator] [WARNING] Writer 第21章失败，重试(1/3)
[2026-05-18 15:09:19] [Coordinator] [ERROR] 未找到 writer.py，且框架内置 Writer 尚未实现
[2026-05-18 15:09:19] [Coordinator] [WARNING] Writer 第23章失败，重试(1/3)
[2026-05-18 15:09:19] [Coordinator] [ERROR] 未找到 writer.py，且框架内置 Writer 尚未实现
[2026-05-18 15:09:19] [Coordinator] [ERROR] 未找到 writer.py，且框架内置 Writer 尚未实现
[2026-05-18 15:09:19] [Coordinator] [ERROR] 未找到 writer.py，且框架内置 Writer 尚未实现
[2026-05-18 15:09:19] [Coordinator] [ERROR] 未找到 writer.py，且框架内置 Writer 尚未实现
[2026-05-18 15:09:19] [Coordinator] [ERROR] 未找到 writer.py，且框架内置 Writer 尚未实现
[2026-05-18 15:09:19] [Coordinator] [WARNING] Writer 第25章失败，重试(1/3)
[2026-05-18 15:09:19] [Coordinator] [WARNING] Writer 第22章失败，重试(1/3)
[2026-05-18 15:09:19] [Coordinator] [WARNING] Writer 第26章失败，重试(1/3)
[2026-05-18 15:09:19] [Coordinator] [WARNING] Writer 第24章失败，重试(1/3)
[2026-05-18 15:09:19] [Coordinator] [WARNING] Writer 第27章失败，重试(1/3)
[2026-05-18 15:09:19] [Coordinator] [ERROR] 未找到 writer.py，且框架内置 Writer 尚未实现
[2026-05-18 15:09:19] [Coordinator] [WARNING] Writer 第32章失败，重试(1/3)
[2026-05-18 15:09:19] [Coordinator] [ERROR] 未找到 writer.py，且框架内置 Writer 尚未实现
[2026-05-18 15:09:19] [Coordinator] [WARNING] Writer 第30章失败，重试(1/3)
[2026-05-18 15:09:19] [Coordinator] [ERROR] 未找到 writer.py，且框架内置 Writer 尚未实现
[2026-05-18 15:09:19] [Coordinator] [ERROR] 未找到 writer.py，且框架内置 Writer 尚未实现
[2026-05-18 15:09:19] [Coordinator] [WARNING] Writer 第29章失败，重试(1/3)
[2026-05-18 15:09:19] [Coordinator] [ERROR] 未找到 writer.py，且框架内置 Writer 尚未实现
[2026-05-18 15:09:19] [Coordinator] [WARNING] Writer 第31章失败，重试(1/3)
[2026-05-18 15:09:19] [Coordinator] [WARNING] Writer 第28章失败，重试(1/3)
[2026-05-18 15:09:19] [Coordinator] [ERROR] 未找到 writer.py，且框架内置 Writer 尚未实现
[2026-05-18 15:09:19] [Coordinator] [WARNING] Writer 第33章失败，重试(1/3)
[2026-05-18 15:09:19] [Coordinator] [ERROR] 未找到 writer.py，且框架内置 Writer 尚未实现
[2026-05-18 15:09:19] [Coordinator] [WARNING] Writer 第34章失败，重试(1/3)
[2026-05-18 15:09:19] [Coordinator] [ERROR] 未找到 writer.py，且框架内置 Writer 尚未实现
[2026-05-18 15:09:19] [Coordinator] [ERROR] 未找到 writer.py，且框架内置 Writer 尚未实现
[2026-05-18 15:09:19] [Coordinator] [WARNING] Writer 第35章失败，重试(1/3)
[2026-05-18 15:09:19] [Coordinator] [ERROR] 未找到 writer.py，且框架内置 Writer 尚未实现
[2026-05-18 15:09:19] [Coordinator] [WARNING] Writer 第36章失败，重试(1/3)
[2026-05-18 15:09:19] [Coordinator] [ERROR] 未找到 writer.py，且框架内置 Writer 尚未实现
[2026-05-18 15:09:19] [Coordinator] [ERROR] 未找到 writer.py，且框架内置 Writer 尚未实现
[2026-05-18 15:09:19] [Coordinator] [WARNING] Writer 第38章失败，重试(1/3)
[2026-05-18 15:09:19] [Coordinator] [ERROR] 未找到 writer.py，且框架内置 Writer 尚未实现
[2026-05-18 15:09:19] [Coordinator] [WARNING] Writer 第37章失败，重试(1/3)
[2026-05-18 15:09:19] [Coordinator] [WARNING] Writer 第21章失败，重试(2/3)
[2026-05-18 15:09:19] [Coordinator] [ERROR] 未找到 writer.py，且框架内置 Writer 尚未实现
[2026-05-18 15:09:19] [Coordinator] [WARNING] Writer 第40章失败，重试(1/3)
[2026-05-18 15:09:19] [Coordinator] [ERROR] 未找到 writer.py，且框架内置 Writer 尚未实现
[2026-05-18 15:09:19] [Coordinator] [WARNING] Writer 第26章失败，重试(2/3)
[2026-05-18 15:09:19] [Coordinator] [ERROR] 未找到 writer.py，且框架内置 Writer 尚未实现
[2026-05-18 15:09:19] [Coordinator] [ERROR] 未找到 writer.py，且框架内置 Writer 尚未实现
[2026-05-18 15:09:19] [Coordinator] [WARNING] Writer 第39章失败，重试(1/3)
[2026-05-18 15:09:19] [Coordinator] [ERROR] 未找到 writer.py，且框架内置 Writer 尚未实现
[2026-05-18 15:09:19] [Coordinator] [WARNING] Writer 第25章失败，重试(2/3)
[2026-05-18 15:09:19] [Coordinator] [WARNING] Writer 第22章失败，重试(2/3)
[2026-05-18 15:09:19] [Coordinator] [WARNING] Writer 第23章失败，重试(2/3)
[2026-05-18 15:09:19] [Coordinator] [ERROR] 未找到 writer.py，且框架内置 Writer 尚未实现
[2026-05-18 15:09:19] [Coordinator] [ERROR] 未找到 writer.py，且框架内置 Writer 尚未实现
[2026-05-18 15:09:19] [Coordinator] [ERROR] 未找到 writer.py，且框架内置 Writer 尚未实现
[2026-05-18 15:09:19] [Coordinator] [WARNING] Writer 第32章失败，重试(2/3)
[2026-05-18 15:09:19] [Coordinator] [ERROR] 未找到 writer.py，且框架内置 Writer 尚未实现
[2026-05-18 15:09:19] [Coordinator] [WARNING] Writer 第31章失败，重试(2/3)
[2026-05-18 15:09:19] [Coordinator] [WARNING] Writer 第24章失败，重试(2/3)
[2026-05-18 15:09:19] [Coordinator] [ERROR] 未找到 writer.py，且框架内置 Writer 尚未实现
[2026-05-18 15:09:19] [Coordinator] [ERROR] 未找到 writer.py，且框架内置 Writer 尚未实现
[2026-05-18 15:09:19] [Coordinator] [WARNING] Writer 第27章失败，重试(2/3)
[2026-05-18 15:09:19] [Coordinator] [ERROR] 未找到 writer.py，且框架内置 Writer 尚未实现
[2026-05-18 15:09:19] [Coordinator] [WARNING] Writer 第28章失败，重试(2/3)
[2026-05-18 15:09:19] [Coordinator] [WARNING] Writer 第30章失败，重试(2/3)
[2026-05-18 15:09:19] [Coordinator] [WARNING] Writer 第29章失败，重试(2/3)
[2026-05-18 15:09:19] [Coordinator] [ERROR] 未找到 writer.py，且框架内置 Writer 尚未实现
[2026-05-18 15:09:19] [Coordinator] [ERROR] 未找到 writer.py，且框架内置 Writer 尚未实现
[2026-05-18 15:09:19] [Coordinator] [WARNING] Writer 第33章失败，重试(2/3)
[2026-05-18 15:09:19] [Coordinator] [ERROR] 未找到 writer.py，且框架内置 Writer 尚未实现
[2026-05-18 15:09:19] [Coordinator] [WARNING] Writer 第36章失败，重试(2/3)
[2026-05-18 15:09:19] [Coordinator] [WARNING] Writer 第34章失败，重试(2/3)
[2026-05-18 15:09:19] [Coordinator] [ERROR] 未找到 writer.py，且框架内置 Writer 尚未实现
[2026-05-18 15:09:19] [Coordinator] [WARNING] Writer 第35章失败，重试(2/3)
[2026-05-18 15:09:19] [Coordinator] [ERROR] 未找到 writer.py，且框架内置 Writer 尚未实现
[2026-05-18 15:09:19] [Coordinator] [WARNING] Writer 第38章失败，重试(2/3)
[2026-05-18 15:09:19] [Coordinator] [ERROR] 未找到 writer.py，且框架内置 Writer 尚未实现
[2026-05-18 15:09:19] [Coordinator] [ERROR] 未找到 writer.py，且框架内置 Writer 尚未实现
[2026-05-18 15:09:19] [Coordinator] [WARNING] Writer 第37章失败，重试(2/3)
[2026-05-18 15:09:19] [Coordinator] [ERROR] 未找到 writer.py，且框架内置 Writer 尚未实现
[2026-05-18 15:09:19] [Coordinator] [WARNING] Writer 第21章失败，重试(3/3)
[2026-05-18 15:09:19] [Coordinator] [WARNING] Writer 第40章失败，重试(2/3)
[2026-05-18 15:09:19] [Coordinator] [ERROR] 未找到 writer.py，且框架内置 Writer 尚未实现
[2026-05-18 15:09:19] [Coordinator] [WARNING] Writer 第26章失败，重试(3/3)
[2026-05-18 15:09:19] [Coordinator] [ERROR] 未找到 writer.py，且框架内置 Writer 尚未实现
[2026-05-18 15:09:19] [Coordinator] [WARNING] Writer 第39章失败，重试(2/3)
[2026-05-18 15:09:19] [Coordinator] [ERROR] 未找到 writer.py，且框架内置 Writer 尚未实现
[2026-05-18 15:09:19] [Coordinator] [ERROR] 未找到 writer.py，且框架内置 Writer 尚未实现
[2026-05-18 15:09:19] [Coordinator] [WARNING] Writer 第25章失败，重试(3/3)
[2026-05-18 15:09:19] [Coordinator] [ERROR] 未找到 writer.py，且框架内置 Writer 尚未实现
[2026-05-18 15:09:19] [Coordinator] [WARNING] Writer 第22章失败，重试(3/3)
[2026-05-18 15:09:19] [Coordinator] [WARNING] Writer 第23章失败，重试(3/3)
[2026-05-18 15:09:19] [Coordinator] [ERROR] 未找到 writer.py，且框架内置 Writer 尚未实现
[2026-05-18 15:09:19] [Coordinator] [WARNING] Writer 第32章失败，重试(3/3)
[2026-05-18 15:09:19] [Coordinator] [ERROR] 未找到 writer.py，且框架内置 Writer 尚未实现
[2026-05-18 15:09:19] [Coordinator] [WARNING] Writer 第31章失败，重试(3/3)
[2026-05-18 15:09:19] [Coordinator] [ERROR] 未找到 writer.py，且框架内置 Writer 尚未实现
[2026-05-18 15:09:19] [Coordinator] [ERROR] 未找到 writer.py，且框架内置 Writer 尚未实现
[2026-05-18 15:09:19] [Coordinator] [WARNING] Writer 第24章失败，重试(3/3)
[2026-05-18 15:09:19] [Coordinator] [ERROR] 未找到 writer.py，且框架内置 Writer 尚未实现
[2026-05-18 15:09:19] [Coordinator] [WARNING] Writer 第27章失败，重试(3/3)
[2026-05-18 15:09:19] [Coordinator] [WARNING] Writer 第28章失败，重试(3/3)
[2026-05-18 15:09:19] [Coordinator] [ERROR] 未找到 writer.py，且框架内置 Writer 尚未实现
[2026-05-18 15:09:19] [Coordinator] [WARNING] Writer 第30章失败，重试(3/3)
[2026-05-18 15:09:19] [Coordinator] [ERROR] 未找到 writer.py，且框架内置 Writer 尚未实现
[2026-05-18 15:09:19] [Coordinator] [WARNING] Writer 第29章失败，重试(3/3)
[2026-05-18 15:09:19] [Coordinator] [ERROR] 未找到 writer.py，且框架内置 Writer 尚未实现
[2026-05-18 15:09:19] [Coordinator] [ERROR] 未找到 writer.py，且框架内置 Writer 尚未实现
[2026-05-18 15:09:19] [Coordinator] [WARNING] Writer 第33章失败，重试(3/3)
[2026-05-18 15:09:19] [Coordinator] [ERROR] 未找到 writer.py，且框架内置 Writer 尚未实现
[2026-05-18 15:09:19] [Coordinator] [WARNING] Writer 第36章失败，重试(3/3)
[2026-05-18 15:09:19] [Coordinator] [WARNING] Writer 第34章失败，重试(3/3)
[2026-05-18 15:09:19] [Coordinator] [ERROR] 未找到 writer.py，且框架内置 Writer 尚未实现
[2026-05-18 15:09:19] [Coordinator] [WARNING] Writer 第35章失败，重试(3/3)
[2026-05-18 15:09:19] [Coordinator] [ERROR] 未找到 writer.py，且框架内置 Writer 尚未实现
[2026-05-18 15:09:19] [Coordinator] [WARNING] Writer 第38章失败，重试(3/3)
[2026-05-18 15:09:19] [Coordinator] [ERROR] 未找到 writer.py，且框架内置 Writer 尚未实现
[2026-05-18 15:09:19] [Coordinator] [ERROR] 未找到 writer.py，且框架内置 Writer 尚未实现
[2026-05-18 15:09:19] [Coordinator] [WARNING] Writer 第37章失败，重试(3/3)
[2026-05-18 15:09:19] [Coordinator] [ERROR] 未找到 writer.py，且框架内置 Writer 尚未实现
[2026-05-18 15:09:19] [Coordinator] [ERROR] Writer 第21章彻底失败
[2026-05-18 15:09:19] [Coordinator] [WARNING] Writer 第40章失败，重试(3/3)
[2026-05-18 15:09:19] [Coordinator] [ERROR] 未找到 writer.py，且框架内置 Writer 尚未实现
[2026-05-18 15:09:19] [Coordinator] [ERROR] Writer 第26章彻底失败
[2026-05-18 15:09:19] [Coordinator] [ERROR] 未找到 writer.py，且框架内置 Writer 尚未实现
[2026-05-18 15:09:19] [Coordinator] [WARNING] Writer 第39章失败，重试(3/3)
[2026-05-18 15:09:19] [Coordinator] [ERROR] 未找到 writer.py，且框架内置 Writer 尚未实现
[2026-05-18 15:09:19] [Coordinator] [ERROR] 未找到 writer.py，且框架内置 Writer 尚未实现
[2026-05-18 15:09:19] [Coordinator] [ERROR] Writer 第25章彻底失败
[2026-05-18 15:09:19] [Coordinator] [ERROR] 未找到 writer.py，且框架内置 Writer 尚未实现
[2026-05-18 15:09:19] [Coordinator] [ERROR] Writer 第22章彻底失败
[2026-05-18 15:09:19] [Coordinator] [ERROR] Writer 第23章彻底失败
[2026-05-18 15:09:19] [Coordinator] [ERROR] 未找到 writer.py，且框架内置 Writer 尚未实现
[2026-05-18 15:09:19] [Coordinator] [ERROR] Writer 第32章彻底失败
[2026-05-18 15:09:19] [Coordinator] [ERROR] 未找到 writer.py，且框架内置 Writer 尚未实现
[2026-05-18 15:09:19] [Coordinator] [ERROR] Writer 第31章彻底失败
[2026-05-18 15:09:19] [Coordinator] [ERROR] 未找到 writer.py，且框架内置 Writer 尚未实现
[2026-05-18 15:09:19] [Coordinator] [ERROR] 未找到 writer.py，且框架内置 Writer 尚未实现
[2026-05-18 15:09:19] [Coordinator] [ERROR] Writer 第24章彻底失败
[2026-05-18 15:09:19] [Coordinator] [ERROR] 未找到 writer.py，且框架内置 Writer 尚未实现
[2026-05-18 15:09:19] [Coordinator] [ERROR] Writer 第27章彻底失败
[2026-05-18 15:09:19] [Coordinator] [ERROR] Writer 第28章彻底失败
[2026-05-18 15:09:19] [Coordinator] [ERROR] 未找到 writer.py，且框架内置 Writer 尚未实现
[2026-05-18 15:09:19] [Coordinator] [ERROR] Writer 第30章彻底失败
[2026-05-18 15:09:19] [Coordinator] [ERROR] 未找到 writer.py，且框架内置 Writer 尚未实现
[2026-05-18 15:09:19] [Coordinator] [ERROR] Writer 第29章彻底失败
[2026-05-18 15:09:19] [Coordinator] [ERROR] 未找到 writer.py，且框架内置 Writer 尚未实现
[2026-05-18 15:09:19] [Coordinator] [ERROR] 未找到 writer.py，且框架内置 Writer 尚未实现
[2026-05-18 15:09:19] [Coordinator] [ERROR] Writer 第33章彻底失败
[2026-05-18 15:09:19] [Coordinator] [ERROR] 未找到 writer.py，且框架内置 Writer 尚未实现
[2026-05-18 15:09:19] [Coordinator] [ERROR] Writer 第36章彻底失败
[2026-05-18 15:09:19] [Coordinator] [ERROR] Writer 第34章彻底失败
[2026-05-18 15:09:19] [Coordinator] [ERROR] 未找到 writer.py，且框架内置 Writer 尚未实现
[2026-05-18 15:09:19] [Coordinator] [ERROR] Writer 第35章彻底失败
[2026-05-18 15:09:19] [Coordinator] [ERROR] 未找到 writer.py，且框架内置 Writer 尚未实现
[2026-05-18 15:09:19] [Coordinator] [ERROR] Writer 第38章彻底失败
[2026-05-18 15:09:19] [Coordinator] [ERROR] 未找到 writer.py，且框架内置 Writer 尚未实现
[2026-05-18 15:09:19] [Coordinator] [ERROR] 未找到 writer.py，且框架内置 Writer 尚未实现
[2026-05-18 15:09:19] [Coordinator] [ERROR] 未找到 writer.py，且框架内置 Writer 尚未实现
[2026-05-18 15:09:19] [Coordinator] [ERROR] Writer 第40章彻底失败
[2026-05-18 15:09:19] [Coordinator] [ERROR] Writer 第37章彻底失败
[2026-05-18 15:09:19] [Coordinator] [ERROR] Writer 第39章彻底失败
[2026-05-18 15:09:21] [Coordinator] [INFO] Writer 批次完成: 成功 0 章, 失败 20 章
[2026-05-18 15:09:21] [Coordinator] [WARNING] Writer 失败: [21, 26, 23, 25, 22, 32, 31, 28, 24, 27, 30, 29, 34, 33, 36, 35, 38, 39, 37, 40]
[2026-05-18 15:09:21] [Coordinator] [INFO] 工作队列: 20 个任务, 5 workers [Reviewer]
[2026-05-18 15:09:21] [Coordinator] [ERROR] 未找到 reviewer.py，且框架内置 Reviewer 尚未实现
[2026-05-18 15:09:21] [Coordinator] [WARNING] Reviewer 第21章失败，重试(1/3)
[2026-05-18 15:09:21] [Coordinator] [ERROR] 未找到 reviewer.py，且框架内置 Reviewer 尚未实现
[2026-05-18 15:09:21] [Coordinator] [WARNING] Reviewer 第26章失败，重试(1/3)
[2026-05-18 15:09:21] [Coordinator] [ERROR] 未找到 reviewer.py，且框架内置 Reviewer 尚未实现
[2026-05-18 15:09:21] [Coordinator] [WARNING] Reviewer 第24章失败，重试(1/3)
[2026-05-18 15:09:21] [Coordinator] [ERROR] 未找到 reviewer.py，且框架内置 Reviewer 尚未实现
[2026-05-18 15:09:21] [Coordinator] [ERROR] 未找到 reviewer.py，且框架内置 Reviewer 尚未实现
[2026-05-18 15:09:21] [Coordinator] [WARNING] Reviewer 第22章失败，重试(1/3)
[2026-05-18 15:09:21] [Coordinator] [ERROR] 未找到 reviewer.py，且框架内置 Reviewer 尚未实现
[2026-05-18 15:09:21] [Coordinator] [WARNING] Reviewer 第25章失败，重试(1/3)
[2026-05-18 15:09:21] [Coordinator] [WARNING] Reviewer 第23章失败，重试(1/3)
[2026-05-18 15:09:21] [Coordinator] [ERROR] 未找到 reviewer.py，且框架内置 Reviewer 尚未实现
[2026-05-18 15:09:21] [Coordinator] [WARNING] Reviewer 第27章失败，重试(1/3)
[2026-05-18 15:09:21] [Coordinator] [ERROR] 未找到 reviewer.py，且框架内置 Reviewer 尚未实现
[2026-05-18 15:09:21] [Coordinator] [WARNING] Reviewer 第28章失败，重试(1/3)
[2026-05-18 15:09:21] [Coordinator] [ERROR] 未找到 reviewer.py，且框架内置 Reviewer 尚未实现
[2026-05-18 15:09:21] [Coordinator] [ERROR] 未找到 reviewer.py，且框架内置 Reviewer 尚未实现
[2026-05-18 15:09:21] [Coordinator] [WARNING] Reviewer 第29章失败，重试(1/3)
[2026-05-18 15:09:21] [Coordinator] [ERROR] 未找到 reviewer.py，且框架内置 Reviewer 尚未实现
[2026-05-18 15:09:21] [Coordinator] [WARNING] Reviewer 第30章失败，重试(1/3)
[2026-05-18 15:09:21] [Coordinator] [WARNING] Reviewer 第31章失败，重试(1/3)
[2026-05-18 15:09:21] [Coordinator] [ERROR] 未找到 reviewer.py，且框架内置 Reviewer 尚未实现
[2026-05-18 15:09:21] [Coordinator] [ERROR] 未找到 reviewer.py，且框架内置 Reviewer 尚未实现
[2026-05-18 15:09:21] [Coordinator] [ERROR] 未找到 reviewer.py，且框架内置 Reviewer 尚未实现
[2026-05-18 15:09:21] [Coordinator] [WARNING] Reviewer 第33章失败，重试(1/3)
[2026-05-18 15:09:21] [Coordinator] [ERROR] 未找到 reviewer.py，且框架内置 Reviewer 尚未实现
[2026-05-18 15:09:21] [Coordinator] [WARNING] Reviewer 第34章失败，重试(1/3)
[2026-05-18 15:09:21] [Coordinator] [WARNING] Reviewer 第32章失败，重试(1/3)
[2026-05-18 15:09:21] [Coordinator] [ERROR] 未找到 reviewer.py，且框架内置 Reviewer 尚未实现
[2026-05-18 15:09:21] [Coordinator] [ERROR] 未找到 reviewer.py，且框架内置 Reviewer 尚未实现
[2026-05-18 15:09:21] [Coordinator] [WARNING] Reviewer 第36章失败，重试(1/3)
[2026-05-18 15:09:21] [Coordinator] [ERROR] 未找到 reviewer.py，且框架内置 Reviewer 尚未实现
[2026-05-18 15:09:21] [Coordinator] [WARNING] Reviewer 第38章失败，重试(1/3)
[2026-05-18 15:09:21] [Coordinator] [WARNING] Reviewer 第35章失败，重试(1/3)
[2026-05-18 15:09:21] [Coordinator] [WARNING] Reviewer 第37章失败，重试(1/3)
[2026-05-18 15:09:21] [Coordinator] [ERROR] 未找到 reviewer.py，且框架内置 Reviewer 尚未实现
[2026-05-18 15:09:21] [Coordinator] [ERROR] 未找到 reviewer.py，且框架内置 Reviewer 尚未实现
[2026-05-18 15:09:21] [Coordinator] [WARNING] Reviewer 第39章失败，重试(1/3)
[2026-05-18 15:09:21] [Coordinator] [ERROR] 未找到 reviewer.py，且框架内置 Reviewer 尚未实现
[2026-05-18 15:09:21] [Coordinator] [WARNING] Reviewer 第26章失败，重试(2/3)
[2026-05-18 15:09:21] [Coordinator] [WARNING] Reviewer 第40章失败，重试(1/3)
[2026-05-18 15:09:21] [Coordinator] [ERROR] 未找到 reviewer.py，且框架内置 Reviewer 尚未实现
[2026-05-18 15:09:21] [Coordinator] [WARNING] Reviewer 第21章失败，重试(2/3)
[2026-05-18 15:09:21] [Coordinator] [ERROR] 未找到 reviewer.py，且框架内置 Reviewer 尚未实现
[2026-05-18 15:09:21] [Coordinator] [WARNING] Reviewer 第24章失败，重试(2/3)
[2026-05-18 15:09:21] [Coordinator] [ERROR] 未找到 reviewer.py，且框架内置 Reviewer 尚未实现
[2026-05-18 15:09:21] [Coordinator] [ERROR] 未找到 reviewer.py，且框架内置 Reviewer 尚未实现
[2026-05-18 15:09:21] [Coordinator] [WARNING] Reviewer 第22章失败，重试(2/3)
[2026-05-18 15:09:21] [Coordinator] [ERROR] 未找到 reviewer.py，且框架内置 Reviewer 尚未实现
[2026-05-18 15:09:21] [Coordinator] [WARNING] Reviewer 第25章失败，重试(2/3)
[2026-05-18 15:09:21] [Coordinator] [WARNING] Reviewer 第23章失败，重试(2/3)
[2026-05-18 15:09:21] [Coordinator] [ERROR] 未找到 reviewer.py，且框架内置 Reviewer 尚未实现
[2026-05-18 15:09:21] [Coordinator] [WARNING] Reviewer 第27章失败，重试(2/3)
[2026-05-18 15:09:21] [Coordinator] [ERROR] 未找到 reviewer.py，且框架内置 Reviewer 尚未实现
[2026-05-18 15:09:21] [Coordinator] [WARNING] Reviewer 第28章失败，重试(2/3)
[2026-05-18 15:09:21] [Coordinator] [ERROR] 未找到 reviewer.py，且框架内置 Reviewer 尚未实现
[2026-05-18 15:09:21] [Coordinator] [ERROR] 未找到 reviewer.py，且框架内置 Reviewer 尚未实现
[2026-05-18 15:09:21] [Coordinator] [WARNING] Reviewer 第29章失败，重试(2/3)
[2026-05-18 15:09:21] [Coordinator] [ERROR] 未找到 reviewer.py，且框架内置 Reviewer 尚未实现
[2026-05-18 15:09:21] [Coordinator] [WARNING] Reviewer 第30章失败，重试(2/3)
[2026-05-18 15:09:21] [Coordinator] [ERROR] 未找到 reviewer.py，且框架内置 Reviewer 尚未实现
[2026-05-18 15:09:21] [Coordinator] [ERROR] 未找到 reviewer.py，且框架内置 Reviewer 尚未实现
[2026-05-18 15:09:21] [Coordinator] [WARNING] Reviewer 第33章失败，重试(2/3)
[2026-05-18 15:09:21] [Coordinator] [ERROR] 未找到 reviewer.py，且框架内置 Reviewer 尚未实现
[2026-05-18 15:09:21] [Coordinator] [WARNING] Reviewer 第31章失败，重试(2/3)
[2026-05-18 15:09:21] [Coordinator] [ERROR] 未找到 reviewer.py，且框架内置 Reviewer 尚未实现
[2026-05-18 15:09:21] [Coordinator] [ERROR] 未找到 reviewer.py，且框架内置 Reviewer 尚未实现
[2026-05-18 15:09:21] [Coordinator] [WARNING] Reviewer 第32章失败，重试(2/3)
[2026-05-18 15:09:21] [Coordinator] [WARNING] Reviewer 第34章失败，重试(2/3)
[2026-05-18 15:09:21] [Coordinator] [WARNING] Reviewer 第36章失败，重试(2/3)
[2026-05-18 15:09:21] [Coordinator] [WARNING] Reviewer 第35章失败，重试(2/3)
[2026-05-18 15:09:21] [Coordinator] [ERROR] 未找到 reviewer.py，且框架内置 Reviewer 尚未实现
[2026-05-18 15:09:21] [Coordinator] [WARNING] Reviewer 第38章失败，重试(2/3)
[2026-05-18 15:09:21] [Coordinator] [ERROR] 未找到 reviewer.py，且框架内置 Reviewer 尚未实现
[2026-05-18 15:09:21] [Coordinator] [WARNING] Reviewer 第39章失败，重试(2/3)
[2026-05-18 15:09:21] [Coordinator] [ERROR] 未找到 reviewer.py，且框架内置 Reviewer 尚未实现
[2026-05-18 15:09:21] [Coordinator] [ERROR] 未找到 reviewer.py，且框架内置 Reviewer 尚未实现
[2026-05-18 15:09:21] [Coordinator] [WARNING] Reviewer 第37章失败，重试(2/3)
[2026-05-18 15:09:21] [Coordinator] [ERROR] 未找到 reviewer.py，且框架内置 Reviewer 尚未实现
[2026-05-18 15:09:21] [Coordinator] [WARNING] Reviewer 第26章失败，重试(3/3)
[2026-05-18 15:09:21] [Coordinator] [WARNING] Reviewer 第40章失败，重试(2/3)
[2026-05-18 15:09:21] [Coordinator] [ERROR] 未找到 reviewer.py，且框架内置 Reviewer 尚未实现
[2026-05-18 15:09:21] [Coordinator] [WARNING] Reviewer 第21章失败，重试(3/3)
[2026-05-18 15:09:21] [Coordinator] [ERROR] 未找到 reviewer.py，且框架内置 Reviewer 尚未实现
[2026-05-18 15:09:21] [Coordinator] [WARNING] Reviewer 第24章失败，重试(3/3)
[2026-05-18 15:09:21] [Coordinator] [ERROR] 未找到 reviewer.py，且框架内置 Reviewer 尚未实现
[2026-05-18 15:09:21] [Coordinator] [ERROR] 未找到 reviewer.py，且框架内置 Reviewer 尚未实现
[2026-05-18 15:09:21] [Coordinator] [WARNING] Reviewer 第22章失败，重试(3/3)
[2026-05-18 15:09:21] [Coordinator] [ERROR] 未找到 reviewer.py，且框架内置 Reviewer 尚未实现
[2026-05-18 15:09:21] [Coordinator] [WARNING] Reviewer 第25章失败，重试(3/3)
[2026-05-18 15:09:21] [Coordinator] [WARNING] Reviewer 第23章失败，重试(3/3)
[2026-05-18 15:09:21] [Coordinator] [ERROR] 未找到 reviewer.py，且框架内置 Reviewer 尚未实现
[2026-05-18 15:09:21] [Coordinator] [WARNING] Reviewer 第27章失败，重试(3/3)
[2026-05-18 15:09:21] [Coordinator] [ERROR] 未找到 reviewer.py，且框架内置 Reviewer 尚未实现
[2026-05-18 15:09:21] [Coordinator] [WARNING] Reviewer 第28章失败，重试(3/3)
[2026-05-18 15:09:21] [Coordinator] [ERROR] 未找到 reviewer.py，且框架内置 Reviewer 尚未实现
[2026-05-18 15:09:21] [Coordinator] [ERROR] 未找到 reviewer.py，且框架内置 Reviewer 尚未实现
[2026-05-18 15:09:21] [Coordinator] [WARNING] Reviewer 第29章失败，重试(3/3)
[2026-05-18 15:09:21] [Coordinator] [ERROR] 未找到 reviewer.py，且框架内置 Reviewer 尚未实现
[2026-05-18 15:09:21] [Coordinator] [WARNING] Reviewer 第30章失败，重试(3/3)
[2026-05-18 15:09:21] [Coordinator] [WARNING] Reviewer 第33章失败，重试(3/3)
[2026-05-18 15:09:21] [Coordinator] [ERROR] 未找到 reviewer.py，且框架内置 Reviewer 尚未实现
[2026-05-18 15:09:21] [Coordinator] [WARNING] Reviewer 第31章失败，重试(3/3)
[2026-05-18 15:09:21] [Coordinator] [ERROR] 未找到 reviewer.py，且框架内置 Reviewer 尚未实现
[2026-05-18 15:09:21] [Coordinator] [WARNING] Reviewer 第32章失败，重试(3/3)
[2026-05-18 15:09:21] [Coordinator] [ERROR] 未找到 reviewer.py，且框架内置 Reviewer 尚未实现
[2026-05-18 15:09:21] [Coordinator] [ERROR] 未找到 reviewer.py，且框架内置 Reviewer 尚未实现
[2026-05-18 15:09:21] [Coordinator] [WARNING] Reviewer 第34章失败，重试(3/3)
[2026-05-18 15:09:21] [Coordinator] [ERROR] 未找到 reviewer.py，且框架内置 Reviewer 尚未实现
[2026-05-18 15:09:21] [Coordinator] [WARNING] Reviewer 第36章失败，重试(3/3)
[2026-05-18 15:09:21] [Coordinator] [ERROR] 未找到 reviewer.py，且框架内置 Reviewer 尚未实现
[2026-05-18 15:09:21] [Coordinator] [ERROR] Reviewer 第26章彻底失败
[2026-05-18 15:09:21] [Coordinator] [ERROR] 未找到 reviewer.py，且框架内置 Reviewer 尚未实现
[2026-05-18 15:09:21] [Coordinator] [ERROR] 未找到 reviewer.py，且框架内置 Reviewer 尚未实现
[2026-05-18 15:09:21] [Coordinator] [WARNING] Reviewer 第35章失败，重试(3/3)
[2026-05-18 15:09:21] [Coordinator] [ERROR] 未找到 reviewer.py，且框架内置 Reviewer 尚未实现
[2026-05-18 15:09:21] [Coordinator] [ERROR] 未找到 reviewer.py，且框架内置 Reviewer 尚未实现
[2026-05-18 15:09:21] [Coordinator] [WARNING] Reviewer 第37章失败，重试(3/3)
[2026-05-18 15:09:21] [Coordinator] [WARNING] Reviewer 第39章失败，重试(3/3)
[2026-05-18 15:09:21] [Coordinator] [ERROR] 未找到 reviewer.py，且框架内置 Reviewer 尚未实现
[2026-05-18 15:09:21] [Coordinator] [ERROR] Reviewer 第21章彻底失败
[2026-05-18 15:09:21] [Coordinator] [WARNING] Reviewer 第38章失败，重试(3/3)
[2026-05-18 15:09:21] [Coordinator] [ERROR] 未找到 reviewer.py，且框架内置 Reviewer 尚未实现
[2026-05-18 15:09:21] [Coordinator] [ERROR] Reviewer 第24章彻底失败
[2026-05-18 15:09:21] [Coordinator] [WARNING] Reviewer 第40章失败，重试(3/3)
[2026-05-18 15:09:21] [Coordinator] [ERROR] 未找到 reviewer.py，且框架内置 Reviewer 尚未实现
[2026-05-18 15:09:21] [Coordinator] [ERROR] Reviewer 第25章彻底失败
[2026-05-18 15:09:21] [Coordinator] [ERROR] 未找到 reviewer.py，且框架内置 Reviewer 尚未实现
[2026-05-18 15:09:21] [Coordinator] [ERROR] Reviewer 第22章彻底失败
[2026-05-18 15:09:21] [Coordinator] [ERROR] 未找到 reviewer.py，且框架内置 Reviewer 尚未实现
[2026-05-18 15:09:21] [Coordinator] [ERROR] 未找到 reviewer.py，且框架内置 Reviewer 尚未实现
[2026-05-18 15:09:21] [Coordinator] [ERROR] Reviewer 第23章彻底失败
[2026-05-18 15:09:21] [Coordinator] [ERROR] 未找到 reviewer.py，且框架内置 Reviewer 尚未实现
[2026-05-18 15:09:21] [Coordinator] [ERROR] Reviewer 第27章彻底失败
[2026-05-18 15:09:21] [Coordinator] [ERROR] Reviewer 第28章彻底失败
[2026-05-18 15:09:21] [Coordinator] [ERROR] 未找到 reviewer.py，且框架内置 Reviewer 尚未实现
[2026-05-18 15:09:21] [Coordinator] [ERROR] Reviewer 第29章彻底失败
[2026-05-18 15:09:21] [Coordinator] [ERROR] 未找到 reviewer.py，且框架内置 Reviewer 尚未实现
[2026-05-18 15:09:21] [Coordinator] [ERROR] Reviewer 第30章彻底失败
[2026-05-18 15:09:21] [Coordinator] [ERROR] 未找到 reviewer.py，且框架内置 Reviewer 尚未实现
[2026-05-18 15:09:21] [Coordinator] [ERROR] 未找到 reviewer.py，且框架内置 Reviewer 尚未实现
[2026-05-18 15:09:21] [Coordinator] [ERROR] Reviewer 第33章彻底失败
[2026-05-18 15:09:21] [Coordinator] [ERROR] 未找到 reviewer.py，且框架内置 Reviewer 尚未实现
[2026-05-18 15:09:21] [Coordinator] [ERROR] Reviewer 第31章彻底失败
[2026-05-18 15:09:21] [Coordinator] [ERROR] Reviewer 第32章彻底失败
[2026-05-18 15:09:21] [Coordinator] [ERROR] 未找到 reviewer.py，且框架内置 Reviewer 尚未实现
[2026-05-18 15:09:21] [Coordinator] [ERROR] Reviewer 第34章彻底失败
[2026-05-18 15:09:21] [Coordinator] [ERROR] 未找到 reviewer.py，且框架内置 Reviewer 尚未实现
[2026-05-18 15:09:21] [Coordinator] [ERROR] Reviewer 第36章彻底失败
[2026-05-18 15:09:21] [Coordinator] [ERROR] 未找到 reviewer.py，且框架内置 Reviewer 尚未实现
[2026-05-18 15:09:21] [Coordinator] [ERROR] 未找到 reviewer.py，且框架内置 Reviewer 尚未实现
[2026-05-18 15:09:21] [Coordinator] [ERROR] Reviewer 第35章彻底失败
[2026-05-18 15:09:21] [Coordinator] [ERROR] 未找到 reviewer.py，且框架内置 Reviewer 尚未实现
[2026-05-18 15:09:21] [Coordinator] [ERROR] Reviewer 第37章彻底失败
[2026-05-18 15:09:21] [Coordinator] [ERROR] Reviewer 第39章彻底失败
[2026-05-18 15:09:21] [Coordinator] [ERROR] 未找到 reviewer.py，且框架内置 Reviewer 尚未实现
[2026-05-18 15:09:21] [Coordinator] [ERROR] 未找到 reviewer.py，且框架内置 Reviewer 尚未实现
[2026-05-18 15:09:21] [Coordinator] [ERROR] Reviewer 第40章彻底失败
[2026-05-18 15:09:21] [Coordinator] [ERROR] Reviewer 第38章彻底失败
[2026-05-18 15:09:23] [Coordinator] [INFO] Reviewer 批次完成: 成功 0 章, 失败 20 章
[2026-05-18 15:09:23] [Coordinator] [WARNING] Reviewer 失败: [26, 21, 24, 25, 22, 28, 23, 27, 29, 30, 32, 33, 31, 34, 36, 39, 35, 37, 38, 40]
[2026-05-18 15:09:23] [Coordinator] [INFO] 检测到 20 章草稿缺失，开始补全...
[2026-05-18 15:09:23] [Coordinator] [INFO] 工作队列: 20 个任务, 3 workers [FillDraft]
[2026-05-18 15:09:23] [Coordinator] [ERROR] 未找到 writer.py，且框架内置 Writer 尚未实现
[2026-05-18 15:09:23] [Coordinator] [WARNING] FillDraft 第21章失败，重试(1/3)
[2026-05-18 15:09:23] [Coordinator] [ERROR] 未找到 writer.py，且框架内置 Writer 尚未实现
[2026-05-18 15:09:23] [Coordinator] [WARNING] FillDraft 第23章失败，重试(1/3)
[2026-05-18 15:09:23] [Coordinator] [ERROR] 未找到 writer.py，且框架内置 Writer 尚未实现
[2026-05-18 15:09:23] [Coordinator] [ERROR] 未找到 writer.py，且框架内置 Writer 尚未实现
[2026-05-18 15:09:23] [Coordinator] [WARNING] FillDraft 第22章失败，重试(1/3)
[2026-05-18 15:09:23] [Coordinator] [WARNING] FillDraft 第24章失败，重试(1/3)
[2026-05-18 15:09:23] [Coordinator] [ERROR] 未找到 writer.py，且框架内置 Writer 尚未实现
[2026-05-18 15:09:23] [Coordinator] [WARNING] FillDraft 第25章失败，重试(1/3)
[2026-05-18 15:09:23] [Coordinator] [ERROR] 未找到 writer.py，且框架内置 Writer 尚未实现
[2026-05-18 15:09:23] [Coordinator] [WARNING] FillDraft 第27章失败，重试(1/3)
[2026-05-18 15:09:23] [Coordinator] [ERROR] 未找到 writer.py，且框架内置 Writer 尚未实现
[2026-05-18 15:09:23] [Coordinator] [WARNING] FillDraft 第28章失败，重试(1/3)
[2026-05-18 15:09:23] [Coordinator] [ERROR] 未找到 writer.py，且框架内置 Writer 尚未实现
[2026-05-18 15:09:23] [Coordinator] [ERROR] 未找到 writer.py，且框架内置 Writer 尚未实现
[2026-05-18 15:09:23] [Coordinator] [WARNING] FillDraft 第26章失败，重试(1/3)
[2026-05-18 15:09:23] [Coordinator] [WARNING] FillDraft 第29章失败，重试(1/3)
[2026-05-18 15:09:23] [Coordinator] [ERROR] 未找到 writer.py，且框架内置 Writer 尚未实现
[2026-05-18 15:09:23] [Coordinator] [WARNING] FillDraft 第30章失败，重试(1/3)
[2026-05-18 15:09:23] [Coordinator] [ERROR] 未找到 writer.py，且框架内置 Writer 尚未实现
[2026-05-18 15:09:23] [Coordinator] [WARNING] FillDraft 第32章失败，重试(1/3)
[2026-05-18 15:09:23] [Coordinator] [ERROR] 未找到 writer.py，且框架内置 Writer 尚未实现
[2026-05-18 15:09:23] [Coordinator] [WARNING] FillDraft 第33章失败，重试(1/3)
[2026-05-18 15:09:23] [Coordinator] [ERROR] 未找到 writer.py，且框架内置 Writer 尚未实现
[2026-05-18 15:09:23] [Coordinator] [ERROR] 未找到 writer.py，且框架内置 Writer 尚未实现
[2026-05-18 15:09:23] [Coordinator] [WARNING] FillDraft 第31章失败，重试(1/3)
[2026-05-18 15:09:23] [Coordinator] [WARNING] FillDraft 第34章失败，重试(1/3)
[2026-05-18 15:09:23] [Coordinator] [ERROR] 未找到 writer.py，且框架内置 Writer 尚未实现
[2026-05-18 15:09:23] [Coordinator] [WARNING] FillDraft 第37章失败，重试(1/3)
[2026-05-18 15:09:23] [Coordinator] [ERROR] 未找到 writer.py，且框架内置 Writer 尚未实现
[2026-05-18 15:09:23] [Coordinator] [WARNING] FillDraft 第38章失败，重试(1/3)
[2026-05-18 15:09:23] [Coordinator] [ERROR] 未找到 writer.py，且框架内置 Writer 尚未实现
[2026-05-18 15:09:23] [Coordinator] [WARNING] FillDraft 第35章失败，重试(1/3)
[2026-05-18 15:09:23] [Coordinator] [ERROR] 未找到 writer.py，且框架内置 Writer 尚未实现
[2026-05-18 15:09:23] [Coordinator] [ERROR] 未找到 writer.py，且框架内置 Writer 尚未实现
[2026-05-18 15:09:23] [Coordinator] [WARNING] FillDraft 第36章失败，重试(1/3)
[2026-05-18 15:09:23] [Coordinator] [WARNING] FillDraft 第39章失败，重试(1/3)
[2026-05-18 15:09:23] [Coordinator] [ERROR] 未找到 writer.py，且框架内置 Writer 尚未实现
[2026-05-18 15:09:23] [Coordinator] [WARNING] FillDraft 第40章失败，重试(1/3)
[2026-05-18 15:09:23] [Coordinator] [ERROR] 未找到 writer.py，且框架内置 Writer 尚未实现
[2026-05-18 15:09:23] [Coordinator] [WARNING] FillDraft 第23章失败，重试(2/3)
[2026-05-18 15:09:23] [Coordinator] [ERROR] 未找到 writer.py，且框架内置 Writer 尚未实现
[2026-05-18 15:09:23] [Coordinator] [WARNING] FillDraft 第22章失败，重试(2/3)
[2026-05-18 15:09:23] [Coordinator] [ERROR] 未找到 writer.py，且框架内置 Writer 尚未实现
[2026-05-18 15:09:23] [Coordinator] [ERROR] 未找到 writer.py，且框架内置 Writer 尚未实现
[2026-05-18 15:09:23] [Coordinator] [WARNING] FillDraft 第21章失败，重试(2/3)
[2026-05-18 15:09:23] [Coordinator] [WARNING] FillDraft 第24章失败，重试(2/3)
[2026-05-18 15:09:23] [Coordinator] [ERROR] 未找到 writer.py，且框架内置 Writer 尚未实现
[2026-05-18 15:09:23] [Coordinator] [WARNING] FillDraft 第25章失败，重试(2/3)
[2026-05-18 15:09:23] [Coordinator] [ERROR] 未找到 writer.py，且框架内置 Writer 尚未实现
[2026-05-18 15:09:23] [Coordinator] [WARNING] FillDraft 第28章失败，重试(2/3)
[2026-05-18 15:09:23] [Coordinator] [ERROR] 未找到 writer.py，且框架内置 Writer 尚未实现
[2026-05-18 15:09:23] [Coordinator] [ERROR] 未找到 writer.py，且框架内置 Writer 尚未实现
[2026-05-18 15:09:23] [Coordinator] [WARNING] FillDraft 第27章失败，重试(2/3)
[2026-05-18 15:09:23] [Coordinator] [WARNING] FillDraft 第26章失败，重试(2/3)
[2026-05-18 15:09:23] [Coordinator] [ERROR] 未找到 writer.py，且框架内置 Writer 尚未实现
[2026-05-18 15:09:23] [Coordinator] [WARNING] FillDraft 第32章失败，重试(2/3)
[2026-05-18 15:09:23] [Coordinator] [ERROR] 未找到 writer.py，且框架内置 Writer 尚未实现
[2026-05-18 15:09:23] [Coordinator] [WARNING] FillDraft 第29章失败，重试(2/3)
[2026-05-18 15:09:23] [Coordinator] [ERROR] 未找到 writer.py，且框架内置 Writer 尚未实现
[2026-05-18 15:09:23] [Coordinator] [WARNING] FillDraft 第33章失败，重试(2/3)
[2026-05-18 15:09:23] [Coordinator] [ERROR] 未找到 writer.py，且框架内置 Writer 尚未实现
[2026-05-18 15:09:23] [Coordinator] [ERROR] 未找到 writer.py，且框架内置 Writer 尚未实现
[2026-05-18 15:09:23] [Coordinator] [WARNING] FillDraft 第30章失败，重试(2/3)
[2026-05-18 15:09:23] [Coordinator] [WARNING] FillDraft 第31章失败，重试(2/3)
[2026-05-18 15:09:23] [Coordinator] [ERROR] 未找到 writer.py，且框架内置 Writer 尚未实现
[2026-05-18 15:09:23] [Coordinator] [WARNING] FillDraft 第34章失败，重试(2/3)
[2026-05-18 15:09:23] [Coordinator] [ERROR] 未找到 writer.py，且框架内置 Writer 尚未实现
[2026-05-18 15:09:23] [Coordinator] [WARNING] FillDraft 第38章失败，重试(2/3)
[2026-05-18 15:09:23] [Coordinator] [ERROR] 未找到 writer.py，且框架内置 Writer 尚未实现
[2026-05-18 15:09:23] [Coordinator] [WARNING] FillDraft 第35章失败，重试(2/3)
[2026-05-18 15:09:23] [Coordinator] [ERROR] 未找到 writer.py，且框架内置 Writer 尚未实现
[2026-05-18 15:09:23] [Coordinator] [ERROR] 未找到 writer.py，且框架内置 Writer 尚未实现
[2026-05-18 15:09:23] [Coordinator] [WARNING] FillDraft 第37章失败，重试(2/3)
[2026-05-18 15:09:23] [Coordinator] [ERROR] 未找到 writer.py，且框架内置 Writer 尚未实现
[2026-05-18 15:09:23] [Coordinator] [ERROR] 未找到 writer.py，且框架内置 Writer 尚未实现
[2026-05-18 15:09:23] [Coordinator] [WARNING] FillDraft 第36章失败，重试(2/3)
[2026-05-18 15:09:23] [Coordinator] [ERROR] 未找到 writer.py，且框架内置 Writer 尚未实现
[2026-05-18 15:09:23] [Coordinator] [WARNING] FillDraft 第39章失败，重试(2/3)
[2026-05-18 15:09:23] [Coordinator] [WARNING] FillDraft 第40章失败，重试(2/3)
[2026-05-18 15:09:23] [Coordinator] [WARNING] FillDraft 第23章失败，重试(3/3)
[2026-05-18 15:09:23] [Coordinator] [ERROR] 未找到 writer.py，且框架内置 Writer 尚未实现
[2026-05-18 15:09:23] [Coordinator] [WARNING] FillDraft 第22章失败，重试(3/3)
[2026-05-18 15:09:23] [Coordinator] [ERROR] 未找到 writer.py，且框架内置 Writer 尚未实现
[2026-05-18 15:09:23] [Coordinator] [WARNING] FillDraft 第24章失败，重试(3/3)
[2026-05-18 15:09:23] [Coordinator] [ERROR] 未找到 writer.py，且框架内置 Writer 尚未实现
[2026-05-18 15:09:23] [Coordinator] [WARNING] FillDraft 第25章失败，重试(3/3)
[2026-05-18 15:09:23] [Coordinator] [ERROR] 未找到 writer.py，且框架内置 Writer 尚未实现
[2026-05-18 15:09:23] [Coordinator] [ERROR] 未找到 writer.py，且框架内置 Writer 尚未实现
[2026-05-18 15:09:23] [Coordinator] [WARNING] FillDraft 第21章失败，重试(3/3)
[2026-05-18 15:09:23] [Coordinator] [WARNING] FillDraft 第28章失败，重试(3/3)
[2026-05-18 15:09:23] [Coordinator] [ERROR] 未找到 writer.py，且框架内置 Writer 尚未实现
[2026-05-18 15:09:23] [Coordinator] [WARNING] FillDraft 第27章失败，重试(3/3)
[2026-05-18 15:09:23] [Coordinator] [ERROR] 未找到 writer.py，且框架内置 Writer 尚未实现
[2026-05-18 15:09:23] [Coordinator] [ERROR] 未找到 writer.py，且框架内置 Writer 尚未实现
[2026-05-18 15:09:23] [Coordinator] [WARNING] FillDraft 第26章失败，重试(3/3)
[2026-05-18 15:09:23] [Coordinator] [WARNING] FillDraft 第29章失败，重试(3/3)
[2026-05-18 15:09:23] [Coordinator] [ERROR] 未找到 writer.py，且框架内置 Writer 尚未实现
[2026-05-18 15:09:23] [Coordinator] [WARNING] FillDraft 第32章失败，重试(3/3)
[2026-05-18 15:09:23] [Coordinator] [ERROR] 未找到 writer.py，且框架内置 Writer 尚未实现
[2026-05-18 15:09:23] [Coordinator] [WARNING] FillDraft 第30章失败，重试(3/3)
[2026-05-18 15:09:23] [Coordinator] [ERROR] 未找到 writer.py，且框架内置 Writer 尚未实现
[2026-05-18 15:09:23] [Coordinator] [ERROR] 未找到 writer.py，且框架内置 Writer 尚未实现
[2026-05-18 15:09:23] [Coordinator] [WARNING] FillDraft 第33章失败，重试(3/3)
[2026-05-18 15:09:23] [Coordinator] [WARNING] FillDraft 第31章失败，重试(3/3)
[2026-05-18 15:09:23] [Coordinator] [ERROR] 未找到 writer.py，且框架内置 Writer 尚未实现
[2026-05-18 15:09:23] [Coordinator] [WARNING] FillDraft 第34章失败，重试(3/3)
[2026-05-18 15:09:23] [Coordinator] [ERROR] 未找到 writer.py，且框架内置 Writer 尚未实现
[2026-05-18 15:09:23] [Coordinator] [WARNING] FillDraft 第35章失败，重试(3/3)
[2026-05-18 15:09:23] [Coordinator] [ERROR] 未找到 writer.py，且框架内置 Writer 尚未实现
[2026-05-18 15:09:23] [Coordinator] [WARNING] FillDraft 第37章失败，重试(3/3)
[2026-05-18 15:09:23] [Coordinator] [ERROR] 未找到 writer.py，且框架内置 Writer 尚未实现
[2026-05-18 15:09:23] [Coordinator] [ERROR] 未找到 writer.py，且框架内置 Writer 尚未实现
[2026-05-18 15:09:23] [Coordinator] [WARNING] FillDraft 第38章失败，重试(3/3)
[2026-05-18 15:09:23] [Coordinator] [WARNING] FillDraft 第36章失败，重试(3/3)
[2026-05-18 15:09:23] [Coordinator] [ERROR] 未找到 writer.py，且框架内置 Writer 尚未实现
[2026-05-18 15:09:23] [Coordinator] [ERROR] FillDraft 第23章彻底失败
[2026-05-18 15:09:23] [Coordinator] [ERROR] 未找到 writer.py，且框架内置 Writer 尚未实现
[2026-05-18 15:09:23] [Coordinator] [WARNING] FillDraft 第39章失败，重试(3/3)
[2026-05-18 15:09:23] [Coordinator] [ERROR] 未找到 writer.py，且框架内置 Writer 尚未实现
[2026-05-18 15:09:23] [Coordinator] [ERROR] FillDraft 第22章彻底失败
[2026-05-18 15:09:23] [Coordinator] [ERROR] 未找到 writer.py，且框架内置 Writer 尚未实现
[2026-05-18 15:09:23] [Coordinator] [ERROR] 未找到 writer.py，且框架内置 Writer 尚未实现
[2026-05-18 15:09:23] [Coordinator] [WARNING] FillDraft 第40章失败，重试(3/3)
[2026-05-18 15:09:23] [Coordinator] [ERROR] FillDraft 第24章彻底失败
[2026-05-18 15:09:23] [Coordinator] [ERROR] 未找到 writer.py，且框架内置 Writer 尚未实现
[2026-05-18 15:09:23] [Coordinator] [ERROR] FillDraft 第25章彻底失败
[2026-05-18 15:09:23] [Coordinator] [ERROR] 未找到 writer.py，且框架内置 Writer 尚未实现
[2026-05-18 15:09:23] [Coordinator] [ERROR] FillDraft 第28章彻底失败
[2026-05-18 15:09:23] [Coordinator] [ERROR] 未找到 writer.py，且框架内置 Writer 尚未实现
[2026-05-18 15:09:23] [Coordinator] [ERROR] 未找到 writer.py，且框架内置 Writer 尚未实现
[2026-05-18 15:09:23] [Coordinator] [ERROR] FillDraft 第21章彻底失败
[2026-05-18 15:09:23] [Coordinator] [ERROR] FillDraft 第27章彻底失败
[2026-05-18 15:09:23] [Coordinator] [ERROR] 未找到 writer.py，且框架内置 Writer 尚未实现
[2026-05-18 15:09:23] [Coordinator] [ERROR] FillDraft 第26章彻底失败
[2026-05-18 15:09:23] [Coordinator] [ERROR] 未找到 writer.py，且框架内置 Writer 尚未实现
[2026-05-18 15:09:23] [Coordinator] [ERROR] FillDraft 第32章彻底失败
[2026-05-18 15:09:23] [Coordinator] [ERROR] 未找到 writer.py，且框架内置 Writer 尚未实现
[2026-05-18 15:09:23] [Coordinator] [ERROR] FillDraft 第30章彻底失败
[2026-05-18 15:09:23] [Coordinator] [ERROR] 未找到 writer.py，且框架内置 Writer 尚未实现
[2026-05-18 15:09:23] [Coordinator] [ERROR] 未找到 writer.py，且框架内置 Writer 尚未实现
[2026-05-18 15:09:23] [Coordinator] [ERROR] FillDraft 第29章彻底失败
[2026-05-18 15:09:23] [Coordinator] [ERROR] FillDraft 第33章彻底失败
[2026-05-18 15:09:23] [Coordinator] [ERROR] 未找到 writer.py，且框架内置 Writer 尚未实现
[2026-05-18 15:09:23] [Coordinator] [ERROR] FillDraft 第31章彻底失败
[2026-05-18 15:09:23] [Coordinator] [ERROR] 未找到 writer.py，且框架内置 Writer 尚未实现
[2026-05-18 15:09:23] [Coordinator] [ERROR] FillDraft 第35章彻底失败
[2026-05-18 15:09:23] [Coordinator] [ERROR] 未找到 writer.py，且框架内置 Writer 尚未实现
[2026-05-18 15:09:23] [Coordinator] [ERROR] FillDraft 第37章彻底失败
[2026-05-18 15:09:23] [Coordinator] [ERROR] 未找到 writer.py，且框架内置 Writer 尚未实现
[2026-05-18 15:09:23] [Coordinator] [ERROR] 未找到 writer.py，且框架内置 Writer 尚未实现
[2026-05-18 15:09:23] [Coordinator] [ERROR] FillDraft 第34章彻底失败
[2026-05-18 15:09:23] [Coordinator] [ERROR] FillDraft 第38章彻底失败
[2026-05-18 15:09:23] [Coordinator] [ERROR] 未找到 writer.py，且框架内置 Writer 尚未实现
[2026-05-18 15:09:23] [Coordinator] [ERROR] FillDraft 第36章彻底失败
[2026-05-18 15:09:23] [Coordinator] [ERROR] 未找到 writer.py，且框架内置 Writer 尚未实现
[2026-05-18 15:09:23] [Coordinator] [ERROR] FillDraft 第40章彻底失败
[2026-05-18 15:09:23] [Coordinator] [ERROR] 未找到 writer.py，且框架内置 Writer 尚未实现
[2026-05-18 15:09:23] [Coordinator] [ERROR] FillDraft 第39章彻底失败
[2026-05-18 15:09:25] [Coordinator] [INFO] FillDraft 批次完成: 成功 0 章, 失败 20 章
[2026-05-18 15:09:25] [Coordinator] [INFO] 检测到 20 章审查缺失，开始补全...
[2026-05-18 15:09:25] [Coordinator] [INFO] 工作队列: 20 个任务, 3 workers [FillReview]
[2026-05-18 15:09:25] [Coordinator] [ERROR] 未找到 reviewer.py，且框架内置 Reviewer 尚未实现
[2026-05-18 15:09:25] [Coordinator] [WARNING] FillReview 第21章失败，重试(1/3)
[2026-05-18 15:09:25] [Coordinator] [ERROR] 未找到 reviewer.py，且框架内置 Reviewer 尚未实现
[2026-05-18 15:09:25] [Coordinator] [ERROR] 未找到 reviewer.py，且框架内置 Reviewer 尚未实现
[2026-05-18 15:09:25] [Coordinator] [ERROR] 未找到 reviewer.py，且框架内置 Reviewer 尚未实现
[2026-05-18 15:09:25] [Coordinator] [WARNING] FillReview 第22章失败，重试(1/3)
[2026-05-18 15:09:25] [Coordinator] [ERROR] 未找到 reviewer.py，且框架内置 Reviewer 尚未实现
[2026-05-18 15:09:25] [Coordinator] [WARNING] FillReview 第25章失败，重试(1/3)
[2026-05-18 15:09:25] [Coordinator] [WARNING] FillReview 第23章失败，重试(1/3)
[2026-05-18 15:09:25] [Coordinator] [WARNING] FillReview 第24章失败，重试(1/3)
[2026-05-18 15:09:25] [Coordinator] [ERROR] 未找到 reviewer.py，且框架内置 Reviewer 尚未实现
[2026-05-18 15:09:25] [Coordinator] [WARNING] FillReview 第26章失败，重试(1/3)
[2026-05-18 15:09:25] [Coordinator] [ERROR] 未找到 reviewer.py，且框架内置 Reviewer 尚未实现
[2026-05-18 15:09:25] [Coordinator] [WARNING] FillReview 第28章失败，重试(1/3)
[2026-05-18 15:09:25] [Coordinator] [ERROR] 未找到 reviewer.py，且框架内置 Reviewer 尚未实现
[2026-05-18 15:09:25] [Coordinator] [ERROR] 未找到 reviewer.py，且框架内置 Reviewer 尚未实现
[2026-05-18 15:09:25] [Coordinator] [WARNING] FillReview 第27章失败，重试(1/3)
[2026-05-18 15:09:25] [Coordinator] [ERROR] 未找到 reviewer.py，且框架内置 Reviewer 尚未实现
[2026-05-18 15:09:25] [Coordinator] [ERROR] 未找到 reviewer.py，且框架内置 Reviewer 尚未实现
[2026-05-18 15:09:25] [Coordinator] [WARNING] FillReview 第29章失败，重试(1/3)
[2026-05-18 15:09:25] [Coordinator] [WARNING] FillReview 第31章失败，重试(1/3)
[2026-05-18 15:09:25] [Coordinator] [WARNING] FillReview 第30章失败，重试(1/3)
[2026-05-18 15:09:25] [Coordinator] [ERROR] 未找到 reviewer.py，且框架内置 Reviewer 尚未实现
[2026-05-18 15:09:25] [Coordinator] [WARNING] FillReview 第34章失败，重试(1/3)
[2026-05-18 15:09:25] [Coordinator] [ERROR] 未找到 reviewer.py，且框架内置 Reviewer 尚未实现
[2026-05-18 15:09:25] [Coordinator] [WARNING] FillReview 第32章失败，重试(1/3)
[2026-05-18 15:09:25] [Coordinator] [ERROR] 未找到 reviewer.py，且框架内置 Reviewer 尚未实现
[2026-05-18 15:09:25] [Coordinator] [ERROR] 未找到 reviewer.py，且框架内置 Reviewer 尚未实现
[2026-05-18 15:09:25] [Coordinator] [WARNING] FillReview 第33章失败，重试(1/3)
[2026-05-18 15:09:25] [Coordinator] [WARNING] FillReview 第36章失败，重试(1/3)
[2026-05-18 15:09:25] [Coordinator] [ERROR] 未找到 reviewer.py，且框架内置 Reviewer 尚未实现
[2026-05-18 15:09:25] [Coordinator] [WARNING] FillReview 第35章失败，重试(1/3)
[2026-05-18 15:09:25] [Coordinator] [ERROR] 未找到 reviewer.py，且框架内置 Reviewer 尚未实现
[2026-05-18 15:09:25] [Coordinator] [WARNING] FillReview 第38章失败，重试(1/3)
[2026-05-18 15:09:25] [Coordinator] [ERROR] 未找到 reviewer.py，且框架内置 Reviewer 尚未实现
[2026-05-18 15:09:25] [Coordinator] [ERROR] 未找到 reviewer.py，且框架内置 Reviewer 尚未实现
[2026-05-18 15:09:25] [Coordinator] [WARNING] FillReview 第37章失败，重试(1/3)
[2026-05-18 15:09:25] [Coordinator] [ERROR] 未找到 reviewer.py，且框架内置 Reviewer 尚未实现
[2026-05-18 15:09:25] [Coordinator] [WARNING] FillReview 第21章失败，重试(2/3)
[2026-05-18 15:09:25] [Coordinator] [WARNING] FillReview 第39章失败，重试(1/3)
[2026-05-18 15:09:25] [Coordinator] [ERROR] 未找到 reviewer.py，且框架内置 Reviewer 尚未实现
[2026-05-18 15:09:25] [Coordinator] [WARNING] FillReview 第40章失败，重试(1/3)
[2026-05-18 15:09:25] [Coordinator] [ERROR] 未找到 reviewer.py，且框架内置 Reviewer 尚未实现
[2026-05-18 15:09:25] [Coordinator] [WARNING] FillReview 第25章失败，重试(2/3)
[2026-05-18 15:09:25] [Coordinator] [ERROR] 未找到 reviewer.py，且框架内置 Reviewer 尚未实现
[2026-05-18 15:09:25] [Coordinator] [ERROR] 未找到 reviewer.py，且框架内置 Reviewer 尚未实现
[2026-05-18 15:09:25] [Coordinator] [WARNING] FillReview 第22章失败，重试(2/3)
[2026-05-18 15:09:25] [Coordinator] [ERROR] 未找到 reviewer.py，且框架内置 Reviewer 尚未实现
[2026-05-18 15:09:25] [Coordinator] [WARNING] FillReview 第26章失败，重试(2/3)
[2026-05-18 15:09:25] [Coordinator] [ERROR] 未找到 reviewer.py，且框架内置 Reviewer 尚未实现
[2026-05-18 15:09:25] [Coordinator] [ERROR] 未找到 reviewer.py，且框架内置 Reviewer 尚未实现
[2026-05-18 15:09:25] [Coordinator] [WARNING] FillReview 第23章失败，重试(2/3)
[2026-05-18 15:09:25] [Coordinator] [WARNING] FillReview 第28章失败，重试(2/3)
[2026-05-18 15:09:25] [Coordinator] [ERROR] 未找到 reviewer.py，且框架内置 Reviewer 尚未实现
[2026-05-18 15:09:25] [Coordinator] [WARNING] FillReview 第29章失败，重试(2/3)
[2026-05-18 15:09:25] [Coordinator] [ERROR] 未找到 reviewer.py，且框架内置 Reviewer 尚未实现
[2026-05-18 15:09:25] [Coordinator] [WARNING] FillReview 第31章失败，重试(2/3)
[2026-05-18 15:09:25] [Coordinator] [WARNING] FillReview 第24章失败，重试(2/3)
[2026-05-18 15:09:25] [Coordinator] [ERROR] 未找到 reviewer.py，且框架内置 Reviewer 尚未实现
[2026-05-18 15:09:25] [Coordinator] [WARNING] FillReview 第27章失败，重试(2/3)
[2026-05-18 15:09:25] [Coordinator] [ERROR] 未找到 reviewer.py，且框架内置 Reviewer 尚未实现
[2026-05-18 15:09:25] [Coordinator] [ERROR] 未找到 reviewer.py，且框架内置 Reviewer 尚未实现
[2026-05-18 15:09:25] [Coordinator] [WARNING] FillReview 第30章失败，重试(2/3)
[2026-05-18 15:09:25] [Coordinator] [WARNING] FillReview 第34章失败，重试(2/3)
[2026-05-18 15:09:25] [Coordinator] [ERROR] 未找到 reviewer.py，且框架内置 Reviewer 尚未实现
[2026-05-18 15:09:25] [Coordinator] [WARNING] FillReview 第36章失败，重试(2/3)
[2026-05-18 15:09:25] [Coordinator] [ERROR] 未找到 reviewer.py，且框架内置 Reviewer 尚未实现
[2026-05-18 15:09:25] [Coordinator] [ERROR] 未找到 reviewer.py，且框架内置 Reviewer 尚未实现
[2026-05-18 15:09:25] [Coordinator] [WARNING] FillReview 第33章失败，重试(2/3)
[2026-05-18 15:09:25] [Coordinator] [WARNING] FillReview 第32章失败，重试(2/3)
[2026-05-18 15:09:25] [Coordinator] [ERROR] 未找到 reviewer.py，且框架内置 Reviewer 尚未实现
[2026-05-18 15:09:25] [Coordinator] [WARNING] FillReview 第35章失败，重试(2/3)
[2026-05-18 15:09:25] [Coordinator] [ERROR] 未找到 reviewer.py，且框架内置 Reviewer 尚未实现
[2026-05-18 15:09:25] [Coordinator] [WARNING] FillReview 第37章失败，重试(2/3)
[2026-05-18 15:09:25] [Coordinator] [ERROR] 未找到 reviewer.py，且框架内置 Reviewer 尚未实现
[2026-05-18 15:09:25] [Coordinator] [ERROR] 未找到 reviewer.py，且框架内置 Reviewer 尚未实现
[2026-05-18 15:09:25] [Coordinator] [WARNING] FillReview 第38章失败，重试(2/3)
[2026-05-18 15:09:25] [Coordinator] [WARNING] FillReview 第39章失败，重试(2/3)
[2026-05-18 15:09:25] [Coordinator] [ERROR] 未找到 reviewer.py，且框架内置 Reviewer 尚未实现
[2026-05-18 15:09:25] [Coordinator] [WARNING] FillReview 第21章失败，重试(3/3)
[2026-05-18 15:09:25] [Coordinator] [ERROR] 未找到 reviewer.py，且框架内置 Reviewer 尚未实现
[2026-05-18 15:09:25] [Coordinator] [WARNING] FillReview 第25章失败，重试(3/3)
[2026-05-18 15:09:25] [Coordinator] [ERROR] 未找到 reviewer.py，且框架内置 Reviewer 尚未实现
[2026-05-18 15:09:25] [Coordinator] [ERROR] 未找到 reviewer.py，且框架内置 Reviewer 尚未实现
[2026-05-18 15:09:25] [Coordinator] [WARNING] FillReview 第40章失败，重试(2/3)
[2026-05-18 15:09:25] [Coordinator] [WARNING] FillReview 第22章失败，重试(3/3)
[2026-05-18 15:09:25] [Coordinator] [ERROR] 未找到 reviewer.py，且框架内置 Reviewer 尚未实现
[2026-05-18 15:09:25] [Coordinator] [WARNING] FillReview 第26章失败，重试(3/3)
[2026-05-18 15:09:25] [Coordinator] [ERROR] 未找到 reviewer.py，且框架内置 Reviewer 尚未实现
[2026-05-18 15:09:25] [Coordinator] [WARNING] FillReview 第28章失败，重试(3/3)
[2026-05-18 15:09:25] [Coordinator] [ERROR] 未找到 reviewer.py，且框架内置 Reviewer 尚未实现
[2026-05-18 15:09:25] [Coordinator] [ERROR] 未找到 reviewer.py，且框架内置 Reviewer 尚未实现
[2026-05-18 15:09:25] [Coordinator] [WARNING] FillReview 第23章失败，重试(3/3)
[2026-05-18 15:09:25] [Coordinator] [WARNING] FillReview 第29章失败，重试(3/3)
[2026-05-18 15:09:25] [Coordinator] [ERROR] 未找到 reviewer.py，且框架内置 Reviewer 尚未实现
[2026-05-18 15:09:25] [Coordinator] [WARNING] FillReview 第31章失败，重试(3/3)
[2026-05-18 15:09:25] [Coordinator] [ERROR] 未找到 reviewer.py，且框架内置 Reviewer 尚未实现
[2026-05-18 15:09:25] [Coordinator] [ERROR] 未找到 reviewer.py，且框架内置 Reviewer 尚未实现
[2026-05-18 15:09:25] [Coordinator] [WARNING] FillReview 第24章失败，重试(3/3)
[2026-05-18 15:09:25] [Coordinator] [ERROR] 未找到 reviewer.py，且框架内置 Reviewer 尚未实现
[2026-05-18 15:09:25] [Coordinator] [ERROR] 未找到 reviewer.py，且框架内置 Reviewer 尚未实现
[2026-05-18 15:09:25] [Coordinator] [WARNING] FillReview 第27章失败，重试(3/3)
[2026-05-18 15:09:25] [Coordinator] [WARNING] FillReview 第34章失败，重试(3/3)
[2026-05-18 15:09:25] [Coordinator] [WARNING] FillReview 第30章失败，重试(3/3)
[2026-05-18 15:09:25] [Coordinator] [ERROR] 未找到 reviewer.py，且框架内置 Reviewer 尚未实现
[2026-05-18 15:09:25] [Coordinator] [WARNING] FillReview 第36章失败，重试(3/3)
[2026-05-18 15:09:25] [Coordinator] [ERROR] 未找到 reviewer.py，且框架内置 Reviewer 尚未实现
[2026-05-18 15:09:25] [Coordinator] [ERROR] 未找到 reviewer.py，且框架内置 Reviewer 尚未实现
[2026-05-18 15:09:25] [Coordinator] [WARNING] FillReview 第33章失败，重试(3/3)
[2026-05-18 15:09:25] [Coordinator] [WARNING] FillReview 第32章失败，重试(3/3)
[2026-05-18 15:09:25] [Coordinator] [ERROR] 未找到 reviewer.py，且框架内置 Reviewer 尚未实现
[2026-05-18 15:09:25] [Coordinator] [WARNING] FillReview 第35章失败，重试(3/3)
[2026-05-18 15:09:25] [Coordinator] [ERROR] 未找到 reviewer.py，且框架内置 Reviewer 尚未实现
[2026-05-18 15:09:25] [Coordinator] [ERROR] 未找到 reviewer.py，且框架内置 Reviewer 尚未实现
[2026-05-18 15:09:25] [Coordinator] [WARNING] FillReview 第37章失败，重试(3/3)
[2026-05-18 15:09:25] [Coordinator] [WARNING] FillReview 第38章失败，重试(3/3)
[2026-05-18 15:09:25] [Coordinator] [ERROR] 未找到 reviewer.py，且框架内置 Reviewer 尚未实现
[2026-05-18 15:09:25] [Coordinator] [WARNING] FillReview 第39章失败，重试(3/3)
[2026-05-18 15:09:25] [Coordinator] [ERROR] 未找到 reviewer.py，且框架内置 Reviewer 尚未实现
[2026-05-18 15:09:25] [Coordinator] [ERROR] FillReview 第25章彻底失败
[2026-05-18 15:09:25] [Coordinator] [ERROR] 未找到 reviewer.py，且框架内置 Reviewer 尚未实现
[2026-05-18 15:09:25] [Coordinator] [ERROR] 未找到 reviewer.py，且框架内置 Reviewer 尚未实现
[2026-05-18 15:09:25] [Coordinator] [ERROR] FillReview 第21章彻底失败
[2026-05-18 15:09:25] [Coordinator] [WARNING] FillReview 第40章失败，重试(3/3)
[2026-05-18 15:09:25] [Coordinator] [ERROR] 未找到 reviewer.py，且框架内置 Reviewer 尚未实现
[2026-05-18 15:09:25] [Coordinator] [ERROR] FillReview 第22章彻底失败
[2026-05-18 15:09:25] [Coordinator] [ERROR] 未找到 reviewer.py，且框架内置 Reviewer 尚未实现
[2026-05-18 15:09:25] [Coordinator] [ERROR] FillReview 第28章彻底失败
[2026-05-18 15:09:25] [Coordinator] [ERROR] 未找到 reviewer.py，且框架内置 Reviewer 尚未实现
[2026-05-18 15:09:25] [Coordinator] [ERROR] 未找到 reviewer.py，且框架内置 Reviewer 尚未实现
[2026-05-18 15:09:25] [Coordinator] [ERROR] FillReview 第26章彻底失败
[2026-05-18 15:09:25] [Coordinator] [ERROR] FillReview 第23章彻底失败
[2026-05-18 15:09:25] [Coordinator] [ERROR] 未找到 reviewer.py，且框架内置 Reviewer 尚未实现
[2026-05-18 15:09:25] [Coordinator] [ERROR] FillReview 第29章彻底失败
[2026-05-18 15:09:25] [Coordinator] [ERROR] 未找到 reviewer.py，且框架内置 Reviewer 尚未实现
[2026-05-18 15:09:25] [Coordinator] [ERROR] FillReview 第24章彻底失败
[2026-05-18 15:09:25] [Coordinator] [ERROR] 未找到 reviewer.py，且框架内置 Reviewer 尚未实现
[2026-05-18 15:09:25] [Coordinator] [ERROR] 未找到 reviewer.py，且框架内置 Reviewer 尚未实现
[2026-05-18 15:09:25] [Coordinator] [ERROR] FillReview 第31章彻底失败
[2026-05-18 15:09:25] [Coordinator] [ERROR] 未找到 reviewer.py，且框架内置 Reviewer 尚未实现
[2026-05-18 15:09:25] [Coordinator] [ERROR] FillReview 第30章彻底失败
[2026-05-18 15:09:25] [Coordinator] [ERROR] FillReview 第27章彻底失败
[2026-05-18 15:09:25] [Coordinator] [ERROR] 未找到 reviewer.py，且框架内置 Reviewer 尚未实现
[2026-05-18 15:09:25] [Coordinator] [ERROR] FillReview 第34章彻底失败
[2026-05-18 15:09:25] [Coordinator] [ERROR] 未找到 reviewer.py，且框架内置 Reviewer 尚未实现
[2026-05-18 15:09:25] [Coordinator] [ERROR] 未找到 reviewer.py，且框架内置 Reviewer 尚未实现
[2026-05-18 15:09:25] [Coordinator] [ERROR] FillReview 第36章彻底失败
[2026-05-18 15:09:25] [Coordinator] [ERROR] 未找到 reviewer.py，且框架内置 Reviewer 尚未实现
[2026-05-18 15:09:25] [Coordinator] [ERROR] FillReview 第35章彻底失败
[2026-05-18 15:09:25] [Coordinator] [ERROR] FillReview 第33章彻底失败
[2026-05-18 15:09:25] [Coordinator] [ERROR] 未找到 reviewer.py，且框架内置 Reviewer 尚未实现
[2026-05-18 15:09:25] [Coordinator] [ERROR] FillReview 第32章彻底失败
[2026-05-18 15:09:25] [Coordinator] [ERROR] 未找到 reviewer.py，且框架内置 Reviewer 尚未实现
[2026-05-18 15:09:25] [Coordinator] [ERROR] FillReview 第38章彻底失败
[2026-05-18 15:09:25] [Coordinator] [ERROR] 未找到 reviewer.py，且框架内置 Reviewer 尚未实现
[2026-05-18 15:09:25] [Coordinator] [ERROR] 未找到 reviewer.py，且框架内置 Reviewer 尚未实现
[2026-05-18 15:09:25] [Coordinator] [ERROR] FillReview 第37章彻底失败
[2026-05-18 15:09:25] [Coordinator] [ERROR] FillReview 第39章彻底失败
[2026-05-18 15:09:25] [Coordinator] [ERROR] 未找到 reviewer.py，且框架内置 Reviewer 尚未实现
[2026-05-18 15:09:25] [Coordinator] [ERROR] FillReview 第40章彻底失败
[2026-05-18 15:09:27] [Coordinator] [INFO] FillReview 批次完成: 成功 0 章, 失败 20 章
[2026-05-18 15:09:27] [Coordinator] [INFO] 已加入多媒体队列: 第21-40章 (队列长度 39)
[2026-05-18 15:09:30] [Coordinator] [INFO] ===== 开始第 41-60 章 =====
[2026-05-18 15:09:31] [Coordinator] [INFO] 工作队列: 20 个任务, 5 workers [Writer]
[2026-05-18 15:09:31] [Coordinator] [ERROR] 未找到 writer.py，且框架内置 Writer 尚未实现
[2026-05-18 15:09:31] [Coordinator] [WARNING] Writer 第41章失败，重试(1/3)
[2026-05-18 15:09:31] [Coordinator] [ERROR] 未找到 writer.py，且框架内置 Writer 尚未实现
[2026-05-18 15:09:31] [Coordinator] [WARNING] Writer 第43章失败，重试(1/3)
[2026-05-18 15:09:31] [Coordinator] [ERROR] 未找到 writer.py，且框架内置 Writer 尚未实现
[2026-05-18 15:09:31] [Coordinator] [ERROR] 未找到 writer.py，且框架内置 Writer 尚未实现
[2026-05-18 15:09:31] [Coordinator] [WARNING] Writer 第42章失败，重试(1/3)
[2026-05-18 15:09:31] [Coordinator] [ERROR] 未找到 writer.py，且框架内置 Writer 尚未实现
[2026-05-18 15:09:31] [Coordinator] [WARNING] Writer 第44章失败，重试(1/3)
[2026-05-18 15:09:31] [Coordinator] [ERROR] 未找到 writer.py，且框架内置 Writer 尚未实现
[2026-05-18 15:09:31] [Coordinator] [ERROR] 未找到 writer.py，且框架内置 Writer 尚未实现
[2026-05-18 15:09:31] [Coordinator] [WARNING] Writer 第46章失败，重试(1/3)
[2026-05-18 15:09:31] [Coordinator] [ERROR] 未找到 writer.py，且框架内置 Writer 尚未实现
[2026-05-18 15:09:31] [Coordinator] [WARNING] Writer 第45章失败，重试(1/3)
[2026-05-18 15:09:31] [Coordinator] [WARNING] Writer 第49章失败，重试(1/3)
[2026-05-18 15:09:31] [Coordinator] [ERROR] 未找到 writer.py，且框架内置 Writer 尚未实现
[2026-05-18 15:09:31] [Coordinator] [WARNING] Writer 第48章失败，重试(1/3)
[2026-05-18 15:09:31] [Coordinator] [WARNING] Writer 第47章失败，重试(1/3)
[2026-05-18 15:09:31] [Coordinator] [ERROR] 未找到 writer.py，且框架内置 Writer 尚未实现
[2026-05-18 15:09:31] [Coordinator] [WARNING] Writer 第51章失败，重试(1/3)
[2026-05-18 15:09:31] [Coordinator] [ERROR] 未找到 writer.py，且框架内置 Writer 尚未实现
[2026-05-18 15:09:31] [Coordinator] [WARNING] Writer 第50章失败，重试(1/3)
[2026-05-18 15:09:31] [Coordinator] [ERROR] 未找到 writer.py，且框架内置 Writer 尚未实现
[2026-05-18 15:09:31] [Coordinator] [ERROR] 未找到 writer.py，且框架内置 Writer 尚未实现
[2026-05-18 15:09:31] [Coordinator] [WARNING] Writer 第52章失败，重试(1/3)
[2026-05-18 15:09:31] [Coordinator] [ERROR] 未找到 writer.py，且框架内置 Writer 尚未实现
[2026-05-18 15:09:31] [Coordinator] [WARNING] Writer 第53章失败，重试(1/3)
[2026-05-18 15:09:31] [Coordinator] [WARNING] Writer 第54章失败，重试(1/3)
[2026-05-18 15:09:31] [Coordinator] [ERROR] 未找到 writer.py，且框架内置 Writer 尚未实现
[2026-05-18 15:09:31] [Coordinator] [ERROR] 未找到 writer.py，且框架内置 Writer 尚未实现
[2026-05-18 15:09:31] [Coordinator] [ERROR] 未找到 writer.py，且框架内置 Writer 尚未实现
[2026-05-18 15:09:31] [Coordinator] [WARNING] Writer 第56章失败，重试(1/3)
[2026-05-18 15:09:31] [Coordinator] [ERROR] 未找到 writer.py，且框架内置 Writer 尚未实现
[2026-05-18 15:09:31] [Coordinator] [WARNING] Writer 第59章失败，重试(1/3)
[2026-05-18 15:09:31] [Coordinator] [WARNING] Writer 第57章失败，重试(1/3)
[2026-05-18 15:09:31] [Coordinator] [ERROR] 未找到 writer.py，且框架内置 Writer 尚未实现
[2026-05-18 15:09:31] [Coordinator] [WARNING] Writer 第58章失败，重试(1/3)
[2026-05-18 15:09:31] [Coordinator] [WARNING] Writer 第55章失败，重试(1/3)
[2026-05-18 15:09:31] [Coordinator] [ERROR] 未找到 writer.py，且框架内置 Writer 尚未实现
[2026-05-18 15:09:31] [Coordinator] [WARNING] Writer 第41章失败，重试(2/3)
[2026-05-18 15:09:31] [Coordinator] [ERROR] 未找到 writer.py，且框架内置 Writer 尚未实现
[2026-05-18 15:09:31] [Coordinator] [WARNING] Writer 第60章失败，重试(1/3)
[2026-05-18 15:09:31] [Coordinator] [ERROR] 未找到 writer.py，且框架内置 Writer 尚未实现
[2026-05-18 15:09:31] [Coordinator] [ERROR] 未找到 writer.py，且框架内置 Writer 尚未实现
[2026-05-18 15:09:31] [Coordinator] [WARNING] Writer 第43章失败，重试(2/3)
[2026-05-18 15:09:31] [Coordinator] [ERROR] 未找到 writer.py，且框架内置 Writer 尚未实现
[2026-05-18 15:09:31] [Coordinator] [WARNING] Writer 第42章失败，重试(2/3)
[2026-05-18 15:09:31] [Coordinator] [WARNING] Writer 第44章失败，重试(2/3)
[2026-05-18 15:09:31] [Coordinator] [ERROR] 未找到 writer.py，且框架内置 Writer 尚未实现
[2026-05-18 15:09:31] [Coordinator] [WARNING] Writer 第46章失败，重试(2/3)
[2026-05-18 15:09:31] [Coordinator] [ERROR] 未找到 writer.py，且框架内置 Writer 尚未实现
[2026-05-18 15:09:31] [Coordinator] [WARNING] Writer 第45章失败，重试(2/3)
[2026-05-18 15:09:31] [Coordinator] [ERROR] 未找到 writer.py，且框架内置 Writer 尚未实现
[2026-05-18 15:09:31] [Coordinator] [ERROR] 未找到 writer.py，且框架内置 Writer 尚未实现
[2026-05-18 15:09:31] [Coordinator] [WARNING] Writer 第49章失败，重试(2/3)
[2026-05-18 15:09:31] [Coordinator] [ERROR] 未找到 writer.py，且框架内置 Writer 尚未实现
[2026-05-18 15:09:31] [Coordinator] [WARNING] Writer 第48章失败，重试(2/3)
[2026-05-18 15:09:31] [Coordinator] [WARNING] Writer 第47章失败，重试(2/3)
[2026-05-18 15:09:31] [Coordinator] [ERROR] 未找到 writer.py，且框架内置 Writer 尚未实现
[2026-05-18 15:09:31] [Coordinator] [WARNING] Writer 第51章失败，重试(2/3)
[2026-05-18 15:09:31] [Coordinator] [ERROR] 未找到 writer.py，且框架内置 Writer 尚未实现
[2026-05-18 15:09:31] [Coordinator] [WARNING] Writer 第50章失败，重试(2/3)
[2026-05-18 15:09:31] [Coordinator] [ERROR] 未找到 writer.py，且框架内置 Writer 尚未实现
[2026-05-18 15:09:31] [Coordinator] [ERROR] 未找到 writer.py，且框架内置 Writer 尚未实现
[2026-05-18 15:09:31] [Coordinator] [WARNING] Writer 第52章失败，重试(2/3)
[2026-05-18 15:09:31] [Coordinator] [ERROR] 未找到 writer.py，且框架内置 Writer 尚未实现
[2026-05-18 15:09:31] [Coordinator] [WARNING] Writer 第53章失败，重试(2/3)
[2026-05-18 15:09:31] [Coordinator] [WARNING] Writer 第54章失败，重试(2/3)
[2026-05-18 15:09:31] [Coordinator] [ERROR] 未找到 writer.py，且框架内置 Writer 尚未实现
[2026-05-18 15:09:31] [Coordinator] [WARNING] Writer 第56章失败，重试(2/3)
[2026-05-18 15:09:31] [Coordinator] [ERROR] 未找到 writer.py，且框架内置 Writer 尚未实现
[2026-05-18 15:09:31] [Coordinator] [WARNING] Writer 第59章失败，重试(2/3)
[2026-05-18 15:09:31] [Coordinator] [ERROR] 未找到 writer.py，且框架内置 Writer 尚未实现
[2026-05-18 15:09:31] [Coordinator] [ERROR] 未找到 writer.py，且框架内置 Writer 尚未实现
[2026-05-18 15:09:31] [Coordinator] [WARNING] Writer 第57章失败，重试(2/3)
[2026-05-18 15:09:31] [Coordinator] [ERROR] 未找到 writer.py，且框架内置 Writer 尚未实现
[2026-05-18 15:09:31] [Coordinator] [ERROR] 未找到 writer.py，且框架内置 Writer 尚未实现
[2026-05-18 15:09:31] [Coordinator] [WARNING] Writer 第55章失败，重试(2/3)
[2026-05-18 15:09:31] [Coordinator] [ERROR] 未找到 writer.py，且框架内置 Writer 尚未实现
[2026-05-18 15:09:31] [Coordinator] [WARNING] Writer 第41章失败，重试(3/3)
[2026-05-18 15:09:31] [Coordinator] [WARNING] Writer 第58章失败，重试(2/3)
[2026-05-18 15:09:31] [Coordinator] [WARNING] Writer 第60章失败，重试(2/3)
[2026-05-18 15:09:31] [Coordinator] [ERROR] 未找到 writer.py，且框架内置 Writer 尚未实现
[2026-05-18 15:09:31] [Coordinator] [ERROR] 未找到 writer.py，且框架内置 Writer 尚未实现
[2026-05-18 15:09:31] [Coordinator] [WARNING] Writer 第43章失败，重试(3/3)
[2026-05-18 15:09:31] [Coordinator] [ERROR] 未找到 writer.py，且框架内置 Writer 尚未实现
[2026-05-18 15:09:31] [Coordinator] [WARNING] Writer 第46章失败，重试(3/3)
[2026-05-18 15:09:31] [Coordinator] [WARNING] Writer 第42章失败，重试(3/3)
[2026-05-18 15:09:31] [Coordinator] [ERROR] 未找到 writer.py，且框架内置 Writer 尚未实现
[2026-05-18 15:09:31] [Coordinator] [WARNING] Writer 第44章失败，重试(3/3)
[2026-05-18 15:09:31] [Coordinator] [ERROR] 未找到 writer.py，且框架内置 Writer 尚未实现
[2026-05-18 15:09:31] [Coordinator] [WARNING] Writer 第45章失败，重试(3/3)
[2026-05-18 15:09:31] [Coordinator] [ERROR] 未找到 writer.py，且框架内置 Writer 尚未实现
[2026-05-18 15:09:31] [Coordinator] [ERROR] 未找到 writer.py，且框架内置 Writer 尚未实现
[2026-05-18 15:09:31] [Coordinator] [WARNING] Writer 第49章失败，重试(3/3)
[2026-05-18 15:09:31] [Coordinator] [ERROR] 未找到 writer.py，且框架内置 Writer 尚未实现
[2026-05-18 15:09:31] [Coordinator] [WARNING] Writer 第48章失败，重试(3/3)
[2026-05-18 15:09:31] [Coordinator] [WARNING] Writer 第47章失败，重试(3/3)
[2026-05-18 15:09:31] [Coordinator] [ERROR] 未找到 writer.py，且框架内置 Writer 尚未实现
[2026-05-18 15:09:31] [Coordinator] [WARNING] Writer 第51章失败，重试(3/3)
[2026-05-18 15:09:31] [Coordinator] [ERROR] 未找到 writer.py，且框架内置 Writer 尚未实现
[2026-05-18 15:09:31] [Coordinator] [WARNING] Writer 第50章失败，重试(3/3)
[2026-05-18 15:09:31] [Coordinator] [ERROR] 未找到 writer.py，且框架内置 Writer 尚未实现
[2026-05-18 15:09:31] [Coordinator] [ERROR] 未找到 writer.py，且框架内置 Writer 尚未实现
[2026-05-18 15:09:31] [Coordinator] [WARNING] Writer 第52章失败，重试(3/3)
[2026-05-18 15:09:31] [Coordinator] [ERROR] 未找到 writer.py，且框架内置 Writer 尚未实现
[2026-05-18 15:09:31] [Coordinator] [WARNING] Writer 第53章失败，重试(3/3)
[2026-05-18 15:09:31] [Coordinator] [WARNING] Writer 第54章失败，重试(3/3)
[2026-05-18 15:09:31] [Coordinator] [ERROR] 未找到 writer.py，且框架内置 Writer 尚未实现
[2026-05-18 15:09:31] [Coordinator] [WARNING] Writer 第56章失败，重试(3/3)
[2026-05-18 15:09:31] [Coordinator] [ERROR] 未找到 writer.py，且框架内置 Writer 尚未实现
[2026-05-18 15:09:31] [Coordinator] [WARNING] Writer 第59章失败，重试(3/3)
[2026-05-18 15:09:31] [Coordinator] [ERROR] 未找到 writer.py，且框架内置 Writer 尚未实现
[2026-05-18 15:09:31] [Coordinator] [ERROR] 未找到 writer.py，且框架内置 Writer 尚未实现
[2026-05-18 15:09:31] [Coordinator] [WARNING] Writer 第57章失败，重试(3/3)
[2026-05-18 15:09:31] [Coordinator] [ERROR] 未找到 writer.py，且框架内置 Writer 尚未实现
[2026-05-18 15:09:31] [Coordinator] [WARNING] Writer 第55章失败，重试(3/3)
[2026-05-18 15:09:31] [Coordinator] [ERROR] Writer 第41章彻底失败
[2026-05-18 15:09:31] [Coordinator] [ERROR] 未找到 writer.py，且框架内置 Writer 尚未实现
[2026-05-18 15:09:31] [Coordinator] [WARNING] Writer 第58章失败，重试(3/3)
[2026-05-18 15:09:31] [Coordinator] [ERROR] 未找到 writer.py，且框架内置 Writer 尚未实现
[2026-05-18 15:09:31] [Coordinator] [WARNING] Writer 第60章失败，重试(3/3)
[2026-05-18 15:09:31] [Coordinator] [ERROR] 未找到 writer.py，且框架内置 Writer 尚未实现
[2026-05-18 15:09:31] [Coordinator] [ERROR] 未找到 writer.py，且框架内置 Writer 尚未实现
[2026-05-18 15:09:31] [Coordinator] [ERROR] Writer 第43章彻底失败
[2026-05-18 15:09:31] [Coordinator] [ERROR] 未找到 writer.py，且框架内置 Writer 尚未实现
[2026-05-18 15:09:31] [Coordinator] [ERROR] Writer 第46章彻底失败
[2026-05-18 15:09:31] [Coordinator] [ERROR] Writer 第42章彻底失败
[2026-05-18 15:09:31] [Coordinator] [ERROR] 未找到 writer.py，且框架内置 Writer 尚未实现
[2026-05-18 15:09:31] [Coordinator] [ERROR] Writer 第44章彻底失败
[2026-05-18 15:09:31] [Coordinator] [ERROR] 未找到 writer.py，且框架内置 Writer 尚未实现
[2026-05-18 15:09:31] [Coordinator] [ERROR] Writer 第45章彻底失败
[2026-05-18 15:09:31] [Coordinator] [ERROR] 未找到 writer.py，且框架内置 Writer 尚未实现
[2026-05-18 15:09:31] [Coordinator] [ERROR] 未找到 writer.py，且框架内置 Writer 尚未实现
[2026-05-18 15:09:31] [Coordinator] [ERROR] Writer 第49章彻底失败
[2026-05-18 15:09:31] [Coordinator] [ERROR] 未找到 writer.py，且框架内置 Writer 尚未实现
[2026-05-18 15:09:31] [Coordinator] [ERROR] Writer 第48章彻底失败
[2026-05-18 15:09:31] [Coordinator] [ERROR] Writer 第47章彻底失败
[2026-05-18 15:09:31] [Coordinator] [ERROR] 未找到 writer.py，且框架内置 Writer 尚未实现
[2026-05-18 15:09:31] [Coordinator] [ERROR] Writer 第51章彻底失败
[2026-05-18 15:09:31] [Coordinator] [ERROR] 未找到 writer.py，且框架内置 Writer 尚未实现
[2026-05-18 15:09:31] [Coordinator] [ERROR] Writer 第50章彻底失败
[2026-05-18 15:09:31] [Coordinator] [ERROR] 未找到 writer.py，且框架内置 Writer 尚未实现
[2026-05-18 15:09:31] [Coordinator] [ERROR] 未找到 writer.py，且框架内置 Writer 尚未实现
[2026-05-18 15:09:31] [Coordinator] [ERROR] Writer 第52章彻底失败
[2026-05-18 15:09:31] [Coordinator] [ERROR] 未找到 writer.py，且框架内置 Writer 尚未实现
[2026-05-18 15:09:31] [Coordinator] [ERROR] Writer 第53章彻底失败
[2026-05-18 15:09:31] [Coordinator] [ERROR] Writer 第54章彻底失败
[2026-05-18 15:09:31] [Coordinator] [ERROR] 未找到 writer.py，且框架内置 Writer 尚未实现
[2026-05-18 15:09:31] [Coordinator] [ERROR] Writer 第56章彻底失败
[2026-05-18 15:09:31] [Coordinator] [ERROR] 未找到 writer.py，且框架内置 Writer 尚未实现
[2026-05-18 15:09:31] [Coordinator] [ERROR] Writer 第59章彻底失败
[2026-05-18 15:09:31] [Coordinator] [ERROR] 未找到 writer.py，且框架内置 Writer 尚未实现
[2026-05-18 15:09:31] [Coordinator] [ERROR] 未找到 writer.py，且框架内置 Writer 尚未实现
[2026-05-18 15:09:31] [Coordinator] [ERROR] Writer 第57章彻底失败
[2026-05-18 15:09:31] [Coordinator] [ERROR] 未找到 writer.py，且框架内置 Writer 尚未实现
[2026-05-18 15:09:31] [Coordinator] [ERROR] Writer 第55章彻底失败
[2026-05-18 15:09:31] [Coordinator] [ERROR] 未找到 writer.py，且框架内置 Writer 尚未实现
[2026-05-18 15:09:31] [Coordinator] [ERROR] Writer 第60章彻底失败
[2026-05-18 15:09:31] [Coordinator] [ERROR] Writer 第58章彻底失败
[2026-05-18 15:09:33] [Coordinator] [INFO] Writer 批次完成: 成功 0 章, 失败 20 章
[2026-05-18 15:09:33] [Coordinator] [WARNING] Writer 失败: [41, 42, 43, 46, 44, 45, 47, 49, 48, 51, 50, 54, 52, 53, 56, 59, 58, 57, 55, 60]
[2026-05-18 15:09:33] [Coordinator] [INFO] 工作队列: 20 个任务, 5 workers [Reviewer]
[2026-05-18 15:09:33] [Coordinator] [ERROR] 未找到 reviewer.py，且框架内置 Reviewer 尚未实现
[2026-05-18 15:09:33] [Coordinator] [WARNING] Reviewer 第41章失败，重试(1/3)
[2026-05-18 15:09:33] [Coordinator] [ERROR] 未找到 reviewer.py，且框架内置 Reviewer 尚未实现
[2026-05-18 15:09:33] [Coordinator] [WARNING] Reviewer 第43章失败，重试(1/3)
[2026-05-18 15:09:33] [Coordinator] [ERROR] 未找到 reviewer.py，且框架内置 Reviewer 尚未实现
[2026-05-18 15:09:33] [Coordinator] [WARNING] Reviewer 第44章失败，重试(1/3)
[2026-05-18 15:09:33] [Coordinator] [ERROR] 未找到 reviewer.py，且框架内置 Reviewer 尚未实现
[2026-05-18 15:09:33] [Coordinator] [ERROR] 未找到 reviewer.py，且框架内置 Reviewer 尚未实现
[2026-05-18 15:09:33] [Coordinator] [WARNING] Reviewer 第42章失败，重试(1/3)
[2026-05-18 15:09:33] [Coordinator] [ERROR] 未找到 reviewer.py，且框架内置 Reviewer 尚未实现
[2026-05-18 15:09:33] [Coordinator] [WARNING] Reviewer 第45章失败，重试(1/3)
[2026-05-18 15:09:33] [Coordinator] [WARNING] Reviewer 第46章失败，重试(1/3)
[2026-05-18 15:09:33] [Coordinator] [ERROR] 未找到 reviewer.py，且框架内置 Reviewer 尚未实现
[2026-05-18 15:09:33] [Coordinator] [WARNING] Reviewer 第47章失败，重试(1/3)
[2026-05-18 15:09:33] [Coordinator] [ERROR] 未找到 reviewer.py，且框架内置 Reviewer 尚未实现
[2026-05-18 15:09:33] [Coordinator] [WARNING] Reviewer 第48章失败，重试(1/3)
[2026-05-18 15:09:33] [Coordinator] [ERROR] 未找到 reviewer.py，且框架内置 Reviewer 尚未实现
[2026-05-18 15:09:33] [Coordinator] [ERROR] 未找到 reviewer.py，且框架内置 Reviewer 尚未实现
[2026-05-18 15:09:33] [Coordinator] [WARNING] Reviewer 第49章失败，重试(1/3)
[2026-05-18 15:09:33] [Coordinator] [ERROR] 未找到 reviewer.py，且框架内置 Reviewer 尚未实现
[2026-05-18 15:09:33] [Coordinator] [WARNING] Reviewer 第50章失败，重试(1/3)
[2026-05-18 15:09:33] [Coordinator] [WARNING] Reviewer 第51章失败，重试(1/3)
[2026-05-18 15:09:33] [Coordinator] [ERROR] 未找到 reviewer.py，且框架内置 Reviewer 尚未实现
[2026-05-18 15:09:33] [Coordinator] [WARNING] Reviewer 第52章失败，重试(1/3)
[2026-05-18 15:09:33] [Coordinator] [ERROR] 未找到 reviewer.py，且框架内置 Reviewer 尚未实现
[2026-05-18 15:09:33] [Coordinator] [WARNING] Reviewer 第53章失败，重试(1/3)
[2026-05-18 15:09:33] [Coordinator] [ERROR] 未找到 reviewer.py，且框架内置 Reviewer 尚未实现
[2026-05-18 15:09:33] [Coordinator] [ERROR] 未找到 reviewer.py，且框架内置 Reviewer 尚未实现
[2026-05-18 15:09:33] [Coordinator] [WARNING] Reviewer 第54章失败，重试(1/3)
[2026-05-18 15:09:33] [Coordinator] [ERROR] 未找到 reviewer.py，且框架内置 Reviewer 尚未实现
[2026-05-18 15:09:33] [Coordinator] [WARNING] Reviewer 第55章失败，重试(1/3)
[2026-05-18 15:09:33] [Coordinator] [WARNING] Reviewer 第56章失败，重试(1/3)
[2026-05-18 15:09:33] [Coordinator] [ERROR] 未找到 reviewer.py，且框架内置 Reviewer 尚未实现
[2026-05-18 15:09:33] [Coordinator] [WARNING] Reviewer 第57章失败，重试(1/3)
[2026-05-18 15:09:33] [Coordinator] [ERROR] 未找到 reviewer.py，且框架内置 Reviewer 尚未实现
[2026-05-18 15:09:33] [Coordinator] [WARNING] Reviewer 第58章失败，重试(1/3)
[2026-05-18 15:09:33] [Coordinator] [ERROR] 未找到 reviewer.py，且框架内置 Reviewer 尚未实现
[2026-05-18 15:09:33] [Coordinator] [ERROR] 未找到 reviewer.py，且框架内置 Reviewer 尚未实现
[2026-05-18 15:09:33] [Coordinator] [WARNING] Reviewer 第59章失败，重试(1/3)
[2026-05-18 15:09:33] [Coordinator] [ERROR] 未找到 reviewer.py，且框架内置 Reviewer 尚未实现
[2026-05-18 15:09:33] [Coordinator] [WARNING] Reviewer 第60章失败，重试(1/3)
[2026-05-18 15:09:33] [Coordinator] [WARNING] Reviewer 第41章失败，重试(2/3)
[2026-05-18 15:09:33] [Coordinator] [ERROR] 未找到 reviewer.py，且框架内置 Reviewer 尚未实现
[2026-05-18 15:09:33] [Coordinator] [WARNING] Reviewer 第43章失败，重试(2/3)
[2026-05-18 15:09:33] [Coordinator] [ERROR] 未找到 reviewer.py，且框架内置 Reviewer 尚未实现
[2026-05-18 15:09:33] [Coordinator] [WARNING] Reviewer 第44章失败，重试(2/3)
[2026-05-18 15:09:33] [Coordinator] [ERROR] 未找到 reviewer.py，且框架内置 Reviewer 尚未实现
[2026-05-18 15:09:33] [Coordinator] [ERROR] 未找到 reviewer.py，且框架内置 Reviewer 尚未实现
[2026-05-18 15:09:33] [Coordinator] [WARNING] Reviewer 第42章失败，重试(2/3)
[2026-05-18 15:09:33] [Coordinator] [ERROR] 未找到 reviewer.py，且框架内置 Reviewer 尚未实现
[2026-05-18 15:09:33] [Coordinator] [WARNING] Reviewer 第45章失败，重试(2/3)
[2026-05-18 15:09:33] [Coordinator] [WARNING] Reviewer 第46章失败，重试(2/3)
[2026-05-18 15:09:33] [Coordinator] [ERROR] 未找到 reviewer.py，且框架内置 Reviewer 尚未实现
[2026-05-18 15:09:33] [Coordinator] [WARNING] Reviewer 第47章失败，重试(2/3)
[2026-05-18 15:09:33] [Coordinator] [ERROR] 未找到 reviewer.py，且框架内置 Reviewer 尚未实现
[2026-05-18 15:09:33] [Coordinator] [WARNING] Reviewer 第48章失败，重试(2/3)
[2026-05-18 15:09:33] [Coordinator] [ERROR] 未找到 reviewer.py，且框架内置 Reviewer 尚未实现
[2026-05-18 15:09:33] [Coordinator] [ERROR] 未找到 reviewer.py，且框架内置 Reviewer 尚未实现
[2026-05-18 15:09:33] [Coordinator] [WARNING] Reviewer 第49章失败，重试(2/3)
[2026-05-18 15:09:33] [Coordinator] [ERROR] 未找到 reviewer.py，且框架内置 Reviewer 尚未实现
[2026-05-18 15:09:33] [Coordinator] [WARNING] Reviewer 第50章失败，重试(2/3)
[2026-05-18 15:09:33] [Coordinator] [WARNING] Reviewer 第51章失败，重试(2/3)
[2026-05-18 15:09:33] [Coordinator] [ERROR] 未找到 reviewer.py，且框架内置 Reviewer 尚未实现
[2026-05-18 15:09:33] [Coordinator] [WARNING] Reviewer 第52章失败，重试(2/3)
[2026-05-18 15:09:33] [Coordinator] [ERROR] 未找到 reviewer.py，且框架内置 Reviewer 尚未实现
[2026-05-18 15:09:33] [Coordinator] [WARNING] Reviewer 第53章失败，重试(2/3)
[2026-05-18 15:09:33] [Coordinator] [ERROR] 未找到 reviewer.py，且框架内置 Reviewer 尚未实现
[2026-05-18 15:09:33] [Coordinator] [ERROR] 未找到 reviewer.py，且框架内置 Reviewer 尚未实现
[2026-05-18 15:09:33] [Coordinator] [WARNING] Reviewer 第54章失败，重试(2/3)
[2026-05-18 15:09:33] [Coordinator] [ERROR] 未找到 reviewer.py，且框架内置 Reviewer 尚未实现
[2026-05-18 15:09:33] [Coordinator] [WARNING] Reviewer 第55章失败，重试(2/3)
[2026-05-18 15:09:33] [Coordinator] [WARNING] Reviewer 第56章失败，重试(2/3)
[2026-05-18 15:09:33] [Coordinator] [ERROR] 未找到 reviewer.py，且框架内置 Reviewer 尚未实现
[2026-05-18 15:09:33] [Coordinator] [WARNING] Reviewer 第57章失败，重试(2/3)
[2026-05-18 15:09:33] [Coordinator] [ERROR] 未找到 reviewer.py，且框架内置 Reviewer 尚未实现
[2026-05-18 15:09:33] [Coordinator] [WARNING] Reviewer 第58章失败，重试(2/3)
[2026-05-18 15:09:33] [Coordinator] [ERROR] 未找到 reviewer.py，且框架内置 Reviewer 尚未实现
[2026-05-18 15:09:33] [Coordinator] [ERROR] 未找到 reviewer.py，且框架内置 Reviewer 尚未实现
[2026-05-18 15:09:33] [Coordinator] [WARNING] Reviewer 第59章失败，重试(2/3)
[2026-05-18 15:09:33] [Coordinator] [ERROR] 未找到 reviewer.py，且框架内置 Reviewer 尚未实现
[2026-05-18 15:09:33] [Coordinator] [WARNING] Reviewer 第60章失败，重试(2/3)
[2026-05-18 15:09:33] [Coordinator] [WARNING] Reviewer 第41章失败，重试(3/3)
[2026-05-18 15:09:33] [Coordinator] [ERROR] 未找到 reviewer.py，且框架内置 Reviewer 尚未实现
[2026-05-18 15:09:33] [Coordinator] [WARNING] Reviewer 第43章失败，重试(3/3)
[2026-05-18 15:09:33] [Coordinator] [ERROR] 未找到 reviewer.py，且框架内置 Reviewer 尚未实现
[2026-05-18 15:09:33] [Coordinator] [WARNING] Reviewer 第44章失败，重试(3/3)
[2026-05-18 15:09:33] [Coordinator] [ERROR] 未找到 reviewer.py，且框架内置 Reviewer 尚未实现
[2026-05-18 15:09:33] [Coordinator] [ERROR] 未找到 reviewer.py，且框架内置 Reviewer 尚未实现
[2026-05-18 15:09:33] [Coordinator] [WARNING] Reviewer 第42章失败，重试(3/3)
[2026-05-18 15:09:33] [Coordinator] [ERROR] 未找到 reviewer.py，且框架内置 Reviewer 尚未实现
[2026-05-18 15:09:33] [Coordinator] [WARNING] Reviewer 第45章失败，重试(3/3)
[2026-05-18 15:09:33] [Coordinator] [WARNING] Reviewer 第46章失败，重试(3/3)
[2026-05-18 15:09:33] [Coordinator] [ERROR] 未找到 reviewer.py，且框架内置 Reviewer 尚未实现
[2026-05-18 15:09:33] [Coordinator] [WARNING] Reviewer 第47章失败，重试(3/3)
[2026-05-18 15:09:33] [Coordinator] [ERROR] 未找到 reviewer.py，且框架内置 Reviewer 尚未实现
[2026-05-18 15:09:33] [Coordinator] [WARNING] Reviewer 第48章失败，重试(3/3)
[2026-05-18 15:09:33] [Coordinator] [ERROR] 未找到 reviewer.py，且框架内置 Reviewer 尚未实现
[2026-05-18 15:09:33] [Coordinator] [ERROR] 未找到 reviewer.py，且框架内置 Reviewer 尚未实现
[2026-05-18 15:09:33] [Coordinator] [WARNING] Reviewer 第49章失败，重试(3/3)
[2026-05-18 15:09:33] [Coordinator] [ERROR] 未找到 reviewer.py，且框架内置 Reviewer 尚未实现
[2026-05-18 15:09:33] [Coordinator] [WARNING] Reviewer 第50章失败，重试(3/3)
[2026-05-18 15:09:33] [Coordinator] [WARNING] Reviewer 第51章失败，重试(3/3)
[2026-05-18 15:09:33] [Coordinator] [ERROR] 未找到 reviewer.py，且框架内置 Reviewer 尚未实现
[2026-05-18 15:09:33] [Coordinator] [WARNING] Reviewer 第52章失败，重试(3/3)
[2026-05-18 15:09:33] [Coordinator] [ERROR] 未找到 reviewer.py，且框架内置 Reviewer 尚未实现
[2026-05-18 15:09:33] [Coordinator] [WARNING] Reviewer 第53章失败，重试(3/3)
[2026-05-18 15:09:33] [Coordinator] [ERROR] 未找到 reviewer.py，且框架内置 Reviewer 尚未实现
[2026-05-18 15:09:33] [Coordinator] [ERROR] 未找到 reviewer.py，且框架内置 Reviewer 尚未实现
[2026-05-18 15:09:33] [Coordinator] [WARNING] Reviewer 第54章失败，重试(3/3)
[2026-05-18 15:09:33] [Coordinator] [ERROR] 未找到 reviewer.py，且框架内置 Reviewer 尚未实现
[2026-05-18 15:09:33] [Coordinator] [WARNING] Reviewer 第55章失败，重试(3/3)
[2026-05-18 15:09:33] [Coordinator] [WARNING] Reviewer 第56章失败，重试(3/3)
[2026-05-18 15:09:33] [Coordinator] [ERROR] 未找到 reviewer.py，且框架内置 Reviewer 尚未实现
[2026-05-18 15:09:33] [Coordinator] [WARNING] Reviewer 第57章失败，重试(3/3)
[2026-05-18 15:09:33] [Coordinator] [ERROR] 未找到 reviewer.py，且框架内置 Reviewer 尚未实现
[2026-05-18 15:09:33] [Coordinator] [WARNING] Reviewer 第58章失败，重试(3/3)
[2026-05-18 15:09:33] [Coordinator] [ERROR] 未找到 reviewer.py，且框架内置 Reviewer 尚未实现
[2026-05-18 15:09:33] [Coordinator] [ERROR] 未找到 reviewer.py，且框架内置 Reviewer 尚未实现
[2026-05-18 15:09:33] [Coordinator] [WARNING] Reviewer 第59章失败，重试(3/3)
[2026-05-18 15:09:33] [Coordinator] [ERROR] 未找到 reviewer.py，且框架内置 Reviewer 尚未实现
[2026-05-18 15:09:33] [Coordinator] [ERROR] 未找到 reviewer.py，且框架内置 Reviewer 尚未实现
[2026-05-18 15:09:33] [Coordinator] [ERROR] Reviewer 第41章彻底失败
[2026-05-18 15:09:33] [Coordinator] [ERROR] 未找到 reviewer.py，且框架内置 Reviewer 尚未实现
[2026-05-18 15:09:33] [Coordinator] [ERROR] Reviewer 第43章彻底失败
[2026-05-18 15:09:33] [Coordinator] [WARNING] Reviewer 第60章失败，重试(3/3)
[2026-05-18 15:09:33] [Coordinator] [ERROR] Reviewer 第44章彻底失败
[2026-05-18 15:09:33] [Coordinator] [ERROR] 未找到 reviewer.py，且框架内置 Reviewer 尚未实现
[2026-05-18 15:09:33] [Coordinator] [ERROR] 未找到 reviewer.py，且框架内置 Reviewer 尚未实现
[2026-05-18 15:09:33] [Coordinator] [ERROR] Reviewer 第42章彻底失败
[2026-05-18 15:09:33] [Coordinator] [ERROR] 未找到 reviewer.py，且框架内置 Reviewer 尚未实现
[2026-05-18 15:09:33] [Coordinator] [ERROR] Reviewer 第49章彻底失败
[2026-05-18 15:09:33] [Coordinator] [ERROR] Reviewer 第45章彻底失败
[2026-05-18 15:09:33] [Coordinator] [ERROR] 未找到 reviewer.py，且框架内置 Reviewer 尚未实现
[2026-05-18 15:09:33] [Coordinator] [ERROR] 未找到 reviewer.py，且框架内置 Reviewer 尚未实现
[2026-05-18 15:09:33] [Coordinator] [ERROR] 未找到 reviewer.py，且框架内置 Reviewer 尚未实现
[2026-05-18 15:09:33] [Coordinator] [ERROR] Reviewer 第48章彻底失败
[2026-05-18 15:09:33] [Coordinator] [ERROR] 未找到 reviewer.py，且框架内置 Reviewer 尚未实现
[2026-05-18 15:09:33] [Coordinator] [ERROR] Reviewer 第51章彻底失败
[2026-05-18 15:09:33] [Coordinator] [ERROR] Reviewer 第47章彻底失败
[2026-05-18 15:09:33] [Coordinator] [ERROR] 未找到 reviewer.py，且框架内置 Reviewer 尚未实现
[2026-05-18 15:09:33] [Coordinator] [ERROR] Reviewer 第50章彻底失败
[2026-05-18 15:09:33] [Coordinator] [ERROR] Reviewer 第46章彻底失败
[2026-05-18 15:09:33] [Coordinator] [ERROR] 未找到 reviewer.py，且框架内置 Reviewer 尚未实现
[2026-05-18 15:09:33] [Coordinator] [ERROR] Reviewer 第56章彻底失败
[2026-05-18 15:09:33] [Coordinator] [ERROR] 未找到 reviewer.py，且框架内置 Reviewer 尚未实现
[2026-05-18 15:09:33] [Coordinator] [ERROR] Reviewer 第52章彻底失败
[2026-05-18 15:09:33] [Coordinator] [ERROR] 未找到 reviewer.py，且框架内置 Reviewer 尚未实现
[2026-05-18 15:09:33] [Coordinator] [ERROR] 未找到 reviewer.py，且框架内置 Reviewer 尚未实现
[2026-05-18 15:09:33] [Coordinator] [ERROR] Reviewer 第54章彻底失败
[2026-05-18 15:09:33] [Coordinator] [ERROR] 未找到 reviewer.py，且框架内置 Reviewer 尚未实现
[2026-05-18 15:09:33] [Coordinator] [ERROR] Reviewer 第55章彻底失败
[2026-05-18 15:09:33] [Coordinator] [ERROR] Reviewer 第53章彻底失败
[2026-05-18 15:09:33] [Coordinator] [ERROR] 未找到 reviewer.py，且框架内置 Reviewer 尚未实现
[2026-05-18 15:09:33] [Coordinator] [ERROR] Reviewer 第57章彻底失败
[2026-05-18 15:09:33] [Coordinator] [ERROR] 未找到 reviewer.py，且框架内置 Reviewer 尚未实现
[2026-05-18 15:09:33] [Coordinator] [ERROR] Reviewer 第58章彻底失败
[2026-05-18 15:09:33] [Coordinator] [ERROR] 未找到 reviewer.py，且框架内置 Reviewer 尚未实现
[2026-05-18 15:09:33] [Coordinator] [ERROR] Reviewer 第59章彻底失败
[2026-05-18 15:09:33] [Coordinator] [ERROR] 未找到 reviewer.py，且框架内置 Reviewer 尚未实现
[2026-05-18 15:09:33] [Coordinator] [ERROR] Reviewer 第60章彻底失败
[2026-05-18 15:09:35] [Coordinator] [INFO] Reviewer 批次完成: 成功 0 章, 失败 20 章
[2026-05-18 15:09:35] [Coordinator] [WARNING] Reviewer 失败: [44, 41, 43, 45, 42, 49, 46, 47, 48, 51, 50, 56, 52, 53, 54, 55, 57, 58, 59, 60]
[2026-05-18 15:09:35] [Coordinator] [INFO] 检测到 20 章草稿缺失，开始补全...
[2026-05-18 15:09:35] [Coordinator] [INFO] 工作队列: 20 个任务, 3 workers [FillDraft]
[2026-05-18 15:09:35] [Coordinator] [ERROR] 未找到 writer.py，且框架内置 Writer 尚未实现
[2026-05-18 15:09:35] [Coordinator] [WARNING] FillDraft 第41章失败，重试(1/3)
[2026-05-18 15:09:35] [Coordinator] [ERROR] 未找到 writer.py，且框架内置 Writer 尚未实现
[2026-05-18 15:09:35] [Coordinator] [WARNING] FillDraft 第43章失败，重试(1/3)
[2026-05-18 15:09:35] [Coordinator] [ERROR] 未找到 writer.py，且框架内置 Writer 尚未实现
[2026-05-18 15:09:35] [Coordinator] [ERROR] 未找到 writer.py，且框架内置 Writer 尚未实现
[2026-05-18 15:09:35] [Coordinator] [WARNING] FillDraft 第42章失败，重试(1/3)
[2026-05-18 15:09:35] [Coordinator] [WARNING] FillDraft 第45章失败，重试(1/3)
[2026-05-18 15:09:35] [Coordinator] [ERROR] 未找到 writer.py，且框架内置 Writer 尚未实现
[2026-05-18 15:09:35] [Coordinator] [WARNING] FillDraft 第44章失败，重试(1/3)
[2026-05-18 15:09:35] [Coordinator] [ERROR] 未找到 writer.py，且框架内置 Writer 尚未实现
[2026-05-18 15:09:35] [Coordinator] [ERROR] 未找到 writer.py，且框架内置 Writer 尚未实现
[2026-05-18 15:09:35] [Coordinator] [WARNING] FillDraft 第46章失败，重试(1/3)
[2026-05-18 15:09:35] [Coordinator] [WARNING] FillDraft 第47章失败，重试(1/3)
[2026-05-18 15:09:35] [Coordinator] [ERROR] 未找到 writer.py，且框架内置 Writer 尚未实现
[2026-05-18 15:09:35] [Coordinator] [WARNING] FillDraft 第48章失败，重试(1/3)
[2026-05-18 15:09:35] [Coordinator] [ERROR] 未找到 writer.py，且框架内置 Writer 尚未实现
[2026-05-18 15:09:35] [Coordinator] [WARNING] FillDraft 第50章失败，重试(1/3)
[2026-05-18 15:09:35] [Coordinator] [ERROR] 未找到 writer.py，且框架内置 Writer 尚未实现
[2026-05-18 15:09:35] [Coordinator] [WARNING] FillDraft 第51章失败，重试(1/3)
[2026-05-18 15:09:35] [Coordinator] [ERROR] 未找到 writer.py，且框架内置 Writer 尚未实现
[2026-05-18 15:09:35] [Coordinator] [ERROR] 未找到 writer.py，且框架内置 Writer 尚未实现
[2026-05-18 15:09:35] [Coordinator] [WARNING] FillDraft 第49章失败，重试(1/3)
[2026-05-18 15:09:35] [Coordinator] [WARNING] FillDraft 第52章失败，重试(1/3)
[2026-05-18 15:09:35] [Coordinator] [ERROR] 未找到 writer.py，且框架内置 Writer 尚未实现
[2026-05-18 15:09:35] [Coordinator] [WARNING] FillDraft 第53章失败，重试(1/3)
[2026-05-18 15:09:35] [Coordinator] [ERROR] 未找到 writer.py，且框架内置 Writer 尚未实现
[2026-05-18 15:09:35] [Coordinator] [WARNING] FillDraft 第55章失败，重试(1/3)
[2026-05-18 15:09:35] [Coordinator] [ERROR] 未找到 writer.py，且框架内置 Writer 尚未实现
[2026-05-18 15:09:35] [Coordinator] [WARNING] FillDraft 第56章失败，重试(1/3)
[2026-05-18 15:09:35] [Coordinator] [ERROR] 未找到 writer.py，且框架内置 Writer 尚未实现
[2026-05-18 15:09:35] [Coordinator] [ERROR] 未找到 writer.py，且框架内置 Writer 尚未实现
[2026-05-18 15:09:35] [Coordinator] [WARNING] FillDraft 第54章失败，重试(1/3)
[2026-05-18 15:09:35] [Coordinator] [WARNING] FillDraft 第57章失败，重试(1/3)
[2026-05-18 15:09:35] [Coordinator] [ERROR] 未找到 writer.py，且框架内置 Writer 尚未实现
[2026-05-18 15:09:35] [Coordinator] [WARNING] FillDraft 第60章失败，重试(1/3)
[2026-05-18 15:09:35] [Coordinator] [ERROR] 未找到 writer.py，且框架内置 Writer 尚未实现
[2026-05-18 15:09:35] [Coordinator] [WARNING] FillDraft 第58章失败，重试(1/3)
[2026-05-18 15:09:35] [Coordinator] [ERROR] 未找到 writer.py，且框架内置 Writer 尚未实现
[2026-05-18 15:09:35] [Coordinator] [WARNING] FillDraft 第41章失败，重试(2/3)
[2026-05-18 15:09:35] [Coordinator] [ERROR] 未找到 writer.py，且框架内置 Writer 尚未实现
[2026-05-18 15:09:35] [Coordinator] [ERROR] 未找到 writer.py，且框架内置 Writer 尚未实现
[2026-05-18 15:09:35] [Coordinator] [WARNING] FillDraft 第59章失败，重试(1/3)
[2026-05-18 15:09:35] [Coordinator] [WARNING] FillDraft 第43章失败，重试(2/3)
[2026-05-18 15:09:35] [Coordinator] [ERROR] 未找到 writer.py，且框架内置 Writer 尚未实现
[2026-05-18 15:09:35] [Coordinator] [WARNING] FillDraft 第44章失败，重试(2/3)
[2026-05-18 15:09:35] [Coordinator] [ERROR] 未找到 writer.py，且框架内置 Writer 尚未实现
[2026-05-18 15:09:35] [Coordinator] [WARNING] FillDraft 第42章失败，重试(2/3)
[2026-05-18 15:09:35] [Coordinator] [ERROR] 未找到 writer.py，且框架内置 Writer 尚未实现
[2026-05-18 15:09:35] [Coordinator] [WARNING] FillDraft 第46章失败，重试(2/3)
[2026-05-18 15:09:35] [Coordinator] [ERROR] 未找到 writer.py，且框架内置 Writer 尚未实现
[2026-05-18 15:09:35] [Coordinator] [ERROR] 未找到 writer.py，且框架内置 Writer 尚未实现
[2026-05-18 15:09:35] [Coordinator] [WARNING] FillDraft 第45章失败，重试(2/3)
[2026-05-18 15:09:35] [Coordinator] [WARNING] FillDraft 第47章失败，重试(2/3)
[2026-05-18 15:09:35] [Coordinator] [ERROR] 未找到 writer.py，且框架内置 Writer 尚未实现
[2026-05-18 15:09:35] [Coordinator] [WARNING] FillDraft 第48章失败，重试(2/3)
[2026-05-18 15:09:35] [Coordinator] [ERROR] 未找到 writer.py，且框架内置 Writer 尚未实现
[2026-05-18 15:09:35] [Coordinator] [WARNING] FillDraft 第51章失败，重试(2/3)
[2026-05-18 15:09:35] [Coordinator] [ERROR] 未找到 writer.py，且框架内置 Writer 尚未实现
[2026-05-18 15:09:35] [Coordinator] [ERROR] 未找到 writer.py，且框架内置 Writer 尚未实现
[2026-05-18 15:09:35] [Coordinator] [WARNING] FillDraft 第50章失败，重试(2/3)
[2026-05-18 15:09:35] [Coordinator] [ERROR] 未找到 writer.py，且框架内置 Writer 尚未实现
[2026-05-18 15:09:35] [Coordinator] [WARNING] FillDraft 第53章失败，重试(2/3)
[2026-05-18 15:09:35] [Coordinator] [WARNING] FillDraft 第49章失败，重试(2/3)
[2026-05-18 15:09:35] [Coordinator] [ERROR] 未找到 writer.py，且框架内置 Writer 尚未实现
[2026-05-18 15:09:35] [Coordinator] [WARNING] FillDraft 第52章失败，重试(2/3)
[2026-05-18 15:09:35] [Coordinator] [ERROR] 未找到 writer.py，且框架内置 Writer 尚未实现
[2026-05-18 15:09:35] [Coordinator] [WARNING] FillDraft 第54章失败，重试(2/3)
[2026-05-18 15:09:35] [Coordinator] [ERROR] 未找到 writer.py，且框架内置 Writer 尚未实现
[2026-05-18 15:09:35] [Coordinator] [ERROR] 未找到 writer.py，且框架内置 Writer 尚未实现
[2026-05-18 15:09:35] [Coordinator] [WARNING] FillDraft 第55章失败，重试(2/3)
[2026-05-18 15:09:35] [Coordinator] [ERROR] 未找到 writer.py，且框架内置 Writer 尚未实现
[2026-05-18 15:09:35] [Coordinator] [ERROR] 未找到 writer.py，且框架内置 Writer 尚未实现
[2026-05-18 15:09:35] [Coordinator] [WARNING] FillDraft 第56章失败，重试(2/3)
[2026-05-18 15:09:35] [Coordinator] [WARNING] FillDraft 第60章失败，重试(2/3)
[2026-05-18 15:09:35] [Coordinator] [WARNING] FillDraft 第57章失败，重试(2/3)
[2026-05-18 15:09:35] [Coordinator] [ERROR] 未找到 writer.py，且框架内置 Writer 尚未实现
[2026-05-18 15:09:35] [Coordinator] [WARNING] FillDraft 第58章失败，重试(2/3)
[2026-05-18 15:09:35] [Coordinator] [ERROR] 未找到 writer.py，且框架内置 Writer 尚未实现
[2026-05-18 15:09:35] [Coordinator] [WARNING] FillDraft 第59章失败，重试(2/3)
[2026-05-18 15:09:35] [Coordinator] [ERROR] 未找到 writer.py，且框架内置 Writer 尚未实现
[2026-05-18 15:09:35] [Coordinator] [ERROR] 未找到 writer.py，且框架内置 Writer 尚未实现
[2026-05-18 15:09:35] [Coordinator] [WARNING] FillDraft 第41章失败，重试(3/3)
[2026-05-18 15:09:35] [Coordinator] [WARNING] FillDraft 第43章失败，重试(3/3)
[2026-05-18 15:09:35] [Coordinator] [ERROR] 未找到 writer.py，且框架内置 Writer 尚未实现
[2026-05-18 15:09:35] [Coordinator] [WARNING] FillDraft 第44章失败，重试(3/3)
[2026-05-18 15:09:35] [Coordinator] [ERROR] 未找到 writer.py，且框架内置 Writer 尚未实现
[2026-05-18 15:09:35] [Coordinator] [WARNING] FillDraft 第46章失败，重试(3/3)
[2026-05-18 15:09:35] [Coordinator] [ERROR] 未找到 writer.py，且框架内置 Writer 尚未实现
[2026-05-18 15:09:35] [Coordinator] [ERROR] 未找到 writer.py，且框架内置 Writer 尚未实现
[2026-05-18 15:09:35] [Coordinator] [WARNING] FillDraft 第42章失败，重试(3/3)
[2026-05-18 15:09:35] [Coordinator] [WARNING] FillDraft 第45章失败，重试(3/3)
[2026-05-18 15:09:35] [Coordinator] [ERROR] 未找到 writer.py，且框架内置 Writer 尚未实现
[2026-05-18 15:09:35] [Coordinator] [WARNING] FillDraft 第47章失败，重试(3/3)
[2026-05-18 15:09:35] [Coordinator] [ERROR] 未找到 writer.py，且框架内置 Writer 尚未实现
[2026-05-18 15:09:35] [Coordinator] [WARNING] FillDraft 第51章失败，重试(3/3)
[2026-05-18 15:09:35] [Coordinator] [ERROR] 未找到 writer.py，且框架内置 Writer 尚未实现
[2026-05-18 15:09:35] [Coordinator] [ERROR] 未找到 writer.py，且框架内置 Writer 尚未实现
[2026-05-18 15:09:35] [Coordinator] [WARNING] FillDraft 第48章失败，重试(3/3)
[2026-05-18 15:09:35] [Coordinator] [WARNING] FillDraft 第50章失败，重试(3/3)
[2026-05-18 15:09:35] [Coordinator] [ERROR] 未找到 writer.py，且框架内置 Writer 尚未实现
[2026-05-18 15:09:35] [Coordinator] [WARNING] FillDraft 第53章失败，重试(3/3)
[2026-05-18 15:09:35] [Coordinator] [ERROR] 未找到 writer.py，且框架内置 Writer 尚未实现
[2026-05-18 15:09:35] [Coordinator] [WARNING] FillDraft 第52章失败，重试(3/3)
[2026-05-18 15:09:35] [Coordinator] [ERROR] 未找到 writer.py，且框架内置 Writer 尚未实现
[2026-05-18 15:09:35] [Coordinator] [WARNING] FillDraft 第55章失败，重试(3/3)
[2026-05-18 15:09:35] [Coordinator] [ERROR] 未找到 writer.py，且框架内置 Writer 尚未实现
[2026-05-18 15:09:35] [Coordinator] [ERROR] 未找到 writer.py，且框架内置 Writer 尚未实现
[2026-05-18 15:09:35] [Coordinator] [WARNING] FillDraft 第49章失败，重试(3/3)
[2026-05-18 15:09:35] [Coordinator] [WARNING] FillDraft 第54章失败，重试(3/3)
[2026-05-18 15:09:35] [Coordinator] [ERROR] 未找到 writer.py，且框架内置 Writer 尚未实现
[2026-05-18 15:09:35] [Coordinator] [WARNING] FillDraft 第56章失败，重试(3/3)
[2026-05-18 15:09:35] [Coordinator] [ERROR] 未找到 writer.py，且框架内置 Writer 尚未实现
[2026-05-18 15:09:35] [Coordinator] [WARNING] FillDraft 第58章失败，重试(3/3)
[2026-05-18 15:09:35] [Coordinator] [ERROR] 未找到 writer.py，且框架内置 Writer 尚未实现
[2026-05-18 15:09:35] [Coordinator] [ERROR] 未找到 writer.py，且框架内置 Writer 尚未实现
[2026-05-18 15:09:35] [Coordinator] [WARNING] FillDraft 第60章失败，重试(3/3)
[2026-05-18 15:09:35] [Coordinator] [WARNING] FillDraft 第57章失败，重试(3/3)
[2026-05-18 15:09:35] [Coordinator] [ERROR] 未找到 writer.py，且框架内置 Writer 尚未实现
[2026-05-18 15:09:35] [Coordinator] [WARNING] FillDraft 第59章失败，重试(3/3)
[2026-05-18 15:09:35] [Coordinator] [ERROR] 未找到 writer.py，且框架内置 Writer 尚未实现
[2026-05-18 15:09:35] [Coordinator] [ERROR] FillDraft 第43章彻底失败
[2026-05-18 15:09:35] [Coordinator] [ERROR] 未找到 writer.py，且框架内置 Writer 尚未实现
[2026-05-18 15:09:35] [Coordinator] [ERROR] FillDraft 第44章彻底失败
[2026-05-18 15:09:35] [Coordinator] [ERROR] 未找到 writer.py，且框架内置 Writer 尚未实现
[2026-05-18 15:09:35] [Coordinator] [ERROR] 未找到 writer.py，且框架内置 Writer 尚未实现
[2026-05-18 15:09:35] [Coordinator] [ERROR] FillDraft 第41章彻底失败
[2026-05-18 15:09:35] [Coordinator] [ERROR] FillDraft 第42章彻底失败
[2026-05-18 15:09:35] [Coordinator] [ERROR] 未找到 writer.py，且框架内置 Writer 尚未实现
[2026-05-18 15:09:35] [Coordinator] [ERROR] FillDraft 第46章彻底失败
[2026-05-18 15:09:35] [Coordinator] [ERROR] 未找到 writer.py，且框架内置 Writer 尚未实现
[2026-05-18 15:09:35] [Coordinator] [ERROR] FillDraft 第51章彻底失败
[2026-05-18 15:09:35] [Coordinator] [ERROR] 未找到 writer.py，且框架内置 Writer 尚未实现
[2026-05-18 15:09:35] [Coordinator] [ERROR] FillDraft 第47章彻底失败
[2026-05-18 15:09:35] [Coordinator] [ERROR] 未找到 writer.py，且框架内置 Writer 尚未实现
[2026-05-18 15:09:35] [Coordinator] [ERROR] 未找到 writer.py，且框架内置 Writer 尚未实现
[2026-05-18 15:09:35] [Coordinator] [ERROR] FillDraft 第45章彻底失败
[2026-05-18 15:09:35] [Coordinator] [ERROR] FillDraft 第48章彻底失败
[2026-05-18 15:09:35] [Coordinator] [ERROR] 未找到 writer.py，且框架内置 Writer 尚未实现
[2026-05-18 15:09:35] [Coordinator] [ERROR] FillDraft 第50章彻底失败
[2026-05-18 15:09:35] [Coordinator] [ERROR] 未找到 writer.py，且框架内置 Writer 尚未实现
[2026-05-18 15:09:35] [Coordinator] [ERROR] FillDraft 第52章彻底失败
[2026-05-18 15:09:35] [Coordinator] [ERROR] 未找到 writer.py，且框架内置 Writer 尚未实现
[2026-05-18 15:09:35] [Coordinator] [ERROR] FillDraft 第55章彻底失败
[2026-05-18 15:09:35] [Coordinator] [ERROR] 未找到 writer.py，且框架内置 Writer 尚未实现
[2026-05-18 15:09:35] [Coordinator] [ERROR] 未找到 writer.py，且框架内置 Writer 尚未实现
[2026-05-18 15:09:35] [Coordinator] [ERROR] FillDraft 第53章彻底失败
[2026-05-18 15:09:35] [Coordinator] [ERROR] FillDraft 第49章彻底失败
[2026-05-18 15:09:35] [Coordinator] [ERROR] 未找到 writer.py，且框架内置 Writer 尚未实现
[2026-05-18 15:09:35] [Coordinator] [ERROR] FillDraft 第54章彻底失败
[2026-05-18 15:09:35] [Coordinator] [ERROR] 未找到 writer.py，且框架内置 Writer 尚未实现
[2026-05-18 15:09:35] [Coordinator] [ERROR] FillDraft 第58章彻底失败
[2026-05-18 15:09:35] [Coordinator] [ERROR] 未找到 writer.py，且框架内置 Writer 尚未实现
[2026-05-18 15:09:35] [Coordinator] [ERROR] FillDraft 第60章彻底失败
[2026-05-18 15:09:35] [Coordinator] [ERROR] 未找到 writer.py，且框架内置 Writer 尚未实现
[2026-05-18 15:09:35] [Coordinator] [ERROR] 未找到 writer.py，且框架内置 Writer 尚未实现
[2026-05-18 15:09:35] [Coordinator] [ERROR] FillDraft 第56章彻底失败
[2026-05-18 15:09:35] [Coordinator] [ERROR] FillDraft 第57章彻底失败
[2026-05-18 15:09:35] [Coordinator] [ERROR] 未找到 writer.py，且框架内置 Writer 尚未实现
[2026-05-18 15:09:35] [Coordinator] [ERROR] FillDraft 第59章彻底失败
[2026-05-18 15:09:37] [Coordinator] [INFO] FillDraft 批次完成: 成功 0 章, 失败 20 章
[2026-05-18 15:09:37] [Coordinator] [INFO] 检测到 20 章审查缺失，开始补全...
[2026-05-18 15:09:37] [Coordinator] [INFO] 工作队列: 20 个任务, 3 workers [FillReview]
[2026-05-18 15:09:37] [Coordinator] [ERROR] 未找到 reviewer.py，且框架内置 Reviewer 尚未实现
[2026-05-18 15:09:37] [Coordinator] [WARNING] FillReview 第41章失败，重试(1/3)
[2026-05-18 15:09:37] [Coordinator] [ERROR] 未找到 reviewer.py，且框架内置 Reviewer 尚未实现
[2026-05-18 15:09:37] [Coordinator] [WARNING] FillReview 第43章失败，重试(1/3)
[2026-05-18 15:09:37] [Coordinator] [ERROR] 未找到 reviewer.py，且框架内置 Reviewer 尚未实现
[2026-05-18 15:09:37] [Coordinator] [ERROR] 未找到 reviewer.py，且框架内置 Reviewer 尚未实现
[2026-05-18 15:09:37] [Coordinator] [WARNING] FillReview 第42章失败，重试(1/3)
[2026-05-18 15:09:37] [Coordinator] [ERROR] 未找到 reviewer.py，且框架内置 Reviewer 尚未实现
[2026-05-18 15:09:37] [Coordinator] [WARNING] FillReview 第46章失败，重试(1/3)
[2026-05-18 15:09:37] [Coordinator] [ERROR] 未找到 reviewer.py，且框架内置 Reviewer 尚未实现
[2026-05-18 15:09:37] [Coordinator] [WARNING] FillReview 第47章失败，重试(1/3)
[2026-05-18 15:09:37] [Coordinator] [WARNING] FillReview 第44章失败，重试(1/3)
[2026-05-18 15:09:37] [Coordinator] [ERROR] 未找到 reviewer.py，且框架内置 Reviewer 尚未实现
[2026-05-18 15:09:37] [Coordinator] [WARNING] FillReview 第45章失败，重试(1/3)
[2026-05-18 15:09:37] [Coordinator] [ERROR] 未找到 reviewer.py，且框架内置 Reviewer 尚未实现
[2026-05-18 15:09:37] [Coordinator] [WARNING] FillReview 第49章失败，重试(1/3)
[2026-05-18 15:09:37] [Coordinator] [ERROR] 未找到 reviewer.py，且框架内置 Reviewer 尚未实现
[2026-05-18 15:09:37] [Coordinator] [ERROR] 未找到 reviewer.py，且框架内置 Reviewer 尚未实现
[2026-05-18 15:09:37] [Coordinator] [WARNING] FillReview 第48章失败，重试(1/3)
[2026-05-18 15:09:37] [Coordinator] [WARNING] FillReview 第50章失败，重试(1/3)
[2026-05-18 15:09:37] [Coordinator] [ERROR] 未找到 reviewer.py，且框架内置 Reviewer 尚未实现
[2026-05-18 15:09:37] [Coordinator] [WARNING] FillReview 第53章失败，重试(1/3)
[2026-05-18 15:09:37] [Coordinator] [ERROR] 未找到 reviewer.py，且框架内置 Reviewer 尚未实现
[2026-05-18 15:09:37] [Coordinator] [WARNING] FillReview 第51章失败，重试(1/3)
[2026-05-18 15:09:37] [Coordinator] [ERROR] 未找到 reviewer.py，且框架内置 Reviewer 尚未实现
[2026-05-18 15:09:37] [Coordinator] [ERROR] 未找到 reviewer.py，且框架内置 Reviewer 尚未实现
[2026-05-18 15:09:37] [Coordinator] [WARNING] FillReview 第52章失败，重试(1/3)
[2026-05-18 15:09:37] [Coordinator] [ERROR] 未找到 reviewer.py，且框架内置 Reviewer 尚未实现
[2026-05-18 15:09:37] [Coordinator] [WARNING] FillReview 第56章失败，重试(1/3)
[2026-05-18 15:09:37] [Coordinator] [WARNING] FillReview 第54章失败，重试(1/3)
[2026-05-18 15:09:37] [Coordinator] [ERROR] 未找到 reviewer.py，且框架内置 Reviewer 尚未实现
[2026-05-18 15:09:37] [Coordinator] [WARNING] FillReview 第55章失败，重试(1/3)
[2026-05-18 15:09:37] [Coordinator] [ERROR] 未找到 reviewer.py，且框架内置 Reviewer 尚未实现
[2026-05-18 15:09:37] [Coordinator] [ERROR] 未找到 reviewer.py，且框架内置 Reviewer 尚未实现
[2026-05-18 15:09:37] [Coordinator] [WARNING] FillReview 第57章失败，重试(1/3)
[2026-05-18 15:09:37] [Coordinator] [WARNING] FillReview 第58章失败，重试(1/3)
[2026-05-18 15:09:37] [Coordinator] [ERROR] 未找到 reviewer.py，且框架内置 Reviewer 尚未实现
[2026-05-18 15:09:37] [Coordinator] [WARNING] FillReview 第59章失败，重试(1/3)
[2026-05-18 15:09:37] [Coordinator] [ERROR] 未找到 reviewer.py，且框架内置 Reviewer 尚未实现
[2026-05-18 15:09:37] [Coordinator] [WARNING] FillReview 第41章失败，重试(2/3)
[2026-05-18 15:09:37] [Coordinator] [ERROR] 未找到 reviewer.py，且框架内置 Reviewer 尚未实现
[2026-05-18 15:09:37] [Coordinator] [ERROR] 未找到 reviewer.py，且框架内置 Reviewer 尚未实现
[2026-05-18 15:09:37] [Coordinator] [WARNING] FillReview 第60章失败，重试(1/3)
[2026-05-18 15:09:37] [Coordinator] [WARNING] FillReview 第42章失败，重试(2/3)
[2026-05-18 15:09:37] [Coordinator] [ERROR] 未找到 reviewer.py，且框架内置 Reviewer 尚未实现
[2026-05-18 15:09:37] [Coordinator] [WARNING] FillReview 第43章失败，重试(2/3)
[2026-05-18 15:09:37] [Coordinator] [ERROR] 未找到 reviewer.py，且框架内置 Reviewer 尚未实现
[2026-05-18 15:09:37] [Coordinator] [WARNING] FillReview 第47章失败，重试(2/3)
[2026-05-18 15:09:37] [Coordinator] [ERROR] 未找到 reviewer.py，且框架内置 Reviewer 尚未实现
[2026-05-18 15:09:37] [Coordinator] [WARNING] FillReview 第44章失败，重试(2/3)
[2026-05-18 15:09:37] [Coordinator] [ERROR] 未找到 reviewer.py，且框架内置 Reviewer 尚未实现
[2026-05-18 15:09:37] [Coordinator] [ERROR] 未找到 reviewer.py，且框架内置 Reviewer 尚未实现
[2026-05-18 15:09:37] [Coordinator] [WARNING] FillReview 第46章失败，重试(2/3)
[2026-05-18 15:09:37] [Coordinator] [WARNING] FillReview 第45章失败，重试(2/3)
[2026-05-18 15:09:37] [Coordinator] [ERROR] 未找到 reviewer.py，且框架内置 Reviewer 尚未实现
[2026-05-18 15:09:37] [Coordinator] [WARNING] FillReview 第49章失败，重试(2/3)
[2026-05-18 15:09:37] [Coordinator] [ERROR] 未找到 reviewer.py，且框架内置 Reviewer 尚未实现
[2026-05-18 15:09:37] [Coordinator] [WARNING] FillReview 第50章失败，重试(2/3)
[2026-05-18 15:09:37] [Coordinator] [ERROR] 未找到 reviewer.py，且框架内置 Reviewer 尚未实现
[2026-05-18 15:09:37] [Coordinator] [ERROR] 未找到 reviewer.py，且框架内置 Reviewer 尚未实现
[2026-05-18 15:09:37] [Coordinator] [WARNING] FillReview 第48章失败，重试(2/3)
[2026-05-18 15:09:37] [Coordinator] [WARNING] FillReview 第53章失败，重试(2/3)
[2026-05-18 15:09:37] [Coordinator] [ERROR] 未找到 reviewer.py，且框架内置 Reviewer 尚未实现
[2026-05-18 15:09:37] [Coordinator] [WARNING] FillReview 第51章失败，重试(2/3)
[2026-05-18 15:09:37] [Coordinator] [ERROR] 未找到 reviewer.py，且框架内置 Reviewer 尚未实现
[2026-05-18 15:09:37] [Coordinator] [WARNING] FillReview 第56章失败，重试(2/3)
[2026-05-18 15:09:37] [Coordinator] [ERROR] 未找到 reviewer.py，且框架内置 Reviewer 尚未实现
[2026-05-18 15:09:37] [Coordinator] [ERROR] 未找到 reviewer.py，且框架内置 Reviewer 尚未实现
[2026-05-18 15:09:37] [Coordinator] [WARNING] FillReview 第52章失败，重试(2/3)
[2026-05-18 15:09:37] [Coordinator] [WARNING] FillReview 第54章失败，重试(2/3)
[2026-05-18 15:09:37] [Coordinator] [ERROR] 未找到 reviewer.py，且框架内置 Reviewer 尚未实现
[2026-05-18 15:09:37] [Coordinator] [WARNING] FillReview 第55章失败，重试(2/3)
[2026-05-18 15:09:37] [Coordinator] [ERROR] 未找到 reviewer.py，且框架内置 Reviewer 尚未实现
[2026-05-18 15:09:37] [Coordinator] [WARNING] FillReview 第58章失败，重试(2/3)
[2026-05-18 15:09:37] [Coordinator] [ERROR] 未找到 reviewer.py，且框架内置 Reviewer 尚未实现
[2026-05-18 15:09:37] [Coordinator] [WARNING] FillReview 第59章失败，重试(2/3)
[2026-05-18 15:09:37] [Coordinator] [ERROR] 未找到 reviewer.py，且框架内置 Reviewer 尚未实现
[2026-05-18 15:09:37] [Coordinator] [ERROR] 未找到 reviewer.py，且框架内置 Reviewer 尚未实现
[2026-05-18 15:09:37] [Coordinator] [WARNING] FillReview 第57章失败，重试(2/3)
[2026-05-18 15:09:37] [Coordinator] [WARNING] FillReview 第41章失败，重试(3/3)
[2026-05-18 15:09:37] [Coordinator] [ERROR] 未找到 reviewer.py，且框架内置 Reviewer 尚未实现
[2026-05-18 15:09:37] [Coordinator] [WARNING] FillReview 第60章失败，重试(2/3)
[2026-05-18 15:09:37] [Coordinator] [ERROR] 未找到 reviewer.py，且框架内置 Reviewer 尚未实现
[2026-05-18 15:09:37] [Coordinator] [WARNING] FillReview 第43章失败，重试(3/3)
[2026-05-18 15:09:37] [Coordinator] [ERROR] 未找到 reviewer.py，且框架内置 Reviewer 尚未实现
[2026-05-18 15:09:37] [Coordinator] [WARNING] FillReview 第47章失败，重试(3/3)
[2026-05-18 15:09:37] [Coordinator] [ERROR] 未找到 reviewer.py，且框架内置 Reviewer 尚未实现
[2026-05-18 15:09:37] [Coordinator] [ERROR] 未找到 reviewer.py，且框架内置 Reviewer 尚未实现
[2026-05-18 15:09:37] [Coordinator] [WARNING] FillReview 第42章失败，重试(3/3)
[2026-05-18 15:09:37] [Coordinator] [WARNING] FillReview 第44章失败，重试(3/3)
[2026-05-18 15:09:37] [Coordinator] [ERROR] 未找到 reviewer.py，且框架内置 Reviewer 尚未实现
[2026-05-18 15:09:37] [Coordinator] [WARNING] FillReview 第46章失败，重试(3/3)
[2026-05-18 15:09:37] [Coordinator] [ERROR] 未找到 reviewer.py，且框架内置 Reviewer 尚未实现
[2026-05-18 15:09:37] [Coordinator] [WARNING] FillReview 第49章失败，重试(3/3)
[2026-05-18 15:09:37] [Coordinator] [ERROR] 未找到 reviewer.py，且框架内置 Reviewer 尚未实现
[2026-05-18 15:09:37] [Coordinator] [ERROR] 未找到 reviewer.py，且框架内置 Reviewer 尚未实现
[2026-05-18 15:09:37] [Coordinator] [WARNING] FillReview 第45章失败，重试(3/3)
[2026-05-18 15:09:37] [Coordinator] [ERROR] 未找到 reviewer.py，且框架内置 Reviewer 尚未实现
[2026-05-18 15:09:37] [Coordinator] [WARNING] FillReview 第53章失败，重试(3/3)
[2026-05-18 15:09:37] [Coordinator] [WARNING] FillReview 第50章失败，重试(3/3)
[2026-05-18 15:09:37] [Coordinator] [ERROR] 未找到 reviewer.py，且框架内置 Reviewer 尚未实现
[2026-05-18 15:09:37] [Coordinator] [WARNING] FillReview 第48章失败，重试(3/3)
[2026-05-18 15:09:37] [Coordinator] [ERROR] 未找到 reviewer.py，且框架内置 Reviewer 尚未实现
[2026-05-18 15:09:37] [Coordinator] [WARNING] FillReview 第56章失败，重试(3/3)
[2026-05-18 15:09:37] [Coordinator] [ERROR] 未找到 reviewer.py，且框架内置 Reviewer 尚未实现
[2026-05-18 15:09:37] [Coordinator] [ERROR] 未找到 reviewer.py，且框架内置 Reviewer 尚未实现
[2026-05-18 15:09:37] [Coordinator] [WARNING] FillReview 第51章失败，重试(3/3)
[2026-05-18 15:09:37] [Coordinator] [WARNING] FillReview 第52章失败，重试(3/3)
[2026-05-18 15:09:37] [Coordinator] [ERROR] 未找到 reviewer.py，且框架内置 Reviewer 尚未实现
[2026-05-18 15:09:37] [Coordinator] [WARNING] FillReview 第54章失败，重试(3/3)
[2026-05-18 15:09:37] [Coordinator] [ERROR] 未找到 reviewer.py，且框架内置 Reviewer 尚未实现
[2026-05-18 15:09:37] [Coordinator] [WARNING] FillReview 第58章失败，重试(3/3)
[2026-05-18 15:09:37] [Coordinator] [ERROR] 未找到 reviewer.py，且框架内置 Reviewer 尚未实现
[2026-05-18 15:09:37] [Coordinator] [WARNING] FillReview 第59章失败，重试(3/3)
[2026-05-18 15:09:37] [Coordinator] [ERROR] 未找到 reviewer.py，且框架内置 Reviewer 尚未实现
[2026-05-18 15:09:37] [Coordinator] [ERROR] 未找到 reviewer.py，且框架内置 Reviewer 尚未实现
[2026-05-18 15:09:37] [Coordinator] [WARNING] FillReview 第55章失败，重试(3/3)
[2026-05-18 15:09:37] [Coordinator] [WARNING] FillReview 第57章失败，重试(3/3)
[2026-05-18 15:09:37] [Coordinator] [ERROR] 未找到 reviewer.py，且框架内置 Reviewer 尚未实现
[2026-05-18 15:09:37] [Coordinator] [ERROR] FillReview 第41章彻底失败
[2026-05-18 15:09:37] [Coordinator] [ERROR] 未找到 reviewer.py，且框架内置 Reviewer 尚未实现
[2026-05-18 15:09:37] [Coordinator] [ERROR] FillReview 第43章彻底失败
[2026-05-18 15:09:37] [Coordinator] [ERROR] 未找到 reviewer.py，且框架内置 Reviewer 尚未实现
[2026-05-18 15:09:37] [Coordinator] [ERROR] FillReview 第47章彻底失败
[2026-05-18 15:09:37] [Coordinator] [ERROR] 未找到 reviewer.py，且框架内置 Reviewer 尚未实现
[2026-05-18 15:09:37] [Coordinator] [ERROR] 未找到 reviewer.py，且框架内置 Reviewer 尚未实现
[2026-05-18 15:09:37] [Coordinator] [WARNING] FillReview 第60章失败，重试(3/3)
[2026-05-18 15:09:37] [Coordinator] [ERROR] FillReview 第42章彻底失败
[2026-05-18 15:09:37] [Coordinator] [ERROR] 未找到 reviewer.py，且框架内置 Reviewer 尚未实现
[2026-05-18 15:09:37] [Coordinator] [ERROR] FillReview 第44章彻底失败
[2026-05-18 15:09:37] [Coordinator] [ERROR] 未找到 reviewer.py，且框架内置 Reviewer 尚未实现
[2026-05-18 15:09:37] [Coordinator] [ERROR] FillReview 第49章彻底失败
[2026-05-18 15:09:37] [Coordinator] [ERROR] 未找到 reviewer.py，且框架内置 Reviewer 尚未实现
[2026-05-18 15:09:37] [Coordinator] [ERROR] FillReview 第45章彻底失败
[2026-05-18 15:09:37] [Coordinator] [ERROR] 未找到 reviewer.py，且框架内置 Reviewer 尚未实现
[2026-05-18 15:09:37] [Coordinator] [ERROR] 未找到 reviewer.py，且框架内置 Reviewer 尚未实现
[2026-05-18 15:09:37] [Coordinator] [ERROR] FillReview 第46章彻底失败
[2026-05-18 15:09:37] [Coordinator] [ERROR] FillReview 第53章彻底失败
[2026-05-18 15:09:37] [Coordinator] [ERROR] 未找到 reviewer.py，且框架内置 Reviewer 尚未实现
[2026-05-18 15:09:37] [Coordinator] [ERROR] FillReview 第50章彻底失败
[2026-05-18 15:09:37] [Coordinator] [ERROR] 未找到 reviewer.py，且框架内置 Reviewer 尚未实现
[2026-05-18 15:09:37] [Coordinator] [ERROR] FillReview 第56章彻底失败
[2026-05-18 15:09:37] [Coordinator] [ERROR] 未找到 reviewer.py，且框架内置 Reviewer 尚未实现
[2026-05-18 15:09:37] [Coordinator] [ERROR] FillReview 第51章彻底失败
[2026-05-18 15:09:37] [Coordinator] [ERROR] 未找到 reviewer.py，且框架内置 Reviewer 尚未实现
[2026-05-18 15:09:37] [Coordinator] [ERROR] 未找到 reviewer.py，且框架内置 Reviewer 尚未实现
[2026-05-18 15:09:37] [Coordinator] [ERROR] FillReview 第48章彻底失败
[2026-05-18 15:09:37] [Coordinator] [ERROR] FillReview 第52章彻底失败
[2026-05-18 15:09:37] [Coordinator] [ERROR] 未找到 reviewer.py，且框架内置 Reviewer 尚未实现
[2026-05-18 15:09:37] [Coordinator] [ERROR] FillReview 第54章彻底失败
[2026-05-18 15:09:37] [Coordinator] [ERROR] 未找到 reviewer.py，且框架内置 Reviewer 尚未实现
[2026-05-18 15:09:37] [Coordinator] [ERROR] FillReview 第59章彻底失败
[2026-05-18 15:09:37] [Coordinator] [ERROR] 未找到 reviewer.py，且框架内置 Reviewer 尚未实现
[2026-05-18 15:09:37] [Coordinator] [ERROR] FillReview 第55章彻底失败
[2026-05-18 15:09:37] [Coordinator] [ERROR] 未找到 reviewer.py，且框架内置 Reviewer 尚未实现
[2026-05-18 15:09:37] [Coordinator] [ERROR] 未找到 reviewer.py，且框架内置 Reviewer 尚未实现
[2026-05-18 15:09:37] [Coordinator] [ERROR] FillReview 第58章彻底失败
[2026-05-18 15:09:37] [Coordinator] [ERROR] FillReview 第57章彻底失败
[2026-05-18 15:09:37] [Coordinator] [ERROR] 未找到 reviewer.py，且框架内置 Reviewer 尚未实现
[2026-05-18 15:09:37] [Coordinator] [ERROR] FillReview 第60章彻底失败
[2026-05-18 15:09:39] [Coordinator] [INFO] FillReview 批次完成: 成功 0 章, 失败 20 章
[2026-05-18 15:09:39] [Coordinator] [INFO] 已加入多媒体队列: 第41-60章 (队列长度 58)
[2026-05-18 15:09:42] [Coordinator] [INFO] ===== 开始第 61-80 章 =====
[2026-05-18 15:09:42] [Coordinator] [INFO] 工作队列: 20 个任务, 5 workers [Writer]
[2026-05-18 15:09:42] [Coordinator] [ERROR] 未找到 writer.py，且框架内置 Writer 尚未实现
[2026-05-18 15:09:42] [Coordinator] [WARNING] Writer 第61章失败，重试(1/3)
[2026-05-18 15:09:42] [Coordinator] [ERROR] 未找到 writer.py，且框架内置 Writer 尚未实现
[2026-05-18 15:09:42] [Coordinator] [WARNING] Writer 第63章失败，重试(1/3)
[2026-05-18 15:09:42] [Coordinator] [ERROR] 未找到 writer.py，且框架内置 Writer 尚未实现
[2026-05-18 15:09:42] [Coordinator] [ERROR] 未找到 writer.py，且框架内置 Writer 尚未实现
[2026-05-18 15:09:42] [Coordinator] [WARNING] Writer 第62章失败，重试(1/3)
[2026-05-18 15:09:42] [Coordinator] [ERROR] 未找到 writer.py，且框架内置 Writer 尚未实现
[2026-05-18 15:09:42] [Coordinator] [ERROR] 未找到 writer.py，且框架内置 Writer 尚未实现
[2026-05-18 15:09:42] [Coordinator] [WARNING] Writer 第65章失败，重试(1/3)
[2026-05-18 15:09:42] [Coordinator] [ERROR] 未找到 writer.py，且框架内置 Writer 尚未实现
[2026-05-18 15:09:42] [Coordinator] [WARNING] Writer 第66章失败，重试(1/3)
[2026-05-18 15:09:42] [Coordinator] [WARNING] Writer 第64章失败，重试(1/3)
[2026-05-18 15:09:42] [Coordinator] [WARNING] Writer 第67章失败，重试(1/3)
[2026-05-18 15:09:42] [Coordinator] [ERROR] 未找到 writer.py，且框架内置 Writer 尚未实现
[2026-05-18 15:09:42] [Coordinator] [ERROR] 未找到 writer.py，且框架内置 Writer 尚未实现
[2026-05-18 15:09:42] [Coordinator] [WARNING] Writer 第68章失败，重试(1/3)
[2026-05-18 15:09:42] [Coordinator] [ERROR] 未找到 writer.py，且框架内置 Writer 尚未实现
[2026-05-18 15:09:42] [Coordinator] [ERROR] 未找到 writer.py，且框架内置 Writer 尚未实现
[2026-05-18 15:09:42] [Coordinator] [WARNING] Writer 第69章失败，重试(1/3)
[2026-05-18 15:09:42] [Coordinator] [ERROR] 未找到 writer.py，且框架内置 Writer 尚未实现
[2026-05-18 15:09:42] [Coordinator] [WARNING] Writer 第70章失败，重试(1/3)
[2026-05-18 15:09:42] [Coordinator] [ERROR] 未找到 writer.py，且框架内置 Writer 尚未实现
[2026-05-18 15:09:42] [Coordinator] [WARNING] Writer 第72章失败，重试(1/3)
[2026-05-18 15:09:42] [Coordinator] [ERROR] 未找到 writer.py，且框架内置 Writer 尚未实现
[2026-05-18 15:09:42] [Coordinator] [ERROR] 未找到 writer.py，且框架内置 Writer 尚未实现
[2026-05-18 15:09:42] [Coordinator] [WARNING] Writer 第71章失败，重试(1/3)
[2026-05-18 15:09:42] [Coordinator] [WARNING] Writer 第75章失败，重试(1/3)
[2026-05-18 15:09:42] [Coordinator] [ERROR] 未找到 writer.py，且框架内置 Writer 尚未实现
[2026-05-18 15:09:42] [Coordinator] [WARNING] Writer 第76章失败，重试(1/3)
[2026-05-18 15:09:42] [Coordinator] [WARNING] Writer 第73章失败，重试(1/3)
[2026-05-18 15:09:42] [Coordinator] [ERROR] 未找到 writer.py，且框架内置 Writer 尚未实现
[2026-05-18 15:09:42] [Coordinator] [WARNING] Writer 第77章失败，重试(1/3)
[2026-05-18 15:09:42] [Coordinator] [WARNING] Writer 第74章失败，重试(1/3)
[2026-05-18 15:09:42] [Coordinator] [ERROR] 未找到 writer.py，且框架内置 Writer 尚未实现
[2026-05-18 15:09:42] [Coordinator] [WARNING] Writer 第63章失败，重试(2/3)
[2026-05-18 15:09:42] [Coordinator] [ERROR] 未找到 writer.py，且框架内置 Writer 尚未实现
[2026-05-18 15:09:42] [Coordinator] [WARNING] Writer 第78章失败，重试(1/3)
[2026-05-18 15:09:42] [Coordinator] [ERROR] 未找到 writer.py，且框架内置 Writer 尚未实现
[2026-05-18 15:09:42] [Coordinator] [ERROR] 未找到 writer.py，且框架内置 Writer 尚未实现
[2026-05-18 15:09:42] [Coordinator] [WARNING] Writer 第80章失败，重试(1/3)
[2026-05-18 15:09:42] [Coordinator] [ERROR] 未找到 writer.py，且框架内置 Writer 尚未实现
[2026-05-18 15:09:42] [Coordinator] [WARNING] Writer 第61章失败，重试(2/3)
[2026-05-18 15:09:42] [Coordinator] [WARNING] Writer 第79章失败，重试(1/3)
[2026-05-18 15:09:42] [Coordinator] [ERROR] 未找到 writer.py，且框架内置 Writer 尚未实现
[2026-05-18 15:09:42] [Coordinator] [WARNING] Writer 第62章失败，重试(2/3)
[2026-05-18 15:09:42] [Coordinator] [ERROR] 未找到 writer.py，且框架内置 Writer 尚未实现
[2026-05-18 15:09:42] [Coordinator] [WARNING] Writer 第65章失败，重试(2/3)
[2026-05-18 15:09:42] [Coordinator] [ERROR] 未找到 writer.py，且框架内置 Writer 尚未实现
[2026-05-18 15:09:42] [Coordinator] [ERROR] 未找到 writer.py，且框架内置 Writer 尚未实现
[2026-05-18 15:09:42] [Coordinator] [WARNING] Writer 第66章失败，重试(2/3)
[2026-05-18 15:09:42] [Coordinator] [ERROR] 未找到 writer.py，且框架内置 Writer 尚未实现
[2026-05-18 15:09:42] [Coordinator] [ERROR] 未找到 writer.py，且框架内置 Writer 尚未实现
[2026-05-18 15:09:42] [Coordinator] [WARNING] Writer 第67章失败，重试(2/3)
[2026-05-18 15:09:42] [Coordinator] [ERROR] 未找到 writer.py，且框架内置 Writer 尚未实现
[2026-05-18 15:09:42] [Coordinator] [WARNING] Writer 第68章失败，重试(2/3)
[2026-05-18 15:09:42] [Coordinator] [WARNING] Writer 第64章失败，重试(2/3)
[2026-05-18 15:09:42] [Coordinator] [WARNING] Writer 第69章失败，重试(2/3)
[2026-05-18 15:09:42] [Coordinator] [ERROR] 未找到 writer.py，且框架内置 Writer 尚未实现
[2026-05-18 15:09:42] [Coordinator] [ERROR] 未找到 writer.py，且框架内置 Writer 尚未实现
[2026-05-18 15:09:42] [Coordinator] [WARNING] Writer 第70章失败，重试(2/3)
[2026-05-18 15:09:42] [Coordinator] [ERROR] 未找到 writer.py，且框架内置 Writer 尚未实现
[2026-05-18 15:09:42] [Coordinator] [WARNING] Writer 第75章失败，重试(2/3)
[2026-05-18 15:09:42] [Coordinator] [WARNING] Writer 第72章失败，重试(2/3)
[2026-05-18 15:09:42] [Coordinator] [ERROR] 未找到 writer.py，且框架内置 Writer 尚未实现
[2026-05-18 15:09:42] [Coordinator] [WARNING] Writer 第71章失败，重试(2/3)
[2026-05-18 15:09:42] [Coordinator] [ERROR] 未找到 writer.py，且框架内置 Writer 尚未实现
[2026-05-18 15:09:42] [Coordinator] [WARNING] Writer 第76章失败，重试(2/3)
[2026-05-18 15:09:42] [Coordinator] [ERROR] 未找到 writer.py，且框架内置 Writer 尚未实现
[2026-05-18 15:09:42] [Coordinator] [ERROR] 未找到 writer.py，且框架内置 Writer 尚未实现
[2026-05-18 15:09:42] [Coordinator] [WARNING] Writer 第73章失败，重试(2/3)
[2026-05-18 15:09:42] [Coordinator] [ERROR] 未找到 writer.py，且框架内置 Writer 尚未实现
[2026-05-18 15:09:42] [Coordinator] [WARNING] Writer 第77章失败，重试(2/3)
[2026-05-18 15:09:42] [Coordinator] [WARNING] Writer 第74章失败，重试(2/3)
[2026-05-18 15:09:42] [Coordinator] [ERROR] 未找到 writer.py，且框架内置 Writer 尚未实现
[2026-05-18 15:09:42] [Coordinator] [WARNING] Writer 第63章失败，重试(3/3)
[2026-05-18 15:09:42] [Coordinator] [ERROR] 未找到 writer.py，且框架内置 Writer 尚未实现
[2026-05-18 15:09:42] [Coordinator] [WARNING] Writer 第78章失败，重试(2/3)
[2026-05-18 15:09:42] [Coordinator] [ERROR] 未找到 writer.py，且框架内置 Writer 尚未实现
[2026-05-18 15:09:42] [Coordinator] [ERROR] 未找到 writer.py，且框架内置 Writer 尚未实现
[2026-05-18 15:09:42] [Coordinator] [WARNING] Writer 第80章失败，重试(2/3)
[2026-05-18 15:09:42] [Coordinator] [ERROR] 未找到 writer.py，且框架内置 Writer 尚未实现
[2026-05-18 15:09:42] [Coordinator] [WARNING] Writer 第61章失败，重试(3/3)
[2026-05-18 15:09:42] [Coordinator] [WARNING] Writer 第79章失败，重试(2/3)
[2026-05-18 15:09:42] [Coordinator] [ERROR] 未找到 writer.py，且框架内置 Writer 尚未实现
[2026-05-18 15:09:42] [Coordinator] [WARNING] Writer 第62章失败，重试(3/3)
[2026-05-18 15:09:42] [Coordinator] [ERROR] 未找到 writer.py，且框架内置 Writer 尚未实现
[2026-05-18 15:09:42] [Coordinator] [WARNING] Writer 第65章失败，重试(3/3)
[2026-05-18 15:09:42] [Coordinator] [ERROR] 未找到 writer.py，且框架内置 Writer 尚未实现
[2026-05-18 15:09:42] [Coordinator] [ERROR] 未找到 writer.py，且框架内置 Writer 尚未实现
[2026-05-18 15:09:42] [Coordinator] [WARNING] Writer 第66章失败，重试(3/3)
[2026-05-18 15:09:42] [Coordinator] [ERROR] 未找到 writer.py，且框架内置 Writer 尚未实现
[2026-05-18 15:09:42] [Coordinator] [ERROR] 未找到 writer.py，且框架内置 Writer 尚未实现
[2026-05-18 15:09:42] [Coordinator] [WARNING] Writer 第68章失败，重试(3/3)
[2026-05-18 15:09:42] [Coordinator] [ERROR] 未找到 writer.py，且框架内置 Writer 尚未实现
[2026-05-18 15:09:42] [Coordinator] [WARNING] Writer 第64章失败，重试(3/3)
[2026-05-18 15:09:42] [Coordinator] [WARNING] Writer 第67章失败，重试(3/3)
[2026-05-18 15:09:42] [Coordinator] [WARNING] Writer 第69章失败，重试(3/3)
[2026-05-18 15:09:42] [Coordinator] [ERROR] 未找到 writer.py，且框架内置 Writer 尚未实现
[2026-05-18 15:09:42] [Coordinator] [ERROR] 未找到 writer.py，且框架内置 Writer 尚未实现
[2026-05-18 15:09:42] [Coordinator] [WARNING] Writer 第70章失败，重试(3/3)
[2026-05-18 15:09:42] [Coordinator] [ERROR] 未找到 writer.py，且框架内置 Writer 尚未实现
[2026-05-18 15:09:42] [Coordinator] [WARNING] Writer 第71章失败，重试(3/3)
[2026-05-18 15:09:42] [Coordinator] [WARNING] Writer 第75章失败，重试(3/3)
[2026-05-18 15:09:42] [Coordinator] [ERROR] 未找到 writer.py，且框架内置 Writer 尚未实现
[2026-05-18 15:09:42] [Coordinator] [WARNING] Writer 第72章失败，重试(3/3)
[2026-05-18 15:09:42] [Coordinator] [ERROR] 未找到 writer.py，且框架内置 Writer 尚未实现
[2026-05-18 15:09:42] [Coordinator] [WARNING] Writer 第76章失败，重试(3/3)
[2026-05-18 15:09:42] [Coordinator] [ERROR] 未找到 writer.py，且框架内置 Writer 尚未实现
[2026-05-18 15:09:42] [Coordinator] [ERROR] 未找到 writer.py，且框架内置 Writer 尚未实现
[2026-05-18 15:09:42] [Coordinator] [WARNING] Writer 第73章失败，重试(3/3)
[2026-05-18 15:09:42] [Coordinator] [ERROR] 未找到 writer.py，且框架内置 Writer 尚未实现
[2026-05-18 15:09:42] [Coordinator] [ERROR] 未找到 writer.py，且框架内置 Writer 尚未实现
[2026-05-18 15:09:42] [Coordinator] [WARNING] Writer 第74章失败，重试(3/3)
[2026-05-18 15:09:42] [Coordinator] [ERROR] 未找到 writer.py，且框架内置 Writer 尚未实现
[2026-05-18 15:09:42] [Coordinator] [ERROR] Writer 第63章彻底失败
[2026-05-18 15:09:42] [Coordinator] [WARNING] Writer 第77章失败，重试(3/3)
[2026-05-18 15:09:42] [Coordinator] [WARNING] Writer 第78章失败，重试(3/3)
[2026-05-18 15:09:42] [Coordinator] [ERROR] 未找到 writer.py，且框架内置 Writer 尚未实现
[2026-05-18 15:09:42] [Coordinator] [ERROR] 未找到 writer.py，且框架内置 Writer 尚未实现
[2026-05-18 15:09:42] [Coordinator] [WARNING] Writer 第80章失败，重试(3/3)
[2026-05-18 15:09:42] [Coordinator] [ERROR] 未找到 writer.py，且框架内置 Writer 尚未实现
[2026-05-18 15:09:42] [Coordinator] [ERROR] Writer 第62章彻底失败
[2026-05-18 15:09:42] [Coordinator] [ERROR] Writer 第61章彻底失败
[2026-05-18 15:09:42] [Coordinator] [ERROR] 未找到 writer.py，且框架内置 Writer 尚未实现
[2026-05-18 15:09:42] [Coordinator] [WARNING] Writer 第79章失败，重试(3/3)
[2026-05-18 15:09:42] [Coordinator] [ERROR] 未找到 writer.py，且框架内置 Writer 尚未实现
[2026-05-18 15:09:42] [Coordinator] [ERROR] Writer 第65章彻底失败
[2026-05-18 15:09:42] [Coordinator] [ERROR] 未找到 writer.py，且框架内置 Writer 尚未实现
[2026-05-18 15:09:42] [Coordinator] [ERROR] 未找到 writer.py，且框架内置 Writer 尚未实现
[2026-05-18 15:09:42] [Coordinator] [ERROR] Writer 第66章彻底失败
[2026-05-18 15:09:42] [Coordinator] [ERROR] 未找到 writer.py，且框架内置 Writer 尚未实现
[2026-05-18 15:09:42] [Coordinator] [ERROR] 未找到 writer.py，且框架内置 Writer 尚未实现
[2026-05-18 15:09:42] [Coordinator] [ERROR] Writer 第64章彻底失败
[2026-05-18 15:09:42] [Coordinator] [ERROR] 未找到 writer.py，且框架内置 Writer 尚未实现
[2026-05-18 15:09:42] [Coordinator] [ERROR] Writer 第67章彻底失败
[2026-05-18 15:09:42] [Coordinator] [ERROR] Writer 第68章彻底失败
[2026-05-18 15:09:42] [Coordinator] [ERROR] Writer 第69章彻底失败
[2026-05-18 15:09:42] [Coordinator] [ERROR] 未找到 writer.py，且框架内置 Writer 尚未实现
[2026-05-18 15:09:42] [Coordinator] [ERROR] 未找到 writer.py，且框架内置 Writer 尚未实现
[2026-05-18 15:09:42] [Coordinator] [ERROR] Writer 第70章彻底失败
[2026-05-18 15:09:42] [Coordinator] [ERROR] 未找到 writer.py，且框架内置 Writer 尚未实现
[2026-05-18 15:09:42] [Coordinator] [ERROR] 未找到 writer.py，且框架内置 Writer 尚未实现
[2026-05-18 15:09:42] [Coordinator] [ERROR] Writer 第71章彻底失败
[2026-05-18 15:09:42] [Coordinator] [ERROR] 未找到 writer.py，且框架内置 Writer 尚未实现
[2026-05-18 15:09:42] [Coordinator] [ERROR] Writer 第75章彻底失败
[2026-05-18 15:09:42] [Coordinator] [ERROR] Writer 第72章彻底失败
[2026-05-18 15:09:42] [Coordinator] [ERROR] Writer 第76章彻底失败
[2026-05-18 15:09:42] [Coordinator] [ERROR] 未找到 writer.py，且框架内置 Writer 尚未实现
[2026-05-18 15:09:42] [Coordinator] [ERROR] 未找到 writer.py，且框架内置 Writer 尚未实现
[2026-05-18 15:09:42] [Coordinator] [ERROR] Writer 第73章彻底失败
[2026-05-18 15:09:42] [Coordinator] [ERROR] 未找到 writer.py，且框架内置 Writer 尚未实现
[2026-05-18 15:09:42] [Coordinator] [ERROR] Writer 第78章彻底失败
[2026-05-18 15:09:42] [Coordinator] [ERROR] Writer 第74章彻底失败
[2026-05-18 15:09:42] [Coordinator] [ERROR] 未找到 writer.py，且框架内置 Writer 尚未实现
[2026-05-18 15:09:42] [Coordinator] [ERROR] Writer 第77章彻底失败
[2026-05-18 15:09:42] [Coordinator] [ERROR] 未找到 writer.py，且框架内置 Writer 尚未实现
[2026-05-18 15:09:42] [Coordinator] [ERROR] Writer 第80章彻底失败
[2026-05-18 15:09:42] [Coordinator] [ERROR] 未找到 writer.py，且框架内置 Writer 尚未实现
[2026-05-18 15:09:42] [Coordinator] [ERROR] Writer 第79章彻底失败
[2026-05-18 15:09:44] [Coordinator] [INFO] Writer 批次完成: 成功 0 章, 失败 20 章
[2026-05-18 15:09:44] [Coordinator] [WARNING] Writer 失败: [63, 61, 62, 65, 69, 66, 68, 64, 67, 76, 70, 72, 71, 75, 74, 73, 78, 77, 80, 79]
[2026-05-18 15:09:44] [Coordinator] [INFO] 工作队列: 20 个任务, 5 workers [Reviewer]
[2026-05-18 15:09:44] [Coordinator] [ERROR] 未找到 reviewer.py，且框架内置 Reviewer 尚未实现
[2026-05-18 15:09:44] [Coordinator] [WARNING] Reviewer 第61章失败，重试(1/3)
[2026-05-18 15:09:44] [Coordinator] [ERROR] 未找到 reviewer.py，且框架内置 Reviewer 尚未实现
[2026-05-18 15:09:44] [Coordinator] [WARNING] Reviewer 第63章失败，重试(1/3)
[2026-05-18 15:09:44] [Coordinator] [ERROR] 未找到 reviewer.py，且框架内置 Reviewer 尚未实现
[2026-05-18 15:09:44] [Coordinator] [WARNING] Reviewer 第62章失败，重试(1/3)
[2026-05-18 15:09:44] [Coordinator] [ERROR] 未找到 reviewer.py，且框架内置 Reviewer 尚未实现
[2026-05-18 15:09:44] [Coordinator] [ERROR] 未找到 reviewer.py，且框架内置 Reviewer 尚未实现
[2026-05-18 15:09:44] [Coordinator] [WARNING] Reviewer 第64章失败，重试(1/3)
[2026-05-18 15:09:44] [Coordinator] [ERROR] 未找到 reviewer.py，且框架内置 Reviewer 尚未实现
[2026-05-18 15:09:44] [Coordinator] [WARNING] Reviewer 第65章失败，重试(1/3)
[2026-05-18 15:09:44] [Coordinator] [WARNING] Reviewer 第66章失败，重试(1/3)
[2026-05-18 15:09:44] [Coordinator] [ERROR] 未找到 reviewer.py，且框架内置 Reviewer 尚未实现
[2026-05-18 15:09:44] [Coordinator] [WARNING] Reviewer 第67章失败，重试(1/3)
[2026-05-18 15:09:44] [Coordinator] [ERROR] 未找到 reviewer.py，且框架内置 Reviewer 尚未实现
[2026-05-18 15:09:45] [Coordinator] [WARNING] Reviewer 第68章失败，重试(1/3)
[2026-05-18 15:09:44] [Coordinator] [ERROR] 未找到 reviewer.py，且框架内置 Reviewer 尚未实现
[2026-05-18 15:09:44] [Coordinator] [ERROR] 未找到 reviewer.py，且框架内置 Reviewer 尚未实现
[2026-05-18 15:09:45] [Coordinator] [WARNING] Reviewer 第69章失败，重试(1/3)
[2026-05-18 15:09:44] [Coordinator] [ERROR] 未找到 reviewer.py，且框架内置 Reviewer 尚未实现
[2026-05-18 15:09:45] [Coordinator] [WARNING] Reviewer 第70章失败，重试(1/3)
[2026-05-18 15:09:45] [Coordinator] [WARNING] Reviewer 第71章失败，重试(1/3)
[2026-05-18 15:09:44] [Coordinator] [ERROR] 未找到 reviewer.py，且框架内置 Reviewer 尚未实现
[2026-05-18 15:09:45] [Coordinator] [WARNING] Reviewer 第72章失败，重试(1/3)
[2026-05-18 15:09:45] [Coordinator] [ERROR] 未找到 reviewer.py，且框架内置 Reviewer 尚未实现
[2026-05-18 15:09:45] [Coordinator] [WARNING] Reviewer 第73章失败，重试(1/3)
[2026-05-18 15:09:45] [Coordinator] [ERROR] 未找到 reviewer.py，且框架内置 Reviewer 尚未实现
[2026-05-18 15:09:45] [Coordinator] [ERROR] 未找到 reviewer.py，且框架内置 Reviewer 尚未实现
[2026-05-18 15:09:45] [Coordinator] [WARNING] Reviewer 第74章失败，重试(1/3)
[2026-05-18 15:09:45] [Coordinator] [ERROR] 未找到 reviewer.py，且框架内置 Reviewer 尚未实现
[2026-05-18 15:09:45] [Coordinator] [WARNING] Reviewer 第75章失败，重试(1/3)
[2026-05-18 15:09:45] [Coordinator] [WARNING] Reviewer 第76章失败，重试(1/3)
[2026-05-18 15:09:45] [Coordinator] [ERROR] 未找到 reviewer.py，且框架内置 Reviewer 尚未实现
[2026-05-18 15:09:45] [Coordinator] [WARNING] Reviewer 第77章失败，重试(1/3)
[2026-05-18 15:09:45] [Coordinator] [ERROR] 未找到 reviewer.py，且框架内置 Reviewer 尚未实现
[2026-05-18 15:09:45] [Coordinator] [WARNING] Reviewer 第78章失败，重试(1/3)
[2026-05-18 15:09:45] [Coordinator] [ERROR] 未找到 reviewer.py，且框架内置 Reviewer 尚未实现
[2026-05-18 15:09:45] [Coordinator] [ERROR] 未找到 reviewer.py，且框架内置 Reviewer 尚未实现
[2026-05-18 15:09:45] [Coordinator] [WARNING] Reviewer 第79章失败，重试(1/3)
[2026-05-18 15:09:45] [Coordinator] [ERROR] 未找到 reviewer.py，且框架内置 Reviewer 尚未实现
[2026-05-18 15:09:45] [Coordinator] [WARNING] Reviewer 第80章失败，重试(1/3)
[2026-05-18 15:09:45] [Coordinator] [WARNING] Reviewer 第61章失败，重试(2/3)
[2026-05-18 15:09:45] [Coordinator] [ERROR] 未找到 reviewer.py，且框架内置 Reviewer 尚未实现
[2026-05-18 15:09:45] [Coordinator] [WARNING] Reviewer 第63章失败，重试(2/3)
[2026-05-18 15:09:45] [Coordinator] [ERROR] 未找到 reviewer.py，且框架内置 Reviewer 尚未实现
[2026-05-18 15:09:45] [Coordinator] [WARNING] Reviewer 第62章失败，重试(2/3)
[2026-05-18 15:09:45] [Coordinator] [ERROR] 未找到 reviewer.py，且框架内置 Reviewer 尚未实现
[2026-05-18 15:09:45] [Coordinator] [ERROR] 未找到 reviewer.py，且框架内置 Reviewer 尚未实现
[2026-05-18 15:09:45] [Coordinator] [WARNING] Reviewer 第64章失败，重试(2/3)
[2026-05-18 15:09:45] [Coordinator] [ERROR] 未找到 reviewer.py，且框架内置 Reviewer 尚未实现
[2026-05-18 15:09:45] [Coordinator] [WARNING] Reviewer 第65章失败，重试(2/3)
[2026-05-18 15:09:45] [Coordinator] [WARNING] Reviewer 第66章失败，重试(2/3)
[2026-05-18 15:09:45] [Coordinator] [ERROR] 未找到 reviewer.py，且框架内置 Reviewer 尚未实现
[2026-05-18 15:09:45] [Coordinator] [WARNING] Reviewer 第67章失败，重试(2/3)
[2026-05-18 15:09:45] [Coordinator] [ERROR] 未找到 reviewer.py，且框架内置 Reviewer 尚未实现
[2026-05-18 15:09:45] [Coordinator] [WARNING] Reviewer 第68章失败，重试(2/3)
[2026-05-18 15:09:45] [Coordinator] [ERROR] 未找到 reviewer.py，且框架内置 Reviewer 尚未实现
[2026-05-18 15:09:45] [Coordinator] [ERROR] 未找到 reviewer.py，且框架内置 Reviewer 尚未实现
[2026-05-18 15:09:45] [Coordinator] [WARNING] Reviewer 第69章失败，重试(2/3)
[2026-05-18 15:09:45] [Coordinator] [ERROR] 未找到 reviewer.py，且框架内置 Reviewer 尚未实现
[2026-05-18 15:09:45] [Coordinator] [WARNING] Reviewer 第70章失败，重试(2/3)
[2026-05-18 15:09:45] [Coordinator] [WARNING] Reviewer 第71章失败，重试(2/3)
[2026-05-18 15:09:45] [Coordinator] [ERROR] 未找到 reviewer.py，且框架内置 Reviewer 尚未实现
[2026-05-18 15:09:45] [Coordinator] [WARNING] Reviewer 第72章失败，重试(2/3)
[2026-05-18 15:09:45] [Coordinator] [ERROR] 未找到 reviewer.py，且框架内置 Reviewer 尚未实现
[2026-05-18 15:09:45] [Coordinator] [WARNING] Reviewer 第73章失败，重试(2/3)
[2026-05-18 15:09:45] [Coordinator] [ERROR] 未找到 reviewer.py，且框架内置 Reviewer 尚未实现
[2026-05-18 15:09:45] [Coordinator] [ERROR] 未找到 reviewer.py，且框架内置 Reviewer 尚未实现
[2026-05-18 15:09:45] [Coordinator] [WARNING] Reviewer 第74章失败，重试(2/3)
[2026-05-18 15:09:45] [Coordinator] [ERROR] 未找到 reviewer.py，且框架内置 Reviewer 尚未实现
[2026-05-18 15:09:45] [Coordinator] [WARNING] Reviewer 第75章失败，重试(2/3)
[2026-05-18 15:09:45] [Coordinator] [WARNING] Reviewer 第76章失败，重试(2/3)
[2026-05-18 15:09:45] [Coordinator] [ERROR] 未找到 reviewer.py，且框架内置 Reviewer 尚未实现
[2026-05-18 15:09:45] [Coordinator] [WARNING] Reviewer 第77章失败，重试(2/3)
[2026-05-18 15:09:45] [Coordinator] [ERROR] 未找到 reviewer.py，且框架内置 Reviewer 尚未实现
[2026-05-18 15:09:45] [Coordinator] [WARNING] Reviewer 第78章失败，重试(2/3)
[2026-05-18 15:09:45] [Coordinator] [ERROR] 未找到 reviewer.py，且框架内置 Reviewer 尚未实现
[2026-05-18 15:09:45] [Coordinator] [ERROR] 未找到 reviewer.py，且框架内置 Reviewer 尚未实现
[2026-05-18 15:09:45] [Coordinator] [WARNING] Reviewer 第79章失败，重试(2/3)
[2026-05-18 15:09:45] [Coordinator] [ERROR] 未找到 reviewer.py，且框架内置 Reviewer 尚未实现
[2026-05-18 15:09:45] [Coordinator] [WARNING] Reviewer 第80章失败，重试(2/3)
[2026-05-18 15:09:45] [Coordinator] [WARNING] Reviewer 第61章失败，重试(3/3)
[2026-05-18 15:09:45] [Coordinator] [ERROR] 未找到 reviewer.py，且框架内置 Reviewer 尚未实现
[2026-05-18 15:09:45] [Coordinator] [WARNING] Reviewer 第63章失败，重试(3/3)
[2026-05-18 15:09:45] [Coordinator] [ERROR] 未找到 reviewer.py，且框架内置 Reviewer 尚未实现
[2026-05-18 15:09:45] [Coordinator] [WARNING] Reviewer 第62章失败，重试(3/3)
[2026-05-18 15:09:45] [Coordinator] [ERROR] 未找到 reviewer.py，且框架内置 Reviewer 尚未实现
[2026-05-18 15:09:45] [Coordinator] [ERROR] 未找到 reviewer.py，且框架内置 Reviewer 尚未实现
[2026-05-18 15:09:45] [Coordinator] [WARNING] Reviewer 第64章失败，重试(3/3)
[2026-05-18 15:09:45] [Coordinator] [ERROR] 未找到 reviewer.py，且框架内置 Reviewer 尚未实现
[2026-05-18 15:09:45] [Coordinator] [ERROR] 未找到 reviewer.py，且框架内置 Reviewer 尚未实现
[2026-05-18 15:09:45] [Coordinator] [WARNING] Reviewer 第66章失败，重试(3/3)
[2026-05-18 15:09:45] [Coordinator] [ERROR] 未找到 reviewer.py，且框架内置 Reviewer 尚未实现
[2026-05-18 15:09:45] [Coordinator] [WARNING] Reviewer 第67章失败，重试(3/3)
[2026-05-18 15:09:45] [Coordinator] [ERROR] 未找到 reviewer.py，且框架内置 Reviewer 尚未实现
[2026-05-18 15:09:45] [Coordinator] [WARNING] Reviewer 第68章失败，重试(3/3)
[2026-05-18 15:09:45] [Coordinator] [ERROR] 未找到 reviewer.py，且框架内置 Reviewer 尚未实现
[2026-05-18 15:09:45] [Coordinator] [ERROR] 未找到 reviewer.py，且框架内置 Reviewer 尚未实现
[2026-05-18 15:09:45] [Coordinator] [WARNING] Reviewer 第65章失败，重试(3/3)
[2026-05-18 15:09:45] [Coordinator] [WARNING] Reviewer 第71章失败，重试(3/3)
[2026-05-18 15:09:45] [Coordinator] [ERROR] 未找到 reviewer.py，且框架内置 Reviewer 尚未实现
[2026-05-18 15:09:45] [Coordinator] [WARNING] Reviewer 第72章失败，重试(3/3)
[2026-05-18 15:09:45] [Coordinator] [WARNING] Reviewer 第69章失败，重试(3/3)
[2026-05-18 15:09:45] [Coordinator] [ERROR] 未找到 reviewer.py，且框架内置 Reviewer 尚未实现
[2026-05-18 15:09:45] [Coordinator] [WARNING] Reviewer 第73章失败，重试(3/3)
[2026-05-18 15:09:45] [Coordinator] [WARNING] Reviewer 第70章失败，重试(3/3)
[2026-05-18 15:09:45] [Coordinator] [ERROR] 未找到 reviewer.py，且框架内置 Reviewer 尚未实现
[2026-05-18 15:09:45] [Coordinator] [WARNING] Reviewer 第75章失败，重试(3/3)
[2026-05-18 15:09:45] [Coordinator] [ERROR] 未找到 reviewer.py，且框架内置 Reviewer 尚未实现
[2026-05-18 15:09:45] [Coordinator] [WARNING] Reviewer 第74章失败，重试(3/3)
[2026-05-18 15:09:45] [Coordinator] [ERROR] 未找到 reviewer.py，且框架内置 Reviewer 尚未实现
[2026-05-18 15:09:45] [Coordinator] [ERROR] 未找到 reviewer.py，且框架内置 Reviewer 尚未实现
[2026-05-18 15:09:45] [Coordinator] [WARNING] Reviewer 第76章失败，重试(3/3)
[2026-05-18 15:09:45] [Coordinator] [ERROR] 未找到 reviewer.py，且框架内置 Reviewer 尚未实现
[2026-05-18 15:09:45] [Coordinator] [WARNING] Reviewer 第77章失败，重试(3/3)
[2026-05-18 15:09:45] [Coordinator] [WARNING] Reviewer 第78章失败，重试(3/3)
[2026-05-18 15:09:45] [Coordinator] [ERROR] 未找到 reviewer.py，且框架内置 Reviewer 尚未实现
[2026-05-18 15:09:45] [Coordinator] [WARNING] Reviewer 第79章失败，重试(3/3)
[2026-05-18 15:09:45] [Coordinator] [ERROR] 未找到 reviewer.py，且框架内置 Reviewer 尚未实现
[2026-05-18 15:09:45] [Coordinator] [WARNING] Reviewer 第80章失败，重试(3/3)
[2026-05-18 15:09:45] [Coordinator] [ERROR] 未找到 reviewer.py，且框架内置 Reviewer 尚未实现
[2026-05-18 15:09:45] [Coordinator] [ERROR] 未找到 reviewer.py，且框架内置 Reviewer 尚未实现
[2026-05-18 15:09:45] [Coordinator] [ERROR] Reviewer 第61章彻底失败
[2026-05-18 15:09:45] [Coordinator] [ERROR] 未找到 reviewer.py，且框架内置 Reviewer 尚未实现
[2026-05-18 15:09:45] [Coordinator] [ERROR] Reviewer 第63章彻底失败
[2026-05-18 15:09:45] [Coordinator] [ERROR] Reviewer 第62章彻底失败
[2026-05-18 15:09:45] [Coordinator] [ERROR] 未找到 reviewer.py，且框架内置 Reviewer 尚未实现
[2026-05-18 15:09:45] [Coordinator] [ERROR] Reviewer 第64章彻底失败
[2026-05-18 15:09:45] [Coordinator] [ERROR] 未找到 reviewer.py，且框架内置 Reviewer 尚未实现
[2026-05-18 15:09:45] [Coordinator] [ERROR] Reviewer 第66章彻底失败
[2026-05-18 15:09:45] [Coordinator] [ERROR] 未找到 reviewer.py，且框架内置 Reviewer 尚未实现
[2026-05-18 15:09:45] [Coordinator] [ERROR] 未找到 reviewer.py，且框架内置 Reviewer 尚未实现
[2026-05-18 15:09:45] [Coordinator] [ERROR] Reviewer 第67章彻底失败
[2026-05-18 15:09:45] [Coordinator] [ERROR] 未找到 reviewer.py，且框架内置 Reviewer 尚未实现
[2026-05-18 15:09:45] [Coordinator] [ERROR] Reviewer 第68章彻底失败
[2026-05-18 15:09:45] [Coordinator] [ERROR] Reviewer 第65章彻底失败
[2026-05-18 15:09:45] [Coordinator] [ERROR] 未找到 reviewer.py，且框架内置 Reviewer 尚未实现
[2026-05-18 15:09:45] [Coordinator] [ERROR] Reviewer 第71章彻底失败
[2026-05-18 15:09:45] [Coordinator] [ERROR] 未找到 reviewer.py，且框架内置 Reviewer 尚未实现
[2026-05-18 15:09:45] [Coordinator] [ERROR] Reviewer 第72章彻底失败
[2026-05-18 15:09:45] [Coordinator] [ERROR] 未找到 reviewer.py，且框架内置 Reviewer 尚未实现
[2026-05-18 15:09:45] [Coordinator] [ERROR] 未找到 reviewer.py，且框架内置 Reviewer 尚未实现
[2026-05-18 15:09:45] [Coordinator] [ERROR] Reviewer 第69章彻底失败
[2026-05-18 15:09:45] [Coordinator] [ERROR] 未找到 reviewer.py，且框架内置 Reviewer 尚未实现
[2026-05-18 15:09:45] [Coordinator] [ERROR] Reviewer 第73章彻底失败
[2026-05-18 15:09:45] [Coordinator] [ERROR] Reviewer 第70章彻底失败
[2026-05-18 15:09:45] [Coordinator] [ERROR] 未找到 reviewer.py，且框架内置 Reviewer 尚未实现
[2026-05-18 15:09:45] [Coordinator] [ERROR] Reviewer 第75章彻底失败
[2026-05-18 15:09:45] [Coordinator] [ERROR] 未找到 reviewer.py，且框架内置 Reviewer 尚未实现
[2026-05-18 15:09:45] [Coordinator] [ERROR] Reviewer 第74章彻底失败
[2026-05-18 15:09:45] [Coordinator] [ERROR] 未找到 reviewer.py，且框架内置 Reviewer 尚未实现
[2026-05-18 15:09:45] [Coordinator] [ERROR] 未找到 reviewer.py，且框架内置 Reviewer 尚未实现
[2026-05-18 15:09:45] [Coordinator] [ERROR] Reviewer 第76章彻底失败
[2026-05-18 15:09:45] [Coordinator] [ERROR] 未找到 reviewer.py，且框架内置 Reviewer 尚未实现
[2026-05-18 15:09:45] [Coordinator] [ERROR] Reviewer 第77章彻底失败
[2026-05-18 15:09:45] [Coordinator] [ERROR] Reviewer 第78章彻底失败
[2026-05-18 15:09:45] [Coordinator] [ERROR] 未找到 reviewer.py，且框架内置 Reviewer 尚未实现
[2026-05-18 15:09:45] [Coordinator] [ERROR] Reviewer 第79章彻底失败
[2026-05-18 15:09:45] [Coordinator] [ERROR] 未找到 reviewer.py，且框架内置 Reviewer 尚未实现
[2026-05-18 15:09:45] [Coordinator] [ERROR] Reviewer 第80章彻底失败
[2026-05-18 15:09:47] [Coordinator] [INFO] Reviewer 批次完成: 成功 0 章, 失败 20 章
[2026-05-18 15:09:47] [Coordinator] [WARNING] Reviewer 失败: [62, 61, 63, 64, 66, 65, 67, 68, 71, 72, 70, 69, 73, 75, 74, 78, 76, 77, 79, 80]
[2026-05-18 15:09:47] [Coordinator] [INFO] 检测到 20 章草稿缺失，开始补全...
[2026-05-18 15:09:47] [Coordinator] [INFO] 工作队列: 20 个任务, 3 workers [FillDraft]
[2026-05-18 15:09:47] [Coordinator] [ERROR] 未找到 writer.py，且框架内置 Writer 尚未实现
[2026-05-18 15:09:47] [Coordinator] [WARNING] FillDraft 第61章失败，重试(1/3)
[2026-05-18 15:09:47] [Coordinator] [ERROR] 未找到 writer.py，且框架内置 Writer 尚未实现
[2026-05-18 15:09:47] [Coordinator] [WARNING] FillDraft 第63章失败，重试(1/3)
[2026-05-18 15:09:47] [Coordinator] [ERROR] 未找到 writer.py，且框架内置 Writer 尚未实现
[2026-05-18 15:09:47] [Coordinator] [ERROR] 未找到 writer.py，且框架内置 Writer 尚未实现
[2026-05-18 15:09:47] [Coordinator] [WARNING] FillDraft 第62章失败，重试(1/3)
[2026-05-18 15:09:47] [Coordinator] [WARNING] FillDraft 第64章失败，重试(1/3)
[2026-05-18 15:09:47] [Coordinator] [ERROR] 未找到 writer.py，且框架内置 Writer 尚未实现
[2026-05-18 15:09:47] [Coordinator] [WARNING] FillDraft 第67章失败，重试(1/3)
[2026-05-18 15:09:47] [Coordinator] [ERROR] 未找到 writer.py，且框架内置 Writer 尚未实现
[2026-05-18 15:09:47] [Coordinator] [WARNING] FillDraft 第65章失败，重试(1/3)
[2026-05-18 15:09:47] [Coordinator] [ERROR] 未找到 writer.py，且框架内置 Writer 尚未实现
[2026-05-18 15:09:47] [Coordinator] [WARNING] FillDraft 第68章失败，重试(1/3)
[2026-05-18 15:09:47] [Coordinator] [ERROR] 未找到 writer.py，且框架内置 Writer 尚未实现
[2026-05-18 15:09:47] [Coordinator] [ERROR] 未找到 writer.py，且框架内置 Writer 尚未实现
[2026-05-18 15:09:47] [Coordinator] [WARNING] FillDraft 第66章失败，重试(1/3)
[2026-05-18 15:09:47] [Coordinator] [WARNING] FillDraft 第69章失败，重试(1/3)
[2026-05-18 15:09:47] [Coordinator] [ERROR] 未找到 writer.py，且框架内置 Writer 尚未实现
[2026-05-18 15:09:47] [Coordinator] [WARNING] FillDraft 第70章失败，重试(1/3)
[2026-05-18 15:09:47] [Coordinator] [ERROR] 未找到 writer.py，且框架内置 Writer 尚未实现
[2026-05-18 15:09:47] [Coordinator] [WARNING] FillDraft 第72章失败，重试(1/3)
[2026-05-18 15:09:47] [Coordinator] [ERROR] 未找到 writer.py，且框架内置 Writer 尚未实现
[2026-05-18 15:09:47] [Coordinator] [WARNING] FillDraft 第73章失败，重试(1/3)
[2026-05-18 15:09:47] [Coordinator] [ERROR] 未找到 writer.py，且框架内置 Writer 尚未实现
[2026-05-18 15:09:47] [Coordinator] [ERROR] 未找到 writer.py，且框架内置 Writer 尚未实现
[2026-05-18 15:09:47] [Coordinator] [WARNING] FillDraft 第71章失败，重试(1/3)
[2026-05-18 15:09:47] [Coordinator] [WARNING] FillDraft 第74章失败，重试(1/3)
[2026-05-18 15:09:47] [Coordinator] [ERROR] 未找到 writer.py，且框架内置 Writer 尚未实现
[2026-05-18 15:09:47] [Coordinator] [WARNING] FillDraft 第75章失败，重试(1/3)
[2026-05-18 15:09:47] [Coordinator] [ERROR] 未找到 writer.py，且框架内置 Writer 尚未实现
[2026-05-18 15:09:47] [Coordinator] [WARNING] FillDraft 第77章失败，重试(1/3)
[2026-05-18 15:09:47] [Coordinator] [ERROR] 未找到 writer.py，且框架内置 Writer 尚未实现
[2026-05-18 15:09:47] [Coordinator] [WARNING] FillDraft 第78章失败，重试(1/3)
[2026-05-18 15:09:47] [Coordinator] [ERROR] 未找到 writer.py，且框架内置 Writer 尚未实现
[2026-05-18 15:09:47] [Coordinator] [ERROR] 未找到 writer.py，且框架内置 Writer 尚未实现
[2026-05-18 15:09:47] [Coordinator] [WARNING] FillDraft 第76章失败，重试(1/3)
[2026-05-18 15:09:47] [Coordinator] [WARNING] FillDraft 第79章失败，重试(1/3)
[2026-05-18 15:09:47] [Coordinator] [ERROR] 未找到 writer.py，且框架内置 Writer 尚未实现
[2026-05-18 15:09:47] [Coordinator] [WARNING] FillDraft 第80章失败，重试(1/3)
[2026-05-18 15:09:47] [Coordinator] [ERROR] 未找到 writer.py，且框架内置 Writer 尚未实现
[2026-05-18 15:09:47] [Coordinator] [WARNING] FillDraft 第63章失败，重试(2/3)
[2026-05-18 15:09:47] [Coordinator] [ERROR] 未找到 writer.py，且框架内置 Writer 尚未实现
[2026-05-18 15:09:47] [Coordinator] [WARNING] FillDraft 第62章失败，重试(2/3)
[2026-05-18 15:09:47] [Coordinator] [ERROR] 未找到 writer.py，且框架内置 Writer 尚未实现
[2026-05-18 15:09:47] [Coordinator] [ERROR] 未找到 writer.py，且框架内置 Writer 尚未实现
[2026-05-18 15:09:47] [Coordinator] [WARNING] FillDraft 第61章失败，重试(2/3)
[2026-05-18 15:09:47] [Coordinator] [WARNING] FillDraft 第64章失败，重试(2/3)
[2026-05-18 15:09:47] [Coordinator] [ERROR] 未找到 writer.py，且框架内置 Writer 尚未实现
[2026-05-18 15:09:47] [Coordinator] [WARNING] FillDraft 第67章失败，重试(2/3)
[2026-05-18 15:09:47] [Coordinator] [ERROR] 未找到 writer.py，且框架内置 Writer 尚未实现
[2026-05-18 15:09:47] [Coordinator] [WARNING] FillDraft 第68章失败，重试(2/3)
[2026-05-18 15:09:47] [Coordinator] [ERROR] 未找到 writer.py，且框架内置 Writer 尚未实现
[2026-05-18 15:09:47] [Coordinator] [WARNING] FillDraft 第66章失败，重试(2/3)
[2026-05-18 15:09:47] [Coordinator] [ERROR] 未找到 writer.py，且框架内置 Writer 尚未实现
[2026-05-18 15:09:47] [Coordinator] [ERROR] 未找到 writer.py，且框架内置 Writer 尚未实现
[2026-05-18 15:09:47] [Coordinator] [WARNING] FillDraft 第65章失败，重试(2/3)
[2026-05-18 15:09:47] [Coordinator] [WARNING] FillDraft 第69章失败，重试(2/3)
[2026-05-18 15:09:47] [Coordinator] [ERROR] 未找到 writer.py，且框架内置 Writer 尚未实现
[2026-05-18 15:09:47] [Coordinator] [WARNING] FillDraft 第70章失败，重试(2/3)
[2026-05-18 15:09:47] [Coordinator] [ERROR] 未找到 writer.py，且框架内置 Writer 尚未实现
[2026-05-18 15:09:47] [Coordinator] [WARNING] FillDraft 第73章失败，重试(2/3)
[2026-05-18 15:09:47] [Coordinator] [ERROR] 未找到 writer.py，且框架内置 Writer 尚未实现
[2026-05-18 15:09:47] [Coordinator] [WARNING] FillDraft 第74章失败，重试(2/3)
[2026-05-18 15:09:47] [Coordinator] [ERROR] 未找到 writer.py，且框架内置 Writer 尚未实现
[2026-05-18 15:09:47] [Coordinator] [ERROR] 未找到 writer.py，且框架内置 Writer 尚未实现
[2026-05-18 15:09:47] [Coordinator] [WARNING] FillDraft 第72章失败，重试(2/3)
[2026-05-18 15:09:47] [Coordinator] [WARNING] FillDraft 第75章失败，重试(2/3)
[2026-05-18 15:09:47] [Coordinator] [ERROR] 未找到 writer.py，且框架内置 Writer 尚未实现
[2026-05-18 15:09:47] [Coordinator] [WARNING] FillDraft 第71章失败，重试(2/3)
[2026-05-18 15:09:47] [Coordinator] [ERROR] 未找到 writer.py，且框架内置 Writer 尚未实现
[2026-05-18 15:09:47] [Coordinator] [WARNING] FillDraft 第78章失败，重试(2/3)
[2026-05-18 15:09:47] [Coordinator] [ERROR] 未找到 writer.py，且框架内置 Writer 尚未实现
[2026-05-18 15:09:47] [Coordinator] [WARNING] FillDraft 第76章失败，重试(2/3)
[2026-05-18 15:09:47] [Coordinator] [ERROR] 未找到 writer.py，且框架内置 Writer 尚未实现
[2026-05-18 15:09:47] [Coordinator] [ERROR] 未找到 writer.py，且框架内置 Writer 尚未实现
[2026-05-18 15:09:47] [Coordinator] [WARNING] FillDraft 第77章失败，重试(2/3)
[2026-05-18 15:09:47] [Coordinator] [WARNING] FillDraft 第79章失败，重试(2/3)
[2026-05-18 15:09:47] [Coordinator] [ERROR] 未找到 writer.py，且框架内置 Writer 尚未实现
[2026-05-18 15:09:47] [Coordinator] [WARNING] FillDraft 第80章失败，重试(2/3)
[2026-05-18 15:09:47] [Coordinator] [ERROR] 未找到 writer.py，且框架内置 Writer 尚未实现
[2026-05-18 15:09:47] [Coordinator] [WARNING] FillDraft 第62章失败，重试(3/3)
[2026-05-18 15:09:47] [Coordinator] [ERROR] 未找到 writer.py，且框架内置 Writer 尚未实现
[2026-05-18 15:09:47] [Coordinator] [WARNING] FillDraft 第61章失败，重试(3/3)
[2026-05-18 15:09:47] [Coordinator] [ERROR] 未找到 writer.py，且框架内置 Writer 尚未实现
[2026-05-18 15:09:47] [Coordinator] [ERROR] 未找到 writer.py，且框架内置 Writer 尚未实现
[2026-05-18 15:09:47] [Coordinator] [WARNING] FillDraft 第63章失败，重试(3/3)
[2026-05-18 15:09:47] [Coordinator] [WARNING] FillDraft 第64章失败，重试(3/3)
[2026-05-18 15:09:47] [Coordinator] [ERROR] 未找到 writer.py，且框架内置 Writer 尚未实现
[2026-05-18 15:09:47] [Coordinator] [WARNING] FillDraft 第67章失败，重试(3/3)
[2026-05-18 15:09:47] [Coordinator] [ERROR] 未找到 writer.py，且框架内置 Writer 尚未实现
[2026-05-18 15:09:47] [Coordinator] [WARNING] FillDraft 第66章失败，重试(3/3)
[2026-05-18 15:09:47] [Coordinator] [ERROR] 未找到 writer.py，且框架内置 Writer 尚未实现
[2026-05-18 15:09:47] [Coordinator] [WARNING] FillDraft 第65章失败，重试(3/3)
[2026-05-18 15:09:47] [Coordinator] [ERROR] 未找到 writer.py，且框架内置 Writer 尚未实现
[2026-05-18 15:09:47] [Coordinator] [ERROR] 未找到 writer.py，且框架内置 Writer 尚未实现
[2026-05-18 15:09:47] [Coordinator] [WARNING] FillDraft 第68章失败，重试(3/3)
[2026-05-18 15:09:47] [Coordinator] [WARNING] FillDraft 第69章失败，重试(3/3)
[2026-05-18 15:09:47] [Coordinator] [ERROR] 未找到 writer.py，且框架内置 Writer 尚未实现
[2026-05-18 15:09:47] [Coordinator] [WARNING] FillDraft 第70章失败，重试(3/3)
[2026-05-18 15:09:47] [Coordinator] [ERROR] 未找到 writer.py，且框架内置 Writer 尚未实现
[2026-05-18 15:09:47] [Coordinator] [WARNING] FillDraft 第74章失败，重试(3/3)
[2026-05-18 15:09:47] [Coordinator] [ERROR] 未找到 writer.py，且框架内置 Writer 尚未实现
[2026-05-18 15:09:47] [Coordinator] [WARNING] FillDraft 第72章失败，重试(3/3)
[2026-05-18 15:09:47] [Coordinator] [ERROR] 未找到 writer.py，且框架内置 Writer 尚未实现
[2026-05-18 15:09:47] [Coordinator] [ERROR] 未找到 writer.py，且框架内置 Writer 尚未实现
[2026-05-18 15:09:47] [Coordinator] [WARNING] FillDraft 第73章失败，重试(3/3)
[2026-05-18 15:09:47] [Coordinator] [WARNING] FillDraft 第71章失败，重试(3/3)
[2026-05-18 15:09:47] [Coordinator] [ERROR] 未找到 writer.py，且框架内置 Writer 尚未实现
[2026-05-18 15:09:47] [Coordinator] [WARNING] FillDraft 第76章失败，重试(3/3)
[2026-05-18 15:09:47] [Coordinator] [ERROR] 未找到 writer.py，且框架内置 Writer 尚未实现
[2026-05-18 15:09:47] [Coordinator] [WARNING] FillDraft 第75章失败，重试(3/3)
[2026-05-18 15:09:47] [Coordinator] [ERROR] 未找到 writer.py，且框架内置 Writer 尚未实现
[2026-05-18 15:09:47] [Coordinator] [ERROR] 未找到 writer.py，且框架内置 Writer 尚未实现
[2026-05-18 15:09:47] [Coordinator] [WARNING] FillDraft 第78章失败，重试(3/3)
[2026-05-18 15:09:47] [Coordinator] [ERROR] 未找到 writer.py，且框架内置 Writer 尚未实现
[2026-05-18 15:09:47] [Coordinator] [WARNING] FillDraft 第80章失败，重试(3/3)
[2026-05-18 15:09:47] [Coordinator] [WARNING] FillDraft 第77章失败，重试(3/3)
[2026-05-18 15:09:47] [Coordinator] [ERROR] 未找到 writer.py，且框架内置 Writer 尚未实现
[2026-05-18 15:09:47] [Coordinator] [ERROR] FillDraft 第61章彻底失败
[2026-05-18 15:09:47] [Coordinator] [ERROR] 未找到 writer.py，且框架内置 Writer 尚未实现
[2026-05-18 15:09:47] [Coordinator] [WARNING] FillDraft 第79章失败，重试(3/3)
[2026-05-18 15:09:47] [Coordinator] [ERROR] 未找到 writer.py，且框架内置 Writer 尚未实现
[2026-05-18 15:09:47] [Coordinator] [ERROR] FillDraft 第63章彻底失败
[2026-05-18 15:09:47] [Coordinator] [ERROR] 未找到 writer.py，且框架内置 Writer 尚未实现
[2026-05-18 15:09:47] [Coordinator] [ERROR] 未找到 writer.py，且框架内置 Writer 尚未实现
[2026-05-18 15:09:47] [Coordinator] [ERROR] FillDraft 第62章彻底失败
[2026-05-18 15:09:47] [Coordinator] [ERROR] FillDraft 第67章彻底失败
[2026-05-18 15:09:47] [Coordinator] [ERROR] 未找到 writer.py，且框架内置 Writer 尚未实现
[2026-05-18 15:09:47] [Coordinator] [ERROR] FillDraft 第64章彻底失败
[2026-05-18 15:09:47] [Coordinator] [ERROR] 未找到 writer.py，且框架内置 Writer 尚未实现
[2026-05-18 15:09:47] [Coordinator] [ERROR] FillDraft 第65章彻底失败
[2026-05-18 15:09:47] [Coordinator] [ERROR] 未找到 writer.py，且框架内置 Writer 尚未实现
[2026-05-18 15:09:47] [Coordinator] [ERROR] 未找到 writer.py，且框架内置 Writer 尚未实现
[2026-05-18 15:09:47] [Coordinator] [ERROR] FillDraft 第66章彻底失败
[2026-05-18 15:09:47] [Coordinator] [ERROR] 未找到 writer.py，且框架内置 Writer 尚未实现
[2026-05-18 15:09:47] [Coordinator] [ERROR] FillDraft 第70章彻底失败
[2026-05-18 15:09:47] [Coordinator] [ERROR] FillDraft 第68章彻底失败
[2026-05-18 15:09:47] [Coordinator] [ERROR] 未找到 writer.py，且框架内置 Writer 尚未实现
[2026-05-18 15:09:47] [Coordinator] [ERROR] FillDraft 第69章彻底失败
[2026-05-18 15:09:47] [Coordinator] [ERROR] 未找到 writer.py，且框架内置 Writer 尚未实现
[2026-05-18 15:09:47] [Coordinator] [ERROR] FillDraft 第72章彻底失败
[2026-05-18 15:09:47] [Coordinator] [ERROR] 未找到 writer.py，且框架内置 Writer 尚未实现
[2026-05-18 15:09:47] [Coordinator] [ERROR] FillDraft 第73章彻底失败
[2026-05-18 15:09:47] [Coordinator] [ERROR] 未找到 writer.py，且框架内置 Writer 尚未实现
[2026-05-18 15:09:47] [Coordinator] [ERROR] 未找到 writer.py，且框架内置 Writer 尚未实现
[2026-05-18 15:09:47] [Coordinator] [ERROR] FillDraft 第74章彻底失败
[2026-05-18 15:09:47] [Coordinator] [ERROR] FillDraft 第71章彻底失败
[2026-05-18 15:09:47] [Coordinator] [ERROR] 未找到 writer.py，且框架内置 Writer 尚未实现
[2026-05-18 15:09:47] [Coordinator] [ERROR] FillDraft 第76章彻底失败
[2026-05-18 15:09:47] [Coordinator] [ERROR] 未找到 writer.py，且框架内置 Writer 尚未实现
[2026-05-18 15:09:47] [Coordinator] [ERROR] FillDraft 第78章彻底失败
[2026-05-18 15:09:47] [Coordinator] [ERROR] 未找到 writer.py，且框架内置 Writer 尚未实现
[2026-05-18 15:09:47] [Coordinator] [ERROR] FillDraft 第80章彻底失败
[2026-05-18 15:09:47] [Coordinator] [ERROR] 未找到 writer.py，且框架内置 Writer 尚未实现
[2026-05-18 15:09:47] [Coordinator] [ERROR] 未找到 writer.py，且框架内置 Writer 尚未实现
[2026-05-18 15:09:47] [Coordinator] [ERROR] FillDraft 第75章彻底失败
[2026-05-18 15:09:47] [Coordinator] [ERROR] FillDraft 第77章彻底失败
[2026-05-18 15:09:47] [Coordinator] [ERROR] 未找到 writer.py，且框架内置 Writer 尚未实现
[2026-05-18 15:09:47] [Coordinator] [ERROR] FillDraft 第79章彻底失败
[2026-05-18 15:09:49] [Coordinator] [INFO] FillDraft 批次完成: 成功 0 章, 失败 20 章
[2026-05-18 15:09:49] [Coordinator] [INFO] 检测到 20 章审查缺失，开始补全...
[2026-05-18 15:09:49] [Coordinator] [INFO] 工作队列: 20 个任务, 3 workers [FillReview]
[2026-05-18 15:09:49] [Coordinator] [ERROR] 未找到 reviewer.py，且框架内置 Reviewer 尚未实现
[2026-05-18 15:09:49] [Coordinator] [WARNING] FillReview 第61章失败，重试(1/3)
[2026-05-18 15:09:49] [Coordinator] [ERROR] 未找到 reviewer.py，且框架内置 Reviewer 尚未实现
[2026-05-18 15:09:49] [Coordinator] [WARNING] FillReview 第63章失败，重试(1/3)
[2026-05-18 15:09:49] [Coordinator] [ERROR] 未找到 reviewer.py，且框架内置 Reviewer 尚未实现
[2026-05-18 15:09:49] [Coordinator] [ERROR] 未找到 reviewer.py，且框架内置 Reviewer 尚未实现
[2026-05-18 15:09:49] [Coordinator] [WARNING] FillReview 第62章失败，重试(1/3)
[2026-05-18 15:09:49] [Coordinator] [WARNING] FillReview 第64章失败，重试(1/3)
[2026-05-18 15:09:49] [Coordinator] [ERROR] 未找到 reviewer.py，且框架内置 Reviewer 尚未实现
[2026-05-18 15:09:49] [Coordinator] [WARNING] FillReview 第65章失败，重试(1/3)
[2026-05-18 15:09:49] [Coordinator] [ERROR] 未找到 reviewer.py，且框架内置 Reviewer 尚未实现
[2026-05-18 15:09:49] [Coordinator] [WARNING] FillReview 第67章失败，重试(1/3)
[2026-05-18 15:09:49] [Coordinator] [ERROR] 未找到 reviewer.py，且框架内置 Reviewer 尚未实现
[2026-05-18 15:09:49] [Coordinator] [WARNING] FillReview 第68章失败，重试(1/3)
[2026-05-18 15:09:49] [Coordinator] [ERROR] 未找到 reviewer.py，且框架内置 Reviewer 尚未实现
[2026-05-18 15:09:49] [Coordinator] [ERROR] 未找到 reviewer.py，且框架内置 Reviewer 尚未实现
[2026-05-18 15:09:49] [Coordinator] [WARNING] FillReview 第66章失败，重试(1/3)
[2026-05-18 15:09:49] [Coordinator] [WARNING] FillReview 第69章失败，重试(1/3)
[2026-05-18 15:09:49] [Coordinator] [ERROR] 未找到 reviewer.py，且框架内置 Reviewer 尚未实现
[2026-05-18 15:09:49] [Coordinator] [WARNING] FillReview 第70章失败，重试(1/3)
[2026-05-18 15:09:49] [Coordinator] [ERROR] 未找到 reviewer.py，且框架内置 Reviewer 尚未实现
[2026-05-18 15:09:49] [Coordinator] [WARNING] FillReview 第72章失败，重试(1/3)
[2026-05-18 15:09:49] [Coordinator] [ERROR] 未找到 reviewer.py，且框架内置 Reviewer 尚未实现
[2026-05-18 15:09:49] [Coordinator] [WARNING] FillReview 第73章失败，重试(1/3)
[2026-05-18 15:09:49] [Coordinator] [ERROR] 未找到 reviewer.py，且框架内置 Reviewer 尚未实现
[2026-05-18 15:09:49] [Coordinator] [ERROR] 未找到 reviewer.py，且框架内置 Reviewer 尚未实现
[2026-05-18 15:09:49] [Coordinator] [WARNING] FillReview 第71章失败，重试(1/3)
[2026-05-18 15:09:49] [Coordinator] [WARNING] FillReview 第74章失败，重试(1/3)
[2026-05-18 15:09:49] [Coordinator] [ERROR] 未找到 reviewer.py，且框架内置 Reviewer 尚未实现
[2026-05-18 15:09:49] [Coordinator] [WARNING] FillReview 第75章失败，重试(1/3)
[2026-05-18 15:09:49] [Coordinator] [ERROR] 未找到 reviewer.py，且框架内置 Reviewer 尚未实现
[2026-05-18 15:09:49] [Coordinator] [WARNING] FillReview 第77章失败，重试(1/3)
[2026-05-18 15:09:49] [Coordinator] [ERROR] 未找到 reviewer.py，且框架内置 Reviewer 尚未实现
[2026-05-18 15:09:49] [Coordinator] [WARNING] FillReview 第78章失败，重试(1/3)
[2026-05-18 15:09:49] [Coordinator] [ERROR] 未找到 reviewer.py，且框架内置 Reviewer 尚未实现
[2026-05-18 15:09:49] [Coordinator] [ERROR] 未找到 reviewer.py，且框架内置 Reviewer 尚未实现
[2026-05-18 15:09:49] [Coordinator] [WARNING] FillReview 第76章失败，重试(1/3)
[2026-05-18 15:09:49] [Coordinator] [WARNING] FillReview 第79章失败，重试(1/3)
[2026-05-18 15:09:49] [Coordinator] [ERROR] 未找到 reviewer.py，且框架内置 Reviewer 尚未实现
[2026-05-18 15:09:49] [Coordinator] [WARNING] FillReview 第80章失败，重试(1/3)
[2026-05-18 15:09:49] [Coordinator] [ERROR] 未找到 reviewer.py，且框架内置 Reviewer 尚未实现
[2026-05-18 15:09:49] [Coordinator] [WARNING] FillReview 第63章失败，重试(2/3)
[2026-05-18 15:09:49] [Coordinator] [ERROR] 未找到 reviewer.py，且框架内置 Reviewer 尚未实现
[2026-05-18 15:09:49] [Coordinator] [ERROR] 未找到 reviewer.py，且框架内置 Reviewer 尚未实现
[2026-05-18 15:09:49] [Coordinator] [WARNING] FillReview 第61章失败，重试(2/3)
[2026-05-18 15:09:49] [Coordinator] [ERROR] 未找到 reviewer.py，且框架内置 Reviewer 尚未实现
[2026-05-18 15:09:49] [Coordinator] [WARNING] FillReview 第65章失败，重试(2/3)
[2026-05-18 15:09:49] [Coordinator] [ERROR] 未找到 reviewer.py，且框架内置 Reviewer 尚未实现
[2026-05-18 15:09:49] [Coordinator] [WARNING] FillReview 第67章失败，重试(2/3)
[2026-05-18 15:09:49] [Coordinator] [ERROR] 未找到 reviewer.py，且框架内置 Reviewer 尚未实现
[2026-05-18 15:09:49] [Coordinator] [ERROR] 未找到 reviewer.py，且框架内置 Reviewer 尚未实现
[2026-05-18 15:09:49] [Coordinator] [WARNING] FillReview 第62章失败，重试(2/3)
[2026-05-18 15:09:49] [Coordinator] [ERROR] 未找到 reviewer.py，且框架内置 Reviewer 尚未实现
[2026-05-18 15:09:49] [Coordinator] [WARNING] FillReview 第66章失败，重试(2/3)
[2026-05-18 15:09:49] [Coordinator] [WARNING] FillReview 第68章失败，重试(2/3)
[2026-05-18 15:09:49] [Coordinator] [WARNING] FillReview 第64章失败，重试(2/3)
[2026-05-18 15:09:49] [Coordinator] [ERROR] 未找到 reviewer.py，且框架内置 Reviewer 尚未实现
[2026-05-18 15:09:49] [Coordinator] [WARNING] FillReview 第69章失败，重试(2/3)
[2026-05-18 15:09:49] [Coordinator] [ERROR] 未找到 reviewer.py，且框架内置 Reviewer 尚未实现
[2026-05-18 15:09:49] [Coordinator] [WARNING] FillReview 第72章失败，重试(2/3)
[2026-05-18 15:09:49] [Coordinator] [ERROR] 未找到 reviewer.py，且框架内置 Reviewer 尚未实现
[2026-05-18 15:09:49] [Coordinator] [ERROR] 未找到 reviewer.py，且框架内置 Reviewer 尚未实现
[2026-05-18 15:09:49] [Coordinator] [WARNING] FillReview 第70章失败，重试(2/3)
[2026-05-18 15:09:49] [Coordinator] [WARNING] FillReview 第73章失败，重试(2/3)
[2026-05-18 15:09:49] [Coordinator] [ERROR] 未找到 reviewer.py，且框架内置 Reviewer 尚未实现
[2026-05-18 15:09:49] [Coordinator] [WARNING] FillReview 第71章失败，重试(2/3)
[2026-05-18 15:09:49] [Coordinator] [ERROR] 未找到 reviewer.py，且框架内置 Reviewer 尚未实现
[2026-05-18 15:09:49] [Coordinator] [WARNING] FillReview 第75章失败，重试(2/3)
[2026-05-18 15:09:49] [Coordinator] [ERROR] 未找到 reviewer.py，且框架内置 Reviewer 尚未实现
[2026-05-18 15:09:49] [Coordinator] [ERROR] 未找到 reviewer.py，且框架内置 Reviewer 尚未实现
[2026-05-18 15:09:49] [Coordinator] [WARNING] FillReview 第74章失败，重试(2/3)
[2026-05-18 15:09:49] [Coordinator] [WARNING] FillReview 第77章失败，重试(2/3)
[2026-05-18 15:09:49] [Coordinator] [ERROR] 未找到 reviewer.py，且框架内置 Reviewer 尚未实现
[2026-05-18 15:09:49] [Coordinator] [WARNING] FillReview 第78章失败，重试(2/3)
[2026-05-18 15:09:49] [Coordinator] [ERROR] 未找到 reviewer.py，且框架内置 Reviewer 尚未实现
[2026-05-18 15:09:49] [Coordinator] [WARNING] FillReview 第79章失败，重试(2/3)
[2026-05-18 15:09:49] [Coordinator] [ERROR] 未找到 reviewer.py，且框架内置 Reviewer 尚未实现
[2026-05-18 15:09:49] [Coordinator] [ERROR] 未找到 reviewer.py，且框架内置 Reviewer 尚未实现
[2026-05-18 15:09:49] [Coordinator] [WARNING] FillReview 第76章失败，重试(2/3)
[2026-05-18 15:09:49] [Coordinator] [WARNING] FillReview 第80章失败，重试(2/3)
[2026-05-18 15:09:49] [Coordinator] [ERROR] 未找到 reviewer.py，且框架内置 Reviewer 尚未实现
[2026-05-18 15:09:49] [Coordinator] [WARNING] FillReview 第63章失败，重试(3/3)
[2026-05-18 15:09:49] [Coordinator] [ERROR] 未找到 reviewer.py，且框架内置 Reviewer 尚未实现
[2026-05-18 15:09:49] [Coordinator] [WARNING] FillReview 第65章失败，重试(3/3)
[2026-05-18 15:09:49] [Coordinator] [ERROR] 未找到 reviewer.py，且框架内置 Reviewer 尚未实现
[2026-05-18 15:09:49] [Coordinator] [ERROR] 未找到 reviewer.py，且框架内置 Reviewer 尚未实现
[2026-05-18 15:09:49] [Coordinator] [WARNING] FillReview 第61章失败，重试(3/3)
[2026-05-18 15:09:49] [Coordinator] [WARNING] FillReview 第67章失败，重试(3/3)
[2026-05-18 15:09:49] [Coordinator] [ERROR] 未找到 reviewer.py，且框架内置 Reviewer 尚未实现
[2026-05-18 15:09:49] [Coordinator] [WARNING] FillReview 第68章失败，重试(3/3)
[2026-05-18 15:09:49] [Coordinator] [ERROR] 未找到 reviewer.py，且框架内置 Reviewer 尚未实现
[2026-05-18 15:09:49] [Coordinator] [WARNING] FillReview 第62章失败，重试(3/3)
[2026-05-18 15:09:49] [Coordinator] [ERROR] 未找到 reviewer.py，且框架内置 Reviewer 尚未实现
[2026-05-18 15:09:49] [Coordinator] [WARNING] FillReview 第64章失败，重试(3/3)
[2026-05-18 15:09:49] [Coordinator] [ERROR] 未找到 reviewer.py，且框架内置 Reviewer 尚未实现
[2026-05-18 15:09:49] [Coordinator] [ERROR] 未找到 reviewer.py，且框架内置 Reviewer 尚未实现
[2026-05-18 15:09:49] [Coordinator] [WARNING] FillReview 第66章失败，重试(3/3)
[2026-05-18 15:09:49] [Coordinator] [WARNING] FillReview 第69章失败，重试(3/3)
[2026-05-18 15:09:49] [Coordinator] [ERROR] 未找到 reviewer.py，且框架内置 Reviewer 尚未实现
[2026-05-18 15:09:49] [Coordinator] [WARNING] FillReview 第72章失败，重试(3/3)
[2026-05-18 15:09:49] [Coordinator] [ERROR] 未找到 reviewer.py，且框架内置 Reviewer 尚未实现
[2026-05-18 15:09:49] [Coordinator] [WARNING] FillReview 第71章失败，重试(3/3)
[2026-05-18 15:09:49] [Coordinator] [ERROR] 未找到 reviewer.py，且框架内置 Reviewer 尚未实现
[2026-05-18 15:09:49] [Coordinator] [ERROR] 未找到 reviewer.py，且框架内置 Reviewer 尚未实现
[2026-05-18 15:09:49] [Coordinator] [WARNING] FillReview 第70章失败，重试(3/3)
[2026-05-18 15:09:49] [Coordinator] [WARNING] FillReview 第73章失败，重试(3/3)
[2026-05-18 15:09:49] [Coordinator] [ERROR] 未找到 reviewer.py，且框架内置 Reviewer 尚未实现
[2026-05-18 15:09:49] [Coordinator] [WARNING] FillReview 第75章失败，重试(3/3)
[2026-05-18 15:09:49] [Coordinator] [ERROR] 未找到 reviewer.py，且框架内置 Reviewer 尚未实现
[2026-05-18 15:09:49] [Coordinator] [WARNING] FillReview 第77章失败，重试(3/3)
[2026-05-18 15:09:49] [Coordinator] [ERROR] 未找到 reviewer.py，且框架内置 Reviewer 尚未实现
[2026-05-18 15:09:49] [Coordinator] [ERROR] 未找到 reviewer.py，且框架内置 Reviewer 尚未实现
[2026-05-18 15:09:49] [Coordinator] [WARNING] FillReview 第74章失败，重试(3/3)
[2026-05-18 15:09:49] [Coordinator] [WARNING] FillReview 第78章失败，重试(3/3)
[2026-05-18 15:09:49] [Coordinator] [ERROR] 未找到 reviewer.py，且框架内置 Reviewer 尚未实现
[2026-05-18 15:09:49] [Coordinator] [WARNING] FillReview 第79章失败，重试(3/3)
[2026-05-18 15:09:49] [Coordinator] [ERROR] 未找到 reviewer.py，且框架内置 Reviewer 尚未实现
[2026-05-18 15:09:49] [Coordinator] [WARNING] FillReview 第80章失败，重试(3/3)
[2026-05-18 15:09:49] [Coordinator] [ERROR] 未找到 reviewer.py，且框架内置 Reviewer 尚未实现
[2026-05-18 15:09:49] [Coordinator] [ERROR] FillReview 第63章彻底失败
[2026-05-18 15:09:49] [Coordinator] [ERROR] 未找到 reviewer.py，且框架内置 Reviewer 尚未实现
[2026-05-18 15:09:49] [Coordinator] [ERROR] 未找到 reviewer.py，且框架内置 Reviewer 尚未实现
[2026-05-18 15:09:49] [Coordinator] [WARNING] FillReview 第76章失败，重试(3/3)
[2026-05-18 15:09:49] [Coordinator] [ERROR] FillReview 第65章彻底失败
[2026-05-18 15:09:49] [Coordinator] [ERROR] 未找到 reviewer.py，且框架内置 Reviewer 尚未实现
[2026-05-18 15:09:49] [Coordinator] [ERROR] FillReview 第61章彻底失败
[2026-05-18 15:09:49] [Coordinator] [ERROR] 未找到 reviewer.py，且框架内置 Reviewer 尚未实现
[2026-05-18 15:09:49] [Coordinator] [ERROR] FillReview 第68章彻底失败
[2026-05-18 15:09:49] [Coordinator] [ERROR] 未找到 reviewer.py，且框架内置 Reviewer 尚未实现
[2026-05-18 15:09:49] [Coordinator] [ERROR] FillReview 第62章彻底失败
[2026-05-18 15:09:49] [Coordinator] [ERROR] 未找到 reviewer.py，且框架内置 Reviewer 尚未实现
[2026-05-18 15:09:49] [Coordinator] [ERROR] 未找到 reviewer.py，且框架内置 Reviewer 尚未实现
[2026-05-18 15:09:49] [Coordinator] [ERROR] FillReview 第67章彻底失败
[2026-05-18 15:09:49] [Coordinator] [ERROR] FillReview 第66章彻底失败
[2026-05-18 15:09:49] [Coordinator] [ERROR] 未找到 reviewer.py，且框架内置 Reviewer 尚未实现
[2026-05-18 15:09:49] [Coordinator] [ERROR] FillReview 第64章彻底失败
[2026-05-18 15:09:49] [Coordinator] [ERROR] 未找到 reviewer.py，且框架内置 Reviewer 尚未实现
[2026-05-18 15:09:49] [Coordinator] [ERROR] FillReview 第71章彻底失败
[2026-05-18 15:09:49] [Coordinator] [ERROR] 未找到 reviewer.py，且框架内置 Reviewer 尚未实现
[2026-05-18 15:09:49] [Coordinator] [ERROR] FillReview 第72章彻底失败
[2026-05-18 15:09:49] [Coordinator] [ERROR] 未找到 reviewer.py，且框架内置 Reviewer 尚未实现
[2026-05-18 15:09:49] [Coordinator] [ERROR] 未找到 reviewer.py，且框架内置 Reviewer 尚未实现
[2026-05-18 15:09:49] [Coordinator] [ERROR] FillReview 第69章彻底失败
[2026-05-18 15:09:49] [Coordinator] [ERROR] FillReview 第70章彻底失败
[2026-05-18 15:09:49] [Coordinator] [ERROR] 未找到 reviewer.py，且框架内置 Reviewer 尚未实现
[2026-05-18 15:09:49] [Coordinator] [ERROR] FillReview 第73章彻底失败
[2026-05-18 15:09:49] [Coordinator] [ERROR] 未找到 reviewer.py，且框架内置 Reviewer 尚未实现
[2026-05-18 15:09:49] [Coordinator] [ERROR] FillReview 第77章彻底失败
[2026-05-18 15:09:49] [Coordinator] [ERROR] 未找到 reviewer.py，且框架内置 Reviewer 尚未实现
[2026-05-18 15:09:49] [Coordinator] [ERROR] FillReview 第74章彻底失败
[2026-05-18 15:09:49] [Coordinator] [ERROR] 未找到 reviewer.py，且框架内置 Reviewer 尚未实现
[2026-05-18 15:09:49] [Coordinator] [ERROR] 未找到 reviewer.py，且框架内置 Reviewer 尚未实现
[2026-05-18 15:09:49] [Coordinator] [ERROR] FillReview 第75章彻底失败
[2026-05-18 15:09:49] [Coordinator] [ERROR] 未找到 reviewer.py，且框架内置 Reviewer 尚未实现
[2026-05-18 15:09:49] [Coordinator] [ERROR] FillReview 第80章彻底失败
[2026-05-18 15:09:49] [Coordinator] [ERROR] FillReview 第78章彻底失败
[2026-05-18 15:09:49] [Coordinator] [ERROR] 未找到 reviewer.py，且框架内置 Reviewer 尚未实现
[2026-05-18 15:09:49] [Coordinator] [ERROR] FillReview 第79章彻底失败
[2026-05-18 15:09:49] [Coordinator] [ERROR] 未找到 reviewer.py，且框架内置 Reviewer 尚未实现
[2026-05-18 15:09:49] [Coordinator] [ERROR] FillReview 第76章彻底失败
[2026-05-18 15:09:51] [Coordinator] [INFO] FillReview 批次完成: 成功 0 章, 失败 20 章
[2026-05-18 15:09:51] [Coordinator] [INFO] 已加入多媒体队列: 第61-80章 (队列长度 78)
[2026-05-18 15:09:54] [Coordinator] [INFO] ===== 开始第 81-100 章 =====
[2026-05-18 15:09:54] [Coordinator] [INFO] 工作队列: 20 个任务, 5 workers [Writer]
[2026-05-18 15:09:54] [Coordinator] [ERROR] 未找到 writer.py，且框架内置 Writer 尚未实现
[2026-05-18 15:09:54] [Coordinator] [WARNING] Writer 第81章失败，重试(1/3)
[2026-05-18 15:09:54] [Coordinator] [ERROR] 未找到 writer.py，且框架内置 Writer 尚未实现
[2026-05-18 15:09:54] [Coordinator] [WARNING] Writer 第83章失败，重试(1/3)
[2026-05-18 15:09:54] [Coordinator] [ERROR] 未找到 writer.py，且框架内置 Writer 尚未实现
[2026-05-18 15:09:54] [Coordinator] [ERROR] 未找到 writer.py，且框架内置 Writer 尚未实现
[2026-05-18 15:09:54] [Coordinator] [WARNING] Writer 第82章失败，重试(1/3)
[2026-05-18 15:09:54] [Coordinator] [ERROR] 未找到 writer.py，且框架内置 Writer 尚未实现
[2026-05-18 15:09:54] [Coordinator] [WARNING] Writer 第84章失败，重试(1/3)
[2026-05-18 15:09:54] [Coordinator] [ERROR] 未找到 writer.py，且框架内置 Writer 尚未实现
[2026-05-18 15:09:54] [Coordinator] [ERROR] 未找到 writer.py，且框架内置 Writer 尚未实现
[2026-05-18 15:09:54] [Coordinator] [WARNING] Writer 第86章失败，重试(1/3)
[2026-05-18 15:09:54] [Coordinator] [ERROR] 未找到 writer.py，且框架内置 Writer 尚未实现
[2026-05-18 15:09:54] [Coordinator] [ERROR] 未找到 writer.py，且框架内置 Writer 尚未实现
[2026-05-18 15:09:54] [Coordinator] [WARNING] Writer 第85章失败，重试(1/3)
[2026-05-18 15:09:54] [Coordinator] [ERROR] 未找到 writer.py，且框架内置 Writer 尚未实现
[2026-05-18 15:09:54] [Coordinator] [ERROR] 未找到 writer.py，且框架内置 Writer 尚未实现
[2026-05-18 15:09:54] [Coordinator] [WARNING] Writer 第88章失败，重试(1/3)
[2026-05-18 15:09:54] [Coordinator] [ERROR] 未找到 writer.py，且框架内置 Writer 尚未实现
[2026-05-18 15:09:54] [Coordinator] [WARNING] Writer 第92章失败，重试(1/3)
[2026-05-18 15:09:54] [Coordinator] [ERROR] 未找到 writer.py，且框架内置 Writer 尚未实现
[2026-05-18 15:09:54] [Coordinator] [WARNING] Writer 第89章失败，重试(1/3)
[2026-05-18 15:09:54] [Coordinator] [WARNING] Writer 第87章失败，重试(1/3)
[2026-05-18 15:09:54] [Coordinator] [WARNING] Writer 第90章失败，重试(1/3)
[2026-05-18 15:09:54] [Coordinator] [WARNING] Writer 第91章失败，重试(1/3)
[2026-05-18 15:09:54] [Coordinator] [ERROR] 未找到 writer.py，且框架内置 Writer 尚未实现
[2026-05-18 15:09:54] [Coordinator] [WARNING] Writer 第97章失败，重试(1/3)
[2026-05-18 15:09:54] [Coordinator] [ERROR] 未找到 writer.py，且框架内置 Writer 尚未实现
[2026-05-18 15:09:54] [Coordinator] [WARNING] Writer 第95章失败，重试(1/3)
[2026-05-18 15:09:54] [Coordinator] [WARNING] Writer 第93章失败，重试(1/3)
[2026-05-18 15:09:54] [Coordinator] [ERROR] 未找到 writer.py，且框架内置 Writer 尚未实现
[2026-05-18 15:09:54] [Coordinator] [WARNING] Writer 第94章失败，重试(1/3)
[2026-05-18 15:09:54] [Coordinator] [ERROR] 未找到 writer.py，且框架内置 Writer 尚未实现
[2026-05-18 15:09:54] [Coordinator] [WARNING] Writer 第96章失败，重试(1/3)
[2026-05-18 15:09:54] [Coordinator] [ERROR] 未找到 writer.py，且框架内置 Writer 尚未实现
[2026-05-18 15:09:54] [Coordinator] [ERROR] 未找到 writer.py，且框架内置 Writer 尚未实现
[2026-05-18 15:09:54] [Coordinator] [WARNING] Writer 第98章失败，重试(1/3)
[2026-05-18 15:09:54] [Coordinator] [ERROR] 未找到 writer.py，且框架内置 Writer 尚未实现
[2026-05-18 15:09:54] [Coordinator] [ERROR] 未找到 writer.py，且框架内置 Writer 尚未实现
[2026-05-18 15:09:54] [Coordinator] [WARNING] Writer 第100章失败，重试(1/3)
[2026-05-18 15:09:54] [Coordinator] [ERROR] 未找到 writer.py，且框架内置 Writer 尚未实现
[2026-05-18 15:09:54] [Coordinator] [WARNING] Writer 第81章失败，重试(2/3)
[2026-05-18 15:09:54] [Coordinator] [WARNING] Writer 第99章失败，重试(1/3)
[2026-05-18 15:09:54] [Coordinator] [WARNING] Writer 第83章失败，重试(2/3)
[2026-05-18 15:09:54] [Coordinator] [ERROR] 未找到 writer.py，且框架内置 Writer 尚未实现
[2026-05-18 15:09:54] [Coordinator] [ERROR] 未找到 writer.py，且框架内置 Writer 尚未实现
[2026-05-18 15:09:54] [Coordinator] [ERROR] 未找到 writer.py，且框架内置 Writer 尚未实现
[2026-05-18 15:09:54] [Coordinator] [ERROR] 未找到 writer.py，且框架内置 Writer 尚未实现
[2026-05-18 15:09:54] [Coordinator] [WARNING] Writer 第85章失败，重试(2/3)
[2026-05-18 15:09:54] [Coordinator] [WARNING] Writer 第84章失败，重试(2/3)
[2026-05-18 15:09:54] [Coordinator] [WARNING] Writer 第82章失败，重试(2/3)
[2026-05-18 15:09:54] [Coordinator] [WARNING] Writer 第86章失败，重试(2/3)
[2026-05-18 15:09:54] [Coordinator] [ERROR] 未找到 writer.py，且框架内置 Writer 尚未实现
[2026-05-18 15:09:54] [Coordinator] [WARNING] Writer 第88章失败，重试(2/3)
[2026-05-18 15:09:54] [Coordinator] [ERROR] 未找到 writer.py，且框架内置 Writer 尚未实现
[2026-05-18 15:09:54] [Coordinator] [WARNING] Writer 第89章失败，重试(2/3)
[2026-05-18 15:09:54] [Coordinator] [ERROR] 未找到 writer.py，且框架内置 Writer 尚未实现
[2026-05-18 15:09:54] [Coordinator] [ERROR] 未找到 writer.py，且框架内置 Writer 尚未实现
[2026-05-18 15:09:54] [Coordinator] [WARNING] Writer 第92章失败，重试(2/3)
[2026-05-18 15:09:54] [Coordinator] [ERROR] 未找到 writer.py，且框架内置 Writer 尚未实现
[2026-05-18 15:09:54] [Coordinator] [ERROR] 未找到 writer.py，且框架内置 Writer 尚未实现
[2026-05-18 15:09:54] [Coordinator] [WARNING] Writer 第90章失败，重试(2/3)
[2026-05-18 15:09:54] [Coordinator] [ERROR] 未找到 writer.py，且框架内置 Writer 尚未实现
[2026-05-18 15:09:54] [Coordinator] [WARNING] Writer 第91章失败，重试(2/3)
[2026-05-18 15:09:54] [Coordinator] [WARNING] Writer 第87章失败，重试(2/3)
[2026-05-18 15:09:54] [Coordinator] [WARNING] Writer 第97章失败，重试(2/3)
[2026-05-18 15:09:54] [Coordinator] [ERROR] 未找到 writer.py，且框架内置 Writer 尚未实现
[2026-05-18 15:09:54] [Coordinator] [ERROR] 未找到 writer.py，且框架内置 Writer 尚未实现
[2026-05-18 15:09:54] [Coordinator] [WARNING] Writer 第95章失败，重试(2/3)
[2026-05-18 15:09:54] [Coordinator] [ERROR] 未找到 writer.py，且框架内置 Writer 尚未实现
[2026-05-18 15:09:54] [Coordinator] [WARNING] Writer 第96章失败，重试(2/3)
[2026-05-18 15:09:54] [Coordinator] [WARNING] Writer 第93章失败，重试(2/3)
[2026-05-18 15:09:54] [Coordinator] [ERROR] 未找到 writer.py，且框架内置 Writer 尚未实现
[2026-05-18 15:09:54] [Coordinator] [WARNING] Writer 第94章失败，重试(2/3)
[2026-05-18 15:09:54] [Coordinator] [ERROR] 未找到 writer.py，且框架内置 Writer 尚未实现
[2026-05-18 15:09:54] [Coordinator] [WARNING] Writer 第98章失败，重试(2/3)
[2026-05-18 15:09:54] [Coordinator] [ERROR] 未找到 writer.py，且框架内置 Writer 尚未实现
[2026-05-18 15:09:54] [Coordinator] [ERROR] 未找到 writer.py，且框架内置 Writer 尚未实现
[2026-05-18 15:09:54] [Coordinator] [WARNING] Writer 第100章失败，重试(2/3)
[2026-05-18 15:09:54] [Coordinator] [ERROR] 未找到 writer.py，且框架内置 Writer 尚未实现
[2026-05-18 15:09:54] [Coordinator] [WARNING] Writer 第81章失败，重试(3/3)
[2026-05-18 15:09:54] [Coordinator] [WARNING] Writer 第99章失败，重试(2/3)
[2026-05-18 15:09:54] [Coordinator] [ERROR] 未找到 writer.py，且框架内置 Writer 尚未实现
[2026-05-18 15:09:54] [Coordinator] [WARNING] Writer 第83章失败，重试(3/3)
[2026-05-18 15:09:54] [Coordinator] [ERROR] 未找到 writer.py，且框架内置 Writer 尚未实现
[2026-05-18 15:09:54] [Coordinator] [WARNING] Writer 第85章失败，重试(3/3)
[2026-05-18 15:09:54] [Coordinator] [ERROR] 未找到 writer.py，且框架内置 Writer 尚未实现
[2026-05-18 15:09:54] [Coordinator] [ERROR] 未找到 writer.py，且框架内置 Writer 尚未实现
[2026-05-18 15:09:54] [Coordinator] [WARNING] Writer 第84章失败，重试(3/3)
[2026-05-18 15:09:54] [Coordinator] [ERROR] 未找到 writer.py，且框架内置 Writer 尚未实现
[2026-05-18 15:09:54] [Coordinator] [ERROR] 未找到 writer.py，且框架内置 Writer 尚未实现
[2026-05-18 15:09:54] [Coordinator] [WARNING] Writer 第89章失败，重试(3/3)
[2026-05-18 15:09:54] [Coordinator] [ERROR] 未找到 writer.py，且框架内置 Writer 尚未实现
[2026-05-18 15:09:54] [Coordinator] [WARNING] Writer 第88章失败，重试(3/3)
[2026-05-18 15:09:54] [Coordinator] [WARNING] Writer 第82章失败，重试(3/3)
[2026-05-18 15:09:54] [Coordinator] [WARNING] Writer 第86章失败，重试(3/3)
[2026-05-18 15:09:54] [Coordinator] [ERROR] 未找到 writer.py，且框架内置 Writer 尚未实现
[2026-05-18 15:09:54] [Coordinator] [ERROR] 未找到 writer.py，且框架内置 Writer 尚未实现
[2026-05-18 15:09:54] [Coordinator] [WARNING] Writer 第92章失败，重试(3/3)
[2026-05-18 15:09:54] [Coordinator] [ERROR] 未找到 writer.py，且框架内置 Writer 尚未实现
[2026-05-18 15:09:54] [Coordinator] [WARNING] Writer 第87章失败，重试(3/3)
[2026-05-18 15:09:54] [Coordinator] [WARNING] Writer 第90章失败，重试(3/3)
[2026-05-18 15:09:54] [Coordinator] [ERROR] 未找到 writer.py，且框架内置 Writer 尚未实现
[2026-05-18 15:09:54] [Coordinator] [WARNING] Writer 第91章失败，重试(3/3)
[2026-05-18 15:09:54] [Coordinator] [ERROR] 未找到 writer.py，且框架内置 Writer 尚未实现
[2026-05-18 15:09:54] [Coordinator] [WARNING] Writer 第97章失败，重试(3/3)
[2026-05-18 15:09:54] [Coordinator] [ERROR] 未找到 writer.py，且框架内置 Writer 尚未实现
[2026-05-18 15:09:54] [Coordinator] [ERROR] 未找到 writer.py，且框架内置 Writer 尚未实现
[2026-05-18 15:09:54] [Coordinator] [WARNING] Writer 第95章失败，重试(3/3)
[2026-05-18 15:09:54] [Coordinator] [ERROR] 未找到 writer.py，且框架内置 Writer 尚未实现
[2026-05-18 15:09:54] [Coordinator] [WARNING] Writer 第96章失败，重试(3/3)
[2026-05-18 15:09:54] [Coordinator] [WARNING] Writer 第93章失败，重试(3/3)
[2026-05-18 15:09:54] [Coordinator] [ERROR] 未找到 writer.py，且框架内置 Writer 尚未实现
[2026-05-18 15:09:54] [Coordinator] [WARNING] Writer 第94章失败，重试(3/3)
[2026-05-18 15:09:54] [Coordinator] [ERROR] 未找到 writer.py，且框架内置 Writer 尚未实现
[2026-05-18 15:09:54] [Coordinator] [WARNING] Writer 第98章失败，重试(3/3)
[2026-05-18 15:09:54] [Coordinator] [ERROR] 未找到 writer.py，且框架内置 Writer 尚未实现
[2026-05-18 15:09:54] [Coordinator] [ERROR] 未找到 writer.py，且框架内置 Writer 尚未实现
[2026-05-18 15:09:54] [Coordinator] [WARNING] Writer 第100章失败，重试(3/3)
[2026-05-18 15:09:54] [Coordinator] [ERROR] 未找到 writer.py，且框架内置 Writer 尚未实现
[2026-05-18 15:09:54] [Coordinator] [ERROR] Writer 第81章彻底失败
[2026-05-18 15:09:54] [Coordinator] [WARNING] Writer 第99章失败，重试(3/3)
[2026-05-18 15:09:54] [Coordinator] [ERROR] 未找到 writer.py，且框架内置 Writer 尚未实现
[2026-05-18 15:09:54] [Coordinator] [ERROR] Writer 第83章彻底失败
[2026-05-18 15:09:54] [Coordinator] [ERROR] 未找到 writer.py，且框架内置 Writer 尚未实现
[2026-05-18 15:09:54] [Coordinator] [ERROR] Writer 第85章彻底失败
[2026-05-18 15:09:54] [Coordinator] [ERROR] 未找到 writer.py，且框架内置 Writer 尚未实现
[2026-05-18 15:09:54] [Coordinator] [ERROR] 未找到 writer.py，且框架内置 Writer 尚未实现
[2026-05-18 15:09:54] [Coordinator] [ERROR] Writer 第84章彻底失败
[2026-05-18 15:09:54] [Coordinator] [ERROR] 未找到 writer.py，且框架内置 Writer 尚未实现
[2026-05-18 15:09:54] [Coordinator] [ERROR] Writer 第89章彻底失败
[2026-05-18 15:09:54] [Coordinator] [ERROR] Writer 第88章彻底失败
[2026-05-18 15:09:54] [Coordinator] [ERROR] 未找到 writer.py，且框架内置 Writer 尚未实现
[2026-05-18 15:09:54] [Coordinator] [ERROR] Writer 第82章彻底失败
[2026-05-18 15:09:54] [Coordinator] [ERROR] 未找到 writer.py，且框架内置 Writer 尚未实现
[2026-05-18 15:09:54] [Coordinator] [ERROR] 未找到 writer.py，且框架内置 Writer 尚未实现
[2026-05-18 15:09:54] [Coordinator] [ERROR] 未找到 writer.py，且框架内置 Writer 尚未实现
[2026-05-18 15:09:54] [Coordinator] [ERROR] 未找到 writer.py，且框架内置 Writer 尚未实现
[2026-05-18 15:09:54] [Coordinator] [ERROR] Writer 第92章彻底失败
[2026-05-18 15:09:54] [Coordinator] [ERROR] Writer 第86章彻底失败
[2026-05-18 15:09:54] [Coordinator] [ERROR] 未找到 writer.py，且框架内置 Writer 尚未实现
[2026-05-18 15:09:54] [Coordinator] [ERROR] Writer 第95章彻底失败
[2026-05-18 15:09:54] [Coordinator] [ERROR] 未找到 writer.py，且框架内置 Writer 尚未实现
[2026-05-18 15:09:54] [Coordinator] [ERROR] Writer 第91章彻底失败
[2026-05-18 15:09:54] [Coordinator] [ERROR] Writer 第87章彻底失败
[2026-05-18 15:09:54] [Coordinator] [ERROR] Writer 第90章彻底失败
[2026-05-18 15:09:54] [Coordinator] [ERROR] 未找到 writer.py，且框架内置 Writer 尚未实现
[2026-05-18 15:09:54] [Coordinator] [ERROR] 未找到 writer.py，且框架内置 Writer 尚未实现
[2026-05-18 15:09:54] [Coordinator] [ERROR] Writer 第97章彻底失败
[2026-05-18 15:09:54] [Coordinator] [ERROR] 未找到 writer.py，且框架内置 Writer 尚未实现
[2026-05-18 15:09:54] [Coordinator] [ERROR] Writer 第100章彻底失败
[2026-05-18 15:09:54] [Coordinator] [ERROR] Writer 第96章彻底失败
[2026-05-18 15:09:54] [Coordinator] [ERROR] 未找到 writer.py，且框架内置 Writer 尚未实现
[2026-05-18 15:09:54] [Coordinator] [ERROR] 未找到 writer.py，且框架内置 Writer 尚未实现
[2026-05-18 15:09:54] [Coordinator] [ERROR] 未找到 writer.py，且框架内置 Writer 尚未实现
[2026-05-18 15:09:54] [Coordinator] [ERROR] Writer 第98章彻底失败
[2026-05-18 15:09:54] [Coordinator] [ERROR] Writer 第93章彻底失败
[2026-05-18 15:09:54] [Coordinator] [ERROR] Writer 第94章彻底失败
[2026-05-18 15:09:54] [Coordinator] [ERROR] 未找到 writer.py，且框架内置 Writer 尚未实现
[2026-05-18 15:09:54] [Coordinator] [ERROR] Writer 第99章彻底失败
[2026-05-18 15:09:56] [Coordinator] [INFO] Writer 批次完成: 成功 0 章, 失败 20 章
[2026-05-18 15:09:56] [Coordinator] [WARNING] Writer 失败: [81, 83, 85, 88, 84, 89, 82, 86, 87, 90, 92, 95, 91, 96, 97, 100, 93, 94, 98, 99]
[2026-05-18 15:09:56] [Coordinator] [INFO] 工作队列: 20 个任务, 5 workers [Reviewer]
[2026-05-18 15:09:56] [Coordinator] [ERROR] 未找到 reviewer.py，且框架内置 Reviewer 尚未实现
[2026-05-18 15:09:56] [Coordinator] [WARNING] Reviewer 第81章失败，重试(1/3)
[2026-05-18 15:09:56] [Coordinator] [ERROR] 未找到 reviewer.py，且框架内置 Reviewer 尚未实现
[2026-05-18 15:09:56] [Coordinator] [WARNING] Reviewer 第83章失败，重试(1/3)
[2026-05-18 15:09:56] [Coordinator] [ERROR] 未找到 reviewer.py，且框架内置 Reviewer 尚未实现
[2026-05-18 15:09:56] [Coordinator] [ERROR] 未找到 reviewer.py，且框架内置 Reviewer 尚未实现
[2026-05-18 15:09:56] [Coordinator] [ERROR] 未找到 reviewer.py，且框架内置 Reviewer 尚未实现
[2026-05-18 15:09:56] [Coordinator] [ERROR] 未找到 reviewer.py，且框架内置 Reviewer 尚未实现
[2026-05-18 15:09:56] [Coordinator] [ERROR] 未找到 reviewer.py，且框架内置 Reviewer 尚未实现
[2026-05-18 15:09:56] [Coordinator] [WARNING] Reviewer 第85章失败，重试(1/3)
[2026-05-18 15:09:56] [Coordinator] [WARNING] Reviewer 第82章失败，重试(1/3)
[2026-05-18 15:09:56] [Coordinator] [WARNING] Reviewer 第86章失败，重试(1/3)
[2026-05-18 15:09:56] [Coordinator] [WARNING] Reviewer 第84章失败，重试(1/3)
[2026-05-18 15:09:56] [Coordinator] [WARNING] Reviewer 第87章失败，重试(1/3)
[2026-05-18 15:09:56] [Coordinator] [ERROR] 未找到 reviewer.py，且框架内置 Reviewer 尚未实现
[2026-05-18 15:09:56] [Coordinator] [ERROR] 未找到 reviewer.py，且框架内置 Reviewer 尚未实现
[2026-05-18 15:09:56] [Coordinator] [ERROR] 未找到 reviewer.py，且框架内置 Reviewer 尚未实现
[2026-05-18 15:09:56] [Coordinator] [ERROR] 未找到 reviewer.py，且框架内置 Reviewer 尚未实现
[2026-05-18 15:09:56] [Coordinator] [ERROR] 未找到 reviewer.py，且框架内置 Reviewer 尚未实现
[2026-05-18 15:09:56] [Coordinator] [WARNING] Reviewer 第92章失败，重试(1/3)
[2026-05-18 15:09:56] [Coordinator] [WARNING] Reviewer 第89章失败，重试(1/3)
[2026-05-18 15:09:56] [Coordinator] [WARNING] Reviewer 第90章失败，重试(1/3)
[2026-05-18 15:09:56] [Coordinator] [WARNING] Reviewer 第91章失败，重试(1/3)
[2026-05-18 15:09:56] [Coordinator] [WARNING] Reviewer 第88章失败，重试(1/3)
[2026-05-18 15:09:56] [Coordinator] [ERROR] 未找到 reviewer.py，且框架内置 Reviewer 尚未实现
[2026-05-18 15:09:56] [Coordinator] [WARNING] Reviewer 第93章失败，重试(1/3)
[2026-05-18 15:09:56] [Coordinator] [ERROR] 未找到 reviewer.py，且框架内置 Reviewer 尚未实现
[2026-05-18 15:09:56] [Coordinator] [ERROR] 未找到 reviewer.py，且框架内置 Reviewer 尚未实现
[2026-05-18 15:09:56] [Coordinator] [ERROR] 未找到 reviewer.py，且框架内置 Reviewer 尚未实现
[2026-05-18 15:09:56] [Coordinator] [ERROR] 未找到 reviewer.py，且框架内置 Reviewer 尚未实现
[2026-05-18 15:09:56] [Coordinator] [WARNING] Reviewer 第94章失败，重试(1/3)
[2026-05-18 15:09:56] [Coordinator] [WARNING] Reviewer 第95章失败，重试(1/3)
[2026-05-18 15:09:56] [Coordinator] [WARNING] Reviewer 第96章失败，重试(1/3)
[2026-05-18 15:09:56] [Coordinator] [WARNING] Reviewer 第97章失败，重试(1/3)
[2026-05-18 15:09:56] [Coordinator] [ERROR] 未找到 reviewer.py，且框架内置 Reviewer 尚未实现
[2026-05-18 15:09:56] [Coordinator] [ERROR] 未找到 reviewer.py，且框架内置 Reviewer 尚未实现
[2026-05-18 15:09:56] [Coordinator] [ERROR] 未找到 reviewer.py，且框架内置 Reviewer 尚未实现
[2026-05-18 15:09:56] [Coordinator] [ERROR] 未找到 reviewer.py，且框架内置 Reviewer 尚未实现
[2026-05-18 15:09:56] [Coordinator] [ERROR] 未找到 reviewer.py，且框架内置 Reviewer 尚未实现
[2026-05-18 15:09:56] [Coordinator] [WARNING] Reviewer 第98章失败，重试(1/3)
[2026-05-18 15:09:56] [Coordinator] [WARNING] Reviewer 第99章失败，重试(1/3)
[2026-05-18 15:09:56] [Coordinator] [ERROR] 未找到 reviewer.py，且框架内置 Reviewer 尚未实现
[2026-05-18 15:09:56] [Coordinator] [WARNING] Reviewer 第81章失败，重试(2/3)
[2026-05-18 15:09:56] [Coordinator] [WARNING] Reviewer 第83章失败，重试(2/3)
[2026-05-18 15:09:56] [Coordinator] [ERROR] 未找到 reviewer.py，且框架内置 Reviewer 尚未实现
[2026-05-18 15:09:56] [Coordinator] [WARNING] Reviewer 第100章失败，重试(1/3)
[2026-05-18 15:09:56] [Coordinator] [WARNING] Reviewer 第82章失败，重试(2/3)
[2026-05-18 15:09:56] [Coordinator] [ERROR] 未找到 reviewer.py，且框架内置 Reviewer 尚未实现
[2026-05-18 15:09:56] [Coordinator] [WARNING] Reviewer 第86章失败，重试(2/3)
[2026-05-18 15:09:56] [Coordinator] [WARNING] Reviewer 第85章失败，重试(2/3)
[2026-05-18 15:09:56] [Coordinator] [ERROR] 未找到 reviewer.py，且框架内置 Reviewer 尚未实现
[2026-05-18 15:09:56] [Coordinator] [ERROR] 未找到 reviewer.py，且框架内置 Reviewer 尚未实现
[2026-05-18 15:09:56] [Coordinator] [ERROR] 未找到 reviewer.py，且框架内置 Reviewer 尚未实现
[2026-05-18 15:09:56] [Coordinator] [ERROR] 未找到 reviewer.py，且框架内置 Reviewer 尚未实现
[2026-05-18 15:09:56] [Coordinator] [WARNING] Reviewer 第89章失败，重试(2/3)
[2026-05-18 15:09:56] [Coordinator] [WARNING] Reviewer 第87章失败，重试(2/3)
[2026-05-18 15:09:56] [Coordinator] [WARNING] Reviewer 第92章失败，重试(2/3)
[2026-05-18 15:09:56] [Coordinator] [WARNING] Reviewer 第84章失败，重试(2/3)
[2026-05-18 15:09:56] [Coordinator] [ERROR] 未找到 reviewer.py，且框架内置 Reviewer 尚未实现
[2026-05-18 15:09:56] [Coordinator] [ERROR] 未找到 reviewer.py，且框架内置 Reviewer 尚未实现
[2026-05-18 15:09:56] [Coordinator] [WARNING] Reviewer 第91章失败，重试(2/3)
[2026-05-18 15:09:56] [Coordinator] [ERROR] 未找到 reviewer.py，且框架内置 Reviewer 尚未实现
[2026-05-18 15:09:56] [Coordinator] [WARNING] Reviewer 第93章失败，重试(2/3)
[2026-05-18 15:09:56] [Coordinator] [WARNING] Reviewer 第90章失败，重试(2/3)
[2026-05-18 15:09:56] [Coordinator] [ERROR] 未找到 reviewer.py，且框架内置 Reviewer 尚未实现
[2026-05-18 15:09:56] [Coordinator] [WARNING] Reviewer 第88章失败，重试(2/3)
[2026-05-18 15:09:56] [Coordinator] [ERROR] 未找到 reviewer.py，且框架内置 Reviewer 尚未实现
[2026-05-18 15:09:56] [Coordinator] [WARNING] Reviewer 第94章失败，重试(2/3)
[2026-05-18 15:09:56] [Coordinator] [ERROR] 未找到 reviewer.py，且框架内置 Reviewer 尚未实现
[2026-05-18 15:09:56] [Coordinator] [ERROR] 未找到 reviewer.py，且框架内置 Reviewer 尚未实现
[2026-05-18 15:09:56] [Coordinator] [WARNING] Reviewer 第95章失败，重试(2/3)
[2026-05-18 15:09:56] [Coordinator] [ERROR] 未找到 reviewer.py，且框架内置 Reviewer 尚未实现
[2026-05-18 15:09:56] [Coordinator] [WARNING] Reviewer 第96章失败，重试(2/3)
[2026-05-18 15:09:56] [Coordinator] [WARNING] Reviewer 第97章失败，重试(2/3)
[2026-05-18 15:09:56] [Coordinator] [ERROR] 未找到 reviewer.py，且框架内置 Reviewer 尚未实现
[2026-05-18 15:09:56] [Coordinator] [WARNING] Reviewer 第98章失败，重试(2/3)
[2026-05-18 15:09:56] [Coordinator] [ERROR] 未找到 reviewer.py，且框架内置 Reviewer 尚未实现
[2026-05-18 15:09:56] [Coordinator] [WARNING] Reviewer 第99章失败，重试(2/3)
[2026-05-18 15:09:56] [Coordinator] [ERROR] 未找到 reviewer.py，且框架内置 Reviewer 尚未实现
[2026-05-18 15:09:56] [Coordinator] [ERROR] 未找到 reviewer.py，且框架内置 Reviewer 尚未实现
[2026-05-18 15:09:56] [Coordinator] [WARNING] Reviewer 第81章失败，重试(3/3)
[2026-05-18 15:09:56] [Coordinator] [ERROR] 未找到 reviewer.py，且框架内置 Reviewer 尚未实现
[2026-05-18 15:09:56] [Coordinator] [WARNING] Reviewer 第83章失败，重试(3/3)
[2026-05-18 15:09:56] [Coordinator] [WARNING] Reviewer 第100章失败，重试(2/3)
[2026-05-18 15:09:56] [Coordinator] [ERROR] 未找到 reviewer.py，且框架内置 Reviewer 尚未实现
[2026-05-18 15:09:56] [Coordinator] [WARNING] Reviewer 第82章失败，重试(3/3)
[2026-05-18 15:09:56] [Coordinator] [ERROR] 未找到 reviewer.py，且框架内置 Reviewer 尚未实现
[2026-05-18 15:09:56] [Coordinator] [WARNING] Reviewer 第86章失败，重试(3/3)
[2026-05-18 15:09:56] [Coordinator] [ERROR] 未找到 reviewer.py，且框架内置 Reviewer 尚未实现
[2026-05-18 15:09:56] [Coordinator] [ERROR] 未找到 reviewer.py，且框架内置 Reviewer 尚未实现
[2026-05-18 15:09:56] [Coordinator] [WARNING] Reviewer 第85章失败，重试(3/3)
[2026-05-18 15:09:56] [Coordinator] [ERROR] 未找到 reviewer.py，且框架内置 Reviewer 尚未实现
[2026-05-18 15:09:56] [Coordinator] [WARNING] Reviewer 第89章失败，重试(3/3)
[2026-05-18 15:09:56] [Coordinator] [WARNING] Reviewer 第87章失败，重试(3/3)
[2026-05-18 15:09:56] [Coordinator] [ERROR] 未找到 reviewer.py，且框架内置 Reviewer 尚未实现
[2026-05-18 15:09:56] [Coordinator] [WARNING] Reviewer 第92章失败，重试(3/3)
[2026-05-18 15:09:56] [Coordinator] [ERROR] 未找到 reviewer.py，且框架内置 Reviewer 尚未实现
[2026-05-18 15:09:56] [Coordinator] [WARNING] Reviewer 第84章失败，重试(3/3)
[2026-05-18 15:09:56] [Coordinator] [ERROR] 未找到 reviewer.py，且框架内置 Reviewer 尚未实现
[2026-05-18 15:09:56] [Coordinator] [ERROR] 未找到 reviewer.py，且框架内置 Reviewer 尚未实现
[2026-05-18 15:09:56] [Coordinator] [WARNING] Reviewer 第91章失败，重试(3/3)
[2026-05-18 15:09:56] [Coordinator] [ERROR] 未找到 reviewer.py，且框架内置 Reviewer 尚未实现
[2026-05-18 15:09:56] [Coordinator] [ERROR] 未找到 reviewer.py，且框架内置 Reviewer 尚未实现
[2026-05-18 15:09:56] [Coordinator] [WARNING] Reviewer 第90章失败，重试(3/3)
[2026-05-18 15:09:56] [Coordinator] [ERROR] 未找到 reviewer.py，且框架内置 Reviewer 尚未实现
[2026-05-18 15:09:56] [Coordinator] [WARNING] Reviewer 第88章失败，重试(3/3)
[2026-05-18 15:09:56] [Coordinator] [WARNING] Reviewer 第93章失败，重试(3/3)
[2026-05-18 15:09:56] [Coordinator] [WARNING] Reviewer 第94章失败，重试(3/3)
[2026-05-18 15:09:56] [Coordinator] [ERROR] 未找到 reviewer.py，且框架内置 Reviewer 尚未实现
[2026-05-18 15:09:56] [Coordinator] [ERROR] 未找到 reviewer.py，且框架内置 Reviewer 尚未实现
[2026-05-18 15:09:56] [Coordinator] [WARNING] Reviewer 第95章失败，重试(3/3)
[2026-05-18 15:09:56] [Coordinator] [ERROR] 未找到 reviewer.py，且框架内置 Reviewer 尚未实现
[2026-05-18 15:09:56] [Coordinator] [WARNING] Reviewer 第98章失败，重试(3/3)
[2026-05-18 15:09:56] [Coordinator] [ERROR] 未找到 reviewer.py，且框架内置 Reviewer 尚未实现
[2026-05-18 15:09:56] [Coordinator] [ERROR] 未找到 reviewer.py，且框架内置 Reviewer 尚未实现
[2026-05-18 15:09:56] [Coordinator] [WARNING] Reviewer 第97章失败，重试(3/3)
[2026-05-18 15:09:56] [Coordinator] [ERROR] 未找到 reviewer.py，且框架内置 Reviewer 尚未实现
[2026-05-18 15:09:56] [Coordinator] [WARNING] Reviewer 第96章失败，重试(3/3)
[2026-05-18 15:09:56] [Coordinator] [ERROR] Reviewer 第83章彻底失败
[2026-05-18 15:09:56] [Coordinator] [ERROR] 未找到 reviewer.py，且框架内置 Reviewer 尚未实现
[2026-05-18 15:09:56] [Coordinator] [ERROR] 未找到 reviewer.py，且框架内置 Reviewer 尚未实现
[2026-05-18 15:09:56] [Coordinator] [WARNING] Reviewer 第100章失败，重试(3/3)
[2026-05-18 15:09:56] [Coordinator] [ERROR] 未找到 reviewer.py，且框架内置 Reviewer 尚未实现
[2026-05-18 15:09:56] [Coordinator] [ERROR] Reviewer 第82章彻底失败
[2026-05-18 15:09:56] [Coordinator] [ERROR] Reviewer 第81章彻底失败
[2026-05-18 15:09:56] [Coordinator] [WARNING] Reviewer 第99章失败，重试(3/3)
[2026-05-18 15:09:56] [Coordinator] [ERROR] 未找到 reviewer.py，且框架内置 Reviewer 尚未实现
[2026-05-18 15:09:56] [Coordinator] [ERROR] 未找到 reviewer.py，且框架内置 Reviewer 尚未实现
[2026-05-18 15:09:56] [Coordinator] [ERROR] Reviewer 第86章彻底失败
[2026-05-18 15:09:56] [Coordinator] [ERROR] 未找到 reviewer.py，且框架内置 Reviewer 尚未实现
[2026-05-18 15:09:56] [Coordinator] [ERROR] Reviewer 第87章彻底失败
[2026-05-18 15:09:56] [Coordinator] [ERROR] Reviewer 第85章彻底失败
[2026-05-18 15:09:56] [Coordinator] [ERROR] 未找到 reviewer.py，且框架内置 Reviewer 尚未实现
[2026-05-18 15:09:56] [Coordinator] [ERROR] Reviewer 第89章彻底失败
[2026-05-18 15:09:56] [Coordinator] [ERROR] 未找到 reviewer.py，且框架内置 Reviewer 尚未实现
[2026-05-18 15:09:56] [Coordinator] [ERROR] Reviewer 第92章彻底失败
[2026-05-18 15:09:56] [Coordinator] [ERROR] 未找到 reviewer.py，且框架内置 Reviewer 尚未实现
[2026-05-18 15:09:56] [Coordinator] [ERROR] 未找到 reviewer.py，且框架内置 Reviewer 尚未实现
[2026-05-18 15:09:56] [Coordinator] [ERROR] Reviewer 第84章彻底失败
[2026-05-18 15:09:56] [Coordinator] [ERROR] 未找到 reviewer.py，且框架内置 Reviewer 尚未实现
[2026-05-18 15:09:56] [Coordinator] [ERROR] Reviewer 第91章彻底失败
[2026-05-18 15:09:56] [Coordinator] [ERROR] Reviewer 第90章彻底失败
[2026-05-18 15:09:56] [Coordinator] [ERROR] 未找到 reviewer.py，且框架内置 Reviewer 尚未实现
[2026-05-18 15:09:56] [Coordinator] [ERROR] Reviewer 第88章彻底失败
[2026-05-18 15:09:56] [Coordinator] [ERROR] 未找到 reviewer.py，且框架内置 Reviewer 尚未实现
[2026-05-18 15:09:56] [Coordinator] [ERROR] Reviewer 第93章彻底失败
[2026-05-18 15:09:56] [Coordinator] [ERROR] 未找到 reviewer.py，且框架内置 Reviewer 尚未实现
[2026-05-18 15:09:56] [Coordinator] [ERROR] 未找到 reviewer.py，且框架内置 Reviewer 尚未实现
[2026-05-18 15:09:56] [Coordinator] [ERROR] Reviewer 第94章彻底失败
[2026-05-18 15:09:56] [Coordinator] [ERROR] 未找到 reviewer.py，且框架内置 Reviewer 尚未实现
[2026-05-18 15:09:56] [Coordinator] [ERROR] Reviewer 第95章彻底失败
[2026-05-18 15:09:56] [Coordinator] [ERROR] Reviewer 第98章彻底失败
[2026-05-18 15:09:56] [Coordinator] [ERROR] 未找到 reviewer.py，且框架内置 Reviewer 尚未实现
[2026-05-18 15:09:56] [Coordinator] [ERROR] Reviewer 第97章彻底失败
[2026-05-18 15:09:56] [Coordinator] [ERROR] 未找到 reviewer.py，且框架内置 Reviewer 尚未实现
[2026-05-18 15:09:56] [Coordinator] [ERROR] Reviewer 第96章彻底失败
[2026-05-18 15:09:56] [Coordinator] [ERROR] 未找到 reviewer.py，且框架内置 Reviewer 尚未实现
[2026-05-18 15:09:56] [Coordinator] [ERROR] Reviewer 第100章彻底失败
[2026-05-18 15:09:56] [Coordinator] [ERROR] 未找到 reviewer.py，且框架内置 Reviewer 尚未实现
[2026-05-18 15:09:56] [Coordinator] [ERROR] Reviewer 第99章彻底失败
[2026-05-18 15:09:58] [Coordinator] [INFO] Reviewer 批次完成: 成功 0 章, 失败 20 章
[2026-05-18 15:09:58] [Coordinator] [WARNING] Reviewer 失败: [83, 81, 82, 85, 86, 87, 89, 92, 90, 84, 91, 88, 93, 98, 94, 95, 97, 96, 100, 99]
[2026-05-18 15:09:58] [Coordinator] [INFO] 检测到 20 章草稿缺失，开始补全...
[2026-05-18 15:09:58] [Coordinator] [INFO] 工作队列: 20 个任务, 3 workers [FillDraft]
[2026-05-18 15:09:58] [Coordinator] [ERROR] 未找到 writer.py，且框架内置 Writer 尚未实现
[2026-05-18 15:09:58] [Coordinator] [WARNING] FillDraft 第81章失败，重试(1/3)
[2026-05-18 15:09:58] [Coordinator] [ERROR] 未找到 writer.py，且框架内置 Writer 尚未实现
[2026-05-18 15:09:58] [Coordinator] [WARNING] FillDraft 第84章失败，重试(1/3)
[2026-05-18 15:09:58] [Coordinator] [ERROR] 未找到 writer.py，且框架内置 Writer 尚未实现
[2026-05-18 15:09:58] [Coordinator] [ERROR] 未找到 writer.py，且框架内置 Writer 尚未实现
[2026-05-18 15:09:58] [Coordinator] [WARNING] FillDraft 第82章失败，重试(1/3)
[2026-05-18 15:09:58] [Coordinator] [WARNING] FillDraft 第83章失败，重试(1/3)
[2026-05-18 15:09:58] [Coordinator] [ERROR] 未找到 writer.py，且框架内置 Writer 尚未实现
[2026-05-18 15:09:58] [Coordinator] [WARNING] FillDraft 第85章失败，重试(1/3)
[2026-05-18 15:09:58] [Coordinator] [ERROR] 未找到 writer.py，且框架内置 Writer 尚未实现
[2026-05-18 15:09:58] [Coordinator] [WARNING] FillDraft 第87章失败，重试(1/3)
[2026-05-18 15:09:58] [Coordinator] [ERROR] 未找到 writer.py，且框架内置 Writer 尚未实现
[2026-05-18 15:09:58] [Coordinator] [ERROR] 未找到 writer.py，且框架内置 Writer 尚未实现
[2026-05-18 15:09:58] [Coordinator] [WARNING] FillDraft 第86章失败，重试(1/3)
[2026-05-18 15:09:58] [Coordinator] [WARNING] FillDraft 第88章失败，重试(1/3)
[2026-05-18 15:09:58] [Coordinator] [ERROR] 未找到 writer.py，且框架内置 Writer 尚未实现
[2026-05-18 15:09:58] [Coordinator] [WARNING] FillDraft 第89章失败，重试(1/3)
[2026-05-18 15:09:58] [Coordinator] [ERROR] 未找到 writer.py，且框架内置 Writer 尚未实现
[2026-05-18 15:09:58] [Coordinator] [WARNING] FillDraft 第91章失败，重试(1/3)
[2026-05-18 15:09:58] [Coordinator] [ERROR] 未找到 writer.py，且框架内置 Writer 尚未实现
[2026-05-18 15:09:58] [Coordinator] [ERROR] 未找到 writer.py，且框架内置 Writer 尚未实现
[2026-05-18 15:09:58] [Coordinator] [WARNING] FillDraft 第90章失败，重试(1/3)
[2026-05-18 15:09:58] [Coordinator] [WARNING] FillDraft 第92章失败，重试(1/3)
[2026-05-18 15:09:58] [Coordinator] [ERROR] 未找到 writer.py，且框架内置 Writer 尚未实现
[2026-05-18 15:09:58] [Coordinator] [WARNING] FillDraft 第93章失败，重试(1/3)
[2026-05-18 15:09:58] [Coordinator] [ERROR] 未找到 writer.py，且框架内置 Writer 尚未实现
[2026-05-18 15:09:58] [Coordinator] [WARNING] FillDraft 第95章失败，重试(1/3)
[2026-05-18 15:09:58] [Coordinator] [ERROR] 未找到 writer.py，且框架内置 Writer 尚未实现
[2026-05-18 15:09:58] [Coordinator] [ERROR] 未找到 writer.py，且框架内置 Writer 尚未实现
[2026-05-18 15:09:58] [Coordinator] [WARNING] FillDraft 第94章失败，重试(1/3)
[2026-05-18 15:09:58] [Coordinator] [WARNING] FillDraft 第96章失败，重试(1/3)
[2026-05-18 15:09:58] [Coordinator] [ERROR] 未找到 writer.py，且框架内置 Writer 尚未实现
[2026-05-18 15:09:58] [Coordinator] [WARNING] FillDraft 第97章失败，重试(1/3)
[2026-05-18 15:09:58] [Coordinator] [ERROR] 未找到 writer.py，且框架内置 Writer 尚未实现
[2026-05-18 15:09:58] [Coordinator] [WARNING] FillDraft 第99章失败，重试(1/3)
[2026-05-18 15:09:58] [Coordinator] [ERROR] 未找到 writer.py，且框架内置 Writer 尚未实现
[2026-05-18 15:09:58] [Coordinator] [ERROR] 未找到 writer.py，且框架内置 Writer 尚未实现
[2026-05-18 15:09:58] [Coordinator] [WARNING] FillDraft 第98章失败，重试(1/3)
[2026-05-18 15:09:58] [Coordinator] [WARNING] FillDraft 第100章失败，重试(1/3)
[2026-05-18 15:09:58] [Coordinator] [ERROR] 未找到 writer.py，且框架内置 Writer 尚未实现
[2026-05-18 15:09:58] [Coordinator] [WARNING] FillDraft 第81章失败，重试(2/3)
[2026-05-18 15:09:58] [Coordinator] [ERROR] 未找到 writer.py，且框架内置 Writer 尚未实现
[2026-05-18 15:09:58] [Coordinator] [WARNING] FillDraft 第82章失败，重试(2/3)
[2026-05-18 15:09:58] [Coordinator] [ERROR] 未找到 writer.py，且框架内置 Writer 尚未实现
[2026-05-18 15:09:58] [Coordinator] [ERROR] 未找到 writer.py，且框架内置 Writer 尚未实现
[2026-05-18 15:09:58] [Coordinator] [WARNING] FillDraft 第84章失败，重试(2/3)
[2026-05-18 15:09:58] [Coordinator] [WARNING] FillDraft 第83章失败，重试(2/3)
[2026-05-18 15:09:58] [Coordinator] [ERROR] 未找到 writer.py，且框架内置 Writer 尚未实现
[2026-05-18 15:09:58] [Coordinator] [WARNING] FillDraft 第85章失败，重试(2/3)
[2026-05-18 15:09:58] [Coordinator] [ERROR] 未找到 writer.py，且框架内置 Writer 尚未实现
[2026-05-18 15:09:58] [Coordinator] [WARNING] FillDraft 第88章失败，重试(2/3)
[2026-05-18 15:09:58] [Coordinator] [ERROR] 未找到 writer.py，且框架内置 Writer 尚未实现
[2026-05-18 15:09:58] [Coordinator] [ERROR] 未找到 writer.py，且框架内置 Writer 尚未实现
[2026-05-18 15:09:58] [Coordinator] [WARNING] FillDraft 第87章失败，重试(2/3)
[2026-05-18 15:09:58] [Coordinator] [WARNING] FillDraft 第86章失败，重试(2/3)
[2026-05-18 15:09:58] [Coordinator] [ERROR] 未找到 writer.py，且框架内置 Writer 尚未实现
[2026-05-18 15:09:58] [Coordinator] [WARNING] FillDraft 第89章失败，重试(2/3)
[2026-05-18 15:09:58] [Coordinator] [ERROR] 未找到 writer.py，且框架内置 Writer 尚未实现
[2026-05-18 15:09:58] [Coordinator] [WARNING] FillDraft 第90章失败，重试(2/3)
[2026-05-18 15:09:58] [Coordinator] [ERROR] 未找到 writer.py，且框架内置 Writer 尚未实现
[2026-05-18 15:09:58] [Coordinator] [ERROR] 未找到 writer.py，且框架内置 Writer 尚未实现
[2026-05-18 15:09:58] [Coordinator] [WARNING] FillDraft 第91章失败，重试(2/3)
[2026-05-18 15:09:58] [Coordinator] [WARNING] FillDraft 第92章失败，重试(2/3)
[2026-05-18 15:09:58] [Coordinator] [ERROR] 未找到 writer.py，且框架内置 Writer 尚未实现
[2026-05-18 15:09:58] [Coordinator] [WARNING] FillDraft 第94章失败，重试(2/3)
[2026-05-18 15:09:58] [Coordinator] [ERROR] 未找到 writer.py，且框架内置 Writer 尚未实现
[2026-05-18 15:09:58] [Coordinator] [WARNING] FillDraft 第93章失败，重试(2/3)
[2026-05-18 15:09:58] [Coordinator] [ERROR] 未找到 writer.py，且框架内置 Writer 尚未实现
[2026-05-18 15:09:58] [Coordinator] [ERROR] 未找到 writer.py，且框架内置 Writer 尚未实现
[2026-05-18 15:09:58] [Coordinator] [WARNING] FillDraft 第95章失败，重试(2/3)
[2026-05-18 15:09:58] [Coordinator] [WARNING] FillDraft 第96章失败，重试(2/3)
[2026-05-18 15:09:58] [Coordinator] [ERROR] 未找到 writer.py，且框架内置 Writer 尚未实现
[2026-05-18 15:09:58] [Coordinator] [WARNING] FillDraft 第97章失败，重试(2/3)
[2026-05-18 15:09:58] [Coordinator] [ERROR] 未找到 writer.py，且框架内置 Writer 尚未实现
[2026-05-18 15:09:58] [Coordinator] [WARNING] FillDraft 第98章失败，重试(2/3)
[2026-05-18 15:09:58] [Coordinator] [ERROR] 未找到 writer.py，且框架内置 Writer 尚未实现
[2026-05-18 15:09:58] [Coordinator] [ERROR] 未找到 writer.py，且框架内置 Writer 尚未实现
[2026-05-18 15:09:58] [Coordinator] [WARNING] FillDraft 第99章失败，重试(2/3)
[2026-05-18 15:09:58] [Coordinator] [WARNING] FillDraft 第100章失败，重试(2/3)
[2026-05-18 15:09:58] [Coordinator] [ERROR] 未找到 writer.py，且框架内置 Writer 尚未实现
[2026-05-18 15:09:58] [Coordinator] [WARNING] FillDraft 第81章失败，重试(3/3)
[2026-05-18 15:09:58] [Coordinator] [ERROR] 未找到 writer.py，且框架内置 Writer 尚未实现
[2026-05-18 15:09:58] [Coordinator] [WARNING] FillDraft 第84章失败，重试(3/3)
[2026-05-18 15:09:58] [Coordinator] [ERROR] 未找到 writer.py，且框架内置 Writer 尚未实现
[2026-05-18 15:09:58] [Coordinator] [ERROR] 未找到 writer.py，且框架内置 Writer 尚未实现
[2026-05-18 15:09:58] [Coordinator] [WARNING] FillDraft 第82章失败，重试(3/3)
[2026-05-18 15:09:58] [Coordinator] [WARNING] FillDraft 第83章失败，重试(3/3)
[2026-05-18 15:09:58] [Coordinator] [ERROR] 未找到 writer.py，且框架内置 Writer 尚未实现
[2026-05-18 15:09:58] [Coordinator] [WARNING] FillDraft 第85章失败，重试(3/3)
[2026-05-18 15:09:58] [Coordinator] [ERROR] 未找到 writer.py，且框架内置 Writer 尚未实现
[2026-05-18 15:09:58] [Coordinator] [WARNING] FillDraft 第87章失败，重试(3/3)
[2026-05-18 15:09:58] [Coordinator] [ERROR] 未找到 writer.py，且框架内置 Writer 尚未实现
[2026-05-18 15:09:58] [Coordinator] [ERROR] 未找到 writer.py，且框架内置 Writer 尚未实现
[2026-05-18 15:09:58] [Coordinator] [WARNING] FillDraft 第88章失败，重试(3/3)
[2026-05-18 15:09:58] [Coordinator] [WARNING] FillDraft 第86章失败，重试(3/3)
[2026-05-18 15:09:58] [Coordinator] [ERROR] 未找到 writer.py，且框架内置 Writer 尚未实现
[2026-05-18 15:09:58] [Coordinator] [WARNING] FillDraft 第89章失败，重试(3/3)
[2026-05-18 15:09:58] [Coordinator] [ERROR] 未找到 writer.py，且框架内置 Writer 尚未实现
[2026-05-18 15:09:58] [Coordinator] [WARNING] FillDraft 第91章失败，重试(3/3)
[2026-05-18 15:09:58] [Coordinator] [ERROR] 未找到 writer.py，且框架内置 Writer 尚未实现
[2026-05-18 15:09:58] [Coordinator] [ERROR] 未找到 writer.py，且框架内置 Writer 尚未实现
[2026-05-18 15:09:58] [Coordinator] [WARNING] FillDraft 第90章失败，重试(3/3)
[2026-05-18 15:09:58] [Coordinator] [WARNING] FillDraft 第92章失败，重试(3/3)
[2026-05-18 15:09:58] [Coordinator] [ERROR] 未找到 writer.py，且框架内置 Writer 尚未实现
[2026-05-18 15:09:58] [Coordinator] [WARNING] FillDraft 第94章失败，重试(3/3)
[2026-05-18 15:09:58] [Coordinator] [ERROR] 未找到 writer.py，且框架内置 Writer 尚未实现
[2026-05-18 15:09:58] [Coordinator] [WARNING] FillDraft 第95章失败，重试(3/3)
[2026-05-18 15:09:58] [Coordinator] [ERROR] 未找到 writer.py，且框架内置 Writer 尚未实现
[2026-05-18 15:09:58] [Coordinator] [ERROR] 未找到 writer.py，且框架内置 Writer 尚未实现
[2026-05-18 15:09:58] [Coordinator] [WARNING] FillDraft 第93章失败，重试(3/3)
[2026-05-18 15:09:58] [Coordinator] [WARNING] FillDraft 第96章失败，重试(3/3)
[2026-05-18 15:09:58] [Coordinator] [ERROR] 未找到 writer.py，且框架内置 Writer 尚未实现
[2026-05-18 15:09:58] [Coordinator] [WARNING] FillDraft 第97章失败，重试(3/3)
[2026-05-18 15:09:58] [Coordinator] [ERROR] 未找到 writer.py，且框架内置 Writer 尚未实现
[2026-05-18 15:09:58] [Coordinator] [WARNING] FillDraft 第99章失败，重试(3/3)
[2026-05-18 15:09:58] [Coordinator] [ERROR] 未找到 writer.py，且框架内置 Writer 尚未实现
[2026-05-18 15:09:58] [Coordinator] [WARNING] FillDraft 第100章失败，重试(3/3)
[2026-05-18 15:09:58] [Coordinator] [ERROR] 未找到 writer.py，且框架内置 Writer 尚未实现
[2026-05-18 15:09:58] [Coordinator] [ERROR] 未找到 writer.py，且框架内置 Writer 尚未实现
[2026-05-18 15:09:58] [Coordinator] [WARNING] FillDraft 第98章失败，重试(3/3)
[2026-05-18 15:09:58] [Coordinator] [ERROR] FillDraft 第81章彻底失败
[2026-05-18 15:09:58] [Coordinator] [ERROR] 未找到 writer.py，且框架内置 Writer 尚未实现
[2026-05-18 15:09:58] [Coordinator] [ERROR] FillDraft 第84章彻底失败
[2026-05-18 15:09:58] [Coordinator] [ERROR] 未找到 writer.py，且框架内置 Writer 尚未实现
[2026-05-18 15:09:58] [Coordinator] [ERROR] FillDraft 第83章彻底失败
[2026-05-18 15:09:58] [Coordinator] [ERROR] 未找到 writer.py，且框架内置 Writer 尚未实现
[2026-05-18 15:09:58] [Coordinator] [ERROR] 未找到 writer.py，且框架内置 Writer 尚未实现
[2026-05-18 15:09:58] [Coordinator] [ERROR] FillDraft 第82章彻底失败
[2026-05-18 15:09:58] [Coordinator] [ERROR] FillDraft 第85章彻底失败
[2026-05-18 15:09:58] [Coordinator] [ERROR] 未找到 writer.py，且框架内置 Writer 尚未实现
[2026-05-18 15:09:58] [Coordinator] [ERROR] FillDraft 第87章彻底失败
[2026-05-18 15:09:58] [Coordinator] [ERROR] 未找到 writer.py，且框架内置 Writer 尚未实现
[2026-05-18 15:09:58] [Coordinator] [ERROR] FillDraft 第86章彻底失败
[2026-05-18 15:09:58] [Coordinator] [ERROR] 未找到 writer.py，且框架内置 Writer 尚未实现
[2026-05-18 15:09:58] [Coordinator] [ERROR] 未找到 writer.py，且框架内置 Writer 尚未实现
[2026-05-18 15:09:58] [Coordinator] [ERROR] FillDraft 第88章彻底失败
[2026-05-18 15:09:58] [Coordinator] [ERROR] FillDraft 第89章彻底失败
[2026-05-18 15:09:58] [Coordinator] [ERROR] 未找到 writer.py，且框架内置 Writer 尚未实现
[2026-05-18 15:09:58] [Coordinator] [ERROR] FillDraft 第91章彻底失败
[2026-05-18 15:09:58] [Coordinator] [ERROR] 未找到 writer.py，且框架内置 Writer 尚未实现
[2026-05-18 15:09:58] [Coordinator] [ERROR] FillDraft 第94章彻底失败
[2026-05-18 15:09:58] [Coordinator] [ERROR] 未找到 writer.py，且框架内置 Writer 尚未实现
[2026-05-18 15:09:58] [Coordinator] [ERROR] 未找到 writer.py，且框架内置 Writer 尚未实现
[2026-05-18 15:09:58] [Coordinator] [ERROR] FillDraft 第90章彻底失败
[2026-05-18 15:09:58] [Coordinator] [ERROR] FillDraft 第92章彻底失败
[2026-05-18 15:09:58] [Coordinator] [ERROR] 未找到 writer.py，且框架内置 Writer 尚未实现
[2026-05-18 15:09:58] [Coordinator] [ERROR] FillDraft 第95章彻底失败
[2026-05-18 15:09:58] [Coordinator] [ERROR] 未找到 writer.py，且框架内置 Writer 尚未实现
[2026-05-18 15:09:58] [Coordinator] [ERROR] FillDraft 第96章彻底失败
[2026-05-18 15:09:58] [Coordinator] [ERROR] 未找到 writer.py，且框架内置 Writer 尚未实现
[2026-05-18 15:09:58] [Coordinator] [ERROR] 未找到 writer.py，且框架内置 Writer 尚未实现
[2026-05-18 15:09:58] [Coordinator] [ERROR] FillDraft 第93章彻底失败
[2026-05-18 15:09:58] [Coordinator] [ERROR] FillDraft 第97章彻底失败
[2026-05-18 15:09:58] [Coordinator] [ERROR] 未找到 writer.py，且框架内置 Writer 尚未实现
[2026-05-18 15:09:58] [Coordinator] [ERROR] FillDraft 第99章彻底失败
[2026-05-18 15:09:58] [Coordinator] [ERROR] 未找到 writer.py，且框架内置 Writer 尚未实现
[2026-05-18 15:09:58] [Coordinator] [ERROR] FillDraft 第98章彻底失败
[2026-05-18 15:09:58] [Coordinator] [ERROR] 未找到 writer.py，且框架内置 Writer 尚未实现
[2026-05-18 15:09:58] [Coordinator] [ERROR] FillDraft 第100章彻底失败
[2026-05-18 15:10:00] [Coordinator] [INFO] FillDraft 批次完成: 成功 0 章, 失败 20 章
[2026-05-18 15:10:00] [Coordinator] [INFO] 检测到 20 章审查缺失，开始补全...
[2026-05-18 15:10:00] [Coordinator] [INFO] 工作队列: 20 个任务, 3 workers [FillReview]
[2026-05-18 15:10:00] [Coordinator] [ERROR] 未找到 reviewer.py，且框架内置 Reviewer 尚未实现
[2026-05-18 15:10:00] [Coordinator] [WARNING] FillReview 第81章失败，重试(1/3)
[2026-05-18 15:10:00] [Coordinator] [ERROR] 未找到 reviewer.py，且框架内置 Reviewer 尚未实现
[2026-05-18 15:10:00] [Coordinator] [WARNING] FillReview 第84章失败，重试(1/3)
[2026-05-18 15:10:00] [Coordinator] [ERROR] 未找到 reviewer.py，且框架内置 Reviewer 尚未实现
[2026-05-18 15:10:00] [Coordinator] [WARNING] FillReview 第83章失败，重试(1/3)
[2026-05-18 15:10:00] [Coordinator] [ERROR] 未找到 reviewer.py，且框架内置 Reviewer 尚未实现
[2026-05-18 15:10:00] [Coordinator] [ERROR] 未找到 reviewer.py，且框架内置 Reviewer 尚未实现
[2026-05-18 15:10:00] [Coordinator] [WARNING] FillReview 第82章失败，重试(1/3)
[2026-05-18 15:10:00] [Coordinator] [WARNING] FillReview 第85章失败，重试(1/3)
[2026-05-18 15:10:00] [Coordinator] [ERROR] 未找到 reviewer.py，且框架内置 Reviewer 尚未实现
[2026-05-18 15:10:00] [Coordinator] [WARNING] FillReview 第86章失败，重试(1/3)
[2026-05-18 15:10:00] [Coordinator] [ERROR] 未找到 reviewer.py，且框架内置 Reviewer 尚未实现
[2026-05-18 15:10:00] [Coordinator] [WARNING] FillReview 第88章失败，重试(1/3)
[2026-05-18 15:10:00] [Coordinator] [ERROR] 未找到 reviewer.py，且框架内置 Reviewer 尚未实现
[2026-05-18 15:10:00] [Coordinator] [WARNING] FillReview 第89章失败，重试(1/3)
[2026-05-18 15:10:00] [Coordinator] [ERROR] 未找到 reviewer.py，且框架内置 Reviewer 尚未实现
[2026-05-18 15:10:00] [Coordinator] [ERROR] 未找到 reviewer.py，且框架内置 Reviewer 尚未实现
[2026-05-18 15:10:00] [Coordinator] [WARNING] FillReview 第87章失败，重试(1/3)
[2026-05-18 15:10:00] [Coordinator] [WARNING] FillReview 第90章失败，重试(1/3)
[2026-05-18 15:10:00] [Coordinator] [ERROR] 未找到 reviewer.py，且框架内置 Reviewer 尚未实现
[2026-05-18 15:10:00] [Coordinator] [WARNING] FillReview 第91章失败，重试(1/3)
[2026-05-18 15:10:00] [Coordinator] [ERROR] 未找到 reviewer.py，且框架内置 Reviewer 尚未实现
[2026-05-18 15:10:00] [Coordinator] [WARNING] FillReview 第93章失败，重试(1/3)
[2026-05-18 15:10:00] [Coordinator] [ERROR] 未找到 reviewer.py，且框架内置 Reviewer 尚未实现
[2026-05-18 15:10:00] [Coordinator] [WARNING] FillReview 第94章失败，重试(1/3)
[2026-05-18 15:10:00] [Coordinator] [ERROR] 未找到 reviewer.py，且框架内置 Reviewer 尚未实现
[2026-05-18 15:10:00] [Coordinator] [ERROR] 未找到 reviewer.py，且框架内置 Reviewer 尚未实现
[2026-05-18 15:10:00] [Coordinator] [WARNING] FillReview 第92章失败，重试(1/3)
[2026-05-18 15:10:00] [Coordinator] [ERROR] 未找到 reviewer.py，且框架内置 Reviewer 尚未实现
[2026-05-18 15:10:00] [Coordinator] [ERROR] 未找到 reviewer.py，且框架内置 Reviewer 尚未实现
[2026-05-18 15:10:00] [Coordinator] [WARNING] FillReview 第95章失败，重试(1/3)
[2026-05-18 15:10:00] [Coordinator] [ERROR] 未找到 reviewer.py，且框架内置 Reviewer 尚未实现
[2026-05-18 15:10:00] [Coordinator] [WARNING] FillReview 第96章失败，重试(1/3)
[2026-05-18 15:10:00] [Coordinator] [WARNING] FillReview 第97章失败，重试(1/3)
[2026-05-18 15:10:00] [Coordinator] [WARNING] FillReview 第98章失败，重试(1/3)
[2026-05-18 15:10:00] [Coordinator] [ERROR] 未找到 reviewer.py，且框架内置 Reviewer 尚未实现
[2026-05-18 15:10:00] [Coordinator] [WARNING] FillReview 第81章失败，重试(2/3)
[2026-05-18 15:10:00] [Coordinator] [ERROR] 未找到 reviewer.py，且框架内置 Reviewer 尚未实现
[2026-05-18 15:10:00] [Coordinator] [WARNING] FillReview 第100章失败，重试(1/3)
[2026-05-18 15:10:00] [Coordinator] [ERROR] 未找到 reviewer.py，且框架内置 Reviewer 尚未实现
[2026-05-18 15:10:00] [Coordinator] [ERROR] 未找到 reviewer.py，且框架内置 Reviewer 尚未实现
[2026-05-18 15:10:00] [Coordinator] [WARNING] FillReview 第99章失败，重试(1/3)
[2026-05-18 15:10:00] [Coordinator] [WARNING] FillReview 第84章失败，重试(2/3)
[2026-05-18 15:10:00] [Coordinator] [ERROR] 未找到 reviewer.py，且框架内置 Reviewer 尚未实现
[2026-05-18 15:10:00] [Coordinator] [WARNING] FillReview 第83章失败，重试(2/3)
[2026-05-18 15:10:00] [Coordinator] [ERROR] 未找到 reviewer.py，且框架内置 Reviewer 尚未实现
[2026-05-18 15:10:00] [Coordinator] [WARNING] FillReview 第85章失败，重试(2/3)
[2026-05-18 15:10:00] [Coordinator] [ERROR] 未找到 reviewer.py，且框架内置 Reviewer 尚未实现
[2026-05-18 15:10:00] [Coordinator] [WARNING] FillReview 第86章失败，重试(2/3)
[2026-05-18 15:10:00] [Coordinator] [ERROR] 未找到 reviewer.py，且框架内置 Reviewer 尚未实现
[2026-05-18 15:10:00] [Coordinator] [ERROR] 未找到 reviewer.py，且框架内置 Reviewer 尚未实现
[2026-05-18 15:10:00] [Coordinator] [ERROR] 未找到 reviewer.py，且框架内置 Reviewer 尚未实现
[2026-05-18 15:10:00] [Coordinator] [WARNING] FillReview 第88章失败，重试(2/3)
[2026-05-18 15:10:00] [Coordinator] [WARNING] FillReview 第82章失败，重试(2/3)
[2026-05-18 15:10:00] [Coordinator] [WARNING] FillReview 第89章失败，重试(2/3)
[2026-05-18 15:10:00] [Coordinator] [ERROR] 未找到 reviewer.py，且框架内置 Reviewer 尚未实现
[2026-05-18 15:10:00] [Coordinator] [WARNING] FillReview 第87章失败，重试(2/3)
[2026-05-18 15:10:00] [Coordinator] [ERROR] 未找到 reviewer.py，且框架内置 Reviewer 尚未实现
[2026-05-18 15:10:00] [Coordinator] [WARNING] FillReview 第91章失败，重试(2/3)
[2026-05-18 15:10:00] [Coordinator] [ERROR] 未找到 reviewer.py，且框架内置 Reviewer 尚未实现
[2026-05-18 15:10:00] [Coordinator] [ERROR] 未找到 reviewer.py，且框架内置 Reviewer 尚未实现
[2026-05-18 15:10:00] [Coordinator] [WARNING] FillReview 第90章失败，重试(2/3)
[2026-05-18 15:10:00] [Coordinator] [WARNING] FillReview 第93章失败，重试(2/3)
[2026-05-18 15:10:00] [Coordinator] [ERROR] 未找到 reviewer.py，且框架内置 Reviewer 尚未实现
[2026-05-18 15:10:00] [Coordinator] [WARNING] FillReview 第94章失败，重试(2/3)
[2026-05-18 15:10:00] [Coordinator] [ERROR] 未找到 reviewer.py，且框架内置 Reviewer 尚未实现
[2026-05-18 15:10:00] [Coordinator] [WARNING] FillReview 第95章失败，重试(2/3)
[2026-05-18 15:10:00] [Coordinator] [ERROR] 未找到 reviewer.py，且框架内置 Reviewer 尚未实现
[2026-05-18 15:10:00] [Coordinator] [ERROR] 未找到 reviewer.py，且框架内置 Reviewer 尚未实现
[2026-05-18 15:10:00] [Coordinator] [WARNING] FillReview 第92章失败，重试(2/3)
[2026-05-18 15:10:00] [Coordinator] [WARNING] FillReview 第97章失败，重试(2/3)
[2026-05-18 15:10:00] [Coordinator] [ERROR] 未找到 reviewer.py，且框架内置 Reviewer 尚未实现
[2026-05-18 15:10:00] [Coordinator] [WARNING] FillReview 第96章失败，重试(2/3)
[2026-05-18 15:10:00] [Coordinator] [ERROR] 未找到 reviewer.py，且框架内置 Reviewer 尚未实现
[2026-05-18 15:10:00] [Coordinator] [WARNING] FillReview 第81章失败，重试(3/3)
[2026-05-18 15:10:00] [Coordinator] [ERROR] 未找到 reviewer.py，且框架内置 Reviewer 尚未实现
[2026-05-18 15:10:00] [Coordinator] [WARNING] FillReview 第100章失败，重试(2/3)
[2026-05-18 15:10:00] [Coordinator] [ERROR] 未找到 reviewer.py，且框架内置 Reviewer 尚未实现
[2026-05-18 15:10:00] [Coordinator] [ERROR] 未找到 reviewer.py，且框架内置 Reviewer 尚未实现
[2026-05-18 15:10:00] [Coordinator] [WARNING] FillReview 第98章失败，重试(2/3)
[2026-05-18 15:10:00] [Coordinator] [WARNING] FillReview 第99章失败，重试(2/3)
[2026-05-18 15:10:00] [Coordinator] [ERROR] 未找到 reviewer.py，且框架内置 Reviewer 尚未实现
[2026-05-18 15:10:00] [Coordinator] [WARNING] FillReview 第84章失败，重试(3/3)
[2026-05-18 15:10:00] [Coordinator] [ERROR] 未找到 reviewer.py，且框架内置 Reviewer 尚未实现
[2026-05-18 15:10:00] [Coordinator] [ERROR] 未找到 reviewer.py，且框架内置 Reviewer 尚未实现
[2026-05-18 15:10:00] [Coordinator] [WARNING] FillReview 第83章失败，重试(3/3)
[2026-05-18 15:10:00] [Coordinator] [WARNING] FillReview 第85章失败，重试(3/3)
[2026-05-18 15:10:00] [Coordinator] [ERROR] 未找到 reviewer.py，且框架内置 Reviewer 尚未实现
[2026-05-18 15:10:00] [Coordinator] [WARNING] FillReview 第86章失败，重试(3/3)
[2026-05-18 15:10:00] [Coordinator] [ERROR] 未找到 reviewer.py，且框架内置 Reviewer 尚未实现
[2026-05-18 15:10:00] [Coordinator] [WARNING] FillReview 第89章失败，重试(3/3)
[2026-05-18 15:10:00] [Coordinator] [ERROR] 未找到 reviewer.py，且框架内置 Reviewer 尚未实现
[2026-05-18 15:10:00] [Coordinator] [WARNING] FillReview 第82章失败，重试(3/3)
[2026-05-18 15:10:00] [Coordinator] [ERROR] 未找到 reviewer.py，且框架内置 Reviewer 尚未实现
[2026-05-18 15:10:00] [Coordinator] [ERROR] 未找到 reviewer.py，且框架内置 Reviewer 尚未实现
[2026-05-18 15:10:00] [Coordinator] [WARNING] FillReview 第88章失败，重试(3/3)
[2026-05-18 15:10:00] [Coordinator] [WARNING] FillReview 第87章失败，重试(3/3)
[2026-05-18 15:10:00] [Coordinator] [ERROR] 未找到 reviewer.py，且框架内置 Reviewer 尚未实现
[2026-05-18 15:10:00] [Coordinator] [WARNING] FillReview 第91章失败，重试(3/3)
[2026-05-18 15:10:00] [Coordinator] [ERROR] 未找到 reviewer.py，且框架内置 Reviewer 尚未实现
[2026-05-18 15:10:00] [Coordinator] [WARNING] FillReview 第93章失败，重试(3/3)
[2026-05-18 15:10:00] [Coordinator] [ERROR] 未找到 reviewer.py，且框架内置 Reviewer 尚未实现
[2026-05-18 15:10:00] [Coordinator] [WARNING] FillReview 第94章失败，重试(3/3)
[2026-05-18 15:10:00] [Coordinator] [ERROR] 未找到 reviewer.py，且框架内置 Reviewer 尚未实现
[2026-05-18 15:10:00] [Coordinator] [ERROR] 未找到 reviewer.py，且框架内置 Reviewer 尚未实现
[2026-05-18 15:10:00] [Coordinator] [WARNING] FillReview 第90章失败，重试(3/3)
[2026-05-18 15:10:00] [Coordinator] [WARNING] FillReview 第95章失败，重试(3/3)
[2026-05-18 15:10:00] [Coordinator] [ERROR] 未找到 reviewer.py，且框架内置 Reviewer 尚未实现
[2026-05-18 15:10:00] [Coordinator] [WARNING] FillReview 第92章失败，重试(3/3)
[2026-05-18 15:10:00] [Coordinator] [ERROR] 未找到 reviewer.py，且框架内置 Reviewer 尚未实现
[2026-05-18 15:10:00] [Coordinator] [WARNING] FillReview 第96章失败，重试(3/3)
[2026-05-18 15:10:00] [Coordinator] [ERROR] 未找到 reviewer.py，且框架内置 Reviewer 尚未实现
[2026-05-18 15:10:00] [Coordinator] [ERROR] 未找到 reviewer.py，且框架内置 Reviewer 尚未实现
[2026-05-18 15:10:00] [Coordinator] [WARNING] FillReview 第97章失败，重试(3/3)
[2026-05-18 15:10:00] [Coordinator] [ERROR] FillReview 第81章彻底失败
[2026-05-18 15:10:00] [Coordinator] [ERROR] 未找到 reviewer.py，且框架内置 Reviewer 尚未实现
[2026-05-18 15:10:00] [Coordinator] [WARNING] FillReview 第100章失败，重试(3/3)
[2026-05-18 15:10:00] [Coordinator] [ERROR] 未找到 reviewer.py，且框架内置 Reviewer 尚未实现
[2026-05-18 15:10:00] [Coordinator] [WARNING] FillReview 第99章失败，重试(3/3)
[2026-05-18 15:10:00] [Coordinator] [ERROR] 未找到 reviewer.py，且框架内置 Reviewer 尚未实现
[2026-05-18 15:10:00] [Coordinator] [ERROR] FillReview 第84章彻底失败
[2026-05-18 15:10:00] [Coordinator] [ERROR] 未找到 reviewer.py，且框架内置 Reviewer 尚未实现
[2026-05-18 15:10:00] [Coordinator] [ERROR] 未找到 reviewer.py，且框架内置 Reviewer 尚未实现
[2026-05-18 15:10:00] [Coordinator] [WARNING] FillReview 第98章失败，重试(3/3)
[2026-05-18 15:10:00] [Coordinator] [ERROR] FillReview 第83章彻底失败
[2026-05-18 15:10:00] [Coordinator] [ERROR] 未找到 reviewer.py，且框架内置 Reviewer 尚未实现
[2026-05-18 15:10:00] [Coordinator] [ERROR] FillReview 第85章彻底失败
[2026-05-18 15:10:00] [Coordinator] [ERROR] 未找到 reviewer.py，且框架内置 Reviewer 尚未实现
[2026-05-18 15:10:00] [Coordinator] [ERROR] FillReview 第89章彻底失败
[2026-05-18 15:10:00] [Coordinator] [ERROR] 未找到 reviewer.py，且框架内置 Reviewer 尚未实现
[2026-05-18 15:10:00] [Coordinator] [ERROR] FillReview 第82章彻底失败
[2026-05-18 15:10:00] [Coordinator] [ERROR] 未找到 reviewer.py，且框架内置 Reviewer 尚未实现
[2026-05-18 15:10:00] [Coordinator] [ERROR] 未找到 reviewer.py，且框架内置 Reviewer 尚未实现
[2026-05-18 15:10:00] [Coordinator] [ERROR] FillReview 第86章彻底失败
[2026-05-18 15:10:00] [Coordinator] [ERROR] FillReview 第87章彻底失败
[2026-05-18 15:10:00] [Coordinator] [ERROR] 未找到 reviewer.py，且框架内置 Reviewer 尚未实现
[2026-05-18 15:10:00] [Coordinator] [ERROR] FillReview 第88章彻底失败
[2026-05-18 15:10:00] [Coordinator] [ERROR] 未找到 reviewer.py，且框架内置 Reviewer 尚未实现
[2026-05-18 15:10:00] [Coordinator] [ERROR] FillReview 第93章彻底失败
[2026-05-18 15:10:00] [Coordinator] [ERROR] 未找到 reviewer.py，且框架内置 Reviewer 尚未实现
[2026-05-18 15:10:00] [Coordinator] [ERROR] FillReview 第94章彻底失败
[2026-05-18 15:10:00] [Coordinator] [ERROR] 未找到 reviewer.py，且框架内置 Reviewer 尚未实现
[2026-05-18 15:10:00] [Coordinator] [ERROR] 未找到 reviewer.py，且框架内置 Reviewer 尚未实现
[2026-05-18 15:10:00] [Coordinator] [ERROR] FillReview 第91章彻底失败
[2026-05-18 15:10:00] [Coordinator] [ERROR] 未找到 reviewer.py，且框架内置 Reviewer 尚未实现
[2026-05-18 15:10:00] [Coordinator] [ERROR] FillReview 第92章彻底失败
[2026-05-18 15:10:00] [Coordinator] [ERROR] FillReview 第90章彻底失败
[2026-05-18 15:10:00] [Coordinator] [ERROR] 未找到 reviewer.py，且框架内置 Reviewer 尚未实现
[2026-05-18 15:10:00] [Coordinator] [ERROR] FillReview 第97章彻底失败
[2026-05-18 15:10:00] [Coordinator] [ERROR] 未找到 reviewer.py，且框架内置 Reviewer 尚未实现
[2026-05-18 15:10:00] [Coordinator] [ERROR] FillReview 第95章彻底失败
[2026-05-18 15:10:00] [Coordinator] [ERROR] 未找到 reviewer.py，且框架内置 Reviewer 尚未实现
[2026-05-18 15:10:00] [Coordinator] [ERROR] FillReview 第100章彻底失败
[2026-05-18 15:10:00] [Coordinator] [ERROR] 未找到 reviewer.py，且框架内置 Reviewer 尚未实现
[2026-05-18 15:10:00] [Coordinator] [ERROR] 未找到 reviewer.py，且框架内置 Reviewer 尚未实现
[2026-05-18 15:10:00] [Coordinator] [ERROR] FillReview 第96章彻底失败
[2026-05-18 15:10:00] [Coordinator] [ERROR] FillReview 第99章彻底失败
[2026-05-18 15:10:00] [Coordinator] [ERROR] 未找到 reviewer.py，且框架内置 Reviewer 尚未实现
[2026-05-18 15:10:00] [Coordinator] [ERROR] FillReview 第98章彻底失败
[2026-05-18 15:10:02] [Coordinator] [INFO] FillReview 批次完成: 成功 0 章, 失败 20 章
[2026-05-18 15:10:02] [Coordinator] [INFO] 已加入多媒体队列: 第81-100章 (队列长度 97)
[2026-05-18 15:10:05] [Coordinator] [INFO] ===== 开始第 101-120 章 =====
[2026-05-18 15:10:06] [Coordinator] [INFO] 工作队列: 20 个任务, 5 workers [Writer]
[2026-05-18 15:10:06] [Coordinator] [ERROR] 未找到 writer.py，且框架内置 Writer 尚未实现
[2026-05-18 15:10:06] [Coordinator] [WARNING] Writer 第101章失败，重试(1/3)
[2026-05-18 15:10:06] [Coordinator] [ERROR] 未找到 writer.py，且框架内置 Writer 尚未实现
[2026-05-18 15:10:06] [Coordinator] [WARNING] Writer 第105章失败，重试(1/3)
[2026-05-18 15:10:06] [Coordinator] [ERROR] 未找到 writer.py，且框架内置 Writer 尚未实现
[2026-05-18 15:10:06] [Coordinator] [ERROR] 未找到 writer.py，且框架内置 Writer 尚未实现
[2026-05-18 15:10:06] [Coordinator] [WARNING] Writer 第102章失败，重试(1/3)
[2026-05-18 15:10:06] [Coordinator] [ERROR] 未找到 writer.py，且框架内置 Writer 尚未实现
[2026-05-18 15:10:06] [Coordinator] [WARNING] Writer 第103章失败，重试(1/3)
[2026-05-18 15:10:06] [Coordinator] [WARNING] Writer 第104章失败，重试(1/3)
[2026-05-18 15:10:06] [Coordinator] [ERROR] 未找到 writer.py，且框架内置 Writer 尚未实现
[2026-05-18 15:10:06] [Coordinator] [WARNING] Writer 第106章失败，重试(1/3)
[2026-05-18 15:10:06] [Coordinator] [ERROR] 未找到 writer.py，且框架内置 Writer 尚未实现
[2026-05-18 15:10:06] [Coordinator] [WARNING] Writer 第107章失败，重试(1/3)
[2026-05-18 15:10:06] [Coordinator] [ERROR] 未找到 writer.py，且框架内置 Writer 尚未实现
[2026-05-18 15:10:06] [Coordinator] [ERROR] 未找到 writer.py，且框架内置 Writer 尚未实现
[2026-05-18 15:10:06] [Coordinator] [ERROR] 未找到 writer.py，且框架内置 Writer 尚未实现
[2026-05-18 15:10:06] [Coordinator] [ERROR] 未找到 writer.py，且框架内置 Writer 尚未实现
[2026-05-18 15:10:06] [Coordinator] [WARNING] Writer 第109章失败，重试(1/3)
[2026-05-18 15:10:06] [Coordinator] [WARNING] Writer 第110章失败，重试(1/3)
[2026-05-18 15:10:06] [Coordinator] [WARNING] Writer 第108章失败，重试(1/3)
[2026-05-18 15:10:06] [Coordinator] [WARNING] Writer 第111章失败，重试(1/3)
[2026-05-18 15:10:06] [Coordinator] [ERROR] 未找到 writer.py，且框架内置 Writer 尚未实现
[2026-05-18 15:10:06] [Coordinator] [WARNING] Writer 第112章失败，重试(1/3)
[2026-05-18 15:10:06] [Coordinator] [ERROR] 未找到 writer.py，且框架内置 Writer 尚未实现
[2026-05-18 15:10:06] [Coordinator] [WARNING] Writer 第114章失败，重试(1/3)
[2026-05-18 15:10:06] [Coordinator] [ERROR] 未找到 writer.py，且框架内置 Writer 尚未实现
[2026-05-18 15:10:06] [Coordinator] [ERROR] 未找到 writer.py，且框架内置 Writer 尚未实现
[2026-05-18 15:10:06] [Coordinator] [WARNING] Writer 第113章失败，重试(1/3)
[2026-05-18 15:10:06] [Coordinator] [ERROR] 未找到 writer.py，且框架内置 Writer 尚未实现
[2026-05-18 15:10:06] [Coordinator] [WARNING] Writer 第115章失败，重试(1/3)
[2026-05-18 15:10:06] [Coordinator] [WARNING] Writer 第116章失败，重试(1/3)
[2026-05-18 15:10:06] [Coordinator] [ERROR] 未找到 writer.py，且框架内置 Writer 尚未实现
[2026-05-18 15:10:06] [Coordinator] [WARNING] Writer 第117章失败，重试(1/3)
[2026-05-18 15:10:06] [Coordinator] [ERROR] 未找到 writer.py，且框架内置 Writer 尚未实现
[2026-05-18 15:10:06] [Coordinator] [WARNING] Writer 第118章失败，重试(1/3)
[2026-05-18 15:10:06] [Coordinator] [ERROR] 未找到 writer.py，且框架内置 Writer 尚未实现
[2026-05-18 15:10:06] [Coordinator] [ERROR] 未找到 writer.py，且框架内置 Writer 尚未实现
[2026-05-18 15:10:06] [Coordinator] [WARNING] Writer 第119章失败，重试(1/3)
[2026-05-18 15:10:06] [Coordinator] [ERROR] 未找到 writer.py，且框架内置 Writer 尚未实现
[2026-05-18 15:10:06] [Coordinator] [WARNING] Writer 第120章失败，重试(1/3)
[2026-05-18 15:10:06] [Coordinator] [WARNING] Writer 第101章失败，重试(2/3)
[2026-05-18 15:10:06] [Coordinator] [ERROR] 未找到 writer.py，且框架内置 Writer 尚未实现
[2026-05-18 15:10:06] [Coordinator] [WARNING] Writer 第105章失败，重试(2/3)
[2026-05-18 15:10:06] [Coordinator] [ERROR] 未找到 writer.py，且框架内置 Writer 尚未实现
[2026-05-18 15:10:06] [Coordinator] [WARNING] Writer 第102章失败，重试(2/3)
[2026-05-18 15:10:06] [Coordinator] [ERROR] 未找到 writer.py，且框架内置 Writer 尚未实现
[2026-05-18 15:10:06] [Coordinator] [ERROR] 未找到 writer.py，且框架内置 Writer 尚未实现
[2026-05-18 15:10:06] [Coordinator] [WARNING] Writer 第103章失败，重试(2/3)
[2026-05-18 15:10:06] [Coordinator] [ERROR] 未找到 writer.py，且框架内置 Writer 尚未实现
[2026-05-18 15:10:06] [Coordinator] [WARNING] Writer 第104章失败，重试(2/3)
[2026-05-18 15:10:06] [Coordinator] [WARNING] Writer 第106章失败，重试(2/3)
[2026-05-18 15:10:06] [Coordinator] [ERROR] 未找到 writer.py，且框架内置 Writer 尚未实现
[2026-05-18 15:10:06] [Coordinator] [WARNING] Writer 第107章失败，重试(2/3)
[2026-05-18 15:10:06] [Coordinator] [ERROR] 未找到 writer.py，且框架内置 Writer 尚未实现
[2026-05-18 15:10:06] [Coordinator] [WARNING] Writer 第109章失败，重试(2/3)
[2026-05-18 15:10:06] [Coordinator] [ERROR] 未找到 writer.py，且框架内置 Writer 尚未实现
[2026-05-18 15:10:06] [Coordinator] [ERROR] 未找到 writer.py，且框架内置 Writer 尚未实现
[2026-05-18 15:10:06] [Coordinator] [WARNING] Writer 第110章失败，重试(2/3)
[2026-05-18 15:10:06] [Coordinator] [ERROR] 未找到 writer.py，且框架内置 Writer 尚未实现
[2026-05-18 15:10:06] [Coordinator] [WARNING] Writer 第108章失败，重试(2/3)
[2026-05-18 15:10:06] [Coordinator] [WARNING] Writer 第111章失败，重试(2/3)
[2026-05-18 15:10:06] [Coordinator] [ERROR] 未找到 writer.py，且框架内置 Writer 尚未实现
[2026-05-18 15:10:06] [Coordinator] [WARNING] Writer 第112章失败，重试(2/3)
[2026-05-18 15:10:06] [Coordinator] [ERROR] 未找到 writer.py，且框架内置 Writer 尚未实现
[2026-05-18 15:10:06] [Coordinator] [WARNING] Writer 第114章失败，重试(2/3)
[2026-05-18 15:10:06] [Coordinator] [ERROR] 未找到 writer.py，且框架内置 Writer 尚未实现
[2026-05-18 15:10:06] [Coordinator] [ERROR] 未找到 writer.py，且框架内置 Writer 尚未实现
[2026-05-18 15:10:06] [Coordinator] [WARNING] Writer 第113章失败，重试(2/3)
[2026-05-18 15:10:06] [Coordinator] [ERROR] 未找到 writer.py，且框架内置 Writer 尚未实现
[2026-05-18 15:10:06] [Coordinator] [WARNING] Writer 第115章失败，重试(2/3)
[2026-05-18 15:10:06] [Coordinator] [WARNING] Writer 第116章失败，重试(2/3)
[2026-05-18 15:10:06] [Coordinator] [ERROR] 未找到 writer.py，且框架内置 Writer 尚未实现
[2026-05-18 15:10:06] [Coordinator] [WARNING] Writer 第117章失败，重试(2/3)
[2026-05-18 15:10:06] [Coordinator] [ERROR] 未找到 writer.py，且框架内置 Writer 尚未实现
[2026-05-18 15:10:06] [Coordinator] [WARNING] Writer 第118章失败，重试(2/3)
[2026-05-18 15:10:06] [Coordinator] [ERROR] 未找到 writer.py，且框架内置 Writer 尚未实现
[2026-05-18 15:10:06] [Coordinator] [ERROR] 未找到 writer.py，且框架内置 Writer 尚未实现
[2026-05-18 15:10:06] [Coordinator] [WARNING] Writer 第119章失败，重试(2/3)
[2026-05-18 15:10:06] [Coordinator] [ERROR] 未找到 writer.py，且框架内置 Writer 尚未实现
[2026-05-18 15:10:06] [Coordinator] [WARNING] Writer 第120章失败，重试(2/3)
[2026-05-18 15:10:06] [Coordinator] [WARNING] Writer 第101章失败，重试(3/3)
[2026-05-18 15:10:06] [Coordinator] [ERROR] 未找到 writer.py，且框架内置 Writer 尚未实现
[2026-05-18 15:10:06] [Coordinator] [WARNING] Writer 第105章失败，重试(3/3)
[2026-05-18 15:10:06] [Coordinator] [ERROR] 未找到 writer.py，且框架内置 Writer 尚未实现
[2026-05-18 15:10:06] [Coordinator] [WARNING] Writer 第102章失败，重试(3/3)
[2026-05-18 15:10:06] [Coordinator] [ERROR] 未找到 writer.py，且框架内置 Writer 尚未实现
[2026-05-18 15:10:06] [Coordinator] [ERROR] 未找到 writer.py，且框架内置 Writer 尚未实现
[2026-05-18 15:10:06] [Coordinator] [WARNING] Writer 第103章失败，重试(3/3)
[2026-05-18 15:10:06] [Coordinator] [ERROR] 未找到 writer.py，且框架内置 Writer 尚未实现
[2026-05-18 15:10:06] [Coordinator] [WARNING] Writer 第104章失败，重试(3/3)
[2026-05-18 15:10:06] [Coordinator] [WARNING] Writer 第106章失败，重试(3/3)
[2026-05-18 15:10:06] [Coordinator] [ERROR] 未找到 writer.py，且框架内置 Writer 尚未实现
[2026-05-18 15:10:06] [Coordinator] [WARNING] Writer 第107章失败，重试(3/3)
[2026-05-18 15:10:06] [Coordinator] [ERROR] 未找到 writer.py，且框架内置 Writer 尚未实现
[2026-05-18 15:10:06] [Coordinator] [WARNING] Writer 第109章失败，重试(3/3)
[2026-05-18 15:10:06] [Coordinator] [ERROR] 未找到 writer.py，且框架内置 Writer 尚未实现
[2026-05-18 15:10:06] [Coordinator] [ERROR] 未找到 writer.py，且框架内置 Writer 尚未实现
[2026-05-18 15:10:06] [Coordinator] [WARNING] Writer 第110章失败，重试(3/3)
[2026-05-18 15:10:06] [Coordinator] [ERROR] 未找到 writer.py，且框架内置 Writer 尚未实现
[2026-05-18 15:10:06] [Coordinator] [ERROR] 未找到 writer.py，且框架内置 Writer 尚未实现
[2026-05-18 15:10:06] [Coordinator] [WARNING] Writer 第111章失败，重试(3/3)
[2026-05-18 15:10:06] [Coordinator] [ERROR] 未找到 writer.py，且框架内置 Writer 尚未实现
[2026-05-18 15:10:06] [Coordinator] [WARNING] Writer 第112章失败，重试(3/3)
[2026-05-18 15:10:06] [Coordinator] [WARNING] Writer 第108章失败，重试(3/3)
[2026-05-18 15:10:06] [Coordinator] [WARNING] Writer 第114章失败，重试(3/3)
[2026-05-18 15:10:06] [Coordinator] [ERROR] 未找到 writer.py，且框架内置 Writer 尚未实现
[2026-05-18 15:10:06] [Coordinator] [ERROR] 未找到 writer.py，且框架内置 Writer 尚未实现
[2026-05-18 15:10:06] [Coordinator] [WARNING] Writer 第113章失败，重试(3/3)
[2026-05-18 15:10:06] [Coordinator] [ERROR] 未找到 writer.py，且框架内置 Writer 尚未实现
[2026-05-18 15:10:06] [Coordinator] [WARNING] Writer 第117章失败，重试(3/3)
[2026-05-18 15:10:06] [Coordinator] [WARNING] Writer 第115章失败，重试(3/3)
[2026-05-18 15:10:06] [Coordinator] [ERROR] 未找到 writer.py，且框架内置 Writer 尚未实现
[2026-05-18 15:10:06] [Coordinator] [WARNING] Writer 第116章失败，重试(3/3)
[2026-05-18 15:10:06] [Coordinator] [ERROR] 未找到 writer.py，且框架内置 Writer 尚未实现
[2026-05-18 15:10:06] [Coordinator] [WARNING] Writer 第118章失败，重试(3/3)
[2026-05-18 15:10:06] [Coordinator] [ERROR] 未找到 writer.py，且框架内置 Writer 尚未实现
[2026-05-18 15:10:06] [Coordinator] [ERROR] 未找到 writer.py，且框架内置 Writer 尚未实现
[2026-05-18 15:10:06] [Coordinator] [WARNING] Writer 第119章失败，重试(3/3)
[2026-05-18 15:10:06] [Coordinator] [ERROR] 未找到 writer.py，且框架内置 Writer 尚未实现
[2026-05-18 15:10:06] [Coordinator] [WARNING] Writer 第120章失败，重试(3/3)
[2026-05-18 15:10:06] [Coordinator] [ERROR] Writer 第101章彻底失败
[2026-05-18 15:10:06] [Coordinator] [ERROR] 未找到 writer.py，且框架内置 Writer 尚未实现
[2026-05-18 15:10:06] [Coordinator] [ERROR] Writer 第105章彻底失败
[2026-05-18 15:10:06] [Coordinator] [ERROR] 未找到 writer.py，且框架内置 Writer 尚未实现
[2026-05-18 15:10:06] [Coordinator] [ERROR] Writer 第102章彻底失败
[2026-05-18 15:10:06] [Coordinator] [ERROR] 未找到 writer.py，且框架内置 Writer 尚未实现
[2026-05-18 15:10:06] [Coordinator] [ERROR] 未找到 writer.py，且框架内置 Writer 尚未实现
[2026-05-18 15:10:06] [Coordinator] [ERROR] Writer 第103章彻底失败
[2026-05-18 15:10:06] [Coordinator] [ERROR] 未找到 writer.py，且框架内置 Writer 尚未实现
[2026-05-18 15:10:06] [Coordinator] [ERROR] Writer 第104章彻底失败
[2026-05-18 15:10:06] [Coordinator] [ERROR] Writer 第106章彻底失败
[2026-05-18 15:10:06] [Coordinator] [ERROR] 未找到 writer.py，且框架内置 Writer 尚未实现
[2026-05-18 15:10:06] [Coordinator] [ERROR] Writer 第107章彻底失败
[2026-05-18 15:10:06] [Coordinator] [ERROR] 未找到 writer.py，且框架内置 Writer 尚未实现
[2026-05-18 15:10:06] [Coordinator] [ERROR] Writer 第109章彻底失败
[2026-05-18 15:10:06] [Coordinator] [ERROR] 未找到 writer.py，且框架内置 Writer 尚未实现
[2026-05-18 15:10:06] [Coordinator] [ERROR] 未找到 writer.py，且框架内置 Writer 尚未实现
[2026-05-18 15:10:06] [Coordinator] [ERROR] Writer 第110章彻底失败
[2026-05-18 15:10:06] [Coordinator] [ERROR] 未找到 writer.py，且框架内置 Writer 尚未实现
[2026-05-18 15:10:06] [Coordinator] [ERROR] Writer 第111章彻底失败
[2026-05-18 15:10:06] [Coordinator] [ERROR] Writer 第112章彻底失败
[2026-05-18 15:10:06] [Coordinator] [ERROR] 未找到 writer.py，且框架内置 Writer 尚未实现
[2026-05-18 15:10:06] [Coordinator] [ERROR] Writer 第108章彻底失败
[2026-05-18 15:10:06] [Coordinator] [ERROR] 未找到 writer.py，且框架内置 Writer 尚未实现
[2026-05-18 15:10:06] [Coordinator] [ERROR] Writer 第114章彻底失败
[2026-05-18 15:10:06] [Coordinator] [ERROR] 未找到 writer.py，且框架内置 Writer 尚未实现
[2026-05-18 15:10:06] [Coordinator] [ERROR] 未找到 writer.py，且框架内置 Writer 尚未实现
[2026-05-18 15:10:06] [Coordinator] [ERROR] Writer 第113章彻底失败
[2026-05-18 15:10:06] [Coordinator] [ERROR] 未找到 writer.py，且框架内置 Writer 尚未实现
[2026-05-18 15:10:06] [Coordinator] [ERROR] Writer 第117章彻底失败
[2026-05-18 15:10:06] [Coordinator] [ERROR] Writer 第115章彻底失败
[2026-05-18 15:10:06] [Coordinator] [ERROR] 未找到 writer.py，且框架内置 Writer 尚未实现
[2026-05-18 15:10:06] [Coordinator] [ERROR] Writer 第116章彻底失败
[2026-05-18 15:10:06] [Coordinator] [ERROR] 未找到 writer.py，且框架内置 Writer 尚未实现
[2026-05-18 15:10:06] [Coordinator] [ERROR] Writer 第118章彻底失败
[2026-05-18 15:10:06] [Coordinator] [ERROR] 未找到 writer.py，且框架内置 Writer 尚未实现
[2026-05-18 15:10:06] [Coordinator] [ERROR] Writer 第119章彻底失败
[2026-05-18 15:10:06] [Coordinator] [ERROR] 未找到 writer.py，且框架内置 Writer 尚未实现
[2026-05-18 15:10:06] [Coordinator] [ERROR] Writer 第120章彻底失败
[2026-05-18 15:10:08] [Coordinator] [INFO] Writer 批次完成: 成功 0 章, 失败 20 章
[2026-05-18 15:10:08] [Coordinator] [WARNING] Writer 失败: [101, 105, 102, 106, 103, 104, 107, 109, 112, 110, 111, 108, 114, 115, 113, 117, 116, 118, 119, 120]
[2026-05-18 15:10:08] [Coordinator] [INFO] 工作队列: 20 个任务, 5 workers [Reviewer]
[2026-05-18 15:10:08] [Coordinator] [ERROR] 未找到 reviewer.py，且框架内置 Reviewer 尚未实现
[2026-05-18 15:10:08] [Coordinator] [WARNING] Reviewer 第101章失败，重试(1/3)
[2026-05-18 15:10:08] [Coordinator] [ERROR] 未找到 reviewer.py，且框架内置 Reviewer 尚未实现
[2026-05-18 15:10:08] [Coordinator] [WARNING] Reviewer 第103章失败，重试(1/3)
[2026-05-18 15:10:08] [Coordinator] [ERROR] 未找到 reviewer.py，且框架内置 Reviewer 尚未实现
[2026-05-18 15:10:08] [Coordinator] [WARNING] Reviewer 第107章失败，重试(1/3)
[2026-05-18 15:10:08] [Coordinator] [ERROR] 未找到 reviewer.py，且框架内置 Reviewer 尚未实现
[2026-05-18 15:10:08] [Coordinator] [ERROR] 未找到 reviewer.py，且框架内置 Reviewer 尚未实现
[2026-05-18 15:10:08] [Coordinator] [ERROR] 未找到 reviewer.py，且框架内置 Reviewer 尚未实现
[2026-05-18 15:10:08] [Coordinator] [ERROR] 未找到 reviewer.py，且框架内置 Reviewer 尚未实现
[2026-05-18 15:10:08] [Coordinator] [WARNING] Reviewer 第105章失败，重试(1/3)
[2026-05-18 15:10:08] [Coordinator] [ERROR] 未找到 reviewer.py，且框架内置 Reviewer 尚未实现
[2026-05-18 15:10:08] [Coordinator] [WARNING] Reviewer 第109章失败，重试(1/3)
[2026-05-18 15:10:08] [Coordinator] [WARNING] Reviewer 第104章失败，重试(1/3)
[2026-05-18 15:10:08] [Coordinator] [ERROR] 未找到 reviewer.py，且框架内置 Reviewer 尚未实现
[2026-05-18 15:10:08] [Coordinator] [WARNING] Reviewer 第106章失败，重试(1/3)
[2026-05-18 15:10:08] [Coordinator] [WARNING] Reviewer 第102章失败，重试(1/3)
[2026-05-18 15:10:08] [Coordinator] [ERROR] 未找到 reviewer.py，且框架内置 Reviewer 尚未实现
[2026-05-18 15:10:08] [Coordinator] [WARNING] Reviewer 第110章失败，重试(1/3)
[2026-05-18 15:10:08] [Coordinator] [ERROR] 未找到 reviewer.py，且框架内置 Reviewer 尚未实现
[2026-05-18 15:10:08] [Coordinator] [WARNING] Reviewer 第114章失败，重试(1/3)
[2026-05-18 15:10:08] [Coordinator] [ERROR] 未找到 reviewer.py，且框架内置 Reviewer 尚未实现
[2026-05-18 15:10:08] [Coordinator] [ERROR] 未找到 reviewer.py，且框架内置 Reviewer 尚未实现
[2026-05-18 15:10:08] [Coordinator] [WARNING] Reviewer 第108章失败，重试(1/3)
[2026-05-18 15:10:08] [Coordinator] [ERROR] 未找到 reviewer.py，且框架内置 Reviewer 尚未实现
[2026-05-18 15:10:08] [Coordinator] [ERROR] 未找到 reviewer.py，且框架内置 Reviewer 尚未实现
[2026-05-18 15:10:08] [Coordinator] [WARNING] Reviewer 第113章失败，重试(1/3)
[2026-05-18 15:10:08] [Coordinator] [ERROR] 未找到 reviewer.py，且框架内置 Reviewer 尚未实现
[2026-05-18 15:10:08] [Coordinator] [WARNING] Reviewer 第117章失败，重试(1/3)
[2026-05-18 15:10:08] [Coordinator] [ERROR] 未找到 reviewer.py，且框架内置 Reviewer 尚未实现
[2026-05-18 15:10:08] [Coordinator] [WARNING] Reviewer 第115章失败，重试(1/3)
[2026-05-18 15:10:08] [Coordinator] [WARNING] Reviewer 第111章失败，重试(1/3)
[2026-05-18 15:10:08] [Coordinator] [ERROR] 未找到 reviewer.py，且框架内置 Reviewer 尚未实现
[2026-05-18 15:10:08] [Coordinator] [WARNING] Reviewer 第112章失败，重试(1/3)
[2026-05-18 15:10:08] [Coordinator] [ERROR] 未找到 reviewer.py，且框架内置 Reviewer 尚未实现
[2026-05-18 15:10:08] [Coordinator] [WARNING] Reviewer 第101章失败，重试(2/3)
[2026-05-18 15:10:08] [Coordinator] [ERROR] 未找到 reviewer.py，且框架内置 Reviewer 尚未实现
[2026-05-18 15:10:08] [Coordinator] [WARNING] Reviewer 第120章失败，重试(1/3)
[2026-05-18 15:10:08] [Coordinator] [WARNING] Reviewer 第118章失败，重试(1/3)
[2026-05-18 15:10:08] [Coordinator] [ERROR] 未找到 reviewer.py，且框架内置 Reviewer 尚未实现
[2026-05-18 15:10:08] [Coordinator] [WARNING] Reviewer 第119章失败，重试(1/3)
[2026-05-18 15:10:08] [Coordinator] [WARNING] Reviewer 第116章失败，重试(1/3)
[2026-05-18 15:10:08] [Coordinator] [ERROR] 未找到 reviewer.py，且框架内置 Reviewer 尚未实现
[2026-05-18 15:10:08] [Coordinator] [WARNING] Reviewer 第107章失败，重试(2/3)
[2026-05-18 15:10:08] [Coordinator] [ERROR] 未找到 reviewer.py，且框架内置 Reviewer 尚未实现
[2026-05-18 15:10:08] [Coordinator] [WARNING] Reviewer 第103章失败，重试(2/3)
[2026-05-18 15:10:08] [Coordinator] [ERROR] 未找到 reviewer.py，且框架内置 Reviewer 尚未实现
[2026-05-18 15:10:08] [Coordinator] [ERROR] 未找到 reviewer.py，且框架内置 Reviewer 尚未实现
[2026-05-18 15:10:08] [Coordinator] [WARNING] Reviewer 第105章失败，重试(2/3)
[2026-05-18 15:10:08] [Coordinator] [ERROR] 未找到 reviewer.py，且框架内置 Reviewer 尚未实现
[2026-05-18 15:10:08] [Coordinator] [WARNING] Reviewer 第109章失败，重试(2/3)
[2026-05-18 15:10:08] [Coordinator] [WARNING] Reviewer 第104章失败，重试(2/3)
[2026-05-18 15:10:08] [Coordinator] [ERROR] 未找到 reviewer.py，且框架内置 Reviewer 尚未实现
[2026-05-18 15:10:08] [Coordinator] [WARNING] Reviewer 第106章失败，重试(2/3)
[2026-05-18 15:10:08] [Coordinator] [ERROR] 未找到 reviewer.py，且框架内置 Reviewer 尚未实现
[2026-05-18 15:10:08] [Coordinator] [WARNING] Reviewer 第102章失败，重试(2/3)
[2026-05-18 15:10:08] [Coordinator] [ERROR] 未找到 reviewer.py，且框架内置 Reviewer 尚未实现
[2026-05-18 15:10:08] [Coordinator] [ERROR] 未找到 reviewer.py，且框架内置 Reviewer 尚未实现
[2026-05-18 15:10:08] [Coordinator] [WARNING] Reviewer 第110章失败，重试(2/3)
[2026-05-18 15:10:08] [Coordinator] [ERROR] 未找到 reviewer.py，且框架内置 Reviewer 尚未实现
[2026-05-18 15:10:08] [Coordinator] [WARNING] Reviewer 第114章失败，重试(2/3)
[2026-05-18 15:10:08] [Coordinator] [WARNING] Reviewer 第108章失败，重试(2/3)
[2026-05-18 15:10:08] [Coordinator] [ERROR] 未找到 reviewer.py，且框架内置 Reviewer 尚未实现
[2026-05-18 15:10:08] [Coordinator] [WARNING] Reviewer 第113章失败，重试(2/3)
[2026-05-18 15:10:08] [Coordinator] [ERROR] 未找到 reviewer.py，且框架内置 Reviewer 尚未实现
[2026-05-18 15:10:08] [Coordinator] [WARNING] Reviewer 第117章失败，重试(2/3)
[2026-05-18 15:10:08] [Coordinator] [ERROR] 未找到 reviewer.py，且框架内置 Reviewer 尚未实现
[2026-05-18 15:10:08] [Coordinator] [ERROR] 未找到 reviewer.py，且框架内置 Reviewer 尚未实现
[2026-05-18 15:10:08] [Coordinator] [WARNING] Reviewer 第115章失败，重试(2/3)
[2026-05-18 15:10:08] [Coordinator] [ERROR] 未找到 reviewer.py，且框架内置 Reviewer 尚未实现
[2026-05-18 15:10:08] [Coordinator] [WARNING] Reviewer 第111章失败，重试(2/3)
[2026-05-18 15:10:08] [Coordinator] [WARNING] Reviewer 第112章失败，重试(2/3)
[2026-05-18 15:10:08] [Coordinator] [ERROR] 未找到 reviewer.py，且框架内置 Reviewer 尚未实现
[2026-05-18 15:10:08] [Coordinator] [WARNING] Reviewer 第101章失败，重试(3/3)
[2026-05-18 15:10:08] [Coordinator] [ERROR] 未找到 reviewer.py，且框架内置 Reviewer 尚未实现
[2026-05-18 15:10:08] [Coordinator] [WARNING] Reviewer 第120章失败，重试(2/3)
[2026-05-18 15:10:08] [Coordinator] [ERROR] 未找到 reviewer.py，且框架内置 Reviewer 尚未实现
[2026-05-18 15:10:08] [Coordinator] [ERROR] 未找到 reviewer.py，且框架内置 Reviewer 尚未实现
[2026-05-18 15:10:08] [Coordinator] [WARNING] Reviewer 第118章失败，重试(2/3)
[2026-05-18 15:10:08] [Coordinator] [ERROR] 未找到 reviewer.py，且框架内置 Reviewer 尚未实现
[2026-05-18 15:10:08] [Coordinator] [WARNING] Reviewer 第119章失败，重试(2/3)
[2026-05-18 15:10:08] [Coordinator] [WARNING] Reviewer 第116章失败，重试(2/3)
[2026-05-18 15:10:08] [Coordinator] [ERROR] 未找到 reviewer.py，且框架内置 Reviewer 尚未实现
[2026-05-18 15:10:08] [Coordinator] [WARNING] Reviewer 第107章失败，重试(3/3)
[2026-05-18 15:10:08] [Coordinator] [ERROR] 未找到 reviewer.py，且框架内置 Reviewer 尚未实现
[2026-05-18 15:10:08] [Coordinator] [WARNING] Reviewer 第103章失败，重试(3/3)
[2026-05-18 15:10:08] [Coordinator] [ERROR] 未找到 reviewer.py，且框架内置 Reviewer 尚未实现
[2026-05-18 15:10:08] [Coordinator] [ERROR] 未找到 reviewer.py，且框架内置 Reviewer 尚未实现
[2026-05-18 15:10:08] [Coordinator] [WARNING] Reviewer 第105章失败，重试(3/3)
[2026-05-18 15:10:08] [Coordinator] [ERROR] 未找到 reviewer.py，且框架内置 Reviewer 尚未实现
[2026-05-18 15:10:08] [Coordinator] [WARNING] Reviewer 第109章失败，重试(3/3)
[2026-05-18 15:10:08] [Coordinator] [WARNING] Reviewer 第104章失败，重试(3/3)
[2026-05-18 15:10:08] [Coordinator] [ERROR] 未找到 reviewer.py，且框架内置 Reviewer 尚未实现
[2026-05-18 15:10:08] [Coordinator] [WARNING] Reviewer 第106章失败，重试(3/3)
[2026-05-18 15:10:08] [Coordinator] [ERROR] 未找到 reviewer.py，且框架内置 Reviewer 尚未实现
[2026-05-18 15:10:08] [Coordinator] [WARNING] Reviewer 第102章失败，重试(3/3)
[2026-05-18 15:10:08] [Coordinator] [ERROR] 未找到 reviewer.py，且框架内置 Reviewer 尚未实现
[2026-05-18 15:10:08] [Coordinator] [ERROR] 未找到 reviewer.py，且框架内置 Reviewer 尚未实现
[2026-05-18 15:10:08] [Coordinator] [WARNING] Reviewer 第110章失败，重试(3/3)
[2026-05-18 15:10:08] [Coordinator] [ERROR] 未找到 reviewer.py，且框架内置 Reviewer 尚未实现
[2026-05-18 15:10:08] [Coordinator] [WARNING] Reviewer 第114章失败，重试(3/3)
[2026-05-18 15:10:08] [Coordinator] [WARNING] Reviewer 第108章失败，重试(3/3)
[2026-05-18 15:10:08] [Coordinator] [ERROR] 未找到 reviewer.py，且框架内置 Reviewer 尚未实现
[2026-05-18 15:10:08] [Coordinator] [WARNING] Reviewer 第113章失败，重试(3/3)
[2026-05-18 15:10:08] [Coordinator] [ERROR] 未找到 reviewer.py，且框架内置 Reviewer 尚未实现
[2026-05-18 15:10:08] [Coordinator] [WARNING] Reviewer 第117章失败，重试(3/3)
[2026-05-18 15:10:08] [Coordinator] [ERROR] 未找到 reviewer.py，且框架内置 Reviewer 尚未实现
[2026-05-18 15:10:08] [Coordinator] [ERROR] 未找到 reviewer.py，且框架内置 Reviewer 尚未实现
[2026-05-18 15:10:08] [Coordinator] [WARNING] Reviewer 第115章失败，重试(3/3)
[2026-05-18 15:10:08] [Coordinator] [ERROR] 未找到 reviewer.py，且框架内置 Reviewer 尚未实现
[2026-05-18 15:10:08] [Coordinator] [WARNING] Reviewer 第111章失败，重试(3/3)
[2026-05-18 15:10:08] [Coordinator] [WARNING] Reviewer 第112章失败，重试(3/3)
[2026-05-18 15:10:08] [Coordinator] [ERROR] 未找到 reviewer.py，且框架内置 Reviewer 尚未实现
[2026-05-18 15:10:08] [Coordinator] [ERROR] Reviewer 第101章彻底失败
[2026-05-18 15:10:08] [Coordinator] [ERROR] 未找到 reviewer.py，且框架内置 Reviewer 尚未实现
[2026-05-18 15:10:08] [Coordinator] [WARNING] Reviewer 第120章失败，重试(3/3)
[2026-05-18 15:10:08] [Coordinator] [ERROR] 未找到 reviewer.py，且框架内置 Reviewer 尚未实现
[2026-05-18 15:10:08] [Coordinator] [ERROR] 未找到 reviewer.py，且框架内置 Reviewer 尚未实现
[2026-05-18 15:10:08] [Coordinator] [WARNING] Reviewer 第118章失败，重试(3/3)
[2026-05-18 15:10:08] [Coordinator] [ERROR] 未找到 reviewer.py，且框架内置 Reviewer 尚未实现
[2026-05-18 15:10:08] [Coordinator] [WARNING] Reviewer 第119章失败，重试(3/3)
[2026-05-18 15:10:08] [Coordinator] [WARNING] Reviewer 第116章失败，重试(3/3)
[2026-05-18 15:10:08] [Coordinator] [ERROR] 未找到 reviewer.py，且框架内置 Reviewer 尚未实现
[2026-05-18 15:10:08] [Coordinator] [ERROR] Reviewer 第107章彻底失败
[2026-05-18 15:10:08] [Coordinator] [ERROR] 未找到 reviewer.py，且框架内置 Reviewer 尚未实现
[2026-05-18 15:10:08] [Coordinator] [ERROR] Reviewer 第103章彻底失败
[2026-05-18 15:10:08] [Coordinator] [ERROR] 未找到 reviewer.py，且框架内置 Reviewer 尚未实现
[2026-05-18 15:10:08] [Coordinator] [ERROR] 未找到 reviewer.py，且框架内置 Reviewer 尚未实现
[2026-05-18 15:10:08] [Coordinator] [ERROR] Reviewer 第105章彻底失败
[2026-05-18 15:10:08] [Coordinator] [ERROR] 未找到 reviewer.py，且框架内置 Reviewer 尚未实现
[2026-05-18 15:10:08] [Coordinator] [ERROR] Reviewer 第109章彻底失败
[2026-05-18 15:10:08] [Coordinator] [ERROR] Reviewer 第104章彻底失败
[2026-05-18 15:10:08] [Coordinator] [ERROR] 未找到 reviewer.py，且框架内置 Reviewer 尚未实现
[2026-05-18 15:10:08] [Coordinator] [ERROR] Reviewer 第106章彻底失败
[2026-05-18 15:10:08] [Coordinator] [ERROR] 未找到 reviewer.py，且框架内置 Reviewer 尚未实现
[2026-05-18 15:10:08] [Coordinator] [ERROR] Reviewer 第102章彻底失败
[2026-05-18 15:10:08] [Coordinator] [ERROR] 未找到 reviewer.py，且框架内置 Reviewer 尚未实现
[2026-05-18 15:10:08] [Coordinator] [ERROR] 未找到 reviewer.py，且框架内置 Reviewer 尚未实现
[2026-05-18 15:10:08] [Coordinator] [ERROR] Reviewer 第110章彻底失败
[2026-05-18 15:10:08] [Coordinator] [ERROR] 未找到 reviewer.py，且框架内置 Reviewer 尚未实现
[2026-05-18 15:10:08] [Coordinator] [ERROR] Reviewer 第114章彻底失败
[2026-05-18 15:10:08] [Coordinator] [ERROR] Reviewer 第108章彻底失败
[2026-05-18 15:10:08] [Coordinator] [ERROR] 未找到 reviewer.py，且框架内置 Reviewer 尚未实现
[2026-05-18 15:10:08] [Coordinator] [ERROR] Reviewer 第113章彻底失败
[2026-05-18 15:10:08] [Coordinator] [ERROR] 未找到 reviewer.py，且框架内置 Reviewer 尚未实现
[2026-05-18 15:10:08] [Coordinator] [ERROR] Reviewer 第117章彻底失败
[2026-05-18 15:10:08] [Coordinator] [ERROR] 未找到 reviewer.py，且框架内置 Reviewer 尚未实现
[2026-05-18 15:10:08] [Coordinator] [ERROR] 未找到 reviewer.py，且框架内置 Reviewer 尚未实现
[2026-05-18 15:10:08] [Coordinator] [ERROR] Reviewer 第115章彻底失败
[2026-05-18 15:10:08] [Coordinator] [ERROR] 未找到 reviewer.py，且框架内置 Reviewer 尚未实现
[2026-05-18 15:10:08] [Coordinator] [ERROR] Reviewer 第111章彻底失败
[2026-05-18 15:10:08] [Coordinator] [ERROR] Reviewer 第112章彻底失败
[2026-05-18 15:10:08] [Coordinator] [ERROR] 未找到 reviewer.py，且框架内置 Reviewer 尚未实现
[2026-05-18 15:10:08] [Coordinator] [ERROR] Reviewer 第120章彻底失败
[2026-05-18 15:10:08] [Coordinator] [ERROR] 未找到 reviewer.py，且框架内置 Reviewer 尚未实现
[2026-05-18 15:10:08] [Coordinator] [ERROR] Reviewer 第118章彻底失败
[2026-05-18 15:10:08] [Coordinator] [ERROR] 未找到 reviewer.py，且框架内置 Reviewer 尚未实现
[2026-05-18 15:10:08] [Coordinator] [ERROR] Reviewer 第119章彻底失败
[2026-05-18 15:10:08] [Coordinator] [ERROR] 未找到 reviewer.py，且框架内置 Reviewer 尚未实现
[2026-05-18 15:10:08] [Coordinator] [ERROR] Reviewer 第116章彻底失败
[2026-05-18 15:10:10] [Coordinator] [INFO] Reviewer 批次完成: 成功 0 章, 失败 20 章
[2026-05-18 15:10:10] [Coordinator] [WARNING] Reviewer 失败: [101, 107, 103, 104, 105, 109, 106, 102, 108, 110, 114, 113, 117, 112, 115, 111, 120, 118, 119, 116]
[2026-05-18 15:10:10] [Coordinator] [INFO] 检测到 20 章草稿缺失，开始补全...
[2026-05-18 15:10:10] [Coordinator] [INFO] 工作队列: 20 个任务, 3 workers [FillDraft]
[2026-05-18 15:10:10] [Coordinator] [ERROR] 未找到 writer.py，且框架内置 Writer 尚未实现
[2026-05-18 15:10:10] [Coordinator] [WARNING] FillDraft 第101章失败，重试(1/3)
[2026-05-18 15:10:10] [Coordinator] [ERROR] 未找到 writer.py，且框架内置 Writer 尚未实现
[2026-05-18 15:10:10] [Coordinator] [WARNING] FillDraft 第103章失败，重试(1/3)
[2026-05-18 15:10:10] [Coordinator] [ERROR] 未找到 writer.py，且框架内置 Writer 尚未实现
[2026-05-18 15:10:10] [Coordinator] [WARNING] FillDraft 第104章失败，重试(1/3)
[2026-05-18 15:10:10] [Coordinator] [ERROR] 未找到 writer.py，且框架内置 Writer 尚未实现
[2026-05-18 15:10:10] [Coordinator] [ERROR] 未找到 writer.py，且框架内置 Writer 尚未实现
[2026-05-18 15:10:10] [Coordinator] [WARNING] FillDraft 第102章失败，重试(1/3)
[2026-05-18 15:10:10] [Coordinator] [WARNING] FillDraft 第105章失败，重试(1/3)
[2026-05-18 15:10:10] [Coordinator] [ERROR] 未找到 writer.py，且框架内置 Writer 尚未实现
[2026-05-18 15:10:10] [Coordinator] [WARNING] FillDraft 第106章失败，重试(1/3)
[2026-05-18 15:10:10] [Coordinator] [ERROR] 未找到 writer.py，且框架内置 Writer 尚未实现
[2026-05-18 15:10:10] [Coordinator] [WARNING] FillDraft 第108章失败，重试(1/3)
[2026-05-18 15:10:10] [Coordinator] [ERROR] 未找到 writer.py，且框架内置 Writer 尚未实现
[2026-05-18 15:10:10] [Coordinator] [WARNING] FillDraft 第109章失败，重试(1/3)
[2026-05-18 15:10:10] [Coordinator] [ERROR] 未找到 writer.py，且框架内置 Writer 尚未实现
[2026-05-18 15:10:10] [Coordinator] [ERROR] 未找到 writer.py，且框架内置 Writer 尚未实现
[2026-05-18 15:10:10] [Coordinator] [WARNING] FillDraft 第107章失败，重试(1/3)
[2026-05-18 15:10:10] [Coordinator] [WARNING] FillDraft 第110章失败，重试(1/3)
[2026-05-18 15:10:10] [Coordinator] [ERROR] 未找到 writer.py，且框架内置 Writer 尚未实现
[2026-05-18 15:10:10] [Coordinator] [WARNING] FillDraft 第111章失败，重试(1/3)
[2026-05-18 15:10:10] [Coordinator] [ERROR] 未找到 writer.py，且框架内置 Writer 尚未实现
[2026-05-18 15:10:10] [Coordinator] [WARNING] FillDraft 第113章失败，重试(1/3)
[2026-05-18 15:10:10] [Coordinator] [ERROR] 未找到 writer.py，且框架内置 Writer 尚未实现
[2026-05-18 15:10:10] [Coordinator] [WARNING] FillDraft 第114章失败，重试(1/3)
[2026-05-18 15:10:10] [Coordinator] [ERROR] 未找到 writer.py，且框架内置 Writer 尚未实现
[2026-05-18 15:10:10] [Coordinator] [ERROR] 未找到 writer.py，且框架内置 Writer 尚未实现
[2026-05-18 15:10:10] [Coordinator] [WARNING] FillDraft 第112章失败，重试(1/3)
[2026-05-18 15:10:10] [Coordinator] [WARNING] FillDraft 第115章失败，重试(1/3)
[2026-05-18 15:10:10] [Coordinator] [ERROR] 未找到 writer.py，且框架内置 Writer 尚未实现
[2026-05-18 15:10:10] [Coordinator] [WARNING] FillDraft 第116章失败，重试(1/3)
[2026-05-18 15:10:10] [Coordinator] [ERROR] 未找到 writer.py，且框架内置 Writer 尚未实现
[2026-05-18 15:10:10] [Coordinator] [WARNING] FillDraft 第118章失败，重试(1/3)
[2026-05-18 15:10:10] [Coordinator] [ERROR] 未找到 writer.py，且框架内置 Writer 尚未实现
[2026-05-18 15:10:10] [Coordinator] [WARNING] FillDraft 第119章失败，重试(1/3)
[2026-05-18 15:10:10] [Coordinator] [ERROR] 未找到 writer.py，且框架内置 Writer 尚未实现
[2026-05-18 15:10:10] [Coordinator] [ERROR] 未找到 writer.py，且框架内置 Writer 尚未实现
[2026-05-18 15:10:10] [Coordinator] [WARNING] FillDraft 第117章失败，重试(1/3)
[2026-05-18 15:10:10] [Coordinator] [WARNING] FillDraft 第120章失败，重试(1/3)
[2026-05-18 15:10:10] [Coordinator] [ERROR] 未找到 writer.py，且框架内置 Writer 尚未实现
[2026-05-18 15:10:10] [Coordinator] [WARNING] FillDraft 第101章失败，重试(2/3)
[2026-05-18 15:10:10] [Coordinator] [ERROR] 未找到 writer.py，且框架内置 Writer 尚未实现
[2026-05-18 15:10:10] [Coordinator] [WARNING] FillDraft 第104章失败，重试(2/3)
[2026-05-18 15:10:10] [Coordinator] [ERROR] 未找到 writer.py，且框架内置 Writer 尚未实现
[2026-05-18 15:10:10] [Coordinator] [WARNING] FillDraft 第102章失败，重试(2/3)
[2026-05-18 15:10:10] [Coordinator] [ERROR] 未找到 writer.py，且框架内置 Writer 尚未实现
[2026-05-18 15:10:10] [Coordinator] [ERROR] 未找到 writer.py，且框架内置 Writer 尚未实现
[2026-05-18 15:10:10] [Coordinator] [WARNING] FillDraft 第103章失败，重试(2/3)
[2026-05-18 15:10:10] [Coordinator] [WARNING] FillDraft 第105章失败，重试(2/3)
[2026-05-18 15:10:10] [Coordinator] [ERROR] 未找到 writer.py，且框架内置 Writer 尚未实现
[2026-05-18 15:10:10] [Coordinator] [WARNING] FillDraft 第106章失败，重试(2/3)
[2026-05-18 15:10:10] [Coordinator] [ERROR] 未找到 writer.py，且框架内置 Writer 尚未实现
[2026-05-18 15:10:10] [Coordinator] [WARNING] FillDraft 第109章失败，重试(2/3)
[2026-05-18 15:10:10] [Coordinator] [ERROR] 未找到 writer.py，且框架内置 Writer 尚未实现
[2026-05-18 15:10:10] [Coordinator] [ERROR] 未找到 writer.py，且框架内置 Writer 尚未实现
[2026-05-18 15:10:10] [Coordinator] [WARNING] FillDraft 第108章失败，重试(2/3)
[2026-05-18 15:10:10] [Coordinator] [ERROR] 未找到 writer.py，且框架内置 Writer 尚未实现
[2026-05-18 15:10:10] [Coordinator] [WARNING] FillDraft 第111章失败，重试(2/3)
[2026-05-18 15:10:10] [Coordinator] [WARNING] FillDraft 第107章失败，重试(2/3)
[2026-05-18 15:10:10] [Coordinator] [ERROR] 未找到 writer.py，且框架内置 Writer 尚未实现
[2026-05-18 15:10:10] [Coordinator] [WARNING] FillDraft 第110章失败，重试(2/3)
[2026-05-18 15:10:10] [Coordinator] [ERROR] 未找到 writer.py，且框架内置 Writer 尚未实现
[2026-05-18 15:10:10] [Coordinator] [WARNING] FillDraft 第114章失败，重试(2/3)
[2026-05-18 15:10:10] [Coordinator] [ERROR] 未找到 writer.py，且框架内置 Writer 尚未实现
[2026-05-18 15:10:10] [Coordinator] [ERROR] 未找到 writer.py，且框架内置 Writer 尚未实现
[2026-05-18 15:10:10] [Coordinator] [WARNING] FillDraft 第113章失败，重试(2/3)
[2026-05-18 15:10:10] [Coordinator] [WARNING] FillDraft 第112章失败，重试(2/3)
[2026-05-18 15:10:10] [Coordinator] [ERROR] 未找到 writer.py，且框架内置 Writer 尚未实现
[2026-05-18 15:10:10] [Coordinator] [WARNING] FillDraft 第115章失败，重试(2/3)
[2026-05-18 15:10:10] [Coordinator] [ERROR] 未找到 writer.py，且框架内置 Writer 尚未实现
[2026-05-18 15:10:10] [Coordinator] [WARNING] FillDraft 第118章失败，重试(2/3)
[2026-05-18 15:10:10] [Coordinator] [ERROR] 未找到 writer.py，且框架内置 Writer 尚未实现
[2026-05-18 15:10:10] [Coordinator] [WARNING] FillDraft 第117章失败，重试(2/3)
[2026-05-18 15:10:10] [Coordinator] [ERROR] 未找到 writer.py，且框架内置 Writer 尚未实现
[2026-05-18 15:10:10] [Coordinator] [ERROR] 未找到 writer.py，且框架内置 Writer 尚未实现
[2026-05-18 15:10:10] [Coordinator] [WARNING] FillDraft 第119章失败，重试(2/3)
[2026-05-18 15:10:10] [Coordinator] [WARNING] FillDraft 第116章失败，重试(2/3)
[2026-05-18 15:10:10] [Coordinator] [ERROR] 未找到 writer.py，且框架内置 Writer 尚未实现
[2026-05-18 15:10:10] [Coordinator] [WARNING] FillDraft 第120章失败，重试(2/3)
[2026-05-18 15:10:10] [Coordinator] [ERROR] 未找到 writer.py，且框架内置 Writer 尚未实现
[2026-05-18 15:10:10] [Coordinator] [WARNING] FillDraft 第104章失败，重试(3/3)
[2026-05-18 15:10:10] [Coordinator] [ERROR] 未找到 writer.py，且框架内置 Writer 尚未实现
[2026-05-18 15:10:10] [Coordinator] [WARNING] FillDraft 第102章失败，重试(3/3)
[2026-05-18 15:10:10] [Coordinator] [ERROR] 未找到 writer.py，且框架内置 Writer 尚未实现
[2026-05-18 15:10:10] [Coordinator] [ERROR] 未找到 writer.py，且框架内置 Writer 尚未实现
[2026-05-18 15:10:10] [Coordinator] [WARNING] FillDraft 第101章失败，重试(3/3)
[2026-05-18 15:10:10] [Coordinator] [WARNING] FillDraft 第103章失败，重试(3/3)
[2026-05-18 15:10:10] [Coordinator] [ERROR] 未找到 writer.py，且框架内置 Writer 尚未实现
[2026-05-18 15:10:10] [Coordinator] [WARNING] FillDraft 第105章失败，重试(3/3)
[2026-05-18 15:10:10] [Coordinator] [ERROR] 未找到 writer.py，且框架内置 Writer 尚未实现
[2026-05-18 15:10:10] [Coordinator] [WARNING] FillDraft 第109章失败，重试(3/3)
[2026-05-18 15:10:10] [Coordinator] [ERROR] 未找到 writer.py，且框架内置 Writer 尚未实现
[2026-05-18 15:10:10] [Coordinator] [WARNING] FillDraft 第108章失败，重试(3/3)
[2026-05-18 15:10:10] [Coordinator] [ERROR] 未找到 writer.py，且框架内置 Writer 尚未实现
[2026-05-18 15:10:10] [Coordinator] [ERROR] 未找到 writer.py，且框架内置 Writer 尚未实现
[2026-05-18 15:10:10] [Coordinator] [WARNING] FillDraft 第106章失败，重试(3/3)
[2026-05-18 15:10:10] [Coordinator] [WARNING] FillDraft 第111章失败，重试(3/3)
[2026-05-18 15:10:10] [Coordinator] [ERROR] 未找到 writer.py，且框架内置 Writer 尚未实现
[2026-05-18 15:10:10] [Coordinator] [WARNING] FillDraft 第107章失败，重试(3/3)
[2026-05-18 15:10:10] [Coordinator] [ERROR] 未找到 writer.py，且框架内置 Writer 尚未实现
[2026-05-18 15:10:10] [Coordinator] [WARNING] FillDraft 第114章失败，重试(3/3)
[2026-05-18 15:10:10] [Coordinator] [ERROR] 未找到 writer.py，且框架内置 Writer 尚未实现
[2026-05-18 15:10:10] [Coordinator] [WARNING] FillDraft 第113章失败，重试(3/3)
[2026-05-18 15:10:10] [Coordinator] [ERROR] 未找到 writer.py，且框架内置 Writer 尚未实现
[2026-05-18 15:10:10] [Coordinator] [ERROR] 未找到 writer.py，且框架内置 Writer 尚未实现
[2026-05-18 15:10:10] [Coordinator] [WARNING] FillDraft 第110章失败，重试(3/3)
[2026-05-18 15:10:10] [Coordinator] [WARNING] FillDraft 第112章失败，重试(3/3)
[2026-05-18 15:10:10] [Coordinator] [ERROR] 未找到 writer.py，且框架内置 Writer 尚未实现
[2026-05-18 15:10:10] [Coordinator] [WARNING] FillDraft 第115章失败，重试(3/3)
[2026-05-18 15:10:10] [Coordinator] [ERROR] 未找到 writer.py，且框架内置 Writer 尚未实现
[2026-05-18 15:10:10] [Coordinator] [WARNING] FillDraft 第117章失败，重试(3/3)
[2026-05-18 15:10:10] [Coordinator] [ERROR] 未找到 writer.py，且框架内置 Writer 尚未实现
[2026-05-18 15:10:10] [Coordinator] [WARNING] FillDraft 第119章失败，重试(3/3)
[2026-05-18 15:10:10] [Coordinator] [ERROR] 未找到 writer.py，且框架内置 Writer 尚未实现
[2026-05-18 15:10:10] [Coordinator] [ERROR] 未找到 writer.py，且框架内置 Writer 尚未实现
[2026-05-18 15:10:10] [Coordinator] [WARNING] FillDraft 第118章失败，重试(3/3)
[2026-05-18 15:10:10] [Coordinator] [WARNING] FillDraft 第120章失败，重试(3/3)
[2026-05-18 15:10:10] [Coordinator] [ERROR] 未找到 writer.py，且框架内置 Writer 尚未实现
[2026-05-18 15:10:10] [Coordinator] [WARNING] FillDraft 第116章失败，重试(3/3)
[2026-05-18 15:10:10] [Coordinator] [ERROR] 未找到 writer.py，且框架内置 Writer 尚未实现
[2026-05-18 15:10:10] [Coordinator] [ERROR] FillDraft 第102章彻底失败
[2026-05-18 15:10:10] [Coordinator] [ERROR] 未找到 writer.py，且框架内置 Writer 尚未实现
[2026-05-18 15:10:10] [Coordinator] [ERROR] FillDraft 第101章彻底失败
[2026-05-18 15:10:10] [Coordinator] [ERROR] 未找到 writer.py，且框架内置 Writer 尚未实现
[2026-05-18 15:10:10] [Coordinator] [ERROR] 未找到 writer.py，且框架内置 Writer 尚未实现
[2026-05-18 15:10:10] [Coordinator] [ERROR] FillDraft 第104章彻底失败
[2026-05-18 15:10:10] [Coordinator] [ERROR] FillDraft 第103章彻底失败
[2026-05-18 15:10:10] [Coordinator] [ERROR] 未找到 writer.py，且框架内置 Writer 尚未实现
[2026-05-18 15:10:10] [Coordinator] [ERROR] FillDraft 第105章彻底失败
[2026-05-18 15:10:10] [Coordinator] [ERROR] 未找到 writer.py，且框架内置 Writer 尚未实现
[2026-05-18 15:10:10] [Coordinator] [ERROR] FillDraft 第108章彻底失败
[2026-05-18 15:10:10] [Coordinator] [ERROR] 未找到 writer.py，且框架内置 Writer 尚未实现
[2026-05-18 15:10:10] [Coordinator] [ERROR] 未找到 writer.py，且框架内置 Writer 尚未实现
[2026-05-18 15:10:10] [Coordinator] [ERROR] FillDraft 第109章彻底失败
[2026-05-18 15:10:10] [Coordinator] [ERROR] FillDraft 第106章彻底失败
[2026-05-18 15:10:10] [Coordinator] [ERROR] 未找到 writer.py，且框架内置 Writer 尚未实现
[2026-05-18 15:10:10] [Coordinator] [ERROR] FillDraft 第111章彻底失败
[2026-05-18 15:10:10] [Coordinator] [ERROR] 未找到 writer.py，且框架内置 Writer 尚未实现
[2026-05-18 15:10:10] [Coordinator] [ERROR] FillDraft 第114章彻底失败
[2026-05-18 15:10:10] [Coordinator] [ERROR] 未找到 writer.py，且框架内置 Writer 尚未实现
[2026-05-18 15:10:10] [Coordinator] [ERROR] FillDraft 第110章彻底失败
[2026-05-18 15:10:10] [Coordinator] [ERROR] 未找到 writer.py，且框架内置 Writer 尚未实现
[2026-05-18 15:10:10] [Coordinator] [ERROR] 未找到 writer.py，且框架内置 Writer 尚未实现
[2026-05-18 15:10:10] [Coordinator] [ERROR] FillDraft 第107章彻底失败
[2026-05-18 15:10:10] [Coordinator] [ERROR] FillDraft 第113章彻底失败
[2026-05-18 15:10:10] [Coordinator] [ERROR] 未找到 writer.py，且框架内置 Writer 尚未实现
[2026-05-18 15:10:10] [Coordinator] [ERROR] FillDraft 第112章彻底失败
[2026-05-18 15:10:10] [Coordinator] [ERROR] 未找到 writer.py，且框架内置 Writer 尚未实现
[2026-05-18 15:10:10] [Coordinator] [ERROR] FillDraft 第117章彻底失败
[2026-05-18 15:10:10] [Coordinator] [ERROR] 未找到 writer.py，且框架内置 Writer 尚未实现
[2026-05-18 15:10:10] [Coordinator] [ERROR] FillDraft 第119章彻底失败
[2026-05-18 15:10:10] [Coordinator] [ERROR] 未找到 writer.py，且框架内置 Writer 尚未实现
[2026-05-18 15:10:10] [Coordinator] [ERROR] 未找到 writer.py，且框架内置 Writer 尚未实现
[2026-05-18 15:10:10] [Coordinator] [ERROR] FillDraft 第115章彻底失败
[2026-05-18 15:10:10] [Coordinator] [ERROR] FillDraft 第118章彻底失败
[2026-05-18 15:10:10] [Coordinator] [ERROR] 未找到 writer.py，且框架内置 Writer 尚未实现
[2026-05-18 15:10:10] [Coordinator] [ERROR] FillDraft 第120章彻底失败
[2026-05-18 15:10:10] [Coordinator] [ERROR] 未找到 writer.py，且框架内置 Writer 尚未实现
[2026-05-18 15:10:10] [Coordinator] [ERROR] FillDraft 第116章彻底失败
[2026-05-18 15:10:12] [Coordinator] [INFO] FillDraft 批次完成: 成功 0 章, 失败 20 章
[2026-05-18 15:10:12] [Coordinator] [INFO] 检测到 20 章审查缺失，开始补全...
[2026-05-18 15:10:12] [Coordinator] [INFO] 工作队列: 20 个任务, 3 workers [FillReview]
[2026-05-18 15:10:12] [Coordinator] [ERROR] 未找到 reviewer.py，且框架内置 Reviewer 尚未实现
[2026-05-18 15:10:12] [Coordinator] [WARNING] FillReview 第101章失败，重试(1/3)
[2026-05-18 15:10:12] [Coordinator] [ERROR] 未找到 reviewer.py，且框架内置 Reviewer 尚未实现
[2026-05-18 15:10:12] [Coordinator] [WARNING] FillReview 第103章失败，重试(1/3)
[2026-05-18 15:10:12] [Coordinator] [ERROR] 未找到 reviewer.py，且框架内置 Reviewer 尚未实现
[2026-05-18 15:10:12] [Coordinator] [ERROR] 未找到 reviewer.py，且框架内置 Reviewer 尚未实现
[2026-05-18 15:10:12] [Coordinator] [WARNING] FillReview 第102章失败，重试(1/3)
[2026-05-18 15:10:12] [Coordinator] [WARNING] FillReview 第104章失败，重试(1/3)
[2026-05-18 15:10:12] [Coordinator] [ERROR] 未找到 reviewer.py，且框架内置 Reviewer 尚未实现
[2026-05-18 15:10:12] [Coordinator] [WARNING] FillReview 第105章失败，重试(1/3)
[2026-05-18 15:10:12] [Coordinator] [ERROR] 未找到 reviewer.py，且框架内置 Reviewer 尚未实现
[2026-05-18 15:10:12] [Coordinator] [WARNING] FillReview 第107章失败，重试(1/3)
[2026-05-18 15:10:12] [Coordinator] [ERROR] 未找到 reviewer.py，且框架内置 Reviewer 尚未实现
[2026-05-18 15:10:12] [Coordinator] [WARNING] FillReview 第108章失败，重试(1/3)
[2026-05-18 15:10:12] [Coordinator] [ERROR] 未找到 reviewer.py，且框架内置 Reviewer 尚未实现
[2026-05-18 15:10:12] [Coordinator] [ERROR] 未找到 reviewer.py，且框架内置 Reviewer 尚未实现
[2026-05-18 15:10:12] [Coordinator] [WARNING] FillReview 第106章失败，重试(1/3)
[2026-05-18 15:10:12] [Coordinator] [WARNING] FillReview 第109章失败，重试(1/3)
[2026-05-18 15:10:12] [Coordinator] [ERROR] 未找到 reviewer.py，且框架内置 Reviewer 尚未实现
[2026-05-18 15:10:12] [Coordinator] [WARNING] FillReview 第110章失败，重试(1/3)
[2026-05-18 15:10:12] [Coordinator] [ERROR] 未找到 reviewer.py，且框架内置 Reviewer 尚未实现
[2026-05-18 15:10:12] [Coordinator] [WARNING] FillReview 第112章失败，重试(1/3)
[2026-05-18 15:10:12] [Coordinator] [ERROR] 未找到 reviewer.py，且框架内置 Reviewer 尚未实现
[2026-05-18 15:10:12] [Coordinator] [WARNING] FillReview 第113章失败，重试(1/3)
[2026-05-18 15:10:12] [Coordinator] [ERROR] 未找到 reviewer.py，且框架内置 Reviewer 尚未实现
[2026-05-18 15:10:12] [Coordinator] [ERROR] 未找到 reviewer.py，且框架内置 Reviewer 尚未实现
[2026-05-18 15:10:12] [Coordinator] [WARNING] FillReview 第111章失败，重试(1/3)
[2026-05-18 15:10:12] [Coordinator] [WARNING] FillReview 第114章失败，重试(1/3)
[2026-05-18 15:10:12] [Coordinator] [ERROR] 未找到 reviewer.py，且框架内置 Reviewer 尚未实现
[2026-05-18 15:10:12] [Coordinator] [WARNING] FillReview 第115章失败，重试(1/3)
[2026-05-18 15:10:12] [Coordinator] [ERROR] 未找到 reviewer.py，且框架内置 Reviewer 尚未实现
[2026-05-18 15:10:12] [Coordinator] [WARNING] FillReview 第117章失败，重试(1/3)
[2026-05-18 15:10:12] [Coordinator] [ERROR] 未找到 reviewer.py，且框架内置 Reviewer 尚未实现
[2026-05-18 15:10:12] [Coordinator] [WARNING] FillReview 第118章失败，重试(1/3)
[2026-05-18 15:10:12] [Coordinator] [ERROR] 未找到 reviewer.py，且框架内置 Reviewer 尚未实现
[2026-05-18 15:10:12] [Coordinator] [ERROR] 未找到 reviewer.py，且框架内置 Reviewer 尚未实现
[2026-05-18 15:10:12] [Coordinator] [WARNING] FillReview 第116章失败，重试(1/3)
[2026-05-18 15:10:12] [Coordinator] [WARNING] FillReview 第119章失败，重试(1/3)
[2026-05-18 15:10:12] [Coordinator] [ERROR] 未找到 reviewer.py，且框架内置 Reviewer 尚未实现
[2026-05-18 15:10:12] [Coordinator] [WARNING] FillReview 第120章失败，重试(1/3)
[2026-05-18 15:10:12] [Coordinator] [ERROR] 未找到 reviewer.py，且框架内置 Reviewer 尚未实现
[2026-05-18 15:10:12] [Coordinator] [WARNING] FillReview 第103章失败，重试(2/3)
[2026-05-18 15:10:12] [Coordinator] [ERROR] 未找到 reviewer.py，且框架内置 Reviewer 尚未实现
[2026-05-18 15:10:12] [Coordinator] [WARNING] FillReview 第102章失败，重试(2/3)
[2026-05-18 15:10:12] [Coordinator] [ERROR] 未找到 reviewer.py，且框架内置 Reviewer 尚未实现
[2026-05-18 15:10:12] [Coordinator] [ERROR] 未找到 reviewer.py，且框架内置 Reviewer 尚未实现
[2026-05-18 15:10:12] [Coordinator] [WARNING] FillReview 第101章失败，重试(2/3)
[2026-05-18 15:10:12] [Coordinator] [WARNING] FillReview 第104章失败，重试(2/3)
[2026-05-18 15:10:12] [Coordinator] [ERROR] 未找到 reviewer.py，且框架内置 Reviewer 尚未实现
[2026-05-18 15:10:12] [Coordinator] [WARNING] FillReview 第105章失败，重试(2/3)
[2026-05-18 15:10:12] [Coordinator] [ERROR] 未找到 reviewer.py，且框架内置 Reviewer 尚未实现
[2026-05-18 15:10:12] [Coordinator] [WARNING] FillReview 第108章失败，重试(2/3)
[2026-05-18 15:10:12] [Coordinator] [ERROR] 未找到 reviewer.py，且框架内置 Reviewer 尚未实现
[2026-05-18 15:10:12] [Coordinator] [WARNING] FillReview 第106章失败，重试(2/3)
[2026-05-18 15:10:12] [Coordinator] [ERROR] 未找到 reviewer.py，且框架内置 Reviewer 尚未实现
[2026-05-18 15:10:12] [Coordinator] [ERROR] 未找到 reviewer.py，且框架内置 Reviewer 尚未实现
[2026-05-18 15:10:12] [Coordinator] [WARNING] FillReview 第107章失败，重试(2/3)
[2026-05-18 15:10:12] [Coordinator] [WARNING] FillReview 第109章失败，重试(2/3)
[2026-05-18 15:10:12] [Coordinator] [ERROR] 未找到 reviewer.py，且框架内置 Reviewer 尚未实现
[2026-05-18 15:10:12] [Coordinator] [WARNING] FillReview 第110章失败，重试(2/3)
[2026-05-18 15:10:12] [Coordinator] [ERROR] 未找到 reviewer.py，且框架内置 Reviewer 尚未实现
[2026-05-18 15:10:12] [Coordinator] [WARNING] FillReview 第113章失败，重试(2/3)
[2026-05-18 15:10:12] [Coordinator] [ERROR] 未找到 reviewer.py，且框架内置 Reviewer 尚未实现
[2026-05-18 15:10:12] [Coordinator] [WARNING] FillReview 第111章失败，重试(2/3)
[2026-05-18 15:10:12] [Coordinator] [ERROR] 未找到 reviewer.py，且框架内置 Reviewer 尚未实现
[2026-05-18 15:10:12] [Coordinator] [ERROR] 未找到 reviewer.py，且框架内置 Reviewer 尚未实现
[2026-05-18 15:10:12] [Coordinator] [WARNING] FillReview 第112章失败，重试(2/3)
[2026-05-18 15:10:12] [Coordinator] [WARNING] FillReview 第114章失败，重试(2/3)
[2026-05-18 15:10:12] [Coordinator] [ERROR] 未找到 reviewer.py，且框架内置 Reviewer 尚未实现
[2026-05-18 15:10:12] [Coordinator] [WARNING] FillReview 第115章失败，重试(2/3)
[2026-05-18 15:10:12] [Coordinator] [ERROR] 未找到 reviewer.py，且框架内置 Reviewer 尚未实现
[2026-05-18 15:10:12] [Coordinator] [WARNING] FillReview 第118章失败，重试(2/3)
[2026-05-18 15:10:12] [Coordinator] [ERROR] 未找到 reviewer.py，且框架内置 Reviewer 尚未实现
[2026-05-18 15:10:12] [Coordinator] [WARNING] FillReview 第119章失败，重试(2/3)
[2026-05-18 15:10:12] [Coordinator] [ERROR] 未找到 reviewer.py，且框架内置 Reviewer 尚未实现
[2026-05-18 15:10:12] [Coordinator] [ERROR] 未找到 reviewer.py，且框架内置 Reviewer 尚未实现
[2026-05-18 15:10:12] [Coordinator] [WARNING] FillReview 第117章失败，重试(2/3)
[2026-05-18 15:10:12] [Coordinator] [WARNING] FillReview 第120章失败，重试(2/3)
[2026-05-18 15:10:12] [Coordinator] [ERROR] 未找到 reviewer.py，且框架内置 Reviewer 尚未实现
[2026-05-18 15:10:12] [Coordinator] [WARNING] FillReview 第116章失败，重试(2/3)
[2026-05-18 15:10:12] [Coordinator] [ERROR] 未找到 reviewer.py，且框架内置 Reviewer 尚未实现
[2026-05-18 15:10:12] [Coordinator] [WARNING] FillReview 第102章失败，重试(3/3)
[2026-05-18 15:10:12] [Coordinator] [ERROR] 未找到 reviewer.py，且框架内置 Reviewer 尚未实现
[2026-05-18 15:10:12] [Coordinator] [WARNING] FillReview 第104章失败，重试(3/3)
[2026-05-18 15:10:12] [Coordinator] [ERROR] 未找到 reviewer.py，且框架内置 Reviewer 尚未实现
[2026-05-18 15:10:12] [Coordinator] [ERROR] 未找到 reviewer.py，且框架内置 Reviewer 尚未实现
[2026-05-18 15:10:12] [Coordinator] [WARNING] FillReview 第103章失败，重试(3/3)
[2026-05-18 15:10:12] [Coordinator] [WARNING] FillReview 第101章失败，重试(3/3)
[2026-05-18 15:10:12] [Coordinator] [ERROR] 未找到 reviewer.py，且框架内置 Reviewer 尚未实现
[2026-05-18 15:10:12] [Coordinator] [WARNING] FillReview 第106章失败，重试(3/3)
[2026-05-18 15:10:12] [Coordinator] [ERROR] 未找到 reviewer.py，且框架内置 Reviewer 尚未实现
[2026-05-18 15:10:12] [Coordinator] [WARNING] FillReview 第105章失败，重试(3/3)
[2026-05-18 15:10:12] [Coordinator] [ERROR] 未找到 reviewer.py，且框架内置 Reviewer 尚未实现
[2026-05-18 15:10:12] [Coordinator] [ERROR] 未找到 reviewer.py，且框架内置 Reviewer 尚未实现
[2026-05-18 15:10:12] [Coordinator] [WARNING] FillReview 第108章失败，重试(3/3)
[2026-05-18 15:10:12] [Coordinator] [WARNING] FillReview 第107章失败，重试(3/3)
[2026-05-18 15:10:12] [Coordinator] [ERROR] 未找到 reviewer.py，且框架内置 Reviewer 尚未实现
[2026-05-18 15:10:12] [Coordinator] [WARNING] FillReview 第109章失败，重试(3/3)
[2026-05-18 15:10:12] [Coordinator] [ERROR] 未找到 reviewer.py，且框架内置 Reviewer 尚未实现
[2026-05-18 15:10:12] [Coordinator] [WARNING] FillReview 第113章失败，重试(3/3)
[2026-05-18 15:10:12] [Coordinator] [ERROR] 未找到 reviewer.py，且框架内置 Reviewer 尚未实现
[2026-05-18 15:10:12] [Coordinator] [WARNING] FillReview 第111章失败，重试(3/3)
[2026-05-18 15:10:12] [Coordinator] [ERROR] 未找到 reviewer.py，且框架内置 Reviewer 尚未实现
[2026-05-18 15:10:12] [Coordinator] [ERROR] 未找到 reviewer.py，且框架内置 Reviewer 尚未实现
[2026-05-18 15:10:12] [Coordinator] [WARNING] FillReview 第110章失败，重试(3/3)
[2026-05-18 15:10:12] [Coordinator] [WARNING] FillReview 第112章失败，重试(3/3)
[2026-05-18 15:10:12] [Coordinator] [ERROR] 未找到 reviewer.py，且框架内置 Reviewer 尚未实现
[2026-05-18 15:10:12] [Coordinator] [WARNING] FillReview 第114章失败，重试(3/3)
[2026-05-18 15:10:12] [Coordinator] [ERROR] 未找到 reviewer.py，且框架内置 Reviewer 尚未实现
[2026-05-18 15:10:12] [Coordinator] [WARNING] FillReview 第118章失败，重试(3/3)
[2026-05-18 15:10:12] [Coordinator] [ERROR] 未找到 reviewer.py，且框架内置 Reviewer 尚未实现
[2026-05-18 15:10:12] [Coordinator] [WARNING] FillReview 第119章失败，重试(3/3)
[2026-05-18 15:10:12] [Coordinator] [ERROR] 未找到 reviewer.py，且框架内置 Reviewer 尚未实现
[2026-05-18 15:10:12] [Coordinator] [ERROR] 未找到 reviewer.py，且框架内置 Reviewer 尚未实现
[2026-05-18 15:10:12] [Coordinator] [WARNING] FillReview 第115章失败，重试(3/3)
[2026-05-18 15:10:12] [Coordinator] [ERROR] 未找到 reviewer.py，且框架内置 Reviewer 尚未实现
[2026-05-18 15:10:12] [Coordinator] [WARNING] FillReview 第116章失败，重试(3/3)
[2026-05-18 15:10:12] [Coordinator] [WARNING] FillReview 第117章失败，重试(3/3)
[2026-05-18 15:10:12] [Coordinator] [ERROR] 未找到 reviewer.py，且框架内置 Reviewer 尚未实现
[2026-05-18 15:10:12] [Coordinator] [WARNING] FillReview 第120章失败，重试(3/3)
[2026-05-18 15:10:12] [Coordinator] [ERROR] 未找到 reviewer.py，且框架内置 Reviewer 尚未实现
[2026-05-18 15:10:12] [Coordinator] [ERROR] FillReview 第103章彻底失败
[2026-05-18 15:10:12] [Coordinator] [ERROR] 未找到 reviewer.py，且框架内置 Reviewer 尚未实现
[2026-05-18 15:10:12] [Coordinator] [ERROR] FillReview 第104章彻底失败
[2026-05-18 15:10:12] [Coordinator] [ERROR] 未找到 reviewer.py，且框架内置 Reviewer 尚未实现
[2026-05-18 15:10:12] [Coordinator] [ERROR] 未找到 reviewer.py，且框架内置 Reviewer 尚未实现
[2026-05-18 15:10:12] [Coordinator] [ERROR] FillReview 第102章彻底失败
[2026-05-18 15:10:12] [Coordinator] [ERROR] 未找到 reviewer.py，且框架内置 Reviewer 尚未实现
[2026-05-18 15:10:12] [Coordinator] [ERROR] FillReview 第105章彻底失败
[2026-05-18 15:10:12] [Coordinator] [ERROR] FillReview 第101章彻底失败
[2026-05-18 15:10:12] [Coordinator] [ERROR] 未找到 reviewer.py，且框架内置 Reviewer 尚未实现
[2026-05-18 15:10:12] [Coordinator] [ERROR] FillReview 第106章彻底失败
[2026-05-18 15:10:12] [Coordinator] [ERROR] 未找到 reviewer.py，且框架内置 Reviewer 尚未实现
[2026-05-18 15:10:12] [Coordinator] [ERROR] FillReview 第107章彻底失败
[2026-05-18 15:10:12] [Coordinator] [ERROR] 未找到 reviewer.py，且框架内置 Reviewer 尚未实现
[2026-05-18 15:10:12] [Coordinator] [ERROR] FillReview 第109章彻底失败
[2026-05-18 15:10:12] [Coordinator] [ERROR] 未找到 reviewer.py，且框架内置 Reviewer 尚未实现
[2026-05-18 15:10:12] [Coordinator] [ERROR] 未找到 reviewer.py，且框架内置 Reviewer 尚未实现
[2026-05-18 15:10:12] [Coordinator] [ERROR] FillReview 第108章彻底失败
[2026-05-18 15:10:12] [Coordinator] [ERROR] FillReview 第113章彻底失败
[2026-05-18 15:10:12] [Coordinator] [ERROR] 未找到 reviewer.py，且框架内置 Reviewer 尚未实现
[2026-05-18 15:10:12] [Coordinator] [ERROR] FillReview 第111章彻底失败
[2026-05-18 15:10:12] [Coordinator] [ERROR] 未找到 reviewer.py，且框架内置 Reviewer 尚未实现
[2026-05-18 15:10:12] [Coordinator] [ERROR] FillReview 第112章彻底失败
[2026-05-18 15:10:12] [Coordinator] [ERROR] 未找到 reviewer.py，且框架内置 Reviewer 尚未实现
[2026-05-18 15:10:12] [Coordinator] [ERROR] FillReview 第114章彻底失败
[2026-05-18 15:10:12] [Coordinator] [ERROR] 未找到 reviewer.py，且框架内置 Reviewer 尚未实现
[2026-05-18 15:10:12] [Coordinator] [ERROR] 未找到 reviewer.py，且框架内置 Reviewer 尚未实现
[2026-05-18 15:10:12] [Coordinator] [ERROR] FillReview 第110章彻底失败
[2026-05-18 15:10:12] [Coordinator] [ERROR] FillReview 第118章彻底失败
[2026-05-18 15:10:12] [Coordinator] [ERROR] 未找到 reviewer.py，且框架内置 Reviewer 尚未实现
[2026-05-18 15:10:12] [Coordinator] [ERROR] FillReview 第119章彻底失败
[2026-05-18 15:10:12] [Coordinator] [ERROR] 未找到 reviewer.py，且框架内置 Reviewer 尚未实现
[2026-05-18 15:10:12] [Coordinator] [ERROR] FillReview 第116章彻底失败
[2026-05-18 15:10:12] [Coordinator] [ERROR] 未找到 reviewer.py，且框架内置 Reviewer 尚未实现
[2026-05-18 15:10:12] [Coordinator] [ERROR] FillReview 第117章彻底失败
[2026-05-18 15:10:12] [Coordinator] [ERROR] 未找到 reviewer.py，且框架内置 Reviewer 尚未实现
[2026-05-18 15:10:12] [Coordinator] [ERROR] 未找到 reviewer.py，且框架内置 Reviewer 尚未实现
[2026-05-18 15:10:12] [Coordinator] [ERROR] FillReview 第115章彻底失败
[2026-05-18 15:10:12] [Coordinator] [ERROR] FillReview 第120章彻底失败
[2026-05-18 15:10:14] [Coordinator] [INFO] FillReview 批次完成: 成功 0 章, 失败 20 章
[2026-05-18 15:10:14] [Coordinator] [INFO] 已加入多媒体队列: 第101-120章 (队列长度 116)
[2026-05-18 15:10:17] [Coordinator] [INFO] ===== 开始第 121-140 章 =====
[2026-05-18 15:10:18] [Coordinator] [INFO] 工作队列: 20 个任务, 5 workers [Writer]
[2026-05-18 15:10:18] [Coordinator] [ERROR] 未找到 writer.py，且框架内置 Writer 尚未实现
[2026-05-18 15:10:18] [Coordinator] [WARNING] Writer 第121章失败，重试(1/3)
[2026-05-18 15:10:18] [Coordinator] [ERROR] 未找到 writer.py，且框架内置 Writer 尚未实现
[2026-05-18 15:10:18] [Coordinator] [WARNING] Writer 第126章失败，重试(1/3)
[2026-05-18 15:10:18] [Coordinator] [ERROR] 未找到 writer.py，且框架内置 Writer 尚未实现
[2026-05-18 15:10:18] [Coordinator] [WARNING] Writer 第122章失败，重试(1/3)
[2026-05-18 15:10:18] [Coordinator] [ERROR] 未找到 writer.py，且框架内置 Writer 尚未实现
[2026-05-18 15:10:18] [Coordinator] [ERROR] 未找到 writer.py，且框架内置 Writer 尚未实现
[2026-05-18 15:10:18] [Coordinator] [WARNING] Writer 第124章失败，重试(1/3)
[2026-05-18 15:10:18] [Coordinator] [ERROR] 未找到 writer.py，且框架内置 Writer 尚未实现
[2026-05-18 15:10:18] [Coordinator] [WARNING] Writer 第125章失败，重试(1/3)
[2026-05-18 15:10:18] [Coordinator] [WARNING] Writer 第123章失败，重试(1/3)
[2026-05-18 15:10:18] [Coordinator] [ERROR] 未找到 writer.py，且框架内置 Writer 尚未实现
[2026-05-18 15:10:18] [Coordinator] [WARNING] Writer 第127章失败，重试(1/3)
[2026-05-18 15:10:18] [Coordinator] [ERROR] 未找到 writer.py，且框架内置 Writer 尚未实现
[2026-05-18 15:10:18] [Coordinator] [WARNING] Writer 第128章失败，重试(1/3)
[2026-05-18 15:10:18] [Coordinator] [ERROR] 未找到 writer.py，且框架内置 Writer 尚未实现
[2026-05-18 15:10:18] [Coordinator] [ERROR] 未找到 writer.py，且框架内置 Writer 尚未实现
[2026-05-18 15:10:18] [Coordinator] [WARNING] Writer 第129章失败，重试(1/3)
[2026-05-18 15:10:18] [Coordinator] [ERROR] 未找到 writer.py，且框架内置 Writer 尚未实现
[2026-05-18 15:10:18] [Coordinator] [WARNING] Writer 第130章失败，重试(1/3)
[2026-05-18 15:10:18] [Coordinator] [WARNING] Writer 第131章失败，重试(1/3)
[2026-05-18 15:10:18] [Coordinator] [ERROR] 未找到 writer.py，且框架内置 Writer 尚未实现
[2026-05-18 15:10:18] [Coordinator] [WARNING] Writer 第132章失败，重试(1/3)
[2026-05-18 15:10:18] [Coordinator] [ERROR] 未找到 writer.py，且框架内置 Writer 尚未实现
[2026-05-18 15:10:18] [Coordinator] [WARNING] Writer 第133章失败，重试(1/3)
[2026-05-18 15:10:18] [Coordinator] [ERROR] 未找到 writer.py，且框架内置 Writer 尚未实现
[2026-05-18 15:10:18] [Coordinator] [ERROR] 未找到 writer.py，且框架内置 Writer 尚未实现
[2026-05-18 15:10:18] [Coordinator] [WARNING] Writer 第134章失败，重试(1/3)
[2026-05-18 15:10:18] [Coordinator] [ERROR] 未找到 writer.py，且框架内置 Writer 尚未实现
[2026-05-18 15:10:18] [Coordinator] [ERROR] 未找到 writer.py，且框架内置 Writer 尚未实现
[2026-05-18 15:10:18] [Coordinator] [WARNING] Writer 第136章失败，重试(1/3)
[2026-05-18 15:10:18] [Coordinator] [ERROR] 未找到 writer.py，且框架内置 Writer 尚未实现
[2026-05-18 15:10:18] [Coordinator] [WARNING] Writer 第137章失败，重试(1/3)
[2026-05-18 15:10:18] [Coordinator] [WARNING] Writer 第135章失败，重试(1/3)
[2026-05-18 15:10:18] [Coordinator] [WARNING] Writer 第138章失败，重试(1/3)
[2026-05-18 15:10:18] [Coordinator] [ERROR] 未找到 writer.py，且框架内置 Writer 尚未实现
[2026-05-18 15:10:18] [Coordinator] [ERROR] 未找到 writer.py，且框架内置 Writer 尚未实现
[2026-05-18 15:10:18] [Coordinator] [WARNING] Writer 第139章失败，重试(1/3)
[2026-05-18 15:10:18] [Coordinator] [ERROR] 未找到 writer.py，且框架内置 Writer 尚未实现
[2026-05-18 15:10:18] [Coordinator] [WARNING] Writer 第126章失败，重试(2/3)
[2026-05-18 15:10:18] [Coordinator] [WARNING] Writer 第140章失败，重试(1/3)
[2026-05-18 15:10:18] [Coordinator] [ERROR] 未找到 writer.py，且框架内置 Writer 尚未实现
[2026-05-18 15:10:18] [Coordinator] [WARNING] Writer 第121章失败，重试(2/3)
[2026-05-18 15:10:18] [Coordinator] [ERROR] 未找到 writer.py，且框架内置 Writer 尚未实现
[2026-05-18 15:10:18] [Coordinator] [WARNING] Writer 第122章失败，重试(2/3)
[2026-05-18 15:10:18] [Coordinator] [ERROR] 未找到 writer.py，且框架内置 Writer 尚未实现
[2026-05-18 15:10:18] [Coordinator] [ERROR] 未找到 writer.py，且框架内置 Writer 尚未实现
[2026-05-18 15:10:18] [Coordinator] [WARNING] Writer 第124章失败，重试(2/3)
[2026-05-18 15:10:18] [Coordinator] [ERROR] 未找到 writer.py，且框架内置 Writer 尚未实现
[2026-05-18 15:10:18] [Coordinator] [WARNING] Writer 第125章失败，重试(2/3)
[2026-05-18 15:10:18] [Coordinator] [WARNING] Writer 第123章失败，重试(2/3)
[2026-05-18 15:10:18] [Coordinator] [ERROR] 未找到 writer.py，且框架内置 Writer 尚未实现
[2026-05-18 15:10:18] [Coordinator] [WARNING] Writer 第127章失败，重试(2/3)
[2026-05-18 15:10:18] [Coordinator] [ERROR] 未找到 writer.py，且框架内置 Writer 尚未实现
[2026-05-18 15:10:18] [Coordinator] [WARNING] Writer 第128章失败，重试(2/3)
[2026-05-18 15:10:18] [Coordinator] [ERROR] 未找到 writer.py，且框架内置 Writer 尚未实现
[2026-05-18 15:10:18] [Coordinator] [ERROR] 未找到 writer.py，且框架内置 Writer 尚未实现
[2026-05-18 15:10:18] [Coordinator] [WARNING] Writer 第129章失败，重试(2/3)
[2026-05-18 15:10:18] [Coordinator] [ERROR] 未找到 writer.py，且框架内置 Writer 尚未实现
[2026-05-18 15:10:18] [Coordinator] [WARNING] Writer 第130章失败，重试(2/3)
[2026-05-18 15:10:18] [Coordinator] [WARNING] Writer 第131章失败，重试(2/3)
[2026-05-18 15:10:18] [Coordinator] [ERROR] 未找到 writer.py，且框架内置 Writer 尚未实现
[2026-05-18 15:10:18] [Coordinator] [WARNING] Writer 第132章失败，重试(2/3)
[2026-05-18 15:10:18] [Coordinator] [ERROR] 未找到 writer.py，且框架内置 Writer 尚未实现
[2026-05-18 15:10:18] [Coordinator] [WARNING] Writer 第133章失败，重试(2/3)
[2026-05-18 15:10:18] [Coordinator] [ERROR] 未找到 writer.py，且框架内置 Writer 尚未实现
[2026-05-18 15:10:18] [Coordinator] [ERROR] 未找到 writer.py，且框架内置 Writer 尚未实现
[2026-05-18 15:10:18] [Coordinator] [WARNING] Writer 第134章失败，重试(2/3)
[2026-05-18 15:10:18] [Coordinator] [ERROR] 未找到 writer.py，且框架内置 Writer 尚未实现
[2026-05-18 15:10:18] [Coordinator] [WARNING] Writer 第136章失败，重试(2/3)
[2026-05-18 15:10:18] [Coordinator] [WARNING] Writer 第137章失败，重试(2/3)
[2026-05-18 15:10:18] [Coordinator] [ERROR] 未找到 writer.py，且框架内置 Writer 尚未实现
[2026-05-18 15:10:18] [Coordinator] [WARNING] Writer 第135章失败，重试(2/3)
[2026-05-18 15:10:18] [Coordinator] [ERROR] 未找到 writer.py，且框架内置 Writer 尚未实现
[2026-05-18 15:10:18] [Coordinator] [WARNING] Writer 第138章失败，重试(2/3)
[2026-05-18 15:10:18] [Coordinator] [ERROR] 未找到 writer.py，且框架内置 Writer 尚未实现
[2026-05-18 15:10:18] [Coordinator] [ERROR] 未找到 writer.py，且框架内置 Writer 尚未实现
[2026-05-18 15:10:18] [Coordinator] [WARNING] Writer 第139章失败，重试(2/3)
[2026-05-18 15:10:18] [Coordinator] [ERROR] 未找到 writer.py，且框架内置 Writer 尚未实现
[2026-05-18 15:10:18] [Coordinator] [WARNING] Writer 第126章失败，重试(3/3)
[2026-05-18 15:10:18] [Coordinator] [WARNING] Writer 第140章失败，重试(2/3)
[2026-05-18 15:10:18] [Coordinator] [ERROR] 未找到 writer.py，且框架内置 Writer 尚未实现
[2026-05-18 15:10:18] [Coordinator] [WARNING] Writer 第121章失败，重试(3/3)
[2026-05-18 15:10:18] [Coordinator] [ERROR] 未找到 writer.py，且框架内置 Writer 尚未实现
[2026-05-18 15:10:18] [Coordinator] [WARNING] Writer 第122章失败，重试(3/3)
[2026-05-18 15:10:18] [Coordinator] [ERROR] 未找到 writer.py，且框架内置 Writer 尚未实现
[2026-05-18 15:10:18] [Coordinator] [ERROR] 未找到 writer.py，且框架内置 Writer 尚未实现
[2026-05-18 15:10:18] [Coordinator] [WARNING] Writer 第124章失败，重试(3/3)
[2026-05-18 15:10:18] [Coordinator] [ERROR] 未找到 writer.py，且框架内置 Writer 尚未实现
[2026-05-18 15:10:18] [Coordinator] [WARNING] Writer 第125章失败，重试(3/3)
[2026-05-18 15:10:18] [Coordinator] [WARNING] Writer 第123章失败，重试(3/3)
[2026-05-18 15:10:18] [Coordinator] [ERROR] 未找到 writer.py，且框架内置 Writer 尚未实现
[2026-05-18 15:10:18] [Coordinator] [WARNING] Writer 第127章失败，重试(3/3)
[2026-05-18 15:10:18] [Coordinator] [ERROR] 未找到 writer.py，且框架内置 Writer 尚未实现
[2026-05-18 15:10:18] [Coordinator] [WARNING] Writer 第128章失败，重试(3/3)
[2026-05-18 15:10:18] [Coordinator] [ERROR] 未找到 writer.py，且框架内置 Writer 尚未实现
[2026-05-18 15:10:18] [Coordinator] [ERROR] 未找到 writer.py，且框架内置 Writer 尚未实现
[2026-05-18 15:10:18] [Coordinator] [WARNING] Writer 第129章失败，重试(3/3)
[2026-05-18 15:10:18] [Coordinator] [ERROR] 未找到 writer.py，且框架内置 Writer 尚未实现
[2026-05-18 15:10:18] [Coordinator] [WARNING] Writer 第130章失败，重试(3/3)
[2026-05-18 15:10:18] [Coordinator] [WARNING] Writer 第131章失败，重试(3/3)
[2026-05-18 15:10:18] [Coordinator] [ERROR] 未找到 writer.py，且框架内置 Writer 尚未实现
[2026-05-18 15:10:18] [Coordinator] [WARNING] Writer 第132章失败，重试(3/3)
[2026-05-18 15:10:18] [Coordinator] [ERROR] 未找到 writer.py，且框架内置 Writer 尚未实现
[2026-05-18 15:10:18] [Coordinator] [WARNING] Writer 第133章失败，重试(3/3)
[2026-05-18 15:10:18] [Coordinator] [ERROR] 未找到 writer.py，且框架内置 Writer 尚未实现
[2026-05-18 15:10:18] [Coordinator] [ERROR] 未找到 writer.py，且框架内置 Writer 尚未实现
[2026-05-18 15:10:18] [Coordinator] [WARNING] Writer 第134章失败，重试(3/3)
[2026-05-18 15:10:18] [Coordinator] [ERROR] 未找到 writer.py，且框架内置 Writer 尚未实现
[2026-05-18 15:10:18] [Coordinator] [WARNING] Writer 第136章失败，重试(3/3)
[2026-05-18 15:10:18] [Coordinator] [WARNING] Writer 第137章失败，重试(3/3)
[2026-05-18 15:10:18] [Coordinator] [ERROR] 未找到 writer.py，且框架内置 Writer 尚未实现
[2026-05-18 15:10:18] [Coordinator] [WARNING] Writer 第135章失败，重试(3/3)
[2026-05-18 15:10:18] [Coordinator] [ERROR] 未找到 writer.py，且框架内置 Writer 尚未实现
[2026-05-18 15:10:18] [Coordinator] [WARNING] Writer 第138章失败，重试(3/3)
[2026-05-18 15:10:18] [Coordinator] [ERROR] 未找到 writer.py，且框架内置 Writer 尚未实现
[2026-05-18 15:10:18] [Coordinator] [ERROR] 未找到 writer.py，且框架内置 Writer 尚未实现
[2026-05-18 15:10:18] [Coordinator] [WARNING] Writer 第139章失败，重试(3/3)
[2026-05-18 15:10:18] [Coordinator] [ERROR] 未找到 writer.py，且框架内置 Writer 尚未实现
[2026-05-18 15:10:18] [Coordinator] [ERROR] Writer 第126章彻底失败
[2026-05-18 15:10:18] [Coordinator] [ERROR] 未找到 writer.py，且框架内置 Writer 尚未实现
[2026-05-18 15:10:18] [Coordinator] [ERROR] Writer 第125章彻底失败
[2026-05-18 15:10:18] [Coordinator] [ERROR] 未找到 writer.py，且框架内置 Writer 尚未实现
[2026-05-18 15:10:18] [Coordinator] [ERROR] 未找到 writer.py，且框架内置 Writer 尚未实现
[2026-05-18 15:10:18] [Coordinator] [WARNING] Writer 第140章失败，重试(3/3)
[2026-05-18 15:10:18] [Coordinator] [ERROR] 未找到 writer.py，且框架内置 Writer 尚未实现
[2026-05-18 15:10:18] [Coordinator] [ERROR] Writer 第124章彻底失败
[2026-05-18 15:10:18] [Coordinator] [ERROR] Writer 第121章彻底失败
[2026-05-18 15:10:18] [Coordinator] [ERROR] Writer 第122章彻底失败
[2026-05-18 15:10:18] [Coordinator] [ERROR] 未找到 writer.py，且框架内置 Writer 尚未实现
[2026-05-18 15:10:18] [Coordinator] [ERROR] 未找到 writer.py，且框架内置 Writer 尚未实现
[2026-05-18 15:10:18] [Coordinator] [ERROR] Writer 第123章彻底失败
[2026-05-18 15:10:18] [Coordinator] [ERROR] 未找到 writer.py，且框架内置 Writer 尚未实现
[2026-05-18 15:10:18] [Coordinator] [ERROR] Writer 第129章彻底失败
[2026-05-18 15:10:18] [Coordinator] [ERROR] Writer 第127章彻底失败
[2026-05-18 15:10:18] [Coordinator] [ERROR] 未找到 writer.py，且框架内置 Writer 尚未实现
[2026-05-18 15:10:18] [Coordinator] [ERROR] Writer 第128章彻底失败
[2026-05-18 15:10:18] [Coordinator] [ERROR] 未找到 writer.py，且框架内置 Writer 尚未实现
[2026-05-18 15:10:18] [Coordinator] [ERROR] Writer 第130章彻底失败
[2026-05-18 15:10:18] [Coordinator] [ERROR] 未找到 writer.py，且框架内置 Writer 尚未实现
[2026-05-18 15:10:18] [Coordinator] [ERROR] 未找到 writer.py，且框架内置 Writer 尚未实现
[2026-05-18 15:10:18] [Coordinator] [ERROR] Writer 第131章彻底失败
[2026-05-18 15:10:18] [Coordinator] [ERROR] 未找到 writer.py，且框架内置 Writer 尚未实现
[2026-05-18 15:10:18] [Coordinator] [ERROR] Writer 第132章彻底失败
[2026-05-18 15:10:18] [Coordinator] [ERROR] 未找到 writer.py，且框架内置 Writer 尚未实现
[2026-05-18 15:10:18] [Coordinator] [ERROR] 未找到 writer.py，且框架内置 Writer 尚未实现
[2026-05-18 15:10:18] [Coordinator] [ERROR] Writer 第134章彻底失败
[2026-05-18 15:10:18] [Coordinator] [ERROR] 未找到 writer.py，且框架内置 Writer 尚未实现
[2026-05-18 15:10:18] [Coordinator] [ERROR] Writer 第133章彻底失败
[2026-05-18 15:10:18] [Coordinator] [ERROR] Writer 第135章彻底失败
[2026-05-18 15:10:18] [Coordinator] [ERROR] 未找到 writer.py，且框架内置 Writer 尚未实现
[2026-05-18 15:10:18] [Coordinator] [ERROR] Writer 第137章彻底失败
[2026-05-18 15:10:18] [Coordinator] [ERROR] Writer 第136章彻底失败
[2026-05-18 15:10:18] [Coordinator] [ERROR] 未找到 writer.py，且框架内置 Writer 尚未实现
[2026-05-18 15:10:18] [Coordinator] [ERROR] Writer 第139章彻底失败
[2026-05-18 15:10:18] [Coordinator] [ERROR] 未找到 writer.py，且框架内置 Writer 尚未实现
[2026-05-18 15:10:18] [Coordinator] [ERROR] Writer 第138章彻底失败
[2026-05-18 15:10:18] [Coordinator] [ERROR] 未找到 writer.py，且框架内置 Writer 尚未实现
[2026-05-18 15:10:18] [Coordinator] [ERROR] Writer 第140章彻底失败
[2026-05-18 15:10:20] [Coordinator] [INFO] Writer 批次完成: 成功 0 章, 失败 20 章
[2026-05-18 15:10:20] [Coordinator] [WARNING] Writer 失败: [126, 125, 121, 122, 124, 127, 123, 129, 128, 130, 133, 131, 132, 135, 134, 136, 137, 139, 138, 140]
[2026-05-18 15:10:20] [Coordinator] [INFO] 工作队列: 20 个任务, 5 workers [Reviewer]
[2026-05-18 15:10:20] [Coordinator] [ERROR] 未找到 reviewer.py，且框架内置 Reviewer 尚未实现
[2026-05-18 15:10:20] [Coordinator] [WARNING] Reviewer 第121章失败，重试(1/3)
[2026-05-18 15:10:20] [Coordinator] [ERROR] 未找到 reviewer.py，且框架内置 Reviewer 尚未实现
[2026-05-18 15:10:20] [Coordinator] [WARNING] Reviewer 第124章失败，重试(1/3)
[2026-05-18 15:10:20] [Coordinator] [ERROR] 未找到 reviewer.py，且框架内置 Reviewer 尚未实现
[2026-05-18 15:10:20] [Coordinator] [WARNING] Reviewer 第122章失败，重试(1/3)
[2026-05-18 15:10:20] [Coordinator] [ERROR] 未找到 reviewer.py，且框架内置 Reviewer 尚未实现
[2026-05-18 15:10:20] [Coordinator] [ERROR] 未找到 reviewer.py，且框架内置 Reviewer 尚未实现
[2026-05-18 15:10:20] [Coordinator] [WARNING] Reviewer 第123章失败，重试(1/3)
[2026-05-18 15:10:20] [Coordinator] [ERROR] 未找到 reviewer.py，且框架内置 Reviewer 尚未实现
[2026-05-18 15:10:20] [Coordinator] [WARNING] Reviewer 第125章失败，重试(1/3)
[2026-05-18 15:10:20] [Coordinator] [WARNING] Reviewer 第126章失败，重试(1/3)
[2026-05-18 15:10:20] [Coordinator] [ERROR] 未找到 reviewer.py，且框架内置 Reviewer 尚未实现
[2026-05-18 15:10:20] [Coordinator] [WARNING] Reviewer 第127章失败，重试(1/3)
[2026-05-18 15:10:20] [Coordinator] [ERROR] 未找到 reviewer.py，且框架内置 Reviewer 尚未实现
[2026-05-18 15:10:20] [Coordinator] [WARNING] Reviewer 第128章失败，重试(1/3)
[2026-05-18 15:10:20] [Coordinator] [ERROR] 未找到 reviewer.py，且框架内置 Reviewer 尚未实现
[2026-05-18 15:10:20] [Coordinator] [ERROR] 未找到 reviewer.py，且框架内置 Reviewer 尚未实现
[2026-05-18 15:10:20] [Coordinator] [WARNING] Reviewer 第129章失败，重试(1/3)
[2026-05-18 15:10:20] [Coordinator] [ERROR] 未找到 reviewer.py，且框架内置 Reviewer 尚未实现
[2026-05-18 15:10:20] [Coordinator] [WARNING] Reviewer 第130章失败，重试(1/3)
[2026-05-18 15:10:20] [Coordinator] [WARNING] Reviewer 第131章失败，重试(1/3)
[2026-05-18 15:10:20] [Coordinator] [ERROR] 未找到 reviewer.py，且框架内置 Reviewer 尚未实现
[2026-05-18 15:10:20] [Coordinator] [WARNING] Reviewer 第132章失败，重试(1/3)
[2026-05-18 15:10:20] [Coordinator] [ERROR] 未找到 reviewer.py，且框架内置 Reviewer 尚未实现
[2026-05-18 15:10:20] [Coordinator] [WARNING] Reviewer 第133章失败，重试(1/3)
[2026-05-18 15:10:20] [Coordinator] [ERROR] 未找到 reviewer.py，且框架内置 Reviewer 尚未实现
[2026-05-18 15:10:20] [Coordinator] [ERROR] 未找到 reviewer.py，且框架内置 Reviewer 尚未实现
[2026-05-18 15:10:20] [Coordinator] [WARNING] Reviewer 第134章失败，重试(1/3)
[2026-05-18 15:10:20] [Coordinator] [ERROR] 未找到 reviewer.py，且框架内置 Reviewer 尚未实现
[2026-05-18 15:10:20] [Coordinator] [ERROR] 未找到 reviewer.py，且框架内置 Reviewer 尚未实现
[2026-05-18 15:10:20] [Coordinator] [WARNING] Reviewer 第136章失败，重试(1/3)
[2026-05-18 15:10:20] [Coordinator] [ERROR] 未找到 reviewer.py，且框架内置 Reviewer 尚未实现
[2026-05-18 15:10:20] [Coordinator] [WARNING] Reviewer 第137章失败，重试(1/3)
[2026-05-18 15:10:20] [Coordinator] [WARNING] Reviewer 第135章失败，重试(1/3)
[2026-05-18 15:10:20] [Coordinator] [WARNING] Reviewer 第138章失败，重试(1/3)
[2026-05-18 15:10:20] [Coordinator] [ERROR] 未找到 reviewer.py，且框架内置 Reviewer 尚未实现
[2026-05-18 15:10:20] [Coordinator] [ERROR] 未找到 reviewer.py，且框架内置 Reviewer 尚未实现
[2026-05-18 15:10:20] [Coordinator] [WARNING] Reviewer 第139章失败，重试(1/3)
[2026-05-18 15:10:20] [Coordinator] [ERROR] 未找到 reviewer.py，且框架内置 Reviewer 尚未实现
[2026-05-18 15:10:20] [Coordinator] [WARNING] Reviewer 第124章失败，重试(2/3)
[2026-05-18 15:10:20] [Coordinator] [WARNING] Reviewer 第140章失败，重试(1/3)
[2026-05-18 15:10:20] [Coordinator] [ERROR] 未找到 reviewer.py，且框架内置 Reviewer 尚未实现
[2026-05-18 15:10:20] [Coordinator] [WARNING] Reviewer 第121章失败，重试(2/3)
[2026-05-18 15:10:20] [Coordinator] [ERROR] 未找到 reviewer.py，且框架内置 Reviewer 尚未实现
[2026-05-18 15:10:20] [Coordinator] [WARNING] Reviewer 第122章失败，重试(2/3)
[2026-05-18 15:10:20] [Coordinator] [ERROR] 未找到 reviewer.py，且框架内置 Reviewer 尚未实现
[2026-05-18 15:10:20] [Coordinator] [ERROR] 未找到 reviewer.py，且框架内置 Reviewer 尚未实现
[2026-05-18 15:10:20] [Coordinator] [WARNING] Reviewer 第123章失败，重试(2/3)
[2026-05-18 15:10:20] [Coordinator] [ERROR] 未找到 reviewer.py，且框架内置 Reviewer 尚未实现
[2026-05-18 15:10:20] [Coordinator] [WARNING] Reviewer 第125章失败，重试(2/3)
[2026-05-18 15:10:20] [Coordinator] [WARNING] Reviewer 第126章失败，重试(2/3)
[2026-05-18 15:10:20] [Coordinator] [ERROR] 未找到 reviewer.py，且框架内置 Reviewer 尚未实现
[2026-05-18 15:10:20] [Coordinator] [WARNING] Reviewer 第127章失败，重试(2/3)
[2026-05-18 15:10:20] [Coordinator] [ERROR] 未找到 reviewer.py，且框架内置 Reviewer 尚未实现
[2026-05-18 15:10:20] [Coordinator] [WARNING] Reviewer 第128章失败，重试(2/3)
[2026-05-18 15:10:20] [Coordinator] [ERROR] 未找到 reviewer.py，且框架内置 Reviewer 尚未实现
[2026-05-18 15:10:20] [Coordinator] [ERROR] 未找到 reviewer.py，且框架内置 Reviewer 尚未实现
[2026-05-18 15:10:20] [Coordinator] [WARNING] Reviewer 第129章失败，重试(2/3)
[2026-05-18 15:10:20] [Coordinator] [ERROR] 未找到 reviewer.py，且框架内置 Reviewer 尚未实现
[2026-05-18 15:10:20] [Coordinator] [WARNING] Reviewer 第130章失败，重试(2/3)
[2026-05-18 15:10:20] [Coordinator] [WARNING] Reviewer 第131章失败，重试(2/3)
[2026-05-18 15:10:20] [Coordinator] [ERROR] 未找到 reviewer.py，且框架内置 Reviewer 尚未实现
[2026-05-18 15:10:20] [Coordinator] [WARNING] Reviewer 第132章失败，重试(2/3)
[2026-05-18 15:10:20] [Coordinator] [ERROR] 未找到 reviewer.py，且框架内置 Reviewer 尚未实现
[2026-05-18 15:10:20] [Coordinator] [WARNING] Reviewer 第133章失败，重试(2/3)
[2026-05-18 15:10:20] [Coordinator] [ERROR] 未找到 reviewer.py，且框架内置 Reviewer 尚未实现
[2026-05-18 15:10:20] [Coordinator] [ERROR] 未找到 reviewer.py，且框架内置 Reviewer 尚未实现
[2026-05-18 15:10:20] [Coordinator] [WARNING] Reviewer 第134章失败，重试(2/3)
[2026-05-18 15:10:20] [Coordinator] [ERROR] 未找到 reviewer.py，且框架内置 Reviewer 尚未实现
[2026-05-18 15:10:20] [Coordinator] [WARNING] Reviewer 第136章失败，重试(2/3)
[2026-05-18 15:10:20] [Coordinator] [WARNING] Reviewer 第137章失败，重试(2/3)
[2026-05-18 15:10:20] [Coordinator] [ERROR] 未找到 reviewer.py，且框架内置 Reviewer 尚未实现
[2026-05-18 15:10:20] [Coordinator] [WARNING] Reviewer 第135章失败，重试(2/3)
[2026-05-18 15:10:20] [Coordinator] [ERROR] 未找到 reviewer.py，且框架内置 Reviewer 尚未实现
[2026-05-18 15:10:20] [Coordinator] [WARNING] Reviewer 第138章失败，重试(2/3)
[2026-05-18 15:10:20] [Coordinator] [ERROR] 未找到 reviewer.py，且框架内置 Reviewer 尚未实现
[2026-05-18 15:10:20] [Coordinator] [ERROR] 未找到 reviewer.py，且框架内置 Reviewer 尚未实现
[2026-05-18 15:10:20] [Coordinator] [WARNING] Reviewer 第139章失败，重试(2/3)
[2026-05-18 15:10:20] [Coordinator] [ERROR] 未找到 reviewer.py，且框架内置 Reviewer 尚未实现
[2026-05-18 15:10:20] [Coordinator] [WARNING] Reviewer 第124章失败，重试(3/3)
[2026-05-18 15:10:20] [Coordinator] [WARNING] Reviewer 第140章失败，重试(2/3)
[2026-05-18 15:10:20] [Coordinator] [ERROR] 未找到 reviewer.py，且框架内置 Reviewer 尚未实现
[2026-05-18 15:10:20] [Coordinator] [WARNING] Reviewer 第121章失败，重试(3/3)
[2026-05-18 15:10:20] [Coordinator] [ERROR] 未找到 reviewer.py，且框架内置 Reviewer 尚未实现
[2026-05-18 15:10:20] [Coordinator] [WARNING] Reviewer 第122章失败，重试(3/3)
[2026-05-18 15:10:20] [Coordinator] [ERROR] 未找到 reviewer.py，且框架内置 Reviewer 尚未实现
[2026-05-18 15:10:20] [Coordinator] [ERROR] 未找到 reviewer.py，且框架内置 Reviewer 尚未实现
[2026-05-18 15:10:20] [Coordinator] [WARNING] Reviewer 第123章失败，重试(3/3)
[2026-05-18 15:10:20] [Coordinator] [ERROR] 未找到 reviewer.py，且框架内置 Reviewer 尚未实现
[2026-05-18 15:10:20] [Coordinator] [WARNING] Reviewer 第125章失败，重试(3/3)
[2026-05-18 15:10:20] [Coordinator] [WARNING] Reviewer 第126章失败，重试(3/3)
[2026-05-18 15:10:20] [Coordinator] [ERROR] 未找到 reviewer.py，且框架内置 Reviewer 尚未实现
[2026-05-18 15:10:20] [Coordinator] [WARNING] Reviewer 第127章失败，重试(3/3)
[2026-05-18 15:10:20] [Coordinator] [ERROR] 未找到 reviewer.py，且框架内置 Reviewer 尚未实现
[2026-05-18 15:10:20] [Coordinator] [WARNING] Reviewer 第128章失败，重试(3/3)
[2026-05-18 15:10:20] [Coordinator] [ERROR] 未找到 reviewer.py，且框架内置 Reviewer 尚未实现
[2026-05-18 15:10:20] [Coordinator] [ERROR] 未找到 reviewer.py，且框架内置 Reviewer 尚未实现
[2026-05-18 15:10:20] [Coordinator] [WARNING] Reviewer 第129章失败，重试(3/3)
[2026-05-18 15:10:20] [Coordinator] [ERROR] 未找到 reviewer.py，且框架内置 Reviewer 尚未实现
[2026-05-18 15:10:20] [Coordinator] [WARNING] Reviewer 第130章失败，重试(3/3)
[2026-05-18 15:10:20] [Coordinator] [WARNING] Reviewer 第131章失败，重试(3/3)
[2026-05-18 15:10:20] [Coordinator] [ERROR] 未找到 reviewer.py，且框架内置 Reviewer 尚未实现
[2026-05-18 15:10:20] [Coordinator] [WARNING] Reviewer 第132章失败，重试(3/3)
[2026-05-18 15:10:20] [Coordinator] [ERROR] 未找到 reviewer.py，且框架内置 Reviewer 尚未实现
[2026-05-18 15:10:20] [Coordinator] [WARNING] Reviewer 第133章失败，重试(3/3)
[2026-05-18 15:10:20] [Coordinator] [ERROR] 未找到 reviewer.py，且框架内置 Reviewer 尚未实现
[2026-05-18 15:10:20] [Coordinator] [ERROR] 未找到 reviewer.py，且框架内置 Reviewer 尚未实现
[2026-05-18 15:10:20] [Coordinator] [WARNING] Reviewer 第134章失败，重试(3/3)
[2026-05-18 15:10:20] [Coordinator] [ERROR] 未找到 reviewer.py，且框架内置 Reviewer 尚未实现
[2026-05-18 15:10:20] [Coordinator] [WARNING] Reviewer 第136章失败，重试(3/3)
[2026-05-18 15:10:20] [Coordinator] [WARNING] Reviewer 第137章失败，重试(3/3)
[2026-05-18 15:10:20] [Coordinator] [ERROR] 未找到 reviewer.py，且框架内置 Reviewer 尚未实现
[2026-05-18 15:10:20] [Coordinator] [WARNING] Reviewer 第135章失败，重试(3/3)
[2026-05-18 15:10:20] [Coordinator] [ERROR] 未找到 reviewer.py，且框架内置 Reviewer 尚未实现
[2026-05-18 15:10:20] [Coordinator] [WARNING] Reviewer 第138章失败，重试(3/3)
[2026-05-18 15:10:20] [Coordinator] [ERROR] 未找到 reviewer.py，且框架内置 Reviewer 尚未实现
[2026-05-18 15:10:20] [Coordinator] [ERROR] 未找到 reviewer.py，且框架内置 Reviewer 尚未实现
[2026-05-18 15:10:20] [Coordinator] [WARNING] Reviewer 第139章失败，重试(3/3)
[2026-05-18 15:10:20] [Coordinator] [ERROR] 未找到 reviewer.py，且框架内置 Reviewer 尚未实现
[2026-05-18 15:10:20] [Coordinator] [ERROR] Reviewer 第124章彻底失败
[2026-05-18 15:10:20] [Coordinator] [WARNING] Reviewer 第140章失败，重试(3/3)
[2026-05-18 15:10:20] [Coordinator] [ERROR] 未找到 reviewer.py，且框架内置 Reviewer 尚未实现
[2026-05-18 15:10:20] [Coordinator] [ERROR] Reviewer 第121章彻底失败
[2026-05-18 15:10:20] [Coordinator] [ERROR] 未找到 reviewer.py，且框架内置 Reviewer 尚未实现
[2026-05-18 15:10:20] [Coordinator] [ERROR] Reviewer 第122章彻底失败
[2026-05-18 15:10:20] [Coordinator] [ERROR] 未找到 reviewer.py，且框架内置 Reviewer 尚未实现
[2026-05-18 15:10:20] [Coordinator] [ERROR] 未找到 reviewer.py，且框架内置 Reviewer 尚未实现
[2026-05-18 15:10:20] [Coordinator] [ERROR] Reviewer 第123章彻底失败
[2026-05-18 15:10:20] [Coordinator] [ERROR] 未找到 reviewer.py，且框架内置 Reviewer 尚未实现
[2026-05-18 15:10:20] [Coordinator] [ERROR] Reviewer 第125章彻底失败
[2026-05-18 15:10:20] [Coordinator] [ERROR] Reviewer 第126章彻底失败
[2026-05-18 15:10:20] [Coordinator] [ERROR] 未找到 reviewer.py，且框架内置 Reviewer 尚未实现
[2026-05-18 15:10:20] [Coordinator] [ERROR] Reviewer 第127章彻底失败
[2026-05-18 15:10:20] [Coordinator] [ERROR] 未找到 reviewer.py，且框架内置 Reviewer 尚未实现
[2026-05-18 15:10:20] [Coordinator] [ERROR] Reviewer 第128章彻底失败
[2026-05-18 15:10:20] [Coordinator] [ERROR] 未找到 reviewer.py，且框架内置 Reviewer 尚未实现
[2026-05-18 15:10:20] [Coordinator] [ERROR] 未找到 reviewer.py，且框架内置 Reviewer 尚未实现
[2026-05-18 15:10:20] [Coordinator] [ERROR] Reviewer 第129章彻底失败
[2026-05-18 15:10:20] [Coordinator] [ERROR] 未找到 reviewer.py，且框架内置 Reviewer 尚未实现
[2026-05-18 15:10:20] [Coordinator] [ERROR] Reviewer 第130章彻底失败
[2026-05-18 15:10:20] [Coordinator] [ERROR] Reviewer 第131章彻底失败
[2026-05-18 15:10:20] [Coordinator] [ERROR] 未找到 reviewer.py，且框架内置 Reviewer 尚未实现
[2026-05-18 15:10:20] [Coordinator] [ERROR] Reviewer 第132章彻底失败
[2026-05-18 15:10:20] [Coordinator] [ERROR] 未找到 reviewer.py，且框架内置 Reviewer 尚未实现
[2026-05-18 15:10:20] [Coordinator] [ERROR] Reviewer 第133章彻底失败
[2026-05-18 15:10:20] [Coordinator] [ERROR] 未找到 reviewer.py，且框架内置 Reviewer 尚未实现
[2026-05-18 15:10:20] [Coordinator] [ERROR] 未找到 reviewer.py，且框架内置 Reviewer 尚未实现
[2026-05-18 15:10:20] [Coordinator] [ERROR] Reviewer 第134章彻底失败
[2026-05-18 15:10:20] [Coordinator] [ERROR] 未找到 reviewer.py，且框架内置 Reviewer 尚未实现
[2026-05-18 15:10:20] [Coordinator] [ERROR] Reviewer 第136章彻底失败
[2026-05-18 15:10:20] [Coordinator] [ERROR] Reviewer 第137章彻底失败
[2026-05-18 15:10:20] [Coordinator] [ERROR] 未找到 reviewer.py，且框架内置 Reviewer 尚未实现
[2026-05-18 15:10:20] [Coordinator] [ERROR] Reviewer 第135章彻底失败
[2026-05-18 15:10:20] [Coordinator] [ERROR] 未找到 reviewer.py，且框架内置 Reviewer 尚未实现
[2026-05-18 15:10:20] [Coordinator] [ERROR] Reviewer 第138章彻底失败
[2026-05-18 15:10:20] [Coordinator] [ERROR] 未找到 reviewer.py，且框架内置 Reviewer 尚未实现
[2026-05-18 15:10:20] [Coordinator] [ERROR] Reviewer 第139章彻底失败
[2026-05-18 15:10:20] [Coordinator] [ERROR] 未找到 reviewer.py，且框架内置 Reviewer 尚未实现
[2026-05-18 15:10:20] [Coordinator] [ERROR] Reviewer 第140章彻底失败
[2026-05-18 15:10:22] [Coordinator] [INFO] Reviewer 批次完成: 成功 0 章, 失败 20 章
[2026-05-18 15:10:22] [Coordinator] [WARNING] Reviewer 失败: [124, 121, 122, 126, 123, 125, 127, 128, 131, 129, 130, 132, 133, 137, 134, 136, 135, 138, 139, 140]
[2026-05-18 15:10:22] [Coordinator] [INFO] 检测到 20 章草稿缺失，开始补全...
[2026-05-18 15:10:22] [Coordinator] [INFO] 工作队列: 20 个任务, 3 workers [FillDraft]
[2026-05-18 15:10:22] [Coordinator] [ERROR] 未找到 writer.py，且框架内置 Writer 尚未实现
[2026-05-18 15:10:22] [Coordinator] [WARNING] FillDraft 第121章失败，重试(1/3)
[2026-05-18 15:10:22] [Coordinator] [ERROR] 未找到 writer.py，且框架内置 Writer 尚未实现
[2026-05-18 15:10:22] [Coordinator] [ERROR] 未找到 writer.py，且框架内置 Writer 尚未实现
[2026-05-18 15:10:22] [Coordinator] [WARNING] FillDraft 第122章失败，重试(1/3)
[2026-05-18 15:10:22] [Coordinator] [WARNING] FillDraft 第123章失败，重试(1/3)
[2026-05-18 15:10:22] [Coordinator] [ERROR] 未找到 writer.py，且框架内置 Writer 尚未实现
[2026-05-18 15:10:22] [Coordinator] [WARNING] FillDraft 第124章失败，重试(1/3)
[2026-05-18 15:10:22] [Coordinator] [ERROR] 未找到 writer.py，且框架内置 Writer 尚未实现
[2026-05-18 15:10:22] [Coordinator] [WARNING] FillDraft 第126章失败，重试(1/3)
[2026-05-18 15:10:22] [Coordinator] [ERROR] 未找到 writer.py，且框架内置 Writer 尚未实现
[2026-05-18 15:10:22] [Coordinator] [WARNING] FillDraft 第127章失败，重试(1/3)
[2026-05-18 15:10:22] [Coordinator] [ERROR] 未找到 writer.py，且框架内置 Writer 尚未实现
[2026-05-18 15:10:22] [Coordinator] [ERROR] 未找到 writer.py，且框架内置 Writer 尚未实现
[2026-05-18 15:10:22] [Coordinator] [WARNING] FillDraft 第125章失败，重试(1/3)
[2026-05-18 15:10:22] [Coordinator] [WARNING] FillDraft 第128章失败，重试(1/3)
[2026-05-18 15:10:22] [Coordinator] [ERROR] 未找到 writer.py，且框架内置 Writer 尚未实现
[2026-05-18 15:10:22] [Coordinator] [WARNING] FillDraft 第131章失败，重试(1/3)
[2026-05-18 15:10:22] [Coordinator] [ERROR] 未找到 writer.py，且框架内置 Writer 尚未实现
[2026-05-18 15:10:22] [Coordinator] [WARNING] FillDraft 第129章失败，重试(1/3)
[2026-05-18 15:10:22] [Coordinator] [ERROR] 未找到 writer.py，且框架内置 Writer 尚未实现
[2026-05-18 15:10:22] [Coordinator] [ERROR] 未找到 writer.py，且框架内置 Writer 尚未实现
[2026-05-18 15:10:22] [Coordinator] [WARNING] FillDraft 第130章失败，重试(1/3)
[2026-05-18 15:10:22] [Coordinator] [WARNING] FillDraft 第132章失败，重试(1/3)
[2026-05-18 15:10:22] [Coordinator] [ERROR] 未找到 writer.py，且框架内置 Writer 尚未实现
[2026-05-18 15:10:22] [Coordinator] [WARNING] FillDraft 第133章失败，重试(1/3)
[2026-05-18 15:10:22] [Coordinator] [ERROR] 未找到 writer.py，且框架内置 Writer 尚未实现
[2026-05-18 15:10:22] [Coordinator] [WARNING] FillDraft 第135章失败，重试(1/3)
[2026-05-18 15:10:22] [Coordinator] [ERROR] 未找到 writer.py，且框架内置 Writer 尚未实现
[2026-05-18 15:10:22] [Coordinator] [ERROR] 未找到 writer.py，且框架内置 Writer 尚未实现
[2026-05-18 15:10:22] [Coordinator] [WARNING] FillDraft 第134章失败，重试(1/3)
[2026-05-18 15:10:22] [Coordinator] [WARNING] FillDraft 第136章失败，重试(1/3)
[2026-05-18 15:10:22] [Coordinator] [ERROR] 未找到 writer.py，且框架内置 Writer 尚未实现
[2026-05-18 15:10:22] [Coordinator] [WARNING] FillDraft 第137章失败，重试(1/3)
[2026-05-18 15:10:22] [Coordinator] [ERROR] 未找到 writer.py，且框架内置 Writer 尚未实现
[2026-05-18 15:10:22] [Coordinator] [WARNING] FillDraft 第139章失败，重试(1/3)
[2026-05-18 15:10:22] [Coordinator] [ERROR] 未找到 writer.py，且框架内置 Writer 尚未实现
[2026-05-18 15:10:22] [Coordinator] [ERROR] 未找到 writer.py，且框架内置 Writer 尚未实现
[2026-05-18 15:10:22] [Coordinator] [WARNING] FillDraft 第138章失败，重试(1/3)
[2026-05-18 15:10:22] [Coordinator] [WARNING] FillDraft 第140章失败，重试(1/3)
[2026-05-18 15:10:22] [Coordinator] [ERROR] 未找到 writer.py，且框架内置 Writer 尚未实现
[2026-05-18 15:10:22] [Coordinator] [WARNING] FillDraft 第121章失败，重试(2/3)
[2026-05-18 15:10:22] [Coordinator] [ERROR] 未找到 writer.py，且框架内置 Writer 尚未实现
[2026-05-18 15:10:22] [Coordinator] [WARNING] FillDraft 第123章失败，重试(2/3)
[2026-05-18 15:10:22] [Coordinator] [ERROR] 未找到 writer.py，且框架内置 Writer 尚未实现
[2026-05-18 15:10:22] [Coordinator] [ERROR] 未找到 writer.py，且框架内置 Writer 尚未实现
[2026-05-18 15:10:22] [Coordinator] [WARNING] FillDraft 第122章失败，重试(2/3)
[2026-05-18 15:10:22] [Coordinator] [WARNING] FillDraft 第124章失败，重试(2/3)
[2026-05-18 15:10:22] [Coordinator] [ERROR] 未找到 writer.py，且框架内置 Writer 尚未实现
[2026-05-18 15:10:22] [Coordinator] [WARNING] FillDraft 第126章失败，重试(2/3)
[2026-05-18 15:10:22] [Coordinator] [ERROR] 未找到 writer.py，且框架内置 Writer 尚未实现
[2026-05-18 15:10:22] [Coordinator] [WARNING] FillDraft 第125章失败，重试(2/3)
[2026-05-18 15:10:22] [Coordinator] [ERROR] 未找到 writer.py，且框架内置 Writer 尚未实现
[2026-05-18 15:10:22] [Coordinator] [ERROR] 未找到 writer.py，且框架内置 Writer 尚未实现
[2026-05-18 15:10:22] [Coordinator] [WARNING] FillDraft 第127章失败，重试(2/3)
[2026-05-18 15:10:22] [Coordinator] [WARNING] FillDraft 第128章失败，重试(2/3)
[2026-05-18 15:10:22] [Coordinator] [ERROR] 未找到 writer.py，且框架内置 Writer 尚未实现
[2026-05-18 15:10:22] [Coordinator] [WARNING] FillDraft 第131章失败，重试(2/3)
[2026-05-18 15:10:22] [Coordinator] [ERROR] 未找到 writer.py，且框架内置 Writer 尚未实现
[2026-05-18 15:10:22] [Coordinator] [WARNING] FillDraft 第130章失败，重试(2/3)
[2026-05-18 15:10:22] [Coordinator] [ERROR] 未找到 writer.py，且框架内置 Writer 尚未实现
[2026-05-18 15:10:22] [Coordinator] [ERROR] 未找到 writer.py，且框架内置 Writer 尚未实现
[2026-05-18 15:10:22] [Coordinator] [WARNING] FillDraft 第129章失败，重试(2/3)
[2026-05-18 15:10:22] [Coordinator] [WARNING] FillDraft 第132章失败，重试(2/3)
[2026-05-18 15:10:22] [Coordinator] [ERROR] 未找到 writer.py，且框架内置 Writer 尚未实现
[2026-05-18 15:10:22] [Coordinator] [WARNING] FillDraft 第133章失败，重试(2/3)
[2026-05-18 15:10:22] [Coordinator] [ERROR] 未找到 writer.py，且框架内置 Writer 尚未实现
[2026-05-18 15:10:22] [Coordinator] [WARNING] FillDraft 第134章失败，重试(2/3)
[2026-05-18 15:10:22] [Coordinator] [ERROR] 未找到 writer.py，且框架内置 Writer 尚未实现
[2026-05-18 15:10:22] [Coordinator] [ERROR] 未找到 writer.py，且框架内置 Writer 尚未实现
[2026-05-18 15:10:22] [Coordinator] [WARNING] FillDraft 第135章失败，重试(2/3)
[2026-05-18 15:10:22] [Coordinator] [WARNING] FillDraft 第136章失败，重试(2/3)
[2026-05-18 15:10:22] [Coordinator] [ERROR] 未找到 writer.py，且框架内置 Writer 尚未实现
[2026-05-18 15:10:22] [Coordinator] [WARNING] FillDraft 第137章失败，重试(2/3)
[2026-05-18 15:10:22] [Coordinator] [ERROR] 未找到 writer.py，且框架内置 Writer 尚未实现
[2026-05-18 15:10:22] [Coordinator] [WARNING] FillDraft 第138章失败，重试(2/3)
[2026-05-18 15:10:22] [Coordinator] [ERROR] 未找到 writer.py，且框架内置 Writer 尚未实现
[2026-05-18 15:10:22] [Coordinator] [ERROR] 未找到 writer.py，且框架内置 Writer 尚未实现
[2026-05-18 15:10:22] [Coordinator] [WARNING] FillDraft 第139章失败，重试(2/3)
[2026-05-18 15:10:22] [Coordinator] [ERROR] 未找到 writer.py，且框架内置 Writer 尚未实现
[2026-05-18 15:10:22] [Coordinator] [WARNING] FillDraft 第123章失败，重试(3/3)
[2026-05-18 15:10:22] [Coordinator] [ERROR] 未找到 writer.py，且框架内置 Writer 尚未实现
[2026-05-18 15:10:22] [Coordinator] [WARNING] FillDraft 第122章失败，重试(3/3)
[2026-05-18 15:10:22] [Coordinator] [ERROR] 未找到 writer.py，且框架内置 Writer 尚未实现
[2026-05-18 15:10:22] [Coordinator] [WARNING] FillDraft 第140章失败，重试(2/3)
[2026-05-18 15:10:22] [Coordinator] [ERROR] 未找到 writer.py，且框架内置 Writer 尚未实现
[2026-05-18 15:10:22] [Coordinator] [WARNING] FillDraft 第124章失败，重试(3/3)
[2026-05-18 15:10:22] [Coordinator] [ERROR] 未找到 writer.py，且框架内置 Writer 尚未实现
[2026-05-18 15:10:22] [Coordinator] [WARNING] FillDraft 第126章失败，重试(3/3)
[2026-05-18 15:10:22] [Coordinator] [ERROR] 未找到 writer.py，且框架内置 Writer 尚未实现
[2026-05-18 15:10:22] [Coordinator] [WARNING] FillDraft 第121章失败，重试(3/3)
[2026-05-18 15:10:22] [Coordinator] [ERROR] 未找到 writer.py，且框架内置 Writer 尚未实现
[2026-05-18 15:10:22] [Coordinator] [WARNING] FillDraft 第128章失败，重试(3/3)
[2026-05-18 15:10:22] [Coordinator] [ERROR] 未找到 writer.py，且框架内置 Writer 尚未实现
[2026-05-18 15:10:22] [Coordinator] [WARNING] FillDraft 第127章失败，重试(3/3)
[2026-05-18 15:10:22] [Coordinator] [ERROR] 未找到 writer.py，且框架内置 Writer 尚未实现
[2026-05-18 15:10:22] [Coordinator] [WARNING] FillDraft 第125章失败，重试(3/3)
[2026-05-18 15:10:22] [Coordinator] [ERROR] 未找到 writer.py，且框架内置 Writer 尚未实现
[2026-05-18 15:10:22] [Coordinator] [WARNING] FillDraft 第130章失败，重试(3/3)
[2026-05-18 15:10:22] [Coordinator] [ERROR] 未找到 writer.py，且框架内置 Writer 尚未实现
[2026-05-18 15:10:22] [Coordinator] [WARNING] FillDraft 第131章失败，重试(3/3)
[2026-05-18 15:10:22] [Coordinator] [ERROR] 未找到 writer.py，且框架内置 Writer 尚未实现
[2026-05-18 15:10:22] [Coordinator] [WARNING] FillDraft 第132章失败，重试(3/3)
[2026-05-18 15:10:22] [Coordinator] [ERROR] 未找到 writer.py，且框架内置 Writer 尚未实现
[2026-05-18 15:10:22] [Coordinator] [WARNING] FillDraft 第133章失败，重试(3/3)
[2026-05-18 15:10:22] [Coordinator] [ERROR] 未找到 writer.py，且框架内置 Writer 尚未实现
[2026-05-18 15:10:22] [Coordinator] [WARNING] FillDraft 第129章失败，重试(3/3)
[2026-05-18 15:10:22] [Coordinator] [ERROR] 未找到 writer.py，且框架内置 Writer 尚未实现
[2026-05-18 15:10:22] [Coordinator] [WARNING] FillDraft 第135章失败，重试(3/3)
[2026-05-18 15:10:22] [Coordinator] [ERROR] 未找到 writer.py，且框架内置 Writer 尚未实现
[2026-05-18 15:10:22] [Coordinator] [WARNING] FillDraft 第136章失败，重试(3/3)
[2026-05-18 15:10:22] [Coordinator] [ERROR] 未找到 writer.py，且框架内置 Writer 尚未实现
[2026-05-18 15:10:22] [Coordinator] [WARNING] FillDraft 第134章失败，重试(3/3)
[2026-05-18 15:10:22] [Coordinator] [ERROR] 未找到 writer.py，且框架内置 Writer 尚未实现
[2026-05-18 15:10:22] [Coordinator] [WARNING] FillDraft 第138章失败，重试(3/3)
[2026-05-18 15:10:22] [Coordinator] [ERROR] 未找到 writer.py，且框架内置 Writer 尚未实现
[2026-05-18 15:10:22] [Coordinator] [WARNING] FillDraft 第139章失败，重试(3/3)
[2026-05-18 15:10:22] [Coordinator] [ERROR] 未找到 writer.py，且框架内置 Writer 尚未实现
[2026-05-18 15:10:22] [Coordinator] [ERROR] FillDraft 第123章彻底失败
[2026-05-18 15:10:22] [Coordinator] [ERROR] 未找到 writer.py，且框架内置 Writer 尚未实现
[2026-05-18 15:10:22] [Coordinator] [WARNING] FillDraft 第137章失败，重试(3/3)
[2026-05-18 15:10:22] [Coordinator] [ERROR] 未找到 writer.py，且框架内置 Writer 尚未实现
[2026-05-18 15:10:22] [Coordinator] [WARNING] FillDraft 第140章失败，重试(3/3)
[2026-05-18 15:10:22] [Coordinator] [ERROR] 未找到 writer.py，且框架内置 Writer 尚未实现
[2026-05-18 15:10:22] [Coordinator] [ERROR] FillDraft 第124章彻底失败
[2026-05-18 15:10:22] [Coordinator] [ERROR] 未找到 writer.py，且框架内置 Writer 尚未实现
[2026-05-18 15:10:22] [Coordinator] [ERROR] FillDraft 第122章彻底失败
[2026-05-18 15:10:22] [Coordinator] [ERROR] 未找到 writer.py，且框架内置 Writer 尚未实现
[2026-05-18 15:10:22] [Coordinator] [ERROR] FillDraft 第121章彻底失败
[2026-05-18 15:10:22] [Coordinator] [ERROR] 未找到 writer.py，且框架内置 Writer 尚未实现
[2026-05-18 15:10:22] [Coordinator] [ERROR] FillDraft 第128章彻底失败
[2026-05-18 15:10:22] [Coordinator] [ERROR] 未找到 writer.py，且框架内置 Writer 尚未实现
[2026-05-18 15:10:22] [Coordinator] [ERROR] FillDraft 第126章彻底失败
[2026-05-18 15:10:22] [Coordinator] [ERROR] 未找到 writer.py，且框架内置 Writer 尚未实现
[2026-05-18 15:10:22] [Coordinator] [ERROR] FillDraft 第125章彻底失败
[2026-05-18 15:10:22] [Coordinator] [ERROR] 未找到 writer.py，且框架内置 Writer 尚未实现
[2026-05-18 15:10:22] [Coordinator] [ERROR] FillDraft 第130章彻底失败
[2026-05-18 15:10:22] [Coordinator] [ERROR] 未找到 writer.py，且框架内置 Writer 尚未实现
[2026-05-18 15:10:22] [Coordinator] [ERROR] FillDraft 第131章彻底失败
[2026-05-18 15:10:22] [Coordinator] [ERROR] 未找到 writer.py，且框架内置 Writer 尚未实现
[2026-05-18 15:10:22] [Coordinator] [ERROR] FillDraft 第127章彻底失败
[2026-05-18 15:10:22] [Coordinator] [ERROR] 未找到 writer.py，且框架内置 Writer 尚未实现
[2026-05-18 15:10:22] [Coordinator] [ERROR] FillDraft 第133章彻底失败
[2026-05-18 15:10:22] [Coordinator] [ERROR] 未找到 writer.py，且框架内置 Writer 尚未实现
[2026-05-18 15:10:22] [Coordinator] [ERROR] FillDraft 第129章彻底失败
[2026-05-18 15:10:22] [Coordinator] [ERROR] 未找到 writer.py，且框架内置 Writer 尚未实现
[2026-05-18 15:10:22] [Coordinator] [ERROR] FillDraft 第132章彻底失败
[2026-05-18 15:10:22] [Coordinator] [ERROR] 未找到 writer.py，且框架内置 Writer 尚未实现
[2026-05-18 15:10:22] [Coordinator] [ERROR] FillDraft 第136章彻底失败
[2026-05-18 15:10:22] [Coordinator] [ERROR] 未找到 writer.py，且框架内置 Writer 尚未实现
[2026-05-18 15:10:22] [Coordinator] [ERROR] FillDraft 第134章彻底失败
[2026-05-18 15:10:22] [Coordinator] [ERROR] 未找到 writer.py，且框架内置 Writer 尚未实现
[2026-05-18 15:10:22] [Coordinator] [ERROR] FillDraft 第135章彻底失败
[2026-05-18 15:10:22] [Coordinator] [ERROR] 未找到 writer.py，且框架内置 Writer 尚未实现
[2026-05-18 15:10:22] [Coordinator] [ERROR] FillDraft 第139章彻底失败
[2026-05-18 15:10:22] [Coordinator] [ERROR] 未找到 writer.py，且框架内置 Writer 尚未实现
[2026-05-18 15:10:22] [Coordinator] [ERROR] FillDraft 第140章彻底失败
[2026-05-18 15:10:22] [Coordinator] [ERROR] 未找到 writer.py，且框架内置 Writer 尚未实现
[2026-05-18 15:10:22] [Coordinator] [ERROR] FillDraft 第138章彻底失败
[2026-05-18 15:10:22] [Coordinator] [ERROR] FillDraft 第137章彻底失败
[2026-05-18 15:10:24] [Coordinator] [INFO] FillDraft 批次完成: 成功 0 章, 失败 20 章
[2026-05-18 15:10:24] [Coordinator] [INFO] 检测到 20 章审查缺失，开始补全...
[2026-05-18 15:10:24] [Coordinator] [INFO] 工作队列: 20 个任务, 3 workers [FillReview]
[2026-05-18 15:10:24] [Coordinator] [ERROR] 未找到 reviewer.py，且框架内置 Reviewer 尚未实现
[2026-05-18 15:10:24] [Coordinator] [WARNING] FillReview 第121章失败，重试(1/3)
[2026-05-18 15:10:24] [Coordinator] [ERROR] 未找到 reviewer.py，且框架内置 Reviewer 尚未实现
[2026-05-18 15:10:24] [Coordinator] [WARNING] FillReview 第123章失败，重试(1/3)
[2026-05-18 15:10:24] [Coordinator] [ERROR] 未找到 reviewer.py，且框架内置 Reviewer 尚未实现
[2026-05-18 15:10:24] [Coordinator] [ERROR] 未找到 reviewer.py，且框架内置 Reviewer 尚未实现
[2026-05-18 15:10:24] [Coordinator] [WARNING] FillReview 第122章失败，重试(1/3)
[2026-05-18 15:10:24] [Coordinator] [WARNING] FillReview 第124章失败，重试(1/3)
[2026-05-18 15:10:24] [Coordinator] [ERROR] 未找到 reviewer.py，且框架内置 Reviewer 尚未实现
[2026-05-18 15:10:24] [Coordinator] [WARNING] FillReview 第125章失败，重试(1/3)
[2026-05-18 15:10:24] [Coordinator] [ERROR] 未找到 reviewer.py，且框架内置 Reviewer 尚未实现
[2026-05-18 15:10:24] [Coordinator] [WARNING] FillReview 第127章失败，重试(1/3)
[2026-05-18 15:10:24] [Coordinator] [ERROR] 未找到 reviewer.py，且框架内置 Reviewer 尚未实现
[2026-05-18 15:10:24] [Coordinator] [ERROR] 未找到 reviewer.py，且框架内置 Reviewer 尚未实现
[2026-05-18 15:10:24] [Coordinator] [WARNING] FillReview 第126章失败，重试(1/3)
[2026-05-18 15:10:24] [Coordinator] [WARNING] FillReview 第129章失败，重试(1/3)
[2026-05-18 15:10:24] [Coordinator] [ERROR] 未找到 reviewer.py，且框架内置 Reviewer 尚未实现
[2026-05-18 15:10:24] [Coordinator] [WARNING] FillReview 第128章失败，重试(1/3)
[2026-05-18 15:10:24] [Coordinator] [ERROR] 未找到 reviewer.py，且框架内置 Reviewer 尚未实现
[2026-05-18 15:10:24] [Coordinator] [WARNING] FillReview 第131章失败，重试(1/3)
[2026-05-18 15:10:24] [Coordinator] [ERROR] 未找到 reviewer.py，且框架内置 Reviewer 尚未实现
[2026-05-18 15:10:24] [Coordinator] [WARNING] FillReview 第132章失败，重试(1/3)
[2026-05-18 15:10:24] [Coordinator] [ERROR] 未找到 reviewer.py，且框架内置 Reviewer 尚未实现
[2026-05-18 15:10:24] [Coordinator] [ERROR] 未找到 reviewer.py，且框架内置 Reviewer 尚未实现
[2026-05-18 15:10:24] [Coordinator] [WARNING] FillReview 第130章失败，重试(1/3)
[2026-05-18 15:10:24] [Coordinator] [WARNING] FillReview 第133章失败，重试(1/3)
[2026-05-18 15:10:24] [Coordinator] [ERROR] 未找到 reviewer.py，且框架内置 Reviewer 尚未实现
[2026-05-18 15:10:24] [Coordinator] [WARNING] FillReview 第134章失败，重试(1/3)
[2026-05-18 15:10:24] [Coordinator] [ERROR] 未找到 reviewer.py，且框架内置 Reviewer 尚未实现
[2026-05-18 15:10:24] [Coordinator] [WARNING] FillReview 第136章失败，重试(1/3)
[2026-05-18 15:10:24] [Coordinator] [ERROR] 未找到 reviewer.py，且框架内置 Reviewer 尚未实现
[2026-05-18 15:10:24] [Coordinator] [ERROR] 未找到 reviewer.py，且框架内置 Reviewer 尚未实现
[2026-05-18 15:10:24] [Coordinator] [WARNING] FillReview 第135章失败，重试(1/3)
[2026-05-18 15:10:24] [Coordinator] [WARNING] FillReview 第137章失败，重试(1/3)
[2026-05-18 15:10:24] [Coordinator] [ERROR] 未找到 reviewer.py，且框架内置 Reviewer 尚未实现
[2026-05-18 15:10:24] [Coordinator] [WARNING] FillReview 第138章失败，重试(1/3)
[2026-05-18 15:10:24] [Coordinator] [ERROR] 未找到 reviewer.py，且框架内置 Reviewer 尚未实现
[2026-05-18 15:10:24] [Coordinator] [WARNING] FillReview 第140章失败，重试(1/3)
[2026-05-18 15:10:24] [Coordinator] [ERROR] 未找到 reviewer.py，且框架内置 Reviewer 尚未实现
[2026-05-18 15:10:24] [Coordinator] [WARNING] FillReview 第121章失败，重试(2/3)
[2026-05-18 15:10:24] [Coordinator] [ERROR] 未找到 reviewer.py，且框架内置 Reviewer 尚未实现
[2026-05-18 15:10:24] [Coordinator] [ERROR] 未找到 reviewer.py，且框架内置 Reviewer 尚未实现
[2026-05-18 15:10:24] [Coordinator] [WARNING] FillReview 第139章失败，重试(1/3)
[2026-05-18 15:10:24] [Coordinator] [WARNING] FillReview 第122章失败，重试(2/3)
[2026-05-18 15:10:24] [Coordinator] [ERROR] 未找到 reviewer.py，且框架内置 Reviewer 尚未实现
[2026-05-18 15:10:24] [Coordinator] [WARNING] FillReview 第123章失败，重试(2/3)
[2026-05-18 15:10:24] [Coordinator] [ERROR] 未找到 reviewer.py，且框架内置 Reviewer 尚未实现
[2026-05-18 15:10:24] [Coordinator] [WARNING] FillReview 第125章失败，重试(2/3)
[2026-05-18 15:10:24] [Coordinator] [ERROR] 未找到 reviewer.py，且框架内置 Reviewer 尚未实现
[2026-05-18 15:10:24] [Coordinator] [WARNING] FillReview 第127章失败，重试(2/3)
[2026-05-18 15:10:24] [Coordinator] [ERROR] 未找到 reviewer.py，且框架内置 Reviewer 尚未实现
[2026-05-18 15:10:24] [Coordinator] [ERROR] 未找到 reviewer.py，且框架内置 Reviewer 尚未实现
[2026-05-18 15:10:24] [Coordinator] [WARNING] FillReview 第124章失败，重试(2/3)
[2026-05-18 15:10:24] [Coordinator] [WARNING] FillReview 第126章失败，重试(2/3)
[2026-05-18 15:10:24] [Coordinator] [ERROR] 未找到 reviewer.py，且框架内置 Reviewer 尚未实现
[2026-05-18 15:10:24] [Coordinator] [WARNING] FillReview 第129章失败，重试(2/3)
[2026-05-18 15:10:24] [Coordinator] [ERROR] 未找到 reviewer.py，且框架内置 Reviewer 尚未实现
[2026-05-18 15:10:24] [Coordinator] [WARNING] FillReview 第131章失败，重试(2/3)
[2026-05-18 15:10:24] [Coordinator] [ERROR] 未找到 reviewer.py，且框架内置 Reviewer 尚未实现
[2026-05-18 15:10:24] [Coordinator] [WARNING] FillReview 第132章失败，重试(2/3)
[2026-05-18 15:10:24] [Coordinator] [ERROR] 未找到 reviewer.py，且框架内置 Reviewer 尚未实现
[2026-05-18 15:10:24] [Coordinator] [ERROR] 未找到 reviewer.py，且框架内置 Reviewer 尚未实现
[2026-05-18 15:10:24] [Coordinator] [WARNING] FillReview 第128章失败，重试(2/3)
[2026-05-18 15:10:24] [Coordinator] [WARNING] FillReview 第130章失败，重试(2/3)
[2026-05-18 15:10:24] [Coordinator] [ERROR] 未找到 reviewer.py，且框架内置 Reviewer 尚未实现
[2026-05-18 15:10:24] [Coordinator] [WARNING] FillReview 第133章失败，重试(2/3)
[2026-05-18 15:10:24] [Coordinator] [ERROR] 未找到 reviewer.py，且框架内置 Reviewer 尚未实现
[2026-05-18 15:10:24] [Coordinator] [WARNING] FillReview 第136章失败，重试(2/3)
[2026-05-18 15:10:24] [Coordinator] [ERROR] 未找到 reviewer.py，且框架内置 Reviewer 尚未实现
[2026-05-18 15:10:24] [Coordinator] [WARNING] FillReview 第135章失败，重试(2/3)
[2026-05-18 15:10:24] [Coordinator] [ERROR] 未找到 reviewer.py，且框架内置 Reviewer 尚未实现
[2026-05-18 15:10:24] [Coordinator] [ERROR] 未找到 reviewer.py，且框架内置 Reviewer 尚未实现
[2026-05-18 15:10:24] [Coordinator] [WARNING] FillReview 第134章失败，重试(2/3)
[2026-05-18 15:10:24] [Coordinator] [ERROR] 未找到 reviewer.py，且框架内置 Reviewer 尚未实现
[2026-05-18 15:10:24] [Coordinator] [ERROR] 未找到 reviewer.py，且框架内置 Reviewer 尚未实现
[2026-05-18 15:10:24] [Coordinator] [WARNING] FillReview 第137章失败，重试(2/3)
[2026-05-18 15:10:24] [Coordinator] [WARNING] FillReview 第140章失败，重试(2/3)
[2026-05-18 15:10:24] [Coordinator] [WARNING] FillReview 第138章失败，重试(2/3)
[2026-05-18 15:10:24] [Coordinator] [ERROR] 未找到 reviewer.py，且框架内置 Reviewer 尚未实现
[2026-05-18 15:10:24] [Coordinator] [WARNING] FillReview 第122章失败，重试(3/3)
[2026-05-18 15:10:24] [Coordinator] [ERROR] 未找到 reviewer.py，且框架内置 Reviewer 尚未实现
[2026-05-18 15:10:24] [Coordinator] [WARNING] FillReview 第121章失败，重试(3/3)
[2026-05-18 15:10:24] [Coordinator] [ERROR] 未找到 reviewer.py，且框架内置 Reviewer 尚未实现
[2026-05-18 15:10:24] [Coordinator] [ERROR] 未找到 reviewer.py，且框架内置 Reviewer 尚未实现
[2026-05-18 15:10:24] [Coordinator] [WARNING] FillReview 第139章失败，重试(2/3)
[2026-05-18 15:10:24] [Coordinator] [WARNING] FillReview 第123章失败，重试(3/3)
[2026-05-18 15:10:24] [Coordinator] [ERROR] 未找到 reviewer.py，且框架内置 Reviewer 尚未实现
[2026-05-18 15:10:24] [Coordinator] [WARNING] FillReview 第125章失败，重试(3/3)
[2026-05-18 15:10:24] [Coordinator] [ERROR] 未找到 reviewer.py，且框架内置 Reviewer 尚未实现
[2026-05-18 15:10:24] [Coordinator] [WARNING] FillReview 第124章失败，重试(3/3)
[2026-05-18 15:10:24] [Coordinator] [ERROR] 未找到 reviewer.py，且框架内置 Reviewer 尚未实现
[2026-05-18 15:10:24] [Coordinator] [WARNING] FillReview 第126章失败，重试(3/3)
[2026-05-18 15:10:24] [Coordinator] [ERROR] 未找到 reviewer.py，且框架内置 Reviewer 尚未实现
[2026-05-18 15:10:24] [Coordinator] [ERROR] 未找到 reviewer.py，且框架内置 Reviewer 尚未实现
[2026-05-18 15:10:24] [Coordinator] [WARNING] FillReview 第127章失败，重试(3/3)
[2026-05-18 15:10:24] [Coordinator] [WARNING] FillReview 第129章失败，重试(3/3)
[2026-05-18 15:10:24] [Coordinator] [ERROR] 未找到 reviewer.py，且框架内置 Reviewer 尚未实现
[2026-05-18 15:10:24] [Coordinator] [WARNING] FillReview 第131章失败，重试(3/3)
[2026-05-18 15:10:24] [Coordinator] [ERROR] 未找到 reviewer.py，且框架内置 Reviewer 尚未实现
[2026-05-18 15:10:24] [Coordinator] [WARNING] FillReview 第128章失败，重试(3/3)
[2026-05-18 15:10:24] [Coordinator] [ERROR] 未找到 reviewer.py，且框架内置 Reviewer 尚未实现
[2026-05-18 15:10:24] [Coordinator] [WARNING] FillReview 第130章失败，重试(3/3)
[2026-05-18 15:10:24] [Coordinator] [ERROR] 未找到 reviewer.py，且框架内置 Reviewer 尚未实现
[2026-05-18 15:10:24] [Coordinator] [ERROR] 未找到 reviewer.py，且框架内置 Reviewer 尚未实现
[2026-05-18 15:10:24] [Coordinator] [WARNING] FillReview 第132章失败，重试(3/3)
[2026-05-18 15:10:24] [Coordinator] [WARNING] FillReview 第133章失败，重试(3/3)
[2026-05-18 15:10:24] [Coordinator] [ERROR] 未找到 reviewer.py，且框架内置 Reviewer 尚未实现
[2026-05-18 15:10:24] [Coordinator] [WARNING] FillReview 第136章失败，重试(3/3)
[2026-05-18 15:10:24] [Coordinator] [ERROR] 未找到 reviewer.py，且框架内置 Reviewer 尚未实现
[2026-05-18 15:10:24] [Coordinator] [WARNING] FillReview 第137章失败，重试(3/3)
[2026-05-18 15:10:24] [Coordinator] [ERROR] 未找到 reviewer.py，且框架内置 Reviewer 尚未实现
[2026-05-18 15:10:24] [Coordinator] [WARNING] FillReview 第134章失败，重试(3/3)
[2026-05-18 15:10:24] [Coordinator] [ERROR] 未找到 reviewer.py，且框架内置 Reviewer 尚未实现
[2026-05-18 15:10:24] [Coordinator] [ERROR] 未找到 reviewer.py，且框架内置 Reviewer 尚未实现
[2026-05-18 15:10:24] [Coordinator] [WARNING] FillReview 第135章失败，重试(3/3)
[2026-05-18 15:10:24] [Coordinator] [WARNING] FillReview 第140章失败，重试(3/3)
[2026-05-18 15:10:24] [Coordinator] [ERROR] 未找到 reviewer.py，且框架内置 Reviewer 尚未实现
[2026-05-18 15:10:24] [Coordinator] [WARNING] FillReview 第138章失败，重试(3/3)
[2026-05-18 15:10:24] [Coordinator] [ERROR] 未找到 reviewer.py，且框架内置 Reviewer 尚未实现
[2026-05-18 15:10:24] [Coordinator] [ERROR] FillReview 第121章彻底失败
[2026-05-18 15:10:24] [Coordinator] [ERROR] 未找到 reviewer.py，且框架内置 Reviewer 尚未实现
[2026-05-18 15:10:24] [Coordinator] [ERROR] 未找到 reviewer.py，且框架内置 Reviewer 尚未实现
[2026-05-18 15:10:24] [Coordinator] [ERROR] FillReview 第122章彻底失败
[2026-05-18 15:10:24] [Coordinator] [WARNING] FillReview 第139章失败，重试(3/3)
[2026-05-18 15:10:24] [Coordinator] [ERROR] 未找到 reviewer.py，且框架内置 Reviewer 尚未实现
[2026-05-18 15:10:24] [Coordinator] [ERROR] FillReview 第123章彻底失败
[2026-05-18 15:10:24] [Coordinator] [ERROR] 未找到 reviewer.py，且框架内置 Reviewer 尚未实现
[2026-05-18 15:10:24] [Coordinator] [ERROR] FillReview 第124章彻底失败
[2026-05-18 15:10:24] [Coordinator] [ERROR] 未找到 reviewer.py，且框架内置 Reviewer 尚未实现
[2026-05-18 15:10:24] [Coordinator] [ERROR] 未找到 reviewer.py，且框架内置 Reviewer 尚未实现
[2026-05-18 15:10:24] [Coordinator] [ERROR] FillReview 第125章彻底失败
[2026-05-18 15:10:24] [Coordinator] [ERROR] FillReview 第126章彻底失败
[2026-05-18 15:10:24] [Coordinator] [ERROR] 未找到 reviewer.py，且框架内置 Reviewer 尚未实现
[2026-05-18 15:10:24] [Coordinator] [ERROR] FillReview 第127章彻底失败
[2026-05-18 15:10:24] [Coordinator] [ERROR] 未找到 reviewer.py，且框架内置 Reviewer 尚未实现
[2026-05-18 15:10:24] [Coordinator] [ERROR] FillReview 第131章彻底失败
[2026-05-18 15:10:24] [Coordinator] [ERROR] 未找到 reviewer.py，且框架内置 Reviewer 尚未实现
[2026-05-18 15:10:24] [Coordinator] [ERROR] 未找到 reviewer.py，且框架内置 Reviewer 尚未实现
[2026-05-18 15:10:24] [Coordinator] [ERROR] FillReview 第129章彻底失败
[2026-05-18 15:10:24] [Coordinator] [ERROR] FillReview 第128章彻底失败
[2026-05-18 15:10:24] [Coordinator] [ERROR] 未找到 reviewer.py，且框架内置 Reviewer 尚未实现
[2026-05-18 15:10:24] [Coordinator] [ERROR] FillReview 第130章彻底失败
[2026-05-18 15:10:24] [Coordinator] [ERROR] 未找到 reviewer.py，且框架内置 Reviewer 尚未实现
[2026-05-18 15:10:24] [Coordinator] [ERROR] FillReview 第133章彻底失败
[2026-05-18 15:10:24] [Coordinator] [ERROR] 未找到 reviewer.py，且框架内置 Reviewer 尚未实现
[2026-05-18 15:10:24] [Coordinator] [ERROR] FillReview 第136章彻底失败
[2026-05-18 15:10:24] [Coordinator] [ERROR] 未找到 reviewer.py，且框架内置 Reviewer 尚未实现
[2026-05-18 15:10:24] [Coordinator] [ERROR] 未找到 reviewer.py，且框架内置 Reviewer 尚未实现
[2026-05-18 15:10:24] [Coordinator] [ERROR] FillReview 第132章彻底失败
[2026-05-18 15:10:24] [Coordinator] [ERROR] FillReview 第137章彻底失败
[2026-05-18 15:10:24] [Coordinator] [ERROR] 未找到 reviewer.py，且框架内置 Reviewer 尚未实现
[2026-05-18 15:10:24] [Coordinator] [ERROR] FillReview 第134章彻底失败
[2026-05-18 15:10:24] [Coordinator] [ERROR] 未找到 reviewer.py，且框架内置 Reviewer 尚未实现
[2026-05-18 15:10:24] [Coordinator] [ERROR] FillReview 第140章彻底失败
[2026-05-18 15:10:24] [Coordinator] [ERROR] 未找到 reviewer.py，且框架内置 Reviewer 尚未实现
[2026-05-18 15:10:24] [Coordinator] [ERROR] FillReview 第139章彻底失败
[2026-05-18 15:10:24] [Coordinator] [ERROR] 未找到 reviewer.py，且框架内置 Reviewer 尚未实现
[2026-05-18 15:10:24] [Coordinator] [ERROR] 未找到 reviewer.py，且框架内置 Reviewer 尚未实现
[2026-05-18 15:10:24] [Coordinator] [ERROR] FillReview 第135章彻底失败
[2026-05-18 15:10:24] [Coordinator] [ERROR] FillReview 第138章彻底失败
[2026-05-18 15:10:26] [Coordinator] [INFO] FillReview 批次完成: 成功 0 章, 失败 20 章
[2026-05-18 15:10:26] [Coordinator] [INFO] 已加入多媒体队列: 第121-140章 (队列长度 136)
[2026-05-18 15:10:29] [Coordinator] [INFO] ===== 开始第 141-160 章 =====
[2026-05-18 15:10:30] [Coordinator] [INFO] 工作队列: 20 个任务, 5 workers [Writer]
[2026-05-18 15:10:30] [Coordinator] [ERROR] 未找到 writer.py，且框架内置 Writer 尚未实现
[2026-05-18 15:10:30] [Coordinator] [WARNING] Writer 第141章失败，重试(1/3)
[2026-05-18 15:10:30] [Coordinator] [ERROR] 未找到 writer.py，且框架内置 Writer 尚未实现
[2026-05-18 15:10:30] [Coordinator] [WARNING] Writer 第143章失败，重试(1/3)
[2026-05-18 15:10:30] [Coordinator] [ERROR] 未找到 writer.py，且框架内置 Writer 尚未实现
[2026-05-18 15:10:30] [Coordinator] [WARNING] Writer 第142章失败，重试(1/3)
[2026-05-18 15:10:30] [Coordinator] [ERROR] 未找到 writer.py，且框架内置 Writer 尚未实现
[2026-05-18 15:10:30] [Coordinator] [ERROR] 未找到 writer.py，且框架内置 Writer 尚未实现
[2026-05-18 15:10:30] [Coordinator] [WARNING] Writer 第144章失败，重试(1/3)
[2026-05-18 15:10:30] [Coordinator] [ERROR] 未找到 writer.py，且框架内置 Writer 尚未实现
[2026-05-18 15:10:30] [Coordinator] [ERROR] 未找到 writer.py，且框架内置 Writer 尚未实现
[2026-05-18 15:10:30] [Coordinator] [WARNING] Writer 第146章失败，重试(1/3)
[2026-05-18 15:10:30] [Coordinator] [ERROR] 未找到 writer.py，且框架内置 Writer 尚未实现
[2026-05-18 15:10:30] [Coordinator] [WARNING] Writer 第147章失败，重试(1/3)
[2026-05-18 15:10:30] [Coordinator] [WARNING] Writer 第145章失败，重试(1/3)
[2026-05-18 15:10:30] [Coordinator] [WARNING] Writer 第148章失败，重试(1/3)
[2026-05-18 15:10:30] [Coordinator] [ERROR] 未找到 writer.py，且框架内置 Writer 尚未实现
[2026-05-18 15:10:30] [Coordinator] [ERROR] 未找到 writer.py，且框架内置 Writer 尚未实现
[2026-05-18 15:10:30] [Coordinator] [WARNING] Writer 第149章失败，重试(1/3)
[2026-05-18 15:10:30] [Coordinator] [ERROR] 未找到 writer.py，且框架内置 Writer 尚未实现
[2026-05-18 15:10:30] [Coordinator] [WARNING] Writer 第152章失败，重试(1/3)
[2026-05-18 15:10:30] [Coordinator] [WARNING] Writer 第150章失败，重试(1/3)
[2026-05-18 15:10:30] [Coordinator] [ERROR] 未找到 writer.py，且框架内置 Writer 尚未实现
[2026-05-18 15:10:30] [Coordinator] [WARNING] Writer 第151章失败，重试(1/3)
[2026-05-18 15:10:30] [Coordinator] [ERROR] 未找到 writer.py，且框架内置 Writer 尚未实现
[2026-05-18 15:10:30] [Coordinator] [WARNING] Writer 第153章失败，重试(1/3)
[2026-05-18 15:10:30] [Coordinator] [ERROR] 未找到 writer.py，且框架内置 Writer 尚未实现
[2026-05-18 15:10:30] [Coordinator] [ERROR] 未找到 writer.py，且框架内置 Writer 尚未实现
[2026-05-18 15:10:30] [Coordinator] [WARNING] Writer 第154章失败，重试(1/3)
[2026-05-18 15:10:30] [Coordinator] [ERROR] 未找到 writer.py，且框架内置 Writer 尚未实现
[2026-05-18 15:10:30] [Coordinator] [WARNING] Writer 第155章失败，重试(1/3)
[2026-05-18 15:10:30] [Coordinator] [WARNING] Writer 第156章失败，重试(1/3)
[2026-05-18 15:10:30] [Coordinator] [ERROR] 未找到 writer.py，且框架内置 Writer 尚未实现
[2026-05-18 15:10:30] [Coordinator] [WARNING] Writer 第157章失败，重试(1/3)
[2026-05-18 15:10:30] [Coordinator] [ERROR] 未找到 writer.py，且框架内置 Writer 尚未实现
[2026-05-18 15:10:30] [Coordinator] [WARNING] Writer 第158章失败，重试(1/3)
[2026-05-18 15:10:30] [Coordinator] [ERROR] 未找到 writer.py，且框架内置 Writer 尚未实现
[2026-05-18 15:10:30] [Coordinator] [ERROR] 未找到 writer.py，且框架内置 Writer 尚未实现
[2026-05-18 15:10:30] [Coordinator] [WARNING] Writer 第159章失败，重试(1/3)
[2026-05-18 15:10:30] [Coordinator] [ERROR] 未找到 writer.py，且框架内置 Writer 尚未实现
[2026-05-18 15:10:30] [Coordinator] [WARNING] Writer 第160章失败，重试(1/3)
[2026-05-18 15:10:30] [Coordinator] [WARNING] Writer 第141章失败，重试(2/3)
[2026-05-18 15:10:30] [Coordinator] [ERROR] 未找到 writer.py，且框架内置 Writer 尚未实现
[2026-05-18 15:10:30] [Coordinator] [WARNING] Writer 第143章失败，重试(2/3)
[2026-05-18 15:10:30] [Coordinator] [ERROR] 未找到 writer.py，且框架内置 Writer 尚未实现
[2026-05-18 15:10:30] [Coordinator] [WARNING] Writer 第142章失败，重试(2/3)
[2026-05-18 15:10:30] [Coordinator] [ERROR] 未找到 writer.py，且框架内置 Writer 尚未实现
[2026-05-18 15:10:30] [Coordinator] [ERROR] 未找到 writer.py，且框架内置 Writer 尚未实现
[2026-05-18 15:10:30] [Coordinator] [ERROR] 未找到 writer.py，且框架内置 Writer 尚未实现
[2026-05-18 15:10:30] [Coordinator] [ERROR] 未找到 writer.py，且框架内置 Writer 尚未实现
[2026-05-18 15:10:30] [Coordinator] [WARNING] Writer 第146章失败，重试(2/3)
[2026-05-18 15:10:30] [Coordinator] [WARNING] Writer 第147章失败，重试(2/3)
[2026-05-18 15:10:30] [Coordinator] [WARNING] Writer 第144章失败，重试(2/3)
[2026-05-18 15:10:30] [Coordinator] [WARNING] Writer 第145章失败，重试(2/3)
[2026-05-18 15:10:30] [Coordinator] [ERROR] 未找到 writer.py，且框架内置 Writer 尚未实现
[2026-05-18 15:10:30] [Coordinator] [WARNING] Writer 第148章失败，重试(2/3)
[2026-05-18 15:10:30] [Coordinator] [ERROR] 未找到 writer.py，且框架内置 Writer 尚未实现
[2026-05-18 15:10:30] [Coordinator] [WARNING] Writer 第152章失败，重试(2/3)
[2026-05-18 15:10:30] [Coordinator] [ERROR] 未找到 writer.py，且框架内置 Writer 尚未实现
[2026-05-18 15:10:30] [Coordinator] [ERROR] 未找到 writer.py，且框架内置 Writer 尚未实现
[2026-05-18 15:10:30] [Coordinator] [ERROR] 未找到 writer.py，且框架内置 Writer 尚未实现
[2026-05-18 15:10:30] [Coordinator] [ERROR] 未找到 writer.py，且框架内置 Writer 尚未实现
[2026-05-18 15:10:30] [Coordinator] [WARNING] Writer 第150章失败，重试(2/3)
[2026-05-18 15:10:30] [Coordinator] [WARNING] Writer 第151章失败，重试(2/3)
[2026-05-18 15:10:30] [Coordinator] [WARNING] Writer 第149章失败，重试(2/3)
[2026-05-18 15:10:30] [Coordinator] [WARNING] Writer 第153章失败，重试(2/3)
[2026-05-18 15:10:30] [Coordinator] [ERROR] 未找到 writer.py，且框架内置 Writer 尚未实现
[2026-05-18 15:10:30] [Coordinator] [WARNING] Writer 第154章失败，重试(2/3)
[2026-05-18 15:10:30] [Coordinator] [ERROR] 未找到 writer.py，且框架内置 Writer 尚未实现
[2026-05-18 15:10:30] [Coordinator] [WARNING] Writer 第156章失败，重试(2/3)
[2026-05-18 15:10:30] [Coordinator] [ERROR] 未找到 writer.py，且框架内置 Writer 尚未实现
[2026-05-18 15:10:30] [Coordinator] [ERROR] 未找到 writer.py，且框架内置 Writer 尚未实现
[2026-05-18 15:10:30] [Coordinator] [WARNING] Writer 第155章失败，重试(2/3)
[2026-05-18 15:10:30] [Coordinator] [ERROR] 未找到 writer.py，且框架内置 Writer 尚未实现
[2026-05-18 15:10:30] [Coordinator] [WARNING] Writer 第157章失败，重试(2/3)
[2026-05-18 15:10:30] [Coordinator] [WARNING] Writer 第158章失败，重试(2/3)
[2026-05-18 15:10:30] [Coordinator] [ERROR] 未找到 writer.py，且框架内置 Writer 尚未实现
[2026-05-18 15:10:30] [Coordinator] [WARNING] Writer 第159章失败，重试(2/3)
[2026-05-18 15:10:30] [Coordinator] [ERROR] 未找到 writer.py，且框架内置 Writer 尚未实现
[2026-05-18 15:10:30] [Coordinator] [WARNING] Writer 第160章失败，重试(2/3)
[2026-05-18 15:10:30] [Coordinator] [ERROR] 未找到 writer.py，且框架内置 Writer 尚未实现
[2026-05-18 15:10:30] [Coordinator] [ERROR] 未找到 writer.py，且框架内置 Writer 尚未实现
[2026-05-18 15:10:30] [Coordinator] [WARNING] Writer 第141章失败，重试(3/3)
[2026-05-18 15:10:30] [Coordinator] [ERROR] 未找到 writer.py，且框架内置 Writer 尚未实现
[2026-05-18 15:10:30] [Coordinator] [WARNING] Writer 第143章失败，重试(3/3)
[2026-05-18 15:10:30] [Coordinator] [WARNING] Writer 第142章失败，重试(3/3)
[2026-05-18 15:10:30] [Coordinator] [ERROR] 未找到 writer.py，且框架内置 Writer 尚未实现
[2026-05-18 15:10:30] [Coordinator] [WARNING] Writer 第146章失败，重试(3/3)
[2026-05-18 15:10:30] [Coordinator] [ERROR] 未找到 writer.py，且框架内置 Writer 尚未实现
[2026-05-18 15:10:30] [Coordinator] [WARNING] Writer 第147章失败，重试(3/3)
[2026-05-18 15:10:30] [Coordinator] [ERROR] 未找到 writer.py，且框架内置 Writer 尚未实现
[2026-05-18 15:10:30] [Coordinator] [ERROR] 未找到 writer.py，且框架内置 Writer 尚未实现
[2026-05-18 15:10:30] [Coordinator] [WARNING] Writer 第144章失败，重试(3/3)
[2026-05-18 15:10:30] [Coordinator] [ERROR] 未找到 writer.py，且框架内置 Writer 尚未实现
[2026-05-18 15:10:30] [Coordinator] [ERROR] 未找到 writer.py，且框架内置 Writer 尚未实现
[2026-05-18 15:10:30] [Coordinator] [WARNING] Writer 第148章失败，重试(3/3)
[2026-05-18 15:10:30] [Coordinator] [ERROR] 未找到 writer.py，且框架内置 Writer 尚未实现
[2026-05-18 15:10:30] [Coordinator] [WARNING] Writer 第152章失败，重试(3/3)
[2026-05-18 15:10:30] [Coordinator] [WARNING] Writer 第145章失败，重试(3/3)
[2026-05-18 15:10:30] [Coordinator] [WARNING] Writer 第150章失败，重试(3/3)
[2026-05-18 15:10:30] [Coordinator] [ERROR] 未找到 writer.py，且框架内置 Writer 尚未实现
[2026-05-18 15:10:30] [Coordinator] [ERROR] 未找到 writer.py，且框架内置 Writer 尚未实现
[2026-05-18 15:10:30] [Coordinator] [WARNING] Writer 第151章失败，重试(3/3)
[2026-05-18 15:10:30] [Coordinator] [ERROR] 未找到 writer.py，且框架内置 Writer 尚未实现
[2026-05-18 15:10:30] [Coordinator] [WARNING] Writer 第154章失败，重试(3/3)
[2026-05-18 15:10:30] [Coordinator] [WARNING] Writer 第149章失败，重试(3/3)
[2026-05-18 15:10:30] [Coordinator] [ERROR] 未找到 writer.py，且框架内置 Writer 尚未实现
[2026-05-18 15:10:30] [Coordinator] [WARNING] Writer 第153章失败，重试(3/3)
[2026-05-18 15:10:30] [Coordinator] [ERROR] 未找到 writer.py，且框架内置 Writer 尚未实现
[2026-05-18 15:10:30] [Coordinator] [WARNING] Writer 第156章失败，重试(3/3)
[2026-05-18 15:10:30] [Coordinator] [ERROR] 未找到 writer.py，且框架内置 Writer 尚未实现
[2026-05-18 15:10:30] [Coordinator] [ERROR] 未找到 writer.py，且框架内置 Writer 尚未实现
[2026-05-18 15:10:30] [Coordinator] [WARNING] Writer 第155章失败，重试(3/3)
[2026-05-18 15:10:30] [Coordinator] [ERROR] 未找到 writer.py，且框架内置 Writer 尚未实现
[2026-05-18 15:10:30] [Coordinator] [WARNING] Writer 第157章失败，重试(3/3)
[2026-05-18 15:10:30] [Coordinator] [WARNING] Writer 第158章失败，重试(3/3)
[2026-05-18 15:10:30] [Coordinator] [ERROR] 未找到 writer.py，且框架内置 Writer 尚未实现
[2026-05-18 15:10:30] [Coordinator] [WARNING] Writer 第159章失败，重试(3/3)
[2026-05-18 15:10:30] [Coordinator] [ERROR] 未找到 writer.py，且框架内置 Writer 尚未实现
[2026-05-18 15:10:30] [Coordinator] [WARNING] Writer 第160章失败，重试(3/3)
[2026-05-18 15:10:30] [Coordinator] [ERROR] 未找到 writer.py，且框架内置 Writer 尚未实现
[2026-05-18 15:10:30] [Coordinator] [ERROR] 未找到 writer.py，且框架内置 Writer 尚未实现
[2026-05-18 15:10:30] [Coordinator] [ERROR] Writer 第141章彻底失败
[2026-05-18 15:10:30] [Coordinator] [ERROR] 未找到 writer.py，且框架内置 Writer 尚未实现
[2026-05-18 15:10:30] [Coordinator] [ERROR] Writer 第143章彻底失败
[2026-05-18 15:10:30] [Coordinator] [ERROR] Writer 第142章彻底失败
[2026-05-18 15:10:30] [Coordinator] [ERROR] 未找到 writer.py，且框架内置 Writer 尚未实现
[2026-05-18 15:10:30] [Coordinator] [ERROR] Writer 第146章彻底失败
[2026-05-18 15:10:30] [Coordinator] [ERROR] 未找到 writer.py，且框架内置 Writer 尚未实现
[2026-05-18 15:10:30] [Coordinator] [ERROR] Writer 第147章彻底失败
[2026-05-18 15:10:30] [Coordinator] [ERROR] 未找到 writer.py，且框架内置 Writer 尚未实现
[2026-05-18 15:10:30] [Coordinator] [ERROR] 未找到 writer.py，且框架内置 Writer 尚未实现
[2026-05-18 15:10:30] [Coordinator] [ERROR] Writer 第144章彻底失败
[2026-05-18 15:10:30] [Coordinator] [ERROR] 未找到 writer.py，且框架内置 Writer 尚未实现
[2026-05-18 15:10:30] [Coordinator] [ERROR] Writer 第148章彻底失败
[2026-05-18 15:10:30] [Coordinator] [ERROR] Writer 第152章彻底失败
[2026-05-18 15:10:30] [Coordinator] [ERROR] 未找到 writer.py，且框架内置 Writer 尚未实现
[2026-05-18 15:10:30] [Coordinator] [ERROR] Writer 第145章彻底失败
[2026-05-18 15:10:30] [Coordinator] [ERROR] 未找到 writer.py，且框架内置 Writer 尚未实现
[2026-05-18 15:10:30] [Coordinator] [ERROR] Writer 第150章彻底失败
[2026-05-18 15:10:30] [Coordinator] [ERROR] 未找到 writer.py，且框架内置 Writer 尚未实现
[2026-05-18 15:10:30] [Coordinator] [ERROR] 未找到 writer.py，且框架内置 Writer 尚未实现
[2026-05-18 15:10:30] [Coordinator] [ERROR] Writer 第151章彻底失败
[2026-05-18 15:10:30] [Coordinator] [ERROR] 未找到 writer.py，且框架内置 Writer 尚未实现
[2026-05-18 15:10:30] [Coordinator] [ERROR] Writer 第154章彻底失败
[2026-05-18 15:10:30] [Coordinator] [ERROR] Writer 第149章彻底失败
[2026-05-18 15:10:30] [Coordinator] [ERROR] 未找到 writer.py，且框架内置 Writer 尚未实现
[2026-05-18 15:10:30] [Coordinator] [ERROR] Writer 第153章彻底失败
[2026-05-18 15:10:30] [Coordinator] [ERROR] 未找到 writer.py，且框架内置 Writer 尚未实现
[2026-05-18 15:10:30] [Coordinator] [ERROR] Writer 第156章彻底失败
[2026-05-18 15:10:30] [Coordinator] [ERROR] 未找到 writer.py，且框架内置 Writer 尚未实现
[2026-05-18 15:10:30] [Coordinator] [ERROR] 未找到 writer.py，且框架内置 Writer 尚未实现
[2026-05-18 15:10:30] [Coordinator] [ERROR] Writer 第155章彻底失败
[2026-05-18 15:10:30] [Coordinator] [ERROR] 未找到 writer.py，且框架内置 Writer 尚未实现
[2026-05-18 15:10:30] [Coordinator] [ERROR] Writer 第157章彻底失败
[2026-05-18 15:10:30] [Coordinator] [ERROR] Writer 第158章彻底失败
[2026-05-18 15:10:30] [Coordinator] [ERROR] 未找到 writer.py，且框架内置 Writer 尚未实现
[2026-05-18 15:10:30] [Coordinator] [ERROR] 未找到 writer.py，且框架内置 Writer 尚未实现
[2026-05-18 15:10:30] [Coordinator] [ERROR] Writer 第160章彻底失败
[2026-05-18 15:10:30] [Coordinator] [ERROR] Writer 第159章彻底失败
[2026-05-18 15:10:32] [Coordinator] [INFO] Writer 批次完成: 成功 0 章, 失败 20 章
[2026-05-18 15:10:32] [Coordinator] [WARNING] Writer 失败: [142, 141, 143, 146, 147, 152, 144, 148, 145, 150, 149, 151, 154, 153, 156, 158, 155, 157, 159, 160]
[2026-05-18 15:10:32] [Coordinator] [INFO] 工作队列: 20 个任务, 5 workers [Reviewer]
[2026-05-18 15:10:32] [Coordinator] [ERROR] 未找到 reviewer.py，且框架内置 Reviewer 尚未实现
[2026-05-18 15:10:32] [Coordinator] [WARNING] Reviewer 第141章失败，重试(1/3)
[2026-05-18 15:10:32] [Coordinator] [ERROR] 未找到 reviewer.py，且框架内置 Reviewer 尚未实现
[2026-05-18 15:10:32] [Coordinator] [WARNING] Reviewer 第142章失败，重试(1/3)
[2026-05-18 15:10:32] [Coordinator] [ERROR] 未找到 reviewer.py，且框架内置 Reviewer 尚未实现
[2026-05-18 15:10:32] [Coordinator] [WARNING] Reviewer 第145章失败，重试(1/3)
[2026-05-18 15:10:32] [Coordinator] [ERROR] 未找到 reviewer.py，且框架内置 Reviewer 尚未实现
[2026-05-18 15:10:32] [Coordinator] [ERROR] 未找到 reviewer.py，且框架内置 Reviewer 尚未实现
[2026-05-18 15:10:32] [Coordinator] [WARNING] Reviewer 第144章失败，重试(1/3)
[2026-05-18 15:10:32] [Coordinator] [ERROR] 未找到 reviewer.py，且框架内置 Reviewer 尚未实现
[2026-05-18 15:10:32] [Coordinator] [WARNING] Reviewer 第146章失败，重试(1/3)
[2026-05-18 15:10:32] [Coordinator] [WARNING] Reviewer 第143章失败，重试(1/3)
[2026-05-18 15:10:32] [Coordinator] [ERROR] 未找到 reviewer.py，且框架内置 Reviewer 尚未实现
[2026-05-18 15:10:32] [Coordinator] [WARNING] Reviewer 第147章失败，重试(1/3)
[2026-05-18 15:10:32] [Coordinator] [ERROR] 未找到 reviewer.py，且框架内置 Reviewer 尚未实现
[2026-05-18 15:10:32] [Coordinator] [WARNING] Reviewer 第148章失败，重试(1/3)
[2026-05-18 15:10:32] [Coordinator] [ERROR] 未找到 reviewer.py，且框架内置 Reviewer 尚未实现
[2026-05-18 15:10:32] [Coordinator] [ERROR] 未找到 reviewer.py，且框架内置 Reviewer 尚未实现
[2026-05-18 15:10:32] [Coordinator] [WARNING] Reviewer 第149章失败，重试(1/3)
[2026-05-18 15:10:32] [Coordinator] [ERROR] 未找到 reviewer.py，且框架内置 Reviewer 尚未实现
[2026-05-18 15:10:32] [Coordinator] [WARNING] Reviewer 第150章失败，重试(1/3)
[2026-05-18 15:10:32] [Coordinator] [WARNING] Reviewer 第151章失败，重试(1/3)
[2026-05-18 15:10:32] [Coordinator] [ERROR] 未找到 reviewer.py，且框架内置 Reviewer 尚未实现
[2026-05-18 15:10:32] [Coordinator] [WARNING] Reviewer 第152章失败，重试(1/3)
[2026-05-18 15:10:32] [Coordinator] [ERROR] 未找到 reviewer.py，且框架内置 Reviewer 尚未实现
[2026-05-18 15:10:32] [Coordinator] [WARNING] Reviewer 第153章失败，重试(1/3)
[2026-05-18 15:10:32] [Coordinator] [ERROR] 未找到 reviewer.py，且框架内置 Reviewer 尚未实现
[2026-05-18 15:10:32] [Coordinator] [ERROR] 未找到 reviewer.py，且框架内置 Reviewer 尚未实现
[2026-05-18 15:10:32] [Coordinator] [WARNING] Reviewer 第154章失败，重试(1/3)
[2026-05-18 15:10:32] [Coordinator] [ERROR] 未找到 reviewer.py，且框架内置 Reviewer 尚未实现
[2026-05-18 15:10:32] [Coordinator] [WARNING] Reviewer 第155章失败，重试(1/3)
[2026-05-18 15:10:32] [Coordinator] [WARNING] Reviewer 第156章失败，重试(1/3)
[2026-05-18 15:10:32] [Coordinator] [ERROR] 未找到 reviewer.py，且框架内置 Reviewer 尚未实现
[2026-05-18 15:10:32] [Coordinator] [WARNING] Reviewer 第157章失败，重试(1/3)
[2026-05-18 15:10:32] [Coordinator] [ERROR] 未找到 reviewer.py，且框架内置 Reviewer 尚未实现
[2026-05-18 15:10:32] [Coordinator] [WARNING] Reviewer 第158章失败，重试(1/3)
[2026-05-18 15:10:32] [Coordinator] [ERROR] 未找到 reviewer.py，且框架内置 Reviewer 尚未实现
[2026-05-18 15:10:32] [Coordinator] [ERROR] 未找到 reviewer.py，且框架内置 Reviewer 尚未实现
[2026-05-18 15:10:32] [Coordinator] [WARNING] Reviewer 第159章失败，重试(1/3)
[2026-05-18 15:10:32] [Coordinator] [ERROR] 未找到 reviewer.py，且框架内置 Reviewer 尚未实现
[2026-05-18 15:10:32] [Coordinator] [WARNING] Reviewer 第160章失败，重试(1/3)
[2026-05-18 15:10:32] [Coordinator] [WARNING] Reviewer 第141章失败，重试(2/3)
[2026-05-18 15:10:32] [Coordinator] [ERROR] 未找到 reviewer.py，且框架内置 Reviewer 尚未实现
[2026-05-18 15:10:32] [Coordinator] [WARNING] Reviewer 第142章失败，重试(2/3)
[2026-05-18 15:10:32] [Coordinator] [ERROR] 未找到 reviewer.py，且框架内置 Reviewer 尚未实现
[2026-05-18 15:10:32] [Coordinator] [WARNING] Reviewer 第145章失败，重试(2/3)
[2026-05-18 15:10:32] [Coordinator] [ERROR] 未找到 reviewer.py，且框架内置 Reviewer 尚未实现
[2026-05-18 15:10:32] [Coordinator] [ERROR] 未找到 reviewer.py，且框架内置 Reviewer 尚未实现
[2026-05-18 15:10:32] [Coordinator] [WARNING] Reviewer 第144章失败，重试(2/3)
[2026-05-18 15:10:32] [Coordinator] [ERROR] 未找到 reviewer.py，且框架内置 Reviewer 尚未实现
[2026-05-18 15:10:32] [Coordinator] [WARNING] Reviewer 第146章失败，重试(2/3)
[2026-05-18 15:10:32] [Coordinator] [WARNING] Reviewer 第143章失败，重试(2/3)
[2026-05-18 15:10:32] [Coordinator] [ERROR] 未找到 reviewer.py，且框架内置 Reviewer 尚未实现
[2026-05-18 15:10:32] [Coordinator] [WARNING] Reviewer 第147章失败，重试(2/3)
[2026-05-18 15:10:32] [Coordinator] [ERROR] 未找到 reviewer.py，且框架内置 Reviewer 尚未实现
[2026-05-18 15:10:32] [Coordinator] [WARNING] Reviewer 第148章失败，重试(2/3)
[2026-05-18 15:10:32] [Coordinator] [ERROR] 未找到 reviewer.py，且框架内置 Reviewer 尚未实现
[2026-05-18 15:10:32] [Coordinator] [ERROR] 未找到 reviewer.py，且框架内置 Reviewer 尚未实现
[2026-05-18 15:10:32] [Coordinator] [WARNING] Reviewer 第149章失败，重试(2/3)
[2026-05-18 15:10:32] [Coordinator] [ERROR] 未找到 reviewer.py，且框架内置 Reviewer 尚未实现
[2026-05-18 15:10:32] [Coordinator] [WARNING] Reviewer 第150章失败，重试(2/3)
[2026-05-18 15:10:32] [Coordinator] [WARNING] Reviewer 第151章失败，重试(2/3)
[2026-05-18 15:10:32] [Coordinator] [ERROR] 未找到 reviewer.py，且框架内置 Reviewer 尚未实现
[2026-05-18 15:10:32] [Coordinator] [WARNING] Reviewer 第152章失败，重试(2/3)
[2026-05-18 15:10:32] [Coordinator] [ERROR] 未找到 reviewer.py，且框架内置 Reviewer 尚未实现
[2026-05-18 15:10:32] [Coordinator] [WARNING] Reviewer 第153章失败，重试(2/3)
[2026-05-18 15:10:32] [Coordinator] [ERROR] 未找到 reviewer.py，且框架内置 Reviewer 尚未实现
[2026-05-18 15:10:32] [Coordinator] [ERROR] 未找到 reviewer.py，且框架内置 Reviewer 尚未实现
[2026-05-18 15:10:32] [Coordinator] [WARNING] Reviewer 第154章失败，重试(2/3)
[2026-05-18 15:10:32] [Coordinator] [ERROR] 未找到 reviewer.py，且框架内置 Reviewer 尚未实现
[2026-05-18 15:10:32] [Coordinator] [WARNING] Reviewer 第155章失败，重试(2/3)
[2026-05-18 15:10:32] [Coordinator] [WARNING] Reviewer 第156章失败，重试(2/3)
[2026-05-18 15:10:32] [Coordinator] [ERROR] 未找到 reviewer.py，且框架内置 Reviewer 尚未实现
[2026-05-18 15:10:32] [Coordinator] [WARNING] Reviewer 第157章失败，重试(2/3)
[2026-05-18 15:10:32] [Coordinator] [ERROR] 未找到 reviewer.py，且框架内置 Reviewer 尚未实现
[2026-05-18 15:10:32] [Coordinator] [WARNING] Reviewer 第158章失败，重试(2/3)
[2026-05-18 15:10:32] [Coordinator] [ERROR] 未找到 reviewer.py，且框架内置 Reviewer 尚未实现
[2026-05-18 15:10:32] [Coordinator] [ERROR] 未找到 reviewer.py，且框架内置 Reviewer 尚未实现
[2026-05-18 15:10:32] [Coordinator] [WARNING] Reviewer 第159章失败，重试(2/3)
[2026-05-18 15:10:32] [Coordinator] [ERROR] 未找到 reviewer.py，且框架内置 Reviewer 尚未实现
[2026-05-18 15:10:32] [Coordinator] [WARNING] Reviewer 第160章失败，重试(2/3)
[2026-05-18 15:10:32] [Coordinator] [WARNING] Reviewer 第141章失败，重试(3/3)
[2026-05-18 15:10:32] [Coordinator] [ERROR] 未找到 reviewer.py，且框架内置 Reviewer 尚未实现
[2026-05-18 15:10:32] [Coordinator] [WARNING] Reviewer 第142章失败，重试(3/3)
[2026-05-18 15:10:32] [Coordinator] [ERROR] 未找到 reviewer.py，且框架内置 Reviewer 尚未实现
[2026-05-18 15:10:32] [Coordinator] [WARNING] Reviewer 第145章失败，重试(3/3)
[2026-05-18 15:10:32] [Coordinator] [ERROR] 未找到 reviewer.py，且框架内置 Reviewer 尚未实现
[2026-05-18 15:10:32] [Coordinator] [ERROR] 未找到 reviewer.py，且框架内置 Reviewer 尚未实现
[2026-05-18 15:10:32] [Coordinator] [WARNING] Reviewer 第144章失败，重试(3/3)
[2026-05-18 15:10:32] [Coordinator] [ERROR] 未找到 reviewer.py，且框架内置 Reviewer 尚未实现
[2026-05-18 15:10:32] [Coordinator] [ERROR] 未找到 reviewer.py，且框架内置 Reviewer 尚未实现
[2026-05-18 15:10:32] [Coordinator] [WARNING] Reviewer 第143章失败，重试(3/3)
[2026-05-18 15:10:32] [Coordinator] [ERROR] 未找到 reviewer.py，且框架内置 Reviewer 尚未实现
[2026-05-18 15:10:32] [Coordinator] [WARNING] Reviewer 第147章失败，重试(3/3)
[2026-05-18 15:10:32] [Coordinator] [WARNING] Reviewer 第146章失败，重试(3/3)
[2026-05-18 15:10:32] [Coordinator] [WARNING] Reviewer 第148章失败，重试(3/3)
[2026-05-18 15:10:32] [Coordinator] [ERROR] 未找到 reviewer.py，且框架内置 Reviewer 尚未实现
[2026-05-18 15:10:32] [Coordinator] [ERROR] 未找到 reviewer.py，且框架内置 Reviewer 尚未实现
[2026-05-18 15:10:32] [Coordinator] [WARNING] Reviewer 第149章失败，重试(3/3)
[2026-05-18 15:10:32] [Coordinator] [ERROR] 未找到 reviewer.py，且框架内置 Reviewer 尚未实现
[2026-05-18 15:10:32] [Coordinator] [WARNING] Reviewer 第152章失败，重试(3/3)
[2026-05-18 15:10:32] [Coordinator] [WARNING] Reviewer 第150章失败，重试(3/3)
[2026-05-18 15:10:32] [Coordinator] [ERROR] 未找到 reviewer.py，且框架内置 Reviewer 尚未实现
[2026-05-18 15:10:32] [Coordinator] [WARNING] Reviewer 第151章失败，重试(3/3)
[2026-05-18 15:10:32] [Coordinator] [ERROR] 未找到 reviewer.py，且框架内置 Reviewer 尚未实现
[2026-05-18 15:10:32] [Coordinator] [WARNING] Reviewer 第153章失败，重试(3/3)
[2026-05-18 15:10:32] [Coordinator] [ERROR] 未找到 reviewer.py，且框架内置 Reviewer 尚未实现
[2026-05-18 15:10:32] [Coordinator] [ERROR] 未找到 reviewer.py，且框架内置 Reviewer 尚未实现
[2026-05-18 15:10:32] [Coordinator] [WARNING] Reviewer 第154章失败，重试(3/3)
[2026-05-18 15:10:32] [Coordinator] [ERROR] 未找到 reviewer.py，且框架内置 Reviewer 尚未实现
[2026-05-18 15:10:32] [Coordinator] [WARNING] Reviewer 第155章失败，重试(3/3)
[2026-05-18 15:10:32] [Coordinator] [WARNING] Reviewer 第156章失败，重试(3/3)
[2026-05-18 15:10:32] [Coordinator] [ERROR] 未找到 reviewer.py，且框架内置 Reviewer 尚未实现
[2026-05-18 15:10:32] [Coordinator] [WARNING] Reviewer 第157章失败，重试(3/3)
[2026-05-18 15:10:32] [Coordinator] [ERROR] 未找到 reviewer.py，且框架内置 Reviewer 尚未实现
[2026-05-18 15:10:32] [Coordinator] [WARNING] Reviewer 第158章失败，重试(3/3)
[2026-05-18 15:10:32] [Coordinator] [ERROR] 未找到 reviewer.py，且框架内置 Reviewer 尚未实现
[2026-05-18 15:10:32] [Coordinator] [ERROR] 未找到 reviewer.py，且框架内置 Reviewer 尚未实现
[2026-05-18 15:10:32] [Coordinator] [WARNING] Reviewer 第159章失败，重试(3/3)
[2026-05-18 15:10:32] [Coordinator] [ERROR] 未找到 reviewer.py，且框架内置 Reviewer 尚未实现
[2026-05-18 15:10:32] [Coordinator] [WARNING] Reviewer 第160章失败，重试(3/3)
[2026-05-18 15:10:32] [Coordinator] [ERROR] Reviewer 第141章彻底失败
[2026-05-18 15:10:32] [Coordinator] [ERROR] 未找到 reviewer.py，且框架内置 Reviewer 尚未实现
[2026-05-18 15:10:32] [Coordinator] [ERROR] Reviewer 第142章彻底失败
[2026-05-18 15:10:32] [Coordinator] [ERROR] 未找到 reviewer.py，且框架内置 Reviewer 尚未实现
[2026-05-18 15:10:32] [Coordinator] [ERROR] Reviewer 第145章彻底失败
[2026-05-18 15:10:32] [Coordinator] [ERROR] 未找到 reviewer.py，且框架内置 Reviewer 尚未实现
[2026-05-18 15:10:32] [Coordinator] [ERROR] 未找到 reviewer.py，且框架内置 Reviewer 尚未实现
[2026-05-18 15:10:32] [Coordinator] [ERROR] Reviewer 第144章彻底失败
[2026-05-18 15:10:32] [Coordinator] [ERROR] 未找到 reviewer.py，且框架内置 Reviewer 尚未实现
[2026-05-18 15:10:32] [Coordinator] [ERROR] Reviewer 第143章彻底失败
[2026-05-18 15:10:32] [Coordinator] [ERROR] Reviewer 第147章彻底失败
[2026-05-18 15:10:32] [Coordinator] [ERROR] 未找到 reviewer.py，且框架内置 Reviewer 尚未实现
[2026-05-18 15:10:32] [Coordinator] [ERROR] Reviewer 第146章彻底失败
[2026-05-18 15:10:32] [Coordinator] [ERROR] 未找到 reviewer.py，且框架内置 Reviewer 尚未实现
[2026-05-18 15:10:32] [Coordinator] [ERROR] Reviewer 第148章彻底失败
[2026-05-18 15:10:32] [Coordinator] [ERROR] 未找到 reviewer.py，且框架内置 Reviewer 尚未实现
[2026-05-18 15:10:32] [Coordinator] [ERROR] 未找到 reviewer.py，且框架内置 Reviewer 尚未实现
[2026-05-18 15:10:32] [Coordinator] [ERROR] Reviewer 第149章彻底失败
[2026-05-18 15:10:32] [Coordinator] [ERROR] 未找到 reviewer.py，且框架内置 Reviewer 尚未实现
[2026-05-18 15:10:32] [Coordinator] [ERROR] Reviewer 第152章彻底失败
[2026-05-18 15:10:32] [Coordinator] [ERROR] Reviewer 第150章彻底失败
[2026-05-18 15:10:32] [Coordinator] [ERROR] 未找到 reviewer.py，且框架内置 Reviewer 尚未实现
[2026-05-18 15:10:32] [Coordinator] [ERROR] Reviewer 第151章彻底失败
[2026-05-18 15:10:32] [Coordinator] [ERROR] 未找到 reviewer.py，且框架内置 Reviewer 尚未实现
[2026-05-18 15:10:32] [Coordinator] [ERROR] Reviewer 第153章彻底失败
[2026-05-18 15:10:32] [Coordinator] [ERROR] 未找到 reviewer.py，且框架内置 Reviewer 尚未实现
[2026-05-18 15:10:32] [Coordinator] [ERROR] 未找到 reviewer.py，且框架内置 Reviewer 尚未实现
[2026-05-18 15:10:32] [Coordinator] [ERROR] Reviewer 第154章彻底失败
[2026-05-18 15:10:32] [Coordinator] [ERROR] 未找到 reviewer.py，且框架内置 Reviewer 尚未实现
[2026-05-18 15:10:32] [Coordinator] [ERROR] Reviewer 第155章彻底失败
[2026-05-18 15:10:32] [Coordinator] [ERROR] Reviewer 第156章彻底失败
[2026-05-18 15:10:32] [Coordinator] [ERROR] 未找到 reviewer.py，且框架内置 Reviewer 尚未实现
[2026-05-18 15:10:32] [Coordinator] [ERROR] Reviewer 第157章彻底失败
[2026-05-18 15:10:32] [Coordinator] [ERROR] 未找到 reviewer.py，且框架内置 Reviewer 尚未实现
[2026-05-18 15:10:32] [Coordinator] [ERROR] Reviewer 第158章彻底失败
[2026-05-18 15:10:32] [Coordinator] [ERROR] 未找到 reviewer.py，且框架内置 Reviewer 尚未实现
[2026-05-18 15:10:32] [Coordinator] [ERROR] Reviewer 第159章彻底失败
[2026-05-18 15:10:32] [Coordinator] [ERROR] 未找到 reviewer.py，且框架内置 Reviewer 尚未实现
[2026-05-18 15:10:32] [Coordinator] [ERROR] Reviewer 第160章彻底失败
[2026-05-18 15:10:34] [Coordinator] [INFO] Reviewer 批次完成: 成功 0 章, 失败 20 章
[2026-05-18 15:10:34] [Coordinator] [WARNING] Reviewer 失败: [141, 142, 145, 147, 144, 143, 146, 148, 150, 149, 152, 151, 153, 156, 154, 155, 157, 158, 159, 160]
[2026-05-18 15:10:34] [Coordinator] [INFO] 检测到 20 章草稿缺失，开始补全...
[2026-05-18 15:10:34] [Coordinator] [INFO] 工作队列: 20 个任务, 3 workers [FillDraft]
[2026-05-18 15:10:34] [Coordinator] [ERROR] 未找到 writer.py，且框架内置 Writer 尚未实现
[2026-05-18 15:10:34] [Coordinator] [WARNING] FillDraft 第141章失败，重试(1/3)
[2026-05-18 15:10:34] [Coordinator] [ERROR] 未找到 writer.py，且框架内置 Writer 尚未实现
[2026-05-18 15:10:34] [Coordinator] [WARNING] FillDraft 第143章失败，重试(1/3)
[2026-05-18 15:10:34] [Coordinator] [ERROR] 未找到 writer.py，且框架内置 Writer 尚未实现
[2026-05-18 15:10:34] [Coordinator] [ERROR] 未找到 writer.py，且框架内置 Writer 尚未实现
[2026-05-18 15:10:34] [Coordinator] [WARNING] FillDraft 第142章失败，重试(1/3)
[2026-05-18 15:10:34] [Coordinator] [WARNING] FillDraft 第144章失败，重试(1/3)
[2026-05-18 15:10:34] [Coordinator] [ERROR] 未找到 writer.py，且框架内置 Writer 尚未实现
[2026-05-18 15:10:34] [Coordinator] [WARNING] FillDraft 第145章失败，重试(1/3)
[2026-05-18 15:10:34] [Coordinator] [ERROR] 未找到 writer.py，且框架内置 Writer 尚未实现
[2026-05-18 15:10:34] [Coordinator] [WARNING] FillDraft 第147章失败，重试(1/3)
[2026-05-18 15:10:34] [Coordinator] [ERROR] 未找到 writer.py，且框架内置 Writer 尚未实现
[2026-05-18 15:10:34] [Coordinator] [ERROR] 未找到 writer.py，且框架内置 Writer 尚未实现
[2026-05-18 15:10:34] [Coordinator] [WARNING] FillDraft 第146章失败，重试(1/3)
[2026-05-18 15:10:34] [Coordinator] [ERROR] 未找到 writer.py，且框架内置 Writer 尚未实现
[2026-05-18 15:10:34] [Coordinator] [ERROR] 未找到 writer.py，且框架内置 Writer 尚未实现
[2026-05-18 15:10:34] [Coordinator] [WARNING] FillDraft 第149章失败，重试(1/3)
[2026-05-18 15:10:34] [Coordinator] [WARNING] FillDraft 第150章失败，重试(1/3)
[2026-05-18 15:10:34] [Coordinator] [WARNING] FillDraft 第148章失败，重试(1/3)
[2026-05-18 15:10:34] [Coordinator] [ERROR] 未找到 writer.py，且框架内置 Writer 尚未实现
[2026-05-18 15:10:34] [Coordinator] [WARNING] FillDraft 第153章失败，重试(1/3)
[2026-05-18 15:10:34] [Coordinator] [ERROR] 未找到 writer.py，且框架内置 Writer 尚未实现
[2026-05-18 15:10:34] [Coordinator] [WARNING] FillDraft 第151章失败，重试(1/3)
[2026-05-18 15:10:34] [Coordinator] [ERROR] 未找到 writer.py，且框架内置 Writer 尚未实现
[2026-05-18 15:10:34] [Coordinator] [ERROR] 未找到 writer.py，且框架内置 Writer 尚未实现
[2026-05-18 15:10:34] [Coordinator] [WARNING] FillDraft 第152章失败，重试(1/3)
[2026-05-18 15:10:34] [Coordinator] [WARNING] FillDraft 第154章失败，重试(1/3)
[2026-05-18 15:10:34] [Coordinator] [ERROR] 未找到 writer.py，且框架内置 Writer 尚未实现
[2026-05-18 15:10:34] [Coordinator] [WARNING] FillDraft 第155章失败，重试(1/3)
[2026-05-18 15:10:34] [Coordinator] [ERROR] 未找到 writer.py，且框架内置 Writer 尚未实现
[2026-05-18 15:10:34] [Coordinator] [WARNING] FillDraft 第157章失败，重试(1/3)
[2026-05-18 15:10:34] [Coordinator] [ERROR] 未找到 writer.py，且框架内置 Writer 尚未实现
[2026-05-18 15:10:34] [Coordinator] [WARNING] FillDraft 第159章失败，重试(1/3)
[2026-05-18 15:10:34] [Coordinator] [ERROR] 未找到 writer.py，且框架内置 Writer 尚未实现
[2026-05-18 15:10:34] [Coordinator] [ERROR] 未找到 writer.py，且框架内置 Writer 尚未实现
[2026-05-18 15:10:34] [Coordinator] [WARNING] FillDraft 第156章失败，重试(1/3)
[2026-05-18 15:10:34] [Coordinator] [WARNING] FillDraft 第158章失败，重试(1/3)
[2026-05-18 15:10:34] [Coordinator] [ERROR] 未找到 writer.py，且框架内置 Writer 尚未实现
[2026-05-18 15:10:34] [Coordinator] [WARNING] FillDraft 第160章失败，重试(1/3)
[2026-05-18 15:10:34] [Coordinator] [ERROR] 未找到 writer.py，且框架内置 Writer 尚未实现
[2026-05-18 15:10:34] [Coordinator] [WARNING] FillDraft 第143章失败，重试(2/3)
[2026-05-18 15:10:34] [Coordinator] [ERROR] 未找到 writer.py，且框架内置 Writer 尚未实现
[2026-05-18 15:10:34] [Coordinator] [WARNING] FillDraft 第142章失败，重试(2/3)
[2026-05-18 15:10:34] [Coordinator] [ERROR] 未找到 writer.py，且框架内置 Writer 尚未实现
[2026-05-18 15:10:34] [Coordinator] [ERROR] 未找到 writer.py，且框架内置 Writer 尚未实现
[2026-05-18 15:10:34] [Coordinator] [WARNING] FillDraft 第141章失败，重试(2/3)
[2026-05-18 15:10:34] [Coordinator] [WARNING] FillDraft 第144章失败，重试(2/3)
[2026-05-18 15:10:34] [Coordinator] [ERROR] 未找到 writer.py，且框架内置 Writer 尚未实现
[2026-05-18 15:10:34] [Coordinator] [WARNING] FillDraft 第145章失败，重试(2/3)
[2026-05-18 15:10:34] [Coordinator] [ERROR] 未找到 writer.py，且框架内置 Writer 尚未实现
[2026-05-18 15:10:34] [Coordinator] [WARNING] FillDraft 第146章失败，重试(2/3)
[2026-05-18 15:10:34] [Coordinator] [ERROR] 未找到 writer.py，且框架内置 Writer 尚未实现
[2026-05-18 15:10:34] [Coordinator] [ERROR] 未找到 writer.py，且框架内置 Writer 尚未实现
[2026-05-18 15:10:34] [Coordinator] [WARNING] FillDraft 第147章失败，重试(2/3)
[2026-05-18 15:10:34] [Coordinator] [WARNING] FillDraft 第149章失败，重试(2/3)
[2026-05-18 15:10:34] [Coordinator] [ERROR] 未找到 writer.py，且框架内置 Writer 尚未实现
[2026-05-18 15:10:34] [Coordinator] [WARNING] FillDraft 第150章失败，重试(2/3)
[2026-05-18 15:10:34] [Coordinator] [ERROR] 未找到 writer.py，且框架内置 Writer 尚未实现
[2026-05-18 15:10:34] [Coordinator] [WARNING] FillDraft 第153章失败，重试(2/3)
[2026-05-18 15:10:34] [Coordinator] [ERROR] 未找到 writer.py，且框架内置 Writer 尚未实现
[2026-05-18 15:10:34] [Coordinator] [ERROR] 未找到 writer.py，且框架内置 Writer 尚未实现
[2026-05-18 15:10:34] [Coordinator] [WARNING] FillDraft 第148章失败，重试(2/3)
[2026-05-18 15:10:34] [Coordinator] [WARNING] FillDraft 第151章失败，重试(2/3)
[2026-05-18 15:10:34] [Coordinator] [ERROR] 未找到 writer.py，且框架内置 Writer 尚未实现
[2026-05-18 15:10:34] [Coordinator] [WARNING] FillDraft 第152章失败，重试(2/3)
[2026-05-18 15:10:34] [Coordinator] [ERROR] 未找到 writer.py，且框架内置 Writer 尚未实现
[2026-05-18 15:10:34] [Coordinator] [WARNING] FillDraft 第155章失败，重试(2/3)
[2026-05-18 15:10:34] [Coordinator] [ERROR] 未找到 writer.py，且框架内置 Writer 尚未实现
[2026-05-18 15:10:34] [Coordinator] [ERROR] 未找到 writer.py，且框架内置 Writer 尚未实现
[2026-05-18 15:10:34] [Coordinator] [WARNING] FillDraft 第154章失败，重试(2/3)
[2026-05-18 15:10:34] [Coordinator] [WARNING] FillDraft 第157章失败，重试(2/3)
[2026-05-18 15:10:34] [Coordinator] [ERROR] 未找到 writer.py，且框架内置 Writer 尚未实现
[2026-05-18 15:10:34] [Coordinator] [WARNING] FillDraft 第159章失败，重试(2/3)
[2026-05-18 15:10:34] [Coordinator] [ERROR] 未找到 writer.py，且框架内置 Writer 尚未实现
[2026-05-18 15:10:34] [Coordinator] [WARNING] FillDraft 第158章失败，重试(2/3)
[2026-05-18 15:10:34] [Coordinator] [ERROR] 未找到 writer.py，且框架内置 Writer 尚未实现
[2026-05-18 15:10:34] [Coordinator] [ERROR] 未找到 writer.py，且框架内置 Writer 尚未实现
[2026-05-18 15:10:34] [Coordinator] [WARNING] FillDraft 第156章失败，重试(2/3)
[2026-05-18 15:10:34] [Coordinator] [WARNING] FillDraft 第160章失败，重试(2/3)
[2026-05-18 15:10:34] [Coordinator] [ERROR] 未找到 writer.py，且框架内置 Writer 尚未实现
[2026-05-18 15:10:34] [Coordinator] [WARNING] FillDraft 第143章失败，重试(3/3)
[2026-05-18 15:10:34] [Coordinator] [ERROR] 未找到 writer.py，且框架内置 Writer 尚未实现
[2026-05-18 15:10:34] [Coordinator] [WARNING] FillDraft 第141章失败，重试(3/3)
[2026-05-18 15:10:34] [Coordinator] [ERROR] 未找到 writer.py，且框架内置 Writer 尚未实现
[2026-05-18 15:10:34] [Coordinator] [ERROR] 未找到 writer.py，且框架内置 Writer 尚未实现
[2026-05-18 15:10:34] [Coordinator] [WARNING] FillDraft 第142章失败，重试(3/3)
[2026-05-18 15:10:34] [Coordinator] [WARNING] FillDraft 第144章失败，重试(3/3)
[2026-05-18 15:10:34] [Coordinator] [ERROR] 未找到 writer.py，且框架内置 Writer 尚未实现
[2026-05-18 15:10:34] [Coordinator] [WARNING] FillDraft 第145章失败，重试(3/3)
[2026-05-18 15:10:34] [Coordinator] [ERROR] 未找到 writer.py，且框架内置 Writer 尚未实现
[2026-05-18 15:10:34] [Coordinator] [WARNING] FillDraft 第147章失败，重试(3/3)
[2026-05-18 15:10:34] [Coordinator] [ERROR] 未找到 writer.py，且框架内置 Writer 尚未实现
[2026-05-18 15:10:34] [Coordinator] [ERROR] 未找到 writer.py，且框架内置 Writer 尚未实现
[2026-05-18 15:10:34] [Coordinator] [WARNING] FillDraft 第146章失败，重试(3/3)
[2026-05-18 15:10:34] [Coordinator] [WARNING] FillDraft 第149章失败，重试(3/3)
[2026-05-18 15:10:34] [Coordinator] [ERROR] 未找到 writer.py，且框架内置 Writer 尚未实现
[2026-05-18 15:10:34] [Coordinator] [WARNING] FillDraft 第150章失败，重试(3/3)
[2026-05-18 15:10:34] [Coordinator] [ERROR] 未找到 writer.py，且框架内置 Writer 尚未实现
[2026-05-18 15:10:34] [Coordinator] [WARNING] FillDraft 第148章失败，重试(3/3)
[2026-05-18 15:10:34] [Coordinator] [ERROR] 未找到 writer.py，且框架内置 Writer 尚未实现
[2026-05-18 15:10:34] [Coordinator] [ERROR] 未找到 writer.py，且框架内置 Writer 尚未实现
[2026-05-18 15:10:34] [Coordinator] [WARNING] FillDraft 第153章失败，重试(3/3)
[2026-05-18 15:10:34] [Coordinator] [WARNING] FillDraft 第151章失败，重试(3/3)
[2026-05-18 15:10:34] [Coordinator] [ERROR] 未找到 writer.py，且框架内置 Writer 尚未实现
[2026-05-18 15:10:34] [Coordinator] [WARNING] FillDraft 第152章失败，重试(3/3)
[2026-05-18 15:10:34] [Coordinator] [ERROR] 未找到 writer.py，且框架内置 Writer 尚未实现
[2026-05-18 15:10:34] [Coordinator] [WARNING] FillDraft 第154章失败，重试(3/3)
[2026-05-18 15:10:34] [Coordinator] [ERROR] 未找到 writer.py，且框架内置 Writer 尚未实现
[2026-05-18 15:10:34] [Coordinator] [WARNING] FillDraft 第157章失败，重试(3/3)
[2026-05-18 15:10:34] [Coordinator] [ERROR] 未找到 writer.py，且框架内置 Writer 尚未实现
[2026-05-18 15:10:34] [Coordinator] [ERROR] 未找到 writer.py，且框架内置 Writer 尚未实现
[2026-05-18 15:10:34] [Coordinator] [WARNING] FillDraft 第155章失败，重试(3/3)
[2026-05-18 15:10:34] [Coordinator] [WARNING] FillDraft 第159章失败，重试(3/3)
[2026-05-18 15:10:34] [Coordinator] [ERROR] 未找到 writer.py，且框架内置 Writer 尚未实现
[2026-05-18 15:10:34] [Coordinator] [WARNING] FillDraft 第158章失败，重试(3/3)
[2026-05-18 15:10:34] [Coordinator] [ERROR] 未找到 writer.py，且框架内置 Writer 尚未实现
[2026-05-18 15:10:34] [Coordinator] [WARNING] FillDraft 第160章失败，重试(3/3)
[2026-05-18 15:10:34] [Coordinator] [ERROR] 未找到 writer.py，且框架内置 Writer 尚未实现
[2026-05-18 15:10:34] [Coordinator] [ERROR] 未找到 writer.py，且框架内置 Writer 尚未实现
[2026-05-18 15:10:34] [Coordinator] [WARNING] FillDraft 第156章失败，重试(3/3)
[2026-05-18 15:10:34] [Coordinator] [ERROR] FillDraft 第143章彻底失败
[2026-05-18 15:10:34] [Coordinator] [ERROR] 未找到 writer.py，且框架内置 Writer 尚未实现
[2026-05-18 15:10:34] [Coordinator] [ERROR] FillDraft 第141章彻底失败
[2026-05-18 15:10:34] [Coordinator] [ERROR] 未找到 writer.py，且框架内置 Writer 尚未实现
[2026-05-18 15:10:34] [Coordinator] [ERROR] FillDraft 第144章彻底失败
[2026-05-18 15:10:34] [Coordinator] [ERROR] 未找到 writer.py，且框架内置 Writer 尚未实现
[2026-05-18 15:10:34] [Coordinator] [ERROR] FillDraft 第145章彻底失败
[2026-05-18 15:10:34] [Coordinator] [ERROR] 未找到 writer.py，且框架内置 Writer 尚未实现
[2026-05-18 15:10:34] [Coordinator] [ERROR] 未找到 writer.py，且框架内置 Writer 尚未实现
[2026-05-18 15:10:34] [Coordinator] [ERROR] FillDraft 第142章彻底失败
[2026-05-18 15:10:34] [Coordinator] [ERROR] FillDraft 第147章彻底失败
[2026-05-18 15:10:34] [Coordinator] [ERROR] 未找到 writer.py，且框架内置 Writer 尚未实现
[2026-05-18 15:10:34] [Coordinator] [ERROR] FillDraft 第146章彻底失败
[2026-05-18 15:10:34] [Coordinator] [ERROR] 未找到 writer.py，且框架内置 Writer 尚未实现
[2026-05-18 15:10:34] [Coordinator] [ERROR] FillDraft 第150章彻底失败
[2026-05-18 15:10:34] [Coordinator] [ERROR] 未找到 writer.py，且框架内置 Writer 尚未实现
[2026-05-18 15:10:34] [Coordinator] [ERROR] 未找到 writer.py，且框架内置 Writer 尚未实现
[2026-05-18 15:10:34] [Coordinator] [ERROR] FillDraft 第149章彻底失败
[2026-05-18 15:10:34] [Coordinator] [ERROR] FillDraft 第148章彻底失败
[2026-05-18 15:10:34] [Coordinator] [ERROR] 未找到 writer.py，且框架内置 Writer 尚未实现
[2026-05-18 15:10:34] [Coordinator] [ERROR] FillDraft 第153章彻底失败
[2026-05-18 15:10:34] [Coordinator] [ERROR] 未找到 writer.py，且框架内置 Writer 尚未实现
[2026-05-18 15:10:34] [Coordinator] [ERROR] FillDraft 第152章彻底失败
[2026-05-18 15:10:34] [Coordinator] [ERROR] 未找到 writer.py，且框架内置 Writer 尚未实现
[2026-05-18 15:10:34] [Coordinator] [ERROR] FillDraft 第157章彻底失败
[2026-05-18 15:10:34] [Coordinator] [ERROR] 未找到 writer.py，且框架内置 Writer 尚未实现
[2026-05-18 15:10:34] [Coordinator] [ERROR] 未找到 writer.py，且框架内置 Writer 尚未实现
[2026-05-18 15:10:34] [Coordinator] [ERROR] FillDraft 第151章彻底失败
[2026-05-18 15:10:34] [Coordinator] [ERROR] FillDraft 第154章彻底失败
[2026-05-18 15:10:34] [Coordinator] [ERROR] 未找到 writer.py，且框架内置 Writer 尚未实现
[2026-05-18 15:10:34] [Coordinator] [ERROR] FillDraft 第155章彻底失败
[2026-05-18 15:10:34] [Coordinator] [ERROR] 未找到 writer.py，且框架内置 Writer 尚未实现
[2026-05-18 15:10:34] [Coordinator] [ERROR] FillDraft 第158章彻底失败
[2026-05-18 15:10:34] [Coordinator] [ERROR] 未找到 writer.py，且框架内置 Writer 尚未实现
[2026-05-18 15:10:34] [Coordinator] [ERROR] 未找到 writer.py，且框架内置 Writer 尚未实现
[2026-05-18 15:10:34] [Coordinator] [ERROR] FillDraft 第159章彻底失败
[2026-05-18 15:10:34] [Coordinator] [ERROR] FillDraft 第156章彻底失败
[2026-05-18 15:10:34] [Coordinator] [ERROR] 未找到 writer.py，且框架内置 Writer 尚未实现
[2026-05-18 15:10:34] [Coordinator] [ERROR] FillDraft 第160章彻底失败
[2026-05-18 15:10:36] [Coordinator] [INFO] FillDraft 批次完成: 成功 0 章, 失败 20 章
[2026-05-18 15:10:36] [Coordinator] [INFO] 检测到 20 章审查缺失，开始补全...
[2026-05-18 15:10:36] [Coordinator] [INFO] 工作队列: 20 个任务, 3 workers [FillReview]
[2026-05-18 15:10:36] [Coordinator] [ERROR] 未找到 reviewer.py，且框架内置 Reviewer 尚未实现
[2026-05-18 15:10:36] [Coordinator] [WARNING] FillReview 第141章失败，重试(1/3)
[2026-05-18 15:10:36] [Coordinator] [ERROR] 未找到 reviewer.py，且框架内置 Reviewer 尚未实现
[2026-05-18 15:10:36] [Coordinator] [WARNING] FillReview 第143章失败，重试(1/3)
[2026-05-18 15:10:36] [Coordinator] [ERROR] 未找到 reviewer.py，且框架内置 Reviewer 尚未实现
[2026-05-18 15:10:36] [Coordinator] [ERROR] 未找到 reviewer.py，且框架内置 Reviewer 尚未实现
[2026-05-18 15:10:36] [Coordinator] [WARNING] FillReview 第142章失败，重试(1/3)
[2026-05-18 15:10:36] [Coordinator] [WARNING] FillReview 第144章失败，重试(1/3)
[2026-05-18 15:10:36] [Coordinator] [ERROR] 未找到 reviewer.py，且框架内置 Reviewer 尚未实现
[2026-05-18 15:10:36] [Coordinator] [WARNING] FillReview 第145章失败，重试(1/3)
[2026-05-18 15:10:36] [Coordinator] [ERROR] 未找到 reviewer.py，且框架内置 Reviewer 尚未实现
[2026-05-18 15:10:36] [Coordinator] [WARNING] FillReview 第147章失败，重试(1/3)
[2026-05-18 15:10:36] [Coordinator] [ERROR] 未找到 reviewer.py，且框架内置 Reviewer 尚未实现
[2026-05-18 15:10:36] [Coordinator] [ERROR] 未找到 reviewer.py，且框架内置 Reviewer 尚未实现
[2026-05-18 15:10:36] [Coordinator] [WARNING] FillReview 第146章失败，重试(1/3)
[2026-05-18 15:10:36] [Coordinator] [WARNING] FillReview 第148章失败，重试(1/3)
[2026-05-18 15:10:36] [Coordinator] [ERROR] 未找到 reviewer.py，且框架内置 Reviewer 尚未实现
[2026-05-18 15:10:36] [Coordinator] [WARNING] FillReview 第149章失败，重试(1/3)
[2026-05-18 15:10:36] [Coordinator] [ERROR] 未找到 reviewer.py，且框架内置 Reviewer 尚未实现
[2026-05-18 15:10:36] [Coordinator] [WARNING] FillReview 第151章失败，重试(1/3)
[2026-05-18 15:10:36] [Coordinator] [ERROR] 未找到 reviewer.py，且框架内置 Reviewer 尚未实现
[2026-05-18 15:10:36] [Coordinator] [WARNING] FillReview 第152章失败，重试(1/3)
[2026-05-18 15:10:36] [Coordinator] [ERROR] 未找到 reviewer.py，且框架内置 Reviewer 尚未实现
[2026-05-18 15:10:36] [Coordinator] [ERROR] 未找到 reviewer.py，且框架内置 Reviewer 尚未实现
[2026-05-18 15:10:36] [Coordinator] [WARNING] FillReview 第150章失败，重试(1/3)
[2026-05-18 15:10:36] [Coordinator] [WARNING] FillReview 第153章失败，重试(1/3)
[2026-05-18 15:10:36] [Coordinator] [ERROR] 未找到 reviewer.py，且框架内置 Reviewer 尚未实现
[2026-05-18 15:10:36] [Coordinator] [WARNING] FillReview 第154章失败，重试(1/3)
[2026-05-18 15:10:36] [Coordinator] [ERROR] 未找到 reviewer.py，且框架内置 Reviewer 尚未实现
[2026-05-18 15:10:36] [Coordinator] [WARNING] FillReview 第156章失败，重试(1/3)
[2026-05-18 15:10:36] [Coordinator] [ERROR] 未找到 reviewer.py，且框架内置 Reviewer 尚未实现
[2026-05-18 15:10:36] [Coordinator] [ERROR] 未找到 reviewer.py，且框架内置 Reviewer 尚未实现
[2026-05-18 15:10:36] [Coordinator] [WARNING] FillReview 第155章失败，重试(1/3)
[2026-05-18 15:10:36] [Coordinator] [WARNING] FillReview 第157章失败，重试(1/3)
[2026-05-18 15:10:36] [Coordinator] [ERROR] 未找到 reviewer.py，且框架内置 Reviewer 尚未实现
[2026-05-18 15:10:36] [Coordinator] [WARNING] FillReview 第158章失败，重试(1/3)
[2026-05-18 15:10:36] [Coordinator] [ERROR] 未找到 reviewer.py，且框架内置 Reviewer 尚未实现
[2026-05-18 15:10:36] [Coordinator] [WARNING] FillReview 第160章失败，重试(1/3)
[2026-05-18 15:10:36] [Coordinator] [ERROR] 未找到 reviewer.py，且框架内置 Reviewer 尚未实现
[2026-05-18 15:10:36] [Coordinator] [WARNING] FillReview 第141章失败，重试(2/3)
[2026-05-18 15:10:36] [Coordinator] [ERROR] 未找到 reviewer.py，且框架内置 Reviewer 尚未实现
[2026-05-18 15:10:36] [Coordinator] [ERROR] 未找到 reviewer.py，且框架内置 Reviewer 尚未实现
[2026-05-18 15:10:36] [Coordinator] [WARNING] FillReview 第159章失败，重试(1/3)
[2026-05-18 15:10:36] [Coordinator] [WARNING] FillReview 第143章失败，重试(2/3)
[2026-05-18 15:10:36] [Coordinator] [ERROR] 未找到 reviewer.py，且框架内置 Reviewer 尚未实现
[2026-05-18 15:10:36] [Coordinator] [WARNING] FillReview 第142章失败，重试(2/3)
[2026-05-18 15:10:36] [Coordinator] [ERROR] 未找到 reviewer.py，且框架内置 Reviewer 尚未实现
[2026-05-18 15:10:36] [Coordinator] [WARNING] FillReview 第145章失败，重试(2/3)
[2026-05-18 15:10:36] [Coordinator] [ERROR] 未找到 reviewer.py，且框架内置 Reviewer 尚未实现
[2026-05-18 15:10:36] [Coordinator] [ERROR] 未找到 reviewer.py，且框架内置 Reviewer 尚未实现
[2026-05-18 15:10:36] [Coordinator] [WARNING] FillReview 第144章失败，重试(2/3)
[2026-05-18 15:10:36] [Coordinator] [WARNING] FillReview 第147章失败，重试(2/3)
[2026-05-18 15:10:36] [Coordinator] [ERROR] 未找到 reviewer.py，且框架内置 Reviewer 尚未实现
[2026-05-18 15:10:36] [Coordinator] [WARNING] FillReview 第146章失败，重试(2/3)
[2026-05-18 15:10:36] [Coordinator] [ERROR] 未找到 reviewer.py，且框架内置 Reviewer 尚未实现
[2026-05-18 15:10:36] [Coordinator] [WARNING] FillReview 第149章失败，重试(2/3)
[2026-05-18 15:10:36] [Coordinator] [ERROR] 未找到 reviewer.py，且框架内置 Reviewer 尚未实现
[2026-05-18 15:10:36] [Coordinator] [WARNING] FillReview 第151章失败，重试(2/3)
[2026-05-18 15:10:36] [Coordinator] [ERROR] 未找到 reviewer.py，且框架内置 Reviewer 尚未实现
[2026-05-18 15:10:36] [Coordinator] [ERROR] 未找到 reviewer.py，且框架内置 Reviewer 尚未实现
[2026-05-18 15:10:36] [Coordinator] [WARNING] FillReview 第148章失败，重试(2/3)
[2026-05-18 15:10:36] [Coordinator] [WARNING] FillReview 第152章失败，重试(2/3)
[2026-05-18 15:10:36] [Coordinator] [ERROR] 未找到 reviewer.py，且框架内置 Reviewer 尚未实现
[2026-05-18 15:10:36] [Coordinator] [WARNING] FillReview 第150章失败，重试(2/3)
[2026-05-18 15:10:36] [Coordinator] [ERROR] 未找到 reviewer.py，且框架内置 Reviewer 尚未实现
[2026-05-18 15:10:36] [Coordinator] [WARNING] FillReview 第154章失败，重试(2/3)
[2026-05-18 15:10:36] [Coordinator] [ERROR] 未找到 reviewer.py，且框架内置 Reviewer 尚未实现
[2026-05-18 15:10:36] [Coordinator] [WARNING] FillReview 第156章失败，重试(2/3)
[2026-05-18 15:10:36] [Coordinator] [ERROR] 未找到 reviewer.py，且框架内置 Reviewer 尚未实现
[2026-05-18 15:10:36] [Coordinator] [ERROR] 未找到 reviewer.py，且框架内置 Reviewer 尚未实现
[2026-05-18 15:10:36] [Coordinator] [WARNING] FillReview 第153章失败，重试(2/3)
[2026-05-18 15:10:36] [Coordinator] [WARNING] FillReview 第155章失败，重试(2/3)
[2026-05-18 15:10:36] [Coordinator] [ERROR] 未找到 reviewer.py，且框架内置 Reviewer 尚未实现
[2026-05-18 15:10:36] [Coordinator] [WARNING] FillReview 第160章失败，重试(2/3)
[2026-05-18 15:10:36] [Coordinator] [ERROR] 未找到 reviewer.py，且框架内置 Reviewer 尚未实现
[2026-05-18 15:10:36] [Coordinator] [WARNING] FillReview 第157章失败，重试(2/3)
[2026-05-18 15:10:36] [Coordinator] [ERROR] 未找到 reviewer.py，且框架内置 Reviewer 尚未实现
[2026-05-18 15:10:36] [Coordinator] [WARNING] FillReview 第159章失败，重试(2/3)
[2026-05-18 15:10:36] [Coordinator] [ERROR] 未找到 reviewer.py，且框架内置 Reviewer 尚未实现
[2026-05-18 15:10:36] [Coordinator] [ERROR] 未找到 reviewer.py，且框架内置 Reviewer 尚未实现
[2026-05-18 15:10:36] [Coordinator] [WARNING] FillReview 第158章失败，重试(2/3)
[2026-05-18 15:10:36] [Coordinator] [WARNING] FillReview 第141章失败，重试(3/3)
[2026-05-18 15:10:36] [Coordinator] [ERROR] 未找到 reviewer.py，且框架内置 Reviewer 尚未实现
[2026-05-18 15:10:36] [Coordinator] [WARNING] FillReview 第143章失败，重试(3/3)
[2026-05-18 15:10:36] [Coordinator] [ERROR] 未找到 reviewer.py，且框架内置 Reviewer 尚未实现
[2026-05-18 15:10:36] [Coordinator] [WARNING] FillReview 第145章失败，重试(3/3)
[2026-05-18 15:10:36] [Coordinator] [ERROR] 未找到 reviewer.py，且框架内置 Reviewer 尚未实现
[2026-05-18 15:10:36] [Coordinator] [ERROR] 未找到 reviewer.py，且框架内置 Reviewer 尚未实现
[2026-05-18 15:10:36] [Coordinator] [WARNING] FillReview 第142章失败，重试(3/3)
[2026-05-18 15:10:36] [Coordinator] [WARNING] FillReview 第144章失败，重试(3/3)
[2026-05-18 15:10:36] [Coordinator] [ERROR] 未找到 reviewer.py，且框架内置 Reviewer 尚未实现
[2026-05-18 15:10:36] [Coordinator] [WARNING] FillReview 第147章失败，重试(3/3)
[2026-05-18 15:10:36] [Coordinator] [ERROR] 未找到 reviewer.py，且框架内置 Reviewer 尚未实现
[2026-05-18 15:10:36] [Coordinator] [WARNING] FillReview 第149章失败，重试(3/3)
[2026-05-18 15:10:36] [Coordinator] [ERROR] 未找到 reviewer.py，且框架内置 Reviewer 尚未实现
[2026-05-18 15:10:36] [Coordinator] [ERROR] 未找到 reviewer.py，且框架内置 Reviewer 尚未实现
[2026-05-18 15:10:36] [Coordinator] [WARNING] FillReview 第146章失败，重试(3/3)
[2026-05-18 15:10:36] [Coordinator] [WARNING] FillReview 第151章失败，重试(3/3)
[2026-05-18 15:10:36] [Coordinator] [ERROR] 未找到 reviewer.py，且框架内置 Reviewer 尚未实现
[2026-05-18 15:10:36] [Coordinator] [WARNING] FillReview 第148章失败，重试(3/3)
[2026-05-18 15:10:36] [Coordinator] [ERROR] 未找到 reviewer.py，且框架内置 Reviewer 尚未实现
[2026-05-18 15:10:36] [Coordinator] [WARNING] FillReview 第150章失败，重试(3/3)
[2026-05-18 15:10:36] [Coordinator] [ERROR] 未找到 reviewer.py，且框架内置 Reviewer 尚未实现
[2026-05-18 15:10:36] [Coordinator] [ERROR] 未找到 reviewer.py，且框架内置 Reviewer 尚未实现
[2026-05-18 15:10:36] [Coordinator] [WARNING] FillReview 第152章失败，重试(3/3)
[2026-05-18 15:10:36] [Coordinator] [WARNING] FillReview 第154章失败，重试(3/3)
[2026-05-18 15:10:36] [Coordinator] [ERROR] 未找到 reviewer.py，且框架内置 Reviewer 尚未实现
[2026-05-18 15:10:36] [Coordinator] [WARNING] FillReview 第156章失败，重试(3/3)
[2026-05-18 15:10:36] [Coordinator] [ERROR] 未找到 reviewer.py，且框架内置 Reviewer 尚未实现
[2026-05-18 15:10:36] [Coordinator] [WARNING] FillReview 第155章失败，重试(3/3)
[2026-05-18 15:10:36] [Coordinator] [ERROR] 未找到 reviewer.py，且框架内置 Reviewer 尚未实现
[2026-05-18 15:10:36] [Coordinator] [ERROR] 未找到 reviewer.py，且框架内置 Reviewer 尚未实现
[2026-05-18 15:10:36] [Coordinator] [WARNING] FillReview 第153章失败，重试(3/3)
[2026-05-18 15:10:36] [Coordinator] [WARNING] FillReview 第160章失败，重试(3/3)
[2026-05-18 15:10:36] [Coordinator] [ERROR] 未找到 reviewer.py，且框架内置 Reviewer 尚未实现
[2026-05-18 15:10:36] [Coordinator] [WARNING] FillReview 第157章失败，重试(3/3)
[2026-05-18 15:10:36] [Coordinator] [ERROR] 未找到 reviewer.py，且框架内置 Reviewer 尚未实现
[2026-05-18 15:10:36] [Coordinator] [WARNING] FillReview 第158章失败，重试(3/3)
[2026-05-18 15:10:36] [Coordinator] [ERROR] 未找到 reviewer.py，且框架内置 Reviewer 尚未实现
[2026-05-18 15:10:36] [Coordinator] [ERROR] 未找到 reviewer.py，且框架内置 Reviewer 尚未实现
[2026-05-18 15:10:36] [Coordinator] [WARNING] FillReview 第159章失败，重试(3/3)
[2026-05-18 15:10:36] [Coordinator] [ERROR] FillReview 第141章彻底失败
[2026-05-18 15:10:36] [Coordinator] [ERROR] 未找到 reviewer.py，且框架内置 Reviewer 尚未实现
[2026-05-18 15:10:36] [Coordinator] [ERROR] FillReview 第143章彻底失败
[2026-05-18 15:10:36] [Coordinator] [ERROR] 未找到 reviewer.py，且框架内置 Reviewer 尚未实现
[2026-05-18 15:10:36] [Coordinator] [ERROR] FillReview 第142章彻底失败
[2026-05-18 15:10:36] [Coordinator] [ERROR] 未找到 reviewer.py，且框架内置 Reviewer 尚未实现
[2026-05-18 15:10:36] [Coordinator] [ERROR] 未找到 reviewer.py，且框架内置 Reviewer 尚未实现
[2026-05-18 15:10:36] [Coordinator] [ERROR] FillReview 第145章彻底失败
[2026-05-18 15:10:36] [Coordinator] [ERROR] FillReview 第144章彻底失败
[2026-05-18 15:10:36] [Coordinator] [ERROR] 未找到 reviewer.py，且框架内置 Reviewer 尚未实现
[2026-05-18 15:10:36] [Coordinator] [ERROR] FillReview 第147章彻底失败
[2026-05-18 15:10:36] [Coordinator] [ERROR] 未找到 reviewer.py，且框架内置 Reviewer 尚未实现
[2026-05-18 15:10:36] [Coordinator] [ERROR] FillReview 第146章彻底失败
[2026-05-18 15:10:36] [Coordinator] [ERROR] 未找到 reviewer.py，且框架内置 Reviewer 尚未实现
[2026-05-18 15:10:36] [Coordinator] [ERROR] 未找到 reviewer.py，且框架内置 Reviewer 尚未实现
[2026-05-18 15:10:36] [Coordinator] [ERROR] FillReview 第149章彻底失败
[2026-05-18 15:10:36] [Coordinator] [ERROR] FillReview 第151章彻底失败
[2026-05-18 15:10:36] [Coordinator] [ERROR] 未找到 reviewer.py，且框架内置 Reviewer 尚未实现
[2026-05-18 15:10:36] [Coordinator] [ERROR] FillReview 第148章彻底失败
[2026-05-18 15:10:36] [Coordinator] [ERROR] 未找到 reviewer.py，且框架内置 Reviewer 尚未实现
[2026-05-18 15:10:36] [Coordinator] [ERROR] FillReview 第152章彻底失败
[2026-05-18 15:10:36] [Coordinator] [ERROR] 未找到 reviewer.py，且框架内置 Reviewer 尚未实现
[2026-05-18 15:10:36] [Coordinator] [ERROR] 未找到 reviewer.py，且框架内置 Reviewer 尚未实现
[2026-05-18 15:10:36] [Coordinator] [ERROR] FillReview 第150章彻底失败
[2026-05-18 15:10:36] [Coordinator] [ERROR] FillReview 第154章彻底失败
[2026-05-18 15:10:36] [Coordinator] [ERROR] 未找到 reviewer.py，且框架内置 Reviewer 尚未实现
[2026-05-18 15:10:36] [Coordinator] [ERROR] FillReview 第156章彻底失败
[2026-05-18 15:10:36] [Coordinator] [ERROR] 未找到 reviewer.py，且框架内置 Reviewer 尚未实现
[2026-05-18 15:10:36] [Coordinator] [ERROR] FillReview 第153章彻底失败
[2026-05-18 15:10:36] [Coordinator] [ERROR] 未找到 reviewer.py，且框架内置 Reviewer 尚未实现
[2026-05-18 15:10:36] [Coordinator] [ERROR] 未找到 reviewer.py，且框架内置 Reviewer 尚未实现
[2026-05-18 15:10:36] [Coordinator] [ERROR] FillReview 第155章彻底失败
[2026-05-18 15:10:36] [Coordinator] [ERROR] FillReview 第160章彻底失败
[2026-05-18 15:10:36] [Coordinator] [ERROR] 未找到 reviewer.py，且框架内置 Reviewer 尚未实现
[2026-05-18 15:10:36] [Coordinator] [ERROR] FillReview 第157章彻底失败
[2026-05-18 15:10:36] [Coordinator] [ERROR] 未找到 reviewer.py，且框架内置 Reviewer 尚未实现
[2026-05-18 15:10:36] [Coordinator] [ERROR] FillReview 第159章彻底失败
[2026-05-18 15:10:36] [Coordinator] [ERROR] 未找到 reviewer.py，且框架内置 Reviewer 尚未实现
[2026-05-18 15:10:36] [Coordinator] [ERROR] FillReview 第158章彻底失败
[2026-05-18 15:10:38] [Coordinator] [INFO] FillReview 批次完成: 成功 0 章, 失败 20 章
[2026-05-18 15:10:38] [Coordinator] [INFO] 已加入多媒体队列: 第141-160章 (队列长度 155)
[2026-05-18 15:10:41] [Coordinator] [INFO] ===== 开始第 161-180 章 =====
[2026-05-18 15:10:41] [Coordinator] [INFO] 工作队列: 20 个任务, 5 workers [Writer]
[2026-05-18 15:10:41] [Coordinator] [ERROR] 未找到 writer.py，且框架内置 Writer 尚未实现
[2026-05-18 15:10:41] [Coordinator] [WARNING] Writer 第161章失败，重试(1/3)
[2026-05-18 15:10:41] [Coordinator] [ERROR] 未找到 writer.py，且框架内置 Writer 尚未实现
[2026-05-18 15:10:41] [Coordinator] [WARNING] Writer 第163章失败，重试(1/3)
[2026-05-18 15:10:41] [Coordinator] [ERROR] 未找到 writer.py，且框架内置 Writer 尚未实现
[2026-05-18 15:10:41] [Coordinator] [WARNING] Writer 第166章失败，重试(1/3)
[2026-05-18 15:10:41] [Coordinator] [ERROR] 未找到 writer.py，且框架内置 Writer 尚未实现
[2026-05-18 15:10:41] [Coordinator] [ERROR] 未找到 writer.py，且框架内置 Writer 尚未实现
[2026-05-18 15:10:41] [Coordinator] [WARNING] Writer 第162章失败，重试(1/3)
[2026-05-18 15:10:41] [Coordinator] [ERROR] 未找到 writer.py，且框架内置 Writer 尚未实现
[2026-05-18 15:10:41] [Coordinator] [WARNING] Writer 第164章失败，重试(1/3)
[2026-05-18 15:10:41] [Coordinator] [WARNING] Writer 第165章失败，重试(1/3)
[2026-05-18 15:10:41] [Coordinator] [ERROR] 未找到 writer.py，且框架内置 Writer 尚未实现
[2026-05-18 15:10:41] [Coordinator] [WARNING] Writer 第167章失败，重试(1/3)
[2026-05-18 15:10:41] [Coordinator] [ERROR] 未找到 writer.py，且框架内置 Writer 尚未实现
[2026-05-18 15:10:41] [Coordinator] [WARNING] Writer 第168章失败，重试(1/3)
[2026-05-18 15:10:41] [Coordinator] [ERROR] 未找到 writer.py，且框架内置 Writer 尚未实现
[2026-05-18 15:10:41] [Coordinator] [ERROR] 未找到 writer.py，且框架内置 Writer 尚未实现
[2026-05-18 15:10:41] [Coordinator] [WARNING] Writer 第169章失败，重试(1/3)
[2026-05-18 15:10:41] [Coordinator] [ERROR] 未找到 writer.py，且框架内置 Writer 尚未实现
[2026-05-18 15:10:41] [Coordinator] [WARNING] Writer 第170章失败，重试(1/3)
[2026-05-18 15:10:41] [Coordinator] [WARNING] Writer 第171章失败，重试(1/3)
[2026-05-18 15:10:41] [Coordinator] [ERROR] 未找到 writer.py，且框架内置 Writer 尚未实现
[2026-05-18 15:10:41] [Coordinator] [WARNING] Writer 第172章失败，重试(1/3)
[2026-05-18 15:10:41] [Coordinator] [ERROR] 未找到 writer.py，且框架内置 Writer 尚未实现
[2026-05-18 15:10:41] [Coordinator] [WARNING] Writer 第173章失败，重试(1/3)
[2026-05-18 15:10:41] [Coordinator] [ERROR] 未找到 writer.py，且框架内置 Writer 尚未实现
[2026-05-18 15:10:41] [Coordinator] [ERROR] 未找到 writer.py，且框架内置 Writer 尚未实现
[2026-05-18 15:10:41] [Coordinator] [WARNING] Writer 第174章失败，重试(1/3)
[2026-05-18 15:10:41] [Coordinator] [ERROR] 未找到 writer.py，且框架内置 Writer 尚未实现
[2026-05-18 15:10:41] [Coordinator] [WARNING] Writer 第175章失败，重试(1/3)
[2026-05-18 15:10:41] [Coordinator] [WARNING] Writer 第176章失败，重试(1/3)
[2026-05-18 15:10:41] [Coordinator] [ERROR] 未找到 writer.py，且框架内置 Writer 尚未实现
[2026-05-18 15:10:41] [Coordinator] [WARNING] Writer 第177章失败，重试(1/3)
[2026-05-18 15:10:41] [Coordinator] [ERROR] 未找到 writer.py，且框架内置 Writer 尚未实现
[2026-05-18 15:10:41] [Coordinator] [ERROR] 未找到 writer.py，且框架内置 Writer 尚未实现
[2026-05-18 15:10:41] [Coordinator] [ERROR] 未找到 writer.py，且框架内置 Writer 尚未实现
[2026-05-18 15:10:41] [Coordinator] [ERROR] 未找到 writer.py，且框架内置 Writer 尚未实现
[2026-05-18 15:10:41] [Coordinator] [ERROR] 未找到 writer.py，且框架内置 Writer 尚未实现
[2026-05-18 15:10:41] [Coordinator] [WARNING] Writer 第163章失败，重试(2/3)
[2026-05-18 15:10:41] [Coordinator] [WARNING] Writer 第180章失败，重试(1/3)
[2026-05-18 15:10:41] [Coordinator] [WARNING] Writer 第161章失败，重试(2/3)
[2026-05-18 15:10:41] [Coordinator] [WARNING] Writer 第179章失败，重试(1/3)
[2026-05-18 15:10:41] [Coordinator] [WARNING] Writer 第178章失败，重试(1/3)
[2026-05-18 15:10:41] [Coordinator] [ERROR] 未找到 writer.py，且框架内置 Writer 尚未实现
[2026-05-18 15:10:41] [Coordinator] [WARNING] Writer 第166章失败，重试(2/3)
[2026-05-18 15:10:41] [Coordinator] [ERROR] 未找到 writer.py，且框架内置 Writer 尚未实现
[2026-05-18 15:10:41] [Coordinator] [WARNING] Writer 第164章失败，重试(2/3)
[2026-05-18 15:10:41] [Coordinator] [ERROR] 未找到 writer.py，且框架内置 Writer 尚未实现
[2026-05-18 15:10:41] [Coordinator] [ERROR] 未找到 writer.py，且框架内置 Writer 尚未实现
[2026-05-18 15:10:41] [Coordinator] [WARNING] Writer 第162章失败，重试(2/3)
[2026-05-18 15:10:41] [Coordinator] [ERROR] 未找到 writer.py，且框架内置 Writer 尚未实现
[2026-05-18 15:10:41] [Coordinator] [WARNING] Writer 第165章失败，重试(2/3)
[2026-05-18 15:10:41] [Coordinator] [WARNING] Writer 第167章失败，重试(2/3)
[2026-05-18 15:10:41] [Coordinator] [ERROR] 未找到 writer.py，且框架内置 Writer 尚未实现
[2026-05-18 15:10:41] [Coordinator] [WARNING] Writer 第168章失败，重试(2/3)
[2026-05-18 15:10:41] [Coordinator] [ERROR] 未找到 writer.py，且框架内置 Writer 尚未实现
[2026-05-18 15:10:41] [Coordinator] [WARNING] Writer 第169章失败，重试(2/3)
[2026-05-18 15:10:41] [Coordinator] [ERROR] 未找到 writer.py，且框架内置 Writer 尚未实现
[2026-05-18 15:10:41] [Coordinator] [ERROR] 未找到 writer.py，且框架内置 Writer 尚未实现
[2026-05-18 15:10:41] [Coordinator] [WARNING] Writer 第170章失败，重试(2/3)
[2026-05-18 15:10:41] [Coordinator] [ERROR] 未找到 writer.py，且框架内置 Writer 尚未实现
[2026-05-18 15:10:41] [Coordinator] [WARNING] Writer 第171章失败，重试(2/3)
[2026-05-18 15:10:41] [Coordinator] [WARNING] Writer 第172章失败，重试(2/3)
[2026-05-18 15:10:41] [Coordinator] [ERROR] 未找到 writer.py，且框架内置 Writer 尚未实现
[2026-05-18 15:10:41] [Coordinator] [WARNING] Writer 第173章失败，重试(2/3)
[2026-05-18 15:10:41] [Coordinator] [ERROR] 未找到 writer.py，且框架内置 Writer 尚未实现
[2026-05-18 15:10:41] [Coordinator] [WARNING] Writer 第174章失败，重试(2/3)
[2026-05-18 15:10:41] [Coordinator] [ERROR] 未找到 writer.py，且框架内置 Writer 尚未实现
[2026-05-18 15:10:41] [Coordinator] [ERROR] 未找到 writer.py，且框架内置 Writer 尚未实现
[2026-05-18 15:10:41] [Coordinator] [WARNING] Writer 第175章失败，重试(2/3)
[2026-05-18 15:10:41] [Coordinator] [ERROR] 未找到 writer.py，且框架内置 Writer 尚未实现
[2026-05-18 15:10:41] [Coordinator] [WARNING] Writer 第176章失败，重试(2/3)
[2026-05-18 15:10:41] [Coordinator] [WARNING] Writer 第177章失败，重试(2/3)
[2026-05-18 15:10:41] [Coordinator] [ERROR] 未找到 writer.py，且框架内置 Writer 尚未实现
[2026-05-18 15:10:41] [Coordinator] [WARNING] Writer 第163章失败，重试(3/3)
[2026-05-18 15:10:41] [Coordinator] [ERROR] 未找到 writer.py，且框架内置 Writer 尚未实现
[2026-05-18 15:10:41] [Coordinator] [WARNING] Writer 第180章失败，重试(2/3)
[2026-05-18 15:10:41] [Coordinator] [ERROR] 未找到 writer.py，且框架内置 Writer 尚未实现
[2026-05-18 15:10:41] [Coordinator] [ERROR] 未找到 writer.py，且框架内置 Writer 尚未实现
[2026-05-18 15:10:41] [Coordinator] [WARNING] Writer 第161章失败，重试(3/3)
[2026-05-18 15:10:41] [Coordinator] [ERROR] 未找到 writer.py，且框架内置 Writer 尚未实现
[2026-05-18 15:10:41] [Coordinator] [ERROR] 未找到 writer.py，且框架内置 Writer 尚未实现
[2026-05-18 15:10:41] [Coordinator] [WARNING] Writer 第178章失败，重试(2/3)
[2026-05-18 15:10:41] [Coordinator] [ERROR] 未找到 writer.py，且框架内置 Writer 尚未实现
[2026-05-18 15:10:41] [Coordinator] [WARNING] Writer 第166章失败，重试(3/3)
[2026-05-18 15:10:41] [Coordinator] [WARNING] Writer 第179章失败，重试(2/3)
[2026-05-18 15:10:41] [Coordinator] [WARNING] Writer 第164章失败，重试(3/3)
[2026-05-18 15:10:41] [Coordinator] [ERROR] 未找到 writer.py，且框架内置 Writer 尚未实现
[2026-05-18 15:10:41] [Coordinator] [ERROR] 未找到 writer.py，且框架内置 Writer 尚未实现
[2026-05-18 15:10:41] [Coordinator] [WARNING] Writer 第162章失败，重试(3/3)
[2026-05-18 15:10:41] [Coordinator] [ERROR] 未找到 writer.py，且框架内置 Writer 尚未实现
[2026-05-18 15:10:41] [Coordinator] [WARNING] Writer 第168章失败，重试(3/3)
[2026-05-18 15:10:41] [Coordinator] [WARNING] Writer 第165章失败，重试(3/3)
[2026-05-18 15:10:41] [Coordinator] [ERROR] 未找到 writer.py，且框架内置 Writer 尚未实现
[2026-05-18 15:10:41] [Coordinator] [WARNING] Writer 第167章失败，重试(3/3)
[2026-05-18 15:10:41] [Coordinator] [ERROR] 未找到 writer.py，且框架内置 Writer 尚未实现
[2026-05-18 15:10:41] [Coordinator] [WARNING] Writer 第169章失败，重试(3/3)
[2026-05-18 15:10:41] [Coordinator] [ERROR] 未找到 writer.py，且框架内置 Writer 尚未实现
[2026-05-18 15:10:41] [Coordinator] [ERROR] 未找到 writer.py，且框架内置 Writer 尚未实现
[2026-05-18 15:10:41] [Coordinator] [WARNING] Writer 第170章失败，重试(3/3)
[2026-05-18 15:10:41] [Coordinator] [ERROR] 未找到 writer.py，且框架内置 Writer 尚未实现
[2026-05-18 15:10:41] [Coordinator] [WARNING] Writer 第171章失败，重试(3/3)
[2026-05-18 15:10:41] [Coordinator] [WARNING] Writer 第172章失败，重试(3/3)
[2026-05-18 15:10:41] [Coordinator] [ERROR] 未找到 writer.py，且框架内置 Writer 尚未实现
[2026-05-18 15:10:41] [Coordinator] [WARNING] Writer 第173章失败，重试(3/3)
[2026-05-18 15:10:41] [Coordinator] [ERROR] 未找到 writer.py，且框架内置 Writer 尚未实现
[2026-05-18 15:10:41] [Coordinator] [WARNING] Writer 第174章失败，重试(3/3)
[2026-05-18 15:10:41] [Coordinator] [ERROR] 未找到 writer.py，且框架内置 Writer 尚未实现
[2026-05-18 15:10:41] [Coordinator] [ERROR] 未找到 writer.py，且框架内置 Writer 尚未实现
[2026-05-18 15:10:41] [Coordinator] [WARNING] Writer 第175章失败，重试(3/3)
[2026-05-18 15:10:41] [Coordinator] [ERROR] 未找到 writer.py，且框架内置 Writer 尚未实现
[2026-05-18 15:10:41] [Coordinator] [WARNING] Writer 第176章失败，重试(3/3)
[2026-05-18 15:10:41] [Coordinator] [WARNING] Writer 第177章失败，重试(3/3)
[2026-05-18 15:10:41] [Coordinator] [ERROR] 未找到 writer.py，且框架内置 Writer 尚未实现
[2026-05-18 15:10:41] [Coordinator] [ERROR] Writer 第163章彻底失败
[2026-05-18 15:10:41] [Coordinator] [ERROR] 未找到 writer.py，且框架内置 Writer 尚未实现
[2026-05-18 15:10:41] [Coordinator] [WARNING] Writer 第180章失败，重试(3/3)
[2026-05-18 15:10:41] [Coordinator] [ERROR] 未找到 writer.py，且框架内置 Writer 尚未实现
[2026-05-18 15:10:41] [Coordinator] [ERROR] 未找到 writer.py，且框架内置 Writer 尚未实现
[2026-05-18 15:10:41] [Coordinator] [ERROR] Writer 第161章彻底失败
[2026-05-18 15:10:41] [Coordinator] [ERROR] 未找到 writer.py，且框架内置 Writer 尚未实现
[2026-05-18 15:10:41] [Coordinator] [WARNING] Writer 第178章失败，重试(3/3)
[2026-05-18 15:10:41] [Coordinator] [ERROR] Writer 第166章彻底失败
[2026-05-18 15:10:41] [Coordinator] [ERROR] 未找到 writer.py，且框架内置 Writer 尚未实现
[2026-05-18 15:10:41] [Coordinator] [WARNING] Writer 第179章失败，重试(3/3)
[2026-05-18 15:10:41] [Coordinator] [ERROR] 未找到 writer.py，且框架内置 Writer 尚未实现
[2026-05-18 15:10:41] [Coordinator] [ERROR] Writer 第164章彻底失败
[2026-05-18 15:10:41] [Coordinator] [ERROR] 未找到 writer.py，且框架内置 Writer 尚未实现
[2026-05-18 15:10:41] [Coordinator] [ERROR] 未找到 writer.py，且框架内置 Writer 尚未实现
[2026-05-18 15:10:41] [Coordinator] [ERROR] Writer 第162章彻底失败
[2026-05-18 15:10:41] [Coordinator] [ERROR] 未找到 writer.py，且框架内置 Writer 尚未实现
[2026-05-18 15:10:41] [Coordinator] [ERROR] Writer 第168章彻底失败
[2026-05-18 15:10:41] [Coordinator] [ERROR] Writer 第165章彻底失败
[2026-05-18 15:10:41] [Coordinator] [ERROR] 未找到 writer.py，且框架内置 Writer 尚未实现
[2026-05-18 15:10:41] [Coordinator] [ERROR] Writer 第167章彻底失败
[2026-05-18 15:10:41] [Coordinator] [ERROR] 未找到 writer.py，且框架内置 Writer 尚未实现
[2026-05-18 15:10:41] [Coordinator] [ERROR] Writer 第169章彻底失败
[2026-05-18 15:10:41] [Coordinator] [ERROR] 未找到 writer.py，且框架内置 Writer 尚未实现
[2026-05-18 15:10:41] [Coordinator] [ERROR] 未找到 writer.py，且框架内置 Writer 尚未实现
[2026-05-18 15:10:41] [Coordinator] [ERROR] Writer 第170章彻底失败
[2026-05-18 15:10:41] [Coordinator] [ERROR] 未找到 writer.py，且框架内置 Writer 尚未实现
[2026-05-18 15:10:41] [Coordinator] [ERROR] Writer 第171章彻底失败
[2026-05-18 15:10:41] [Coordinator] [ERROR] Writer 第172章彻底失败
[2026-05-18 15:10:41] [Coordinator] [ERROR] 未找到 writer.py，且框架内置 Writer 尚未实现
[2026-05-18 15:10:41] [Coordinator] [ERROR] Writer 第173章彻底失败
[2026-05-18 15:10:41] [Coordinator] [ERROR] 未找到 writer.py，且框架内置 Writer 尚未实现
[2026-05-18 15:10:41] [Coordinator] [ERROR] Writer 第174章彻底失败
[2026-05-18 15:10:41] [Coordinator] [ERROR] 未找到 writer.py，且框架内置 Writer 尚未实现
[2026-05-18 15:10:41] [Coordinator] [ERROR] 未找到 writer.py，且框架内置 Writer 尚未实现
[2026-05-18 15:10:41] [Coordinator] [ERROR] Writer 第175章彻底失败
[2026-05-18 15:10:41] [Coordinator] [ERROR] 未找到 writer.py，且框架内置 Writer 尚未实现
[2026-05-18 15:10:41] [Coordinator] [ERROR] Writer 第176章彻底失败
[2026-05-18 15:10:41] [Coordinator] [ERROR] Writer 第177章彻底失败
[2026-05-18 15:10:41] [Coordinator] [ERROR] 未找到 writer.py，且框架内置 Writer 尚未实现
[2026-05-18 15:10:41] [Coordinator] [ERROR] Writer 第180章彻底失败
[2026-05-18 15:10:41] [Coordinator] [ERROR] 未找到 writer.py，且框架内置 Writer 尚未实现
[2026-05-18 15:10:41] [Coordinator] [ERROR] Writer 第178章彻底失败
[2026-05-18 15:10:41] [Coordinator] [ERROR] 未找到 writer.py，且框架内置 Writer 尚未实现
[2026-05-18 15:10:41] [Coordinator] [ERROR] Writer 第179章彻底失败
[2026-05-18 15:10:43] [Coordinator] [INFO] Writer 批次完成: 成功 0 章, 失败 20 章
[2026-05-18 15:10:43] [Coordinator] [WARNING] Writer 失败: [163, 166, 161, 164, 165, 162, 168, 167, 169, 172, 170, 171, 173, 174, 177, 175, 176, 180, 178, 179]
[2026-05-18 15:10:43] [Coordinator] [INFO] 工作队列: 20 个任务, 5 workers [Reviewer]
[2026-05-18 15:10:43] [Coordinator] [ERROR] 未找到 reviewer.py，且框架内置 Reviewer 尚未实现
[2026-05-18 15:10:43] [Coordinator] [WARNING] Reviewer 第161章失败，重试(1/3)
[2026-05-18 15:10:43] [Coordinator] [ERROR] 未找到 reviewer.py，且框架内置 Reviewer 尚未实现
[2026-05-18 15:10:43] [Coordinator] [WARNING] Reviewer 第163章失败，重试(1/3)
[2026-05-18 15:10:43] [Coordinator] [ERROR] 未找到 reviewer.py，且框架内置 Reviewer 尚未实现
[2026-05-18 15:10:43] [Coordinator] [WARNING] Reviewer 第162章失败，重试(1/3)
[2026-05-18 15:10:43] [Coordinator] [ERROR] 未找到 reviewer.py，且框架内置 Reviewer 尚未实现
[2026-05-18 15:10:43] [Coordinator] [ERROR] 未找到 reviewer.py，且框架内置 Reviewer 尚未实现
[2026-05-18 15:10:43] [Coordinator] [WARNING] Reviewer 第164章失败，重试(1/3)
[2026-05-18 15:10:43] [Coordinator] [ERROR] 未找到 reviewer.py，且框架内置 Reviewer 尚未实现
[2026-05-18 15:10:43] [Coordinator] [WARNING] Reviewer 第165章失败，重试(1/3)
[2026-05-18 15:10:43] [Coordinator] [WARNING] Reviewer 第166章失败，重试(1/3)
[2026-05-18 15:10:43] [Coordinator] [ERROR] 未找到 reviewer.py，且框架内置 Reviewer 尚未实现
[2026-05-18 15:10:43] [Coordinator] [WARNING] Reviewer 第167章失败，重试(1/3)
[2026-05-18 15:10:43] [Coordinator] [ERROR] 未找到 reviewer.py，且框架内置 Reviewer 尚未实现
[2026-05-18 15:10:43] [Coordinator] [WARNING] Reviewer 第168章失败，重试(1/3)
[2026-05-18 15:10:43] [Coordinator] [ERROR] 未找到 reviewer.py，且框架内置 Reviewer 尚未实现
[2026-05-18 15:10:43] [Coordinator] [ERROR] 未找到 reviewer.py，且框架内置 Reviewer 尚未实现
[2026-05-18 15:10:43] [Coordinator] [ERROR] 未找到 reviewer.py，且框架内置 Reviewer 尚未实现
[2026-05-18 15:10:43] [Coordinator] [ERROR] 未找到 reviewer.py，且框架内置 Reviewer 尚未实现
[2026-05-18 15:10:43] [Coordinator] [WARNING] Reviewer 第170章失败，重试(1/3)
[2026-05-18 15:10:43] [Coordinator] [WARNING] Reviewer 第171章失败，重试(1/3)
[2026-05-18 15:10:43] [Coordinator] [WARNING] Reviewer 第169章失败，重试(1/3)
[2026-05-18 15:10:43] [Coordinator] [WARNING] Reviewer 第172章失败，重试(1/3)
[2026-05-18 15:10:43] [Coordinator] [ERROR] 未找到 reviewer.py，且框架内置 Reviewer 尚未实现
[2026-05-18 15:10:43] [Coordinator] [WARNING] Reviewer 第173章失败，重试(1/3)
[2026-05-18 15:10:43] [Coordinator] [ERROR] 未找到 reviewer.py，且框架内置 Reviewer 尚未实现
[2026-05-18 15:10:43] [Coordinator] [WARNING] Reviewer 第175章失败，重试(1/3)
[2026-05-18 15:10:43] [Coordinator] [ERROR] 未找到 reviewer.py，且框架内置 Reviewer 尚未实现
[2026-05-18 15:10:43] [Coordinator] [ERROR] 未找到 reviewer.py，且框架内置 Reviewer 尚未实现
[2026-05-18 15:10:43] [Coordinator] [WARNING] Reviewer 第174章失败，重试(1/3)
[2026-05-18 15:10:43] [Coordinator] [ERROR] 未找到 reviewer.py，且框架内置 Reviewer 尚未实现
[2026-05-18 15:10:43] [Coordinator] [WARNING] Reviewer 第176章失败，重试(1/3)
[2026-05-18 15:10:43] [Coordinator] [WARNING] Reviewer 第177章失败，重试(1/3)
[2026-05-18 15:10:43] [Coordinator] [ERROR] 未找到 reviewer.py，且框架内置 Reviewer 尚未实现
[2026-05-18 15:10:43] [Coordinator] [WARNING] Reviewer 第178章失败，重试(1/3)
[2026-05-18 15:10:43] [Coordinator] [ERROR] 未找到 reviewer.py，且框架内置 Reviewer 尚未实现
[2026-05-18 15:10:43] [Coordinator] [WARNING] Reviewer 第179章失败，重试(1/3)
[2026-05-18 15:10:43] [Coordinator] [ERROR] 未找到 reviewer.py，且框架内置 Reviewer 尚未实现
[2026-05-18 15:10:43] [Coordinator] [ERROR] 未找到 reviewer.py，且框架内置 Reviewer 尚未实现
[2026-05-18 15:10:43] [Coordinator] [WARNING] Reviewer 第180章失败，重试(1/3)
[2026-05-18 15:10:43] [Coordinator] [ERROR] 未找到 reviewer.py，且框架内置 Reviewer 尚未实现
[2026-05-18 15:10:43] [Coordinator] [WARNING] Reviewer 第161章失败，重试(2/3)
[2026-05-18 15:10:43] [Coordinator] [WARNING] Reviewer 第163章失败，重试(2/3)
[2026-05-18 15:10:43] [Coordinator] [ERROR] 未找到 reviewer.py，且框架内置 Reviewer 尚未实现
[2026-05-18 15:10:43] [Coordinator] [WARNING] Reviewer 第162章失败，重试(2/3)
[2026-05-18 15:10:43] [Coordinator] [ERROR] 未找到 reviewer.py，且框架内置 Reviewer 尚未实现
[2026-05-18 15:10:43] [Coordinator] [WARNING] Reviewer 第164章失败，重试(2/3)
[2026-05-18 15:10:43] [Coordinator] [ERROR] 未找到 reviewer.py，且框架内置 Reviewer 尚未实现
[2026-05-18 15:10:43] [Coordinator] [ERROR] 未找到 reviewer.py，且框架内置 Reviewer 尚未实现
[2026-05-18 15:10:43] [Coordinator] [WARNING] Reviewer 第165章失败，重试(2/3)
[2026-05-18 15:10:43] [Coordinator] [ERROR] 未找到 reviewer.py，且框架内置 Reviewer 尚未实现
[2026-05-18 15:10:43] [Coordinator] [WARNING] Reviewer 第166章失败，重试(2/3)
[2026-05-18 15:10:43] [Coordinator] [WARNING] Reviewer 第167章失败，重试(2/3)
[2026-05-18 15:10:43] [Coordinator] [ERROR] 未找到 reviewer.py，且框架内置 Reviewer 尚未实现
[2026-05-18 15:10:43] [Coordinator] [WARNING] Reviewer 第168章失败，重试(2/3)
[2026-05-18 15:10:43] [Coordinator] [ERROR] 未找到 reviewer.py，且框架内置 Reviewer 尚未实现
[2026-05-18 15:10:43] [Coordinator] [WARNING] Reviewer 第170章失败，重试(2/3)
[2026-05-18 15:10:43] [Coordinator] [ERROR] 未找到 reviewer.py，且框架内置 Reviewer 尚未实现
[2026-05-18 15:10:43] [Coordinator] [WARNING] Reviewer 第172章失败，重试(2/3)
[2026-05-18 15:10:43] [Coordinator] [ERROR] 未找到 reviewer.py，且框架内置 Reviewer 尚未实现
[2026-05-18 15:10:43] [Coordinator] [ERROR] 未找到 reviewer.py，且框架内置 Reviewer 尚未实现
[2026-05-18 15:10:43] [Coordinator] [WARNING] Reviewer 第169章失败，重试(2/3)
[2026-05-18 15:10:43] [Coordinator] [ERROR] 未找到 reviewer.py，且框架内置 Reviewer 尚未实现
[2026-05-18 15:10:43] [Coordinator] [WARNING] Reviewer 第171章失败，重试(2/3)
[2026-05-18 15:10:43] [Coordinator] [WARNING] Reviewer 第173章失败，重试(2/3)
[2026-05-18 15:10:43] [Coordinator] [ERROR] 未找到 reviewer.py，且框架内置 Reviewer 尚未实现
[2026-05-18 15:10:43] [Coordinator] [WARNING] Reviewer 第175章失败，重试(2/3)
[2026-05-18 15:10:43] [Coordinator] [ERROR] 未找到 reviewer.py，且框架内置 Reviewer 尚未实现
[2026-05-18 15:10:43] [Coordinator] [WARNING] Reviewer 第174章失败，重试(2/3)
[2026-05-18 15:10:43] [Coordinator] [ERROR] 未找到 reviewer.py，且框架内置 Reviewer 尚未实现
[2026-05-18 15:10:43] [Coordinator] [ERROR] 未找到 reviewer.py，且框架内置 Reviewer 尚未实现
[2026-05-18 15:10:43] [Coordinator] [WARNING] Reviewer 第176章失败，重试(2/3)
[2026-05-18 15:10:43] [Coordinator] [ERROR] 未找到 reviewer.py，且框架内置 Reviewer 尚未实现
[2026-05-18 15:10:43] [Coordinator] [WARNING] Reviewer 第177章失败，重试(2/3)
[2026-05-18 15:10:43] [Coordinator] [WARNING] Reviewer 第178章失败，重试(2/3)
[2026-05-18 15:10:43] [Coordinator] [ERROR] 未找到 reviewer.py，且框架内置 Reviewer 尚未实现
[2026-05-18 15:10:43] [Coordinator] [WARNING] Reviewer 第179章失败，重试(2/3)
[2026-05-18 15:10:43] [Coordinator] [ERROR] 未找到 reviewer.py，且框架内置 Reviewer 尚未实现
[2026-05-18 15:10:43] [Coordinator] [WARNING] Reviewer 第180章失败，重试(2/3)
[2026-05-18 15:10:43] [Coordinator] [ERROR] 未找到 reviewer.py，且框架内置 Reviewer 尚未实现
[2026-05-18 15:10:43] [Coordinator] [ERROR] 未找到 reviewer.py，且框架内置 Reviewer 尚未实现
[2026-05-18 15:10:43] [Coordinator] [WARNING] Reviewer 第161章失败，重试(3/3)
[2026-05-18 15:10:43] [Coordinator] [ERROR] 未找到 reviewer.py，且框架内置 Reviewer 尚未实现
[2026-05-18 15:10:43] [Coordinator] [ERROR] 未找到 reviewer.py，且框架内置 Reviewer 尚未实现
[2026-05-18 15:10:43] [Coordinator] [WARNING] Reviewer 第162章失败，重试(3/3)
[2026-05-18 15:10:43] [Coordinator] [ERROR] 未找到 reviewer.py，且框架内置 Reviewer 尚未实现
[2026-05-18 15:10:43] [Coordinator] [WARNING] Reviewer 第167章失败，重试(3/3)
[2026-05-18 15:10:43] [Coordinator] [WARNING] Reviewer 第163章失败，重试(3/3)
[2026-05-18 15:10:43] [Coordinator] [WARNING] Reviewer 第165章失败，重试(3/3)
[2026-05-18 15:10:43] [Coordinator] [ERROR] 未找到 reviewer.py，且框架内置 Reviewer 尚未实现
[2026-05-18 15:10:43] [Coordinator] [ERROR] 未找到 reviewer.py，且框架内置 Reviewer 尚未实现
[2026-05-18 15:10:43] [Coordinator] [WARNING] Reviewer 第166章失败，重试(3/3)
[2026-05-18 15:10:43] [Coordinator] [ERROR] 未找到 reviewer.py，且框架内置 Reviewer 尚未实现
[2026-05-18 15:10:43] [Coordinator] [WARNING] Reviewer 第170章失败，重试(3/3)
[2026-05-18 15:10:43] [Coordinator] [ERROR] 未找到 reviewer.py，且框架内置 Reviewer 尚未实现
[2026-05-18 15:10:43] [Coordinator] [ERROR] 未找到 reviewer.py，且框架内置 Reviewer 尚未实现
[2026-05-18 15:10:43] [Coordinator] [WARNING] Reviewer 第168章失败，重试(3/3)
[2026-05-18 15:10:43] [Coordinator] [ERROR] 未找到 reviewer.py，且框架内置 Reviewer 尚未实现
[2026-05-18 15:10:43] [Coordinator] [WARNING] Reviewer 第164章失败，重试(3/3)
[2026-05-18 15:10:43] [Coordinator] [WARNING] Reviewer 第171章失败，重试(3/3)
[2026-05-18 15:10:43] [Coordinator] [ERROR] 未找到 reviewer.py，且框架内置 Reviewer 尚未实现
[2026-05-18 15:10:43] [Coordinator] [WARNING] Reviewer 第169章失败，重试(3/3)
[2026-05-18 15:10:43] [Coordinator] [ERROR] 未找到 reviewer.py，且框架内置 Reviewer 尚未实现
[2026-05-18 15:10:43] [Coordinator] [WARNING] Reviewer 第176章失败，重试(3/3)
[2026-05-18 15:10:43] [Coordinator] [ERROR] 未找到 reviewer.py，且框架内置 Reviewer 尚未实现
[2026-05-18 15:10:43] [Coordinator] [ERROR] 未找到 reviewer.py，且框架内置 Reviewer 尚未实现
[2026-05-18 15:10:43] [Coordinator] [WARNING] Reviewer 第172章失败，重试(3/3)
[2026-05-18 15:10:43] [Coordinator] [ERROR] 未找到 reviewer.py，且框架内置 Reviewer 尚未实现
[2026-05-18 15:10:43] [Coordinator] [WARNING] Reviewer 第175章失败，重试(3/3)
[2026-05-18 15:10:43] [Coordinator] [WARNING] Reviewer 第174章失败，重试(3/3)
[2026-05-18 15:10:43] [Coordinator] [WARNING] Reviewer 第173章失败，重试(3/3)
[2026-05-18 15:10:43] [Coordinator] [ERROR] 未找到 reviewer.py，且框架内置 Reviewer 尚未实现
[2026-05-18 15:10:43] [Coordinator] [ERROR] 未找到 reviewer.py，且框架内置 Reviewer 尚未实现
[2026-05-18 15:10:43] [Coordinator] [WARNING] Reviewer 第177章失败，重试(3/3)
[2026-05-18 15:10:43] [Coordinator] [ERROR] 未找到 reviewer.py，且框架内置 Reviewer 尚未实现
[2026-05-18 15:10:43] [Coordinator] [WARNING] Reviewer 第180章失败，重试(3/3)
[2026-05-18 15:10:43] [Coordinator] [WARNING] Reviewer 第178章失败，重试(3/3)
[2026-05-18 15:10:43] [Coordinator] [ERROR] 未找到 reviewer.py，且框架内置 Reviewer 尚未实现
[2026-05-18 15:10:43] [Coordinator] [WARNING] Reviewer 第179章失败，重试(3/3)
[2026-05-18 15:10:43] [Coordinator] [ERROR] 未找到 reviewer.py，且框架内置 Reviewer 尚未实现
[2026-05-18 15:10:43] [Coordinator] [ERROR] Reviewer 第161章彻底失败
[2026-05-18 15:10:43] [Coordinator] [ERROR] 未找到 reviewer.py，且框架内置 Reviewer 尚未实现
[2026-05-18 15:10:43] [Coordinator] [ERROR] 未找到 reviewer.py，且框架内置 Reviewer 尚未实现
[2026-05-18 15:10:43] [Coordinator] [ERROR] Reviewer 第162章彻底失败
[2026-05-18 15:10:43] [Coordinator] [ERROR] 未找到 reviewer.py，且框架内置 Reviewer 尚未实现
[2026-05-18 15:10:43] [Coordinator] [ERROR] Reviewer 第167章彻底失败
[2026-05-18 15:10:43] [Coordinator] [ERROR] Reviewer 第163章彻底失败
[2026-05-18 15:10:43] [Coordinator] [ERROR] 未找到 reviewer.py，且框架内置 Reviewer 尚未实现
[2026-05-18 15:10:43] [Coordinator] [ERROR] Reviewer 第165章彻底失败
[2026-05-18 15:10:43] [Coordinator] [ERROR] 未找到 reviewer.py，且框架内置 Reviewer 尚未实现
[2026-05-18 15:10:43] [Coordinator] [ERROR] Reviewer 第166章彻底失败
[2026-05-18 15:10:43] [Coordinator] [ERROR] 未找到 reviewer.py，且框架内置 Reviewer 尚未实现
[2026-05-18 15:10:43] [Coordinator] [ERROR] 未找到 reviewer.py，且框架内置 Reviewer 尚未实现
[2026-05-18 15:10:43] [Coordinator] [ERROR] Reviewer 第170章彻底失败
[2026-05-18 15:10:43] [Coordinator] [ERROR] 未找到 reviewer.py，且框架内置 Reviewer 尚未实现
[2026-05-18 15:10:43] [Coordinator] [ERROR] Reviewer 第168章彻底失败
[2026-05-18 15:10:43] [Coordinator] [ERROR] Reviewer 第164章彻底失败
[2026-05-18 15:10:43] [Coordinator] [ERROR] 未找到 reviewer.py，且框架内置 Reviewer 尚未实现
[2026-05-18 15:10:43] [Coordinator] [ERROR] Reviewer 第171章彻底失败
[2026-05-18 15:10:43] [Coordinator] [ERROR] 未找到 reviewer.py，且框架内置 Reviewer 尚未实现
[2026-05-18 15:10:43] [Coordinator] [ERROR] Reviewer 第169章彻底失败
[2026-05-18 15:10:43] [Coordinator] [ERROR] 未找到 reviewer.py，且框架内置 Reviewer 尚未实现
[2026-05-18 15:10:43] [Coordinator] [ERROR] 未找到 reviewer.py，且框架内置 Reviewer 尚未实现
[2026-05-18 15:10:43] [Coordinator] [ERROR] Reviewer 第176章彻底失败
[2026-05-18 15:10:43] [Coordinator] [ERROR] 未找到 reviewer.py，且框架内置 Reviewer 尚未实现
[2026-05-18 15:10:43] [Coordinator] [ERROR] Reviewer 第172章彻底失败
[2026-05-18 15:10:43] [Coordinator] [ERROR] Reviewer 第175章彻底失败
[2026-05-18 15:10:43] [Coordinator] [ERROR] 未找到 reviewer.py，且框架内置 Reviewer 尚未实现
[2026-05-18 15:10:43] [Coordinator] [ERROR] Reviewer 第174章彻底失败
[2026-05-18 15:10:43] [Coordinator] [ERROR] 未找到 reviewer.py，且框架内置 Reviewer 尚未实现
[2026-05-18 15:10:43] [Coordinator] [ERROR] Reviewer 第173章彻底失败
[2026-05-18 15:10:43] [Coordinator] [ERROR] 未找到 reviewer.py，且框架内置 Reviewer 尚未实现
[2026-05-18 15:10:43] [Coordinator] [ERROR] 未找到 reviewer.py，且框架内置 Reviewer 尚未实现
[2026-05-18 15:10:43] [Coordinator] [ERROR] Reviewer 第177章彻底失败
[2026-05-18 15:10:43] [Coordinator] [ERROR] 未找到 reviewer.py，且框架内置 Reviewer 尚未实现
[2026-05-18 15:10:43] [Coordinator] [ERROR] Reviewer 第180章彻底失败
[2026-05-18 15:10:43] [Coordinator] [ERROR] 未找到 reviewer.py，且框架内置 Reviewer 尚未实现
[2026-05-18 15:10:43] [Coordinator] [ERROR] Reviewer 第179章彻底失败
[2026-05-18 15:10:43] [Coordinator] [ERROR] Reviewer 第178章彻底失败
[2026-05-18 15:10:45] [Coordinator] [INFO] Reviewer 批次完成: 成功 0 章, 失败 20 章
[2026-05-18 15:10:45] [Coordinator] [WARNING] Reviewer 失败: [161, 163, 162, 167, 165, 166, 164, 170, 168, 171, 169, 175, 176, 172, 174, 173, 178, 177, 180, 179]
[2026-05-18 15:10:45] [Coordinator] [INFO] 检测到 20 章草稿缺失，开始补全...
[2026-05-18 15:10:45] [Coordinator] [INFO] 工作队列: 20 个任务, 3 workers [FillDraft]
[2026-05-18 15:10:45] [Coordinator] [ERROR] 未找到 writer.py，且框架内置 Writer 尚未实现
[2026-05-18 15:10:45] [Coordinator] [WARNING] FillDraft 第161章失败，重试(1/3)
[2026-05-18 15:10:45] [Coordinator] [ERROR] 未找到 writer.py，且框架内置 Writer 尚未实现
[2026-05-18 15:10:45] [Coordinator] [WARNING] FillDraft 第162章失败，重试(1/3)
[2026-05-18 15:10:45] [Coordinator] [ERROR] 未找到 writer.py，且框架内置 Writer 尚未实现
[2026-05-18 15:10:45] [Coordinator] [WARNING] FillDraft 第164章失败，重试(1/3)
[2026-05-18 15:10:45] [Coordinator] [ERROR] 未找到 writer.py，且框架内置 Writer 尚未实现
[2026-05-18 15:10:45] [Coordinator] [WARNING] FillDraft 第165章失败，重试(1/3)
[2026-05-18 15:10:45] [Coordinator] [ERROR] 未找到 writer.py，且框架内置 Writer 尚未实现
[2026-05-18 15:10:45] [Coordinator] [ERROR] 未找到 writer.py，且框架内置 Writer 尚未实现
[2026-05-18 15:10:45] [Coordinator] [WARNING] FillDraft 第163章失败，重试(1/3)
[2026-05-18 15:10:45] [Coordinator] [WARNING] FillDraft 第166章失败，重试(1/3)
[2026-05-18 15:10:45] [Coordinator] [ERROR] 未找到 writer.py，且框架内置 Writer 尚未实现
[2026-05-18 15:10:45] [Coordinator] [WARNING] FillDraft 第167章失败，重试(1/3)
[2026-05-18 15:10:45] [Coordinator] [ERROR] 未找到 writer.py，且框架内置 Writer 尚未实现
[2026-05-18 15:10:45] [Coordinator] [WARNING] FillDraft 第169章失败，重试(1/3)
[2026-05-18 15:10:45] [Coordinator] [ERROR] 未找到 writer.py，且框架内置 Writer 尚未实现
[2026-05-18 15:10:45] [Coordinator] [WARNING] FillDraft 第170章失败，重试(1/3)
[2026-05-18 15:10:45] [Coordinator] [ERROR] 未找到 writer.py，且框架内置 Writer 尚未实现
[2026-05-18 15:10:45] [Coordinator] [ERROR] 未找到 writer.py，且框架内置 Writer 尚未实现
[2026-05-18 15:10:45] [Coordinator] [WARNING] FillDraft 第168章失败，重试(1/3)
[2026-05-18 15:10:45] [Coordinator] [WARNING] FillDraft 第171章失败，重试(1/3)
[2026-05-18 15:10:45] [Coordinator] [ERROR] 未找到 writer.py，且框架内置 Writer 尚未实现
[2026-05-18 15:10:45] [Coordinator] [WARNING] FillDraft 第172章失败，重试(1/3)
[2026-05-18 15:10:45] [Coordinator] [ERROR] 未找到 writer.py，且框架内置 Writer 尚未实现
[2026-05-18 15:10:45] [Coordinator] [WARNING] FillDraft 第174章失败，重试(1/3)
[2026-05-18 15:10:45] [Coordinator] [ERROR] 未找到 writer.py，且框架内置 Writer 尚未实现
[2026-05-18 15:10:45] [Coordinator] [WARNING] FillDraft 第175章失败，重试(1/3)
[2026-05-18 15:10:45] [Coordinator] [ERROR] 未找到 writer.py，且框架内置 Writer 尚未实现
[2026-05-18 15:10:45] [Coordinator] [ERROR] 未找到 writer.py，且框架内置 Writer 尚未实现
[2026-05-18 15:10:45] [Coordinator] [WARNING] FillDraft 第173章失败，重试(1/3)
[2026-05-18 15:10:45] [Coordinator] [ERROR] 未找到 writer.py，且框架内置 Writer 尚未实现
[2026-05-18 15:10:45] [Coordinator] [WARNING] FillDraft 第178章失败，重试(1/3)
[2026-05-18 15:10:45] [Coordinator] [WARNING] FillDraft 第176章失败，重试(1/3)
[2026-05-18 15:10:45] [Coordinator] [ERROR] 未找到 writer.py，且框架内置 Writer 尚未实现
[2026-05-18 15:10:45] [Coordinator] [WARNING] FillDraft 第177章失败，重试(1/3)
[2026-05-18 15:10:45] [Coordinator] [ERROR] 未找到 writer.py，且框架内置 Writer 尚未实现
[2026-05-18 15:10:45] [Coordinator] [WARNING] FillDraft 第180章失败，重试(1/3)
[2026-05-18 15:10:45] [Coordinator] [ERROR] 未找到 writer.py，且框架内置 Writer 尚未实现
[2026-05-18 15:10:45] [Coordinator] [WARNING] FillDraft 第161章失败，重试(2/3)
[2026-05-18 15:10:45] [Coordinator] [ERROR] 未找到 writer.py，且框架内置 Writer 尚未实现
[2026-05-18 15:10:45] [Coordinator] [ERROR] 未找到 writer.py，且框架内置 Writer 尚未实现
[2026-05-18 15:10:45] [Coordinator] [WARNING] FillDraft 第179章失败，重试(1/3)
[2026-05-18 15:10:45] [Coordinator] [WARNING] FillDraft 第162章失败，重试(2/3)
[2026-05-18 15:10:45] [Coordinator] [ERROR] 未找到 writer.py，且框架内置 Writer 尚未实现
[2026-05-18 15:10:45] [Coordinator] [WARNING] FillDraft 第164章失败，重试(2/3)
[2026-05-18 15:10:45] [Coordinator] [ERROR] 未找到 writer.py，且框架内置 Writer 尚未实现
[2026-05-18 15:10:45] [Coordinator] [WARNING] FillDraft 第163章失败，重试(2/3)
[2026-05-18 15:10:45] [Coordinator] [ERROR] 未找到 writer.py，且框架内置 Writer 尚未实现
[2026-05-18 15:10:45] [Coordinator] [WARNING] FillDraft 第166章失败，重试(2/3)
[2026-05-18 15:10:45] [Coordinator] [ERROR] 未找到 writer.py，且框架内置 Writer 尚未实现
[2026-05-18 15:10:45] [Coordinator] [ERROR] 未找到 writer.py，且框架内置 Writer 尚未实现
[2026-05-18 15:10:45] [Coordinator] [WARNING] FillDraft 第165章失败，重试(2/3)
[2026-05-18 15:10:45] [Coordinator] [WARNING] FillDraft 第167章失败，重试(2/3)
[2026-05-18 15:10:45] [Coordinator] [ERROR] 未找到 writer.py，且框架内置 Writer 尚未实现
[2026-05-18 15:10:45] [Coordinator] [WARNING] FillDraft 第169章失败，重试(2/3)
[2026-05-18 15:10:45] [Coordinator] [ERROR] 未找到 writer.py，且框架内置 Writer 尚未实现
[2026-05-18 15:10:45] [Coordinator] [WARNING] FillDraft 第168章失败，重试(2/3)
[2026-05-18 15:10:45] [Coordinator] [ERROR] 未找到 writer.py，且框架内置 Writer 尚未实现
[2026-05-18 15:10:45] [Coordinator] [WARNING] FillDraft 第171章失败，重试(2/3)
[2026-05-18 15:10:45] [Coordinator] [ERROR] 未找到 writer.py，且框架内置 Writer 尚未实现
[2026-05-18 15:10:45] [Coordinator] [ERROR] 未找到 writer.py，且框架内置 Writer 尚未实现
[2026-05-18 15:10:45] [Coordinator] [WARNING] FillDraft 第170章失败，重试(2/3)
[2026-05-18 15:10:45] [Coordinator] [WARNING] FillDraft 第172章失败，重试(2/3)
[2026-05-18 15:10:45] [Coordinator] [ERROR] 未找到 writer.py，且框架内置 Writer 尚未实现
[2026-05-18 15:10:45] [Coordinator] [WARNING] FillDraft 第174章失败，重试(2/3)
[2026-05-18 15:10:45] [Coordinator] [ERROR] 未找到 writer.py，且框架内置 Writer 尚未实现
[2026-05-18 15:10:45] [Coordinator] [WARNING] FillDraft 第173章失败，重试(2/3)
[2026-05-18 15:10:45] [Coordinator] [ERROR] 未找到 writer.py，且框架内置 Writer 尚未实现
[2026-05-18 15:10:45] [Coordinator] [ERROR] 未找到 writer.py，且框架内置 Writer 尚未实现
[2026-05-18 15:10:45] [Coordinator] [WARNING] FillDraft 第175章失败，重试(2/3)
[2026-05-18 15:10:45] [Coordinator] [WARNING] FillDraft 第178章失败，重试(2/3)
[2026-05-18 15:10:45] [Coordinator] [ERROR] 未找到 writer.py，且框架内置 Writer 尚未实现
[2026-05-18 15:10:45] [Coordinator] [WARNING] FillDraft 第176章失败，重试(2/3)
[2026-05-18 15:10:45] [Coordinator] [ERROR] 未找到 writer.py，且框架内置 Writer 尚未实现
[2026-05-18 15:10:45] [Coordinator] [WARNING] FillDraft 第180章失败，重试(2/3)
[2026-05-18 15:10:45] [Coordinator] [ERROR] 未找到 writer.py，且框架内置 Writer 尚未实现
[2026-05-18 15:10:45] [Coordinator] [WARNING] FillDraft 第161章失败，重试(3/3)
[2026-05-18 15:10:45] [Coordinator] [ERROR] 未找到 writer.py，且框架内置 Writer 尚未实现
[2026-05-18 15:10:45] [Coordinator] [ERROR] 未找到 writer.py，且框架内置 Writer 尚未实现
[2026-05-18 15:10:45] [Coordinator] [WARNING] FillDraft 第177章失败，重试(2/3)
[2026-05-18 15:10:45] [Coordinator] [ERROR] 未找到 writer.py，且框架内置 Writer 尚未实现
[2026-05-18 15:10:45] [Coordinator] [WARNING] FillDraft 第164章失败，重试(3/3)
[2026-05-18 15:10:45] [Coordinator] [ERROR] 未找到 writer.py，且框架内置 Writer 尚未实现
[2026-05-18 15:10:45] [Coordinator] [WARNING] FillDraft 第163章失败，重试(3/3)
[2026-05-18 15:10:45] [Coordinator] [WARNING] FillDraft 第179章失败，重试(2/3)
[2026-05-18 15:10:45] [Coordinator] [ERROR] 未找到 writer.py，且框架内置 Writer 尚未实现
[2026-05-18 15:10:45] [Coordinator] [WARNING] FillDraft 第162章失败，重试(3/3)
[2026-05-18 15:10:45] [Coordinator] [ERROR] 未找到 writer.py，且框架内置 Writer 尚未实现
[2026-05-18 15:10:45] [Coordinator] [WARNING] FillDraft 第165章失败，重试(3/3)
[2026-05-18 15:10:45] [Coordinator] [ERROR] 未找到 writer.py，且框架内置 Writer 尚未实现
[2026-05-18 15:10:45] [Coordinator] [WARNING] FillDraft 第167章失败，重试(3/3)
[2026-05-18 15:10:45] [Coordinator] [ERROR] 未找到 writer.py，且框架内置 Writer 尚未实现
[2026-05-18 15:10:45] [Coordinator] [ERROR] 未找到 writer.py，且框架内置 Writer 尚未实现
[2026-05-18 15:10:45] [Coordinator] [WARNING] FillDraft 第166章失败，重试(3/3)
[2026-05-18 15:10:45] [Coordinator] [WARNING] FillDraft 第168章失败，重试(3/3)
[2026-05-18 15:10:45] [Coordinator] [ERROR] 未找到 writer.py，且框架内置 Writer 尚未实现
[2026-05-18 15:10:45] [Coordinator] [WARNING] FillDraft 第170章失败，重试(3/3)
[2026-05-18 15:10:45] [Coordinator] [ERROR] 未找到 writer.py，且框架内置 Writer 尚未实现
[2026-05-18 15:10:45] [Coordinator] [WARNING] FillDraft 第169章失败，重试(3/3)
[2026-05-18 15:10:45] [Coordinator] [ERROR] 未找到 writer.py，且框架内置 Writer 尚未实现
[2026-05-18 15:10:45] [Coordinator] [WARNING] FillDraft 第172章失败，重试(3/3)
[2026-05-18 15:10:45] [Coordinator] [ERROR] 未找到 writer.py，且框架内置 Writer 尚未实现
[2026-05-18 15:10:45] [Coordinator] [ERROR] 未找到 writer.py，且框架内置 Writer 尚未实现
[2026-05-18 15:10:45] [Coordinator] [WARNING] FillDraft 第171章失败，重试(3/3)
[2026-05-18 15:10:45] [Coordinator] [ERROR] 未找到 writer.py，且框架内置 Writer 尚未实现
[2026-05-18 15:10:45] [Coordinator] [WARNING] FillDraft 第175章失败，重试(3/3)
[2026-05-18 15:10:45] [Coordinator] [WARNING] FillDraft 第174章失败，重试(3/3)
[2026-05-18 15:10:45] [Coordinator] [ERROR] 未找到 writer.py，且框架内置 Writer 尚未实现
[2026-05-18 15:10:45] [Coordinator] [WARNING] FillDraft 第173章失败，重试(3/3)
[2026-05-18 15:10:45] [Coordinator] [ERROR] 未找到 writer.py，且框架内置 Writer 尚未实现
[2026-05-18 15:10:45] [Coordinator] [WARNING] FillDraft 第176章失败，重试(3/3)
[2026-05-18 15:10:45] [Coordinator] [ERROR] 未找到 writer.py，且框架内置 Writer 尚未实现
[2026-05-18 15:10:45] [Coordinator] [WARNING] FillDraft 第180章失败，重试(3/3)
[2026-05-18 15:10:45] [Coordinator] [ERROR] 未找到 writer.py，且框架内置 Writer 尚未实现
[2026-05-18 15:10:45] [Coordinator] [ERROR] 未找到 writer.py，且框架内置 Writer 尚未实现
[2026-05-18 15:10:45] [Coordinator] [WARNING] FillDraft 第178章失败，重试(3/3)
[2026-05-18 15:10:45] [Coordinator] [ERROR] FillDraft 第161章彻底失败
[2026-05-18 15:10:45] [Coordinator] [ERROR] 未找到 writer.py，且框架内置 Writer 尚未实现
[2026-05-18 15:10:45] [Coordinator] [WARNING] FillDraft 第177章失败，重试(3/3)
[2026-05-18 15:10:45] [Coordinator] [ERROR] 未找到 writer.py，且框架内置 Writer 尚未实现
[2026-05-18 15:10:45] [Coordinator] [ERROR] FillDraft 第163章彻底失败
[2026-05-18 15:10:45] [Coordinator] [ERROR] 未找到 writer.py，且框架内置 Writer 尚未实现
[2026-05-18 15:10:45] [Coordinator] [ERROR] 未找到 writer.py，且框架内置 Writer 尚未实现
[2026-05-18 15:10:45] [Coordinator] [ERROR] FillDraft 第164章彻底失败
[2026-05-18 15:10:45] [Coordinator] [WARNING] FillDraft 第179章失败，重试(3/3)
[2026-05-18 15:10:45] [Coordinator] [ERROR] 未找到 writer.py，且框架内置 Writer 尚未实现
[2026-05-18 15:10:45] [Coordinator] [ERROR] FillDraft 第162章彻底失败
[2026-05-18 15:10:45] [Coordinator] [ERROR] 未找到 writer.py，且框架内置 Writer 尚未实现
[2026-05-18 15:10:45] [Coordinator] [ERROR] FillDraft 第167章彻底失败
[2026-05-18 15:10:45] [Coordinator] [ERROR] 未找到 writer.py，且框架内置 Writer 尚未实现
[2026-05-18 15:10:45] [Coordinator] [ERROR] FillDraft 第166章彻底失败
[2026-05-18 15:10:45] [Coordinator] [ERROR] 未找到 writer.py，且框架内置 Writer 尚未实现
[2026-05-18 15:10:45] [Coordinator] [ERROR] 未找到 writer.py，且框架内置 Writer 尚未实现
[2026-05-18 15:10:45] [Coordinator] [ERROR] FillDraft 第165章彻底失败
[2026-05-18 15:10:45] [Coordinator] [ERROR] 未找到 writer.py，且框架内置 Writer 尚未实现
[2026-05-18 15:10:45] [Coordinator] [ERROR] FillDraft 第169章彻底失败
[2026-05-18 15:10:45] [Coordinator] [ERROR] FillDraft 第168章彻底失败
[2026-05-18 15:10:45] [Coordinator] [ERROR] 未找到 writer.py，且框架内置 Writer 尚未实现
[2026-05-18 15:10:45] [Coordinator] [ERROR] FillDraft 第170章彻底失败
[2026-05-18 15:10:45] [Coordinator] [ERROR] 未找到 writer.py，且框架内置 Writer 尚未实现
[2026-05-18 15:10:45] [Coordinator] [ERROR] FillDraft 第171章彻底失败
[2026-05-18 15:10:45] [Coordinator] [ERROR] 未找到 writer.py，且框架内置 Writer 尚未实现
[2026-05-18 15:10:45] [Coordinator] [ERROR] FillDraft 第175章彻底失败
[2026-05-18 15:10:45] [Coordinator] [ERROR] 未找到 writer.py，且框架内置 Writer 尚未实现
[2026-05-18 15:10:45] [Coordinator] [ERROR] 未找到 writer.py，且框架内置 Writer 尚未实现
[2026-05-18 15:10:45] [Coordinator] [ERROR] 未找到 writer.py，且框架内置 Writer 尚未实现
[2026-05-18 15:10:45] [Coordinator] [ERROR] FillDraft 第173章彻底失败
[2026-05-18 15:10:45] [Coordinator] [ERROR] FillDraft 第172章彻底失败
[2026-05-18 15:10:45] [Coordinator] [ERROR] FillDraft 第174章彻底失败
[2026-05-18 15:10:45] [Coordinator] [ERROR] 未找到 writer.py，且框架内置 Writer 尚未实现
[2026-05-18 15:10:45] [Coordinator] [ERROR] FillDraft 第176章彻底失败
[2026-05-18 15:10:45] [Coordinator] [ERROR] 未找到 writer.py，且框架内置 Writer 尚未实现
[2026-05-18 15:10:45] [Coordinator] [ERROR] FillDraft 第178章彻底失败
[2026-05-18 15:10:45] [Coordinator] [ERROR] 未找到 writer.py，且框架内置 Writer 尚未实现
[2026-05-18 15:10:45] [Coordinator] [ERROR] FillDraft 第177章彻底失败
[2026-05-18 15:10:45] [Coordinator] [ERROR] 未找到 writer.py，且框架内置 Writer 尚未实现
[2026-05-18 15:10:45] [Coordinator] [ERROR] 未找到 writer.py，且框架内置 Writer 尚未实现
[2026-05-18 15:10:45] [Coordinator] [ERROR] FillDraft 第180章彻底失败
[2026-05-18 15:10:45] [Coordinator] [ERROR] FillDraft 第179章彻底失败
[2026-05-18 15:10:47] [Coordinator] [INFO] FillDraft 批次完成: 成功 0 章, 失败 20 章
[2026-05-18 15:10:47] [Coordinator] [INFO] 检测到 20 章审查缺失，开始补全...
[2026-05-18 15:10:47] [Coordinator] [INFO] 工作队列: 20 个任务, 3 workers [FillReview]
[2026-05-18 15:10:47] [Coordinator] [ERROR] 未找到 reviewer.py，且框架内置 Reviewer 尚未实现
[2026-05-18 15:10:47] [Coordinator] [WARNING] FillReview 第161章失败，重试(1/3)
[2026-05-18 15:10:47] [Coordinator] [ERROR] 未找到 reviewer.py，且框架内置 Reviewer 尚未实现
[2026-05-18 15:10:47] [Coordinator] [WARNING] FillReview 第162章失败，重试(1/3)
[2026-05-18 15:10:47] [Coordinator] [ERROR] 未找到 reviewer.py，且框架内置 Reviewer 尚未实现
[2026-05-18 15:10:47] [Coordinator] [WARNING] FillReview 第164章失败，重试(1/3)
[2026-05-18 15:10:47] [Coordinator] [ERROR] 未找到 reviewer.py，且框架内置 Reviewer 尚未实现
[2026-05-18 15:10:47] [Coordinator] [ERROR] 未找到 reviewer.py，且框架内置 Reviewer 尚未实现
[2026-05-18 15:10:47] [Coordinator] [WARNING] FillReview 第163章失败，重试(1/3)
[2026-05-18 15:10:47] [Coordinator] [ERROR] 未找到 reviewer.py，且框架内置 Reviewer 尚未实现
[2026-05-18 15:10:47] [Coordinator] [ERROR] 未找到 reviewer.py，且框架内置 Reviewer 尚未实现
[2026-05-18 15:10:47] [Coordinator] [WARNING] FillReview 第165章失败，重试(1/3)
[2026-05-18 15:10:47] [Coordinator] [WARNING] FillReview 第167章失败，重试(1/3)
[2026-05-18 15:10:47] [Coordinator] [WARNING] FillReview 第166章失败，重试(1/3)
[2026-05-18 15:10:47] [Coordinator] [ERROR] 未找到 reviewer.py，且框架内置 Reviewer 尚未实现
[2026-05-18 15:10:47] [Coordinator] [WARNING] FillReview 第170章失败，重试(1/3)
[2026-05-18 15:10:47] [Coordinator] [ERROR] 未找到 reviewer.py，且框架内置 Reviewer 尚未实现
[2026-05-18 15:10:47] [Coordinator] [WARNING] FillReview 第168章失败，重试(1/3)
[2026-05-18 15:10:47] [Coordinator] [ERROR] 未找到 reviewer.py，且框架内置 Reviewer 尚未实现
[2026-05-18 15:10:47] [Coordinator] [ERROR] 未找到 reviewer.py，且框架内置 Reviewer 尚未实现
[2026-05-18 15:10:47] [Coordinator] [WARNING] FillReview 第169章失败，重试(1/3)
[2026-05-18 15:10:47] [Coordinator] [WARNING] FillReview 第172章失败，重试(1/3)
[2026-05-18 15:10:47] [Coordinator] [ERROR] 未找到 reviewer.py，且框架内置 Reviewer 尚未实现
[2026-05-18 15:10:47] [Coordinator] [WARNING] FillReview 第171章失败，重试(1/3)
[2026-05-18 15:10:47] [Coordinator] [ERROR] 未找到 reviewer.py，且框架内置 Reviewer 尚未实现
[2026-05-18 15:10:47] [Coordinator] [WARNING] FillReview 第175章失败，重试(1/3)
[2026-05-18 15:10:47] [Coordinator] [ERROR] 未找到 reviewer.py，且框架内置 Reviewer 尚未实现
[2026-05-18 15:10:47] [Coordinator] [ERROR] 未找到 reviewer.py，且框架内置 Reviewer 尚未实现
[2026-05-18 15:10:47] [Coordinator] [WARNING] FillReview 第173章失败，重试(1/3)
[2026-05-18 15:10:47] [Coordinator] [ERROR] 未找到 reviewer.py，且框架内置 Reviewer 尚未实现
[2026-05-18 15:10:47] [Coordinator] [WARNING] FillReview 第177章失败，重试(1/3)
[2026-05-18 15:10:47] [Coordinator] [ERROR] 未找到 reviewer.py，且框架内置 Reviewer 尚未实现
[2026-05-18 15:10:47] [Coordinator] [WARNING] FillReview 第178章失败，重试(1/3)
[2026-05-18 15:10:47] [Coordinator] [WARNING] FillReview 第174章失败，重试(1/3)
[2026-05-18 15:10:47] [Coordinator] [ERROR] 未找到 reviewer.py，且框架内置 Reviewer 尚未实现
[2026-05-18 15:10:47] [Coordinator] [WARNING] FillReview 第176章失败，重试(1/3)
[2026-05-18 15:10:47] [Coordinator] [ERROR] 未找到 reviewer.py，且框架内置 Reviewer 尚未实现
[2026-05-18 15:10:47] [Coordinator] [WARNING] FillReview 第161章失败，重试(2/3)
[2026-05-18 15:10:47] [Coordinator] [ERROR] 未找到 reviewer.py，且框架内置 Reviewer 尚未实现
[2026-05-18 15:10:47] [Coordinator] [ERROR] 未找到 reviewer.py，且框架内置 Reviewer 尚未实现
[2026-05-18 15:10:47] [Coordinator] [ERROR] 未找到 reviewer.py，且框架内置 Reviewer 尚未实现
[2026-05-18 15:10:47] [Coordinator] [WARNING] FillReview 第180章失败，重试(1/3)
[2026-05-18 15:10:47] [Coordinator] [WARNING] FillReview 第179章失败，重试(1/3)
[2026-05-18 15:10:47] [Coordinator] [WARNING] FillReview 第162章失败，重试(2/3)
[2026-05-18 15:10:47] [Coordinator] [ERROR] 未找到 reviewer.py，且框架内置 Reviewer 尚未实现
[2026-05-18 15:10:47] [Coordinator] [WARNING] FillReview 第164章失败，重试(2/3)
[2026-05-18 15:10:47] [Coordinator] [ERROR] 未找到 reviewer.py，且框架内置 Reviewer 尚未实现
[2026-05-18 15:10:47] [Coordinator] [WARNING] FillReview 第167章失败，重试(2/3)
[2026-05-18 15:10:47] [Coordinator] [ERROR] 未找到 reviewer.py，且框架内置 Reviewer 尚未实现
[2026-05-18 15:10:47] [Coordinator] [ERROR] 未找到 reviewer.py，且框架内置 Reviewer 尚未实现
[2026-05-18 15:10:47] [Coordinator] [WARNING] FillReview 第163章失败，重试(2/3)
[2026-05-18 15:10:47] [Coordinator] [ERROR] 未找到 reviewer.py，且框架内置 Reviewer 尚未实现
[2026-05-18 15:10:47] [Coordinator] [WARNING] FillReview 第165章失败，重试(2/3)
[2026-05-18 15:10:47] [Coordinator] [ERROR] 未找到 reviewer.py，且框架内置 Reviewer 尚未实现
[2026-05-18 15:10:47] [Coordinator] [WARNING] FillReview 第166章失败，重试(2/3)
[2026-05-18 15:10:47] [Coordinator] [ERROR] 未找到 reviewer.py，且框架内置 Reviewer 尚未实现
[2026-05-18 15:10:47] [Coordinator] [WARNING] FillReview 第169章失败，重试(2/3)
[2026-05-18 15:10:47] [Coordinator] [ERROR] 未找到 reviewer.py，且框架内置 Reviewer 尚未实现
[2026-05-18 15:10:47] [Coordinator] [WARNING] FillReview 第168章失败，重试(2/3)
[2026-05-18 15:10:47] [Coordinator] [ERROR] 未找到 reviewer.py，且框架内置 Reviewer 尚未实现
[2026-05-18 15:10:47] [Coordinator] [WARNING] FillReview 第170章失败，重试(2/3)
[2026-05-18 15:10:47] [Coordinator] [ERROR] 未找到 reviewer.py，且框架内置 Reviewer 尚未实现
[2026-05-18 15:10:47] [Coordinator] [WARNING] FillReview 第171章失败，重试(2/3)
[2026-05-18 15:10:47] [Coordinator] [ERROR] 未找到 reviewer.py，且框架内置 Reviewer 尚未实现
[2026-05-18 15:10:47] [Coordinator] [WARNING] FillReview 第175章失败，重试(2/3)
[2026-05-18 15:10:47] [Coordinator] [ERROR] 未找到 reviewer.py，且框架内置 Reviewer 尚未实现
[2026-05-18 15:10:47] [Coordinator] [WARNING] FillReview 第172章失败，重试(2/3)
[2026-05-18 15:10:47] [Coordinator] [ERROR] 未找到 reviewer.py，且框架内置 Reviewer 尚未实现
[2026-05-18 15:10:47] [Coordinator] [WARNING] FillReview 第177章失败，重试(2/3)
[2026-05-18 15:10:47] [Coordinator] [ERROR] 未找到 reviewer.py，且框架内置 Reviewer 尚未实现
[2026-05-18 15:10:47] [Coordinator] [WARNING] FillReview 第178章失败，重试(2/3)
[2026-05-18 15:10:47] [Coordinator] [ERROR] 未找到 reviewer.py，且框架内置 Reviewer 尚未实现
[2026-05-18 15:10:47] [Coordinator] [WARNING] FillReview 第173章失败，重试(2/3)
[2026-05-18 15:10:47] [Coordinator] [ERROR] 未找到 reviewer.py，且框架内置 Reviewer 尚未实现
[2026-05-18 15:10:47] [Coordinator] [WARNING] FillReview 第176章失败，重试(2/3)
[2026-05-18 15:10:47] [Coordinator] [ERROR] 未找到 reviewer.py，且框架内置 Reviewer 尚未实现
[2026-05-18 15:10:47] [Coordinator] [WARNING] FillReview 第174章失败，重试(2/3)
[2026-05-18 15:10:47] [Coordinator] [ERROR] 未找到 reviewer.py，且框架内置 Reviewer 尚未实现
[2026-05-18 15:10:47] [Coordinator] [WARNING] FillReview 第180章失败，重试(2/3)
[2026-05-18 15:10:47] [Coordinator] [ERROR] 未找到 reviewer.py，且框架内置 Reviewer 尚未实现
[2026-05-18 15:10:47] [Coordinator] [WARNING] FillReview 第179章失败，重试(2/3)
[2026-05-18 15:10:47] [Coordinator] [ERROR] 未找到 reviewer.py，且框架内置 Reviewer 尚未实现
[2026-05-18 15:10:47] [Coordinator] [WARNING] FillReview 第161章失败，重试(3/3)
[2026-05-18 15:10:47] [Coordinator] [ERROR] 未找到 reviewer.py，且框架内置 Reviewer 尚未实现
[2026-05-18 15:10:47] [Coordinator] [WARNING] FillReview 第164章失败，重试(3/3)
[2026-05-18 15:10:47] [Coordinator] [ERROR] 未找到 reviewer.py，且框架内置 Reviewer 尚未实现
[2026-05-18 15:10:47] [Coordinator] [WARNING] FillReview 第167章失败，重试(3/3)
[2026-05-18 15:10:47] [Coordinator] [ERROR] 未找到 reviewer.py，且框架内置 Reviewer 尚未实现
[2026-05-18 15:10:47] [Coordinator] [WARNING] FillReview 第162章失败，重试(3/3)
[2026-05-18 15:10:47] [Coordinator] [ERROR] 未找到 reviewer.py，且框架内置 Reviewer 尚未实现
[2026-05-18 15:10:47] [Coordinator] [WARNING] FillReview 第165章失败，重试(3/3)
[2026-05-18 15:10:47] [Coordinator] [ERROR] 未找到 reviewer.py，且框架内置 Reviewer 尚未实现
[2026-05-18 15:10:47] [Coordinator] [WARNING] FillReview 第166章失败，重试(3/3)
[2026-05-18 15:10:47] [Coordinator] [ERROR] 未找到 reviewer.py，且框架内置 Reviewer 尚未实现
[2026-05-18 15:10:47] [Coordinator] [WARNING] FillReview 第169章失败，重试(3/3)
[2026-05-18 15:10:47] [Coordinator] [ERROR] 未找到 reviewer.py，且框架内置 Reviewer 尚未实现
[2026-05-18 15:10:47] [Coordinator] [WARNING] FillReview 第163章失败，重试(3/3)
[2026-05-18 15:10:47] [Coordinator] [ERROR] 未找到 reviewer.py，且框架内置 Reviewer 尚未实现
[2026-05-18 15:10:47] [Coordinator] [WARNING] FillReview 第171章失败，重试(3/3)
[2026-05-18 15:10:47] [Coordinator] [ERROR] 未找到 reviewer.py，且框架内置 Reviewer 尚未实现
[2026-05-18 15:10:47] [Coordinator] [WARNING] FillReview 第170章失败，重试(3/3)
[2026-05-18 15:10:47] [Coordinator] [ERROR] 未找到 reviewer.py，且框架内置 Reviewer 尚未实现
[2026-05-18 15:10:47] [Coordinator] [WARNING] FillReview 第168章失败，重试(3/3)
[2026-05-18 15:10:47] [Coordinator] [ERROR] 未找到 reviewer.py，且框架内置 Reviewer 尚未实现
[2026-05-18 15:10:47] [Coordinator] [WARNING] FillReview 第172章失败，重试(3/3)
[2026-05-18 15:10:47] [Coordinator] [ERROR] 未找到 reviewer.py，且框架内置 Reviewer 尚未实现
[2026-05-18 15:10:47] [Coordinator] [WARNING] FillReview 第178章失败，重试(3/3)
[2026-05-18 15:10:47] [Coordinator] [ERROR] 未找到 reviewer.py，且框架内置 Reviewer 尚未实现
[2026-05-18 15:10:47] [Coordinator] [WARNING] FillReview 第177章失败，重试(3/3)
[2026-05-18 15:10:47] [Coordinator] [ERROR] 未找到 reviewer.py，且框架内置 Reviewer 尚未实现
[2026-05-18 15:10:47] [Coordinator] [WARNING] FillReview 第175章失败，重试(3/3)
[2026-05-18 15:10:47] [Coordinator] [ERROR] 未找到 reviewer.py，且框架内置 Reviewer 尚未实现
[2026-05-18 15:10:47] [Coordinator] [WARNING] FillReview 第176章失败，重试(3/3)
[2026-05-18 15:10:47] [Coordinator] [ERROR] 未找到 reviewer.py，且框架内置 Reviewer 尚未实现
[2026-05-18 15:10:47] [Coordinator] [WARNING] FillReview 第174章失败，重试(3/3)
[2026-05-18 15:10:47] [Coordinator] [ERROR] 未找到 reviewer.py，且框架内置 Reviewer 尚未实现
[2026-05-18 15:10:47] [Coordinator] [WARNING] FillReview 第180章失败，重试(3/3)
[2026-05-18 15:10:47] [Coordinator] [ERROR] 未找到 reviewer.py，且框架内置 Reviewer 尚未实现
[2026-05-18 15:10:47] [Coordinator] [WARNING] FillReview 第173章失败，重试(3/3)
[2026-05-18 15:10:47] [Coordinator] [ERROR] 未找到 reviewer.py，且框架内置 Reviewer 尚未实现
[2026-05-18 15:10:47] [Coordinator] [ERROR] FillReview 第161章彻底失败
[2026-05-18 15:10:47] [Coordinator] [ERROR] 未找到 reviewer.py，且框架内置 Reviewer 尚未实现
[2026-05-18 15:10:47] [Coordinator] [ERROR] FillReview 第164章彻底失败
[2026-05-18 15:10:47] [Coordinator] [ERROR] 未找到 reviewer.py，且框架内置 Reviewer 尚未实现
[2026-05-18 15:10:47] [Coordinator] [ERROR] FillReview 第167章彻底失败
[2026-05-18 15:10:47] [Coordinator] [ERROR] 未找到 reviewer.py，且框架内置 Reviewer 尚未实现
[2026-05-18 15:10:47] [Coordinator] [WARNING] FillReview 第179章失败，重试(3/3)
[2026-05-18 15:10:47] [Coordinator] [ERROR] 未找到 reviewer.py，且框架内置 Reviewer 尚未实现
[2026-05-18 15:10:47] [Coordinator] [ERROR] FillReview 第165章彻底失败
[2026-05-18 15:10:47] [Coordinator] [ERROR] 未找到 reviewer.py，且框架内置 Reviewer 尚未实现
[2026-05-18 15:10:47] [Coordinator] [ERROR] FillReview 第166章彻底失败
[2026-05-18 15:10:47] [Coordinator] [ERROR] 未找到 reviewer.py，且框架内置 Reviewer 尚未实现
[2026-05-18 15:10:47] [Coordinator] [ERROR] FillReview 第162章彻底失败
[2026-05-18 15:10:47] [Coordinator] [ERROR] 未找到 reviewer.py，且框架内置 Reviewer 尚未实现
[2026-05-18 15:10:47] [Coordinator] [ERROR] FillReview 第163章彻底失败
[2026-05-18 15:10:47] [Coordinator] [ERROR] 未找到 reviewer.py，且框架内置 Reviewer 尚未实现
[2026-05-18 15:10:47] [Coordinator] [ERROR] FillReview 第171章彻底失败
[2026-05-18 15:10:47] [Coordinator] [ERROR] 未找到 reviewer.py，且框架内置 Reviewer 尚未实现
[2026-05-18 15:10:47] [Coordinator] [ERROR] FillReview 第169章彻底失败
[2026-05-18 15:10:47] [Coordinator] [ERROR] 未找到 reviewer.py，且框架内置 Reviewer 尚未实现
[2026-05-18 15:10:47] [Coordinator] [ERROR] FillReview 第168章彻底失败
[2026-05-18 15:10:47] [Coordinator] [ERROR] 未找到 reviewer.py，且框架内置 Reviewer 尚未实现
[2026-05-18 15:10:47] [Coordinator] [ERROR] FillReview 第172章彻底失败
[2026-05-18 15:10:47] [Coordinator] [ERROR] 未找到 reviewer.py，且框架内置 Reviewer 尚未实现
[2026-05-18 15:10:47] [Coordinator] [ERROR] FillReview 第170章彻底失败
[2026-05-18 15:10:47] [Coordinator] [ERROR] 未找到 reviewer.py，且框架内置 Reviewer 尚未实现
[2026-05-18 15:10:47] [Coordinator] [ERROR] FillReview 第177章彻底失败
[2026-05-18 15:10:47] [Coordinator] [ERROR] 未找到 reviewer.py，且框架内置 Reviewer 尚未实现
[2026-05-18 15:10:47] [Coordinator] [ERROR] FillReview 第175章彻底失败
[2026-05-18 15:10:47] [Coordinator] [ERROR] 未找到 reviewer.py，且框架内置 Reviewer 尚未实现
[2026-05-18 15:10:47] [Coordinator] [ERROR] FillReview 第178章彻底失败
[2026-05-18 15:10:47] [Coordinator] [ERROR] 未找到 reviewer.py，且框架内置 Reviewer 尚未实现
[2026-05-18 15:10:47] [Coordinator] [ERROR] FillReview 第174章彻底失败
[2026-05-18 15:10:47] [Coordinator] [ERROR] 未找到 reviewer.py，且框架内置 Reviewer 尚未实现
[2026-05-18 15:10:47] [Coordinator] [ERROR] FillReview 第173章彻底失败
[2026-05-18 15:10:47] [Coordinator] [ERROR] 未找到 reviewer.py，且框架内置 Reviewer 尚未实现
[2026-05-18 15:10:47] [Coordinator] [ERROR] FillReview 第176章彻底失败
[2026-05-18 15:10:47] [Coordinator] [ERROR] 未找到 reviewer.py，且框架内置 Reviewer 尚未实现
[2026-05-18 15:10:47] [Coordinator] [ERROR] FillReview 第179章彻底失败
[2026-05-18 15:10:47] [Coordinator] [ERROR] FillReview 第180章彻底失败
[2026-05-18 15:10:49] [Coordinator] [INFO] FillReview 批次完成: 成功 0 章, 失败 20 章
[2026-05-18 15:10:50] [Coordinator] [INFO] 已加入多媒体队列: 第161-180章 (队列长度 175)
[2026-05-18 15:10:53] [Coordinator] [INFO] ===== 开始第 181-200 章 =====
[2026-05-18 15:10:53] [Coordinator] [INFO] 工作队列: 20 个任务, 5 workers [Writer]
[2026-05-18 15:10:53] [Coordinator] [ERROR] 未找到 writer.py，且框架内置 Writer 尚未实现
[2026-05-18 15:10:53] [Coordinator] [WARNING] Writer 第181章失败，重试(1/3)
[2026-05-18 15:10:53] [Coordinator] [ERROR] 未找到 writer.py，且框架内置 Writer 尚未实现
[2026-05-18 15:10:53] [Coordinator] [ERROR] 未找到 writer.py，且框架内置 Writer 尚未实现
[2026-05-18 15:10:53] [Coordinator] [ERROR] 未找到 writer.py，且框架内置 Writer 尚未实现
[2026-05-18 15:10:53] [Coordinator] [ERROR] 未找到 writer.py，且框架内置 Writer 尚未实现
[2026-05-18 15:10:53] [Coordinator] [ERROR] 未找到 writer.py，且框架内置 Writer 尚未实现
[2026-05-18 15:10:53] [Coordinator] [WARNING] Writer 第183章失败，重试(1/3)
[2026-05-18 15:10:53] [Coordinator] [WARNING] Writer 第182章失败，重试(1/3)
[2026-05-18 15:10:53] [Coordinator] [WARNING] Writer 第184章失败，重试(1/3)
[2026-05-18 15:10:53] [Coordinator] [WARNING] Writer 第185章失败，重试(1/3)
[2026-05-18 15:10:53] [Coordinator] [WARNING] Writer 第186章失败，重试(1/3)
[2026-05-18 15:10:53] [Coordinator] [ERROR] 未找到 writer.py，且框架内置 Writer 尚未实现
[2026-05-18 15:10:53] [Coordinator] [ERROR] 未找到 writer.py，且框架内置 Writer 尚未实现
[2026-05-18 15:10:53] [Coordinator] [ERROR] 未找到 writer.py，且框架内置 Writer 尚未实现
[2026-05-18 15:10:53] [Coordinator] [ERROR] 未找到 writer.py，且框架内置 Writer 尚未实现
[2026-05-18 15:10:53] [Coordinator] [ERROR] 未找到 writer.py，且框架内置 Writer 尚未实现
[2026-05-18 15:10:53] [Coordinator] [WARNING] Writer 第187章失败，重试(1/3)
[2026-05-18 15:10:53] [Coordinator] [WARNING] Writer 第188章失败，重试(1/3)
[2026-05-18 15:10:53] [Coordinator] [WARNING] Writer 第189章失败，重试(1/3)
[2026-05-18 15:10:53] [Coordinator] [WARNING] Writer 第190章失败，重试(1/3)
[2026-05-18 15:10:53] [Coordinator] [WARNING] Writer 第191章失败，重试(1/3)
[2026-05-18 15:10:53] [Coordinator] [ERROR] 未找到 writer.py，且框架内置 Writer 尚未实现
[2026-05-18 15:10:53] [Coordinator] [ERROR] 未找到 writer.py，且框架内置 Writer 尚未实现
[2026-05-18 15:10:53] [Coordinator] [ERROR] 未找到 writer.py，且框架内置 Writer 尚未实现
[2026-05-18 15:10:53] [Coordinator] [ERROR] 未找到 writer.py，且框架内置 Writer 尚未实现
[2026-05-18 15:10:53] [Coordinator] [ERROR] 未找到 writer.py，且框架内置 Writer 尚未实现
[2026-05-18 15:10:53] [Coordinator] [WARNING] Writer 第192章失败，重试(1/3)
[2026-05-18 15:10:53] [Coordinator] [WARNING] Writer 第193章失败，重试(1/3)
[2026-05-18 15:10:53] [Coordinator] [WARNING] Writer 第194章失败，重试(1/3)
[2026-05-18 15:10:53] [Coordinator] [WARNING] Writer 第195章失败，重试(1/3)
[2026-05-18 15:10:53] [Coordinator] [WARNING] Writer 第196章失败，重试(1/3)
[2026-05-18 15:10:53] [Coordinator] [ERROR] 未找到 writer.py，且框架内置 Writer 尚未实现
[2026-05-18 15:10:53] [Coordinator] [ERROR] 未找到 writer.py，且框架内置 Writer 尚未实现
[2026-05-18 15:10:53] [Coordinator] [ERROR] 未找到 writer.py，且框架内置 Writer 尚未实现
[2026-05-18 15:10:53] [Coordinator] [ERROR] 未找到 writer.py，且框架内置 Writer 尚未实现
[2026-05-18 15:10:53] [Coordinator] [ERROR] 未找到 writer.py，且框架内置 Writer 尚未实现
[2026-05-18 15:10:53] [Coordinator] [WARNING] Writer 第197章失败，重试(1/3)
[2026-05-18 15:10:53] [Coordinator] [WARNING] Writer 第198章失败，重试(1/3)
[2026-05-18 15:10:53] [Coordinator] [WARNING] Writer 第199章失败，重试(1/3)
[2026-05-18 15:10:53] [Coordinator] [WARNING] Writer 第200章失败，重试(1/3)
[2026-05-18 15:10:53] [Coordinator] [WARNING] Writer 第181章失败，重试(2/3)
[2026-05-18 15:10:53] [Coordinator] [ERROR] 未找到 writer.py，且框架内置 Writer 尚未实现
[2026-05-18 15:10:53] [Coordinator] [ERROR] 未找到 writer.py，且框架内置 Writer 尚未实现
[2026-05-18 15:10:53] [Coordinator] [ERROR] 未找到 writer.py，且框架内置 Writer 尚未实现
[2026-05-18 15:10:53] [Coordinator] [ERROR] 未找到 writer.py，且框架内置 Writer 尚未实现
[2026-05-18 15:10:53] [Coordinator] [ERROR] 未找到 writer.py，且框架内置 Writer 尚未实现
[2026-05-18 15:10:53] [Coordinator] [WARNING] Writer 第183章失败，重试(2/3)
[2026-05-18 15:10:53] [Coordinator] [WARNING] Writer 第184章失败，重试(2/3)
[2026-05-18 15:10:53] [Coordinator] [WARNING] Writer 第182章失败，重试(2/3)
[2026-05-18 15:10:53] [Coordinator] [WARNING] Writer 第185章失败，重试(2/3)
[2026-05-18 15:10:53] [Coordinator] [WARNING] Writer 第186章失败，重试(2/3)
[2026-05-18 15:10:53] [Coordinator] [ERROR] 未找到 writer.py，且框架内置 Writer 尚未实现
[2026-05-18 15:10:53] [Coordinator] [ERROR] 未找到 writer.py，且框架内置 Writer 尚未实现
[2026-05-18 15:10:53] [Coordinator] [ERROR] 未找到 writer.py，且框架内置 Writer 尚未实现
[2026-05-18 15:10:53] [Coordinator] [ERROR] 未找到 writer.py，且框架内置 Writer 尚未实现
[2026-05-18 15:10:53] [Coordinator] [ERROR] 未找到 writer.py，且框架内置 Writer 尚未实现
[2026-05-18 15:10:53] [Coordinator] [WARNING] Writer 第187章失败，重试(2/3)
[2026-05-18 15:10:53] [Coordinator] [WARNING] Writer 第188章失败，重试(2/3)
[2026-05-18 15:10:53] [Coordinator] [WARNING] Writer 第189章失败，重试(2/3)
[2026-05-18 15:10:53] [Coordinator] [WARNING] Writer 第190章失败，重试(2/3)
[2026-05-18 15:10:53] [Coordinator] [WARNING] Writer 第191章失败，重试(2/3)
[2026-05-18 15:10:53] [Coordinator] [ERROR] 未找到 writer.py，且框架内置 Writer 尚未实现
[2026-05-18 15:10:53] [Coordinator] [ERROR] 未找到 writer.py，且框架内置 Writer 尚未实现
[2026-05-18 15:10:53] [Coordinator] [ERROR] 未找到 writer.py，且框架内置 Writer 尚未实现
[2026-05-18 15:10:53] [Coordinator] [ERROR] 未找到 writer.py，且框架内置 Writer 尚未实现
[2026-05-18 15:10:53] [Coordinator] [ERROR] 未找到 writer.py，且框架内置 Writer 尚未实现
[2026-05-18 15:10:53] [Coordinator] [WARNING] Writer 第192章失败，重试(2/3)
[2026-05-18 15:10:53] [Coordinator] [WARNING] Writer 第193章失败，重试(2/3)
[2026-05-18 15:10:53] [Coordinator] [WARNING] Writer 第194章失败，重试(2/3)
[2026-05-18 15:10:53] [Coordinator] [WARNING] Writer 第195章失败，重试(2/3)
[2026-05-18 15:10:53] [Coordinator] [WARNING] Writer 第196章失败，重试(2/3)
[2026-05-18 15:10:53] [Coordinator] [ERROR] 未找到 writer.py，且框架内置 Writer 尚未实现
[2026-05-18 15:10:53] [Coordinator] [ERROR] 未找到 writer.py，且框架内置 Writer 尚未实现
[2026-05-18 15:10:53] [Coordinator] [ERROR] 未找到 writer.py，且框架内置 Writer 尚未实现
[2026-05-18 15:10:53] [Coordinator] [ERROR] 未找到 writer.py，且框架内置 Writer 尚未实现
[2026-05-18 15:10:53] [Coordinator] [ERROR] 未找到 writer.py，且框架内置 Writer 尚未实现
[2026-05-18 15:10:53] [Coordinator] [WARNING] Writer 第197章失败，重试(2/3)
[2026-05-18 15:10:53] [Coordinator] [WARNING] Writer 第198章失败，重试(2/3)
[2026-05-18 15:10:53] [Coordinator] [WARNING] Writer 第199章失败，重试(2/3)
[2026-05-18 15:10:53] [Coordinator] [WARNING] Writer 第200章失败，重试(2/3)
[2026-05-18 15:10:53] [Coordinator] [WARNING] Writer 第181章失败，重试(3/3)
[2026-05-18 15:10:53] [Coordinator] [ERROR] 未找到 writer.py，且框架内置 Writer 尚未实现
[2026-05-18 15:10:53] [Coordinator] [ERROR] 未找到 writer.py，且框架内置 Writer 尚未实现
[2026-05-18 15:10:53] [Coordinator] [ERROR] 未找到 writer.py，且框架内置 Writer 尚未实现
[2026-05-18 15:10:53] [Coordinator] [ERROR] 未找到 writer.py，且框架内置 Writer 尚未实现
[2026-05-18 15:10:53] [Coordinator] [WARNING] Writer 第183章失败，重试(3/3)
[2026-05-18 15:10:53] [Coordinator] [WARNING] Writer 第184章失败，重试(3/3)
[2026-05-18 15:10:53] [Coordinator] [ERROR] 未找到 writer.py，且框架内置 Writer 尚未实现
[2026-05-18 15:10:53] [Coordinator] [WARNING] Writer 第182章失败，重试(3/3)
[2026-05-18 15:10:53] [Coordinator] [WARNING] Writer 第185章失败，重试(3/3)
[2026-05-18 15:10:53] [Coordinator] [ERROR] 未找到 writer.py，且框架内置 Writer 尚未实现
[2026-05-18 15:10:53] [Coordinator] [ERROR] 未找到 writer.py，且框架内置 Writer 尚未实现
[2026-05-18 15:10:53] [Coordinator] [WARNING] Writer 第186章失败，重试(3/3)
[2026-05-18 15:10:53] [Coordinator] [ERROR] 未找到 writer.py，且框架内置 Writer 尚未实现
[2026-05-18 15:10:53] [Coordinator] [ERROR] 未找到 writer.py，且框架内置 Writer 尚未实现
[2026-05-18 15:10:53] [Coordinator] [WARNING] Writer 第187章失败，重试(3/3)
[2026-05-18 15:10:53] [Coordinator] [WARNING] Writer 第188章失败，重试(3/3)
[2026-05-18 15:10:53] [Coordinator] [ERROR] 未找到 writer.py，且框架内置 Writer 尚未实现
[2026-05-18 15:10:53] [Coordinator] [WARNING] Writer 第189章失败，重试(3/3)
[2026-05-18 15:10:53] [Coordinator] [WARNING] Writer 第190章失败，重试(3/3)
[2026-05-18 15:10:53] [Coordinator] [ERROR] 未找到 writer.py，且框架内置 Writer 尚未实现
[2026-05-18 15:10:53] [Coordinator] [ERROR] 未找到 writer.py，且框架内置 Writer 尚未实现
[2026-05-18 15:10:53] [Coordinator] [WARNING] Writer 第191章失败，重试(3/3)
[2026-05-18 15:10:53] [Coordinator] [ERROR] 未找到 writer.py，且框架内置 Writer 尚未实现
[2026-05-18 15:10:53] [Coordinator] [ERROR] 未找到 writer.py，且框架内置 Writer 尚未实现
[2026-05-18 15:10:53] [Coordinator] [WARNING] Writer 第192章失败，重试(3/3)
[2026-05-18 15:10:53] [Coordinator] [WARNING] Writer 第193章失败，重试(3/3)
[2026-05-18 15:10:53] [Coordinator] [ERROR] 未找到 writer.py，且框架内置 Writer 尚未实现
[2026-05-18 15:10:53] [Coordinator] [WARNING] Writer 第194章失败，重试(3/3)
[2026-05-18 15:10:53] [Coordinator] [WARNING] Writer 第195章失败，重试(3/3)
[2026-05-18 15:10:53] [Coordinator] [ERROR] 未找到 writer.py，且框架内置 Writer 尚未实现
[2026-05-18 15:10:53] [Coordinator] [ERROR] 未找到 writer.py，且框架内置 Writer 尚未实现
[2026-05-18 15:10:53] [Coordinator] [WARNING] Writer 第196章失败，重试(3/3)
[2026-05-18 15:10:53] [Coordinator] [ERROR] 未找到 writer.py，且框架内置 Writer 尚未实现
[2026-05-18 15:10:53] [Coordinator] [ERROR] 未找到 writer.py，且框架内置 Writer 尚未实现
[2026-05-18 15:10:53] [Coordinator] [WARNING] Writer 第197章失败，重试(3/3)
[2026-05-18 15:10:53] [Coordinator] [WARNING] Writer 第198章失败，重试(3/3)
[2026-05-18 15:10:53] [Coordinator] [ERROR] 未找到 writer.py，且框架内置 Writer 尚未实现
[2026-05-18 15:10:53] [Coordinator] [WARNING] Writer 第199章失败，重试(3/3)
[2026-05-18 15:10:53] [Coordinator] [WARNING] Writer 第200章失败，重试(3/3)
[2026-05-18 15:10:53] [Coordinator] [ERROR] 未找到 writer.py，且框架内置 Writer 尚未实现
[2026-05-18 15:10:53] [Coordinator] [ERROR] 未找到 writer.py，且框架内置 Writer 尚未实现
[2026-05-18 15:10:53] [Coordinator] [ERROR] Writer 第181章彻底失败
[2026-05-18 15:10:53] [Coordinator] [ERROR] 未找到 writer.py，且框架内置 Writer 尚未实现
[2026-05-18 15:10:53] [Coordinator] [ERROR] 未找到 writer.py，且框架内置 Writer 尚未实现
[2026-05-18 15:10:53] [Coordinator] [ERROR] Writer 第183章彻底失败
[2026-05-18 15:10:53] [Coordinator] [ERROR] Writer 第184章彻底失败
[2026-05-18 15:10:53] [Coordinator] [ERROR] 未找到 writer.py，且框架内置 Writer 尚未实现
[2026-05-18 15:10:53] [Coordinator] [ERROR] Writer 第182章彻底失败
[2026-05-18 15:10:53] [Coordinator] [ERROR] Writer 第185章彻底失败
[2026-05-18 15:10:53] [Coordinator] [ERROR] 未找到 writer.py，且框架内置 Writer 尚未实现
[2026-05-18 15:10:53] [Coordinator] [ERROR] 未找到 writer.py，且框架内置 Writer 尚未实现
[2026-05-18 15:10:53] [Coordinator] [ERROR] Writer 第186章彻底失败
[2026-05-18 15:10:53] [Coordinator] [ERROR] 未找到 writer.py，且框架内置 Writer 尚未实现
[2026-05-18 15:10:53] [Coordinator] [ERROR] 未找到 writer.py，且框架内置 Writer 尚未实现
[2026-05-18 15:10:53] [Coordinator] [ERROR] Writer 第187章彻底失败
[2026-05-18 15:10:53] [Coordinator] [ERROR] Writer 第188章彻底失败
[2026-05-18 15:10:53] [Coordinator] [ERROR] 未找到 writer.py，且框架内置 Writer 尚未实现
[2026-05-18 15:10:53] [Coordinator] [ERROR] Writer 第189章彻底失败
[2026-05-18 15:10:53] [Coordinator] [ERROR] Writer 第190章彻底失败
[2026-05-18 15:10:53] [Coordinator] [ERROR] 未找到 writer.py，且框架内置 Writer 尚未实现
[2026-05-18 15:10:53] [Coordinator] [ERROR] 未找到 writer.py，且框架内置 Writer 尚未实现
[2026-05-18 15:10:53] [Coordinator] [ERROR] Writer 第191章彻底失败
[2026-05-18 15:10:53] [Coordinator] [ERROR] 未找到 writer.py，且框架内置 Writer 尚未实现
[2026-05-18 15:10:53] [Coordinator] [ERROR] 未找到 writer.py，且框架内置 Writer 尚未实现
[2026-05-18 15:10:53] [Coordinator] [ERROR] Writer 第192章彻底失败
[2026-05-18 15:10:53] [Coordinator] [ERROR] Writer 第193章彻底失败
[2026-05-18 15:10:53] [Coordinator] [ERROR] 未找到 writer.py，且框架内置 Writer 尚未实现
[2026-05-18 15:10:53] [Coordinator] [ERROR] Writer 第194章彻底失败
[2026-05-18 15:10:53] [Coordinator] [ERROR] Writer 第195章彻底失败
[2026-05-18 15:10:53] [Coordinator] [ERROR] 未找到 writer.py，且框架内置 Writer 尚未实现
[2026-05-18 15:10:53] [Coordinator] [ERROR] 未找到 writer.py，且框架内置 Writer 尚未实现
[2026-05-18 15:10:53] [Coordinator] [ERROR] Writer 第196章彻底失败
[2026-05-18 15:10:53] [Coordinator] [ERROR] 未找到 writer.py，且框架内置 Writer 尚未实现
[2026-05-18 15:10:53] [Coordinator] [ERROR] 未找到 writer.py，且框架内置 Writer 尚未实现
[2026-05-18 15:10:53] [Coordinator] [ERROR] Writer 第197章彻底失败
[2026-05-18 15:10:53] [Coordinator] [ERROR] Writer 第198章彻底失败
[2026-05-18 15:10:53] [Coordinator] [ERROR] Writer 第199章彻底失败
[2026-05-18 15:10:53] [Coordinator] [ERROR] Writer 第200章彻底失败
[2026-05-18 15:10:55] [Coordinator] [INFO] Writer 批次完成: 成功 0 章, 失败 20 章
[2026-05-18 15:10:55] [Coordinator] [WARNING] Writer 失败: [181, 183, 184, 182, 185, 186, 187, 188, 189, 190, 191, 192, 193, 194, 195, 196, 197, 198, 199, 200]
[2026-05-18 15:10:55] [Coordinator] [INFO] 工作队列: 20 个任务, 5 workers [Reviewer]
[2026-05-18 15:10:55] [Coordinator] [ERROR] 未找到 reviewer.py，且框架内置 Reviewer 尚未实现
[2026-05-18 15:10:55] [Coordinator] [WARNING] Reviewer 第181章失败，重试(1/3)
[2026-05-18 15:10:55] [Coordinator] [ERROR] 未找到 reviewer.py，且框架内置 Reviewer 尚未实现
[2026-05-18 15:10:55] [Coordinator] [ERROR] 未找到 reviewer.py，且框架内置 Reviewer 尚未实现
[2026-05-18 15:10:55] [Coordinator] [ERROR] 未找到 reviewer.py，且框架内置 Reviewer 尚未实现
[2026-05-18 15:10:55] [Coordinator] [ERROR] 未找到 reviewer.py，且框架内置 Reviewer 尚未实现
[2026-05-18 15:10:55] [Coordinator] [ERROR] 未找到 reviewer.py，且框架内置 Reviewer 尚未实现
[2026-05-18 15:10:55] [Coordinator] [WARNING] Reviewer 第185章失败，重试(1/3)
[2026-05-18 15:10:55] [Coordinator] [WARNING] Reviewer 第182章失败，重试(1/3)
[2026-05-18 15:10:55] [Coordinator] [WARNING] Reviewer 第184章失败，重试(1/3)
[2026-05-18 15:10:55] [Coordinator] [WARNING] Reviewer 第183章失败，重试(1/3)
[2026-05-18 15:10:55] [Coordinator] [WARNING] Reviewer 第186章失败，重试(1/3)
[2026-05-18 15:10:55] [Coordinator] [ERROR] 未找到 reviewer.py，且框架内置 Reviewer 尚未实现
[2026-05-18 15:10:55] [Coordinator] [ERROR] 未找到 reviewer.py，且框架内置 Reviewer 尚未实现
[2026-05-18 15:10:55] [Coordinator] [ERROR] 未找到 reviewer.py，且框架内置 Reviewer 尚未实现
[2026-05-18 15:10:55] [Coordinator] [ERROR] 未找到 reviewer.py，且框架内置 Reviewer 尚未实现
[2026-05-18 15:10:55] [Coordinator] [WARNING] Reviewer 第188章失败，重试(1/3)
[2026-05-18 15:10:55] [Coordinator] [WARNING] Reviewer 第189章失败，重试(1/3)
[2026-05-18 15:10:55] [Coordinator] [WARNING] Reviewer 第190章失败，重试(1/3)
[2026-05-18 15:10:55] [Coordinator] [WARNING] Reviewer 第191章失败，重试(1/3)
[2026-05-18 15:10:55] [Coordinator] [ERROR] 未找到 reviewer.py，且框架内置 Reviewer 尚未实现
[2026-05-18 15:10:55] [Coordinator] [ERROR] 未找到 reviewer.py，且框架内置 Reviewer 尚未实现
[2026-05-18 15:10:55] [Coordinator] [ERROR] 未找到 reviewer.py，且框架内置 Reviewer 尚未实现
[2026-05-18 15:10:55] [Coordinator] [ERROR] 未找到 reviewer.py，且框架内置 Reviewer 尚未实现
[2026-05-18 15:10:55] [Coordinator] [ERROR] 未找到 reviewer.py，且框架内置 Reviewer 尚未实现
[2026-05-18 15:10:55] [Coordinator] [WARNING] Reviewer 第187章失败，重试(1/3)
[2026-05-18 15:10:55] [Coordinator] [WARNING] Reviewer 第193章失败，重试(1/3)
[2026-05-18 15:10:55] [Coordinator] [WARNING] Reviewer 第192章失败，重试(1/3)
[2026-05-18 15:10:55] [Coordinator] [WARNING] Reviewer 第194章失败，重试(1/3)
[2026-05-18 15:10:55] [Coordinator] [WARNING] Reviewer 第195章失败，重试(1/3)
[2026-05-18 15:10:55] [Coordinator] [ERROR] 未找到 reviewer.py，且框架内置 Reviewer 尚未实现
[2026-05-18 15:10:55] [Coordinator] [ERROR] 未找到 reviewer.py，且框架内置 Reviewer 尚未实现
[2026-05-18 15:10:55] [Coordinator] [ERROR] 未找到 reviewer.py，且框架内置 Reviewer 尚未实现
[2026-05-18 15:10:55] [Coordinator] [ERROR] 未找到 reviewer.py，且框架内置 Reviewer 尚未实现
[2026-05-18 15:10:55] [Coordinator] [ERROR] 未找到 reviewer.py，且框架内置 Reviewer 尚未实现
[2026-05-18 15:10:55] [Coordinator] [WARNING] Reviewer 第196章失败，重试(1/3)
[2026-05-18 15:10:55] [Coordinator] [WARNING] Reviewer 第197章失败，重试(1/3)
[2026-05-18 15:10:55] [Coordinator] [WARNING] Reviewer 第198章失败，重试(1/3)
[2026-05-18 15:10:55] [Coordinator] [WARNING] Reviewer 第199章失败，重试(1/3)
[2026-05-18 15:10:55] [Coordinator] [WARNING] Reviewer 第200章失败，重试(1/3)
[2026-05-18 15:10:55] [Coordinator] [ERROR] 未找到 reviewer.py，且框架内置 Reviewer 尚未实现
[2026-05-18 15:10:55] [Coordinator] [ERROR] 未找到 reviewer.py，且框架内置 Reviewer 尚未实现
[2026-05-18 15:10:55] [Coordinator] [ERROR] 未找到 reviewer.py，且框架内置 Reviewer 尚未实现
[2026-05-18 15:10:55] [Coordinator] [ERROR] 未找到 reviewer.py，且框架内置 Reviewer 尚未实现
[2026-05-18 15:10:55] [Coordinator] [ERROR] 未找到 reviewer.py，且框架内置 Reviewer 尚未实现
[2026-05-18 15:10:55] [Coordinator] [WARNING] Reviewer 第181章失败，重试(2/3)
[2026-05-18 15:10:55] [Coordinator] [WARNING] Reviewer 第185章失败，重试(2/3)
[2026-05-18 15:10:55] [Coordinator] [WARNING] Reviewer 第182章失败，重试(2/3)
[2026-05-18 15:10:55] [Coordinator] [WARNING] Reviewer 第184章失败，重试(2/3)
[2026-05-18 15:10:55] [Coordinator] [WARNING] Reviewer 第183章失败，重试(2/3)
[2026-05-18 15:10:55] [Coordinator] [ERROR] 未找到 reviewer.py，且框架内置 Reviewer 尚未实现
[2026-05-18 15:10:55] [Coordinator] [ERROR] 未找到 reviewer.py，且框架内置 Reviewer 尚未实现
[2026-05-18 15:10:55] [Coordinator] [ERROR] 未找到 reviewer.py，且框架内置 Reviewer 尚未实现
[2026-05-18 15:10:55] [Coordinator] [ERROR] 未找到 reviewer.py，且框架内置 Reviewer 尚未实现
[2026-05-18 15:10:55] [Coordinator] [ERROR] 未找到 reviewer.py，且框架内置 Reviewer 尚未实现
[2026-05-18 15:10:55] [Coordinator] [WARNING] Reviewer 第186章失败，重试(2/3)
[2026-05-18 15:10:55] [Coordinator] [WARNING] Reviewer 第188章失败，重试(2/3)
[2026-05-18 15:10:55] [Coordinator] [WARNING] Reviewer 第189章失败，重试(2/3)
[2026-05-18 15:10:55] [Coordinator] [WARNING] Reviewer 第190章失败，重试(2/3)
[2026-05-18 15:10:55] [Coordinator] [WARNING] Reviewer 第191章失败，重试(2/3)
[2026-05-18 15:10:55] [Coordinator] [ERROR] 未找到 reviewer.py，且框架内置 Reviewer 尚未实现
[2026-05-18 15:10:55] [Coordinator] [ERROR] 未找到 reviewer.py，且框架内置 Reviewer 尚未实现
[2026-05-18 15:10:55] [Coordinator] [ERROR] 未找到 reviewer.py，且框架内置 Reviewer 尚未实现
[2026-05-18 15:10:55] [Coordinator] [ERROR] 未找到 reviewer.py，且框架内置 Reviewer 尚未实现
[2026-05-18 15:10:55] [Coordinator] [ERROR] 未找到 reviewer.py，且框架内置 Reviewer 尚未实现
[2026-05-18 15:10:55] [Coordinator] [WARNING] Reviewer 第187章失败，重试(2/3)
[2026-05-18 15:10:55] [Coordinator] [WARNING] Reviewer 第193章失败，重试(2/3)
[2026-05-18 15:10:55] [Coordinator] [WARNING] Reviewer 第192章失败，重试(2/3)
[2026-05-18 15:10:55] [Coordinator] [WARNING] Reviewer 第194章失败，重试(2/3)
[2026-05-18 15:10:55] [Coordinator] [WARNING] Reviewer 第195章失败，重试(2/3)
[2026-05-18 15:10:55] [Coordinator] [ERROR] 未找到 reviewer.py，且框架内置 Reviewer 尚未实现
[2026-05-18 15:10:55] [Coordinator] [ERROR] 未找到 reviewer.py，且框架内置 Reviewer 尚未实现
[2026-05-18 15:10:55] [Coordinator] [ERROR] 未找到 reviewer.py，且框架内置 Reviewer 尚未实现
[2026-05-18 15:10:55] [Coordinator] [ERROR] 未找到 reviewer.py，且框架内置 Reviewer 尚未实现
[2026-05-18 15:10:55] [Coordinator] [ERROR] 未找到 reviewer.py，且框架内置 Reviewer 尚未实现
[2026-05-18 15:10:55] [Coordinator] [WARNING] Reviewer 第196章失败，重试(2/3)
[2026-05-18 15:10:55] [Coordinator] [WARNING] Reviewer 第197章失败，重试(2/3)
[2026-05-18 15:10:55] [Coordinator] [WARNING] Reviewer 第198章失败，重试(2/3)
[2026-05-18 15:10:55] [Coordinator] [WARNING] Reviewer 第199章失败，重试(2/3)
[2026-05-18 15:10:55] [Coordinator] [WARNING] Reviewer 第200章失败，重试(2/3)
[2026-05-18 15:10:55] [Coordinator] [ERROR] 未找到 reviewer.py，且框架内置 Reviewer 尚未实现
[2026-05-18 15:10:55] [Coordinator] [ERROR] 未找到 reviewer.py，且框架内置 Reviewer 尚未实现
[2026-05-18 15:10:55] [Coordinator] [ERROR] 未找到 reviewer.py，且框架内置 Reviewer 尚未实现
[2026-05-18 15:10:55] [Coordinator] [ERROR] 未找到 reviewer.py，且框架内置 Reviewer 尚未实现
[2026-05-18 15:10:55] [Coordinator] [ERROR] 未找到 reviewer.py，且框架内置 Reviewer 尚未实现
[2026-05-18 15:10:55] [Coordinator] [WARNING] Reviewer 第181章失败，重试(3/3)
[2026-05-18 15:10:55] [Coordinator] [WARNING] Reviewer 第185章失败，重试(3/3)
[2026-05-18 15:10:55] [Coordinator] [WARNING] Reviewer 第182章失败，重试(3/3)
[2026-05-18 15:10:55] [Coordinator] [WARNING] Reviewer 第184章失败，重试(3/3)
[2026-05-18 15:10:55] [Coordinator] [WARNING] Reviewer 第183章失败，重试(3/3)
[2026-05-18 15:10:55] [Coordinator] [ERROR] 未找到 reviewer.py，且框架内置 Reviewer 尚未实现
[2026-05-18 15:10:55] [Coordinator] [ERROR] 未找到 reviewer.py，且框架内置 Reviewer 尚未实现
[2026-05-18 15:10:55] [Coordinator] [ERROR] 未找到 reviewer.py，且框架内置 Reviewer 尚未实现
[2026-05-18 15:10:55] [Coordinator] [ERROR] 未找到 reviewer.py，且框架内置 Reviewer 尚未实现
[2026-05-18 15:10:55] [Coordinator] [ERROR] 未找到 reviewer.py，且框架内置 Reviewer 尚未实现
[2026-05-18 15:10:55] [Coordinator] [WARNING] Reviewer 第186章失败，重试(3/3)
[2026-05-18 15:10:55] [Coordinator] [WARNING] Reviewer 第188章失败，重试(3/3)
[2026-05-18 15:10:55] [Coordinator] [WARNING] Reviewer 第189章失败，重试(3/3)
[2026-05-18 15:10:55] [Coordinator] [WARNING] Reviewer 第190章失败，重试(3/3)
[2026-05-18 15:10:55] [Coordinator] [WARNING] Reviewer 第191章失败，重试(3/3)
[2026-05-18 15:10:55] [Coordinator] [ERROR] 未找到 reviewer.py，且框架内置 Reviewer 尚未实现
[2026-05-18 15:10:55] [Coordinator] [ERROR] 未找到 reviewer.py，且框架内置 Reviewer 尚未实现
[2026-05-18 15:10:55] [Coordinator] [ERROR] 未找到 reviewer.py，且框架内置 Reviewer 尚未实现
[2026-05-18 15:10:55] [Coordinator] [ERROR] 未找到 reviewer.py，且框架内置 Reviewer 尚未实现
[2026-05-18 15:10:55] [Coordinator] [ERROR] 未找到 reviewer.py，且框架内置 Reviewer 尚未实现
[2026-05-18 15:10:55] [Coordinator] [WARNING] Reviewer 第187章失败，重试(3/3)
[2026-05-18 15:10:55] [Coordinator] [WARNING] Reviewer 第193章失败，重试(3/3)
[2026-05-18 15:10:55] [Coordinator] [WARNING] Reviewer 第192章失败，重试(3/3)
[2026-05-18 15:10:55] [Coordinator] [WARNING] Reviewer 第194章失败，重试(3/3)
[2026-05-18 15:10:55] [Coordinator] [WARNING] Reviewer 第195章失败，重试(3/3)
[2026-05-18 15:10:55] [Coordinator] [ERROR] 未找到 reviewer.py，且框架内置 Reviewer 尚未实现
[2026-05-18 15:10:55] [Coordinator] [ERROR] 未找到 reviewer.py，且框架内置 Reviewer 尚未实现
[2026-05-18 15:10:55] [Coordinator] [ERROR] 未找到 reviewer.py，且框架内置 Reviewer 尚未实现
[2026-05-18 15:10:55] [Coordinator] [ERROR] 未找到 reviewer.py，且框架内置 Reviewer 尚未实现
[2026-05-18 15:10:55] [Coordinator] [ERROR] 未找到 reviewer.py，且框架内置 Reviewer 尚未实现
[2026-05-18 15:10:55] [Coordinator] [WARNING] Reviewer 第196章失败，重试(3/3)
[2026-05-18 15:10:55] [Coordinator] [WARNING] Reviewer 第197章失败，重试(3/3)
[2026-05-18 15:10:55] [Coordinator] [WARNING] Reviewer 第198章失败，重试(3/3)
[2026-05-18 15:10:55] [Coordinator] [WARNING] Reviewer 第199章失败，重试(3/3)
[2026-05-18 15:10:55] [Coordinator] [WARNING] Reviewer 第200章失败，重试(3/3)
[2026-05-18 15:10:55] [Coordinator] [ERROR] 未找到 reviewer.py，且框架内置 Reviewer 尚未实现
[2026-05-18 15:10:55] [Coordinator] [ERROR] 未找到 reviewer.py，且框架内置 Reviewer 尚未实现
[2026-05-18 15:10:55] [Coordinator] [ERROR] 未找到 reviewer.py，且框架内置 Reviewer 尚未实现
[2026-05-18 15:10:55] [Coordinator] [ERROR] 未找到 reviewer.py，且框架内置 Reviewer 尚未实现
[2026-05-18 15:10:55] [Coordinator] [ERROR] 未找到 reviewer.py，且框架内置 Reviewer 尚未实现
[2026-05-18 15:10:55] [Coordinator] [ERROR] Reviewer 第181章彻底失败
[2026-05-18 15:10:55] [Coordinator] [ERROR] Reviewer 第185章彻底失败
[2026-05-18 15:10:55] [Coordinator] [ERROR] Reviewer 第182章彻底失败
[2026-05-18 15:10:55] [Coordinator] [ERROR] Reviewer 第184章彻底失败
[2026-05-18 15:10:55] [Coordinator] [ERROR] Reviewer 第183章彻底失败
[2026-05-18 15:10:55] [Coordinator] [ERROR] 未找到 reviewer.py，且框架内置 Reviewer 尚未实现
[2026-05-18 15:10:55] [Coordinator] [ERROR] 未找到 reviewer.py，且框架内置 Reviewer 尚未实现
[2026-05-18 15:10:55] [Coordinator] [ERROR] 未找到 reviewer.py，且框架内置 Reviewer 尚未实现
[2026-05-18 15:10:55] [Coordinator] [ERROR] 未找到 reviewer.py，且框架内置 Reviewer 尚未实现
[2026-05-18 15:10:55] [Coordinator] [ERROR] 未找到 reviewer.py，且框架内置 Reviewer 尚未实现
[2026-05-18 15:10:55] [Coordinator] [ERROR] Reviewer 第186章彻底失败
[2026-05-18 15:10:55] [Coordinator] [ERROR] Reviewer 第189章彻底失败
[2026-05-18 15:10:55] [Coordinator] [ERROR] Reviewer 第188章彻底失败
[2026-05-18 15:10:55] [Coordinator] [ERROR] Reviewer 第190章彻底失败
[2026-05-18 15:10:55] [Coordinator] [ERROR] Reviewer 第191章彻底失败
[2026-05-18 15:10:55] [Coordinator] [ERROR] 未找到 reviewer.py，且框架内置 Reviewer 尚未实现
[2026-05-18 15:10:55] [Coordinator] [ERROR] 未找到 reviewer.py，且框架内置 Reviewer 尚未实现
[2026-05-18 15:10:55] [Coordinator] [ERROR] 未找到 reviewer.py，且框架内置 Reviewer 尚未实现
[2026-05-18 15:10:55] [Coordinator] [ERROR] 未找到 reviewer.py，且框架内置 Reviewer 尚未实现
[2026-05-18 15:10:55] [Coordinator] [ERROR] 未找到 reviewer.py，且框架内置 Reviewer 尚未实现
[2026-05-18 15:10:55] [Coordinator] [ERROR] Reviewer 第187章彻底失败
[2026-05-18 15:10:55] [Coordinator] [ERROR] Reviewer 第192章彻底失败
[2026-05-18 15:10:55] [Coordinator] [ERROR] Reviewer 第194章彻底失败
[2026-05-18 15:10:55] [Coordinator] [ERROR] Reviewer 第195章彻底失败
[2026-05-18 15:10:55] [Coordinator] [ERROR] Reviewer 第193章彻底失败
[2026-05-18 15:10:55] [Coordinator] [ERROR] 未找到 reviewer.py，且框架内置 Reviewer 尚未实现
[2026-05-18 15:10:55] [Coordinator] [ERROR] Reviewer 第196章彻底失败
[2026-05-18 15:10:55] [Coordinator] [ERROR] 未找到 reviewer.py，且框架内置 Reviewer 尚未实现
[2026-05-18 15:10:55] [Coordinator] [ERROR] 未找到 reviewer.py，且框架内置 Reviewer 尚未实现
[2026-05-18 15:10:55] [Coordinator] [ERROR] 未找到 reviewer.py，且框架内置 Reviewer 尚未实现
[2026-05-18 15:10:55] [Coordinator] [ERROR] 未找到 reviewer.py，且框架内置 Reviewer 尚未实现
[2026-05-18 15:10:55] [Coordinator] [ERROR] Reviewer 第197章彻底失败
[2026-05-18 15:10:55] [Coordinator] [ERROR] Reviewer 第199章彻底失败
[2026-05-18 15:10:55] [Coordinator] [ERROR] Reviewer 第200章彻底失败
[2026-05-18 15:10:55] [Coordinator] [ERROR] Reviewer 第198章彻底失败
[2026-05-18 15:10:57] [Coordinator] [INFO] Reviewer 批次完成: 成功 0 章, 失败 20 章
[2026-05-18 15:10:57] [Coordinator] [WARNING] Reviewer 失败: [181, 185, 182, 184, 183, 186, 189, 188, 190, 191, 187, 192, 194, 195, 193, 196, 197, 199, 200, 198]
[2026-05-18 15:10:57] [Coordinator] [INFO] 检测到 20 章草稿缺失，开始补全...
[2026-05-18 15:10:57] [Coordinator] [INFO] 工作队列: 20 个任务, 3 workers [FillDraft]
[2026-05-18 15:10:57] [Coordinator] [ERROR] 未找到 writer.py，且框架内置 Writer 尚未实现
[2026-05-18 15:10:57] [Coordinator] [WARNING] FillDraft 第181章失败，重试(1/3)
[2026-05-18 15:10:57] [Coordinator] [ERROR] 未找到 writer.py，且框架内置 Writer 尚未实现
[2026-05-18 15:10:57] [Coordinator] [WARNING] FillDraft 第184章失败，重试(1/3)
[2026-05-18 15:10:57] [Coordinator] [ERROR] 未找到 writer.py，且框架内置 Writer 尚未实现
[2026-05-18 15:10:57] [Coordinator] [ERROR] 未找到 writer.py，且框架内置 Writer 尚未实现
[2026-05-18 15:10:57] [Coordinator] [WARNING] FillDraft 第183章失败，重试(1/3)
[2026-05-18 15:10:57] [Coordinator] [WARNING] FillDraft 第182章失败，重试(1/3)
[2026-05-18 15:10:57] [Coordinator] [ERROR] 未找到 writer.py，且框架内置 Writer 尚未实现
[2026-05-18 15:10:57] [Coordinator] [WARNING] FillDraft 第185章失败，重试(1/3)
[2026-05-18 15:10:57] [Coordinator] [ERROR] 未找到 writer.py，且框架内置 Writer 尚未实现
[2026-05-18 15:10:57] [Coordinator] [ERROR] 未找到 writer.py，且框架内置 Writer 尚未实现
[2026-05-18 15:10:57] [Coordinator] [WARNING] FillDraft 第186章失败，重试(1/3)
[2026-05-18 15:10:57] [Coordinator] [ERROR] 未找到 writer.py，且框架内置 Writer 尚未实现
[2026-05-18 15:10:57] [Coordinator] [ERROR] 未找到 writer.py，且框架内置 Writer 尚未实现
[2026-05-18 15:10:57] [Coordinator] [WARNING] FillDraft 第187章失败，重试(1/3)
[2026-05-18 15:10:57] [Coordinator] [ERROR] 未找到 writer.py，且框架内置 Writer 尚未实现
[2026-05-18 15:10:57] [Coordinator] [WARNING] FillDraft 第190章失败，重试(1/3)
[2026-05-18 15:10:57] [Coordinator] [WARNING] FillDraft 第189章失败，重试(1/3)
[2026-05-18 15:10:57] [Coordinator] [WARNING] FillDraft 第188章失败，重试(1/3)
[2026-05-18 15:10:57] [Coordinator] [ERROR] 未找到 writer.py，且框架内置 Writer 尚未实现
[2026-05-18 15:10:57] [Coordinator] [WARNING] FillDraft 第191章失败，重试(1/3)
[2026-05-18 15:10:57] [Coordinator] [ERROR] 未找到 writer.py，且框架内置 Writer 尚未实现
[2026-05-18 15:10:57] [Coordinator] [ERROR] 未找到 writer.py，且框架内置 Writer 尚未实现
[2026-05-18 15:10:57] [Coordinator] [ERROR] 未找到 writer.py，且框架内置 Writer 尚未实现
[2026-05-18 15:10:57] [Coordinator] [WARNING] FillDraft 第193章失败，重试(1/3)
[2026-05-18 15:10:57] [Coordinator] [ERROR] 未找到 writer.py，且框架内置 Writer 尚未实现
[2026-05-18 15:10:57] [Coordinator] [WARNING] FillDraft 第194章失败，重试(1/3)
[2026-05-18 15:10:57] [Coordinator] [WARNING] FillDraft 第192章失败，重试(1/3)
[2026-05-18 15:10:57] [Coordinator] [WARNING] FillDraft 第195章失败，重试(1/3)
[2026-05-18 15:10:57] [Coordinator] [ERROR] 未找到 writer.py，且框架内置 Writer 尚未实现
[2026-05-18 15:10:57] [Coordinator] [WARNING] FillDraft 第196章失败，重试(1/3)
[2026-05-18 15:10:57] [Coordinator] [ERROR] 未找到 writer.py，且框架内置 Writer 尚未实现
[2026-05-18 15:10:57] [Coordinator] [ERROR] 未找到 writer.py，且框架内置 Writer 尚未实现
[2026-05-18 15:10:57] [Coordinator] [WARNING] FillDraft 第197章失败，重试(1/3)
[2026-05-18 15:10:57] [Coordinator] [WARNING] FillDraft 第198章失败，重试(1/3)
[2026-05-18 15:10:57] [Coordinator] [ERROR] 未找到 writer.py，且框架内置 Writer 尚未实现
[2026-05-18 15:10:57] [Coordinator] [WARNING] FillDraft 第199章失败，重试(1/3)
[2026-05-18 15:10:57] [Coordinator] [ERROR] 未找到 writer.py，且框架内置 Writer 尚未实现
[2026-05-18 15:10:57] [Coordinator] [ERROR] 未找到 writer.py，且框架内置 Writer 尚未实现
[2026-05-18 15:10:57] [Coordinator] [WARNING] FillDraft 第200章失败，重试(1/3)
[2026-05-18 15:10:57] [Coordinator] [WARNING] FillDraft 第181章失败，重试(2/3)
[2026-05-18 15:10:57] [Coordinator] [ERROR] 未找到 writer.py，且框架内置 Writer 尚未实现
[2026-05-18 15:10:57] [Coordinator] [WARNING] FillDraft 第184章失败，重试(2/3)
[2026-05-18 15:10:57] [Coordinator] [ERROR] 未找到 writer.py，且框架内置 Writer 尚未实现
[2026-05-18 15:10:57] [Coordinator] [ERROR] 未找到 writer.py，且框架内置 Writer 尚未实现
[2026-05-18 15:10:57] [Coordinator] [ERROR] 未找到 writer.py，且框架内置 Writer 尚未实现
[2026-05-18 15:10:57] [Coordinator] [WARNING] FillDraft 第185章失败，重试(2/3)
[2026-05-18 15:10:57] [Coordinator] [ERROR] 未找到 writer.py，且框架内置 Writer 尚未实现
[2026-05-18 15:10:57] [Coordinator] [WARNING] FillDraft 第182章失败，重试(2/3)
[2026-05-18 15:10:57] [Coordinator] [WARNING] FillDraft 第183章失败，重试(2/3)
[2026-05-18 15:10:57] [Coordinator] [WARNING] FillDraft 第186章失败，重试(2/3)
[2026-05-18 15:10:57] [Coordinator] [ERROR] 未找到 writer.py，且框架内置 Writer 尚未实现
[2026-05-18 15:10:57] [Coordinator] [WARNING] FillDraft 第187章失败，重试(2/3)
[2026-05-18 15:10:57] [Coordinator] [ERROR] 未找到 writer.py，且框架内置 Writer 尚未实现
[2026-05-18 15:10:57] [Coordinator] [ERROR] 未找到 writer.py，且框架内置 Writer 尚未实现
[2026-05-18 15:10:57] [Coordinator] [WARNING] FillDraft 第190章失败，重试(2/3)
[2026-05-18 15:10:57] [Coordinator] [WARNING] FillDraft 第189章失败，重试(2/3)
[2026-05-18 15:10:57] [Coordinator] [ERROR] 未找到 writer.py，且框架内置 Writer 尚未实现
[2026-05-18 15:10:57] [Coordinator] [WARNING] FillDraft 第188章失败，重试(2/3)
[2026-05-18 15:10:57] [Coordinator] [ERROR] 未找到 writer.py，且框架内置 Writer 尚未实现
[2026-05-18 15:10:57] [Coordinator] [ERROR] 未找到 writer.py，且框架内置 Writer 尚未实现
[2026-05-18 15:10:57] [Coordinator] [WARNING] FillDraft 第191章失败，重试(2/3)
[2026-05-18 15:10:57] [Coordinator] [WARNING] FillDraft 第193章失败，重试(2/3)
[2026-05-18 15:10:57] [Coordinator] [ERROR] 未找到 writer.py，且框架内置 Writer 尚未实现
[2026-05-18 15:10:57] [Coordinator] [WARNING] FillDraft 第194章失败，重试(2/3)
[2026-05-18 15:10:57] [Coordinator] [ERROR] 未找到 writer.py，且框架内置 Writer 尚未实现
[2026-05-18 15:10:57] [Coordinator] [ERROR] 未找到 writer.py，且框架内置 Writer 尚未实现
[2026-05-18 15:10:57] [Coordinator] [WARNING] FillDraft 第192章失败，重试(2/3)
[2026-05-18 15:10:57] [Coordinator] [WARNING] FillDraft 第195章失败，重试(2/3)
[2026-05-18 15:10:57] [Coordinator] [ERROR] 未找到 writer.py，且框架内置 Writer 尚未实现
[2026-05-18 15:10:57] [Coordinator] [WARNING] FillDraft 第196章失败，重试(2/3)
[2026-05-18 15:10:57] [Coordinator] [ERROR] 未找到 writer.py，且框架内置 Writer 尚未实现
[2026-05-18 15:10:57] [Coordinator] [ERROR] 未找到 writer.py，且框架内置 Writer 尚未实现
[2026-05-18 15:10:57] [Coordinator] [WARNING] FillDraft 第197章失败，重试(2/3)
[2026-05-18 15:10:57] [Coordinator] [WARNING] FillDraft 第198章失败，重试(2/3)
[2026-05-18 15:10:57] [Coordinator] [ERROR] 未找到 writer.py，且框架内置 Writer 尚未实现
[2026-05-18 15:10:57] [Coordinator] [WARNING] FillDraft 第199章失败，重试(2/3)
[2026-05-18 15:10:57] [Coordinator] [ERROR] 未找到 writer.py，且框架内置 Writer 尚未实现
[2026-05-18 15:10:57] [Coordinator] [ERROR] 未找到 writer.py，且框架内置 Writer 尚未实现
[2026-05-18 15:10:57] [Coordinator] [WARNING] FillDraft 第200章失败，重试(2/3)
[2026-05-18 15:10:57] [Coordinator] [WARNING] FillDraft 第181章失败，重试(3/3)
[2026-05-18 15:10:57] [Coordinator] [ERROR] 未找到 writer.py，且框架内置 Writer 尚未实现
[2026-05-18 15:10:57] [Coordinator] [WARNING] FillDraft 第184章失败，重试(3/3)
[2026-05-18 15:10:57] [Coordinator] [ERROR] 未找到 writer.py，且框架内置 Writer 尚未实现
[2026-05-18 15:10:57] [Coordinator] [ERROR] 未找到 writer.py，且框架内置 Writer 尚未实现
[2026-05-18 15:10:57] [Coordinator] [WARNING] FillDraft 第185章失败，重试(3/3)
[2026-05-18 15:10:57] [Coordinator] [WARNING] FillDraft 第182章失败，重试(3/3)
[2026-05-18 15:10:57] [Coordinator] [ERROR] 未找到 writer.py，且框架内置 Writer 尚未实现
[2026-05-18 15:10:57] [Coordinator] [WARNING] FillDraft 第183章失败，重试(3/3)
[2026-05-18 15:10:57] [Coordinator] [ERROR] 未找到 writer.py，且框架内置 Writer 尚未实现
[2026-05-18 15:10:57] [Coordinator] [ERROR] 未找到 writer.py，且框架内置 Writer 尚未实现
[2026-05-18 15:10:57] [Coordinator] [WARNING] FillDraft 第186章失败，重试(3/3)
[2026-05-18 15:10:57] [Coordinator] [WARNING] FillDraft 第187章失败，重试(3/3)
[2026-05-18 15:10:57] [Coordinator] [ERROR] 未找到 writer.py，且框架内置 Writer 尚未实现
[2026-05-18 15:10:57] [Coordinator] [WARNING] FillDraft 第190章失败，重试(3/3)
[2026-05-18 15:10:57] [Coordinator] [ERROR] 未找到 writer.py，且框架内置 Writer 尚未实现
[2026-05-18 15:10:57] [Coordinator] [ERROR] 未找到 writer.py，且框架内置 Writer 尚未实现
[2026-05-18 15:10:57] [Coordinator] [WARNING] FillDraft 第189章失败，重试(3/3)
[2026-05-18 15:10:57] [Coordinator] [WARNING] FillDraft 第188章失败，重试(3/3)
[2026-05-18 15:10:57] [Coordinator] [ERROR] 未找到 writer.py，且框架内置 Writer 尚未实现
[2026-05-18 15:10:57] [Coordinator] [WARNING] FillDraft 第191章失败，重试(3/3)
[2026-05-18 15:10:57] [Coordinator] [ERROR] 未找到 writer.py，且框架内置 Writer 尚未实现
[2026-05-18 15:10:57] [Coordinator] [ERROR] 未找到 writer.py，且框架内置 Writer 尚未实现
[2026-05-18 15:10:57] [Coordinator] [WARNING] FillDraft 第193章失败，重试(3/3)
[2026-05-18 15:10:57] [Coordinator] [WARNING] FillDraft 第194章失败，重试(3/3)
[2026-05-18 15:10:57] [Coordinator] [ERROR] 未找到 writer.py，且框架内置 Writer 尚未实现
[2026-05-18 15:10:57] [Coordinator] [WARNING] FillDraft 第192章失败，重试(3/3)
[2026-05-18 15:10:57] [Coordinator] [ERROR] 未找到 writer.py，且框架内置 Writer 尚未实现
[2026-05-18 15:10:57] [Coordinator] [ERROR] 未找到 writer.py，且框架内置 Writer 尚未实现
[2026-05-18 15:10:57] [Coordinator] [WARNING] FillDraft 第195章失败，重试(3/3)
[2026-05-18 15:10:57] [Coordinator] [WARNING] FillDraft 第196章失败，重试(3/3)
[2026-05-18 15:10:57] [Coordinator] [ERROR] 未找到 writer.py，且框架内置 Writer 尚未实现
[2026-05-18 15:10:57] [Coordinator] [WARNING] FillDraft 第197章失败，重试(3/3)
[2026-05-18 15:10:57] [Coordinator] [ERROR] 未找到 writer.py，且框架内置 Writer 尚未实现
[2026-05-18 15:10:57] [Coordinator] [ERROR] 未找到 writer.py，且框架内置 Writer 尚未实现
[2026-05-18 15:10:57] [Coordinator] [WARNING] FillDraft 第198章失败，重试(3/3)
[2026-05-18 15:10:57] [Coordinator] [WARNING] FillDraft 第199章失败，重试(3/3)
[2026-05-18 15:10:57] [Coordinator] [ERROR] 未找到 writer.py，且框架内置 Writer 尚未实现
[2026-05-18 15:10:57] [Coordinator] [WARNING] FillDraft 第200章失败，重试(3/3)
[2026-05-18 15:10:57] [Coordinator] [ERROR] 未找到 writer.py，且框架内置 Writer 尚未实现
[2026-05-18 15:10:57] [Coordinator] [ERROR] 未找到 writer.py，且框架内置 Writer 尚未实现
[2026-05-18 15:10:57] [Coordinator] [ERROR] FillDraft 第181章彻底失败
[2026-05-18 15:10:57] [Coordinator] [ERROR] 未找到 writer.py，且框架内置 Writer 尚未实现
[2026-05-18 15:10:57] [Coordinator] [ERROR] 未找到 writer.py，且框架内置 Writer 尚未实现
[2026-05-18 15:10:57] [Coordinator] [ERROR] FillDraft 第184章彻底失败
[2026-05-18 15:10:57] [Coordinator] [ERROR] FillDraft 第182章彻底失败
[2026-05-18 15:10:57] [Coordinator] [ERROR] FillDraft 第185章彻底失败
[2026-05-18 15:10:57] [Coordinator] [ERROR] 未找到 writer.py，且框架内置 Writer 尚未实现
[2026-05-18 15:10:57] [Coordinator] [ERROR] FillDraft 第187章彻底失败
[2026-05-18 15:10:57] [Coordinator] [ERROR] 未找到 writer.py，且框架内置 Writer 尚未实现
[2026-05-18 15:10:57] [Coordinator] [ERROR] 未找到 writer.py，且框架内置 Writer 尚未实现
[2026-05-18 15:10:57] [Coordinator] [ERROR] FillDraft 第186章彻底失败
[2026-05-18 15:10:57] [Coordinator] [ERROR] FillDraft 第183章彻底失败
[2026-05-18 15:10:57] [Coordinator] [ERROR] 未找到 writer.py，且框架内置 Writer 尚未实现
[2026-05-18 15:10:57] [Coordinator] [ERROR] FillDraft 第190章彻底失败
[2026-05-18 15:10:57] [Coordinator] [ERROR] 未找到 writer.py，且框架内置 Writer 尚未实现
[2026-05-18 15:10:57] [Coordinator] [ERROR] 未找到 writer.py，且框架内置 Writer 尚未实现
[2026-05-18 15:10:57] [Coordinator] [ERROR] FillDraft 第189章彻底失败
[2026-05-18 15:10:57] [Coordinator] [ERROR] FillDraft 第188章彻底失败
[2026-05-18 15:10:57] [Coordinator] [ERROR] 未找到 writer.py，且框架内置 Writer 尚未实现
[2026-05-18 15:10:57] [Coordinator] [ERROR] FillDraft 第191章彻底失败
[2026-05-18 15:10:57] [Coordinator] [ERROR] 未找到 writer.py，且框架内置 Writer 尚未实现
[2026-05-18 15:10:57] [Coordinator] [ERROR] 未找到 writer.py，且框架内置 Writer 尚未实现
[2026-05-18 15:10:57] [Coordinator] [ERROR] 未找到 writer.py，且框架内置 Writer 尚未实现
[2026-05-18 15:10:57] [Coordinator] [ERROR] FillDraft 第194章彻底失败
[2026-05-18 15:10:57] [Coordinator] [ERROR] FillDraft 第193章彻底失败
[2026-05-18 15:10:57] [Coordinator] [ERROR] FillDraft 第192章彻底失败
[2026-05-18 15:10:57] [Coordinator] [ERROR] 未找到 writer.py，且框架内置 Writer 尚未实现
[2026-05-18 15:10:57] [Coordinator] [ERROR] FillDraft 第195章彻底失败
[2026-05-18 15:10:57] [Coordinator] [ERROR] 未找到 writer.py，且框架内置 Writer 尚未实现
[2026-05-18 15:10:57] [Coordinator] [ERROR] 未找到 writer.py，且框架内置 Writer 尚未实现
[2026-05-18 15:10:57] [Coordinator] [ERROR] FillDraft 第196章彻底失败
[2026-05-18 15:10:57] [Coordinator] [ERROR] FillDraft 第197章彻底失败
[2026-05-18 15:10:57] [Coordinator] [ERROR] 未找到 writer.py，且框架内置 Writer 尚未实现
[2026-05-18 15:10:57] [Coordinator] [ERROR] FillDraft 第198章彻底失败
[2026-05-18 15:10:57] [Coordinator] [ERROR] 未找到 writer.py，且框架内置 Writer 尚未实现
[2026-05-18 15:10:57] [Coordinator] [ERROR] 未找到 writer.py，且框架内置 Writer 尚未实现
[2026-05-18 15:10:57] [Coordinator] [ERROR] FillDraft 第199章彻底失败
[2026-05-18 15:10:57] [Coordinator] [ERROR] FillDraft 第200章彻底失败
[2026-05-18 15:10:59] [Coordinator] [INFO] FillDraft 批次完成: 成功 0 章, 失败 20 章
[2026-05-18 15:10:59] [Coordinator] [INFO] 检测到 20 章审查缺失，开始补全...
[2026-05-18 15:10:59] [Coordinator] [INFO] 工作队列: 20 个任务, 3 workers [FillReview]
[2026-05-18 15:10:59] [Coordinator] [ERROR] 未找到 reviewer.py，且框架内置 Reviewer 尚未实现
[2026-05-18 15:10:59] [Coordinator] [WARNING] FillReview 第181章失败，重试(1/3)
[2026-05-18 15:10:59] [Coordinator] [ERROR] 未找到 reviewer.py，且框架内置 Reviewer 尚未实现
[2026-05-18 15:10:59] [Coordinator] [WARNING] FillReview 第184章失败，重试(1/3)
[2026-05-18 15:10:59] [Coordinator] [ERROR] 未找到 reviewer.py，且框架内置 Reviewer 尚未实现
[2026-05-18 15:10:59] [Coordinator] [ERROR] 未找到 reviewer.py，且框架内置 Reviewer 尚未实现
[2026-05-18 15:10:59] [Coordinator] [WARNING] FillReview 第183章失败，重试(1/3)
[2026-05-18 15:10:59] [Coordinator] [ERROR] 未找到 reviewer.py，且框架内置 Reviewer 尚未实现
[2026-05-18 15:10:59] [Coordinator] [ERROR] 未找到 reviewer.py，且框架内置 Reviewer 尚未实现
[2026-05-18 15:10:59] [Coordinator] [WARNING] FillReview 第182章失败，重试(1/3)
[2026-05-18 15:10:59] [Coordinator] [ERROR] 未找到 reviewer.py，且框架内置 Reviewer 尚未实现
[2026-05-18 15:10:59] [Coordinator] [WARNING] FillReview 第185章失败，重试(1/3)
[2026-05-18 15:10:59] [Coordinator] [WARNING] FillReview 第186章失败，重试(1/3)
[2026-05-18 15:10:59] [Coordinator] [ERROR] 未找到 reviewer.py，且框架内置 Reviewer 尚未实现
[2026-05-18 15:10:59] [Coordinator] [WARNING] FillReview 第189章失败，重试(1/3)
[2026-05-18 15:10:59] [Coordinator] [WARNING] FillReview 第187章失败，重试(1/3)
[2026-05-18 15:10:59] [Coordinator] [ERROR] 未找到 reviewer.py，且框架内置 Reviewer 尚未实现
[2026-05-18 15:10:59] [Coordinator] [ERROR] 未找到 reviewer.py，且框架内置 Reviewer 尚未实现
[2026-05-18 15:10:59] [Coordinator] [WARNING] FillReview 第190章失败，重试(1/3)
[2026-05-18 15:10:59] [Coordinator] [ERROR] 未找到 reviewer.py，且框架内置 Reviewer 尚未实现
[2026-05-18 15:10:59] [Coordinator] [ERROR] 未找到 reviewer.py，且框架内置 Reviewer 尚未实现
[2026-05-18 15:10:59] [Coordinator] [WARNING] FillReview 第191章失败，重试(1/3)
[2026-05-18 15:10:59] [Coordinator] [ERROR] 未找到 reviewer.py，且框架内置 Reviewer 尚未实现
[2026-05-18 15:10:59] [Coordinator] [WARNING] FillReview 第188章失败，重试(1/3)
[2026-05-18 15:10:59] [Coordinator] [WARNING] FillReview 第192章失败，重试(1/3)
[2026-05-18 15:10:59] [Coordinator] [ERROR] 未找到 reviewer.py，且框架内置 Reviewer 尚未实现
[2026-05-18 15:10:59] [Coordinator] [WARNING] FillReview 第195章失败，重试(1/3)
[2026-05-18 15:10:59] [Coordinator] [WARNING] FillReview 第193章失败，重试(1/3)
[2026-05-18 15:10:59] [Coordinator] [ERROR] 未找到 reviewer.py，且框架内置 Reviewer 尚未实现
[2026-05-18 15:10:59] [Coordinator] [ERROR] 未找到 reviewer.py，且框架内置 Reviewer 尚未实现
[2026-05-18 15:10:59] [Coordinator] [WARNING] FillReview 第194章失败，重试(1/3)
[2026-05-18 15:10:59] [Coordinator] [ERROR] 未找到 reviewer.py，且框架内置 Reviewer 尚未实现
[2026-05-18 15:10:59] [Coordinator] [WARNING] FillReview 第196章失败，重试(1/3)
[2026-05-18 15:10:59] [Coordinator] [WARNING] FillReview 第197章失败，重试(1/3)
[2026-05-18 15:10:59] [Coordinator] [ERROR] 未找到 reviewer.py，且框架内置 Reviewer 尚未实现
[2026-05-18 15:10:59] [Coordinator] [WARNING] FillReview 第198章失败，重试(1/3)
[2026-05-18 15:10:59] [Coordinator] [ERROR] 未找到 reviewer.py，且框架内置 Reviewer 尚未实现
[2026-05-18 15:10:59] [Coordinator] [ERROR] 未找到 reviewer.py，且框架内置 Reviewer 尚未实现
[2026-05-18 15:10:59] [Coordinator] [ERROR] 未找到 reviewer.py，且框架内置 Reviewer 尚未实现
[2026-05-18 15:10:59] [Coordinator] [WARNING] FillReview 第200章失败，重试(1/3)
[2026-05-18 15:10:59] [Coordinator] [ERROR] 未找到 reviewer.py，且框架内置 Reviewer 尚未实现
[2026-05-18 15:10:59] [Coordinator] [WARNING] FillReview 第199章失败，重试(1/3)
[2026-05-18 15:10:59] [Coordinator] [ERROR] 未找到 reviewer.py，且框架内置 Reviewer 尚未实现
[2026-05-18 15:10:59] [Coordinator] [WARNING] FillReview 第183章失败，重试(2/3)
[2026-05-18 15:10:59] [Coordinator] [WARNING] FillReview 第184章失败，重试(2/3)
[2026-05-18 15:10:59] [Coordinator] [WARNING] FillReview 第181章失败，重试(2/3)
[2026-05-18 15:10:59] [Coordinator] [ERROR] 未找到 reviewer.py，且框架内置 Reviewer 尚未实现
[2026-05-18 15:10:59] [Coordinator] [ERROR] 未找到 reviewer.py，且框架内置 Reviewer 尚未实现
[2026-05-18 15:10:59] [Coordinator] [ERROR] 未找到 reviewer.py，且框架内置 Reviewer 尚未实现
[2026-05-18 15:10:59] [Coordinator] [WARNING] FillReview 第182章失败，重试(2/3)
[2026-05-18 15:10:59] [Coordinator] [WARNING] FillReview 第185章失败，重试(2/3)
[2026-05-18 15:10:59] [Coordinator] [WARNING] FillReview 第186章失败，重试(2/3)
[2026-05-18 15:10:59] [Coordinator] [ERROR] 未找到 reviewer.py，且框架内置 Reviewer 尚未实现
[2026-05-18 15:10:59] [Coordinator] [WARNING] FillReview 第190章失败，重试(2/3)
[2026-05-18 15:10:59] [Coordinator] [ERROR] 未找到 reviewer.py，且框架内置 Reviewer 尚未实现
[2026-05-18 15:10:59] [Coordinator] [WARNING] FillReview 第187章失败，重试(2/3)
[2026-05-18 15:10:59] [Coordinator] [ERROR] 未找到 reviewer.py，且框架内置 Reviewer 尚未实现
[2026-05-18 15:10:59] [Coordinator] [ERROR] 未找到 reviewer.py，且框架内置 Reviewer 尚未实现
[2026-05-18 15:10:59] [Coordinator] [WARNING] FillReview 第191章失败，重试(2/3)
[2026-05-18 15:10:59] [Coordinator] [ERROR] 未找到 reviewer.py，且框架内置 Reviewer 尚未实现
[2026-05-18 15:10:59] [Coordinator] [ERROR] 未找到 reviewer.py，且框架内置 Reviewer 尚未实现
[2026-05-18 15:10:59] [Coordinator] [WARNING] FillReview 第189章失败，重试(2/3)
[2026-05-18 15:10:59] [Coordinator] [ERROR] 未找到 reviewer.py，且框架内置 Reviewer 尚未实现
[2026-05-18 15:10:59] [Coordinator] [WARNING] FillReview 第195章失败，重试(2/3)
[2026-05-18 15:10:59] [Coordinator] [WARNING] FillReview 第192章失败，重试(2/3)
[2026-05-18 15:10:59] [Coordinator] [WARNING] FillReview 第188章失败，重试(2/3)
[2026-05-18 15:10:59] [Coordinator] [ERROR] 未找到 reviewer.py，且框架内置 Reviewer 尚未实现
[2026-05-18 15:11:00] [Coordinator] [WARNING] FillReview 第196章失败，重试(2/3)
[2026-05-18 15:10:59] [Coordinator] [ERROR] 未找到 reviewer.py，且框架内置 Reviewer 尚未实现
[2026-05-18 15:10:59] [Coordinator] [ERROR] 未找到 reviewer.py，且框架内置 Reviewer 尚未实现
[2026-05-18 15:11:00] [Coordinator] [WARNING] FillReview 第194章失败，重试(2/3)
[2026-05-18 15:11:00] [Coordinator] [ERROR] 未找到 reviewer.py，且框架内置 Reviewer 尚未实现
[2026-05-18 15:11:00] [Coordinator] [ERROR] 未找到 reviewer.py，且框架内置 Reviewer 尚未实现
[2026-05-18 15:11:00] [Coordinator] [WARNING] FillReview 第197章失败，重试(2/3)
[2026-05-18 15:11:00] [Coordinator] [WARNING] FillReview 第193章失败，重试(2/3)
[2026-05-18 15:11:00] [Coordinator] [WARNING] FillReview 第198章失败，重试(2/3)
[2026-05-18 15:11:00] [Coordinator] [ERROR] 未找到 reviewer.py，且框架内置 Reviewer 尚未实现
[2026-05-18 15:11:00] [Coordinator] [WARNING] FillReview 第200章失败，重试(2/3)
[2026-05-18 15:11:00] [Coordinator] [ERROR] 未找到 reviewer.py，且框架内置 Reviewer 尚未实现
[2026-05-18 15:11:00] [Coordinator] [ERROR] 未找到 reviewer.py，且框架内置 Reviewer 尚未实现
[2026-05-18 15:11:00] [Coordinator] [WARNING] FillReview 第199章失败，重试(2/3)
[2026-05-18 15:11:00] [Coordinator] [ERROR] 未找到 reviewer.py，且框架内置 Reviewer 尚未实现
[2026-05-18 15:11:00] [Coordinator] [WARNING] FillReview 第184章失败，重试(3/3)
[2026-05-18 15:11:00] [Coordinator] [ERROR] 未找到 reviewer.py，且框架内置 Reviewer 尚未实现
[2026-05-18 15:11:00] [Coordinator] [WARNING] FillReview 第182章失败，重试(3/3)
[2026-05-18 15:11:00] [Coordinator] [ERROR] 未找到 reviewer.py，且框架内置 Reviewer 尚未实现
[2026-05-18 15:11:00] [Coordinator] [WARNING] FillReview 第183章失败，重试(3/3)
[2026-05-18 15:11:00] [Coordinator] [ERROR] 未找到 reviewer.py，且框架内置 Reviewer 尚未实现
[2026-05-18 15:11:00] [Coordinator] [WARNING] FillReview 第186章失败，重试(3/3)
[2026-05-18 15:11:00] [Coordinator] [WARNING] FillReview 第181章失败，重试(3/3)
[2026-05-18 15:11:00] [Coordinator] [ERROR] 未找到 reviewer.py，且框架内置 Reviewer 尚未实现
[2026-05-18 15:11:00] [Coordinator] [ERROR] 未找到 reviewer.py，且框架内置 Reviewer 尚未实现
[2026-05-18 15:11:00] [Coordinator] [ERROR] 未找到 reviewer.py，且框架内置 Reviewer 尚未实现
[2026-05-18 15:11:00] [Coordinator] [WARNING] FillReview 第187章失败，重试(3/3)
[2026-05-18 15:11:00] [Coordinator] [ERROR] 未找到 reviewer.py，且框架内置 Reviewer 尚未实现
[2026-05-18 15:11:00] [Coordinator] [WARNING] FillReview 第190章失败，重试(3/3)
[2026-05-18 15:11:00] [Coordinator] [WARNING] FillReview 第191章失败，重试(3/3)
[2026-05-18 15:11:00] [Coordinator] [WARNING] FillReview 第185章失败，重试(3/3)
[2026-05-18 15:11:00] [Coordinator] [ERROR] 未找到 reviewer.py，且框架内置 Reviewer 尚未实现
[2026-05-18 15:11:00] [Coordinator] [WARNING] FillReview 第192章失败，重试(3/3)
[2026-05-18 15:11:00] [Coordinator] [ERROR] 未找到 reviewer.py，且框架内置 Reviewer 尚未实现
[2026-05-18 15:11:00] [Coordinator] [WARNING] FillReview 第189章失败，重试(3/3)
[2026-05-18 15:11:00] [Coordinator] [ERROR] 未找到 reviewer.py，且框架内置 Reviewer 尚未实现
[2026-05-18 15:11:00] [Coordinator] [ERROR] 未找到 reviewer.py，且框架内置 Reviewer 尚未实现
[2026-05-18 15:11:00] [Coordinator] [ERROR] 未找到 reviewer.py，且框架内置 Reviewer 尚未实现
[2026-05-18 15:11:00] [Coordinator] [WARNING] FillReview 第188章失败，重试(3/3)
[2026-05-18 15:11:00] [Coordinator] [ERROR] 未找到 reviewer.py，且框架内置 Reviewer 尚未实现
[2026-05-18 15:11:00] [Coordinator] [WARNING] FillReview 第194章失败，重试(3/3)
[2026-05-18 15:11:00] [Coordinator] [WARNING] FillReview 第195章失败，重试(3/3)
[2026-05-18 15:11:00] [Coordinator] [ERROR] 未找到 reviewer.py，且框架内置 Reviewer 尚未实现
[2026-05-18 15:11:00] [Coordinator] [WARNING] FillReview 第193章失败，重试(3/3)
[2026-05-18 15:11:00] [Coordinator] [ERROR] 未找到 reviewer.py，且框架内置 Reviewer 尚未实现
[2026-05-18 15:11:00] [Coordinator] [WARNING] FillReview 第197章失败，重试(3/3)
[2026-05-18 15:11:00] [Coordinator] [WARNING] FillReview 第196章失败，重试(3/3)
[2026-05-18 15:11:00] [Coordinator] [ERROR] 未找到 reviewer.py，且框架内置 Reviewer 尚未实现
[2026-05-18 15:11:00] [Coordinator] [ERROR] 未找到 reviewer.py，且框架内置 Reviewer 尚未实现
[2026-05-18 15:11:00] [Coordinator] [WARNING] FillReview 第200章失败，重试(3/3)
[2026-05-18 15:11:00] [Coordinator] [WARNING] FillReview 第198章失败，重试(3/3)
[2026-05-18 15:11:00] [Coordinator] [ERROR] 未找到 reviewer.py，且框架内置 Reviewer 尚未实现
[2026-05-18 15:11:00] [Coordinator] [WARNING] FillReview 第199章失败，重试(3/3)
[2026-05-18 15:11:00] [Coordinator] [ERROR] 未找到 reviewer.py，且框架内置 Reviewer 尚未实现
[2026-05-18 15:11:00] [Coordinator] [ERROR] 未找到 reviewer.py，且框架内置 Reviewer 尚未实现
[2026-05-18 15:11:00] [Coordinator] [ERROR] 未找到 reviewer.py，且框架内置 Reviewer 尚未实现
[2026-05-18 15:11:00] [Coordinator] [ERROR] FillReview 第182章彻底失败
[2026-05-18 15:11:00] [Coordinator] [ERROR] 未找到 reviewer.py，且框架内置 Reviewer 尚未实现
[2026-05-18 15:11:00] [Coordinator] [ERROR] FillReview 第186章彻底失败
[2026-05-18 15:11:00] [Coordinator] [ERROR] 未找到 reviewer.py，且框架内置 Reviewer 尚未实现
[2026-05-18 15:11:00] [Coordinator] [ERROR] FillReview 第183章彻底失败
[2026-05-18 15:11:00] [Coordinator] [ERROR] FillReview 第184章彻底失败
[2026-05-18 15:11:00] [Coordinator] [ERROR] FillReview 第181章彻底失败
[2026-05-18 15:11:00] [Coordinator] [ERROR] 未找到 reviewer.py，且框架内置 Reviewer 尚未实现
[2026-05-18 15:11:00] [Coordinator] [ERROR] FillReview 第191章彻底失败
[2026-05-18 15:11:00] [Coordinator] [ERROR] 未找到 reviewer.py，且框架内置 Reviewer 尚未实现
[2026-05-18 15:11:00] [Coordinator] [ERROR] 未找到 reviewer.py，且框架内置 Reviewer 尚未实现
[2026-05-18 15:11:00] [Coordinator] [ERROR] FillReview 第187章彻底失败
[2026-05-18 15:11:00] [Coordinator] [ERROR] FillReview 第190章彻底失败
[2026-05-18 15:11:00] [Coordinator] [ERROR] 未找到 reviewer.py，且框架内置 Reviewer 尚未实现
[2026-05-18 15:11:00] [Coordinator] [ERROR] FillReview 第185章彻底失败
[2026-05-18 15:11:00] [Coordinator] [ERROR] 未找到 reviewer.py，且框架内置 Reviewer 尚未实现
[2026-05-18 15:11:00] [Coordinator] [ERROR] 未找到 reviewer.py，且框架内置 Reviewer 尚未实现
[2026-05-18 15:11:00] [Coordinator] [ERROR] FillReview 第192章彻底失败
[2026-05-18 15:11:00] [Coordinator] [ERROR] 未找到 reviewer.py，且框架内置 Reviewer 尚未实现
[2026-05-18 15:11:00] [Coordinator] [ERROR] FillReview 第194章彻底失败
[2026-05-18 15:11:00] [Coordinator] [ERROR] 未找到 reviewer.py，且框架内置 Reviewer 尚未实现
[2026-05-18 15:11:00] [Coordinator] [ERROR] FillReview 第189章彻底失败
[2026-05-18 15:11:00] [Coordinator] [ERROR] 未找到 reviewer.py，且框架内置 Reviewer 尚未实现
[2026-05-18 15:11:00] [Coordinator] [ERROR] FillReview 第193章彻底失败
[2026-05-18 15:11:00] [Coordinator] [ERROR] 未找到 reviewer.py，且框架内置 Reviewer 尚未实现
[2026-05-18 15:11:00] [Coordinator] [ERROR] FillReview 第188章彻底失败
[2026-05-18 15:11:00] [Coordinator] [ERROR] 未找到 reviewer.py，且框架内置 Reviewer 尚未实现
[2026-05-18 15:11:00] [Coordinator] [ERROR] FillReview 第197章彻底失败
[2026-05-18 15:11:00] [Coordinator] [ERROR] 未找到 reviewer.py，且框架内置 Reviewer 尚未实现
[2026-05-18 15:11:00] [Coordinator] [ERROR] FillReview 第200章彻底失败
[2026-05-18 15:11:00] [Coordinator] [ERROR] FillReview 第195章彻底失败
[2026-05-18 15:11:00] [Coordinator] [ERROR] 未找到 reviewer.py，且框架内置 Reviewer 尚未实现
[2026-05-18 15:11:00] [Coordinator] [ERROR] FillReview 第196章彻底失败
[2026-05-18 15:11:00] [Coordinator] [ERROR] 未找到 reviewer.py，且框架内置 Reviewer 尚未实现
[2026-05-18 15:11:00] [Coordinator] [ERROR] 未找到 reviewer.py，且框架内置 Reviewer 尚未实现
[2026-05-18 15:11:00] [Coordinator] [ERROR] FillReview 第198章彻底失败
[2026-05-18 15:11:00] [Coordinator] [ERROR] FillReview 第199章彻底失败
[2026-05-18 15:11:02] [Coordinator] [INFO] FillReview 批次完成: 成功 0 章, 失败 20 章
[2026-05-18 15:11:02] [Coordinator] [INFO] 已加入多媒体队列: 第181-200章 (队列长度 194)
[2026-05-18 15:11:05] [Coordinator] [INFO] ===== 开始第 201-220 章 =====
[2026-05-18 15:11:05] [Coordinator] [INFO] 工作队列: 20 个任务, 5 workers [Writer]
[2026-05-18 15:11:05] [Coordinator] [ERROR] 未找到 writer.py，且框架内置 Writer 尚未实现
[2026-05-18 15:11:05] [Coordinator] [WARNING] Writer 第201章失败，重试(1/3)
[2026-05-18 15:11:05] [Coordinator] [ERROR] 未找到 writer.py，且框架内置 Writer 尚未实现
[2026-05-18 15:11:05] [Coordinator] [ERROR] 未找到 writer.py，且框架内置 Writer 尚未实现
[2026-05-18 15:11:05] [Coordinator] [ERROR] 未找到 writer.py，且框架内置 Writer 尚未实现
[2026-05-18 15:11:05] [Coordinator] [ERROR] 未找到 writer.py，且框架内置 Writer 尚未实现
[2026-05-18 15:11:05] [Coordinator] [ERROR] 未找到 writer.py，且框架内置 Writer 尚未实现
[2026-05-18 15:11:05] [Coordinator] [WARNING] Writer 第203章失败，重试(1/3)
[2026-05-18 15:11:05] [Coordinator] [WARNING] Writer 第204章失败，重试(1/3)
[2026-05-18 15:11:05] [Coordinator] [WARNING] Writer 第202章失败，重试(1/3)
[2026-05-18 15:11:05] [Coordinator] [WARNING] Writer 第205章失败，重试(1/3)
[2026-05-18 15:11:05] [Coordinator] [WARNING] Writer 第206章失败，重试(1/3)
[2026-05-18 15:11:05] [Coordinator] [ERROR] 未找到 writer.py，且框架内置 Writer 尚未实现
[2026-05-18 15:11:05] [Coordinator] [ERROR] 未找到 writer.py，且框架内置 Writer 尚未实现
[2026-05-18 15:11:05] [Coordinator] [ERROR] 未找到 writer.py，且框架内置 Writer 尚未实现
[2026-05-18 15:11:05] [Coordinator] [ERROR] 未找到 writer.py，且框架内置 Writer 尚未实现
[2026-05-18 15:11:05] [Coordinator] [ERROR] 未找到 writer.py，且框架内置 Writer 尚未实现
[2026-05-18 15:11:05] [Coordinator] [WARNING] Writer 第207章失败，重试(1/3)
[2026-05-18 15:11:05] [Coordinator] [WARNING] Writer 第208章失败，重试(1/3)
[2026-05-18 15:11:05] [Coordinator] [WARNING] Writer 第209章失败，重试(1/3)
[2026-05-18 15:11:05] [Coordinator] [WARNING] Writer 第210章失败，重试(1/3)
[2026-05-18 15:11:05] [Coordinator] [WARNING] Writer 第211章失败，重试(1/3)
[2026-05-18 15:11:05] [Coordinator] [ERROR] 未找到 writer.py，且框架内置 Writer 尚未实现
[2026-05-18 15:11:05] [Coordinator] [ERROR] 未找到 writer.py，且框架内置 Writer 尚未实现
[2026-05-18 15:11:05] [Coordinator] [ERROR] 未找到 writer.py，且框架内置 Writer 尚未实现
[2026-05-18 15:11:05] [Coordinator] [ERROR] 未找到 writer.py，且框架内置 Writer 尚未实现
[2026-05-18 15:11:05] [Coordinator] [ERROR] 未找到 writer.py，且框架内置 Writer 尚未实现
[2026-05-18 15:11:05] [Coordinator] [WARNING] Writer 第213章失败，重试(1/3)
[2026-05-18 15:11:05] [Coordinator] [WARNING] Writer 第212章失败，重试(1/3)
[2026-05-18 15:11:05] [Coordinator] [WARNING] Writer 第214章失败，重试(1/3)
[2026-05-18 15:11:05] [Coordinator] [WARNING] Writer 第215章失败，重试(1/3)
[2026-05-18 15:11:05] [Coordinator] [WARNING] Writer 第216章失败，重试(1/3)
[2026-05-18 15:11:05] [Coordinator] [ERROR] 未找到 writer.py，且框架内置 Writer 尚未实现
[2026-05-18 15:11:05] [Coordinator] [ERROR] 未找到 writer.py，且框架内置 Writer 尚未实现
[2026-05-18 15:11:05] [Coordinator] [ERROR] 未找到 writer.py，且框架内置 Writer 尚未实现
[2026-05-18 15:11:05] [Coordinator] [ERROR] 未找到 writer.py，且框架内置 Writer 尚未实现
[2026-05-18 15:11:05] [Coordinator] [WARNING] Writer 第217章失败，重试(1/3)
[2026-05-18 15:11:05] [Coordinator] [WARNING] Writer 第218章失败，重试(1/3)
[2026-05-18 15:11:05] [Coordinator] [WARNING] Writer 第219章失败，重试(1/3)
[2026-05-18 15:11:05] [Coordinator] [ERROR] 未找到 writer.py，且框架内置 Writer 尚未实现
[2026-05-18 15:11:05] [Coordinator] [WARNING] Writer 第220章失败，重试(1/3)
[2026-05-18 15:11:05] [Coordinator] [ERROR] 未找到 writer.py，且框架内置 Writer 尚未实现
[2026-05-18 15:11:05] [Coordinator] [ERROR] 未找到 writer.py，且框架内置 Writer 尚未实现
[2026-05-18 15:11:05] [Coordinator] [ERROR] 未找到 writer.py，且框架内置 Writer 尚未实现
[2026-05-18 15:11:05] [Coordinator] [WARNING] Writer 第201章失败，重试(2/3)
[2026-05-18 15:11:05] [Coordinator] [ERROR] 未找到 writer.py，且框架内置 Writer 尚未实现
[2026-05-18 15:11:05] [Coordinator] [WARNING] Writer 第203章失败，重试(2/3)
[2026-05-18 15:11:05] [Coordinator] [WARNING] Writer 第204章失败，重试(2/3)
[2026-05-18 15:11:05] [Coordinator] [WARNING] Writer 第202章失败，重试(2/3)
[2026-05-18 15:11:05] [Coordinator] [ERROR] 未找到 writer.py，且框架内置 Writer 尚未实现
[2026-05-18 15:11:05] [Coordinator] [WARNING] Writer 第205章失败，重试(2/3)
[2026-05-18 15:11:05] [Coordinator] [ERROR] 未找到 writer.py，且框架内置 Writer 尚未实现
[2026-05-18 15:11:05] [Coordinator] [ERROR] 未找到 writer.py，且框架内置 Writer 尚未实现
[2026-05-18 15:11:05] [Coordinator] [ERROR] 未找到 writer.py，且框架内置 Writer 尚未实现
[2026-05-18 15:11:05] [Coordinator] [WARNING] Writer 第206章失败，重试(2/3)
[2026-05-18 15:11:05] [Coordinator] [ERROR] 未找到 writer.py，且框架内置 Writer 尚未实现
[2026-05-18 15:11:05] [Coordinator] [WARNING] Writer 第207章失败，重试(2/3)
[2026-05-18 15:11:05] [Coordinator] [WARNING] Writer 第208章失败，重试(2/3)
[2026-05-18 15:11:05] [Coordinator] [WARNING] Writer 第209章失败，重试(2/3)
[2026-05-18 15:11:05] [Coordinator] [ERROR] 未找到 writer.py，且框架内置 Writer 尚未实现
[2026-05-18 15:11:05] [Coordinator] [WARNING] Writer 第210章失败，重试(2/3)
[2026-05-18 15:11:05] [Coordinator] [ERROR] 未找到 writer.py，且框架内置 Writer 尚未实现
[2026-05-18 15:11:05] [Coordinator] [ERROR] 未找到 writer.py，且框架内置 Writer 尚未实现
[2026-05-18 15:11:05] [Coordinator] [ERROR] 未找到 writer.py，且框架内置 Writer 尚未实现
[2026-05-18 15:11:05] [Coordinator] [WARNING] Writer 第211章失败，重试(2/3)
[2026-05-18 15:11:05] [Coordinator] [ERROR] 未找到 writer.py，且框架内置 Writer 尚未实现
[2026-05-18 15:11:05] [Coordinator] [WARNING] Writer 第213章失败，重试(2/3)
[2026-05-18 15:11:05] [Coordinator] [WARNING] Writer 第212章失败，重试(2/3)
[2026-05-18 15:11:05] [Coordinator] [WARNING] Writer 第214章失败，重试(2/3)
[2026-05-18 15:11:05] [Coordinator] [ERROR] 未找到 writer.py，且框架内置 Writer 尚未实现
[2026-05-18 15:11:05] [Coordinator] [WARNING] Writer 第215章失败，重试(2/3)
[2026-05-18 15:11:05] [Coordinator] [ERROR] 未找到 writer.py，且框架内置 Writer 尚未实现
[2026-05-18 15:11:05] [Coordinator] [ERROR] 未找到 writer.py，且框架内置 Writer 尚未实现
[2026-05-18 15:11:05] [Coordinator] [ERROR] 未找到 writer.py，且框架内置 Writer 尚未实现
[2026-05-18 15:11:05] [Coordinator] [WARNING] Writer 第216章失败，重试(2/3)
[2026-05-18 15:11:05] [Coordinator] [ERROR] 未找到 writer.py，且框架内置 Writer 尚未实现
[2026-05-18 15:11:05] [Coordinator] [WARNING] Writer 第217章失败，重试(2/3)
[2026-05-18 15:11:05] [Coordinator] [WARNING] Writer 第218章失败，重试(2/3)
[2026-05-18 15:11:05] [Coordinator] [WARNING] Writer 第219章失败，重试(2/3)
[2026-05-18 15:11:05] [Coordinator] [ERROR] 未找到 writer.py，且框架内置 Writer 尚未实现
[2026-05-18 15:11:05] [Coordinator] [WARNING] Writer 第220章失败，重试(2/3)
[2026-05-18 15:11:05] [Coordinator] [ERROR] 未找到 writer.py，且框架内置 Writer 尚未实现
[2026-05-18 15:11:05] [Coordinator] [ERROR] 未找到 writer.py，且框架内置 Writer 尚未实现
[2026-05-18 15:11:05] [Coordinator] [ERROR] 未找到 writer.py，且框架内置 Writer 尚未实现
[2026-05-18 15:11:05] [Coordinator] [WARNING] Writer 第201章失败，重试(3/3)
[2026-05-18 15:11:05] [Coordinator] [ERROR] 未找到 writer.py，且框架内置 Writer 尚未实现
[2026-05-18 15:11:05] [Coordinator] [WARNING] Writer 第203章失败，重试(3/3)
[2026-05-18 15:11:05] [Coordinator] [WARNING] Writer 第204章失败，重试(3/3)
[2026-05-18 15:11:05] [Coordinator] [WARNING] Writer 第202章失败，重试(3/3)
[2026-05-18 15:11:05] [Coordinator] [ERROR] 未找到 writer.py，且框架内置 Writer 尚未实现
[2026-05-18 15:11:05] [Coordinator] [WARNING] Writer 第205章失败，重试(3/3)
[2026-05-18 15:11:05] [Coordinator] [ERROR] 未找到 writer.py，且框架内置 Writer 尚未实现
[2026-05-18 15:11:05] [Coordinator] [ERROR] 未找到 writer.py，且框架内置 Writer 尚未实现
[2026-05-18 15:11:05] [Coordinator] [ERROR] 未找到 writer.py，且框架内置 Writer 尚未实现
[2026-05-18 15:11:05] [Coordinator] [WARNING] Writer 第206章失败，重试(3/3)
[2026-05-18 15:11:05] [Coordinator] [ERROR] 未找到 writer.py，且框架内置 Writer 尚未实现
[2026-05-18 15:11:05] [Coordinator] [WARNING] Writer 第207章失败，重试(3/3)
[2026-05-18 15:11:05] [Coordinator] [WARNING] Writer 第208章失败，重试(3/3)
[2026-05-18 15:11:05] [Coordinator] [WARNING] Writer 第209章失败，重试(3/3)
[2026-05-18 15:11:05] [Coordinator] [ERROR] 未找到 writer.py，且框架内置 Writer 尚未实现
[2026-05-18 15:11:05] [Coordinator] [WARNING] Writer 第210章失败，重试(3/3)
[2026-05-18 15:11:05] [Coordinator] [ERROR] 未找到 writer.py，且框架内置 Writer 尚未实现
[2026-05-18 15:11:05] [Coordinator] [ERROR] 未找到 writer.py，且框架内置 Writer 尚未实现
[2026-05-18 15:11:05] [Coordinator] [ERROR] 未找到 writer.py，且框架内置 Writer 尚未实现
[2026-05-18 15:11:05] [Coordinator] [WARNING] Writer 第211章失败，重试(3/3)
[2026-05-18 15:11:05] [Coordinator] [ERROR] 未找到 writer.py，且框架内置 Writer 尚未实现
[2026-05-18 15:11:05] [Coordinator] [WARNING] Writer 第213章失败，重试(3/3)
[2026-05-18 15:11:05] [Coordinator] [WARNING] Writer 第212章失败，重试(3/3)
[2026-05-18 15:11:05] [Coordinator] [WARNING] Writer 第214章失败，重试(3/3)
[2026-05-18 15:11:05] [Coordinator] [ERROR] 未找到 writer.py，且框架内置 Writer 尚未实现
[2026-05-18 15:11:05] [Coordinator] [WARNING] Writer 第215章失败，重试(3/3)
[2026-05-18 15:11:05] [Coordinator] [ERROR] 未找到 writer.py，且框架内置 Writer 尚未实现
[2026-05-18 15:11:05] [Coordinator] [ERROR] 未找到 writer.py，且框架内置 Writer 尚未实现
[2026-05-18 15:11:05] [Coordinator] [ERROR] 未找到 writer.py，且框架内置 Writer 尚未实现
[2026-05-18 15:11:05] [Coordinator] [WARNING] Writer 第216章失败，重试(3/3)
[2026-05-18 15:11:05] [Coordinator] [ERROR] 未找到 writer.py，且框架内置 Writer 尚未实现
[2026-05-18 15:11:05] [Coordinator] [WARNING] Writer 第217章失败，重试(3/3)
[2026-05-18 15:11:05] [Coordinator] [WARNING] Writer 第218章失败，重试(3/3)
[2026-05-18 15:11:05] [Coordinator] [WARNING] Writer 第219章失败，重试(3/3)
[2026-05-18 15:11:05] [Coordinator] [ERROR] 未找到 writer.py，且框架内置 Writer 尚未实现
[2026-05-18 15:11:05] [Coordinator] [WARNING] Writer 第220章失败，重试(3/3)
[2026-05-18 15:11:05] [Coordinator] [ERROR] 未找到 writer.py，且框架内置 Writer 尚未实现
[2026-05-18 15:11:05] [Coordinator] [ERROR] 未找到 writer.py，且框架内置 Writer 尚未实现
[2026-05-18 15:11:05] [Coordinator] [ERROR] 未找到 writer.py，且框架内置 Writer 尚未实现
[2026-05-18 15:11:05] [Coordinator] [ERROR] Writer 第201章彻底失败
[2026-05-18 15:11:05] [Coordinator] [ERROR] 未找到 writer.py，且框架内置 Writer 尚未实现
[2026-05-18 15:11:05] [Coordinator] [ERROR] Writer 第203章彻底失败
[2026-05-18 15:11:05] [Coordinator] [ERROR] Writer 第204章彻底失败
[2026-05-18 15:11:05] [Coordinator] [ERROR] Writer 第202章彻底失败
[2026-05-18 15:11:05] [Coordinator] [ERROR] 未找到 writer.py，且框架内置 Writer 尚未实现
[2026-05-18 15:11:05] [Coordinator] [ERROR] Writer 第205章彻底失败
[2026-05-18 15:11:05] [Coordinator] [ERROR] 未找到 writer.py，且框架内置 Writer 尚未实现
[2026-05-18 15:11:05] [Coordinator] [ERROR] 未找到 writer.py，且框架内置 Writer 尚未实现
[2026-05-18 15:11:05] [Coordinator] [ERROR] 未找到 writer.py，且框架内置 Writer 尚未实现
[2026-05-18 15:11:05] [Coordinator] [ERROR] Writer 第206章彻底失败
[2026-05-18 15:11:05] [Coordinator] [ERROR] 未找到 writer.py，且框架内置 Writer 尚未实现
[2026-05-18 15:11:05] [Coordinator] [ERROR] Writer 第207章彻底失败
[2026-05-18 15:11:05] [Coordinator] [ERROR] Writer 第208章彻底失败
[2026-05-18 15:11:05] [Coordinator] [ERROR] Writer 第209章彻底失败
[2026-05-18 15:11:05] [Coordinator] [ERROR] 未找到 writer.py，且框架内置 Writer 尚未实现
[2026-05-18 15:11:05] [Coordinator] [ERROR] Writer 第210章彻底失败
[2026-05-18 15:11:05] [Coordinator] [ERROR] 未找到 writer.py，且框架内置 Writer 尚未实现
[2026-05-18 15:11:05] [Coordinator] [ERROR] 未找到 writer.py，且框架内置 Writer 尚未实现
[2026-05-18 15:11:05] [Coordinator] [ERROR] 未找到 writer.py，且框架内置 Writer 尚未实现
[2026-05-18 15:11:05] [Coordinator] [ERROR] Writer 第211章彻底失败
[2026-05-18 15:11:05] [Coordinator] [ERROR] 未找到 writer.py，且框架内置 Writer 尚未实现
[2026-05-18 15:11:05] [Coordinator] [ERROR] Writer 第213章彻底失败
[2026-05-18 15:11:05] [Coordinator] [ERROR] Writer 第212章彻底失败
[2026-05-18 15:11:05] [Coordinator] [ERROR] Writer 第214章彻底失败
[2026-05-18 15:11:05] [Coordinator] [ERROR] 未找到 writer.py，且框架内置 Writer 尚未实现
[2026-05-18 15:11:05] [Coordinator] [ERROR] Writer 第215章彻底失败
[2026-05-18 15:11:05] [Coordinator] [ERROR] 未找到 writer.py，且框架内置 Writer 尚未实现
[2026-05-18 15:11:05] [Coordinator] [ERROR] 未找到 writer.py，且框架内置 Writer 尚未实现
[2026-05-18 15:11:05] [Coordinator] [ERROR] 未找到 writer.py，且框架内置 Writer 尚未实现
[2026-05-18 15:11:05] [Coordinator] [ERROR] Writer 第216章彻底失败
[2026-05-18 15:11:05] [Coordinator] [ERROR] 未找到 writer.py，且框架内置 Writer 尚未实现
[2026-05-18 15:11:05] [Coordinator] [ERROR] Writer 第217章彻底失败
[2026-05-18 15:11:05] [Coordinator] [ERROR] Writer 第218章彻底失败
[2026-05-18 15:11:05] [Coordinator] [ERROR] Writer 第219章彻底失败
[2026-05-18 15:11:05] [Coordinator] [ERROR] Writer 第220章彻底失败
[2026-05-18 15:11:07] [Coordinator] [INFO] Writer 批次完成: 成功 0 章, 失败 20 章
[2026-05-18 15:11:07] [Coordinator] [WARNING] Writer 失败: [201, 203, 204, 202, 205, 206, 207, 208, 209, 210, 211, 213, 212, 214, 215, 216, 217, 218, 219, 220]
[2026-05-18 15:11:07] [Coordinator] [INFO] 工作队列: 20 个任务, 5 workers [Reviewer]
[2026-05-18 15:11:07] [Coordinator] [ERROR] 未找到 reviewer.py，且框架内置 Reviewer 尚未实现
[2026-05-18 15:11:07] [Coordinator] [WARNING] Reviewer 第201章失败，重试(1/3)
[2026-05-18 15:11:07] [Coordinator] [ERROR] 未找到 reviewer.py，且框架内置 Reviewer 尚未实现
[2026-05-18 15:11:07] [Coordinator] [ERROR] 未找到 reviewer.py，且框架内置 Reviewer 尚未实现
[2026-05-18 15:11:07] [Coordinator] [ERROR] 未找到 reviewer.py，且框架内置 Reviewer 尚未实现
[2026-05-18 15:11:07] [Coordinator] [WARNING] Reviewer 第204章失败，重试(1/3)
[2026-05-18 15:11:07] [Coordinator] [ERROR] 未找到 reviewer.py，且框架内置 Reviewer 尚未实现
[2026-05-18 15:11:07] [Coordinator] [WARNING] Reviewer 第205章失败，重试(1/3)
[2026-05-18 15:11:07] [Coordinator] [WARNING] Reviewer 第203章失败，重试(1/3)
[2026-05-18 15:11:07] [Coordinator] [WARNING] Reviewer 第202章失败，重试(1/3)
[2026-05-18 15:11:07] [Coordinator] [ERROR] 未找到 reviewer.py，且框架内置 Reviewer 尚未实现
[2026-05-18 15:11:07] [Coordinator] [ERROR] 未找到 reviewer.py，且框架内置 Reviewer 尚未实现
[2026-05-18 15:11:07] [Coordinator] [ERROR] 未找到 reviewer.py，且框架内置 Reviewer 尚未实现
[2026-05-18 15:11:07] [Coordinator] [ERROR] 未找到 reviewer.py，且框架内置 Reviewer 尚未实现
[2026-05-18 15:11:07] [Coordinator] [ERROR] 未找到 reviewer.py，且框架内置 Reviewer 尚未实现
[2026-05-18 15:11:07] [Coordinator] [WARNING] Reviewer 第206章失败，重试(1/3)
[2026-05-18 15:11:07] [Coordinator] [WARNING] Reviewer 第207章失败，重试(1/3)
[2026-05-18 15:11:07] [Coordinator] [WARNING] Reviewer 第208章失败，重试(1/3)
[2026-05-18 15:11:07] [Coordinator] [WARNING] Reviewer 第209章失败，重试(1/3)
[2026-05-18 15:11:07] [Coordinator] [WARNING] Reviewer 第210章失败，重试(1/3)
[2026-05-18 15:11:07] [Coordinator] [ERROR] 未找到 reviewer.py，且框架内置 Reviewer 尚未实现
[2026-05-18 15:11:07] [Coordinator] [ERROR] 未找到 reviewer.py，且框架内置 Reviewer 尚未实现
[2026-05-18 15:11:07] [Coordinator] [ERROR] 未找到 reviewer.py，且框架内置 Reviewer 尚未实现
[2026-05-18 15:11:07] [Coordinator] [ERROR] 未找到 reviewer.py，且框架内置 Reviewer 尚未实现
[2026-05-18 15:11:07] [Coordinator] [ERROR] 未找到 reviewer.py，且框架内置 Reviewer 尚未实现
[2026-05-18 15:11:07] [Coordinator] [WARNING] Reviewer 第211章失败，重试(1/3)
[2026-05-18 15:11:07] [Coordinator] [WARNING] Reviewer 第212章失败，重试(1/3)
[2026-05-18 15:11:07] [Coordinator] [WARNING] Reviewer 第214章失败，重试(1/3)
[2026-05-18 15:11:07] [Coordinator] [WARNING] Reviewer 第213章失败，重试(1/3)
[2026-05-18 15:11:07] [Coordinator] [WARNING] Reviewer 第215章失败，重试(1/3)
[2026-05-18 15:11:07] [Coordinator] [ERROR] 未找到 reviewer.py，且框架内置 Reviewer 尚未实现
[2026-05-18 15:11:07] [Coordinator] [ERROR] 未找到 reviewer.py，且框架内置 Reviewer 尚未实现
[2026-05-18 15:11:07] [Coordinator] [ERROR] 未找到 reviewer.py，且框架内置 Reviewer 尚未实现
[2026-05-18 15:11:07] [Coordinator] [ERROR] 未找到 reviewer.py，且框架内置 Reviewer 尚未实现
[2026-05-18 15:11:07] [Coordinator] [ERROR] 未找到 reviewer.py，且框架内置 Reviewer 尚未实现
[2026-05-18 15:11:07] [Coordinator] [WARNING] Reviewer 第216章失败，重试(1/3)
[2026-05-18 15:11:07] [Coordinator] [WARNING] Reviewer 第217章失败，重试(1/3)
[2026-05-18 15:11:07] [Coordinator] [WARNING] Reviewer 第219章失败，重试(1/3)
[2026-05-18 15:11:08] [Coordinator] [WARNING] Reviewer 第218章失败，重试(1/3)
[2026-05-18 15:11:08] [Coordinator] [WARNING] Reviewer 第220章失败，重试(1/3)
[2026-05-18 15:11:08] [Coordinator] [ERROR] 未找到 reviewer.py，且框架内置 Reviewer 尚未实现
[2026-05-18 15:11:08] [Coordinator] [ERROR] 未找到 reviewer.py，且框架内置 Reviewer 尚未实现
[2026-05-18 15:11:08] [Coordinator] [ERROR] 未找到 reviewer.py，且框架内置 Reviewer 尚未实现
[2026-05-18 15:11:08] [Coordinator] [ERROR] 未找到 reviewer.py，且框架内置 Reviewer 尚未实现
[2026-05-18 15:11:08] [Coordinator] [ERROR] 未找到 reviewer.py，且框架内置 Reviewer 尚未实现
[2026-05-18 15:11:08] [Coordinator] [WARNING] Reviewer 第201章失败，重试(2/3)
[2026-05-18 15:11:08] [Coordinator] [WARNING] Reviewer 第204章失败，重试(2/3)
[2026-05-18 15:11:08] [Coordinator] [WARNING] Reviewer 第205章失败，重试(2/3)
[2026-05-18 15:11:08] [Coordinator] [WARNING] Reviewer 第203章失败，重试(2/3)
[2026-05-18 15:11:08] [Coordinator] [WARNING] Reviewer 第202章失败，重试(2/3)
[2026-05-18 15:11:08] [Coordinator] [ERROR] 未找到 reviewer.py，且框架内置 Reviewer 尚未实现
[2026-05-18 15:11:08] [Coordinator] [ERROR] 未找到 reviewer.py，且框架内置 Reviewer 尚未实现
[2026-05-18 15:11:08] [Coordinator] [ERROR] 未找到 reviewer.py，且框架内置 Reviewer 尚未实现
[2026-05-18 15:11:08] [Coordinator] [ERROR] 未找到 reviewer.py，且框架内置 Reviewer 尚未实现
[2026-05-18 15:11:08] [Coordinator] [ERROR] 未找到 reviewer.py，且框架内置 Reviewer 尚未实现
[2026-05-18 15:11:08] [Coordinator] [WARNING] Reviewer 第206章失败，重试(2/3)
[2026-05-18 15:11:08] [Coordinator] [WARNING] Reviewer 第207章失败，重试(2/3)
[2026-05-18 15:11:08] [Coordinator] [WARNING] Reviewer 第208章失败，重试(2/3)
[2026-05-18 15:11:08] [Coordinator] [WARNING] Reviewer 第209章失败，重试(2/3)
[2026-05-18 15:11:08] [Coordinator] [WARNING] Reviewer 第210章失败，重试(2/3)
[2026-05-18 15:11:08] [Coordinator] [ERROR] 未找到 reviewer.py，且框架内置 Reviewer 尚未实现
[2026-05-18 15:11:08] [Coordinator] [ERROR] 未找到 reviewer.py，且框架内置 Reviewer 尚未实现
[2026-05-18 15:11:08] [Coordinator] [ERROR] 未找到 reviewer.py，且框架内置 Reviewer 尚未实现
[2026-05-18 15:11:08] [Coordinator] [ERROR] 未找到 reviewer.py，且框架内置 Reviewer 尚未实现
[2026-05-18 15:11:08] [Coordinator] [ERROR] 未找到 reviewer.py，且框架内置 Reviewer 尚未实现
[2026-05-18 15:11:08] [Coordinator] [WARNING] Reviewer 第211章失败，重试(2/3)
[2026-05-18 15:11:08] [Coordinator] [WARNING] Reviewer 第212章失败，重试(2/3)
[2026-05-18 15:11:08] [Coordinator] [WARNING] Reviewer 第214章失败，重试(2/3)
[2026-05-18 15:11:08] [Coordinator] [WARNING] Reviewer 第213章失败，重试(2/3)
[2026-05-18 15:11:08] [Coordinator] [WARNING] Reviewer 第215章失败，重试(2/3)
[2026-05-18 15:11:08] [Coordinator] [ERROR] 未找到 reviewer.py，且框架内置 Reviewer 尚未实现
[2026-05-18 15:11:08] [Coordinator] [ERROR] 未找到 reviewer.py，且框架内置 Reviewer 尚未实现
[2026-05-18 15:11:08] [Coordinator] [ERROR] 未找到 reviewer.py，且框架内置 Reviewer 尚未实现
[2026-05-18 15:11:08] [Coordinator] [ERROR] 未找到 reviewer.py，且框架内置 Reviewer 尚未实现
[2026-05-18 15:11:08] [Coordinator] [ERROR] 未找到 reviewer.py，且框架内置 Reviewer 尚未实现
[2026-05-18 15:11:08] [Coordinator] [WARNING] Reviewer 第217章失败，重试(2/3)
[2026-05-18 15:11:08] [Coordinator] [WARNING] Reviewer 第216章失败，重试(2/3)
[2026-05-18 15:11:08] [Coordinator] [WARNING] Reviewer 第219章失败，重试(2/3)
[2026-05-18 15:11:08] [Coordinator] [WARNING] Reviewer 第218章失败，重试(2/3)
[2026-05-18 15:11:08] [Coordinator] [WARNING] Reviewer 第220章失败，重试(2/3)
[2026-05-18 15:11:08] [Coordinator] [ERROR] 未找到 reviewer.py，且框架内置 Reviewer 尚未实现
[2026-05-18 15:11:08] [Coordinator] [ERROR] 未找到 reviewer.py，且框架内置 Reviewer 尚未实现
[2026-05-18 15:11:08] [Coordinator] [ERROR] 未找到 reviewer.py，且框架内置 Reviewer 尚未实现
[2026-05-18 15:11:08] [Coordinator] [ERROR] 未找到 reviewer.py，且框架内置 Reviewer 尚未实现
[2026-05-18 15:11:08] [Coordinator] [ERROR] 未找到 reviewer.py，且框架内置 Reviewer 尚未实现
[2026-05-18 15:11:08] [Coordinator] [WARNING] Reviewer 第201章失败，重试(3/3)
[2026-05-18 15:11:08] [Coordinator] [WARNING] Reviewer 第204章失败，重试(3/3)
[2026-05-18 15:11:08] [Coordinator] [WARNING] Reviewer 第205章失败，重试(3/3)
[2026-05-18 15:11:08] [Coordinator] [WARNING] Reviewer 第203章失败，重试(3/3)
[2026-05-18 15:11:08] [Coordinator] [WARNING] Reviewer 第202章失败，重试(3/3)
[2026-05-18 15:11:08] [Coordinator] [ERROR] 未找到 reviewer.py，且框架内置 Reviewer 尚未实现
[2026-05-18 15:11:08] [Coordinator] [ERROR] 未找到 reviewer.py，且框架内置 Reviewer 尚未实现
[2026-05-18 15:11:08] [Coordinator] [ERROR] 未找到 reviewer.py，且框架内置 Reviewer 尚未实现
[2026-05-18 15:11:08] [Coordinator] [ERROR] 未找到 reviewer.py，且框架内置 Reviewer 尚未实现
[2026-05-18 15:11:08] [Coordinator] [ERROR] 未找到 reviewer.py，且框架内置 Reviewer 尚未实现
[2026-05-18 15:11:08] [Coordinator] [WARNING] Reviewer 第206章失败，重试(3/3)
[2026-05-18 15:11:08] [Coordinator] [WARNING] Reviewer 第207章失败，重试(3/3)
[2026-05-18 15:11:08] [Coordinator] [WARNING] Reviewer 第209章失败，重试(3/3)
[2026-05-18 15:11:08] [Coordinator] [WARNING] Reviewer 第208章失败，重试(3/3)
[2026-05-18 15:11:08] [Coordinator] [WARNING] Reviewer 第210章失败，重试(3/3)
[2026-05-18 15:11:08] [Coordinator] [ERROR] 未找到 reviewer.py，且框架内置 Reviewer 尚未实现
[2026-05-18 15:11:08] [Coordinator] [ERROR] 未找到 reviewer.py，且框架内置 Reviewer 尚未实现
[2026-05-18 15:11:08] [Coordinator] [ERROR] 未找到 reviewer.py，且框架内置 Reviewer 尚未实现
[2026-05-18 15:11:08] [Coordinator] [ERROR] 未找到 reviewer.py，且框架内置 Reviewer 尚未实现
[2026-05-18 15:11:08] [Coordinator] [ERROR] 未找到 reviewer.py，且框架内置 Reviewer 尚未实现
[2026-05-18 15:11:08] [Coordinator] [WARNING] Reviewer 第211章失败，重试(3/3)
[2026-05-18 15:11:08] [Coordinator] [WARNING] Reviewer 第212章失败，重试(3/3)
[2026-05-18 15:11:08] [Coordinator] [WARNING] Reviewer 第214章失败，重试(3/3)
[2026-05-18 15:11:08] [Coordinator] [WARNING] Reviewer 第213章失败，重试(3/3)
[2026-05-18 15:11:08] [Coordinator] [WARNING] Reviewer 第215章失败，重试(3/3)
[2026-05-18 15:11:08] [Coordinator] [ERROR] 未找到 reviewer.py，且框架内置 Reviewer 尚未实现
[2026-05-18 15:11:08] [Coordinator] [ERROR] 未找到 reviewer.py，且框架内置 Reviewer 尚未实现
[2026-05-18 15:11:08] [Coordinator] [ERROR] 未找到 reviewer.py，且框架内置 Reviewer 尚未实现
[2026-05-18 15:11:08] [Coordinator] [ERROR] 未找到 reviewer.py，且框架内置 Reviewer 尚未实现
[2026-05-18 15:11:08] [Coordinator] [ERROR] 未找到 reviewer.py，且框架内置 Reviewer 尚未实现
[2026-05-18 15:11:08] [Coordinator] [WARNING] Reviewer 第217章失败，重试(3/3)
[2026-05-18 15:11:08] [Coordinator] [WARNING] Reviewer 第216章失败，重试(3/3)
[2026-05-18 15:11:08] [Coordinator] [WARNING] Reviewer 第219章失败，重试(3/3)
[2026-05-18 15:11:08] [Coordinator] [WARNING] Reviewer 第218章失败，重试(3/3)
[2026-05-18 15:11:08] [Coordinator] [WARNING] Reviewer 第220章失败，重试(3/3)
[2026-05-18 15:11:08] [Coordinator] [ERROR] 未找到 reviewer.py，且框架内置 Reviewer 尚未实现
[2026-05-18 15:11:08] [Coordinator] [ERROR] 未找到 reviewer.py，且框架内置 Reviewer 尚未实现
[2026-05-18 15:11:08] [Coordinator] [ERROR] 未找到 reviewer.py，且框架内置 Reviewer 尚未实现
[2026-05-18 15:11:08] [Coordinator] [ERROR] 未找到 reviewer.py，且框架内置 Reviewer 尚未实现
[2026-05-18 15:11:08] [Coordinator] [ERROR] 未找到 reviewer.py，且框架内置 Reviewer 尚未实现
[2026-05-18 15:11:08] [Coordinator] [ERROR] Reviewer 第201章彻底失败
[2026-05-18 15:11:08] [Coordinator] [ERROR] Reviewer 第204章彻底失败
[2026-05-18 15:11:08] [Coordinator] [ERROR] Reviewer 第205章彻底失败
[2026-05-18 15:11:08] [Coordinator] [ERROR] Reviewer 第203章彻底失败
[2026-05-18 15:11:08] [Coordinator] [ERROR] Reviewer 第202章彻底失败
[2026-05-18 15:11:08] [Coordinator] [ERROR] 未找到 reviewer.py，且框架内置 Reviewer 尚未实现
[2026-05-18 15:11:08] [Coordinator] [ERROR] 未找到 reviewer.py，且框架内置 Reviewer 尚未实现
[2026-05-18 15:11:08] [Coordinator] [ERROR] 未找到 reviewer.py，且框架内置 Reviewer 尚未实现
[2026-05-18 15:11:08] [Coordinator] [ERROR] 未找到 reviewer.py，且框架内置 Reviewer 尚未实现
[2026-05-18 15:11:08] [Coordinator] [ERROR] 未找到 reviewer.py，且框架内置 Reviewer 尚未实现
[2026-05-18 15:11:08] [Coordinator] [ERROR] Reviewer 第206章彻底失败
[2026-05-18 15:11:08] [Coordinator] [ERROR] Reviewer 第207章彻底失败
[2026-05-18 15:11:08] [Coordinator] [ERROR] Reviewer 第209章彻底失败
[2026-05-18 15:11:08] [Coordinator] [ERROR] Reviewer 第208章彻底失败
[2026-05-18 15:11:08] [Coordinator] [ERROR] Reviewer 第210章彻底失败
[2026-05-18 15:11:08] [Coordinator] [ERROR] 未找到 reviewer.py，且框架内置 Reviewer 尚未实现
[2026-05-18 15:11:08] [Coordinator] [ERROR] 未找到 reviewer.py，且框架内置 Reviewer 尚未实现
[2026-05-18 15:11:08] [Coordinator] [ERROR] 未找到 reviewer.py，且框架内置 Reviewer 尚未实现
[2026-05-18 15:11:08] [Coordinator] [ERROR] 未找到 reviewer.py，且框架内置 Reviewer 尚未实现
[2026-05-18 15:11:08] [Coordinator] [ERROR] Reviewer 第212章彻底失败
[2026-05-18 15:11:08] [Coordinator] [ERROR] Reviewer 第214章彻底失败
[2026-05-18 15:11:08] [Coordinator] [ERROR] 未找到 reviewer.py，且框架内置 Reviewer 尚未实现
[2026-05-18 15:11:08] [Coordinator] [ERROR] Reviewer 第213章彻底失败
[2026-05-18 15:11:08] [Coordinator] [ERROR] Reviewer 第211章彻底失败
[2026-05-18 15:11:08] [Coordinator] [ERROR] 未找到 reviewer.py，且框架内置 Reviewer 尚未实现
[2026-05-18 15:11:08] [Coordinator] [ERROR] 未找到 reviewer.py，且框架内置 Reviewer 尚未实现
[2026-05-18 15:11:08] [Coordinator] [ERROR] Reviewer 第215章彻底失败
[2026-05-18 15:11:08] [Coordinator] [ERROR] 未找到 reviewer.py，且框架内置 Reviewer 尚未实现
[2026-05-18 15:11:08] [Coordinator] [ERROR] 未找到 reviewer.py，且框架内置 Reviewer 尚未实现
[2026-05-18 15:11:08] [Coordinator] [ERROR] Reviewer 第217章彻底失败
[2026-05-18 15:11:08] [Coordinator] [ERROR] Reviewer 第216章彻底失败
[2026-05-18 15:11:08] [Coordinator] [ERROR] 未找到 reviewer.py，且框架内置 Reviewer 尚未实现
[2026-05-18 15:11:08] [Coordinator] [ERROR] Reviewer 第219章彻底失败
[2026-05-18 15:11:08] [Coordinator] [ERROR] Reviewer 第218章彻底失败
[2026-05-18 15:11:08] [Coordinator] [ERROR] Reviewer 第220章彻底失败
[2026-05-18 15:11:10] [Coordinator] [INFO] Reviewer 批次完成: 成功 0 章, 失败 20 章
[2026-05-18 15:11:10] [Coordinator] [WARNING] Reviewer 失败: [201, 204, 205, 203, 202, 206, 207, 209, 208, 210, 212, 214, 213, 211, 215, 217, 216, 219, 218, 220]
[2026-05-18 15:11:10] [Coordinator] [INFO] 检测到 20 章草稿缺失，开始补全...
[2026-05-18 15:11:10] [Coordinator] [INFO] 工作队列: 20 个任务, 3 workers [FillDraft]
[2026-05-18 15:11:10] [Coordinator] [ERROR] 未找到 writer.py，且框架内置 Writer 尚未实现
[2026-05-18 15:11:10] [Coordinator] [WARNING] FillDraft 第201章失败，重试(1/3)
[2026-05-18 15:11:10] [Coordinator] [ERROR] 未找到 writer.py，且框架内置 Writer 尚未实现
[2026-05-18 15:11:10] [Coordinator] [ERROR] 未找到 writer.py，且框架内置 Writer 尚未实现
[2026-05-18 15:11:10] [Coordinator] [ERROR] 未找到 writer.py，且框架内置 Writer 尚未实现
[2026-05-18 15:11:10] [Coordinator] [WARNING] FillDraft 第203章失败，重试(1/3)
[2026-05-18 15:11:10] [Coordinator] [ERROR] 未找到 writer.py，且框架内置 Writer 尚未实现
[2026-05-18 15:11:10] [Coordinator] [WARNING] FillDraft 第204章失败，重试(1/3)
[2026-05-18 15:11:10] [Coordinator] [WARNING] FillDraft 第202章失败，重试(1/3)
[2026-05-18 15:11:10] [Coordinator] [WARNING] FillDraft 第205章失败，重试(1/3)
[2026-05-18 15:11:10] [Coordinator] [ERROR] 未找到 writer.py，且框架内置 Writer 尚未实现
[2026-05-18 15:11:10] [Coordinator] [ERROR] 未找到 writer.py，且框架内置 Writer 尚未实现
[2026-05-18 15:11:10] [Coordinator] [WARNING] FillDraft 第207章失败，重试(1/3)
[2026-05-18 15:11:10] [Coordinator] [ERROR] 未找到 writer.py，且框架内置 Writer 尚未实现
[2026-05-18 15:11:10] [Coordinator] [ERROR] 未找到 writer.py，且框架内置 Writer 尚未实现
[2026-05-18 15:11:10] [Coordinator] [WARNING] FillDraft 第206章失败，重试(1/3)
[2026-05-18 15:11:10] [Coordinator] [WARNING] FillDraft 第209章失败，重试(1/3)
[2026-05-18 15:11:10] [Coordinator] [WARNING] FillDraft 第208章失败，重试(1/3)
[2026-05-18 15:11:10] [Coordinator] [ERROR] 未找到 writer.py，且框架内置 Writer 尚未实现
[2026-05-18 15:11:10] [Coordinator] [WARNING] FillDraft 第210章失败，重试(1/3)
[2026-05-18 15:11:10] [Coordinator] [ERROR] 未找到 writer.py，且框架内置 Writer 尚未实现
[2026-05-18 15:11:10] [Coordinator] [ERROR] 未找到 writer.py，且框架内置 Writer 尚未实现
[2026-05-18 15:11:10] [Coordinator] [WARNING] FillDraft 第211章失败，重试(1/3)
[2026-05-18 15:11:10] [Coordinator] [ERROR] 未找到 writer.py，且框架内置 Writer 尚未实现
[2026-05-18 15:11:10] [Coordinator] [WARNING] FillDraft 第213章失败，重试(1/3)
[2026-05-18 15:11:10] [Coordinator] [ERROR] 未找到 writer.py，且框架内置 Writer 尚未实现
[2026-05-18 15:11:10] [Coordinator] [WARNING] FillDraft 第215章失败，重试(1/3)
[2026-05-18 15:11:10] [Coordinator] [ERROR] 未找到 writer.py，且框架内置 Writer 尚未实现
[2026-05-18 15:11:10] [Coordinator] [WARNING] FillDraft 第212章失败，重试(1/3)
[2026-05-18 15:11:10] [Coordinator] [ERROR] 未找到 writer.py，且框架内置 Writer 尚未实现
[2026-05-18 15:11:10] [Coordinator] [WARNING] FillDraft 第214章失败，重试(1/3)
[2026-05-18 15:11:10] [Coordinator] [ERROR] 未找到 writer.py，且框架内置 Writer 尚未实现
[2026-05-18 15:11:10] [Coordinator] [WARNING] FillDraft 第217章失败，重试(1/3)
[2026-05-18 15:11:10] [Coordinator] [ERROR] 未找到 writer.py，且框架内置 Writer 尚未实现
[2026-05-18 15:11:10] [Coordinator] [WARNING] FillDraft 第216章失败，重试(1/3)
[2026-05-18 15:11:10] [Coordinator] [ERROR] 未找到 writer.py，且框架内置 Writer 尚未实现
[2026-05-18 15:11:10] [Coordinator] [WARNING] FillDraft 第220章失败，重试(1/3)
[2026-05-18 15:11:10] [Coordinator] [ERROR] 未找到 writer.py，且框架内置 Writer 尚未实现
[2026-05-18 15:11:10] [Coordinator] [WARNING] FillDraft 第218章失败，重试(1/3)
[2026-05-18 15:11:10] [Coordinator] [ERROR] 未找到 writer.py，且框架内置 Writer 尚未实现
[2026-05-18 15:11:10] [Coordinator] [WARNING] FillDraft 第201章失败，重试(2/3)
[2026-05-18 15:11:10] [Coordinator] [ERROR] 未找到 writer.py，且框架内置 Writer 尚未实现
[2026-05-18 15:11:10] [Coordinator] [WARNING] FillDraft 第219章失败，重试(1/3)
[2026-05-18 15:11:10] [Coordinator] [ERROR] 未找到 writer.py，且框架内置 Writer 尚未实现
[2026-05-18 15:11:10] [Coordinator] [WARNING] FillDraft 第204章失败，重试(2/3)
[2026-05-18 15:11:10] [Coordinator] [ERROR] 未找到 writer.py，且框架内置 Writer 尚未实现
[2026-05-18 15:11:10] [Coordinator] [WARNING] FillDraft 第203章失败，重试(2/3)
[2026-05-18 15:11:10] [Coordinator] [ERROR] 未找到 writer.py，且框架内置 Writer 尚未实现
[2026-05-18 15:11:10] [Coordinator] [WARNING] FillDraft 第202章失败，重试(2/3)
[2026-05-18 15:11:10] [Coordinator] [ERROR] 未找到 writer.py，且框架内置 Writer 尚未实现
[2026-05-18 15:11:10] [Coordinator] [WARNING] FillDraft 第205章失败，重试(2/3)
[2026-05-18 15:11:10] [Coordinator] [WARNING] FillDraft 第206章失败，重试(2/3)
[2026-05-18 15:11:10] [Coordinator] [ERROR] 未找到 writer.py，且框架内置 Writer 尚未实现
[2026-05-18 15:11:10] [Coordinator] [WARNING] FillDraft 第207章失败，重试(2/3)
[2026-05-18 15:11:10] [Coordinator] [ERROR] 未找到 writer.py，且框架内置 Writer 尚未实现
[2026-05-18 15:11:10] [Coordinator] [ERROR] 未找到 writer.py，且框架内置 Writer 尚未实现
[2026-05-18 15:11:10] [Coordinator] [ERROR] 未找到 writer.py，且框架内置 Writer 尚未实现
[2026-05-18 15:11:10] [Coordinator] [WARNING] FillDraft 第208章失败，重试(2/3)
[2026-05-18 15:11:10] [Coordinator] [WARNING] FillDraft 第209章失败，重试(2/3)
[2026-05-18 15:11:10] [Coordinator] [ERROR] 未找到 writer.py，且框架内置 Writer 尚未实现
[2026-05-18 15:11:10] [Coordinator] [WARNING] FillDraft 第213章失败，重试(2/3)
[2026-05-18 15:11:10] [Coordinator] [ERROR] 未找到 writer.py，且框架内置 Writer 尚未实现
[2026-05-18 15:11:10] [Coordinator] [WARNING] FillDraft 第211章失败，重试(2/3)
[2026-05-18 15:11:10] [Coordinator] [WARNING] FillDraft 第210章失败，重试(2/3)
[2026-05-18 15:11:10] [Coordinator] [ERROR] 未找到 writer.py，且框架内置 Writer 尚未实现
[2026-05-18 15:11:10] [Coordinator] [WARNING] FillDraft 第215章失败，重试(2/3)
[2026-05-18 15:11:10] [Coordinator] [ERROR] 未找到 writer.py，且框架内置 Writer 尚未实现
[2026-05-18 15:11:10] [Coordinator] [ERROR] 未找到 writer.py，且框架内置 Writer 尚未实现
[2026-05-18 15:11:10] [Coordinator] [WARNING] FillDraft 第212章失败，重试(2/3)
[2026-05-18 15:11:10] [Coordinator] [ERROR] 未找到 writer.py，且框架内置 Writer 尚未实现
[2026-05-18 15:11:10] [Coordinator] [ERROR] 未找到 writer.py，且框架内置 Writer 尚未实现
[2026-05-18 15:11:10] [Coordinator] [WARNING] FillDraft 第214章失败，重试(2/3)
[2026-05-18 15:11:10] [Coordinator] [ERROR] 未找到 writer.py，且框架内置 Writer 尚未实现
[2026-05-18 15:11:10] [Coordinator] [WARNING] FillDraft 第220章失败，重试(2/3)
[2026-05-18 15:11:10] [Coordinator] [WARNING] FillDraft 第216章失败，重试(2/3)
[2026-05-18 15:11:10] [Coordinator] [WARNING] FillDraft 第217章失败，重试(2/3)
[2026-05-18 15:11:10] [Coordinator] [ERROR] 未找到 writer.py，且框架内置 Writer 尚未实现
[2026-05-18 15:11:10] [Coordinator] [WARNING] FillDraft 第219章失败，重试(2/3)
[2026-05-18 15:11:10] [Coordinator] [ERROR] 未找到 writer.py，且框架内置 Writer 尚未实现
[2026-05-18 15:11:10] [Coordinator] [ERROR] 未找到 writer.py，且框架内置 Writer 尚未实现
[2026-05-18 15:11:10] [Coordinator] [WARNING] FillDraft 第201章失败，重试(3/3)
[2026-05-18 15:11:10] [Coordinator] [WARNING] FillDraft 第218章失败，重试(2/3)
[2026-05-18 15:11:10] [Coordinator] [ERROR] 未找到 writer.py，且框架内置 Writer 尚未实现
[2026-05-18 15:11:10] [Coordinator] [WARNING] FillDraft 第204章失败，重试(3/3)
[2026-05-18 15:11:10] [Coordinator] [ERROR] 未找到 writer.py，且框架内置 Writer 尚未实现
[2026-05-18 15:11:10] [Coordinator] [ERROR] 未找到 writer.py，且框架内置 Writer 尚未实现
[2026-05-18 15:11:10] [Coordinator] [ERROR] 未找到 writer.py，且框架内置 Writer 尚未实现
[2026-05-18 15:11:10] [Coordinator] [WARNING] FillDraft 第202章失败，重试(3/3)
[2026-05-18 15:11:10] [Coordinator] [WARNING] FillDraft 第203章失败，重试(3/3)
[2026-05-18 15:11:10] [Coordinator] [WARNING] FillDraft 第205章失败，重试(3/3)
[2026-05-18 15:11:10] [Coordinator] [ERROR] 未找到 writer.py，且框架内置 Writer 尚未实现
[2026-05-18 15:11:10] [Coordinator] [WARNING] FillDraft 第208章失败，重试(3/3)
[2026-05-18 15:11:10] [Coordinator] [ERROR] 未找到 writer.py，且框架内置 Writer 尚未实现
[2026-05-18 15:11:10] [Coordinator] [ERROR] 未找到 writer.py，且框架内置 Writer 尚未实现
[2026-05-18 15:11:10] [Coordinator] [WARNING] FillDraft 第209章失败，重试(3/3)
[2026-05-18 15:11:10] [Coordinator] [ERROR] 未找到 writer.py，且框架内置 Writer 尚未实现
[2026-05-18 15:11:10] [Coordinator] [WARNING] FillDraft 第206章失败，重试(3/3)
[2026-05-18 15:11:10] [Coordinator] [ERROR] 未找到 writer.py，且框架内置 Writer 尚未实现
[2026-05-18 15:11:10] [Coordinator] [WARNING] FillDraft 第211章失败，重试(3/3)
[2026-05-18 15:11:10] [Coordinator] [WARNING] FillDraft 第207章失败，重试(3/3)
[2026-05-18 15:11:10] [Coordinator] [ERROR] 未找到 writer.py，且框架内置 Writer 尚未实现
[2026-05-18 15:11:10] [Coordinator] [WARNING] FillDraft 第213章失败，重试(3/3)
[2026-05-18 15:11:10] [Coordinator] [ERROR] 未找到 writer.py，且框架内置 Writer 尚未实现
[2026-05-18 15:11:10] [Coordinator] [ERROR] 未找到 writer.py，且框架内置 Writer 尚未实现
[2026-05-18 15:11:10] [Coordinator] [ERROR] 未找到 writer.py，且框架内置 Writer 尚未实现
[2026-05-18 15:11:10] [Coordinator] [WARNING] FillDraft 第215章失败，重试(3/3)
[2026-05-18 15:11:10] [Coordinator] [WARNING] FillDraft 第210章失败，重试(3/3)
[2026-05-18 15:11:10] [Coordinator] [WARNING] FillDraft 第212章失败，重试(3/3)
[2026-05-18 15:11:10] [Coordinator] [ERROR] 未找到 writer.py，且框架内置 Writer 尚未实现
[2026-05-18 15:11:10] [Coordinator] [WARNING] FillDraft 第216章失败，重试(3/3)
[2026-05-18 15:11:10] [Coordinator] [ERROR] 未找到 writer.py，且框架内置 Writer 尚未实现
[2026-05-18 15:11:10] [Coordinator] [ERROR] 未找到 writer.py，且框架内置 Writer 尚未实现
[2026-05-18 15:11:10] [Coordinator] [WARNING] FillDraft 第220章失败，重试(3/3)
[2026-05-18 15:11:10] [Coordinator] [WARNING] FillDraft 第214章失败，重试(3/3)
[2026-05-18 15:11:10] [Coordinator] [ERROR] 未找到 writer.py，且框架内置 Writer 尚未实现
[2026-05-18 15:11:10] [Coordinator] [WARNING] FillDraft 第217章失败，重试(3/3)
[2026-05-18 15:11:10] [Coordinator] [ERROR] 未找到 writer.py，且框架内置 Writer 尚未实现
[2026-05-18 15:11:10] [Coordinator] [ERROR] 未找到 writer.py，且框架内置 Writer 尚未实现
[2026-05-18 15:11:10] [Coordinator] [ERROR] 未找到 writer.py，且框架内置 Writer 尚未实现
[2026-05-18 15:11:10] [Coordinator] [ERROR] FillDraft 第201章彻底失败
[2026-05-18 15:11:10] [Coordinator] [ERROR] 未找到 writer.py，且框架内置 Writer 尚未实现
[2026-05-18 15:11:10] [Coordinator] [WARNING] FillDraft 第218章失败，重试(3/3)
[2026-05-18 15:11:10] [Coordinator] [WARNING] FillDraft 第219章失败，重试(3/3)
[2026-05-18 15:11:10] [Coordinator] [ERROR] 未找到 writer.py，且框架内置 Writer 尚未实现
[2026-05-18 15:11:10] [Coordinator] [ERROR] FillDraft 第203章彻底失败
[2026-05-18 15:11:10] [Coordinator] [ERROR] FillDraft 第204章彻底失败
[2026-05-18 15:11:10] [Coordinator] [ERROR] 未找到 writer.py，且框架内置 Writer 尚未实现
[2026-05-18 15:11:10] [Coordinator] [ERROR] 未找到 writer.py，且框架内置 Writer 尚未实现
[2026-05-18 15:11:10] [Coordinator] [ERROR] 未找到 writer.py，且框架内置 Writer 尚未实现
[2026-05-18 15:11:10] [Coordinator] [ERROR] FillDraft 第208章彻底失败
[2026-05-18 15:11:10] [Coordinator] [ERROR] 未找到 writer.py，且框架内置 Writer 尚未实现
[2026-05-18 15:11:10] [Coordinator] [ERROR] FillDraft 第202章彻底失败
[2026-05-18 15:11:10] [Coordinator] [ERROR] FillDraft 第205章彻底失败
[2026-05-18 15:11:10] [Coordinator] [ERROR] FillDraft 第209章彻底失败
[2026-05-18 15:11:10] [Coordinator] [ERROR] 未找到 writer.py，且框架内置 Writer 尚未实现
[2026-05-18 15:11:10] [Coordinator] [ERROR] FillDraft 第206章彻底失败
[2026-05-18 15:11:10] [Coordinator] [ERROR] 未找到 writer.py，且框架内置 Writer 尚未实现
[2026-05-18 15:11:10] [Coordinator] [ERROR] 未找到 writer.py，且框架内置 Writer 尚未实现
[2026-05-18 15:11:10] [Coordinator] [ERROR] 未找到 writer.py，且框架内置 Writer 尚未实现
[2026-05-18 15:11:10] [Coordinator] [ERROR] FillDraft 第207章彻底失败
[2026-05-18 15:11:10] [Coordinator] [ERROR] FillDraft 第211章彻底失败
[2026-05-18 15:11:10] [Coordinator] [ERROR] 未找到 writer.py，且框架内置 Writer 尚未实现
[2026-05-18 15:11:10] [Coordinator] [ERROR] FillDraft 第213章彻底失败
[2026-05-18 15:11:10] [Coordinator] [ERROR] 未找到 writer.py，且框架内置 Writer 尚未实现
[2026-05-18 15:11:10] [Coordinator] [ERROR] FillDraft 第212章彻底失败
[2026-05-18 15:11:10] [Coordinator] [ERROR] 未找到 writer.py，且框架内置 Writer 尚未实现
[2026-05-18 15:11:10] [Coordinator] [ERROR] FillDraft 第210章彻底失败
[2026-05-18 15:11:10] [Coordinator] [ERROR] 未找到 writer.py，且框架内置 Writer 尚未实现
[2026-05-18 15:11:10] [Coordinator] [ERROR] FillDraft 第215章彻底失败
[2026-05-18 15:11:10] [Coordinator] [ERROR] 未找到 writer.py，且框架内置 Writer 尚未实现
[2026-05-18 15:11:10] [Coordinator] [ERROR] FillDraft 第220章彻底失败
[2026-05-18 15:11:10] [Coordinator] [ERROR] 未找到 writer.py，且框架内置 Writer 尚未实现
[2026-05-18 15:11:10] [Coordinator] [ERROR] FillDraft 第216章彻底失败
[2026-05-18 15:11:10] [Coordinator] [ERROR] 未找到 writer.py，且框架内置 Writer 尚未实现
[2026-05-18 15:11:10] [Coordinator] [ERROR] FillDraft 第214章彻底失败
[2026-05-18 15:11:10] [Coordinator] [ERROR] 未找到 writer.py，且框架内置 Writer 尚未实现
[2026-05-18 15:11:10] [Coordinator] [ERROR] FillDraft 第217章彻底失败
[2026-05-18 15:11:10] [Coordinator] [ERROR] 未找到 writer.py，且框架内置 Writer 尚未实现
[2026-05-18 15:11:10] [Coordinator] [ERROR] FillDraft 第218章彻底失败
[2026-05-18 15:11:10] [Coordinator] [ERROR] FillDraft 第219章彻底失败
[2026-05-18 15:11:12] [Coordinator] [INFO] FillDraft 批次完成: 成功 0 章, 失败 20 章
[2026-05-18 15:11:12] [Coordinator] [INFO] 检测到 20 章审查缺失，开始补全...
[2026-05-18 15:11:12] [Coordinator] [INFO] 工作队列: 20 个任务, 3 workers [FillReview]
[2026-05-18 15:11:12] [Coordinator] [ERROR] 未找到 reviewer.py，且框架内置 Reviewer 尚未实现
[2026-05-18 15:11:12] [Coordinator] [WARNING] FillReview 第201章失败，重试(1/3)
[2026-05-18 15:11:12] [Coordinator] [ERROR] 未找到 reviewer.py，且框架内置 Reviewer 尚未实现
[2026-05-18 15:11:12] [Coordinator] [WARNING] FillReview 第203章失败，重试(1/3)
[2026-05-18 15:11:12] [Coordinator] [ERROR] 未找到 reviewer.py，且框架内置 Reviewer 尚未实现
[2026-05-18 15:11:12] [Coordinator] [ERROR] 未找到 reviewer.py，且框架内置 Reviewer 尚未实现
[2026-05-18 15:11:12] [Coordinator] [WARNING] FillReview 第202章失败，重试(1/3)
[2026-05-18 15:11:12] [Coordinator] [WARNING] FillReview 第204章失败，重试(1/3)
[2026-05-18 15:11:12] [Coordinator] [ERROR] 未找到 reviewer.py，且框架内置 Reviewer 尚未实现
[2026-05-18 15:11:12] [Coordinator] [WARNING] FillReview 第205章失败，重试(1/3)
[2026-05-18 15:11:12] [Coordinator] [ERROR] 未找到 reviewer.py，且框架内置 Reviewer 尚未实现
[2026-05-18 15:11:12] [Coordinator] [WARNING] FillReview 第207章失败，重试(1/3)
[2026-05-18 15:11:12] [Coordinator] [ERROR] 未找到 reviewer.py，且框架内置 Reviewer 尚未实现
[2026-05-18 15:11:12] [Coordinator] [ERROR] 未找到 reviewer.py，且框架内置 Reviewer 尚未实现
[2026-05-18 15:11:12] [Coordinator] [WARNING] FillReview 第206章失败，重试(1/3)
[2026-05-18 15:11:12] [Coordinator] [WARNING] FillReview 第208章失败，重试(1/3)
[2026-05-18 15:11:12] [Coordinator] [ERROR] 未找到 reviewer.py，且框架内置 Reviewer 尚未实现
[2026-05-18 15:11:12] [Coordinator] [WARNING] FillReview 第211章失败，重试(1/3)
[2026-05-18 15:11:12] [Coordinator] [ERROR] 未找到 reviewer.py，且框架内置 Reviewer 尚未实现
[2026-05-18 15:11:12] [Coordinator] [WARNING] FillReview 第209章失败，重试(1/3)
[2026-05-18 15:11:12] [Coordinator] [ERROR] 未找到 reviewer.py，且框架内置 Reviewer 尚未实现
[2026-05-18 15:11:12] [Coordinator] [WARNING] FillReview 第212章失败，重试(1/3)
[2026-05-18 15:11:12] [Coordinator] [ERROR] 未找到 reviewer.py，且框架内置 Reviewer 尚未实现
[2026-05-18 15:11:12] [Coordinator] [ERROR] 未找到 reviewer.py，且框架内置 Reviewer 尚未实现
[2026-05-18 15:11:12] [Coordinator] [WARNING] FillReview 第210章失败，重试(1/3)
[2026-05-18 15:11:12] [Coordinator] [WARNING] FillReview 第213章失败，重试(1/3)
[2026-05-18 15:11:12] [Coordinator] [ERROR] 未找到 reviewer.py，且框架内置 Reviewer 尚未实现
[2026-05-18 15:11:12] [Coordinator] [WARNING] FillReview 第214章失败，重试(1/3)
[2026-05-18 15:11:12] [Coordinator] [ERROR] 未找到 reviewer.py，且框架内置 Reviewer 尚未实现
[2026-05-18 15:11:12] [Coordinator] [WARNING] FillReview 第216章失败，重试(1/3)
[2026-05-18 15:11:12] [Coordinator] [ERROR] 未找到 reviewer.py，且框架内置 Reviewer 尚未实现
[2026-05-18 15:11:12] [Coordinator] [WARNING] FillReview 第217章失败，重试(1/3)
[2026-05-18 15:11:12] [Coordinator] [ERROR] 未找到 reviewer.py，且框架内置 Reviewer 尚未实现
[2026-05-18 15:11:12] [Coordinator] [ERROR] 未找到 reviewer.py，且框架内置 Reviewer 尚未实现
[2026-05-18 15:11:12] [Coordinator] [WARNING] FillReview 第215章失败，重试(1/3)
[2026-05-18 15:11:12] [Coordinator] [WARNING] FillReview 第218章失败，重试(1/3)
[2026-05-18 15:11:12] [Coordinator] [ERROR] 未找到 reviewer.py，且框架内置 Reviewer 尚未实现
[2026-05-18 15:11:12] [Coordinator] [WARNING] FillReview 第219章失败，重试(1/3)
[2026-05-18 15:11:12] [Coordinator] [ERROR] 未找到 reviewer.py，且框架内置 Reviewer 尚未实现
[2026-05-18 15:11:12] [Coordinator] [WARNING] FillReview 第201章失败，重试(2/3)
[2026-05-18 15:11:12] [Coordinator] [ERROR] 未找到 reviewer.py，且框架内置 Reviewer 尚未实现
[2026-05-18 15:11:12] [Coordinator] [WARNING] FillReview 第203章失败，重试(2/3)
[2026-05-18 15:11:12] [Coordinator] [ERROR] 未找到 reviewer.py，且框架内置 Reviewer 尚未实现
[2026-05-18 15:11:12] [Coordinator] [ERROR] 未找到 reviewer.py，且框架内置 Reviewer 尚未实现
[2026-05-18 15:11:12] [Coordinator] [WARNING] FillReview 第220章失败，重试(1/3)
[2026-05-18 15:11:12] [Coordinator] [WARNING] FillReview 第202章失败，重试(2/3)
[2026-05-18 15:11:12] [Coordinator] [ERROR] 未找到 reviewer.py，且框架内置 Reviewer 尚未实现
[2026-05-18 15:11:12] [Coordinator] [WARNING] FillReview 第204章失败，重试(2/3)
[2026-05-18 15:11:12] [Coordinator] [ERROR] 未找到 reviewer.py，且框架内置 Reviewer 尚未实现
[2026-05-18 15:11:12] [Coordinator] [WARNING] FillReview 第206章失败，重试(2/3)
[2026-05-18 15:11:12] [Coordinator] [ERROR] 未找到 reviewer.py，且框架内置 Reviewer 尚未实现
[2026-05-18 15:11:12] [Coordinator] [WARNING] FillReview 第207章失败，重试(2/3)
[2026-05-18 15:11:12] [Coordinator] [ERROR] 未找到 reviewer.py，且框架内置 Reviewer 尚未实现
[2026-05-18 15:11:12] [Coordinator] [ERROR] 未找到 reviewer.py，且框架内置 Reviewer 尚未实现
[2026-05-18 15:11:12] [Coordinator] [WARNING] FillReview 第205章失败，重试(2/3)
[2026-05-18 15:11:12] [Coordinator] [WARNING] FillReview 第208章失败，重试(2/3)
[2026-05-18 15:11:12] [Coordinator] [ERROR] 未找到 reviewer.py，且框架内置 Reviewer 尚未实现
[2026-05-18 15:11:12] [Coordinator] [WARNING] FillReview 第211章失败，重试(2/3)
[2026-05-18 15:11:12] [Coordinator] [ERROR] 未找到 reviewer.py，且框架内置 Reviewer 尚未实现
[2026-05-18 15:11:12] [Coordinator] [WARNING] FillReview 第212章失败，重试(2/3)
[2026-05-18 15:11:12] [Coordinator] [ERROR] 未找到 reviewer.py，且框架内置 Reviewer 尚未实现
[2026-05-18 15:11:12] [Coordinator] [ERROR] 未找到 reviewer.py，且框架内置 Reviewer 尚未实现
[2026-05-18 15:11:12] [Coordinator] [WARNING] FillReview 第209章失败，重试(2/3)
[2026-05-18 15:11:12] [Coordinator] [ERROR] 未找到 reviewer.py，且框架内置 Reviewer 尚未实现
[2026-05-18 15:11:12] [Coordinator] [WARNING] FillReview 第214章失败，重试(2/3)
[2026-05-18 15:11:12] [Coordinator] [ERROR] 未找到 reviewer.py，且框架内置 Reviewer 尚未实现
[2026-05-18 15:11:12] [Coordinator] [ERROR] 未找到 reviewer.py，且框架内置 Reviewer 尚未实现
[2026-05-18 15:11:12] [Coordinator] [WARNING] FillReview 第210章失败，重试(2/3)
[2026-05-18 15:11:12] [Coordinator] [WARNING] FillReview 第216章失败，重试(2/3)
[2026-05-18 15:11:12] [Coordinator] [WARNING] FillReview 第213章失败，重试(2/3)
[2026-05-18 15:11:12] [Coordinator] [ERROR] 未找到 reviewer.py，且框架内置 Reviewer 尚未实现
[2026-05-18 15:11:12] [Coordinator] [WARNING] FillReview 第217章失败，重试(2/3)
[2026-05-18 15:11:12] [Coordinator] [ERROR] 未找到 reviewer.py，且框架内置 Reviewer 尚未实现
[2026-05-18 15:11:12] [Coordinator] [WARNING] FillReview 第218章失败，重试(2/3)
[2026-05-18 15:11:12] [Coordinator] [ERROR] 未找到 reviewer.py，且框架内置 Reviewer 尚未实现
[2026-05-18 15:11:12] [Coordinator] [WARNING] FillReview 第219章失败，重试(2/3)
[2026-05-18 15:11:12] [Coordinator] [ERROR] 未找到 reviewer.py，且框架内置 Reviewer 尚未实现
[2026-05-18 15:11:12] [Coordinator] [ERROR] 未找到 reviewer.py，且框架内置 Reviewer 尚未实现
[2026-05-18 15:11:12] [Coordinator] [WARNING] FillReview 第203章失败，重试(3/3)
[2026-05-18 15:11:12] [Coordinator] [ERROR] 未找到 reviewer.py，且框架内置 Reviewer 尚未实现
[2026-05-18 15:11:12] [Coordinator] [WARNING] FillReview 第215章失败，重试(2/3)
[2026-05-18 15:11:12] [Coordinator] [ERROR] 未找到 reviewer.py，且框架内置 Reviewer 尚未实现
[2026-05-18 15:11:12] [Coordinator] [WARNING] FillReview 第202章失败，重试(3/3)
[2026-05-18 15:11:12] [Coordinator] [ERROR] 未找到 reviewer.py，且框架内置 Reviewer 尚未实现
[2026-05-18 15:11:12] [Coordinator] [WARNING] FillReview 第201章失败，重试(3/3)
[2026-05-18 15:11:12] [Coordinator] [ERROR] 未找到 reviewer.py，且框架内置 Reviewer 尚未实现
[2026-05-18 15:11:12] [Coordinator] [WARNING] FillReview 第204章失败，重试(3/3)
[2026-05-18 15:11:12] [Coordinator] [ERROR] 未找到 reviewer.py，且框架内置 Reviewer 尚未实现
[2026-05-18 15:11:12] [Coordinator] [WARNING] FillReview 第220章失败，重试(2/3)
[2026-05-18 15:11:12] [Coordinator] [ERROR] 未找到 reviewer.py，且框架内置 Reviewer 尚未实现
[2026-05-18 15:11:12] [Coordinator] [WARNING] FillReview 第206章失败，重试(3/3)
[2026-05-18 15:11:12] [Coordinator] [ERROR] 未找到 reviewer.py，且框架内置 Reviewer 尚未实现
[2026-05-18 15:11:12] [Coordinator] [WARNING] FillReview 第205章失败，重试(3/3)
[2026-05-18 15:11:12] [Coordinator] [WARNING] FillReview 第208章失败，重试(3/3)
[2026-05-18 15:11:12] [Coordinator] [ERROR] 未找到 reviewer.py，且框架内置 Reviewer 尚未实现
[2026-05-18 15:11:12] [Coordinator] [ERROR] 未找到 reviewer.py，且框架内置 Reviewer 尚未实现
[2026-05-18 15:11:12] [Coordinator] [WARNING] FillReview 第211章失败，重试(3/3)
[2026-05-18 15:11:12] [Coordinator] [ERROR] 未找到 reviewer.py，且框架内置 Reviewer 尚未实现
[2026-05-18 15:11:12] [Coordinator] [ERROR] 未找到 reviewer.py，且框架内置 Reviewer 尚未实现
[2026-05-18 15:11:12] [Coordinator] [WARNING] FillReview 第212章失败，重试(3/3)
[2026-05-18 15:11:12] [Coordinator] [WARNING] FillReview 第207章失败，重试(3/3)
[2026-05-18 15:11:12] [Coordinator] [WARNING] FillReview 第209章失败，重试(3/3)
[2026-05-18 15:11:12] [Coordinator] [ERROR] 未找到 reviewer.py，且框架内置 Reviewer 尚未实现
[2026-05-18 15:11:12] [Coordinator] [WARNING] FillReview 第214章失败，重试(3/3)
[2026-05-18 15:11:12] [Coordinator] [ERROR] 未找到 reviewer.py，且框架内置 Reviewer 尚未实现
[2026-05-18 15:11:12] [Coordinator] [ERROR] 未找到 reviewer.py，且框架内置 Reviewer 尚未实现
[2026-05-18 15:11:12] [Coordinator] [ERROR] 未找到 reviewer.py，且框架内置 Reviewer 尚未实现
[2026-05-18 15:11:12] [Coordinator] [WARNING] FillReview 第213章失败，重试(3/3)
[2026-05-18 15:11:12] [Coordinator] [WARNING] FillReview 第210章失败，重试(3/3)
[2026-05-18 15:11:12] [Coordinator] [ERROR] 未找到 reviewer.py，且框架内置 Reviewer 尚未实现
[2026-05-18 15:11:12] [Coordinator] [WARNING] FillReview 第218章失败，重试(3/3)
[2026-05-18 15:11:12] [Coordinator] [WARNING] FillReview 第216章失败，重试(3/3)
[2026-05-18 15:11:12] [Coordinator] [ERROR] 未找到 reviewer.py，且框架内置 Reviewer 尚未实现
[2026-05-18 15:11:12] [Coordinator] [ERROR] 未找到 reviewer.py，且框架内置 Reviewer 尚未实现
[2026-05-18 15:11:12] [Coordinator] [ERROR] 未找到 reviewer.py，且框架内置 Reviewer 尚未实现
[2026-05-18 15:11:12] [Coordinator] [WARNING] FillReview 第219章失败，重试(3/3)
[2026-05-18 15:11:12] [Coordinator] [WARNING] FillReview 第217章失败，重试(3/3)
[2026-05-18 15:11:12] [Coordinator] [ERROR] FillReview 第203章彻底失败
[2026-05-18 15:11:12] [Coordinator] [ERROR] 未找到 reviewer.py，且框架内置 Reviewer 尚未实现
[2026-05-18 15:11:12] [Coordinator] [ERROR] 未找到 reviewer.py，且框架内置 Reviewer 尚未实现
[2026-05-18 15:11:12] [Coordinator] [ERROR] 未找到 reviewer.py，且框架内置 Reviewer 尚未实现
[2026-05-18 15:11:12] [Coordinator] [WARNING] FillReview 第215章失败，重试(3/3)
[2026-05-18 15:11:12] [Coordinator] [ERROR] FillReview 第202章彻底失败
[2026-05-18 15:11:12] [Coordinator] [ERROR] 未找到 reviewer.py，且框架内置 Reviewer 尚未实现
[2026-05-18 15:11:12] [Coordinator] [WARNING] FillReview 第220章失败，重试(3/3)
[2026-05-18 15:11:12] [Coordinator] [ERROR] FillReview 第201章彻底失败
[2026-05-18 15:11:12] [Coordinator] [ERROR] 未找到 reviewer.py，且框架内置 Reviewer 尚未实现
[2026-05-18 15:11:12] [Coordinator] [ERROR] FillReview 第204章彻底失败
[2026-05-18 15:11:12] [Coordinator] [ERROR] 未找到 reviewer.py，且框架内置 Reviewer 尚未实现
[2026-05-18 15:11:12] [Coordinator] [ERROR] 未找到 reviewer.py，且框架内置 Reviewer 尚未实现
[2026-05-18 15:11:12] [Coordinator] [ERROR] FillReview 第206章彻底失败
[2026-05-18 15:11:12] [Coordinator] [ERROR] 未找到 reviewer.py，且框架内置 Reviewer 尚未实现
[2026-05-18 15:11:12] [Coordinator] [ERROR] 未找到 reviewer.py，且框架内置 Reviewer 尚未实现
[2026-05-18 15:11:12] [Coordinator] [ERROR] FillReview 第208章彻底失败
[2026-05-18 15:11:12] [Coordinator] [ERROR] FillReview 第205章彻底失败
[2026-05-18 15:11:12] [Coordinator] [ERROR] FillReview 第211章彻底失败
[2026-05-18 15:11:12] [Coordinator] [ERROR] 未找到 reviewer.py，且框架内置 Reviewer 尚未实现
[2026-05-18 15:11:12] [Coordinator] [ERROR] FillReview 第209章彻底失败
[2026-05-18 15:11:12] [Coordinator] [ERROR] 未找到 reviewer.py，且框架内置 Reviewer 尚未实现
[2026-05-18 15:11:12] [Coordinator] [ERROR] 未找到 reviewer.py，且框架内置 Reviewer 尚未实现
[2026-05-18 15:11:12] [Coordinator] [ERROR] FillReview 第207章彻底失败
[2026-05-18 15:11:12] [Coordinator] [ERROR] 未找到 reviewer.py，且框架内置 Reviewer 尚未实现
[2026-05-18 15:11:12] [Coordinator] [ERROR] 未找到 reviewer.py，且框架内置 Reviewer 尚未实现
[2026-05-18 15:11:12] [Coordinator] [ERROR] FillReview 第212章彻底失败
[2026-05-18 15:11:12] [Coordinator] [ERROR] 未找到 reviewer.py，且框架内置 Reviewer 尚未实现
[2026-05-18 15:11:12] [Coordinator] [ERROR] FillReview 第210章彻底失败
[2026-05-18 15:11:12] [Coordinator] [ERROR] FillReview 第213章彻底失败
[2026-05-18 15:11:12] [Coordinator] [ERROR] FillReview 第214章彻底失败
[2026-05-18 15:11:12] [Coordinator] [ERROR] 未找到 reviewer.py，且框架内置 Reviewer 尚未实现
[2026-05-18 15:11:12] [Coordinator] [ERROR] FillReview 第219章彻底失败
[2026-05-18 15:11:12] [Coordinator] [ERROR] 未找到 reviewer.py，且框架内置 Reviewer 尚未实现
[2026-05-18 15:11:12] [Coordinator] [ERROR] 未找到 reviewer.py，且框架内置 Reviewer 尚未实现
[2026-05-18 15:11:12] [Coordinator] [ERROR] FillReview 第218章彻底失败
[2026-05-18 15:11:12] [Coordinator] [ERROR] 未找到 reviewer.py，且框架内置 Reviewer 尚未实现
[2026-05-18 15:11:12] [Coordinator] [ERROR] 未找到 reviewer.py，且框架内置 Reviewer 尚未实现
[2026-05-18 15:11:12] [Coordinator] [ERROR] FillReview 第217章彻底失败
[2026-05-18 15:11:12] [Coordinator] [ERROR] FillReview 第216章彻底失败
[2026-05-18 15:11:12] [Coordinator] [ERROR] FillReview 第215章彻底失败
[2026-05-18 15:11:12] [Coordinator] [ERROR] 未找到 reviewer.py，且框架内置 Reviewer 尚未实现
[2026-05-18 15:11:12] [Coordinator] [ERROR] FillReview 第220章彻底失败
[2026-05-18 15:11:14] [Coordinator] [INFO] FillReview 批次完成: 成功 0 章, 失败 20 章
[2026-05-18 15:11:14] [Coordinator] [INFO] 已加入多媒体队列: 第201-220章 (队列长度 213)
[2026-05-18 15:11:14] [Coordinator] [INFO] 总结报告: 0/2000 章, 0 字, 平均评分 0.00, 需重写 0 章
[2026-05-18 15:11:17] [Coordinator] [INFO] ===== 开始第 221-240 章 =====
[2026-05-18 15:11:17] [Coordinator] [INFO] 工作队列: 20 个任务, 5 workers [Writer]
[2026-05-18 15:11:17] [Coordinator] [ERROR] 未找到 writer.py，且框架内置 Writer 尚未实现
[2026-05-18 15:11:17] [Coordinator] [WARNING] Writer 第221章失败，重试(1/3)
[2026-05-18 15:11:17] [Coordinator] [ERROR] 未找到 writer.py，且框架内置 Writer 尚未实现
[2026-05-18 15:11:17] [Coordinator] [WARNING] Writer 第223章失败，重试(1/3)
[2026-05-18 15:11:17] [Coordinator] [ERROR] 未找到 writer.py，且框架内置 Writer 尚未实现
[2026-05-18 15:11:17] [Coordinator] [ERROR] 未找到 writer.py，且框架内置 Writer 尚未实现
[2026-05-18 15:11:17] [Coordinator] [WARNING] Writer 第222章失败，重试(1/3)
[2026-05-18 15:11:17] [Coordinator] [ERROR] 未找到 writer.py，且框架内置 Writer 尚未实现
[2026-05-18 15:11:17] [Coordinator] [ERROR] 未找到 writer.py，且框架内置 Writer 尚未实现
[2026-05-18 15:11:17] [Coordinator] [WARNING] Writer 第225章失败，重试(1/3)
[2026-05-18 15:11:17] [Coordinator] [ERROR] 未找到 writer.py，且框架内置 Writer 尚未实现
[2026-05-18 15:11:17] [Coordinator] [WARNING] Writer 第226章失败，重试(1/3)
[2026-05-18 15:11:17] [Coordinator] [WARNING] Writer 第224章失败，重试(1/3)
[2026-05-18 15:11:17] [Coordinator] [WARNING] Writer 第227章失败，重试(1/3)
[2026-05-18 15:11:17] [Coordinator] [ERROR] 未找到 writer.py，且框架内置 Writer 尚未实现
[2026-05-18 15:11:17] [Coordinator] [ERROR] 未找到 writer.py，且框架内置 Writer 尚未实现
[2026-05-18 15:11:17] [Coordinator] [WARNING] Writer 第228章失败，重试(1/3)
[2026-05-18 15:11:17] [Coordinator] [ERROR] 未找到 writer.py，且框架内置 Writer 尚未实现
[2026-05-18 15:11:17] [Coordinator] [WARNING] Writer 第231章失败，重试(1/3)
[2026-05-18 15:11:17] [Coordinator] [WARNING] Writer 第229章失败，重试(1/3)
[2026-05-18 15:11:17] [Coordinator] [ERROR] 未找到 writer.py，且框架内置 Writer 尚未实现
[2026-05-18 15:11:17] [Coordinator] [WARNING] Writer 第230章失败，重试(1/3)
[2026-05-18 15:11:17] [Coordinator] [ERROR] 未找到 writer.py，且框架内置 Writer 尚未实现
[2026-05-18 15:11:17] [Coordinator] [WARNING] Writer 第232章失败，重试(1/3)
[2026-05-18 15:11:17] [Coordinator] [ERROR] 未找到 writer.py，且框架内置 Writer 尚未实现
[2026-05-18 15:11:17] [Coordinator] [ERROR] 未找到 writer.py，且框架内置 Writer 尚未实现
[2026-05-18 15:11:17] [Coordinator] [WARNING] Writer 第233章失败，重试(1/3)
[2026-05-18 15:11:17] [Coordinator] [ERROR] 未找到 writer.py，且框架内置 Writer 尚未实现
[2026-05-18 15:11:17] [Coordinator] [WARNING] Writer 第234章失败，重试(1/3)
[2026-05-18 15:11:17] [Coordinator] [WARNING] Writer 第235章失败，重试(1/3)
[2026-05-18 15:11:17] [Coordinator] [ERROR] 未找到 writer.py，且框架内置 Writer 尚未实现
[2026-05-18 15:11:17] [Coordinator] [WARNING] Writer 第236章失败，重试(1/3)
[2026-05-18 15:11:17] [Coordinator] [ERROR] 未找到 writer.py，且框架内置 Writer 尚未实现
[2026-05-18 15:11:17] [Coordinator] [WARNING] Writer 第237章失败，重试(1/3)
[2026-05-18 15:11:17] [Coordinator] [ERROR] 未找到 writer.py，且框架内置 Writer 尚未实现
[2026-05-18 15:11:17] [Coordinator] [ERROR] 未找到 writer.py，且框架内置 Writer 尚未实现
[2026-05-18 15:11:17] [Coordinator] [ERROR] 未找到 writer.py，且框架内置 Writer 尚未实现
[2026-05-18 15:11:17] [Coordinator] [ERROR] 未找到 writer.py，且框架内置 Writer 尚未实现
[2026-05-18 15:11:17] [Coordinator] [ERROR] 未找到 writer.py，且框架内置 Writer 尚未实现
[2026-05-18 15:11:17] [Coordinator] [WARNING] Writer 第240章失败，重试(1/3)
[2026-05-18 15:11:17] [Coordinator] [WARNING] Writer 第238章失败，重试(1/3)
[2026-05-18 15:11:17] [Coordinator] [WARNING] Writer 第221章失败，重试(2/3)
[2026-05-18 15:11:17] [Coordinator] [WARNING] Writer 第239章失败，重试(1/3)
[2026-05-18 15:11:17] [Coordinator] [WARNING] Writer 第223章失败，重试(2/3)
[2026-05-18 15:11:17] [Coordinator] [ERROR] 未找到 writer.py，且框架内置 Writer 尚未实现
[2026-05-18 15:11:17] [Coordinator] [ERROR] 未找到 writer.py，且框架内置 Writer 尚未实现
[2026-05-18 15:11:17] [Coordinator] [ERROR] 未找到 writer.py，且框架内置 Writer 尚未实现
[2026-05-18 15:11:17] [Coordinator] [ERROR] 未找到 writer.py，且框架内置 Writer 尚未实现
[2026-05-18 15:11:17] [Coordinator] [ERROR] 未找到 writer.py，且框架内置 Writer 尚未实现
[2026-05-18 15:11:17] [Coordinator] [WARNING] Writer 第225章失败，重试(2/3)
[2026-05-18 15:11:17] [Coordinator] [WARNING] Writer 第226章失败，重试(2/3)
[2026-05-18 15:11:17] [Coordinator] [WARNING] Writer 第222章失败，重试(2/3)
[2026-05-18 15:11:17] [Coordinator] [WARNING] Writer 第224章失败，重试(2/3)
[2026-05-18 15:11:17] [Coordinator] [WARNING] Writer 第227章失败，重试(2/3)
[2026-05-18 15:11:17] [Coordinator] [ERROR] 未找到 writer.py，且框架内置 Writer 尚未实现
[2026-05-18 15:11:17] [Coordinator] [ERROR] 未找到 writer.py，且框架内置 Writer 尚未实现
[2026-05-18 15:11:17] [Coordinator] [ERROR] 未找到 writer.py，且框架内置 Writer 尚未实现
[2026-05-18 15:11:17] [Coordinator] [ERROR] 未找到 writer.py，且框架内置 Writer 尚未实现
[2026-05-18 15:11:17] [Coordinator] [ERROR] 未找到 writer.py，且框架内置 Writer 尚未实现
[2026-05-18 15:11:17] [Coordinator] [WARNING] Writer 第228章失败，重试(2/3)
[2026-05-18 15:11:17] [Coordinator] [WARNING] Writer 第231章失败，重试(2/3)
[2026-05-18 15:11:17] [Coordinator] [WARNING] Writer 第229章失败，重试(2/3)
[2026-05-18 15:11:17] [Coordinator] [WARNING] Writer 第230章失败，重试(2/3)
[2026-05-18 15:11:17] [Coordinator] [WARNING] Writer 第232章失败，重试(2/3)
[2026-05-18 15:11:17] [Coordinator] [ERROR] 未找到 writer.py，且框架内置 Writer 尚未实现
[2026-05-18 15:11:17] [Coordinator] [ERROR] 未找到 writer.py，且框架内置 Writer 尚未实现
[2026-05-18 15:11:17] [Coordinator] [ERROR] 未找到 writer.py，且框架内置 Writer 尚未实现
[2026-05-18 15:11:17] [Coordinator] [ERROR] 未找到 writer.py，且框架内置 Writer 尚未实现
[2026-05-18 15:11:17] [Coordinator] [ERROR] 未找到 writer.py，且框架内置 Writer 尚未实现
[2026-05-18 15:11:17] [Coordinator] [WARNING] Writer 第233章失败，重试(2/3)
[2026-05-18 15:11:17] [Coordinator] [WARNING] Writer 第234章失败，重试(2/3)
[2026-05-18 15:11:17] [Coordinator] [WARNING] Writer 第235章失败，重试(2/3)
[2026-05-18 15:11:17] [Coordinator] [WARNING] Writer 第236章失败，重试(2/3)
[2026-05-18 15:11:17] [Coordinator] [WARNING] Writer 第237章失败，重试(2/3)
[2026-05-18 15:11:17] [Coordinator] [ERROR] 未找到 writer.py，且框架内置 Writer 尚未实现
[2026-05-18 15:11:17] [Coordinator] [ERROR] 未找到 writer.py，且框架内置 Writer 尚未实现
[2026-05-18 15:11:17] [Coordinator] [ERROR] 未找到 writer.py，且框架内置 Writer 尚未实现
[2026-05-18 15:11:17] [Coordinator] [ERROR] 未找到 writer.py，且框架内置 Writer 尚未实现
[2026-05-18 15:11:17] [Coordinator] [ERROR] 未找到 writer.py，且框架内置 Writer 尚未实现
[2026-05-18 15:11:17] [Coordinator] [WARNING] Writer 第240章失败，重试(2/3)
[2026-05-18 15:11:17] [Coordinator] [WARNING] Writer 第238章失败，重试(2/3)
[2026-05-18 15:11:17] [Coordinator] [WARNING] Writer 第221章失败，重试(3/3)
[2026-05-18 15:11:17] [Coordinator] [WARNING] Writer 第239章失败，重试(2/3)
[2026-05-18 15:11:17] [Coordinator] [WARNING] Writer 第223章失败，重试(3/3)
[2026-05-18 15:11:17] [Coordinator] [ERROR] 未找到 writer.py，且框架内置 Writer 尚未实现
[2026-05-18 15:11:17] [Coordinator] [ERROR] 未找到 writer.py，且框架内置 Writer 尚未实现
[2026-05-18 15:11:17] [Coordinator] [ERROR] 未找到 writer.py，且框架内置 Writer 尚未实现
[2026-05-18 15:11:17] [Coordinator] [ERROR] 未找到 writer.py，且框架内置 Writer 尚未实现
[2026-05-18 15:11:17] [Coordinator] [ERROR] 未找到 writer.py，且框架内置 Writer 尚未实现
[2026-05-18 15:11:17] [Coordinator] [WARNING] Writer 第226章失败，重试(3/3)
[2026-05-18 15:11:18] [Coordinator] [WARNING] Writer 第222章失败，重试(3/3)
[2026-05-18 15:11:18] [Coordinator] [WARNING] Writer 第225章失败，重试(3/3)
[2026-05-18 15:11:18] [Coordinator] [WARNING] Writer 第224章失败，重试(3/3)
[2026-05-18 15:11:18] [Coordinator] [WARNING] Writer 第227章失败，重试(3/3)
[2026-05-18 15:11:18] [Coordinator] [ERROR] 未找到 writer.py，且框架内置 Writer 尚未实现
[2026-05-18 15:11:18] [Coordinator] [ERROR] 未找到 writer.py，且框架内置 Writer 尚未实现
[2026-05-18 15:11:18] [Coordinator] [ERROR] 未找到 writer.py，且框架内置 Writer 尚未实现
[2026-05-18 15:11:18] [Coordinator] [ERROR] 未找到 writer.py，且框架内置 Writer 尚未实现
[2026-05-18 15:11:18] [Coordinator] [ERROR] 未找到 writer.py，且框架内置 Writer 尚未实现
[2026-05-18 15:11:18] [Coordinator] [WARNING] Writer 第228章失败，重试(3/3)
[2026-05-18 15:11:18] [Coordinator] [WARNING] Writer 第231章失败，重试(3/3)
[2026-05-18 15:11:18] [Coordinator] [WARNING] Writer 第229章失败，重试(3/3)
[2026-05-18 15:11:18] [Coordinator] [WARNING] Writer 第230章失败，重试(3/3)
[2026-05-18 15:11:18] [Coordinator] [WARNING] Writer 第232章失败，重试(3/3)
[2026-05-18 15:11:18] [Coordinator] [ERROR] 未找到 writer.py，且框架内置 Writer 尚未实现
[2026-05-18 15:11:18] [Coordinator] [ERROR] 未找到 writer.py，且框架内置 Writer 尚未实现
[2026-05-18 15:11:18] [Coordinator] [ERROR] 未找到 writer.py，且框架内置 Writer 尚未实现
[2026-05-18 15:11:18] [Coordinator] [ERROR] 未找到 writer.py，且框架内置 Writer 尚未实现
[2026-05-18 15:11:18] [Coordinator] [ERROR] 未找到 writer.py，且框架内置 Writer 尚未实现
[2026-05-18 15:11:18] [Coordinator] [WARNING] Writer 第234章失败，重试(3/3)
[2026-05-18 15:11:18] [Coordinator] [WARNING] Writer 第233章失败，重试(3/3)
[2026-05-18 15:11:18] [Coordinator] [WARNING] Writer 第235章失败，重试(3/3)
[2026-05-18 15:11:18] [Coordinator] [WARNING] Writer 第236章失败，重试(3/3)
[2026-05-18 15:11:18] [Coordinator] [WARNING] Writer 第237章失败，重试(3/3)
[2026-05-18 15:11:18] [Coordinator] [ERROR] 未找到 writer.py，且框架内置 Writer 尚未实现
[2026-05-18 15:11:18] [Coordinator] [ERROR] 未找到 writer.py，且框架内置 Writer 尚未实现
[2026-05-18 15:11:18] [Coordinator] [ERROR] 未找到 writer.py，且框架内置 Writer 尚未实现
[2026-05-18 15:11:18] [Coordinator] [ERROR] 未找到 writer.py，且框架内置 Writer 尚未实现
[2026-05-18 15:11:18] [Coordinator] [ERROR] 未找到 writer.py，且框架内置 Writer 尚未实现
[2026-05-18 15:11:18] [Coordinator] [WARNING] Writer 第238章失败，重试(3/3)
[2026-05-18 15:11:18] [Coordinator] [WARNING] Writer 第240章失败，重试(3/3)
[2026-05-18 15:11:18] [Coordinator] [ERROR] Writer 第221章彻底失败
[2026-05-18 15:11:18] [Coordinator] [WARNING] Writer 第239章失败，重试(3/3)
[2026-05-18 15:11:18] [Coordinator] [ERROR] Writer 第223章彻底失败
[2026-05-18 15:11:18] [Coordinator] [ERROR] 未找到 writer.py，且框架内置 Writer 尚未实现
[2026-05-18 15:11:18] [Coordinator] [ERROR] 未找到 writer.py，且框架内置 Writer 尚未实现
[2026-05-18 15:11:18] [Coordinator] [ERROR] 未找到 writer.py，且框架内置 Writer 尚未实现
[2026-05-18 15:11:18] [Coordinator] [ERROR] 未找到 writer.py，且框架内置 Writer 尚未实现
[2026-05-18 15:11:18] [Coordinator] [ERROR] 未找到 writer.py，且框架内置 Writer 尚未实现
[2026-05-18 15:11:18] [Coordinator] [ERROR] Writer 第226章彻底失败
[2026-05-18 15:11:18] [Coordinator] [ERROR] Writer 第222章彻底失败
[2026-05-18 15:11:18] [Coordinator] [ERROR] Writer 第225章彻底失败
[2026-05-18 15:11:18] [Coordinator] [ERROR] Writer 第224章彻底失败
[2026-05-18 15:11:18] [Coordinator] [ERROR] Writer 第227章彻底失败
[2026-05-18 15:11:18] [Coordinator] [ERROR] 未找到 writer.py，且框架内置 Writer 尚未实现
[2026-05-18 15:11:18] [Coordinator] [ERROR] 未找到 writer.py，且框架内置 Writer 尚未实现
[2026-05-18 15:11:18] [Coordinator] [ERROR] 未找到 writer.py，且框架内置 Writer 尚未实现
[2026-05-18 15:11:18] [Coordinator] [ERROR] 未找到 writer.py，且框架内置 Writer 尚未实现
[2026-05-18 15:11:18] [Coordinator] [ERROR] 未找到 writer.py，且框架内置 Writer 尚未实现
[2026-05-18 15:11:18] [Coordinator] [ERROR] Writer 第231章彻底失败
[2026-05-18 15:11:18] [Coordinator] [ERROR] Writer 第228章彻底失败
[2026-05-18 15:11:18] [Coordinator] [ERROR] Writer 第230章彻底失败
[2026-05-18 15:11:18] [Coordinator] [ERROR] Writer 第229章彻底失败
[2026-05-18 15:11:18] [Coordinator] [ERROR] Writer 第232章彻底失败
[2026-05-18 15:11:18] [Coordinator] [ERROR] 未找到 writer.py，且框架内置 Writer 尚未实现
[2026-05-18 15:11:18] [Coordinator] [ERROR] 未找到 writer.py，且框架内置 Writer 尚未实现
[2026-05-18 15:11:18] [Coordinator] [ERROR] 未找到 writer.py，且框架内置 Writer 尚未实现
[2026-05-18 15:11:18] [Coordinator] [ERROR] 未找到 writer.py，且框架内置 Writer 尚未实现
[2026-05-18 15:11:18] [Coordinator] [ERROR] 未找到 writer.py，且框架内置 Writer 尚未实现
[2026-05-18 15:11:18] [Coordinator] [ERROR] Writer 第234章彻底失败
[2026-05-18 15:11:18] [Coordinator] [ERROR] Writer 第233章彻底失败
[2026-05-18 15:11:18] [Coordinator] [ERROR] Writer 第235章彻底失败
[2026-05-18 15:11:18] [Coordinator] [ERROR] Writer 第236章彻底失败
[2026-05-18 15:11:18] [Coordinator] [ERROR] Writer 第237章彻底失败
[2026-05-18 15:11:18] [Coordinator] [ERROR] 未找到 writer.py，且框架内置 Writer 尚未实现
[2026-05-18 15:11:18] [Coordinator] [ERROR] 未找到 writer.py，且框架内置 Writer 尚未实现
[2026-05-18 15:11:18] [Coordinator] [ERROR] Writer 第239章彻底失败
[2026-05-18 15:11:18] [Coordinator] [ERROR] 未找到 writer.py，且框架内置 Writer 尚未实现
[2026-05-18 15:11:18] [Coordinator] [ERROR] Writer 第240章彻底失败
[2026-05-18 15:11:18] [Coordinator] [ERROR] Writer 第238章彻底失败
[2026-05-18 15:11:20] [Coordinator] [INFO] Writer 批次完成: 成功 0 章, 失败 20 章
[2026-05-18 15:11:20] [Coordinator] [WARNING] Writer 失败: [221, 223, 226, 222, 225, 224, 227, 231, 228, 230, 229, 232, 234, 233, 235, 236, 237, 238, 239, 240]
[2026-05-18 15:11:20] [Coordinator] [INFO] 工作队列: 20 个任务, 5 workers [Reviewer]
[2026-05-18 15:11:20] [Coordinator] [ERROR] 未找到 reviewer.py，且框架内置 Reviewer 尚未实现
[2026-05-18 15:11:20] [Coordinator] [WARNING] Reviewer 第221章失败，重试(1/3)
[2026-05-18 15:11:20] [Coordinator] [ERROR] 未找到 reviewer.py，且框架内置 Reviewer 尚未实现
[2026-05-18 15:11:20] [Coordinator] [ERROR] 未找到 reviewer.py，且框架内置 Reviewer 尚未实现
[2026-05-18 15:11:20] [Coordinator] [ERROR] 未找到 reviewer.py，且框架内置 Reviewer 尚未实现
[2026-05-18 15:11:20] [Coordinator] [ERROR] 未找到 reviewer.py，且框架内置 Reviewer 尚未实现
[2026-05-18 15:11:20] [Coordinator] [ERROR] 未找到 reviewer.py，且框架内置 Reviewer 尚未实现
[2026-05-18 15:11:20] [Coordinator] [WARNING] Reviewer 第223章失败，重试(1/3)
[2026-05-18 15:11:20] [Coordinator] [WARNING] Reviewer 第222章失败，重试(1/3)
[2026-05-18 15:11:20] [Coordinator] [WARNING] Reviewer 第224章失败，重试(1/3)
[2026-05-18 15:11:20] [Coordinator] [WARNING] Reviewer 第225章失败，重试(1/3)
[2026-05-18 15:11:20] [Coordinator] [WARNING] Reviewer 第226章失败，重试(1/3)
[2026-05-18 15:11:20] [Coordinator] [ERROR] 未找到 reviewer.py，且框架内置 Reviewer 尚未实现
[2026-05-18 15:11:20] [Coordinator] [ERROR] 未找到 reviewer.py，且框架内置 Reviewer 尚未实现
[2026-05-18 15:11:20] [Coordinator] [ERROR] 未找到 reviewer.py，且框架内置 Reviewer 尚未实现
[2026-05-18 15:11:20] [Coordinator] [ERROR] 未找到 reviewer.py，且框架内置 Reviewer 尚未实现
[2026-05-18 15:11:20] [Coordinator] [WARNING] Reviewer 第227章失败，重试(1/3)
[2026-05-18 15:11:20] [Coordinator] [WARNING] Reviewer 第228章失败，重试(1/3)
[2026-05-18 15:11:20] [Coordinator] [ERROR] 未找到 reviewer.py，且框架内置 Reviewer 尚未实现
[2026-05-18 15:11:20] [Coordinator] [WARNING] Reviewer 第229章失败，重试(1/3)
[2026-05-18 15:11:20] [Coordinator] [WARNING] Reviewer 第231章失败，重试(1/3)
[2026-05-18 15:11:20] [Coordinator] [ERROR] 未找到 reviewer.py，且框架内置 Reviewer 尚未实现
[2026-05-18 15:11:20] [Coordinator] [ERROR] 未找到 reviewer.py，且框架内置 Reviewer 尚未实现
[2026-05-18 15:11:20] [Coordinator] [WARNING] Reviewer 第230章失败，重试(1/3)
[2026-05-18 15:11:20] [Coordinator] [ERROR] 未找到 reviewer.py，且框架内置 Reviewer 尚未实现
[2026-05-18 15:11:20] [Coordinator] [ERROR] 未找到 reviewer.py，且框架内置 Reviewer 尚未实现
[2026-05-18 15:11:20] [Coordinator] [WARNING] Reviewer 第232章失败，重试(1/3)
[2026-05-18 15:11:20] [Coordinator] [WARNING] Reviewer 第233章失败，重试(1/3)
[2026-05-18 15:11:20] [Coordinator] [ERROR] 未找到 reviewer.py，且框架内置 Reviewer 尚未实现
[2026-05-18 15:11:20] [Coordinator] [WARNING] Reviewer 第234章失败，重试(1/3)
[2026-05-18 15:11:20] [Coordinator] [WARNING] Reviewer 第235章失败，重试(1/3)
[2026-05-18 15:11:20] [Coordinator] [ERROR] 未找到 reviewer.py，且框架内置 Reviewer 尚未实现
[2026-05-18 15:11:20] [Coordinator] [ERROR] 未找到 reviewer.py，且框架内置 Reviewer 尚未实现
[2026-05-18 15:11:20] [Coordinator] [WARNING] Reviewer 第236章失败，重试(1/3)
[2026-05-18 15:11:20] [Coordinator] [ERROR] 未找到 reviewer.py，且框架内置 Reviewer 尚未实现
[2026-05-18 15:11:20] [Coordinator] [ERROR] 未找到 reviewer.py，且框架内置 Reviewer 尚未实现
[2026-05-18 15:11:20] [Coordinator] [WARNING] Reviewer 第237章失败，重试(1/3)
[2026-05-18 15:11:20] [Coordinator] [WARNING] Reviewer 第238章失败，重试(1/3)
[2026-05-18 15:11:20] [Coordinator] [ERROR] 未找到 reviewer.py，且框架内置 Reviewer 尚未实现
[2026-05-18 15:11:20] [Coordinator] [WARNING] Reviewer 第239章失败，重试(1/3)
[2026-05-18 15:11:20] [Coordinator] [WARNING] Reviewer 第240章失败，重试(1/3)
[2026-05-18 15:11:20] [Coordinator] [ERROR] 未找到 reviewer.py，且框架内置 Reviewer 尚未实现
[2026-05-18 15:11:20] [Coordinator] [ERROR] 未找到 reviewer.py，且框架内置 Reviewer 尚未实现
[2026-05-18 15:11:20] [Coordinator] [WARNING] Reviewer 第221章失败，重试(2/3)
[2026-05-18 15:11:20] [Coordinator] [ERROR] 未找到 reviewer.py，且框架内置 Reviewer 尚未实现
[2026-05-18 15:11:20] [Coordinator] [ERROR] 未找到 reviewer.py，且框架内置 Reviewer 尚未实现
[2026-05-18 15:11:20] [Coordinator] [WARNING] Reviewer 第223章失败，重试(2/3)
[2026-05-18 15:11:20] [Coordinator] [WARNING] Reviewer 第222章失败，重试(2/3)
[2026-05-18 15:11:20] [Coordinator] [ERROR] 未找到 reviewer.py，且框架内置 Reviewer 尚未实现
[2026-05-18 15:11:20] [Coordinator] [WARNING] Reviewer 第224章失败，重试(2/3)
[2026-05-18 15:11:20] [Coordinator] [WARNING] Reviewer 第225章失败，重试(2/3)
[2026-05-18 15:11:20] [Coordinator] [ERROR] 未找到 reviewer.py，且框架内置 Reviewer 尚未实现
[2026-05-18 15:11:20] [Coordinator] [ERROR] 未找到 reviewer.py，且框架内置 Reviewer 尚未实现
[2026-05-18 15:11:20] [Coordinator] [WARNING] Reviewer 第226章失败，重试(2/3)
[2026-05-18 15:11:20] [Coordinator] [ERROR] 未找到 reviewer.py，且框架内置 Reviewer 尚未实现
[2026-05-18 15:11:20] [Coordinator] [ERROR] 未找到 reviewer.py，且框架内置 Reviewer 尚未实现
[2026-05-18 15:11:20] [Coordinator] [WARNING] Reviewer 第227章失败，重试(2/3)
[2026-05-18 15:11:20] [Coordinator] [WARNING] Reviewer 第228章失败，重试(2/3)
[2026-05-18 15:11:20] [Coordinator] [ERROR] 未找到 reviewer.py，且框架内置 Reviewer 尚未实现
[2026-05-18 15:11:20] [Coordinator] [WARNING] Reviewer 第229章失败，重试(2/3)
[2026-05-18 15:11:20] [Coordinator] [WARNING] Reviewer 第231章失败，重试(2/3)
[2026-05-18 15:11:20] [Coordinator] [ERROR] 未找到 reviewer.py，且框架内置 Reviewer 尚未实现
[2026-05-18 15:11:20] [Coordinator] [ERROR] 未找到 reviewer.py，且框架内置 Reviewer 尚未实现
[2026-05-18 15:11:20] [Coordinator] [WARNING] Reviewer 第230章失败，重试(2/3)
[2026-05-18 15:11:20] [Coordinator] [ERROR] 未找到 reviewer.py，且框架内置 Reviewer 尚未实现
[2026-05-18 15:11:20] [Coordinator] [ERROR] 未找到 reviewer.py，且框架内置 Reviewer 尚未实现
[2026-05-18 15:11:20] [Coordinator] [WARNING] Reviewer 第232章失败，重试(2/3)
[2026-05-18 15:11:20] [Coordinator] [WARNING] Reviewer 第233章失败，重试(2/3)
[2026-05-18 15:11:20] [Coordinator] [ERROR] 未找到 reviewer.py，且框架内置 Reviewer 尚未实现
[2026-05-18 15:11:20] [Coordinator] [WARNING] Reviewer 第234章失败，重试(2/3)
[2026-05-18 15:11:20] [Coordinator] [WARNING] Reviewer 第235章失败，重试(2/3)
[2026-05-18 15:11:20] [Coordinator] [ERROR] 未找到 reviewer.py，且框架内置 Reviewer 尚未实现
[2026-05-18 15:11:20] [Coordinator] [ERROR] 未找到 reviewer.py，且框架内置 Reviewer 尚未实现
[2026-05-18 15:11:20] [Coordinator] [WARNING] Reviewer 第236章失败，重试(2/3)
[2026-05-18 15:11:20] [Coordinator] [ERROR] 未找到 reviewer.py，且框架内置 Reviewer 尚未实现
[2026-05-18 15:11:20] [Coordinator] [ERROR] 未找到 reviewer.py，且框架内置 Reviewer 尚未实现
[2026-05-18 15:11:20] [Coordinator] [WARNING] Reviewer 第237章失败，重试(2/3)
[2026-05-18 15:11:20] [Coordinator] [WARNING] Reviewer 第238章失败，重试(2/3)
[2026-05-18 15:11:20] [Coordinator] [ERROR] 未找到 reviewer.py，且框架内置 Reviewer 尚未实现
[2026-05-18 15:11:20] [Coordinator] [WARNING] Reviewer 第239章失败，重试(2/3)
[2026-05-18 15:11:20] [Coordinator] [WARNING] Reviewer 第240章失败，重试(2/3)
[2026-05-18 15:11:20] [Coordinator] [ERROR] 未找到 reviewer.py，且框架内置 Reviewer 尚未实现
[2026-05-18 15:11:20] [Coordinator] [ERROR] 未找到 reviewer.py，且框架内置 Reviewer 尚未实现
[2026-05-18 15:11:20] [Coordinator] [WARNING] Reviewer 第221章失败，重试(3/3)
[2026-05-18 15:11:20] [Coordinator] [ERROR] 未找到 reviewer.py，且框架内置 Reviewer 尚未实现
[2026-05-18 15:11:20] [Coordinator] [ERROR] 未找到 reviewer.py，且框架内置 Reviewer 尚未实现
[2026-05-18 15:11:20] [Coordinator] [WARNING] Reviewer 第223章失败，重试(3/3)
[2026-05-18 15:11:20] [Coordinator] [WARNING] Reviewer 第222章失败，重试(3/3)
[2026-05-18 15:11:20] [Coordinator] [ERROR] 未找到 reviewer.py，且框架内置 Reviewer 尚未实现
[2026-05-18 15:11:20] [Coordinator] [WARNING] Reviewer 第224章失败，重试(3/3)
[2026-05-18 15:11:20] [Coordinator] [WARNING] Reviewer 第225章失败，重试(3/3)
[2026-05-18 15:11:20] [Coordinator] [ERROR] 未找到 reviewer.py，且框架内置 Reviewer 尚未实现
[2026-05-18 15:11:20] [Coordinator] [ERROR] 未找到 reviewer.py，且框架内置 Reviewer 尚未实现
[2026-05-18 15:11:20] [Coordinator] [WARNING] Reviewer 第226章失败，重试(3/3)
[2026-05-18 15:11:20] [Coordinator] [ERROR] 未找到 reviewer.py，且框架内置 Reviewer 尚未实现
[2026-05-18 15:11:20] [Coordinator] [ERROR] 未找到 reviewer.py，且框架内置 Reviewer 尚未实现
[2026-05-18 15:11:20] [Coordinator] [WARNING] Reviewer 第227章失败，重试(3/3)
[2026-05-18 15:11:20] [Coordinator] [WARNING] Reviewer 第228章失败，重试(3/3)
[2026-05-18 15:11:20] [Coordinator] [ERROR] 未找到 reviewer.py，且框架内置 Reviewer 尚未实现
[2026-05-18 15:11:20] [Coordinator] [WARNING] Reviewer 第229章失败，重试(3/3)
[2026-05-18 15:11:20] [Coordinator] [WARNING] Reviewer 第231章失败，重试(3/3)
[2026-05-18 15:11:20] [Coordinator] [ERROR] 未找到 reviewer.py，且框架内置 Reviewer 尚未实现
[2026-05-18 15:11:20] [Coordinator] [ERROR] 未找到 reviewer.py，且框架内置 Reviewer 尚未实现
[2026-05-18 15:11:20] [Coordinator] [WARNING] Reviewer 第230章失败，重试(3/3)
[2026-05-18 15:11:20] [Coordinator] [ERROR] 未找到 reviewer.py，且框架内置 Reviewer 尚未实现
[2026-05-18 15:11:20] [Coordinator] [ERROR] 未找到 reviewer.py，且框架内置 Reviewer 尚未实现
[2026-05-18 15:11:20] [Coordinator] [WARNING] Reviewer 第232章失败，重试(3/3)
[2026-05-18 15:11:20] [Coordinator] [WARNING] Reviewer 第233章失败，重试(3/3)
[2026-05-18 15:11:20] [Coordinator] [ERROR] 未找到 reviewer.py，且框架内置 Reviewer 尚未实现
[2026-05-18 15:11:20] [Coordinator] [WARNING] Reviewer 第234章失败，重试(3/3)
[2026-05-18 15:11:20] [Coordinator] [WARNING] Reviewer 第235章失败，重试(3/3)
[2026-05-18 15:11:20] [Coordinator] [ERROR] 未找到 reviewer.py，且框架内置 Reviewer 尚未实现
[2026-05-18 15:11:20] [Coordinator] [ERROR] 未找到 reviewer.py，且框架内置 Reviewer 尚未实现
[2026-05-18 15:11:20] [Coordinator] [WARNING] Reviewer 第236章失败，重试(3/3)
[2026-05-18 15:11:20] [Coordinator] [ERROR] 未找到 reviewer.py，且框架内置 Reviewer 尚未实现
[2026-05-18 15:11:20] [Coordinator] [ERROR] 未找到 reviewer.py，且框架内置 Reviewer 尚未实现
[2026-05-18 15:11:20] [Coordinator] [WARNING] Reviewer 第237章失败，重试(3/3)
[2026-05-18 15:11:20] [Coordinator] [WARNING] Reviewer 第238章失败，重试(3/3)
[2026-05-18 15:11:20] [Coordinator] [ERROR] 未找到 reviewer.py，且框架内置 Reviewer 尚未实现
[2026-05-18 15:11:20] [Coordinator] [WARNING] Reviewer 第239章失败，重试(3/3)
[2026-05-18 15:11:20] [Coordinator] [WARNING] Reviewer 第240章失败，重试(3/3)
[2026-05-18 15:11:20] [Coordinator] [ERROR] 未找到 reviewer.py，且框架内置 Reviewer 尚未实现
[2026-05-18 15:11:20] [Coordinator] [ERROR] 未找到 reviewer.py，且框架内置 Reviewer 尚未实现
[2026-05-18 15:11:20] [Coordinator] [ERROR] Reviewer 第221章彻底失败
[2026-05-18 15:11:20] [Coordinator] [ERROR] 未找到 reviewer.py，且框架内置 Reviewer 尚未实现
[2026-05-18 15:11:20] [Coordinator] [ERROR] 未找到 reviewer.py，且框架内置 Reviewer 尚未实现
[2026-05-18 15:11:20] [Coordinator] [ERROR] Reviewer 第223章彻底失败
[2026-05-18 15:11:20] [Coordinator] [ERROR] Reviewer 第222章彻底失败
[2026-05-18 15:11:20] [Coordinator] [ERROR] 未找到 reviewer.py，且框架内置 Reviewer 尚未实现
[2026-05-18 15:11:20] [Coordinator] [ERROR] Reviewer 第224章彻底失败
[2026-05-18 15:11:20] [Coordinator] [ERROR] Reviewer 第225章彻底失败
[2026-05-18 15:11:20] [Coordinator] [ERROR] 未找到 reviewer.py，且框架内置 Reviewer 尚未实现
[2026-05-18 15:11:20] [Coordinator] [ERROR] 未找到 reviewer.py，且框架内置 Reviewer 尚未实现
[2026-05-18 15:11:20] [Coordinator] [ERROR] Reviewer 第226章彻底失败
[2026-05-18 15:11:20] [Coordinator] [ERROR] 未找到 reviewer.py，且框架内置 Reviewer 尚未实现
[2026-05-18 15:11:20] [Coordinator] [ERROR] 未找到 reviewer.py，且框架内置 Reviewer 尚未实现
[2026-05-18 15:11:20] [Coordinator] [ERROR] Reviewer 第227章彻底失败
[2026-05-18 15:11:20] [Coordinator] [ERROR] Reviewer 第228章彻底失败
[2026-05-18 15:11:20] [Coordinator] [ERROR] 未找到 reviewer.py，且框架内置 Reviewer 尚未实现
[2026-05-18 15:11:20] [Coordinator] [ERROR] Reviewer 第229章彻底失败
[2026-05-18 15:11:20] [Coordinator] [ERROR] Reviewer 第231章彻底失败
[2026-05-18 15:11:20] [Coordinator] [ERROR] 未找到 reviewer.py，且框架内置 Reviewer 尚未实现
[2026-05-18 15:11:20] [Coordinator] [ERROR] 未找到 reviewer.py，且框架内置 Reviewer 尚未实现
[2026-05-18 15:11:20] [Coordinator] [ERROR] Reviewer 第230章彻底失败
[2026-05-18 15:11:20] [Coordinator] [ERROR] 未找到 reviewer.py，且框架内置 Reviewer 尚未实现
[2026-05-18 15:11:20] [Coordinator] [ERROR] 未找到 reviewer.py，且框架内置 Reviewer 尚未实现
[2026-05-18 15:11:20] [Coordinator] [ERROR] Reviewer 第232章彻底失败
[2026-05-18 15:11:20] [Coordinator] [ERROR] Reviewer 第233章彻底失败
[2026-05-18 15:11:20] [Coordinator] [ERROR] 未找到 reviewer.py，且框架内置 Reviewer 尚未实现
[2026-05-18 15:11:20] [Coordinator] [ERROR] Reviewer 第234章彻底失败
[2026-05-18 15:11:20] [Coordinator] [ERROR] Reviewer 第235章彻底失败
[2026-05-18 15:11:20] [Coordinator] [ERROR] 未找到 reviewer.py，且框架内置 Reviewer 尚未实现
[2026-05-18 15:11:20] [Coordinator] [ERROR] 未找到 reviewer.py，且框架内置 Reviewer 尚未实现
[2026-05-18 15:11:20] [Coordinator] [ERROR] Reviewer 第236章彻底失败
[2026-05-18 15:11:20] [Coordinator] [ERROR] 未找到 reviewer.py，且框架内置 Reviewer 尚未实现
[2026-05-18 15:11:20] [Coordinator] [ERROR] 未找到 reviewer.py，且框架内置 Reviewer 尚未实现
[2026-05-18 15:11:20] [Coordinator] [ERROR] Reviewer 第237章彻底失败
[2026-05-18 15:11:20] [Coordinator] [ERROR] Reviewer 第238章彻底失败
[2026-05-18 15:11:20] [Coordinator] [ERROR] Reviewer 第239章彻底失败
[2026-05-18 15:11:20] [Coordinator] [ERROR] Reviewer 第240章彻底失败
[2026-05-18 15:11:22] [Coordinator] [INFO] Reviewer 批次完成: 成功 0 章, 失败 20 章
[2026-05-18 15:11:22] [Coordinator] [WARNING] Reviewer 失败: [221, 223, 222, 224, 225, 226, 227, 228, 229, 231, 230, 232, 233, 234, 235, 236, 237, 238, 239, 240]
[2026-05-18 15:11:22] [Coordinator] [INFO] 检测到 20 章草稿缺失，开始补全...
[2026-05-18 15:11:22] [Coordinator] [INFO] 工作队列: 20 个任务, 3 workers [FillDraft]
[2026-05-18 15:11:22] [Coordinator] [ERROR] 未找到 writer.py，且框架内置 Writer 尚未实现
[2026-05-18 15:11:22] [Coordinator] [WARNING] FillDraft 第221章失败，重试(1/3)
[2026-05-18 15:11:22] [Coordinator] [ERROR] 未找到 writer.py，且框架内置 Writer 尚未实现
[2026-05-18 15:11:22] [Coordinator] [WARNING] FillDraft 第223章失败，重试(1/3)
[2026-05-18 15:11:22] [Coordinator] [ERROR] 未找到 writer.py，且框架内置 Writer 尚未实现
[2026-05-18 15:11:22] [Coordinator] [ERROR] 未找到 writer.py，且框架内置 Writer 尚未实现
[2026-05-18 15:11:22] [Coordinator] [WARNING] FillDraft 第222章失败，重试(1/3)
[2026-05-18 15:11:22] [Coordinator] [WARNING] FillDraft 第224章失败，重试(1/3)
[2026-05-18 15:11:22] [Coordinator] [ERROR] 未找到 writer.py，且框架内置 Writer 尚未实现
[2026-05-18 15:11:22] [Coordinator] [WARNING] FillDraft 第225章失败，重试(1/3)
[2026-05-18 15:11:22] [Coordinator] [ERROR] 未找到 writer.py，且框架内置 Writer 尚未实现
[2026-05-18 15:11:22] [Coordinator] [WARNING] FillDraft 第227章失败，重试(1/3)
[2026-05-18 15:11:22] [Coordinator] [ERROR] 未找到 writer.py，且框架内置 Writer 尚未实现
[2026-05-18 15:11:22] [Coordinator] [ERROR] 未找到 writer.py，且框架内置 Writer 尚未实现
[2026-05-18 15:11:22] [Coordinator] [WARNING] FillDraft 第226章失败，重试(1/3)
[2026-05-18 15:11:22] [Coordinator] [WARNING] FillDraft 第228章失败，重试(1/3)
[2026-05-18 15:11:22] [Coordinator] [ERROR] 未找到 writer.py，且框架内置 Writer 尚未实现
[2026-05-18 15:11:22] [Coordinator] [WARNING] FillDraft 第229章失败，重试(1/3)
[2026-05-18 15:11:22] [Coordinator] [ERROR] 未找到 writer.py，且框架内置 Writer 尚未实现
[2026-05-18 15:11:22] [Coordinator] [WARNING] FillDraft 第231章失败，重试(1/3)
[2026-05-18 15:11:22] [Coordinator] [ERROR] 未找到 writer.py，且框架内置 Writer 尚未实现
[2026-05-18 15:11:22] [Coordinator] [ERROR] 未找到 writer.py，且框架内置 Writer 尚未实现
[2026-05-18 15:11:22] [Coordinator] [WARNING] FillDraft 第230章失败，重试(1/3)
[2026-05-18 15:11:22] [Coordinator] [WARNING] FillDraft 第232章失败，重试(1/3)
[2026-05-18 15:11:22] [Coordinator] [ERROR] 未找到 writer.py，且框架内置 Writer 尚未实现
[2026-05-18 15:11:22] [Coordinator] [WARNING] FillDraft 第233章失败，重试(1/3)
[2026-05-18 15:11:22] [Coordinator] [ERROR] 未找到 writer.py，且框架内置 Writer 尚未实现
[2026-05-18 15:11:22] [Coordinator] [WARNING] FillDraft 第235章失败，重试(1/3)
[2026-05-18 15:11:22] [Coordinator] [ERROR] 未找到 writer.py，且框架内置 Writer 尚未实现
[2026-05-18 15:11:22] [Coordinator] [ERROR] 未找到 writer.py，且框架内置 Writer 尚未实现
[2026-05-18 15:11:22] [Coordinator] [WARNING] FillDraft 第234章失败，重试(1/3)
[2026-05-18 15:11:22] [Coordinator] [WARNING] FillDraft 第236章失败，重试(1/3)
[2026-05-18 15:11:22] [Coordinator] [ERROR] 未找到 writer.py，且框架内置 Writer 尚未实现
[2026-05-18 15:11:22] [Coordinator] [WARNING] FillDraft 第237章失败，重试(1/3)
[2026-05-18 15:11:22] [Coordinator] [ERROR] 未找到 writer.py，且框架内置 Writer 尚未实现
[2026-05-18 15:11:22] [Coordinator] [WARNING] FillDraft 第239章失败，重试(1/3)
[2026-05-18 15:11:22] [Coordinator] [ERROR] 未找到 writer.py，且框架内置 Writer 尚未实现
[2026-05-18 15:11:22] [Coordinator] [ERROR] 未找到 writer.py，且框架内置 Writer 尚未实现
[2026-05-18 15:11:22] [Coordinator] [WARNING] FillDraft 第238章失败，重试(1/3)
[2026-05-18 15:11:22] [Coordinator] [WARNING] FillDraft 第240章失败，重试(1/3)
[2026-05-18 15:11:22] [Coordinator] [ERROR] 未找到 writer.py，且框架内置 Writer 尚未实现
[2026-05-18 15:11:22] [Coordinator] [WARNING] FillDraft 第221章失败，重试(2/3)
[2026-05-18 15:11:22] [Coordinator] [ERROR] 未找到 writer.py，且框架内置 Writer 尚未实现
[2026-05-18 15:11:22] [Coordinator] [WARNING] FillDraft 第222章失败，重试(2/3)
[2026-05-18 15:11:22] [Coordinator] [ERROR] 未找到 writer.py，且框架内置 Writer 尚未实现
[2026-05-18 15:11:22] [Coordinator] [ERROR] 未找到 writer.py，且框架内置 Writer 尚未实现
[2026-05-18 15:11:22] [Coordinator] [WARNING] FillDraft 第223章失败，重试(2/3)
[2026-05-18 15:11:22] [Coordinator] [WARNING] FillDraft 第224章失败，重试(2/3)
[2026-05-18 15:11:22] [Coordinator] [ERROR] 未找到 writer.py，且框架内置 Writer 尚未实现
[2026-05-18 15:11:22] [Coordinator] [WARNING] FillDraft 第225章失败，重试(2/3)
[2026-05-18 15:11:22] [Coordinator] [ERROR] 未找到 writer.py，且框架内置 Writer 尚未实现
[2026-05-18 15:11:22] [Coordinator] [WARNING] FillDraft 第226章失败，重试(2/3)
[2026-05-18 15:11:22] [Coordinator] [ERROR] 未找到 writer.py，且框架内置 Writer 尚未实现
[2026-05-18 15:11:22] [Coordinator] [ERROR] 未找到 writer.py，且框架内置 Writer 尚未实现
[2026-05-18 15:11:22] [Coordinator] [WARNING] FillDraft 第227章失败，重试(2/3)
[2026-05-18 15:11:22] [Coordinator] [WARNING] FillDraft 第228章失败，重试(2/3)
[2026-05-18 15:11:22] [Coordinator] [ERROR] 未找到 writer.py，且框架内置 Writer 尚未实现
[2026-05-18 15:11:22] [Coordinator] [WARNING] FillDraft 第229章失败，重试(2/3)
[2026-05-18 15:11:22] [Coordinator] [ERROR] 未找到 writer.py，且框架内置 Writer 尚未实现
[2026-05-18 15:11:22] [Coordinator] [WARNING] FillDraft 第230章失败，重试(2/3)
[2026-05-18 15:11:22] [Coordinator] [ERROR] 未找到 writer.py，且框架内置 Writer 尚未实现
[2026-05-18 15:11:22] [Coordinator] [ERROR] 未找到 writer.py，且框架内置 Writer 尚未实现
[2026-05-18 15:11:22] [Coordinator] [WARNING] FillDraft 第231章失败，重试(2/3)
[2026-05-18 15:11:22] [Coordinator] [WARNING] FillDraft 第232章失败，重试(2/3)
[2026-05-18 15:11:22] [Coordinator] [ERROR] 未找到 writer.py，且框架内置 Writer 尚未实现
[2026-05-18 15:11:22] [Coordinator] [WARNING] FillDraft 第233章失败，重试(2/3)
[2026-05-18 15:11:22] [Coordinator] [ERROR] 未找到 writer.py，且框架内置 Writer 尚未实现
[2026-05-18 15:11:22] [Coordinator] [WARNING] FillDraft 第234章失败，重试(2/3)
[2026-05-18 15:11:22] [Coordinator] [ERROR] 未找到 writer.py，且框架内置 Writer 尚未实现
[2026-05-18 15:11:22] [Coordinator] [ERROR] 未找到 writer.py，且框架内置 Writer 尚未实现
[2026-05-18 15:11:22] [Coordinator] [WARNING] FillDraft 第235章失败，重试(2/3)
[2026-05-18 15:11:22] [Coordinator] [WARNING] FillDraft 第236章失败，重试(2/3)
[2026-05-18 15:11:22] [Coordinator] [ERROR] 未找到 writer.py，且框架内置 Writer 尚未实现
[2026-05-18 15:11:22] [Coordinator] [WARNING] FillDraft 第237章失败，重试(2/3)
[2026-05-18 15:11:22] [Coordinator] [ERROR] 未找到 writer.py，且框架内置 Writer 尚未实现
[2026-05-18 15:11:22] [Coordinator] [WARNING] FillDraft 第238章失败，重试(2/3)
[2026-05-18 15:11:22] [Coordinator] [ERROR] 未找到 writer.py，且框架内置 Writer 尚未实现
[2026-05-18 15:11:22] [Coordinator] [ERROR] 未找到 writer.py，且框架内置 Writer 尚未实现
[2026-05-18 15:11:22] [Coordinator] [WARNING] FillDraft 第239章失败，重试(2/3)
[2026-05-18 15:11:22] [Coordinator] [ERROR] 未找到 writer.py，且框架内置 Writer 尚未实现
[2026-05-18 15:11:22] [Coordinator] [WARNING] FillDraft 第222章失败，重试(3/3)
[2026-05-18 15:11:22] [Coordinator] [WARNING] FillDraft 第240章失败，重试(2/3)
[2026-05-18 15:11:22] [Coordinator] [ERROR] 未找到 writer.py，且框架内置 Writer 尚未实现
[2026-05-18 15:11:22] [Coordinator] [WARNING] FillDraft 第221章失败，重试(3/3)
[2026-05-18 15:11:22] [Coordinator] [ERROR] 未找到 writer.py，且框架内置 Writer 尚未实现
[2026-05-18 15:11:22] [Coordinator] [WARNING] FillDraft 第224章失败，重试(3/3)
[2026-05-18 15:11:22] [Coordinator] [ERROR] 未找到 writer.py，且框架内置 Writer 尚未实现
[2026-05-18 15:11:22] [Coordinator] [WARNING] FillDraft 第225章失败，重试(3/3)
[2026-05-18 15:11:22] [Coordinator] [ERROR] 未找到 writer.py，且框架内置 Writer 尚未实现
[2026-05-18 15:11:22] [Coordinator] [ERROR] 未找到 writer.py，且框架内置 Writer 尚未实现
[2026-05-18 15:11:22] [Coordinator] [WARNING] FillDraft 第223章失败，重试(3/3)
[2026-05-18 15:11:22] [Coordinator] [WARNING] FillDraft 第226章失败，重试(3/3)
[2026-05-18 15:11:22] [Coordinator] [ERROR] 未找到 writer.py，且框架内置 Writer 尚未实现
[2026-05-18 15:11:22] [Coordinator] [WARNING] FillDraft 第229章失败，重试(3/3)
[2026-05-18 15:11:22] [Coordinator] [ERROR] 未找到 writer.py，且框架内置 Writer 尚未实现
[2026-05-18 15:11:22] [Coordinator] [WARNING] FillDraft 第230章失败，重试(3/3)
[2026-05-18 15:11:22] [Coordinator] [ERROR] 未找到 writer.py，且框架内置 Writer 尚未实现
[2026-05-18 15:11:22] [Coordinator] [ERROR] 未找到 writer.py，且框架内置 Writer 尚未实现
[2026-05-18 15:11:22] [Coordinator] [WARNING] FillDraft 第228章失败，重试(3/3)
[2026-05-18 15:11:22] [Coordinator] [WARNING] FillDraft 第227章失败，重试(3/3)
[2026-05-18 15:11:22] [Coordinator] [ERROR] 未找到 writer.py，且框架内置 Writer 尚未实现
[2026-05-18 15:11:22] [Coordinator] [WARNING] FillDraft 第233章失败，重试(3/3)
[2026-05-18 15:11:22] [Coordinator] [ERROR] 未找到 writer.py，且框架内置 Writer 尚未实现
[2026-05-18 15:11:22] [Coordinator] [WARNING] FillDraft 第231章失败，重试(3/3)
[2026-05-18 15:11:22] [Coordinator] [ERROR] 未找到 writer.py，且框架内置 Writer 尚未实现
[2026-05-18 15:11:22] [Coordinator] [ERROR] 未找到 writer.py，且框架内置 Writer 尚未实现
[2026-05-18 15:11:22] [Coordinator] [WARNING] FillDraft 第232章失败，重试(3/3)
[2026-05-18 15:11:22] [Coordinator] [ERROR] 未找到 writer.py，且框架内置 Writer 尚未实现
[2026-05-18 15:11:22] [Coordinator] [WARNING] FillDraft 第236章失败，重试(3/3)
[2026-05-18 15:11:22] [Coordinator] [WARNING] FillDraft 第234章失败，重试(3/3)
[2026-05-18 15:11:22] [Coordinator] [ERROR] 未找到 writer.py，且框架内置 Writer 尚未实现
[2026-05-18 15:11:22] [Coordinator] [WARNING] FillDraft 第235章失败，重试(3/3)
[2026-05-18 15:11:22] [Coordinator] [ERROR] 未找到 writer.py，且框架内置 Writer 尚未实现
[2026-05-18 15:11:22] [Coordinator] [ERROR] 未找到 writer.py，且框架内置 Writer 尚未实现
[2026-05-18 15:11:22] [Coordinator] [WARNING] FillDraft 第237章失败，重试(3/3)
[2026-05-18 15:11:22] [Coordinator] [WARNING] FillDraft 第238章失败，重试(3/3)
[2026-05-18 15:11:22] [Coordinator] [ERROR] 未找到 writer.py，且框架内置 Writer 尚未实现
[2026-05-18 15:11:22] [Coordinator] [WARNING] FillDraft 第239章失败，重试(3/3)
[2026-05-18 15:11:22] [Coordinator] [ERROR] 未找到 writer.py，且框架内置 Writer 尚未实现
[2026-05-18 15:11:22] [Coordinator] [WARNING] FillDraft 第240章失败，重试(3/3)
[2026-05-18 15:11:22] [Coordinator] [ERROR] 未找到 writer.py，且框架内置 Writer 尚未实现
[2026-05-18 15:11:22] [Coordinator] [ERROR] 未找到 writer.py，且框架内置 Writer 尚未实现
[2026-05-18 15:11:22] [Coordinator] [ERROR] FillDraft 第222章彻底失败
[2026-05-18 15:11:22] [Coordinator] [ERROR] 未找到 writer.py，且框架内置 Writer 尚未实现
[2026-05-18 15:11:22] [Coordinator] [ERROR] FillDraft 第225章彻底失败
[2026-05-18 15:11:22] [Coordinator] [ERROR] FillDraft 第221章彻底失败
[2026-05-18 15:11:22] [Coordinator] [ERROR] 未找到 writer.py，且框架内置 Writer 尚未实现
[2026-05-18 15:11:22] [Coordinator] [ERROR] FillDraft 第224章彻底失败
[2026-05-18 15:11:22] [Coordinator] [ERROR] 未找到 writer.py，且框架内置 Writer 尚未实现
[2026-05-18 15:11:22] [Coordinator] [ERROR] FillDraft 第226章彻底失败
[2026-05-18 15:11:22] [Coordinator] [ERROR] 未找到 writer.py，且框架内置 Writer 尚未实现
[2026-05-18 15:11:22] [Coordinator] [ERROR] FillDraft 第229章彻底失败
[2026-05-18 15:11:22] [Coordinator] [ERROR] 未找到 writer.py，且框架内置 Writer 尚未实现
[2026-05-18 15:11:22] [Coordinator] [ERROR] 未找到 writer.py，且框架内置 Writer 尚未实现
[2026-05-18 15:11:22] [Coordinator] [ERROR] FillDraft 第223章彻底失败
[2026-05-18 15:11:22] [Coordinator] [ERROR] FillDraft 第230章彻底失败
[2026-05-18 15:11:22] [Coordinator] [ERROR] 未找到 writer.py，且框架内置 Writer 尚未实现
[2026-05-18 15:11:22] [Coordinator] [ERROR] FillDraft 第228章彻底失败
[2026-05-18 15:11:22] [Coordinator] [ERROR] 未找到 writer.py，且框架内置 Writer 尚未实现
[2026-05-18 15:11:22] [Coordinator] [ERROR] FillDraft 第233章彻底失败
[2026-05-18 15:11:22] [Coordinator] [ERROR] 未找到 writer.py，且框架内置 Writer 尚未实现
[2026-05-18 15:11:22] [Coordinator] [ERROR] 未找到 writer.py，且框架内置 Writer 尚未实现
[2026-05-18 15:11:22] [Coordinator] [ERROR] FillDraft 第227章彻底失败
[2026-05-18 15:11:22] [Coordinator] [ERROR] 未找到 writer.py，且框架内置 Writer 尚未实现
[2026-05-18 15:11:22] [Coordinator] [ERROR] FillDraft 第236章彻底失败
[2026-05-18 15:11:22] [Coordinator] [ERROR] FillDraft 第231章彻底失败
[2026-05-18 15:11:22] [Coordinator] [ERROR] 未找到 writer.py，且框架内置 Writer 尚未实现
[2026-05-18 15:11:22] [Coordinator] [ERROR] FillDraft 第232章彻底失败
[2026-05-18 15:11:22] [Coordinator] [ERROR] 未找到 writer.py，且框架内置 Writer 尚未实现
[2026-05-18 15:11:22] [Coordinator] [ERROR] FillDraft 第235章彻底失败
[2026-05-18 15:11:22] [Coordinator] [ERROR] 未找到 writer.py，且框架内置 Writer 尚未实现
[2026-05-18 15:11:22] [Coordinator] [ERROR] 未找到 writer.py，且框架内置 Writer 尚未实现
[2026-05-18 15:11:22] [Coordinator] [ERROR] FillDraft 第234章彻底失败
[2026-05-18 15:11:22] [Coordinator] [ERROR] FillDraft 第237章彻底失败
[2026-05-18 15:11:22] [Coordinator] [ERROR] 未找到 writer.py，且框架内置 Writer 尚未实现
[2026-05-18 15:11:22] [Coordinator] [ERROR] FillDraft 第238章彻底失败
[2026-05-18 15:11:22] [Coordinator] [ERROR] 未找到 writer.py，且框架内置 Writer 尚未实现
[2026-05-18 15:11:22] [Coordinator] [ERROR] FillDraft 第240章彻底失败
[2026-05-18 15:11:22] [Coordinator] [ERROR] 未找到 writer.py，且框架内置 Writer 尚未实现
[2026-05-18 15:11:22] [Coordinator] [ERROR] FillDraft 第239章彻底失败
[2026-05-18 15:11:24] [Coordinator] [INFO] FillDraft 批次完成: 成功 0 章, 失败 20 章
[2026-05-18 15:11:24] [Coordinator] [INFO] 检测到 20 章审查缺失，开始补全...
[2026-05-18 15:11:24] [Coordinator] [INFO] 工作队列: 20 个任务, 3 workers [FillReview]
[2026-05-18 15:11:24] [Coordinator] [ERROR] 未找到 reviewer.py，且框架内置 Reviewer 尚未实现
[2026-05-18 15:11:24] [Coordinator] [WARNING] FillReview 第221章失败，重试(1/3)
[2026-05-18 15:11:24] [Coordinator] [ERROR] 未找到 reviewer.py，且框架内置 Reviewer 尚未实现
[2026-05-18 15:11:24] [Coordinator] [WARNING] FillReview 第223章失败，重试(1/3)
[2026-05-18 15:11:24] [Coordinator] [ERROR] 未找到 reviewer.py，且框架内置 Reviewer 尚未实现
[2026-05-18 15:11:24] [Coordinator] [ERROR] 未找到 reviewer.py，且框架内置 Reviewer 尚未实现
[2026-05-18 15:11:24] [Coordinator] [WARNING] FillReview 第222章失败，重试(1/3)
[2026-05-18 15:11:24] [Coordinator] [WARNING] FillReview 第224章失败，重试(1/3)
[2026-05-18 15:11:24] [Coordinator] [ERROR] 未找到 reviewer.py，且框架内置 Reviewer 尚未实现
[2026-05-18 15:11:24] [Coordinator] [WARNING] FillReview 第227章失败，重试(1/3)
[2026-05-18 15:11:24] [Coordinator] [ERROR] 未找到 reviewer.py，且框架内置 Reviewer 尚未实现
[2026-05-18 15:11:24] [Coordinator] [WARNING] FillReview 第225章失败，重试(1/3)
[2026-05-18 15:11:24] [Coordinator] [ERROR] 未找到 reviewer.py，且框架内置 Reviewer 尚未实现
[2026-05-18 15:11:24] [Coordinator] [ERROR] 未找到 reviewer.py，且框架内置 Reviewer 尚未实现
[2026-05-18 15:11:24] [Coordinator] [WARNING] FillReview 第226章失败，重试(1/3)
[2026-05-18 15:11:24] [Coordinator] [ERROR] 未找到 reviewer.py，且框架内置 Reviewer 尚未实现
[2026-05-18 15:11:24] [Coordinator] [WARNING] FillReview 第228章失败，重试(1/3)
[2026-05-18 15:11:24] [Coordinator] [ERROR] 未找到 reviewer.py，且框架内置 Reviewer 尚未实现
[2026-05-18 15:11:24] [Coordinator] [WARNING] FillReview 第230章失败，重试(1/3)
[2026-05-18 15:11:24] [Coordinator] [ERROR] 未找到 reviewer.py，且框架内置 Reviewer 尚未实现
[2026-05-18 15:11:24] [Coordinator] [WARNING] FillReview 第229章失败，重试(1/3)
[2026-05-18 15:11:24] [Coordinator] [ERROR] 未找到 reviewer.py，且框架内置 Reviewer 尚未实现
[2026-05-18 15:11:24] [Coordinator] [WARNING] FillReview 第232章失败，重试(1/3)
[2026-05-18 15:11:24] [Coordinator] [ERROR] 未找到 reviewer.py，且框架内置 Reviewer 尚未实现
[2026-05-18 15:11:24] [Coordinator] [WARNING] FillReview 第234章失败，重试(1/3)
[2026-05-18 15:11:24] [Coordinator] [ERROR] 未找到 reviewer.py，且框架内置 Reviewer 尚未实现
[2026-05-18 15:11:24] [Coordinator] [WARNING] FillReview 第231章失败，重试(1/3)
[2026-05-18 15:11:24] [Coordinator] [ERROR] 未找到 reviewer.py，且框架内置 Reviewer 尚未实现
[2026-05-18 15:11:24] [Coordinator] [WARNING] FillReview 第236章失败，重试(1/3)
[2026-05-18 15:11:24] [Coordinator] [ERROR] 未找到 reviewer.py，且框架内置 Reviewer 尚未实现
[2026-05-18 15:11:24] [Coordinator] [WARNING] FillReview 第235章失败，重试(1/3)
[2026-05-18 15:11:24] [Coordinator] [ERROR] 未找到 reviewer.py，且框架内置 Reviewer 尚未实现
[2026-05-18 15:11:24] [Coordinator] [WARNING] FillReview 第233章失败，重试(1/3)
[2026-05-18 15:11:24] [Coordinator] [ERROR] 未找到 reviewer.py，且框架内置 Reviewer 尚未实现
[2026-05-18 15:11:24] [Coordinator] [WARNING] FillReview 第238章失败，重试(1/3)
[2026-05-18 15:11:24] [Coordinator] [ERROR] 未找到 reviewer.py，且框架内置 Reviewer 尚未实现
[2026-05-18 15:11:24] [Coordinator] [WARNING] FillReview 第239章失败，重试(1/3)
[2026-05-18 15:11:24] [Coordinator] [ERROR] 未找到 reviewer.py，且框架内置 Reviewer 尚未实现
[2026-05-18 15:11:24] [Coordinator] [WARNING] FillReview 第237章失败，重试(1/3)
[2026-05-18 15:11:24] [Coordinator] [ERROR] 未找到 reviewer.py，且框架内置 Reviewer 尚未实现
[2026-05-18 15:11:24] [Coordinator] [WARNING] FillReview 第223章失败，重试(2/3)
[2026-05-18 15:11:24] [Coordinator] [WARNING] FillReview 第240章失败，重试(1/3)
[2026-05-18 15:11:24] [Coordinator] [ERROR] 未找到 reviewer.py，且框架内置 Reviewer 尚未实现
[2026-05-18 15:11:24] [Coordinator] [WARNING] FillReview 第221章失败，重试(2/3)
[2026-05-18 15:11:24] [Coordinator] [ERROR] 未找到 reviewer.py，且框架内置 Reviewer 尚未实现
[2026-05-18 15:11:24] [Coordinator] [WARNING] FillReview 第224章失败，重试(2/3)
[2026-05-18 15:11:24] [Coordinator] [ERROR] 未找到 reviewer.py，且框架内置 Reviewer 尚未实现
[2026-05-18 15:11:24] [Coordinator] [ERROR] 未找到 reviewer.py，且框架内置 Reviewer 尚未实现
[2026-05-18 15:11:24] [Coordinator] [WARNING] FillReview 第222章失败，重试(2/3)
[2026-05-18 15:11:24] [Coordinator] [WARNING] FillReview 第227章失败，重试(2/3)
[2026-05-18 15:11:24] [Coordinator] [ERROR] 未找到 reviewer.py，且框架内置 Reviewer 尚未实现
[2026-05-18 15:11:24] [Coordinator] [WARNING] FillReview 第225章失败，重试(2/3)
[2026-05-18 15:11:24] [Coordinator] [ERROR] 未找到 reviewer.py，且框架内置 Reviewer 尚未实现
[2026-05-18 15:11:24] [Coordinator] [WARNING] FillReview 第228章失败，重试(2/3)
[2026-05-18 15:11:24] [Coordinator] [ERROR] 未找到 reviewer.py，且框架内置 Reviewer 尚未实现
[2026-05-18 15:11:24] [Coordinator] [ERROR] 未找到 reviewer.py，且框架内置 Reviewer 尚未实现
[2026-05-18 15:11:24] [Coordinator] [WARNING] FillReview 第226章失败，重试(2/3)
[2026-05-18 15:11:24] [Coordinator] [WARNING] FillReview 第230章失败，重试(2/3)
[2026-05-18 15:11:24] [Coordinator] [ERROR] 未找到 reviewer.py，且框架内置 Reviewer 尚未实现
[2026-05-18 15:11:24] [Coordinator] [WARNING] FillReview 第229章失败，重试(2/3)
[2026-05-18 15:11:24] [Coordinator] [ERROR] 未找到 reviewer.py，且框架内置 Reviewer 尚未实现
[2026-05-18 15:11:24] [Coordinator] [WARNING] FillReview 第234章失败，重试(2/3)
[2026-05-18 15:11:24] [Coordinator] [ERROR] 未找到 reviewer.py，且框架内置 Reviewer 尚未实现
[2026-05-18 15:11:24] [Coordinator] [WARNING] FillReview 第236章失败，重试(2/3)
[2026-05-18 15:11:24] [Coordinator] [ERROR] 未找到 reviewer.py，且框架内置 Reviewer 尚未实现
[2026-05-18 15:11:24] [Coordinator] [ERROR] 未找到 reviewer.py，且框架内置 Reviewer 尚未实现
[2026-05-18 15:11:24] [Coordinator] [WARNING] FillReview 第232章失败，重试(2/3)
[2026-05-18 15:11:24] [Coordinator] [WARNING] FillReview 第235章失败，重试(2/3)
[2026-05-18 15:11:24] [Coordinator] [ERROR] 未找到 reviewer.py，且框架内置 Reviewer 尚未实现
[2026-05-18 15:11:24] [Coordinator] [WARNING] FillReview 第231章失败，重试(2/3)
[2026-05-18 15:11:24] [Coordinator] [ERROR] 未找到 reviewer.py，且框架内置 Reviewer 尚未实现
[2026-05-18 15:11:24] [Coordinator] [WARNING] FillReview 第238章失败，重试(2/3)
[2026-05-18 15:11:24] [Coordinator] [ERROR] 未找到 reviewer.py，且框架内置 Reviewer 尚未实现
[2026-05-18 15:11:24] [Coordinator] [ERROR] 未找到 reviewer.py，且框架内置 Reviewer 尚未实现
[2026-05-18 15:11:24] [Coordinator] [WARNING] FillReview 第233章失败，重试(2/3)
[2026-05-18 15:11:24] [Coordinator] [WARNING] FillReview 第239章失败，重试(2/3)
[2026-05-18 15:11:24] [Coordinator] [ERROR] 未找到 reviewer.py，且框架内置 Reviewer 尚未实现
[2026-05-18 15:11:24] [Coordinator] [WARNING] FillReview 第237章失败，重试(2/3)
[2026-05-18 15:11:24] [Coordinator] [ERROR] 未找到 reviewer.py，且框架内置 Reviewer 尚未实现
[2026-05-18 15:11:24] [Coordinator] [WARNING] FillReview 第240章失败，重试(2/3)
[2026-05-18 15:11:24] [Coordinator] [ERROR] 未找到 reviewer.py，且框架内置 Reviewer 尚未实现
[2026-05-18 15:11:24] [Coordinator] [ERROR] 未找到 reviewer.py，且框架内置 Reviewer 尚未实现
[2026-05-18 15:11:24] [Coordinator] [WARNING] FillReview 第223章失败，重试(3/3)
[2026-05-18 15:11:24] [Coordinator] [WARNING] FillReview 第221章失败，重试(3/3)
[2026-05-18 15:11:24] [Coordinator] [ERROR] 未找到 reviewer.py，且框架内置 Reviewer 尚未实现
[2026-05-18 15:11:24] [Coordinator] [WARNING] FillReview 第224章失败，重试(3/3)
[2026-05-18 15:11:24] [Coordinator] [ERROR] 未找到 reviewer.py，且框架内置 Reviewer 尚未实现
[2026-05-18 15:11:24] [Coordinator] [WARNING] FillReview 第227章失败，重试(3/3)
[2026-05-18 15:11:24] [Coordinator] [ERROR] 未找到 reviewer.py，且框架内置 Reviewer 尚未实现
[2026-05-18 15:11:24] [Coordinator] [ERROR] 未找到 reviewer.py，且框架内置 Reviewer 尚未实现
[2026-05-18 15:11:24] [Coordinator] [WARNING] FillReview 第222章失败，重试(3/3)
[2026-05-18 15:11:24] [Coordinator] [WARNING] FillReview 第228章失败，重试(3/3)
[2026-05-18 15:11:24] [Coordinator] [ERROR] 未找到 reviewer.py，且框架内置 Reviewer 尚未实现
[2026-05-18 15:11:24] [Coordinator] [WARNING] FillReview 第225章失败，重试(3/3)
[2026-05-18 15:11:24] [Coordinator] [ERROR] 未找到 reviewer.py，且框架内置 Reviewer 尚未实现
[2026-05-18 15:11:24] [Coordinator] [WARNING] FillReview 第230章失败，重试(3/3)
[2026-05-18 15:11:24] [Coordinator] [ERROR] 未找到 reviewer.py，且框架内置 Reviewer 尚未实现
[2026-05-18 15:11:24] [Coordinator] [WARNING] FillReview 第229章失败，重试(3/3)
[2026-05-18 15:11:24] [Coordinator] [ERROR] 未找到 reviewer.py，且框架内置 Reviewer 尚未实现
[2026-05-18 15:11:24] [Coordinator] [ERROR] 未找到 reviewer.py，且框架内置 Reviewer 尚未实现
[2026-05-18 15:11:24] [Coordinator] [WARNING] FillReview 第226章失败，重试(3/3)
[2026-05-18 15:11:24] [Coordinator] [WARNING] FillReview 第234章失败，重试(3/3)
[2026-05-18 15:11:24] [Coordinator] [ERROR] 未找到 reviewer.py，且框架内置 Reviewer 尚未实现
[2026-05-18 15:11:24] [Coordinator] [WARNING] FillReview 第236章失败，重试(3/3)
[2026-05-18 15:11:24] [Coordinator] [ERROR] 未找到 reviewer.py，且框架内置 Reviewer 尚未实现
[2026-05-18 15:11:24] [Coordinator] [WARNING] FillReview 第235章失败，重试(3/3)
[2026-05-18 15:11:24] [Coordinator] [ERROR] 未找到 reviewer.py，且框架内置 Reviewer 尚未实现
[2026-05-18 15:11:24] [Coordinator] [ERROR] 未找到 reviewer.py，且框架内置 Reviewer 尚未实现
[2026-05-18 15:11:24] [Coordinator] [WARNING] FillReview 第232章失败，重试(3/3)
[2026-05-18 15:11:24] [Coordinator] [WARNING] FillReview 第231章失败，重试(3/3)
[2026-05-18 15:11:24] [Coordinator] [ERROR] 未找到 reviewer.py，且框架内置 Reviewer 尚未实现
[2026-05-18 15:11:24] [Coordinator] [WARNING] FillReview 第238章失败，重试(3/3)
[2026-05-18 15:11:24] [Coordinator] [ERROR] 未找到 reviewer.py，且框架内置 Reviewer 尚未实现
[2026-05-18 15:11:24] [Coordinator] [WARNING] FillReview 第239章失败，重试(3/3)
[2026-05-18 15:11:24] [Coordinator] [ERROR] 未找到 reviewer.py，且框架内置 Reviewer 尚未实现
[2026-05-18 15:11:24] [Coordinator] [ERROR] 未找到 reviewer.py，且框架内置 Reviewer 尚未实现
[2026-05-18 15:11:24] [Coordinator] [WARNING] FillReview 第233章失败，重试(3/3)
[2026-05-18 15:11:24] [Coordinator] [WARNING] FillReview 第237章失败，重试(3/3)
[2026-05-18 15:11:24] [Coordinator] [ERROR] 未找到 reviewer.py，且框架内置 Reviewer 尚未实现
[2026-05-18 15:11:24] [Coordinator] [WARNING] FillReview 第240章失败，重试(3/3)
[2026-05-18 15:11:24] [Coordinator] [ERROR] 未找到 reviewer.py，且框架内置 Reviewer 尚未实现
[2026-05-18 15:11:24] [Coordinator] [ERROR] FillReview 第221章彻底失败
[2026-05-18 15:11:24] [Coordinator] [ERROR] 未找到 reviewer.py，且框架内置 Reviewer 尚未实现
[2026-05-18 15:11:24] [Coordinator] [ERROR] FillReview 第224章彻底失败
[2026-05-18 15:11:24] [Coordinator] [ERROR] 未找到 reviewer.py，且框架内置 Reviewer 尚未实现
[2026-05-18 15:11:24] [Coordinator] [ERROR] 未找到 reviewer.py，且框架内置 Reviewer 尚未实现
[2026-05-18 15:11:24] [Coordinator] [ERROR] FillReview 第223章彻底失败
[2026-05-18 15:11:24] [Coordinator] [ERROR] FillReview 第227章彻底失败
[2026-05-18 15:11:24] [Coordinator] [ERROR] 未找到 reviewer.py，且框架内置 Reviewer 尚未实现
[2026-05-18 15:11:24] [Coordinator] [ERROR] FillReview 第222章彻底失败
[2026-05-18 15:11:24] [Coordinator] [ERROR] 未找到 reviewer.py，且框架内置 Reviewer 尚未实现
[2026-05-18 15:11:24] [Coordinator] [ERROR] FillReview 第225章彻底失败
[2026-05-18 15:11:24] [Coordinator] [ERROR] 未找到 reviewer.py，且框架内置 Reviewer 尚未实现
[2026-05-18 15:11:24] [Coordinator] [ERROR] 未找到 reviewer.py，且框架内置 Reviewer 尚未实现
[2026-05-18 15:11:24] [Coordinator] [ERROR] FillReview 第228章彻底失败
[2026-05-18 15:11:24] [Coordinator] [ERROR] FillReview 第230章彻底失败
[2026-05-18 15:11:24] [Coordinator] [ERROR] 未找到 reviewer.py，且框架内置 Reviewer 尚未实现
[2026-05-18 15:11:24] [Coordinator] [ERROR] FillReview 第229章彻底失败
[2026-05-18 15:11:24] [Coordinator] [ERROR] 未找到 reviewer.py，且框架内置 Reviewer 尚未实现
[2026-05-18 15:11:24] [Coordinator] [ERROR] FillReview 第234章彻底失败
[2026-05-18 15:11:24] [Coordinator] [ERROR] 未找到 reviewer.py，且框架内置 Reviewer 尚未实现
[2026-05-18 15:11:24] [Coordinator] [ERROR] 未找到 reviewer.py，且框架内置 Reviewer 尚未实现
[2026-05-18 15:11:24] [Coordinator] [ERROR] FillReview 第226章彻底失败
[2026-05-18 15:11:24] [Coordinator] [ERROR] FillReview 第236章彻底失败
[2026-05-18 15:11:24] [Coordinator] [ERROR] 未找到 reviewer.py，且框架内置 Reviewer 尚未实现
[2026-05-18 15:11:24] [Coordinator] [ERROR] FillReview 第235章彻底失败
[2026-05-18 15:11:24] [Coordinator] [ERROR] 未找到 reviewer.py，且框架内置 Reviewer 尚未实现
[2026-05-18 15:11:24] [Coordinator] [ERROR] FillReview 第231章彻底失败
[2026-05-18 15:11:24] [Coordinator] [ERROR] 未找到 reviewer.py，且框架内置 Reviewer 尚未实现
[2026-05-18 15:11:24] [Coordinator] [ERROR] 未找到 reviewer.py，且框架内置 Reviewer 尚未实现
[2026-05-18 15:11:24] [Coordinator] [ERROR] FillReview 第232章彻底失败
[2026-05-18 15:11:24] [Coordinator] [ERROR] FillReview 第238章彻底失败
[2026-05-18 15:11:24] [Coordinator] [ERROR] 未找到 reviewer.py，且框架内置 Reviewer 尚未实现
[2026-05-18 15:11:24] [Coordinator] [ERROR] FillReview 第239章彻底失败
[2026-05-18 15:11:24] [Coordinator] [ERROR] 未找到 reviewer.py，且框架内置 Reviewer 尚未实现
[2026-05-18 15:11:24] [Coordinator] [ERROR] FillReview 第237章彻底失败
[2026-05-18 15:11:24] [Coordinator] [ERROR] 未找到 reviewer.py，且框架内置 Reviewer 尚未实现
[2026-05-18 15:11:24] [Coordinator] [ERROR] FillReview 第240章彻底失败
[2026-05-18 15:11:24] [Coordinator] [ERROR] 未找到 reviewer.py，且框架内置 Reviewer 尚未实现
[2026-05-18 15:11:24] [Coordinator] [ERROR] FillReview 第233章彻底失败
[2026-05-18 15:11:26] [Coordinator] [INFO] FillReview 批次完成: 成功 0 章, 失败 20 章
[2026-05-18 15:11:26] [Coordinator] [INFO] 已加入多媒体队列: 第221-240章 (队列长度 233)
[2026-05-18 15:11:29] [Coordinator] [INFO] ===== 开始第 241-260 章 =====
[2026-05-18 15:11:30] [Coordinator] [INFO] 工作队列: 20 个任务, 5 workers [Writer]
[2026-05-18 15:11:30] [Coordinator] [ERROR] 未找到 writer.py，且框架内置 Writer 尚未实现
[2026-05-18 15:11:30] [Coordinator] [WARNING] Writer 第241章失败，重试(1/3)
[2026-05-18 15:11:30] [Coordinator] [ERROR] 未找到 writer.py，且框架内置 Writer 尚未实现
[2026-05-18 15:11:30] [Coordinator] [WARNING] Writer 第243章失败，重试(1/3)
[2026-05-18 15:11:30] [Coordinator] [ERROR] 未找到 writer.py，且框架内置 Writer 尚未实现
[2026-05-18 15:11:30] [Coordinator] [WARNING] Writer 第242章失败，重试(1/3)
[2026-05-18 15:11:30] [Coordinator] [ERROR] 未找到 writer.py，且框架内置 Writer 尚未实现
[2026-05-18 15:11:30] [Coordinator] [ERROR] 未找到 writer.py，且框架内置 Writer 尚未实现
[2026-05-18 15:11:30] [Coordinator] [WARNING] Writer 第244章失败，重试(1/3)
[2026-05-18 15:11:30] [Coordinator] [ERROR] 未找到 writer.py，且框架内置 Writer 尚未实现
[2026-05-18 15:11:30] [Coordinator] [ERROR] 未找到 writer.py，且框架内置 Writer 尚未实现
[2026-05-18 15:11:30] [Coordinator] [WARNING] Writer 第246章失败，重试(1/3)
[2026-05-18 15:11:30] [Coordinator] [ERROR] 未找到 writer.py，且框架内置 Writer 尚未实现
[2026-05-18 15:11:30] [Coordinator] [WARNING] Writer 第247章失败，重试(1/3)
[2026-05-18 15:11:30] [Coordinator] [WARNING] Writer 第245章失败，重试(1/3)
[2026-05-18 15:11:30] [Coordinator] [WARNING] Writer 第248章失败，重试(1/3)
[2026-05-18 15:11:30] [Coordinator] [ERROR] 未找到 writer.py，且框架内置 Writer 尚未实现
[2026-05-18 15:11:30] [Coordinator] [ERROR] 未找到 writer.py，且框架内置 Writer 尚未实现
[2026-05-18 15:11:30] [Coordinator] [WARNING] Writer 第249章失败，重试(1/3)
[2026-05-18 15:11:30] [Coordinator] [ERROR] 未找到 writer.py，且框架内置 Writer 尚未实现
[2026-05-18 15:11:30] [Coordinator] [ERROR] 未找到 writer.py，且框架内置 Writer 尚未实现
[2026-05-18 15:11:30] [Coordinator] [WARNING] Writer 第250章失败，重试(1/3)
[2026-05-18 15:11:30] [Coordinator] [ERROR] 未找到 writer.py，且框架内置 Writer 尚未实现
[2026-05-18 15:11:30] [Coordinator] [WARNING] Writer 第251章失败，重试(1/3)
[2026-05-18 15:11:30] [Coordinator] [WARNING] Writer 第252章失败，重试(1/3)
[2026-05-18 15:11:30] [Coordinator] [WARNING] Writer 第253章失败，重试(1/3)
[2026-05-18 15:11:30] [Coordinator] [ERROR] 未找到 writer.py，且框架内置 Writer 尚未实现
[2026-05-18 15:11:30] [Coordinator] [ERROR] 未找到 writer.py，且框架内置 Writer 尚未实现
[2026-05-18 15:11:30] [Coordinator] [WARNING] Writer 第254章失败，重试(1/3)
[2026-05-18 15:11:30] [Coordinator] [ERROR] 未找到 writer.py，且框架内置 Writer 尚未实现
[2026-05-18 15:11:30] [Coordinator] [WARNING] Writer 第257章失败，重试(1/3)
[2026-05-18 15:11:30] [Coordinator] [WARNING] Writer 第255章失败，重试(1/3)
[2026-05-18 15:11:30] [Coordinator] [ERROR] 未找到 writer.py，且框架内置 Writer 尚未实现
[2026-05-18 15:11:30] [Coordinator] [WARNING] Writer 第256章失败，重试(1/3)
[2026-05-18 15:11:30] [Coordinator] [ERROR] 未找到 writer.py，且框架内置 Writer 尚未实现
[2026-05-18 15:11:30] [Coordinator] [WARNING] Writer 第258章失败，重试(1/3)
[2026-05-18 15:11:30] [Coordinator] [ERROR] 未找到 writer.py，且框架内置 Writer 尚未实现
[2026-05-18 15:11:30] [Coordinator] [ERROR] 未找到 writer.py，且框架内置 Writer 尚未实现
[2026-05-18 15:11:30] [Coordinator] [WARNING] Writer 第259章失败，重试(1/3)
[2026-05-18 15:11:30] [Coordinator] [ERROR] 未找到 writer.py，且框架内置 Writer 尚未实现
[2026-05-18 15:11:30] [Coordinator] [WARNING] Writer 第260章失败，重试(1/3)
[2026-05-18 15:11:30] [Coordinator] [WARNING] Writer 第241章失败，重试(2/3)
[2026-05-18 15:11:30] [Coordinator] [ERROR] 未找到 writer.py，且框架内置 Writer 尚未实现
[2026-05-18 15:11:30] [Coordinator] [WARNING] Writer 第243章失败，重试(2/3)
[2026-05-18 15:11:30] [Coordinator] [ERROR] 未找到 writer.py，且框架内置 Writer 尚未实现
[2026-05-18 15:11:30] [Coordinator] [WARNING] Writer 第242章失败，重试(2/3)
[2026-05-18 15:11:30] [Coordinator] [ERROR] 未找到 writer.py，且框架内置 Writer 尚未实现
[2026-05-18 15:11:30] [Coordinator] [ERROR] 未找到 writer.py，且框架内置 Writer 尚未实现
[2026-05-18 15:11:30] [Coordinator] [WARNING] Writer 第244章失败，重试(2/3)
[2026-05-18 15:11:30] [Coordinator] [ERROR] 未找到 writer.py，且框架内置 Writer 尚未实现
[2026-05-18 15:11:30] [Coordinator] [WARNING] Writer 第246章失败，重试(2/3)
[2026-05-18 15:11:30] [Coordinator] [WARNING] Writer 第247章失败，重试(2/3)
[2026-05-18 15:11:30] [Coordinator] [ERROR] 未找到 writer.py，且框架内置 Writer 尚未实现
[2026-05-18 15:11:30] [Coordinator] [WARNING] Writer 第245章失败，重试(2/3)
[2026-05-18 15:11:30] [Coordinator] [ERROR] 未找到 writer.py，且框架内置 Writer 尚未实现
[2026-05-18 15:11:30] [Coordinator] [WARNING] Writer 第248章失败，重试(2/3)
[2026-05-18 15:11:30] [Coordinator] [ERROR] 未找到 writer.py，且框架内置 Writer 尚未实现
[2026-05-18 15:11:30] [Coordinator] [ERROR] 未找到 writer.py，且框架内置 Writer 尚未实现
[2026-05-18 15:11:30] [Coordinator] [WARNING] Writer 第249章失败，重试(2/3)
[2026-05-18 15:11:30] [Coordinator] [ERROR] 未找到 writer.py，且框架内置 Writer 尚未实现
[2026-05-18 15:11:30] [Coordinator] [WARNING] Writer 第250章失败，重试(2/3)
[2026-05-18 15:11:30] [Coordinator] [WARNING] Writer 第251章失败，重试(2/3)
[2026-05-18 15:11:30] [Coordinator] [ERROR] 未找到 writer.py，且框架内置 Writer 尚未实现
[2026-05-18 15:11:30] [Coordinator] [WARNING] Writer 第252章失败，重试(2/3)
[2026-05-18 15:11:30] [Coordinator] [ERROR] 未找到 writer.py，且框架内置 Writer 尚未实现
[2026-05-18 15:11:30] [Coordinator] [WARNING] Writer 第253章失败，重试(2/3)
[2026-05-18 15:11:30] [Coordinator] [ERROR] 未找到 writer.py，且框架内置 Writer 尚未实现
[2026-05-18 15:11:30] [Coordinator] [ERROR] 未找到 writer.py，且框架内置 Writer 尚未实现
[2026-05-18 15:11:30] [Coordinator] [WARNING] Writer 第254章失败，重试(2/3)
[2026-05-18 15:11:30] [Coordinator] [ERROR] 未找到 writer.py，且框架内置 Writer 尚未实现
[2026-05-18 15:11:30] [Coordinator] [WARNING] Writer 第257章失败，重试(2/3)
[2026-05-18 15:11:30] [Coordinator] [WARNING] Writer 第255章失败，重试(2/3)
[2026-05-18 15:11:30] [Coordinator] [ERROR] 未找到 writer.py，且框架内置 Writer 尚未实现
[2026-05-18 15:11:30] [Coordinator] [ERROR] 未找到 writer.py，且框架内置 Writer 尚未实现
[2026-05-18 15:11:30] [Coordinator] [ERROR] 未找到 writer.py，且框架内置 Writer 尚未实现
[2026-05-18 15:11:30] [Coordinator] [WARNING] Writer 第258章失败，重试(2/3)
[2026-05-18 15:11:30] [Coordinator] [ERROR] 未找到 writer.py，且框架内置 Writer 尚未实现
[2026-05-18 15:11:30] [Coordinator] [WARNING] Writer 第241章失败，重试(3/3)
[2026-05-18 15:11:30] [Coordinator] [ERROR] 未找到 writer.py，且框架内置 Writer 尚未实现
[2026-05-18 15:11:30] [Coordinator] [ERROR] 未找到 writer.py，且框架内置 Writer 尚未实现
[2026-05-18 15:11:30] [Coordinator] [WARNING] Writer 第260章失败，重试(2/3)
[2026-05-18 15:11:30] [Coordinator] [WARNING] Writer 第256章失败，重试(2/3)
[2026-05-18 15:11:30] [Coordinator] [WARNING] Writer 第259章失败，重试(2/3)
[2026-05-18 15:11:30] [Coordinator] [WARNING] Writer 第242章失败，重试(3/3)
[2026-05-18 15:11:30] [Coordinator] [ERROR] 未找到 writer.py，且框架内置 Writer 尚未实现
[2026-05-18 15:11:30] [Coordinator] [ERROR] 未找到 writer.py，且框架内置 Writer 尚未实现
[2026-05-18 15:11:30] [Coordinator] [ERROR] 未找到 writer.py，且框架内置 Writer 尚未实现
[2026-05-18 15:11:30] [Coordinator] [ERROR] 未找到 writer.py，且框架内置 Writer 尚未实现
[2026-05-18 15:11:30] [Coordinator] [WARNING] Writer 第247章失败，重试(3/3)
[2026-05-18 15:11:30] [Coordinator] [WARNING] Writer 第243章失败，重试(3/3)
[2026-05-18 15:11:30] [Coordinator] [WARNING] Writer 第244章失败，重试(3/3)
[2026-05-18 15:11:30] [Coordinator] [WARNING] Writer 第246章失败，重试(3/3)
[2026-05-18 15:11:30] [Coordinator] [ERROR] 未找到 writer.py，且框架内置 Writer 尚未实现
[2026-05-18 15:11:30] [Coordinator] [WARNING] Writer 第245章失败，重试(3/3)
[2026-05-18 15:11:30] [Coordinator] [ERROR] 未找到 writer.py，且框架内置 Writer 尚未实现
[2026-05-18 15:11:30] [Coordinator] [ERROR] 未找到 writer.py，且框架内置 Writer 尚未实现
[2026-05-18 15:11:30] [Coordinator] [ERROR] 未找到 writer.py，且框架内置 Writer 尚未实现
[2026-05-18 15:11:30] [Coordinator] [ERROR] 未找到 writer.py，且框架内置 Writer 尚未实现
[2026-05-18 15:11:30] [Coordinator] [ERROR] 未找到 writer.py，且框架内置 Writer 尚未实现
[2026-05-18 15:11:30] [Coordinator] [WARNING] Writer 第252章失败，重试(3/3)
[2026-05-18 15:11:30] [Coordinator] [WARNING] Writer 第250章失败，重试(3/3)
[2026-05-18 15:11:30] [Coordinator] [WARNING] Writer 第251章失败，重试(3/3)
[2026-05-18 15:11:30] [Coordinator] [WARNING] Writer 第248章失败，重试(3/3)
[2026-05-18 15:11:30] [Coordinator] [WARNING] Writer 第249章失败，重试(3/3)
[2026-05-18 15:11:30] [Coordinator] [ERROR] 未找到 writer.py，且框架内置 Writer 尚未实现
[2026-05-18 15:11:30] [Coordinator] [ERROR] 未找到 writer.py，且框架内置 Writer 尚未实现
[2026-05-18 15:11:30] [Coordinator] [ERROR] 未找到 writer.py，且框架内置 Writer 尚未实现
[2026-05-18 15:11:30] [Coordinator] [ERROR] 未找到 writer.py，且框架内置 Writer 尚未实现
[2026-05-18 15:11:30] [Coordinator] [WARNING] Writer 第255章失败，重试(3/3)
[2026-05-18 15:11:30] [Coordinator] [WARNING] Writer 第253章失败，重试(3/3)
[2026-05-18 15:11:30] [Coordinator] [WARNING] Writer 第254章失败，重试(3/3)
[2026-05-18 15:11:30] [Coordinator] [WARNING] Writer 第257章失败，重试(3/3)
[2026-05-18 15:11:30] [Coordinator] [ERROR] 未找到 writer.py，且框架内置 Writer 尚未实现
[2026-05-18 15:11:30] [Coordinator] [WARNING] Writer 第258章失败，重试(3/3)
[2026-05-18 15:11:30] [Coordinator] [ERROR] 未找到 writer.py，且框架内置 Writer 尚未实现
[2026-05-18 15:11:30] [Coordinator] [WARNING] Writer 第260章失败，重试(3/3)
[2026-05-18 15:11:30] [Coordinator] [ERROR] 未找到 writer.py，且框架内置 Writer 尚未实现
[2026-05-18 15:11:30] [Coordinator] [ERROR] 未找到 writer.py，且框架内置 Writer 尚未实现
[2026-05-18 15:11:30] [Coordinator] [ERROR] Writer 第241章彻底失败
[2026-05-18 15:11:30] [Coordinator] [ERROR] 未找到 writer.py，且框架内置 Writer 尚未实现
[2026-05-18 15:11:30] [Coordinator] [WARNING] Writer 第256章失败，重试(3/3)
[2026-05-18 15:11:30] [Coordinator] [WARNING] Writer 第259章失败，重试(3/3)
[2026-05-18 15:11:30] [Coordinator] [ERROR] 未找到 writer.py，且框架内置 Writer 尚未实现
[2026-05-18 15:11:30] [Coordinator] [ERROR] Writer 第242章彻底失败
[2026-05-18 15:11:30] [Coordinator] [ERROR] 未找到 writer.py，且框架内置 Writer 尚未实现
[2026-05-18 15:11:30] [Coordinator] [ERROR] Writer 第247章彻底失败
[2026-05-18 15:11:30] [Coordinator] [ERROR] 未找到 writer.py，且框架内置 Writer 尚未实现
[2026-05-18 15:11:30] [Coordinator] [ERROR] 未找到 writer.py，且框架内置 Writer 尚未实现
[2026-05-18 15:11:30] [Coordinator] [ERROR] Writer 第243章彻底失败
[2026-05-18 15:11:30] [Coordinator] [ERROR] 未找到 writer.py，且框架内置 Writer 尚未实现
[2026-05-18 15:11:30] [Coordinator] [ERROR] Writer 第244章彻底失败
[2026-05-18 15:11:30] [Coordinator] [ERROR] Writer 第246章彻底失败
[2026-05-18 15:11:30] [Coordinator] [ERROR] 未找到 writer.py，且框架内置 Writer 尚未实现
[2026-05-18 15:11:30] [Coordinator] [ERROR] Writer 第245章彻底失败
[2026-05-18 15:11:30] [Coordinator] [ERROR] 未找到 writer.py，且框架内置 Writer 尚未实现
[2026-05-18 15:11:30] [Coordinator] [ERROR] Writer 第252章彻底失败
[2026-05-18 15:11:30] [Coordinator] [ERROR] 未找到 writer.py，且框架内置 Writer 尚未实现
[2026-05-18 15:11:30] [Coordinator] [ERROR] 未找到 writer.py，且框架内置 Writer 尚未实现
[2026-05-18 15:11:30] [Coordinator] [ERROR] Writer 第250章彻底失败
[2026-05-18 15:11:30] [Coordinator] [ERROR] 未找到 writer.py，且框架内置 Writer 尚未实现
[2026-05-18 15:11:30] [Coordinator] [ERROR] Writer 第251章彻底失败
[2026-05-18 15:11:30] [Coordinator] [ERROR] Writer 第248章彻底失败
[2026-05-18 15:11:30] [Coordinator] [ERROR] 未找到 writer.py，且框架内置 Writer 尚未实现
[2026-05-18 15:11:30] [Coordinator] [ERROR] Writer 第249章彻底失败
[2026-05-18 15:11:30] [Coordinator] [ERROR] 未找到 writer.py，且框架内置 Writer 尚未实现
[2026-05-18 15:11:30] [Coordinator] [ERROR] Writer 第255章彻底失败
[2026-05-18 15:11:30] [Coordinator] [ERROR] 未找到 writer.py，且框架内置 Writer 尚未实现
[2026-05-18 15:11:30] [Coordinator] [ERROR] 未找到 writer.py，且框架内置 Writer 尚未实现
[2026-05-18 15:11:30] [Coordinator] [ERROR] Writer 第253章彻底失败
[2026-05-18 15:11:30] [Coordinator] [ERROR] 未找到 writer.py，且框架内置 Writer 尚未实现
[2026-05-18 15:11:30] [Coordinator] [ERROR] Writer 第254章彻底失败
[2026-05-18 15:11:30] [Coordinator] [ERROR] 未找到 writer.py，且框架内置 Writer 尚未实现
[2026-05-18 15:11:30] [Coordinator] [ERROR] 未找到 writer.py，且框架内置 Writer 尚未实现
[2026-05-18 15:11:30] [Coordinator] [ERROR] Writer 第258章彻底失败
[2026-05-18 15:11:30] [Coordinator] [ERROR] 未找到 writer.py，且框架内置 Writer 尚未实现
[2026-05-18 15:11:30] [Coordinator] [ERROR] Writer 第257章彻底失败
[2026-05-18 15:11:30] [Coordinator] [ERROR] Writer 第259章彻底失败
[2026-05-18 15:11:30] [Coordinator] [ERROR] 未找到 writer.py，且框架内置 Writer 尚未实现
[2026-05-18 15:11:30] [Coordinator] [ERROR] Writer 第256章彻底失败
[2026-05-18 15:11:30] [Coordinator] [ERROR] Writer 第260章彻底失败
[2026-05-18 15:11:32] [Coordinator] [INFO] Writer 批次完成: 成功 0 章, 失败 20 章
[2026-05-18 15:11:32] [Coordinator] [WARNING] Writer 失败: [241, 242, 247, 246, 243, 244, 245, 252, 248, 250, 251, 249, 255, 257, 253, 254, 259, 258, 260, 256]
[2026-05-18 15:11:32] [Coordinator] [INFO] 工作队列: 20 个任务, 5 workers [Reviewer]
[2026-05-18 15:11:32] [Coordinator] [ERROR] 未找到 reviewer.py，且框架内置 Reviewer 尚未实现
[2026-05-18 15:11:32] [Coordinator] [WARNING] Reviewer 第241章失败，重试(1/3)
[2026-05-18 15:11:32] [Coordinator] [ERROR] 未找到 reviewer.py，且框架内置 Reviewer 尚未实现
[2026-05-18 15:11:32] [Coordinator] [WARNING] Reviewer 第243章失败，重试(1/3)
[2026-05-18 15:11:32] [Coordinator] [ERROR] 未找到 reviewer.py，且框架内置 Reviewer 尚未实现
[2026-05-18 15:11:32] [Coordinator] [WARNING] Reviewer 第244章失败，重试(1/3)
[2026-05-18 15:11:32] [Coordinator] [ERROR] 未找到 reviewer.py，且框架内置 Reviewer 尚未实现
[2026-05-18 15:11:32] [Coordinator] [ERROR] 未找到 reviewer.py，且框架内置 Reviewer 尚未实现
[2026-05-18 15:11:32] [Coordinator] [WARNING] Reviewer 第242章失败，重试(1/3)
[2026-05-18 15:11:32] [Coordinator] [ERROR] 未找到 reviewer.py，且框架内置 Reviewer 尚未实现
[2026-05-18 15:11:32] [Coordinator] [WARNING] Reviewer 第245章失败，重试(1/3)
[2026-05-18 15:11:32] [Coordinator] [WARNING] Reviewer 第246章失败，重试(1/3)
[2026-05-18 15:11:32] [Coordinator] [ERROR] 未找到 reviewer.py，且框架内置 Reviewer 尚未实现
[2026-05-18 15:11:32] [Coordinator] [WARNING] Reviewer 第247章失败，重试(1/3)
[2026-05-18 15:11:32] [Coordinator] [ERROR] 未找到 reviewer.py，且框架内置 Reviewer 尚未实现
[2026-05-18 15:11:32] [Coordinator] [WARNING] Reviewer 第248章失败，重试(1/3)
[2026-05-18 15:11:32] [Coordinator] [ERROR] 未找到 reviewer.py，且框架内置 Reviewer 尚未实现
[2026-05-18 15:11:32] [Coordinator] [ERROR] 未找到 reviewer.py，且框架内置 Reviewer 尚未实现
[2026-05-18 15:11:32] [Coordinator] [WARNING] Reviewer 第249章失败，重试(1/3)
[2026-05-18 15:11:32] [Coordinator] [ERROR] 未找到 reviewer.py，且框架内置 Reviewer 尚未实现
[2026-05-18 15:11:32] [Coordinator] [WARNING] Reviewer 第250章失败，重试(1/3)
[2026-05-18 15:11:32] [Coordinator] [WARNING] Reviewer 第251章失败，重试(1/3)
[2026-05-18 15:11:32] [Coordinator] [ERROR] 未找到 reviewer.py，且框架内置 Reviewer 尚未实现
[2026-05-18 15:11:32] [Coordinator] [WARNING] Reviewer 第252章失败，重试(1/3)
[2026-05-18 15:11:32] [Coordinator] [ERROR] 未找到 reviewer.py，且框架内置 Reviewer 尚未实现
[2026-05-18 15:11:32] [Coordinator] [WARNING] Reviewer 第253章失败，重试(1/3)
[2026-05-18 15:11:32] [Coordinator] [ERROR] 未找到 reviewer.py，且框架内置 Reviewer 尚未实现
[2026-05-18 15:11:32] [Coordinator] [ERROR] 未找到 reviewer.py，且框架内置 Reviewer 尚未实现
[2026-05-18 15:11:32] [Coordinator] [WARNING] Reviewer 第254章失败，重试(1/3)
[2026-05-18 15:11:32] [Coordinator] [ERROR] 未找到 reviewer.py，且框架内置 Reviewer 尚未实现
[2026-05-18 15:11:32] [Coordinator] [WARNING] Reviewer 第255章失败，重试(1/3)
[2026-05-18 15:11:32] [Coordinator] [WARNING] Reviewer 第256章失败，重试(1/3)
[2026-05-18 15:11:32] [Coordinator] [ERROR] 未找到 reviewer.py，且框架内置 Reviewer 尚未实现
[2026-05-18 15:11:32] [Coordinator] [WARNING] Reviewer 第257章失败，重试(1/3)
[2026-05-18 15:11:32] [Coordinator] [ERROR] 未找到 reviewer.py，且框架内置 Reviewer 尚未实现
[2026-05-18 15:11:32] [Coordinator] [WARNING] Reviewer 第258章失败，重试(1/3)
[2026-05-18 15:11:32] [Coordinator] [ERROR] 未找到 reviewer.py，且框架内置 Reviewer 尚未实现
[2026-05-18 15:11:32] [Coordinator] [WARNING] Reviewer 第244章失败，重试(2/3)
[2026-05-18 15:11:32] [Coordinator] [ERROR] 未找到 reviewer.py，且框架内置 Reviewer 尚未实现
[2026-05-18 15:11:32] [Coordinator] [ERROR] 未找到 reviewer.py，且框架内置 Reviewer 尚未实现
[2026-05-18 15:11:32] [Coordinator] [ERROR] 未找到 reviewer.py，且框架内置 Reviewer 尚未实现
[2026-05-18 15:11:32] [Coordinator] [ERROR] 未找到 reviewer.py，且框架内置 Reviewer 尚未实现
[2026-05-18 15:11:32] [Coordinator] [ERROR] 未找到 reviewer.py，且框架内置 Reviewer 尚未实现
[2026-05-18 15:11:32] [Coordinator] [WARNING] Reviewer 第243章失败，重试(2/3)
[2026-05-18 15:11:32] [Coordinator] [WARNING] Reviewer 第260章失败，重试(1/3)
[2026-05-18 15:11:32] [Coordinator] [WARNING] Reviewer 第241章失败，重试(2/3)
[2026-05-18 15:11:32] [Coordinator] [WARNING] Reviewer 第259章失败，重试(1/3)
[2026-05-18 15:11:32] [Coordinator] [WARNING] Reviewer 第242章失败，重试(2/3)
[2026-05-18 15:11:32] [Coordinator] [ERROR] 未找到 reviewer.py，且框架内置 Reviewer 尚未实现
[2026-05-18 15:11:32] [Coordinator] [WARNING] Reviewer 第245章失败，重试(2/3)
[2026-05-18 15:11:32] [Coordinator] [ERROR] 未找到 reviewer.py，且框架内置 Reviewer 尚未实现
[2026-05-18 15:11:32] [Coordinator] [WARNING] Reviewer 第247章失败，重试(2/3)
[2026-05-18 15:11:32] [Coordinator] [ERROR] 未找到 reviewer.py，且框架内置 Reviewer 尚未实现
[2026-05-18 15:11:32] [Coordinator] [ERROR] 未找到 reviewer.py，且框架内置 Reviewer 尚未实现
[2026-05-18 15:11:32] [Coordinator] [WARNING] Reviewer 第246章失败，重试(2/3)
[2026-05-18 15:11:32] [Coordinator] [ERROR] 未找到 reviewer.py，且框架内置 Reviewer 尚未实现
[2026-05-18 15:11:32] [Coordinator] [WARNING] Reviewer 第248章失败，重试(2/3)
[2026-05-18 15:11:32] [Coordinator] [WARNING] Reviewer 第249章失败，重试(2/3)
[2026-05-18 15:11:32] [Coordinator] [ERROR] 未找到 reviewer.py，且框架内置 Reviewer 尚未实现
[2026-05-18 15:11:32] [Coordinator] [WARNING] Reviewer 第250章失败，重试(2/3)
[2026-05-18 15:11:32] [Coordinator] [ERROR] 未找到 reviewer.py，且框架内置 Reviewer 尚未实现
[2026-05-18 15:11:32] [Coordinator] [WARNING] Reviewer 第251章失败，重试(2/3)
[2026-05-18 15:11:32] [Coordinator] [ERROR] 未找到 reviewer.py，且框架内置 Reviewer 尚未实现
[2026-05-18 15:11:32] [Coordinator] [ERROR] 未找到 reviewer.py，且框架内置 Reviewer 尚未实现
[2026-05-18 15:11:32] [Coordinator] [WARNING] Reviewer 第252章失败，重试(2/3)
[2026-05-18 15:11:32] [Coordinator] [ERROR] 未找到 reviewer.py，且框架内置 Reviewer 尚未实现
[2026-05-18 15:11:32] [Coordinator] [WARNING] Reviewer 第253章失败，重试(2/3)
[2026-05-18 15:11:32] [Coordinator] [WARNING] Reviewer 第254章失败，重试(2/3)
[2026-05-18 15:11:32] [Coordinator] [ERROR] 未找到 reviewer.py，且框架内置 Reviewer 尚未实现
[2026-05-18 15:11:32] [Coordinator] [WARNING] Reviewer 第255章失败，重试(2/3)
[2026-05-18 15:11:32] [Coordinator] [ERROR] 未找到 reviewer.py，且框架内置 Reviewer 尚未实现
[2026-05-18 15:11:32] [Coordinator] [WARNING] Reviewer 第256章失败，重试(2/3)
[2026-05-18 15:11:32] [Coordinator] [ERROR] 未找到 reviewer.py，且框架内置 Reviewer 尚未实现
[2026-05-18 15:11:32] [Coordinator] [ERROR] 未找到 reviewer.py，且框架内置 Reviewer 尚未实现
[2026-05-18 15:11:32] [Coordinator] [WARNING] Reviewer 第257章失败，重试(2/3)
[2026-05-18 15:11:32] [Coordinator] [ERROR] 未找到 reviewer.py，且框架内置 Reviewer 尚未实现
[2026-05-18 15:11:32] [Coordinator] [WARNING] Reviewer 第258章失败，重试(2/3)
[2026-05-18 15:11:32] [Coordinator] [WARNING] Reviewer 第244章失败，重试(3/3)
[2026-05-18 15:11:32] [Coordinator] [ERROR] 未找到 reviewer.py，且框架内置 Reviewer 尚未实现
[2026-05-18 15:11:32] [Coordinator] [WARNING] Reviewer 第243章失败，重试(3/3)
[2026-05-18 15:11:32] [Coordinator] [ERROR] 未找到 reviewer.py，且框架内置 Reviewer 尚未实现
[2026-05-18 15:11:32] [Coordinator] [WARNING] Reviewer 第260章失败，重试(2/3)
[2026-05-18 15:11:32] [Coordinator] [ERROR] 未找到 reviewer.py，且框架内置 Reviewer 尚未实现
[2026-05-18 15:11:32] [Coordinator] [ERROR] 未找到 reviewer.py，且框架内置 Reviewer 尚未实现
[2026-05-18 15:11:32] [Coordinator] [WARNING] Reviewer 第241章失败，重试(3/3)
[2026-05-18 15:11:32] [Coordinator] [ERROR] 未找到 reviewer.py，且框架内置 Reviewer 尚未实现
[2026-05-18 15:11:32] [Coordinator] [WARNING] Reviewer 第259章失败，重试(2/3)
[2026-05-18 15:11:32] [Coordinator] [WARNING] Reviewer 第242章失败，重试(3/3)
[2026-05-18 15:11:32] [Coordinator] [ERROR] 未找到 reviewer.py，且框架内置 Reviewer 尚未实现
[2026-05-18 15:11:32] [Coordinator] [WARNING] Reviewer 第245章失败，重试(3/3)
[2026-05-18 15:11:32] [Coordinator] [ERROR] 未找到 reviewer.py，且框架内置 Reviewer 尚未实现
[2026-05-18 15:11:32] [Coordinator] [WARNING] Reviewer 第247章失败，重试(3/3)
[2026-05-18 15:11:32] [Coordinator] [ERROR] 未找到 reviewer.py，且框架内置 Reviewer 尚未实现
[2026-05-18 15:11:32] [Coordinator] [ERROR] 未找到 reviewer.py，且框架内置 Reviewer 尚未实现
[2026-05-18 15:11:32] [Coordinator] [WARNING] Reviewer 第246章失败，重试(3/3)
[2026-05-18 15:11:32] [Coordinator] [ERROR] 未找到 reviewer.py，且框架内置 Reviewer 尚未实现
[2026-05-18 15:11:32] [Coordinator] [WARNING] Reviewer 第248章失败，重试(3/3)
[2026-05-18 15:11:32] [Coordinator] [ERROR] 未找到 reviewer.py，且框架内置 Reviewer 尚未实现
[2026-05-18 15:11:32] [Coordinator] [ERROR] 未找到 reviewer.py，且框架内置 Reviewer 尚未实现
[2026-05-18 15:11:32] [Coordinator] [WARNING] Reviewer 第250章失败，重试(3/3)
[2026-05-18 15:11:32] [Coordinator] [ERROR] 未找到 reviewer.py，且框架内置 Reviewer 尚未实现
[2026-05-18 15:11:32] [Coordinator] [WARNING] Reviewer 第249章失败，重试(3/3)
[2026-05-18 15:11:32] [Coordinator] [WARNING] Reviewer 第253章失败，重试(3/3)
[2026-05-18 15:11:32] [Coordinator] [ERROR] 未找到 reviewer.py，且框架内置 Reviewer 尚未实现
[2026-05-18 15:11:32] [Coordinator] [WARNING] Reviewer 第252章失败，重试(3/3)
[2026-05-18 15:11:32] [Coordinator] [WARNING] Reviewer 第251章失败，重试(3/3)
[2026-05-18 15:11:32] [Coordinator] [ERROR] 未找到 reviewer.py，且框架内置 Reviewer 尚未实现
[2026-05-18 15:11:32] [Coordinator] [WARNING] Reviewer 第255章失败，重试(3/3)
[2026-05-18 15:11:32] [Coordinator] [ERROR] 未找到 reviewer.py，且框架内置 Reviewer 尚未实现
[2026-05-18 15:11:32] [Coordinator] [WARNING] Reviewer 第254章失败，重试(3/3)
[2026-05-18 15:11:32] [Coordinator] [ERROR] 未找到 reviewer.py，且框架内置 Reviewer 尚未实现
[2026-05-18 15:11:32] [Coordinator] [ERROR] 未找到 reviewer.py，且框架内置 Reviewer 尚未实现
[2026-05-18 15:11:32] [Coordinator] [WARNING] Reviewer 第256章失败，重试(3/3)
[2026-05-18 15:11:32] [Coordinator] [ERROR] 未找到 reviewer.py，且框架内置 Reviewer 尚未实现
[2026-05-18 15:11:32] [Coordinator] [WARNING] Reviewer 第257章失败，重试(3/3)
[2026-05-18 15:11:32] [Coordinator] [WARNING] Reviewer 第258章失败，重试(3/3)
[2026-05-18 15:11:32] [Coordinator] [ERROR] 未找到 reviewer.py，且框架内置 Reviewer 尚未实现
[2026-05-18 15:11:32] [Coordinator] [ERROR] Reviewer 第244章彻底失败
[2026-05-18 15:11:32] [Coordinator] [ERROR] 未找到 reviewer.py，且框架内置 Reviewer 尚未实现
[2026-05-18 15:11:32] [Coordinator] [ERROR] Reviewer 第243章彻底失败
[2026-05-18 15:11:32] [Coordinator] [ERROR] 未找到 reviewer.py，且框架内置 Reviewer 尚未实现
[2026-05-18 15:11:32] [Coordinator] [ERROR] 未找到 reviewer.py，且框架内置 Reviewer 尚未实现
[2026-05-18 15:11:32] [Coordinator] [WARNING] Reviewer 第260章失败，重试(3/3)
[2026-05-18 15:11:32] [Coordinator] [ERROR] 未找到 reviewer.py，且框架内置 Reviewer 尚未实现
[2026-05-18 15:11:32] [Coordinator] [ERROR] Reviewer 第241章彻底失败
[2026-05-18 15:11:32] [Coordinator] [WARNING] Reviewer 第259章失败，重试(3/3)
[2026-05-18 15:11:32] [Coordinator] [ERROR] 未找到 reviewer.py，且框架内置 Reviewer 尚未实现
[2026-05-18 15:11:32] [Coordinator] [ERROR] Reviewer 第242章彻底失败
[2026-05-18 15:11:32] [Coordinator] [ERROR] 未找到 reviewer.py，且框架内置 Reviewer 尚未实现
[2026-05-18 15:11:32] [Coordinator] [ERROR] Reviewer 第245章彻底失败
[2026-05-18 15:11:32] [Coordinator] [ERROR] 未找到 reviewer.py，且框架内置 Reviewer 尚未实现
[2026-05-18 15:11:32] [Coordinator] [ERROR] 未找到 reviewer.py，且框架内置 Reviewer 尚未实现
[2026-05-18 15:11:32] [Coordinator] [ERROR] Reviewer 第247章彻底失败
[2026-05-18 15:11:32] [Coordinator] [ERROR] 未找到 reviewer.py，且框架内置 Reviewer 尚未实现
[2026-05-18 15:11:32] [Coordinator] [ERROR] Reviewer 第246章彻底失败
[2026-05-18 15:11:32] [Coordinator] [ERROR] Reviewer 第248章彻底失败
[2026-05-18 15:11:32] [Coordinator] [ERROR] 未找到 reviewer.py，且框架内置 Reviewer 尚未实现
[2026-05-18 15:11:32] [Coordinator] [ERROR] Reviewer 第250章彻底失败
[2026-05-18 15:11:32] [Coordinator] [ERROR] 未找到 reviewer.py，且框架内置 Reviewer 尚未实现
[2026-05-18 15:11:32] [Coordinator] [ERROR] Reviewer 第249章彻底失败
[2026-05-18 15:11:32] [Coordinator] [ERROR] 未找到 reviewer.py，且框架内置 Reviewer 尚未实现
[2026-05-18 15:11:32] [Coordinator] [ERROR] 未找到 reviewer.py，且框架内置 Reviewer 尚未实现
[2026-05-18 15:11:32] [Coordinator] [ERROR] Reviewer 第253章彻底失败
[2026-05-18 15:11:32] [Coordinator] [ERROR] 未找到 reviewer.py，且框架内置 Reviewer 尚未实现
[2026-05-18 15:11:32] [Coordinator] [ERROR] Reviewer 第252章彻底失败
[2026-05-18 15:11:32] [Coordinator] [ERROR] Reviewer 第251章彻底失败
[2026-05-18 15:11:32] [Coordinator] [ERROR] 未找到 reviewer.py，且框架内置 Reviewer 尚未实现
[2026-05-18 15:11:32] [Coordinator] [ERROR] 未找到 reviewer.py，且框架内置 Reviewer 尚未实现
[2026-05-18 15:11:32] [Coordinator] [ERROR] 未找到 reviewer.py，且框架内置 Reviewer 尚未实现
[2026-05-18 15:11:32] [Coordinator] [ERROR] 未找到 reviewer.py，且框架内置 Reviewer 尚未实现
[2026-05-18 15:11:32] [Coordinator] [ERROR] Reviewer 第257章彻底失败
[2026-05-18 15:11:32] [Coordinator] [ERROR] Reviewer 第255章彻底失败
[2026-05-18 15:11:32] [Coordinator] [ERROR] Reviewer 第256章彻底失败
[2026-05-18 15:11:32] [Coordinator] [ERROR] Reviewer 第254章彻底失败
[2026-05-18 15:11:32] [Coordinator] [ERROR] 未找到 reviewer.py，且框架内置 Reviewer 尚未实现
[2026-05-18 15:11:32] [Coordinator] [ERROR] Reviewer 第258章彻底失败
[2026-05-18 15:11:32] [Coordinator] [ERROR] 未找到 reviewer.py，且框架内置 Reviewer 尚未实现
[2026-05-18 15:11:32] [Coordinator] [ERROR] Reviewer 第259章彻底失败
[2026-05-18 15:11:32] [Coordinator] [ERROR] 未找到 reviewer.py，且框架内置 Reviewer 尚未实现
[2026-05-18 15:11:32] [Coordinator] [ERROR] Reviewer 第260章彻底失败
[2026-05-18 15:11:34] [Coordinator] [INFO] Reviewer 批次完成: 成功 0 章, 失败 20 章
[2026-05-18 15:11:34] [Coordinator] [WARNING] Reviewer 失败: [244, 243, 241, 242, 245, 248, 247, 246, 250, 249, 251, 253, 252, 255, 256, 254, 257, 258, 259, 260]
[2026-05-18 15:11:34] [Coordinator] [INFO] 检测到 20 章草稿缺失，开始补全...
[2026-05-18 15:11:34] [Coordinator] [INFO] 工作队列: 20 个任务, 3 workers [FillDraft]
[2026-05-18 15:11:34] [Coordinator] [WARNING] FillDraft 第241章失败，重试(1/3)
[2026-05-18 15:11:34] [Coordinator] [WARNING] FillDraft 第243章失败，重试(1/3)
[2026-05-18 15:11:34] [Coordinator] [WARNING] FillDraft 第242章失败，重试(1/3)
[2026-05-18 15:11:34] [Coordinator] [WARNING] FillDraft 第244章失败，重试(1/3)
[2026-05-18 15:11:34] [Coordinator] [WARNING] FillDraft 第245章失败，重试(1/3)
[2026-05-18 15:11:34] [Coordinator] [WARNING] FillDraft 第246章失败，重试(1/3)
[2026-05-18 15:11:34] [Coordinator] [WARNING] FillDraft 第247章失败，重试(1/3)
[2026-05-18 15:11:34] [Coordinator] [WARNING] FillDraft 第248章失败，重试(1/3)
[2026-05-18 15:11:34] [Coordinator] [WARNING] FillDraft 第249章失败，重试(1/3)
[2026-05-18 15:11:34] [Coordinator] [WARNING] FillDraft 第250章失败，重试(1/3)
[2026-05-18 15:12:24] [Coordinator] [DEBUG] FillDraft 第252章完成
