[2026-05-18 14:31:02] [Planner] [INFO] ============================================================
[2026-05-18 14:31:02] [Planner] [INFO] Planner Agent 启动
[2026-05-18 14:31:02] [Planner] [INFO] ============================================================
[2026-05-18 14:31:02] [Planner] [INFO] world.json 已存在，跳过
[2026-05-18 14:31:02] [Planner] [INFO] characters.json 已存在，跳过
[2026-05-18 14:31:26] [Planner] [INFO] ============================================================
[2026-05-18 14:31:26] [Planner] [INFO] Planner Agent 启动
[2026-05-18 14:31:26] [Planner] [INFO] ============================================================
[2026-05-18 14:31:26] [Planner] [INFO] world.json 已存在，跳过
[2026-05-18 14:31:26] [Planner] [INFO] characters.json 已存在，跳过
[2026-05-18 14:31:26] [Planner] [INFO] 正在生成第 1-25 章大纲...
[2026-05-18 14:34:20] [Planner] [INFO] 第 1-25 章大纲已生成（0章）
[2026-05-18 14:34:20] [Planner] [INFO] 正在生成第 26-50 章大纲...
[2026-05-18 14:36:33] [Planner] [INFO] 第 26-50 章大纲已生成（25章）
[2026-05-18 14:36:33] [Planner] [INFO] 正在生成第 51-75 章大纲...
[2026-05-18 14:38:44] [Planner] [INFO] 第 51-75 章大纲已生成（25章）
[2026-05-18 14:38:44] [Planner] [INFO] 正在生成第 76-100 章大纲...
[2026-05-18 14:40:48] [Planner] [INFO] 第 76-100 章大纲已生成（25章）
[2026-05-18 14:40:48] [Planner] [INFO] 正在生成第 101-125 章大纲...
[2026-05-18 14:43:08] [Planner] [INFO] 第 101-125 章大纲已生成（25章）
[2026-05-18 14:43:08] [Planner] [INFO] 正在生成第 126-150 章大纲...
[2026-05-18 14:45:01] [Planner] [INFO] 第 126-150 章大纲已生成（25章）
[2026-05-18 14:45:01] [Planner] [INFO] 正在生成第 151-175 章大纲...
[2026-05-18 14:45:32] [Planner] [INFO] ============================================================
[2026-05-18 14:45:32] [Planner] [INFO] Planner Agent 启动
[2026-05-18 14:45:32] [Planner] [INFO] ============================================================
[2026-05-18 14:45:32] [Planner] [INFO] world.json 已存在，跳过
[2026-05-18 14:45:32] [Planner] [INFO] characters.json 已存在，跳过
[2026-05-18 14:45:32] [Planner] [INFO] 检测到已有大纲，共 125 章，从第 151 章继续
[2026-05-18 14:45:32] [Planner] [INFO] 正在生成第 151-175 章大纲...
[2026-05-18 14:47:28] [Planner] [INFO] 第 151-175 章大纲已生成（25章）
[2026-05-18 14:47:28] [Planner] [INFO] 正在生成第 176-200 章大纲...
[2026-05-18 14:47:40] [Planner] [INFO] 第 151-175 章大纲已生成（25章）
[2026-05-18 14:47:40] [Planner] [INFO] 正在生成第 176-200 章大纲...
[2026-05-18 14:49:36] [Planner] [INFO] 第 176-200 章大纲已生成（25章）
[2026-05-18 14:49:36] [Planner] [INFO] 正在生成第 201-225 章大纲...
[2026-05-18 14:49:41] [Planner] [INFO] 第 176-200 章大纲已生成（25章）
[2026-05-18 14:49:41] [Planner] [INFO] 正在生成第 201-225 章大纲...
[2026-05-18 14:51:12] [Planner] [INFO] 第 201-225 章大纲已生成（25章）
[2026-05-18 14:51:12] [Planner] [INFO] 正在生成第 226-250 章大纲...
[2026-05-18 14:51:46] [Planner] [INFO] 第 201-225 章大纲已生成（25章）
[2026-05-18 14:51:46] [Planner] [INFO] 正在生成第 226-250 章大纲...
[2026-05-18 14:53:09] [Planner] [INFO] 第 226-250 章大纲已生成（25章）
[2026-05-18 14:53:09] [Planner] [INFO] 正在生成第 251-275 章大纲...
[2026-05-18 14:53:57] [Planner] [ERROR] 第 226-250 章大纲生成失败
[2026-05-18 14:53:57] [Planner] [INFO] 正在生成第 251-275 章大纲...
[2026-05-18 14:55:20] [Planner] [INFO] 第 251-275 章大纲已生成（25章）
[2026-05-18 14:55:20] [Planner] [INFO] 正在生成第 276-300 章大纲...
[2026-05-18 14:55:37] [Planner] [INFO] 第 251-275 章大纲已生成（25章）
[2026-05-18 14:55:37] [Planner] [INFO] 正在生成第 276-300 章大纲...
[2026-05-18 14:57:55] [Planner] [INFO] 第 276-300 章大纲已生成（0章）
[2026-05-18 14:57:55] [Planner] [INFO] 正在生成第 301-325 章大纲...
[2026-05-18 14:58:07] [Planner] [INFO] 第 276-300 章大纲已生成（0章）
[2026-05-18 14:58:07] [Planner] [INFO] 正在生成第 301-325 章大纲...
[2026-05-18 14:59:41] [Planner] [INFO] 第 301-325 章大纲已生成（25章）
[2026-05-18 14:59:41] [Planner] [INFO] 正在生成第 326-350 章大纲...
[2026-05-18 14:59:54] [Planner] [INFO] 第 301-325 章大纲已生成（25章）
[2026-05-18 14:59:54] [Planner] [INFO] 正在生成第 326-350 章大纲...
[2026-05-18 15:01:13] [Planner] [INFO] 第 326-350 章大纲已生成（25章）
[2026-05-18 15:01:13] [Planner] [INFO] 正在生成第 351-375 章大纲...
[2026-05-18 15:01:31] [Planner] [INFO] 第 326-350 章大纲已生成（25章）
[2026-05-18 15:01:31] [Planner] [INFO] 正在生成第 351-375 章大纲...
[2026-05-18 15:03:17] [Planner] [INFO] 第 351-375 章大纲已生成（25章）
[2026-05-18 15:03:17] [Planner] [INFO] 正在生成第 376-400 章大纲...
[2026-05-18 15:03:25] [Planner] [INFO] 第 351-375 章大纲已生成（25章）
[2026-05-18 15:03:25] [Planner] [INFO] 正在生成第 376-400 章大纲...
[2026-05-18 15:05:05] [Planner] [INFO] ============================================================
[2026-05-18 15:05:05] [Planner] [INFO] Planner Agent 启动
[2026-05-18 15:05:05] [Planner] [INFO] ============================================================
[2026-05-18 15:05:05] [Planner] [INFO] world.json 已存在，跳过
[2026-05-18 15:05:05] [Planner] [INFO] characters.json 已存在，跳过
[2026-05-18 15:05:05] [Planner] [INFO] 检测到已有大纲，共 300 章，从第 376 章继续
[2026-05-18 15:05:05] [Planner] [INFO] 正在生成第 376-400 章大纲...
[2026-05-18 15:05:17] [Planner] [INFO] 第 376-400 章大纲已生成（25章）
[2026-05-18 15:05:17] [Planner] [INFO] 正在生成第 401-425 章大纲...
[2026-05-18 15:05:37] [Planner] [INFO] 第 376-400 章大纲已生成（25章）
[2026-05-18 15:05:37] [Planner] [INFO] 正在生成第 401-425 章大纲...
[2026-05-18 15:06:43] [Planner] [INFO] 第 376-400 章大纲已生成（25章）
[2026-05-18 15:06:43] [Planner] [INFO] 正在生成第 401-425 章大纲...
[2026-05-18 15:06:50] [Planner] [INFO] 第 401-425 章大纲已生成（25章）
[2026-05-18 15:06:50] [Planner] [INFO] 正在生成第 426-450 章大纲...
[2026-05-18 15:07:13] [Planner] [INFO] 第 401-425 章大纲已生成（25章）
[2026-05-18 15:07:13] [Planner] [INFO] 正在生成第 426-450 章大纲...
[2026-05-18 15:08:44] [Planner] [INFO] 第 426-450 章大纲已生成（25章）
[2026-05-18 15:08:44] [Planner] [INFO] 正在生成第 451-475 章大纲...
[2026-05-18 15:09:04] [Planner] [INFO] 第 401-425 章大纲已生成（25章）
[2026-05-18 15:09:04] [Planner] [INFO] 正在生成第 426-450 章大纲...
[2026-05-18 15:09:04] [Planner] [INFO] 第 426-450 章大纲已生成（25章）
[2026-05-18 15:09:04] [Planner] [INFO] 正在生成第 451-475 章大纲...
[2026-05-18 15:10:43] [Planner] [INFO] 第 451-475 章大纲已生成（25章）
[2026-05-18 15:10:43] [Planner] [INFO] 正在生成第 476-500 章大纲...
[2026-05-18 15:10:52] [Planner] [INFO] 第 451-475 章大纲已生成（25章）
[2026-05-18 15:10:52] [Planner] [INFO] 正在生成第 476-500 章大纲...
[2026-05-18 15:11:25] [Planner] [INFO] 第 426-450 章大纲已生成（25章）
[2026-05-18 15:11:25] [Planner] [INFO] 正在生成第 451-475 章大纲...
[2026-05-18 15:12:29] [Planner] [INFO] 第 476-500 章大纲已生成（25章）
[2026-05-18 15:12:29] [Planner] [INFO] 正在生成第 501-525 章大纲...
[2026-05-18 15:12:47] [Planner] [INFO] 第 476-500 章大纲已生成（25章）
[2026-05-18 15:12:47] [Planner] [INFO] 正在生成第 501-525 章大纲...
[2026-05-18 15:13:25] [Planner] [INFO] 第 451-475 章大纲已生成（25章）
[2026-05-18 15:13:25] [Planner] [INFO] 正在生成第 476-500 章大纲...
[2026-05-18 15:14:09] [Planner] [INFO] 第 501-525 章大纲已生成（25章）
[2026-05-18 15:14:09] [Planner] [INFO] 正在生成第 526-550 章大纲...
[2026-05-18 15:14:26] [Planner] [INFO] 第 501-525 章大纲已生成（25章）
[2026-05-18 15:14:26] [Planner] [INFO] 正在生成第 526-550 章大纲...
[2026-05-18 15:15:13] [Planner] [INFO] 第 476-500 章大纲已生成（25章）
[2026-05-18 15:15:13] [Planner] [INFO] 正在生成第 501-525 章大纲...
[2026-05-18 15:16:16] [Planner] [INFO] 第 526-550 章大纲已生成（0章）
[2026-05-18 15:16:16] [Planner] [INFO] 正在生成第 551-575 章大纲...
[2026-05-18 15:16:23] [Planner] [INFO] 第 526-550 章大纲已生成（0章）
[2026-05-18 15:16:23] [Planner] [INFO] 正在生成第 551-575 章大纲...
[2026-05-18 15:16:56] [Planner] [INFO] 第 501-525 章大纲已生成（25章）
[2026-05-18 15:16:56] [Planner] [INFO] 正在生成第 526-550 章大纲...
[2026-05-18 15:18:17] [Planner] [INFO] 第 551-575 章大纲已生成（25章）
[2026-05-18 15:18:17] [Planner] [INFO] 正在生成第 576-600 章大纲...
[2026-05-18 15:18:34] [Planner] [INFO] 第 551-575 章大纲已生成（25章）
[2026-05-18 15:18:34] [Planner] [INFO] 正在生成第 576-600 章大纲...
[2026-05-18 15:19:22] [Planner] [INFO] 第 526-550 章大纲已生成（25章）
[2026-05-18 15:19:22] [Planner] [INFO] 正在生成第 551-575 章大纲...
[2026-05-18 15:20:10] [Planner] [INFO] 第 576-600 章大纲已生成（0章）
[2026-05-18 15:20:10] [Planner] [INFO] 正在生成第 601-625 章大纲...
[2026-05-18 15:20:33] [Planner] [INFO] 第 576-600 章大纲已生成（25章）
[2026-05-18 15:20:33] [Planner] [INFO] 正在生成第 601-625 章大纲...
[2026-05-18 15:21:21] [Planner] [INFO] 第 551-575 章大纲已生成（25章）
[2026-05-18 15:21:21] [Planner] [INFO] 正在生成第 576-600 章大纲...
[2026-05-18 15:22:01] [Planner] [INFO] 第 601-625 章大纲已生成（25章）
[2026-05-18 15:22:01] [Planner] [INFO] 正在生成第 626-650 章大纲...
[2026-05-18 15:22:26] [Planner] [INFO] 第 601-625 章大纲已生成（25章）
[2026-05-18 15:22:26] [Planner] [INFO] 正在生成第 626-650 章大纲...
[2026-05-18 15:23:37] [Planner] [INFO] 第 576-600 章大纲已生成（25章）
[2026-05-18 15:23:37] [Planner] [INFO] 正在生成第 601-625 章大纲...
[2026-05-18 15:23:47] [Planner] [INFO] 第 626-650 章大纲已生成（25章）
[2026-05-18 15:23:47] [Planner] [INFO] 正在生成第 651-675 章大纲...
[2026-05-18 15:24:09] [Planner] [INFO] 第 626-650 章大纲已生成（25章）
[2026-05-18 15:24:09] [Planner] [INFO] 正在生成第 651-675 章大纲...
[2026-05-18 15:26:01] [Planner] [INFO] 第 601-625 章大纲已生成（25章）
[2026-05-18 15:26:01] [Planner] [INFO] 正在生成第 626-650 章大纲...
[2026-05-18 15:28:23] [Planner] [INFO] 第 626-650 章大纲已生成（25章）
[2026-05-18 15:28:23] [Planner] [INFO] 正在生成第 651-675 章大纲...
[2026-05-18 15:30:29] [Planner] [INFO] 第 651-675 章大纲已生成（25章）
[2026-05-18 15:30:29] [Planner] [INFO] 正在生成第 676-700 章大纲...
[2026-05-18 15:32:27] [Planner] [INFO] 第 676-700 章大纲已生成（25章）
[2026-05-18 15:32:27] [Planner] [INFO] 正在生成第 701-725 章大纲...
[2026-05-18 15:34:37] [Planner] [INFO] 第 701-725 章大纲已生成（25章）
[2026-05-18 15:34:37] [Planner] [INFO] 正在生成第 726-750 章大纲...
[2026-05-18 15:36:42] [Planner] [INFO] 第 726-750 章大纲已生成（25章）
[2026-05-18 15:36:42] [Planner] [INFO] 正在生成第 751-775 章大纲...
[2026-05-18 15:38:37] [Planner] [INFO] 第 751-775 章大纲已生成（25章）
[2026-05-18 15:38:37] [Planner] [INFO] 正在生成第 776-800 章大纲...
[2026-05-18 15:40:49] [Planner] [INFO] 第 776-800 章大纲已生成（25章）
[2026-05-18 15:40:49] [Planner] [INFO] 正在生成第 801-825 章大纲...
[2026-05-18 15:42:40] [Planner] [INFO] 第 801-825 章大纲已生成（25章）
[2026-05-18 15:42:40] [Planner] [INFO] 正在生成第 826-850 章大纲...
[2026-05-18 15:44:44] [Planner] [INFO] 第 826-850 章大纲已生成（25章）
[2026-05-18 15:44:44] [Planner] [INFO] 正在生成第 851-875 章大纲...
[2026-05-18 15:47:54] [Planner] [INFO] ============================================================
[2026-05-18 15:47:54] [Planner] [INFO] Planner Agent 启动 | 范围: 1-500 | 批次: 50
[2026-05-18 15:47:54] [Planner] [INFO] ============================================================
[2026-05-18 15:47:54] [Planner] [INFO] world.json 已存在，跳过
[2026-05-18 15:47:54] [Planner] [INFO] characters.json 已存在，跳过
[2026-05-18 15:47:54] [Planner] [INFO] 正在生成第 1-50 章大纲...
[2026-05-18 15:47:56] [Planner] [INFO] ============================================================
[2026-05-18 15:47:56] [Planner] [INFO] Planner Agent 启动 | 范围: 501-1000 | 批次: 50
[2026-05-18 15:47:56] [Planner] [INFO] ============================================================
[2026-05-18 15:47:56] [Planner] [INFO] 正在生成第 501-550 章大纲...
[2026-05-18 15:47:58] [Planner] [INFO] ============================================================
[2026-05-18 15:47:58] [Planner] [INFO] Planner Agent 启动 | 范围: 1001-1500 | 批次: 50
[2026-05-18 15:47:58] [Planner] [INFO] ============================================================
[2026-05-18 15:47:58] [Planner] [INFO] 正在生成第 1001-1050 章大纲...
[2026-05-18 15:48:00] [Planner] [INFO] ============================================================
[2026-05-18 15:48:00] [Planner] [INFO] Planner Agent 启动 | 范围: 1501-2000 | 批次: 50
[2026-05-18 15:48:00] [Planner] [INFO] ============================================================
[2026-05-18 15:48:00] [Planner] [INFO] 正在生成第 1501-1550 章大纲...
[2026-05-18 15:48:35] [Planner] [INFO] ============================================================
[2026-05-18 15:48:35] [Planner] [INFO] Planner Agent 启动 | 范围: 1-500 | 批次: 50
[2026-05-18 15:48:35] [Planner] [INFO] ============================================================
[2026-05-18 15:48:35] [Planner] [INFO] world.json 已存在，跳过
[2026-05-18 15:48:35] [Planner] [INFO] characters.json 已存在，跳过
[2026-05-18 15:48:35] [Planner] [INFO] 正在生成第 1-50 章大纲...
[2026-05-18 15:48:37] [Planner] [INFO] ============================================================
[2026-05-18 15:48:37] [Planner] [INFO] Planner Agent 启动 | 范围: 501-1000 | 批次: 50
[2026-05-18 15:48:37] [Planner] [INFO] ============================================================
[2026-05-18 15:48:37] [Planner] [INFO] 正在生成第 501-550 章大纲...
[2026-05-18 15:48:39] [Planner] [INFO] ============================================================
[2026-05-18 15:48:39] [Planner] [INFO] Planner Agent 启动 | 范围: 1001-1500 | 批次: 50
[2026-05-18 15:48:39] [Planner] [INFO] ============================================================
[2026-05-18 15:48:39] [Planner] [INFO] 正在生成第 1001-1050 章大纲...
[2026-05-18 15:48:41] [Planner] [INFO] ============================================================
[2026-05-18 15:48:41] [Planner] [INFO] Planner Agent 启动 | 范围: 1501-2000 | 批次: 50
[2026-05-18 15:48:41] [Planner] [INFO] ============================================================
[2026-05-18 15:48:41] [Planner] [INFO] 正在生成第 1501-1550 章大纲...
[2026-05-18 15:50:14] [Planner] [INFO] 第 501-550 章大纲已生成（0章）
[2026-05-18 15:50:14] [Planner] [INFO] 正在生成第 551-600 章大纲...
[2026-05-18 15:50:17] [Planner] [INFO] 第 1501-1550 章大纲已生成（0章）
[2026-05-18 15:50:17] [Planner] [INFO] 正在生成第 1551-1600 章大纲...
[2026-05-18 15:50:17] [Planner] [INFO] 第 1001-1050 章大纲已生成（0章）
[2026-05-18 15:50:17] [Planner] [INFO] 正在生成第 1051-1100 章大纲...
[2026-05-18 15:50:21] [Planner] [INFO] 第 1-50 章大纲已生成（0章）
[2026-05-18 15:50:21] [Planner] [INFO] 正在生成第 51-100 章大纲...
[2026-05-18 15:51:00] [Planner] [INFO] 第 501-550 章大纲已生成（0章）
[2026-05-18 15:51:00] [Planner] [INFO] 正在生成第 551-600 章大纲...
[2026-05-18 15:51:04] [Planner] [INFO] 第 1501-1550 章大纲已生成（0章）
[2026-05-18 15:51:04] [Planner] [INFO] 正在生成第 1551-1600 章大纲...
[2026-05-18 15:51:08] [Planner] [INFO] 第 1001-1050 章大纲已生成（0章）
[2026-05-18 15:51:08] [Planner] [INFO] 正在生成第 1051-1100 章大纲...
[2026-05-18 15:51:24] [Planner] [INFO] 第 1-50 章大纲已生成（0章）
[2026-05-18 15:51:24] [Planner] [INFO] 正在生成第 51-100 章大纲...
[2026-05-18 15:52:40] [Planner] [INFO] 第 1551-1600 章大纲已生成（0章）
[2026-05-18 15:52:40] [Planner] [INFO] 正在生成第 1601-1650 章大纲...
[2026-05-18 15:52:45] [Planner] [INFO] 第 1051-1100 章大纲已生成（0章）
[2026-05-18 15:52:45] [Planner] [INFO] 正在生成第 1101-1150 章大纲...
[2026-05-18 15:52:45] [Planner] [INFO] 第 551-600 章大纲已生成（0章）
[2026-05-18 15:52:45] [Planner] [INFO] 正在生成第 601-650 章大纲...
[2026-05-18 15:53:15] [Planner] [INFO] 第 51-100 章大纲已生成（0章）
[2026-05-18 15:53:15] [Planner] [INFO] 正在生成第 101-150 章大纲...
[2026-05-18 15:53:29] [Planner] [INFO] 第 1051-1100 章大纲已生成（0章）
[2026-05-18 15:53:29] [Planner] [INFO] 正在生成第 1101-1150 章大纲...
[2026-05-18 15:53:32] [Planner] [INFO] 第 551-600 章大纲已生成（0章）
[2026-05-18 15:53:32] [Planner] [INFO] 正在生成第 601-650 章大纲...
[2026-05-18 15:53:33] [Planner] [INFO] 第 1551-1600 章大纲已生成（0章）
[2026-05-18 15:53:33] [Planner] [INFO] 正在生成第 1601-1650 章大纲...
[2026-05-18 15:53:58] [Planner] [INFO] 第 51-100 章大纲已生成（0章）
[2026-05-18 15:53:58] [Planner] [INFO] 正在生成第 101-150 章大纲...
[2026-05-18 15:54:06] [Planner] [ERROR] 第 601-650 章大纲生成失败
[2026-05-18 15:54:06] [Planner] [INFO] 正在生成第 651-700 章大纲...
[2026-05-18 15:55:09] [Planner] [INFO] 第 1101-1150 章大纲已生成（0章）
[2026-05-18 15:55:09] [Planner] [INFO] 正在生成第 1151-1200 章大纲...
[2026-05-18 15:55:28] [Planner] [INFO] 第 1601-1650 章大纲已生成（0章）
[2026-05-18 15:55:28] [Planner] [INFO] 正在生成第 1651-1700 章大纲...
[2026-05-18 15:55:38] [Planner] [INFO] 第 101-150 章大纲已生成（0章）
[2026-05-18 15:55:38] [Planner] [INFO] 正在生成第 151-200 章大纲...
[2026-05-18 15:56:01] [Planner] [INFO] 第 1601-1650 章大纲已生成（0章）
[2026-05-18 15:56:01] [Planner] [INFO] 正在生成第 1651-1700 章大纲...
[2026-05-18 15:56:07] [Planner] [INFO] 第 1101-1150 章大纲已生成（0章）
[2026-05-18 15:56:07] [Planner] [INFO] 正在生成第 1151-1200 章大纲...
[2026-05-18 15:56:16] [Planner] [INFO] 第 601-650 章大纲已生成（0章）
[2026-05-18 15:56:16] [Planner] [INFO] 正在生成第 651-700 章大纲...
[2026-05-18 15:56:33] [Planner] [INFO] 第 101-150 章大纲已生成（0章）
[2026-05-18 15:56:33] [Planner] [INFO] 正在生成第 151-200 章大纲...
[2026-05-18 15:56:33] [Planner] [INFO] 第 651-700 章大纲已生成（0章）
[2026-05-18 15:56:33] [Planner] [INFO] 正在生成第 701-750 章大纲...
[2026-05-18 15:57:22] [Planner] [INFO] 第 1151-1200 章大纲已生成（0章）
[2026-05-18 15:57:22] [Planner] [INFO] 正在生成第 1201-1250 章大纲...
[2026-05-18 15:57:50] [Planner] [INFO] 第 1651-1700 章大纲已生成（0章）
[2026-05-18 15:57:50] [Planner] [INFO] 正在生成第 1701-1750 章大纲...
[2026-05-18 15:57:55] [Planner] [INFO] 第 151-200 章大纲已生成（0章）
[2026-05-18 15:57:55] [Planner] [INFO] 正在生成第 201-250 章大纲...
[2026-05-18 15:58:28] [Planner] [INFO] 第 1151-1200 章大纲已生成（0章）
[2026-05-18 15:58:28] [Planner] [INFO] 正在生成第 1201-1250 章大纲...
[2026-05-18 15:58:32] [Planner] [INFO] 第 651-700 章大纲已生成（0章）
[2026-05-18 15:58:32] [Planner] [INFO] 正在生成第 701-750 章大纲...
[2026-05-18 15:58:39] [Planner] [INFO] 第 1651-1700 章大纲已生成（0章）
[2026-05-18 15:58:39] [Planner] [INFO] 正在生成第 1701-1750 章大纲...
[2026-05-18 15:58:50] [Planner] [INFO] 第 701-750 章大纲已生成（0章）
[2026-05-18 15:58:50] [Planner] [INFO] 正在生成第 751-800 章大纲...
[2026-05-18 15:58:55] [Planner] [INFO] 第 151-200 章大纲已生成（0章）
[2026-05-18 15:58:55] [Planner] [INFO] 正在生成第 201-250 章大纲...
[2026-05-18 16:00:24] [Planner] [INFO] 第 201-250 章大纲已生成（0章）
[2026-05-18 16:00:24] [Planner] [INFO] 正在生成第 251-300 章大纲...
[2026-05-18 16:00:24] [Planner] [INFO] 第 1201-1250 章大纲已生成（0章）
[2026-05-18 16:00:24] [Planner] [INFO] 正在生成第 1251-1300 章大纲...
[2026-05-18 16:00:30] [Planner] [INFO] 第 1701-1750 章大纲已生成（0章）
[2026-05-18 16:00:30] [Planner] [INFO] 正在生成第 1751-1800 章大纲...
[2026-05-18 16:00:59] [Planner] [INFO] 第 701-750 章大纲已生成（0章）
[2026-05-18 16:00:59] [Planner] [INFO] 正在生成第 751-800 章大纲...
[2026-05-18 16:01:05] [Planner] [INFO] 第 1201-1250 章大纲已生成（0章）
[2026-05-18 16:01:05] [Planner] [INFO] 正在生成第 1251-1300 章大纲...
[2026-05-18 16:01:14] [Planner] [INFO] 第 1701-1750 章大纲已生成（0章）
[2026-05-18 16:01:14] [Planner] [INFO] 正在生成第 1751-1800 章大纲...
[2026-05-18 16:01:20] [Planner] [INFO] 第 751-800 章大纲已生成（0章）
[2026-05-18 16:01:20] [Planner] [INFO] 正在生成第 801-850 章大纲...
[2026-05-18 16:01:25] [Planner] [INFO] 第 201-250 章大纲已生成（0章）
[2026-05-18 16:01:25] [Planner] [INFO] 正在生成第 251-300 章大纲...
[2026-05-18 16:02:37] [Planner] [INFO] 第 251-300 章大纲已生成（0章）
[2026-05-18 16:02:37] [Planner] [INFO] 正在生成第 301-350 章大纲...
[2026-05-18 16:02:52] [Planner] [INFO] 第 1251-1300 章大纲已生成（0章）
[2026-05-18 16:02:52] [Planner] [INFO] 正在生成第 1301-1350 章大纲...
[2026-05-18 16:03:07] [Planner] [INFO] 第 1751-1800 章大纲已生成（0章）
[2026-05-18 16:03:07] [Planner] [INFO] 正在生成第 1801-1850 章大纲...
[2026-05-18 16:03:40] [Planner] [INFO] 第 1751-1800 章大纲已生成（50章）
[2026-05-18 16:03:40] [Planner] [INFO] 正在生成第 1801-1850 章大纲...
[2026-05-18 16:03:44] [Planner] [INFO] 第 751-800 章大纲已生成（0章）
[2026-05-18 16:03:44] [Planner] [INFO] 正在生成第 801-850 章大纲...
[2026-05-18 16:03:48] [Planner] [INFO] 第 801-850 章大纲已生成（0章）
[2026-05-18 16:03:48] [Planner] [INFO] 正在生成第 851-900 章大纲...
[2026-05-18 16:03:51] [Planner] [INFO] 第 1251-1300 章大纲已生成（0章）
[2026-05-18 16:03:51] [Planner] [INFO] 正在生成第 1301-1350 章大纲...
[2026-05-18 16:03:53] [Planner] [INFO] ============================================================
[2026-05-18 16:03:53] [Planner] [INFO] Planner Agent 启动 | 范围: 1-25 | 批次: 25
[2026-05-18 16:03:53] [Planner] [INFO] ============================================================
[2026-05-18 16:03:53] [Planner] [INFO] world.json 已存在，跳过
[2026-05-18 16:03:53] [Planner] [INFO] characters.json 已存在，跳过
[2026-05-18 16:03:53] [Planner] [INFO] 正在生成第 1-25 章大纲...
[2026-05-18 16:04:00] [Planner] [INFO] 第 251-300 章大纲已生成（50章）
[2026-05-18 16:04:00] [Planner] [INFO] 正在生成第 301-350 章大纲...
[2026-05-18 16:05:02] [Planner] [INFO] 第 301-350 章大纲已生成（0章）
[2026-05-18 16:05:02] [Planner] [INFO] 正在生成第 351-400 章大纲...
[2026-05-18 16:05:44] [Planner] [INFO] 第 1301-1350 章大纲已生成（0章）
[2026-05-18 16:05:44] [Planner] [INFO] 正在生成第 1351-1400 章大纲...
[2026-05-18 16:05:54] [Planner] [INFO] 第 1-25 章大纲已生成（25章）
[2026-05-18 16:05:54] [Planner] [INFO] 大纲已保存，共 25 章
[2026-05-18 16:05:54] [Planner] [ERROR] 大纲生成未完成
[2026-05-18 16:06:00] [Planner] [INFO] 第 1801-1850 章大纲已生成（0章）
[2026-05-18 16:06:00] [Planner] [INFO] 正在生成第 1851-1900 章大纲...
[2026-05-18 16:06:05] [Planner] [INFO] 第 1801-1850 章大纲已生成（0章）
[2026-05-18 16:06:06] [Planner] [INFO] 正在生成第 1851-1900 章大纲...
[2026-05-18 16:06:17] [Planner] [INFO] ============================================================
[2026-05-18 16:06:17] [Planner] [INFO] Planner Agent 启动 | 范围: 1-25 | 批次: 25
[2026-05-18 16:06:17] [Planner] [INFO] ============================================================
[2026-05-18 16:06:17] [Planner] [INFO] world.json 已存在，跳过
[2026-05-18 16:06:17] [Planner] [INFO] characters.json 已存在，跳过
[2026-05-18 16:06:17] [Planner] [INFO] 检测到已有大纲，共 25 章，从第 26 章继续
[2026-05-18 16:06:17] [Planner] [INFO] 大纲已完整，跳过
[2026-05-18 16:06:17] [Planner] [INFO] Planner 全部完成
[2026-05-18 16:06:20] [Planner] [INFO] 第 851-900 章大纲已生成（0章）
[2026-05-18 16:06:20] [Planner] [INFO] 正在生成第 901-950 章大纲...
[2026-05-18 16:06:23] [Planner] [INFO] 第 1301-1350 章大纲已生成（0章）
[2026-05-18 16:06:23] [Planner] [INFO] 正在生成第 1351-1400 章大纲...
[2026-05-18 16:06:23] [Planner] [INFO] 第 301-350 章大纲已生成（0章）
[2026-05-18 16:06:23] [Planner] [INFO] 正在生成第 351-400 章大纲...
[2026-05-18 16:06:29] [Planner] [INFO] 第 801-850 章大纲已生成（0章）
[2026-05-18 16:06:29] [Planner] [INFO] 正在生成第 851-900 章大纲...
[2026-05-18 16:07:35] [Planner] [INFO] 第 351-400 章大纲已生成（0章）
[2026-05-18 16:07:35] [Planner] [INFO] 正在生成第 401-450 章大纲...
[2026-05-18 16:07:43] [Planner] [INFO] ============================================================
[2026-05-18 16:07:43] [Planner] [INFO] Planner Agent 启动 | 范围: 851-2000 | 批次: 50
[2026-05-18 16:07:43] [Planner] [INFO] ============================================================
[2026-05-18 16:07:43] [Planner] [INFO] 检测到已有大纲，共 800 章，从第 851 章继续
[2026-05-18 16:07:43] [Planner] [INFO] 正在生成第 851-900 章大纲...
[2026-05-18 16:08:15] [Planner] [INFO] 第 1351-1400 章大纲已生成（0章）
[2026-05-18 16:08:15] [Planner] [INFO] 正在生成第 1401-1450 章大纲...
[2026-05-18 16:08:33] [Planner] [INFO] 第 1851-1900 章大纲已生成（0章）
[2026-05-18 16:08:33] [Planner] [INFO] 正在生成第 1901-1950 章大纲...
[2026-05-18 16:08:39] [Planner] [INFO] 第 1851-1900 章大纲已生成（0章）
[2026-05-18 16:08:39] [Planner] [INFO] 正在生成第 1901-1950 章大纲...
[2026-05-18 16:08:46] [Planner] [INFO] 第 901-950 章大纲已生成（0章）
[2026-05-18 16:08:46] [Planner] [INFO] 正在生成第 951-1000 章大纲...
[2026-05-18 16:08:59] [Planner] [INFO] 第 351-400 章大纲已生成（0章）
[2026-05-18 16:08:59] [Planner] [INFO] 正在生成第 401-450 章大纲...
[2026-05-18 16:09:00] [Planner] [INFO] 第 1351-1400 章大纲已生成（0章）
[2026-05-18 16:09:00] [Planner] [INFO] 正在生成第 1401-1450 章大纲...
[2026-05-18 16:09:08] [Planner] [INFO] 第 851-900 章大纲已生成（0章）
[2026-05-18 16:09:08] [Planner] [INFO] 正在生成第 901-950 章大纲...
[2026-05-18 16:10:06] [Planner] [INFO] 第 401-450 章大纲已生成（0章）
[2026-05-18 16:10:06] [Planner] [INFO] 正在生成第 451-500 章大纲...
[2026-05-18 16:10:10] [Planner] [INFO] 第 851-900 章大纲已生成（0章）
[2026-05-18 16:10:10] [Planner] [INFO] 正在生成第 901-950 章大纲...
[2026-05-18 16:10:13] [Planner] [INFO] ============================================================
[2026-05-18 16:10:13] [Planner] [INFO] Planner Agent 启动 | 范围: 851-2000 | 批次: 50
[2026-05-18 16:10:13] [Planner] [INFO] ============================================================
[2026-05-18 16:10:13] [Planner] [INFO] 检测到已有大纲，共 800 章，从第 851 章继续
[2026-05-18 16:10:13] [Planner] [INFO] 正在生成第 851-900 章大纲...
[2026-05-18 16:10:55] [Planner] [INFO] 第 1901-1950 章大纲已生成（0章）
[2026-05-18 16:10:55] [Planner] [INFO] 正在生成第 1951-2000 章大纲...
[2026-05-18 16:10:58] [Planner] [INFO] ============================================================
[2026-05-18 16:10:58] [Planner] [INFO] Planner Agent 启动 | 范围: 851-2000 | 批次: 50
[2026-05-18 16:10:58] [Planner] [INFO] ============================================================
[2026-05-18 16:10:58] [Planner] [INFO] 检测到已有大纲，共 800 章，从第 851 章继续
[2026-05-18 16:10:58] [Planner] [INFO] 正在生成第 851-900 章大纲...
[2026-05-18 16:10:58] [Planner] [INFO] 第 1401-1450 章大纲已生成（0章）
[2026-05-18 16:10:58] [Planner] [INFO] 正在生成第 1451-1500 章大纲...
[2026-05-18 16:11:15] [Planner] [INFO] 第 951-1000 章大纲已生成（0章）
[2026-05-18 16:11:15] [Planner] [INFO] 大纲已保存，共 0 章
[2026-05-18 16:11:15] [Planner] [ERROR] 大纲生成未完成
[2026-05-18 16:11:30] [Planner] [INFO] 第 1401-1450 章大纲已生成（0章）
[2026-05-18 16:11:30] [Planner] [INFO] 正在生成第 1451-1500 章大纲...
[2026-05-18 16:11:30] [Planner] [INFO] 第 901-950 章大纲已生成（0章）
[2026-05-18 16:11:30] [Planner] [INFO] 正在生成第 951-1000 章大纲...
[2026-05-18 16:11:37] [Planner] [INFO] 第 1901-1950 章大纲已生成（0章）
[2026-05-18 16:11:37] [Planner] [INFO] 正在生成第 1951-2000 章大纲...
[2026-05-18 16:12:01] [Planner] [INFO] 第 401-450 章大纲已生成（0章）
[2026-05-18 16:12:01] [Planner] [INFO] 正在生成第 451-500 章大纲...
[2026-05-18 16:12:03] [Planner] [INFO] ============================================================
[2026-05-18 16:12:03] [Planner] [INFO] Planner Agent 启动 | 范围: 851-2000 | 批次: 50
[2026-05-18 16:12:03] [Planner] [INFO] ============================================================
[2026-05-18 16:12:03] [Planner] [INFO] 检测到已有大纲，共 800 章，从第 851 章继续
[2026-05-18 16:12:03] [Planner] [INFO] 正在生成第 851-900 章大纲...
[2026-05-18 16:12:36] [Planner] [INFO] 第 851-900 章大纲已生成（0章）
[2026-05-18 16:12:36] [Planner] [INFO] 正在生成第 901-950 章大纲...
[2026-05-18 16:12:40] [Planner] [INFO] 第 901-950 章大纲已生成（0章）
[2026-05-18 16:12:40] [Planner] [INFO] 正在生成第 951-1000 章大纲...
[2026-05-18 16:12:53] [Planner] [INFO] 第 451-500 章大纲已生成（0章）
[2026-05-18 16:12:53] [Planner] [INFO] 大纲已保存，共 0 章
[2026-05-18 16:12:53] [Planner] [ERROR] 大纲生成未完成
[2026-05-18 16:13:29] [Planner] [INFO] 第 851-900 章大纲已生成（0章）
[2026-05-18 16:13:29] [Planner] [INFO] 正在生成第 901-950 章大纲...
[2026-05-18 16:13:32] [Planner] [INFO] 第 1451-1500 章大纲已生成（0章）
[2026-05-18 16:13:32] [Planner] [INFO] 大纲已保存，共 0 章
[2026-05-18 16:13:32] [Planner] [ERROR] 大纲生成未完成
[2026-05-18 16:13:33] [Planner] [INFO] 第 1451-1500 章大纲已生成（0章）
[2026-05-18 16:13:33] [Planner] [INFO] 大纲已保存，共 0 章
[2026-05-18 16:13:33] [Planner] [ERROR] 大纲生成未完成
[2026-05-18 16:13:40] [Planner] [INFO] 第 1951-2000 章大纲已生成（0章）
[2026-05-18 16:13:40] [Planner] [INFO] 大纲已保存，共 50 章
[2026-05-18 16:13:40] [Planner] [ERROR] 大纲生成未完成
[2026-05-18 16:13:49] [Planner] [INFO] ============================================================
[2026-05-18 16:13:49] [Planner] [INFO] Planner Agent 启动 | 范围: 851-2000 | 批次: 25
[2026-05-18 16:13:49] [Planner] [INFO] ============================================================
[2026-05-18 16:13:49] [Planner] [INFO] 检测到已有大纲，共 800 章，从第 851 章继续
[2026-05-18 16:13:49] [Planner] [INFO] 正在生成第 851-875 章大纲...
[2026-05-18 16:13:49] [Planner] [INFO] 第 951-1000 章大纲已生成（0章）
[2026-05-18 16:13:49] [Planner] [INFO] 大纲已保存，共 0 章
[2026-05-18 16:13:49] [Planner] [ERROR] 大纲生成未完成
[2026-05-18 16:13:57] [Planner] [INFO] 第 1951-2000 章大纲已生成（0章）
[2026-05-18 16:13:57] [Planner] [INFO] 大纲已保存，共 0 章
[2026-05-18 16:13:57] [Planner] [ERROR] 大纲生成未完成
[2026-05-18 16:14:14] [Planner] [INFO] 第 451-500 章大纲已生成（0章）
[2026-05-18 16:14:14] [Planner] [INFO] 大纲已保存，共 50 章
[2026-05-18 16:14:14] [Planner] [ERROR] 大纲生成未完成
[2026-05-18 16:14:27] [Planner] [INFO] ============================================================
[2026-05-18 16:14:27] [Planner] [INFO] Planner Agent 启动 | 范围: 851-2000 | 批次: 25
[2026-05-18 16:14:27] [Planner] [INFO] ============================================================
[2026-05-18 16:14:27] [Planner] [INFO] 检测到已有大纲，共 0 章，从第 851 章继续
[2026-05-18 16:14:27] [Planner] [INFO] 正在生成第 851-875 章大纲...
[2026-05-18 16:14:56] [Planner] [INFO] 第 901-950 章大纲已生成（0章）
[2026-05-18 16:14:56] [Planner] [INFO] 正在生成第 951-1000 章大纲...
[2026-05-18 16:15:30] [Planner] [INFO] 第 951-1000 章大纲已生成（0章）
[2026-05-18 16:15:30] [Planner] [INFO] 正在生成第 1001-1050 章大纲...
[2026-05-18 16:15:59] [Planner] [INFO] 第 901-950 章大纲已生成（0章）
[2026-05-18 16:15:59] [Planner] [INFO] 正在生成第 951-1000 章大纲...
[2026-05-18 16:16:11] [Planner] [INFO] 第 851-875 章大纲已生成（25章）
[2026-05-18 16:16:11] [Planner] [INFO] 正在生成第 876-900 章大纲...
[2026-05-18 16:16:31] [Planner] [INFO] 第 851-875 章大纲已生成（0章）
[2026-05-18 16:16:31] [Planner] [INFO] 正在生成第 876-900 章大纲...
[2026-05-18 16:17:19] [Planner] [INFO] 第 951-1000 章大纲已生成（0章）
[2026-05-18 16:17:19] [Planner] [INFO] 正在生成第 1001-1050 章大纲...
[2026-05-18 16:17:55] [Planner] [ERROR] 第 1001-1050 章大纲生成失败
[2026-05-18 16:17:55] [Planner] [INFO] 正在生成第 1051-1100 章大纲...
[2026-05-18 16:18:16] [Planner] [INFO] 第 876-900 章大纲已生成（0章）
[2026-05-18 16:18:16] [Planner] [INFO] 正在生成第 901-925 章大纲...
[2026-05-18 16:18:28] [Planner] [INFO] 第 876-900 章大纲已生成（25章）
[2026-05-18 16:18:28] [Planner] [INFO] 正在生成第 901-925 章大纲...
[2026-05-18 16:18:29] [Planner] [INFO] 第 951-1000 章大纲已生成（0章）
[2026-05-18 16:18:29] [Planner] [INFO] 正在生成第 1001-1050 章大纲...
[2026-05-18 16:19:52] [Planner] [INFO] 第 1001-1050 章大纲已生成（0章）
[2026-05-18 16:19:52] [Planner] [INFO] 正在生成第 1051-1100 章大纲...
[2026-05-18 16:20:14] [Planner] [INFO] 第 901-925 章大纲已生成（25章）
[2026-05-18 16:20:14] [Planner] [INFO] 正在生成第 926-950 章大纲...
[2026-05-18 16:20:24] [Planner] [INFO] 第 1051-1100 章大纲已生成（0章）
[2026-05-18 16:20:24] [Planner] [INFO] 正在生成第 1101-1150 章大纲...
[2026-05-18 16:20:41] [Planner] [INFO] 第 901-925 章大纲已生成（25章）
[2026-05-18 16:20:41] [Planner] [INFO] 正在生成第 926-950 章大纲...
[2026-05-18 16:20:59] [Planner] [INFO] 第 1001-1050 章大纲已生成（0章）
[2026-05-18 16:20:59] [Planner] [INFO] 正在生成第 1051-1100 章大纲...
[2026-05-18 16:21:36] [Planner] [INFO] 第 926-950 章大纲已生成（25章）
[2026-05-18 16:21:36] [Planner] [INFO] 正在生成第 951-975 章大纲...
[2026-05-18 16:22:35] [Planner] [INFO] 第 1051-1100 章大纲已生成（0章）
[2026-05-18 16:22:35] [Planner] [INFO] 正在生成第 1101-1150 章大纲...
[2026-05-18 16:22:43] [Planner] [INFO] 第 1101-1150 章大纲已生成（0章）
[2026-05-18 16:22:43] [Planner] [INFO] 正在生成第 1151-1200 章大纲...
[2026-05-18 16:22:44] [Planner] [INFO] 第 926-950 章大纲已生成（25章）
[2026-05-18 16:22:44] [Planner] [INFO] 正在生成第 951-975 章大纲...
[2026-05-18 16:23:15] [Planner] [INFO] 第 1051-1100 章大纲已生成（0章）
[2026-05-18 16:23:15] [Planner] [INFO] 正在生成第 1101-1150 章大纲...
[2026-05-18 16:23:25] [Planner] [INFO] 第 951-975 章大纲已生成（25章）
[2026-05-18 16:23:25] [Planner] [INFO] 正在生成第 976-1000 章大纲...
[2026-05-18 16:24:26] [Planner] [INFO] 第 951-975 章大纲已生成（25章）
[2026-05-18 16:24:26] [Planner] [INFO] 正在生成第 976-1000 章大纲...
[2026-05-18 16:24:44] [Planner] [INFO] 第 1151-1200 章大纲已生成（0章）
[2026-05-18 16:24:44] [Planner] [INFO] 正在生成第 1201-1250 章大纲...
[2026-05-18 16:24:55] [Planner] [INFO] 第 1101-1150 章大纲已生成（0章）
[2026-05-18 16:24:55] [Planner] [INFO] 正在生成第 1151-1200 章大纲...
[2026-05-18 16:25:26] [Planner] [INFO] 第 1101-1150 章大纲已生成（0章）
[2026-05-18 16:25:26] [Planner] [INFO] 正在生成第 1151-1200 章大纲...
[2026-05-18 16:25:35] [Planner] [INFO] 第 976-1000 章大纲已生成（25章）
[2026-05-18 16:25:35] [Planner] [INFO] 正在生成第 1001-1025 章大纲...
[2026-05-18 16:26:24] [Planner] [INFO] 第 976-1000 章大纲已生成（25章）
[2026-05-18 16:26:24] [Planner] [INFO] 正在生成第 1001-1025 章大纲...
[2026-05-18 16:27:08] [Planner] [INFO] 第 1201-1250 章大纲已生成（0章）
[2026-05-18 16:27:08] [Planner] [INFO] 正在生成第 1251-1300 章大纲...
[2026-05-18 16:27:11] [Planner] [INFO] 第 1151-1200 章大纲已生成（0章）
[2026-05-18 16:27:11] [Planner] [INFO] 正在生成第 1201-1250 章大纲...
[2026-05-18 16:27:29] [Planner] [INFO] 第 1001-1025 章大纲已生成（25章）
[2026-05-18 16:27:29] [Planner] [INFO] 正在生成第 1026-1050 章大纲...
[2026-05-18 16:27:36] [Planner] [INFO] 第 1151-1200 章大纲已生成（0章）
[2026-05-18 16:27:36] [Planner] [INFO] 正在生成第 1201-1250 章大纲...
[2026-05-18 16:28:17] [Planner] [INFO] 第 1001-1025 章大纲已生成（25章）
[2026-05-18 16:28:17] [Planner] [INFO] 正在生成第 1026-1050 章大纲...
[2026-05-18 16:29:33] [Planner] [INFO] 第 1201-1250 章大纲已生成（0章）
[2026-05-18 16:29:33] [Planner] [INFO] 正在生成第 1251-1300 章大纲...
[2026-05-18 16:29:36] [Planner] [INFO] 第 1026-1050 章大纲已生成（25章）
[2026-05-18 16:29:36] [Planner] [INFO] 正在生成第 1051-1075 章大纲...
[2026-05-18 16:29:40] [Planner] [INFO] 第 1251-1300 章大纲已生成（0章）
[2026-05-18 16:29:40] [Planner] [INFO] 正在生成第 1301-1350 章大纲...
[2026-05-18 16:29:40] [Planner] [INFO] 第 1026-1050 章大纲已生成（25章）
[2026-05-18 16:29:40] [Planner] [INFO] 正在生成第 1051-1075 章大纲...
[2026-05-18 16:30:07] [Planner] [INFO] 第 1201-1250 章大纲已生成（0章）
[2026-05-18 16:30:07] [Planner] [INFO] 正在生成第 1251-1300 章大纲...
[2026-05-18 16:31:42] [Planner] [INFO] 第 1051-1075 章大纲已生成（25章）
[2026-05-18 16:31:42] [Planner] [INFO] 正在生成第 1076-1100 章大纲...
[2026-05-18 16:31:49] [Planner] [INFO] 第 1251-1300 章大纲已生成（0章）
[2026-05-18 16:31:49] [Planner] [INFO] 正在生成第 1301-1350 章大纲...
[2026-05-18 16:31:54] [Planner] [INFO] 第 1051-1075 章大纲已生成（25章）
[2026-05-18 16:31:54] [Planner] [INFO] 正在生成第 1076-1100 章大纲...
[2026-05-18 16:31:58] [Planner] [INFO] 第 1301-1350 章大纲已生成（0章）
[2026-05-18 16:31:58] [Planner] [INFO] 正在生成第 1351-1400 章大纲...
[2026-05-18 16:32:19] [Planner] [INFO] 第 1251-1300 章大纲已生成（0章）
[2026-05-18 16:32:19] [Planner] [INFO] 正在生成第 1301-1350 章大纲...
[2026-05-18 16:33:26] [Planner] [INFO] 第 1076-1100 章大纲已生成（25章）
[2026-05-18 16:33:26] [Planner] [INFO] 正在生成第 1101-1125 章大纲...
[2026-05-18 16:33:31] [Planner] [INFO] 第 1076-1100 章大纲已生成（25章）
[2026-05-18 16:33:31] [Planner] [INFO] 正在生成第 1101-1125 章大纲...
[2026-05-18 16:34:03] [Planner] [INFO] 第 1301-1350 章大纲已生成（0章）
[2026-05-18 16:34:03] [Planner] [INFO] 正在生成第 1351-1400 章大纲...
[2026-05-18 16:34:14] [Planner] [INFO] 第 1351-1400 章大纲已生成（0章）
[2026-05-18 16:34:14] [Planner] [INFO] 正在生成第 1401-1450 章大纲...
[2026-05-18 16:34:50] [Planner] [INFO] 第 1301-1350 章大纲已生成（0章）
[2026-05-18 16:34:50] [Planner] [INFO] 正在生成第 1351-1400 章大纲...
[2026-05-18 16:35:11] [Planner] [INFO] 第 1101-1125 章大纲已生成（25章）
[2026-05-18 16:35:11] [Planner] [INFO] 正在生成第 1126-1150 章大纲...
[2026-05-18 16:35:12] [Planner] [INFO] 第 1101-1125 章大纲已生成（25章）
[2026-05-18 16:35:12] [Planner] [INFO] 正在生成第 1126-1150 章大纲...
[2026-05-18 16:36:17] [Planner] [INFO] 第 1351-1400 章大纲已生成（0章）
[2026-05-18 16:36:17] [Planner] [INFO] 正在生成第 1401-1450 章大纲...
[2026-05-18 16:36:40] [Planner] [INFO] 第 1401-1450 章大纲已生成（0章）
[2026-05-18 16:36:40] [Planner] [INFO] 正在生成第 1451-1500 章大纲...
[2026-05-18 16:37:07] [Planner] [INFO] 第 1126-1150 章大纲已生成（25章）
[2026-05-18 16:37:07] [Planner] [INFO] 正在生成第 1151-1175 章大纲...
[2026-05-18 16:37:09] [Planner] [INFO] 第 1351-1400 章大纲已生成（0章）
[2026-05-18 16:37:09] [Planner] [INFO] 正在生成第 1401-1450 章大纲...
[2026-05-18 16:37:47] [Planner] [INFO] 第 1126-1150 章大纲已生成（0章）
[2026-05-18 16:37:47] [Planner] [INFO] 正在生成第 1151-1175 章大纲...
[2026-05-18 16:38:44] [Planner] [INFO] 第 1401-1450 章大纲已生成（0章）
[2026-05-18 16:38:44] [Planner] [INFO] 正在生成第 1451-1500 章大纲...
[2026-05-18 16:39:00] [Planner] [INFO] 第 1151-1175 章大纲已生成（25章）
[2026-05-18 16:39:00] [Planner] [INFO] 正在生成第 1176-1200 章大纲...
[2026-05-18 16:39:07] [Planner] [INFO] 第 1451-1500 章大纲已生成（0章）
[2026-05-18 16:39:07] [Planner] [INFO] 正在生成第 1501-1550 章大纲...
[2026-05-18 16:39:33] [Planner] [INFO] 第 1401-1450 章大纲已生成（0章）
[2026-05-18 16:39:33] [Planner] [INFO] 正在生成第 1451-1500 章大纲...
[2026-05-18 16:39:59] [Planner] [INFO] 第 1151-1175 章大纲已生成（25章）
[2026-05-18 16:39:59] [Planner] [INFO] 正在生成第 1176-1200 章大纲...
[2026-05-18 16:40:57] [Planner] [INFO] 第 1176-1200 章大纲已生成（25章）
[2026-05-18 16:40:57] [Planner] [INFO] 正在生成第 1201-1225 章大纲...
[2026-05-18 16:41:19] [Planner] [INFO] 第 1451-1500 章大纲已生成（0章）
[2026-05-18 16:41:19] [Planner] [INFO] 正在生成第 1501-1550 章大纲...
[2026-05-18 16:41:29] [Planner] [INFO] 第 1501-1550 章大纲已生成（0章）
[2026-05-18 16:41:29] [Planner] [INFO] 正在生成第 1551-1600 章大纲...
[2026-05-18 16:41:49] [Planner] [INFO] 第 1451-1500 章大纲已生成（0章）
[2026-05-18 16:41:49] [Planner] [INFO] 正在生成第 1501-1550 章大纲...
[2026-05-18 16:42:03] [Planner] [INFO] 第 1176-1200 章大纲已生成（25章）
[2026-05-18 16:42:03] [Planner] [INFO] 正在生成第 1201-1225 章大纲...
[2026-05-18 16:43:14] [Planner] [INFO] 第 1201-1225 章大纲已生成（25章）
[2026-05-18 16:43:14] [Planner] [INFO] 正在生成第 1226-1250 章大纲...
[2026-05-18 16:43:45] [Planner] [INFO] 第 1201-1225 章大纲已生成（25章）
[2026-05-18 16:43:45] [Planner] [INFO] 正在生成第 1226-1250 章大纲...
[2026-05-18 16:43:47] [Planner] [INFO] 第 1501-1550 章大纲已生成（0章）
[2026-05-18 16:43:47] [Planner] [INFO] 正在生成第 1551-1600 章大纲...
[2026-05-18 16:43:56] [Planner] [INFO] 第 1551-1600 章大纲已生成（0章）
[2026-05-18 16:43:56] [Planner] [INFO] 正在生成第 1601-1650 章大纲...
[2026-05-18 16:44:09] [Planner] [INFO] 第 1501-1550 章大纲已生成（0章）
[2026-05-18 16:44:09] [Planner] [INFO] 正在生成第 1551-1600 章大纲...
[2026-05-18 16:45:41] [Planner] [INFO] 第 1226-1250 章大纲已生成（25章）
[2026-05-18 16:45:41] [Planner] [INFO] 正在生成第 1251-1275 章大纲...
[2026-05-18 16:45:47] [Planner] [INFO] 第 1226-1250 章大纲已生成（0章）
[2026-05-18 16:45:47] [Planner] [INFO] 正在生成第 1251-1275 章大纲...
[2026-05-18 16:46:21] [Planner] [INFO] 第 1551-1600 章大纲已生成（0章）
[2026-05-18 16:46:21] [Planner] [INFO] 正在生成第 1601-1650 章大纲...
[2026-05-18 16:46:26] [Planner] [INFO] 第 1551-1600 章大纲已生成（0章）
[2026-05-18 16:46:26] [Planner] [INFO] 正在生成第 1601-1650 章大纲...
[2026-05-18 16:46:26] [Planner] [INFO] 第 1601-1650 章大纲已生成（0章）
[2026-05-18 16:46:26] [Planner] [INFO] 正在生成第 1651-1700 章大纲...
[2026-05-18 16:47:22] [Planner] [INFO] 第 1251-1275 章大纲已生成（25章）
[2026-05-18 16:47:22] [Planner] [INFO] 正在生成第 1276-1300 章大纲...
[2026-05-18 16:47:35] [Planner] [ERROR] 第 1251-1275 章大纲生成失败
[2026-05-18 16:47:35] [Planner] [INFO] 正在生成第 1276-1300 章大纲...
[2026-05-18 16:48:32] [Planner] [INFO] 第 1601-1650 章大纲已生成（0章）
[2026-05-18 16:48:32] [Planner] [INFO] 正在生成第 1651-1700 章大纲...
[2026-05-18 16:48:44] [Planner] [INFO] 第 1601-1650 章大纲已生成（0章）
[2026-05-18 16:48:44] [Planner] [INFO] 正在生成第 1651-1700 章大纲...
[2026-05-18 16:48:51] [Planner] [INFO] 第 1651-1700 章大纲已生成（0章）
[2026-05-18 16:48:51] [Planner] [INFO] 正在生成第 1701-1750 章大纲...
[2026-05-18 16:48:54] [Planner] [INFO] 第 1276-1300 章大纲已生成（25章）
[2026-05-18 16:48:54] [Planner] [INFO] 正在生成第 1301-1325 章大纲...
[2026-05-18 16:49:24] [Planner] [INFO] 第 1276-1300 章大纲已生成（25章）
[2026-05-18 16:49:24] [Planner] [INFO] 正在生成第 1301-1325 章大纲...
[2026-05-18 16:50:47] [Planner] [INFO] 第 1301-1325 章大纲已生成（0章）
[2026-05-18 16:50:47] [Planner] [INFO] 正在生成第 1326-1350 章大纲...
[2026-05-18 16:50:53] [Planner] [INFO] 第 1301-1325 章大纲已生成（25章）
[2026-05-18 16:50:53] [Planner] [INFO] 正在生成第 1326-1350 章大纲...
[2026-05-18 16:50:55] [Planner] [INFO] 第 1651-1700 章大纲已生成（0章）
[2026-05-18 16:50:55] [Planner] [INFO] 正在生成第 1701-1750 章大纲...
[2026-05-18 16:51:08] [Planner] [INFO] 第 1651-1700 章大纲已生成（0章）
[2026-05-18 16:51:08] [Planner] [INFO] 正在生成第 1701-1750 章大纲...
[2026-05-18 16:51:10] [Planner] [INFO] 第 1701-1750 章大纲已生成（0章）
[2026-05-18 16:51:10] [Planner] [INFO] 正在生成第 1751-1800 章大纲...
[2026-05-18 16:52:22] [Planner] [INFO] 第 1326-1350 章大纲已生成（25章）
[2026-05-18 16:52:22] [Planner] [INFO] 正在生成第 1351-1375 章大纲...
[2026-05-18 16:53:17] [Planner] [INFO] 第 1701-1750 章大纲已生成（0章）
[2026-05-18 16:53:17] [Planner] [INFO] 正在生成第 1751-1800 章大纲...
[2026-05-18 16:53:19] [Planner] [INFO] 第 1701-1750 章大纲已生成（0章）
[2026-05-18 16:53:19] [Planner] [INFO] 正在生成第 1751-1800 章大纲...
[2026-05-18 16:53:23] [Planner] [INFO] 第 1751-1800 章大纲已生成（0章）
[2026-05-18 16:53:23] [Planner] [INFO] 正在生成第 1801-1850 章大纲...
[2026-05-18 16:53:33] [Planner] [INFO] 第 1326-1350 章大纲已生成（25章）
[2026-05-18 16:53:33] [Planner] [INFO] 正在生成第 1351-1375 章大纲...
[2026-05-18 16:54:02] [Planner] [INFO] 第 1351-1375 章大纲已生成（25章）
[2026-05-18 16:54:02] [Planner] [INFO] 正在生成第 1376-1400 章大纲...
[2026-05-18 16:55:08] [Planner] [INFO] 第 1351-1375 章大纲已生成（25章）
[2026-05-18 16:55:08] [Planner] [INFO] 正在生成第 1376-1400 章大纲...
[2026-05-18 16:55:38] [Planner] [INFO] 第 1751-1800 章大纲已生成（0章）
[2026-05-18 16:55:38] [Planner] [INFO] 正在生成第 1801-1850 章大纲...
[2026-05-18 16:55:45] [Planner] [INFO] 第 1751-1800 章大纲已生成（0章）
[2026-05-18 16:55:45] [Planner] [INFO] 正在生成第 1801-1850 章大纲...
[2026-05-18 16:55:57] [Planner] [INFO] 第 1376-1400 章大纲已生成（25章）
[2026-05-18 16:55:57] [Planner] [INFO] 正在生成第 1401-1425 章大纲...
[2026-05-18 16:55:57] [Planner] [INFO] 第 1801-1850 章大纲已生成（0章）
[2026-05-18 16:55:57] [Planner] [INFO] 正在生成第 1851-1900 章大纲...
[2026-05-18 16:56:57] [Planner] [INFO] ============================================================
[2026-05-18 16:56:57] [Planner] [INFO] Planner Agent 启动 | 范围: 226-250 | 批次: 25
[2026-05-18 16:56:57] [Planner] [INFO] ============================================================
[2026-05-18 16:56:57] [Planner] [INFO] 检测到已有大纲，共 800 章，从第 226 章继续
[2026-05-18 16:56:57] [Planner] [INFO] 正在生成第 226-250 章大纲...
[2026-05-18 16:56:57] [Planner] [INFO] ============================================================
[2026-05-18 16:56:57] [Planner] [INFO] Planner Agent 启动 | 范围: 276-300 | 批次: 25
[2026-05-18 16:56:57] [Planner] [INFO] ============================================================
[2026-05-18 16:56:57] [Planner] [INFO] 检测到已有大纲，共 800 章，从第 276 章继续
[2026-05-18 16:56:57] [Planner] [INFO] 正在生成第 276-300 章大纲...
[2026-05-18 16:56:57] [Planner] [INFO] ============================================================
[2026-05-18 16:56:57] [Planner] [INFO] Planner Agent 启动 | 范围: 851-1400 | 批次: 25
[2026-05-18 16:56:57] [Planner] [INFO] ============================================================
[2026-05-18 16:56:57] [Planner] [INFO] 检测到已有大纲，共 800 章，从第 851 章继续
[2026-05-18 16:56:57] [Planner] [INFO] 正在生成第 851-875 章大纲...
[2026-05-18 16:56:57] [Planner] [INFO] ============================================================
[2026-05-18 16:56:57] [Planner] [INFO] Planner Agent 启动 | 范围: 1401-2000 | 批次: 25
[2026-05-18 16:56:57] [Planner] [INFO] ============================================================
[2026-05-18 16:56:57] [Planner] [INFO] 检测到已有大纲，共 800 章，从第 1401 章继续
[2026-05-18 16:56:57] [Planner] [INFO] 正在生成第 1401-1425 章大纲...
[2026-05-18 16:57:00] [Planner] [INFO] 第 1376-1400 章大纲已生成（25章）
[2026-05-18 16:57:00] [Planner] [INFO] 正在生成第 1401-1425 章大纲...
[2026-05-18 16:57:36] [Planner] [INFO] 第 1401-1425 章大纲已生成（25章）
[2026-05-18 16:57:36] [Planner] [INFO] 正在生成第 1426-1450 章大纲...
[2026-05-18 16:58:03] [Planner] [INFO] 第 1851-1900 章大纲已生成（0章）
[2026-05-18 16:58:03] [Planner] [INFO] 正在生成第 1901-1950 章大纲...
[2026-05-18 16:58:03] [Planner] [INFO] 第 1801-1850 章大纲已生成（0章）
[2026-05-18 16:58:03] [Planner] [INFO] 正在生成第 1851-1900 章大纲...
[2026-05-18 16:58:20] [Planner] [INFO] 第 1801-1850 章大纲已生成（0章）
[2026-05-18 16:58:20] [Planner] [INFO] 正在生成第 1851-1900 章大纲...
[2026-05-18 16:58:57] [Planner] [INFO] 第 851-875 章大纲已生成（25章，保存25章）
[2026-05-18 16:58:57] [Planner] [INFO] 正在生成第 876-900 章大纲...
[2026-05-18 16:59:02] [Planner] [INFO] 第 226-250 章大纲已生成（25章，保存25章）
[2026-05-18 16:59:02] [Planner] [INFO] 大纲已保存到 D:\AiProject\Node\projects\novels7\output\outline_chapters，范围内共 25 章
[2026-05-18 16:59:02] [Planner] [INFO] Planner 全部完成
[2026-05-18 16:59:10] [Planner] [INFO] 第 1401-1425 章大纲已生成（25章，保存25章）
[2026-05-18 16:59:10] [Planner] [INFO] 正在生成第 1426-1450 章大纲...
[2026-05-18 16:59:29] [Planner] [INFO] 第 1426-1450 章大纲已生成（25章）
[2026-05-18 16:59:29] [Planner] [INFO] 正在生成第 1451-1475 章大纲...
[2026-05-18 16:59:41] [Planner] [INFO] 第 1401-1425 章大纲已生成（25章）
[2026-05-18 16:59:41] [Planner] [INFO] 正在生成第 1426-1450 章大纲...
[2026-05-18 16:59:50] [Planner] [INFO] 第 276-300 章大纲已生成（25章，保存25章）
[2026-05-18 16:59:50] [Planner] [INFO] 大纲已保存到 D:\AiProject\Node\projects\novels7\output\outline_chapters，范围内共 25 章
[2026-05-18 16:59:50] [Planner] [INFO] Planner 全部完成
[2026-05-18 17:00:23] [Planner] [INFO] 第 1851-1900 章大纲已生成（0章）
[2026-05-18 17:00:23] [Planner] [INFO] 正在生成第 1901-1950 章大纲...
[2026-05-18 17:00:24] [Planner] [INFO] 第 1901-1950 章大纲已生成（0章）
[2026-05-18 17:00:24] [Planner] [INFO] 正在生成第 1951-2000 章大纲...
[2026-05-18 17:00:27] [Planner] [INFO] 第 1851-1900 章大纲已生成（0章）
[2026-05-18 17:00:27] [Planner] [INFO] 正在生成第 1901-1950 章大纲...
[2026-05-18 17:00:47] [Planner] [INFO] 第 876-900 章大纲已生成（25章，保存25章）
[2026-05-18 17:00:47] [Planner] [INFO] 正在生成第 901-925 章大纲...
[2026-05-18 17:00:51] [Planner] [INFO] 第 1426-1450 章大纲已生成（25章，保存25章）
[2026-05-18 17:00:51] [Planner] [INFO] 正在生成第 1451-1475 章大纲...
[2026-05-18 17:01:37] [Planner] [INFO] 第 1426-1450 章大纲已生成（25章）
[2026-05-18 17:01:37] [Planner] [INFO] 正在生成第 1451-1475 章大纲...
[2026-05-18 17:01:43] [Planner] [INFO] 第 1451-1475 章大纲已生成（25章）
[2026-05-18 17:01:43] [Planner] [INFO] 正在生成第 1476-1500 章大纲...
[2026-05-18 17:02:24] [Planner] [INFO] 第 901-925 章大纲已生成（0章，保存0章）
[2026-05-18 17:02:24] [Planner] [INFO] 正在生成第 926-950 章大纲...
[2026-05-18 17:02:54] [Planner] [INFO] 第 1951-2000 章大纲已生成（0章）
[2026-05-18 17:02:54] [Planner] [INFO] 大纲已保存，共 800 章
[2026-05-18 17:02:54] [Planner] [ERROR] 大纲生成未完成
[2026-05-18 17:02:55] [Planner] [INFO] 第 1451-1475 章大纲已生成（25章，保存25章）
[2026-05-18 17:02:55] [Planner] [INFO] 正在生成第 1476-1500 章大纲...
[2026-05-18 17:02:56] [Planner] [INFO] 第 1901-1950 章大纲已生成（0章）
[2026-05-18 17:02:56] [Planner] [INFO] 正在生成第 1951-2000 章大纲...
[2026-05-18 17:02:59] [Planner] [INFO] 第 1901-1950 章大纲已生成（0章）
[2026-05-18 17:02:59] [Planner] [INFO] 正在生成第 1951-2000 章大纲...
[2026-05-18 17:03:43] [Planner] [INFO] 第 1451-1475 章大纲已生成（25章）
[2026-05-18 17:03:43] [Planner] [INFO] 正在生成第 1476-1500 章大纲...
[2026-05-18 17:03:54] [Planner] [INFO] 第 1476-1500 章大纲已生成（25章）
[2026-05-18 17:03:54] [Planner] [INFO] 正在生成第 1501-1525 章大纲...
[2026-05-18 17:04:44] [Planner] [INFO] 第 926-950 章大纲已生成（25章，保存25章）
[2026-05-18 17:04:44] [Planner] [INFO] 正在生成第 951-975 章大纲...
[2026-05-18 17:05:18] [Planner] [INFO] 第 1951-2000 章大纲已生成（0章）
[2026-05-18 17:05:18] [Planner] [INFO] 大纲已保存，共 800 章
[2026-05-18 17:05:18] [Planner] [ERROR] 大纲生成未完成
[2026-05-18 17:05:24] [Planner] [INFO] 第 1476-1500 章大纲已生成（25章）
[2026-05-18 17:05:24] [Planner] [INFO] 正在生成第 1501-1525 章大纲...
[2026-05-18 17:05:24] [Planner] [INFO] 第 1951-2000 章大纲已生成（0章）
[2026-05-18 17:05:24] [Planner] [INFO] 大纲已保存，共 800 章
[2026-05-18 17:05:24] [Planner] [ERROR] 大纲生成未完成
[2026-05-18 17:05:32] [Planner] [INFO] 第 1476-1500 章大纲已生成（0章，保存0章）
[2026-05-18 17:05:32] [Planner] [INFO] 正在生成第 1501-1525 章大纲...
[2026-05-18 17:06:32] [Planner] [INFO] 第 1501-1525 章大纲已生成（0章）
[2026-05-18 17:06:32] [Planner] [INFO] 正在生成第 1526-1550 章大纲...
[2026-05-18 17:07:19] [Planner] [INFO] 第 951-975 章大纲已生成（25章，保存25章）
[2026-05-18 17:07:19] [Planner] [INFO] 正在生成第 976-1000 章大纲...
[2026-05-18 17:07:22] [Planner] [INFO] 第 1501-1525 章大纲已生成（25章，保存25章）
[2026-05-18 17:07:22] [Planner] [INFO] 正在生成第 1526-1550 章大纲...
[2026-05-18 17:07:40] [Planner] [INFO] 第 1501-1525 章大纲已生成（25章）
[2026-05-18 17:07:40] [Planner] [INFO] 正在生成第 1526-1550 章大纲...
[2026-05-18 17:08:30] [Planner] [INFO] 第 1526-1550 章大纲已生成（25章）
[2026-05-18 17:08:30] [Planner] [INFO] 正在生成第 1551-1575 章大纲...
[2026-05-18 17:09:04] [Planner] [INFO] 第 1526-1550 章大纲已生成（25章）
[2026-05-18 17:09:04] [Planner] [INFO] 正在生成第 1551-1575 章大纲...
[2026-05-18 17:09:10] [Planner] [INFO] 第 976-1000 章大纲已生成（25章，保存25章）
[2026-05-18 17:09:10] [Planner] [INFO] 正在生成第 1001-1025 章大纲...
[2026-05-18 17:09:39] [Planner] [INFO] 第 1526-1550 章大纲已生成（25章，保存25章）
[2026-05-18 17:09:39] [Planner] [INFO] 正在生成第 1551-1575 章大纲...
[2026-05-18 17:10:24] [Planner] [INFO] 第 1551-1575 章大纲已生成（25章）
[2026-05-18 17:10:24] [Planner] [INFO] 正在生成第 1576-1600 章大纲...
[2026-05-18 17:10:56] [Planner] [INFO] 第 1001-1025 章大纲已生成（0章，保存0章）
[2026-05-18 17:10:56] [Planner] [INFO] 正在生成第 1026-1050 章大纲...
[2026-05-18 17:11:12] [Planner] [INFO] 第 1551-1575 章大纲已生成（25章）
[2026-05-18 17:11:12] [Planner] [INFO] 正在生成第 1576-1600 章大纲...
[2026-05-18 17:11:15] [Planner] [INFO] 第 1551-1575 章大纲已生成（25章，保存25章）
[2026-05-18 17:11:15] [Planner] [INFO] 正在生成第 1576-1600 章大纲...
[2026-05-18 17:12:13] [Planner] [INFO] 第 1576-1600 章大纲已生成（0章）
[2026-05-18 17:12:13] [Planner] [INFO] 正在生成第 1601-1625 章大纲...
[2026-05-18 17:12:51] [Planner] [INFO] 第 1026-1050 章大纲已生成（25章，保存25章）
[2026-05-18 17:12:51] [Planner] [INFO] 正在生成第 1051-1075 章大纲...
[2026-05-18 17:13:19] [Planner] [INFO] 第 1576-1600 章大纲已生成（25章）
[2026-05-18 17:13:19] [Planner] [INFO] 正在生成第 1601-1625 章大纲...
[2026-05-18 17:13:21] [Planner] [INFO] 第 1576-1600 章大纲已生成（25章，保存25章）
[2026-05-18 17:13:21] [Planner] [INFO] 正在生成第 1601-1625 章大纲...
[2026-05-18 17:13:56] [Planner] [INFO] 第 1601-1625 章大纲已生成（25章）
[2026-05-18 17:13:56] [Planner] [INFO] 正在生成第 1626-1650 章大纲...
[2026-05-18 17:14:44] [Planner] [INFO] ============================================================
[2026-05-18 17:14:44] [Planner] [INFO] Planner Agent 启动 | 范围: 901-905 | 批次: 5
[2026-05-18 17:14:44] [Planner] [INFO] ============================================================
[2026-05-18 17:14:44] [Planner] [INFO] 检测到已有大纲，共 1400 章，从第 906 章继续
[2026-05-18 17:14:44] [Planner] [INFO] 大纲已完整，跳过
[2026-05-18 17:14:44] [Planner] [INFO] Planner 全部完成
[2026-05-18 17:14:44] [Planner] [INFO] ============================================================
[2026-05-18 17:14:44] [Planner] [INFO] Planner Agent 启动 | 范围: 906-910 | 批次: 5
[2026-05-18 17:14:44] [Planner] [INFO] ============================================================
[2026-05-18 17:14:45] [Planner] [INFO] 检测到已有大纲，共 1400 章，从第 911 章继续
[2026-05-18 17:14:45] [Planner] [INFO] 大纲已完整，跳过
[2026-05-18 17:14:45] [Planner] [INFO] Planner 全部完成
[2026-05-18 17:14:45] [Planner] [INFO] ============================================================
[2026-05-18 17:14:45] [Planner] [INFO] Planner Agent 启动 | 范围: 911-915 | 批次: 5
[2026-05-18 17:14:45] [Planner] [INFO] ============================================================
[2026-05-18 17:14:45] [Planner] [INFO] 检测到已有大纲，共 1400 章，从第 916 章继续
[2026-05-18 17:14:45] [Planner] [INFO] 大纲已完整，跳过
[2026-05-18 17:14:45] [Planner] [INFO] Planner 全部完成
[2026-05-18 17:14:45] [Planner] [INFO] ============================================================
[2026-05-18 17:14:45] [Planner] [INFO] Planner Agent 启动 | 范围: 916-920 | 批次: 5
[2026-05-18 17:14:45] [Planner] [INFO] ============================================================
[2026-05-18 17:14:45] [Planner] [INFO] 检测到已有大纲，共 1400 章，从第 921 章继续
[2026-05-18 17:14:45] [Planner] [INFO] 大纲已完整，跳过
[2026-05-18 17:14:45] [Planner] [INFO] Planner 全部完成
[2026-05-18 17:14:45] [Planner] [INFO] ============================================================
[2026-05-18 17:14:45] [Planner] [INFO] Planner Agent 启动 | 范围: 921-925 | 批次: 5
[2026-05-18 17:14:45] [Planner] [INFO] ============================================================
[2026-05-18 17:14:45] [Planner] [INFO] 检测到已有大纲，共 1400 章，从第 926 章继续
[2026-05-18 17:14:45] [Planner] [INFO] 大纲已完整，跳过
[2026-05-18 17:14:45] [Planner] [INFO] Planner 全部完成
[2026-05-18 17:14:45] [Planner] [INFO] ============================================================
[2026-05-18 17:14:45] [Planner] [INFO] Planner Agent 启动 | 范围: 951-955 | 批次: 5
[2026-05-18 17:14:45] [Planner] [INFO] ============================================================
[2026-05-18 17:14:45] [Planner] [INFO] 检测到已有单章大纲，共 5 章，从第 956 章继续
[2026-05-18 17:14:45] [Planner] [INFO] 大纲已完整，跳过
[2026-05-18 17:14:45] [Planner] [INFO] Planner 全部完成
[2026-05-18 17:14:46] [Planner] [INFO] ============================================================
[2026-05-18 17:14:46] [Planner] [INFO] Planner Agent 启动 | 范围: 956-960 | 批次: 5
[2026-05-18 17:14:46] [Planner] [INFO] ============================================================
[2026-05-18 17:14:46] [Planner] [INFO] 检测到已有单章大纲，共 5 章，从第 961 章继续
[2026-05-18 17:14:46] [Planner] [INFO] 大纲已完整，跳过
[2026-05-18 17:14:46] [Planner] [INFO] Planner 全部完成
[2026-05-18 17:14:46] [Planner] [INFO] ============================================================
[2026-05-18 17:14:46] [Planner] [INFO] Planner Agent 启动 | 范围: 961-965 | 批次: 5
[2026-05-18 17:14:46] [Planner] [INFO] ============================================================
[2026-05-18 17:14:46] [Planner] [INFO] 检测到已有单章大纲，共 5 章，从第 966 章继续
[2026-05-18 17:14:46] [Planner] [INFO] 大纲已完整，跳过
[2026-05-18 17:14:46] [Planner] [INFO] Planner 全部完成
[2026-05-18 17:14:46] [Planner] [INFO] ============================================================
[2026-05-18 17:14:46] [Planner] [INFO] Planner Agent 启动 | 范围: 966-970 | 批次: 5
[2026-05-18 17:14:46] [Planner] [INFO] ============================================================
[2026-05-18 17:14:46] [Planner] [INFO] 检测到已有单章大纲，共 5 章，从第 971 章继续
[2026-05-18 17:14:46] [Planner] [INFO] 大纲已完整，跳过
[2026-05-18 17:14:46] [Planner] [INFO] Planner 全部完成
[2026-05-18 17:14:46] [Planner] [INFO] ============================================================
[2026-05-18 17:14:46] [Planner] [INFO] Planner Agent 启动 | 范围: 971-975 | 批次: 5
[2026-05-18 17:14:46] [Planner] [INFO] ============================================================
[2026-05-18 17:14:46] [Planner] [INFO] 检测到已有单章大纲，共 5 章，从第 976 章继续
[2026-05-18 17:14:46] [Planner] [INFO] 大纲已完整，跳过
[2026-05-18 17:14:46] [Planner] [INFO] Planner 全部完成
[2026-05-18 17:15:11] [Planner] [INFO] 第 1601-1625 章大纲已生成（25章）
[2026-05-18 17:15:11] [Planner] [INFO] 正在生成第 1626-1650 章大纲...
[2026-05-18 17:15:41] [Planner] [INFO] 第 1626-1650 章大纲已生成（25章）
[2026-05-18 17:15:41] [Planner] [INFO] 正在生成第 1651-1675 章大纲...
[2026-05-18 17:16:23] [Planner] [INFO] ============================================================
[2026-05-18 17:16:23] [Planner] [INFO] Planner Agent 启动 | 范围: 901-905 | 批次: 5
[2026-05-18 17:16:23] [Planner] [INFO] ============================================================
[2026-05-18 17:16:23] [Planner] [INFO] 正在生成第 901-905 章大纲...
[2026-05-18 17:16:23] [Planner] [INFO] ============================================================
[2026-05-18 17:16:23] [Planner] [INFO] Planner Agent 启动 | 范围: 906-910 | 批次: 5
[2026-05-18 17:16:23] [Planner] [INFO] ============================================================
[2026-05-18 17:16:23] [Planner] [INFO] 正在生成第 906-910 章大纲...
[2026-05-18 17:16:23] [Planner] [INFO] ============================================================
[2026-05-18 17:16:23] [Planner] [INFO] Planner Agent 启动 | 范围: 911-915 | 批次: 5
[2026-05-18 17:16:23] [Planner] [INFO] ============================================================
[2026-05-18 17:16:23] [Planner] [INFO] 正在生成第 911-915 章大纲...
[2026-05-18 17:16:24] [Planner] [INFO] ============================================================
[2026-05-18 17:16:24] [Planner] [INFO] Planner Agent 启动 | 范围: 916-920 | 批次: 5
[2026-05-18 17:16:24] [Planner] [INFO] ============================================================
[2026-05-18 17:16:24] [Planner] [INFO] 正在生成第 916-920 章大纲...
[2026-05-18 17:16:24] [Planner] [INFO] ============================================================
[2026-05-18 17:16:24] [Planner] [INFO] Planner Agent 启动 | 范围: 921-925 | 批次: 5
[2026-05-18 17:16:24] [Planner] [INFO] ============================================================
[2026-05-18 17:16:24] [Planner] [INFO] 正在生成第 921-925 章大纲...
[2026-05-18 17:16:24] [Planner] [INFO] ============================================================
[2026-05-18 17:16:24] [Planner] [INFO] Planner Agent 启动 | 范围: 951-955 | 批次: 5
[2026-05-18 17:16:24] [Planner] [INFO] ============================================================
[2026-05-18 17:16:24] [Planner] [INFO] 检测到已有单章大纲，共 5 章，从第 956 章继续
[2026-05-18 17:16:24] [Planner] [INFO] 大纲已完整，跳过
[2026-05-18 17:16:24] [Planner] [INFO] Planner 全部完成
[2026-05-18 17:16:24] [Planner] [INFO] ============================================================
[2026-05-18 17:16:24] [Planner] [INFO] Planner Agent 启动 | 范围: 956-960 | 批次: 5
[2026-05-18 17:16:24] [Planner] [INFO] ============================================================
[2026-05-18 17:16:24] [Planner] [INFO] 检测到已有单章大纲，共 5 章，从第 961 章继续
[2026-05-18 17:16:24] [Planner] [INFO] 大纲已完整，跳过
[2026-05-18 17:16:24] [Planner] [INFO] Planner 全部完成
[2026-05-18 17:16:24] [Planner] [INFO] ============================================================
[2026-05-18 17:16:24] [Planner] [INFO] Planner Agent 启动 | 范围: 966-970 | 批次: 5
[2026-05-18 17:16:24] [Planner] [INFO] ============================================================
[2026-05-18 17:16:24] [Planner] [INFO] ============================================================
[2026-05-18 17:16:24] [Planner] [INFO] Planner Agent 启动 | 范围: 971-975 | 批次: 5
[2026-05-18 17:16:24] [Planner] [INFO] ============================================================
[2026-05-18 17:16:24] [Planner] [INFO] 检测到已有单章大纲，共 5 章，从第 971 章继续
[2026-05-18 17:16:24] [Planner] [INFO] 大纲已完整，跳过
[2026-05-18 17:16:24] [Planner] [INFO] Planner 全部完成
[2026-05-18 17:16:24] [Planner] [INFO] 检测到已有单章大纲，共 5 章，从第 976 章继续
[2026-05-18 17:16:24] [Planner] [INFO] 大纲已完整，跳过
[2026-05-18 17:16:24] [Planner] [INFO] Planner 全部完成
[2026-05-18 17:16:24] [Planner] [INFO] ============================================================
[2026-05-18 17:16:24] [Planner] [INFO] Planner Agent 启动 | 范围: 961-965 | 批次: 5
[2026-05-18 17:16:24] [Planner] [INFO] ============================================================
[2026-05-18 17:16:24] [Planner] [INFO] 检测到已有单章大纲，共 5 章，从第 966 章继续
[2026-05-18 17:16:24] [Planner] [INFO] 大纲已完整，跳过
[2026-05-18 17:16:24] [Planner] [INFO] Planner 全部完成
[2026-05-18 17:17:07] [Planner] [INFO] 第 901-905 章大纲已生成（5章，保存5章）
[2026-05-18 17:17:07] [Planner] [INFO] 大纲已保存到 D:\AiProject\Node\projects\novels7\output\outline_chapters，范围内共 5 章
[2026-05-18 17:17:07] [Planner] [INFO] Planner 全部完成
[2026-05-18 17:17:08] [Planner] [INFO] 第 911-915 章大纲已生成（5章，保存5章）
[2026-05-18 17:17:08] [Planner] [INFO] 大纲已保存到 D:\AiProject\Node\projects\novels7\output\outline_chapters，范围内共 5 章
[2026-05-18 17:17:08] [Planner] [INFO] Planner 全部完成
[2026-05-18 17:17:09] [Planner] [INFO] 第 916-920 章大纲已生成（5章，保存5章）
[2026-05-18 17:17:09] [Planner] [INFO] 大纲已保存到 D:\AiProject\Node\projects\novels7\output\outline_chapters，范围内共 5 章
[2026-05-18 17:17:09] [Planner] [INFO] Planner 全部完成
[2026-05-18 17:17:18] [Planner] [INFO] 第 1626-1650 章大纲已生成（25章）
[2026-05-18 17:17:18] [Planner] [INFO] 正在生成第 1651-1675 章大纲...
[2026-05-18 17:17:26] [Planner] [INFO] 第 921-925 章大纲已生成（0章，保存0章）
[2026-05-18 17:17:26] [Planner] [INFO] 大纲已保存到 D:\AiProject\Node\projects\novels7\output\outline_chapters，范围内共 0 章
[2026-05-18 17:17:26] [Planner] [ERROR] 大纲生成未完成
[2026-05-18 17:17:30] [Planner] [INFO] 第 906-910 章大纲已生成（5章，保存5章）
[2026-05-18 17:17:30] [Planner] [INFO] 大纲已保存到 D:\AiProject\Node\projects\novels7\output\outline_chapters，范围内共 5 章
[2026-05-18 17:17:30] [Planner] [INFO] Planner 全部完成
[2026-05-18 17:17:52] [Planner] [INFO] ============================================================
[2026-05-18 17:17:52] [Planner] [INFO] Planner Agent 启动 | 范围: 921-925 | 批次: 5
[2026-05-18 17:17:52] [Planner] [INFO] ============================================================
[2026-05-18 17:17:52] [Planner] [INFO] 检测到已有大纲，共 775 章，从第 926 章继续
[2026-05-18 17:17:52] [Planner] [INFO] 大纲已完整，跳过
[2026-05-18 17:17:52] [Planner] [INFO] Planner 全部完成
[2026-05-18 17:17:58] [Planner] [INFO] 第 1651-1675 章大纲已生成（25章）
[2026-05-18 17:17:58] [Planner] [INFO] 正在生成第 1676-1700 章大纲...
[2026-05-18 17:18:56] [Planner] [INFO] ============================================================
[2026-05-18 17:18:56] [Planner] [INFO] Planner Agent 启动 | 范围: 921-925 | 批次: 5
[2026-05-18 17:18:56] [Planner] [INFO] ============================================================
[2026-05-18 17:18:56] [Planner] [INFO] 正在生成第 921-925 章大纲...
[2026-05-18 17:18:56] [Planner] [INFO] ============================================================
[2026-05-18 17:18:56] [Planner] [INFO] Planner Agent 启动 | 范围: 1001-1005 | 批次: 5
[2026-05-18 17:18:56] [Planner] [INFO] ============================================================
[2026-05-18 17:18:56] [Planner] [INFO] 正在生成第 1001-1005 章大纲...
[2026-05-18 17:18:56] [Planner] [INFO] ============================================================
[2026-05-18 17:18:56] [Planner] [INFO] Planner Agent 启动 | 范围: 1006-1010 | 批次: 5
[2026-05-18 17:18:56] [Planner] [INFO] ============================================================
[2026-05-18 17:18:56] [Planner] [INFO] 正在生成第 1006-1010 章大纲...
[2026-05-18 17:18:56] [Planner] [INFO] ============================================================
[2026-05-18 17:18:56] [Planner] [INFO] Planner Agent 启动 | 范围: 1011-1015 | 批次: 5
[2026-05-18 17:18:56] [Planner] [INFO] ============================================================
[2026-05-18 17:18:56] [Planner] [INFO] 正在生成第 1011-1015 章大纲...
[2026-05-18 17:18:57] [Planner] [INFO] ============================================================
[2026-05-18 17:18:57] [Planner] [INFO] Planner Agent 启动 | 范围: 1016-1020 | 批次: 5
[2026-05-18 17:18:57] [Planner] [INFO] ============================================================
[2026-05-18 17:18:57] [Planner] [INFO] 正在生成第 1016-1020 章大纲...
[2026-05-18 17:18:57] [Planner] [INFO] ============================================================
[2026-05-18 17:18:57] [Planner] [INFO] Planner Agent 启动 | 范围: 1476-1480 | 批次: 5
[2026-05-18 17:18:57] [Planner] [INFO] ============================================================
[2026-05-18 17:18:57] [Planner] [INFO] 正在生成第 1476-1480 章大纲...
[2026-05-18 17:18:57] [Planner] [INFO] ============================================================
[2026-05-18 17:18:57] [Planner] [INFO] Planner Agent 启动 | 范围: 1021-1025 | 批次: 5
[2026-05-18 17:18:57] [Planner] [INFO] ============================================================
[2026-05-18 17:18:57] [Planner] [INFO] 正在生成第 1021-1025 章大纲...
[2026-05-18 17:18:57] [Planner] [INFO] ============================================================
[2026-05-18 17:18:57] [Planner] [INFO] Planner Agent 启动 | 范围: 1481-1485 | 批次: 5
[2026-05-18 17:18:57] [Planner] [INFO] ============================================================
[2026-05-18 17:18:57] [Planner] [INFO] ============================================================
[2026-05-18 17:18:57] [Planner] [INFO] Planner Agent 启动 | 范围: 1491-1495 | 批次: 5
[2026-05-18 17:18:57] [Planner] [INFO] ============================================================
[2026-05-18 17:18:57] [Planner] [INFO] 正在生成第 1481-1485 章大纲...
[2026-05-18 17:18:57] [Planner] [INFO] 正在生成第 1491-1495 章大纲...
[2026-05-18 17:18:57] [Planner] [INFO] ============================================================
[2026-05-18 17:18:57] [Planner] [INFO] Planner Agent 启动 | 范围: 1486-1490 | 批次: 5
[2026-05-18 17:18:57] [Planner] [INFO] ============================================================
[2026-05-18 17:18:57] [Planner] [INFO] 正在生成第 1486-1490 章大纲...
[2026-05-18 17:19:42] [Planner] [INFO] 第 1001-1005 章大纲已生成（5章，保存5章）
[2026-05-18 17:19:42] [Planner] [INFO] 大纲已保存到 D:\AiProject\Node\projects\novels7\output\outline_chapters，范围内共 5 章
[2026-05-18 17:19:42] [Planner] [INFO] Planner 全部完成
[2026-05-18 17:19:44] [Planner] [INFO] 第 1651-1675 章大纲已生成（25章）
[2026-05-18 17:19:44] [Planner] [INFO] 正在生成第 1676-1700 章大纲...
[2026-05-18 17:19:46] [Planner] [INFO] 第 1486-1490 章大纲已生成（5章，保存5章）
[2026-05-18 17:19:46] [Planner] [INFO] 大纲已保存到 D:\AiProject\Node\projects\novels7\output\outline_chapters，范围内共 5 章
[2026-05-18 17:19:46] [Planner] [INFO] Planner 全部完成
[2026-05-18 17:19:47] [Planner] [INFO] 第 1011-1015 章大纲已生成（0章，保存0章）
[2026-05-18 17:19:47] [Planner] [INFO] 大纲已保存到 D:\AiProject\Node\projects\novels7\output\outline_chapters，范围内共 0 章
[2026-05-18 17:19:47] [Planner] [ERROR] 大纲生成未完成
[2026-05-18 17:19:47] [Planner] [INFO] 第 1676-1700 章大纲已生成（25章）
[2026-05-18 17:19:47] [Planner] [INFO] 正在生成第 1701-1725 章大纲...
[2026-05-18 17:19:48] [Planner] [INFO] 第 1476-1480 章大纲已生成（5章，保存5章）
[2026-05-18 17:19:48] [Planner] [INFO] 大纲已保存到 D:\AiProject\Node\projects\novels7\output\outline_chapters，范围内共 5 章
[2026-05-18 17:19:48] [Planner] [INFO] Planner 全部完成
[2026-05-18 17:19:50] [Planner] [INFO] 第 1006-1010 章大纲已生成（5章，保存5章）
[2026-05-18 17:19:50] [Planner] [INFO] 大纲已保存到 D:\AiProject\Node\projects\novels7\output\outline_chapters，范围内共 5 章
[2026-05-18 17:19:50] [Planner] [INFO] Planner 全部完成
[2026-05-18 17:19:51] [Planner] [INFO] 第 1491-1495 章大纲已生成（5章，保存5章）
[2026-05-18 17:19:51] [Planner] [INFO] 第 1481-1485 章大纲已生成（5章，保存5章）
[2026-05-18 17:19:51] [Planner] [INFO] 大纲已保存到 D:\AiProject\Node\projects\novels7\output\outline_chapters，范围内共 5 章
[2026-05-18 17:19:51] [Planner] [INFO] Planner 全部完成
[2026-05-18 17:19:51] [Planner] [INFO] 大纲已保存到 D:\AiProject\Node\projects\novels7\output\outline_chapters，范围内共 5 章
[2026-05-18 17:19:51] [Planner] [INFO] Planner 全部完成
[2026-05-18 17:19:51] [Planner] [INFO] 第 1021-1025 章大纲已生成（5章，保存5章）
[2026-05-18 17:19:51] [Planner] [INFO] 大纲已保存到 D:\AiProject\Node\projects\novels7\output\outline_chapters，范围内共 5 章
[2026-05-18 17:19:51] [Planner] [INFO] Planner 全部完成
[2026-05-18 17:20:00] [Planner] [INFO] 第 1016-1020 章大纲已生成（5章，保存5章）
[2026-05-18 17:20:00] [Planner] [INFO] 大纲已保存到 D:\AiProject\Node\projects\novels7\output\outline_chapters，范围内共 5 章
[2026-05-18 17:20:00] [Planner] [INFO] Planner 全部完成
[2026-05-18 17:20:01] [Planner] [INFO] 第 921-925 章大纲已生成（5章，保存5章）
[2026-05-18 17:20:01] [Planner] [INFO] 大纲已保存到 D:\AiProject\Node\projects\novels7\output\outline_chapters，范围内共 5 章
[2026-05-18 17:20:01] [Planner] [INFO] Planner 全部完成
[2026-05-18 17:20:37] [Planner] [INFO] ============================================================
[2026-05-18 17:20:37] [Planner] [INFO] Planner Agent 启动 | 范围: 1011-1015 | 批次: 5
[2026-05-18 17:20:37] [Planner] [INFO] ============================================================
[2026-05-18 17:20:37] [Planner] [INFO] 检测到已有大纲，共 1475 章，从第 1016 章继续
[2026-05-18 17:20:37] [Planner] [INFO] 大纲已完整，跳过
[2026-05-18 17:20:37] [Planner] [INFO] Planner 全部完成
[2026-05-18 17:20:37] [Planner] [INFO] ============================================================
[2026-05-18 17:20:37] [Planner] [INFO] Planner Agent 启动 | 范围: 1021-1025 | 批次: 5
[2026-05-18 17:20:37] [Planner] [INFO] ============================================================
[2026-05-18 17:20:37] [Planner] [INFO] 检测到已有单章大纲，共 5 章，从第 1026 章继续
[2026-05-18 17:20:37] [Planner] [INFO] 大纲已完整，跳过
[2026-05-18 17:20:37] [Planner] [INFO] Planner 全部完成
[2026-05-18 17:20:37] [Planner] [INFO] ============================================================
[2026-05-18 17:20:37] [Planner] [INFO] Planner Agent 启动 | 范围: 1051-1055 | 批次: 5
[2026-05-18 17:20:37] [Planner] [INFO] ============================================================
[2026-05-18 17:20:37] [Planner] [INFO] 检测到已有大纲，共 1475 章，从第 1056 章继续
[2026-05-18 17:20:37] [Planner] [INFO] 大纲已完整，跳过
[2026-05-18 17:20:37] [Planner] [INFO] Planner 全部完成
[2026-05-18 17:20:38] [Planner] [INFO] ============================================================
[2026-05-18 17:20:38] [Planner] [INFO] Planner Agent 启动 | 范围: 1056-1060 | 批次: 5
[2026-05-18 17:20:38] [Planner] [INFO] ============================================================
[2026-05-18 17:20:38] [Planner] [INFO] 检测到已有大纲，共 1475 章，从第 1061 章继续
[2026-05-18 17:20:38] [Planner] [INFO] 大纲已完整，跳过
[2026-05-18 17:20:38] [Planner] [INFO] Planner 全部完成
[2026-05-18 17:20:38] [Planner] [INFO] ============================================================
[2026-05-18 17:20:38] [Planner] [INFO] Planner Agent 启动 | 范围: 1066-1070 | 批次: 5
[2026-05-18 17:20:38] [Planner] [INFO] ============================================================
[2026-05-18 17:20:38] [Planner] [INFO] 检测到已有大纲，共 1475 章，从第 1071 章继续
[2026-05-18 17:20:38] [Planner] [INFO] 大纲已完整，跳过
[2026-05-18 17:20:38] [Planner] [INFO] Planner 全部完成
[2026-05-18 17:20:38] [Planner] [INFO] ============================================================
[2026-05-18 17:20:38] [Planner] [INFO] Planner Agent 启动 | 范围: 1061-1065 | 批次: 5
[2026-05-18 17:20:38] [Planner] [INFO] ============================================================
[2026-05-18 17:20:38] [Planner] [INFO] 检测到已有大纲，共 1475 章，从第 1066 章继续
[2026-05-18 17:20:38] [Planner] [INFO] 大纲已完整，跳过
[2026-05-18 17:20:38] [Planner] [INFO] Planner 全部完成
[2026-05-18 17:20:38] [Planner] [INFO] ============================================================
[2026-05-18 17:20:38] [Planner] [INFO] Planner Agent 启动 | 范围: 1076-1080 | 批次: 5
[2026-05-18 17:20:38] [Planner] [INFO] ============================================================
[2026-05-18 17:20:38] [Planner] [INFO] ============================================================
[2026-05-18 17:20:38] [Planner] [INFO] Planner Agent 启动 | 范围: 1071-1075 | 批次: 5
[2026-05-18 17:20:38] [Planner] [INFO] ============================================================
[2026-05-18 17:20:38] [Planner] [INFO] 检测到已有大纲，共 1475 章，从第 1081 章继续
[2026-05-18 17:20:38] [Planner] [INFO] 大纲已完整，跳过
[2026-05-18 17:20:38] [Planner] [INFO] Planner 全部完成
[2026-05-18 17:20:38] [Planner] [INFO] 检测到已有大纲，共 1475 章，从第 1076 章继续
[2026-05-18 17:20:38] [Planner] [INFO] 大纲已完整，跳过
[2026-05-18 17:20:38] [Planner] [INFO] Planner 全部完成
[2026-05-18 17:20:38] [Planner] [INFO] ============================================================
[2026-05-18 17:20:38] [Planner] [INFO] Planner Agent 启动 | 范围: 1086-1090 | 批次: 5
[2026-05-18 17:20:38] [Planner] [INFO] ============================================================
[2026-05-18 17:20:38] [Planner] [INFO] 检测到已有大纲，共 1475 章，从第 1091 章继续
[2026-05-18 17:20:38] [Planner] [INFO] 大纲已完整，跳过
[2026-05-18 17:20:38] [Planner] [INFO] Planner 全部完成
[2026-05-18 17:20:38] [Planner] [INFO] ============================================================
[2026-05-18 17:20:38] [Planner] [INFO] Planner Agent 启动 | 范围: 1081-1085 | 批次: 5
[2026-05-18 17:20:38] [Planner] [INFO] ============================================================
[2026-05-18 17:20:38] [Planner] [INFO] 检测到已有大纲，共 1475 章，从第 1086 章继续
[2026-05-18 17:20:38] [Planner] [INFO] 大纲已完整，跳过
[2026-05-18 17:20:38] [Planner] [INFO] Planner 全部完成
[2026-05-18 17:21:27] [Planner] [INFO] ============================================================
[2026-05-18 17:21:27] [Planner] [INFO] Planner Agent 启动 | 范围: 1011-1015 | 批次: 5
[2026-05-18 17:21:27] [Planner] [INFO] ============================================================
[2026-05-18 17:21:27] [Planner] [INFO] 检测到已有大纲，共 1475 章，从第 1016 章继续
[2026-05-18 17:21:27] [Planner] [INFO] 大纲已完整，跳过
[2026-05-18 17:21:27] [Planner] [INFO] Planner 全部完成
[2026-05-18 17:21:28] [Planner] [INFO] ============================================================
[2026-05-18 17:21:28] [Planner] [INFO] Planner Agent 启动 | 范围: 1091-1095 | 批次: 5
[2026-05-18 17:21:28] [Planner] [INFO] ============================================================
[2026-05-18 17:21:28] [Planner] [INFO] 检测到已有大纲，共 1475 章，从第 1096 章继续
[2026-05-18 17:21:28] [Planner] [INFO] 大纲已完整，跳过
[2026-05-18 17:21:28] [Planner] [INFO] Planner 全部完成
[2026-05-18 17:21:28] [Planner] [INFO] ============================================================
[2026-05-18 17:21:28] [Planner] [INFO] Planner Agent 启动 | 范围: 1096-1100 | 批次: 5
[2026-05-18 17:21:28] [Planner] [INFO] ============================================================
[2026-05-18 17:21:28] [Planner] [INFO] 检测到已有大纲，共 1475 章，从第 1101 章继续
[2026-05-18 17:21:28] [Planner] [INFO] 大纲已完整，跳过
[2026-05-18 17:21:28] [Planner] [INFO] Planner 全部完成
[2026-05-18 17:21:28] [Planner] [INFO] ============================================================
[2026-05-18 17:21:28] [Planner] [INFO] Planner Agent 启动 | 范围: 1101-1105 | 批次: 5
[2026-05-18 17:21:28] [Planner] [INFO] ============================================================
[2026-05-18 17:21:28] [Planner] [INFO] 检测到已有大纲，共 1475 章，从第 1106 章继续
[2026-05-18 17:21:28] [Planner] [INFO] 大纲已完整，跳过
[2026-05-18 17:21:28] [Planner] [INFO] Planner 全部完成
[2026-05-18 17:21:28] [Planner] [INFO] ============================================================
[2026-05-18 17:21:28] [Planner] [INFO] Planner Agent 启动 | 范围: 1106-1110 | 批次: 5
[2026-05-18 17:21:28] [Planner] [INFO] ============================================================
[2026-05-18 17:21:28] [Planner] [INFO] 检测到已有大纲，共 1475 章，从第 1111 章继续
[2026-05-18 17:21:28] [Planner] [INFO] 大纲已完整，跳过
[2026-05-18 17:21:28] [Planner] [INFO] Planner 全部完成
[2026-05-18 17:21:28] [Planner] [INFO] ============================================================
[2026-05-18 17:21:28] [Planner] [INFO] Planner Agent 启动 | 范围: 1116-1120 | 批次: 5
[2026-05-18 17:21:28] [Planner] [INFO] ============================================================
[2026-05-18 17:21:28] [Planner] [INFO] ============================================================
[2026-05-18 17:21:28] [Planner] [INFO] Planner Agent 启动 | 范围: 1111-1115 | 批次: 5
[2026-05-18 17:21:28] [Planner] [INFO] ============================================================
[2026-05-18 17:21:28] [Planner] [INFO] 检测到已有大纲，共 1475 章，从第 1121 章继续
[2026-05-18 17:21:28] [Planner] [INFO] 大纲已完整，跳过
[2026-05-18 17:21:28] [Planner] [INFO] Planner 全部完成
[2026-05-18 17:21:28] [Planner] [INFO] ============================================================
[2026-05-18 17:21:28] [Planner] [INFO] Planner Agent 启动 | 范围: 1121-1125 | 批次: 5
[2026-05-18 17:21:28] [Planner] [INFO] ============================================================
[2026-05-18 17:21:28] [Planner] [INFO] 检测到已有大纲，共 1475 章，从第 1116 章继续
[2026-05-18 17:21:28] [Planner] [INFO] 大纲已完整，跳过
[2026-05-18 17:21:28] [Planner] [INFO] Planner 全部完成
[2026-05-18 17:21:28] [Planner] [INFO] 检测到已有大纲，共 1475 章，从第 1126 章继续
[2026-05-18 17:21:28] [Planner] [INFO] 大纲已完整，跳过
[2026-05-18 17:21:28] [Planner] [INFO] Planner 全部完成
[2026-05-18 17:21:28] [Planner] [INFO] ============================================================
[2026-05-18 17:21:28] [Planner] [INFO] Planner Agent 启动 | 范围: 1601-1605 | 批次: 5
[2026-05-18 17:21:28] [Planner] [INFO] ============================================================
[2026-05-18 17:21:28] [Planner] [INFO] ============================================================
[2026-05-18 17:21:28] [Planner] [INFO] Planner Agent 启动 | 范围: 1496-1500 | 批次: 5
[2026-05-18 17:21:28] [Planner] [INFO] ============================================================
[2026-05-18 17:21:28] [Planner] [INFO] 检测到已有大纲，共 1475 章，从第 1606 章继续
[2026-05-18 17:21:28] [Planner] [INFO] 大纲已完整，跳过
[2026-05-18 17:21:28] [Planner] [INFO] Planner 全部完成
[2026-05-18 17:21:28] [Planner] [INFO] 检测到已有大纲，共 1475 章，从第 1501 章继续
[2026-05-18 17:21:28] [Planner] [INFO] 大纲已完整，跳过
[2026-05-18 17:21:28] [Planner] [INFO] Planner 全部完成
[2026-05-18 17:21:35] [Planner] [INFO] 第 1676-1700 章大纲已生成（25章）
[2026-05-18 17:21:35] [Planner] [INFO] 正在生成第 1701-1725 章大纲...
[2026-05-18 17:21:59] [Planner] [INFO] 第 1701-1725 章大纲已生成（25章）
[2026-05-18 17:21:59] [Planner] [INFO] 正在生成第 1726-1750 章大纲...
[2026-05-18 17:23:20] [Planner] [INFO] 第 1701-1725 章大纲已生成（25章）
[2026-05-18 17:23:20] [Planner] [INFO] 正在生成第 1726-1750 章大纲...
[2026-05-18 17:23:43] [Planner] [INFO] 第 1726-1750 章大纲已生成（25章）
[2026-05-18 17:23:44] [Planner] [INFO] 正在生成第 1751-1775 章大纲...
[2026-05-18 17:25:08] [Planner] [INFO] ============================================================
[2026-05-18 17:25:08] [Planner] [INFO] Planner Agent 启动 | 范围: 1011-1015 | 批次: 5
[2026-05-18 17:25:08] [Planner] [INFO] ============================================================
[2026-05-18 17:25:08] [Planner] [INFO] 正在生成第 1011-1015 章大纲...
[2026-05-18 17:25:08] [Planner] [INFO] ============================================================
[2026-05-18 17:25:08] [Planner] [INFO] Planner Agent 启动 | 范围: 1051-1055 | 批次: 5
[2026-05-18 17:25:08] [Planner] [INFO] ============================================================
[2026-05-18 17:25:08] [Planner] [INFO] 正在生成第 1051-1055 章大纲...
[2026-05-18 17:25:08] [Planner] [INFO] ============================================================
[2026-05-18 17:25:08] [Planner] [INFO] Planner Agent 启动 | 范围: 1056-1060 | 批次: 5
[2026-05-18 17:25:08] [Planner] [INFO] ============================================================
[2026-05-18 17:25:08] [Planner] [INFO] 正在生成第 1056-1060 章大纲...
[2026-05-18 17:25:08] [Planner] [INFO] ============================================================
[2026-05-18 17:25:08] [Planner] [INFO] Planner Agent 启动 | 范围: 1061-1065 | 批次: 5
[2026-05-18 17:25:08] [Planner] [INFO] ============================================================
[2026-05-18 17:25:08] [Planner] [INFO] 正在生成第 1061-1065 章大纲...
[2026-05-18 17:25:09] [Planner] [INFO] ============================================================
[2026-05-18 17:25:09] [Planner] [INFO] Planner Agent 启动 | 范围: 1066-1070 | 批次: 5
[2026-05-18 17:25:09] [Planner] [INFO] ============================================================
[2026-05-18 17:25:09] [Planner] [INFO] 正在生成第 1066-1070 章大纲...
[2026-05-18 17:25:09] [Planner] [INFO] ============================================================
[2026-05-18 17:25:09] [Planner] [INFO] Planner Agent 启动 | 范围: 1071-1075 | 批次: 5
[2026-05-18 17:25:09] [Planner] [INFO] ============================================================
[2026-05-18 17:25:09] [Planner] [INFO] 正在生成第 1071-1075 章大纲...
[2026-05-18 17:25:09] [Planner] [INFO] ============================================================
[2026-05-18 17:25:09] [Planner] [INFO] Planner Agent 启动 | 范围: 1076-1080 | 批次: 5
[2026-05-18 17:25:09] [Planner] [INFO] ============================================================
[2026-05-18 17:25:09] [Planner] [INFO] 正在生成第 1076-1080 章大纲...
[2026-05-18 17:25:09] [Planner] [INFO] ============================================================
[2026-05-18 17:25:09] [Planner] [INFO] Planner Agent 启动 | 范围: 1086-1090 | 批次: 5
[2026-05-18 17:25:09] [Planner] [INFO] ============================================================
[2026-05-18 17:25:09] [Planner] [INFO] 正在生成第 1086-1090 章大纲...
[2026-05-18 17:25:09] [Planner] [INFO] ============================================================
[2026-05-18 17:25:09] [Planner] [INFO] Planner Agent 启动 | 范围: 1081-1085 | 批次: 5
[2026-05-18 17:25:09] [Planner] [INFO] ============================================================
[2026-05-18 17:25:09] [Planner] [INFO] ============================================================
[2026-05-18 17:25:09] [Planner] [INFO] Planner Agent 启动 | 范围: 1091-1095 | 批次: 5
[2026-05-18 17:25:09] [Planner] [INFO] ============================================================
[2026-05-18 17:25:09] [Planner] [INFO] 正在生成第 1081-1085 章大纲...
[2026-05-18 17:25:09] [Planner] [INFO] 正在生成第 1091-1095 章大纲...
[2026-05-18 17:25:23] [Planner] [INFO] 第 1751-1775 章大纲已生成（25章）
[2026-05-18 17:25:23] [Planner] [INFO] 正在生成第 1776-1800 章大纲...
[2026-05-18 17:25:27] [Planner] [INFO] 第 1726-1750 章大纲已生成（0章）
[2026-05-18 17:25:27] [Planner] [INFO] 正在生成第 1751-1775 章大纲...
[2026-05-18 17:25:45] [Planner] [INFO] 第 1086-1090 章大纲已生成（5章，保存5章）
[2026-05-18 17:25:45] [Planner] [INFO] 大纲已保存到 D:\AiProject\Node\projects\novels7\output\outline_chapters，范围内共 5 章
[2026-05-18 17:25:45] [Planner] [INFO] Planner 全部完成
[2026-05-18 17:25:48] [Planner] [INFO] 第 1061-1065 章大纲已生成（5章，保存5章）
[2026-05-18 17:25:48] [Planner] [INFO] 大纲已保存到 D:\AiProject\Node\projects\novels7\output\outline_chapters，范围内共 5 章
[2026-05-18 17:25:48] [Planner] [INFO] Planner 全部完成
[2026-05-18 17:25:51] [Planner] [INFO] 第 1051-1055 章大纲已生成（5章，保存5章）
[2026-05-18 17:25:51] [Planner] [INFO] 大纲已保存到 D:\AiProject\Node\projects\novels7\output\outline_chapters，范围内共 5 章
[2026-05-18 17:25:51] [Planner] [INFO] Planner 全部完成
[2026-05-18 17:25:53] [Planner] [INFO] 第 1056-1060 章大纲已生成（5章，保存5章）
[2026-05-18 17:25:53] [Planner] [INFO] 大纲已保存到 D:\AiProject\Node\projects\novels7\output\outline_chapters，范围内共 5 章
[2026-05-18 17:25:53] [Planner] [INFO] Planner 全部完成
[2026-05-18 17:25:55] [Planner] [INFO] 第 1076-1080 章大纲已生成（5章，保存5章）
[2026-05-18 17:25:55] [Planner] [INFO] 大纲已保存到 D:\AiProject\Node\projects\novels7\output\outline_chapters，范围内共 5 章
[2026-05-18 17:25:55] [Planner] [INFO] Planner 全部完成
[2026-05-18 17:25:56] [Planner] [INFO] 第 1066-1070 章大纲已生成（5章，保存5章）
[2026-05-18 17:25:56] [Planner] [INFO] 大纲已保存到 D:\AiProject\Node\projects\novels7\output\outline_chapters，范围内共 5 章
[2026-05-18 17:25:56] [Planner] [INFO] Planner 全部完成
[2026-05-18 17:26:01] [Planner] [INFO] 第 1091-1095 章大纲已生成（5章，保存5章）
[2026-05-18 17:26:01] [Planner] [INFO] 大纲已保存到 D:\AiProject\Node\projects\novels7\output\outline_chapters，范围内共 5 章
[2026-05-18 17:26:01] [Planner] [INFO] Planner 全部完成
[2026-05-18 17:26:03] [Planner] [INFO] 第 1071-1075 章大纲已生成（5章，保存5章）
[2026-05-18 17:26:03] [Planner] [INFO] 大纲已保存到 D:\AiProject\Node\projects\novels7\output\outline_chapters，范围内共 5 章
[2026-05-18 17:26:03] [Planner] [INFO] Planner 全部完成
[2026-05-18 17:26:07] [Planner] [INFO] 第 1081-1085 章大纲已生成（5章，保存5章）
[2026-05-18 17:26:07] [Planner] [INFO] 大纲已保存到 D:\AiProject\Node\projects\novels7\output\outline_chapters，范围内共 5 章
[2026-05-18 17:26:07] [Planner] [INFO] Planner 全部完成
[2026-05-18 17:26:07] [Planner] [INFO] 第 1011-1015 章大纲已生成（5章，保存5章）
[2026-05-18 17:26:07] [Planner] [INFO] 大纲已保存到 D:\AiProject\Node\projects\novels7\output\outline_chapters，范围内共 5 章
[2026-05-18 17:26:07] [Planner] [INFO] Planner 全部完成
[2026-05-18 17:26:42] [Planner] [INFO] ============================================================
[2026-05-18 17:26:42] [Planner] [INFO] Planner Agent 启动 | 范围: 1096-1100 | 批次: 5
[2026-05-18 17:26:42] [Planner] [INFO] ============================================================
[2026-05-18 17:26:42] [Planner] [INFO] 正在生成第 1096-1100 章大纲...
[2026-05-18 17:26:42] [Planner] [INFO] ============================================================
[2026-05-18 17:26:42] [Planner] [INFO] Planner Agent 启动 | 范围: 1101-1105 | 批次: 5
[2026-05-18 17:26:42] [Planner] [INFO] ============================================================
[2026-05-18 17:26:42] [Planner] [INFO] 正在生成第 1101-1105 章大纲...
[2026-05-18 17:26:42] [Planner] [INFO] ============================================================
[2026-05-18 17:26:42] [Planner] [INFO] Planner Agent 启动 | 范围: 1106-1110 | 批次: 5
[2026-05-18 17:26:42] [Planner] [INFO] ============================================================
[2026-05-18 17:26:42] [Planner] [INFO] 正在生成第 1106-1110 章大纲...
[2026-05-18 17:26:43] [Planner] [INFO] ============================================================
[2026-05-18 17:26:43] [Planner] [INFO] Planner Agent 启动 | 范围: 1111-1115 | 批次: 5
[2026-05-18 17:26:43] [Planner] [INFO] ============================================================
[2026-05-18 17:26:43] [Planner] [INFO] 正在生成第 1111-1115 章大纲...
[2026-05-18 17:26:43] [Planner] [INFO] ============================================================
[2026-05-18 17:26:43] [Planner] [INFO] Planner Agent 启动 | 范围: 1116-1120 | 批次: 5
[2026-05-18 17:26:43] [Planner] [INFO] ============================================================
[2026-05-18 17:26:43] [Planner] [INFO] 正在生成第 1116-1120 章大纲...
[2026-05-18 17:26:43] [Planner] [INFO] ============================================================
[2026-05-18 17:26:43] [Planner] [INFO] Planner Agent 启动 | 范围: 1121-1125 | 批次: 5
[2026-05-18 17:26:43] [Planner] [INFO] ============================================================
[2026-05-18 17:26:43] [Planner] [INFO] 正在生成第 1121-1125 章大纲...
[2026-05-18 17:26:43] [Planner] [INFO] ============================================================
[2026-05-18 17:26:43] [Planner] [INFO] Planner Agent 启动 | 范围: 1126-1130 | 批次: 5
[2026-05-18 17:26:43] [Planner] [INFO] ============================================================
[2026-05-18 17:26:43] [Planner] [INFO] 正在生成第 1126-1130 章大纲...
[2026-05-18 17:26:43] [Planner] [INFO] ============================================================
[2026-05-18 17:26:43] [Planner] [INFO] Planner Agent 启动 | 范围: 1131-1135 | 批次: 5
[2026-05-18 17:26:43] [Planner] [INFO] ============================================================
[2026-05-18 17:26:43] [Planner] [INFO] 正在生成第 1131-1135 章大纲...
[2026-05-18 17:26:44] [Planner] [INFO] ============================================================
[2026-05-18 17:26:44] [Planner] [INFO] Planner Agent 启动 | 范围: 1136-1140 | 批次: 5
[2026-05-18 17:26:44] [Planner] [INFO] ============================================================
[2026-05-18 17:26:44] [Planner] [INFO] 正在生成第 1136-1140 章大纲...
[2026-05-18 17:26:44] [Planner] [INFO] ============================================================
[2026-05-18 17:26:44] [Planner] [INFO] Planner Agent 启动 | 范围: 1496-1500 | 批次: 5
[2026-05-18 17:26:44] [Planner] [INFO] ============================================================
[2026-05-18 17:26:44] [Planner] [INFO] 正在生成第 1496-1500 章大纲...
[2026-05-18 17:27:01] [Planner] [INFO] 第 1751-1775 章大纲已生成（25章）
[2026-05-18 17:27:01] [Planner] [INFO] 正在生成第 1776-1800 章大纲...
[2026-05-18 17:27:12] [Planner] [INFO] 第 1776-1800 章大纲已生成（25章）
[2026-05-18 17:27:12] [Planner] [INFO] 正在生成第 1801-1825 章大纲...
[2026-05-18 17:27:24] [Planner] [INFO] 第 1121-1125 章大纲已生成（5章，保存5章）
[2026-05-18 17:27:24] [Planner] [INFO] 大纲已保存到 D:\AiProject\Node\projects\novels7\output\outline_chapters，范围内共 5 章
[2026-05-18 17:27:24] [Planner] [INFO] Planner 全部完成
[2026-05-18 17:27:27] [Planner] [INFO] 第 1106-1110 章大纲已生成（5章，保存5章）
[2026-05-18 17:27:27] [Planner] [INFO] 大纲已保存到 D:\AiProject\Node\projects\novels7\output\outline_chapters，范围内共 5 章
[2026-05-18 17:27:27] [Planner] [INFO] Planner 全部完成
[2026-05-18 17:27:27] [Planner] [INFO] 第 1126-1130 章大纲已生成（5章，保存5章）
[2026-05-18 17:27:27] [Planner] [INFO] 大纲已保存到 D:\AiProject\Node\projects\novels7\output\outline_chapters，范围内共 5 章
[2026-05-18 17:27:27] [Planner] [INFO] Planner 全部完成
[2026-05-18 17:27:29] [Planner] [INFO] ============================================================
[2026-05-18 17:27:29] [Planner] [INFO] Planner Agent 启动 | 范围: 1096-1100 | 批次: 5
[2026-05-18 17:27:29] [Planner] [INFO] ============================================================
[2026-05-18 17:27:29] [Planner] [INFO] 正在生成第 1096-1100 章大纲...
[2026-05-18 17:27:29] [Planner] [INFO] ============================================================
[2026-05-18 17:27:29] [Planner] [INFO] Planner Agent 启动 | 范围: 1101-1105 | 批次: 5
[2026-05-18 17:27:29] [Planner] [INFO] ============================================================
[2026-05-18 17:27:29] [Planner] [INFO] 正在生成第 1101-1105 章大纲...
[2026-05-18 17:27:29] [Planner] [INFO] ============================================================
[2026-05-18 17:27:29] [Planner] [INFO] Planner Agent 启动 | 范围: 1106-1110 | 批次: 5
[2026-05-18 17:27:29] [Planner] [INFO] ============================================================
[2026-05-18 17:27:29] [Planner] [INFO] 检测到已有单章大纲，共 5 章，从第 1111 章继续
[2026-05-18 17:27:29] [Planner] [INFO] 大纲已完整，跳过
[2026-05-18 17:27:29] [Planner] [INFO] Planner 全部完成
[2026-05-18 17:27:29] [Planner] [INFO] ============================================================
[2026-05-18 17:27:29] [Planner] [INFO] Planner Agent 启动 | 范围: 1111-1115 | 批次: 5
[2026-05-18 17:27:29] [Planner] [INFO] ============================================================
[2026-05-18 17:27:29] [Planner] [INFO] 正在生成第 1111-1115 章大纲...
[2026-05-18 17:27:29] [Planner] [INFO] ============================================================
[2026-05-18 17:27:29] [Planner] [INFO] Planner Agent 启动 | 范围: 1116-1120 | 批次: 5
[2026-05-18 17:27:29] [Planner] [INFO] ============================================================
[2026-05-18 17:27:29] [Planner] [INFO] 正在生成第 1116-1120 章大纲...
[2026-05-18 17:27:30] [Planner] [INFO] ============================================================
[2026-05-18 17:27:30] [Planner] [INFO] Planner Agent 启动 | 范围: 1126-1130 | 批次: 5
[2026-05-18 17:27:30] [Planner] [INFO] ============================================================
[2026-05-18 17:27:30] [Planner] [INFO] 检测到已有单章大纲，共 5 章，从第 1131 章继续
[2026-05-18 17:27:30] [Planner] [INFO] 大纲已完整，跳过
[2026-05-18 17:27:30] [Planner] [INFO] Planner 全部完成
[2026-05-18 17:27:30] [Planner] [INFO] ============================================================
[2026-05-18 17:27:30] [Planner] [INFO] Planner Agent 启动 | 范围: 1121-1125 | 批次: 5
[2026-05-18 17:27:30] [Planner] [INFO] ============================================================
[2026-05-18 17:27:30] [Planner] [INFO] 检测到已有单章大纲，共 5 章，从第 1126 章继续
[2026-05-18 17:27:30] [Planner] [INFO] 大纲已完整，跳过
[2026-05-18 17:27:30] [Planner] [INFO] Planner 全部完成
[2026-05-18 17:27:30] [Planner] [INFO] ============================================================
[2026-05-18 17:27:30] [Planner] [INFO] Planner Agent 启动 | 范围: 1131-1135 | 批次: 5
[2026-05-18 17:27:30] [Planner] [INFO] ============================================================
[2026-05-18 17:27:30] [Planner] [INFO] ============================================================
[2026-05-18 17:27:30] [Planner] [INFO] 正在生成第 1131-1135 章大纲...
[2026-05-18 17:27:30] [Planner] [INFO] Planner Agent 启动 | 范围: 1136-1140 | 批次: 5
[2026-05-18 17:27:30] [Planner] [INFO] ============================================================
[2026-05-18 17:27:30] [Planner] [INFO] 正在生成第 1136-1140 章大纲...
[2026-05-18 17:27:30] [Planner] [INFO] ============================================================
[2026-05-18 17:27:30] [Planner] [INFO] Planner Agent 启动 | 范围: 1496-1500 | 批次: 5
[2026-05-18 17:27:30] [Planner] [INFO] ============================================================
[2026-05-18 17:27:30] [Planner] [INFO] 正在生成第 1496-1500 章大纲...
[2026-05-18 17:27:32] [Planner] [INFO] 第 1111-1115 章大纲已生成（5章，保存5章）
[2026-05-18 17:27:32] [Planner] [INFO] 大纲已保存到 D:\AiProject\Node\projects\novels7\output\outline_chapters，范围内共 5 章
[2026-05-18 17:27:32] [Planner] [INFO] Planner 全部完成
[2026-05-18 17:27:33] [Planner] [INFO] 第 1116-1120 章大纲已生成（0章，保存0章）
[2026-05-18 17:27:33] [Planner] [INFO] 大纲已保存到 D:\AiProject\Node\projects\novels7\output\outline_chapters，范围内共 0 章
[2026-05-18 17:27:33] [Planner] [ERROR] 大纲生成未完成
[2026-05-18 17:27:33] [Planner] [INFO] 第 1136-1140 章大纲已生成（5章，保存5章）
[2026-05-18 17:27:33] [Planner] [INFO] 大纲已保存到 D:\AiProject\Node\projects\novels7\output\outline_chapters，范围内共 5 章
[2026-05-18 17:27:33] [Planner] [INFO] Planner 全部完成
[2026-05-18 17:27:33] [Planner] [INFO] 第 1101-1105 章大纲已生成（5章，保存5章）
[2026-05-18 17:27:33] [Planner] [INFO] 大纲已保存到 D:\AiProject\Node\projects\novels7\output\outline_chapters，范围内共 5 章
[2026-05-18 17:27:33] [Planner] [INFO] Planner 全部完成
[2026-05-18 17:27:35] [Planner] [INFO] 第 1496-1500 章大纲已生成（0章，保存0章）
[2026-05-18 17:27:35] [Planner] [INFO] 大纲已保存到 D:\AiProject\Node\projects\novels7\output\outline_chapters，范围内共 0 章
[2026-05-18 17:27:35] [Planner] [ERROR] 大纲生成未完成
[2026-05-18 17:27:36] [Planner] [INFO] 第 1131-1135 章大纲已生成（5章，保存5章）
[2026-05-18 17:27:36] [Planner] [INFO] 大纲已保存到 D:\AiProject\Node\projects\novels7\output\outline_chapters，范围内共 5 章
[2026-05-18 17:27:36] [Planner] [INFO] Planner 全部完成
[2026-05-18 17:27:45] [Planner] [INFO] 第 1096-1100 章大纲已生成（5章，保存5章）
[2026-05-18 17:27:45] [Planner] [INFO] 大纲已保存到 D:\AiProject\Node\projects\novels7\output\outline_chapters，范围内共 5 章
[2026-05-18 17:27:45] [Planner] [INFO] Planner 全部完成
[2026-05-18 17:28:12] [Planner] [INFO] ============================================================
[2026-05-18 17:28:12] [Planner] [INFO] Planner Agent 启动 | 范围: 1116-1120 | 批次: 5
[2026-05-18 17:28:12] [Planner] [INFO] ============================================================
[2026-05-18 17:28:12] [Planner] [INFO] 正在生成第 1116-1120 章大纲...
[2026-05-18 17:28:12] [Planner] [INFO] ============================================================
[2026-05-18 17:28:12] [Planner] [INFO] Planner Agent 启动 | 范围: 1141-1145 | 批次: 5
[2026-05-18 17:28:12] [Planner] [INFO] ============================================================
[2026-05-18 17:28:12] [Planner] [INFO] 正在生成第 1141-1145 章大纲...
[2026-05-18 17:28:12] [Planner] [INFO] ============================================================
[2026-05-18 17:28:12] [Planner] [INFO] Planner Agent 启动 | 范围: 1146-1150 | 批次: 5
[2026-05-18 17:28:12] [Planner] [INFO] ============================================================
[2026-05-18 17:28:12] [Planner] [INFO] 正在生成第 1146-1150 章大纲...
[2026-05-18 17:28:13] [Planner] [INFO] ============================================================
[2026-05-18 17:28:13] [Planner] [INFO] Planner Agent 启动 | 范围: 1161-1165 | 批次: 5
[2026-05-18 17:28:13] [Planner] [INFO] ============================================================
[2026-05-18 17:28:13] [Planner] [INFO] 正在生成第 1161-1165 章大纲...
[2026-05-18 17:28:13] [Planner] [INFO] ============================================================
[2026-05-18 17:28:13] [Planner] [INFO] Planner Agent 启动 | 范围: 1151-1155 | 批次: 5
[2026-05-18 17:28:13] [Planner] [INFO] ============================================================
[2026-05-18 17:28:13] [Planner] [INFO] 正在生成第 1151-1155 章大纲...
[2026-05-18 17:28:13] [Planner] [INFO] ============================================================
[2026-05-18 17:28:13] [Planner] [INFO] Planner Agent 启动 | 范围: 1156-1160 | 批次: 5
[2026-05-18 17:28:13] [Planner] [INFO] ============================================================
[2026-05-18 17:28:13] [Planner] [INFO] 正在生成第 1156-1160 章大纲...
[2026-05-18 17:28:13] [Planner] [INFO] ============================================================
[2026-05-18 17:28:13] [Planner] [INFO] Planner Agent 启动 | 范围: 1171-1175 | 批次: 5
[2026-05-18 17:28:13] [Planner] [INFO] ============================================================
[2026-05-18 17:28:13] [Planner] [INFO] 正在生成第 1171-1175 章大纲...
[2026-05-18 17:28:13] [Planner] [INFO] ============================================================
[2026-05-18 17:28:13] [Planner] [INFO] Planner Agent 启动 | 范围: 1166-1170 | 批次: 5
[2026-05-18 17:28:13] [Planner] [INFO] ============================================================
[2026-05-18 17:28:13] [Planner] [INFO] 正在生成第 1166-1170 章大纲...
[2026-05-18 17:28:13] [Planner] [INFO] ============================================================
[2026-05-18 17:28:13] [Planner] [INFO] Planner Agent 启动 | 范围: 1181-1185 | 批次: 5
[2026-05-18 17:28:13] [Planner] [INFO] ============================================================
[2026-05-18 17:28:13] [Planner] [INFO] 正在生成第 1181-1185 章大纲...
[2026-05-18 17:28:13] [Planner] [INFO] ============================================================
[2026-05-18 17:28:13] [Planner] [INFO] Planner Agent 启动 | 范围: 1176-1180 | 批次: 5
[2026-05-18 17:28:13] [Planner] [INFO] ============================================================
[2026-05-18 17:28:13] [Planner] [INFO] 正在生成第 1176-1180 章大纲...
[2026-05-18 17:28:17] [Planner] [INFO] 第 1496-1500 章大纲已生成（5章，保存5章）
[2026-05-18 17:28:17] [Planner] [INFO] 大纲已保存到 D:\AiProject\Node\projects\novels7\output\outline_chapters，范围内共 5 章
[2026-05-18 17:28:17] [Planner] [INFO] Planner 全部完成
[2026-05-18 17:28:18] [Planner] [INFO] 第 1096-1100 章大纲已生成（5章，保存5章）
[2026-05-18 17:28:18] [Planner] [INFO] 大纲已保存到 D:\AiProject\Node\projects\novels7\output\outline_chapters，范围内共 5 章
[2026-05-18 17:28:18] [Planner] [INFO] Planner 全部完成
[2026-05-18 17:28:18] [Planner] [INFO] 第 1111-1115 章大纲已生成（5章，保存5章）
[2026-05-18 17:28:18] [Planner] [INFO] 大纲已保存到 D:\AiProject\Node\projects\novels7\output\outline_chapters，范围内共 5 章
[2026-05-18 17:28:18] [Planner] [INFO] Planner 全部完成
[2026-05-18 17:28:18] [Planner] [INFO] 第 1136-1140 章大纲已生成（5章，保存5章）
[2026-05-18 17:28:18] [Planner] [INFO] 大纲已保存到 D:\AiProject\Node\projects\novels7\output\outline_chapters，范围内共 5 章
[2026-05-18 17:28:18] [Planner] [INFO] Planner 全部完成
[2026-05-18 17:28:23] [Planner] [INFO] 第 1116-1120 章大纲已生成（5章，保存5章）
[2026-05-18 17:28:23] [Planner] [INFO] 大纲已保存到 D:\AiProject\Node\projects\novels7\output\outline_chapters，范围内共 5 章
[2026-05-18 17:28:23] [Planner] [INFO] Planner 全部完成
[2026-05-18 17:28:33] [Planner] [INFO] 第 1101-1105 章大纲已生成（5章，保存5章）
[2026-05-18 17:28:33] [Planner] [INFO] 大纲已保存到 D:\AiProject\Node\projects\novels7\output\outline_chapters，范围内共 5 章
[2026-05-18 17:28:33] [Planner] [INFO] Planner 全部完成
[2026-05-18 17:28:38] [Planner] [INFO] 第 1131-1135 章大纲已生成（5章，保存5章）
[2026-05-18 17:28:38] [Planner] [INFO] 大纲已保存到 D:\AiProject\Node\projects\novels7\output\outline_chapters，范围内共 5 章
[2026-05-18 17:28:38] [Planner] [INFO] Planner 全部完成
[2026-05-18 17:28:51] [Planner] [INFO] 第 1776-1800 章大纲已生成（25章）
[2026-05-18 17:28:51] [Planner] [INFO] 正在生成第 1801-1825 章大纲...
[2026-05-18 17:28:51] [Planner] [INFO] 第 1801-1825 章大纲已生成（25章）
[2026-05-18 17:28:51] [Planner] [INFO] 正在生成第 1826-1850 章大纲...
[2026-05-18 17:28:55] [Planner] [INFO] 第 1116-1120 章大纲已生成（5章，保存5章）
[2026-05-18 17:28:55] [Planner] [INFO] 大纲已保存到 D:\AiProject\Node\projects\novels7\output\outline_chapters，范围内共 5 章
[2026-05-18 17:28:55] [Planner] [INFO] Planner 全部完成
[2026-05-18 17:28:55] [Planner] [INFO] 第 1171-1175 章大纲已生成（5章，保存5章）
[2026-05-18 17:28:55] [Planner] [INFO] 大纲已保存到 D:\AiProject\Node\projects\novels7\output\outline_chapters，范围内共 5 章
[2026-05-18 17:28:55] [Planner] [INFO] Planner 全部完成
[2026-05-18 17:28:56] [Planner] [INFO] 第 1176-1180 章大纲已生成（5章，保存5章）
[2026-05-18 17:28:56] [Planner] [INFO] 大纲已保存到 D:\AiProject\Node\projects\novels7\output\outline_chapters，范围内共 5 章
[2026-05-18 17:28:56] [Planner] [INFO] Planner 全部完成
[2026-05-18 17:28:57] [Planner] [INFO] 第 1151-1155 章大纲已生成（5章，保存5章）
[2026-05-18 17:28:57] [Planner] [INFO] 大纲已保存到 D:\AiProject\Node\projects\novels7\output\outline_chapters，范围内共 5 章
[2026-05-18 17:28:57] [Planner] [INFO] Planner 全部完成
[2026-05-18 17:28:58] [Planner] [INFO] 第 1156-1160 章大纲已生成（5章，保存5章）
[2026-05-18 17:28:58] [Planner] [INFO] 大纲已保存到 D:\AiProject\Node\projects\novels7\output\outline_chapters，范围内共 5 章
[2026-05-18 17:28:58] [Planner] [INFO] Planner 全部完成
[2026-05-18 17:29:03] [Planner] [INFO] 第 1161-1165 章大纲已生成（5章，保存5章）
[2026-05-18 17:29:03] [Planner] [INFO] 大纲已保存到 D:\AiProject\Node\projects\novels7\output\outline_chapters，范围内共 5 章
[2026-05-18 17:29:03] [Planner] [INFO] Planner 全部完成
[2026-05-18 17:29:04] [Planner] [INFO] ============================================================
[2026-05-18 17:29:04] [Planner] [INFO] Planner Agent 启动 | 范围: 1496-1500 | 批次: 5
[2026-05-18 17:29:04] [Planner] [INFO] ============================================================
[2026-05-18 17:29:04] [Planner] [INFO] 检测到已有单章大纲，共 5 章，从第 1501 章继续
[2026-05-18 17:29:04] [Planner] [INFO] 大纲已完整，跳过
[2026-05-18 17:29:04] [Planner] [INFO] Planner 全部完成
[2026-05-18 17:29:04] [Planner] [INFO] ============================================================
[2026-05-18 17:29:04] [Planner] [INFO] Planner Agent 启动 | 范围: 1601-1605 | 批次: 5
[2026-05-18 17:29:04] [Planner] [INFO] ============================================================
[2026-05-18 17:29:04] [Planner] [INFO] 正在生成第 1601-1605 章大纲...
[2026-05-18 17:29:04] [Planner] [INFO] ============================================================
[2026-05-18 17:29:04] [Planner] [INFO] Planner Agent 启动 | 范围: 1606-1610 | 批次: 5
[2026-05-18 17:29:04] [Planner] [INFO] ============================================================
[2026-05-18 17:29:04] [Planner] [INFO] 正在生成第 1606-1610 章大纲...
[2026-05-18 17:29:04] [Planner] [INFO] ============================================================
[2026-05-18 17:29:04] [Planner] [INFO] Planner Agent 启动 | 范围: 1611-1615 | 批次: 5
[2026-05-18 17:29:04] [Planner] [INFO] ============================================================
[2026-05-18 17:29:04] [Planner] [INFO] 正在生成第 1611-1615 章大纲...
[2026-05-18 17:29:04] [Planner] [INFO] ============================================================
[2026-05-18 17:29:04] [Planner] [INFO] Planner Agent 启动 | 范围: 1616-1620 | 批次: 5
[2026-05-18 17:29:04] [Planner] [INFO] ============================================================
[2026-05-18 17:29:04] [Planner] [INFO] 正在生成第 1616-1620 章大纲...
[2026-05-18 17:29:04] [Planner] [INFO] ============================================================
[2026-05-18 17:29:04] [Planner] [INFO] Planner Agent 启动 | 范围: 1621-1625 | 批次: 5
[2026-05-18 17:29:04] [Planner] [INFO] ============================================================
[2026-05-18 17:29:04] [Planner] [INFO] 正在生成第 1621-1625 章大纲...
[2026-05-18 17:29:05] [Planner] [INFO] ============================================================
[2026-05-18 17:29:05] [Planner] [INFO] Planner Agent 启动 | 范围: 1631-1635 | 批次: 5
[2026-05-18 17:29:05] [Planner] [INFO] ============================================================
[2026-05-18 17:29:05] [Planner] [INFO] 正在生成第 1631-1635 章大纲...
[2026-05-18 17:29:05] [Planner] [INFO] ============================================================
[2026-05-18 17:29:05] [Planner] [INFO] Planner Agent 启动 | 范围: 1626-1630 | 批次: 5
[2026-05-18 17:29:05] [Planner] [INFO] ============================================================
[2026-05-18 17:29:05] [Planner] [INFO] ============================================================
[2026-05-18 17:29:05] [Planner] [INFO] Planner Agent 启动 | 范围: 1636-1640 | 批次: 5
[2026-05-18 17:29:05] [Planner] [INFO] ============================================================
[2026-05-18 17:29:05] [Planner] [INFO] 正在生成第 1626-1630 章大纲...
[2026-05-18 17:29:05] [Planner] [INFO] 正在生成第 1636-1640 章大纲...
[2026-05-18 17:29:05] [Planner] [INFO] ============================================================
[2026-05-18 17:29:05] [Planner] [INFO] Planner Agent 启动 | 范围: 1641-1645 | 批次: 5
[2026-05-18 17:29:05] [Planner] [INFO] ============================================================
[2026-05-18 17:29:05] [Planner] [INFO] 正在生成第 1641-1645 章大纲...
[2026-05-18 17:29:06] [Planner] [INFO] 第 1141-1145 章大纲已生成（5章，保存5章）
[2026-05-18 17:29:06] [Planner] [INFO] 大纲已保存到 D:\AiProject\Node\projects\novels7\output\outline_chapters，范围内共 5 章
[2026-05-18 17:29:06] [Planner] [INFO] Planner 全部完成
[2026-05-18 17:29:09] [Planner] [INFO] 第 1181-1185 章大纲已生成（5章，保存5章）
[2026-05-18 17:29:09] [Planner] [INFO] 大纲已保存到 D:\AiProject\Node\projects\novels7\output\outline_chapters，范围内共 5 章
[2026-05-18 17:29:09] [Planner] [INFO] Planner 全部完成
[2026-05-18 17:29:13] [Planner] [INFO] 第 1166-1170 章大纲已生成（6章，保存6章）
[2026-05-18 17:29:13] [Planner] [INFO] 大纲已保存到 D:\AiProject\Node\projects\novels7\output\outline_chapters，范围内共 5 章
[2026-05-18 17:29:13] [Planner] [INFO] Planner 全部完成
[2026-05-18 17:29:15] [Planner] [INFO] 第 1146-1150 章大纲已生成（5章，保存5章）
[2026-05-18 17:29:15] [Planner] [INFO] 大纲已保存到 D:\AiProject\Node\projects\novels7\output\outline_chapters，范围内共 5 章
[2026-05-18 17:29:15] [Planner] [INFO] Planner 全部完成
[2026-05-18 17:29:44] [Planner] [INFO] 第 1606-1610 章大纲已生成（5章，保存5章）
[2026-05-18 17:29:44] [Planner] [INFO] 大纲已保存到 D:\AiProject\Node\projects\novels7\output\outline_chapters，范围内共 5 章
[2026-05-18 17:29:44] [Planner] [INFO] Planner 全部完成
[2026-05-18 17:29:44] [Planner] [INFO] 第 1636-1640 章大纲已生成（0章，保存0章）
[2026-05-18 17:29:44] [Planner] [INFO] 大纲已保存到 D:\AiProject\Node\projects\novels7\output\outline_chapters，范围内共 0 章
[2026-05-18 17:29:44] [Planner] [ERROR] 大纲生成未完成
[2026-05-18 17:29:44] [Planner] [INFO] 第 1611-1615 章大纲已生成（5章，保存5章）
[2026-05-18 17:29:44] [Planner] [INFO] 大纲已保存到 D:\AiProject\Node\projects\novels7\output\outline_chapters，范围内共 5 章
[2026-05-18 17:29:44] [Planner] [INFO] Planner 全部完成
[2026-05-18 17:29:49] [Planner] [INFO] 第 1641-1645 章大纲已生成（5章，保存5章）
[2026-05-18 17:29:49] [Planner] [INFO] 大纲已保存到 D:\AiProject\Node\projects\novels7\output\outline_chapters，范围内共 5 章
[2026-05-18 17:29:49] [Planner] [INFO] Planner 全部完成
[2026-05-18 17:29:49] [Planner] [INFO] ============================================================
[2026-05-18 17:29:49] [Planner] [INFO] Planner Agent 启动 | 范围: 1186-1190 | 批次: 5
[2026-05-18 17:29:49] [Planner] [INFO] ============================================================
[2026-05-18 17:29:49] [Planner] [INFO] 正在生成第 1186-1190 章大纲...
[2026-05-18 17:29:49] [Planner] [INFO] ============================================================
[2026-05-18 17:29:49] [Planner] [INFO] Planner Agent 启动 | 范围: 1191-1195 | 批次: 5
[2026-05-18 17:29:49] [Planner] [INFO] ============================================================
[2026-05-18 17:29:49] [Planner] [INFO] 正在生成第 1191-1195 章大纲...
[2026-05-18 17:29:49] [Planner] [INFO] ============================================================
[2026-05-18 17:29:49] [Planner] [INFO] Planner Agent 启动 | 范围: 1196-1200 | 批次: 5
[2026-05-18 17:29:49] [Planner] [INFO] ============================================================
[2026-05-18 17:29:49] [Planner] [INFO] 正在生成第 1196-1200 章大纲...
[2026-05-18 17:29:49] [Planner] [INFO] ============================================================
[2026-05-18 17:29:49] [Planner] [INFO] Planner Agent 启动 | 范围: 1201-1205 | 批次: 5
[2026-05-18 17:29:49] [Planner] [INFO] ============================================================
[2026-05-18 17:29:49] [Planner] [INFO] 第 1631-1635 章大纲已生成（0章，保存0章）
[2026-05-18 17:29:49] [Planner] [INFO] 大纲已保存到 D:\AiProject\Node\projects\novels7\output\outline_chapters，范围内共 0 章
[2026-05-18 17:29:49] [Planner] [ERROR] 大纲生成未完成
[2026-05-18 17:29:49] [Planner] [INFO] 正在生成第 1201-1205 章大纲...
[2026-05-18 17:29:50] [Planner] [INFO] ============================================================
[2026-05-18 17:29:50] [Planner] [INFO] Planner Agent 启动 | 范围: 1206-1210 | 批次: 5
[2026-05-18 17:29:50] [Planner] [INFO] ============================================================
[2026-05-18 17:29:50] [Planner] [INFO] 正在生成第 1206-1210 章大纲...
[2026-05-18 17:29:50] [Planner] [INFO] ============================================================
[2026-05-18 17:29:50] [Planner] [INFO] Planner Agent 启动 | 范围: 1601-1605 | 批次: 5
[2026-05-18 17:29:50] [Planner] [INFO] ============================================================
[2026-05-18 17:29:50] [Planner] [INFO] 正在生成第 1601-1605 章大纲...
[2026-05-18 17:29:50] [Planner] [INFO] ============================================================
[2026-05-18 17:29:50] [Planner] [INFO] Planner Agent 启动 | 范围: 1606-1610 | 批次: 5
[2026-05-18 17:29:50] [Planner] [INFO] ============================================================
[2026-05-18 17:29:50] [Planner] [INFO] 检测到已有单章大纲，共 5 章，从第 1611 章继续
[2026-05-18 17:29:50] [Planner] [INFO] 大纲已完整，跳过
[2026-05-18 17:29:50] [Planner] [INFO] Planner 全部完成
[2026-05-18 17:29:50] [Planner] [INFO] ============================================================
[2026-05-18 17:29:50] [Planner] [INFO] Planner Agent 启动 | 范围: 1611-1615 | 批次: 5
[2026-05-18 17:29:50] [Planner] [INFO] ============================================================
[2026-05-18 17:29:50] [Planner] [INFO] 检测到已有单章大纲，共 5 章，从第 1616 章继续
[2026-05-18 17:29:50] [Planner] [INFO] 大纲已完整，跳过
[2026-05-18 17:29:50] [Planner] [INFO] Planner 全部完成
[2026-05-18 17:29:50] [Planner] [INFO] ============================================================
[2026-05-18 17:29:50] [Planner] [INFO] Planner Agent 启动 | 范围: 1616-1620 | 批次: 5
[2026-05-18 17:29:50] [Planner] [INFO] ============================================================
[2026-05-18 17:29:50] [Planner] [INFO] 正在生成第 1616-1620 章大纲...
[2026-05-18 17:29:50] [Planner] [INFO] ============================================================
[2026-05-18 17:29:50] [Planner] [INFO] Planner Agent 启动 | 范围: 1621-1625 | 批次: 5
[2026-05-18 17:29:50] [Planner] [INFO] ============================================================
[2026-05-18 17:29:50] [Planner] [INFO] 正在生成第 1621-1625 章大纲...
[2026-05-18 17:29:52] [Planner] [INFO] 第 1601-1605 章大纲已生成（5章，保存5章）
[2026-05-18 17:29:52] [Planner] [INFO] 大纲已保存到 D:\AiProject\Node\projects\novels7\output\outline_chapters，范围内共 5 章
[2026-05-18 17:29:52] [Planner] [INFO] Planner 全部完成
[2026-05-18 17:29:53] [Planner] [INFO] 第 1621-1625 章大纲已生成（5章，保存5章）
[2026-05-18 17:29:53] [Planner] [INFO] 大纲已保存到 D:\AiProject\Node\projects\novels7\output\outline_chapters，范围内共 5 章
[2026-05-18 17:29:53] [Planner] [INFO] Planner 全部完成
[2026-05-18 17:29:54] [Planner] [INFO] 第 1626-1630 章大纲已生成（5章，保存5章）
[2026-05-18 17:29:54] [Planner] [INFO] 大纲已保存到 D:\AiProject\Node\projects\novels7\output\outline_chapters，范围内共 5 章
[2026-05-18 17:29:54] [Planner] [INFO] Planner 全部完成
[2026-05-18 17:30:03] [Planner] [INFO] 第 1616-1620 章大纲已生成（5章，保存5章）
[2026-05-18 17:30:03] [Planner] [INFO] 大纲已保存到 D:\AiProject\Node\projects\novels7\output\outline_chapters，范围内共 5 章
[2026-05-18 17:30:03] [Planner] [INFO] Planner 全部完成
[2026-05-18 17:30:25] [Planner] [INFO] 第 1801-1825 章大纲已生成（25章）
[2026-05-18 17:30:25] [Planner] [INFO] 正在生成第 1826-1850 章大纲...
[2026-05-18 17:30:26] [Planner] [INFO] 第 1616-1620 章大纲已生成（5章，保存5章）
[2026-05-18 17:30:26] [Planner] [INFO] 大纲已保存到 D:\AiProject\Node\projects\novels7\output\outline_chapters，范围内共 5 章
[2026-05-18 17:30:26] [Planner] [INFO] Planner 全部完成
[2026-05-18 17:30:34] [Planner] [INFO] ============================================================
[2026-05-18 17:30:34] [Planner] [INFO] Planner Agent 启动 | 范围: 1631-1635 | 批次: 5
[2026-05-18 17:30:34] [Planner] [INFO] ============================================================
[2026-05-18 17:30:34] [Planner] [INFO] 正在生成第 1631-1635 章大纲...
[2026-05-18 17:30:34] [Planner] [INFO] 第 1206-1210 章大纲已生成（5章，保存5章）
[2026-05-18 17:30:34] [Planner] [INFO] 大纲已保存到 D:\AiProject\Node\projects\novels7\output\outline_chapters，范围内共 5 章
[2026-05-18 17:30:34] [Planner] [INFO] Planner 全部完成
[2026-05-18 17:30:34] [Planner] [INFO] ============================================================
[2026-05-18 17:30:34] [Planner] [INFO] Planner Agent 启动 | 范围: 1636-1640 | 批次: 5
[2026-05-18 17:30:34] [Planner] [INFO] ============================================================
[2026-05-18 17:30:34] [Planner] [INFO] 正在生成第 1636-1640 章大纲...
[2026-05-18 17:30:34] [Planner] [INFO] ============================================================
[2026-05-18 17:30:34] [Planner] [INFO] Planner Agent 启动 | 范围: 1186-1190 | 批次: 5
[2026-05-18 17:30:34] [Planner] [INFO] ============================================================
[2026-05-18 17:30:34] [Planner] [INFO] 正在生成第 1186-1190 章大纲...
[2026-05-18 17:30:34] [Planner] [INFO] ============================================================
[2026-05-18 17:30:34] [Planner] [INFO] Planner Agent 启动 | 范围: 1191-1195 | 批次: 5
[2026-05-18 17:30:34] [Planner] [INFO] ============================================================
[2026-05-18 17:30:34] [Planner] [INFO] 正在生成第 1191-1195 章大纲...
[2026-05-18 17:30:35] [Planner] [INFO] ============================================================
[2026-05-18 17:30:35] [Planner] [INFO] Planner Agent 启动 | 范围: 1196-1200 | 批次: 5
[2026-05-18 17:30:35] [Planner] [INFO] ============================================================
[2026-05-18 17:30:35] [Planner] [INFO] 正在生成第 1196-1200 章大纲...
[2026-05-18 17:30:35] [Planner] [INFO] ============================================================
[2026-05-18 17:30:35] [Planner] [INFO] Planner Agent 启动 | 范围: 1201-1205 | 批次: 5
[2026-05-18 17:30:35] [Planner] [INFO] ============================================================
[2026-05-18 17:30:35] [Planner] [INFO] 正在生成第 1201-1205 章大纲...
[2026-05-18 17:30:35] [Planner] [INFO] ============================================================
[2026-05-18 17:30:35] [Planner] [INFO] Planner Agent 启动 | 范围: 1206-1210 | 批次: 5
[2026-05-18 17:30:35] [Planner] [INFO] ============================================================
[2026-05-18 17:30:35] [Planner] [INFO] 检测到已有单章大纲，共 5 章，从第 1211 章继续
[2026-05-18 17:30:35] [Planner] [INFO] 大纲已完整，跳过
[2026-05-18 17:30:35] [Planner] [INFO] Planner 全部完成
[2026-05-18 17:30:35] [Planner] [INFO] ============================================================
[2026-05-18 17:30:35] [Planner] [INFO] Planner Agent 启动 | 范围: 1646-1650 | 批次: 5
[2026-05-18 17:30:35] [Planner] [INFO] ============================================================
[2026-05-18 17:30:35] [Planner] [INFO] 正在生成第 1646-1650 章大纲...
[2026-05-18 17:30:35] [Planner] [INFO] ============================================================
[2026-05-18 17:30:35] [Planner] [INFO] Planner Agent 启动 | 范围: 1651-1655 | 批次: 5
[2026-05-18 17:30:35] [Planner] [INFO] ============================================================
[2026-05-18 17:30:35] [Planner] [INFO] 正在生成第 1651-1655 章大纲...
[2026-05-18 17:30:35] [Planner] [INFO] ============================================================
[2026-05-18 17:30:35] [Planner] [INFO] Planner Agent 启动 | 范围: 1656-1660 | 批次: 5
[2026-05-18 17:30:35] [Planner] [INFO] ============================================================
[2026-05-18 17:30:35] [Planner] [INFO] 正在生成第 1656-1660 章大纲...
[2026-05-18 17:30:37] [Planner] [INFO] 第 1196-1200 章大纲已生成（5章，保存5章）
[2026-05-18 17:30:37] [Planner] [INFO] 大纲已保存到 D:\AiProject\Node\projects\novels7\output\outline_chapters，范围内共 5 章
[2026-05-18 17:30:37] [Planner] [INFO] Planner 全部完成
[2026-05-18 17:30:39] [Planner] [INFO] 第 1601-1605 章大纲已生成（5章，保存5章）
[2026-05-18 17:30:39] [Planner] [INFO] 大纲已保存到 D:\AiProject\Node\projects\novels7\output\outline_chapters，范围内共 5 章
[2026-05-18 17:30:39] [Planner] [INFO] Planner 全部完成
[2026-05-18 17:30:39] [Planner] [INFO] 第 1191-1195 章大纲已生成（5章，保存5章）
[2026-05-18 17:30:39] [Planner] [INFO] 大纲已保存到 D:\AiProject\Node\projects\novels7\output\outline_chapters，范围内共 5 章
[2026-05-18 17:30:39] [Planner] [INFO] Planner 全部完成
[2026-05-18 17:30:43] [Planner] [INFO] 第 1201-1205 章大纲已生成（5章，保存5章）
[2026-05-18 17:30:43] [Planner] [INFO] 大纲已保存到 D:\AiProject\Node\projects\novels7\output\outline_chapters，范围内共 5 章
[2026-05-18 17:30:43] [Planner] [INFO] Planner 全部完成
[2026-05-18 17:30:44] [Planner] [INFO] 第 1621-1625 章大纲已生成（5章，保存5章）
[2026-05-18 17:30:44] [Planner] [INFO] 大纲已保存到 D:\AiProject\Node\projects\novels7\output\outline_chapters，范围内共 5 章
[2026-05-18 17:30:44] [Planner] [INFO] Planner 全部完成
[2026-05-18 17:30:48] [Planner] [INFO] 第 1186-1190 章大纲已生成（5章，保存5章）
[2026-05-18 17:30:48] [Planner] [INFO] 大纲已保存到 D:\AiProject\Node\projects\novels7\output\outline_chapters，范围内共 5 章
[2026-05-18 17:30:48] [Planner] [INFO] Planner 全部完成
[2026-05-18 17:31:01] [Planner] [ERROR] 第 1826-1850 章解析失败: 无法解析JSON: line 1 column 1 (char 0)
[2026-05-18 17:31:01] [Planner] [INFO] 正在生成第 1851-1875 章大纲...
[2026-05-18 17:31:12] [Planner] [INFO] 第 1636-1640 章大纲已生成（5章，保存5章）
[2026-05-18 17:31:12] [Planner] [INFO] 大纲已保存到 D:\AiProject\Node\projects\novels7\output\outline_chapters，范围内共 5 章
[2026-05-18 17:31:12] [Planner] [INFO] Planner 全部完成
[2026-05-18 17:31:13] [Planner] [INFO] 第 1651-1655 章大纲已生成（5章，保存5章）
[2026-05-18 17:31:13] [Planner] [INFO] 大纲已保存到 D:\AiProject\Node\projects\novels7\output\outline_chapters，范围内共 5 章
[2026-05-18 17:31:13] [Planner] [INFO] Planner 全部完成
[2026-05-18 17:31:15] [Planner] [ERROR] 第 1646-1650 章大纲生成失败
[2026-05-18 17:31:15] [Planner] [INFO] 大纲已保存到 D:\AiProject\Node\projects\novels7\output\outline_chapters，范围内共 0 章
[2026-05-18 17:31:15] [Planner] [ERROR] 大纲生成未完成
[2026-05-18 17:31:16] [Planner] [INFO] 第 1656-1660 章大纲已生成（5章，保存5章）
[2026-05-18 17:31:16] [Planner] [INFO] 大纲已保存到 D:\AiProject\Node\projects\novels7\output\outline_chapters，范围内共 5 章
[2026-05-18 17:31:16] [Planner] [INFO] Planner 全部完成
[2026-05-18 17:31:24] [Planner] [INFO] ============================================================
[2026-05-18 17:31:24] [Planner] [INFO] Planner Agent 启动 | 范围: 1211-1215 | 批次: 5
[2026-05-18 17:31:24] [Planner] [INFO] ============================================================
[2026-05-18 17:31:24] [Planner] [INFO] 正在生成第 1211-1215 章大纲...
[2026-05-18 17:31:25] [Planner] [INFO] ============================================================
[2026-05-18 17:31:25] [Planner] [INFO] Planner Agent 启动 | 范围: 1216-1220 | 批次: 5
[2026-05-18 17:31:25] [Planner] [INFO] ============================================================
[2026-05-18 17:31:25] [Planner] [INFO] 正在生成第 1216-1220 章大纲...
[2026-05-18 17:31:25] [Planner] [INFO] ============================================================
[2026-05-18 17:31:25] [Planner] [INFO] Planner Agent 启动 | 范围: 1221-1225 | 批次: 5
[2026-05-18 17:31:25] [Planner] [INFO] ============================================================
[2026-05-18 17:31:25] [Planner] [INFO] 正在生成第 1221-1225 章大纲...
[2026-05-18 17:31:25] [Planner] [INFO] ============================================================
[2026-05-18 17:31:25] [Planner] [INFO] Planner Agent 启动 | 范围: 1226-1230 | 批次: 5
[2026-05-18 17:31:25] [Planner] [INFO] ============================================================
[2026-05-18 17:31:25] [Planner] [INFO] 正在生成第 1226-1230 章大纲...
[2026-05-18 17:31:25] [Planner] [INFO] 第 1186-1190 章大纲已生成（5章，保存5章）
[2026-05-18 17:31:25] [Planner] [INFO] ============================================================
[2026-05-18 17:31:25] [Planner] [INFO] Planner Agent 启动 | 范围: 1231-1235 | 批次: 5
[2026-05-18 17:31:25] [Planner] [INFO] ============================================================
[2026-05-18 17:31:25] [Planner] [INFO] 大纲已保存到 D:\AiProject\Node\projects\novels7\output\outline_chapters，范围内共 5 章
[2026-05-18 17:31:25] [Planner] [INFO] Planner 全部完成
[2026-05-18 17:31:25] [Planner] [INFO] 正在生成第 1231-1235 章大纲...
[2026-05-18 17:31:25] [Planner] [INFO] ============================================================
[2026-05-18 17:31:25] [Planner] [INFO] Planner Agent 启动 | 范围: 1631-1635 | 批次: 5
[2026-05-18 17:31:25] [Planner] [INFO] ============================================================
[2026-05-18 17:31:25] [Planner] [INFO] 正在生成第 1631-1635 章大纲...
[2026-05-18 17:31:26] [Planner] [INFO] ============================================================
[2026-05-18 17:31:26] [Planner] [INFO] Planner Agent 启动 | 范围: 1636-1640 | 批次: 5
[2026-05-18 17:31:26] [Planner] [INFO] ============================================================
[2026-05-18 17:31:26] [Planner] [INFO] 检测到已有单章大纲，共 5 章，从第 1641 章继续
[2026-05-18 17:31:26] [Planner] [INFO] 大纲已完整，跳过
[2026-05-18 17:31:26] [Planner] [INFO] Planner 全部完成
[2026-05-18 17:31:26] [Planner] [INFO] ============================================================
[2026-05-18 17:31:26] [Planner] [INFO] Planner Agent 启动 | 范围: 1651-1655 | 批次: 5
[2026-05-18 17:31:26] [Planner] [INFO] ============================================================
[2026-05-18 17:31:26] [Planner] [INFO] ============================================================
[2026-05-18 17:31:26] [Planner] [INFO] Planner Agent 启动 | 范围: 1646-1650 | 批次: 5
[2026-05-18 17:31:26] [Planner] [INFO] ============================================================
[2026-05-18 17:31:26] [Planner] [INFO] 检测到已有单章大纲，共 5 章，从第 1656 章继续
[2026-05-18 17:31:26] [Planner] [INFO] 大纲已完整，跳过
[2026-05-18 17:31:26] [Planner] [INFO] Planner Agent 启动 | 范围: 1656-1660 | 批次: 5
[2026-05-18 17:31:26] [Planner] [INFO] 正在生成第 1646-1[2026-05-18 17:31:26] [Planner] [INFO] ============================================================
[2026-05-18 17:31:26] [Planner] [INFO] 检测到已有单章大纲，共 5 章，从第 1661 章继续
[2026-05-18 17:31:26] [Planner] [INFO] 大纲已完整，跳过
[2026-05-18 17:31:26] [Planner] [INFO] Planner 全部完成
[2026-05-18 17:31:26] [Planner] [INFO] 第 1191-1195 章大纲已生成（5章，保存5章）
[2026-05-18 17:31:26] [Planner] [INFO] 大纲已保存到 D:\AiProject\Node\projects\novels7\output\outline_chapters，范围内共 5 章
[2026-05-18 17:31:26] [Planner] [INFO] Planner 全部完成
[2026-05-18 17:31:26] [Planner] [INFO] 第 1201-1205 章大纲已生成（5章，保存5章）
[2026-05-18 17:31:26] [Planner] [INFO] 大纲已保存到 D:\AiProject\Node\projects\novels7\output\outline_chapters，范围内共 5 章
[2026-05-18 17:31:26] [Planner] [INFO] Planner 全部完成
[2026-05-18 17:31:28] [Planner] [INFO] 第 1631-1635 章大纲已生成（5章，保存5章）
[2026-05-18 17:31:28] [Planner] [INFO] 大纲已保存到 D:\AiProject\Node\projects\novels7\output\outline_chapters，范围内共 5 章
[2026-05-18 17:31:28] [Planner] [INFO] Planner 全部完成
[2026-05-18 17:31:31] [Planner] [INFO] 第 1196-1200 章大纲已生成（5章，保存5章）
[2026-05-18 17:31:31] [Planner] [INFO] 大纲已保存到 D:\AiProject\Node\projects\novels7\output\outline_chapters，范围内共 5 章
[2026-05-18 17:31:31] [Planner] [INFO] Planner 全部完成
[2026-05-18 17:32:00] [Planner] [INFO] 第 1631-1635 章大纲已生成（5章，保存5章）
[2026-05-18 17:32:00] [Planner] [INFO] 大纲已保存到 D:\AiProject\Node\projects\novels7\output\outline_chapters，范围内共 5 章
[2026-05-18 17:32:00] [Planner] [INFO] Planner 全部完成
[2026-05-18 17:32:06] [Planner] [INFO] 第 1221-1225 章大纲已生成（5章，保存5章）
[2026-05-18 17:32:06] [Planner] [INFO] 大纲已保存到 D:\AiProject\Node\projects\novels7\output\outline_chapters，范围内共 5 章
[2026-05-18 17:32:06] [Planner] [INFO] Planner 全部完成
[2026-05-18 17:32:10] [Planner] [INFO] 第 1231-1235 章大纲已生成（5章，保存5章）
[2026-05-18 17:32:10] [Planner] [INFO] 大纲已保存到 D:\AiProject\Node\projects\novels7\output\outline_chapters，范围内共 5 章
[2026-05-18 17:32:10] [Planner] [INFO] Planner 全部完成
[2026-05-18 17:32:12] [Planner] [INFO] ============================================================
[2026-05-18 17:32:12] [Planner] [INFO] Planner Agent 启动 | 范围: 1211-1215 | 批次: 5
[2026-05-18 17:32:12] [Planner] [INFO] ============================================================
[2026-05-18 17:32:12] [Planner] [INFO] 正在生成第 1211-1215 章大纲...
[2026-05-18 17:32:13] [Planner] [INFO] ============================================================
[2026-05-18 17:32:13] [Planner] [INFO] Planner Agent 启动 | 范围: 1216-1220 | 批次: 5
[2026-05-18 17:32:13] [Planner] [INFO] ============================================================
[2026-05-18 17:32:13] [Planner] [INFO] 正在生成第 1216-1220 章大纲...
[2026-05-18 17:32:13] [Planner] [INFO] ============================================================
[2026-05-18 17:32:13] [Planner] [INFO] Planner Agent 启动 | 范围: 1221-1225 | 批次: 5
[2026-05-18 17:32:13] [Planner] [INFO] ============================================================
[2026-05-18 17:32:13] [Planner] [INFO] 检测到已有单章大纲，共 5 章，从第 1226 章继续
[2026-05-18 17:32:13] [Planner] [INFO] 大纲已完整，跳过
[2026-05-18 17:32:13] [Planner] [INFO] Planner 全部完成
[2026-05-18 17:32:13] [Planner] [INFO] ============================================================
[2026-05-18 17:32:13] [Planner] [INFO] Planner Agent 启动 | 范围: 1226-1230 | 批次: 5
[2026-05-18 17:32:13] [Planner] [INFO] ============================================================
[2026-05-18 17:32:13] [Planner] [INFO] 正在生成第 1226-1230 章大纲...
[2026-05-18 17:32:13] [Planner] [INFO] ============================================================
[2026-05-18 17:32:13] [Planner] [INFO] Planner Agent 启动 | 范围: 1231-1235 | 批次: 5
[2026-05-18 17:32:13] [Planner] [INFO] ============================================================
[2026-05-18 17:32:13] [Planner] [INFO] 检测到已有单章大纲，共 5 章，从第 1236 章继续
[2026-05-18 17:32:13] [Planner] [INFO] 大纲已完整，跳过
[2026-05-18 17:32:13] [Planner] [INFO] Planner 全部完成
[2026-05-18 17:32:13] [Planner] [INFO] 第 1826-1850 章大纲已生成（0章）
[2026-05-18 17:32:13] [Planner] [INFO] 正在生成第 1851-1875 章大纲...
[2026-05-18 17:32:13] [Planner] [INFO] ============================================================
[2026-05-18 17:32:13] [Planner] [INFO] Planner Agent 启动 | 范围: 1236-1240 | 批次: 5
[2026-05-18 17:32:13] [Planner] [INFO] ============================================================
[2026-05-18 17:32:13] [Planner] [INFO] 正在生成第 1236-1240 章大纲...
[2026-05-18 17:32:13] [Planner] [INFO] ============================================================
[2026-05-18 17:32:13] [Planner] [INFO] Planner Agent 启动 | 范围: 1241-1245 | 批次: 5
[2026-05-18 17:32:13] [Planner] [INFO] ============================================================
[2026-05-18 17:32:13] [Planner] [INFO] 正在生成第 1241-1245 章大纲...
[2026-05-18 17:32:13] [Planner] [INFO] ============================================================
[2026-05-18 17:32:13] [Planner] [INFO] Planner Agent 启动 | 范围: 1646-1650 | 批次: 5
[2026-05-18 17:32:13] [Planner] [INFO] ============================================================
[2026-05-18 17:32:13] [Planner] [INFO] 正在生成第 1646-1650 章大纲...
[2026-05-18 17:32:13] [Planner] [INFO] ============================================================
[2026-05-18 17:32:13] [Planner] [INFO] Planner Agent 启动 | 范围: 1666-1670 | 批次: 5
[2026-05-18 17:32:13] [Planner] [INFO] ============================================================
[2026-05-18 17:32:14] [Planner] [INFO] 正在生成第 1666-1670 章大纲...
[2026-05-18 17:32:14] [Planner] [INFO] ============================================================
[2026-05-18 17:32:14] [Planner] [INFO] Planner Agent 启动 | 范围: 1661-1665 | 批次: 5
[2026-05-18 17:32:14] [Planner] [INFO] ============================================================
[2026-05-18 17:32:14] [Planner] [INFO] 正在生成第 1661-1665 章大纲...
[2026-05-18 17:32:14] [Planner] [INFO] 第 1226-1230 章大纲已生成（5章，保存5章）
[2026-05-18 17:32:14] [Planner] [INFO] 大纲已保存到 D:\AiProject\Node\projects\novels7\output\outline_chapters，范围内共 5 章
[2026-05-18 17:32:14] [Planner] [INFO] Planner 全部完成
[2026-05-18 17:32:18] [Planner] [ERROR] 第 1646-1650 章大纲生成失败
[2026-05-18 17:32:18] [Planner] [INFO] 大纲已保存到 D:\AiProject\Node\projects\novels7\output\outline_chapters，范围内共 0 章
[2026-05-18 17:32:18] [Planner] [ERROR] 大纲生成未完成
[2026-05-18 17:32:18] [Planner] [INFO] 第 1216-1220 章大纲已生成（5章，保存5章）
[2026-05-18 17:32:18] [Planner] [INFO] 大纲已保存到 D:\AiProject\Node\projects\novels7\output\outline_chapters，范围内共 5 章
[2026-05-18 17:32:18] [Planner] [INFO] Planner 全部完成
[2026-05-18 17:32:32] [Planner] [INFO] 第 1211-1215 章大纲已生成（5章，保存5章）
[2026-05-18 17:32:32] [Planner] [INFO] 大纲已保存到 D:\AiProject\Node\projects\novels7\output\outline_chapters，范围内共 5 章
[2026-05-18 17:32:32] [Planner] [INFO] Planner 全部完成
[2026-05-18 17:32:51] [Planner] [ERROR] 第 1646-1650 章大纲生成失败
[2026-05-18 17:32:51] [Planner] [INFO] 大纲已保存到 D:\AiProject\Node\projects\novels7\output\outline_chapters，范围内共 0 章
[2026-05-18 17:32:51] [Planner] [ERROR] 大纲生成未完成
[2026-05-18 17:32:52] [Planner] [ERROR] 第 1236-1240 章大纲生成失败
[2026-05-18 17:32:52] [Planner] [INFO] 大纲已保存到 D:\AiProject\Node\projects\novels7\output\outline_chapters，范围内共 0 章
[2026-05-18 17:32:52] [Planner] [ERROR] 大纲生成未完成
[2026-05-18 17:32:55] [Planner] [INFO] 第 1211-1215 章大纲已生成（5章，保存5章）
[2026-05-18 17:32:55] [Planner] [INFO] 大纲已保存到 D:\AiProject\Node\projects\novels7\output\outline_chapters，范围内共 5 章
[2026-05-18 17:32:55] [Planner] [INFO] Planner 全部完成
[2026-05-18 17:32:59] [Planner] [INFO] ============================================================
[2026-05-18 17:32:59] [Planner] [INFO] Planner Agent 启动 | 范围: 1236-1240 | 批次: 5
[2026-05-18 17:32:59] [Planner] [INFO] ============================================================
[2026-05-18 17:32:59] [Planner] [INFO] 正在生成第 1236-1240 章大纲...
[2026-05-18 17:32:59] [Planner] [INFO] ============================================================
[2026-05-18 17:32:59] [Planner] [INFO] Planner Agent 启动 | 范围: 1241-1245 | 批次: 5
[2026-05-18 17:32:59] [Planner] [INFO] ============================================================
[2026-05-18 17:32:59] [Planner] [INFO] 正在生成第 1241-1245 章大纲...
[2026-05-18 17:32:59] [Planner] [INFO] 第 1216-1220 章大纲已生成（5章，保存5章）
[2026-05-18 17:32:59] [Planner] [INFO] 大纲已保存到 D:\AiProject\Node\projects\novels7\output\outline_chapters，范围内共 5 章
[2026-05-18 17:32:59] [Planner] [INFO] Planner 全部完成
[2026-05-18 17:32:59] [Planner] [INFO] ============================================================
[2026-05-18 17:32:59] [Planner] [INFO] Planner Agent 启动 | 范围: 1246-1250 | 批次: 5
[2026-05-18 17:32:59] [Planner] [INFO] ============================================================
[2026-05-18 17:32:59] [Planner] [INFO] 正在生成第 1246-1250 章大纲...
[2026-05-18 17:33:00] [Planner] [INFO] ============================================================
[2026-05-18 17:33:00] [Planner] [INFO] Planner Agent 启动 | 范围: 1251-1255 | 批次: 5
[2026-05-18 17:33:00] [Planner] [INFO] ============================================================
[2026-05-18 17:33:00] [Planner] [INFO] 正在生成第 1251-1255 章大纲...
[2026-05-18 17:33:00] [Planner] [INFO] ============================================================
[2026-05-18 17:33:00] [Planner] [INFO] Planner Agent 启动 | 范围: 1256-1260 | 批次: 5
[2026-05-18 17:33:00] [Planner] [INFO] ============================================================
[2026-05-18 17:33:00] [Planner] [INFO] 正在生成第 1256-1260 章大纲...
[2026-05-18 17:33:00] [Planner] [INFO] ============================================================
[2026-05-18 17:33:00] [Planner] [INFO] Planner Agent 启动 | 范围: 1266-1270 | 批次: 5
[2026-05-18 17:33:00] [Planner] [INFO] ============================================================
[2026-05-18 17:33:00] [Planner] [INFO] ============================================================
[2026-05-18 17:33:00] [Planner] [INFO] Planner Agent 启动 | 范围: 1261-1265 | 批次: 5
[2026-05-18 17:33:00] [Planner] [INFO] ============================================================
[2026-05-18 17:33:00] [Planner] [INFO] 正在生成第 1266-1270 章大纲...
[2026-05-18 17:33:00] [Planner] [INFO] 正在生成第 1261-1265 章大纲...
[2026-05-18 17:33:00] [Planner] [INFO] ============================================================
[2026-05-18 17:33:00] [Planner] [INFO] Planner Agent 启动 | 范围: 1271-1275 | 批次: 5
[2026-05-18 17:33:00] [Planner] [INFO] ============================================================
[2026-05-18 17:33:00] [Planner] [INFO] 正在生成第 1271-1275 章大纲...
[2026-05-18 17:33:00] [Planner] [INFO] ============================================================
[2026-05-18 17:33:00] [Planner] [INFO] Planner Agent 启动 | 范围: 1646-1650 | 批次: 5
[2026-05-18 17:33:00] [Planner] [INFO] ============================================================
[2026-05-18 17:33:00] [Planner] [INFO] 正在生成第 1646-1650 章大纲...
[2026-05-18 17:33:00] [Planner] [INFO] ============================================================
[2026-05-18 17:33:00] [Planner] [INFO] Planner Agent 启动 | 范围: 1276-1280 | 批次: 5
[2026-05-18 17:33:00] [Planner] [INFO] ============================================================
[2026-05-18 17:33:00] [Planner] [INFO] 正在生成第 1276-1280 章大纲...
[2026-05-18 17:33:01] [Planner] [INFO] 第 1226-1230 章大纲已生成（5章，保存5章）
[2026-05-18 17:33:01] [Planner] [INFO] 大纲已保存到 D:\AiProject\Node\projects\novels7\output\outline_chapters，范围内共 5 章
[2026-05-18 17:33:01] [Planner] [INFO] Planner 全部完成
[2026-05-18 17:33:02] [Planner] [INFO] 第 1241-1245 章大纲已生成（5章，保存5章）
[2026-05-18 17:33:02] [Planner] [INFO] 大纲已保存到 D:\AiProject\Node\projects\novels7\output\outline_chapters，范围内共 5 章
[2026-05-18 17:33:02] [Planner] [INFO] Planner 全部完成
[2026-05-18 17:33:13] [Planner] [INFO] 第 1661-1665 章大纲已生成（5章，保存5章）
[2026-05-18 17:33:13] [Planner] [INFO] 大纲已保存到 D:\AiProject\Node\projects\novels7\output\outline_chapters，范围内共 5 章
[2026-05-18 17:33:13] [Planner] [INFO] Planner 全部完成
[2026-05-18 17:33:22] [Planner] [INFO] 第 1666-1670 章大纲已生成（5章，保存5章）
[2026-05-18 17:33:22] [Planner] [INFO] 大纲已保存到 D:\AiProject\Node\projects\novels7\output\outline_chapters，范围内共 5 章
[2026-05-18 17:33:22] [Planner] [INFO] Planner 全部完成
[2026-05-18 17:33:40] [Planner] [INFO] ============================================================
[2026-05-18 17:33:40] [Planner] [INFO] Planner Agent 启动 | 范围: 1236-1240 | 批次: 5
[2026-05-18 17:33:40] [Planner] [INFO] ============================================================
[2026-05-18 17:33:40] [Planner] [INFO] 正在生成第 1236-1240 章大纲...
[2026-05-18 17:33:41] [Planner] [INFO] 第 1851-1875 章大纲已生成（0章）
[2026-05-18 17:33:41] [Planner] [INFO] ============================================================
[2026-05-18 17:33:41] [Planner] [INFO] Planner Agent 启动 | 范围: 1246-1250 | 批次: 5
[2026-05-18 17:33:41] [Planner] [INFO] ============================================================
[2026-05-18 17:33:41] [Planner] [INFO] 正在生成第 1246-1250 章大纲...
[2026-05-18 17:33:41] [Planner] [INFO] 正在生成第 1876-1900 章大纲...
[2026-05-18 17:33:41] [Planner] [INFO] 第 1256-1260 章大纲已生成（5章，保存5章）
[2026-05-18 17:33:41] [Planner] [INFO] 大纲已保存到 D:\AiProject\Node\projects\novels7\output\outline_chapters，范围内共 5 章
[2026-05-18 17:33:41] [Planner] [INFO] Planner 全部完成
[2026-05-18 17:33:41] [Planner] [INFO] ============================================================
[2026-05-18 17:33:41] [Planner] [INFO] Planner Agent 启动 | 范围: 1251-1255 | 批次: 5
[2026-05-18 17:33:41] [Planner] [INFO] ============================================================
[2026-05-18 17:33:41] [Planner] [INFO] 正在生成第 1251-1255 章大纲...
[2026-05-18 17:33:41] [Planner] [INFO] ============================================================
[2026-05-18 17:33:41] [Planner] [INFO] Planner Agent 启动 | 范围: 1256-1260 | 批次: 5
[2026-05-18 17:33:41] [Planner] [INFO] ============================================================
[2026-05-18 17:33:41] [Planner] [INFO] 检测到已有单章大纲，共 5 章，从第 1261 章继续
[2026-05-18 17:33:41] [Planner] [INFO] 大纲已完整，跳过
[2026-05-18 17:33:41] [Planner] [INFO] Planner 全部完成
[2026-05-18 17:33:41] [Planner] [INFO] ============================================================
[2026-05-18 17:33:41] [Planner] [INFO] Planner Agent 启动 | 范围: 1261-1265 | 批次: 5
[2026-05-18 17:33:41] [Planner] [INFO] ============================================================
[2026-05-18 17:33:41] [Planner] [INFO] 正在生成第 1261-1265 章大纲...
[2026-05-18 17:33:41] [Planner] [INFO] ============================================================
[2026-05-18 17:33:41] [Planner] [INFO] Planner Agent 启动 | 范围: 1271-1275 | 批次: 5
[2026-05-18 17:33:41] [Planner] [INFO] ============================================================
[2026-05-18 17:33:42] [Planner] [INFO] 正在生成第 1271-1275 章大纲...
[2026-05-18 17:33:42] [Planner] [INFO] ============================================================
[2026-05-18 17:33:42] [Planner] [INFO] Planner Agent 启动 | 范围: 1266-1270 | 批次: 5
[2026-05-18 17:33:42] [Planner] [INFO] ============================================================
[2026-05-18 17:33:42] [Planner] [INFO] ============================================================
[2026-05-18 17:33:42] [Planner] [INFO] Planner Agent 启动 | 范围: 1276-1280 | 批次: 5
[2026-05-18 17:33:42] [Planner] [INFO] ============================================================
[2026-05-18 17:33:42] [Planner] [INFO] 正在生成第 1266-1270 章大纲...
[2026-05-18 17:33:42] [Planner] [INFO] 正在生成第 1276-1280 章大纲...
[2026-05-18 17:33:42] [Planner] [INFO] ============================================================
[2026-05-18 17:33:42] [Planner] [INFO] Planner Agent 启动 | 范围: 1281-1285 | 批次: 5
[2026-05-18 17:33:42] [Planner] [INFO] ============================================================
[2026-05-18 17:33:42] [Planner] [INFO] 正在生成第 1281-1285 章大纲...
[2026-05-18 17:33:42] [Planner] [INFO] ============================================================
[2026-05-18 17:33:42] [Planner] [INFO] Planner Agent 启动 | 范围: 1286-1290 | 批次: 5
[2026-05-18 17:33:42] [Planner] [INFO] ============================================================
[2026-05-18 17:33:42] [Planner] [INFO] 正在生成第 1286-1290 章大纲...
[2026-05-18 17:33:44] [Planner] [INFO] 第 1646-1650 章大纲已生成（5章，保存5章）
[2026-05-18 17:33:44] [Planner] [INFO] 大纲已保存到 D:\AiProject\Node\projects\novels7\output\outline_chapters，范围内共 5 章
[2026-05-18 17:33:44] [Planner] [INFO] Planner 全部完成
[2026-05-18 17:33:45] [Planner] [INFO] 第 1271-1275 章大纲已生成（5章，保存5章）
[2026-05-18 17:33:45] [Planner] [INFO] 大纲已保存到 D:\AiProject\Node\projects\novels7\output\outline_chapters，范围内共 5 章
[2026-05-18 17:33:45] [Planner] [INFO] Planner 全部完成
[2026-05-18 17:33:46] [Planner] [INFO] 第 1236-1240 章大纲已生成（0章，保存0章）
[2026-05-18 17:33:46] [Planner] [INFO] 大纲已保存到 D:\AiProject\Node\projects\novels7\output\outline_chapters，范围内共 0 章
[2026-05-18 17:33:46] [Planner] [ERROR] 大纲生成未完成
[2026-05-18 17:33:46] [Planner] [INFO] 第 1241-1245 章大纲已生成（5章，保存5章）
[2026-05-18 17:33:46] [Planner] [INFO] 大纲已保存到 D:\AiProject\Node\projects\novels7\output\outline_chapters，范围内共 5 章
[2026-05-18 17:33:46] [Planner] [INFO] Planner 全部完成
[2026-05-18 17:33:47] [Planner] [INFO] 第 1266-1270 章大纲已生成（5章，保存5章）
[2026-05-18 17:33:47] [Planner] [INFO] 大纲已保存到 D:\AiProject\Node\projects\novels7\output\outline_chapters，范围内共 5 章
[2026-05-18 17:33:47] [Planner] [INFO] Planner 全部完成
[2026-05-18 17:33:47] [Planner] [INFO] 第 1251-1255 章大纲已生成（5章，保存5章）
[2026-05-18 17:33:47] [Planner] [INFO] 大纲已保存到 D:\AiProject\Node\projects\novels7\output\outline_chapters，范围内共 5 章
[2026-05-18 17:33:47] [Planner] [INFO] Planner 全部完成
[2026-05-18 17:33:54] [Planner] [INFO] 第 1261-1265 章大纲已生成（5章，保存5章）
[2026-05-18 17:33:54] [Planner] [INFO] 大纲已保存到 D:\AiProject\Node\projects\novels7\output\outline_chapters，范围内共 5 章
[2026-05-18 17:33:54] [Planner] [INFO] Planner 全部完成
[2026-05-18 17:33:57] [Planner] [INFO] 第 1276-1280 章大纲已生成（5章，保存5章）
[2026-05-18 17:33:57] [Planner] [INFO] 大纲已保存到 D:\AiProject\Node\projects\novels7\output\outline_chapters，范围内共 5 章
[2026-05-18 17:33:57] [Planner] [INFO] Planner 全部完成
[2026-05-18 17:33:59] [Planner] [INFO] 第 1246-1250 章大纲已生成（5章，保存5章）
[2026-05-18 17:33:59] [Planner] [INFO] 大纲已保存到 D:\AiProject\Node\projects\novels7\output\outline_chapters，范围内共 5 章
[2026-05-18 17:33:59] [Planner] [INFO] Planner 全部完成
[2026-05-18 17:34:08] [Planner] [INFO] 第 1851-1875 章大纲已生成（25章）
[2026-05-18 17:34:08] [Planner] [INFO] 正在生成第 1876-1900 章大纲...
[2026-05-18 17:34:18] [Planner] [INFO] 第 1236-1240 章大纲已生成（5章，保存5章）
[2026-05-18 17:34:18] [Planner] [INFO] 大纲已保存到 D:\AiProject\Node\projects\novels7\output\outline_chapters，范围内共 5 章
[2026-05-18 17:34:18] [Planner] [INFO] Planner 全部完成
[2026-05-18 17:34:20] [Planner] [INFO] ============================================================
[2026-05-18 17:34:20] [Planner] [INFO] Planner Agent 启动 | 范围: 1236-1240 | 批次: 5
[2026-05-18 17:34:20] [Planner] [INFO] ============================================================
[2026-05-18 17:34:20] [Planner] [INFO] 检测到已有单章大纲，共 5 章，从第 1241 章继续
[2026-05-18 17:34:20] [Planner] [INFO] 大纲已完整，跳过
[2026-05-18 17:34:20] [Planner] [INFO] Planner 全部完成
[2026-05-18 17:34:20] [Planner] [INFO] ============================================================
[2026-05-18 17:34:20] [Planner] [INFO] Planner Agent 启动 | 范围: 1246-1250 | 批次: 5
[2026-05-18 17:34:20] [Planner] [INFO] ============================================================
[2026-05-18 17:34:20] [Planner] [INFO] 检测到已有单章大纲，共 5 章，从第 1251 章继续
[2026-05-18 17:34:20] [Planner] [INFO] 大纲已完整，跳过
[2026-05-18 17:34:20] [Planner] [INFO] Planner 全部完成
[2026-05-18 17:34:21] [Planner] [INFO] ============================================================
[2026-05-18 17:34:21] [Planner] [INFO] Planner Agent 启动 | 范围: 1281-1285 | 批次: 5
[2026-05-18 17:34:21] [Planner] [INFO] ============================================================
[2026-05-18 17:34:21] [Planner] [INFO] 正在生成第 1281-1285 章大纲...
[2026-05-18 17:34:21] [Planner] [INFO] ============================================================
[2026-05-18 17:34:21] [Planner] [INFO] Planner Agent 启动 | 范围: 1286-1290 | 批次: 5
[2026-05-18 17:34:21] [Planner] [INFO] ============================================================
[2026-05-18 17:34:21] [Planner] [INFO] 正在生成第 1286-1290 章大纲...
[2026-05-18 17:34:21] [Planner] [INFO] ============================================================
[2026-05-18 17:34:21] [Planner] [INFO] Planner Agent 启动 | 范围: 1291-1295 | 批次: 5
[2026-05-18 17:34:21] [Planner] [INFO] ============================================================
[2026-05-18 17:34:21] [Planner] [INFO] 正在生成第 1291-1295 章大纲...
[2026-05-18 17:34:21] [Planner] [INFO] ============================================================
[2026-05-18 17:34:21] [Planner] [INFO] Planner Agent 启动 | 范围: 1296-1300 | 批次: 5
[2026-05-18 17:34:21] [Planner] [INFO] ============================================================
[2026-05-18 17:34:21] [Planner] [INFO] 正在生成第 1296-1300 章大纲...
[2026-05-18 17:34:21] [Planner] [INFO] ============================================================
[2026-05-18 17:34:21] [Planner] [INFO] Planner Agent 启动 | 范围: 1301-1305 | 批次: 5
[2026-05-18 17:34:21] [Planner] [INFO] ============================================================
[2026-05-18 17:34:21] [Planner] [INFO] 正在生成第 1301-1305 章大纲...
[2026-05-18 17:34:21] [Planner] [INFO] ============================================================
[2026-05-18 17:34:21] [Planner] [INFO] Planner Agent 启动 | 范围: 1311-1315 | 批次: 5
[2026-05-18 17:34:21] [Planner] [INFO] ============================================================
[2026-05-18 17:34:21] [Planner] [INFO] 正在生成第 1311-1315 章大纲...
[2026-05-18 17:34:21] [Planner] [INFO] ============================================================
[2026-05-18 17:34:21] [Planner] [INFO] Planner Agent 启动 | 范围: 1306-1310 | 批次: 5
[2026-05-18 17:34:21] [Planner] [INFO] ============================================================
[2026-05-18 17:34:21] [Planner] [INFO] ============================================================
[2026-05-18 17:34:21] [Planner] [INFO] Planner Agent 启动 | 范围: 1671-1675 | 批次: 5
[2026-05-18 17:34:21] [Planner] [INFO] ============================================================
[2026-05-18 17:34:21] [Planner] [INFO] 正在生成第 1306-1310 章大纲...
[2026-05-18 17:34:21] [Planner] [INFO] 正在生成第 1671-1675 章大纲...
[2026-05-18 17:34:23] [Planner] [INFO] 第 1246-1250 章大纲已生成（5章，保存5章）
[2026-05-18 17:34:23] [Planner] [INFO] 大纲已保存到 D:\AiProject\Node\projects\novels7\output\outline_chapters，范围内共 5 章
[2026-05-18 17:34:23] [Planner] [INFO] Planner 全部完成
[2026-05-18 17:34:23] [Planner] [INFO] 第 1281-1285 章大纲已生成（5章，保存5章）
[2026-05-18 17:34:23] [Planner] [INFO] 大纲已保存到 D:\AiProject\Node\projects\novels7\output\outline_chapters，范围内共 5 章
[2026-05-18 17:34:23] [Planner] [INFO] Planner 全部完成
[2026-05-18 17:34:25] [Planner] [INFO] 第 1286-1290 章大纲已生成（5章，保存5章）
[2026-05-18 17:34:25] [Planner] [INFO] 大纲已保存到 D:\AiProject\Node\projects\novels7\output\outline_chapters，范围内共 5 章
[2026-05-18 17:34:25] [Planner] [INFO] Planner 全部完成
[2026-05-18 17:34:29] [Planner] [INFO] 第 1251-1255 章大纲已生成（5章，保存5章）
[2026-05-18 17:34:29] [Planner] [INFO] 大纲已保存到 D:\AiProject\Node\projects\novels7\output\outline_chapters，范围内共 5 章
[2026-05-18 17:34:29] [Planner] [INFO] Planner 全部完成
[2026-05-18 17:34:30] [Planner] [INFO] 第 1266-1270 章大纲已生成（5章，保存5章）
[2026-05-18 17:34:30] [Planner] [INFO] 大纲已保存到 D:\AiProject\Node\projects\novels7\output\outline_chapters，范围内共 5 章
[2026-05-18 17:34:30] [Planner] [INFO] Planner 全部完成
[2026-05-18 17:34:35] [Planner] [ERROR] 第 1271-1275 章解析失败: 无法解析JSON: line 1 column 1 (char 0)
[2026-05-18 17:34:35] [Planner] [INFO] 大纲已保存到 D:\AiProject\Node\projects\novels7\output\outline_chapters，范围内共 5 章
[2026-05-18 17:34:35] [Planner] [INFO] Planner 全部完成
[2026-05-18 17:34:37] [Planner] [INFO] 第 1276-1280 章大纲已生成（5章，保存5章）
[2026-05-18 17:34:37] [Planner] [INFO] 大纲已保存到 D:\AiProject\Node\projects\novels7\output\outline_chapters，范围内共 5 章
[2026-05-18 17:34:37] [Planner] [INFO] Planner 全部完成
[2026-05-18 17:34:44] [Planner] [INFO] 第 1261-1265 章大纲已生成（5章，保存5章）
[2026-05-18 17:34:44] [Planner] [INFO] 大纲已保存到 D:\AiProject\Node\projects\novels7\output\outline_chapters，范围内共 5 章
[2026-05-18 17:34:44] [Planner] [INFO] Planner 全部完成
[2026-05-18 17:35:02] [Planner] [INFO] 第 1671-1675 章大纲已生成（5章，保存5章）
[2026-05-18 17:35:02] [Planner] [INFO] 大纲已保存到 D:\AiProject\Node\projects\novels7\output\outline_chapters，范围内共 5 章
[2026-05-18 17:35:02] [Planner] [INFO] Planner 全部完成
[2026-05-18 17:35:03] [Planner] [INFO] ============================================================
[2026-05-18 17:35:03] [Planner] [INFO] Planner Agent 启动 | 范围: 1291-1295 | 批次: 5
[2026-05-18 17:35:03] [Planner] [INFO] ============================================================
[2026-05-18 17:35:03] [Planner] [INFO] 正在生成第 1291-1295 章大纲...
[2026-05-18 17:35:03] [Planner] [INFO] ============================================================
[2026-05-18 17:35:03] [Planner] [INFO] Planner Agent 启动 | 范围: 1296-1300 | 批次: 5
[2026-05-18 17:35:03] [Planner] [INFO] ============================================================
[2026-05-18 17:35:03] [Planner] [INFO] 正在生成第 1296-1300 章大纲...
[2026-05-18 17:35:03] [Planner] [INFO] 第 1296-1300 章大纲已生成（5章，保存5章）
[2026-05-18 17:35:03] [Planner] [INFO] ============================================================
[2026-05-18 17:35:03] [Planner] [INFO] Planner Agent 启动 | 范围: 1301-1305 | 批次: 5
[2026-05-18 17:35:03] [Planner] [INFO] ============================================================
[2026-05-18 17:35:03] [Planner] [INFO] 大纲已保存到 D:\AiProject\Node\projects\novels7\output\outline_chapters，范围内共 5 章
[2026-05-18 17:35:03] [Planner] [INFO] Planner 全部完成
[2026-05-18 17:35:03] [Planner] [INFO] 正在生成第 1301-1305 章大纲...
[2026-05-18 17:35:03] [Planner] [INFO] ============================================================
[2026-05-18 17:35:03] [Planner] [INFO] Planner Agent 启动 | 范围: 1306-1310 | 批次: 5
[2026-05-18 17:35:03] [Planner] [INFO] ============================================================
[2026-05-18 17:35:03] [Planner] [INFO] 正在生成第 1306-1310 章大纲...
[2026-05-18 17:35:04] [Planner] [INFO] ============================================================
[2026-05-18 17:35:04] [Planner] [INFO] Planner Agent 启动 | 范围: 1316-1320 | 批次: 5
[2026-05-18 17:35:04] [Planner] [INFO] ============================================================
[2026-05-18 17:35:04] [Planner] [INFO] 正在生成第 1316-1320 章大纲...
[2026-05-18 17:35:04] [Planner] [INFO] ============================================================
[2026-05-18 17:35:04] [Planner] [INFO] Planner Agent 启动 | 范围: 1311-1315 | 批次: 5
[2026-05-18 17:35:04] [Planner] [INFO] ============================================================
[2026-05-18 17:35:04] [Planner] [INFO] 正在生成第 1311-1315 章大纲...
[2026-05-18 17:35:04] [Planner] [INFO] ============================================================
[2026-05-18 17:35:04] [Planner] [INFO] Planner Agent 启动 | 范围: 1326-1330 | 批次: 5
[2026-05-18 17:35:04] [Planner] [INFO] ============================================================
[2026-05-18 17:35:04] [Planner] [INFO] 正在生成第 1326-1330 章大纲...
[2026-05-18 17:35:04] [Planner] [INFO] ============================================================
[2026-05-18 17:35:04] [Planner] [INFO] Planner Agent 启动 | 范围: 1321-1325 | 批次: 5
[2026-05-18 17:35:04] [Planner] [INFO] ============================================================
[2026-05-18 17:35:04] [Planner] [INFO] 正在生成第 1321-1325 章大纲...
[2026-05-18 17:35:04] [Planner] [INFO] ============================================================
[2026-05-18 17:35:04] [Planner] [INFO] Planner Agent 启动 | 范围: 1331-1335 | 批次: 5
[2026-05-18 17:35:04] [Planner] [INFO] ============================================================
[2026-05-18 17:35:04] [Planner] [INFO] 正在生成第 1331-1335 章大纲...
[2026-05-18 17:35:04] [Planner] [INFO] ============================================================
[2026-05-18 17:35:04] [Planner] [INFO] Planner Agent 启动 | 范围: 1671-1675 | 批次: 5
[2026-05-18 17:35:04] [Planner] [INFO] ============================================================
[2026-05-18 17:35:04] [Planner] [INFO] 检测到已有单章大纲，共 5 章，从第 1676 章继续
[2026-05-18 17:35:04] [Planner] [INFO] 大纲已完整，跳过
[2026-05-18 17:35:04] [Planner] [INFO] Planner 全部完成
[2026-05-18 17:35:06] [Planner] [INFO] 第 1281-1285 章大纲已生成（5章，保存5章）
[2026-05-18 17:35:06] [Planner] [INFO] 大纲已保存到 D:\AiProject\Node\projects\novels7\output\outline_chapters，范围内共 5 章
[2026-05-18 17:35:06] [Planner] [INFO] Planner 全部完成
[2026-05-18 17:35:11] [Planner] [INFO] 第 1311-1315 章大纲已生成（5章，保存5章）
[2026-05-18 17:35:11] [Planner] [INFO] 大纲已保存到 D:\AiProject\Node\projects\novels7\output\outline_chapters，范围内共 5 章
[2026-05-18 17:35:11] [Planner] [INFO] Planner 全部完成
[2026-05-18 17:35:11] [Planner] [INFO] 第 1291-1295 章大纲已生成（5章，保存5章）
[2026-05-18 17:35:11] [Planner] [INFO] 大纲已保存到 D:\AiProject\Node\projects\novels7\output\outline_chapters，范围内共 5 章
[2026-05-18 17:35:11] [Planner] [INFO] Planner 全部完成
[2026-05-18 17:35:13] [Planner] [INFO] 第 1301-1305 章大纲已生成（5章，保存5章）
[2026-05-18 17:35:13] [Planner] [INFO] 大纲已保存到 D:\AiProject\Node\projects\novels7\output\outline_chapters，范围内共 5 章
[2026-05-18 17:35:13] [Planner] [INFO] Planner 全部完成
[2026-05-18 17:35:21] [Planner] [INFO] 第 1286-1290 章大纲已生成（5章，保存5章）
[2026-05-18 17:35:21] [Planner] [INFO] 大纲已保存到 D:\AiProject\Node\projects\novels7\output\outline_chapters，范围内共 5 章
[2026-05-18 17:35:21] [Planner] [INFO] Planner 全部完成
[2026-05-18 17:35:25] [Planner] [INFO] 第 1306-1310 章大纲已生成（5章，保存5章）
[2026-05-18 17:35:25] [Planner] [INFO] 大纲已保存到 D:\AiProject\Node\projects\novels7\output\outline_chapters，范围内共 5 章
[2026-05-18 17:35:25] [Planner] [INFO] Planner 全部完成
[2026-05-18 17:35:38] [Planner] [INFO] 第 1326-1330 章大纲已生成（5章，保存5章）
[2026-05-18 17:35:38] [Planner] [INFO] 大纲已保存到 D:\AiProject\Node\projects\novels7\output\outline_chapters，范围内共 5 章
[2026-05-18 17:35:38] [Planner] [INFO] Planner 全部完成
[2026-05-18 17:35:39] [Planner] [INFO] 第 1876-1900 章大纲已生成（25章）
[2026-05-18 17:35:39] [Planner] [INFO] 正在生成第 1901-1925 章大纲...
[2026-05-18 17:35:47] [Planner] [INFO] 第 1331-1335 章大纲已生成（5章，保存5章）
[2026-05-18 17:35:47] [Planner] [INFO] 大纲已保存到 D:\AiProject\Node\projects\novels7\output\outline_chapters，范围内共 5 章
[2026-05-18 17:35:47] [Planner] [INFO] Planner 全部完成
[2026-05-18 17:35:47] [Planner] [INFO] ============================================================
[2026-05-18 17:35:47] [Planner] [INFO] Planner Agent 启动 | 范围: 1306-1310 | 批次: 5
[2026-05-18 17:35:47] [Planner] [INFO] ============================================================
[2026-05-18 17:35:47] [Planner] [INFO] 检测到已有单章大纲，共 5 章，从第 1311 章继续
[2026-05-18 17:35:47] [Planner] [INFO] 大纲已完整，跳过
[2026-05-18 17:35:47] [Planner] [INFO] Planner 全部完成
[2026-05-18 17:35:48] [Planner] [INFO] ============================================================
[2026-05-18 17:35:48] [Planner] [INFO] Planner Agent 启动 | 范围: 1316-1320 | 批次: 5
[2026-05-18 17:35:48] [Planner] [INFO] ============================================================
[2026-05-18 17:35:48] [Planner] [INFO] 正在生成第 1316-1320 章大纲...
[2026-05-18 17:35:48] [Planner] [INFO] ============================================================
[2026-05-18 17:35:48] [Planner] [INFO] Planner Agent 启动 | 范围: 1321-1325 | 批次: 5
[2026-05-18 17:35:48] [Planner] [INFO] ============================================================
[2026-05-18 17:35:48] [Planner] [INFO] 正在生成第 1321-1325 章大纲...
[2026-05-18 17:35:48] [Planner] [INFO] ============================================================
[2026-05-18 17:35:48] [Planner] [INFO] Planner Agent 启动 | 范围: 1326-1330 | 批次: 5
[2026-05-18 17:35:48] [Planner] [INFO] ============================================================
[2026-05-18 17:35:48] [Planner] [INFO] 检测到已有单章大纲，共 5 章，从第 1331 章继续
[2026-05-18 17:35:49] [Planner] [INFO] 大纲已完整，跳过
[2026-05-18 17:35:49] [Planner] [INFO] Planner 全部完成
[2026-05-18 17:35:49] [Planner] [INFO] ============================================================
[2026-05-18 17:35:49] [Planner] [INFO] Planner Agent 启动 | 范围: 1331-1335 | 批次: 5
[2026-05-18 17:35:49] [Planner] [INFO] ============================================================
[2026-05-18 17:35:49] [Planner] [INFO] 检测到已有单章大纲，共 5 章，从第 1336 章继续
[2026-05-18 17:35:49] [Planner] [INFO] 大纲已完整，跳过
[2026-05-18 17:35:49] [Planner] [INFO] Planner 全部完成
[2026-05-18 17:35:49] [Planner] [INFO] ============================================================
[2026-05-18 17:35:49] [Planner] [INFO] Planner Agent 启动 | 范围: 1336-1340 | 批次: 5
[2026-05-18 17:35:49] [Planner] [INFO] ============================================================
[2026-05-18 17:35:49] [Planner] [INFO] 正在生成第 1336-1340 章大纲...
[2026-05-18 17:35:50] [Planner] [INFO] ============================================================
[2026-05-18 17:35:50] [Planner] [INFO] Planner Agent 启动 | 范围: 1341-1345 | 批次: 5
[2026-05-18 17:35:50] [Planner] [INFO] ============================================================
[2026-05-18 17:35:50] [Planner] [INFO] 正在生成第 1341-1345 章大纲...
[2026-05-18 17:35:50] [Planner] [INFO] ============================================================
[2026-05-18 17:35:50] [Planner] [INFO] Planner Agent 启动 | 范围: 1346-1350 | 批次: 5
[2026-05-18 17:35:50] [Planner] [INFO] ============================================================
[2026-05-18 17:35:50] [Planner] [INFO] 正在生成第 1346-1350 章大纲...
[2026-05-18 17:35:50] [Planner] [INFO] 第 1311-1315 章大纲已生成（5章，保存5章）
[2026-05-18 17:35:50] [Planner] [INFO] 大纲已保存到 D:\AiProject\Node\projects\novels7\output\outline_chapters，范围内共 5 章
[2026-05-18 17:35:50] [Planner] [INFO] Planner 全部完成
[2026-05-18 17:35:51] [Planner] [INFO] ============================================================
[2026-05-18 17:35:51] [Planner] [INFO] Planner Agent 启动 | 范围: 1351-1355 | 批次: 5
[2026-05-18 17:35:51] [Planner] [INFO] ============================================================
[2026-05-18 17:35:51] [Planner] [INFO] 正在生成第 1351-1355 章大纲...
[2026-05-18 17:35:51] [Planner] [INFO] ============================================================
[2026-05-18 17:35:51] [Planner] [INFO] Planner Agent 启动 | 范围: 1676-1680 | 批次: 5
[2026-05-18 17:35:51] [Planner] [INFO] ============================================================
[2026-05-18 17:35:51] [Planner] [INFO] 正在生成第 1676-1680 章大纲...
[2026-05-18 17:35:51] [Planner] [ERROR] 第 1316-1320 章解析失败: 无法解析JSON: line 1 column 1 (char 0)
[2026-05-18 17:35:51] [Planner] [INFO] 大纲已保存到 D:\AiProject\Node\projects\novels7\output\outline_chapters，范围内共 0 章
[2026-05-18 17:35:51] [Planner] [ERROR] 大纲生成未完成
[2026-05-18 17:35:52] [Planner] [INFO] 第 1321-1325 章大纲已生成（5章，保存5章）
[2026-05-18 17:35:52] [Planner] [INFO] 大纲已保存到 D:\AiProject\Node\projects\novels7\output\outline_chapters，范围内共 5 章
[2026-05-18 17:35:52] [Planner] [INFO] Planner 全部完成
[2026-05-18 17:35:56] [Planner] [INFO] 第 1306-1310 章大纲已生成（5章，保存5章）
[2026-05-18 17:35:56] [Planner] [INFO] 大纲已保存到 D:\AiProject\Node\projects\novels7\output\outline_chapters，范围内共 5 章
[2026-05-18 17:35:56] [Planner] [INFO] Planner 全部完成
[2026-05-18 17:35:57] [Planner] [INFO] 第 1301-1305 章大纲已生成（5章，保存5章）
[2026-05-18 17:35:57] [Planner] [INFO] 大纲已保存到 D:\AiProject\Node\projects\novels7\output\outline_chapters，范围内共 5 章
[2026-05-18 17:35:57] [Planner] [INFO] Planner 全部完成
[2026-05-18 17:36:00] [Planner] [INFO] 第 1296-1300 章大纲已生成（5章，保存5章）
[2026-05-18 17:36:00] [Planner] [INFO] 大纲已保存到 D:\AiProject\Node\projects\novels7\output\outline_chapters，范围内共 5 章
[2026-05-18 17:36:00] [Planner] [INFO] Planner 全部完成
[2026-05-18 17:36:00] [Planner] [INFO] 第 1291-1295 章大纲已生成（5章，保存5章）
[2026-05-18 17:36:00] [Planner] [INFO] 大纲已保存到 D:\AiProject\Node\projects\novels7\output\outline_chapters，范围内共 5 章
[2026-05-18 17:36:00] [Planner] [INFO] Planner 全部完成
[2026-05-18 17:36:11] [Planner] [INFO] 第 1876-1900 章大纲已生成（25章）
[2026-05-18 17:36:11] [Planner] [INFO] 正在生成第 1901-1925 章大纲...
[2026-05-18 17:36:33] [Planner] [INFO] 第 1346-1350 章大纲已生成（5章，保存5章）
[2026-05-18 17:36:33] [Planner] [INFO] 大纲已保存到 D:\AiProject\Node\projects\novels7\output\outline_chapters，范围内共 5 章
[2026-05-18 17:36:33] [Planner] [INFO] Planner 全部完成
[2026-05-18 17:36:33] [Planner] [INFO] 第 1676-1680 章大纲已生成（5章，保存5章）
[2026-05-18 17:36:33] [Planner] [INFO] 大纲已保存到 D:\AiProject\Node\projects\novels7\output\outline_chapters，范围内共 5 章
[2026-05-18 17:36:33] [Planner] [INFO] Planner 全部完成
[2026-05-18 17:36:34] [Planner] [INFO] ============================================================
[2026-05-18 17:36:34] [Planner] [INFO] Planner Agent 启动 | 范围: 1336-1340 | 批次: 5
[2026-05-18 17:36:34] [Planner] [INFO] ============================================================
[2026-05-18 17:36:34] [Planner] [INFO] 正在生成第 1336-1340 章大纲...
[2026-05-18 17:36:34] [Planner] [INFO] ============================================================
[2026-05-18 17:36:34] [Planner] [INFO] Planner Agent 启动 | 范围: 1316-1320 | 批次: 5
[2026-05-18 17:36:34] [Planner] [INFO] ============================================================
[2026-05-18 17:36:34] [Planner] [INFO] 正在生成第 1316-1320 章大纲...
[2026-05-18 17:36:35] [Planner] [INFO] ============================================================
[2026-05-18 17:36:35] [Planner] [INFO] Planner Agent 启动 | 范围: 1341-1345 | 批次: 5
[2026-05-18 17:36:35] [Planner] [INFO] ============================================================
[2026-05-18 17:36:35] [Planner] [INFO] 正在生成第 1341-1345 章大纲...
[2026-05-18 17:36:35] [Planner] [INFO] ============================================================
[2026-05-18 17:36:35] [Planner] [INFO] Planner Agent 启动 | 范围: 1346-1350 | 批次: 5
[2026-05-18 17:36:35] [Planner] [INFO] ============================================================
[2026-05-18 17:36:35] [Planner] [INFO] 检测到已有单章大纲，共 5 章，从第 1351 章继续
[2026-05-18 17:36:35] [Planner] [INFO] 大纲已完整，跳过
[2026-05-18 17:36:35] [Planner] [INFO] Planner 全部完成
[2026-05-18 17:36:35] [Planner] [INFO] ============================================================
[2026-05-18 17:36:35] [Planner] [INFO] Planner Agent 启动 | 范围: 1351-1355 | 批次: 5
[2026-05-18 17:36:35] [Planner] [INFO] ============================================================
[2026-05-18 17:36:35] [Planner] [INFO] 正在生成第 1351-1355 章大纲...
[2026-05-18 17:36:35] [Planner] [INFO] ============================================================
[2026-05-18 17:36:35] [Planner] [INFO] Planner Agent 启动 | 范围: 1356-1360 | 批次: 5
[2026-05-18 17:36:35] [Planner] [INFO] ============================================================
[2026-05-18 17:36:35] [Planner] [INFO] 正在生成第 1356-1360 章大纲...
[2026-05-18 17:36:35] [Planner] [INFO] ============================================================
[2026-05-18 17:36:35] [Planner] [INFO] Planner Agent 启动 | 范围: 1361-1365 | 批次: 5
[2026-05-18 17:36:35] [Planner] [INFO] ============================================================
[2026-05-18 17:36:35] [Planner] [INFO] 正在生成第 1361-1365 章大纲...
[2026-05-18 17:36:36] [Planner] [INFO] ============================================================
[2026-05-18 17:36:36] [Planner] [INFO] Planner Agent 启动 | 范围: 1366-1370 | 批次: 5
[2026-05-18 17:36:36] [Planner] [INFO] ============================================================
[2026-05-18 17:36:36] [Planner] [INFO] 正在生成第 1366-1370 章大纲...
[2026-05-18 17:36:36] [Planner] [INFO] ============================================================
[2026-05-18 17:36:36] [Planner] [INFO] Planner Agent 启动 | 范围: 1371-1375 | 批次: 5
[2026-05-18 17:36:36] [Planner] [INFO] ============================================================
[2026-05-18 17:36:36] [Planner] [INFO] 正在生成第 1371-1375 章大纲...
[2026-05-18 17:36:36] [Planner] [INFO] ============================================================
[2026-05-18 17:36:36] [Planner] [INFO] Planner Agent 启动 | 范围: 1376-1380 | 批次: 5
[2026-05-18 17:36:36] [Planner] [INFO] ============================================================
[2026-05-18 17:36:36] [Planner] [INFO] 正在生成第 1376-1380 章大纲...
[2026-05-18 17:36:42] [Planner] [INFO] 第 1321-1325 章大纲已生成（5章，保存5章）
[2026-05-18 17:36:42] [Planner] [INFO] 大纲已保存到 D:\AiProject\Node\projects\novels7\output\outline_chapters，范围内共 5 章
[2026-05-18 17:36:42] [Planner] [INFO] Planner 全部完成
[2026-05-18 17:36:43] [Planner] [INFO] 第 1351-1355 章大纲已生成（0章，保存0章）
[2026-05-18 17:36:43] [Planner] [INFO] 大纲已保存到 D:\AiProject\Node\projects\novels7\output\outline_chapters，范围内共 0 章
[2026-05-18 17:36:43] [Planner] [ERROR] 大纲生成未完成
[2026-05-18 17:36:46] [Planner] [INFO] 第 1341-1345 章大纲已生成（5章，保存5章）
[2026-05-18 17:36:46] [Planner] [INFO] 大纲已保存到 D:\AiProject\Node\projects\novels7\output\outline_chapters，范围内共 5 章
[2026-05-18 17:36:46] [Planner] [INFO] Planner 全部完成
[2026-05-18 17:36:47] [Planner] [INFO] 第 1336-1340 章大纲已生成（5章，保存5章）
[2026-05-18 17:36:47] [Planner] [INFO] 大纲已保存到 D:\AiProject\Node\projects\novels7\output\outline_chapters，范围内共 5 章
[2026-05-18 17:36:47] [Planner] [INFO] Planner 全部完成
[2026-05-18 17:36:52] [Planner] [INFO] 第 1316-1320 章大纲已生成（5章，保存5章）
[2026-05-18 17:36:52] [Planner] [INFO] 大纲已保存到 D:\AiProject\Node\projects\novels7\output\outline_chapters，范围内共 5 章
[2026-05-18 17:36:52] [Planner] [INFO] Planner 全部完成
[2026-05-18 17:37:14] [Planner] [INFO] 第 1366-1370 章大纲已生成（5章，保存5章）
[2026-05-18 17:37:14] [Planner] [INFO] 大纲已保存到 D:\AiProject\Node\projects\novels7\output\outline_chapters，范围内共 5 章
[2026-05-18 17:37:14] [Planner] [INFO] Planner 全部完成
[2026-05-18 17:37:16] [Planner] [INFO] 第 1361-1365 章大纲已生成（5章，保存5章）
[2026-05-18 17:37:16] [Planner] [INFO] 大纲已保存到 D:\AiProject\Node\projects\novels7\output\outline_chapters，范围内共 5 章
[2026-05-18 17:37:16] [Planner] [INFO] Planner 全部完成
[2026-05-18 17:37:16] [Planner] [INFO] 第 1351-1355 章大纲已生成（5章，保存5章）
[2026-05-18 17:37:16] [Planner] [INFO] 大纲已保存到 D:\AiProject\Node\projects\novels7\output\outline_chapters，范围内共 5 章
[2026-05-18 17:37:16] [Planner] [INFO] Planner 全部完成
[2026-05-18 17:37:17] [Planner] [INFO] ============================================================
[2026-05-18 17:37:17] [Planner] [INFO] Planner Agent 启动 | 范围: 1351-1355 | 批次: 5
[2026-05-18 17:37:17] [Planner] [INFO] ============================================================
[2026-05-18 17:37:17] [Planner] [INFO] 检测到已有单章大纲，共 5 章，从第 1356 章继续
[2026-05-18 17:37:17] [Planner] [INFO] 大纲已完整，跳过
[2026-05-18 17:37:17] [Planner] [INFO] Planner 全部完成
[2026-05-18 17:37:17] [Planner] [INFO] ============================================================
[2026-05-18 17:37:17] [Planner] [INFO] Planner Agent 启动 | 范围: 1356-1360 | 批次: 5
[2026-05-18 17:37:17] [Planner] [INFO] ============================================================
[2026-05-18 17:37:17] [Planner] [INFO] 正在生成第 1356-1360 章大纲...
[2026-05-18 17:37:17] [Planner] [INFO] 第 1376-1380 章大纲已生成（5章，保存5章）
[2026-05-18 17:37:17] [Planner] [INFO] 大纲已保存到 D:\AiProject\Node\projects\novels7\output\outline_chapters，范围内共 5 章
[2026-05-18 17:37:17] [Planner] [INFO] Planner 全部完成
[2026-05-18 17:37:17] [Planner] [INFO] ============================================================
[2026-05-18 17:37:17] [Planner] [INFO] Planner Agent 启动 | 范围: 1361-1365 | 批次: 5
[2026-05-18 17:37:17] [Planner] [INFO] ============================================================
[2026-05-18 17:37:17] [Planner] [INFO] 检测到已有单章大纲，共 5 章，从第 1366 章继续
[2026-05-18 17:37:17] [Planner] [INFO] 大纲已完整，跳过
[2026-05-18 17:37:17] [Planner] [INFO] Planner 全部完成
[2026-05-18 17:37:17] [Planner] [INFO] ============================================================
[2026-05-18 17:37:17] [Planner] [INFO] Planner Agent 启动 | 范围: 1366-1370 | 批次: 5
[2026-05-18 17:37:17] [Planner] [INFO] ============================================================
[2026-05-18 17:37:17] [Planner] [INFO] 检测到已有单章大纲，共 5 章，从第 1371 章继续
[2026-05-18 17:37:17] [Planner] [INFO] 大纲已完整，跳过
[2026-05-18 17:37:17] [Planner] [INFO] Planner 全部完成
[2026-05-18 17:37:18] [Planner] [INFO] ============================================================
[2026-05-18 17:37:18] [Planner] [INFO] Planner Agent 启动 | 范围: 1371-1375 | 批次: 5
[2026-05-18 17:37:18] [Planner] [INFO] ============================================================
[2026-05-18 17:37:18] [Planner] [INFO] 正在生成第 1371-1375 章大纲...
[2026-05-18 17:37:18] [Planner] [INFO] ============================================================
[2026-05-18 17:37:18] [Planner] [INFO] Planner Agent 启动 | 范围: 1376-1380 | 批次: 5
[2026-05-18 17:37:18] [Planner] [INFO] ============================================================
[2026-05-18 17:37:18] [Planner] [INFO] 检测到已有单章大纲，共 5 章，从第 1381 章继续
[2026-05-18 17:37:18] [Planner] [INFO] 大纲已完整，跳过
[2026-05-18 17:37:18] [Planner] [INFO] Planner 全部完成
[2026-05-18 17:37:18] [Planner] [INFO] ============================================================
[2026-05-18 17:37:18] [Planner] [INFO] Planner Agent 启动 | 范围: 1381-1385 | 批次: 5
[2026-05-18 17:37:18] [Planner] [INFO] ============================================================
[2026-05-18 17:37:18] [Planner] [INFO] 正在生成第 1381-1385 章大纲...
[2026-05-18 17:37:18] [Planner] [INFO] ============================================================
[2026-05-18 17:37:18] [Planner] [INFO] Planner Agent 启动 | 范围: 1386-1390 | 批次: 5
[2026-05-18 17:37:18] [Planner] [INFO] ============================================================
[2026-05-18 17:37:18] [Planner] [INFO] 正在生成第 1386-1390 章大纲...
[2026-05-18 17:37:18] [Planner] [INFO] ============================================================
[2026-05-18 17:37:18] [Planner] [INFO] Planner Agent 启动 | 范围: 1391-1395 | 批次: 5
[2026-05-18 17:37:18] [Planner] [INFO] ============================================================
[2026-05-18 17:37:18] [Planner] [INFO] 正在生成第 1391-1395 章大纲...
[2026-05-18 17:37:19] [Planner] [INFO] ============================================================
[2026-05-18 17:37:19] [Planner] [INFO] Planner Agent 启动 | 范围: 1396-1400 | 批次: 5
[2026-05-18 17:37:19] [Planner] [INFO] ============================================================
[2026-05-18 17:37:19] [Planner] [INFO] 正在生成第 1396-1400 章大纲...
[2026-05-18 17:37:19] [Planner] [INFO] 第 1356-1360 章大纲已生成（5章，保存5章）
[2026-05-18 17:37:19] [Planner] [INFO] 大纲已保存到 D:\AiProject\Node\projects\novels7\output\outline_chapters，范围内共 5 章
[2026-05-18 17:37:19] [Planner] [INFO] Planner 全部完成
[2026-05-18 17:37:20] [Planner] [INFO] 第 1371-1375 章大纲已生成（5章，保存5章）
[2026-05-18 17:37:20] [Planner] [INFO] 大纲已保存到 D:\AiProject\Node\projects\novels7\output\outline_chapters，范围内共 5 章
[2026-05-18 17:37:20] [Planner] [INFO] Planner 全部完成
[2026-05-18 17:37:21] [Planner] [INFO] 第 1316-1320 章大纲已生成（5章，保存5章）
[2026-05-18 17:37:21] [Planner] [INFO] 大纲已保存到 D:\AiProject\Node\projects\novels7\output\outline_chapters，范围内共 5 章
[2026-05-18 17:37:21] [Planner] [INFO] Planner 全部完成
[2026-05-18 17:37:21] [Planner] [INFO] 第 1341-1345 章大纲已生成（5章，保存5章）
[2026-05-18 17:37:21] [Planner] [INFO] 大纲已保存到 D:\AiProject\Node\projects\novels7\output\outline_chapters，范围内共 5 章
[2026-05-18 17:37:21] [Planner] [INFO] Planner 全部完成
[2026-05-18 17:37:27] [Planner] [INFO] 第 1336-1340 章大纲已生成（5章，保存5章）
[2026-05-18 17:37:27] [Planner] [INFO] 大纲已保存到 D:\AiProject\Node\projects\novels7\output\outline_chapters，范围内共 5 章
[2026-05-18 17:37:27] [Planner] [INFO] Planner 全部完成
[2026-05-18 17:37:44] [Planner] [INFO] 第 1901-1925 章大纲已生成（25章）
[2026-05-18 17:37:44] [Planner] [INFO] 正在生成第 1926-1950 章大纲...
[2026-05-18 17:37:57] [Planner] [ERROR] 第 1391-1395 章大纲生成失败
[2026-05-18 17:37:57] [Planner] [INFO] 大纲已保存到 D:\AiProject\Node\projects\novels7\output\outline_chapters，范围内共 0 章
[2026-05-18 17:37:57] [Planner] [ERROR] 大纲生成未完成
[2026-05-18 17:37:58] [Planner] [INFO] 第 1396-1400 章大纲已生成（5章，保存5章）
[2026-05-18 17:37:58] [Planner] [INFO] 大纲已保存到 D:\AiProject\Node\projects\novels7\output\outline_chapters，范围内共 5 章
[2026-05-18 17:37:58] [Planner] [INFO] Planner 全部完成
[2026-05-18 17:38:01] [Planner] [INFO] 第 1901-1925 章大纲已生成（25章）
[2026-05-18 17:38:02] [Planner] [INFO] 正在生成第 1926-1950 章大纲...
[2026-05-18 17:38:03] [Planner] [INFO] 第 1371-1375 章大纲已生成（5章，保存5章）
[2026-05-18 17:38:03] [Planner] [INFO] 大纲已保存到 D:\AiProject\Node\projects\novels7\output\outline_chapters，范围内共 5 章
[2026-05-18 17:38:03] [Planner] [INFO] Planner 全部完成
[2026-05-18 17:38:04] [Planner] [INFO] ============================================================
[2026-05-18 17:38:04] [Planner] [INFO] Planner Agent 启动 | 范围: 1381-1385 | 批次: 5
[2026-05-18 17:38:04] [Planner] [INFO] ============================================================
[2026-05-18 17:38:04] [Planner] [INFO] 正在生成第 1381-1385 章大纲...
[2026-05-18 17:38:04] [Planner] [INFO] ============================================================
[2026-05-18 17:38:04] [Planner] [INFO] Planner Agent 启动 | 范围: 1386-1390 | 批次: 5
[2026-05-18 17:38:04] [Planner] [INFO] ============================================================
[2026-05-18 17:38:04] [Planner] [INFO] 正在生成第 1386-1390 章大纲...
[2026-05-18 17:38:05] [Planner] [INFO] ============================================================
[2026-05-18 17:38:05] [Planner] [INFO] Planner Agent 启动 | 范围: 1391-1395 | 批次: 5
[2026-05-18 17:38:05] [Planner] [INFO] ============================================================
[2026-05-18 17:38:05] [Planner] [INFO] 正在生成第 1391-1395 章大纲...
[2026-05-18 17:38:05] [Planner] [INFO] ============================================================
[2026-05-18 17:38:05] [Planner] [INFO] Planner Agent 启动 | 范围: 1396-1400 | 批次: 5
[2026-05-18 17:38:05] [Planner] [INFO] ============================================================
[2026-05-18 17:38:05] [Planner] [INFO] 检测到已有单章大纲，共 5 章，从第 1401 章继续
[2026-05-18 17:38:05] [Planner] [INFO] 大纲已完整，跳过
[2026-05-18 17:38:05] [Planner] [INFO] Planner 全部完成
[2026-05-18 17:38:05] [Planner] [INFO] ============================================================
[2026-05-18 17:38:05] [Planner] [INFO] Planner Agent 启动 | 范围: 1681-1685 | 批次: 5
[2026-05-18 17:38:05] [Planner] [INFO] ============================================================
[2026-05-18 17:38:05] [Planner] [INFO] 正在生成第 1681-1685 章大纲...
[2026-05-18 17:38:06] [Planner] [INFO] ============================================================
[2026-05-18 17:38:06] [Planner] [INFO] Planner Agent 启动 | 范围: 1686-1690 | 批次: 5
[2026-05-18 17:38:06] [Planner] [INFO] ============================================================
[2026-05-18 17:38:06] [Planner] [INFO] 正在生成第 1686-1690 章大纲...
[2026-05-18 17:38:06] [Planner] [INFO] ============================================================
[2026-05-18 17:38:06] [Planner] [INFO] Planner Agent 启动 | 范围: 1691-1695 | 批次: 5
[2026-05-18 17:38:06] [Planner] [INFO] ============================================================
[2026-05-18 17:38:06] [Planner] [INFO] 正在生成第 1691-1695 章大纲...
[2026-05-18 17:38:06] [Planner] [INFO] ============================================================
[2026-05-18 17:38:06] [Planner] [INFO] Planner Agent 启动 | 范围: 1696-1700 | 批次: 5
[2026-05-18 17:38:06] [Planner] [INFO] ============================================================
[2026-05-18 17:38:06] [Planner] [INFO] 正在生成第 1696-1700 章大纲...
[2026-05-18 17:38:06] [Planner] [INFO] ============================================================
[2026-05-18 17:38:06] [Planner] [INFO] Planner Agent 启动 | 范围: 1701-1705 | 批次: 5
[2026-05-18 17:38:06] [Planner] [INFO] ============================================================
[2026-05-18 17:38:06] [Planner] [INFO] 正在生成第 1701-1705 章大纲...
[2026-05-18 17:38:06] [Planner] [INFO] ============================================================
[2026-05-18 17:38:06] [Planner] [INFO] Planner Agent 启动 | 范围: 1706-1710 | 批次: 5
[2026-05-18 17:38:06] [Planner] [INFO] ============================================================
[2026-05-18 17:38:06] [Planner] [INFO] 正在生成第 1706-1710 章大纲...
[2026-05-18 17:38:07] [Planner] [INFO] 第 1386-1390 章大纲已生成（5章，保存5章）
[2026-05-18 17:38:07] [Planner] [INFO] 大纲已保存到 D:\AiProject\Node\projects\novels7\output\outline_chapters，范围内共 5 章
[2026-05-18 17:38:07] [Planner] [INFO] Planner 全部完成
[2026-05-18 17:38:11] [Planner] [INFO] 第 1356-1360 章大纲已生成（5章，保存5章）
[2026-05-18 17:38:11] [Planner] [INFO] 大纲已保存到 D:\AiProject\Node\projects\novels7\output\outline_chapters，范围内共 5 章
[2026-05-18 17:38:11] [Planner] [INFO] Planner 全部完成
[2026-05-18 17:38:13] [Planner] [INFO] 第 1381-1385 章大纲已生成（5章，保存5章）
[2026-05-18 17:38:13] [Planner] [INFO] 大纲已保存到 D:\AiProject\Node\projects\novels7\output\outline_chapters，范围内共 5 章
[2026-05-18 17:38:13] [Planner] [INFO] Planner 全部完成
[2026-05-18 17:38:38] [Planner] [INFO] 第 1391-1395 章大纲已生成（5章，保存5章）
[2026-05-18 17:38:38] [Planner] [INFO] 大纲已保存到 D:\AiProject\Node\projects\novels7\output\outline_chapters，范围内共 5 章
[2026-05-18 17:38:38] [Planner] [INFO] Planner 全部完成
[2026-05-18 17:38:46] [Planner] [INFO] 第 1681-1685 章大纲已生成（5章，保存5章）
[2026-05-18 17:38:46] [Planner] [INFO] 大纲已保存到 D:\AiProject\Node\projects\novels7\output\outline_chapters，范围内共 5 章
[2026-05-18 17:38:46] [Planner] [INFO] Planner 全部完成
[2026-05-18 17:38:47] [Planner] [INFO] 第 1696-1700 章大纲已生成（5章，保存5章）
[2026-05-18 17:38:47] [Planner] [INFO] 大纲已保存到 D:\AiProject\Node\projects\novels7\output\outline_chapters，范围内共 5 章
[2026-05-18 17:38:47] [Planner] [INFO] Planner 全部完成
[2026-05-18 17:38:48] [Planner] [INFO] 第 1386-1390 章大纲已生成（5章，保存5章）
[2026-05-18 17:38:48] [Planner] [INFO] 大纲已保存到 D:\AiProject\Node\projects\novels7\output\outline_chapters，范围内共 5 章
[2026-05-18 17:38:48] [Planner] [INFO] Planner 全部完成
[2026-05-18 17:38:50] [Planner] [INFO] 第 1701-1705 章大纲已生成（5章，保存5章）
[2026-05-18 17:38:50] [Planner] [INFO] 大纲已保存到 D:\AiProject\Node\projects\novels7\output\outline_chapters，范围内共 5 章
[2026-05-18 17:38:50] [Planner] [INFO] Planner 全部完成
[2026-05-18 17:38:51] [Planner] [INFO] ============================================================
[2026-05-18 17:38:51] [Planner] [INFO] Planner Agent 启动 | 范围: 1391-1395 | 批次: 5
[2026-05-18 17:38:51] [Planner] [INFO] ============================================================
[2026-05-18 17:38:51] [Planner] [INFO] 检测到已有单章大纲，共 5 章，从第 1396 章继续
[2026-05-18 17:38:51] [Planner] [INFO] 大纲已完整，跳过
[2026-05-18 17:38:51] [Planner] [INFO] Planner 全部完成
[2026-05-18 17:38:51] [Planner] [INFO] ============================================================
[2026-05-18 17:38:51] [Planner] [INFO] Planner Agent 启动 | 范围: 1681-1685 | 批次: 5
[2026-05-18 17:38:51] [Planner] [INFO] ============================================================
[2026-05-18 17:38:51] [Planner] [INFO] 检测到已有单章大纲，共 5 章，从第 1686 章继续
[2026-05-18 17:38:51] [Planner] [INFO] 大纲已完整，跳过
[2026-05-18 17:38:51] [Planner] [INFO] Planner 全部完成
[2026-05-18 17:38:51] [Planner] [INFO] ============================================================
[2026-05-18 17:38:51] [Planner] [INFO] Planner Agent 启动 | 范围: 1686-1690 | 批次: 5
[2026-05-18 17:38:51] [Planner] [INFO] ============================================================
[2026-05-18 17:38:51] [Planner] [INFO] 正在生成第 1686-1690 章大纲...
[2026-05-18 17:38:51] [Planner] [INFO] ============================================================
[2026-05-18 17:38:51] [Planner] [INFO] Planner Agent 启动 | 范围: 1691-1695 | 批次: 5
[2026-05-18 17:38:51] [Planner] [INFO] ============================================================
[2026-05-18 17:38:51] [Planner] [INFO] 正在生成第 1691-1695 章大纲...
[2026-05-18 17:38:52] [Planner] [INFO] ============================================================
[2026-05-18 17:38:52] [Planner] [INFO] Planner Agent 启动 | 范围: 1696-1700 | 批次: 5
[2026-05-18 17:38:52] [Planner] [INFO] ============================================================
[2026-05-18 17:38:52] [Planner] [INFO] 检测到已有单章大纲，共 5 章，从第 1701 章继续
[2026-05-18 17:38:52] [Planner] [INFO] 大纲已完整，跳过
[2026-05-18 17:38:52] [Planner] [INFO] Planner 全部完成
[2026-05-18 17:38:52] [Planner] [INFO] ============================================================
[2026-05-18 17:38:52] [Planner] [INFO] Planner Agent 启动 | 范围: 1706-1710 | 批次: 5
[2026-05-18 17:38:52] [Planner] [INFO] ============================================================
[2026-05-18 17:38:52] [Planner] [INFO] 正在生成第 1706-1710 章大纲...
[2026-05-18 17:38:52] [Planner] [INFO] ============================================================
[2026-05-18 17:38:52] [Planner] [INFO] Planner Agent 启动 | 范围: 1701-1705 | 批次: 5
[2026-05-18 17:38:52] [Planner] [INFO] ============================================================
[2026-05-18 17:38:52] [Planner] [INFO] 检测到已有单章大纲，共 5 章，从第 1706 章继续
[2026-05-18 17:38:52] [Planner] [INFO] 大纲已完整，跳过
[2026-05-18 17:38:52] [Planner] [INFO] Planner 全部完成
[2026-05-18 17:38:52] [Planner] [INFO] ============================================================
[2026-05-18 17:38:52] [Planner] [INFO] Planner Agent 启动 | 范围: 1711-1715 | 批次: 5
[2026-05-18 17:38:52] [Planner] [INFO] ============================================================
[2026-05-18 17:38:52] [Planner] [INFO] 正在生成第 1711-1715 章大纲...
[2026-05-18 17:38:52] [Planner] [INFO] ============================================================
[2026-05-18 17:38:52] [Planner] [INFO] Planner Agent 启动 | 范围: 1716-1720 | 批次: 5
[2026-05-18 17:38:52] [Planner] [INFO] ============================================================
[2026-05-18 17:38:52] [Planner] [INFO] 正在生成第 1716-1720 章大纲...
[2026-05-18 17:38:52] [Planner] [INFO] ============================================================
[2026-05-18 17:38:52] [Planner] [INFO] Planner Agent 启动 | 范围: 1721-1725 | 批次: 5
[2026-05-18 17:38:52] [Planner] [INFO] ============================================================
[2026-05-18 17:38:52] [Planner] [INFO] 正在生成第 1721-1725 章大纲...
[2026-05-18 17:38:57] [Planner] [INFO] 第 1686-1690 章大纲已生成（5章，保存5章）
[2026-05-18 17:38:57] [Planner] [INFO] 大纲已保存到 D:\AiProject\Node\projects\novels7\output\outline_chapters，范围内共 5 章
[2026-05-18 17:38:57] [Planner] [INFO] Planner 全部完成
[2026-05-18 17:38:58] [Planner] [INFO] 第 1706-1710 章大纲已生成（5章，保存5章）
[2026-05-18 17:38:58] [Planner] [INFO] 大纲已保存到 D:\AiProject\Node\projects\novels7\output\outline_chapters，范围内共 5 章
[2026-05-18 17:38:58] [Planner] [INFO] Planner 全部完成
[2026-05-18 17:38:59] [Planner] [INFO] 第 1691-1695 章大纲已生成（5章，保存5章）
[2026-05-18 17:38:59] [Planner] [INFO] 大纲已保存到 D:\AiProject\Node\projects\novels7\output\outline_chapters，范围内共 5 章
[2026-05-18 17:38:59] [Planner] [INFO] Planner 全部完成
[2026-05-18 17:39:11] [Planner] [INFO] 第 1381-1385 章大纲已生成（5章，保存5章）
[2026-05-18 17:39:11] [Planner] [INFO] 大纲已保存到 D:\AiProject\Node\projects\novels7\output\outline_chapters，范围内共 5 章
[2026-05-18 17:39:11] [Planner] [INFO] Planner 全部完成
[2026-05-18 17:39:24] [Planner] [INFO] 第 1691-1695 章大纲已生成（5章，保存5章）
[2026-05-18 17:39:24] [Planner] [INFO] 大纲已保存到 D:\AiProject\Node\projects\novels7\output\outline_chapters，范围内共 5 章
[2026-05-18 17:39:24] [Planner] [INFO] Planner 全部完成
[2026-05-18 17:39:24] [Planner] [INFO] 第 1926-1950 章大纲已生成（25章）
[2026-05-18 17:39:24] [Planner] [INFO] 正在生成第 1951-1975 章大纲...
[2026-05-18 17:39:33] [Planner] [INFO] 第 1721-1725 章大纲已生成（5章，保存5章）
[2026-05-18 17:39:33] [Planner] [INFO] 大纲已保存到 D:\AiProject\Node\projects\novels7\output\outline_chapters，范围内共 5 章
[2026-05-18 17:39:33] [Planner] [INFO] Planner 全部完成
[2026-05-18 17:39:34] [Planner] [INFO] 第 1711-1715 章大纲已生成（5章，保存5章）
[2026-05-18 17:39:34] [Planner] [INFO] 大纲已保存到 D:\AiProject\Node\projects\novels7\output\outline_chapters，范围内共 5 章
[2026-05-18 17:39:34] [Planner] [INFO] Planner 全部完成
[2026-05-18 17:39:35] [Planner] [INFO] 第 1686-1690 章大纲已生成（5章，保存5章）
[2026-05-18 17:39:35] [Planner] [INFO] 大纲已保存到 D:\AiProject\Node\projects\novels7\output\outline_chapters，范围内共 5 章
[2026-05-18 17:39:35] [Planner] [INFO] Planner 全部完成
[2026-05-18 17:39:40] [Planner] [INFO] ============================================================
[2026-05-18 17:39:40] [Planner] [INFO] Planner Agent 启动 | 范围: 1711-1715 | 批次: 5
[2026-05-18 17:39:40] [Planner] [INFO] ============================================================
[2026-05-18 17:39:40] [Planner] [INFO] 检测到已有单章大纲，共 5 章，从第 1716 章继续
[2026-05-18 17:39:40] [Planner] [INFO] 大纲已完整，跳过
[2026-05-18 17:39:40] [Planner] [INFO] Planner 全部完成
[2026-05-18 17:39:41] [Planner] [INFO] ============================================================
[2026-05-18 17:39:41] [Planner] [INFO] Planner Agent 启动 | 范围: 1721-1725 | 批次: 5
[2026-05-18 17:39:41] [Planner] [INFO] ============================================================
[2026-05-18 17:39:41] [Planner] [INFO] 检测到已有单章大纲，共 5 章，从第 1726 章继续
[2026-05-18 17:39:41] [Planner] [INFO] 大纲已完整，跳过
[2026-05-18 17:39:41] [Planner] [INFO] Planner 全部完成
[2026-05-18 17:39:41] [Planner] [INFO] ============================================================
[2026-05-18 17:39:41] [Planner] [INFO] Planner Agent 启动 | 范围: 1716-1720 | 批次: 5
[2026-05-18 17:39:41] [Planner] [INFO] ============================================================
[2026-05-18 17:39:41] [Planner] [INFO] 正在生成第 1716-1720 章大纲...
[2026-05-18 17:39:41] [Planner] [INFO] ============================================================
[2026-05-18 17:39:41] [Planner] [INFO] Planner Agent 启动 | 范围: 1726-1730 | 批次: 5
[2026-05-18 17:39:41] [Planner] [INFO] ============================================================
[2026-05-18 17:39:41] [Planner] [INFO] 正在生成第 1726-1730 章大纲...
[2026-05-18 17:39:41] [Planner] [INFO] ============================================================
[2026-05-18 17:39:41] [Planner] [INFO] Planner Agent 启动 | 范围: 1731-1735 | 批次: 5
[2026-05-18 17:39:41] [Planner] [INFO] ============================================================
[2026-05-18 17:39:41] [Planner] [INFO] 正在生成第 1731-1735 章大纲...
[2026-05-18 17:39:42] [Planner] [INFO] ============================================================
[2026-05-18 17:39:42] [Planner] [INFO] Planner Agent 启动 | 范围: 1736-1740 | 批次: 5
[2026-05-18 17:39:42] [Planner] [INFO] ============================================================
[2026-05-18 17:39:42] [Planner] [INFO] 正在生成第 1736-1740 章大纲...
[2026-05-18 17:39:42] [Planner] [INFO] 第 1716-1720 章大纲已生成（5章，保存5章）
[2026-05-18 17:39:42] [Planner] [INFO] 大纲已保存到 D:\AiProject\Node\projects\novels7\output\outline_chapters，范围内共 5 章
[2026-05-18 17:39:42] [Planner] [INFO] Planner 全部完成
[2026-05-18 17:39:42] [Planner] [INFO] ============================================================
[2026-05-18 17:39:42] [Planner] [INFO] Planner Agent 启动 | 范围: 1741-1745 | 批次: 5
[2026-05-18 17:39:42] [Planner] [INFO] ============================================================
[2026-05-18 17:39:42] [Planner] [INFO] 正在生成第 1741-1745 章大纲...
[2026-05-18 17:39:42] [Planner] [INFO] 第 1926-1950 章大纲已生成（25章）
[2026-05-18 17:39:42] [Planner] [INFO] ============================================================
[2026-05-18 17:39:42] [Planner] [INFO] Planner Agent 启动 | 范围: 1746-1750 | 批次: 5
[2026-05-18 17:39:42] [Planner] [INFO] ============================================================
[2026-05-18 17:39:43] [Planner] [INFO] 正在生成第 1746-1750 章大纲...
[2026-05-18 17:39:43] [Planner] [INFO] 第 1706-1710 章大纲已生成（5章，保存5章）
[2026-05-18 17:39:43] [Planner] [INFO] 大纲已保存到 D:\AiProject\Node\projects\novels7\output\outline_chapters，范围内共 5 章
[2026-05-18 17:39:43] [Planner] [INFO] Planner 全部完成
[2026-05-18 17:39:43] [Planner] [INFO] 正在生成第 1951-1975 章大纲...
[2026-05-18 17:39:43] [Planner] [INFO] ============================================================
[2026-05-18 17:39:43] [Planner] [INFO] Planner Agent 启动 | 范围: 1751-1755 | 批次: 5
[2026-05-18 17:39:43] [Planner] [INFO] ============================================================
[2026-05-18 17:39:43] [Planner] [INFO] 正在生成第 1751-1755 章大纲...
[2026-05-18 17:39:43] [Planner] [INFO] ============================================================
[2026-05-18 17:39:43] [Planner] [INFO] Planner Agent 启动 | 范围: 1756-1760 | 批次: 5
[2026-05-18 17:39:43] [Planner] [INFO] ============================================================
[2026-05-18 17:39:43] [Planner] [INFO] 正在生成第 1756-1760 章大纲...
[2026-05-18 17:40:19] [Planner] [INFO] 第 1716-1720 章大纲已生成（5章，保存5章）
[2026-05-18 17:40:19] [Planner] [INFO] 大纲已保存到 D:\AiProject\Node\projects\novels7\output\outline_chapters，范围内共 5 章
[2026-05-18 17:40:19] [Planner] [INFO] Planner 全部完成
[2026-05-18 17:40:21] [Planner] [INFO] 第 1726-1730 章大纲已生成（5章，保存5章）
[2026-05-18 17:40:21] [Planner] [INFO] 大纲已保存到 D:\AiProject\Node\projects\novels7\output\outline_chapters，范围内共 5 章
[2026-05-18 17:40:21] [Planner] [INFO] Planner 全部完成
[2026-05-18 17:40:23] [Planner] [INFO] 第 1736-1740 章大纲已生成（5章，保存5章）
[2026-05-18 17:40:23] [Planner] [INFO] 大纲已保存到 D:\AiProject\Node\projects\novels7\output\outline_chapters，范围内共 5 章
[2026-05-18 17:40:23] [Planner] [INFO] Planner 全部完成
[2026-05-18 17:40:25] [Planner] [INFO] ============================================================
[2026-05-18 17:40:25] [Planner] [INFO] Planner Agent 启动 | 范围: 1726-1730 | 批次: 5
[2026-05-18 17:40:25] [Planner] [INFO] ============================================================
[2026-05-18 17:40:25] [Planner] [INFO] 检测到已有单章大纲，共 5 章，从第 1731 章继续
[2026-05-18 17:40:25] [Planner] [INFO] 大纲已完整，跳过
[2026-05-18 17:40:25] [Planner] [INFO] Planner 全部完成
[2026-05-18 17:40:25] [Planner] [INFO] ============================================================
[2026-05-18 17:40:25] [Planner] [INFO] Planner Agent 启动 | 范围: 1731-1735 | 批次: 5
[2026-05-18 17:40:25] [Planner] [INFO] ============================================================
[2026-05-18 17:40:25] [Planner] [INFO] 正在生成第 1731-1735 章大纲...
[2026-05-18 17:40:26] [Planner] [INFO] ============================================================
[2026-05-18 17:40:26] [Planner] [INFO] Planner Agent 启动 | 范围: 1736-1740 | 批次: 5
[2026-05-18 17:40:26] [Planner] [INFO] ============================================================
[2026-05-18 17:40:26] [Planner] [INFO] 检测到已有单章大纲，共 5 章，从第 1741 章继续
[2026-05-18 17:40:26] [Planner] [INFO] 大纲已完整，跳过
[2026-05-18 17:40:26] [Planner] [INFO] Planner 全部完成
[2026-05-18 17:40:26] [Planner] [INFO] ============================================================
[2026-05-18 17:40:26] [Planner] [INFO] Planner Agent 启动 | 范围: 1741-1745 | 批次: 5
[2026-05-18 17:40:26] [Planner] [INFO] ============================================================
[2026-05-18 17:40:26] [Planner] [INFO] 正在生成第 1741-1745 章大纲...
[2026-05-18 17:40:26] [Planner] [INFO] ============================================================
[2026-05-18 17:40:26] [Planner] [INFO] Planner Agent 启动 | 范围: 1746-1750 | 批次: 5
[2026-05-18 17:40:26] [Planner] [INFO] ============================================================
[2026-05-18 17:40:26] [Planner] [INFO] 正在生成第 1746-1750 章大纲...
[2026-05-18 17:40:26] [Planner] [INFO] ============================================================
[2026-05-18 17:40:26] [Planner] [INFO] Planner Agent 启动 | 范围: 1751-1755 | 批次: 5
[2026-05-18 17:40:26] [Planner] [INFO] ============================================================
[2026-05-18 17:40:26] [Planner] [INFO] 正在生成第 1751-1755 章大纲...
[2026-05-18 17:40:26] [Planner] [INFO] ============================================================
[2026-05-18 17:40:26] [Planner] [INFO] Planner Agent 启动 | 范围: 1756-1760 | 批次: 5
[2026-05-18 17:40:26] [Planner] [INFO] ============================================================
[2026-05-18 17:40:26] [Planner] [INFO] 正在生成第 1756-1760 章大纲...
[2026-05-18 17:40:26] [Planner] [INFO] ============================================================
[2026-05-18 17:40:26] [Planner] [INFO] Planner Agent 启动 | 范围: 1761-1765 | 批次: 5
[2026-05-18 17:40:26] [Planner] [INFO] ============================================================
[2026-05-18 17:40:27] [Planner] [INFO] 正在生成第 1761-1765 章大纲...
[2026-05-18 17:40:27] [Planner] [INFO] 第 1756-1760 章大纲已生成（5章，保存5章）
[2026-05-18 17:40:27] [Planner] [INFO] 大纲已保存到 D:\AiProject\Node\projects\novels7\output\outline_chapters，范围内共 5 章
[2026-05-18 17:40:27] [Planner] [INFO] Planner 全部完成
[2026-05-18 17:40:27] [Planner] [INFO] ============================================================
[2026-05-18 17:40:27] [Planner] [INFO] Planner Agent 启动 | 范围: 1766-1770 | 批次: 5
[2026-05-18 17:40:27] [Planner] [INFO] ============================================================
[2026-05-18 17:40:27] [Planner] [INFO] 正在生成第 1766-1770 章大纲...
[2026-05-18 17:40:27] [Planner] [INFO] ============================================================
[2026-05-18 17:40:27] [Planner] [INFO] Planner Agent 启动 | 范围: 1771-1775 | 批次: 5
[2026-05-18 17:40:27] [Planner] [INFO] ============================================================
[2026-05-18 17:40:27] [Planner] [INFO] 正在生成第 1771-1775 章大纲...
[2026-05-18 17:40:27] [Planner] [INFO] 第 1731-1735 章大纲已生成（5章，保存5章）
[2026-05-18 17:40:27] [Planner] [INFO] 大纲已保存到 D:\AiProject\Node\projects\novels7\output\outline_chapters，范围内共 5 章
[2026-05-18 17:40:27] [Planner] [INFO] Planner 全部完成
[2026-05-18 17:40:31] [Planner] [ERROR] 第 1751-1755 章大纲生成失败
[2026-05-18 17:40:31] [Planner] [INFO] 大纲已保存到 D:\AiProject\Node\projects\novels7\output\outline_chapters，范围内共 0 章
[2026-05-18 17:40:31] [Planner] [ERROR] 大纲生成未完成
[2026-05-18 17:40:32] [Planner] [INFO] 第 1746-1750 章大纲已生成（0章，保存0章）
[2026-05-18 17:40:33] [Planner] [INFO] 大纲已保存到 D:\AiProject\Node\projects\novels7\output\outline_chapters，范围内共 0 章
[2026-05-18 17:40:33] [Planner] [ERROR] 大纲生成未完成
[2026-05-18 17:40:37] [Planner] [INFO] 第 1741-1745 章大纲已生成（5章，保存5章）
[2026-05-18 17:40:38] [Planner] [INFO] 大纲已保存到 D:\AiProject\Node\projects\novels7\output\outline_chapters，范围内共 5 章
[2026-05-18 17:40:38] [Planner] [INFO] Planner 全部完成
[2026-05-18 17:41:05] [Planner] [INFO] 第 1751-1755 章大纲已生成（5章，保存5章）
[2026-05-18 17:41:05] [Planner] [INFO] 大纲已保存到 D:\AiProject\Node\projects\novels7\output\outline_chapters，范围内共 5 章
[2026-05-18 17:41:05] [Planner] [INFO] Planner 全部完成
[2026-05-18 17:41:06] [Planner] [INFO] 第 1756-1760 章大纲已生成（5章，保存5章）
[2026-05-18 17:41:06] [Planner] [INFO] 大纲已保存到 D:\AiProject\Node\projects\novels7\output\outline_chapters，范围内共 5 章
[2026-05-18 17:41:06] [Planner] [INFO] Planner 全部完成
[2026-05-18 17:41:09] [Planner] [INFO] ============================================================
[2026-05-18 17:41:09] [Planner] [INFO] Planner Agent 启动 | 范围: 1746-1750 | 批次: 5
[2026-05-18 17:41:09] [Planner] [INFO] ============================================================
[2026-05-18 17:41:09] [Planner] [INFO] 正在生成第 1746-1750 章大纲...
[2026-05-18 17:41:09] [Planner] [INFO] ============================================================
[2026-05-18 17:41:09] [Planner] [INFO] Planner Agent 启动 | 范围: 1751-1755 | 批次: 5
[2026-05-18 17:41:09] [Planner] [INFO] ============================================================
[2026-05-18 17:41:09] [Planner] [INFO] 检测到已有单章大纲，共 5 章，从第 1756 章继续
[2026-05-18 17:41:09] [Planner] [INFO] 大纲已完整，跳过
[2026-05-18 17:41:09] [Planner] [INFO] Planner 全部完成
[2026-05-18 17:41:09] [Planner] [INFO] ============================================================
[2026-05-18 17:41:09] [Planner] [INFO] Planner Agent 启动 | 范围: 1761-1765 | 批次: 5
[2026-05-18 17:41:09] [Planner] [INFO] ============================================================
[2026-05-18 17:41:09] [Planner] [INFO] 正在生成第 1761-1765 章大纲...
[2026-05-18 17:41:09] [Planner] [INFO] ============================================================
[2026-05-18 17:41:09] [Planner] [INFO] Planner Agent 启动 | 范围: 1766-1770 | 批次: 5
[2026-05-18 17:41:09] [Planner] [INFO] ============================================================
[2026-05-18 17:41:09] [Planner] [INFO] 正在生成第 1766-1770 章大纲...
[2026-05-18 17:41:10] [Planner] [INFO] ============================================================
[2026-05-18 17:41:10] [Planner] [INFO] Planner Agent 启动 | 范围: 1771-1775 | 批次: 5
[2026-05-18 17:41:10] [Planner] [INFO] ============================================================
[2026-05-18 17:41:10] [Planner] [INFO] 正在生成第 1771-1775 章大纲...
[2026-05-18 17:41:10] [Planner] [INFO] ============================================================
[2026-05-18 17:41:10] [Planner] [INFO] Planner Agent 启动 | 范围: 1776-1780 | 批次: 5
[2026-05-18 17:41:10] [Planner] [INFO] ============================================================
[2026-05-18 17:41:10] [Planner] [INFO] 正在生成第 1776-1780 章大纲...
[2026-05-18 17:41:10] [Planner] [INFO] ============================================================
[2026-05-18 17:41:10] [Planner] [INFO] Planner Agent 启动 | 范围: 1781-1785 | 批次: 5
[2026-05-18 17:41:10] [Planner] [INFO] ============================================================
[2026-05-18 17:41:10] [Planner] [INFO] 正在生成第 1781-1785 章大纲...
[2026-05-18 17:41:10] [Planner] [INFO] 第 1766-1770 章大纲已生成（5章，保存5章）
[2026-05-18 17:41:10] [Planner] [INFO] ============================================================
[2026-05-18 17:41:10] [Planner] [INFO] Planner Agent 启动 | 范围: 1786-1790 | 批次: 5
[2026-05-18 17:41:10] [Planner] [INFO] ============================================================
[2026-05-18 17:41:10] [Planner] [INFO] 正在生成第 1786-1790 章大纲...
[2026-05-18 17:41:10] [Planner] [INFO] 大纲已保存到 D:\AiProject\Node\projects\novels7\output\outline_chapters，范围内共 5 章
[2026-05-18 17:41:10] [Planner] [INFO] Planner 全部完成
[2026-05-18 17:41:10] [Planner] [INFO] ============================================================
[2026-05-18 17:41:10] [Planner] [INFO] Planner Agent 启动 | 范围: 1791-1795 | 批次: 5
[2026-05-18 17:41:10] [Planner] [INFO] ============================================================
[2026-05-18 17:41:10] [Planner] [INFO] 正在生成第 1791-1795 章大纲...
[2026-05-18 17:41:10] [Planner] [INFO] ============================================================
[2026-05-18 17:41:10] [Planner] [INFO] Planner Agent 启动 | 范围: 1796-1800 | 批次: 5
[2026-05-18 17:41:10] [Planner] [INFO] ============================================================
[2026-05-18 17:41:10] [Planner] [INFO] 正在生成第 1796-1800 章大纲...
[2026-05-18 17:41:13] [Planner] [INFO] 第 1771-1775 章大纲已生成（5章，保存5章）
[2026-05-18 17:41:13] [Planner] [INFO] 大纲已保存到 D:\AiProject\Node\projects\novels7\output\outline_chapters，范围内共 5 章
[2026-05-18 17:41:13] [Planner] [INFO] Planner 全部完成
[2026-05-18 17:41:16] [Planner] [INFO] 第 1746-1750 章大纲已生成（5章，保存5章）
[2026-05-18 17:41:16] [Planner] [INFO] 大纲已保存到 D:\AiProject\Node\projects\novels7\output\outline_chapters，范围内共 5 章
[2026-05-18 17:41:16] [Planner] [INFO] Planner 全部完成
[2026-05-18 17:41:17] [Planner] [ERROR] 第 1761-1765 章大纲生成失败
[2026-05-18 17:41:17] [Planner] [INFO] 大纲已保存到 D:\AiProject\Node\projects\novels7\output\outline_chapters，范围内共 0 章
[2026-05-18 17:41:17] [Planner] [ERROR] 大纲生成未完成
[2026-05-18 17:41:22] [Planner] [INFO] 第 1731-1735 章大纲已生成（5章，保存5章）
[2026-05-18 17:41:22] [Planner] [INFO] 大纲已保存到 D:\AiProject\Node\projects\novels7\output\outline_chapters，范围内共 5 章
[2026-05-18 17:41:22] [Planner] [INFO] Planner 全部完成
[2026-05-18 17:41:23] [Planner] [INFO] 第 1741-1745 章大纲已生成（0章，保存0章）
[2026-05-18 17:41:23] [Planner] [INFO] 大纲已保存到 D:\AiProject\Node\projects\novels7\output\outline_chapters，范围内共 5 章
[2026-05-18 17:41:23] [Planner] [INFO] Planner 全部完成
[2026-05-18 17:41:41] [Planner] [INFO] 第 1951-1975 章大纲已生成（25章）
[2026-05-18 17:41:41] [Planner] [INFO] 正在生成第 1976-2000 章大纲...
[2026-05-18 17:41:49] [Planner] [INFO] 第 1746-1750 章大纲已生成（5章，保存5章）
[2026-05-18 17:41:49] [Planner] [INFO] 大纲已保存到 D:\AiProject\Node\projects\novels7\output\outline_chapters，范围内共 5 章
[2026-05-18 17:41:49] [Planner] [INFO] Planner 全部完成
[2026-05-18 17:41:51] [Planner] [INFO] 第 1761-1765 章大纲已生成（5章，保存5章）
[2026-05-18 17:41:51] [Planner] [INFO] 大纲已保存到 D:\AiProject\Node\projects\novels7\output\outline_chapters，范围内共 5 章
[2026-05-18 17:41:51] [Planner] [INFO] Planner 全部完成
[2026-05-18 17:41:51] [Planner] [INFO] 第 1776-1780 章大纲已生成（5章，保存5章）
[2026-05-18 17:41:51] [Planner] [INFO] 大纲已保存到 D:\AiProject\Node\projects\novels7\output\outline_chapters，范围内共 5 章
[2026-05-18 17:41:51] [Planner] [INFO] Planner 全部完成
[2026-05-18 17:41:53] [Planner] [INFO] ============================================================
[2026-05-18 17:41:53] [Planner] [INFO] Planner Agent 启动 | 范围: 1761-1765 | 批次: 5
[2026-05-18 17:41:53] [Planner] [INFO] ============================================================
[2026-05-18 17:41:53] [Planner] [INFO] 检测到已有单章大纲，共 5 章，从第 1766 章继续
[2026-05-18 17:41:53] [Planner] [INFO] 大纲已完整，跳过
[2026-05-18 17:41:53] [Planner] [INFO] Planner 全部完成
[2026-05-18 17:41:53] [Planner] [INFO] ============================================================
[2026-05-18 17:41:53] [Planner] [INFO] Planner Agent 启动 | 范围: 1776-1780 | 批次: 5
[2026-05-18 17:41:53] [Planner] [INFO] ============================================================
[2026-05-18 17:41:53] [Planner] [INFO] 检测到已有单章大纲，共 5 章，从第 1781 章继续
[2026-05-18 17:41:53] [Planner] [INFO] 大纲已完整，跳过
[2026-05-18 17:41:53] [Planner] [INFO] Planner 全部完成
[2026-05-18 17:41:53] [Planner] [INFO] ============================================================
[2026-05-18 17:41:53] [Planner] [INFO] Planner Agent 启动 | 范围: 1781-1785 | 批次: 5
[2026-05-18 17:41:53] [Planner] [INFO] ============================================================
[2026-05-18 17:41:53] [Planner] [INFO] 正在生成第 1781-1785 章大纲...
[2026-05-18 17:41:54] [Planner] [INFO] ============================================================
[2026-05-18 17:41:54] [Planner] [INFO] Planner Agent 启动 | 范围: 1786-1790 | 批次: 5
[2026-05-18 17:41:54] [Planner] [INFO] ============================================================
[2026-05-18 17:41:54] [Planner] [INFO] 正在生成第 1786-1790 章大纲...
[2026-05-18 17:41:54] [Planner] [INFO] 第 1791-1795 章大纲已生成（5章，保存5章）
[2026-05-18 17:41:54] [Planner] [INFO] 大纲已保存到 D:\AiProject\Node\projects\novels7\output\outline_chapters，范围内共 5 章
[2026-05-18 17:41:54] [Planner] [INFO] Planner 全部完成
[2026-05-18 17:41:54] [Planner] [INFO] ============================================================
[2026-05-18 17:41:54] [Planner] [INFO] Planner Agent 启动 | 范围: 1791-1795 | 批次: 5
[2026-05-18 17:41:54] [Planner] [INFO] ============================================================
[2026-05-18 17:41:54] [Planner] [INFO] 检测到已有单章大纲，共 5 章，从第 1796 章继续
[2026-05-18 17:41:54] [Planner] [INFO] 大纲已完整，跳过
[2026-05-18 17:41:54] [Planner] [INFO] Planner 全部完成
[2026-05-18 17:41:54] [Planner] [INFO] ============================================================
[2026-05-18 17:41:54] [Planner] [INFO] Planner Agent 启动 | 范围: 1796-1800 | 批次: 5
[2026-05-18 17:41:54] [Planner] [INFO] ============================================================
[2026-05-18 17:41:54] [Planner] [INFO] 正在生成第 1796-1800 章大纲...
[2026-05-18 17:41:55] [Planner] [INFO] ============================================================
[2026-05-18 17:41:55] [Planner] [INFO] Planner Agent 启动 | 范围: 1801-1805 | 批次: 5
[2026-05-18 17:41:55] [Planner] [INFO] ============================================================
[2026-05-18 17:41:55] [Planner] [INFO] 正在生成第 1801-1805 章大纲...
[2026-05-18 17:41:55] [Planner] [INFO] ============================================================
[2026-05-18 17:41:55] [Planner] [INFO] Planner Agent 启动 | 范围: 1806-1810 | 批次: 5
[2026-05-18 17:41:55] [Planner] [INFO] ============================================================
[2026-05-18 17:41:55] [Planner] [INFO] 正在生成第 1806-1810 章大纲...
[2026-05-18 17:41:55] [Planner] [INFO] ============================================================
[2026-05-18 17:41:55] [Planner] [INFO] Planner Agent 启动 | 范围: 1811-1815 | 批次: 5
[2026-05-18 17:41:55] [Planner] [INFO] ============================================================
[2026-05-18 17:41:55] [Planner] [INFO] 正在生成第 1811-1815 章大纲...
[2026-05-18 17:41:55] [Planner] [INFO] ============================================================
[2026-05-18 17:41:55] [Planner] [INFO] Planner Agent 启动 | 范围: 1816-1820 | 批次: 5
[2026-05-18 17:41:55] [Planner] [INFO] ============================================================
[2026-05-18 17:41:55] [Planner] [INFO] 正在生成第 1816-1820 章大纲...
[2026-05-18 17:41:55] [Planner] [INFO] 第 1771-1775 章大纲已生成（5章，保存5章）
[2026-05-18 17:41:55] [Planner] [INFO] 大纲已保存到 D:\AiProject\Node\projects\novels7\output\outline_chapters，范围内共 5 章
[2026-05-18 17:41:55] [Planner] [INFO] Planner 全部完成
[2026-05-18 17:41:57] [Planner] [INFO] 第 1796-1800 章大纲已生成（5章，保存5章）
[2026-05-18 17:41:57] [Planner] [INFO] 大纲已保存到 D:\AiProject\Node\projects\novels7\output\outline_chapters，范围内共 5 章
[2026-05-18 17:41:57] [Planner] [INFO] Planner 全部完成
[2026-05-18 17:41:58] [Planner] [INFO] 第 1766-1770 章大纲已生成（5章，保存5章）
[2026-05-18 17:41:58] [Planner] [INFO] 大纲已保存到 D:\AiProject\Node\projects\novels7\output\outline_chapters，范围内共 5 章
[2026-05-18 17:41:58] [Planner] [INFO] Planner 全部完成
[2026-05-18 17:42:01] [Planner] [INFO] 第 1781-1785 章大纲已生成（5章，保存5章）
[2026-05-18 17:42:01] [Planner] [INFO] 大纲已保存到 D:\AiProject\Node\projects\novels7\output\outline_chapters，范围内共 5 章
[2026-05-18 17:42:01] [Planner] [INFO] Planner 全部完成
[2026-05-18 17:42:04] [Planner] [INFO] 第 1786-1790 章大纲已生成（5章，保存5章）
[2026-05-18 17:42:04] [Planner] [INFO] 大纲已保存到 D:\AiProject\Node\projects\novels7\output\outline_chapters，范围内共 5 章
[2026-05-18 17:42:04] [Planner] [INFO] Planner 全部完成
[2026-05-18 17:42:15] [Planner] [INFO] 第 1951-1975 章大纲已生成（0章）
[2026-05-18 17:42:15] [Planner] [INFO] 正在生成第 1976-2000 章大纲...
[2026-05-18 17:42:32] [Planner] [INFO] 第 1781-1785 章大纲已生成（5章，保存5章）
[2026-05-18 17:42:32] [Planner] [INFO] 大纲已保存到 D:\AiProject\Node\projects\novels7\output\outline_chapters，范围内共 5 章
[2026-05-18 17:42:32] [Planner] [INFO] Planner 全部完成
[2026-05-18 17:42:34] [Planner] [INFO] ============================================================
[2026-05-18 17:42:34] [Planner] [INFO] Planner Agent 启动 | 范围: 1801-1805 | 批次: 5
[2026-05-18 17:42:34] [Planner] [INFO] ============================================================
[2026-05-18 17:42:34] [Planner] [INFO] 正在生成第 1801-1805 章大纲...
[2026-05-18 17:42:35] [Planner] [INFO] ============================================================
[2026-05-18 17:42:35] [Planner] [INFO] Planner Agent 启动 | 范围: 1811-1815 | 批次: 5
[2026-05-18 17:42:35] [Planner] [INFO] ============================================================
[2026-05-18 17:42:35] [Planner] [INFO] 正在生成第 1811-1815 章大纲...
[2026-05-18 17:42:36] [Planner] [INFO] ============================================================
[2026-05-18 17:42:36] [Planner] [INFO] Planner Agent 启动 | 范围: 1816-1820 | 批次: 5
[2026-05-18 17:42:36] [Planner] [INFO] ============================================================
[2026-05-18 17:42:36] [Planner] [INFO] 第 1816-1820 章大纲已生成（5章，保存5章）
[2026-05-18 17:42:36] [Planner] [INFO] 检测到已有单章大纲，共 4 章，从第 1820 章继续
[2026-05-18 17:42:36] [Planner] [INFO] 正在生成第 1820-1820 章大纲...
[2026-05-18 17:42:36] [Planner] [INFO] 大纲已保存到 D:\AiProject\Node\projects\novels7\output\outline_chapters，范围内共 5 章
[2026-05-18 17:42:36] [Planner] [INFO] Planner 全部完成
[2026-05-18 17:42:36] [Planner] [INFO] ============================================================
[2026-05-18 17:42:36] [Planner] [INFO] Planner Agent 启动 | 范围: 1821-1825 | 批次: 5
[2026-05-18 17:42:36] [Planner] [INFO] ============================================================
[2026-05-18 17:42:36] [Planner] [INFO] 正在生成第 1821-1825 章大纲...
[2026-05-18 17:42:38] [Planner] [INFO] ============================================================
[2026-05-18 17:42:38] [Planner] [INFO] Planner Agent 启动 | 范围: 1826-1830 | 批次: 5
[2026-05-18 17:42:38] [Planner] [INFO] ============================================================
[2026-05-18 17:42:38] [Planner] [INFO] 正在生成第 1826-1830 章大纲...
[2026-05-18 17:42:38] [Planner] [INFO] ============================================================
[2026-05-18 17:42:38] [Planner] [INFO] Planner Agent 启动 | 范围: 1806-1810 | 批次: 5
[2026-05-18 17:42:38] [Planner] [INFO] ============================================================
[2026-05-18 17:42:38] [Planner] [INFO] 正在生成第 1806-1810 章大纲...
[2026-05-18 17:42:39] [Planner] [INFO] 第 1801-1805 章大纲已生成（5章，保存5章）
[2026-05-18 17:42:39] [Planner] [INFO] 大纲已保存到 D:\AiProject\Node\projects\novels7\output\outline_chapters，范围内共 5 章
[2026-05-18 17:42:39] [Planner] [INFO] Planner 全部完成
[2026-05-18 17:42:39] [Planner] [INFO] ============================================================
[2026-05-18 17:42:39] [Planner] [INFO] Planner Agent 启动 | 范围: 1831-1835 | 批次: 5
[2026-05-18 17:42:39] [Planner] [INFO] ============================================================
[2026-05-18 17:42:39] [Planner] [INFO] 正在生成第 1831-1835 章大纲...
[2026-05-18 17:42:40] [Planner] [INFO] ============================================================
[2026-05-18 17:42:40] [Planner] [INFO] Planner Agent 启动 | 范围: 1836-1840 | 批次: 5
[2026-05-18 17:42:40] [Planner] [INFO] ============================================================
[2026-05-18 17:42:40] [Planner] [INFO] 正在生成第 1836-1840 章大纲...
[2026-05-18 17:42:40] [Planner] [INFO] ============================================================
[2026-05-18 17:42:40] [Planner] [INFO] Planner Agent 启动 | 范围: 1841-1845 | 批次: 5
[2026-05-18 17:42:40] [Planner] [INFO] ============================================================
[2026-05-18 17:42:40] [Planner] [INFO] 正在生成第 1841-1845 章大纲...
[2026-05-18 17:42:40] [Planner] [INFO] ============================================================
[2026-05-18 17:42:40] [Planner] [INFO] Planner Agent 启动 | 范围: 1846-1850 | 批次: 5
[2026-05-18 17:42:40] [Planner] [INFO] ============================================================
[2026-05-18 17:42:40] [Planner] [INFO] 正在生成第 1846-1850 章大纲...
[2026-05-18 17:42:42] [Planner] [INFO] 第 1811-1815 章大纲已生成（5章，保存5章）
[2026-05-18 17:42:42] [Planner] [INFO] 大纲已保存到 D:\AiProject\Node\projects\novels7\output\outline_chapters，范围内共 5 章
[2026-05-18 17:42:42] [Planner] [INFO] Planner 全部完成
[2026-05-18 17:42:50] [Planner] [INFO] 第 1796-1800 章大纲已生成（5章，保存5章）
[2026-05-18 17:42:50] [Planner] [INFO] 大纲已保存到 D:\AiProject\Node\projects\novels7\output\outline_chapters，范围内共 5 章
[2026-05-18 17:42:50] [Planner] [INFO] Planner 全部完成
[2026-05-18 17:42:55] [Planner] [INFO] 第 1786-1790 章大纲已生成（5章，保存5章）
[2026-05-18 17:42:55] [Planner] [INFO] 大纲已保存到 D:\AiProject\Node\projects\novels7\output\outline_chapters，范围内共 5 章
[2026-05-18 17:42:55] [Planner] [INFO] Planner 全部完成
[2026-05-18 17:42:58] [Planner] [INFO] 第 1806-1810 章大纲已生成（5章，保存5章）
[2026-05-18 17:42:59] [Planner] [INFO] 大纲已保存到 D:\AiProject\Node\projects\novels7\output\outline_chapters，范围内共 5 章
[2026-05-18 17:42:59] [Planner] [INFO] Planner 全部完成
[2026-05-18 17:43:03] [Planner] [INFO] 第 1820-1820 章大纲已生成（1章，保存1章）
[2026-05-18 17:43:03] [Planner] [INFO] 大纲已保存到 D:\AiProject\Node\projects\novels7\output\outline_chapters，范围内共 5 章
[2026-05-18 17:43:03] [Planner] [INFO] Planner 全部完成
[2026-05-18 17:43:16] [Planner] [INFO] 第 1801-1805 章大纲已生成（5章，保存5章）
[2026-05-18 17:43:16] [Planner] [INFO] 大纲已保存到 D:\AiProject\Node\projects\novels7\output\outline_chapters，范围内共 5 章
[2026-05-18 17:43:16] [Planner] [INFO] Planner 全部完成
[2026-05-18 17:43:17] [Planner] [INFO] 第 1806-1810 章大纲已生成（5章，保存5章）
[2026-05-18 17:43:17] [Planner] [INFO] 大纲已保存到 D:\AiProject\Node\projects\novels7\output\outline_chapters，范围内共 5 章
[2026-05-18 17:43:17] [Planner] [INFO] Planner 全部完成
[2026-05-18 17:43:21] [Planner] [INFO] 第 1976-2000 章大纲已生成（25章）
[2026-05-18 17:43:21] [Planner] [INFO] 大纲已保存，共 1725 章
[2026-05-18 17:43:21] [Planner] [ERROR] 大纲生成未完成
[2026-05-18 17:43:23] [Planner] [INFO] 第 1826-1830 章大纲已生成（5章，保存5章）
[2026-05-18 17:43:23] [Planner] [INFO] 大纲已保存到 D:\AiProject\Node\projects\novels7\output\outline_chapters，范围内共 5 章
[2026-05-18 17:43:23] [Planner] [INFO] Planner 全部完成
[2026-05-18 17:43:25] [Planner] [INFO] 第 1836-1840 章大纲已生成（5章，保存5章）
[2026-05-18 17:43:25] [Planner] [INFO] 大纲已保存到 D:\AiProject\Node\projects\novels7\output\outline_chapters，范围内共 5 章
[2026-05-18 17:43:25] [Planner] [INFO] Planner 全部完成
[2026-05-18 17:43:26] [Planner] [INFO] 第 1841-1845 章大纲已生成（5章，保存5章）
[2026-05-18 17:43:26] [Planner] [INFO] 大纲已保存到 D:\AiProject\Node\projects\novels7\output\outline_chapters，范围内共 5 章
[2026-05-18 17:43:26] [Planner] [INFO] Planner 全部完成
[2026-05-18 17:43:26] [Planner] [INFO] 第 1811-1815 章大纲已生成（5章，保存5章）
[2026-05-18 17:43:26] [Planner] [INFO] 大纲已保存到 D:\AiProject\Node\projects\novels7\output\outline_chapters，范围内共 5 章
[2026-05-18 17:43:26] [Planner] [INFO] Planner 全部完成
[2026-05-18 17:43:28] [Planner] [INFO] 第 1821-1825 章大纲已生成（5章，保存5章）
[2026-05-18 17:43:28] [Planner] [INFO] 大纲已保存到 D:\AiProject\Node\projects\novels7\output\outline_chapters，范围内共 5 章
[2026-05-18 17:43:28] [Planner] [INFO] Planner 全部完成
[2026-05-18 17:43:29] [Planner] [INFO] 第 1831-1835 章大纲已生成（5章，保存5章）
[2026-05-18 17:43:29] [Planner] [INFO] 大纲已保存到 D:\AiProject\Node\projects\novels7\output\outline_chapters，范围内共 5 章
[2026-05-18 17:43:29] [Planner] [INFO] Planner 全部完成
[2026-05-18 17:43:32] [Planner] [INFO] 第 1846-1850 章大纲已生成（5章，保存5章）
[2026-05-18 17:43:32] [Planner] [INFO] 大纲已保存到 D:\AiProject\Node\projects\novels7\output\outline_chapters，范围内共 5 章
[2026-05-18 17:43:32] [Planner] [INFO] Planner 全部完成
[2026-05-18 17:44:00] [Planner] [INFO] 第 1976-2000 章大纲已生成（25章）
[2026-05-18 17:44:00] [Planner] [INFO] 大纲已保存，共 1050 章
[2026-05-18 17:44:00] [Planner] [ERROR] 大纲生成未完成
[2026-05-18 17:45:15] [Planner] [INFO] ============================================================
[2026-05-18 17:45:15] [Planner] [INFO] Planner Agent 启动 | 范围: 1891-1895 | 批次: 5
[2026-05-18 17:45:15] [Planner] [INFO] ============================================================
[2026-05-18 17:45:15] [Planner] [INFO] 正在生成第 1891-1895 章大纲...
[2026-05-18 17:45:15] [Planner] [INFO] ============================================================
[2026-05-18 17:45:15] [Planner] [INFO] Planner Agent 启动 | 范围: 1886-1890 | 批次: 5
[2026-05-18 17:45:15] [Planner] [INFO] ============================================================
[2026-05-18 17:45:15] [Planner] [INFO] 正在生成第 1886-1890 章大纲...
[2026-05-18 17:45:15] [Planner] [INFO] ============================================================
[2026-05-18 17:45:15] [Planner] [INFO] Planner Agent 启动 | 范围: 1851-1855 | 批次: 5
[2026-05-18 17:45:15] [Planner] [INFO] ============================================================
[2026-05-18 17:45:15] [Planner] [INFO] 正在生成第 1851-1855 章大纲...
[2026-05-18 17:45:16] [Planner] [INFO] ============================================================
[2026-05-18 17:45:16] [Planner] [INFO] Planner Agent 启动 | 范围: 1856-1860 | 批次: 5
[2026-05-18 17:45:16] [Planner] [INFO] ============================================================
[2026-05-18 17:45:16] [Planner] [INFO] 正在生成第 1856-1860 章大纲...
[2026-05-18 17:45:16] [Planner] [INFO] ============================================================
[2026-05-18 17:45:16] [Planner] [INFO] Planner Agent 启动 | 范围: 1881-1885 | 批次: 5
[2026-05-18 17:45:16] [Planner] [INFO] ============================================================
[2026-05-18 17:45:16] [Planner] [INFO] 正在生成第 1881-1885 章大纲...
[2026-05-18 17:45:16] [Planner] [INFO] ============================================================
[2026-05-18 17:45:16] [Planner] [INFO] Planner Agent 启动 | 范围: 1866-1870 | 批次: 5
[2026-05-18 17:45:16] [Planner] [INFO] ============================================================
[2026-05-18 17:45:16] [Planner] [INFO] 正在生成第 1866-1870 章大纲...
[2026-05-18 17:45:16] [Planner] [INFO] ============================================================
[2026-05-18 17:45:16] [Planner] [INFO] Planner Agent 启动 | 范围: 1871-1875 | 批次: 5
[2026-05-18 17:45:16] [Planner] [INFO] ============================================================
[2026-05-18 17:45:16] [Planner] [INFO] 正在生成第 1871-1875 章大纲...
[2026-05-18 17:45:16] [Planner] [INFO] ============================================================
[2026-05-18 17:45:16] [Planner] [INFO] Planner Agent 启动 | 范围: 1876-1880 | 批次: 5
[2026-05-18 17:45:16] [Planner] [INFO] ============================================================
[2026-05-18 17:45:16] [Planner] [INFO] 正在生成第 1876-1880 章大纲...
[2026-05-18 17:45:16] [Planner] [INFO] ============================================================
[2026-05-18 17:45:16] [Planner] [INFO] Planner Agent 启动 | 范围: 1896-1900 | 批次: 5
[2026-05-18 17:45:16] [Planner] [INFO] ============================================================
[2026-05-18 17:45:16] [Planner] [INFO] 正在生成第 1896-1900 章大纲...
[2026-05-18 17:45:17] [Planner] [INFO] ============================================================
[2026-05-18 17:45:17] [Planner] [INFO] Planner Agent 启动 | 范围: 1861-1865 | 批次: 5
[2026-05-18 17:45:17] [Planner] [INFO] ============================================================
[2026-05-18 17:45:17] [Planner] [INFO] 正在生成第 1861-1865 章大纲...
[2026-05-18 17:45:57] [Planner] [INFO] 第 1891-1895 章大纲已生成（5章，保存5章）
[2026-05-18 17:45:57] [Planner] [INFO] 大纲已保存到 D:\AiProject\Node\projects\novels7\output\outline_chapters，范围内共 5 章
[2026-05-18 17:45:57] [Planner] [INFO] Planner 全部完成
[2026-05-18 17:45:58] [Planner] [INFO] 第 1896-1900 章大纲已生成（5章，保存5章）
[2026-05-18 17:45:58] [Planner] [INFO] 大纲已保存到 D:\AiProject\Node\projects\novels7\output\outline_chapters，范围内共 5 章
[2026-05-18 17:45:58] [Planner] [INFO] Planner 全部完成
[2026-05-18 17:45:58] [Planner] [INFO] 第 1866-1870 章大纲已生成（5章，保存5章）
[2026-05-18 17:45:58] [Planner] [INFO] 大纲已保存到 D:\AiProject\Node\projects\novels7\output\outline_chapters，范围内共 5 章
[2026-05-18 17:45:58] [Planner] [INFO] Planner 全部完成
[2026-05-18 17:46:00] [Planner] [INFO] 第 1886-1890 章大纲已生成（5章，保存5章）
[2026-05-18 17:46:00] [Planner] [INFO] 大纲已保存到 D:\AiProject\Node\projects\novels7\output\outline_chapters，范围内共 5 章
[2026-05-18 17:46:00] [Planner] [INFO] Planner 全部完成
[2026-05-18 17:46:01] [Planner] [INFO] 第 1861-1865 章大纲已生成（5章，保存5章）
[2026-05-18 17:46:01] [Planner] [INFO] 大纲已保存到 D:\AiProject\Node\projects\novels7\output\outline_chapters，范围内共 5 章
[2026-05-18 17:46:01] [Planner] [INFO] Planner 全部完成
[2026-05-18 17:46:03] [Planner] [INFO] 第 1851-1855 章大纲已生成（5章，保存5章）
[2026-05-18 17:46:03] [Planner] [INFO] 大纲已保存到 D:\AiProject\Node\projects\novels7\output\outline_chapters，范围内共 5 章
[2026-05-18 17:46:03] [Planner] [INFO] Planner 全部完成
[2026-05-18 17:46:06] [Planner] [INFO] 第 1876-1880 章大纲已生成（5章，保存5章）
[2026-05-18 17:46:06] [Planner] [INFO] 大纲已保存到 D:\AiProject\Node\projects\novels7\output\outline_chapters，范围内共 5 章
[2026-05-18 17:46:06] [Planner] [INFO] Planner 全部完成
[2026-05-18 17:46:07] [Planner] [INFO] 第 1856-1860 章大纲已生成（5章，保存5章）
[2026-05-18 17:46:07] [Planner] [INFO] 大纲已保存到 D:\AiProject\Node\projects\novels7\output\outline_chapters，范围内共 5 章
[2026-05-18 17:46:07] [Planner] [INFO] Planner 全部完成
[2026-05-18 17:46:07] [Planner] [INFO] 第 1881-1885 章大纲已生成（5章，保存5章）
[2026-05-18 17:46:07] [Planner] [INFO] 大纲已保存到 D:\AiProject\Node\projects\novels7\output\outline_chapters，范围内共 5 章
[2026-05-18 17:46:07] [Planner] [INFO] Planner 全部完成
[2026-05-18 17:46:15] [Planner] [INFO] 第 1871-1875 章大纲已生成（5章，保存5章）
[2026-05-18 17:46:15] [Planner] [INFO] 大纲已保存到 D:\AiProject\Node\projects\novels7\output\outline_chapters，范围内共 5 章
[2026-05-18 17:46:15] [Planner] [INFO] Planner 全部完成
[2026-05-18 17:48:08] [Planner] [INFO] ============================================================
[2026-05-18 17:48:08] [Planner] [INFO] Planner Agent 启动 | 范围: 1966-1970 | 批次: 5
[2026-05-18 17:48:08] [Planner] [INFO] ============================================================
[2026-05-18 17:48:08] [Planner] [INFO] 正在生成第 1966-1970 章大纲...
[2026-05-18 17:48:08] [Planner] [INFO] ============================================================
[2026-05-18 17:48:08] [Planner] [INFO] Planner Agent 启动 | 范围: 1926-1930 | 批次: 5
[2026-05-18 17:48:08] [Planner] [INFO] ============================================================
[2026-05-18 17:48:08] [Planner] [INFO] 正在生成第 1926-1930 章大纲...
[2026-05-18 17:48:08] [Planner] [INFO] ============================================================
[2026-05-18 17:48:08] [Planner] [INFO] Planner Agent 启动 | 范围: 1996-2000 | 批次: 5
[2026-05-18 17:48:08] [Planner] [INFO] ============================================================
[2026-05-18 17:48:08] [Planner] [INFO] 正在生成第 1996-2000 章大纲...
[2026-05-18 17:48:09] [Planner] [INFO] ============================================================
[2026-05-18 17:48:09] [Planner] [INFO] Planner Agent 启动 | 范围: 1901-1905 | 批次: 5
[2026-05-18 17:48:09] [Planner] [INFO] ============================================================
[2026-05-18 17:48:09] [Planner] [INFO] 正在生成第 1901-1905 章大纲...
[2026-05-18 17:48:09] [Planner] [INFO] ============================================================
[2026-05-18 17:48:09] [Planner] [INFO] Planner Agent 启动 | 范围: 1916-1920 | 批次: 5
[2026-05-18 17:48:09] [Planner] [INFO] ============================================================
[2026-05-18 17:48:09] [Planner] [INFO] 正在生成第 1916-1920 章大纲...
[2026-05-18 17:48:09] [Planner] [INFO] ============================================================
[2026-05-18 17:48:09] [Planner] [INFO] Planner Agent 启动 | 范围: 1951-1955 | 批次: 5
[2026-05-18 17:48:09] [Planner] [INFO] ============================================================
[2026-05-18 17:48:09] [Planner] [INFO] 正在生成第 1951-1955 章大纲...
[2026-05-18 17:48:09] [Planner] [INFO] ============================================================
[2026-05-18 17:48:09] [Planner] [INFO] Planner Agent 启动 | 范围: 1936-1940 | 批次: 5
[2026-05-18 17:48:09] [Planner] [INFO] ============================================================
[2026-05-18 17:48:09] [Planner] [INFO] ============================================================
[2026-05-18 17:48:09] [Planner] [INFO] Planner Agent 启动 | 范围: 1976-1980 | 批次: 5
[2026-05-18 17:48:09] [Planner] [INFO] ============================================================
[2026-05-18 17:48:09] [Planner] [INFO] 正在生成第 1936-1940 章大纲...
[2026-05-18 17:48:09] [Planner] [INFO] 正在生成第 1976-1980 章大纲...
[2026-05-18 17:48:09] [Planner] [INFO] ============================================================
[2026-05-18 17:48:09] [Planner] [INFO] Planner Agent 启动 | 范围: 1981-1985 | 批次: 5
[2026-05-18 17:48:09] [Planner] [INFO] ============================================================
[2026-05-18 17:48:09] [Planner] [INFO] 正在生成第 1981-1985 章大纲...
[2026-05-18 17:48:09] [Planner] [INFO] ============================================================
[2026-05-18 17:48:09] [Planner] [INFO] Planner Agent 启动 | 范围: 1991-1995 | 批次: 5
[2026-05-18 17:48:09] [Planner] [INFO] ============================================================
[2026-05-18 17:48:09] [Planner] [INFO] 正在生成第 1991-1995 章大纲...
[2026-05-18 17:48:09] [Planner] [INFO] ============================================================
[2026-05-18 17:48:09] [Planner] [INFO] Planner Agent 启动 | 范围: 1971-1975 | 批次: 5
[2026-05-18 17:48:09] [Planner] [INFO] ============================================================
[2026-05-18 17:48:09] [Planner] [INFO] 正在生成第 1971-1975 章大纲...
[2026-05-18 17:48:10] [Planner] [INFO] ============================================================
[2026-05-18 17:48:10] [Planner] [INFO] Planner Agent 启动 | 范围: 1986-1990 | 批次: 5
[2026-05-18 17:48:10] [Planner] [INFO] ============================================================
[2026-05-18 17:48:10] [Planner] [INFO] ============================================================
[2026-05-18 17:48:10] [Planner] [INFO] Planner Agent 启动 | 范围: 1941-1945 | 批次: 5
[2026-05-18 17:48:10] [Planner] [INFO] ============================================================
[2026-05-18 17:48:10] [Planner] [INFO] 正在生成第 1986-1990 章大纲...
[2026-05-18 17:48:10] [Planner] [INFO] 正在生成第 1941-1945 章大纲...
[2026-05-18 17:48:10] [Planner] [INFO] ============================================================
[2026-05-18 17:48:10] [Planner] [INFO] Planner Agent 启动 | 范围: 1946-1950 | 批次: 5
[2026-05-18 17:48:10] [Planner] [INFO] ============================================================
[2026-05-18 17:48:10] [Planner] [INFO] 正在生成第 1946-1950 章大纲...
[2026-05-18 17:48:10] [Planner] [INFO] ============================================================
[2026-05-18 17:48:10] [Planner] [INFO] Planner Agent 启动 | 范围: 1956-1960 | 批次: 5
[2026-05-18 17:48:10] [Planner] [INFO] ============================================================
[2026-05-18 17:48:10] [Planner] [INFO] ============================================================
[2026-05-18 17:48:10] [Planner] [INFO] Planner Agent 启动 | 范围: 1911-1915 | 批次: 5
[2026-05-18 17:48:10] [Planner] [INFO] ============================================================
[2026-05-18 17:48:10] [Planner] [INFO] 正在生成第 1956-1960 章大纲...
[2026-05-18 17:48:10] [Planner] [INFO] 正在生成第 1911-1915 章大纲...
[2026-05-18 17:48:10] [Planner] [INFO] ============================================================
[2026-05-18 17:48:10] [Planner] [INFO] Planner Agent 启动 | 范围: 1906-1910 | 批次: 5
[2026-05-18 17:48:10] [Planner] [INFO] ============================================================
[2026-05-18 17:48:10] [Planner] [INFO] 正在生成第 1906-1910 章大纲...
[2026-05-18 17:48:10] [Planner] [INFO] ============================================================
[2026-05-18 17:48:10] [Planner] [INFO] Planner Agent 启动 | 范围: 1931-1935 | 批次: 5
[2026-05-18 17:48:10] [Planner] [INFO] ============================================================
[2026-05-18 17:48:10] [Planner] [INFO] 正在生成第 1931-1935 章大纲...
[2026-05-18 17:48:10] [Planner] [INFO] ============================================================
[2026-05-18 17:48:10] [Planner] [INFO] Planner Agent 启动 | 范围: 1961-1965 | 批次: 5
[2026-05-18 17:48:10] [Planner] [INFO] ============================================================
[2026-05-18 17:48:10] [Planner] [INFO] ============================================================
[2026-05-18 17:48:10] [Planner] [INFO] Planner Agent 启动 | 范围: 1921-1925 | 批次: 5
[2026-05-18 17:48:10] [Planner] [INFO] ============================================================
[2026-05-18 17:48:10] [Planner] [INFO] 正在生成第 1961-1965 章大纲...
[2026-05-18 17:48:10] [Planner] [INFO] 正在生成第 1921-1925 章大纲...
[2026-05-18 17:48:47] [Planner] [INFO] 第 1981-1985 章大纲已生成（5章，保存5章）
[2026-05-18 17:48:47] [Planner] [INFO] 大纲已保存到 D:\AiProject\Node\projects\novels7\output\outline_chapters，范围内共 5 章
[2026-05-18 17:48:47] [Planner] [INFO] Planner 全部完成
[2026-05-18 17:48:47] [Planner] [INFO] 第 1961-1965 章大纲已生成（5章，保存5章）
[2026-05-18 17:48:47] [Planner] [INFO] 大纲已保存到 D:\AiProject\Node\projects\novels7\output\outline_chapters，范围内共 5 章
[2026-05-18 17:48:47] [Planner] [INFO] Planner 全部完成
[2026-05-18 17:48:48] [Planner] [INFO] 第 1971-1975 章大纲已生成（5章，保存5章）
[2026-05-18 17:48:48] [Planner] [INFO] 大纲已保存到 D:\AiProject\Node\projects\novels7\output\outline_chapters，范围内共 5 章
[2026-05-18 17:48:48] [Planner] [INFO] Planner 全部完成
[2026-05-18 17:48:48] [Planner] [INFO] 第 1966-1970 章大纲已生成（5章，保存5章）
[2026-05-18 17:48:48] [Planner] [INFO] 大纲已保存到 D:\AiProject\Node\projects\novels7\output\outline_chapters，范围内共 5 章
[2026-05-18 17:48:48] [Planner] [INFO] Planner 全部完成
[2026-05-18 17:48:49] [Planner] [INFO] 第 1921-1925 章大纲已生成（5章，保存5章）
[2026-05-18 17:48:49] [Planner] [INFO] 大纲已保存到 D:\AiProject\Node\projects\novels7\output\outline_chapters，范围内共 5 章
[2026-05-18 17:48:49] [Planner] [INFO] Planner 全部完成
[2026-05-18 17:48:50] [Planner] [INFO] 第 1911-1915 章大纲已生成（5章，保存5章）
[2026-05-18 17:48:50] [Planner] [INFO] 大纲已保存到 D:\AiProject\Node\projects\novels7\output\outline_chapters，范围内共 5 章
[2026-05-18 17:48:50] [Planner] [INFO] Planner 全部完成
[2026-05-18 17:48:52] [Planner] [INFO] 第 1926-1930 章大纲已生成（5章，保存5章）
[2026-05-18 17:48:52] [Planner] [INFO] 大纲已保存到 D:\AiProject\Node\projects\novels7\output\outline_chapters，范围内共 5 章
[2026-05-18 17:48:52] [Planner] [INFO] Planner 全部完成
[2026-05-18 17:48:54] [Planner] [INFO] 第 1931-1935 章大纲已生成（5章，保存5章）
[2026-05-18 17:48:54] [Planner] [INFO] 大纲已保存到 D:\AiProject\Node\projects\novels7\output\outline_chapters，范围内共 5 章
[2026-05-18 17:48:54] [Planner] [INFO] Planner 全部完成
[2026-05-18 17:48:55] [Planner] [INFO] 第 1991-1995 章大纲已生成（5章，保存5章）
[2026-05-18 17:48:55] [Planner] [INFO] 大纲已保存到 D:\AiProject\Node\projects\novels7\output\outline_chapters，范围内共 5 章
[2026-05-18 17:48:55] [Planner] [INFO] Planner 全部完成
[2026-05-18 17:48:55] [Planner] [INFO] 第 1946-1950 章大纲已生成（5章，保存5章）
[2026-05-18 17:48:55] [Planner] [INFO] 大纲已保存到 D:\AiProject\Node\projects\novels7\output\outline_chapters，范围内共 5 章
[2026-05-18 17:48:55] [Planner] [INFO] Planner 全部完成
[2026-05-18 17:48:55] [Planner] [INFO] 第 1951-1955 章大纲已生成（5章，保存5章）
[2026-05-18 17:48:55] [Planner] [INFO] 大纲已保存到 D:\AiProject\Node\projects\novels7\output\outline_chapters，范围内共 5 章
[2026-05-18 17:48:55] [Planner] [INFO] Planner 全部完成
[2026-05-18 17:48:56] [Planner] [INFO] 第 1996-2000 章大纲已生成（5章，保存5章）
[2026-05-18 17:48:56] [Planner] [INFO] 大纲已保存到 D:\AiProject\Node\projects\novels7\output\outline_chapters，范围内共 5 章
[2026-05-18 17:48:56] [Planner] [INFO] Planner 全部完成
[2026-05-18 17:48:57] [Planner] [INFO] 第 1976-1980 章大纲已生成（5章，保存5章）
[2026-05-18 17:48:57] [Planner] [INFO] 大纲已保存到 D:\AiProject\Node\projects\novels7\output\outline_chapters，范围内共 5 章
[2026-05-18 17:48:57] [Planner] [INFO] Planner 全部完成
[2026-05-18 17:48:58] [Planner] [INFO] 第 1906-1910 章大纲已生成（5章，保存5章）
[2026-05-18 17:48:58] [Planner] [INFO] 大纲已保存到 D:\AiProject\Node\projects\novels7\output\outline_chapters，范围内共 5 章
[2026-05-18 17:48:58] [Planner] [INFO] Planner 全部完成
[2026-05-18 17:48:59] [Planner] [INFO] 第 1901-1905 章大纲已生成（5章，保存5章）
[2026-05-18 17:48:59] [Planner] [INFO] 大纲已保存到 D:\AiProject\Node\projects\novels7\output\outline_chapters，范围内共 5 章
[2026-05-18 17:48:59] [Planner] [INFO] Planner 全部完成
[2026-05-18 17:49:00] [Planner] [INFO] 第 1986-1990 章大纲已生成（5章，保存5章）
[2026-05-18 17:49:00] [Planner] [INFO] 大纲已保存到 D:\AiProject\Node\projects\novels7\output\outline_chapters，范围内共 5 章
[2026-05-18 17:49:00] [Planner] [INFO] Planner 全部完成
[2026-05-18 17:49:01] [Planner] [INFO] 第 1916-1920 章大纲已生成（5章，保存5章）
[2026-05-18 17:49:01] [Planner] [INFO] 大纲已保存到 D:\AiProject\Node\projects\novels7\output\outline_chapters，范围内共 5 章
[2026-05-18 17:49:01] [Planner] [INFO] Planner 全部完成
[2026-05-18 17:49:05] [Planner] [INFO] 第 1956-1960 章大纲已生成（5章，保存5章）
[2026-05-18 17:49:05] [Planner] [INFO] 大纲已保存到 D:\AiProject\Node\projects\novels7\output\outline_chapters，范围内共 5 章
[2026-05-18 17:49:05] [Planner] [INFO] Planner 全部完成
[2026-05-18 17:49:05] [Planner] [INFO] 第 1936-1940 章大纲已生成（5章，保存5章）
[2026-05-18 17:49:05] [Planner] [INFO] 大纲已保存到 D:\AiProject\Node\projects\novels7\output\outline_chapters，范围内共 5 章
[2026-05-18 17:49:05] [Planner] [INFO] Planner 全部完成
[2026-05-18 17:49:06] [Planner] [INFO] 第 1941-1945 章大纲已生成（5章，保存5章）
[2026-05-18 17:49:06] [Planner] [INFO] 大纲已保存到 D:\AiProject\Node\projects\novels7\output\outline_chapters，范围内共 5 章
[2026-05-18 17:49:06] [Planner] [INFO] Planner 全部完成
