[2026-05-18 20:43:37] [Reviewer] [INFO] ============================================================
[2026-05-18 20:43:37] [Reviewer] [INFO] Reviewer Agent 启动
[2026-05-18 20:43:37] [Reviewer] [INFO] ============================================================
[2026-05-18 20:43:37] [Reviewer] [INFO] ============================================================
[2026-05-18 20:43:37] [Reviewer] [INFO] Reviewer Agent 启动
[2026-05-18 20:43:37] [Reviewer] [INFO] ============================================================
[2026-05-18 20:43:37] [Reviewer] [INFO] 正在审查第7章...
[2026-05-18 20:43:37] [Reviewer] [INFO] 正在审查第5章...
[2026-05-18 20:43:37] [Reviewer] [INFO] ============================================================
[2026-05-18 20:43:37] [Reviewer] [INFO] Reviewer Agent 启动
[2026-05-18 20:43:37] [Reviewer] [INFO] ============================================================
[2026-05-18 20:43:37] [Reviewer] [INFO] 正在审查第3章...
[2026-05-18 20:43:37] [Reviewer] [INFO] ============================================================
[2026-05-18 20:43:37] [Reviewer] [INFO] Reviewer Agent 启动
[2026-05-18 20:43:37] [Reviewer] [INFO] ============================================================
[2026-05-18 20:43:37] [Reviewer] [INFO] 正在审查第13章...
[2026-05-18 20:43:37] [Reviewer] [INFO] ============================================================
[2026-05-18 20:43:37] [Reviewer] [INFO] Reviewer Agent 启动
[2026-05-18 20:43:37] [Reviewer] [INFO] ============================================================
[2026-05-18 20:43:37] [Reviewer] [INFO] ============================================================
[2026-05-18 20:43:37] [Reviewer] [INFO] Reviewer Agent 启动
[2026-05-18 20:43:37] [Reviewer] [INFO] ============================================================
[2026-05-18 20:43:37] [Reviewer] [INFO] ============================================================
[2026-05-18 20:43:37] [Reviewer] [INFO] Reviewer Agent 启动
[2026-05-18 20:43:37] [Reviewer] [INFO] ============================================================
[2026-05-18 20:43:37] [Reviewer] [INFO] 正在审查第11章...
[2026-05-18 20:43:37] [Reviewer] [INFO] ============================================================
[2026-05-18 20:43:37] [Reviewer] [INFO] Reviewer Agent 启动
[2026-05-18 20:43:37] [Reviewer] [INFO] ============================================================
[2026-05-18 20:43:37] [Reviewer] [INFO] Reviewer Agent 启动
[2026-05-18 20:43:37] [Reviewer] [INFO] ============================================================
[2026-05-18 20:43:37] [Reviewer] [INFO] ============================================================
[2026-05-18 20:43:37] [Reviewer] [INFO] ============================================================
[2026-05-18 20:43:37] [Reviewer] [INFO] Reviewer Agent 启动
[2026-05-18 20:43:37] [Reviewer] [INFO] ============================================================
[2026-05-18 20:43:37] [Reviewer] [INFO] 正在审查第9章...
[2026-05-18 20:43:37] [Reviewer] [INFO] ============================================================
[2026-05-18 20:43:37] [Reviewer] [INFO] Reviewer Agent 启动
[2026-05-18 20:43:37] [Reviewer] [INFO] ============================================================
[2026-05-18 20:43:37] [Reviewer] [INFO] ============================================================
[2026-05-18 20:43:37] [Reviewer] [INFO] Reviewer Agent 启动
[2026-05-18 20:43:37] [Reviewer] [INFO] ============================================================
[2026-05-18 20:43:37] [Reviewer] [INFO] 正在审查第25章...
[2026-05-18 20:43:37] [Reviewer] [INFO] 正在审查第19章...
[2026-05-18 20:43:37] [Reviewer] [INFO] ============================================================
[2026-05-18 20:43:37] [Reviewer] [INFO] Reviewer Agent 启动
[2026-05-18 20:43:37] [Reviewer] [INFO] ============================================================
[2026-05-18 20:43:37] [Reviewer] [INFO] 正在审查第21章...
[2026-05-18 20:43:37] [Reviewer] [INFO] 正在审查第1章...
[2026-05-18 20:43:37] [Reviewer] [INFO] 正在审查第23章...
[2026-05-18 20:43:37] [Reviewer] [INFO] ============================================================
[2026-05-18 20:43:37] [Reviewer] [INFO] Reviewer Agent 启动
[2026-05-18 20:43:37] [Reviewer] [INFO] ============================================================
[2026-05-18 20:43:37] [Reviewer] [INFO] 正在审查第17章...
[2026-05-18 20:43:37] [Reviewer] [INFO] ============================================================
[2026-05-18 20:43:37] [Reviewer] [INFO] Reviewer Agent 启动
[2026-05-18 20:43:37] [Reviewer] [INFO] ============================================================
[2026-05-18 20:43:37] [Reviewer] [INFO] 正在审查第37章...
[2026-05-18 20:43:37] [Reviewer] [INFO] ============================================================
[2026-05-18 20:43:37] [Reviewer] [INFO] Reviewer Agent 启动
[2026-05-18 20:43:37] [Reviewer] [INFO] ============================================================
[2026-05-18 20:43:37] [Reviewer] [INFO] 正在审查第31章...
[2026-05-18 20:43:37] [Reviewer] [INFO] ============================================================
[2026-05-18 20:43:37] [Reviewer] [INFO] Reviewer Agent 启动
[2026-05-18 20:43:37] [Reviewer] [INFO] ============================================================
[2026-05-18 20:43:37] [Reviewer] [INFO] ============================================================
[2026-05-18 20:43:37] [Reviewer] [INFO] Reviewer Agent 启动
[2026-05-18 20:43:37] [Reviewer] [INFO] ============================================================
[2026-05-18 20:43:37] [Reviewer] [INFO] 正在审查第33章...
[2026-05-18 20:43:37] [Reviewer] [INFO] ============================================================
[2026-05-18 20:43:37] [Reviewer] [INFO] Reviewer Agent 启动
[2026-05-18 20:43:37] [Reviewer] [INFO] ============================================================
[2026-05-18 20:43:37] [Reviewer] [INFO] ============================================================
[2026-05-18 20:43:37] [Reviewer] [INFO] Reviewer Agent 启动
[2026-05-18 20:43:37] [Reviewer] [INFO] ============================================================
[2026-05-18 20:43:37] [Reviewer] [INFO] 正在审查第39章...
[2026-05-18 20:43:37] [Reviewer] [INFO] 正在审查第29章...
[2026-05-18 20:43:37] [Reviewer] [INFO] 正在审查第27章...
[2026-05-18 20:43:37] [Reviewer] [INFO] 正在审查第35章...
[2026-05-18 20:43:53] [Reviewer] [INFO] 第11章审查完成：评分 8.2， verdict: 通过
[2026-05-18 20:43:53] [Reviewer] [INFO] 结果: success
[2026-05-18 20:43:54] [Reviewer] [INFO] ============================================================
[2026-05-18 20:43:54] [Reviewer] [INFO] Reviewer Agent 启动
[2026-05-18 20:43:54] [Reviewer] [INFO] ============================================================
[2026-05-18 20:43:54] [Reviewer] [INFO] 正在审查第12章...
[2026-05-18 20:43:56] [Reviewer] [INFO] 第35章审查完成：评分 8.2， verdict: 通过
[2026-05-18 20:43:56] [Reviewer] [INFO] 结果: success
[2026-05-18 20:43:56] [Reviewer] [INFO] ============================================================
[2026-05-18 20:43:56] [Reviewer] [INFO] Reviewer Agent 启动
[2026-05-18 20:43:56] [Reviewer] [INFO] ============================================================
[2026-05-18 20:43:56] [Reviewer] [INFO] 正在审查第36章...
[2026-05-18 20:43:56] [Reviewer] [INFO] 第23章审查完成：评分 8.0， verdict: 通过
[2026-05-18 20:43:56] [Reviewer] [INFO] 结果: success
[2026-05-18 20:43:56] [Reviewer] [INFO] ============================================================
[2026-05-18 20:43:56] [Reviewer] [INFO] Reviewer Agent 启动
[2026-05-18 20:43:56] [Reviewer] [INFO] ============================================================
[2026-05-18 20:43:56] [Reviewer] [INFO] 正在审查第24章...
[2026-05-18 20:43:57] [Reviewer] [INFO] 第3章审查完成：评分 8.0， verdict: 通过
[2026-05-18 20:43:57] [Reviewer] [INFO] 结果: success
[2026-05-18 20:43:57] [Reviewer] [INFO] 第21章审查完成：评分 8.2， verdict: 通过
[2026-05-18 20:43:57] [Reviewer] [INFO] 结果: success
[2026-05-18 20:43:57] [Reviewer] [INFO] ============================================================
[2026-05-18 20:43:57] [Reviewer] [INFO] Reviewer Agent 启动
[2026-05-18 20:43:57] [Reviewer] [INFO] ============================================================
[2026-05-18 20:43:57] [Reviewer] [INFO] 正在审查第4章...
[2026-05-18 20:43:57] [Reviewer] [INFO] ============================================================
[2026-05-18 20:43:57] [Reviewer] [INFO] Reviewer Agent 启动
[2026-05-18 20:43:57] [Reviewer] [INFO] ============================================================
[2026-05-18 20:43:57] [Reviewer] [INFO] 正在审查第22章...
[2026-05-18 20:43:58] [Reviewer] [INFO] 第5章审查完成：评分 8.1， verdict: 通过
[2026-05-18 20:43:58] [Reviewer] [INFO] 结果: success
[2026-05-18 20:43:58] [Reviewer] [INFO] ============================================================
[2026-05-18 20:43:58] [Reviewer] [INFO] Reviewer Agent 启动
[2026-05-18 20:43:58] [Reviewer] [INFO] ============================================================
[2026-05-18 20:43:58] [Reviewer] [INFO] 正在审查第6章...
[2026-05-18 20:43:59] [Reviewer] [INFO] 第29章审查完成：评分 8.2， verdict: 通过
[2026-05-18 20:43:59] [Reviewer] [INFO] 结果: success
[2026-05-18 20:43:59] [Reviewer] [INFO] ============================================================
[2026-05-18 20:43:59] [Reviewer] [INFO] Reviewer Agent 启动
[2026-05-18 20:43:59] [Reviewer] [INFO] ============================================================
[2026-05-18 20:43:59] [Reviewer] [INFO] 正在审查第30章...
[2026-05-18 20:44:00] [Reviewer] [INFO] 第7章审查完成：评分 7.7， verdict: 通过
[2026-05-18 20:44:00] [Reviewer] [INFO] 结果: success
[2026-05-18 20:44:00] [Reviewer] [INFO] ============================================================
[2026-05-18 20:44:00] [Reviewer] [INFO] Reviewer Agent 启动
[2026-05-18 20:44:00] [Reviewer] [INFO] ============================================================
[2026-05-18 20:44:00] [Reviewer] [INFO] 正在审查第8章...
[2026-05-18 20:44:01] [Reviewer] [INFO] 第39章审查完成：评分 7.6， verdict: 需修改
[2026-05-18 20:44:01] [Reviewer] [INFO] 结果: success
[2026-05-18 20:44:01] [Reviewer] [INFO] 第25章审查完成：评分 7.8， verdict: 通过
[2026-05-18 20:44:01] [Reviewer] [INFO] 结果: success
[2026-05-18 20:44:01] [Reviewer] [INFO] ============================================================
[2026-05-18 20:44:01] [Reviewer] [INFO] Reviewer Agent 启动
[2026-05-18 20:44:01] [Reviewer] [INFO] ============================================================
[2026-05-18 20:44:01] [Reviewer] [INFO] ============================================================
[2026-05-18 20:44:01] [Reviewer] [INFO] Reviewer Agent 启动
[2026-05-18 20:44:01] [Reviewer] [INFO] ============================================================
[2026-05-18 20:44:01] [Reviewer] [INFO] 正在审查第40章...
[2026-05-18 20:44:01] [Reviewer] [INFO] 正在审查第26章...
[2026-05-18 20:44:01] [Reviewer] [INFO] 第33章审查完成：评分 8.0， verdict: 通过
[2026-05-18 20:44:01] [Reviewer] [INFO] 结果: success
[2026-05-18 20:44:01] [Reviewer] [INFO] 第15章审查完成：评分 7.6， verdict: 需修改
[2026-05-18 20:44:01] [Reviewer] [INFO] 结果: success
[2026-05-18 20:44:01] [Reviewer] [INFO] 第37章审查完成：评分 7.2， verdict: 需修改
[2026-05-18 20:44:01] [Reviewer] [INFO] 结果: success
[2026-05-18 20:44:01] [Reviewer] [INFO] ============================================================
[2026-05-18 20:44:01] [Reviewer] [INFO] Reviewer Agent 启动
[2026-05-18 20:44:01] [Reviewer] [INFO] ============================================================
[2026-05-18 20:44:01] [Reviewer] [INFO] 正在审查第34章...
[2026-05-18 20:44:01] [Reviewer] [INFO] ============================================================
[2026-05-18 20:44:01] [Reviewer] [INFO] Reviewer Agent 启动
[2026-05-18 20:44:01] [Reviewer] [INFO] ============================================================
[2026-05-18 20:44:01] [Reviewer] [INFO] ============================================================
[2026-05-18 20:44:01] [Reviewer] [INFO] Reviewer Agent 启动
[2026-05-18 20:44:01] [Reviewer] [INFO] ============================================================
[2026-05-18 20:44:01] [Reviewer] [INFO] 正在审查第16章...
[2026-05-18 20:44:01] [Reviewer] [INFO] 正在审查第38章...
[2026-05-18 20:44:01] [Reviewer] [INFO] 第19章审查完成：评分 8.2， verdict: 通过
[2026-05-18 20:44:01] [Reviewer] [INFO] 结果: success
[2026-05-18 20:44:02] [Reviewer] [INFO] ============================================================
[2026-05-18 20:44:02] [Reviewer] [INFO] Reviewer Agent 启动
[2026-05-18 20:44:02] [Reviewer] [INFO] ============================================================
[2026-05-18 20:44:02] [Reviewer] [INFO] 正在审查第20章...
[2026-05-18 20:44:02] [Reviewer] [INFO] 第9章审查完成：评分 8.2， verdict: 通过
[2026-05-18 20:44:02] [Reviewer] [INFO] 结果: success
[2026-05-18 20:44:03] [Reviewer] [INFO] ============================================================
[2026-05-18 20:44:03] [Reviewer] [INFO] Reviewer Agent 启动
[2026-05-18 20:44:03] [Reviewer] [INFO] ============================================================
[2026-05-18 20:44:03] [Reviewer] [INFO] 正在审查第10章...
[2026-05-18 20:44:04] [Reviewer] [INFO] 第27章审查完成：评分 7.5， verdict: 需修改
[2026-05-18 20:44:04] [Reviewer] [INFO] 结果: success
[2026-05-18 20:44:04] [Reviewer] [INFO] ============================================================
[2026-05-18 20:44:04] [Reviewer] [INFO] Reviewer Agent 启动
[2026-05-18 20:44:04] [Reviewer] [INFO] ============================================================
[2026-05-18 20:44:04] [Reviewer] [INFO] 正在审查第28章...
[2026-05-18 20:44:05] [Reviewer] [INFO] 第1章审查完成：评分 8.4， verdict: 通过
[2026-05-18 20:44:05] [Reviewer] [INFO] 结果: success
[2026-05-18 20:44:05] [Reviewer] [INFO] ============================================================
[2026-05-18 20:44:05] [Reviewer] [INFO] Reviewer Agent 启动
[2026-05-18 20:44:05] [Reviewer] [INFO] ============================================================
[2026-05-18 20:44:05] [Reviewer] [INFO] 正在审查第2章...
[2026-05-18 20:44:05] [Reviewer] [INFO] 第17章审查完成：评分 8.3， verdict: 通过
[2026-05-18 20:44:05] [Reviewer] [INFO] 结果: success
[2026-05-18 20:44:05] [Reviewer] [INFO] ============================================================
[2026-05-18 20:44:05] [Reviewer] [INFO] Reviewer Agent 启动
[2026-05-18 20:44:05] [Reviewer] [INFO] ============================================================
[2026-05-18 20:44:05] [Reviewer] [INFO] 正在审查第18章...
[2026-05-18 20:44:07] [Reviewer] [INFO] 第13章审查完成：评分 8.5， verdict: 通过
[2026-05-18 20:44:07] [Reviewer] [INFO] 结果: success
[2026-05-18 20:44:07] [Reviewer] [INFO] ============================================================
[2026-05-18 20:44:07] [Reviewer] [INFO] Reviewer Agent 启动
[2026-05-18 20:44:07] [Reviewer] [INFO] ============================================================
[2026-05-18 20:44:07] [Reviewer] [INFO] 正在审查第14章...
[2026-05-18 20:44:10] [Reviewer] [INFO] 第31章审查完成：评分 8.1， verdict: 通过
[2026-05-18 20:44:10] [Reviewer] [INFO] 结果: success
[2026-05-18 20:44:10] [Reviewer] [INFO] ============================================================
[2026-05-18 20:44:10] [Reviewer] [INFO] Reviewer Agent 启动
[2026-05-18 20:44:10] [Reviewer] [INFO] ============================================================
[2026-05-18 20:44:10] [Reviewer] [INFO] 正在审查第32章...
[2026-05-18 20:44:15] [Reviewer] [INFO] 第6章审查完成：评分 8.2， verdict: 通过
[2026-05-18 20:44:15] [Reviewer] [INFO] 结果: success
[2026-05-18 20:44:19] [Reviewer] [INFO] 第24章审查完成：评分 7.5， verdict: 通过
[2026-05-18 20:44:19] [Reviewer] [INFO] 结果: success
[2026-05-18 20:44:19] [Reviewer] [INFO] 第40章审查完成：评分 7.8， verdict: 通过
[2026-05-18 20:44:19] [Reviewer] [INFO] 结果: success
[2026-05-18 20:44:19] [Reviewer] [INFO] 第4章审查完成：评分 6.8， verdict: 需修改
[2026-05-18 20:44:19] [Reviewer] [INFO] 结果: success
[2026-05-18 20:44:20] [Reviewer] [INFO] 第30章审查完成：评分 8.2， verdict: 通过
[2026-05-18 20:44:20] [Reviewer] [INFO] 结果: success
[2026-05-18 20:44:20] [Reviewer] [INFO] 第8章审查完成：评分 8.3， verdict: 通过
[2026-05-18 20:44:20] [Reviewer] [INFO] 结果: success
[2026-05-18 20:44:20] [Reviewer] [INFO] 第34章审查完成：评分 8.2， verdict: 通过
[2026-05-18 20:44:20] [Reviewer] [INFO] 结果: success
[2026-05-18 20:44:20] [Reviewer] [INFO] 第36章审查完成：评分 7.8， verdict: 通过
[2026-05-18 20:44:20] [Reviewer] [INFO] 结果: success
[2026-05-18 20:44:21] [Reviewer] [INFO] 第22章审查完成：评分 8.4， verdict: 通过
[2026-05-18 20:44:21] [Reviewer] [INFO] 结果: success
[2026-05-18 20:44:21] [Reviewer] [INFO] 第12章审查完成：评分 8.4， verdict: 通过
[2026-05-18 20:44:21] [Reviewer] [INFO] 结果: success
[2026-05-18 20:44:21] [Reviewer] [INFO] 第20章审查完成：评分 7.2， verdict: 需修改
[2026-05-18 20:44:21] [Reviewer] [INFO] 结果: success
[2026-05-18 20:44:21] [Reviewer] [INFO] 第26章审查完成：评分 7.8， verdict: 通过
[2026-05-18 20:44:21] [Reviewer] [INFO] 结果: success
[2026-05-18 20:44:21] [Reviewer] [INFO] 第16章审查完成：评分 7.3， verdict: 需修改
[2026-05-18 20:44:21] [Reviewer] [INFO] 结果: success
[2026-05-18 20:44:22] [Reviewer] [INFO] 第10章审查完成：评分 8.2， verdict: 通过
[2026-05-18 20:44:22] [Reviewer] [INFO] 结果: success
[2026-05-18 20:44:22] [Reviewer] [INFO] 第18章审查完成：评分 8.3， verdict: 通过
[2026-05-18 20:44:22] [Reviewer] [INFO] 结果: success
[2026-05-18 20:44:26] [Reviewer] [INFO] 第38章审查完成：评分 8.2， verdict: 通过
[2026-05-18 20:44:26] [Reviewer] [INFO] 结果: success
[2026-05-18 20:44:27] [Reviewer] [INFO] 第2章审查完成：评分 7.3， verdict: 需修改
[2026-05-18 20:44:27] [Reviewer] [INFO] 结果: success
[2026-05-18 20:44:32] [Reviewer] [INFO] 第32章审查完成：评分 8.0， verdict: 通过
[2026-05-18 20:44:32] [Reviewer] [INFO] 结果: success
[2026-05-18 20:44:32] [Reviewer] [INFO] 第28章审查完成：评分 7.8， verdict: 通过
[2026-05-18 20:44:32] [Reviewer] [INFO] 结果: success
[2026-05-18 20:44:37] [Reviewer] [INFO] 第14章审查完成：评分 8.1， verdict: 通过
[2026-05-18 20:44:37] [Reviewer] [INFO] 结果: success
[2026-05-18 20:44:39] [Reviewer] [INFO] ============================================================
[2026-05-18 20:44:39] [Reviewer] [INFO] Reviewer Agent 启动
[2026-05-18 20:44:39] [Reviewer] [INFO] ============================================================
[2026-05-18 20:44:39] [Reviewer] [INFO] 正在审查第41章...
[2026-05-18 20:44:39] [Reviewer] [INFO] ============================================================
[2026-05-18 20:44:39] [Reviewer] [INFO] ============================================================
[2026-05-18 20:44:39] [Reviewer] [INFO] Reviewer Agent 启动
[2026-05-18 20:44:39] [Reviewer] [INFO] Reviewer Agent 启动
[2026-05-18 20:44:39] [Reviewer] [INFO] ============================================================
[2026-05-18 20:44:39] [Reviewer] [INFO] ============================================================
[2026-05-18 20:44:39] [Reviewer] [INFO] ============================================================
[2026-05-18 20:44:39] [Reviewer] [INFO] Reviewer Agent 启动
[2026-05-18 20:44:39] [Reviewer] [INFO] ============================================================
[2026-05-18 20:44:39] [Reviewer] [INFO] ============================================================
[2026-05-18 20:44:39] [Reviewer] [INFO] Reviewer Agent 启动
[2026-05-18 20:44:39] [Reviewer] [INFO] 正在审查第47章...
[2026-05-18 20:44:39] [Reviewer] [INFO] 正在审查第49章...
[2026-05-18 20:44:39] [Reviewer] [INFO] ============================================================
[2026-05-18 20:44:39] [Reviewer] [INFO] 正在审查第51章...
[2026-05-18 20:44:39] [Reviewer] [INFO] 正在审查第43章...
[2026-05-18 20:44:39] [Reviewer] [INFO] ============================================================
[2026-05-18 20:44:39] [Reviewer] [INFO] Reviewer Agent 启动
[2026-05-18 20:44:39] [Reviewer] [INFO] ============================================================
[2026-05-18 20:44:39] [Reviewer] [INFO] ============================================================
[2026-05-18 20:44:39] [Reviewer] [INFO] Reviewer Agent 启动
[2026-05-18 20:44:39] [Reviewer] [INFO] ============================================================
[2026-05-18 20:44:39] [Reviewer] [INFO] 正在审查第61章...
[2026-05-18 20:44:39] [Reviewer] [INFO] ============================================================
[2026-05-18 20:44:39] [Reviewer] [INFO] Reviewer Agent 启动
[2026-05-18 20:44:39] [Reviewer] [INFO] ============================================================
[2026-05-18 20:44:39] [Reviewer] [INFO] Reviewer Agent 启动
[2026-05-18 20:44:39] [Reviewer] [INFO] Reviewer Agent 启动
[2026-05-18 20:44:39] [Reviewer] [INFO] Reviewer Agent 启动
[2026-05-18 20:44:39] [Reviewer] [INFO] ============================================================
[2026-05-18 20:44:39] [Reviewer] [INFO] ============================================================
[2026-05-18 20:44:39] [Reviewer] [INFO] ============================================================
[2026-05-18 20:44:39] [Reviewer] [INFO] 正在审查第65章...
[2026-05-18 20:44:39] [Reviewer] [INFO] 正在审查第59章...
[2026-05-18 20:44:39] [Reviewer] [INFO] ============================================================
[2026-05-18 20:44:39] [Reviewer] [INFO] Reviewer Agent 启动
[2026-05-18 20:44:39] [Reviewer] [INFO] 正在审查第67章...
[2026-05-18 20:44:39] [Reviewer] [INFO] ============================================================
[2026-05-18 20:44:39] [Reviewer] [INFO] 正在审查第57章...
[2026-05-18 20:44:39] [Reviewer] [INFO] 正在审查第55章...
[2026-05-18 20:44:39] [Reviewer] [INFO] 正在审查第53章...
[2026-05-18 20:44:39] [Reviewer] [INFO] ============================================================
[2026-05-18 20:44:39] [Reviewer] [INFO] Reviewer Agent 启动
[2026-05-18 20:44:39] [Reviewer] [INFO] ============================================================
[2026-05-18 20:44:39] [Reviewer] [INFO] ============================================================
[2026-05-18 20:44:39] [Reviewer] [INFO] Reviewer Agent 启动
[2026-05-18 20:44:39] [Reviewer] [INFO] ============================================================
[2026-05-18 20:44:39] [Reviewer] [INFO] ============================================================
[2026-05-18 20:44:39] [Reviewer] [INFO] Reviewer Agent 启动
[2026-05-18 20:44:39] [Reviewer] [INFO] ============================================================
[2026-05-18 20:44:39] [Reviewer] [INFO] 正在审查第63章...
[2026-05-18 20:44:39] [Reviewer] [INFO] 正在审查第45章...
[2026-05-18 20:44:39] [Reviewer] [INFO] 正在审查第69章...
[2026-05-18 20:44:39] [Reviewer] [INFO] ============================================================
[2026-05-18 20:44:39] [Reviewer] [INFO] Reviewer Agent 启动
[2026-05-18 20:44:39] [Reviewer] [INFO] ============================================================
[2026-05-18 20:44:39] [Reviewer] [INFO] ============================================================
[2026-05-18 20:44:39] [Reviewer] [INFO] Reviewer Agent 启动
[2026-05-18 20:44:39] [Reviewer] [INFO] ============================================================
[2026-05-18 20:44:39] [Reviewer] [INFO] 正在审查第79章...
[2026-05-18 20:44:39] [Reviewer] [INFO] ============================================================
[2026-05-18 20:44:39] [Reviewer] [INFO] Reviewer Agent 启动
[2026-05-18 20:44:39] [Reviewer] [INFO] ============================================================
[2026-05-18 20:44:39] [Reviewer] [INFO] ============================================================
[2026-05-18 20:44:39] [Reviewer] [INFO] Reviewer Agent 启动
[2026-05-18 20:44:39] [Reviewer] [INFO] 正在审查第75章...
[2026-05-18 20:44:39] [Reviewer] [INFO] ============================================================
[2026-05-18 20:44:39] [Reviewer] [INFO] 正在审查第71章...
[2026-05-18 20:44:39] [Reviewer] [INFO] 正在审查第77章...
[2026-05-18 20:44:39] [Reviewer] [INFO] ============================================================
[2026-05-18 20:44:39] [Reviewer] [INFO] Reviewer Agent 启动
[2026-05-18 20:44:39] [Reviewer] [INFO] ============================================================
[2026-05-18 20:44:39] [Reviewer] [INFO] 正在审查第73章...
[2026-05-18 20:44:57] [Reviewer] [INFO] 第41章审查完成：评分 8.2， verdict: 通过
[2026-05-18 20:44:57] [Reviewer] [INFO] 结果: success
[2026-05-18 20:44:57] [Reviewer] [INFO] ============================================================
[2026-05-18 20:44:57] [Reviewer] [INFO] Reviewer Agent 启动
[2026-05-18 20:44:57] [Reviewer] [INFO] ============================================================
[2026-05-18 20:44:57] [Reviewer] [INFO] 正在审查第42章...
[2026-05-18 20:44:58] [Reviewer] [INFO] 第49章审查完成：评分 7.5， verdict: 需修改
[2026-05-18 20:44:58] [Reviewer] [INFO] 结果: success
[2026-05-18 20:44:58] [Reviewer] [INFO] ============================================================
[2026-05-18 20:44:58] [Reviewer] [INFO] Reviewer Agent 启动
[2026-05-18 20:44:58] [Reviewer] [INFO] ============================================================
[2026-05-18 20:44:58] [Reviewer] [INFO] 正在审查第50章...
[2026-05-18 20:44:59] [Reviewer] [INFO] 第65章审查完成：评分 7.2， verdict: 需修改
[2026-05-18 20:44:59] [Reviewer] [INFO] 结果: success
[2026-05-18 20:44:59] [Reviewer] [INFO] 第63章审查完成：评分 8.2， verdict: 通过
[2026-05-18 20:44:59] [Reviewer] [INFO] 结果: success
[2026-05-18 20:44:59] [Reviewer] [INFO] ============================================================
[2026-05-18 20:44:59] [Reviewer] [INFO] Reviewer Agent 启动
[2026-05-18 20:44:59] [Reviewer] [INFO] ============================================================
[2026-05-18 20:44:59] [Reviewer] [INFO] 正在审查第66章...
[2026-05-18 20:44:59] [Reviewer] [INFO] ============================================================
[2026-05-18 20:44:59] [Reviewer] [INFO] Reviewer Agent 启动
[2026-05-18 20:44:59] [Reviewer] [INFO] ============================================================
[2026-05-18 20:44:59] [Reviewer] [INFO] 正在审查第64章...
[2026-05-18 20:45:00] [Reviewer] [INFO] 第61章审查完成：评分 8.2， verdict: 通过
[2026-05-18 20:45:00] [Reviewer] [INFO] 结果: success
[2026-05-18 20:45:00] [Reviewer] [INFO] 第51章审查完成：评分 8.5， verdict: 通过
[2026-05-18 20:45:00] [Reviewer] [INFO] 结果: success
[2026-05-18 20:45:00] [Reviewer] [INFO] ============================================================
[2026-05-18 20:45:00] [Reviewer] [INFO] Reviewer Agent 启动
[2026-05-18 20:45:00] [Reviewer] [INFO] ============================================================
[2026-05-18 20:45:00] [Reviewer] [INFO] 正在审查第62章...
[2026-05-18 20:45:00] [Reviewer] [INFO] 第55章审查完成：评分 8.2， verdict: 通过
[2026-05-18 20:45:00] [Reviewer] [INFO] 结果: success
[2026-05-18 20:45:00] [Reviewer] [INFO] ============================================================
[2026-05-18 20:45:00] [Reviewer] [INFO] Reviewer Agent 启动
[2026-05-18 20:45:00] [Reviewer] [INFO] ============================================================
[2026-05-18 20:45:00] [Reviewer] [INFO] 正在审查第52章...
[2026-05-18 20:45:00] [Reviewer] [INFO] ============================================================
[2026-05-18 20:45:00] [Reviewer] [INFO] Reviewer Agent 启动
[2026-05-18 20:45:00] [Reviewer] [INFO] ============================================================
[2026-05-18 20:45:01] [Reviewer] [INFO] 正在审查第56章...
[2026-05-18 20:45:01] [Reviewer] [INFO] 第73章审查完成：评分 8.0， verdict: 通过
[2026-05-18 20:45:01] [Reviewer] [INFO] 结果: success
[2026-05-18 20:45:01] [Reviewer] [INFO] ============================================================
[2026-05-18 20:45:01] [Reviewer] [INFO] Reviewer Agent 启动
[2026-05-18 20:45:01] [Reviewer] [INFO] ============================================================
[2026-05-18 20:45:01] [Reviewer] [INFO] 正在审查第74章...
[2026-05-18 20:45:01] [Reviewer] [INFO] 第59章审查完成：评分 8.5， verdict: 通过
[2026-05-18 20:45:01] [Reviewer] [INFO] 结果: success
[2026-05-18 20:45:02] [Reviewer] [INFO] ============================================================
[2026-05-18 20:45:02] [Reviewer] [INFO] Reviewer Agent 启动
[2026-05-18 20:45:02] [Reviewer] [INFO] ============================================================
[2026-05-18 20:45:02] [Reviewer] [INFO] 正在审查第60章...
[2026-05-18 20:45:02] [Reviewer] [INFO] 第43章审查完成：评分 7.6， verdict: 需修改
[2026-05-18 20:45:02] [Reviewer] [INFO] 结果: success
[2026-05-18 20:45:02] [Reviewer] [INFO] ============================================================
[2026-05-18 20:45:02] [Reviewer] [INFO] Reviewer Agent 启动
[2026-05-18 20:45:02] [Reviewer] [INFO] ============================================================
[2026-05-18 20:45:02] [Reviewer] [INFO] 正在审查第44章...
[2026-05-18 20:45:02] [Reviewer] [INFO] 第67章审查完成：评分 7.5， verdict: 通过
[2026-05-18 20:45:02] [Reviewer] [INFO] 结果: success
[2026-05-18 20:45:02] [Reviewer] [INFO] ============================================================
[2026-05-18 20:45:02] [Reviewer] [INFO] Reviewer Agent 启动
[2026-05-18 20:45:02] [Reviewer] [INFO] ============================================================
[2026-05-18 20:45:02] [Reviewer] [INFO] 正在审查第68章...
[2026-05-18 20:45:03] [Reviewer] [INFO] 第47章审查完成：评分 8.2， verdict: 通过
[2026-05-18 20:45:03] [Reviewer] [INFO] 结果: success
[2026-05-18 20:45:03] [Reviewer] [INFO] ============================================================
[2026-05-18 20:45:03] [Reviewer] [INFO] Reviewer Agent 启动
[2026-05-18 20:45:03] [Reviewer] [INFO] ============================================================
[2026-05-18 20:45:03] [Reviewer] [INFO] 正在审查第48章...
[2026-05-18 20:45:04] [Reviewer] [INFO] 第53章审查完成：评分 7.8， verdict: 需修改
[2026-05-18 20:45:04] [Reviewer] [INFO] 结果: success
[2026-05-18 20:45:04] [Reviewer] [INFO] ============================================================
[2026-05-18 20:45:04] [Reviewer] [INFO] Reviewer Agent 启动
[2026-05-18 20:45:04] [Reviewer] [INFO] ============================================================
[2026-05-18 20:45:04] [Reviewer] [INFO] 正在审查第54章...
[2026-05-18 20:45:05] [Reviewer] [INFO] 第79章审查完成：评分 8.0， verdict: 通过
[2026-05-18 20:45:05] [Reviewer] [INFO] 结果: success
[2026-05-18 20:45:05] [Reviewer] [INFO] 第71章审查完成：评分 7.8， verdict: 需修改
[2026-05-18 20:45:05] [Reviewer] [INFO] 结果: success
[2026-05-18 20:45:05] [Reviewer] [INFO] ============================================================
[2026-05-18 20:45:05] [Reviewer] [INFO] Reviewer Agent 启动
[2026-05-18 20:45:05] [Reviewer] [INFO] ============================================================
[2026-05-18 20:45:05] [Reviewer] [INFO] 正在审查第80章...
[2026-05-18 20:45:05] [Reviewer] [INFO] ============================================================
[2026-05-18 20:45:05] [Reviewer] [INFO] Reviewer Agent 启动
[2026-05-18 20:45:05] [Reviewer] [INFO] ============================================================
[2026-05-18 20:45:05] [Reviewer] [INFO] 正在审查第72章...
[2026-05-18 20:45:05] [Reviewer] [INFO] 第69章审查完成：评分 7.0， verdict: 需修改
[2026-05-18 20:45:05] [Reviewer] [INFO] 结果: success
[2026-05-18 20:45:05] [Reviewer] [INFO] ============================================================
[2026-05-18 20:45:05] [Reviewer] [INFO] Reviewer Agent 启动
[2026-05-18 20:45:05] [Reviewer] [INFO] ============================================================
[2026-05-18 20:45:05] [Reviewer] [INFO] 正在审查第70章...
[2026-05-18 20:45:05] [Reviewer] [INFO] 第75章审查完成：评分 7.0， verdict: 需修改
[2026-05-18 20:45:05] [Reviewer] [INFO] 结果: success
[2026-05-18 20:45:05] [Reviewer] [INFO] ============================================================
[2026-05-18 20:45:05] [Reviewer] [INFO] Reviewer Agent 启动
[2026-05-18 20:45:05] [Reviewer] [INFO] ============================================================
[2026-05-18 20:45:05] [Reviewer] [INFO] 正在审查第76章...
[2026-05-18 20:45:06] [Reviewer] [INFO] 第45章审查完成：评分 7.5， verdict: 需修改
[2026-05-18 20:45:06] [Reviewer] [INFO] 结果: success
[2026-05-18 20:45:06] [Reviewer] [INFO] ============================================================
[2026-05-18 20:45:06] [Reviewer] [INFO] Reviewer Agent 启动
[2026-05-18 20:45:06] [Reviewer] [INFO] ============================================================
[2026-05-18 20:45:06] [Reviewer] [INFO] 正在审查第46章...
[2026-05-18 20:45:07] [Reviewer] [INFO] 第57章审查完成：评分 8.5， verdict: 通过
[2026-05-18 20:45:07] [Reviewer] [INFO] 结果: success
[2026-05-18 20:45:07] [Reviewer] [INFO] ============================================================
[2026-05-18 20:45:07] [Reviewer] [INFO] Reviewer Agent 启动
[2026-05-18 20:45:07] [Reviewer] [INFO] ============================================================
[2026-05-18 20:45:07] [Reviewer] [INFO] 正在审查第58章...
[2026-05-18 20:45:09] [Reviewer] [INFO] 第77章审查完成：评分 8.2， verdict: 通过
[2026-05-18 20:45:09] [Reviewer] [INFO] 结果: success
[2026-05-18 20:45:10] [Reviewer] [INFO] ============================================================
[2026-05-18 20:45:10] [Reviewer] [INFO] Reviewer Agent 启动
[2026-05-18 20:45:10] [Reviewer] [INFO] ============================================================
[2026-05-18 20:45:10] [Reviewer] [INFO] 正在审查第78章...
[2026-05-18 20:45:14] [Reviewer] [INFO] 第42章审查完成：评分 8.2， verdict: 通过
[2026-05-18 20:45:14] [Reviewer] [INFO] 结果: success
[2026-05-18 20:45:19] [Reviewer] [INFO] 第62章审查完成：评分 8.0， verdict: 通过
[2026-05-18 20:45:19] [Reviewer] [INFO] 结果: success
[2026-05-18 20:45:20] [Reviewer] [INFO] 第64章审查完成：评分 8.4， verdict: 通过
[2026-05-18 20:45:20] [Reviewer] [INFO] 结果: success
[2026-05-18 20:45:22] [Reviewer] [INFO] 第68章审查完成：评分 7.8， verdict: 通过
[2026-05-18 20:45:22] [Reviewer] [INFO] 结果: success
[2026-05-18 20:45:22] [Reviewer] [INFO] 第56章审查完成：评分 7.8， verdict: 通过
[2026-05-18 20:45:22] [Reviewer] [INFO] 结果: success
[2026-05-18 20:45:23] [Reviewer] [INFO] 第48章审查完成：评分 8.2， verdict: 通过
[2026-05-18 20:45:23] [Reviewer] [INFO] 结果: success
[2026-05-18 20:45:23] [Reviewer] [INFO] 第50章审查完成：评分 8.2， verdict: 通过
[2026-05-18 20:45:23] [Reviewer] [INFO] 结果: success
[2026-05-18 20:45:24] [Reviewer] [INFO] 第66章审查完成：评分 7.6， verdict: 需修改
[2026-05-18 20:45:24] [Reviewer] [INFO] 结果: success
[2026-05-18 20:45:25] [Reviewer] [INFO] 第52章审查完成：评分 7.4， verdict: 需修改
[2026-05-18 20:45:25] [Reviewer] [INFO] 结果: success
[2026-05-18 20:45:26] [Reviewer] [INFO] 第80章审查完成：评分 8.5， verdict: 通过
[2026-05-18 20:45:26] [Reviewer] [INFO] 结果: success
[2026-05-18 20:45:26] [Reviewer] [INFO] 第70章审查完成：评分 8.3， verdict: 通过
[2026-05-18 20:45:26] [Reviewer] [INFO] 结果: success
[2026-05-18 20:45:26] [Reviewer] [INFO] 第54章审查完成：评分 8.2， verdict: 通过
[2026-05-18 20:45:26] [Reviewer] [INFO] 结果: success
[2026-05-18 20:45:27] [Reviewer] [INFO] 第76章审查完成：评分 7.8， verdict: 需修改
[2026-05-18 20:45:27] [Reviewer] [INFO] 结果: success
[2026-05-18 20:45:28] [Reviewer] [INFO] 第46章审查完成：评分 8.0， verdict: 通过
[2026-05-18 20:45:28] [Reviewer] [INFO] 结果: success
[2026-05-18 20:45:29] [Reviewer] [INFO] 第74章审查完成：评分 7.6， verdict: 需修改
[2026-05-18 20:45:29] [Reviewer] [INFO] 结果: success
[2026-05-18 20:45:29] [Reviewer] [INFO] 第60章审查完成：评分 7.3， verdict: 需修改
[2026-05-18 20:45:29] [Reviewer] [INFO] 结果: success
[2026-05-18 20:45:30] [Reviewer] [INFO] 第44章审查完成：评分 8.3， verdict: 通过
[2026-05-18 20:45:30] [Reviewer] [INFO] 结果: success
[2026-05-18 20:45:32] [Reviewer] [INFO] 第58章审查完成：评分 7.8， verdict: 通过
[2026-05-18 20:45:32] [Reviewer] [INFO] 结果: success
[2026-05-18 20:45:32] [Reviewer] [INFO] 第72章审查完成：评分 7.8， verdict: 通过
[2026-05-18 20:45:32] [Reviewer] [INFO] 结果: success
[2026-05-18 20:45:35] [Reviewer] [INFO] 第78章审查完成：评分 8.2， verdict: 通过
[2026-05-18 20:45:35] [Reviewer] [INFO] 结果: success
[2026-05-18 20:45:36] [Reviewer] [INFO] ============================================================
[2026-05-18 20:45:36] [Reviewer] [INFO] Reviewer Agent 启动
[2026-05-18 20:45:36] [Reviewer] [INFO] ============================================================
[2026-05-18 20:45:36] [Reviewer] [INFO] 正在审查第83章...
[2026-05-18 20:45:36] [Reviewer] [INFO] ============================================================
[2026-05-18 20:45:36] [Reviewer] [INFO] Reviewer Agent 启动
[2026-05-18 20:45:36] [Reviewer] [INFO] ============================================================
[2026-05-18 20:45:36] [Reviewer] [INFO] 正在审查第85章...
[2026-05-18 20:45:37] [Reviewer] [INFO] ============================================================
[2026-05-18 20:45:37] [Reviewer] [INFO] Reviewer Agent 启动
[2026-05-18 20:45:37] [Reviewer] [INFO] ============================================================
[2026-05-18 20:45:37] [Reviewer] [INFO] ============================================================
[2026-05-18 20:45:37] [Reviewer] [INFO] Reviewer Agent 启动
[2026-05-18 20:45:37] [Reviewer] [INFO] ============================================================
[2026-05-18 20:45:37] [Reviewer] [INFO] 正在审查第81章...
[2026-05-18 20:45:37] [Reviewer] [INFO] 正在审查第87章...
[2026-05-18 20:45:37] [Reviewer] [INFO] ============================================================
[2026-05-18 20:45:37] [Reviewer] [INFO] Reviewer Agent 启动
[2026-05-18 20:45:37] [Reviewer] [INFO] ============================================================
[2026-05-18 20:45:37] [Reviewer] [INFO] ============================================================
[2026-05-18 20:45:37] [Reviewer] [INFO] Reviewer Agent 启动
[2026-05-18 20:45:37] [Reviewer] [INFO] ============================================================
[2026-05-18 20:45:37] [Reviewer] [INFO] 正在审查第89章...
[2026-05-18 20:45:37] [Reviewer] [INFO] 正在审查第91章...
[2026-05-18 20:45:37] [Reviewer] [INFO] ============================================================
[2026-05-18 20:45:37] [Reviewer] [INFO] Reviewer Agent 启动
[2026-05-18 20:45:37] [Reviewer] [INFO] ============================================================
[2026-05-18 20:45:37] [Reviewer] [INFO] ============================================================
[2026-05-18 20:45:37] [Reviewer] [INFO] Reviewer Agent 启动
[2026-05-18 20:45:37] [Reviewer] [INFO] ============================================================
[2026-05-18 20:45:37] [Reviewer] [INFO] 正在审查第97章...
[2026-05-18 20:45:37] [Reviewer] [INFO] ============================================================
[2026-05-18 20:45:37] [Reviewer] [INFO] Reviewer Agent 启动
[2026-05-18 20:45:37] [Reviewer] [INFO] ============================================================
[2026-05-18 20:45:37] [Reviewer] [INFO] 正在审查第93章...
[2026-05-18 20:45:37] [Reviewer] [INFO] ============================================================
[2026-05-18 20:45:37] [Reviewer] [INFO] Reviewer Agent 启动
[2026-05-18 20:45:37] [Reviewer] [INFO] ============================================================
[2026-05-18 20:45:37] [Reviewer] [INFO] ============================================================
[2026-05-18 20:45:37] [Reviewer] [INFO] Reviewer Agent 启动
[2026-05-18 20:45:37] [Reviewer] [INFO] ============================================================
[2026-05-18 20:45:37] [Reviewer] [INFO] 正在审查第95章...
[2026-05-18 20:45:37] [Reviewer] [INFO] ============================================================
[2026-05-18 20:45:37] [Reviewer] [INFO] ============================================================
[2026-05-18 20:45:37] [Reviewer] [INFO] Reviewer Agent 启动
[2026-05-18 20:45:37] [Reviewer] [INFO] Reviewer Agent 启动
[2026-05-18 20:45:37] [Reviewer] [INFO] ============================================================
[2026-05-18 20:45:37] [Reviewer] [INFO] ============================================================
[2026-05-18 20:45:37] [Reviewer] [INFO] 正在审查第103章...
[2026-05-18 20:45:37] [Reviewer] [INFO] 正在审查第105章...
[2026-05-18 20:45:37] [Reviewer] [INFO] 正在审查第101章...
[2026-05-18 20:45:37] [Reviewer] [INFO] 正在审查第99章...
[2026-05-18 20:45:37] [Reviewer] [INFO] ============================================================
[2026-05-18 20:45:37] [Reviewer] [INFO] Reviewer Agent 启动
[2026-05-18 20:45:37] [Reviewer] [INFO] ============================================================
[2026-05-18 20:45:37] [Reviewer] [INFO] 正在审查第107章...
[2026-05-18 20:45:37] [Reviewer] [INFO] ============================================================
[2026-05-18 20:45:37] [Reviewer] [INFO] Reviewer Agent 启动
[2026-05-18 20:45:37] [Reviewer] [INFO] ============================================================
[2026-05-18 20:45:37] [Reviewer] [INFO] ============================================================
[2026-05-18 20:45:37] [Reviewer] [INFO] Reviewer Agent 启动
[2026-05-18 20:45:37] [Reviewer] [INFO] ============================================================
[2026-05-18 20:45:37] [Reviewer] [INFO] ============================================================
[2026-05-18 20:45:37] [Reviewer] [INFO] Reviewer Agent 启动
[2026-05-18 20:45:37] [Reviewer] [INFO] ============================================================
[2026-05-18 20:45:37] [Reviewer] [INFO] 正在审查第111章...
[2026-05-18 20:45:37] [Reviewer] [INFO] 正在审查第113章...
[2026-05-18 20:45:37] [Reviewer] [INFO] 正在审查第109章...
[2026-05-18 20:45:37] [Reviewer] [INFO] ============================================================
[2026-05-18 20:45:37] [Reviewer] [INFO] Reviewer Agent 启动
[2026-05-18 20:45:37] [Reviewer] [INFO] ============================================================
[2026-05-18 20:45:37] [Reviewer] [INFO] 正在审查第119章...
[2026-05-18 20:45:37] [Reviewer] [INFO] ============================================================
[2026-05-18 20:45:37] [Reviewer] [INFO] Reviewer Agent 启动
[2026-05-18 20:45:37] [Reviewer] [INFO] ============================================================
[2026-05-18 20:45:37] [Reviewer] [INFO] 正在审查第115章...
[2026-05-18 20:45:37] [Reviewer] [INFO] ============================================================
[2026-05-18 20:45:37] [Reviewer] [INFO] Reviewer Agent 启动
[2026-05-18 20:45:37] [Reviewer] [INFO] ============================================================
[2026-05-18 20:45:37] [Reviewer] [INFO] 正在审查第117章...
[2026-05-18 20:45:55] [Reviewer] [INFO] 第81章审查完成：评分 8.2， verdict: 通过
[2026-05-18 20:45:55] [Reviewer] [INFO] 结果: success
[2026-05-18 20:45:55] [Reviewer] [INFO] ============================================================
[2026-05-18 20:45:55] [Reviewer] [INFO] Reviewer Agent 启动
[2026-05-18 20:45:55] [Reviewer] [INFO] ============================================================
[2026-05-18 20:45:55] [Reviewer] [INFO] 正在审查第82章...
[2026-05-18 20:45:56] [Reviewer] [INFO] 第91章审查完成：评分 7.8， verdict: 需修改
[2026-05-18 20:45:56] [Reviewer] [INFO] 结果: success
[2026-05-18 20:45:56] [Reviewer] [INFO] ============================================================
[2026-05-18 20:45:56] [Reviewer] [INFO] Reviewer Agent 启动
[2026-05-18 20:45:56] [Reviewer] [INFO] ============================================================
[2026-05-18 20:45:56] [Reviewer] [INFO] 正在审查第92章...
[2026-05-18 20:45:57] [Reviewer] [INFO] 第117章审查完成：评分 8.3， verdict: 通过
[2026-05-18 20:45:57] [Reviewer] [INFO] 结果: success
[2026-05-18 20:45:57] [Reviewer] [INFO] ============================================================
[2026-05-18 20:45:57] [Reviewer] [INFO] Reviewer Agent 启动
[2026-05-18 20:45:57] [Reviewer] [INFO] ============================================================
[2026-05-18 20:45:57] [Reviewer] [INFO] 正在审查第118章...
[2026-05-18 20:45:58] [Reviewer] [INFO] 第105章审查完成：评分 8.5， verdict: 通过
[2026-05-18 20:45:58] [Reviewer] [INFO] 结果: success
[2026-05-18 20:45:58] [Reviewer] [INFO] ============================================================
[2026-05-18 20:45:58] [Reviewer] [INFO] Reviewer Agent 启动
[2026-05-18 20:45:58] [Reviewer] [INFO] ============================================================
[2026-05-18 20:45:58] [Reviewer] [INFO] 正在审查第106章...
[2026-05-18 20:45:58] [Reviewer] [INFO] 第93章审查完成：评分 8.7， verdict: 通过
[2026-05-18 20:45:58] [Reviewer] [INFO] 结果: success
[2026-05-18 20:45:58] [Reviewer] [INFO] ============================================================
[2026-05-18 20:45:58] [Reviewer] [INFO] Reviewer Agent 启动
[2026-05-18 20:45:58] [Reviewer] [INFO] ============================================================
[2026-05-18 20:45:58] [Reviewer] [INFO] 正在审查第94章...
[2026-05-18 20:45:58] [Reviewer] [INFO] 第115章审查完成：评分 8.5， verdict: 通过
[2026-05-18 20:45:58] [Reviewer] [INFO] 结果: success
[2026-05-18 20:45:58] [Reviewer] [INFO] 第119章审查完成：评分 7.8， verdict: 需修改
[2026-05-18 20:45:58] [Reviewer] [INFO] 结果: success
[2026-05-18 20:45:58] [Reviewer] [INFO] ============================================================
[2026-05-18 20:45:58] [Reviewer] [INFO] Reviewer Agent 启动
[2026-05-18 20:45:58] [Reviewer] [INFO] ============================================================
[2026-05-18 20:45:58] [Reviewer] [INFO] 正在审查第116章...
[2026-05-18 20:45:58] [Reviewer] [INFO] ============================================================
[2026-05-18 20:45:58] [Reviewer] [INFO] Reviewer Agent 启动
[2026-05-18 20:45:58] [Reviewer] [INFO] ============================================================
[2026-05-18 20:45:58] [Reviewer] [INFO] 正在审查第120章...
[2026-05-18 20:45:59] [Reviewer] [INFO] 第83章审查完成：评分 6.5， verdict: 需修改
[2026-05-18 20:45:59] [Reviewer] [INFO] 结果: success
[2026-05-18 20:45:59] [Reviewer] [INFO] ============================================================
[2026-05-18 20:45:59] [Reviewer] [INFO] Reviewer Agent 启动
[2026-05-18 20:45:59] [Reviewer] [INFO] ============================================================
[2026-05-18 20:45:59] [Reviewer] [INFO] 正在审查第84章...
[2026-05-18 20:45:59] [Reviewer] [INFO] 第101章审查完成：评分 7.2， verdict: 需修改
[2026-05-18 20:45:59] [Reviewer] [INFO] 结果: success
[2026-05-18 20:45:59] [Reviewer] [INFO] ============================================================
[2026-05-18 20:45:59] [Reviewer] [INFO] Reviewer Agent 启动
[2026-05-18 20:45:59] [Reviewer] [INFO] ============================================================
[2026-05-18 20:45:59] [Reviewer] [INFO] 正在审查第102章...
[2026-05-18 20:45:59] [Reviewer] [INFO] 第95章审查完成：评分 8.8， verdict: 通过
[2026-05-18 20:45:59] [Reviewer] [INFO] 结果: success
[2026-05-18 20:45:59] [Reviewer] [INFO] 第107章审查完成：评分 7.6， verdict: 需修改
[2026-05-18 20:45:59] [Reviewer] [INFO] 结果: success
[2026-05-18 20:45:59] [Reviewer] [INFO] ============================================================
[2026-05-18 20:45:59] [Reviewer] [INFO] Reviewer Agent 启动
[2026-05-18 20:45:59] [Reviewer] [INFO] ============================================================
[2026-05-18 20:45:59] [Reviewer] [INFO] 正在审查第96章...
[2026-05-18 20:45:59] [Reviewer] [INFO] ============================================================
[2026-05-18 20:45:59] [Reviewer] [INFO] Reviewer Agent 启动
[2026-05-18 20:45:59] [Reviewer] [INFO] ============================================================
[2026-05-18 20:45:59] [Reviewer] [INFO] 正在审查第108章...
[2026-05-18 20:46:01] [Reviewer] [INFO] 第103章审查完成：评分 7.8， verdict: 通过
[2026-05-18 20:46:01] [Reviewer] [INFO] 结果: success
[2026-05-18 20:46:01] [Reviewer] [INFO] ============================================================
[2026-05-18 20:46:01] [Reviewer] [INFO] Reviewer Agent 启动
[2026-05-18 20:46:01] [Reviewer] [INFO] ============================================================
[2026-05-18 20:46:01] [Reviewer] [INFO] 正在审查第104章...
[2026-05-18 20:46:02] [Reviewer] [INFO] 第113章审查完成：评分 8.0， verdict: 通过
[2026-05-18 20:46:02] [Reviewer] [INFO] 结果: success
[2026-05-18 20:46:03] [Reviewer] [INFO] ============================================================
[2026-05-18 20:46:03] [Reviewer] [INFO] Reviewer Agent 启动
[2026-05-18 20:46:03] [Reviewer] [INFO] ============================================================
[2026-05-18 20:46:03] [Reviewer] [INFO] 正在审查第114章...
[2026-05-18 20:46:03] [Reviewer] [INFO] 第111章审查完成：评分 8.5， verdict: 通过
[2026-05-18 20:46:03] [Reviewer] [INFO] 结果: success
[2026-05-18 20:46:03] [Reviewer] [INFO] ============================================================
[2026-05-18 20:46:03] [Reviewer] [INFO] Reviewer Agent 启动
[2026-05-18 20:46:03] [Reviewer] [INFO] ============================================================
[2026-05-18 20:46:03] [Reviewer] [INFO] 正在审查第112章...
[2026-05-18 20:46:03] [Reviewer] [INFO] 第99章审查完成：评分 7.8， verdict: 需修改
[2026-05-18 20:46:03] [Reviewer] [INFO] 结果: success
[2026-05-18 20:46:04] [Reviewer] [INFO] ============================================================
[2026-05-18 20:46:04] [Reviewer] [INFO] Reviewer Agent 启动
[2026-05-18 20:46:04] [Reviewer] [INFO] ============================================================
[2026-05-18 20:46:04] [Reviewer] [INFO] 正在审查第100章...
[2026-05-18 20:46:05] [Reviewer] [INFO] 第87章审查完成：评分 7.3， verdict: 需修改
[2026-05-18 20:46:05] [Reviewer] [INFO] 结果: success
[2026-05-18 20:46:05] [Reviewer] [INFO] ============================================================
[2026-05-18 20:46:05] [Reviewer] [INFO] Reviewer Agent 启动
[2026-05-18 20:46:05] [Reviewer] [INFO] ============================================================
[2026-05-18 20:46:05] [Reviewer] [INFO] 第109章审查完成：评分 7.8， verdict: 通过
[2026-05-18 20:46:05] [Reviewer] [INFO] 结果: success
[2026-05-18 20:46:05] [Reviewer] [INFO] 正在审查第88章...
[2026-05-18 20:46:05] [Reviewer] [INFO] ============================================================
[2026-05-18 20:46:05] [Reviewer] [INFO] Reviewer Agent 启动
[2026-05-18 20:46:05] [Reviewer] [INFO] ============================================================
[2026-05-18 20:46:05] [Reviewer] [INFO] 正在审查第110章...
[2026-05-18 20:46:05] [Reviewer] [INFO] 第89章审查完成：评分 8.2， verdict: 通过
[2026-05-18 20:46:05] [Reviewer] [INFO] 结果: success
[2026-05-18 20:46:05] [Reviewer] [INFO] ============================================================
[2026-05-18 20:46:05] [Reviewer] [INFO] Reviewer Agent 启动
[2026-05-18 20:46:05] [Reviewer] [INFO] ============================================================
[2026-05-18 20:46:05] [Reviewer] [INFO] 正在审查第90章...
[2026-05-18 20:46:09] [Reviewer] [INFO] 第97章审查完成：评分 6.5， verdict: 需修改
[2026-05-18 20:46:09] [Reviewer] [INFO] 结果: success
[2026-05-18 20:46:09] [Reviewer] [INFO] ============================================================
[2026-05-18 20:46:09] [Reviewer] [INFO] Reviewer Agent 启动
[2026-05-18 20:46:09] [Reviewer] [INFO] ============================================================
[2026-05-18 20:46:09] [Reviewer] [INFO] 正在审查第98章...
[2026-05-18 20:46:13] [Reviewer] [INFO] 第85章审查完成：评分 6.7， verdict: 需修改
[2026-05-18 20:46:13] [Reviewer] [INFO] 结果: success
[2026-05-18 20:46:13] [Reviewer] [INFO] ============================================================
[2026-05-18 20:46:13] [Reviewer] [INFO] Reviewer Agent 启动
[2026-05-18 20:46:13] [Reviewer] [INFO] ============================================================
[2026-05-18 20:46:13] [Reviewer] [INFO] 正在审查第86章...
[2026-05-18 20:46:16] [Reviewer] [INFO] 第84章审查完成：评分 8.5， verdict: 通过
[2026-05-18 20:46:16] [Reviewer] [INFO] 结果: success
[2026-05-18 20:46:17] [Reviewer] [INFO] 第94章审查完成：评分 8.3， verdict: 通过
[2026-05-18 20:46:17] [Reviewer] [INFO] 结果: success
[2026-05-18 20:46:17] [Reviewer] [INFO] 第92章审查完成：评分 8.2， verdict: 需修改
[2026-05-18 20:46:17] [Reviewer] [INFO] 结果: success
[2026-05-18 20:46:18] [Reviewer] [INFO] 第82章审查完成：评分 8.5， verdict: 通过
[2026-05-18 20:46:18] [Reviewer] [INFO] 结果: success
[2026-05-18 20:46:19] [Reviewer] [ERROR] 第108章评审解析失败: Invalid control character at: line 11 column 48 (char 211)
[2026-05-18 20:46:19] [Reviewer] [INFO] 结果: parse_failed
[2026-05-18 20:46:20] [Reviewer] [INFO] 第96章审查完成：评分 8.3， verdict: 通过
[2026-05-18 20:46:20] [Reviewer] [INFO] 结果: success
[2026-05-18 20:46:20] [Reviewer] [INFO] 第118章审查完成：评分 7.6， verdict: 需修改
[2026-05-18 20:46:20] [Reviewer] [INFO] 结果: success
[2026-05-18 20:46:22] [Reviewer] [INFO] 第106章审查完成：评分 8.6， verdict: 通过
[2026-05-18 20:46:22] [Reviewer] [INFO] 结果: success
[2026-05-18 20:46:23] [Reviewer] [INFO] 第114章审查完成：评分 7.8， verdict: 通过
[2026-05-18 20:46:23] [Reviewer] [INFO] 结果: success
[2026-05-18 20:46:23] [Reviewer] [INFO] 第104章审查完成：评分 7.8， verdict: 需修改
[2026-05-18 20:46:23] [Reviewer] [INFO] 结果: success
[2026-05-18 20:46:24] [Reviewer] [INFO] 第116章审查完成：评分 8.2， verdict: 通过
[2026-05-18 20:46:24] [Reviewer] [INFO] 结果: success
[2026-05-18 20:46:26] [Reviewer] [INFO] 第90章审查完成：评分 8.3， verdict: 通过
[2026-05-18 20:46:26] [Reviewer] [INFO] 结果: success
[2026-05-18 20:46:26] [Reviewer] [INFO] 第120章审查完成：评分 7.2， verdict: 需修改
[2026-05-18 20:46:26] [Reviewer] [INFO] 结果: success
[2026-05-18 20:46:28] [Reviewer] [INFO] 第98章审查完成：评分 8.2， verdict: 通过
[2026-05-18 20:46:28] [Reviewer] [INFO] 结果: success
[2026-05-18 20:46:28] [Reviewer] [INFO] 第110章审查完成：评分 8.4， verdict: 通过
[2026-05-18 20:46:28] [Reviewer] [INFO] 结果: success
[2026-05-18 20:46:29] [Reviewer] [INFO] 第88章审查完成：评分 7.8， verdict: 通过
[2026-05-18 20:46:29] [Reviewer] [INFO] 结果: success
[2026-05-18 20:46:30] [Reviewer] [INFO] 第112章审查完成：评分 7.6， verdict: 需修改
[2026-05-18 20:46:30] [Reviewer] [INFO] 结果: success
[2026-05-18 20:46:32] [Reviewer] [INFO] 第100章审查完成：评分 8.0， verdict: 通过
[2026-05-18 20:46:32] [Reviewer] [INFO] 结果: success
[2026-05-18 20:46:32] [Reviewer] [INFO] 第86章审查完成：评分 8.4， verdict: 通过
[2026-05-18 20:46:32] [Reviewer] [INFO] 结果: success
[2026-05-18 20:46:43] [Reviewer] [ERROR] 第102章评审解析失败: Expecting ',' delimiter: line 8 column 4 (char 103)
[2026-05-18 20:46:43] [Reviewer] [INFO] 结果: parse_failed
[2026-05-18 20:46:44] [Reviewer] [INFO] ============================================================
[2026-05-18 20:46:44] [Reviewer] [INFO] Reviewer Agent 启动
[2026-05-18 20:46:44] [Reviewer] [INFO] ============================================================
[2026-05-18 20:46:44] [Reviewer] [INFO] Reviewer Agent 启动
[2026-05-18 20:46:44] [Reviewer] [INFO] ============================================================
[2026-05-18 20:46:44] [Reviewer] [INFO] ============================================================
[2026-05-18 20:46:44] [Reviewer] [INFO] Reviewer Agent 启动
[2026-05-18 20:46:44] [Reviewer] [INFO] ============================================================
[2026-05-18 20:46:44] [Reviewer] [INFO] 正在审查第121章...
[2026-05-18 20:46:44] [Reviewer] [INFO] 正在审查第123章...
[2026-05-18 20:46:44] [Reviewer] [INFO] 正在审查第102章...
[2026-05-18 20:46:44] [Reviewer] [INFO] ============================================================
[2026-05-18 20:46:44] [Reviewer] [INFO] Reviewer Agent 启动
[2026-05-18 20:46:44] [Reviewer] [INFO] ============================================================
[2026-05-18 20:46:44] [Reviewer] [INFO] 正在审查第129章...
[2026-05-18 20:46:44] [Reviewer] [INFO] ============================================================
[2026-05-18 20:46:44] [Reviewer] [INFO] Reviewer Agent 启动
[2026-05-18 20:46:44] [Reviewer] [INFO] ============================================================
[2026-05-18 20:46:44] [Reviewer] [INFO] 正在审查第127章...
[2026-05-18 20:46:44] [Reviewer] [INFO] ============================================================
[2026-05-18 20:46:44] [Reviewer] [INFO] Reviewer Agent 启动
[2026-05-18 20:46:44] [Reviewer] [INFO] ============================================================
[2026-05-18 20:46:44] [Reviewer] [INFO] ============================================================
[2026-05-18 20:46:44] [Reviewer] [INFO] Reviewer Agent 启动
[2026-05-18 20:46:44] [Reviewer] [INFO] ============================================================
[2026-05-18 20:46:44] [Reviewer] [INFO] ============================================================
[2026-05-18 20:46:44] [Reviewer] [INFO] Reviewer Agent 启动
[2026-05-18 20:46:44] [Reviewer] [INFO] ============================================================
[2026-05-18 20:46:44] [Reviewer] [INFO] 正在审查第133章...
[2026-05-18 20:46:44] [Reviewer] [INFO] 正在审查第125章...
[2026-05-18 20:46:44] [Reviewer] [INFO] 正在审查第137章...
[2026-05-18 20:46:44] [Reviewer] [INFO] ============================================================
[2026-05-18 20:46:44] [Reviewer] [INFO] Reviewer Agent 启动
[2026-05-18 20:46:44] [Reviewer] [INFO] ============================================================
[2026-05-18 20:46:44] [Reviewer] [INFO] ============================================================
[2026-05-18 20:46:44] [Reviewer] [INFO] 正在审查第147章...
[2026-05-18 20:46:44] [Reviewer] [INFO] ============================================================
[2026-05-18 20:46:44] [Reviewer] [INFO] ============================================================
[2026-05-18 20:46:44] [Reviewer] [INFO] Reviewer Agent 启动
[2026-05-18 20:46:44] [Reviewer] [INFO] ============================================================
[2026-05-18 20:46:44] [Reviewer] [INFO] ============================================================
[2026-05-18 20:46:44] [Reviewer] [INFO] Reviewer Agent 启动
[2026-05-18 20:46:44] [Reviewer] [INFO] ============================================================
[2026-05-18 20:46:44] [Reviewer] [INFO] 正在审查第131章...
[2026-05-18 20:46:44] [Reviewer] [INFO] ============================================================
[2026-05-18 20:46:44] [Reviewer] [INFO] Reviewer Agent 启动
[2026-05-18 20:46:44] [Reviewer] [INFO] ============================================================
[2026-05-18 20:46:44] [Reviewer] [INFO] ============================================================
[2026-05-18 20:46:44] [Reviewer] [INFO] Reviewer Agent 启动
[2026-05-18 20:46:44] [Reviewer] [INFO] ============================================================
[2026-05-18 20:46:44] [Reviewer] [INFO] 正在审查第143章...
[2026-05-18 20:46:44] [Reviewer] [INFO] 正在审查第145章...
[2026-05-18 20:46:44] [Reviewer] [INFO] ============================================================
[2026-05-18 20:46:44] [Reviewer] [INFO] Reviewer Agent 启动
[2026-05-18 20:46:44] [Reviewer] [INFO] ============================================================
[2026-05-18 20:46:44] [Reviewer] [INFO] 正在审查第141章...
[2026-05-18 20:46:44] [Reviewer] [INFO] 正在审查第139章...
[2026-05-18 20:46:44] [Reviewer] [INFO] ============================================================
[2026-05-18 20:46:44] [Reviewer] [INFO] Reviewer Agent 启动
[2026-05-18 20:46:44] [Reviewer] [INFO] ============================================================
[2026-05-18 20:46:44] [Reviewer] [INFO] 正在审查第135章...
[2026-05-18 20:46:44] [Reviewer] [INFO] ============================================================
[2026-05-18 20:46:44] [Reviewer] [INFO] Reviewer Agent 启动
[2026-05-18 20:46:44] [Reviewer] [INFO] ============================================================
[2026-05-18 20:46:44] [Reviewer] [INFO] ============================================================
[2026-05-18 20:46:44] [Reviewer] [INFO] Reviewer Agent 启动
[2026-05-18 20:46:44] [Reviewer] [INFO] ============================================================
[2026-05-18 20:46:44] [Reviewer] [INFO] ============================================================
[2026-05-18 20:46:44] [Reviewer] [INFO] ============================================================
[2026-05-18 20:46:44] [Reviewer] [INFO] Reviewer Agent 启动
[2026-05-18 20:46:44] [Reviewer] [INFO] ============================================================
[2026-05-18 20:46:44] [Reviewer] [INFO] Reviewer Agent 启动
[2026-05-18 20:46:44] [Reviewer] [INFO] ============================================================
[2026-05-18 20:46:44] [Reviewer] [INFO] 正在审查第157章...
[2026-05-18 20:46:44] [Reviewer] [INFO] 正在审查第149章...
[2026-05-18 20:46:44] [Reviewer] [INFO] 正在审查第151章...
[2026-05-18 20:46:44] [Reviewer] [INFO] 正在审查第153章...
[2026-05-18 20:46:44] [Reviewer] [INFO] 正在审查第155章...
[2026-05-18 20:47:02] [Reviewer] [INFO] 第123章审查完成：评分 8.2， verdict: 通过
[2026-05-18 20:47:02] [Reviewer] [INFO] 结果: success
[2026-05-18 20:47:02] [Reviewer] [INFO] ============================================================
[2026-05-18 20:47:02] [Reviewer] [INFO] Reviewer Agent 启动
[2026-05-18 20:47:02] [Reviewer] [INFO] ============================================================
[2026-05-18 20:47:02] [Reviewer] [INFO] 正在审查第124章...
[2026-05-18 20:47:03] [Reviewer] [INFO] 第133章审查完成：评分 7.8， verdict: 需修改
[2026-05-18 20:47:03] [Reviewer] [INFO] 结果: success
[2026-05-18 20:47:03] [Reviewer] [INFO] ============================================================
[2026-05-18 20:47:03] [Reviewer] [INFO] Reviewer Agent 启动
[2026-05-18 20:47:03] [Reviewer] [INFO] ============================================================
[2026-05-18 20:47:03] [Reviewer] [INFO] 正在审查第134章...
[2026-05-18 20:47:03] [Reviewer] [INFO] 第139章审查完成：评分 7.8， verdict: 需修改
[2026-05-18 20:47:03] [Reviewer] [INFO] 结果: success
[2026-05-18 20:47:04] [Reviewer] [INFO] ============================================================
[2026-05-18 20:47:04] [Reviewer] [INFO] Reviewer Agent 启动
[2026-05-18 20:47:04] [Reviewer] [INFO] ============================================================
[2026-05-18 20:47:04] [Reviewer] [INFO] 正在审查第140章...
[2026-05-18 20:47:04] [Reviewer] [INFO] 第147章审查完成：评分 8.0， verdict: 通过
[2026-05-18 20:47:04] [Reviewer] [INFO] 结果: success
[2026-05-18 20:47:04] [Reviewer] [INFO] ============================================================
[2026-05-18 20:47:04] [Reviewer] [INFO] Reviewer Agent 启动
[2026-05-18 20:47:04] [Reviewer] [INFO] ============================================================
[2026-05-18 20:47:04] [Reviewer] [INFO] 正在审查第148章...
[2026-05-18 20:47:04] [Reviewer] [INFO] 第143章审查完成：评分 8.3， verdict: 通过
[2026-05-18 20:47:04] [Reviewer] [INFO] 结果: success
[2026-05-18 20:47:04] [Reviewer] [INFO] ============================================================
[2026-05-18 20:47:04] [Reviewer] [INFO] Reviewer Agent 启动
[2026-05-18 20:47:04] [Reviewer] [INFO] ============================================================
[2026-05-18 20:47:04] [Reviewer] [INFO] 正在审查第144章...
[2026-05-18 20:47:04] [Reviewer] [INFO] 第135章审查完成：评分 8.2， verdict: 通过
[2026-05-18 20:47:04] [Reviewer] [INFO] 结果: success
[2026-05-18 20:47:04] [Reviewer] [INFO] ============================================================
[2026-05-18 20:47:04] [Reviewer] [INFO] Reviewer Agent 启动
[2026-05-18 20:47:04] [Reviewer] [INFO] ============================================================
[2026-05-18 20:47:04] [Reviewer] [INFO] 正在审查第136章...
[2026-05-18 20:47:05] [Reviewer] [INFO] 第149章审查完成：评分 8.2， verdict: 通过
[2026-05-18 20:47:05] [Reviewer] [INFO] 结果: success
[2026-05-18 20:47:05] [Reviewer] [INFO] 第121章审查完成：评分 8.0， verdict: 通过
[2026-05-18 20:47:05] [Reviewer] [INFO] 结果: success
[2026-05-18 20:47:05] [Reviewer] [INFO] ============================================================
[2026-05-18 20:47:05] [Reviewer] [INFO] Reviewer Agent 启动
[2026-05-18 20:47:05] [Reviewer] [INFO] ============================================================
[2026-05-18 20:47:05] [Reviewer] [INFO] 正在审查第150章...
[2026-05-18 20:47:05] [Reviewer] [INFO] ============================================================
[2026-05-18 20:47:05] [Reviewer] [INFO] Reviewer Agent 启动
[2026-05-18 20:47:05] [Reviewer] [INFO] ============================================================
[2026-05-18 20:47:05] [Reviewer] [INFO] 正在审查第122章...
[2026-05-18 20:47:06] [Reviewer] [INFO] 第127章审查完成：评分 8.4， verdict: 通过
[2026-05-18 20:47:06] [Reviewer] [INFO] 结果: success
[2026-05-18 20:47:06] [Reviewer] [INFO] ============================================================
[2026-05-18 20:47:06] [Reviewer] [INFO] Reviewer Agent 启动
[2026-05-18 20:47:06] [Reviewer] [INFO] ============================================================
[2026-05-18 20:47:06] [Reviewer] [INFO] 正在审查第128章...
[2026-05-18 20:47:06] [Reviewer] [INFO] 第129章审查完成：评分 8.2， verdict: 通过
[2026-05-18 20:47:06] [Reviewer] [INFO] 结果: success
[2026-05-18 20:47:06] [Reviewer] [INFO] ============================================================
[2026-05-18 20:47:06] [Reviewer] [INFO] Reviewer Agent 启动
[2026-05-18 20:47:06] [Reviewer] [INFO] ============================================================
[2026-05-18 20:47:06] [Reviewer] [INFO] 正在审查第130章...
[2026-05-18 20:47:07] [Reviewer] [INFO] 第157章审查完成：评分 8.1， verdict: 通过
[2026-05-18 20:47:07] [Reviewer] [INFO] 结果: success
[2026-05-18 20:47:07] [Reviewer] [INFO] ============================================================
[2026-05-18 20:47:07] [Reviewer] [INFO] Reviewer Agent 启动
[2026-05-18 20:47:07] [Reviewer] [INFO] ============================================================
[2026-05-18 20:47:07] [Reviewer] [INFO] 正在审查第158章...
[2026-05-18 20:47:07] [Reviewer] [INFO] 第153章审查完成：评分 7.2， verdict: 需修改
[2026-05-18 20:47:07] [Reviewer] [INFO] 结果: success
[2026-05-18 20:47:07] [Reviewer] [INFO] ============================================================
[2026-05-18 20:47:07] [Reviewer] [INFO] Reviewer Agent 启动
[2026-05-18 20:47:07] [Reviewer] [INFO] ============================================================
[2026-05-18 20:47:07] [Reviewer] [INFO] 正在审查第154章...
[2026-05-18 20:47:07] [Reviewer] [INFO] 第155章审查完成：评分 8.2， verdict: 通过
[2026-05-18 20:47:07] [Reviewer] [INFO] 结果: success
[2026-05-18 20:47:07] [Reviewer] [INFO] 第131章审查完成：评分 8.0， verdict: 通过
[2026-05-18 20:47:07] [Reviewer] [INFO] 结果: success
[2026-05-18 20:47:07] [Reviewer] [INFO] ============================================================
[2026-05-18 20:47:07] [Reviewer] [INFO] Reviewer Agent 启动
[2026-05-18 20:47:07] [Reviewer] [INFO] ============================================================
[2026-05-18 20:47:07] [Reviewer] [INFO] ============================================================
[2026-05-18 20:47:07] [Reviewer] [INFO] Reviewer Agent 启动
[2026-05-18 20:47:07] [Reviewer] [INFO] ============================================================
[2026-05-18 20:47:07] [Reviewer] [INFO] 正在审查第132章...
[2026-05-18 20:47:07] [Reviewer] [INFO] 正在审查第156章...
[2026-05-18 20:47:07] [Reviewer] [INFO] 第125章审查完成：评分 8.3， verdict: 通过
[2026-05-18 20:47:07] [Reviewer] [INFO] 结果: success
[2026-05-18 20:47:08] [Reviewer] [INFO] ============================================================
[2026-05-18 20:47:08] [Reviewer] [INFO] Reviewer Agent 启动
[2026-05-18 20:47:08] [Reviewer] [INFO] ============================================================
[2026-05-18 20:47:08] [Reviewer] [INFO] 正在审查第126章...
[2026-05-18 20:47:08] [Reviewer] [INFO] 第145章审查完成：评分 8.2， verdict: 通过
[2026-05-18 20:47:08] [Reviewer] [INFO] 结果: success
[2026-05-18 20:47:08] [Reviewer] [INFO] ============================================================
[2026-05-18 20:47:08] [Reviewer] [INFO] Reviewer Agent 启动
[2026-05-18 20:47:08] [Reviewer] [INFO] ============================================================
[2026-05-18 20:47:08] [Reviewer] [INFO] 正在审查第146章...
[2026-05-18 20:47:09] [Reviewer] [INFO] 第141章审查完成：评分 7.6， verdict: 需修改
[2026-05-18 20:47:09] [Reviewer] [INFO] 结果: success
[2026-05-18 20:47:09] [Reviewer] [INFO] ============================================================
[2026-05-18 20:47:09] [Reviewer] [INFO] Reviewer Agent 启动
[2026-05-18 20:47:09] [Reviewer] [INFO] ============================================================
[2026-05-18 20:47:09] [Reviewer] [INFO] 正在审查第142章...
[2026-05-18 20:47:10] [Reviewer] [INFO] 第151章审查完成：评分 8.6， verdict: 通过
[2026-05-18 20:47:10] [Reviewer] [INFO] 结果: success
[2026-05-18 20:47:10] [Reviewer] [INFO] ============================================================
[2026-05-18 20:47:10] [Reviewer] [INFO] Reviewer Agent 启动
[2026-05-18 20:47:10] [Reviewer] [INFO] ============================================================
[2026-05-18 20:47:10] [Reviewer] [INFO] 正在审查第152章...
[2026-05-18 20:47:10] [Reviewer] [INFO] 第137章审查完成：评分 7.8， verdict: 需修改
[2026-05-18 20:47:10] [Reviewer] [INFO] 结果: success
[2026-05-18 20:47:11] [Reviewer] [INFO] ============================================================
[2026-05-18 20:47:11] [Reviewer] [INFO] Reviewer Agent 启动
[2026-05-18 20:47:11] [Reviewer] [INFO] ============================================================
[2026-05-18 20:47:11] [Reviewer] [INFO] 正在审查第138章...
[2026-05-18 20:47:13] [Reviewer] [INFO] 第102章审查完成：评分 8.1， verdict: 通过
[2026-05-18 20:47:13] [Reviewer] [INFO] 结果: success
[2026-05-18 20:47:13] [Reviewer] [INFO] ============================================================
[2026-05-18 20:47:13] [Reviewer] [INFO] Reviewer Agent 启动
[2026-05-18 20:47:13] [Reviewer] [INFO] ============================================================
[2026-05-18 20:47:13] [Reviewer] [INFO] 正在审查第108章...
[2026-05-18 20:47:20] [Reviewer] [INFO] 第148章审查完成：评分 8.0， verdict: 通过
[2026-05-18 20:47:20] [Reviewer] [INFO] 结果: success
[2026-05-18 20:47:23] [Reviewer] [INFO] 第158章审查完成：评分 8.6， verdict: 通过
[2026-05-18 20:47:23] [Reviewer] [INFO] 结果: success
[2026-05-18 20:47:24] [Reviewer] [INFO] 第154章审查完成：评分 8.2， verdict: 通过
[2026-05-18 20:47:24] [Reviewer] [INFO] 结果: success
[2026-05-18 20:47:24] [Reviewer] [INFO] 第124章审查完成：评分 7.8， verdict: 需修改
[2026-05-18 20:47:24] [Reviewer] [INFO] 结果: success
[2026-05-18 20:47:24] [Reviewer] [INFO] 第144章审查完成：评分 7.8， verdict: 需修改
[2026-05-18 20:47:24] [Reviewer] [INFO] 结果: success
[2026-05-18 20:47:24] [Reviewer] [INFO] 第140章审查完成：评分 7.3， verdict: 需修改
[2026-05-18 20:47:24] [Reviewer] [INFO] 结果: success
[2026-05-18 20:47:26] [Reviewer] [INFO] 第146章审查完成：评分 7.6， verdict: 需修改
[2026-05-18 20:47:26] [Reviewer] [INFO] 结果: success
[2026-05-18 20:47:26] [Reviewer] [INFO] 第126章审查完成：评分 8.2， verdict: 通过
[2026-05-18 20:47:26] [Reviewer] [INFO] 结果: success
[2026-05-18 20:47:27] [Reviewer] [INFO] 第122章审查完成：评分 7.8， verdict: 通过
[2026-05-18 20:47:27] [Reviewer] [INFO] 结果: success
[2026-05-18 20:47:27] [Reviewer] [INFO] 第136章审查完成：评分 8.2， verdict: 通过
[2026-05-18 20:47:27] [Reviewer] [INFO] 结果: success
[2026-05-18 20:47:28] [Reviewer] [INFO] 第130章审查完成：评分 8.5， verdict: 通过
[2026-05-18 20:47:28] [Reviewer] [INFO] 结果: success
[2026-05-18 20:47:28] [Reviewer] [INFO] 第128章审查完成：评分 8.3， verdict: 通过
[2026-05-18 20:47:28] [Reviewer] [INFO] 结果: success
[2026-05-18 20:47:29] [Reviewer] [INFO] 第156章审查完成：评分 8.4， verdict: 通过
[2026-05-18 20:47:29] [Reviewer] [INFO] 结果: success
[2026-05-18 20:47:29] [Reviewer] [INFO] 第150章审查完成：评分 8.2， verdict: 通过
[2026-05-18 20:47:29] [Reviewer] [INFO] 结果: success
[2026-05-18 20:47:29] [Reviewer] [INFO] 第132章审查完成：评分 8.2， verdict: 通过
[2026-05-18 20:47:29] [Reviewer] [INFO] 结果: success
[2026-05-18 20:47:30] [Reviewer] [INFO] 第138章审查完成：评分 8.0， verdict: 通过
[2026-05-18 20:47:30] [Reviewer] [INFO] 结果: success
[2026-05-18 20:47:30] [Reviewer] [INFO] 第108章审查完成：评分 8.8， verdict: 通过
[2026-05-18 20:47:30] [Reviewer] [INFO] 结果: success
[2026-05-18 20:47:31] [Reviewer] [INFO] 第134章审查完成：评分 7.0， verdict: 需修改
[2026-05-18 20:47:31] [Reviewer] [INFO] 结果: success
[2026-05-18 20:47:32] [Reviewer] [INFO] 第142章审查完成：评分 8.0， verdict: 通过
[2026-05-18 20:47:32] [Reviewer] [INFO] 结果: success
[2026-05-18 20:47:33] [Reviewer] [INFO] 第152章审查完成：评分 8.5， verdict: 通过
[2026-05-18 20:47:33] [Reviewer] [INFO] 结果: success
[2026-05-18 20:47:34] [Reviewer] [INFO] ============================================================
[2026-05-18 20:47:34] [Reviewer] [INFO] Reviewer Agent 启动
[2026-05-18 20:47:34] [Reviewer] [INFO] ============================================================
[2026-05-18 20:47:34] [Reviewer] [INFO] ============================================================
[2026-05-18 20:47:34] [Reviewer] [INFO] Reviewer Agent 启动
[2026-05-18 20:47:34] [Reviewer] [INFO] ============================================================
[2026-05-18 20:47:34] [Reviewer] [INFO] ============================================================
[2026-05-18 20:47:34] [Reviewer] [INFO] Reviewer Agent 启动
[2026-05-18 20:47:34] [Reviewer] [INFO] ============================================================
[2026-05-18 20:47:34] [Reviewer] [INFO] ============================================================
[2026-05-18 20:47:34] [Reviewer] [INFO] 正在审查第161章...
[2026-05-18 20:47:34] [Reviewer] [INFO] ============================================================
[2026-05-18 20:47:34] [Reviewer] [INFO] 正在审查第163章...
[2026-05-18 20:47:34] [Reviewer] [INFO] 正在审查第167章...
[2026-05-18 20:47:34] [Reviewer] [INFO] 正在审查第159章...
[2026-05-18 20:47:34] [Reviewer] [INFO] ============================================================
[2026-05-18 20:47:34] [Reviewer] [INFO] Reviewer Agent 启动
[2026-05-18 20:47:34] [Reviewer] [INFO] ============================================================
[2026-05-18 20:47:34] [Reviewer] [INFO] 正在审查第165章...
[2026-05-18 20:47:34] [Reviewer] [INFO] ============================================================
[2026-05-18 20:47:34] [Reviewer] [INFO] Reviewer Agent 启动
[2026-05-18 20:47:34] [Reviewer] [INFO] ============================================================
[2026-05-18 20:47:34] [Reviewer] [INFO] ============================================================
[2026-05-18 20:47:34] [Reviewer] [INFO] Reviewer Agent 启动
[2026-05-18 20:47:34] [Reviewer] [INFO] ============================================================
[2026-05-18 20:47:34] [Reviewer] [INFO] 正在审查第171章...
[2026-05-18 20:47:34] [Reviewer] [INFO] ============================================================
[2026-05-18 20:47:34] [Reviewer] [INFO] Reviewer Agent 启动
=====================================
[2026-05-18 20:47:34] [Reviewer] [INFO] ============================================================
[2026-05-18 20:47:34] [Reviewer] [INFO] Reviewer Agent 启动
[2026-05-18 20:47:34] [Reviewer] [INFO] ============================================================
[2026-05-18 20:47:34] [Reviewer] [INFO] ============================================================
[2026-05-18 20:47:34] [Reviewer] [INFO] ============================================================
[2026-05-18 20:47:34] [Reviewer] [INFO] ============================================================
[2026-05-18 20:47:34] [Reviewer] [INFO] Reviewer Agent 启动
[2026-05-18 20:47:34] [Reviewer] [INFO] ============================================================
[2026-05-18 20:47:34] [Reviewer] [INFO] 正在审查第175章...
[2026-05-18 20:47:34] [Reviewer] [INFO] ============================================================
[2026-05-18 20:47:34] [Reviewer] [INFO] Reviewer Agent 启动
[2026-05-18 20:47:34] [Reviewer] [INFO] ============================================================
[2026-05-18 20:47:34] [Reviewer] [INFO] 正在审查第173章...
[2026-05-18 20:47:34] [Reviewer] [INFO] 正在审查第179章...
[2026-05-18 20:47:34] [Reviewer] [INFO] 正在审查第169章...
[2026-05-18 20:47:34] [Reviewer] [INFO] 正在审查第177章...
[2026-05-18 20:47:34] [Reviewer] [INFO] 正在审查第181章...
[2026-05-18 20:47:34] [Reviewer] [INFO] ============================================================
[2026-05-18 20:47:34] [Reviewer] [INFO] Reviewer Agent 启动
[2026-05-18 20:47:34] [Reviewer] [INFO] ============================================================
[2026-05-18 20:47:34] [Reviewer] [INFO] ============================================================
[2026-05-18 20:47:34] [Reviewer] [INFO] Reviewer Agent 启动
[2026-05-18 20:47:34] [Reviewer] [INFO] ============================================================
[2026-05-18 20:47:34] [Reviewer] [INFO] 正在审查第185章...
[2026-05-18 20:47:34] [Reviewer] [INFO] 正在审查第187章...
[2026-05-18 20:47:34] [Reviewer] [INFO] ============================================================
[2026-05-18 20:47:34] [Reviewer] [INFO] Reviewer Agent 启动
[2026-05-18 20:47:34] [Reviewer] [INFO] ============================================================
[2026-05-18 20:47:34] [Reviewer] [INFO] ============================================================
[2026-05-18 20:47:34] [Reviewer] [INFO] Reviewer Agent 启动
[2026-05-18 20:47:34] [Reviewer] [INFO] ============================================================
[2026-05-18 20:47:34] [Reviewer] [INFO] ============================================================
[2026-05-18 20:47:34] [Reviewer] [INFO] Reviewer Agent 启动
[2026-05-18 20:47:34] [Reviewer] [INFO] ============================================================
[2026-05-18 20:47:34] [Reviewer] [INFO] 正在审查第193章...
[2026-05-18 20:47:34] [Reviewer] [INFO] 正在审查第191章...
[2026-05-18 20:47:34] [Reviewer] [INFO] 正在审查第195章...
[2026-05-18 20:47:34] [Reviewer] [INFO] ============================================================
[2026-05-18 20:47:34] [Reviewer] [INFO] Reviewer Agent 启动
[2026-05-18 20:47:34] [Reviewer] [INFO] ============================================================
[2026-05-18 20:47:34] [Reviewer] [INFO] ============================================================
[2026-05-18 20:47:34] [Reviewer] [INFO] Reviewer Agent 启动
[2026-05-18 20:47:34] [Reviewer] [INFO] ============================================================
[2026-05-18 20:47:34] [Reviewer] [INFO] 正在审查第183章...
[2026-05-18 20:47:34] [Reviewer] [INFO] 正在审查第197章...
[2026-05-18 20:47:34] [Reviewer] [INFO] ============================================================
[2026-05-18 20:47:34] [Reviewer] [INFO] Reviewer Agent 启动
[2026-05-18 20:47:34] [Reviewer] [INFO] ============================================================
[2026-05-18 20:47:34] [Reviewer] [INFO] 正在审查第189章...
[2026-05-18 20:47:50] [Reviewer] [INFO] 第173章审查完成：评分 7.8， verdict: 需修改
[2026-05-18 20:47:50] [Reviewer] [INFO] 结果: success
[2026-05-18 20:47:50] [Reviewer] [INFO] ============================================================
[2026-05-18 20:47:50] [Reviewer] [INFO] Reviewer Agent 启动
[2026-05-18 20:47:50] [Reviewer] [INFO] ============================================================
[2026-05-18 20:47:50] [Reviewer] [INFO] 正在审查第174章...
[2026-05-18 20:47:54] [Reviewer] [INFO] 第189章审查完成：评分 7.8， verdict: 需修改
[2026-05-18 20:47:54] [Reviewer] [INFO] 结果: success
[2026-05-18 20:47:54] [Reviewer] [INFO] ============================================================
[2026-05-18 20:47:54] [Reviewer] [INFO] Reviewer Agent 启动
[2026-05-18 20:47:54] [Reviewer] [INFO] ============================================================
[2026-05-18 20:47:54] [Reviewer] [INFO] 正在审查第190章...
[2026-05-18 20:47:55] [Reviewer] [INFO] 第177章审查完成：评分 8.2， verdict: 通过
[2026-05-18 20:47:55] [Reviewer] [INFO] 结果: success
[2026-05-18 20:47:55] [Reviewer] [INFO] ============================================================
[2026-05-18 20:47:55] [Reviewer] [INFO] Reviewer Agent 启动
[2026-05-18 20:47:55] [Reviewer] [INFO] ============================================================
[2026-05-18 20:47:55] [Reviewer] [INFO] 正在审查第178章...
[2026-05-18 20:47:55] [Reviewer] [INFO] 第183章审查完成：评分 8.2， verdict: 通过
[2026-05-18 20:47:55] [Reviewer] [INFO] 结果: success
[2026-05-18 20:47:55] [Reviewer] [INFO] ============================================================
[2026-05-18 20:47:55] [Reviewer] [INFO] Reviewer Agent 启动
[2026-05-18 20:47:55] [Reviewer] [INFO] ============================================================
[2026-05-18 20:47:55] [Reviewer] [INFO] 正在审查第184章...
[2026-05-18 20:47:56] [Reviewer] [INFO] 第165章审查完成：评分 8.3， verdict: 通过
[2026-05-18 20:47:56] [Reviewer] [INFO] 结果: success
[2026-05-18 20:47:56] [Reviewer] [INFO] ============================================================
[2026-05-18 20:47:56] [Reviewer] [INFO] Reviewer Agent 启动
[2026-05-18 20:47:56] [Reviewer] [INFO] ============================================================
[2026-05-18 20:47:56] [Reviewer] [INFO] 正在审查第166章...
[2026-05-18 20:47:56] [Reviewer] [INFO] 第195章审查完成：评分 8.2， verdict: 通过
[2026-05-18 20:47:56] [Reviewer] [INFO] 结果: success
[2026-05-18 20:47:56] [Reviewer] [INFO] ============================================================
[2026-05-18 20:47:56] [Reviewer] [INFO] Reviewer Agent 启动
[2026-05-18 20:47:56] [Reviewer] [INFO] ============================================================
[2026-05-18 20:47:56] [Reviewer] [INFO] 正在审查第196章...
[2026-05-18 20:47:57] [Reviewer] [INFO] 第169章审查完成：评分 8.6， verdict: 通过
[2026-05-18 20:47:57] [Reviewer] [INFO] 结果: success
[2026-05-18 20:47:57] [Reviewer] [INFO] 第185章审查完成：评分 8.5， verdict: 通过
[2026-05-18 20:47:57] [Reviewer] [INFO] 结果: success
[2026-05-18 20:47:57] [Reviewer] [INFO] ============================================================
[2026-05-18 20:47:57] [Reviewer] [INFO] Reviewer Agent 启动
[2026-05-18 20:47:57] [Reviewer] [INFO] ============================================================
[2026-05-18 20:47:57] [Reviewer] [INFO] ============================================================
[2026-05-18 20:47:57] [Reviewer] [INFO] Reviewer Agent 启动
[2026-05-18 20:47:57] [Reviewer] [INFO] ============================================================
[2026-05-18 20:47:57] [Reviewer] [INFO] 正在审查第186章...
[2026-05-18 20:47:57] [Reviewer] [INFO] 正在审查第170章...
[2026-05-18 20:47:58] [Reviewer] [INFO] 第163章审查完成：评分 7.8， verdict: 通过
[2026-05-18 20:47:58] [Reviewer] [INFO] 结果: success
[2026-05-18 20:47:58] [Reviewer] [INFO] ============================================================
[2026-05-18 20:47:58] [Reviewer] [INFO] Reviewer Agent 启动
[2026-05-18 20:47:58] [Reviewer] [INFO] ============================================================
[2026-05-18 20:47:58] [Reviewer] [INFO] 正在审查第164章...
[2026-05-18 20:47:59] [Reviewer] [ERROR] 第193章评审解析失败: Expecting ',' delimiter: line 16 column 17 (char 362)
[2026-05-18 20:47:59] [Reviewer] [INFO] 结果: parse_failed
[2026-05-18 20:47:59] [Reviewer] [INFO] 第191章审查完成：评分 7.8， verdict: 通过
[2026-05-18 20:47:59] [Reviewer] [INFO] 结果: success
[2026-05-18 20:47:59] [Reviewer] [INFO] ============================================================
[2026-05-18 20:47:59] [Reviewer] [INFO] Reviewer Agent 启动
[2026-05-18 20:47:59] [Reviewer] [INFO] ============================================================
[2026-05-18 20:47:59] [Reviewer] [INFO] 正在审查第194章...
[2026-05-18 20:47:59] [Reviewer] [INFO] ============================================================
[2026-05-18 20:47:59] [Reviewer] [INFO] Reviewer Agent 启动
[2026-05-18 20:47:59] [Reviewer] [INFO] ============================================================
[2026-05-18 20:47:59] [Reviewer] [INFO] 正在审查第192章...
[2026-05-18 20:48:01] [Reviewer] [INFO] 第175章审查完成：评分 8.5， verdict: 通过
[2026-05-18 20:48:01] [Reviewer] [INFO] 结果: success
[2026-05-18 20:48:01] [Reviewer] [INFO] ============================================================
[2026-05-18 20:48:01] [Reviewer] [INFO] Reviewer Agent 启动
[2026-05-18 20:48:01] [Reviewer] [INFO] ============================================================
[2026-05-18 20:48:01] [Reviewer] [INFO] 正在审查第176章...
[2026-05-18 20:48:02] [Reviewer] [INFO] 第197章审查完成：评分 7.5， verdict: 需修改
[2026-05-18 20:48:02] [Reviewer] [INFO] 结果: success
[2026-05-18 20:48:02] [Reviewer] [INFO] ============================================================
[2026-05-18 20:48:02] [Reviewer] [INFO] Reviewer Agent 启动
[2026-05-18 20:48:02] [Reviewer] [INFO] ============================================================
[2026-05-18 20:48:02] [Reviewer] [INFO] 正在审查第198章...
[2026-05-18 20:48:03] [Reviewer] [INFO] 第187章审查完成：评分 7.2， verdict: 需修改
[2026-05-18 20:48:03] [Reviewer] [INFO] 结果: success
[2026-05-18 20:48:03] [Reviewer] [INFO] ============================================================
[2026-05-18 20:48:03] [Reviewer] [INFO] Reviewer Agent 启动
[2026-05-18 20:48:03] [Reviewer] [INFO] ============================================================
[2026-05-18 20:48:03] [Reviewer] [INFO] 正在审查第188章...
[2026-05-18 20:48:03] [Reviewer] [INFO] 第159章审查完成：评分 8.3， verdict: 通过
[2026-05-18 20:48:03] [Reviewer] [INFO] 结果: success
[2026-05-18 20:48:03] [Reviewer] [INFO] ============================================================
[2026-05-18 20:48:03] [Reviewer] [INFO] Reviewer Agent 启动
[2026-05-18 20:48:03] [Reviewer] [INFO] ============================================================
[2026-05-18 20:48:03] [Reviewer] [INFO] 正在审查第160章...
[2026-05-18 20:48:04] [Reviewer] [INFO] 第179章审查完成：评分 7.6， verdict: 需修改
[2026-05-18 20:48:04] [Reviewer] [INFO] 结果: success
[2026-05-18 20:48:04] [Reviewer] [INFO] ============================================================
[2026-05-18 20:48:04] [Reviewer] [INFO] Reviewer Agent 启动
[2026-05-18 20:48:04] [Reviewer] [INFO] ============================================================
[2026-05-18 20:48:04] [Reviewer] [INFO] 正在审查第180章...
[2026-05-18 20:48:05] [Reviewer] [INFO] 第167章审查完成：评分 8.5， verdict: 通过
[2026-05-18 20:48:05] [Reviewer] [INFO] 结果: success
[2026-05-18 20:48:05] [Reviewer] [INFO] ============================================================
[2026-05-18 20:48:05] [Reviewer] [INFO] Reviewer Agent 启动
[2026-05-18 20:48:05] [Reviewer] [INFO] ============================================================
[2026-05-18 20:48:05] [Reviewer] [INFO] 正在审查第168章...
[2026-05-18 20:48:05] [Reviewer] [INFO] 第181章审查完成：评分 8.2， verdict: 通过
[2026-05-18 20:48:05] [Reviewer] [INFO] 结果: success
[2026-05-18 20:48:05] [Reviewer] [INFO] ============================================================
[2026-05-18 20:48:05] [Reviewer] [INFO] Reviewer Agent 启动
[2026-05-18 20:48:05] [Reviewer] [INFO] ============================================================
[2026-05-18 20:48:05] [Reviewer] [INFO] 正在审查第182章...
[2026-05-18 20:48:05] [Reviewer] [INFO] 第161章审查完成：评分 8.0， verdict: 通过
[2026-05-18 20:48:05] [Reviewer] [INFO] 结果: success
[2026-05-18 20:48:06] [Reviewer] [INFO] ============================================================
[2026-05-18 20:48:06] [Reviewer] [INFO] Reviewer Agent 启动
[2026-05-18 20:48:06] [Reviewer] [INFO] ============================================================
[2026-05-18 20:48:06] [Reviewer] [INFO] 正在审查第162章...
[2026-05-18 20:48:11] [Reviewer] [INFO] 第171章审查完成：评分 7.5， verdict: 需修改
[2026-05-18 20:48:11] [Reviewer] [INFO] 结果: success
[2026-05-18 20:48:11] [Reviewer] [INFO] ============================================================
[2026-05-18 20:48:11] [Reviewer] [INFO] Reviewer Agent 启动
[2026-05-18 20:48:11] [Reviewer] [INFO] ============================================================
[2026-05-18 20:48:11] [Reviewer] [INFO] 正在审查第172章...
[2026-05-18 20:48:11] [Reviewer] [INFO] 第174章审查完成：评分 8.0， verdict: 通过
[2026-05-18 20:48:11] [Reviewer] [INFO] 结果: success
[2026-05-18 20:48:13] [Reviewer] [INFO] 第166章审查完成：评分 8.1， verdict: 通过
[2026-05-18 20:48:13] [Reviewer] [INFO] 结果: success
[2026-05-18 20:48:13] [Reviewer] [INFO] 第178章审查完成：评分 7.3， verdict: 需修改
[2026-05-18 20:48:13] [Reviewer] [INFO] 结果: success
[2026-05-18 20:48:14] [Reviewer] [INFO] 第196章审查完成：评分 8.8， verdict: 通过
[2026-05-18 20:48:14] [Reviewer] [INFO] 结果: success
[2026-05-18 20:48:15] [Reviewer] [INFO] 第190章审查完成：评分 8.0， verdict: 通过
[2026-05-18 20:48:15] [Reviewer] [INFO] 结果: success
[2026-05-18 20:48:17] [Reviewer] [INFO] 第184章审查完成：评分 8.2， verdict: 通过
[2026-05-18 20:48:17] [Reviewer] [INFO] 结果: success
[2026-05-18 20:48:18] [Reviewer] [INFO] 第170章审查完成：评分 8.3， verdict: 通过
[2026-05-18 20:48:18] [Reviewer] [INFO] 结果: success
[2026-05-18 20:48:20] [Reviewer] [INFO] 第186章审查完成：评分 8.3， verdict: 通过
[2026-05-18 20:48:20] [Reviewer] [INFO] 结果: success
[2026-05-18 20:48:21] [Reviewer] [INFO] 第176章审查完成：评分 8.5， verdict: 通过
[2026-05-18 20:48:21] [Reviewer] [INFO] 结果: success
[2026-05-18 20:48:22] [Reviewer] [INFO] 第164章审查完成：评分 7.8， verdict: 通过
[2026-05-18 20:48:22] [Reviewer] [INFO] 结果: success
[2026-05-18 20:48:22] [Reviewer] [INFO] 第198章审查完成：评分 8.6， verdict: 通过
[2026-05-18 20:48:22] [Reviewer] [INFO] 结果: success
[2026-05-18 20:48:22] [Reviewer] [INFO] 第194章审查完成：评分 8.3， verdict: 通过
[2026-05-18 20:48:22] [Reviewer] [INFO] 结果: success
[2026-05-18 20:48:24] [Reviewer] [INFO] 第180章审查完成：评分 7.2， verdict: 需修改
[2026-05-18 20:48:24] [Reviewer] [INFO] 结果: success
[2026-05-18 20:48:25] [Reviewer] [INFO] 第182章审查完成：评分 8.0， verdict: 通过
[2026-05-18 20:48:25] [Reviewer] [INFO] 结果: success
[2026-05-18 20:48:25] [Reviewer] [INFO] 第188章审查完成：评分 8.2， verdict: 通过
[2026-05-18 20:48:25] [Reviewer] [INFO] 结果: success
[2026-05-18 20:48:27] [Reviewer] [INFO] 第172章审查完成：评分 8.0， verdict: 需修改
[2026-05-18 20:48:27] [Reviewer] [INFO] 结果: success
[2026-05-18 20:48:27] [Reviewer] [INFO] 第160章审查完成：评分 8.6， verdict: 通过
[2026-05-18 20:48:27] [Reviewer] [INFO] 结果: success
[2026-05-18 20:48:28] [Reviewer] [INFO] 第162章审查完成：评分 8.3， verdict: 通过
[2026-05-18 20:48:28] [Reviewer] [INFO] 结果: success
[2026-05-18 20:48:28] [Reviewer] [INFO] 第168章审查完成：评分 8.2， verdict: 通过
[2026-05-18 20:48:28] [Reviewer] [INFO] 结果: success
[2026-05-18 20:48:35] [Reviewer] [INFO] 第192章审查完成：评分 7.5， verdict: 需修改
[2026-05-18 20:48:35] [Reviewer] [INFO] 结果: success
[2026-05-18 20:48:36] [Reviewer] [INFO] ============================================================
[2026-05-18 20:48:36] [Reviewer] [INFO] Reviewer Agent 启动
[2026-05-18 20:48:36] [Reviewer] [INFO] ============================================================
[2026-05-18 20:48:36] [Reviewer] [INFO] 正在审查第193章...
[2026-05-18 20:48:36] [Reviewer] [INFO] ============================================================
[2026-05-18 20:48:36] [Reviewer] [INFO] Reviewer Agent 启动
[2026-05-18 20:48:36] [Reviewer] [INFO] ============================================================
[2026-05-18 20:48:36] [Reviewer] [INFO] ============================================================
[2026-05-18 20:48:36] [Reviewer] [INFO] Reviewer Agent 启动
[2026-05-18 20:48:36] [Reviewer] [INFO] ============================================================
[2026-05-18 20:48:36] [Reviewer] [INFO] ============================================================
[2026-05-18 20:48:36] [Reviewer] [INFO] Reviewer Agent 启动
[2026-05-18 20:48:36] [Reviewer] [INFO] ============================================================
[2026-05-18 20:48:36] [Reviewer] [INFO] 正在审查第202章...
[2026-05-18 20:48:36] [Reviewer] [INFO] 正在审查第200章...
[2026-05-18 20:48:36] [Reviewer] [INFO] 正在审查第212章...
[2026-05-18 20:48:36] [Reviewer] [INFO] ============================================================
[2026-05-18 20:48:36] [Reviewer] [INFO] Reviewer Agent 启动
[2026-05-18 20:48:36] [Reviewer] [INFO] ============================================================
[2026-05-18 20:48:36] [Reviewer] [INFO] ============================================================
[2026-05-18 20:48:36] [Reviewer] [INFO] Reviewer Agent 启动
[2026-05-18 20:48:36] [Reviewer] [INFO] ============================================================
[2026-05-18 20:48:36] [Reviewer] [INFO] ============================================================
[2026-05-18 20:48:36] [Reviewer] [INFO] Reviewer Agent 启动
[2026-05-18 20:48:36] [Reviewer] [INFO] ============================================================
[2026-05-18 20:48:36] [Reviewer] [INFO] ============================================================
[2026-05-18 20:48:36] [Reviewer] [INFO] ============================================================
[2026-05-18 20:48:36] [Reviewer] [INFO] ============================================================
[2026-05-18 20:48:36] [Reviewer] [INFO] Reviewer Agent 启动
[2026-05-18 20:48:36] [Reviewer] [INFO] ============================================================
[2026-05-18 20:48:36] [Reviewer] [INFO] ============================================================
[2026-05-18 20:48:36] [Reviewer] [INFO] Reviewer Agent 启动
[2026-05-18 20:48:36] [Reviewer] [INFO] ============================================================
[2026-05-18 20:48:36] [Reviewer] [INFO] 正在审查第204章...
[2026-05-18 20:48:36] [Reviewer] [INFO] 正在审查第208章...
[2026-05-18 20:48:36] [Reviewer] [INFO] 正在审查第218章...
[2026-05-18 20:48:36] [Reviewer] [INFO] 正在审查第216章...
[2026-05-18 20:48:36] [Reviewer] [INFO] 正在审查第210章...
[2026-05-18 20:48:36] [Reviewer] [INFO] 正在审查第206章...
[2026-05-18 20:48:36] [Reviewer] [INFO] ============================================================
[2026-05-18 20:48:36] [Reviewer] [INFO] Reviewer Agent 启动
[2026-05-18 20:48:36] [Reviewer] [INFO] ============================================================
[2026-05-18 20:48:36] [Reviewer] [INFO] 正在审查第214章...
[2026-05-18 20:48:36] [Reviewer] [INFO] ============================================================
[2026-05-18 20:48:36] [Reviewer] [INFO] Reviewer Agent 启动
[2026-05-18 20:48:36] [Reviewer] [INFO] ============================================================
[2026-05-18 20:48:36] [Reviewer] [INFO] ============================================================
[2026-05-18 20:48:36] [Reviewer] [INFO] Reviewer Agent 启动
[2026-05-18 20:48:36] [Reviewer] [INFO] ============================================================
[2026-05-18 20:48:36] [Reviewer] [INFO] ============================================================
[2026-05-18 20:48:36] [Reviewer] [INFO] Reviewer Agent 启动
[2026-05-18 20:48:36] [Reviewer] [INFO] ============================================================
[2026-05-18 20:48:36] [Reviewer] [INFO] ============================================================
[2026-05-18 20:48:36] [Reviewer] [INFO] Reviewer Agent 启动
[2026-05-18 20:48:36] [Reviewer] [INFO] ============================================================
[2026-05-18 20:48:36] [Reviewer] [INFO] ============================================================
[2026-05-18 20:48:36] [Reviewer] [INFO] Reviewer Agent 启动
[2026-05-18 20:48:36] [Reviewer] [INFO] ============================================================
[2026-05-18 20:48:36] [Reviewer] [INFO] 正在审查第228章...
[2026-05-18 20:48:36] [Reviewer] [INFO] 正在审查第222章...
[2026-05-18 20:48:36] [Reviewer] [INFO] 正在审查第230章...
[2026-05-18 20:48:36] [Reviewer] [INFO] ============================================================
[2026-05-18 20:48:36] [Reviewer] [INFO] ============================================================
[2026-05-18 20:48:36] [Reviewer] [INFO] ============================================================
[2026-05-18 20:48:36] [Reviewer] [INFO] Reviewer Agent 启动
[2026-05-18 20:48:36] [Reviewer] [INFO] ============================================================
[2026-05-18 20:48:36] [Reviewer] [INFO] 正在审查第226章...
[2026-05-18 20:48:36] [Reviewer] [INFO] 正在审查第220章...
[2026-05-18 20:48:36] [Reviewer] [INFO] ============================================================
[2026-05-18 20:48:36] [Reviewer] [INFO] Reviewer Agent 启动
[2026-05-18 20:48:36] [Reviewer] [INFO] 正在审查第234章...
[2026-05-18 20:48:36] [Reviewer] [INFO] ============================================================
[2026-05-18 20:48:36] [Reviewer] [INFO] 正在审查第224章...
[2026-05-18 20:48:36] [Reviewer] [INFO] 正在审查第236章...
[2026-05-18 20:48:36] [Reviewer] [INFO] ============================================================
[2026-05-18 20:48:36] [Reviewer] [INFO] Reviewer Agent 启动
[2026-05-18 20:48:36] [Reviewer] [INFO] ============================================================
[2026-05-18 20:48:37] [Reviewer] [INFO] 正在审查第232章...
[2026-05-18 20:48:55] [Reviewer] [INFO] 第234章审查完成：评分 8.0， verdict: 通过
[2026-05-18 20:48:55] [Reviewer] [INFO] 结果: success
[2026-05-18 20:48:55] [Reviewer] [INFO] ============================================================
[2026-05-18 20:48:55] [Reviewer] [INFO] Reviewer Agent 启动
[2026-05-18 20:48:55] [Reviewer] [INFO] ============================================================
[2026-05-18 20:48:55] [Reviewer] [INFO] 正在审查第235章...
[2026-05-18 20:48:55] [Reviewer] [INFO] 第206章审查完成：评分 7.8， verdict: 需修改
[2026-05-18 20:48:55] [Reviewer] [INFO] 结果: success
[2026-05-18 20:48:55] [Reviewer] [INFO] ============================================================
[2026-05-18 20:48:55] [Reviewer] [INFO] Reviewer Agent 启动
[2026-05-18 20:48:55] [Reviewer] [INFO] ============================================================
[2026-05-18 20:48:55] [Reviewer] [INFO] 正在审查第207章...
[2026-05-18 20:48:56] [Reviewer] [INFO] 第236章审查完成：评分 7.5， verdict: 需修改
[2026-05-18 20:48:56] [Reviewer] [INFO] 结果: success
[2026-05-18 20:48:56] [Reviewer] [INFO] ============================================================
[2026-05-18 20:48:56] [Reviewer] [INFO] Reviewer Agent 启动
[2026-05-18 20:48:56] [Reviewer] [INFO] ============================================================
[2026-05-18 20:48:56] [Reviewer] [INFO] 正在审查第237章...
[2026-05-18 20:48:57] [Reviewer] [INFO] 第200章审查完成：评分 7.8， verdict: 通过
[2026-05-18 20:48:57] [Reviewer] [INFO] 结果: success
[2026-05-18 20:48:58] [Reviewer] [INFO] ============================================================
[2026-05-18 20:48:58] [Reviewer] [INFO] Reviewer Agent 启动
[2026-05-18 20:48:58] [Reviewer] [INFO] ============================================================
[2026-05-18 20:48:58] [Reviewer] [INFO] 正在审查第201章...
[2026-05-18 20:48:58] [Reviewer] [INFO] 第228章审查完成：评分 8.6， verdict: 通过
[2026-05-18 20:48:58] [Reviewer] [INFO] 结果: success
[2026-05-18 20:48:58] [Reviewer] [INFO] ============================================================
[2026-05-18 20:48:58] [Reviewer] [INFO] Reviewer Agent 启动
[2026-05-18 20:48:58] [Reviewer] [INFO] ============================================================
[2026-05-18 20:48:58] [Reviewer] [INFO] 正在审查第229章...
[2026-05-18 20:48:59] [Reviewer] [INFO] 第224章审查完成：评分 6.8， verdict: 需修改
[2026-05-18 20:48:59] [Reviewer] [INFO] 结果: success
[2026-05-18 20:48:59] [Reviewer] [INFO] ============================================================
[2026-05-18 20:48:59] [Reviewer] [INFO] Reviewer Agent 启动
[2026-05-18 20:48:59] [Reviewer] [INFO] ============================================================
[2026-05-18 20:48:59] [Reviewer] [INFO] 正在审查第225章...
[2026-05-18 20:49:00] [Reviewer] [INFO] 第204章审查完成：评分 7.2， verdict: 需修改
[2026-05-18 20:49:00] [Reviewer] [INFO] 结果: success
[2026-05-18 20:49:00] [Reviewer] [INFO] 第214章审查完成：评分 7.6， verdict: 通过
[2026-05-18 20:49:00] [Reviewer] [INFO] 结果: success
[2026-05-18 20:49:00] [Reviewer] [INFO] ============================================================
[2026-05-18 20:49:00] [Reviewer] [INFO] Reviewer Agent 启动
[2026-05-18 20:49:00] [Reviewer] [INFO] ============================================================
[2026-05-18 20:49:00] [Reviewer] [INFO] ============================================================
[2026-05-18 20:49:00] [Reviewer] [INFO] Reviewer Agent 启动
[2026-05-18 20:49:00] [Reviewer] [INFO] ============================================================
[2026-05-18 20:49:00] [Reviewer] [INFO] 正在审查第205章...
[2026-05-18 20:49:00] [Reviewer] [INFO] 正在审查第215章...
[2026-05-18 20:49:00] [Reviewer] [INFO] 第220章审查完成：评分 8.0， verdict: 通过
[2026-05-18 20:49:00] [Reviewer] [INFO] 结果: success
[2026-05-18 20:49:00] [Reviewer] [INFO] ============================================================
[2026-05-18 20:49:00] [Reviewer] [INFO] Reviewer Agent 启动
[2026-05-18 20:49:00] [Reviewer] [INFO] ============================================================
[2026-05-18 20:49:00] [Reviewer] [INFO] 正在审查第221章...
[2026-05-18 20:49:00] [Reviewer] [INFO] 第230章审查完成：评分 8.6， verdict: 通过
[2026-05-18 20:49:00] [Reviewer] [INFO] 结果: success
[2026-05-18 20:49:01] [Reviewer] [INFO] ============================================================
[2026-05-18 20:49:01] [Reviewer] [INFO] Reviewer Agent 启动
[2026-05-18 20:49:01] [Reviewer] [INFO] ============================================================
[2026-05-18 20:49:01] [Reviewer] [INFO] 正在审查第231章...
[2026-05-18 20:49:01] [Reviewer] [INFO] 第216章审查完成：评分 7.2， verdict: 需修改
[2026-05-18 20:49:01] [Reviewer] [INFO] 结果: success
[2026-05-18 20:49:01] [Reviewer] [INFO] ============================================================
[2026-05-18 20:49:01] [Reviewer] [INFO] Reviewer Agent 启动
[2026-05-18 20:49:01] [Reviewer] [INFO] ============================================================
[2026-05-18 20:49:01] [Reviewer] [INFO] 正在审查第217章...
[2026-05-18 20:49:01] [Reviewer] [INFO] 第208章审查完成：评分 8.2， verdict: 通过
[2026-05-18 20:49:01] [Reviewer] [INFO] 结果: success
[2026-05-18 20:49:01] [Reviewer] [INFO] ============================================================
[2026-05-18 20:49:01] [Reviewer] [INFO] Reviewer Agent 启动
[2026-05-18 20:49:01] [Reviewer] [INFO] ============================================================
[2026-05-18 20:49:01] [Reviewer] [INFO] 正在审查第209章...
[2026-05-18 20:49:02] [Reviewer] [INFO] 第222章审查完成：评分 8.0， verdict: 通过
[2026-05-18 20:49:02] [Reviewer] [INFO] 结果: success
[2026-05-18 20:49:02] [Reviewer] [INFO] ============================================================
[2026-05-18 20:49:02] [Reviewer] [INFO] Reviewer Agent 启动
[2026-05-18 20:49:02] [Reviewer] [INFO] ============================================================
[2026-05-18 20:49:02] [Reviewer] [INFO] 正在审查第223章...
[2026-05-18 20:49:02] [Reviewer] [INFO] 第202章审查完成：评分 7.8， verdict: 通过
[2026-05-18 20:49:02] [Reviewer] [INFO] 结果: success
[2026-05-18 20:49:02] [Reviewer] [INFO] ============================================================
[2026-05-18 20:49:02] [Reviewer] [INFO] Reviewer Agent 启动
[2026-05-18 20:49:02] [Reviewer] [INFO] ============================================================
[2026-05-18 20:49:02] [Reviewer] [INFO] 正在审查第203章...
[2026-05-18 20:49:03] [Reviewer] [INFO] 第232章审查完成：评分 8.5， verdict: 通过
[2026-05-18 20:49:03] [Reviewer] [INFO] 结果: success
[2026-05-18 20:49:03] [Reviewer] [INFO] ============================================================
[2026-05-18 20:49:03] [Reviewer] [INFO] Reviewer Agent 启动
[2026-05-18 20:49:03] [Reviewer] [INFO] ============================================================
[2026-05-18 20:49:03] [Reviewer] [INFO] 正在审查第233章...
[2026-05-18 20:49:04] [Reviewer] [INFO] 第212章审查完成：评分 7.3， verdict: 需修改
[2026-05-18 20:49:04] [Reviewer] [INFO] 结果: success
[2026-05-18 20:49:04] [Reviewer] [INFO] ============================================================
[2026-05-18 20:49:04] [Reviewer] [INFO] Reviewer Agent 启动
[2026-05-18 20:49:04] [Reviewer] [INFO] ============================================================
[2026-05-18 20:49:04] [Reviewer] [INFO] 正在审查第213章...
[2026-05-18 20:49:04] [Reviewer] [INFO] 第218章审查完成：评分 8.3， verdict: 通过
[2026-05-18 20:49:04] [Reviewer] [INFO] 结果: success
[2026-05-18 20:49:04] [Reviewer] [INFO] ============================================================
[2026-05-18 20:49:04] [Reviewer] [INFO] Reviewer Agent 启动
[2026-05-18 20:49:04] [Reviewer] [INFO] ============================================================
[2026-05-18 20:49:04] [Reviewer] [INFO] 正在审查第219章...
[2026-05-18 20:49:05] [Reviewer] [INFO] 第193章审查完成：评分 7.8， verdict: 需修改
[2026-05-18 20:49:05] [Reviewer] [INFO] 结果: success
[2026-05-18 20:49:05] [Reviewer] [INFO] ============================================================
[2026-05-18 20:49:05] [Reviewer] [INFO] Reviewer Agent 启动
[2026-05-18 20:49:05] [Reviewer] [INFO] ============================================================
[2026-05-18 20:49:05] [Reviewer] [INFO] 正在审查第199章...
[2026-05-18 20:49:05] [Reviewer] [INFO] 第210章审查完成：评分 8.4， verdict: 通过
[2026-05-18 20:49:05] [Reviewer] [INFO] 结果: success
[2026-05-18 20:49:05] [Reviewer] [INFO] ============================================================
[2026-05-18 20:49:05] [Reviewer] [INFO] Reviewer Agent 启动
[2026-05-18 20:49:05] [Reviewer] [INFO] ============================================================
[2026-05-18 20:49:05] [Reviewer] [INFO] 正在审查第211章...
[2026-05-18 20:49:09] [Reviewer] [INFO] 第226章审查完成：评分 8.2， verdict: 通过
[2026-05-18 20:49:09] [Reviewer] [INFO] 结果: success
[2026-05-18 20:49:09] [Reviewer] [INFO] ============================================================
[2026-05-18 20:49:09] [Reviewer] [INFO] Reviewer Agent 启动
[2026-05-18 20:49:09] [Reviewer] [INFO] ============================================================
[2026-05-18 20:49:09] [Reviewer] [INFO] 正在审查第227章...
[2026-05-18 20:49:14] [Reviewer] [INFO] 第237章审查完成：评分 8.2， verdict: 通过
[2026-05-18 20:49:14] [Reviewer] [INFO] 结果: success
[2026-05-18 20:49:15] [Reviewer] [INFO] 第207章审查完成：评分 7.5， verdict: 需修改
[2026-05-18 20:49:15] [Reviewer] [INFO] 结果: success
[2026-05-18 20:49:18] [Reviewer] [INFO] 第215章审查完成：评分 7.8， verdict: 通过
[2026-05-18 20:49:18] [Reviewer] [INFO] 结果: success
[2026-05-18 20:49:18] [Reviewer] [INFO] 第201章审查完成：评分 7.2， verdict: 需修改
[2026-05-18 20:49:18] [Reviewer] [INFO] 结果: success
[2026-05-18 20:49:20] [Reviewer] [INFO] 第225章审查完成：评分 7.4， verdict: 需修改
[2026-05-18 20:49:20] [Reviewer] [INFO] 结果: success
[2026-05-18 20:49:20] [Reviewer] [INFO] 第231章审查完成：评分 8.6， verdict: 通过
[2026-05-18 20:49:20] [Reviewer] [INFO] 结果: success
[2026-05-18 20:49:20] [Reviewer] [INFO] 第209章审查完成：评分 7.8， verdict: 通过
[2026-05-18 20:49:20] [Reviewer] [INFO] 结果: success
[2026-05-18 20:49:20] [Reviewer] [INFO] 第199章审查完成：评分 8.5， verdict: 通过
[2026-05-18 20:49:20] [Reviewer] [INFO] 结果: success
[2026-05-18 20:49:21] [Reviewer] [INFO] 第235章审查完成：评分 8.0， verdict: 通过
[2026-05-18 20:49:21] [Reviewer] [INFO] 结果: success
[2026-05-18 20:49:21] [Reviewer] [INFO] 第221章审查完成：评分 7.8， verdict: 需修改
[2026-05-18 20:49:21] [Reviewer] [INFO] 结果: success
[2026-05-18 20:49:21] [Reviewer] [INFO] 第205章审查完成：评分 8.2， verdict: 通过
[2026-05-18 20:49:21] [Reviewer] [INFO] 结果: success
[2026-05-18 20:49:21] [Reviewer] [INFO] 第229章审查完成：评分 8.1， verdict: 通过
[2026-05-18 20:49:21] [Reviewer] [INFO] 结果: success
[2026-05-18 20:49:22] [Reviewer] [INFO] 第223章审查完成：评分 7.8， verdict: 需修改
[2026-05-18 20:49:22] [Reviewer] [INFO] 结果: success
[2026-05-18 20:49:22] [Reviewer] [INFO] 第211章审查完成：评分 7.5， verdict: 需修改
[2026-05-18 20:49:22] [Reviewer] [INFO] 结果: success
[2026-05-18 20:49:23] [Reviewer] [INFO] 第213章审查完成：评分 7.8， verdict: 通过
[2026-05-18 20:49:23] [Reviewer] [INFO] 结果: success
[2026-05-18 20:49:23] [Reviewer] [INFO] 第217章审查完成：评分 8.5， verdict: 通过
[2026-05-18 20:49:23] [Reviewer] [INFO] 结果: success
[2026-05-18 20:49:29] [Reviewer] [INFO] 第219章审查完成：评分 6.8， verdict: 需修改
[2026-05-18 20:49:29] [Reviewer] [INFO] 结果: success
[2026-05-18 20:49:29] [Reviewer] [INFO] 第233章审查完成：评分 8.3， verdict: 通过
[2026-05-18 20:49:29] [Reviewer] [INFO] 结果: success
[2026-05-18 20:49:30] [Reviewer] [INFO] 第227章审查完成：评分 8.2， verdict: 通过
[2026-05-18 20:49:30] [Reviewer] [INFO] 结果: success
[2026-05-18 20:49:33] [Reviewer] [INFO] 第203章审查完成：评分 7.8， verdict: 需修改
[2026-05-18 20:49:33] [Reviewer] [INFO] 结果: success
[2026-05-18 20:49:35] [Reviewer] [INFO] ============================================================
[2026-05-18 20:49:35] [Reviewer] [INFO] Reviewer Agent 启动
[2026-05-18 20:49:35] [Reviewer] [INFO] ============================================================
[2026-05-18 20:49:35] [Reviewer] [INFO] 正在审查第238章...
[2026-05-18 20:49:35] [Reviewer] [INFO] ============================================================
[2026-05-18 20:49:35] [Reviewer] [INFO] Reviewer Agent 启动
[2026-05-18 20:49:35] [Reviewer] [INFO] ============================================================
[2026-05-18 20:49:35] [Reviewer] [INFO] 正在审查第242章...
[2026-05-18 20:49:35] [Reviewer] [INFO] ============================================================
[2026-05-18 20:49:35] [Reviewer] [INFO] Reviewer Agent 启动
[2026-05-18 20:49:35] [Reviewer] [INFO] ============================================================
[2026-05-18 20:49:35] [Reviewer] [INFO] ============================================================
[2026-05-18 20:49:35] [Reviewer] [INFO] Reviewer Agent 启动
[2026-05-18 20:49:35] [Reviewer] [INFO] ============================================================
[2026-05-18 20:49:35] [Reviewer] [INFO] 正在审查第240章...
[2026-05-18 20:49:35] [Reviewer] [INFO] 正在审查第248章...
[2026-05-18 20:49:35] [Reviewer] [INFO] ============================================================
[2026-05-18 20:49:35] [Reviewer] [INFO] Reviewer Agent 启动
[2026-05-18 20:49:35] [Reviewer] [INFO] ============================================================
[2026-05-18 20:49:35] [Reviewer] [INFO] ============================================================
[2026-05-18 20:49:35] [Reviewer] [INFO] Reviewer Agent 启动
[2026-05-18 20:49:35] [Reviewer] [INFO] ============================================================
[2026-05-18 20:49:35] [Reviewer] [INFO] ============================================================
[2026-05-18 20:49:35] [Reviewer] [INFO] Reviewer Agent 启动
[2026-05-18 20:49:35] [Reviewer] [INFO] ============================================================
[2026-05-18 20:49:35] [Reviewer] [INFO] 正在审查第246章...
[2026-05-18 20:49:35] [Reviewer] [INFO] 正在审查第256章...
[2026-05-18 20:49:35] [Reviewer] [INFO] ============================================================
[2026-05-18 20:49:35] [Reviewer] [INFO] 正在审查第250章...
26-05-18 20:49:35] [Reviewer] [INFO] Reviewer Agent 启动
[2026-05-18 20:49:35] [Reviewer] [INFO] Reviewer Agent 启动
[2026-05-18 20:49:35] [Reviewer] [INFO] ============================================================
[2026-05-18 20:49:35] [Reviewer] [INFO] ============================================================
[2026-05-18 20:49:35] [Reviewer] [INFO] ============================================================
[2026-05-18 20:49:35] [Reviewer] [INFO] 正在审查第244章...
[2026-05-18 20:49:35] [Reviewer] [INFO] 正在审查第252章...
[2026-05-18 20:49:35] [Reviewer] [INFO] 正在审查第254章...
[2026-05-18 20:49:35] [Reviewer] [INFO] ============================================================
[2026-05-18 20:49:35] [Reviewer] [INFO] Reviewer Agent 启动
[2026-05-18 20:49:35] [Reviewer] [INFO] ============================================================
[2026-05-18 20:49:35] [Reviewer] [INFO] ============================================================
[2026-05-18 20:49:35] [Reviewer] [INFO] Reviewer Agent 启动
[2026-05-18 20:49:35] [Reviewer] [INFO] ============================================================
[2026-05-18 20:49:35] [Reviewer] [INFO] ============================================================
[2026-05-18 20:49:35] [Reviewer] [INFO] Reviewer Agent 启动
[2026-05-18 20:49:35] [Reviewer] [INFO] ============================================================
[2026-05-18 20:49:35] [Reviewer] [INFO] 正在审查第266章...
[2026-05-18 20:49:35] [Reviewer] [INFO] 正在审查第262章...
[2026-05-18 20:49:35] [Reviewer] [INFO] ============================================================
[2026-05-18 20:49:35] [Reviewer] [INFO] Reviewer Agent 启动
[2026-05-18 20:49:35] [Reviewer] [INFO] ============================================================
[2026-05-18 20:49:35] [Reviewer] [INFO] ============================================================
[2026-05-18 20:49:35] [Reviewer] [INFO] Reviewer Agent 启动
[2026-05-18 20:49:35] [Reviewer] [INFO] ============================================================
[2026-05-18 20:49:35] [Reviewer] [INFO] 正在审查第268章...
[2026-05-18 20:49:35] [Reviewer] [INFO] ============================================================
[2026-05-18 20:49:35] [Reviewer] [INFO] Reviewer Agent 启动
[2026-05-18 20:49:35] [Reviewer] [INFO] ============================================================
[2026-05-18 20:49:35] [Reviewer] [INFO] ============================================================
[2026-05-18 20:49:35] [Reviewer] [INFO] Reviewer Agent 启动
[2026-05-18 20:49:35] [Reviewer] [INFO] ============================================================
[2026-05-18 20:49:35] [Reviewer] [INFO] ============================================================
[2026-05-18 20:49:35] [Reviewer] [INFO] Reviewer Agent 启动
[2026-05-18 20:49:35] [Reviewer] [INFO] ============================================================
[2026-05-18 20:49:35] [Reviewer] [INFO] 正在审查第264章...
[2026-05-18 20:49:35] [Reviewer] [INFO] 正在审查第258章...
[2026-05-18 20:49:35] [Reviewer] [INFO] ============================================================
[2026-05-18 20:49:35] [Reviewer] [INFO] Reviewer Agent 启动
[2026-05-18 20:49:35] [Reviewer] [INFO] ============================================================
[2026-05-18 20:49:35] [Reviewer] [INFO] ============================================================
[2026-05-18 20:49:35] [Reviewer] [INFO] Reviewer Agent 启动
[2026-05-18 20:49:35] [Reviewer] [INFO] ============================================================
[2026-05-18 20:49:35] [Reviewer] [INFO] 正在审查第276章...
[2026-05-18 20:49:35] [Reviewer] [INFO] 正在审查第260章...
[2026-05-18 20:49:35] [Reviewer] [INFO] 正在审查第274章...
[2026-05-18 20:49:35] [Reviewer] [INFO] 正在审查第272章...
[2026-05-18 20:49:35] [Reviewer] [INFO] 正在审查第270章...
[2026-05-18 20:49:53] [Reviewer] [INFO] 第262章审查完成：评分 7.8， verdict: 通过
[2026-05-18 20:49:53] [Reviewer] [INFO] 结果: success
[2026-05-18 20:49:53] [Reviewer] [INFO] ============================================================
[2026-05-18 20:49:53] [Reviewer] [INFO] Reviewer Agent 启动
[2026-05-18 20:49:53] [Reviewer] [INFO] ============================================================
[2026-05-18 20:49:53] [Reviewer] [INFO] 正在审查第263章...
[2026-05-18 20:49:54] [Reviewer] [INFO] 第268章审查完成：评分 7.8， verdict: 通过
[2026-05-18 20:49:54] [Reviewer] [INFO] 结果: success
[2026-05-18 20:49:54] [Reviewer] [INFO] ============================================================
[2026-05-18 20:49:54] [Reviewer] [INFO] Reviewer Agent 启动
[2026-05-18 20:49:54] [Reviewer] [INFO] ============================================================
[2026-05-18 20:49:54] [Reviewer] [INFO] 正在审查第269章...
[2026-05-18 20:49:54] [Reviewer] [INFO] 第248章审查完成：评分 7.8， verdict: 通过
[2026-05-18 20:49:54] [Reviewer] [INFO] 结果: success
[2026-05-18 20:49:54] [Reviewer] [INFO] 第276章审查完成：评分 7.8， verdict: 通过
[2026-05-18 20:49:54] [Reviewer] [INFO] 结果: success
[2026-05-18 20:49:54] [Reviewer] [INFO] ============================================================
[2026-05-18 20:49:54] [Reviewer] [INFO] Reviewer Agent 启动
[2026-05-18 20:49:54] [Reviewer] [INFO] ============================================================
[2026-05-18 20:49:54] [Reviewer] [INFO] 正在审查第249章...
[2026-05-18 20:49:54] [Reviewer] [INFO] ============================================================
[2026-05-18 20:49:54] [Reviewer] [INFO] Reviewer Agent 启动
[2026-05-18 20:49:54] [Reviewer] [INFO] ============================================================
[2026-05-18 20:49:54] [Reviewer] [INFO] 第266章审查完成：评分 7.2， verdict: 需修改
[2026-05-18 20:49:54] [Reviewer] [INFO] 结果: success
[2026-05-18 20:49:54] [Reviewer] [INFO] 正在审查第277章...
[2026-05-18 20:49:54] [Reviewer] [INFO] ============================================================
[2026-05-18 20:49:54] [Reviewer] [INFO] Reviewer Agent 启动
[2026-05-18 20:49:54] [Reviewer] [INFO] ============================================================
[2026-05-18 20:49:54] [Reviewer] [INFO] 正在审查第267章...
[2026-05-18 20:49:55] [Reviewer] [INFO] 第272章审查完成：评分 7.8， verdict: 需修改
[2026-05-18 20:49:55] [Reviewer] [INFO] 结果: success
[2026-05-18 20:49:55] [Reviewer] [INFO] ============================================================
[2026-05-18 20:49:55] [Reviewer] [INFO] Reviewer Agent 启动
[2026-05-18 20:49:55] [Reviewer] [INFO] ============================================================
[2026-05-18 20:49:55] [Reviewer] [INFO] 正在审查第273章...
[2026-05-18 20:49:55] [Reviewer] [INFO] 第242章审查完成：评分 7.2， verdict: 需修改
[2026-05-18 20:49:55] [Reviewer] [INFO] 结果: success
[2026-05-18 20:49:55] [Reviewer] [INFO] ============================================================
[2026-05-18 20:49:55] [Reviewer] [INFO] Reviewer Agent 启动
[2026-05-18 20:49:55] [Reviewer] [INFO] ============================================================
[2026-05-18 20:49:55] [Reviewer] [INFO] 正在审查第243章...
[2026-05-18 20:49:56] [Reviewer] [INFO] 第254章审查完成：评分 8.2， verdict: 通过
[2026-05-18 20:49:56] [Reviewer] [INFO] 结果: success
[2026-05-18 20:49:56] [Reviewer] [INFO] ============================================================
[2026-05-18 20:49:56] [Reviewer] [INFO] Reviewer Agent 启动
[2026-05-18 20:49:56] [Reviewer] [INFO] ============================================================
[2026-05-18 20:49:56] [Reviewer] [INFO] 正在审查第255章...
[2026-05-18 20:49:56] [Reviewer] [INFO] 第260章审查完成：评分 7.8， verdict: 通过
[2026-05-18 20:49:56] [Reviewer] [INFO] 结果: success
[2026-05-18 20:49:56] [Reviewer] [INFO] 第238章审查完成：评分 7.5， verdict: 需修改
[2026-05-18 20:49:56] [Reviewer] [INFO] 结果: success
[2026-05-18 20:49:56] [Reviewer] [INFO] ============================================================
[2026-05-18 20:49:56] [Reviewer] [INFO] Reviewer Agent 启动
[2026-05-18 20:49:56] [Reviewer] [INFO] ============================================================
[2026-05-18 20:49:56] [Reviewer] [INFO] 正在审查第261章...
[2026-05-18 20:49:56] [Reviewer] [INFO] ============================================================
[2026-05-18 20:49:56] [Reviewer] [INFO] Reviewer Agent 启动
[2026-05-18 20:49:56] [Reviewer] [INFO] ============================================================
[2026-05-18 20:49:56] [Reviewer] [INFO] 正在审查第239章...
[2026-05-18 20:49:56] [Reviewer] [INFO] 第258章审查完成：评分 6.6， verdict: 需修改
[2026-05-18 20:49:56] [Reviewer] [INFO] 结果: success
[2026-05-18 20:49:56] [Reviewer] [INFO] 第250章审查完成：评分 7.2， verdict: 需修改
[2026-05-18 20:49:56] [Reviewer] [INFO] 结果: success
[2026-05-18 20:49:56] [Reviewer] [INFO] ============================================================
[2026-05-18 20:49:56] [Reviewer] [INFO] Reviewer Agent 启动
[2026-05-18 20:49:56] [Reviewer] [INFO] ============================================================
[2026-05-18 20:49:57] [Reviewer] [INFO] 正在审查第259章...
[2026-05-18 20:49:57] [Reviewer] [INFO] ============================================================
[2026-05-18 20:49:57] [Reviewer] [INFO] Reviewer Agent 启动
[2026-05-18 20:49:57] [Reviewer] [INFO] ============================================================
[2026-05-18 20:49:57] [Reviewer] [INFO] 正在审查第251章...
[2026-05-18 20:49:57] [Reviewer] [INFO] 第240章审查完成：评分 8.3， verdict: 通过
[2026-05-18 20:49:57] [Reviewer] [INFO] 结果: success
[2026-05-18 20:49:57] [Reviewer] [INFO] 第246章审查完成：评分 8.0， verdict: 通过
[2026-05-18 20:49:57] [Reviewer] [INFO] 结果: success
[2026-05-18 20:49:57] [Reviewer] [INFO] ============================================================
[2026-05-18 20:49:57] [Reviewer] [INFO] Reviewer Agent 启动
[2026-05-18 20:49:57] [Reviewer] [INFO] ============================================================
[2026-05-18 20:49:57] [Reviewer] [INFO] 正在审查第241章...
[2026-05-18 20:49:57] [Reviewer] [INFO] ============================================================
[2026-05-18 20:49:57] [Reviewer] [INFO] Reviewer Agent 启动
[2026-05-18 20:49:57] [Reviewer] [INFO] ============================================================
[2026-05-18 20:49:57] [Reviewer] [INFO] 正在审查第247章...
[2026-05-18 20:49:57] [Reviewer] [INFO] 第264章审查完成：评分 7.8， verdict: 需修改
[2026-05-18 20:49:57] [Reviewer] [INFO] 结果: success
[2026-05-18 20:49:57] [Reviewer] [INFO] ============================================================
[2026-05-18 20:49:57] [Reviewer] [INFO] Reviewer Agent 启动
[2026-05-18 20:49:57] [Reviewer] [INFO] ============================================================
[2026-05-18 20:49:57] [Reviewer] [INFO] 正在审查第265章...
[2026-05-18 20:49:58] [Reviewer] [INFO] 第252章审查完成：评分 8.2， verdict: 通过
[2026-05-18 20:49:58] [Reviewer] [INFO] 结果: success
[2026-05-18 20:49:58] [Reviewer] [INFO] ============================================================
[2026-05-18 20:49:58] [Reviewer] [INFO] Reviewer Agent 启动
[2026-05-18 20:49:58] [Reviewer] [INFO] ============================================================
[2026-05-18 20:49:58] [Reviewer] [INFO] 正在审查第253章...
[2026-05-18 20:49:59] [Reviewer] [INFO] 第244章审查完成：评分 8.5， verdict: 通过
[2026-05-18 20:49:59] [Reviewer] [INFO] 结果: success
[2026-05-18 20:49:59] [Reviewer] [INFO] ============================================================
[2026-05-18 20:49:59] [Reviewer] [INFO] Reviewer Agent 启动
[2026-05-18 20:49:59] [Reviewer] [INFO] ============================================================
[2026-05-18 20:49:59] [Reviewer] [INFO] 正在审查第245章...
[2026-05-18 20:50:00] [Reviewer] [INFO] 第256章审查完成：评分 8.1， verdict: 通过
[2026-05-18 20:50:00] [Reviewer] [INFO] 结果: success
[2026-05-18 20:50:00] [Reviewer] [INFO] ============================================================
[2026-05-18 20:50:00] [Reviewer] [INFO] Reviewer Agent 启动
[2026-05-18 20:50:00] [Reviewer] [INFO] ============================================================
[2026-05-18 20:50:00] [Reviewer] [INFO] 正在审查第257章...
[2026-05-18 20:50:00] [Reviewer] [INFO] 第270章审查完成：评分 7.8， verdict: 通过
[2026-05-18 20:50:00] [Reviewer] [INFO] 结果: success
[2026-05-18 20:50:00] [Reviewer] [INFO] ============================================================
[2026-05-18 20:50:00] [Reviewer] [INFO] Reviewer Agent 启动
[2026-05-18 20:50:00] [Reviewer] [INFO] ============================================================
[2026-05-18 20:50:00] [Reviewer] [INFO] 正在审查第271章...
[2026-05-18 20:50:03] [Reviewer] [INFO] 第274章审查完成：评分 7.2， verdict: 需修改
[2026-05-18 20:50:03] [Reviewer] [INFO] 结果: success
[2026-05-18 20:50:03] [Reviewer] [INFO] ============================================================
[2026-05-18 20:50:03] [Reviewer] [INFO] Reviewer Agent 启动
[2026-05-18 20:50:03] [Reviewer] [INFO] ============================================================
[2026-05-18 20:50:03] [Reviewer] [INFO] 正在审查第275章...
[2026-05-18 20:50:13] [Reviewer] [INFO] 第255章审查完成：评分 7.8， verdict: 通过
[2026-05-18 20:50:13] [Reviewer] [INFO] 结果: success
[2026-05-18 20:50:14] [Reviewer] [INFO] 第249章审查完成：评分 7.8， verdict: 通过
[2026-05-18 20:50:14] [Reviewer] [INFO] 结果: success
[2026-05-18 20:50:14] [Reviewer] [INFO] 第263章审查完成：评分 8.0， verdict: 通过
[2026-05-18 20:50:14] [Reviewer] [INFO] 结果: success
[2026-05-18 20:50:16] [Reviewer] [INFO] 第277章审查完成：评分 8.5， verdict: 通过
[2026-05-18 20:50:16] [Reviewer] [INFO] 结果: success
[2026-05-18 20:50:17] [Reviewer] [INFO] 第267章审查完成：评分 7.6， verdict: 需修改
[2026-05-18 20:50:17] [Reviewer] [INFO] 结果: success
[2026-05-18 20:50:17] [Reviewer] [INFO] 第265章审查完成：评分 8.2， verdict: 通过
[2026-05-18 20:50:17] [Reviewer] [INFO] 结果: success
[2026-05-18 20:50:17] [Reviewer] [INFO] 第269章审查完成：评分 7.2， verdict: 需修改
[2026-05-18 20:50:17] [Reviewer] [INFO] 结果: success
[2026-05-18 20:50:17] [Reviewer] [INFO] 第241章审查完成：评分 8.2， verdict: 通过
[2026-05-18 20:50:17] [Reviewer] [INFO] 结果: success
[2026-05-18 20:50:18] [Reviewer] [INFO] 第245章审查完成：评分 7.8， verdict: 需修改
[2026-05-18 20:50:18] [Reviewer] [INFO] 结果: success
[2026-05-18 20:50:20] [Reviewer] [INFO] 第259章审查完成：评分 7.8， verdict: 需修改
[2026-05-18 20:50:20] [Reviewer] [INFO] 结果: success
[2026-05-18 20:50:20] [Reviewer] [INFO] 第253章审查完成：评分 8.5， verdict: 通过
[2026-05-18 20:50:20] [Reviewer] [INFO] 结果: success
[2026-05-18 20:50:20] [Reviewer] [INFO] 第239章审查完成：评分 8.5， verdict: 通过
[2026-05-18 20:50:20] [Reviewer] [INFO] 结果: success
[2026-05-18 20:50:20] [Reviewer] [INFO] 第251章审查完成：评分 8.2， verdict: 通过
[2026-05-18 20:50:20] [Reviewer] [INFO] 结果: success
[2026-05-18 20:50:20] [Reviewer] [ERROR] 第247章评审解析失败: Expecting ',' delimiter: line 13 column 17 (char 280)
[2026-05-18 20:50:20] [Reviewer] [INFO] 结果: parse_failed
[2026-05-18 20:50:20] [Reviewer] [INFO] 第243章审查完成：评分 8.5， verdict: 通过
[2026-05-18 20:50:20] [Reviewer] [INFO] 结果: success
[2026-05-18 20:50:21] [Reviewer] [INFO] 第273章审查完成：评分 8.2， verdict: 通过
[2026-05-18 20:50:21] [Reviewer] [INFO] 结果: success
[2026-05-18 20:50:21] [Reviewer] [INFO] 第261章审查完成：评分 7.8， verdict: 需修改
[2026-05-18 20:50:21] [Reviewer] [INFO] 结果: success
[2026-05-18 20:50:21] [Reviewer] [INFO] 第257章审查完成：评分 7.8， verdict: 通过
[2026-05-18 20:50:21] [Reviewer] [INFO] 结果: success
[2026-05-18 20:50:24] [Reviewer] [INFO] 第271章审查完成：评分 7.5， verdict: 需修改
[2026-05-18 20:50:24] [Reviewer] [INFO] 结果: success
[2026-05-18 20:50:25] [Reviewer] [INFO] 第275章审查完成：评分 7.8， verdict: 需修改
[2026-05-18 20:50:25] [Reviewer] [INFO] 结果: success
[2026-05-18 20:50:27] [Reviewer] [INFO] ============================================================
[2026-05-18 20:50:27] [Reviewer] [INFO] Reviewer Agent 启动
[2026-05-18 20:50:27] [Reviewer] [INFO] ============================================================
[2026-05-18 20:50:27] [Reviewer] [INFO] ============================================================
[2026-05-18 20:50:27] [Reviewer] [INFO] Reviewer Agent 启动
[2026-05-18 20:50:27] [Reviewer] [INFO] ============================================================
[2026-05-18 20:50:27] [Reviewer] [INFO] 正在审查第247章...
[2026-05-18 20:50:27] [Reviewer] [INFO] ============================================================
[2026-05-18 20:50:27] [Reviewer] [INFO] Reviewer Agent 启动
[2026-05-18 20:50:27] [Reviewer] [INFO] ============================================================
[2026-05-18 20:50:27] [Reviewer] [INFO] 正在审查第279章...
[2026-05-18 20:50:27] [Reviewer] [INFO] 正在审查第281章...
[2026-05-18 20:50:27] [Reviewer] [INFO] ============================================================
[2026-05-18 20:50:27] [Reviewer] [INFO] Reviewer Agent 启动
[2026-05-18 20:50:27] [Reviewer] [INFO] ============================================================
[2026-05-18 20:50:27] [Reviewer] [INFO] ============================================================
[2026-05-18 20:50:27] [Reviewer] [INFO] Reviewer Agent 启动
[2026-05-18 20:50:27] [Reviewer] [INFO] ============================================================
[2026-05-18 20:50:27] [Reviewer] [INFO] ============================================================
[2026-05-18 20:50:27] [Reviewer] [INFO] Reviewer Agent 启动
[2026-05-18 20:50:27] [Reviewer] [INFO] ============================================================
[2026-05-18 20:50:27] [Reviewer] [INFO] 正在审查第283章...
[2026-05-18 20:50:27] [Reviewer] [INFO] 正在审查第287章...
[2026-05-18 20:50:27] [Reviewer] [INFO] 正在审查第285章...
[2026-05-18 20:50:27] [Reviewer] [INFO] ============================================================
[2026-05-18 20:50:27] [Reviewer] [INFO] Reviewer Agent 启动
[2026-05-18 20:50:27] [Reviewer] [INFO] ============================================================
[2026-05-18 20:50:27] [Reviewer] [INFO] ============================================================
[2026-05-18 20:50:27] [Reviewer] [INFO] Reviewer Agent 启动
[2026-05-18 20:50:27] [Reviewer] [INFO] ============================================================
[2026-05-18 20:50:27] [Reviewer] [INFO] 正在审查第289章...
[2026-05-18 20:50:27] [Reviewer] [INFO] 正在审查第297章...
[2026-05-18 20:50:27] [Reviewer] [INFO] ============================================================
[2026-05-18 20:50:27] [Reviewer] [INFO] Reviewer Agent 启动
[2026-05-18 20:50:27] [Reviewer] [INFO] ============================================================
[2026-05-18 20:50:27] [Reviewer] [INFO] ============================================================
[2026-05-18 20:50:27] [Reviewer] [INFO] Reviewer Agent 启动
[2026-05-18 20:50:27] [Reviewer] [INFO] ============================================================
[2026-05-18 20:50:27] [Reviewer] [INFO] 正在审查第303章...
[2026-05-18 20:50:27] [Reviewer] [INFO] 正在审查第293章...
[2026-05-18 20:50:27] [Reviewer] [INFO] ============================================================
[2026-05-18 20:50:27] [Reviewer] [INFO] Reviewer Agent 启动
[2026-05-18 20:50:27] [Reviewer] [INFO] ============================================================
[2026-05-18 20:50:27] [Reviewer] [INFO] ============================================================
[2026-05-18 20:50:27] [Reviewer] [INFO] Reviewer Agent 启动
[2026-05-18 20:50:27] [Reviewer] [INFO] ============================================================
[2026-05-18 20:50:27] [Reviewer] [INFO] 正在审查第291章...
[2026-05-18 20:50:27] [Reviewer] [INFO] ============================================================
[2026-05-18 20:50:27] [Reviewer] [INFO] Reviewer Agent 启动
[2026-05-18 20:50:27] [Reviewer] [INFO] ============================================================
[2026-05-18 20:50:27] [Reviewer] [INFO] 正在审查第305章...
[2026-05-18 20:50:27] [Reviewer] [INFO] ============================================================
[2026-05-18 20:50:27] [Reviewer] [INFO] Reviewer Agent 启动
[2026-05-18 20:50:27] [Reviewer] [INFO] ============================================================
[2026-05-18 20:50:27] [Reviewer] [INFO] ============================================================
[2026-05-18 20:50:27] [Reviewer] [INFO] Reviewer Agent 启动
[2026-05-18 20:50:27] [Reviewer] [INFO] ============================================================
[2026-05-18 20:50:27] [Reviewer] [INFO] 正在审查第299章...
[2026-05-18 20:50:27] [Reviewer] [INFO] 正在审查第301章...
[2026-05-18 20:50:27] [Reviewer] [INFO] 正在审查第295章...
[2026-05-18 20:50:27] [Reviewer] [INFO] ============================================================
[2026-05-18 20:50:27] [Reviewer] [INFO] Reviewer Agent 启动
[2026-05-18 20:50:27] [Reviewer] [INFO] ============================================================
[2026-05-18 20:50:27] [Reviewer] [INFO] ============================================================
[2026-05-18 20:50:27] [Reviewer] [INFO] Reviewer Agent 启动
[2026-05-18 20:50:27] [Reviewer] [INFO] ============================================================
[2026-05-18 20:50:28] [Reviewer] [INFO] 正在审查第309章...
[2026-05-18 20:50:28] [Reviewer] [INFO] ============================================================
[2026-05-18 20:50:28] [Reviewer] [INFO] Reviewer Agent 启动
[2026-05-18 20:50:28] [Reviewer] [INFO] ============================================================
[2026-05-18 20:50:28] [Reviewer] [INFO] 正在审查第307章...
[2026-05-18 20:50:28] [Reviewer] [INFO] ============================================================
[2026-05-18 20:50:28] [Reviewer] [INFO] Reviewer Agent 启动
[2026-05-18 20:50:28] [Reviewer] [INFO] ============================================================
[2026-05-18 20:50:28] [Reviewer] [INFO] 正在审查第311章...
[2026-05-18 20:50:28] [Reviewer] [INFO] ============================================================
[2026-05-18 20:50:28] [Reviewer] [INFO] Reviewer Agent 启动
[2026-05-18 20:50:28] [Reviewer] [INFO] ============================================================
[2026-05-18 20:50:28] [Reviewer] [INFO] 正在审查第313章...
[2026-05-18 20:50:28] [Reviewer] [INFO] 正在审查第315章...
[2026-05-18 20:50:48] [Reviewer] [INFO] 第297章审查完成：评分 7.2， verdict: 需修改
[2026-05-18 20:50:48] [Reviewer] [INFO] 结果: success
[2026-05-18 20:50:48] [Reviewer] [INFO] ============================================================
[2026-05-18 20:50:48] [Reviewer] [INFO] Reviewer Agent 启动
[2026-05-18 20:50:48] [Reviewer] [INFO] ============================================================
[2026-05-18 20:50:48] [Reviewer] [INFO] 正在审查第298章...
[2026-05-18 20:50:48] [Reviewer] [INFO] 第299章审查完成：评分 7.8， verdict: 通过
[2026-05-18 20:50:48] [Reviewer] [INFO] 结果: success
[2026-05-18 20:50:48] [Reviewer] [INFO] ============================================================
[2026-05-18 20:50:48] [Reviewer] [INFO] Reviewer Agent 启动
[2026-05-18 20:50:48] [Reviewer] [INFO] ============================================================
[2026-05-18 20:50:48] [Reviewer] [INFO] 正在审查第300章...
[2026-05-18 20:50:48] [Reviewer] [INFO] 第247章审查完成：评分 8.5， verdict: 通过
[2026-05-18 20:50:48] [Reviewer] [INFO] 结果: success
[2026-05-18 20:50:48] [Reviewer] [INFO] 第313章审查完成：评分 7.5， verdict: 需修改
[2026-05-18 20:50:48] [Reviewer] [INFO] 结果: success
[2026-05-18 20:50:49] [Reviewer] [INFO] ============================================================
[2026-05-18 20:50:49] [Reviewer] [INFO] Reviewer Agent 启动
[2026-05-18 20:50:49] [Reviewer] [INFO] ============================================================
[2026-05-18 20:50:49] [Reviewer] [INFO] ============================================================
[2026-05-18 20:50:49] [Reviewer] [INFO] Reviewer Agent 启动
[2026-05-18 20:50:49] [Reviewer] [INFO] ============================================================
[2026-05-18 20:50:49] [Reviewer] [INFO] 正在审查第314章...
[2026-05-18 20:50:49] [Reviewer] [INFO] 正在审查第278章...
[2026-05-18 20:50:50] [Reviewer] [INFO] 第305章审查完成：评分 7.6， verdict: 通过
[2026-05-18 20:50:50] [Reviewer] [INFO] 结果: success
[2026-05-18 20:50:50] [Reviewer] [INFO] ============================================================
[2026-05-18 20:50:50] [Reviewer] [INFO] Reviewer Agent 启动
[2026-05-18 20:50:50] [Reviewer] [INFO] ============================================================
[2026-05-18 20:50:50] [Reviewer] [INFO] 正在审查第306章...
[2026-05-18 20:50:50] [Reviewer] [INFO] 第279章审查完成：评分 7.2， verdict: 需修改
[2026-05-18 20:50:50] [Reviewer] [INFO] 结果: success
[2026-05-18 20:50:50] [Reviewer] [INFO] ============================================================
[2026-05-18 20:50:50] [Reviewer] [INFO] Reviewer Agent 启动
[2026-05-18 20:50:50] [Reviewer] [INFO] ============================================================
[2026-05-18 20:50:50] [Reviewer] [INFO] 正在审查第280章...
[2026-05-18 20:50:50] [Reviewer] [INFO] 第285章审查完成：评分 8.2， verdict: 通过
[2026-05-18 20:50:50] [Reviewer] [INFO] 结果: success
[2026-05-18 20:50:50] [Reviewer] [INFO] ============================================================
[2026-05-18 20:50:50] [Reviewer] [INFO] Reviewer Agent 启动
[2026-05-18 20:50:50] [Reviewer] [INFO] ============================================================
[2026-05-18 20:50:50] [Reviewer] [INFO] 正在审查第286章...
[2026-05-18 20:50:51] [Reviewer] [INFO] 第295章审查完成：评分 7.2， verdict: 需修改
[2026-05-18 20:50:51] [Reviewer] [INFO] 结果: success
[2026-05-18 20:50:51] [Reviewer] [INFO] ============================================================
[2026-05-18 20:50:51] [Reviewer] [INFO] Reviewer Agent 启动
[2026-05-18 20:50:51] [Reviewer] [INFO] ============================================================
[2026-05-18 20:50:51] [Reviewer] [INFO] 正在审查第296章...
[2026-05-18 20:50:51] [Reviewer] [INFO] 第307章审查完成：评分 8.3， verdict: 通过
[2026-05-18 20:50:51] [Reviewer] [INFO] 结果: success
[2026-05-18 20:50:51] [Reviewer] [INFO] ============================================================
[2026-05-18 20:50:51] [Reviewer] [INFO] Reviewer Agent 启动
[2026-05-18 20:50:51] [Reviewer] [INFO] ============================================================
[2026-05-18 20:50:51] [Reviewer] [INFO] 正在审查第308章...
[2026-05-18 20:50:52] [Reviewer] [INFO] 第311章审查完成：评分 7.5， verdict: 通过
[2026-05-18 20:50:52] [Reviewer] [INFO] 结果: success
[2026-05-18 20:50:52] [Reviewer] [INFO] 第291章审查完成：评分 8.4， verdict: 通过
[2026-05-18 20:50:52] [Reviewer] [INFO] 结果: success
[2026-05-18 20:50:52] [Reviewer] [INFO] ============================================================
[2026-05-18 20:50:52] [Reviewer] [INFO] Reviewer Agent 启动
[2026-05-18 20:50:52] [Reviewer] [INFO] ============================================================
[2026-05-18 20:50:52] [Reviewer] [INFO] 正在审查第312章...
[2026-05-18 20:50:52] [Reviewer] [INFO] ============================================================
[2026-05-18 20:50:52] [Reviewer] [INFO] Reviewer Agent 启动
[2026-05-18 20:50:52] [Reviewer] [INFO] ============================================================
[2026-05-18 20:50:52] [Reviewer] [INFO] 正在审查第292章...
[2026-05-18 20:50:53] [Reviewer] [INFO] 第309章审查完成：评分 8.2， verdict: 通过
[2026-05-18 20:50:53] [Reviewer] [INFO] 结果: success
[2026-05-18 20:50:53] [Reviewer] [INFO] ============================================================
[2026-05-18 20:50:53] [Reviewer] [INFO] Reviewer Agent 启动
[2026-05-18 20:50:53] [Reviewer] [INFO] ============================================================
[2026-05-18 20:50:53] [Reviewer] [INFO] 正在审查第310章...
[2026-05-18 20:50:54] [Reviewer] [INFO] 第293章审查完成：评分 7.3， verdict: 需修改
[2026-05-18 20:50:54] [Reviewer] [INFO] 结果: success
[2026-05-18 20:50:54] [Reviewer] [INFO] ============================================================
[2026-05-18 20:50:54] [Reviewer] [INFO] Reviewer Agent 启动
[2026-05-18 20:50:54] [Reviewer] [INFO] ============================================================
[2026-05-18 20:50:54] [Reviewer] [INFO] 正在审查第294章...
[2026-05-18 20:50:54] [Reviewer] [INFO] 第315章审查完成：评分 8.2， verdict: 通过
[2026-05-18 20:50:54] [Reviewer] [INFO] 结果: success
[2026-05-18 20:50:54] [Reviewer] [INFO] ============================================================
[2026-05-18 20:50:54] [Reviewer] [INFO] Reviewer Agent 启动
[2026-05-18 20:50:54] [Reviewer] [INFO] ============================================================
[2026-05-18 20:50:54] [Reviewer] [INFO] 正在审查第316章...
[2026-05-18 20:50:55] [Reviewer] [INFO] 第281章审查完成：评分 7.8， verdict: 通过
[2026-05-18 20:50:55] [Reviewer] [INFO] 结果: success
[2026-05-18 20:50:55] [Reviewer] [INFO] ============================================================
[2026-05-18 20:50:55] [Reviewer] [INFO] Reviewer Agent 启动
[2026-05-18 20:50:55] [Reviewer] [INFO] ============================================================
[2026-05-18 20:50:55] [Reviewer] [INFO] 正在审查第282章...
[2026-05-18 20:50:56] [Reviewer] [INFO] 第289章审查完成：评分 8.6， verdict: 通过
[2026-05-18 20:50:56] [Reviewer] [INFO] 结果: success
[2026-05-18 20:50:56] [Reviewer] [INFO] ============================================================
[2026-05-18 20:50:56] [Reviewer] [INFO] Reviewer Agent 启动
[2026-05-18 20:50:56] [Reviewer] [INFO] ============================================================
[2026-05-18 20:50:56] [Reviewer] [INFO] 正在审查第290章...
[2026-05-18 20:50:58] [Reviewer] [INFO] 第303章审查完成：评分 7.6， verdict: 通过
[2026-05-18 20:50:58] [Reviewer] [INFO] 结果: success
[2026-05-18 20:50:58] [Reviewer] [INFO] ============================================================
[2026-05-18 20:50:58] [Reviewer] [INFO] Reviewer Agent 启动
[2026-05-18 20:50:58] [Reviewer] [INFO] ============================================================
[2026-05-18 20:50:58] [Reviewer] [INFO] 正在审查第304章...
[2026-05-18 20:51:01] [Reviewer] [INFO] 第301章审查完成：评分 8.4， verdict: 通过
[2026-05-18 20:51:01] [Reviewer] [INFO] 结果: success
[2026-05-18 20:51:01] [Reviewer] [INFO] ============================================================
[2026-05-18 20:51:01] [Reviewer] [INFO] Reviewer Agent 启动
[2026-05-18 20:51:01] [Reviewer] [INFO] ============================================================
[2026-05-18 20:51:01] [Reviewer] [INFO] 正在审查第302章...
[2026-05-18 20:51:06] [Reviewer] [INFO] 第314章审查完成：评分 7.5， verdict: 需修改
[2026-05-18 20:51:06] [Reviewer] [INFO] 结果: success
[2026-05-18 20:51:07] [Reviewer] [INFO] 第278章审查完成：评分 8.0， verdict: 通过
[2026-05-18 20:51:07] [Reviewer] [INFO] 结果: success
[2026-05-18 20:51:08] [Reviewer] [INFO] 第298章审查完成：评分 8.2， verdict: 通过
[2026-05-18 20:51:08] [Reviewer] [INFO] 结果: success
[2026-05-18 20:51:09] [Reviewer] [INFO] 第300章审查完成：评分 8.0， verdict: 通过
[2026-05-18 20:51:09] [Reviewer] [INFO] 结果: success
[2026-05-18 20:51:12] [Reviewer] [INFO] 第292章审查完成：评分 7.5， verdict: 需修改
[2026-05-18 20:51:12] [Reviewer] [INFO] 结果: success
[2026-05-18 20:51:12] [Reviewer] [INFO] 第308章审查完成：评分 8.2， verdict: 通过
[2026-05-18 20:51:12] [Reviewer] [INFO] 结果: success
[2026-05-18 20:51:12] [Reviewer] [INFO] 第280章审查完成：评分 7.5， verdict: 通过
[2026-05-18 20:51:12] [Reviewer] [INFO] 结果: success
[2026-05-18 20:51:14] [Reviewer] [INFO] 第312章审查完成：评分 7.6， verdict: 需修改
[2026-05-18 20:51:14] [Reviewer] [INFO] 结果: success
[2026-05-18 20:51:15] [Reviewer] [INFO] 第316章审查完成：评分 8.2， verdict: 通过
[2026-05-18 20:51:15] [Reviewer] [INFO] 结果: success
[2026-05-18 20:51:16] [Reviewer] [ERROR] 第310章审查失败
[2026-05-18 20:51:16] [Reviewer] [INFO] 结果: failed
[2026-05-18 20:51:16] [Reviewer] [INFO] 第282章审查完成：评分 8.2， verdict: 通过
[2026-05-18 20:51:16] [Reviewer] [INFO] 结果: success
[2026-05-18 20:51:16] [Reviewer] [INFO] 第296章审查完成：评分 8.2， verdict: 通过
[2026-05-18 20:51:16] [Reviewer] [INFO] 结果: success
[2026-05-18 20:51:17] [Reviewer] [ERROR] 第286章评审解析失败: Expecting ',' delimiter: line 8 column 4 (char 103)
[2026-05-18 20:51:17] [Reviewer] [INFO] 结果: parse_failed
[2026-05-18 20:51:21] [Reviewer] [INFO] 第306章审查完成：评分 6.2， verdict: 需修改
[2026-05-18 20:51:21] [Reviewer] [INFO] 结果: success
[2026-05-18 20:51:21] [Reviewer] [INFO] 第290章审查完成：评分 8.0， verdict: 通过
[2026-05-18 20:51:21] [Reviewer] [INFO] 结果: success
[2026-05-18 20:51:22] [Reviewer] [INFO] 第304章审查完成：评分 8.6， verdict: 通过
[2026-05-18 20:51:22] [Reviewer] [INFO] 结果: success
[2026-05-18 20:51:24] [Reviewer] [INFO] 第302章审查完成：评分 6.5， verdict: 需修改
[2026-05-18 20:51:24] [Reviewer] [INFO] 结果: success
[2026-05-18 20:51:24] [Reviewer] [INFO] 第294章审查完成：评分 7.3， verdict: 需修改
[2026-05-18 20:51:24] [Reviewer] [INFO] 结果: success
[2026-05-18 20:52:56] [Reviewer] [INFO] 第283章审查完成：评分 7.6， verdict: 需修改
[2026-05-18 20:52:56] [Reviewer] [INFO] 结果: success
[2026-05-18 20:52:56] [Reviewer] [INFO] ============================================================
[2026-05-18 20:52:56] [Reviewer] [INFO] Reviewer Agent 启动
[2026-05-18 20:52:56] [Reviewer] [INFO] ============================================================
[2026-05-18 20:52:56] [Reviewer] [INFO] 正在审查第284章...
[2026-05-18 20:52:58] [Reviewer] [INFO] 第287章审查完成：评分 8.0， verdict: 通过
[2026-05-18 20:52:58] [Reviewer] [INFO] 结果: success
[2026-05-18 20:52:58] [Reviewer] [INFO] ============================================================
[2026-05-18 20:52:58] [Reviewer] [INFO] Reviewer Agent 启动
[2026-05-18 20:52:58] [Reviewer] [INFO] ============================================================
[2026-05-18 20:52:58] [Reviewer] [INFO] 正在审查第288章...
[2026-05-18 20:53:14] [Reviewer] [INFO] 第284章审查完成：评分 7.5， verdict: 需修改
[2026-05-18 20:53:14] [Reviewer] [INFO] 结果: success
[2026-05-18 20:53:14] [Reviewer] [INFO] 第288章审查完成：评分 8.0， verdict: 通过
[2026-05-18 20:53:14] [Reviewer] [INFO] 结果: success
[2026-05-18 20:53:15] [Reviewer] [INFO] ============================================================
[2026-05-18 20:53:15] [Reviewer] [INFO] Reviewer Agent 启动
[2026-05-18 20:53:15] [Reviewer] [INFO] ============================================================
[2026-05-18 20:53:15] [Reviewer] [INFO] ============================================================
[2026-05-18 20:53:15] [Reviewer] [INFO] Reviewer Agent 启动
[2026-05-18 20:53:15] [Reviewer] [INFO] ============================================================
[2026-05-18 20:53:15] [Reviewer] [INFO] 正在审查第286章...
[2026-05-18 20:53:15] [Reviewer] [INFO] 正在审查第325章...
[2026-05-18 20:53:15] [Reviewer] [INFO] ============================================================
[2026-05-18 20:53:15] [Reviewer] [INFO] Reviewer Agent 启动
[2026-05-18 20:53:15] [Reviewer] [INFO] ============================================================
[2026-05-18 20:53:15] [Reviewer] [INFO] ============================================================
[2026-05-18 20:53:15] [Reviewer] [INFO] Reviewer Agent 启动
[2026-05-18 20:53:15] [Reviewer] [INFO] ============================================================
[2026-05-18 20:53:15] [Reviewer] [INFO] 正在审查第317章...
[2026-05-18 20:53:15] [Reviewer] [INFO] 正在审查第319章...
[2026-05-18 20:53:15] [Reviewer] [INFO] ============================================================
[2026-05-18 20:53:15] [Reviewer] [INFO] Reviewer Agent 启动
[2026-05-18 20:53:15] [Reviewer] [INFO] ============================================================
[2026-05-18 20:53:15] [Reviewer] [INFO] ============================================================
[2026-05-18 20:53:15] [Reviewer] [INFO] Reviewer Agent 启动
[2026-05-18 20:53:15] [Reviewer] [INFO] ============================================================
[2026-05-18 20:53:15] [Reviewer] [INFO] ============================================================
[2026-05-18 20:53:15] [Reviewer] [INFO] Reviewer Agent 启动
[2026-05-18 20:53:15] [Reviewer] [INFO] ============================================================
[2026-05-18 20:53:15] [Reviewer] [INFO] ============================================================
[2026-05-18 20:53:15] [Reviewer] [INFO] Reviewer Agent 启动
[2026-05-18 20:53:15] [Reviewer] [INFO] ============================================================
[2026-05-18 20:53:15] [Reviewer] [INFO] 正在审查第323章...
[2026-05-18 20:53:15] [Reviewer] [INFO] ============================================================
[2026-05-18 20:53:15] [Reviewer] [INFO] Reviewer Agent 启动
[2026-05-18 20:53:15] [Reviewer] [INFO] ============================================================
[2026-05-18 20:53:15] [Reviewer] [INFO] 正在审查第327章...
[2026-05-18 20:53:15] [Reviewer] [INFO] 正在审查第331章...
[2026-05-18 20:53:15] [Reviewer] [INFO] 正在审查第321章...
[2026-05-18 20:53:15] [Reviewer] [INFO] 正在审查第329章...
[2026-05-18 20:53:15] [Reviewer] [INFO] ============================================================
[2026-05-18 20:53:15] [Reviewer] [INFO] Reviewer Agent 启动
[2026-05-18 20:53:15] [Reviewer] [INFO] ============================================================
[2026-05-18 20:53:15] [Reviewer] [INFO] ============================================================
[2026-05-18 20:53:15] [Reviewer] [INFO] Reviewer Agent 启动
[2026-05-18 20:53:15] [Reviewer] [INFO] ============================================================
[2026-05-18 20:53:15] [Reviewer] [INFO] 正在审查第345章...
[2026-05-18 20:53:15] [Reviewer] [INFO] ============================================================
[2026-05-18 20:53:15] [Reviewer] [INFO] Reviewer Agent 启动
[2026-05-18 20:53:15] [Reviewer] [INFO] ============================================================
[2026-05-18 20:53:15] [Reviewer] [INFO] ============================================================
[2026-05-18 20:53:15] [Reviewer] [INFO] Reviewer Agent 启动
[2026-05-18 20:53:15] [Reviewer] [INFO] ============================================================
[2026-05-18 20:53:15] [Reviewer] [INFO] ============================================================
[2026-05-18 20:53:15] [Reviewer] [INFO] Reviewer Agent 启动
[2026-05-18 20:53:15] [Reviewer] [INFO] ============================================================
[2026-05-18 20:53:15] [Reviewer] [INFO] ============================================================
[2026-05-18 20:53:15] [Reviewer] [INFO] Reviewer Agent 启动
[2026-05-18 20:53:15] [Reviewer] [INFO] ============================================================
[2026-05-18 20:53:15] [Reviewer] [INFO] ============================================================
[2026-05-18 20:53:15] [Reviewer] [INFO] ============================================================
[2026-05-18 20:53:15] [Reviewer] [INFO] Reviewer Agent 启动
[2026-05-18 20:53:15] [Reviewer] [INFO] Reviewer Agent 启动
[2026-05-18 20:53:15] [Reviewer] [INFO] 正在审查第337章...
[2026-05-18 20:53:15] [Reviewer] [INFO] Reviewer Agent 启动
[2026-05-18 20:53:15] [Reviewer] [INFO] 正在审查第341章...
[2026-05-18 20:53:15] [Reviewer] [INFO] Reviewer Agent 启动
[2026-05-18 20:53:15] [Reviewer] [INFO] ============================================================
[2026-05-18 20:53:15] [Reviewer] [INFO] ============================================================
[2026-05-18 20:53:15] [Reviewer] [INFO] ============================================================
[2026-05-18 20:53:15] [Reviewer] [INFO] 正在审查第339章...
[2026-05-18 20:53:15] [Reviewer] [INFO] 正在审查第347章...
[2026-05-18 20:53:15] [Reviewer] [INFO] 正在审查第333章...
[2026-05-18 20:53:15] [Reviewer] [INFO] 正在审查第335章...
[2026-05-18 20:53:15] [Reviewer] [INFO] 正在审查第343章...
[2026-05-18 20:53:16] [Reviewer] [INFO] 正在审查第353章...
[2026-05-18 20:53:16] [Reviewer] [INFO] 正在审查第351章...
[2026-05-18 20:53:33] [Reviewer] [INFO] 第347章审查完成：评分 7.8， verdict: 需修改
[2026-05-18 20:53:33] [Reviewer] [INFO] 结果: success
[2026-05-18 20:53:33] [Reviewer] [INFO] ============================================================
[2026-05-18 20:53:33] [Reviewer] [INFO] Reviewer Agent 启动
[2026-05-18 20:53:33] [Reviewer] [INFO] ============================================================
[2026-05-18 20:53:33] [Reviewer] [INFO] 正在审查第348章...
[2026-05-18 20:53:35] [Reviewer] [INFO] 第345章审查完成：评分 7.7， verdict: 需修改
[2026-05-18 20:53:35] [Reviewer] [INFO] 结果: success
[2026-05-18 20:53:35] [Reviewer] [INFO] ============================================================
[2026-05-18 20:53:35] [Reviewer] [INFO] Reviewer Agent 启动
[2026-05-18 20:53:35] [Reviewer] [INFO] ============================================================
[2026-05-18 20:53:35] [Reviewer] [INFO] 正在审查第346章...
[2026-05-18 20:53:35] [Reviewer] [INFO] 第331章审查完成：评分 6.5， verdict: 需修改
[2026-05-18 20:53:35] [Reviewer] [INFO] 结果: success
[2026-05-18 20:53:35] [Reviewer] [INFO] ============================================================
[2026-05-18 20:53:35] [Reviewer] [INFO] Reviewer Agent 启动
[2026-05-18 20:53:35] [Reviewer] [INFO] ============================================================
[2026-05-18 20:53:35] [Reviewer] [INFO] 正在审查第332章...
[2026-05-18 20:53:36] [Reviewer] [INFO] 第319章审查完成：评分 8.3， verdict: 通过
[2026-05-18 20:53:36] [Reviewer] [INFO] 结果: success
[2026-05-18 20:53:36] [Reviewer] [INFO] ============================================================
[2026-05-18 20:53:36] [Reviewer] [INFO] Reviewer Agent 启动
[2026-05-18 20:53:36] [Reviewer] [INFO] ============================================================
[2026-05-18 20:53:36] [Reviewer] [INFO] 正在审查第320章...
[2026-05-18 20:53:37] [Reviewer] [INFO] 第337章审查完成：评分 7.8， verdict: 需修改
[2026-05-18 20:53:37] [Reviewer] [INFO] 结果: success
[2026-05-18 20:53:37] [Reviewer] [INFO] 第341章审查完成：评分 7.3， verdict: 需修改
[2026-05-18 20:53:37] [Reviewer] [INFO] 结果: success
[2026-05-18 20:53:37] [Reviewer] [INFO] ============================================================
[2026-05-18 20:53:37] [Reviewer] [INFO] Reviewer Agent 启动
[2026-05-18 20:53:37] [Reviewer] [INFO] ============================================================
[2026-05-18 20:53:37] [Reviewer] [INFO] 正在审查第338章...
[2026-05-18 20:53:38] [Reviewer] [INFO] ============================================================
[2026-05-18 20:53:38] [Reviewer] [INFO] Reviewer Agent 启动
[2026-05-18 20:53:38] [Reviewer] [INFO] ============================================================
[2026-05-18 20:53:38] [Reviewer] [INFO] 正在审查第342章...
[2026-05-18 20:53:38] [Reviewer] [INFO] 第327章审查完成：评分 8.2， verdict: 通过
[2026-05-18 20:53:38] [Reviewer] [INFO] 结果: success
[2026-05-18 20:53:38] [Reviewer] [INFO] ============================================================
[2026-05-18 20:53:38] [Reviewer] [INFO] Reviewer Agent 启动
[2026-05-18 20:53:38] [Reviewer] [INFO] ============================================================
[2026-05-18 20:53:38] [Reviewer] [INFO] 第317章审查完成：评分 8.0， verdict: 通过
[2026-05-18 20:53:38] [Reviewer] [INFO] 正在审查第328章...
[2026-05-18 20:53:38] [Reviewer] [INFO] 结果: success
[2026-05-18 20:53:38] [Reviewer] [INFO] 第351章审查完成：评分 8.2， verdict: 通过
[2026-05-18 20:53:38] [Reviewer] [INFO] 结果: success
[2026-05-18 20:53:38] [Reviewer] [INFO] ============================================================
[2026-05-18 20:53:38] [Reviewer] [INFO] Reviewer Agent 启动
[2026-05-18 20:53:38] [Reviewer] [INFO] ============================================================
[2026-05-18 20:53:38] [Reviewer] [INFO] 正在审查第318章...
[2026-05-18 20:53:38] [Reviewer] [INFO] ============================================================
[2026-05-18 20:53:38] [Reviewer] [INFO] Reviewer Agent 启动
[2026-05-18 20:53:38] [Reviewer] [INFO] ============================================================
[2026-05-18 20:53:38] [Reviewer] [INFO] 正在审查第352章...
[2026-05-18 20:53:40] [Reviewer] [INFO] 第323章审查完成：评分 8.0， verdict: 通过
[2026-05-18 20:53:40] [Reviewer] [INFO] 结果: success
[2026-05-18 20:53:40] [Reviewer] [INFO] ============================================================
[2026-05-18 20:53:40] [Reviewer] [INFO] Reviewer Agent 启动
[2026-05-18 20:53:40] [Reviewer] [INFO] ============================================================
[2026-05-18 20:53:40] [Reviewer] [INFO] 正在审查第324章...
[2026-05-18 20:53:40] [Reviewer] [INFO] 第343章审查完成：评分 8.0， verdict: 通过
[2026-05-18 20:53:40] [Reviewer] [INFO] 结果: success
[2026-05-18 20:53:40] [Reviewer] [INFO] ============================================================
[2026-05-18 20:53:40] [Reviewer] [INFO] Reviewer Agent 启动
[2026-05-18 20:53:40] [Reviewer] [INFO] ============================================================
[2026-05-18 20:53:40] [Reviewer] [INFO] 正在审查第344章...
[2026-05-18 20:53:40] [Reviewer] [INFO] 第349章审查完成：评分 7.7， verdict: 需修改
[2026-05-18 20:53:40] [Reviewer] [INFO] 结果: success
[2026-05-18 20:53:41] [Reviewer] [INFO] ============================================================
[2026-05-18 20:53:41] [Reviewer] [INFO] Reviewer Agent 启动
[2026-05-18 20:53:41] [Reviewer] [INFO] ============================================================
[2026-05-18 20:53:41] [Reviewer] [INFO] 正在审查第350章...
[2026-05-18 20:53:41] [Reviewer] [INFO] 第339章审查完成：评分 8.5， verdict: 通过
[2026-05-18 20:53:41] [Reviewer] [INFO] 结果: success
[2026-05-18 20:53:41] [Reviewer] [INFO] ============================================================
[2026-05-18 20:53:41] [Reviewer] [INFO] Reviewer Agent 启动
[2026-05-18 20:53:41] [Reviewer] [INFO] ============================================================
[2026-05-18 20:53:41] [Reviewer] [INFO] 正在审查第340章...
[2026-05-18 20:53:41] [Reviewer] [INFO] 第329章审查完成：评分 7.8， verdict: 通过
[2026-05-18 20:53:41] [Reviewer] [INFO] 结果: success
[2026-05-18 20:53:41] [Reviewer] [INFO] ============================================================
[2026-05-18 20:53:41] [Reviewer] [INFO] Reviewer Agent 启动
[2026-05-18 20:53:41] [Reviewer] [INFO] ============================================================
[2026-05-18 20:53:41] [Reviewer] [INFO] 正在审查第330章...
[2026-05-18 20:53:42] [Reviewer] [INFO] 第286章审查完成：评分 8.3， verdict: 通过
[2026-05-18 20:53:42] [Reviewer] [INFO] 结果: success
[2026-05-18 20:53:43] [Reviewer] [INFO] ============================================================
[2026-05-18 20:53:43] [Reviewer] [INFO] Reviewer Agent 启动
[2026-05-18 20:53:43] [Reviewer] [INFO] ============================================================
[2026-05-18 20:53:43] [Reviewer] [INFO] 正在审查第310章...
[2026-05-18 20:53:43] [Reviewer] [INFO] 第353章审查完成：评分 8.6， verdict: 通过
[2026-05-18 20:53:43] [Reviewer] [INFO] 结果: success
[2026-05-18 20:53:43] [Reviewer] [INFO] ============================================================
[2026-05-18 20:53:43] [Reviewer] [INFO] Reviewer Agent 启动
[2026-05-18 20:53:43] [Reviewer] [INFO] ============================================================
[2026-05-18 20:53:43] [Reviewer] [INFO] 正在审查第354章...
[2026-05-18 20:53:43] [Reviewer] [INFO] 第321章审查完成：评分 7.8， verdict: 通过
[2026-05-18 20:53:43] [Reviewer] [INFO] 结果: success
[2026-05-18 20:53:43] [Reviewer] [INFO] ============================================================
[2026-05-18 20:53:43] [Reviewer] [INFO] Reviewer Agent 启动
[2026-05-18 20:53:43] [Reviewer] [INFO] ============================================================
[2026-05-18 20:53:43] [Reviewer] [INFO] 正在审查第322章...
[2026-05-18 20:53:46] [Reviewer] [INFO] 第333章审查完成：评分 7.8， verdict: 需修改
[2026-05-18 20:53:46] [Reviewer] [INFO] 结果: success
[2026-05-18 20:53:46] [Reviewer] [INFO] ============================================================
[2026-05-18 20:53:46] [Reviewer] [INFO] Reviewer Agent 启动
[2026-05-18 20:53:46] [Reviewer] [INFO] ============================================================
[2026-05-18 20:53:46] [Reviewer] [INFO] 正在审查第334章...
[2026-05-18 20:53:48] [Reviewer] [INFO] 第335章审查完成：评分 7.6， verdict: 需修改
[2026-05-18 20:53:48] [Reviewer] [INFO] 结果: success
[2026-05-18 20:53:48] [Reviewer] [INFO] ============================================================
[2026-05-18 20:53:48] [Reviewer] [INFO] Reviewer Agent 启动
[2026-05-18 20:53:48] [Reviewer] [INFO] ============================================================
[2026-05-18 20:53:48] [Reviewer] [INFO] 正在审查第336章...
[2026-05-18 20:53:51] [Reviewer] [INFO] 第348章审查完成：评分 8.0， verdict: 通过
[2026-05-18 20:53:51] [Reviewer] [INFO] 结果: success
[2026-05-18 20:53:53] [Reviewer] [INFO] 第332章审查完成：评分 8.5， verdict: 通过
[2026-05-18 20:53:53] [Reviewer] [INFO] 结果: success
[2026-05-18 20:53:54] [Reviewer] [INFO] 第342章审查完成：评分 8.2， verdict: 通过
[2026-05-18 20:53:54] [Reviewer] [INFO] 结果: success
[2026-05-18 20:53:56] [Reviewer] [INFO] 第338章审查完成：评分 8.0， verdict: 通过
[2026-05-18 20:53:56] [Reviewer] [INFO] 结果: success
[2026-05-18 20:53:57] [Reviewer] [INFO] 第346章审查完成：评分 7.8， verdict: 通过
[2026-05-18 20:53:57] [Reviewer] [INFO] 结果: success
[2026-05-18 20:53:58] [Reviewer] [INFO] 第344章审查完成：评分 7.2， verdict: 需修改
[2026-05-18 20:53:58] [Reviewer] [INFO] 结果: success
[2026-05-18 20:53:58] [Reviewer] [INFO] 第328章审查完成：评分 7.8， verdict: 通过
[2026-05-18 20:53:58] [Reviewer] [INFO] 结果: success
[2026-05-18 20:53:58] [Reviewer] [INFO] 第340章审查完成：评分 7.5， verdict: 通过
[2026-05-18 20:53:58] [Reviewer] [INFO] 结果: success
[2026-05-18 20:53:58] [Reviewer] [INFO] 第318章审查完成：评分 7.3， verdict: 需修改
[2026-05-18 20:53:58] [Reviewer] [INFO] 结果: success
[2026-05-18 20:53:59] [Reviewer] [ERROR] 第325章审查失败
[2026-05-18 20:53:59] [Reviewer] [INFO] 结果: failed
[2026-05-18 20:54:00] [Reviewer] [INFO] ============================================================
[2026-05-18 20:54:00] [Reviewer] [INFO] Reviewer Agent 启动
[2026-05-18 20:54:00] [Reviewer] [INFO] ============================================================
[2026-05-18 20:54:00] [Reviewer] [INFO] 正在审查第326章...
[2026-05-18 20:54:00] [Reviewer] [ERROR] 第320章审查失败
[2026-05-18 20:54:00] [Reviewer] [INFO] 结果: failed
[2026-05-18 20:54:01] [Reviewer] [INFO] 第330章审查完成：评分 7.2， verdict: 需修改
[2026-05-18 20:54:01] [Reviewer] [INFO] 结果: success
[2026-05-18 20:54:02] [Reviewer] [INFO] 第324章审查完成：评分 8.2， verdict: 通过
[2026-05-18 20:54:02] [Reviewer] [INFO] 结果: success
[2026-05-18 20:54:02] [Reviewer] [INFO] 第354章审查完成：评分 8.2， verdict: 通过
[2026-05-18 20:54:02] [Reviewer] [INFO] 结果: success
[2026-05-18 20:54:03] [Reviewer] [INFO] 第352章审查完成：评分 8.0， verdict: 通过
[2026-05-18 20:54:03] [Reviewer] [INFO] 结果: success
[2026-05-18 20:54:05] [Reviewer] [INFO] 第310章审查完成：评分 7.3， verdict: 需修改
[2026-05-18 20:54:05] [Reviewer] [INFO] 结果: success
[2026-05-18 20:54:05] [Reviewer] [INFO] 第336章审查完成：评分 7.8， verdict: 需修改
[2026-05-18 20:54:05] [Reviewer] [INFO] 结果: success
[2026-05-18 20:54:06] [Reviewer] [INFO] 第350章审查完成：评分 7.8， verdict: 通过
[2026-05-18 20:54:06] [Reviewer] [INFO] 结果: success
[2026-05-18 20:54:11] [Reviewer] [INFO] 第322章审查完成：评分 8.3， verdict: 通过
[2026-05-18 20:54:11] [Reviewer] [INFO] 结果: success
[2026-05-18 20:54:12] [Reviewer] [INFO] 第334章审查完成：评分 8.0， verdict: 通过
[2026-05-18 20:54:12] [Reviewer] [INFO] 结果: success
[2026-05-18 20:54:23] [Reviewer] [INFO] 第326章审查完成：评分 7.8， verdict: 需修改
[2026-05-18 20:54:23] [Reviewer] [INFO] 结果: success
[2026-05-18 20:54:24] [Reviewer] [INFO] ============================================================
[2026-05-18 20:54:24] [Reviewer] [INFO] Reviewer Agent 启动
[2026-05-18 20:54:24] [Reviewer] [INFO] ============================================================
[2026-05-18 20:54:24] [Reviewer] [INFO] ============================================================
[2026-05-18 20:54:24] [Reviewer] [INFO] Reviewer Agent 启动
[2026-05-18 20:54:24] [Reviewer] [INFO] ============================================================
[2026-05-18 20:54:24] [Reviewer] [INFO] ============================================================
[2026-05-18 20:54:24] [Reviewer] [INFO] Reviewer Agent 启动
[2026-05-18 20:54:24] [Reviewer] [INFO] ============================================================
[2026-05-18 20:54:24] [Reviewer] [INFO] 正在审查第357章...
[2026-05-18 20:54:24] [Reviewer] [INFO] 正在审查第320章...
[2026-05-18 20:54:25] [Reviewer] [INFO] ============================================================
[2026-05-18 20:54:25] [Reviewer] [INFO] Reviewer Agent 启动
[2026-05-18 20:54:25] [Reviewer] [INFO] ============================================================
[2026-05-18 20:54:25] [Reviewer] [INFO] ============================================================
[2026-05-18 20:54:25] [Reviewer] [INFO] Reviewer Agent 启动
[2026-05-18 20:54:25] [Reviewer] [INFO] ============================================================
[2026-05-18 20:54:25] [Reviewer] [INFO] 正在审查第359章...
[2026-05-18 20:54:25] [Reviewer] [INFO] 正在审查第361章...
[2026-05-18 20:54:25] [Reviewer] [INFO] ============================================================
[2026-05-18 20:54:25] [Reviewer] [INFO] Reviewer Agent 启动
[2026-05-18 20:54:25] [Reviewer] [INFO] ============================================================
[2026-05-18 20:54:25] [Reviewer] [INFO] 正在审查第367章...
[2026-05-18 20:54:25] [Reviewer] [INFO] ============================================================
[2026-05-18 20:54:25] [Reviewer] [INFO] Reviewer Agent 启动
[2026-05-18 20:54:25] [Reviewer] [INFO] ============================================================
[2026-05-18 20:54:25] [Reviewer] [INFO] 正在审查第373章...
[2026-05-18 20:54:25] [Reviewer] [INFO] ============================================================
[2026-05-18 20:54:25] [Reviewer] [INFO] Reviewer Agent 启动
[2026-05-18 20:54:25] [Reviewer] [INFO] ============================================================
[2026-05-18 20:54:25] [Reviewer] [INFO] ============================================================
[2026-05-18 20:54:25] [Reviewer] [INFO] Reviewer Agent 启动
[2026-05-18 20:54:25] [Reviewer] [INFO] ============================================================
[2026-05-18 20:54:25] [Reviewer] [INFO] ============================================================
[2026-05-18 20:54:25] [Reviewer] [INFO] Reviewer Agent 启动
[2026-05-18 20:54:25] [Reviewer] [INFO] ============================================================
[2026-05-18 20:54:25] [Reviewer] [INFO] 正在审查第385章...
[2026-05-18 20:54:25] [Reviewer] [INFO] 正在审查第365章...
[2026-05-18 20:54:25] [Reviewer] [INFO] ============================================================
[2026-05-18 20:54:25] [Reviewer] [INFO] Reviewer Agent 启动
[2026-05-18 20:54:25] [Reviewer] [INFO] ============================================================
[2026-05-18 20:54:25] [Reviewer] [INFO] ============================================================
[2026-05-18 20:54:25] [Reviewer] [INFO] Reviewer Agent 启动
[2026-05-18 20:54:25] [Reviewer] [INFO] ============================================================
[2026-05-18 20:54:25] [Reviewer] [INFO] 正在审查第379章...
[2026-05-18 20:54:25] [Reviewer] [INFO] ============================================================
[2026-05-18 20:54:25] [Reviewer] [INFO] Reviewer Agent 启动
=====================================
[2026-05-18 20:54:25] [Reviewer] [INFO] Reviewer Agent 启动
=====================================
[2026-05-18 20:54:25] [Reviewer] [INFO] ============================================================
[2026-05-18 20:54:25] [Reviewer] [INFO] Reviewer Agent 启动
[2026-05-18 20:54:25] [Reviewer] [INFO] ============================================================
[2026-05-18 20:54:25] [Reviewer] [INFO] ============================================================
[2026-05-18 20:54:25] [Reviewer] [INFO] Reviewer Agent 启动
[2026-05-18 20:54:25] [Reviewer] [INFO] ============================================================
[2026-05-18 20:54:25] [Reviewer] [INFO] ============================================================
[2026-05-18 20:54:25] [Reviewer] [INFO] Reviewer Agent 启动
[2026-05-18 20:54:25] [Reviewer] [INFO] ============================================================
[2026-05-18 20:54:25] [Reviewer] [INFO] ============================================================
[2026-05-18 20:54:25] [Reviewer] [INFO] Reviewer Agent 启动
[2026-05-18 20:54:25] [Reviewer] [INFO] ============================================================
[2026-05-18 20:54:25] [Reviewer] [INFO] ============================================================
[2026-05-18 20:54:25] [Reviewer] [INFO] Reviewer Agent 启动
[2026-05-18 20:54:25] [Reviewer] [INFO] ============================================================
[2026-05-18 20:54:25] [Reviewer] [INFO] 正在审查第381章...
[2026-05-18 20:54:25] [Reviewer] [INFO] 正在审查第383章...
[2026-05-18 20:54:25] [Reviewer] [INFO] 正在审查第387章...
[2026-05-18 20:54:25] [Reviewer] [INFO] 正在审查第371章...
[2026-05-18 20:54:25] [Reviewer] [INFO] 正在审查第375章...
[2026-05-18 20:54:25] [Reviewer] [INFO] 正在审查第377章...
[2026-05-18 20:54:25] [Reviewer] [INFO] 正在审查第391章...
[2026-05-18 20:54:25] [Reviewer] [INFO] ============================================================
[2026-05-18 20:54:25] [Reviewer] [INFO] Reviewer Agent 启动
[2026-05-18 20:54:25] [Reviewer] [INFO] ============================================================
[2026-05-18 20:54:25] [Reviewer] [INFO] 正在审查第363章...
[2026-05-18 20:54:25] [Reviewer] [INFO] 正在审查第389章...
[2026-05-18 20:54:42] [Reviewer] [INFO] 第359章审查完成：评分 7.2， verdict: 需修改
[2026-05-18 20:54:42] [Reviewer] [INFO] 结果: success
[2026-05-18 20:54:42] [Reviewer] [INFO] ============================================================
[2026-05-18 20:54:42] [Reviewer] [INFO] Reviewer Agent 启动
[2026-05-18 20:54:42] [Reviewer] [INFO] ============================================================
[2026-05-18 20:54:42] [Reviewer] [INFO] 正在审查第360章...
[2026-05-18 20:54:43] [Reviewer] [INFO] 第357章审查完成：评分 8.2， verdict: 通过
[2026-05-18 20:54:43] [Reviewer] [INFO] 结果: success
[2026-05-18 20:54:43] [Reviewer] [INFO] ============================================================
[2026-05-18 20:54:43] [Reviewer] [INFO] Reviewer Agent 启动
[2026-05-18 20:54:43] [Reviewer] [INFO] ============================================================
[2026-05-18 20:54:43] [Reviewer] [INFO] 正在审查第358章...
[2026-05-18 20:54:44] [Reviewer] [INFO] 第320章审查完成：评分 8.3， verdict: 通过
[2026-05-18 20:54:44] [Reviewer] [INFO] 结果: success
[2026-05-18 20:54:44] [Reviewer] [INFO] ============================================================
[2026-05-18 20:54:44] [Reviewer] [INFO] Reviewer Agent 启动
[2026-05-18 20:54:44] [Reviewer] [INFO] ============================================================
[2026-05-18 20:54:44] [Reviewer] [INFO] 正在审查第325章...
[2026-05-18 20:54:44] [Reviewer] [INFO] 第383章审查完成：评分 7.1， verdict: 需修改
[2026-05-18 20:54:44] [Reviewer] [INFO] 结果: success
[2026-05-18 20:54:44] [Reviewer] [INFO] ============================================================
[2026-05-18 20:54:44] [Reviewer] [INFO] Reviewer Agent 启动
[2026-05-18 20:54:44] [Reviewer] [INFO] ============================================================
[2026-05-18 20:54:44] [Reviewer] [INFO] 正在审查第384章...
[2026-05-18 20:54:45] [Reviewer] [INFO] 第387章审查完成：评分 8.3， verdict: 通过
[2026-05-18 20:54:45] [Reviewer] [INFO] 结果: success
[2026-05-18 20:54:45] [Reviewer] [INFO] ============================================================
[2026-05-18 20:54:45] [Reviewer] [INFO] Reviewer Agent 启动
[2026-05-18 20:54:45] [Reviewer] [INFO] ============================================================
[2026-05-18 20:54:45] [Reviewer] [INFO] 正在审查第388章...
[2026-05-18 20:54:46] [Reviewer] [INFO] 第389章审查完成：评分 8.2， verdict: 通过
[2026-05-18 20:54:46] [Reviewer] [INFO] 结果: success
[2026-05-18 20:54:46] [Reviewer] [INFO] ============================================================
[2026-05-18 20:54:46] [Reviewer] [INFO] Reviewer Agent 启动
[2026-05-18 20:54:46] [Reviewer] [INFO] ============================================================
[2026-05-18 20:54:46] [Reviewer] [INFO] 正在审查第390章...
[2026-05-18 20:54:47] [Reviewer] [INFO] 第377章审查完成：评分 7.6， verdict: 通过
[2026-05-18 20:54:47] [Reviewer] [INFO] 结果: success
[2026-05-18 20:54:47] [Reviewer] [INFO] ============================================================
[2026-05-18 20:54:47] [Reviewer] [INFO] Reviewer Agent 启动
[2026-05-18 20:54:47] [Reviewer] [INFO] ============================================================
[2026-05-18 20:54:47] [Reviewer] [INFO] 正在审查第378章...
[2026-05-18 20:54:47] [Reviewer] [INFO] 第371章审查完成：评分 8.0， verdict: 通过
[2026-05-18 20:54:47] [Reviewer] [INFO] 结果: success
[2026-05-18 20:54:47] [Reviewer] [INFO] 第391章审查完成：评分 8.3， verdict: 通过
[2026-05-18 20:54:47] [Reviewer] [INFO] 结果: success
[2026-05-18 20:54:47] [Reviewer] [INFO] ============================================================
[2026-05-18 20:54:47] [Reviewer] [INFO] Reviewer Agent 启动
[2026-05-18 20:54:47] [Reviewer] [INFO] Reviewer Agent 启动
[2026-05-18 20:54:47] [Reviewer] [INFO] ============================================================
[2026-05-18 20:54:47] [Reviewer] [INFO] 正在审查第392章...
[2026-05-18 20:54:47] [Reviewer] [INFO] 正在审查第372章...
[2026-05-18 20:54:47] [Reviewer] [INFO] 第363章审查完成：评分 7.6， verdict: 通过
[2026-05-18 20:54:47] [Reviewer] [INFO] 结果: success
[2026-05-18 20:54:48] [Reviewer] [INFO] ============================================================
[2026-05-18 20:54:48] [Reviewer] [INFO] Reviewer Agent 启动
[2026-05-18 20:54:48] [Reviewer] [INFO] ============================================================
[2026-05-18 20:54:48] [Reviewer] [INFO] 正在审查第364章...
[2026-05-18 20:54:48] [Reviewer] [INFO] 第381章审查完成：评分 8.5， verdict: 通过
[2026-05-18 20:54:48] [Reviewer] [INFO] 结果: success
[2026-05-18 20:54:48] [Reviewer] [INFO] ============================================================
[2026-05-18 20:54:48] [Reviewer] [INFO] Reviewer Agent 启动
[2026-05-18 20:54:48] [Reviewer] [INFO] ============================================================
[2026-05-18 20:54:48] [Reviewer] [INFO] 正在审查第382章...
[2026-05-18 20:54:49] [Reviewer] [INFO] 第379章审查完成：评分 7.2， verdict: 需修改
[2026-05-18 20:54:49] [Reviewer] [INFO] 结果: success
[2026-05-18 20:54:49] [Reviewer] [INFO] ============================================================
[2026-05-18 20:54:49] [Reviewer] [INFO] Reviewer Agent 启动
[2026-05-18 20:54:49] [Reviewer] [INFO] ============================================================
[2026-05-18 20:54:49] [Reviewer] [INFO] 正在审查第380章...
[2026-05-18 20:54:49] [Reviewer] [INFO] 第367章审查完成：评分 8.3， verdict: 通过
[2026-05-18 20:54:49] [Reviewer] [INFO] 结果: success
[2026-05-18 20:54:49] [Reviewer] [INFO] ============================================================
[2026-05-18 20:54:49] [Reviewer] [INFO] Reviewer Agent 启动
[2026-05-18 20:54:49] [Reviewer] [INFO] ============================================================
[2026-05-18 20:54:49] [Reviewer] [INFO] 正在审查第368章...
[2026-05-18 20:54:50] [Reviewer] [INFO] 第373章审查完成：评分 8.5， verdict: 通过
[2026-05-18 20:54:50] [Reviewer] [INFO] 结果: success
[2026-05-18 20:54:50] [Reviewer] [INFO] 第369章审查完成：评分 7.5， verdict: 需修改
[2026-05-18 20:54:50] [Reviewer] [INFO] 结果: success
[2026-05-18 20:54:50] [Reviewer] [INFO] 第355章审查完成：评分 7.3， verdict: 需修改
[2026-05-18 20:54:50] [Reviewer] [INFO] 结果: success
[2026-05-18 20:54:50] [Reviewer] [INFO] ============================================================
[2026-05-18 20:54:50] [Reviewer] [INFO] ============================================================
[2026-05-18 20:54:50] [Reviewer] [INFO] Reviewer Agent 启动
[2026-05-18 20:54:50] [Reviewer] [INFO] Reviewer Agent 启动
[2026-05-18 20:54:50] [Reviewer] [INFO] ============================================================
[2026-05-18 20:54:50] [Reviewer] [INFO] ============================================================
[2026-05-18 20:54:50] [Reviewer] [INFO] ============================================================
[2026-05-18 20:54:50] [Reviewer] [INFO] Reviewer Agent 启动
[2026-05-18 20:54:50] [Reviewer] [INFO] ============================================================
[2026-05-18 20:54:50] [Reviewer] [INFO] 正在审查第370章...
[2026-05-18 20:54:50] [Reviewer] [INFO] 正在审查第374章...
[2026-05-18 20:54:50] [Reviewer] [INFO] 正在审查第356章...
[2026-05-18 20:54:51] [Reviewer] [INFO] 第375章审查完成：评分 6.8， verdict: 需修改
[2026-05-18 20:54:51] [Reviewer] [INFO] 结果: success
[2026-05-18 20:54:51] [Reviewer] [INFO] ============================================================
[2026-05-18 20:54:51] [Reviewer] [INFO] Reviewer Agent 启动
[2026-05-18 20:54:51] [Reviewer] [INFO] ============================================================
[2026-05-18 20:54:51] [Reviewer] [INFO] 正在审查第376章...
[2026-05-18 20:54:52] [Reviewer] [INFO] 第365章审查完成：评分 7.8， verdict: 通过
[2026-05-18 20:54:52] [Reviewer] [INFO] 结果: success
[2026-05-18 20:54:52] [Reviewer] [INFO] ============================================================
[2026-05-18 20:54:52] [Reviewer] [INFO] Reviewer Agent 启动
[2026-05-18 20:54:52] [Reviewer] [INFO] ============================================================
[2026-05-18 20:54:52] [Reviewer] [INFO] 正在审查第366章...
[2026-05-18 20:54:52] [Reviewer] [INFO] 第361章审查完成：评分 7.5， verdict: 需修改
[2026-05-18 20:54:52] [Reviewer] [INFO] 结果: success
[2026-05-18 20:54:52] [Reviewer] [INFO] ============================================================
[2026-05-18 20:54:52] [Reviewer] [INFO] Reviewer Agent 启动
[2026-05-18 20:54:52] [Reviewer] [INFO] ============================================================
[2026-05-18 20:54:52] [Reviewer] [INFO] 正在审查第362章...
[2026-05-18 20:54:55] [Reviewer] [INFO] 第385章审查完成：评分 7.2， verdict: 需修改
[2026-05-18 20:54:55] [Reviewer] [INFO] 结果: success
[2026-05-18 20:54:55] [Reviewer] [INFO] ============================================================
[2026-05-18 20:54:55] [Reviewer] [INFO] Reviewer Agent 启动
[2026-05-18 20:54:55] [Reviewer] [INFO] ============================================================
[2026-05-18 20:54:55] [Reviewer] [INFO] 正在审查第386章...
[2026-05-18 20:55:01] [Reviewer] [INFO] 第360章审查完成：评分 7.8， verdict: 通过
[2026-05-18 20:55:01] [Reviewer] [INFO] 结果: success
[2026-05-18 20:55:01] [Reviewer] [INFO] 第384章审查完成：评分 7.2， verdict: 需修改
[2026-05-18 20:55:01] [Reviewer] [INFO] 结果: success
[2026-05-18 20:55:03] [Reviewer] [INFO] 第388章审查完成：评分 8.2， verdict: 通过
[2026-05-18 20:55:03] [Reviewer] [INFO] 结果: success
[2026-05-18 20:55:04] [Reviewer] [INFO] 第358章审查完成：评分 7.8， verdict: 通过
[2026-05-18 20:55:04] [Reviewer] [INFO] 结果: success
[2026-05-18 20:55:05] [Reviewer] [INFO] 第325章审查完成：评分 7.5， verdict: 需修改
[2026-05-18 20:55:05] [Reviewer] [INFO] 结果: success
[2026-05-18 20:55:09] [Reviewer] [INFO] 第382章审查完成：评分 8.0， verdict: 通过
[2026-05-18 20:55:09] [Reviewer] [INFO] 结果: success
[2026-05-18 20:55:10] [Reviewer] [INFO] 第364章审查完成：评分 8.0， verdict: 通过
[2026-05-18 20:55:10] [Reviewer] [INFO] 结果: success
[2026-05-18 20:55:11] [Reviewer] [INFO] 第378章审查完成：评分 7.6， verdict: 需修改
[2026-05-18 20:55:11] [Reviewer] [INFO] 结果: success
[2026-05-18 20:55:11] [Reviewer] [INFO] 第356章审查完成：评分 7.6， verdict: 需修改
[2026-05-18 20:55:11] [Reviewer] [INFO] 结果: success
[2026-05-18 20:55:11] [Reviewer] [INFO] 第372章审查完成：评分 8.0， verdict: 通过
[2026-05-18 20:55:11] [Reviewer] [INFO] 结果: success
[2026-05-18 20:55:12] [Reviewer] [ERROR] 第370章审查失败
[2026-05-18 20:55:12] [Reviewer] [INFO] 结果: failed
[2026-05-18 20:55:13] [Reviewer] [INFO] 第368章审查完成：评分 8.2， verdict: 通过
[2026-05-18 20:55:13] [Reviewer] [INFO] 结果: success
[2026-05-18 20:55:13] [Reviewer] [INFO] 第362章审查完成：评分 8.2， verdict: 通过
[2026-05-18 20:55:13] [Reviewer] [INFO] 结果: success
[2026-05-18 20:55:14] [Reviewer] [INFO] 第392章审查完成：评分 8.1， verdict: 通过
[2026-05-18 20:55:14] [Reviewer] [INFO] 结果: success
[2026-05-18 20:55:14] [Reviewer] [INFO] 第374章审查完成：评分 7.8， verdict: 需修改
[2026-05-18 20:55:14] [Reviewer] [INFO] 结果: success
[2026-05-18 20:55:14] [Reviewer] [INFO] 第376章审查完成：评分 7.8， verdict: 通过
[2026-05-18 20:55:14] [Reviewer] [INFO] 结果: success
[2026-05-18 20:55:14] [Reviewer] [INFO] 第390章审查完成：评分 7.2， verdict: 需修改
[2026-05-18 20:55:14] [Reviewer] [INFO] 结果: success
[2026-05-18 20:55:15] [Reviewer] [INFO] 第380章审查完成：评分 7.8， verdict: 需修改
[2026-05-18 20:55:15] [Reviewer] [INFO] 结果: success
[2026-05-18 20:55:19] [Reviewer] [INFO] 第386章审查完成：评分 8.3， verdict: 通过
[2026-05-18 20:55:19] [Reviewer] [INFO] 结果: success
[2026-05-18 20:55:22] [Reviewer] [INFO] 第366章审查完成：评分 8.3， verdict: 通过
[2026-05-18 20:55:22] [Reviewer] [INFO] 结果: success
[2026-05-18 20:55:23] [Reviewer] [INFO] ============================================================
[2026-05-18 20:55:23] [Reviewer] [INFO] Reviewer Agent 启动
[2026-05-18 20:55:23] [Reviewer] [INFO] ============================================================
[2026-05-18 20:55:23] [Reviewer] [INFO] 正在审查第370章...
[2026-05-18 20:55:23] [Reviewer] [INFO] ============================================================
[2026-05-18 20:55:23] [Reviewer] [INFO] Reviewer Agent 启动
[2026-05-18 20:55:23] [Reviewer] [INFO] ============================================================
[2026-05-18 20:55:23] [Reviewer] [INFO] 正在审查第400章...
[2026-05-18 20:55:23] [Reviewer] [INFO] ============================================================
[2026-05-18 20:55:23] [Reviewer] [INFO] Reviewer Agent 启动
[2026-05-18 20:55:23] [Reviewer] [INFO] ============================================================
[2026-05-18 20:55:23] [Reviewer] [INFO] ============================================================
[2026-05-18 20:55:23] [Reviewer] [INFO] Reviewer Agent 启动
[2026-05-18 20:55:23] [Reviewer] [INFO] ============================================================
[2026-05-18 20:55:23] [Reviewer] [INFO] ============================================================
[2026-05-18 20:55:23] [Reviewer] [INFO] Reviewer Agent 启动
[2026-05-18 20:55:23] [Reviewer] [INFO] ============================================================
[2026-05-18 20:55:23] [Reviewer] [INFO] ============================================================
[2026-05-18 20:55:23] [Reviewer] [INFO] Reviewer Agent 启动
[2026-05-18 20:55:23] [Reviewer] [INFO] ============================================================
[2026-05-18 20:55:23] [Reviewer] [INFO] 正在审查第394章...
[2026-05-18 20:55:23] [Reviewer] [INFO] 正在审查第402章...
[2026-05-18 20:55:23] [Reviewer] [INFO] 正在审查第404章...
[2026-05-18 20:55:23] [Reviewer] [INFO] 正在审查第398章...
[2026-05-18 20:55:23] [Reviewer] [INFO] ============================================================
[2026-05-18 20:55:23] [Reviewer] [INFO] Reviewer Agent 启动
[2026-05-18 20:55:23] [Reviewer] [INFO] ============================================================
[2026-05-18 20:55:23] [Reviewer] [INFO] ============================================================
[2026-05-18 20:55:23] [Reviewer] [INFO] Reviewer Agent 启动
[2026-05-18 20:55:23] [Reviewer] [INFO] ============================================================
[2026-05-18 20:55:23] [Reviewer] [INFO] 正在审查第406章...
[2026-05-18 20:55:23] [Reviewer] [INFO] ============================================================
[2026-05-18 20:55:23] [Reviewer] [INFO] Reviewer Agent 启动
[2026-05-18 20:55:23] [Reviewer] [INFO] ============================================================
[2026-05-18 20:55:23] [Reviewer] [INFO] ============================================================
[2026-05-18 20:55:23] [Reviewer] [INFO] Reviewer Agent 启动
[2026-05-18 20:55:23] [Reviewer] [INFO] ============================================================
[2026-05-18 20:55:23] [Reviewer] [INFO] ============================================================
[2026-05-18 20:55:23] [Reviewer] [INFO] Reviewer Agent 启动
[2026-05-18 20:55:23] [Reviewer] [INFO] ============================================================
[2026-05-18 20:55:23] [Reviewer] [INFO] ============================================================
[2026-05-18 20:55:23] [Reviewer] [INFO] Reviewer Agent 启动
[2026-05-18 20:55:23] [Reviewer] [INFO] 正在审查第414章...
[2026-05-18 20:55:23] [Reviewer] [INFO] ============================================================
[2026-05-18 20:55:23] [Reviewer] [INFO] 正在审查第416章...
[2026-05-18 20:55:23] [Reviewer] [INFO] ============================================================
[2026-05-18 20:55:23] [Reviewer] [INFO] Reviewer Agent 启动
[2026-05-18 20:55:23] [Reviewer] [INFO] ============================================================
[2026-05-18 20:55:23] [Reviewer] [INFO] ============================================================
[2026-05-18 20:55:23] [Reviewer] [INFO] Reviewer Agent 启动
[2026-05-18 20:55:23] [Reviewer] [INFO] ============================================================
[2026-05-18 20:55:23] [Reviewer] [INFO] 正在审查第410章...
[2026-05-18 20:55:23] [Reviewer] [INFO] 正在审查第422章...
[2026-05-18 20:55:23] [Reviewer] [INFO] 正在审查第424章...
[2026-05-18 20:55:23] [Reviewer] [INFO] ============================================================
[2026-05-18 20:55:23] [Reviewer] [INFO] Reviewer Agent 启动
[2026-05-18 20:55:23] [Reviewer] [INFO] ============================================================
[2026-05-18 20:55:23] [Reviewer] [INFO] 正在审查第396章...
[2026-05-18 20:55:23] [Reviewer] [INFO] ============================================================
[2026-05-18 20:55:23] [Reviewer] [INFO] Reviewer Agent 启动
[2026-05-18 20:55:23] [Reviewer] [INFO] ============================================================
[2026-05-18 20:55:23] [Reviewer] [INFO] ============================================================
[2026-05-18 20:55:23] [Reviewer] [INFO] Reviewer Agent 启动
[2026-05-18 20:55:23] [Reviewer] [INFO] ============================================================
[2026-05-18 20:55:23] [Reviewer] [INFO] ============================================================
[2026-05-18 20:55:23] [Reviewer] [INFO] Reviewer Agent 启动
[2026-05-18 20:55:23] [Reviewer] [INFO] ============================================================
[2026-05-18 20:55:23] [Reviewer] [INFO] 正在审查第418章...
[2026-05-18 20:55:23] [Reviewer] [INFO] 正在审查第412章...
[2026-05-18 20:55:23] [Reviewer] [INFO] 正在审查第426章...
[2026-05-18 20:55:23] [Reviewer] [INFO] ============================================================
[2026-05-18 20:55:23] [Reviewer] [INFO] Reviewer Agent 启动
[2026-05-18 20:55:23] [Reviewer] [INFO] ============================================================
[2026-05-18 20:55:23] [Reviewer] [INFO] 正在审查第420章...
[2026-05-18 20:55:23] [Reviewer] [INFO] 正在审查第428章...
[2026-05-18 20:55:23] [Reviewer] [INFO] ============================================================
[2026-05-18 20:55:23] [Reviewer] [INFO] Reviewer Agent 启动
[2026-05-18 20:55:23] [Reviewer] [INFO] ============================================================
[2026-05-18 20:55:23] [Reviewer] [INFO] 正在审查第430章...
[2026-05-18 20:55:41] [Reviewer] [INFO] 第400章审查完成：评分 8.2， verdict: 通过
[2026-05-18 20:55:41] [Reviewer] [INFO] 结果: success
[2026-05-18 20:55:42] [Reviewer] [INFO] 第424章审查完成：评分 8.5， verdict: 通过
[2026-05-18 20:55:42] [Reviewer] [INFO] 结果: success
[2026-05-18 20:55:42] [Reviewer] [INFO] ============================================================
[2026-05-18 20:55:42] [Reviewer] [INFO] Reviewer Agent 启动
[2026-05-18 20:55:42] [Reviewer] [INFO] ============================================================
[2026-05-18 20:55:42] [Reviewer] [INFO] 正在审查第401章...
[2026-05-18 20:55:42] [Reviewer] [INFO] ============================================================
[2026-05-18 20:55:42] [Reviewer] [INFO] Reviewer Agent 启动
[2026-05-18 20:55:42] [Reviewer] [INFO] ============================================================
[2026-05-18 20:55:42] [Reviewer] [INFO] 正在审查第425章...
[2026-05-18 20:55:43] [Reviewer] [INFO] 第426章审查完成：评分 8.3， verdict: 通过
[2026-05-18 20:55:43] [Reviewer] [INFO] 结果: success
[2026-05-18 20:55:43] [Reviewer] [INFO] 第394章审查完成：评分 8.3， verdict: 通过
[2026-05-18 20:55:43] [Reviewer] [INFO] 结果: success
[2026-05-18 20:55:43] [Reviewer] [INFO] ============================================================
[2026-05-18 20:55:43] [Reviewer] [INFO] Reviewer Agent 启动
[2026-05-18 20:55:43] [Reviewer] [INFO] ============================================================
[2026-05-18 20:55:43] [Reviewer] [INFO] 正在审查第427章...
[2026-05-18 20:55:43] [Reviewer] [INFO] ============================================================
[2026-05-18 20:55:43] [Reviewer] [INFO] Reviewer Agent 启动
[2026-05-18 20:55:43] [Reviewer] [INFO] ============================================================
[2026-05-18 20:55:43] [Reviewer] [INFO] 正在审查第395章...
[2026-05-18 20:55:43] [Reviewer] [ERROR] 第396章审查失败
[2026-05-18 20:55:43] [Reviewer] [INFO] 结果: failed
[2026-05-18 20:55:43] [Reviewer] [INFO] ============================================================
[2026-05-18 20:55:43] [Reviewer] [INFO] Reviewer Agent 启动
[2026-05-18 20:55:43] [Reviewer] [INFO] ============================================================
[2026-05-18 20:55:43] [Reviewer] [INFO] 正在审查第397章...
[2026-05-18 20:55:44] [Reviewer] [INFO] 第404章审查完成：评分 7.4， verdict: 需修改
[2026-05-18 20:55:44] [Reviewer] [INFO] 结果: success
[2026-05-18 20:55:44] [Reviewer] [INFO] 第428章审查完成：评分 7.2， verdict: 需修改
[2026-05-18 20:55:44] [Reviewer] [INFO] 结果: success
[2026-05-18 20:55:44] [Reviewer] [INFO] ============================================================
[2026-05-18 20:55:44] [Reviewer] [INFO] Reviewer Agent 启动
[2026-05-18 20:55:44] [Reviewer] [INFO] ============================================================
[2026-05-18 20:55:44] [Reviewer] [INFO] 正在审查第405章...
[2026-05-18 20:55:44] [Reviewer] [INFO] ============================================================
[2026-05-18 20:55:44] [Reviewer] [INFO] Reviewer Agent 启动
[2026-05-18 20:55:44] [Reviewer] [INFO] ============================================================
[2026-05-18 20:55:44] [Reviewer] [INFO] 正在审查第429章...
[2026-05-18 20:55:44] [Reviewer] [INFO] 第410章审查完成：评分 8.0， verdict: 通过
[2026-05-18 20:55:44] [Reviewer] [INFO] 结果: success
[2026-05-18 20:55:44] [Reviewer] [INFO] ============================================================
[2026-05-18 20:55:44] [Reviewer] [INFO] Reviewer Agent 启动
[2026-05-18 20:55:44] [Reviewer] [INFO] ============================================================
[2026-05-18 20:55:44] [Reviewer] [INFO] 正在审查第411章...
[2026-05-18 20:55:44] [Reviewer] [INFO] 第430章审查完成：评分 7.8， verdict: 需修改
[2026-05-18 20:55:44] [Reviewer] [INFO] 结果: success
[2026-05-18 20:55:44] [Reviewer] [INFO] 第402章审查完成：评分 7.8， verdict: 需修改
[2026-05-18 20:55:44] [Reviewer] [INFO] 结果: success
[2026-05-18 20:55:44] [Reviewer] [INFO] ============================================================
[2026-05-18 20:55:44] [Reviewer] [INFO] Reviewer Agent 启动
[2026-05-18 20:55:44] [Reviewer] [INFO] ============================================================
[2026-05-18 20:55:44] [Reviewer] [INFO] 正在审查第431章...
[2026-05-18 20:55:44] [Reviewer] [INFO] ============================================================
[2026-05-18 20:55:44] [Reviewer] [INFO] Reviewer Agent 启动
[2026-05-18 20:55:44] [Reviewer] [INFO] ============================================================
[2026-05-18 20:55:44] [Reviewer] [INFO] 正在审查第403章...
[2026-05-18 20:55:45] [Reviewer] [INFO] 第408章审查完成：评分 8.7， verdict: 通过
[2026-05-18 20:55:45] [Reviewer] [INFO] 结果: success
[2026-05-18 20:55:45] [Reviewer] [INFO] 第370章审查完成：评分 7.6， verdict: 需修改
[2026-05-18 20:55:45] [Reviewer] [INFO] 结果: success
[2026-05-18 20:55:45] [Reviewer] [INFO] ============================================================
[2026-05-18 20:55:45] [Reviewer] [INFO] Reviewer Agent 启动
[2026-05-18 20:55:45] [Reviewer] [INFO] ============================================================
[2026-05-18 20:55:45] [Reviewer] [INFO] 正在审查第409章...
[2026-05-18 20:55:45] [Reviewer] [INFO] ============================================================
[2026-05-18 20:55:45] [Reviewer] [INFO] Reviewer Agent 启动
[2026-05-18 20:55:45] [Reviewer] [INFO] ============================================================
[2026-05-18 20:55:45] [Reviewer] [INFO] 正在审查第393章...
[2026-05-18 20:55:46] [Reviewer] [INFO] 第420章审查完成：评分 8.0， verdict: 通过
[2026-05-18 20:55:46] [Reviewer] [INFO] 结果: success
[2026-05-18 20:55:46] [Reviewer] [INFO] ============================================================
[2026-05-18 20:55:46] [Reviewer] [INFO] Reviewer Agent 启动
[2026-05-18 20:55:46] [Reviewer] [INFO] ============================================================
[2026-05-18 20:55:46] [Reviewer] [INFO] 正在审查第421章...
[2026-05-18 20:55:46] [Reviewer] [INFO] 第422章审查完成：评分 7.2， verdict: 需修改
[2026-05-18 20:55:46] [Reviewer] [INFO] 结果: success
[2026-05-18 20:55:47] [Reviewer] [INFO] ============================================================
[2026-05-18 20:55:47] [Reviewer] [INFO] Reviewer Agent 启动
[2026-05-18 20:55:47] [Reviewer] [INFO] ============================================================
[2026-05-18 20:55:47] [Reviewer] [INFO] 正在审查第423章...
[2026-05-18 20:55:47] [Reviewer] [INFO] 第406章审查完成：评分 8.2， verdict: 通过
[2026-05-18 20:55:47] [Reviewer] [INFO] 结果: success
[2026-05-18 20:55:48] [Reviewer] [INFO] ============================================================
[2026-05-18 20:55:48] [Reviewer] [INFO] Reviewer Agent 启动
[2026-05-18 20:55:48] [Reviewer] [INFO] ============================================================
[2026-05-18 20:55:48] [Reviewer] [INFO] 正在审查第407章...
[2026-05-18 20:55:48] [Reviewer] [INFO] 第412章审查完成：评分 8.0， verdict: 需修改
[2026-05-18 20:55:48] [Reviewer] [INFO] 结果: success
[2026-05-18 20:55:48] [Reviewer] [INFO] 第398章审查完成：评分 8.2， verdict: 通过
[2026-05-18 20:55:48] [Reviewer] [INFO] 结果: success
[2026-05-18 20:55:48] [Reviewer] [INFO] ============================================================
[2026-05-18 20:55:48] [Reviewer] [INFO] Reviewer Agent 启动
[2026-05-18 20:55:48] [Reviewer] [INFO] ============================================================
[2026-05-18 20:55:48] [Reviewer] [INFO] 正在审查第413章...
[2026-05-18 20:55:48] [Reviewer] [INFO] ============================================================
[2026-05-18 20:55:48] [Reviewer] [INFO] Reviewer Agent 启动
[2026-05-18 20:55:48] [Reviewer] [INFO] ============================================================
[2026-05-18 20:55:48] [Reviewer] [INFO] 正在审查第399章...
[2026-05-18 20:55:48] [Reviewer] [INFO] 第416章审查完成：评分 7.6， verdict: 需修改
[2026-05-18 20:55:48] [Reviewer] [INFO] 结果: success
[2026-05-18 20:55:48] [Reviewer] [INFO] ============================================================
[2026-05-18 20:55:48] [Reviewer] [INFO] Reviewer Agent 启动
[2026-05-18 20:55:48] [Reviewer] [INFO] ============================================================
[2026-05-18 20:55:48] [Reviewer] [INFO] 正在审查第417章...
[2026-05-18 20:55:49] [Reviewer] [INFO] 第418章审查完成：评分 8.5， verdict: 通过
[2026-05-18 20:55:49] [Reviewer] [INFO] 结果: success
[2026-05-18 20:55:50] [Reviewer] [INFO] ============================================================
[2026-05-18 20:55:50] [Reviewer] [INFO] Reviewer Agent 启动
[2026-05-18 20:55:50] [Reviewer] [INFO] ============================================================
[2026-05-18 20:55:50] [Reviewer] [INFO] 正在审查第419章...
[2026-05-18 20:55:50] [Reviewer] [INFO] 第414章审查完成：评分 8.2， verdict: 通过
[2026-05-18 20:55:50] [Reviewer] [INFO] 结果: success
[2026-05-18 20:55:50] [Reviewer] [INFO] ============================================================
[2026-05-18 20:55:50] [Reviewer] [INFO] Reviewer Agent 启动
[2026-05-18 20:55:50] [Reviewer] [INFO] ============================================================
[2026-05-18 20:55:50] [Reviewer] [INFO] 正在审查第415章...
[2026-05-18 20:56:02] [Reviewer] [INFO] 第427章审查完成：评分 7.8， verdict: 通过
[2026-05-18 20:56:02] [Reviewer] [INFO] 结果: success
[2026-05-18 20:56:02] [Reviewer] [INFO] 第403章审查完成：评分 8.2， verdict: 通过
[2026-05-18 20:56:02] [Reviewer] [INFO] 结果: success
[2026-05-18 20:56:05] [Reviewer] [INFO] 第429章审查完成：评分 8.2， verdict: 通过
[2026-05-18 20:56:05] [Reviewer] [INFO] 结果: success
[2026-05-18 20:56:05] [Reviewer] [INFO] 第425章审查完成：评分 7.8， verdict: 通过
[2026-05-18 20:56:05] [Reviewer] [INFO] 结果: success
[2026-05-18 20:56:06] [Reviewer] [INFO] 第393章审查完成：评分 8.2， verdict: 通过
[2026-05-18 20:56:06] [Reviewer] [INFO] 结果: success
[2026-05-18 20:56:06] [Reviewer] [INFO] 第431章审查完成：评分 8.3， verdict: 通过
[2026-05-18 20:56:06] [Reviewer] [INFO] 结果: success
[2026-05-18 20:56:06] [Reviewer] [INFO] 第401章审查完成：评分 8.2， verdict: 通过
[2026-05-18 20:56:06] [Reviewer] [INFO] 结果: success
[2026-05-18 20:56:06] [Reviewer] [INFO] 第397章审查完成：评分 8.2， verdict: 通过
[2026-05-18 20:56:06] [Reviewer] [INFO] 结果: success
[2026-05-18 20:56:08] [Reviewer] [INFO] 第421章审查完成：评分 8.2， verdict: 通过
[2026-05-18 20:56:08] [Reviewer] [INFO] 结果: success
[2026-05-18 20:56:08] [Reviewer] [INFO] 第423章审查完成：评分 8.3， verdict: 通过
[2026-05-18 20:56:08] [Reviewer] [INFO] 结果: success
[2026-05-18 20:56:08] [Reviewer] [INFO] 第405章审查完成：评分 7.6， verdict: 需修改
[2026-05-18 20:56:08] [Reviewer] [INFO] 结果: success
[2026-05-18 20:56:08] [Reviewer] [INFO] 第407章审查完成：评分 8.5， verdict: 通过
[2026-05-18 20:56:08] [Reviewer] [INFO] 结果: success
[2026-05-18 20:56:08] [Reviewer] [INFO] 第413章审查完成：评分 7.8， verdict: 通过
[2026-05-18 20:56:08] [Reviewer] [INFO] 结果: success
[2026-05-18 20:56:10] [Reviewer] [INFO] 第409章审查完成：评分 7.6， verdict: 需修改
[2026-05-18 20:56:10] [Reviewer] [INFO] 结果: success
[2026-05-18 20:56:10] [Reviewer] [INFO] 第417章审查完成：评分 8.1， verdict: 通过
[2026-05-18 20:56:10] [Reviewer] [INFO] 结果: success
[2026-05-18 20:56:11] [Reviewer] [INFO] 第411章审查完成：评分 7.8， verdict: 通过
[2026-05-18 20:56:11] [Reviewer] [INFO] 结果: success
[2026-05-18 20:56:11] [Reviewer] [INFO] 第399章审查完成：评分 7.8， verdict: 需修改
[2026-05-18 20:56:11] [Reviewer] [INFO] 结果: success
[2026-05-18 20:56:12] [Reviewer] [INFO] 第395章审查完成：评分 7.8， verdict: 通过
[2026-05-18 20:56:12] [Reviewer] [INFO] 结果: success
[2026-05-18 20:56:14] [Reviewer] [INFO] 第415章审查完成：评分 7.8， verdict: 需修改
[2026-05-18 20:56:14] [Reviewer] [INFO] 结果: success
[2026-05-18 20:56:15] [Reviewer] [INFO] 第419章审查完成：评分 7.3， verdict: 需修改
[2026-05-18 20:56:15] [Reviewer] [INFO] 结果: success
[2026-05-18 20:56:17] [Reviewer] [INFO] ============================================================
[2026-05-18 20:56:17] [Reviewer] [INFO] Reviewer Agent 启动
[2026-05-18 20:56:17] [Reviewer] [INFO] ============================================================
[2026-05-18 20:56:17] [Reviewer] [INFO] ============================================================
[2026-05-18 20:56:17] [Reviewer] [INFO] Reviewer Agent 启动
[2026-05-18 20:56:17] [Reviewer] [INFO] ============================================================
[2026-05-18 20:56:17] [Reviewer] [INFO] 正在审查第433章...
[2026-05-18 20:56:17] [Reviewer] [INFO] 正在审查第396章...
[2026-05-18 20:56:17] [Reviewer] [INFO] ============================================================
[2026-05-18 20:56:17] [Reviewer] [INFO] ============================================================
[2026-05-18 20:56:17] [Reviewer] [INFO] Reviewer Agent 启动
=====================================
[2026-05-18 20:56:17] [Reviewer] [INFO] ============================================================
[2026-05-18 20:56:17] [Reviewer] [INFO] 正在审查第439章...
[2026-05-18 20:56:17] [Reviewer] [INFO] 正在审查第435章...
[2026-05-18 20:56:17] [Reviewer] [INFO] ============================================================
[2026-05-18 20:56:17] [Reviewer] [INFO] Reviewer Agent 启动
[2026-05-18 20:56:17] [Reviewer] [INFO] ============================================================
[2026-05-18 20:56:17] [Reviewer] [INFO] ============================================================
[2026-05-18 20:56:17] [Reviewer] [INFO] Reviewer Agent 启动
[2026-05-18 20:56:17] [Reviewer] [INFO] ============================================================
[2026-05-18 20:56:17] [Reviewer] [INFO] ============================================================
[2026-05-18 20:56:17] [Reviewer] [INFO] Reviewer Agent 启动
[2026-05-18 20:56:17] [Reviewer] [INFO] ============================================================
[2026-05-18 20:56:17] [Reviewer] [INFO] ============================================================
[2026-05-18 20:56:17] [Reviewer] [INFO] Reviewer Agent 启动
[2026-05-18 20:56:17] [Reviewer] [INFO] ============================================================
[2026-05-18 20:56:17] [Reviewer] [INFO] ============================================================
[2026-05-18 20:56:17] [Reviewer] [INFO] Reviewer Agent 启动
[2026-05-18 20:56:17] [Reviewer] [INFO] ============================================================
[2026-05-18 20:56:17] [Reviewer] [INFO] 正在审查第441章...
[2026-05-18 20:56:17] [Reviewer] [INFO] ============================================================
[2026-05-18 20:56:17] [Reviewer] [INFO] Reviewer Agent 启动
[2026-05-18 20:56:17] [Reviewer] [INFO] ============================================================
[2026-05-18 20:56:17] [Reviewer] [INFO] 正在审查第445章...
[2026-05-18 20:56:17] [Reviewer] [INFO] 正在审查第447章...
[2026-05-18 20:56:17] [Reviewer] [INFO] ============================================================
[2026-05-18 20:56:17] [Reviewer] [INFO] Reviewer Agent 启动
[2026-05-18 20:56:17] [Reviewer] [INFO] ============================================================
[2026-05-18 20:56:17] [Reviewer] [INFO] 正在审查第449章...
[2026-05-18 20:56:17] [Reviewer] [INFO] 正在审查第437章...
[2026-05-18 20:56:17] [Reviewer] [INFO] 正在审查第443章...
[2026-05-18 20:56:17] [Reviewer] [INFO] ============================================================
[2026-05-18 20:56:17] [Reviewer] [INFO] Reviewer Agent 启动
[2026-05-18 20:56:17] [Reviewer] [INFO] ============================================================
[2026-05-18 20:56:17] [Reviewer] [INFO] ============================================================
[2026-05-18 20:56:17] [Reviewer] [INFO] Reviewer Agent 启动
[2026-05-18 20:56:17] [Reviewer] [INFO] ============================================================
[2026-05-18 20:56:17] [Reviewer] [INFO] ============================================================
[2026-05-18 20:56:17] [Reviewer] [INFO] Reviewer Agent 启动
[2026-05-18 20:56:17] [Reviewer] [INFO] ============================================================
[2026-05-18 20:56:17] [Reviewer] [INFO] ============================================================
[2026-05-18 20:56:17] [Reviewer] [INFO] Reviewer Agent 启动
[2026-05-18 20:56:17] [Reviewer] [INFO] ============================================================
[2026-05-18 20:56:17] [Reviewer] [INFO] 正在审查第459章...
[2026-05-18 20:56:17] [Reviewer] [INFO] 正在审查第451章...
[2026-05-18 20:56:17] [Reviewer] [INFO] ============================================================
[2026-05-18 20:56:17] [Reviewer] [INFO] 正在审查第455章...
[2026-05-18 20:56:17] [Reviewer] [INFO] 正在审查第457章...
[2026-05-18 20:56:17] [Reviewer] [INFO] ============================================================
[2026-05-18 20:56:18] [Reviewer] [INFO] 正在审查第461章...
[2026-05-18 20:56:18] [Reviewer] [INFO] ============================================================
[2026-05-18 20:56:18] [Reviewer] [INFO] Reviewer Agent 启动
[2026-05-18 20:56:18] [Reviewer] [INFO] ============================================================
[2026-05-18 20:56:18] [Reviewer] [INFO] ============================================================
[2026-05-18 20:56:18] [Reviewer] [INFO] Reviewer Agent 启动
[2026-05-18 20:56:18] [Reviewer] [INFO] ============================================================
[2026-05-18 20:56:18] [Reviewer] [INFO] 正在审查第465章...
[2026-05-18 20:56:18] [Reviewer] [INFO] 正在审查第463章...
[2026-05-18 20:56:18] [Reviewer] [INFO] ============================================================
[2026-05-18 20:56:18] [Reviewer] [INFO] Reviewer Agent 启动
[2026-05-18 20:56:18] [Reviewer] [INFO] ============================================================
[2026-05-18 20:56:18] [Reviewer] [INFO] 正在审查第467章...
[2026-05-18 20:56:18] [Reviewer] [INFO] ============================================================
[2026-05-18 20:56:18] [Reviewer] [INFO] Reviewer Agent 启动
[2026-05-18 20:56:18] [Reviewer] [INFO] ============================================================
[2026-05-18 20:56:18] [Reviewer] [INFO] 正在审查第469章...
[2026-05-18 20:56:36] [Reviewer] [INFO] 第451章审查完成：评分 7.6， verdict: 需修改
[2026-05-18 20:56:36] [Reviewer] [INFO] 结果: success
[2026-05-18 20:56:36] [Reviewer] [INFO] ============================================================
[2026-05-18 20:56:36] [Reviewer] [INFO] Reviewer Agent 启动
[2026-05-18 20:56:36] [Reviewer] [INFO] ============================================================
[2026-05-18 20:56:36] [Reviewer] [INFO] 正在审查第452章...
[2026-05-18 20:56:37] [Reviewer] [INFO] 第441章审查完成：评分 8.4， verdict: 通过
[2026-05-18 20:56:37] [Reviewer] [INFO] 结果: success
[2026-05-18 20:56:37] [Reviewer] [INFO] ============================================================
[2026-05-18 20:56:37] [Reviewer] [INFO] Reviewer Agent 启动
[2026-05-18 20:56:37] [Reviewer] [INFO] ============================================================
[2026-05-18 20:56:37] [Reviewer] [INFO] 正在审查第442章...
[2026-05-18 20:56:38] [Reviewer] [INFO] 第465章审查完成：评分 8.3， verdict: 通过
[2026-05-18 20:56:38] [Reviewer] [INFO] 结果: success
[2026-05-18 20:56:38] [Reviewer] [INFO] ============================================================
[2026-05-18 20:56:38] [Reviewer] [INFO] Reviewer Agent 启动
[2026-05-18 20:56:38] [Reviewer] [INFO] ============================================================
[2026-05-18 20:56:38] [Reviewer] [INFO] 正在审查第466章...
[2026-05-18 20:56:38] [Reviewer] [INFO] 第461章审查完成：评分 7.8， verdict: 需修改
[2026-05-18 20:56:38] [Reviewer] [INFO] 结果: success
[2026-05-18 20:56:38] [Reviewer] [INFO] ============================================================
[2026-05-18 20:56:38] [Reviewer] [INFO] Reviewer Agent 启动
[2026-05-18 20:56:38] [Reviewer] [INFO] ============================================================
[2026-05-18 20:56:38] [Reviewer] [INFO] 正在审查第462章...
[2026-05-18 20:56:38] [Reviewer] [INFO] 第435章审查完成：评分 8.2， verdict: 通过
[2026-05-18 20:56:38] [Reviewer] [INFO] 结果: success
[2026-05-18 20:56:39] [Reviewer] [INFO] ============================================================
[2026-05-18 20:56:39] [Reviewer] [INFO] Reviewer Agent 启动
[2026-05-18 20:56:39] [Reviewer] [INFO] ============================================================
[2026-05-18 20:56:39] [Reviewer] [INFO] 正在审查第436章...
[2026-05-18 20:56:40] [Reviewer] [INFO] 第433章审查完成：评分 7.3， verdict: 需修改
[2026-05-18 20:56:40] [Reviewer] [INFO] 结果: success
[2026-05-18 20:56:40] [Reviewer] [INFO] ============================================================
[2026-05-18 20:56:40] [Reviewer] [INFO] Reviewer Agent 启动
[2026-05-18 20:56:40] [Reviewer] [INFO] ============================================================
[2026-05-18 20:56:40] [Reviewer] [INFO] 正在审查第434章...
[2026-05-18 20:56:40] [Reviewer] [INFO] 第459章审查完成：评分 8.2， verdict: 通过
[2026-05-18 20:56:40] [Reviewer] [INFO] 结果: success
[2026-05-18 20:56:40] [Reviewer] [INFO] ============================================================
[2026-05-18 20:56:40] [Reviewer] [INFO] Reviewer Agent 启动
[2026-05-18 20:56:40] [Reviewer] [INFO] ============================================================
[2026-05-18 20:56:40] [Reviewer] [INFO] 正在审查第460章...
[2026-05-18 20:56:40] [Reviewer] [INFO] 第396章审查完成：评分 8.0， verdict: 通过
[2026-05-18 20:56:40] [Reviewer] [INFO] 结果: success
[2026-05-18 20:56:40] [Reviewer] [INFO] ============================================================
[2026-05-18 20:56:40] [Reviewer] [INFO] Reviewer Agent 启动
[2026-05-18 20:56:40] [Reviewer] [INFO] ============================================================
[2026-05-18 20:56:40] [Reviewer] [INFO] 正在审查第432章...
[2026-05-18 20:56:41] [Reviewer] [INFO] 第457章审查完成：评分 7.8， verdict: 需修改
[2026-05-18 20:56:41] [Reviewer] [INFO] 结果: success
[2026-05-18 20:56:41] [Reviewer] [INFO] 第453章审查完成：评分 8.3， verdict: 通过
[2026-05-18 20:56:41] [Reviewer] [INFO] 结果: success
[2026-05-18 20:56:41] [Reviewer] [INFO] ============================================================
[2026-05-18 20:56:41] [Reviewer] [INFO] Reviewer Agent 启动
[2026-05-18 20:56:41] [Reviewer] [INFO] ============================================================
[2026-05-18 20:56:41] [Reviewer] [INFO] 正在审查第458章...
[2026-05-18 20:56:41] [Reviewer] [INFO] ============================================================
[2026-05-18 20:56:41] [Reviewer] [INFO] Reviewer Agent 启动
[2026-05-18 20:56:41] [Reviewer] [INFO] ============================================================
[2026-05-18 20:56:41] [Reviewer] [INFO] 正在审查第454章...
[2026-05-18 20:56:41] [Reviewer] [INFO] 第443章审查完成：评分 7.5， verdict: 通过
[2026-05-18 20:56:41] [Reviewer] [INFO] 结果: success
[2026-05-18 20:56:41] [Reviewer] [INFO] 第455章审查完成：评分 7.3， verdict: 需修改
[2026-05-18 20:56:41] [Reviewer] [INFO] 结果: success
[2026-05-18 20:56:41] [Reviewer] [INFO] ============================================================
[2026-05-18 20:56:41] [Reviewer] [INFO] Reviewer Agent 启动
[2026-05-18 20:56:41] [Reviewer] [INFO] ============================================================
[2026-05-18 20:56:41] [Reviewer] [INFO] 正在审查第444章...
[2026-05-18 20:56:41] [Reviewer] [INFO] ============================================================
[2026-05-18 20:56:41] [Reviewer] [INFO] Reviewer Agent 启动
[2026-05-18 20:56:41] [Reviewer] [INFO] ============================================================
[2026-05-18 20:56:42] [Reviewer] [INFO] 正在审查第456章...
[2026-05-18 20:56:43] [Reviewer] [INFO] 第463章审查完成：评分 7.6， verdict: 需修改
[2026-05-18 20:56:43] [Reviewer] [INFO] 结果: success
[2026-05-18 20:56:43] [Reviewer] [INFO] ============================================================
[2026-05-18 20:56:43] [Reviewer] [INFO] Reviewer Agent 启动
[2026-05-18 20:56:43] [Reviewer] [INFO] ============================================================
[2026-05-18 20:56:43] [Reviewer] [INFO] 正在审查第464章...
[2026-05-18 20:56:43] [Reviewer] [INFO] 第469章审查完成：评分 7.8， verdict: 通过
[2026-05-18 20:56:43] [Reviewer] [INFO] 结果: success
[2026-05-18 20:56:43] [Reviewer] [INFO] ============================================================
[2026-05-18 20:56:43] [Reviewer] [INFO] Reviewer Agent 启动
[2026-05-18 20:56:43] [Reviewer] [INFO] ============================================================
[2026-05-18 20:56:43] [Reviewer] [INFO] 正在审查第470章...
[2026-05-18 20:56:46] [Reviewer] [INFO] 第439章审查完成：评分 8.3， verdict: 通过
[2026-05-18 20:56:46] [Reviewer] [INFO] 结果: success
[2026-05-18 20:56:46] [Reviewer] [INFO] ============================================================
[2026-05-18 20:56:46] [Reviewer] [INFO] Reviewer Agent 启动
[2026-05-18 20:56:46] [Reviewer] [INFO] ============================================================
[2026-05-18 20:56:46] [Reviewer] [INFO] 正在审查第440章...
[2026-05-18 20:56:46] [Reviewer] [INFO] 第449章审查完成：评分 7.8， verdict: 通过
[2026-05-18 20:56:46] [Reviewer] [INFO] 结果: success
[2026-05-18 20:56:46] [Reviewer] [INFO] ============================================================
[2026-05-18 20:56:46] [Reviewer] [INFO] Reviewer Agent 启动
[2026-05-18 20:56:46] [Reviewer] [INFO] ============================================================
[2026-05-18 20:56:47] [Reviewer] [INFO] 正在审查第450章...
[2026-05-18 20:56:47] [Reviewer] [INFO] 第445章审查完成：评分 7.5， verdict: 需修改
[2026-05-18 20:56:47] [Reviewer] [INFO] 结果: success
[2026-05-18 20:56:47] [Reviewer] [INFO] ============================================================
[2026-05-18 20:56:47] [Reviewer] [INFO] Reviewer Agent 启动
[2026-05-18 20:56:47] [Reviewer] [INFO] ============================================================
[2026-05-18 20:56:47] [Reviewer] [INFO] 第467章审查完成：评分 8.2， verdict: 通过
[2026-05-18 20:56:47] [Reviewer] [INFO] 结果: success
[2026-05-18 20:56:47] [Reviewer] [INFO] 正在审查第446章...
[2026-05-18 20:56:47] [Reviewer] [INFO] ============================================================
[2026-05-18 20:56:47] [Reviewer] [INFO] Reviewer Agent 启动
[2026-05-18 20:56:47] [Reviewer] [INFO] ============================================================
[2026-05-18 20:56:47] [Reviewer] [INFO] 正在审查第468章...
[2026-05-18 20:56:48] [Reviewer] [INFO] 第447章审查完成：评分 7.2， verdict: 需修改
[2026-05-18 20:56:48] [Reviewer] [INFO] 结果: success
[2026-05-18 20:56:48] [Reviewer] [INFO] ============================================================
[2026-05-18 20:56:48] [Reviewer] [INFO] Reviewer Agent 启动
[2026-05-18 20:56:48] [Reviewer] [INFO] ============================================================
[2026-05-18 20:56:48] [Reviewer] [INFO] 正在审查第448章...
[2026-05-18 20:56:49] [Reviewer] [INFO] 第437章审查完成：评分 8.3， verdict: 需修改
[2026-05-18 20:56:49] [Reviewer] [INFO] 结果: success
[2026-05-18 20:56:50] [Reviewer] [INFO] ============================================================
[2026-05-18 20:56:50] [Reviewer] [INFO] Reviewer Agent 启动
[2026-05-18 20:56:50] [Reviewer] [INFO] ============================================================
[2026-05-18 20:56:50] [Reviewer] [INFO] 正在审查第438章...
[2026-05-18 20:56:58] [Reviewer] [INFO] 第434章审查完成：评分 8.2， verdict: 通过
[2026-05-18 20:56:58] [Reviewer] [INFO] 结果: success
[2026-05-18 20:56:58] [Reviewer] [INFO] 第442章审查完成：评分 8.6， verdict: 通过
[2026-05-18 20:56:58] [Reviewer] [INFO] 结果: success
[2026-05-18 20:57:03] [Reviewer] [INFO] 第468章审查完成：评分 7.8， verdict: 需修改
[2026-05-18 20:57:03] [Reviewer] [INFO] 结果: success
[2026-05-18 20:57:03] [Reviewer] [INFO] 第466章审查完成：评分 8.4， verdict: 通过
[2026-05-18 20:57:03] [Reviewer] [INFO] 结果: success
[2026-05-18 20:57:03] [Reviewer] [INFO] 第460章审查完成：评分 8.0， verdict: 通过
[2026-05-18 20:57:03] [Reviewer] [INFO] 结果: success
[2026-05-18 20:57:04] [Reviewer] [INFO] 第452章审查完成：评分 7.2， verdict: 需修改
[2026-05-18 20:57:04] [Reviewer] [INFO] 结果: success
[2026-05-18 20:57:04] [Reviewer] [INFO] 第436章审查完成：评分 7.6， verdict: 需修改
[2026-05-18 20:57:04] [Reviewer] [INFO] 结果: success
[2026-05-18 20:57:05] [Reviewer] [INFO] 第470章审查完成：评分 7.8， verdict: 需修改
[2026-05-18 20:57:05] [Reviewer] [INFO] 结果: success
[2026-05-18 20:57:05] [Reviewer] [INFO] 第432章审查完成：评分 8.3， verdict: 通过
[2026-05-18 20:57:05] [Reviewer] [INFO] 结果: success
[2026-05-18 20:57:05] [Reviewer] [INFO] 第462章审查完成：评分 8.3， verdict: 通过
[2026-05-18 20:57:05] [Reviewer] [INFO] 结果: success
[2026-05-18 20:57:06] [Reviewer] [INFO] 第458章审查完成：评分 8.2， verdict: 通过
[2026-05-18 20:57:06] [Reviewer] [INFO] 结果: success
[2026-05-18 20:57:06] [Reviewer] [INFO] 第444章审查完成：评分 8.2， verdict: 通过
[2026-05-18 20:57:06] [Reviewer] [INFO] 结果: success
[2026-05-18 20:57:07] [Reviewer] [INFO] 第446章审查完成：评分 8.5， verdict: 通过
[2026-05-18 20:57:07] [Reviewer] [INFO] 结果: success
[2026-05-18 20:57:07] [Reviewer] [INFO] 第464章审查完成：评分 8.2， verdict: 通过
[2026-05-18 20:57:07] [Reviewer] [INFO] 结果: success
[2026-05-18 20:57:08] [Reviewer] [INFO] 第440章审查完成：评分 8.2， verdict: 通过
[2026-05-18 20:57:08] [Reviewer] [INFO] 结果: success
[2026-05-18 20:57:09] [Reviewer] [INFO] 第454章审查完成：评分 8.0， verdict: 通过
[2026-05-18 20:57:09] [Reviewer] [INFO] 结果: success
[2026-05-18 20:57:10] [Reviewer] [INFO] 第456章审查完成：评分 8.2， verdict: 需修改
[2026-05-18 20:57:10] [Reviewer] [INFO] 结果: success
[2026-05-18 20:57:12] [Reviewer] [INFO] 第448章审查完成：评分 7.5， verdict: 需修改
[2026-05-18 20:57:12] [Reviewer] [INFO] 结果: success
[2026-05-18 20:57:13] [Reviewer] [INFO] 第450章审查完成：评分 7.3， verdict: 需修改
[2026-05-18 20:57:13] [Reviewer] [INFO] 结果: success
[2026-05-18 20:57:15] [Reviewer] [INFO] 第438章审查完成：评分 8.0， verdict: 通过
[2026-05-18 20:57:15] [Reviewer] [INFO] 结果: success
[2026-05-18 20:57:16] [Reviewer] [INFO] ============================================================
[2026-05-18 20:57:16] [Reviewer] [INFO] Reviewer Agent 启动
[2026-05-18 20:57:16] [Reviewer] [INFO] ============================================================
[2026-05-18 20:57:16] [Reviewer] [INFO] ============================================================
[2026-05-18 20:57:16] [Reviewer] [INFO] Reviewer Agent 启动
[2026-05-18 20:57:16] [Reviewer] [INFO] ============================================================
[2026-05-18 20:57:16] [Reviewer] [INFO] 正在审查第473章...
[2026-05-18 20:57:16] [Reviewer] [INFO] 正在审查第471章...
[2026-05-18 20:57:16] [Reviewer] [INFO] ============================================================
[2026-05-18 20:57:16] [Reviewer] [INFO] Reviewer Agent 启动
[2026-05-18 20:57:16] [Reviewer] [INFO] ============================================================
[2026-05-18 20:57:16] [Reviewer] [INFO] 正在审查第475章...
[2026-05-18 20:57:17] [Reviewer] [INFO] ============================================================
[2026-05-18 20:57:17] [Reviewer] [INFO] Reviewer Agent 启动
[2026-05-18 20:57:17] [Reviewer] [INFO] ============================================================
[2026-05-18 20:57:17] [Reviewer] [INFO] 正在审查第479章...
[2026-05-18 20:57:17] [Reviewer] [INFO] ============================================================
[2026-05-18 20:57:17] [Reviewer] [INFO] Reviewer Agent 启动
[2026-05-18 20:57:17] [Reviewer] [INFO] ============================================================
[2026-05-18 20:57:17] [Reviewer] [INFO] ============================================================
[2026-05-18 20:57:17] [Reviewer] [INFO] Reviewer Agent 启动
[2026-05-18 20:57:17] [Reviewer] [INFO] ============================================================
[2026-05-18 20:57:17] [Reviewer] [INFO] 正在审查第481章...
[2026-05-18 20:57:17] [Reviewer] [INFO] ============================================================
[2026-05-18 20:57:17] [Reviewer] [INFO] Reviewer Agent 启动
[2026-05-18 20:57:17] [Reviewer] [INFO] ============================================================
[2026-05-18 20:57:17] [Reviewer] [INFO] 正在审查第483章...
[2026-05-18 20:57:17] [Reviewer] [INFO] ============================================================
[2026-05-18 20:57:17] [Reviewer] [INFO] Reviewer Agent 启动
[2026-05-18 20:57:17] [Reviewer] [INFO] ============================================================
[2026-05-18 20:57:17] [Reviewer] [INFO] 正在审查第487章...
[2026-05-18 20:57:17] [Reviewer] [INFO] 正在审查第477章...
[2026-05-18 20:57:17] [Reviewer] [INFO] ============================================================
[2026-05-18 20:57:17] [Reviewer] [INFO] Reviewer Agent 启动
[2026-05-18 20:57:17] [Reviewer] [INFO] ============================================================
[2026-05-18 20:57:17] [Reviewer] [INFO] ============================================================
[2026-05-18 20:57:17] [Reviewer] [INFO] Reviewer Agent 启动
[2026-05-18 20:57:17] [Reviewer] [INFO] ============================================================
[2026-05-18 20:57:17] [Reviewer] [INFO] ============================================================
[2026-05-18 20:57:17] [Reviewer] [INFO] Reviewer Agent 启动
[2026-05-18 20:57:17] [Reviewer] [INFO] ============================================================
[2026-05-18 20:57:17] [Reviewer] [INFO] 正在审查第491章...
[2026-05-18 20:57:17] [Reviewer] [INFO] 正在审查第489章...
[2026-05-18 20:57:17] [Reviewer] [INFO] ============================================================
[2026-05-18 20:57:17] [Reviewer] [INFO] Reviewer Agent 启动
[2026-05-18 20:57:17] [Reviewer] [INFO] ============================================================
[2026-05-18 20:57:17] [Reviewer] [INFO] 正在审查第485章...
[2026-05-18 20:57:17] [Reviewer] [INFO] ============================================================
[2026-05-18 20:57:17] [Reviewer] [INFO] Reviewer Agent 启动
[2026-05-18 20:57:17] [Reviewer] [INFO] ============================================================
[2026-05-18 20:57:17] [Reviewer] [INFO] 正在审查第495章...
[2026-05-18 20:57:17] [Reviewer] [INFO] 正在审查第493章...
[2026-05-18 20:57:17] [Reviewer] [INFO] ============================================================
[2026-05-18 20:57:17] [Reviewer] [INFO] Reviewer Agent 启动
[2026-05-18 20:57:17] [Reviewer] [INFO] ============================================================
[2026-05-18 20:57:17] [Reviewer] [INFO] ============================================================
[2026-05-18 20:57:17] [Reviewer] [INFO] Reviewer Agent 启动
[2026-05-18 20:57:17] [Reviewer] [INFO] ============================================================
[2026-05-18 20:57:17] [Reviewer] [INFO] 正在审查第497章...
[2026-05-18 20:57:17] [Reviewer] [INFO] 正在审查第499章...
[2026-05-18 20:57:17] [Reviewer] [INFO] ============================================================
[2026-05-18 20:57:17] [Reviewer] [INFO] Reviewer Agent 启动
[2026-05-18 20:57:17] [Reviewer] [INFO] ============================================================
[2026-05-18 20:57:17] [Reviewer] [INFO] ============================================================
[2026-05-18 20:57:17] [Reviewer] [INFO] Reviewer Agent 启动
[2026-05-18 20:57:17] [Reviewer] [INFO] ============================================================
[2026-05-18 20:57:17] [Reviewer] [INFO] ============================================================
[2026-05-18 20:57:17] [Reviewer] [INFO] Reviewer Agent 启动
[2026-05-18 20:57:17] [Reviewer] [INFO] ============================================================
[2026-05-18 20:57:17] [Reviewer] [INFO] 正在审查第503章...
[2026-05-18 20:57:17] [Reviewer] [INFO] ============================================================
[2026-05-18 20:57:17] [Reviewer] [INFO] ============================================================
[2026-05-18 20:57:17] [Reviewer] [INFO] Reviewer Agent 启动
[2026-05-18 20:57:17] [Reviewer] [INFO] Reviewer Agent 启动
[2026-05-18 20:57:17] [Reviewer] [INFO] ============================================================
[2026-05-18 20:57:17] [Reviewer] [INFO] ============================================================
[2026-05-18 20:57:17] [Reviewer] [INFO] 正在审查第501章...
[2026-05-18 20:57:17] [Reviewer] [INFO] 正在审查第507章...
[2026-05-18 20:57:17] [Reviewer] [INFO] 正在审查第509章...
[2026-05-18 20:57:17] [Reviewer] [INFO] 正在审查第505章...
[2026-05-18 20:57:31] [Reviewer] [INFO] 第493章审查完成：评分 7.8， verdict: 需修改
[2026-05-18 20:57:31] [Reviewer] [INFO] 结果: success
[2026-05-18 20:57:31] [Reviewer] [INFO] ============================================================
[2026-05-18 20:57:31] [Reviewer] [INFO] Reviewer Agent 启动
[2026-05-18 20:57:31] [Reviewer] [INFO] ============================================================
[2026-05-18 20:57:31] [Reviewer] [INFO] 正在审查第494章...
[2026-05-18 20:57:33] [Reviewer] [INFO] 第491章审查完成：评分 8.6， verdict: 通过
[2026-05-18 20:57:33] [Reviewer] [INFO] 结果: success
[2026-05-18 20:57:33] [Reviewer] [INFO] ============================================================
[2026-05-18 20:57:33] [Reviewer] [INFO] Reviewer Agent 启动
[2026-05-18 20:57:33] [Reviewer] [INFO] ============================================================
[2026-05-18 20:57:33] [Reviewer] [INFO] 正在审查第492章...
[2026-05-18 20:57:34] [Reviewer] [INFO] 第475章审查完成：评分 8.2， verdict: 通过
[2026-05-18 20:57:34] [Reviewer] [INFO] 结果: success
[2026-05-18 20:57:34] [Reviewer] [INFO] ============================================================
[2026-05-18 20:57:34] [Reviewer] [INFO] Reviewer Agent 启动
[2026-05-18 20:57:34] [Reviewer] [INFO] ============================================================
[2026-05-18 20:57:34] [Reviewer] [INFO] 正在审查第476章...
[2026-05-18 20:57:35] [Reviewer] [INFO] 第477章审查完成：评分 8.0， verdict: 通过
[2026-05-18 20:57:35] [Reviewer] [INFO] 结果: success
[2026-05-18 20:57:35] [Reviewer] [INFO] ============================================================
[2026-05-18 20:57:35] [Reviewer] [INFO] Reviewer Agent 启动
[2026-05-18 20:57:35] [Reviewer] [INFO] ============================================================
[2026-05-18 20:57:35] [Reviewer] [INFO] 正在审查第478章...
[2026-05-18 20:57:35] [Reviewer] [INFO] 第497章审查完成：评分 7.5， verdict: 需修改
[2026-05-18 20:57:35] [Reviewer] [INFO] 结果: success
[2026-05-18 20:57:35] [Reviewer] [INFO] ============================================================
[2026-05-18 20:57:35] [Reviewer] [INFO] Reviewer Agent 启动
[2026-05-18 20:57:35] [Reviewer] [INFO] ============================================================
[2026-05-18 20:57:35] [Reviewer] [INFO] 正在审查第498章...
[2026-05-18 20:57:36] [Reviewer] [INFO] 第495章审查完成：评分 6.8， verdict: 需修改
[2026-05-18 20:57:36] [Reviewer] [INFO] 结果: success
[2026-05-18 20:57:36] [Reviewer] [INFO] ============================================================
[2026-05-18 20:57:36] [Reviewer] [INFO] Reviewer Agent 启动
[2026-05-18 20:57:36] [Reviewer] [INFO] ============================================================
[2026-05-18 20:57:36] [Reviewer] [INFO] 正在审查第496章...
[2026-05-18 20:57:37] [Reviewer] [INFO] 第483章审查完成：评分 7.5， verdict: 需修改
[2026-05-18 20:57:37] [Reviewer] [INFO] 结果: success
[2026-05-18 20:57:37] [Reviewer] [INFO] ============================================================
[2026-05-18 20:57:37] [Reviewer] [INFO] Reviewer Agent 启动
[2026-05-18 20:57:37] [Reviewer] [INFO] ============================================================
[2026-05-18 20:57:37] [Reviewer] [INFO] 正在审查第484章...
[2026-05-18 20:57:37] [Reviewer] [INFO] 第471章审查完成：评分 8.0， verdict: 通过
[2026-05-18 20:57:37] [Reviewer] [INFO] 结果: success
[2026-05-18 20:57:38] [Reviewer] [INFO] ============================================================
[2026-05-18 20:57:38] [Reviewer] [INFO] Reviewer Agent 启动
[2026-05-18 20:57:38] [Reviewer] [INFO] ============================================================
[2026-05-18 20:57:38] [Reviewer] [INFO] 正在审查第472章...
[2026-05-18 20:57:38] [Reviewer] [INFO] 第489章审查完成：评分 8.2， verdict: 通过
[2026-05-18 20:57:38] [Reviewer] [INFO] 结果: success
[2026-05-18 20:57:38] [Reviewer] [INFO] ============================================================
[2026-05-18 20:57:38] [Reviewer] [INFO] Reviewer Agent 启动
[2026-05-18 20:57:38] [Reviewer] [INFO] ============================================================
[2026-05-18 20:57:38] [Reviewer] [INFO] 正在审查第490章...
[2026-05-18 20:57:38] [Reviewer] [INFO] 第479章审查完成：评分 8.1， verdict: 通过
[2026-05-18 20:57:38] [Reviewer] [INFO] 结果: success
[2026-05-18 20:57:38] [Reviewer] [INFO] ============================================================
[2026-05-18 20:57:38] [Reviewer] [INFO] Reviewer Agent 启动
[2026-05-18 20:57:38] [Reviewer] [INFO] ============================================================
[2026-05-18 20:57:38] [Reviewer] [INFO] 正在审查第480章...
[2026-05-18 20:57:39] [Reviewer] [INFO] 第509章审查完成：评分 8.2， verdict: 通过
[2026-05-18 20:57:39] [Reviewer] [INFO] 结果: success
[2026-05-18 20:57:39] [Reviewer] [INFO] ============================================================
[2026-05-18 20:57:39] [Reviewer] [INFO] Reviewer Agent 启动
[2026-05-18 20:57:39] [Reviewer] [INFO] ============================================================
[2026-05-18 20:57:39] [Reviewer] [INFO] 正在审查第510章...
[2026-05-18 20:57:40] [Reviewer] [INFO] 第501章审查完成：评分 8.4， verdict: 通过
[2026-05-18 20:57:40] [Reviewer] [INFO] 结果: success
[2026-05-18 20:57:40] [Reviewer] [INFO] ============================================================
[2026-05-18 20:57:40] [Reviewer] [INFO] Reviewer Agent 启动
[2026-05-18 20:57:40] [Reviewer] [INFO] ============================================================
[2026-05-18 20:57:40] [Reviewer] [INFO] 正在审查第502章...
[2026-05-18 20:57:41] [Reviewer] [INFO] 第487章审查完成：评分 8.6， verdict: 通过
[2026-05-18 20:57:41] [Reviewer] [INFO] 结果: success
[2026-05-18 20:57:41] [Reviewer] [INFO] ============================================================
[2026-05-18 20:57:41] [Reviewer] [INFO] Reviewer Agent 启动
[2026-05-18 20:57:41] [Reviewer] [INFO] ============================================================
[2026-05-18 20:57:41] [Reviewer] [INFO] 正在审查第488章...
[2026-05-18 20:57:42] [Reviewer] [INFO] 第485章审查完成：评分 7.7， verdict: 通过
[2026-05-18 20:57:42] [Reviewer] [INFO] 结果: success
[2026-05-18 20:57:42] [Reviewer] [INFO] 第505章审查完成：评分 7.8， verdict: 需修改
[2026-05-18 20:57:42] [Reviewer] [INFO] 结果: success
[2026-05-18 20:57:42] [Reviewer] [INFO] ============================================================
[2026-05-18 20:57:42] [Reviewer] [INFO] Reviewer Agent 启动
[2026-05-18 20:57:42] [Reviewer] [INFO] ============================================================
[2026-05-18 20:57:42] [Reviewer] [INFO] 正在审查第486章...
[2026-05-18 20:57:42] [Reviewer] [INFO] ============================================================
[2026-05-18 20:57:42] [Reviewer] [INFO] Reviewer Agent 启动
[2026-05-18 20:57:42] [Reviewer] [INFO] ============================================================
[2026-05-18 20:57:42] [Reviewer] [INFO] 正在审查第506章...
[2026-05-18 20:57:43] [Reviewer] [INFO] 第503章审查完成：评分 8.0， verdict: 通过
[2026-05-18 20:57:43] [Reviewer] [INFO] 结果: success
[2026-05-18 20:57:43] [Reviewer] [INFO] ============================================================
[2026-05-18 20:57:43] [Reviewer] [INFO] Reviewer Agent 启动
[2026-05-18 20:57:43] [Reviewer] [INFO] ============================================================
[2026-05-18 20:57:43] [Reviewer] [INFO] 正在审查第504章...
[2026-05-18 20:57:43] [Reviewer] [INFO] 第481章审查完成：评分 7.6， verdict: 需修改
[2026-05-18 20:57:43] [Reviewer] [INFO] 结果: success
[2026-05-18 20:57:43] [Reviewer] [INFO] ============================================================
[2026-05-18 20:57:43] [Reviewer] [INFO] Reviewer Agent 启动
[2026-05-18 20:57:43] [Reviewer] [INFO] ============================================================
[2026-05-18 20:57:43] [Reviewer] [INFO] 正在审查第482章...
[2026-05-18 20:57:45] [Reviewer] [INFO] 第499章审查完成：评分 8.2， verdict: 通过
[2026-05-18 20:57:45] [Reviewer] [INFO] 结果: success
[2026-05-18 20:57:45] [Reviewer] [INFO] 第507章审查完成：评分 7.8， verdict: 通过
[2026-05-18 20:57:45] [Reviewer] [INFO] 结果: success
[2026-05-18 20:57:45] [Reviewer] [INFO] ============================================================
[2026-05-18 20:57:45] [Reviewer] [INFO] Reviewer Agent 启动
[2026-05-18 20:57:45] [Reviewer] [INFO] ============================================================
[2026-05-18 20:57:45] [Reviewer] [INFO] 正在审查第500章...
[2026-05-18 20:57:45] [Reviewer] [INFO] ============================================================
[2026-05-18 20:57:45] [Reviewer] [INFO] Reviewer Agent 启动
[2026-05-18 20:57:45] [Reviewer] [INFO] ============================================================
[2026-05-18 20:57:45] [Reviewer] [INFO] 正在审查第508章...
[2026-05-18 20:57:46] [Reviewer] [INFO] 第473章审查完成：评分 7.6， verdict: 通过
[2026-05-18 20:57:46] [Reviewer] [INFO] 结果: success
[2026-05-18 20:57:46] [Reviewer] [INFO] ============================================================
[2026-05-18 20:57:46] [Reviewer] [INFO] Reviewer Agent 启动
[2026-05-18 20:57:46] [Reviewer] [INFO] ============================================================
[2026-05-18 20:57:46] [Reviewer] [INFO] 正在审查第474章...
[2026-05-18 20:57:50] [Reviewer] [INFO] 第494章审查完成：评分 7.6， verdict: 需修改
[2026-05-18 20:57:50] [Reviewer] [INFO] 结果: success
[2026-05-18 20:57:55] [Reviewer] [INFO] 第478章审查完成：评分 7.8， verdict: 通过
[2026-05-18 20:57:55] [Reviewer] [INFO] 结果: success
[2026-05-18 20:57:57] [Reviewer] [INFO] 第476章审查完成：评分 8.5， verdict: 通过
[2026-05-18 20:57:57] [Reviewer] [INFO] 结果: success
[2026-05-18 20:57:58] [Reviewer] [INFO] 第492章审查完成：评分 7.2， verdict: 需修改
[2026-05-18 20:57:58] [Reviewer] [INFO] 结果: success
[2026-05-18 20:57:59] [Reviewer] [INFO] 第488章审查完成：评分 8.6， verdict: 通过
[2026-05-18 20:57:59] [Reviewer] [INFO] 结果: success
[2026-05-18 20:57:59] [Reviewer] [INFO] 第498章审查完成：评分 8.5， verdict: 通过
[2026-05-18 20:57:59] [Reviewer] [INFO] 结果: success
[2026-05-18 20:58:00] [Reviewer] [INFO] 第496章审查完成：评分 8.0， verdict: 通过
[2026-05-18 20:58:00] [Reviewer] [INFO] 结果: success
[2026-05-18 20:58:01] [Reviewer] [INFO] 第510章审查完成：评分 8.5， verdict: 通过
[2026-05-18 20:58:01] [Reviewer] [INFO] 结果: success
[2026-05-18 20:58:01] [Reviewer] [INFO] 第484章审查完成：评分 8.3， verdict: 通过
[2026-05-18 20:58:01] [Reviewer] [INFO] 结果: success
[2026-05-18 20:58:02] [Reviewer] [INFO] 第480章审查完成：评分 8.5， verdict: 通过
[2026-05-18 20:58:02] [Reviewer] [INFO] 结果: success
[2026-05-18 20:58:02] [Reviewer] [ERROR] 第500章评审解析失败: Expecting ',' delimiter: line 21 column 7 (char 479)
[2026-05-18 20:58:02] [Reviewer] [INFO] 结果: parse_failed
[2026-05-18 20:58:02] [Reviewer] [INFO] 第502章审查完成：评分 7.6， verdict: 需修改
[2026-05-18 20:58:02] [Reviewer] [INFO] 结果: success
[2026-05-18 20:58:02] [Reviewer] [INFO] 第482章审查完成：评分 8.0， verdict: 通过
[2026-05-18 20:58:02] [Reviewer] [INFO] 结果: success
[2026-05-18 20:58:02] [Reviewer] [INFO] 第472章审查完成：评分 7.3， verdict: 需修改
[2026-05-18 20:58:02] [Reviewer] [INFO] 结果: success
[2026-05-18 20:58:04] [Reviewer] [INFO] 第490章审查完成：评分 8.2， verdict: 通过
[2026-05-18 20:58:04] [Reviewer] [INFO] 结果: success
[2026-05-18 20:58:04] [Reviewer] [INFO] 第504章审查完成：评分 7.0， verdict: 需修改
[2026-05-18 20:58:04] [Reviewer] [INFO] 结果: success
[2026-05-18 20:58:05] [Reviewer] [INFO] 第506章审查完成：评分 8.2， verdict: 通过
[2026-05-18 20:58:05] [Reviewer] [INFO] 结果: success
[2026-05-18 20:58:05] [Reviewer] [INFO] 第486章审查完成：评分 8.2， verdict: 通过
[2026-05-18 20:58:05] [Reviewer] [INFO] 结果: success
[2026-05-18 20:58:07] [Reviewer] [INFO] 第508章审查完成：评分 7.8， verdict: 通过
[2026-05-18 20:58:07] [Reviewer] [INFO] 结果: success
[2026-05-18 20:58:12] [Reviewer] [INFO] 第474章审查完成：评分 5.5， verdict: 需修改
[2026-05-18 20:58:12] [Reviewer] [INFO] 结果: success
[2026-05-18 20:58:13] [Reviewer] [INFO] ============================================================
[2026-05-18 20:58:13] [Reviewer] [INFO] Reviewer Agent 启动
[2026-05-18 20:58:13] [Reviewer] [INFO] ============================================================
[2026-05-18 20:58:13] [Reviewer] [INFO] 正在审查第512章...
[2026-05-18 20:58:13] [Reviewer] [INFO] ============================================================
[2026-05-18 20:58:13] [Reviewer] [INFO] Reviewer Agent 启动
[2026-05-18 20:58:13] [Reviewer] [INFO] ============================================================
[2026-05-18 20:58:13] [Reviewer] [INFO] 正在审查第500章...
[2026-05-18 20:58:13] [Reviewer] [INFO] ============================================================
[2026-05-18 20:58:13] [Reviewer] [INFO] Reviewer Agent 启动
[2026-05-18 20:58:13] [Reviewer] [INFO] ============================================================
[2026-05-18 20:58:13] [Reviewer] [INFO] ============================================================
[2026-05-18 20:58:13] [Reviewer] [INFO] Reviewer Agent 启动
[2026-05-18 20:58:13] [Reviewer] [INFO] ============================================================
[2026-05-18 20:58:13] [Reviewer] [INFO] 正在审查第522章...
[2026-05-18 20:58:13] [Reviewer] [INFO] 正在审查第514章...
[2026-05-18 20:58:13] [Reviewer] [INFO] ============================================================
[2026-05-18 20:58:13] [Reviewer] [INFO] Reviewer Agent 启动
[2026-05-18 20:58:13] [Reviewer] [INFO] ============================================================
[2026-05-18 20:58:13] [Reviewer] [INFO] 正在审查第520章...
[2026-05-18 20:58:13] [Reviewer] [INFO] ============================================================
[2026-05-18 20:58:13] [Reviewer] [INFO] Reviewer Agent 启动
[2026-05-18 20:58:13] [Reviewer] [INFO] ============================================================
[2026-05-18 20:58:13] [Reviewer] [INFO] 正在审查第516章...
[2026-05-18 20:58:13] [Reviewer] [INFO] ============================================================
[2026-05-18 20:58:13] [Reviewer] [INFO] Reviewer Agent 启动
[2026-05-18 20:58:13] [Reviewer] [INFO] ============================================================
[2026-05-18 20:58:13] [Reviewer] [INFO] ============================================================
[2026-05-18 20:58:13] [Reviewer] [INFO] Reviewer Agent 启动
[2026-05-18 20:58:13] [Reviewer] [INFO] ============================================================
[2026-05-18 20:58:13] [Reviewer] [INFO] 正在审查第526章...
[2026-05-18 20:58:13] [Reviewer] [INFO] ============================================================
[2026-05-18 20:58:13] [Reviewer] [INFO] Reviewer Agent 启动
[2026-05-18 20:58:13] [Reviewer] [INFO] ============================================================
[2026-05-18 20:58:13] [Reviewer] [INFO] 正在审查第528章...
[2026-05-18 20:58:13] [Reviewer] [INFO] ============================================================
[2026-05-18 20:58:13] [Reviewer] [INFO] Reviewer Agent 启动
[2026-05-18 20:58:13] [Reviewer] [INFO] ============================================================
[2026-05-18 20:58:13] [Reviewer] [INFO] 正在审查第524章...
[2026-05-18 20:58:13] [Reviewer] [INFO] ============================================================
[2026-05-18 20:58:13] [Reviewer] [INFO] Reviewer Agent 启动
[2026-05-18 20:58:13] [Reviewer] [INFO] ============================================================
[2026-05-18 20:58:13] [Reviewer] [INFO] 正在审查第518章...
[2026-05-18 20:58:13] [Reviewer] [INFO] 正在审查第534章...
[2026-05-18 20:58:13] [Reviewer] [INFO] ============================================================
[2026-05-18 20:58:13] [Reviewer] [INFO] Reviewer Agent 启动
[2026-05-18 20:58:13] [Reviewer] [INFO] ============================================================
[2026-05-18 20:58:14] [Reviewer] [INFO] ============================================================
[2026-05-18 20:58:14] [Reviewer] [INFO] Reviewer Agent 启动
[2026-05-18 20:58:14] [Reviewer] [INFO] ============================================================
[2026-05-18 20:58:14] [Reviewer] [INFO] ============================================================
[2026-05-18 20:58:14] [Reviewer] [INFO] Reviewer Agent 启动
[2026-05-18 20:58:14] [Reviewer] [INFO] ============================================================
[2026-05-18 20:58:14] [Reviewer] [INFO] 正在审查第530章...
[2026-05-18 20:58:14] [Reviewer] [INFO] 正在审查第532章...
[2026-05-18 20:58:14] [Reviewer] [INFO] 正在审查第540章...
[2026-05-18 20:58:14] [Reviewer] [INFO] ============================================================
[2026-05-18 20:58:14] [Reviewer] [INFO] Reviewer Agent 启动
[2026-05-18 20:58:14] [Reviewer] [INFO] ============================================================
[2026-05-18 20:58:14] [Reviewer] [INFO] 正在审查第536章...
[2026-05-18 20:58:14] [Reviewer] [INFO] ============================================================
[2026-05-18 20:58:14] [Reviewer] [INFO] Reviewer Agent 启动
[2026-05-18 20:58:14] [Reviewer] [INFO] ============================================================
[2026-05-18 20:58:14] [Reviewer] [INFO] ============================================================
[2026-05-18 20:58:14] [Reviewer] [INFO] Reviewer Agent 启动
[2026-05-18 20:58:14] [Reviewer] [INFO] ============================================================
[2026-05-18 20:58:14] [Reviewer] [INFO] ============================================================
[2026-05-18 20:58:14] [Reviewer] [INFO] Reviewer Agent 启动
[2026-05-18 20:58:14] [Reviewer] [INFO] ============================================================
[2026-05-18 20:58:14] [Reviewer] [INFO] 正在审查第546章...
[2026-05-18 20:58:14] [Reviewer] [INFO] ============================================================
[2026-05-18 20:58:14] [Reviewer] [INFO] Reviewer Agent 启动
[2026-05-18 20:58:14] [Reviewer] [INFO] ============================================================
[2026-05-18 20:58:14] [Reviewer] [INFO] 正在审查第542章...
[2026-05-18 20:58:14] [Reviewer] [INFO] 正在审查第538章...
[2026-05-18 20:58:14] [Reviewer] [INFO] 正在审查第544章...
[2026-05-18 20:58:14] [Reviewer] [INFO] ============================================================
[2026-05-18 20:58:14] [Reviewer] [INFO] Reviewer Agent 启动
[2026-05-18 20:58:14] [Reviewer] [INFO] ============================================================
[2026-05-18 20:58:14] [Reviewer] [INFO] 正在审查第548章...
[2026-05-18 20:58:32] [Reviewer] [INFO] 第526章审查完成：评分 8.0， verdict: 通过
[2026-05-18 20:58:32] [Reviewer] [INFO] 结果: success
[2026-05-18 20:58:32] [Reviewer] [INFO] ============================================================
[2026-05-18 20:58:32] [Reviewer] [INFO] Reviewer Agent 启动
[2026-05-18 20:58:32] [Reviewer] [INFO] ============================================================
[2026-05-18 20:58:32] [Reviewer] [INFO] 正在审查第527章...
[2026-05-18 20:58:33] [Reviewer] [INFO] 第520章审查完成：评分 7.3， verdict: 需修改
[2026-05-18 20:58:33] [Reviewer] [INFO] 结果: success
[2026-05-18 20:58:33] [Reviewer] [INFO] ============================================================
[2026-05-18 20:58:33] [Reviewer] [INFO] Reviewer Agent 启动
[2026-05-18 20:58:33] [Reviewer] [INFO] ============================================================
[2026-05-18 20:58:33] [Reviewer] [INFO] 正在审查第521章...
[2026-05-18 20:58:33] [Reviewer] [INFO] 第522章审查完成：评分 8.2， verdict: 通过
[2026-05-18 20:58:33] [Reviewer] [INFO] 结果: success
[2026-05-18 20:58:34] [Reviewer] [INFO] ============================================================
[2026-05-18 20:58:34] [Reviewer] [INFO] Reviewer Agent 启动
[2026-05-18 20:58:34] [Reviewer] [INFO] ============================================================
[2026-05-18 20:58:34] [Reviewer] [INFO] 正在审查第523章...
[2026-05-18 20:58:34] [Reviewer] [INFO] 第514章审查完成：评分 8.2， verdict: 通过
[2026-05-18 20:58:34] [Reviewer] [INFO] 结果: success
[2026-05-18 20:58:34] [Reviewer] [INFO] 第516章审查完成：评分 7.5， verdict: 需修改
[2026-05-18 20:58:34] [Reviewer] [INFO] 结果: success
[2026-05-18 20:58:34] [Reviewer] [INFO] ============================================================
[2026-05-18 20:58:34] [Reviewer] [INFO] Reviewer Agent 启动
[2026-05-18 20:58:34] [Reviewer] [INFO] ============================================================
[2026-05-18 20:58:34] [Reviewer] [INFO] 正在审查第515章...
[2026-05-18 20:58:34] [Reviewer] [INFO] ============================================================
[2026-05-18 20:58:34] [Reviewer] [INFO] Reviewer Agent 启动
[2026-05-18 20:58:34] [Reviewer] [INFO] ============================================================
[2026-05-18 20:58:34] [Reviewer] [INFO] 正在审查第517章...
[2026-05-18 20:58:35] [Reviewer] [INFO] 第528章审查完成：评分 8.4， verdict: 通过
[2026-05-18 20:58:35] [Reviewer] [INFO] 结果: success
[2026-05-18 20:58:35] [Reviewer] [INFO] ============================================================
[2026-05-18 20:58:35] [Reviewer] [INFO] Reviewer Agent 启动
[2026-05-18 20:58:35] [Reviewer] [INFO] ============================================================
[2026-05-18 20:58:35] [Reviewer] [INFO] 正在审查第529章...
[2026-05-18 20:58:36] [Reviewer] [INFO] 第524章审查完成：评分 8.3， verdict: 通过
[2026-05-18 20:58:36] [Reviewer] [INFO] 结果: success
[2026-05-18 20:58:36] [Reviewer] [INFO] ============================================================
[2026-05-18 20:58:36] [Reviewer] [INFO] Reviewer Agent 启动
[2026-05-18 20:58:36] [Reviewer] [INFO] ============================================================
[2026-05-18 20:58:36] [Reviewer] [INFO] 正在审查第525章...
[2026-05-18 20:58:37] [Reviewer] [INFO] 第534章审查完成：评分 8.5， verdict: 通过
[2026-05-18 20:58:37] [Reviewer] [INFO] 结果: success
[2026-05-18 20:58:37] [Reviewer] [INFO] ============================================================
[2026-05-18 20:58:37] [Reviewer] [INFO] Reviewer Agent 启动
[2026-05-18 20:58:37] [Reviewer] [INFO] ============================================================
[2026-05-18 20:58:37] [Reviewer] [INFO] 正在审查第535章...
[2026-05-18 20:58:37] [Reviewer] [INFO] 第538章审查完成：评分 8.0， verdict: 通过
[2026-05-18 20:58:37] [Reviewer] [INFO] 结果: success
[2026-05-18 20:58:37] [Reviewer] [INFO] ============================================================
[2026-05-18 20:58:37] [Reviewer] [INFO] Reviewer Agent 启动
[2026-05-18 20:58:37] [Reviewer] [INFO] ============================================================
[2026-05-18 20:58:37] [Reviewer] [INFO] 正在审查第539章...
[2026-05-18 20:58:38] [Reviewer] [INFO] 第546章审查完成：评分 7.6， verdict: 需修改
[2026-05-18 20:58:38] [Reviewer] [INFO] 结果: success
[2026-05-18 20:58:38] [Reviewer] [INFO] ============================================================
[2026-05-18 20:58:38] [Reviewer] [INFO] Reviewer Agent 启动
[2026-05-18 20:58:38] [Reviewer] [INFO] ============================================================
[2026-05-18 20:58:38] [Reviewer] [INFO] 正在审查第547章...
[2026-05-18 20:58:38] [Reviewer] [INFO] 第536章审查完成：评分 8.4， verdict: 通过
[2026-05-18 20:58:38] [Reviewer] [INFO] 结果: success
[2026-05-18 20:58:38] [Reviewer] [INFO] 第530章审查完成：评分 8.0， verdict: 需修改
[2026-05-18 20:58:38] [Reviewer] [INFO] 结果: success
[2026-05-18 20:58:38] [Reviewer] [INFO] ============================================================
[2026-05-18 20:58:38] [Reviewer] [INFO] Reviewer Agent 启动
[2026-05-18 20:58:38] [Reviewer] [INFO] ============================================================
[2026-05-18 20:58:38] [Reviewer] [INFO] 正在审查第537章...
[2026-05-18 20:58:38] [Reviewer] [INFO] ============================================================
[2026-05-18 20:58:38] [Reviewer] [INFO] Reviewer Agent 启动
[2026-05-18 20:58:38] [Reviewer] [INFO] ============================================================
[2026-05-18 20:58:38] [Reviewer] [INFO] 正在审查第531章...
[2026-05-18 20:58:39] [Reviewer] [INFO] 第542章审查完成：评分 8.2， verdict: 通过
[2026-05-18 20:58:39] [Reviewer] [INFO] 结果: success
[2026-05-18 20:58:39] [Reviewer] [INFO] 第532章审查完成：评分 8.0， verdict: 通过
[2026-05-18 20:58:39] [Reviewer] [INFO] 结果: success
[2026-05-18 20:58:39] [Reviewer] [INFO] ============================================================
[2026-05-18 20:58:39] [Reviewer] [INFO] Reviewer Agent 启动
[2026-05-18 20:58:39] [Reviewer] [INFO] ============================================================
[2026-05-18 20:58:39] [Reviewer] [INFO] ============================================================
[2026-05-18 20:58:39] [Reviewer] [INFO] Reviewer Agent 启动
[2026-05-18 20:58:39] [Reviewer] [INFO] ============================================================
[2026-05-18 20:58:39] [Reviewer] [INFO] 正在审查第543章...
[2026-05-18 20:58:39] [Reviewer] [INFO] 正在审查第533章...
[2026-05-18 20:58:39] [Reviewer] [ERROR] 第548章审查失败
[2026-05-18 20:58:39] [Reviewer] [INFO] 结果: failed
[2026-05-18 20:58:39] [Reviewer] [INFO] 第500章审查完成：评分 8.3， verdict: 通过
[2026-05-18 20:58:39] [Reviewer] [INFO] 结果: success
[2026-05-18 20:58:39] [Reviewer] [INFO] ============================================================
[2026-05-18 20:58:39] [Reviewer] [INFO] Reviewer Agent 启动
[2026-05-18 20:58:39] [Reviewer] [INFO] ============================================================
[2026-05-18 20:58:39] [Reviewer] [INFO] 正在审查第549章...
[2026-05-18 20:58:39] [Reviewer] [INFO] ============================================================
[2026-05-18 20:58:39] [Reviewer] [INFO] Reviewer Agent 启动
[2026-05-18 20:58:39] [Reviewer] [INFO] ============================================================
[2026-05-18 20:58:39] [Reviewer] [INFO] 正在审查第511章...
[2026-05-18 20:58:40] [Reviewer] [INFO] 第540章审查完成：评分 7.8， verdict: 通过
[2026-05-18 20:58:40] [Reviewer] [INFO] 结果: success
[2026-05-18 20:58:40] [Reviewer] [INFO] ============================================================
[2026-05-18 20:58:40] [Reviewer] [INFO] Reviewer Agent 启动
[2026-05-18 20:58:40] [Reviewer] [INFO] ============================================================
[2026-05-18 20:58:40] [Reviewer] [INFO] 正在审查第541章...
[2026-05-18 20:58:41] [Reviewer] [INFO] 第512章审查完成：评分 8.3， verdict: 通过
[2026-05-18 20:58:41] [Reviewer] [INFO] 结果: success
[2026-05-18 20:58:41] [Reviewer] [INFO] ============================================================
[2026-05-18 20:58:41] [Reviewer] [INFO] Reviewer Agent 启动
[2026-05-18 20:58:41] [Reviewer] [INFO] ============================================================
[2026-05-18 20:58:41] [Reviewer] [INFO] 正在审查第513章...
[2026-05-18 20:58:42] [Reviewer] [INFO] 第518章审查完成：评分 8.4， verdict: 通过
[2026-05-18 20:58:42] [Reviewer] [INFO] 结果: success
[2026-05-18 20:58:42] [Reviewer] [INFO] ============================================================
[2026-05-18 20:58:42] [Reviewer] [INFO] Reviewer Agent 启动
[2026-05-18 20:58:42] [Reviewer] [INFO] ============================================================
[2026-05-18 20:58:42] [Reviewer] [INFO] 正在审查第519章...
[2026-05-18 20:58:49] [Reviewer] [INFO] 第544章审查完成：评分 8.5， verdict: 通过
[2026-05-18 20:58:49] [Reviewer] [INFO] 结果: success
[2026-05-18 20:58:49] [Reviewer] [INFO] ============================================================
[2026-05-18 20:58:49] [Reviewer] [INFO] Reviewer Agent 启动
[2026-05-18 20:58:49] [Reviewer] [INFO] ============================================================
[2026-05-18 20:58:49] [Reviewer] [INFO] 正在审查第545章...
[2026-05-18 20:58:54] [Reviewer] [INFO] 第515章审查完成：评分 8.0， verdict: 通过
[2026-05-18 20:58:54] [Reviewer] [INFO] 结果: success
[2026-05-18 20:58:54] [Reviewer] [INFO] 第527章审查完成：评分 8.3， verdict: 通过
[2026-05-18 20:58:54] [Reviewer] [INFO] 结果: success
[2026-05-18 20:58:55] [Reviewer] [ERROR] 第529章评审解析失败: Expecting ',' delimiter: line 21 column 23 (char 493)
[2026-05-18 20:58:55] [Reviewer] [INFO] 结果: parse_failed
[2026-05-18 20:58:56] [Reviewer] [INFO] 第521章审查完成：评分 8.5， verdict: 通过
[2026-05-18 20:58:56] [Reviewer] [INFO] 结果: success
[2026-05-18 20:58:56] [Reviewer] [INFO] 第539章审查完成：评分 8.3， verdict: 通过
[2026-05-18 20:58:56] [Reviewer] [INFO] 结果: success
[2026-05-18 20:58:57] [Reviewer] [INFO] 第523章审查完成：评分 7.0， verdict: 需修改
[2026-05-18 20:58:57] [Reviewer] [INFO] 结果: success
[2026-05-18 20:58:57] [Reviewer] [INFO] 第531章审查完成：评分 6.8， verdict: 需修改
[2026-05-18 20:58:57] [Reviewer] [INFO] 结果: success
[2026-05-18 20:58:58] [Reviewer] [INFO] 第537章审查完成：评分 7.8， verdict: 需修改
[2026-05-18 20:58:58] [Reviewer] [INFO] 结果: success
[2026-05-18 20:59:00] [Reviewer] [INFO] 第549章审查完成：评分 7.5， verdict: 需修改
[2026-05-18 20:59:00] [Reviewer] [INFO] 结果: success
[2026-05-18 20:59:00] [Reviewer] [INFO] 第517章审查完成：评分 8.2， verdict: 通过
[2026-05-18 20:59:00] [Reviewer] [INFO] 结果: success
[2026-05-18 20:59:00] [Reviewer] [INFO] 第535章审查完成：评分 8.0， verdict: 通过
[2026-05-18 20:59:00] [Reviewer] [INFO] 结果: success
[2026-05-18 20:59:01] [Reviewer] [INFO] 第525章审查完成：评分 8.0， verdict: 通过
[2026-05-18 20:59:01] [Reviewer] [INFO] 结果: success
[2026-05-18 20:59:01] [Reviewer] [INFO] 第541章审查完成：评分 8.2， verdict: 通过
[2026-05-18 20:59:01] [Reviewer] [INFO] 结果: success
[2026-05-18 20:59:01] [Reviewer] [INFO] 第543章审查完成：评分 8.2， verdict: 通过
[2026-05-18 20:59:01] [Reviewer] [INFO] 结果: success
[2026-05-18 20:59:03] [Reviewer] [INFO] 第519章审查完成：评分 8.3， verdict: 通过
[2026-05-18 20:59:03] [Reviewer] [INFO] 结果: success
[2026-05-18 20:59:05] [Reviewer] [INFO] 第513章审查完成：评分 7.2， verdict: 需修改
[2026-05-18 20:59:05] [Reviewer] [INFO] 结果: success
[2026-05-18 20:59:06] [Reviewer] [INFO] 第547章审查完成：评分 8.0， verdict: 通过
[2026-05-18 20:59:06] [Reviewer] [INFO] 结果: success
[2026-05-18 20:59:07] [Reviewer] [INFO] 第511章审查完成：评分 7.2， verdict: 需修改
[2026-05-18 20:59:07] [Reviewer] [INFO] 结果: success
[2026-05-18 20:59:09] [Reviewer] [INFO] 第545章审查完成：评分 7.8， verdict: 通过
[2026-05-18 20:59:09] [Reviewer] [INFO] 结果: success
[2026-05-18 20:59:10] [Reviewer] [INFO] 第533章审查完成：评分 8.2， verdict: 通过
[2026-05-18 20:59:11] [Reviewer] [INFO] 结果: success
[2026-05-18 20:59:12] [Reviewer] [INFO] ============================================================
[2026-05-18 20:59:12] [Reviewer] [INFO] Reviewer Agent 启动
[2026-05-18 20:59:12] [Reviewer] [INFO] ============================================================
[2026-05-18 20:59:12] [Reviewer] [INFO] ============================================================
[2026-05-18 20:59:12] [Reviewer] [INFO] Reviewer Agent 启动
[2026-05-18 20:59:12] [Reviewer] [INFO] ============================================================
[2026-05-18 20:59:12] [Reviewer] [INFO] 正在审查第552章...
[2026-05-18 20:59:12] [Reviewer] [INFO] ============================================================
[2026-05-18 20:59:12] [Reviewer] [INFO] Reviewer Agent 启动
[2026-05-18 20:59:12] [Reviewer] [INFO] ============================================================
[2026-05-18 20:59:12] [Reviewer] [INFO] 正在审查第550章...
[2026-05-18 20:59:12] [Reviewer] [INFO] 正在审查第554章...
[2026-05-18 20:59:12] [Reviewer] [INFO] ============================================================
[2026-05-18 20:59:12] [Reviewer] [INFO] Reviewer Agent 启动
[2026-05-18 20:59:12] [Reviewer] [INFO] ============================================================
[2026-05-18 20:59:12] [Reviewer] [INFO] ============================================================
[2026-05-18 20:59:12] [Reviewer] [INFO] Reviewer Agent 启动
[2026-05-18 20:59:12] [Reviewer] [INFO] ============================================================
[2026-05-18 20:59:12] [Reviewer] [INFO] ============================================================
[2026-05-18 20:59:12] [Reviewer] [INFO] Reviewer Agent 启动
[2026-05-18 20:59:12] [Reviewer] [INFO] ============================================================
[2026-05-18 20:59:12] [Reviewer] [INFO] 正在审查第529章...
[2026-05-18 20:59:12] [Reviewer] [INFO] 正在审查第556章...
[2026-05-18 20:59:12] [Reviewer] [INFO] ============================================================
[2026-05-18 20:59:12] [Reviewer] [INFO] Reviewer Agent 启动
[2026-05-18 20:59:12] [Reviewer] [INFO] ============================================================
[2026-05-18 20:59:12] [Reviewer] [INFO] ============================================================
[2026-05-18 20:59:12] [Reviewer] [INFO] Reviewer Agent 启动
[2026-05-18 20:59:12] [Reviewer] [INFO] ============================================================
[2026-05-18 20:59:12] [Reviewer] [INFO] ============================================================
[2026-05-18 20:59:12] [Reviewer] [INFO] Reviewer Agent 启动
[2026-05-18 20:59:12] [Reviewer] [INFO] ============================================================
[2026-05-18 20:59:12] [Reviewer] [INFO] 正在审查第562章...
[2026-05-18 20:59:12] [Reviewer] [INFO] 正在审查第558章...
[2026-05-18 20:59:12] [Reviewer] [INFO] 正在审查第560章...
[2026-05-18 20:59:12] [Reviewer] [INFO] ============================================================
[2026-05-18 20:59:12] [Reviewer] [INFO] Reviewer Agent 启动
[2026-05-18 20:59:12] [Reviewer] [INFO] ============================================================
[2026-05-18 20:59:12] [Reviewer] [INFO] 正在审查第566章...
[2026-05-18 20:59:12] [Reviewer] [INFO] 正在审查第564章...
[2026-05-18 20:59:12] [Reviewer] [INFO] ============================================================
[2026-05-18 20:59:12] [Reviewer] [INFO] Reviewer Agent 启动
[2026-05-18 20:59:12] [Reviewer] [INFO] ============================================================
[2026-05-18 20:59:12] [Reviewer] [INFO] ============================================================
[2026-05-18 20:59:12] [Reviewer] [INFO] Reviewer Agent 启动
[2026-05-18 20:59:12] [Reviewer] [INFO] ============================================================
[2026-05-18 20:59:12] [Reviewer] [INFO] 正在审查第568章...
[2026-05-18 20:59:12] [Reviewer] [INFO] 正在审查第570章...
[2026-05-18 20:59:12] [Reviewer] [INFO] ============================================================
[2026-05-18 20:59:12] [Reviewer] [INFO] Reviewer Agent 启动
[2026-05-18 20:59:12] [Reviewer] [INFO] ============================================================
[2026-05-18 20:59:12] [Reviewer] [INFO] Reviewer Agent 启动
[2026-05-18 20:59:12] [Reviewer] [INFO] ============================================================
[2026-05-18 20:59:12] [Reviewer] [INFO] ============================================================
[2026-05-18 20:59:12] [Reviewer] [INFO] Reviewer Agent 启动
[2026-05-18 20:59:12] [Reviewer] [INFO] ============================================================
[2026-05-18 20:59:12] [Reviewer] [INFO] ============================================================
[2026-05-18 20:59:12] [Reviewer] [INFO] Reviewer Agent 启动
[2026-05-18 20:59:12] [Reviewer] [INFO] ============================================================
[2026-05-18 20:59:12] [Reviewer] [INFO] ============================================================
[2026-05-18 20:59:12] [Reviewer] [INFO] Reviewer Agent 启动
[2026-05-18 20:59:12] [Reviewer] [INFO] ============================================================
[2026-05-18 20:59:12] [Reviewer] [INFO] 正在审查第578章...
[2026-05-18 20:59:12] [Reviewer] [INFO] 正在审查第572章...
[2026-05-18 20:59:12] [Reviewer] [INFO] 正在审查第574章...
[2026-05-18 20:59:12] [Reviewer] [INFO] 正在审查第580章...
[2026-05-18 20:59:12] [Reviewer] [INFO] 正在审查第576章...
[2026-05-18 20:59:12] [Reviewer] [INFO] ============================================================
[2026-05-18 20:59:12] [Reviewer] [INFO] Reviewer Agent 启动
[2026-05-18 20:59:12] [Reviewer] [INFO] ============================================================
[2026-05-18 20:59:12] [Reviewer] [INFO] 正在审查第586章...
[2026-05-18 20:59:12] [Reviewer] [INFO] ============================================================
[2026-05-18 20:59:12] [Reviewer] [INFO] Reviewer Agent 启动
[2026-05-18 20:59:12] [Reviewer] [INFO] ============================================================
[2026-05-18 20:59:12] [Reviewer] [INFO] 正在审查第582章...
[2026-05-18 20:59:12] [Reviewer] [INFO] ============================================================
[2026-05-18 20:59:12] [Reviewer] [INFO] Reviewer Agent 启动
[2026-05-18 20:59:12] [Reviewer] [INFO] ============================================================
[2026-05-18 20:59:12] [Reviewer] [INFO] 正在审查第584章...
[2026-05-18 20:59:30] [Reviewer] [INFO] 第550章审查完成：评分 8.0， verdict: 通过
[2026-05-18 20:59:30] [Reviewer] [INFO] 结果: success
[2026-05-18 20:59:31] [Reviewer] [INFO] ============================================================
[2026-05-18 20:59:31] [Reviewer] [INFO] Reviewer Agent 启动
[2026-05-18 20:59:31] [Reviewer] [INFO] ============================================================
[2026-05-18 20:59:31] [Reviewer] [INFO] 正在审查第551章...
[2026-05-18 20:59:31] [Reviewer] [INFO] 第582章审查完成：评分 8.2， verdict: 通过
[2026-05-18 20:59:31] [Reviewer] [INFO] 结果: success
[2026-05-18 20:59:31] [Reviewer] [INFO] ============================================================
[2026-05-18 20:59:31] [Reviewer] [INFO] Reviewer Agent 启动
[2026-05-18 20:59:31] [Reviewer] [INFO] ============================================================
[2026-05-18 20:59:31] [Reviewer] [INFO] 正在审查第583章...
[2026-05-18 20:59:32] [Reviewer] [INFO] 第568章审查完成：评分 8.3， verdict: 通过
[2026-05-18 20:59:32] [Reviewer] [INFO] 结果: success
[2026-05-18 20:59:32] [Reviewer] [INFO] ============================================================
[2026-05-18 20:59:32] [Reviewer] [INFO] Reviewer Agent 启动
[2026-05-18 20:59:32] [Reviewer] [INFO] ============================================================
[2026-05-18 20:59:33] [Reviewer] [INFO] 正在审查第569章...
[2026-05-18 20:59:34] [Reviewer] [INFO] 第529章审查完成：评分 8.0， verdict: 通过
[2026-05-18 20:59:34] [Reviewer] [INFO] 结果: success
[2026-05-18 20:59:34] [Reviewer] [INFO] ============================================================
[2026-05-18 20:59:34] [Reviewer] [INFO] Reviewer Agent 启动
[2026-05-18 20:59:34] [Reviewer] [INFO] ============================================================
[2026-05-18 20:59:34] [Reviewer] [INFO] 正在审查第548章...
[2026-05-18 20:59:35] [Reviewer] [INFO] 第570章审查完成：评分 8.5， verdict: 通过
[2026-05-18 20:59:35] [Reviewer] [INFO] 结果: success
[2026-05-18 20:59:35] [Reviewer] [INFO] ============================================================
[2026-05-18 20:59:35] [Reviewer] [INFO] Reviewer Agent 启动
[2026-05-18 20:59:35] [Reviewer] [INFO] ============================================================
[2026-05-18 20:59:35] [Reviewer] [INFO] 正在审查第571章...
[2026-05-18 20:59:35] [Reviewer] [INFO] 第566章审查完成：评分 8.0， verdict: 通过
[2026-05-18 20:59:35] [Reviewer] [INFO] 结果: success
[2026-05-18 20:59:35] [Reviewer] [INFO] ============================================================
[2026-05-18 20:59:35] [Reviewer] [INFO] Reviewer Agent 启动
[2026-05-18 20:59:35] [Reviewer] [INFO] ============================================================
[2026-05-18 20:59:35] [Reviewer] [INFO] 正在审查第567章...
[2026-05-18 20:59:35] [Reviewer] [INFO] 第584章审查完成：评分 7.6， verdict: 需修改
[2026-05-18 20:59:35] [Reviewer] [INFO] 结果: success
[2026-05-18 20:59:35] [Reviewer] [INFO] ============================================================
[2026-05-18 20:59:35] [Reviewer] [INFO] Reviewer Agent 启动
[2026-05-18 20:59:35] [Reviewer] [INFO] ============================================================
[2026-05-18 20:59:35] [Reviewer] [INFO] 正在审查第585章...
[2026-05-18 20:59:35] [Reviewer] [INFO] 第552章审查完成：评分 6.8， verdict: 需修改
[2026-05-18 20:59:35] [Reviewer] [INFO] 结果: success
[2026-05-18 20:59:36] [Reviewer] [INFO] 第558章审查完成：评分 7.8， verdict: 需修改
[2026-05-18 20:59:36] [Reviewer] [INFO] 结果: success
[2026-05-18 20:59:36] [Reviewer] [INFO] ============================================================
[2026-05-18 20:59:36] [Reviewer] [INFO] Reviewer Agent 启动
[2026-05-18 20:59:36] [Reviewer] [INFO] ============================================================
[2026-05-18 20:59:36] [Reviewer] [INFO] 正在审查第553章...
[2026-05-18 20:59:36] [Reviewer] [INFO] ============================================================
[2026-05-18 20:59:36] [Reviewer] [INFO] Reviewer Agent 启动
[2026-05-18 20:59:36] [Reviewer] [INFO] ============================================================
[2026-05-18 20:59:36] [Reviewer] [INFO] 正在审查第559章...
[2026-05-18 20:59:36] [Reviewer] [INFO] 第576章审查完成：评分 8.3， verdict: 通过
[2026-05-18 20:59:36] [Reviewer] [INFO] 结果: success
[2026-05-18 20:59:36] [Reviewer] [INFO] ============================================================
[2026-05-18 20:59:36] [Reviewer] [INFO] Reviewer Agent 启动
[2026-05-18 20:59:36] [Reviewer] [INFO] ============================================================
[2026-05-18 20:59:36] [Reviewer] [INFO] 正在审查第577章...
[2026-05-18 20:59:37] [Reviewer] [INFO] 第572章审查完成：评分 8.0， verdict: 通过
[2026-05-18 20:59:37] [Reviewer] [INFO] 结果: success
[2026-05-18 20:59:37] [Reviewer] [INFO] 第560章审查完成：评分 8.0， verdict: 通过
[2026-05-18 20:59:37] [Reviewer] [INFO] 结果: success
[2026-05-18 20:59:37] [Reviewer] [INFO] ============================================================
[2026-05-18 20:59:37] [Reviewer] [INFO] Reviewer Agent 启动
[2026-05-18 20:59:37] [Reviewer] [INFO] ============================================================
[2026-05-18 20:59:37] [Reviewer] [INFO] 正在审查第573章...
[2026-05-18 20:59:37] [Reviewer] [INFO] ============================================================
[2026-05-18 20:59:37] [Reviewer] [INFO] Reviewer Agent 启动
[2026-05-18 20:59:37] [Reviewer] [INFO] ============================================================
[2026-05-18 20:59:37] [Reviewer] [INFO] 正在审查第561章...
[2026-05-18 20:59:37] [Reviewer] [INFO] 第556章审查完成：评分 8.0， verdict: 通过
[2026-05-18 20:59:37] [Reviewer] [INFO] 结果: success
[2026-05-18 20:59:37] [Reviewer] [INFO] ============================================================
[2026-05-18 20:59:37] [Reviewer] [INFO] Reviewer Agent 启动
[2026-05-18 20:59:37] [Reviewer] [INFO] ============================================================
[2026-05-18 20:59:37] [Reviewer] [INFO] 正在审查第557章...
[2026-05-18 20:59:38] [Reviewer] [INFO] 第580章审查完成：评分 7.6， verdict: 需修改
[2026-05-18 20:59:38] [Reviewer] [INFO] 结果: success
[2026-05-18 20:59:38] [Reviewer] [INFO] ============================================================
[2026-05-18 20:59:38] [Reviewer] [INFO] Reviewer Agent 启动
[2026-05-18 20:59:38] [Reviewer] [INFO] ============================================================
[2026-05-18 20:59:38] [Reviewer] [INFO] 正在审查第581章...
[2026-05-18 20:59:38] [Reviewer] [INFO] 第578章审查完成：评分 8.6， verdict: 通过
[2026-05-18 20:59:38] [Reviewer] [INFO] 结果: success
[2026-05-18 20:59:38] [Reviewer] [INFO] ============================================================
[2026-05-18 20:59:38] [Reviewer] [INFO] Reviewer Agent 启动
[2026-05-18 20:59:38] [Reviewer] [INFO] ============================================================
[2026-05-18 20:59:38] [Reviewer] [INFO] 正在审查第579章...
[2026-05-18 20:59:38] [Reviewer] [INFO] 第562章审查完成：评分 8.2， verdict: 通过
[2026-05-18 20:59:38] [Reviewer] [INFO] 结果: success
[2026-05-18 20:59:38] [Reviewer] [INFO] ============================================================
[2026-05-18 20:59:38] [Reviewer] [INFO] Reviewer Agent 启动
[2026-05-18 20:59:38] [Reviewer] [INFO] ============================================================
[2026-05-18 20:59:38] [Reviewer] [INFO] 正在审查第563章...
[2026-05-18 20:59:39] [Reviewer] [INFO] 第586章审查完成：评分 7.6， verdict: 需修改
[2026-05-18 20:59:39] [Reviewer] [INFO] 结果: success
[2026-05-18 20:59:39] [Reviewer] [INFO] 第554章审查完成：评分 8.0， verdict: 通过
[2026-05-18 20:59:39] [Reviewer] [INFO] 结果: success
[2026-05-18 20:59:39] [Reviewer] [INFO] ============================================================
[2026-05-18 20:59:39] [Reviewer] [INFO] Reviewer Agent 启动
[2026-05-18 20:59:39] [Reviewer] [INFO] ============================================================
[2026-05-18 20:59:39] [Reviewer] [INFO] 正在审查第587章...
[2026-05-18 20:59:39] [Reviewer] [INFO] ============================================================
[2026-05-18 20:59:39] [Reviewer] [INFO] Reviewer Agent 启动
[2026-05-18 20:59:39] [Reviewer] [INFO] ============================================================
[2026-05-18 20:59:39] [Reviewer] [INFO] 正在审查第555章...
[2026-05-18 20:59:41] [Reviewer] [INFO] 第574章审查完成：评分 7.6， verdict: 需修改
[2026-05-18 20:59:41] [Reviewer] [INFO] 结果: success
[2026-05-18 20:59:42] [Reviewer] [INFO] ============================================================
[2026-05-18 20:59:42] [Reviewer] [INFO] Reviewer Agent 启动
[2026-05-18 20:59:42] [Reviewer] [INFO] ============================================================
[2026-05-18 20:59:42] [Reviewer] [INFO] 正在审查第575章...
[2026-05-18 20:59:43] [Reviewer] [INFO] 第564章审查完成：评分 7.8， verdict: 需修改
[2026-05-18 20:59:43] [Reviewer] [INFO] 结果: success
[2026-05-18 20:59:43] [Reviewer] [INFO] ============================================================
[2026-05-18 20:59:43] [Reviewer] [INFO] Reviewer Agent 启动
[2026-05-18 20:59:43] [Reviewer] [INFO] ============================================================
[2026-05-18 20:59:43] [Reviewer] [INFO] 正在审查第565章...
[2026-05-18 20:59:51] [Reviewer] [INFO] 第569章审查完成：评分 8.3， verdict: 通过
[2026-05-18 20:59:51] [Reviewer] [INFO] 结果: success
[2026-05-18 20:59:53] [Reviewer] [INFO] 第583章审查完成：评分 7.8， verdict: 通过
[2026-05-18 20:59:53] [Reviewer] [INFO] 结果: success
[2026-05-18 20:59:53] [Reviewer] [INFO] 第553章审查完成：评分 7.7， verdict: 需修改
[2026-05-18 20:59:53] [Reviewer] [INFO] 结果: success
[2026-05-18 20:59:54] [Reviewer] [INFO] 第551章审查完成：评分 7.5， verdict: 需修改
[2026-05-18 20:59:54] [Reviewer] [INFO] 结果: success
[2026-05-18 20:59:54] [Reviewer] [INFO] 第585章审查完成：评分 7.2， verdict: 需修改
[2026-05-18 20:59:54] [Reviewer] [INFO] 结果: success
[2026-05-18 20:59:54] [Reviewer] [INFO] 第548章审查完成：评分 8.0， verdict: 通过
[2026-05-18 20:59:54] [Reviewer] [INFO] 结果: success
[2026-05-18 20:59:55] [Reviewer] [INFO] 第567章审查完成：评分 7.6， verdict: 需修改
[2026-05-18 20:59:55] [Reviewer] [INFO] 结果: success
[2026-05-18 20:59:55] [Reviewer] [INFO] 第577章审查完成：评分 8.5， verdict: 通过
[2026-05-18 20:59:55] [Reviewer] [INFO] 结果: success
[2026-05-18 20:59:58] [Reviewer] [INFO] 第559章审查完成：评分 8.4， verdict: 通过
[2026-05-18 20:59:58] [Reviewer] [INFO] 结果: success
[2026-05-18 20:59:58] [Reviewer] [INFO] 第561章审查完成：评分 8.5， verdict: 通过
[2026-05-18 20:59:58] [Reviewer] [INFO] 结果: success
[2026-05-18 20:59:59] [Reviewer] [INFO] 第557章审查完成：评分 7.8， verdict: 通过
[2026-05-18 20:59:59] [Reviewer] [INFO] 结果: success
[2026-05-18 20:59:59] [Reviewer] [INFO] 第587章审查完成：评分 7.8， verdict: 需修改
[2026-05-18 20:59:59] [Reviewer] [INFO] 结果: success
[2026-05-18 21:00:00] [Reviewer] [INFO] 第563章审查完成：评分 8.0， verdict: 通过
[2026-05-18 21:00:00] [Reviewer] [INFO] 结果: success
[2026-05-18 21:00:00] [Reviewer] [ERROR] 第579章评审解析失败: Invalid control character at: line 18 column 34 (char 389)
[2026-05-18 21:00:00] [Reviewer] [INFO] 结果: parse_failed
[2026-05-18 21:00:00] [Reviewer] [ERROR] 第571章评审解析失败: Expecting ',' delimiter: line 17 column 26 (char 337)
[2026-05-18 21:00:00] [Reviewer] [INFO] 结果: parse_failed
[2026-05-18 21:00:02] [Reviewer] [INFO] 第581章审查完成：评分 7.8， verdict: 需修改
[2026-05-18 21:00:02] [Reviewer] [INFO] 结果: success
[2026-05-18 21:00:03] [Reviewer] [INFO] 第575章审查完成：评分 8.3， verdict: 通过
[2026-05-18 21:00:03] [Reviewer] [INFO] 结果: success
[2026-05-18 21:00:05] [Reviewer] [INFO] 第573章审查完成：评分 7.5， verdict: 通过
[2026-05-18 21:00:05] [Reviewer] [INFO] 结果: success
[2026-05-18 21:00:08] [Reviewer] [INFO] 第565章审查完成：评分 8.2， verdict: 通过
[2026-05-18 21:00:08] [Reviewer] [INFO] 结果: success
[2026-05-18 21:00:09] [Reviewer] [INFO] 第555章审查完成：评分 7.8， verdict: 需修改
[2026-05-18 21:00:09] [Reviewer] [INFO] 结果: success
[2026-05-18 21:00:10] [Reviewer] [INFO] ============================================================
[2026-05-18 21:00:10] [Reviewer] [INFO] Reviewer Agent 启动
[2026-05-18 21:00:10] [Reviewer] [INFO] ============================================================
[2026-05-18 21:00:10] [Reviewer] [INFO] ============================================================
[2026-05-18 21:00:10] [Reviewer] [INFO] Reviewer Agent 启动
[2026-05-18 21:00:10] [Reviewer] [INFO] ============================================================
[2026-05-18 21:00:10] [Reviewer] [INFO] 正在审查第592章...
[2026-05-18 21:00:10] [Reviewer] [INFO] 正在审查第571章...
[2026-05-18 21:00:10] [Reviewer] [INFO] ============================================================
[2026-05-18 21:00:10] [Reviewer] [INFO] Reviewer Agent 启动
[2026-05-18 21:00:10] [Reviewer] [INFO] ============================================================
[2026-05-18 21:00:10] [Reviewer] [INFO] ============================================================
[2026-05-18 21:00:10] [Reviewer] [INFO] Reviewer Agent 启动
[2026-05-18 21:00:10] [Reviewer] [INFO] ============================================================
[2026-05-18 21:00:10] [Reviewer] [INFO] ============================================================
[2026-05-18 21:00:10] [Reviewer] [INFO] Reviewer Agent 启动
[2026-05-18 21:00:10] [Reviewer] [INFO] ============================================================
[2026-05-18 21:00:10] [Reviewer] [INFO] 正在审查第590章...
[2026-05-18 21:00:10] [Reviewer] [INFO] 正在审查第588章...
[2026-05-18 21:00:10] [Reviewer] [INFO] 正在审查第594章...
[2026-05-18 21:00:10] [Reviewer] [INFO] ============================================================
[2026-05-18 21:00:10] [Reviewer] [INFO] Reviewer Agent 启动
[2026-05-18 21:00:10] [Reviewer] [INFO] ============================================================
[2026-05-18 21:00:10] [Reviewer] [INFO] ============================================================
[2026-05-18 21:00:10] [Reviewer] [INFO] Reviewer Agent 启动
[2026-05-18 21:00:10] [Reviewer] [INFO] ============================================================
[2026-05-18 21:00:10] [Reviewer] [INFO] 正在审查第596章...
[2026-05-18 21:00:10] [Reviewer] [INFO] ============================================================
[2026-05-18 21:00:10] [Reviewer] [INFO] Reviewer Agent 启动
[2026-05-18 21:00:10] [Reviewer] [INFO] ============================================================
[2026-05-18 21:00:10] [Reviewer] [INFO] 正在审查第604章...
[2026-05-18 21:00:10] [Reviewer] [INFO] 正在审查第602章...
[2026-05-18 21:00:10] [Reviewer] [INFO] ============================================================
[2026-05-18 21:00:10] [Reviewer] [INFO] Reviewer Agent 启动
[2026-05-18 21:00:10] [Reviewer] [INFO] ============================================================
[2026-05-18 21:00:10] [Reviewer] [INFO] ============================================================
[2026-05-18 21:00:10] [Reviewer] [INFO] Reviewer Agent 启动
[2026-05-18 21:00:10] [Reviewer] [INFO] ============================================================
[2026-05-18 21:00:10] [Reviewer] [INFO] ============================================================
[2026-05-18 21:00:10] [Reviewer] [INFO] Reviewer Agent 启动
[2026-05-18 21:00:10] [Reviewer] [INFO] ============================================================
[2026-05-18 21:00:10] [Reviewer] [INFO] ============================================================
[2026-05-18 21:00:10] [Reviewer] [INFO] Reviewer Agent 启动
[2026-05-18 21:00:10] [Reviewer] [INFO] ============================================================
[2026-05-18 21:00:10] [Reviewer] [INFO] 正在审查第608章...
[2026-05-18 21:00:10] [Reviewer] [INFO] 正在审查第606章...
[2026-05-18 21:00:10] [Reviewer] [INFO] 正在审查第598章...
[2026-05-18 21:00:10] [Reviewer] [INFO] ============================================================
[2026-05-18 21:00:10] [Reviewer] [INFO] Reviewer Agent 启动
[2026-05-18 21:00:10] [Reviewer] [INFO] ============================================================
[2026-05-18 21:00:10] [Reviewer] [INFO] 正在审查第610章...
[2026-05-18 21:00:10] [Reviewer] [INFO] ============================================================
[2026-05-18 21:00:10] [Reviewer] [INFO] Reviewer Agent 启动
[2026-05-18 21:00:10] [Reviewer] [INFO] ============================================================
[2026-05-18 21:00:10] [Reviewer] [INFO] 正在审查第612章...
[2026-05-18 21:00:10] [Reviewer] [INFO] ============================================================
[2026-05-18 21:00:10] [Reviewer] [INFO] Reviewer Agent 启动
[2026-05-18 21:00:10] [Reviewer] [INFO] ============================================================
[2026-05-18 21:00:10] [Reviewer] [INFO] 正在审查第614章...
[2026-05-18 21:00:11] [Reviewer] [INFO] 正在审查第620章...
[2026-05-18 21:00:11] [Reviewer] [INFO] ============================================================
[2026-05-18 21:00:11] [Reviewer] [INFO] Reviewer Agent 启动
[2026-05-18 21:00:11] [Reviewer] [INFO] ============================================================
[2026-05-18 21:00:11] [Reviewer] [INFO] 正在审查第618章...
[2026-05-18 21:00:11] [Reviewer] [INFO] ============================================================
[2026-05-18 21:00:11] [Reviewer] [INFO] Reviewer Agent 启动
[2026-05-18 21:00:11] [Reviewer] [INFO] ============================================================
[2026-05-18 21:00:11] [Reviewer] [INFO] ============================================================
[2026-05-18 21:00:11] [Reviewer] [INFO] Reviewer Agent 启动
[2026-05-18 21:00:11] [Reviewer] [INFO] ============================================================
[2026-05-18 21:00:11] [Reviewer] [INFO] 正在审查第600章...
[2026-05-18 21:00:11] [Reviewer] [INFO] 正在审查第624章...
[2026-05-18 21:00:11] [Reviewer] [INFO] ============================================================
[2026-05-18 21:00:11] [Reviewer] [INFO] Reviewer Agent 启动
[2026-05-18 21:00:11] [Reviewer] [INFO] ============================================================
[2026-05-18 21:00:11] [Reviewer] [INFO] 正在审查第616章...
[2026-05-18 21:00:11] [Reviewer] [INFO] ============================================================
[2026-05-18 21:00:11] [Reviewer] [INFO] Reviewer Agent 启动
[2026-05-18 21:00:11] [Reviewer] [INFO] ============================================================
[2026-05-18 21:00:11] [Reviewer] [INFO] 正在审查第622章...
[2026-05-18 21:00:30] [Reviewer] [INFO] 第600章审查完成：评分 7.8， verdict: 通过
[2026-05-18 21:00:30] [Reviewer] [INFO] 结果: success
[2026-05-18 21:00:30] [Reviewer] [INFO] ============================================================
[2026-05-18 21:00:30] [Reviewer] [INFO] Reviewer Agent 启动
[2026-05-18 21:00:30] [Reviewer] [INFO] ============================================================
[2026-05-18 21:00:30] [Reviewer] [INFO] 正在审查第601章...
[2026-05-18 21:00:32] [Reviewer] [INFO] 第590章审查完成：评分 7.5， verdict: 需修改
[2026-05-18 21:00:32] [Reviewer] [INFO] 结果: success
[2026-05-18 21:00:32] [Reviewer] [INFO] ============================================================
[2026-05-18 21:00:32] [Reviewer] [INFO] Reviewer Agent 启动
[2026-05-18 21:00:32] [Reviewer] [INFO] ============================================================
[2026-05-18 21:00:32] [Reviewer] [INFO] 正在审查第591章...
[2026-05-18 21:00:32] [Reviewer] [INFO] 第592章审查完成：评分 7.2， verdict: 通过
[2026-05-18 21:00:32] [Reviewer] [INFO] 结果: success
[2026-05-18 21:00:32] [Reviewer] [INFO] ============================================================
[2026-05-18 21:00:32] [Reviewer] [INFO] Reviewer Agent 启动
[2026-05-18 21:00:32] [Reviewer] [INFO] ============================================================
[2026-05-18 21:00:32] [Reviewer] [INFO] 第618章审查完成：评分 8.2， verdict: 通过
[2026-05-18 21:00:32] [Reviewer] [INFO] 结果: success
[2026-05-18 21:00:32] [Reviewer] [INFO] 正在审查第593章...
[2026-05-18 21:00:32] [Reviewer] [INFO] ============================================================
[2026-05-18 21:00:32] [Reviewer] [INFO] Reviewer Agent 启动
[2026-05-18 21:00:32] [Reviewer] [INFO] ============================================================
[2026-05-18 21:00:32] [Reviewer] [INFO] 正在审查第619章...
[2026-05-18 21:00:32] [Reviewer] [INFO] 第571章审查完成：评分 7.4， verdict: 需修改
[2026-05-18 21:00:32] [Reviewer] [INFO] 结果: success
[2026-05-18 21:00:32] [Reviewer] [INFO] ============================================================
[2026-05-18 21:00:32] [Reviewer] [INFO] Reviewer Agent 启动
[2026-05-18 21:00:32] [Reviewer] [INFO] ============================================================
[2026-05-18 21:00:32] [Reviewer] [INFO] 正在审查第579章...
[2026-05-18 21:00:33] [Reviewer] [INFO] 第604章审查完成：评分 7.8， verdict: 通过
[2026-05-18 21:00:33] [Reviewer] [INFO] 结果: success
[2026-05-18 21:00:33] [Reviewer] [INFO] ============================================================
[2026-05-18 21:00:33] [Reviewer] [INFO] Reviewer Agent 启动
[2026-05-18 21:00:33] [Reviewer] [INFO] ============================================================
[2026-05-18 21:00:33] [Reviewer] [INFO] 正在审查第605章...
[2026-05-18 21:00:34] [Reviewer] [INFO] 第612章审查完成：评分 8.3， verdict: 通过
[2026-05-18 21:00:34] [Reviewer] [INFO] 结果: success
[2026-05-18 21:00:34] [Reviewer] [INFO] ============================================================
[2026-05-18 21:00:34] [Reviewer] [INFO] Reviewer Agent 启动
[2026-05-18 21:00:34] [Reviewer] [INFO] ============================================================
[2026-05-18 21:00:34] [Reviewer] [INFO] 正在审查第613章...
[2026-05-18 21:00:34] [Reviewer] [INFO] 第606章审查完成：评分 7.3， verdict: 需修改
[2026-05-18 21:00:34] [Reviewer] [INFO] 结果: success
[2026-05-18 21:00:34] [Reviewer] [INFO] 第588章审查完成：评分 8.5， verdict: 通过
[2026-05-18 21:00:34] [Reviewer] [INFO] 结果: success
[2026-05-18 21:00:34] [Reviewer] [INFO] 第598章审查完成：评分 8.2， verdict: 通过
[2026-05-18 21:00:34] [Reviewer] [INFO] 结果: success
[2026-05-18 21:00:34] [Reviewer] [INFO] ============================================================
[2026-05-18 21:00:34] [Reviewer] [INFO] Reviewer Agent 启动
[2026-05-18 21:00:34] [Reviewer] [INFO] ============================================================
[2026-05-18 21:00:34] [Reviewer] [INFO] 正在审查第607章...
[2026-05-18 21:00:34] [Reviewer] [INFO] ============================================================
[2026-05-18 21:00:34] [Reviewer] [INFO] Reviewer Agent 启动
[2026-05-18 21:00:34] [Reviewer] [INFO] ============================================================
[2026-05-18 21:00:34] [Reviewer] [INFO] ============================================================
[2026-05-18 21:00:34] [Reviewer] [INFO] Reviewer Agent 启动
[2026-05-18 21:00:34] [Reviewer] [INFO] ============================================================
[2026-05-18 21:00:34] [Reviewer] [INFO] 正在审查第589章...
[2026-05-18 21:00:34] [Reviewer] [INFO] 正在审查第599章...
[2026-05-18 21:00:35] [Reviewer] [INFO] 第620章审查完成：评分 7.2， verdict: 需修改
[2026-05-18 21:00:35] [Reviewer] [INFO] 结果: success
[2026-05-18 21:00:35] [Reviewer] [INFO] ============================================================
[2026-05-18 21:00:35] [Reviewer] [INFO] Reviewer Agent 启动
[2026-05-18 21:00:35] [Reviewer] [INFO] ============================================================
[2026-05-18 21:00:35] [Reviewer] [INFO] 正在审查第621章...
[2026-05-18 21:00:35] [Reviewer] [INFO] 第596章审查完成：评分 8.2， verdict: 通过
[2026-05-18 21:00:35] [Reviewer] [INFO] 结果: success
[2026-05-18 21:00:36] [Reviewer] [INFO] ============================================================
[2026-05-18 21:00:36] [Reviewer] [INFO] Reviewer Agent 启动
[2026-05-18 21:00:36] [Reviewer] [INFO] ============================================================
[2026-05-18 21:00:36] [Reviewer] [INFO] 正在审查第597章...
[2026-05-18 21:00:36] [Reviewer] [INFO] 第616章审查完成：评分 8.5， verdict: 通过
[2026-05-18 21:00:36] [Reviewer] [INFO] 结果: success
[2026-05-18 21:00:36] [Reviewer] [INFO] ============================================================
[2026-05-18 21:00:36] [Reviewer] [INFO] Reviewer Agent 启动
[2026-05-18 21:00:36] [Reviewer] [INFO] ============================================================
[2026-05-18 21:00:36] [Reviewer] [INFO] 正在审查第617章...
[2026-05-18 21:00:36] [Reviewer] [INFO] 第614章审查完成：评分 8.0， verdict: 通过
[2026-05-18 21:00:36] [Reviewer] [INFO] 结果: success
[2026-05-18 21:00:36] [Reviewer] [INFO] ============================================================
[2026-05-18 21:00:36] [Reviewer] [INFO] Reviewer Agent 启动
[2026-05-18 21:00:36] [Reviewer] [INFO] ============================================================
[2026-05-18 21:00:36] [Reviewer] [INFO] 正在审查第615章...
[2026-05-18 21:00:38] [Reviewer] [INFO] 第608章审查完成：评分 8.4， verdict: 通过
[2026-05-18 21:00:38] [Reviewer] [INFO] 结果: success
[2026-05-18 21:00:38] [Reviewer] [INFO] ============================================================
[2026-05-18 21:00:38] [Reviewer] [INFO] Reviewer Agent 启动
[2026-05-18 21:00:38] [Reviewer] [INFO] ============================================================
[2026-05-18 21:00:38] [Reviewer] [INFO] 正在审查第609章...
[2026-05-18 21:00:38] [Reviewer] [INFO] 第610章审查完成：评分 8.2， verdict: 通过
[2026-05-18 21:00:38] [Reviewer] [INFO] 结果: success
[2026-05-18 21:00:38] [Reviewer] [INFO] ============================================================
[2026-05-18 21:00:38] [Reviewer] [INFO] Reviewer Agent 启动
[2026-05-18 21:00:38] [Reviewer] [INFO] ============================================================
[2026-05-18 21:00:38] [Reviewer] [INFO] 正在审查第611章...
[2026-05-18 21:00:39] [Reviewer] [INFO] 第602章审查完成：评分 7.2， verdict: 需修改
[2026-05-18 21:00:39] [Reviewer] [INFO] 结果: success
[2026-05-18 21:00:39] [Reviewer] [INFO] ============================================================
[2026-05-18 21:00:39] [Reviewer] [INFO] Reviewer Agent 启动
[2026-05-18 21:00:39] [Reviewer] [INFO] ============================================================
[2026-05-18 21:00:39] [Reviewer] [INFO] 正在审查第603章...
[2026-05-18 21:00:39] [Reviewer] [INFO] 第622章审查完成：评分 7.3， verdict: 需修改
[2026-05-18 21:00:39] [Reviewer] [INFO] 结果: success
[2026-05-18 21:00:39] [Reviewer] [INFO] ============================================================
[2026-05-18 21:00:39] [Reviewer] [INFO] Reviewer Agent 启动
[2026-05-18 21:00:39] [Reviewer] [INFO] ============================================================
[2026-05-18 21:00:39] [Reviewer] [INFO] 正在审查第623章...
[2026-05-18 21:00:39] [Reviewer] [INFO] 第594章审查完成：评分 8.3， verdict: 通过
[2026-05-18 21:00:39] [Reviewer] [INFO] 结果: success
[2026-05-18 21:00:40] [Reviewer] [INFO] 第624章审查完成：评分 7.2， verdict: 需修改
[2026-05-18 21:00:40] [Reviewer] [INFO] 结果: success
[2026-05-18 21:00:40] [Reviewer] [INFO] ============================================================
[2026-05-18 21:00:40] [Reviewer] [INFO] Reviewer Agent 启动
[2026-05-18 21:00:40] [Reviewer] [INFO] ============================================================
[2026-05-18 21:00:40] [Reviewer] [INFO] 正在审查第595章...
[2026-05-18 21:00:40] [Reviewer] [INFO] ============================================================
[2026-05-18 21:00:40] [Reviewer] [INFO] Reviewer Agent 启动
[2026-05-18 21:00:40] [Reviewer] [INFO] ============================================================
[2026-05-18 21:00:40] [Reviewer] [INFO] 正在审查第625章...
[2026-05-18 21:00:48] [Reviewer] [INFO] 第601章审查完成：评分 8.2， verdict: 通过
[2026-05-18 21:00:48] [Reviewer] [INFO] 结果: success
[2026-05-18 21:00:52] [Reviewer] [INFO] 第589章审查完成：评分 8.0， verdict: 通过
[2026-05-18 21:00:52] [Reviewer] [INFO] 结果: success
[2026-05-18 21:00:53] [Reviewer] [INFO] 第619章审查完成：评分 7.8， verdict: 需修改
[2026-05-18 21:00:53] [Reviewer] [INFO] 结果: success
[2026-05-18 21:00:55] [Reviewer] [INFO] 第621章审查完成：评分 8.2， verdict: 通过
[2026-05-18 21:00:55] [Reviewer] [INFO] 结果: success
[2026-05-18 21:00:56] [Reviewer] [INFO] 第599章审查完成：评分 8.2， verdict: 通过
[2026-05-18 21:00:56] [Reviewer] [INFO] 结果: success
[2026-05-18 21:00:56] [Reviewer] [INFO] 第591章审查完成：评分 7.8， verdict: 通过
[2026-05-18 21:00:56] [Reviewer] [INFO] 结果: success
[2026-05-18 21:00:56] [Reviewer] [INFO] 第593章审查完成：评分 8.0， verdict: 通过
[2026-05-18 21:00:56] [Reviewer] [INFO] 结果: success
[2026-05-18 21:00:58] [Reviewer] [INFO] 第605章审查完成：评分 7.4， verdict: 需修改
[2026-05-18 21:00:58] [Reviewer] [INFO] 结果: success
[2026-05-18 21:00:59] [Reviewer] [INFO] 第609章审查完成：评分 6.5， verdict: 需修改
[2026-05-18 21:00:59] [Reviewer] [INFO] 结果: success
[2026-05-18 21:00:59] [Reviewer] [INFO] 第607章审查完成：评分 8.2， verdict: 通过
[2026-05-18 21:00:59] [Reviewer] [INFO] 结果: success
[2026-05-18 21:01:00] [Reviewer] [INFO] 第595章审查完成：评分 8.5， verdict: 通过
[2026-05-18 21:01:00] [Reviewer] [INFO] 结果: success
[2026-05-18 21:01:00] [Reviewer] [INFO] 第613章审查完成：评分 8.0， verdict: 通过
[2026-05-18 21:01:00] [Reviewer] [INFO] 结果: success
[2026-05-18 21:01:01] [Reviewer] [INFO] 第579章审查完成：评分 8.5， verdict: 通过
[2026-05-18 21:01:01] [Reviewer] [INFO] 结果: success
[2026-05-18 21:01:01] [Reviewer] [INFO] 第597章审查完成：评分 8.5， verdict: 通过
[2026-05-18 21:01:01] [Reviewer] [INFO] 结果: success
[2026-05-18 21:01:03] [Reviewer] [INFO] 第615章审查完成：评分 7.2， verdict: 需修改
[2026-05-18 21:01:03] [Reviewer] [INFO] 结果: success
[2026-05-18 21:01:04] [Reviewer] [INFO] 第611章审查完成：评分 8.6， verdict: 通过
[2026-05-18 21:01:04] [Reviewer] [INFO] 结果: success
[2026-05-18 21:01:04] [Reviewer] [INFO] 第625章审查完成：评分 7.4， verdict: 需修改
[2026-05-18 21:01:04] [Reviewer] [INFO] 结果: success
[2026-05-18 21:01:05] [Reviewer] [INFO] 第617章审查完成：评分 8.3， verdict: 通过
[2026-05-18 21:01:05] [Reviewer] [INFO] 结果: success
[2026-05-18 21:01:11] [Reviewer] [INFO] 第603章审查完成：评分 8.3， verdict: 通过
[2026-05-18 21:01:11] [Reviewer] [INFO] 结果: success
[2026-05-18 21:01:14] [Reviewer] [INFO] 第623章审查完成：评分 8.25， verdict: 通过
[2026-05-18 21:01:14] [Reviewer] [INFO] 结果: success
[2026-05-18 21:01:15] [Reviewer] [INFO] ============================================================
[2026-05-18 21:01:15] [Reviewer] [INFO] Reviewer Agent 启动
[2026-05-18 21:01:15] [Reviewer] [INFO] ============================================================
[2026-05-18 21:01:15] [Reviewer] [INFO] ============================================================
[2026-05-18 21:01:15] [Reviewer] [INFO] Reviewer Agent 启动
[2026-05-18 21:01:15] [Reviewer] [INFO] ============================================================
[2026-05-18 21:01:15] [Reviewer] [INFO] ============================================================
[2026-05-18 21:01:15] [Reviewer] [INFO] Reviewer Agent 启动
[2026-05-18 21:01:15] [Reviewer] [INFO] ============================================================
[2026-05-18 21:01:15] [Reviewer] [INFO] ============================================================
[2026-05-18 21:01:15] [Reviewer] [INFO] Reviewer Agent 启动
[2026-05-18 21:01:15] [Reviewer] [INFO] ============================================================
[2026-05-18 21:01:15] [Reviewer] [INFO] 正在审查第630章...
[2026-05-18 21:01:15] [Reviewer] [INFO] 正在审查第626章...
[2026-05-18 21:01:15] [Reviewer] [INFO] 正在审查第628章...
[2026-05-18 21:01:15] [Reviewer] [INFO] 正在审查第632章...
[2026-05-18 21:01:15] [Reviewer] [INFO] ============================================================
[2026-05-18 21:01:15] [Reviewer] [INFO] Reviewer Agent 启动
[2026-05-18 21:01:15] [Reviewer] [INFO] ============================================================
[2026-05-18 21:01:15] [Reviewer] [INFO] 正在审查第634章...
[2026-05-18 21:01:15] [Reviewer] [INFO] ============================================================
[2026-05-18 21:01:15] [Reviewer] [INFO] Reviewer Agent 启动
[2026-05-18 21:01:15] [Reviewer] [INFO] ============================================================
[2026-05-18 21:01:15] [Reviewer] [INFO] ============================================================
[2026-05-18 21:01:15] [Reviewer] [INFO] Reviewer Agent 启动
[2026-05-18 21:01:15] [Reviewer] [INFO] ============================================================
[2026-05-18 21:01:15] [Reviewer] [INFO] ============================================================
[2026-05-18 21:01:15] [Reviewer] [INFO] Reviewer Agent 启动
[2026-05-18 21:01:15] [Reviewer] [INFO] ============================================================
[2026-05-18 21:01:15] [Reviewer] [INFO] ============================================================
[2026-05-18 21:01:15] [Reviewer] [INFO] Reviewer Agent 启动
[2026-05-18 21:01:15] [Reviewer] [INFO] ============================================================
[2026-05-18 21:01:15] [Reviewer] [INFO] 正在审查第640章...
[2026-05-18 21:01:15] [Reviewer] [INFO] 正在审查第648章...
[2026-05-18 21:01:15] [Reviewer] [INFO] ============================================================
[2026-05-18 21:01:15] [Reviewer] [INFO] Reviewer Agent 启动
[2026-05-18 21:01:15] [Reviewer] [INFO] ============================================================
[2026-05-18 21:01:15] [Reviewer] [INFO] ============================================================
[2026-05-18 21:01:15] [Reviewer] [INFO] Reviewer Agent 启动
[2026-05-18 21:01:15] [Reviewer] [INFO] ============================================================
[2026-05-18 21:01:15] [Reviewer] [INFO] 正在审查第654章...
[2026-05-18 21:01:15] [Reviewer] [INFO] ============================================================
[2026-05-18 21:01:15] [Reviewer] [INFO] Reviewer Agent 启动
[2026-05-18 21:01:15] [Reviewer] [INFO] ============================================================
[2026-05-18 21:01:15] [Reviewer] [INFO] 正在审查第638章...
[2026-05-18 21:01:15] [Reviewer] [INFO] ============================================================
[2026-05-18 21:01:15] [Reviewer] [INFO] Reviewer Agent 启动
[2026-05-18 21:01:15] [Reviewer] [INFO] ============================================================
[2026-05-18 21:01:15] [Reviewer] [INFO] 正在审查第646章...
[2026-05-18 21:01:15] [Reviewer] [INFO] 正在审查第644章...
[2026-05-18 21:01:15] [Reviewer] [INFO] 正在审查第656章...
[2026-05-18 21:01:15] [Reviewer] [INFO] ============================================================
[2026-05-18 21:01:15] [Reviewer] [INFO] Reviewer Agent 启动
[2026-05-18 21:01:15] [Reviewer] [INFO] ============================================================
[2026-05-18 21:01:15] [Reviewer] [INFO] 正在审查第650章...
[2026-05-18 21:01:15] [Reviewer] [INFO] ============================================================
[2026-05-18 21:01:15] [Reviewer] [INFO] Reviewer Agent 启动
[2026-05-18 21:01:15] [Reviewer] [INFO] ============================================================
[2026-05-18 21:01:15] [Reviewer] [INFO] ============================================================
[2026-05-18 21:01:15] [Reviewer] [INFO] Reviewer Agent 启动
[2026-05-18 21:01:15] [Reviewer] [INFO] ============================================================
[2026-05-18 21:01:15] [Reviewer] [INFO] 正在审查第642章...
[2026-05-18 21:01:15] [Reviewer] [INFO] 正在审查第652章...
[2026-05-18 21:01:15] [Reviewer] [INFO] ============================================================
[2026-05-18 21:01:15] [Reviewer] [INFO] Reviewer Agent 启动
[2026-05-18 21:01:15] [Reviewer] [INFO] ============================================================
[2026-05-18 21:01:15] [Reviewer] [INFO] ============================================================
[2026-05-18 21:01:15] [Reviewer] [INFO] Reviewer Agent 启动
[2026-05-18 21:01:15] [Reviewer] [INFO] ============================================================
[2026-05-18 21:01:15] [Reviewer] [INFO] 正在审查第662章...
[2026-05-18 21:01:15] [Reviewer] [INFO] 正在审查第658章...
[2026-05-18 21:01:15] [Reviewer] [INFO] ============================================================
[2026-05-18 21:01:15] [Reviewer] [INFO] Reviewer Agent 启动
[2026-05-18 21:01:15] [Reviewer] [INFO] ============================================================
[2026-05-18 21:01:15] [Reviewer] [INFO] ============================================================
[2026-05-18 21:01:15] [Reviewer] [INFO] Reviewer Agent 启动
[2026-05-18 21:01:15] [Reviewer] [INFO] ============================================================
[2026-05-18 21:01:15] [Reviewer] [INFO] 正在审查第660章...
[2026-05-18 21:01:15] [Reviewer] [INFO] 正在审查第664章...
[2026-05-18 21:01:35] [Reviewer] [INFO] 第646章审查完成：评分 8.3， verdict: 通过
[2026-05-18 21:01:35] [Reviewer] [INFO] 结果: success
[2026-05-18 21:01:35] [Reviewer] [INFO] ============================================================
[2026-05-18 21:01:35] [Reviewer] [INFO] Reviewer Agent 启动
[2026-05-18 21:01:35] [Reviewer] [INFO] ============================================================
[2026-05-18 21:01:35] [Reviewer] [INFO] 正在审查第647章...
[2026-05-18 21:01:36] [Reviewer] [INFO] 第642章审查完成：评分 7.2， verdict: 需修改
[2026-05-18 21:01:36] [Reviewer] [INFO] 结果: success
[2026-05-18 21:01:36] [Reviewer] [INFO] ============================================================
[2026-05-18 21:01:36] [Reviewer] [INFO] Reviewer Agent 启动
[2026-05-18 21:01:36] [Reviewer] [INFO] ============================================================
[2026-05-18 21:01:36] [Reviewer] [INFO] 正在审查第643章...
[2026-05-18 21:01:36] [Reviewer] [INFO] 第636章审查完成：评分 8.0， verdict: 通过
[2026-05-18 21:01:36] [Reviewer] [INFO] 结果: success
[2026-05-18 21:01:37] [Reviewer] [ERROR] 第640章评审解析失败: Expecting ',' delimiter: line 18 column 19 (char 381)
[2026-05-18 21:01:37] [Reviewer] [INFO] 结果: parse_failed
[2026-05-18 21:01:37] [Reviewer] [INFO] ============================================================
[2026-05-18 21:01:37] [Reviewer] [INFO] Reviewer Agent 启动
[2026-05-18 21:01:37] [Reviewer] [INFO] ============================================================
[2026-05-18 21:01:37] [Reviewer] [INFO] 正在审查第637章...
[2026-05-18 21:01:37] [Reviewer] [INFO] 第664章审查完成：评分 7.6， verdict: 需修改
[2026-05-18 21:01:37] [Reviewer] [INFO] 结果: success
[2026-05-18 21:01:37] [Reviewer] [INFO] ============================================================
[2026-05-18 21:01:37] [Reviewer] [INFO] Reviewer Agent 启动
[2026-05-18 21:01:37] [Reviewer] [INFO] ============================================================
[2026-05-18 21:01:37] [Reviewer] [INFO] 正在审查第641章...
[2026-05-18 21:01:37] [Reviewer] [INFO] ============================================================
[2026-05-18 21:01:37] [Reviewer] [INFO] Reviewer Agent 启动
[2026-05-18 21:01:37] [Reviewer] [INFO] ============================================================
[2026-05-18 21:01:37] [Reviewer] [INFO] 正在审查第665章...
[2026-05-18 21:01:37] [Reviewer] [INFO] 第638章审查完成：评分 7.3， verdict: 需修改
[2026-05-18 21:01:37] [Reviewer] [INFO] 结果: success
[2026-05-18 21:01:37] [Reviewer] [INFO] ============================================================
[2026-05-18 21:01:37] [Reviewer] [INFO] Reviewer Agent 启动
[2026-05-18 21:01:37] [Reviewer] [INFO] ============================================================
[2026-05-18 21:01:37] [Reviewer] [INFO] 正在审查第639章...
[2026-05-18 21:01:38] [Reviewer] [INFO] 第644章审查完成：评分 7.2， verdict: 需修改
[2026-05-18 21:01:38] [Reviewer] [INFO] 结果: success
[2026-05-18 21:01:38] [Reviewer] [INFO] ============================================================
[2026-05-18 21:01:38] [Reviewer] [INFO] Reviewer Agent 启动
[2026-05-18 21:01:38] [Reviewer] [INFO] ============================================================
[2026-05-18 21:01:38] [Reviewer] [INFO] 正在审查第645章...
[2026-05-18 21:01:38] [Reviewer] [INFO] 第652章审查完成：评分 8.3， verdict: 通过
[2026-05-18 21:01:38] [Reviewer] [INFO] 结果: success
[2026-05-18 21:01:39] [Reviewer] [INFO] ============================================================
[2026-05-18 21:01:39] [Reviewer] [INFO] Reviewer Agent 启动
[2026-05-18 21:01:39] [Reviewer] [INFO] ============================================================
[2026-05-18 21:01:39] [Reviewer] [INFO] 正在审查第653章...
[2026-05-18 21:01:39] [Reviewer] [INFO] 第660章审查完成：评分 7.2， verdict: 需修改
[2026-05-18 21:01:39] [Reviewer] [INFO] 结果: success
[2026-05-18 21:01:39] [Reviewer] [INFO] ============================================================
[2026-05-18 21:01:39] [Reviewer] [INFO] Reviewer Agent 启动
[2026-05-18 21:01:39] [Reviewer] [INFO] ============================================================
[2026-05-18 21:01:39] [Reviewer] [INFO] 正在审查第661章...
[2026-05-18 21:01:39] [Reviewer] [INFO] 第658章审查完成：评分 7.8， verdict: 需修改
[2026-05-18 21:01:39] [Reviewer] [INFO] 结果: success
[2026-05-18 21:01:39] [Reviewer] [INFO] ============================================================
[2026-05-18 21:01:39] [Reviewer] [INFO] Reviewer Agent 启动
[2026-05-18 21:01:39] [Reviewer] [INFO] ============================================================
[2026-05-18 21:01:39] [Reviewer] [INFO] 正在审查第659章...
[2026-05-18 21:01:40] [Reviewer] [INFO] 第628章审查完成：评分 8.2， verdict: 通过
[2026-05-18 21:01:40] [Reviewer] [INFO] 结果: success
[2026-05-18 21:01:40] [Reviewer] [INFO] ============================================================
[2026-05-18 21:01:40] [Reviewer] [INFO] Reviewer Agent 启动
[2026-05-18 21:01:40] [Reviewer] [INFO] ============================================================
[2026-05-18 21:01:40] [Reviewer] [INFO] 正在审查第629章...
[2026-05-18 21:01:40] [Reviewer] [INFO] 第632章审查完成：评分 8.0， verdict: 需修改
[2026-05-18 21:01:40] [Reviewer] [INFO] 结果: success
[2026-05-18 21:01:40] [Reviewer] [INFO] 第634章审查完成：评分 8.4， verdict: 通过
[2026-05-18 21:01:40] [Reviewer] [INFO] 结果: success
[2026-05-18 21:01:40] [Reviewer] [INFO] 第650章审查完成：评分 8.5， verdict: 通过
[2026-05-18 21:01:40] [Reviewer] [INFO] 结果: success
[2026-05-18 21:01:40] [Reviewer] [INFO] ============================================================
[2026-05-18 21:01:40] [Reviewer] [INFO] Reviewer Agent 启动
[2026-05-18 21:01:40] [Reviewer] [INFO] ============================================================
[2026-05-18 21:01:40] [Reviewer] [INFO] 正在审查第633章...
[2026-05-18 21:01:41] [Reviewer] [INFO] 第626章审查完成：评分 7.8， verdict: 需修改
[2026-05-18 21:01:41] [Reviewer] [INFO] 结果: success
[2026-05-18 21:01:41] [Reviewer] [INFO] ============================================================
[2026-05-18 21:01:41] [Reviewer] [INFO] Reviewer Agent 启动
[2026-05-18 21:01:41] [Reviewer] [INFO] ============================================================
[2026-05-18 21:01:41] [Reviewer] [INFO] 正在审查第635章...
[2026-05-18 21:01:41] [Reviewer] [INFO] ============================================================
[2026-05-18 21:01:41] [Reviewer] [INFO] Reviewer Agent 启动
[2026-05-18 21:01:41] [Reviewer] [INFO] ============================================================
[2026-05-18 21:01:41] [Reviewer] [INFO] 正在审查第651章...
[2026-05-18 21:01:41] [Reviewer] [INFO] ============================================================
[2026-05-18 21:01:41] [Reviewer] [INFO] Reviewer Agent 启动
[2026-05-18 21:01:41] [Reviewer] [INFO] ============================================================
[2026-05-18 21:01:41] [Reviewer] [INFO] 正在审查第627章...
[2026-05-18 21:01:41] [Reviewer] [INFO] 第656章审查完成：评分 7.8， verdict: 需修改
[2026-05-18 21:01:41] [Reviewer] [INFO] 结果: success
[2026-05-18 21:01:41] [Reviewer] [INFO] ============================================================
[2026-05-18 21:01:41] [Reviewer] [INFO] Reviewer Agent 启动
[2026-05-18 21:01:41] [Reviewer] [INFO] ============================================================
[2026-05-18 21:01:41] [Reviewer] [INFO] 正在审查第657章...
[2026-05-18 21:01:41] [Reviewer] [INFO] 第648章审查完成：评分 7.8， verdict: 需修改
[2026-05-18 21:01:41] [Reviewer] [INFO] 结果: success
[2026-05-18 21:01:42] [Reviewer] [INFO] ============================================================
[2026-05-18 21:01:42] [Reviewer] [INFO] Reviewer Agent 启动
[2026-05-18 21:01:42] [Reviewer] [INFO] ============================================================
[2026-05-18 21:01:42] [Reviewer] [INFO] 正在审查第649章...
[2026-05-18 21:01:42] [Reviewer] [INFO] 第630章审查完成：评分 7.8， verdict: 通过
[2026-05-18 21:01:42] [Reviewer] [INFO] 结果: success
[2026-05-18 21:01:42] [Reviewer] [INFO] ============================================================
[2026-05-18 21:01:42] [Reviewer] [INFO] Reviewer Agent 启动
[2026-05-18 21:01:42] [Reviewer] [INFO] ============================================================
[2026-05-18 21:01:42] [Reviewer] [INFO] 正在审查第631章...
[2026-05-18 21:01:43] [Reviewer] [INFO] 第654章审查完成：评分 8.2， verdict: 通过
[2026-05-18 21:01:43] [Reviewer] [INFO] 结果: success
[2026-05-18 21:01:43] [Reviewer] [INFO] ============================================================
[2026-05-18 21:01:43] [Reviewer] [INFO] Reviewer Agent 启动
[2026-05-18 21:01:43] [Reviewer] [INFO] ============================================================
[2026-05-18 21:01:43] [Reviewer] [INFO] 正在审查第655章...
[2026-05-18 21:01:49] [Reviewer] [INFO] 第662章审查完成：评分 8.4， verdict: 通过
[2026-05-18 21:01:49] [Reviewer] [INFO] 结果: success
[2026-05-18 21:01:49] [Reviewer] [INFO] ============================================================
[2026-05-18 21:01:49] [Reviewer] [INFO] Reviewer Agent 启动
[2026-05-18 21:01:49] [Reviewer] [INFO] ============================================================
[2026-05-18 21:01:49] [Reviewer] [INFO] 正在审查第663章...
[2026-05-18 21:01:55] [Reviewer] [ERROR] 第639章评审解析失败: Invalid control character at: line 13 column 37 (char 311)
[2026-05-18 21:01:55] [Reviewer] [INFO] 结果: parse_failed
[2026-05-18 21:01:58] [Reviewer] [INFO] 第665章审查完成：评分 8.2， verdict: 通过
[2026-05-18 21:01:58] [Reviewer] [INFO] 结果: success
[2026-05-18 21:01:59] [Reviewer] [INFO] 第643章审查完成：评分 8.2， verdict: 通过
[2026-05-18 21:01:59] [Reviewer] [INFO] 结果: success
[2026-05-18 21:01:59] [Reviewer] [ERROR] 第647章评审解析失败: Expecting ',' delimiter: line 13 column 16 (char 259)
[2026-05-18 21:01:59] [Reviewer] [INFO] 结果: parse_failed
[2026-05-18 21:01:59] [Reviewer] [INFO] 第645章审查完成：评分 8.3， verdict: 通过
[2026-05-18 21:01:59] [Reviewer] [INFO] 结果: success
[2026-05-18 21:01:59] [Reviewer] [INFO] 第653章审查完成：评分 7.8， verdict: 通过
[2026-05-18 21:01:59] [Reviewer] [INFO] 结果: success
[2026-05-18 21:02:00] [Reviewer] [INFO] 第637章审查完成：评分 7.5， verdict: 需修改
[2026-05-18 21:02:00] [Reviewer] [INFO] 结果: success
[2026-05-18 21:02:01] [Reviewer] [INFO] 第649章审查完成：评分 7.8， verdict: 需修改
[2026-05-18 21:02:01] [Reviewer] [INFO] 结果: success
[2026-05-18 21:02:01] [Reviewer] [INFO] 第641章审查完成：评分 8.2， verdict: 通过
[2026-05-18 21:02:01] [Reviewer] [INFO] 结果: success
[2026-05-18 21:02:03] [Reviewer] [INFO] 第627章审查完成：评分 7.3， verdict: 需修改
[2026-05-18 21:02:03] [Reviewer] [INFO] 结果: success
[2026-05-18 21:02:03] [Reviewer] [INFO] 第635章审查完成：评分 7.4， verdict: 需修改
[2026-05-18 21:02:03] [Reviewer] [INFO] 结果: success
[2026-05-18 21:02:04] [Reviewer] [INFO] 第659章审查完成：评分 8.0， verdict: 通过
[2026-05-18 21:02:04] [Reviewer] [INFO] 结果: success
[2026-05-18 21:02:04] [Reviewer] [INFO] 第633章审查完成：评分 8.6， verdict: 通过
[2026-05-18 21:02:04] [Reviewer] [INFO] 结果: success
[2026-05-18 21:02:06] [Reviewer] [INFO] 第651章审查完成：评分 8.0， verdict: 通过
[2026-05-18 21:02:06] [Reviewer] [INFO] 结果: success
[2026-05-18 21:02:06] [Reviewer] [INFO] 第629章审查完成：评分 8.3， verdict: 通过
[2026-05-18 21:02:06] [Reviewer] [INFO] 结果: success
[2026-05-18 21:02:06] [Reviewer] [INFO] 第661章审查完成：评分 7.6， verdict: 需修改
[2026-05-18 21:02:06] [Reviewer] [INFO] 结果: success
[2026-05-18 21:02:07] [Reviewer] [INFO] 第655章审查完成：评分 7.8， verdict: 需修改
[2026-05-18 21:02:07] [Reviewer] [INFO] 结果: success
[2026-05-18 21:02:07] [Reviewer] [INFO] 第631章审查完成：评分 8.5， verdict: 通过
[2026-05-18 21:02:07] [Reviewer] [INFO] 结果: success
[2026-05-18 21:02:09] [Reviewer] [INFO] 第663章审查完成：评分 7.2， verdict: 需修改
[2026-05-18 21:02:09] [Reviewer] [INFO] 结果: success
[2026-05-18 21:02:10] [Reviewer] [INFO] 第657章审查完成：评分 6.8， verdict: 需修改
[2026-05-18 21:02:10] [Reviewer] [INFO] 结果: success
[2026-05-18 21:02:12] [Reviewer] [INFO] ============================================================
[2026-05-18 21:02:12] [Reviewer] [INFO] Reviewer Agent 启动
[2026-05-18 21:02:12] [Reviewer] [INFO] ============================================================
[2026-05-18 21:02:12] [Reviewer] [INFO] 正在审查第639章...
[2026-05-18 21:02:12] [Reviewer] [INFO] ============================================================
[2026-05-18 21:02:12] [Reviewer] [INFO] Reviewer Agent 启动
[2026-05-18 21:02:12] [Reviewer] [INFO] ============================================================
[2026-05-18 21:02:12] [Reviewer] [INFO] ============================================================
[2026-05-18 21:02:12] [Reviewer] [INFO] Reviewer Agent 启动
[2026-05-18 21:02:12] [Reviewer] [INFO] ============================================================
[2026-05-18 21:02:12] [Reviewer] [INFO] ============================================================
[2026-05-18 21:02:12] [Reviewer] [INFO] Reviewer Agent 启动
[2026-05-18 21:02:12] [Reviewer] [INFO] ============================================================
[2026-05-18 21:02:12] [Reviewer] [INFO] ============================================================
[2026-05-18 21:02:12] [Reviewer] [INFO] ============================================================
[2026-05-18 21:02:12] [Reviewer] [INFO] Reviewer Agent 启动
[2026-05-18 21:02:12] [Reviewer] [INFO] Reviewer Agent 启动
[2026-05-18 21:02:12] [Reviewer] [INFO] ============================================================
[2026-05-18 21:02:12] [Reviewer] [INFO] 正在审查第647章...
[2026-05-18 21:02:12] [Reviewer] [INFO] 正在审查第671章...
[2026-05-18 21:02:12] [Reviewer] [INFO] 正在审查第667章...
[2026-05-18 21:02:12] [Reviewer] [INFO] 正在审查第669章...
[2026-05-18 21:02:12] [Reviewer] [INFO] 正在审查第673章...
[2026-05-18 21:02:12] [Reviewer] [INFO] ============================================================
[2026-05-18 21:02:12] [Reviewer] [INFO] Reviewer Agent 启动
[2026-05-18 21:02:12] [Reviewer] [INFO] ============================================================
[2026-05-18 21:02:12] [Reviewer] [INFO] 正在审查第677章...
[2026-05-18 21:02:12] [Reviewer] [INFO] ============================================================
[2026-05-18 21:02:12] [Reviewer] [INFO] Reviewer Agent 启动
[2026-05-18 21:02:12] [Reviewer] [INFO] ============================================================
[2026-05-18 21:02:12] [Reviewer] [INFO] ============================================================
[2026-05-18 21:02:12] [Reviewer] [INFO] Reviewer Agent 启动
[2026-05-18 21:02:12] [Reviewer] [INFO] ============================================================
[2026-05-18 21:02:12] [Reviewer] [INFO] 正在审查第689章...
[2026-05-18 21:02:12] [Reviewer] [INFO] ============================================================
[2026-05-18 21:02:12] [Reviewer] [INFO] Reviewer Agent 启动
[2026-05-18 21:02:12] [Reviewer] [INFO] ============================================================
[2026-05-18 21:02:12] [Reviewer] [INFO] ============================================================
[2026-05-18 21:02:12] [Reviewer] [INFO] Reviewer Agent 启动
[2026-05-18 21:02:12] [Reviewer] [INFO] ============================================================
[2026-05-18 21:02:12] [Reviewer] [INFO] 正在审查第685章...
[2026-05-18 21:02:12] [Reviewer] [INFO] 正在审查第675章...
[2026-05-18 21:02:12] [Reviewer] [INFO] 正在审查第687章...
[2026-05-18 21:02:12] [Reviewer] [INFO] ============================================================
[2026-05-18 21:02:12] [Reviewer] [INFO] Reviewer Agent 启动
[2026-05-18 21:02:12] [Reviewer] [INFO] ============================================================
[2026-05-18 21:02:12] [Reviewer] [INFO] ============================================================
[2026-05-18 21:02:12] [Reviewer] [INFO] ============================================================
[2026-05-18 21:02:12] [Reviewer] [INFO] Reviewer Agent 启动
=====================================
[2026-05-18 21:02:12] [Reviewer] [INFO] ============================================================
[2026-05-18 21:02:12] [Reviewer] [INFO] Reviewer Agent 启动
[2026-05-18 21:02:12] [Reviewer] [INFO] ============================================================
[2026-05-18 21:02:12] [Reviewer] [INFO] 正在审查第681章...
[2026-05-18 21:02:12] [Reviewer] [INFO] ============================================================
[2026-05-18 21:02:12] [Reviewer] [INFO] Reviewer Agent 启动
[2026-05-18 21:02:12] [Reviewer] [INFO] ============================================================
[2026-05-18 21:02:12] [Reviewer] [INFO] 正在审查第683章...
[2026-05-18 21:02:12] [Reviewer] [INFO] 正在审查第679章...
[2026-05-18 21:02:12] [Reviewer] [INFO] 正在审查第691章...
[2026-05-18 21:02:12] [Reviewer] [INFO] 正在审查第693章...
[2026-05-18 21:02:12] [Reviewer] [INFO] ============================================================
[2026-05-18 21:02:12] [Reviewer] [INFO] Reviewer Agent 启动
[2026-05-18 21:02:12] [Reviewer] [INFO] ============================================================
[2026-05-18 21:02:13] [Reviewer] [INFO] 正在审查第699章...
[2026-05-18 21:02:13] [Reviewer] [INFO] ============================================================
[2026-05-18 21:02:13] [Reviewer] [INFO] Reviewer Agent 启动
[2026-05-18 21:02:13] [Reviewer] [INFO] ============================================================
[2026-05-18 21:02:13] [Reviewer] [INFO] ============================================================
[2026-05-18 21:02:13] [Reviewer] [INFO] Reviewer Agent 启动
[2026-05-18 21:02:13] [Reviewer] [INFO] ============================================================
[2026-05-18 21:02:13] [Reviewer] [INFO] ============================================================
[2026-05-18 21:02:13] [Reviewer] [INFO] Reviewer Agent 启动
[2026-05-18 21:02:13] [Reviewer] [INFO] ============================================================
[2026-05-18 21:02:13] [Reviewer] [INFO] 正在审查第701章...
[2026-05-18 21:02:13] [Reviewer] [INFO] 正在审查第697章...
[2026-05-18 21:02:13] [Reviewer] [INFO] 正在审查第695章...
[2026-05-18 21:02:29] [Reviewer] [INFO] 第671章审查完成：评分 8.8， verdict: 通过
[2026-05-18 21:02:29] [Reviewer] [INFO] 结果: success
[2026-05-18 21:02:29] [Reviewer] [INFO] ============================================================
[2026-05-18 21:02:29] [Reviewer] [INFO] Reviewer Agent 启动
[2026-05-18 21:02:29] [Reviewer] [INFO] ============================================================
[2026-05-18 21:02:29] [Reviewer] [INFO] 正在审查第672章...
[2026-05-18 21:02:30] [Reviewer] [INFO] 第639章审查完成：评分 8.2， verdict: 通过
[2026-05-18 21:02:30] [Reviewer] [INFO] 结果: success
[2026-05-18 21:02:30] [Reviewer] [INFO] ============================================================
[2026-05-18 21:02:30] [Reviewer] [INFO] Reviewer Agent 启动
[2026-05-18 21:02:30] [Reviewer] [INFO] ============================================================
[2026-05-18 21:02:30] [Reviewer] [INFO] 正在审查第640章...
[2026-05-18 21:02:33] [Reviewer] [INFO] 第677章审查完成：评分 7.5， verdict: 需修改
[2026-05-18 21:02:33] [Reviewer] [INFO] 结果: success
[2026-05-18 21:02:33] [Reviewer] [INFO] ============================================================
[2026-05-18 21:02:33] [Reviewer] [INFO] Reviewer Agent 启动
[2026-05-18 21:02:33] [Reviewer] [INFO] ============================================================
[2026-05-18 21:02:33] [Reviewer] [INFO] 正在审查第678章...
[2026-05-18 21:02:34] [Reviewer] [INFO] 第697章审查完成：评分 8.5， verdict: 通过
[2026-05-18 21:02:34] [Reviewer] [INFO] 结果: success
[2026-05-18 21:02:34] [Reviewer] [INFO] ============================================================
[2026-05-18 21:02:34] [Reviewer] [INFO] Reviewer Agent 启动
[2026-05-18 21:02:34] [Reviewer] [INFO] ============================================================
[2026-05-18 21:02:34] [Reviewer] [INFO] 正在审查第698章...
[2026-05-18 21:02:35] [Reviewer] [INFO] 第667章审查完成：评分 7.3， verdict: 需修改
[2026-05-18 21:02:35] [Reviewer] [INFO] 结果: success
[2026-05-18 21:02:35] [Reviewer] [INFO] ============================================================
[2026-05-18 21:02:35] [Reviewer] [INFO] Reviewer Agent 启动
[2026-05-18 21:02:35] [Reviewer] [INFO] ============================================================
[2026-05-18 21:02:35] [Reviewer] [INFO] 正在审查第668章...
[2026-05-18 21:02:35] [Reviewer] [INFO] 第683章审查完成：评分 7.5， verdict: 通过
[2026-05-18 21:02:35] [Reviewer] [INFO] 结果: success
[2026-05-18 21:02:35] [Reviewer] [INFO] 第685章审查完成：评分 7.6， verdict: 需修改
[2026-05-18 21:02:35] [Reviewer] [INFO] 结果: success
[2026-05-18 21:02:35] [Reviewer] [INFO] ============================================================
[2026-05-18 21:02:35] [Reviewer] [INFO] Reviewer Agent 启动
[2026-05-18 21:02:35] [Reviewer] [INFO] ============================================================
[2026-05-18 21:02:35] [Reviewer] [INFO] 正在审查第684章...
[2026-05-18 21:02:35] [Reviewer] [INFO] ============================================================
[2026-05-18 21:02:35] [Reviewer] [INFO] Reviewer Agent 启动
[2026-05-18 21:02:35] [Reviewer] [INFO] ============================================================
[2026-05-18 21:02:35] [Reviewer] [INFO] 正在审查第686章...
[2026-05-18 21:02:35] [Reviewer] [INFO] 第647章审查完成：评分 8.2， verdict: 通过
[2026-05-18 21:02:35] [Reviewer] [INFO] 结果: success
[2026-05-18 21:02:36] [Reviewer] [INFO] ============================================================
[2026-05-18 21:02:36] [Reviewer] [INFO] Reviewer Agent 启动
[2026-05-18 21:02:36] [Reviewer] [INFO] ============================================================
[2026-05-18 21:02:36] [Reviewer] [INFO] 正在审查第666章...
[2026-05-18 21:02:36] [Reviewer] [INFO] 第669章审查完成：评分 8.0， verdict: 通过
[2026-05-18 21:02:36] [Reviewer] [INFO] 结果: success
[2026-05-18 21:02:37] [Reviewer] [INFO] 第701章审查完成：评分 7.6， verdict: 需修改
[2026-05-18 21:02:37] [Reviewer] [INFO] 结果: success
[2026-05-18 21:02:37] [Reviewer] [INFO] ============================================================
[2026-05-18 21:02:37] [Reviewer] [INFO] Reviewer Agent 启动
[2026-05-18 21:02:37] [Reviewer] [INFO] ============================================================
[2026-05-18 21:02:37] [Reviewer] [INFO] 正在审查第670章...
[2026-05-18 21:02:37] [Reviewer] [INFO] ============================================================
[2026-05-18 21:02:37] [Reviewer] [INFO] Reviewer Agent 启动
[2026-05-18 21:02:37] [Reviewer] [INFO] ============================================================
[2026-05-18 21:02:37] [Reviewer] [INFO] 正在审查第702章...
[2026-05-18 21:02:37] [Reviewer] [INFO] 第689章审查完成：评分 8.0， verdict: 通过
[2026-05-18 21:02:37] [Reviewer] [INFO] 结果: success
[2026-05-18 21:02:37] [Reviewer] [INFO] 第675章审查完成：评分 8.2， verdict: 通过
[2026-05-18 21:02:37] [Reviewer] [INFO] 结果: success
[2026-05-18 21:02:37] [Reviewer] [INFO] ============================================================
[2026-05-18 21:02:37] [Reviewer] [INFO] Reviewer Agent 启动
[2026-05-18 21:02:37] [Reviewer] [INFO] ============================================================
[2026-05-18 21:02:37] [Reviewer] [INFO] ============================================================
[2026-05-18 21:02:37] [Reviewer] [INFO] Reviewer Agent 启动
[2026-05-18 21:02:37] [Reviewer] [INFO] ============================================================
[2026-05-18 21:02:37] [Reviewer] [INFO] 正在审查第690章...
[2026-05-18 21:02:37] [Reviewer] [INFO] 正在审查第676章...
[2026-05-18 21:02:37] [Reviewer] [INFO] 第681章审查完成：评分 7.6， verdict: 需修改
[2026-05-18 21:02:37] [Reviewer] [INFO] 结果: success
[2026-05-18 21:02:37] [Reviewer] [INFO] ============================================================
[2026-05-18 21:02:37] [Reviewer] [INFO] Reviewer Agent 启动
[2026-05-18 21:02:37] [Reviewer] [INFO] ============================================================
[2026-05-18 21:02:37] [Reviewer] [INFO] 正在审查第682章...
[2026-05-18 21:02:38] [Reviewer] [INFO] 第687章审查完成：评分 7.8， verdict: 需修改
[2026-05-18 21:02:38] [Reviewer] [INFO] 结果: success
[2026-05-18 21:02:38] [Reviewer] [INFO] ============================================================
[2026-05-18 21:02:38] [Reviewer] [INFO] Reviewer Agent 启动
[2026-05-18 21:02:38] [Reviewer] [INFO] ============================================================
[2026-05-18 21:02:38] [Reviewer] [INFO] 正在审查第688章...
[2026-05-18 21:02:39] [Reviewer] [INFO] 第679章审查完成：评分 8.3， verdict: 通过
[2026-05-18 21:02:39] [Reviewer] [INFO] 结果: success
[2026-05-18 21:02:39] [Reviewer] [INFO] ============================================================
[2026-05-18 21:02:39] [Reviewer] [INFO] Reviewer Agent 启动
[2026-05-18 21:02:39] [Reviewer] [INFO] ============================================================
[2026-05-18 21:02:39] [Reviewer] [INFO] 正在审查第680章...
[2026-05-18 21:02:39] [Reviewer] [INFO] 第699章审查完成：评分 7.8， verdict: 需修改
[2026-05-18 21:02:39] [Reviewer] [INFO] 结果: success
[2026-05-18 21:02:39] [Reviewer] [INFO] ============================================================
[2026-05-18 21:02:39] [Reviewer] [INFO] Reviewer Agent 启动
[2026-05-18 21:02:39] [Reviewer] [INFO] ============================================================
[2026-05-18 21:02:39] [Reviewer] [INFO] 正在审查第700章...
[2026-05-18 21:02:40] [Reviewer] [INFO] 第695章审查完成：评分 7.5， verdict: 需修改
[2026-05-18 21:02:40] [Reviewer] [INFO] 结果: success
[2026-05-18 21:02:40] [Reviewer] [INFO] ============================================================
[2026-05-18 21:02:40] [Reviewer] [INFO] Reviewer Agent 启动
[2026-05-18 21:02:40] [Reviewer] [INFO] ============================================================
[2026-05-18 21:02:40] [Reviewer] [INFO] 正在审查第696章...
[2026-05-18 21:02:40] [Reviewer] [INFO] 第673章审查完成：评分 8.6， verdict: 通过
[2026-05-18 21:02:40] [Reviewer] [INFO] 结果: success
[2026-05-18 21:02:41] [Reviewer] [INFO] ============================================================
[2026-05-18 21:02:41] [Reviewer] [INFO] Reviewer Agent 启动
[2026-05-18 21:02:41] [Reviewer] [INFO] ============================================================
[2026-05-18 21:02:41] [Reviewer] [INFO] 正在审查第674章...
[2026-05-18 21:02:43] [Reviewer] [INFO] 第691章审查完成：评分 8.0， verdict: 通过
[2026-05-18 21:02:43] [Reviewer] [INFO] 结果: success
[2026-05-18 21:02:43] [Reviewer] [INFO] ============================================================
[2026-05-18 21:02:43] [Reviewer] [INFO] Reviewer Agent 启动
[2026-05-18 21:02:43] [Reviewer] [INFO] ============================================================
[2026-05-18 21:02:43] [Reviewer] [INFO] 正在审查第692章...
[2026-05-18 21:02:46] [Reviewer] [INFO] 第693章审查完成：评分 7.6， verdict: 需修改
[2026-05-18 21:02:46] [Reviewer] [INFO] 结果: success
[2026-05-18 21:02:46] [Reviewer] [INFO] ============================================================
[2026-05-18 21:02:46] [Reviewer] [INFO] Reviewer Agent 启动
[2026-05-18 21:02:46] [Reviewer] [INFO] ============================================================
[2026-05-18 21:02:46] [Reviewer] [INFO] 正在审查第694章...
[2026-05-18 21:02:52] [Reviewer] [INFO] 第672章审查完成：评分 8.2， verdict: 通过
[2026-05-18 21:02:52] [Reviewer] [INFO] 结果: success
[2026-05-18 21:02:55] [Reviewer] [INFO] 第640章审查完成：评分 7.8， verdict: 通过
[2026-05-18 21:02:55] [Reviewer] [INFO] 结果: success
[2026-05-18 21:02:55] [Reviewer] [INFO] 第684章审查完成：评分 8.4， verdict: 通过
[2026-05-18 21:02:55] [Reviewer] [INFO] 结果: success
[2026-05-18 21:02:55] [Reviewer] [INFO] 第698章审查完成：评分 8.3， verdict: 通过
[2026-05-18 21:02:55] [Reviewer] [INFO] 结果: success
[2026-05-18 21:02:55] [Reviewer] [INFO] 第678章审查完成：评分 7.6， verdict: 需修改
[2026-05-18 21:02:55] [Reviewer] [INFO] 结果: success
[2026-05-18 21:02:57] [Reviewer] [INFO] 第666章审查完成：评分 7.8， verdict: 需修改
[2026-05-18 21:02:57] [Reviewer] [INFO] 结果: success
[2026-05-18 21:02:57] [Reviewer] [INFO] 第668章审查完成：评分 8.0， verdict: 通过
[2026-05-18 21:02:57] [Reviewer] [INFO] 结果: success
[2026-05-18 21:02:58] [Reviewer] [INFO] 第670章审查完成：评分 8.0， verdict: 通过
[2026-05-18 21:02:58] [Reviewer] [INFO] 结果: success
[2026-05-18 21:03:01] [Reviewer] [INFO] 第676章审查完成：评分 7.2， verdict: 需修改
[2026-05-18 21:03:01] [Reviewer] [INFO] 结果: success
[2026-05-18 21:03:02] [Reviewer] [INFO] 第674章审查完成：评分 8.3， verdict: 通过
[2026-05-18 21:03:02] [Reviewer] [INFO] 结果: success
[2026-05-18 21:03:02] [Reviewer] [INFO] 第686章审查完成：评分 7.8， verdict: 需修改
[2026-05-18 21:03:02] [Reviewer] [INFO] 结果: success
[2026-05-18 21:03:02] [Reviewer] [INFO] 第702章审查完成：评分 7.2， verdict: 需修改
[2026-05-18 21:03:02] [Reviewer] [INFO] 结果: success
[2026-05-18 21:03:04] [Reviewer] [INFO] 第700章审查完成：评分 7.3， verdict: 需修改
[2026-05-18 21:03:04] [Reviewer] [INFO] 结果: success
[2026-05-18 21:03:04] [Reviewer] [INFO] 第690章审查完成：评分 8.4， verdict: 通过
[2026-05-18 21:03:04] [Reviewer] [INFO] 结果: success
[2026-05-18 21:03:05] [Reviewer] [INFO] 第696章审查完成：评分 8.2， verdict: 通过
[2026-05-18 21:03:05] [Reviewer] [INFO] 结果: success
[2026-05-18 21:03:05] [Reviewer] [INFO] 第694章审查完成：评分 8.2， verdict: 通过
[2026-05-18 21:03:05] [Reviewer] [INFO] 结果: success
[2026-05-18 21:03:05] [Reviewer] [INFO] 第682章审查完成：评分 7.8， verdict: 需修改
[2026-05-18 21:03:05] [Reviewer] [INFO] 结果: success
[2026-05-18 21:03:07] [Reviewer] [INFO] 第692章审查完成：评分 8.2， verdict: 通过
[2026-05-18 21:03:07] [Reviewer] [INFO] 结果: success
[2026-05-18 21:03:09] [Reviewer] [INFO] 第680章审查完成：评分 8.2， verdict: 通过
[2026-05-18 21:03:09] [Reviewer] [INFO] 结果: success
[2026-05-18 21:03:09] [Reviewer] [INFO] 第688章审查完成：评分 7.6， verdict: 需修改
[2026-05-18 21:03:09] [Reviewer] [INFO] 结果: success
[2026-05-18 21:03:11] [Reviewer] [INFO] ============================================================
[2026-05-18 21:03:11] [Reviewer] [INFO] Reviewer Agent 启动
[2026-05-18 21:03:11] [Reviewer] [INFO] ============================================================
[2026-05-18 21:03:11] [Reviewer] [INFO] ============================================================
[2026-05-18 21:03:11] [Reviewer] [INFO] 正在审查第715章...
[2026-05-18 21:03:11] [Reviewer] [INFO] Reviewer Agent 启动
[2026-05-18 21:03:11] [Reviewer] [INFO] ============================================================
[2026-05-18 21:03:11] [Reviewer] [INFO] Reviewer Agent 启动
[2026-05-18 21:03:11] [Reviewer] [INFO] ============================================================
[2026-05-18 21:03:11] [Reviewer] [INFO] ============================================================
[2026-05-18 21:03:11] [Reviewer] [INFO] ============================================================
[2026-05-18 21:03:11] [Reviewer] [INFO] Reviewer Agent 启动
[2026-05-18 21:03:11] [Reviewer] [INFO] ============================================================
[2026-05-18 21:03:11] [Reviewer] [INFO] ============================================================
[2026-05-18 21:03:11] [Reviewer] [INFO] Reviewer Agent 启动
[2026-05-18 21:03:11] [Reviewer] [INFO] ============================================================
[2026-05-18 21:03:11] [Reviewer] [INFO] 正在审查第707章...
[2026-05-18 21:03:11] [Reviewer] [INFO] ============================================================
[2026-05-18 21:03:11] [Reviewer] [INFO] Reviewer Agent 启动
[2026-05-18 21:03:11] [Reviewer] [INFO] ============================================================
[2026-05-18 21:03:11] [Reviewer] [INFO] 正在审查第705章...
[2026-05-18 21:03:11] [Reviewer] [INFO] ============================================================
[2026-05-18 21:03:11] [Reviewer] [INFO] Reviewer Agent 启动
[2026-05-18 21:03:11] [Reviewer] [INFO] ============================================================
[2026-05-18 21:03:11] [Reviewer] [INFO] ============================================================
[2026-05-18 21:03:11] [Reviewer] [INFO] Reviewer Agent 启动
[2026-05-18 21:03:11] [Reviewer] [INFO] ============================================================
[2026-05-18 21:03:11] [Reviewer] [INFO] 正在审查第709章...
[2026-05-18 21:03:11] [Reviewer] [INFO] 正在审查第711章...
[2026-05-18 21:03:11] [Reviewer] [INFO] 正在审查第703章...
[2026-05-18 21:03:11] [Reviewer] [INFO] ============================================================
[2026-05-18 21:03:11] [Reviewer] [INFO] Reviewer Agent 启动
[2026-05-18 21:03:11] [Reviewer] [INFO] ============================================================
[2026-05-18 21:03:11] [Reviewer] [INFO] ============================================================
[2026-05-18 21:03:11] [Reviewer] [INFO] Reviewer Agent 启动
[2026-05-18 21:03:11] [Reviewer] [INFO] ============================================================
[2026-05-18 21:03:11] [Reviewer] [INFO] 正在审查第713章...
[2026-05-18 21:03:11] [Reviewer] [INFO] 正在审查第721章...
[2026-05-18 21:03:11] [Reviewer] [INFO] 正在审查第723章...
[2026-05-18 21:03:11] [Reviewer] [INFO] 正在审查第717章...
[2026-05-18 21:03:11] [Reviewer] [INFO] ============================================================
[2026-05-18 21:03:11] [Reviewer] [INFO] Reviewer Agent 启动
[2026-05-18 21:03:11] [Reviewer] [INFO] ============================================================
[2026-05-18 21:03:11] [Reviewer] [INFO] ============================================================
[2026-05-18 21:03:11] [Reviewer] [INFO] Reviewer Agent 启动
[2026-05-18 21:03:11] [Reviewer] [INFO] ============================================================
[2026-05-18 21:03:11] [Reviewer] [INFO] ============================================================
[2026-05-18 21:03:11] [Reviewer] [INFO] Reviewer Agent 启动
[2026-05-18 21:03:11] [Reviewer] [INFO] ============================================================
[2026-05-18 21:03:11] [Reviewer] [INFO] 正在审查第725章...
[2026-05-18 21:03:11] [Reviewer] [INFO] ============================================================
[2026-05-18 21:03:11] [Reviewer] [INFO] Reviewer Agent 启动
[2026-05-18 21:03:11] [Reviewer] [INFO] ============================================================
[2026-05-18 21:03:11] [Reviewer] [INFO] ============================================================
[2026-05-18 21:03:11] [Reviewer] [INFO] 正在审查第729章...
[2026-05-18 21:03:11] [Reviewer] [INFO] Reviewer Agent 启动
[2026-05-18 21:03:11] [Reviewer] [INFO] ============================================================
[2026-05-18 21:03:11] [Reviewer] [INFO] 正在审查第719章...
==================================
[2026-05-18 21:03:11] [Reviewer] [INFO] ============================================================
[2026-05-18 21:03:11] [Reviewer] [INFO] Reviewer Agent 启动
[2026-05-18 21:03:11] [Reviewer] [INFO] Reviewer Agent 启动
[2026-05-18 21:03:11] [Reviewer] [INFO] ============================================================
[2026-05-18 21:03:11] [Reviewer] [INFO] 正在审查第733章...
==================================
[2026-05-18 21:03:11] [Reviewer] [INFO] ============================================================
[2026-05-18 21:03:11] [Reviewer] [INFO] Reviewer Agent 启动
[2026-05-18 21:03:11] [Reviewer] [INFO] ============================================================
[2026-05-18 21:03:11] [Reviewer] [INFO] 正在审查第731章...
[2026-05-18 21:03:11] [Reviewer] [INFO] 正在审查第739章...
[2026-05-18 21:03:11] [Reviewer] [INFO] 正在审查第737章...
[2026-05-18 21:03:11] [Reviewer] [INFO] ============================================================
[2026-05-18 21:03:11] [Reviewer] [INFO] Reviewer Agent 启动
[2026-05-18 21:03:11] [Reviewer] [INFO] ============================================================
[2026-05-18 21:03:11] [Reviewer] [INFO] ============================================================
[2026-05-18 21:03:11] [Reviewer] [INFO] Reviewer Agent 启动
[2026-05-18 21:03:11] [Reviewer] [INFO] ============================================================
[2026-05-18 21:03:11] [Reviewer] [INFO] 正在审查第741章...
[2026-05-18 21:03:11] [Reviewer] [INFO] 正在审查第735章...
[2026-05-18 21:03:31] [Reviewer] [INFO] 第703章审查完成：评分 8.2， verdict: 通过
[2026-05-18 21:03:31] [Reviewer] [INFO] 结果: success
[2026-05-18 21:03:31] [Reviewer] [INFO] ============================================================
[2026-05-18 21:03:31] [Reviewer] [INFO] Reviewer Agent 启动
[2026-05-18 21:03:31] [Reviewer] [INFO] ============================================================
[2026-05-18 21:03:31] [Reviewer] [INFO] 正在审查第704章...
[2026-05-18 21:03:31] [Reviewer] [INFO] 第735章审查完成：评分 7.3， verdict: 需修改
[2026-05-18 21:03:31] [Reviewer] [INFO] 结果: success
[2026-05-18 21:03:32] [Reviewer] [INFO] ============================================================
[2026-05-18 21:03:32] [Reviewer] [INFO] Reviewer Agent 启动
[2026-05-18 21:03:32] [Reviewer] [INFO] ============================================================
[2026-05-18 21:03:32] [Reviewer] [INFO] 正在审查第736章...
[2026-05-18 21:03:33] [Reviewer] [INFO] 第715章审查完成：评分 7.8， verdict: 通过
[2026-05-18 21:03:33] [Reviewer] [INFO] 结果: success
[2026-05-18 21:03:33] [Reviewer] [INFO] ============================================================
[2026-05-18 21:03:33] [Reviewer] [INFO] Reviewer Agent 启动
[2026-05-18 21:03:33] [Reviewer] [INFO] ============================================================
[2026-05-18 21:03:33] [Reviewer] [INFO] 正在审查第716章...
[2026-05-18 21:03:33] [Reviewer] [INFO] 第741章审查完成：评分 7.6， verdict: 需修改
[2026-05-18 21:03:33] [Reviewer] [INFO] 结果: success
[2026-05-18 21:03:33] [Reviewer] [INFO] ============================================================
[2026-05-18 21:03:33] [Reviewer] [INFO] Reviewer Agent 启动
[2026-05-18 21:03:33] [Reviewer] [INFO] ============================================================
[2026-05-18 21:03:33] [Reviewer] [INFO] 正在审查第742章...
[2026-05-18 21:03:33] [Reviewer] [INFO] 第725章审查完成：评分 8.6， verdict: 通过
[2026-05-18 21:03:33] [Reviewer] [INFO] 结果: success
[2026-05-18 21:03:33] [Reviewer] [INFO] ============================================================
[2026-05-18 21:03:33] [Reviewer] [INFO] Reviewer Agent 启动
[2026-05-18 21:03:33] [Reviewer] [INFO] ============================================================
[2026-05-18 21:03:33] [Reviewer] [INFO] 正在审查第726章...
[2026-05-18 21:03:34] [Reviewer] [INFO] 第737章审查完成：评分 7.8， verdict: 需修改
[2026-05-18 21:03:34] [Reviewer] [INFO] 结果: success
[2026-05-18 21:03:34] [Reviewer] [INFO] 第705章审查完成：评分 7.8， verdict: 需修改
[2026-05-18 21:03:34] [Reviewer] [INFO] 结果: success
[2026-05-18 21:03:34] [Reviewer] [INFO] ============================================================
[2026-05-18 21:03:34] [Reviewer] [INFO] Reviewer Agent 启动
[2026-05-18 21:03:34] [Reviewer] [INFO] ============================================================
[2026-05-18 21:03:34] [Reviewer] [INFO] 正在审查第738章...
[2026-05-18 21:03:34] [Reviewer] [INFO] ============================================================
[2026-05-18 21:03:34] [Reviewer] [INFO] Reviewer Agent 启动
[2026-05-18 21:03:34] [Reviewer] [INFO] ============================================================
[2026-05-18 21:03:34] [Reviewer] [INFO] 正在审查第706章...
[2026-05-18 21:03:35] [Reviewer] [INFO] 第717章审查完成：评分 8.2， verdict: 通过
[2026-05-18 21:03:35] [Reviewer] [INFO] 结果: success
[2026-05-18 21:03:35] [Reviewer] [INFO] ============================================================
[2026-05-18 21:03:35] [Reviewer] [INFO] Reviewer Agent 启动
[2026-05-18 21:03:35] [Reviewer] [INFO] ============================================================
[2026-05-18 21:03:35] [Reviewer] [INFO] 正在审查第718章...
[2026-05-18 21:03:38] [Reviewer] [INFO] 第723章审查完成：评分 7.5， verdict: 需修改
[2026-05-18 21:03:38] [Reviewer] [INFO] 结果: success
[2026-05-18 21:03:38] [Reviewer] [INFO] ============================================================
[2026-05-18 21:03:38] [Reviewer] [INFO] Reviewer Agent 启动
[2026-05-18 21:03:38] [Reviewer] [INFO] ============================================================
[2026-05-18 21:03:38] [Reviewer] [INFO] 正在审查第724章...
[2026-05-18 21:03:38] [Reviewer] [INFO] 第729章审查完成：评分 7.3， verdict: 需修改
[2026-05-18 21:03:38] [Reviewer] [INFO] 结果: success
[2026-05-18 21:03:38] [Reviewer] [INFO] ============================================================
[2026-05-18 21:03:38] [Reviewer] [INFO] Reviewer Agent 启动
[2026-05-18 21:03:38] [Reviewer] [INFO] ============================================================
[2026-05-18 21:03:38] [Reviewer] [INFO] 正在审查第730章...
[2026-05-18 21:03:39] [Reviewer] [INFO] 第709章审查完成：评分 8.3， verdict: 通过
[2026-05-18 21:03:39] [Reviewer] [INFO] 结果: success
[2026-05-18 21:03:39] [Reviewer] [INFO] 第711章审查完成：评分 8.3， verdict: 通过
[2026-05-18 21:03:39] [Reviewer] [INFO] 结果: success
[2026-05-18 21:03:39] [Reviewer] [INFO] ============================================================
[2026-05-18 21:03:39] [Reviewer] [INFO] Reviewer Agent 启动
[2026-05-18 21:03:39] [Reviewer] [INFO] ============================================================
[2026-05-18 21:03:39] [Reviewer] [INFO] 正在审查第710章...
[2026-05-18 21:03:39] [Reviewer] [INFO] ============================================================
[2026-05-18 21:03:39] [Reviewer] [INFO] Reviewer Agent 启动
[2026-05-18 21:03:39] [Reviewer] [INFO] ============================================================
[2026-05-18 21:03:39] [Reviewer] [INFO] 正在审查第712章...
[2026-05-18 21:03:39] [Reviewer] [INFO] 第713章审查完成：评分 8.2， verdict: 通过
[2026-05-18 21:03:39] [Reviewer] [INFO] 结果: success
[2026-05-18 21:03:39] [Reviewer] [INFO] ============================================================
[2026-05-18 21:03:39] [Reviewer] [INFO] Reviewer Agent 启动
[2026-05-18 21:03:39] [Reviewer] [INFO] ============================================================
[2026-05-18 21:03:39] [Reviewer] [INFO] 正在审查第714章...
[2026-05-18 21:03:39] [Reviewer] [INFO] 第733章审查完成：评分 7.8， verdict: 需修改
[2026-05-18 21:03:39] [Reviewer] [INFO] 结果: success
[2026-05-18 21:03:39] [Reviewer] [INFO] ============================================================
[2026-05-18 21:03:39] [Reviewer] [INFO] Reviewer Agent 启动
[2026-05-18 21:03:39] [Reviewer] [INFO] ============================================================
[2026-05-18 21:03:39] [Reviewer] [INFO] 第731章审查完成：评分 8.0， verdict: 通过
[2026-05-18 21:03:39] [Reviewer] [INFO] 结果: success
[2026-05-18 21:03:39] [Reviewer] [INFO] 正在审查第734章...
[2026-05-18 21:03:40] [Reviewer] [INFO] 第707章审查完成：评分 7.6， verdict: 需修改
[2026-05-18 21:03:40] [Reviewer] [INFO] 结果: success
[2026-05-18 21:03:40] [Reviewer] [INFO] ============================================================
[2026-05-18 21:03:40] [Reviewer] [INFO] Reviewer Agent 启动
[2026-05-18 21:03:40] [Reviewer] [INFO] ============================================================
[2026-05-18 21:03:40] [Reviewer] [INFO] 正在审查第732章...
[2026-05-18 21:03:40] [Reviewer] [INFO] ============================================================
[2026-05-18 21:03:40] [Reviewer] [INFO] Reviewer Agent 启动
[2026-05-18 21:03:40] [Reviewer] [INFO] ============================================================
[2026-05-18 21:03:40] [Reviewer] [INFO] 正在审查第708章...
[2026-05-18 21:03:40] [Reviewer] [INFO] 第721章审查完成：评分 8.0， verdict: 通过
[2026-05-18 21:03:40] [Reviewer] [INFO] 结果: success
[2026-05-18 21:03:40] [Reviewer] [INFO] ============================================================
[2026-05-18 21:03:40] [Reviewer] [INFO] Reviewer Agent 启动
[2026-05-18 21:03:40] [Reviewer] [INFO] ============================================================
[2026-05-18 21:03:40] [Reviewer] [INFO] 正在审查第722章...
[2026-05-18 21:03:42] [Reviewer] [INFO] 第727章审查完成：评分 7.8， verdict: 通过
[2026-05-18 21:03:42] [Reviewer] [INFO] 结果: success
[2026-05-18 21:03:42] [Reviewer] [INFO] ============================================================
[2026-05-18 21:03:42] [Reviewer] [INFO] Reviewer Agent 启动
[2026-05-18 21:03:42] [Reviewer] [INFO] ============================================================
[2026-05-18 21:03:42] [Reviewer] [INFO] 正在审查第728章...
[2026-05-18 21:03:45] [Reviewer] [INFO] 第739章审查完成：评分 7.6， verdict: 需修改
[2026-05-18 21:03:45] [Reviewer] [INFO] 结果: success
[2026-05-18 21:03:45] [Reviewer] [INFO] ============================================================
[2026-05-18 21:03:45] [Reviewer] [INFO] Reviewer Agent 启动
[2026-05-18 21:03:45] [Reviewer] [INFO] ============================================================
[2026-05-18 21:03:45] [Reviewer] [INFO] 正在审查第740章...
[2026-05-18 21:03:51] [Reviewer] [INFO] 第736章审查完成：评分 7.6， verdict: 需修改
[2026-05-18 21:03:51] [Reviewer] [INFO] 结果: success
[2026-05-18 21:03:54] [Reviewer] [INFO] 第704章审查完成：评分 8.2， verdict: 通过
[2026-05-18 21:03:54] [Reviewer] [INFO] 结果: success
[2026-05-18 21:03:57] [Reviewer] [INFO] 第724章审查完成：评分 8.4， verdict: 通过
[2026-05-18 21:03:57] [Reviewer] [INFO] 结果: success
[2026-05-18 21:03:57] [Reviewer] [INFO] 第718章审查完成：评分 7.8， verdict: 通过
[2026-05-18 21:03:57] [Reviewer] [INFO] 结果: success
[2026-05-18 21:03:58] [Reviewer] [INFO] 第732章审查完成：评分 8.0， verdict: 通过
[2026-05-18 21:03:58] [Reviewer] [INFO] 结果: success
[2026-05-18 21:03:58] [Reviewer] [INFO] 第706章审查完成：评分 8.2， verdict: 通过
[2026-05-18 21:03:58] [Reviewer] [INFO] 结果: success
[2026-05-18 21:03:58] [Reviewer] [INFO] 第722章审查完成：评分 7.4， verdict: 通过
[2026-05-18 21:03:58] [Reviewer] [INFO] 结果: success
[2026-05-18 21:03:59] [Reviewer] [INFO] 第734章审查完成：评分 8.0， verdict: 通过
[2026-05-18 21:03:59] [Reviewer] [INFO] 结果: success
[2026-05-18 21:04:00] [Reviewer] [INFO] 第716章审查完成：评分 8.2， verdict: 通过
[2026-05-18 21:04:00] [Reviewer] [INFO] 结果: success
[2026-05-18 21:04:00] [Reviewer] [INFO] 第719章审查完成：评分 8.2， verdict: 通过
[2026-05-18 21:04:00] [Reviewer] [INFO] 结果: success
[2026-05-18 21:04:00] [Reviewer] [INFO] ============================================================
[2026-05-18 21:04:00] [Reviewer] [INFO] Reviewer Agent 启动
[2026-05-18 21:04:00] [Reviewer] [INFO] ============================================================
[2026-05-18 21:04:00] [Reviewer] [INFO] 正在审查第720章...
[2026-05-18 21:04:02] [Reviewer] [INFO] 第742章审查完成：评分 8.3， verdict: 通过
[2026-05-18 21:04:02] [Reviewer] [INFO] 结果: success
[2026-05-18 21:04:03] [Reviewer] [INFO] 第710章审查完成：评分 8.5， verdict: 通过
[2026-05-18 21:04:03] [Reviewer] [INFO] 结果: success
[2026-05-18 21:04:03] [Reviewer] [INFO] 第728章审查完成：评分 8.5， verdict: 通过
[2026-05-18 21:04:03] [Reviewer] [INFO] 结果: success
[2026-05-18 21:04:03] [Reviewer] [INFO] 第726章审查完成：评分 8.5， verdict: 通过
[2026-05-18 21:04:03] [Reviewer] [INFO] 结果: success
[2026-05-18 21:04:05] [Reviewer] [INFO] 第712章审查完成：评分 8.7， verdict: 通过
[2026-05-18 21:04:05] [Reviewer] [INFO] 结果: success
[2026-05-18 21:04:06] [Reviewer] [INFO] 第708章审查完成：评分 7.5， verdict: 需修改
[2026-05-18 21:04:06] [Reviewer] [INFO] 结果: success
[2026-05-18 21:04:07] [Reviewer] [INFO] 第714章审查完成：评分 8.3， verdict: 通过
[2026-05-18 21:04:07] [Reviewer] [INFO] 结果: success
[2026-05-18 21:04:07] [Reviewer] [INFO] 第730章审查完成：评分 5.5， verdict: 需修改
[2026-05-18 21:04:07] [Reviewer] [INFO] 结果: success
[2026-05-18 21:04:18] [Reviewer] [INFO] 第740章审查完成：评分 7.6， verdict: 需修改
[2026-05-18 21:04:18] [Reviewer] [INFO] 结果: success
[2026-05-18 21:04:34] [Reviewer] [INFO] 第720章审查完成：评分 7.6， verdict: 需修改
[2026-05-18 21:04:34] [Reviewer] [INFO] 结果: success
[2026-05-18 21:05:05] [Reviewer] [INFO] 第738章审查完成：评分 7.8， verdict: 需修改
[2026-05-18 21:05:05] [Reviewer] [INFO] 结果: success
[2026-05-18 21:05:06] [Reviewer] [INFO] ============================================================
[2026-05-18 21:05:06] [Reviewer] [INFO] Reviewer Agent 启动
[2026-05-18 21:05:06] [Reviewer] [INFO] ============================================================
[2026-05-18 21:05:06] [Reviewer] [INFO] 正在审查第743章...
[2026-05-18 21:05:06] [Reviewer] [INFO] ============================================================
[2026-05-18 21:05:06] [Reviewer] [INFO] Reviewer Agent 启动
[2026-05-18 21:05:06] [Reviewer] [INFO] ============================================================
[2026-05-18 21:05:06] [Reviewer] [INFO] 正在审查第751章...
[2026-05-18 21:05:06] [Reviewer] [INFO] ============================================================
[2026-05-18 21:05:06] [Reviewer] [INFO] Reviewer Agent 启动
[2026-05-18 21:05:06] [Reviewer] [INFO] ============================================================
[2026-05-18 21:05:06] [Reviewer] [INFO] ============================================================
[2026-05-18 21:05:06] [Reviewer] [INFO] Reviewer Agent 启动
[2026-05-18 21:05:06] [Reviewer] [INFO] ============================================================
[2026-05-18 21:05:06] [Reviewer] [INFO] 正在审查第747章...
[2026-05-18 21:05:06] [Reviewer] [INFO] ============================================================
[2026-05-18 21:05:06] [Reviewer] [INFO] Reviewer Agent 启动
[2026-05-18 21:05:06] [Reviewer] [INFO] ============================================================
[2026-05-18 21:05:06] [Reviewer] [INFO] 正在审查第749章...
[2026-05-18 21:05:06] [Reviewer] [INFO] 正在审查第745章...
==================================
[2026-05-18 21:05:06] [Reviewer] [INFO] Reviewer Agent 启动
[2026-05-18 21:05:06] [Reviewer] [INFO] ============================================================
[2026-05-18 21:05:06] [Reviewer] [INFO] 正在审查第761章...
[2026-05-18 21:05:06] [Reviewer] [INFO] ============================================================
[2026-05-18 21:05:06] [Reviewer] [INFO] Reviewer Agent 启动
[2026-05-18 21:05:06] [Reviewer] [INFO] ============================================================
[2026-05-18 21:05:06] [Reviewer] [INFO] 正在审查第753章...
[2026-05-18 21:05:06] [Reviewer] [INFO] ============================================================
[2026-05-18 21:05:06] [Reviewer] [INFO] Reviewer Agent 启动
[2026-05-18 21:05:06] [Reviewer] [INFO] ============================================================
[2026-05-18 21:05:06] [Reviewer] [INFO] ============================================================
[2026-05-18 21:05:06] [Reviewer] [INFO] ============================================================
[2026-05-18 21:05:06] [Reviewer] [INFO] Reviewer Agent 启动
[2026-05-18 21:05:06] [Reviewer] [INFO] ============================================================
[2026-05-18 21:05:06] [Reviewer] [INFO] ============================================================
[2026-05-18 21:05:06] [Reviewer] [INFO] ============================================================
[2026-05-18 21:05:06] [Reviewer] [INFO] Reviewer Agent 启动
[2026-05-18 21:05:06] [Reviewer] [INFO] ============================================================
[2026-05-18 21:05:06] [Reviewer] [INFO] ============================================================
[2026-05-18 21:05:06] [Reviewer] [INFO] Reviewer Agent 启动
[2026-05-18 21:05:06] [Reviewer] [INFO] ============================================================
[2026-05-18 21:05:06] [Reviewer] [INFO] 正在审查第755章...
[2026-05-18 21:05:06] [Reviewer] [INFO] 正在审查第763章...
[2026-05-18 21:05:06] [Reviewer] [INFO] 正在审查第757章...
[2026-05-18 21:05:06] [Reviewer] [INFO] ============================================================
[2026-05-18 21:05:06] [Reviewer] [INFO] Reviewer Agent 启动
[2026-05-18 21:05:06] [Reviewer] [INFO] ============================================================
[2026-05-18 21:05:06] [Reviewer] [INFO] 正在审查第765章...
[2026-05-18 21:05:06] [Reviewer] [INFO] ============================================================
[2026-05-18 21:05:06] [Reviewer] [INFO] Reviewer Agent 启动
[2026-05-18 21:05:06] [Reviewer] [INFO] ============================================================
[2026-05-18 21:05:06] [Reviewer] [INFO] 正在审查第759章...
[2026-05-18 21:05:06] [Reviewer] [INFO] 正在审查第771章...
[2026-05-18 21:05:06] [Reviewer] [INFO] 正在审查第767章...
[2026-05-18 21:05:06] [Reviewer] [INFO] ============================================================
[2026-05-18 21:05:06] [Reviewer] [INFO] Reviewer Agent 启动
[2026-05-18 21:05:06] [Reviewer] [INFO] ============================================================
[2026-05-18 21:05:06] [Reviewer] [INFO] ============================================================
[2026-05-18 21:05:06] [Reviewer] [INFO] Reviewer Agent 启动
[2026-05-18 21:05:06] [Reviewer] [INFO] ============================================================
[2026-05-18 21:05:06] [Reviewer] [INFO] 正在审查第775章...
[2026-05-18 21:05:06] [Reviewer] [INFO] 正在审查第769章...
[2026-05-18 21:05:06] [Reviewer] [INFO] ============================================================
[2026-05-18 21:05:06] [Reviewer] [INFO] Reviewer Agent 启动
[2026-05-18 21:05:06] [Reviewer] [INFO] ============================================================
[2026-05-18 21:05:06] [Reviewer] [INFO] ============================================================
[2026-05-18 21:05:06] [Reviewer] [INFO] Reviewer Agent 启动
[2026-05-18 21:05:06] [Reviewer] [INFO] ============================================================
[2026-05-18 21:05:06] [Reviewer] [INFO] 正在审查第777章...
[2026-05-18 21:05:06] [Reviewer] [INFO] 正在审查第779章...
[2026-05-18 21:05:07] [Reviewer] [INFO] ============================================================
[2026-05-18 21:05:07] [Reviewer] [INFO] Reviewer Agent 启动
[2026-05-18 21:05:07] [Reviewer] [INFO] ============================================================
[2026-05-18 21:05:07] [Reviewer] [INFO] ============================================================
[2026-05-18 21:05:07] [Reviewer] [INFO] Reviewer Agent 启动
[2026-05-18 21:05:07] [Reviewer] [INFO] ============================================================
[2026-05-18 21:05:07] [Reviewer] [INFO] 正在审查第773章...
[2026-05-18 21:05:07] [Reviewer] [INFO] 正在审查第781章...
[2026-05-18 21:05:26] [Reviewer] [INFO] 第751章审查完成：评分 7.5， verdict: 需修改
[2026-05-18 21:05:26] [Reviewer] [INFO] 结果: success
[2026-05-18 21:05:26] [Reviewer] [INFO] ============================================================
[2026-05-18 21:05:26] [Reviewer] [INFO] Reviewer Agent 启动
[2026-05-18 21:05:26] [Reviewer] [INFO] ============================================================
[2026-05-18 21:05:26] [Reviewer] [INFO] 正在审查第752章...
[2026-05-18 21:05:28] [Reviewer] [INFO] 第779章审查完成：评分 8.4， verdict: 通过
[2026-05-18 21:05:28] [Reviewer] [INFO] 结果: success
[2026-05-18 21:05:28] [Reviewer] [INFO] ============================================================
[2026-05-18 21:05:28] [Reviewer] [INFO] Reviewer Agent 启动
[2026-05-18 21:05:28] [Reviewer] [INFO] ============================================================
[2026-05-18 21:05:28] [Reviewer] [INFO] 正在审查第780章...
[2026-05-18 21:05:29] [Reviewer] [INFO] 第757章审查完成：评分 7.7， verdict: 通过
[2026-05-18 21:05:29] [Reviewer] [INFO] 结果: success
[2026-05-18 21:05:29] [Reviewer] [INFO] ============================================================
[2026-05-18 21:05:29] [Reviewer] [INFO] Reviewer Agent 启动
[2026-05-18 21:05:29] [Reviewer] [INFO] ============================================================
[2026-05-18 21:05:29] [Reviewer] [INFO] 正在审查第758章...
[2026-05-18 21:05:29] [Reviewer] [INFO] 第747章审查完成：评分 8.2， verdict: 通过
[2026-05-18 21:05:29] [Reviewer] [INFO] 结果: success
[2026-05-18 21:05:29] [Reviewer] [INFO] ============================================================
[2026-05-18 21:05:29] [Reviewer] [INFO] Reviewer Agent 启动
[2026-05-18 21:05:29] [Reviewer] [INFO] ============================================================
[2026-05-18 21:05:29] [Reviewer] [INFO] 正在审查第748章...
[2026-05-18 21:05:30] [Reviewer] [INFO] 第759章审查完成：评分 8.2， verdict: 通过
[2026-05-18 21:05:30] [Reviewer] [INFO] 结果: success
[2026-05-18 21:05:30] [Reviewer] [INFO] ============================================================
[2026-05-18 21:05:30] [Reviewer] [INFO] Reviewer Agent 启动
[2026-05-18 21:05:30] [Reviewer] [INFO] ============================================================
[2026-05-18 21:05:30] [Reviewer] [INFO] 正在审查第760章...
[2026-05-18 21:05:30] [Reviewer] [INFO] 第781章审查完成：评分 7.8， verdict: 需修改
[2026-05-18 21:05:30] [Reviewer] [INFO] 结果: success
[2026-05-18 21:05:30] [Reviewer] [INFO] ============================================================
[2026-05-18 21:05:30] [Reviewer] [INFO] Reviewer Agent 启动
[2026-05-18 21:05:30] [Reviewer] [INFO] ============================================================
[2026-05-18 21:05:30] [Reviewer] [INFO] 正在审查第782章...
[2026-05-18 21:05:31] [Reviewer] [INFO] 第749章审查完成：评分 7.3， verdict: 需修改
[2026-05-18 21:05:31] [Reviewer] [INFO] 结果: success
[2026-05-18 21:05:31] [Reviewer] [INFO] 第761章审查完成：评分 8.2， verdict: 通过
[2026-05-18 21:05:31] [Reviewer] [INFO] 结果: success
[2026-05-18 21:05:31] [Reviewer] [INFO] ============================================================
[2026-05-18 21:05:31] [Reviewer] [INFO] Reviewer Agent 启动
[2026-05-18 21:05:31] [Reviewer] [INFO] ============================================================
[2026-05-18 21:05:31] [Reviewer] [INFO] 正在审查第750章...
[2026-05-18 21:05:31] [Reviewer] [INFO] ============================================================
[2026-05-18 21:05:31] [Reviewer] [INFO] Reviewer Agent 启动
[2026-05-18 21:05:31] [Reviewer] [INFO] ============================================================
[2026-05-18 21:05:31] [Reviewer] [INFO] 正在审查第762章...
[2026-05-18 21:05:31] [Reviewer] [INFO] 第745章审查完成：评分 7.8， verdict: 需修改
[2026-05-18 21:05:31] [Reviewer] [INFO] 结果: success
[2026-05-18 21:05:32] [Reviewer] [INFO] ============================================================
[2026-05-18 21:05:32] [Reviewer] [INFO] Reviewer Agent 启动
[2026-05-18 21:05:32] [Reviewer] [INFO] ============================================================
[2026-05-18 21:05:32] [Reviewer] [INFO] 正在审查第746章...
[2026-05-18 21:05:33] [Reviewer] [INFO] 第763章审查完成：评分 8.3， verdict: 通过
[2026-05-18 21:05:33] [Reviewer] [INFO] 结果: success
[2026-05-18 21:05:33] [Reviewer] [INFO] ============================================================
[2026-05-18 21:05:33] [Reviewer] [INFO] Reviewer Agent 启动
[2026-05-18 21:05:33] [Reviewer] [INFO] ============================================================
[2026-05-18 21:05:33] [Reviewer] [INFO] 正在审查第764章...
[2026-05-18 21:05:34] [Reviewer] [INFO] 第775章审查完成：评分 7.8， verdict: 需修改
[2026-05-18 21:05:34] [Reviewer] [INFO] 结果: success
[2026-05-18 21:05:34] [Reviewer] [INFO] 第769章审查完成：评分 8.3， verdict: 通过
[2026-05-18 21:05:34] [Reviewer] [INFO] ============================================================
[2026-05-18 21:05:34] [Reviewer] [INFO] 结果: success
[2026-05-18 21:05:34] [Reviewer] [INFO] Reviewer Agent 启动
[2026-05-18 21:05:34] [Reviewer] [INFO] ============================================================
[2026-05-18 21:05:34] [Reviewer] [INFO] 正在审查第776章...
[2026-05-18 21:05:34] [Reviewer] [INFO] ============================================================
[2026-05-18 21:05:34] [Reviewer] [INFO] Reviewer Agent 启动
[2026-05-18 21:05:34] [Reviewer] [INFO] ============================================================
[2026-05-18 21:05:34] [Reviewer] [INFO] 正在审查第770章...
[2026-05-18 21:05:34] [Reviewer] [INFO] 第773章审查完成：评分 7.2， verdict: 需修改
[2026-05-18 21:05:34] [Reviewer] [INFO] 结果: success
[2026-05-18 21:05:35] [Reviewer] [INFO] ============================================================
[2026-05-18 21:05:35] [Reviewer] [INFO] Reviewer Agent 启动
[2026-05-18 21:05:35] [Reviewer] [INFO] ============================================================
[2026-05-18 21:05:35] [Reviewer] [INFO] 正在审查第774章...
[2026-05-18 21:05:35] [Reviewer] [INFO] 第777章审查完成：评分 8.4， verdict: 通过
[2026-05-18 21:05:35] [Reviewer] [INFO] 结果: success
[2026-05-18 21:05:35] [Reviewer] [INFO] ============================================================
[2026-05-18 21:05:35] [Reviewer] [INFO] Reviewer Agent 启动
[2026-05-18 21:05:35] [Reviewer] [INFO] ============================================================
[2026-05-18 21:05:35] [Reviewer] [INFO] 正在审查第778章...
[2026-05-18 21:05:35] [Reviewer] [INFO] 第755章审查完成：评分 8.8， verdict: 通过
[2026-05-18 21:05:35] [Reviewer] [INFO] 结果: success
[2026-05-18 21:05:35] [Reviewer] [INFO] ============================================================
[2026-05-18 21:05:35] [Reviewer] [INFO] Reviewer Agent 启动
[2026-05-18 21:05:35] [Reviewer] [INFO] ============================================================
[2026-05-18 21:05:35] [Reviewer] [INFO] 正在审查第756章...
[2026-05-18 21:05:35] [Reviewer] [INFO] 第765章审查完成：评分 8.0， verdict: 需修改
[2026-05-18 21:05:35] [Reviewer] [INFO] 结果: success
[2026-05-18 21:05:36] [Reviewer] [INFO] ============================================================
[2026-05-18 21:05:36] [Reviewer] [INFO] Reviewer Agent 启动
[2026-05-18 21:05:36] [Reviewer] [INFO] ============================================================
[2026-05-18 21:05:36] [Reviewer] [INFO] 正在审查第766章...
[2026-05-18 21:05:36] [Reviewer] [INFO] 第771章审查完成：评分 7.8， verdict: 通过
[2026-05-18 21:05:36] [Reviewer] [INFO] 结果: success
[2026-05-18 21:05:36] [Reviewer] [INFO] ============================================================
[2026-05-18 21:05:36] [Reviewer] [INFO] Reviewer Agent 启动
[2026-05-18 21:05:36] [Reviewer] [INFO] ============================================================
[2026-05-18 21:05:36] [Reviewer] [INFO] 正在审查第772章...
[2026-05-18 21:05:36] [Reviewer] [INFO] 第767章审查完成：评分 7.8， verdict: 需修改
[2026-05-18 21:05:36] [Reviewer] [INFO] 结果: success
[2026-05-18 21:05:36] [Reviewer] [INFO] ============================================================
[2026-05-18 21:05:36] [Reviewer] [INFO] Reviewer Agent 启动
[2026-05-18 21:05:36] [Reviewer] [INFO] ============================================================
[2026-05-18 21:05:36] [Reviewer] [INFO] 正在审查第768章...
[2026-05-18 21:05:38] [Reviewer] [INFO] 第753章审查完成：评分 8.3， verdict: 通过
[2026-05-18 21:05:38] [Reviewer] [INFO] 结果: success
[2026-05-18 21:05:38] [Reviewer] [INFO] ============================================================
[2026-05-18 21:05:38] [Reviewer] [INFO] Reviewer Agent 启动
[2026-05-18 21:05:38] [Reviewer] [INFO] ============================================================
[2026-05-18 21:05:38] [Reviewer] [INFO] 正在审查第754章...
[2026-05-18 21:05:40] [Reviewer] [INFO] 第743章审查完成：评分 8.6， verdict: 通过
[2026-05-18 21:05:40] [Reviewer] [INFO] 结果: success
[2026-05-18 21:05:40] [Reviewer] [INFO] ============================================================
[2026-05-18 21:05:40] [Reviewer] [INFO] Reviewer Agent 启动
[2026-05-18 21:05:40] [Reviewer] [INFO] ============================================================
[2026-05-18 21:05:40] [Reviewer] [INFO] 正在审查第744章...
[2026-05-18 21:05:47] [Reviewer] [INFO] 第780章审查完成：评分 8.7， verdict: 通过
[2026-05-18 21:05:47] [Reviewer] [INFO] 结果: success
[2026-05-18 21:05:49] [Reviewer] [INFO] 第760章审查完成：评分 7.6， verdict: 需修改
[2026-05-18 21:05:49] [Reviewer] [INFO] 结果: success
[2026-05-18 21:05:51] [Reviewer] [INFO] 第758章审查完成：评分 8.0， verdict: 通过
[2026-05-18 21:05:51] [Reviewer] [INFO] 结果: success
[2026-05-18 21:05:52] [Reviewer] [INFO] 第752章审查完成：评分 7.5， verdict: 通过
[2026-05-18 21:05:52] [Reviewer] [INFO] 结果: success
[2026-05-18 21:05:54] [Reviewer] [INFO] 第746章审查完成：评分 7.2， verdict: 需修改
[2026-05-18 21:05:54] [Reviewer] [INFO] 结果: success
[2026-05-18 21:05:54] [Reviewer] [INFO] 第774章审查完成：评分 8.0， verdict: 通过
[2026-05-18 21:05:54] [Reviewer] [INFO] 结果: success
[2026-05-18 21:05:55] [Reviewer] [INFO] 第748章审查完成：评分 7.6， verdict: 需修改
[2026-05-18 21:05:55] [Reviewer] [INFO] 结果: success
[2026-05-18 21:05:55] [Reviewer] [INFO] 第782章审查完成：评分 8.2， verdict: 通过
[2026-05-18 21:05:55] [Reviewer] [INFO] 结果: success
[2026-05-18 21:05:55] [Reviewer] [INFO] 第768章审查完成：评分 8.2， verdict: 通过
[2026-05-18 21:05:55] [Reviewer] [INFO] 结果: success
[2026-05-18 21:05:57] [Reviewer] [INFO] 第770章审查完成：评分 7.5， verdict: 通过
[2026-05-18 21:05:57] [Reviewer] [INFO] 结果: success
[2026-05-18 21:05:58] [Reviewer] [INFO] 第750章审查完成：评分 8.0， verdict: 通过
[2026-05-18 21:05:58] [Reviewer] [INFO] 结果: success
[2026-05-18 21:05:58] [Reviewer] [INFO] 第756章审查完成：评分 8.2， verdict: 通过
[2026-05-18 21:05:58] [Reviewer] [INFO] 结果: success
[2026-05-18 21:05:59] [Reviewer] [INFO] 第776章审查完成：评分 7.8， verdict: 通过
[2026-05-18 21:05:59] [Reviewer] [INFO] 结果: success
[2026-05-18 21:06:00] [Reviewer] [INFO] 第778章审查完成：评分 8.2， verdict: 通过
[2026-05-18 21:06:00] [Reviewer] [INFO] 结果: success
[2026-05-18 21:06:00] [Reviewer] [INFO] 第764章审查完成：评分 8.4， verdict: 通过
[2026-05-18 21:06:00] [Reviewer] [INFO] 结果: success
[2026-05-18 21:06:01] [Reviewer] [INFO] 第766章审查完成：评分 8.4， verdict: 通过
[2026-05-18 21:06:01] [Reviewer] [INFO] 结果: success
[2026-05-18 21:06:01] [Reviewer] [INFO] 第772章审查完成：评分 7.2， verdict: 需修改
[2026-05-18 21:06:01] [Reviewer] [INFO] 结果: success
[2026-05-18 21:06:02] [Reviewer] [INFO] 第744章审查完成：评分 7.8， verdict: 通过
[2026-05-18 21:06:02] [Reviewer] [INFO] 结果: success
[2026-05-18 21:06:04] [Reviewer] [INFO] 第762章审查完成：评分 8.4， verdict: 通过
[2026-05-18 21:06:04] [Reviewer] [INFO] 结果: success
[2026-05-18 21:06:11] [Reviewer] [INFO] 第754章审查完成：评分 8.3， verdict: 通过
[2026-05-18 21:06:11] [Reviewer] [INFO] 结果: success
[2026-05-18 21:06:12] [Reviewer] [INFO] ============================================================
[2026-05-18 21:06:12] [Reviewer] [INFO] Reviewer Agent 启动
[2026-05-18 21:06:12] [Reviewer] [INFO] ============================================================
[2026-05-18 21:06:12] [Reviewer] [INFO] ============================================================
[2026-05-18 21:06:12] [Reviewer] [INFO] Reviewer Agent 启动
[2026-05-18 21:06:12] [Reviewer] [INFO] ============================================================
[2026-05-18 21:06:12] [Reviewer] [INFO] ============================================================
[2026-05-18 21:06:12] [Reviewer] [INFO] Reviewer Agent 启动
[2026-05-18 21:06:12] [Reviewer] [INFO] ============================================================
[2026-05-18 21:06:12] [Reviewer] [INFO] 正在审查第783章...
[2026-05-18 21:06:12] [Reviewer] [INFO] 正在审查第785章...
[2026-05-18 21:06:12] [Reviewer] [INFO] 正在审查第787章...
[2026-05-18 21:06:12] [Reviewer] [INFO] ============================================================
[2026-05-18 21:06:12] [Reviewer] [INFO] Reviewer Agent 启动
[2026-05-18 21:06:12] [Reviewer] [INFO] ============================================================
[2026-05-18 21:06:12] [Reviewer] [INFO] ============================================================
[2026-05-18 21:06:12] [Reviewer] [INFO] Reviewer Agent 启动
[2026-05-18 21:06:12] [Reviewer] [INFO] ============================================================
[2026-05-18 21:06:12] [Reviewer] [INFO] ============================================================
[2026-05-18 21:06:12] [Reviewer] [INFO] Reviewer Agent 启动
[2026-05-18 21:06:12] [Reviewer] [INFO] ============================================================
[2026-05-18 21:06:12] [Reviewer] [INFO] ============================================================
[2026-05-18 21:06:12] [Reviewer] [INFO] Reviewer Agent 启动
[2026-05-18 21:06:12] [Reviewer] [INFO] ============================================================
[2026-05-18 21:06:12] [Reviewer] [INFO] 正在审查第795章...
[2026-05-18 21:06:12] [Reviewer] [INFO] ============================================================
[2026-05-18 21:06:12] [Reviewer] [INFO] Reviewer Agent 启动
[2026-05-18 21:06:12] [Reviewer] [INFO] ============================================================
[2026-05-18 21:06:12] [Reviewer] [INFO] 正在审查第793章...
[2026-05-18 21:06:12] [Reviewer] [INFO] 正在审查第791章...
[2026-05-18 21:06:12] [Reviewer] [INFO] 正在审查第789章...
[2026-05-18 21:06:12] [Reviewer] [INFO] 正在审查第797章...
[2026-05-18 21:06:12] [Reviewer] [INFO] ============================================================
[2026-05-18 21:06:12] [Reviewer] [INFO] Reviewer Agent 启动
[2026-05-18 21:06:12] [Reviewer] [INFO] ============================================================
[2026-05-18 21:06:12] [Reviewer] [INFO] 正在审查第799章...
[2026-05-18 21:06:12] [Reviewer] [INFO] ============================================================
[2026-05-18 21:06:12] [Reviewer] [INFO] Reviewer Agent 启动
[2026-05-18 21:06:12] [Reviewer] [INFO] ============================================================
[2026-05-18 21:06:12] [Reviewer] [INFO] ============================================================
[2026-05-18 21:06:12] [Reviewer] [INFO] Reviewer Agent 启动
[2026-05-18 21:06:12] [Reviewer] [INFO] ============================================================
[2026-05-18 21:06:12] [Reviewer] [INFO] ============================================================
[2026-05-18 21:06:12] [Reviewer] [INFO] Reviewer Agent 启动
[2026-05-18 21:06:12] [Reviewer] [INFO] ============================================================
[2026-05-18 21:06:12] [Reviewer] [INFO] ============================================================
[2026-05-18 21:06:12] [Reviewer] [INFO] Reviewer Agent 启动
[2026-05-18 21:06:12] [Reviewer] [INFO] ============================================================
[2026-05-18 21:06:12] [Reviewer] [INFO] ============================================================
[2026-05-18 21:06:12] [Reviewer] [INFO] Reviewer Agent 启动
[2026-05-18 21:06:12] [Reviewer] [INFO] ============================================================
[2026-05-18 21:06:12] [Reviewer] [INFO] ============================================================
[2026-05-18 21:06:12] [Reviewer] [INFO] Reviewer Agent 启动
[2026-05-18 21:06:12] [Reviewer] [INFO] ============================================================
[2026-05-18 21:06:12] [Reviewer] [INFO] 正在审查第805章...
[2026-05-18 21:06:12] [Reviewer] [INFO] 正在审查第809章...
[2026-05-18 21:06:12] [Reviewer] [INFO] 正在审查第807章...
[2026-05-18 21:06:12] [Reviewer] [INFO] 正在审查第803章...
[2026-05-18 21:06:12] [Reviewer] [INFO] 正在审查第811章...
[2026-05-18 21:06:12] [Reviewer] [INFO] 正在审查第801章...
[2026-05-18 21:06:12] [Reviewer] [INFO] ============================================================
[2026-05-18 21:06:12] [Reviewer] [INFO] Reviewer Agent 启动
[2026-05-18 21:06:12] [Reviewer] [INFO] ============================================================
[2026-05-18 21:06:12] [Reviewer] [INFO] ============================================================
[2026-05-18 21:06:12] [Reviewer] [INFO] Reviewer Agent 启动
[2026-05-18 21:06:12] [Reviewer] [INFO] ============================================================
[2026-05-18 21:06:12] [Reviewer] [INFO] 正在审查第813章...
[2026-05-18 21:06:13] [Reviewer] [INFO] 正在审查第819章...
[2026-05-18 21:06:13] [Reviewer] [INFO] ============================================================
[2026-05-18 21:06:13] [Reviewer] [INFO] Reviewer Agent 启动
[2026-05-18 21:06:13] [Reviewer] [INFO] ============================================================
[2026-05-18 21:06:13] [Reviewer] [INFO] ============================================================
[2026-05-18 21:06:13] [Reviewer] [INFO] Reviewer Agent 启动
[2026-05-18 21:06:13] [Reviewer] [INFO] ============================================================
[2026-05-18 21:06:13] [Reviewer] [INFO] 正在审查第815章...
[2026-05-18 21:06:13] [Reviewer] [INFO] ============================================================
[2026-05-18 21:06:13] [Reviewer] [INFO] Reviewer Agent 启动
[2026-05-18 21:06:13] [Reviewer] [INFO] ============================================================
[2026-05-18 21:06:13] [Reviewer] [INFO] 正在审查第821章...
[2026-05-18 21:06:13] [Reviewer] [INFO] 正在审查第817章...
[2026-05-18 21:06:32] [Reviewer] [INFO] 第783章审查完成：评分 7.6， verdict: 需修改
[2026-05-18 21:06:32] [Reviewer] [INFO] 结果: success
[2026-05-18 21:06:32] [Reviewer] [INFO] ============================================================
[2026-05-18 21:06:32] [Reviewer] [INFO] Reviewer Agent 启动
[2026-05-18 21:06:32] [Reviewer] [INFO] ============================================================
[2026-05-18 21:06:32] [Reviewer] [INFO] 正在审查第784章...
[2026-05-18 21:06:32] [Reviewer] [INFO] 第813章审查完成：评分 7.8， verdict: 需修改
[2026-05-18 21:06:32] [Reviewer] [INFO] 结果: success
[2026-05-18 21:06:32] [Reviewer] [INFO] ============================================================
[2026-05-18 21:06:32] [Reviewer] [INFO] Reviewer Agent 启动
[2026-05-18 21:06:32] [Reviewer] [INFO] ============================================================
[2026-05-18 21:06:32] [Reviewer] [INFO] 正在审查第814章...
[2026-05-18 21:06:32] [Reviewer] [INFO] 第807章审查完成：评分 8.8， verdict: 通过
[2026-05-18 21:06:32] [Reviewer] [INFO] 结果: success
[2026-05-18 21:06:33] [Reviewer] [INFO] ============================================================
[2026-05-18 21:06:33] [Reviewer] [INFO] Reviewer Agent 启动
[2026-05-18 21:06:33] [Reviewer] [INFO] ============================================================
[2026-05-18 21:06:33] [Reviewer] [INFO] 正在审查第808章...
[2026-05-18 21:06:33] [Reviewer] [INFO] 第799章审查完成：评分 7.8， verdict: 需修改
[2026-05-18 21:06:33] [Reviewer] [INFO] 结果: success
[2026-05-18 21:06:33] [Reviewer] [INFO] ============================================================
[2026-05-18 21:06:33] [Reviewer] [INFO] Reviewer Agent 启动
[2026-05-18 21:06:33] [Reviewer] [INFO] ============================================================
[2026-05-18 21:06:33] [Reviewer] [INFO] 正在审查第800章...
[2026-05-18 21:06:33] [Reviewer] [INFO] 第809章审查完成：评分 7.8， verdict: 通过
[2026-05-18 21:06:33] [Reviewer] [INFO] 结果: success
[2026-05-18 21:06:33] [Reviewer] [INFO] ============================================================
[2026-05-18 21:06:33] [Reviewer] [INFO] Reviewer Agent 启动
[2026-05-18 21:06:33] [Reviewer] [INFO] ============================================================
[2026-05-18 21:06:33] [Reviewer] [INFO] 正在审查第810章...
[2026-05-18 21:06:34] [Reviewer] [INFO] 第785章审查完成：评分 7.8， verdict: 通过
[2026-05-18 21:06:34] [Reviewer] [INFO] 结果: success
[2026-05-18 21:06:34] [Reviewer] [INFO] ============================================================
[2026-05-18 21:06:34] [Reviewer] [INFO] Reviewer Agent 启动
[2026-05-18 21:06:34] [Reviewer] [INFO] ============================================================
[2026-05-18 21:06:34] [Reviewer] [INFO] 正在审查第786章...
[2026-05-18 21:06:35] [Reviewer] [INFO] 第791章审查完成：评分 7.5， verdict: 需修改
[2026-05-18 21:06:35] [Reviewer] [INFO] 结果: success
[2026-05-18 21:06:35] [Reviewer] [INFO] ============================================================
[2026-05-18 21:06:35] [Reviewer] [INFO] Reviewer Agent 启动
[2026-05-18 21:06:35] [Reviewer] [INFO] ============================================================
[2026-05-18 21:06:35] [Reviewer] [INFO] 正在审查第792章...
[2026-05-18 21:06:35] [Reviewer] [INFO] 第815章审查完成：评分 8.2， verdict: 通过
[2026-05-18 21:06:35] [Reviewer] [INFO] 结果: success
[2026-05-18 21:06:35] [Reviewer] [INFO] 第795章审查完成：评分 7.8， verdict: 需修改
[2026-05-18 21:06:35] [Reviewer] [INFO] 结果: success
[2026-05-18 21:06:35] [Reviewer] [INFO] ============================================================
[2026-05-18 21:06:35] [Reviewer] [INFO] Reviewer Agent 启动
[2026-05-18 21:06:35] [Reviewer] [INFO] ============================================================
[2026-05-18 21:06:35] [Reviewer] [INFO] 正在审查第816章...
[2026-05-18 21:06:35] [Reviewer] [INFO] 第821章审查完成：评分 7.3， verdict: 需修改
[2026-05-18 21:06:35] [Reviewer] [INFO] 结果: success
[2026-05-18 21:06:35] [Reviewer] [INFO] ============================================================
[2026-05-18 21:06:35] [Reviewer] [INFO] Reviewer Agent 启动
[2026-05-18 21:06:35] [Reviewer] [INFO] ============================================================
[2026-05-18 21:06:35] [Reviewer] [INFO] 正在审查第796章...
[2026-05-18 21:06:35] [Reviewer] [INFO] ============================================================
[2026-05-18 21:06:35] [Reviewer] [INFO] Reviewer Agent 启动
[2026-05-18 21:06:35] [Reviewer] [INFO] ============================================================
[2026-05-18 21:06:35] [Reviewer] [INFO] 正在审查第822章...
[2026-05-18 21:06:36] [Reviewer] [INFO] 第793章审查完成：评分 7.8， verdict: 需修改
[2026-05-18 21:06:36] [Reviewer] [INFO] 结果: success
[2026-05-18 21:06:36] [Reviewer] [INFO] ============================================================
[2026-05-18 21:06:36] [Reviewer] [INFO] Reviewer Agent 启动
[2026-05-18 21:06:36] [Reviewer] [INFO] ============================================================
[2026-05-18 21:06:36] [Reviewer] [INFO] 正在审查第794章...
[2026-05-18 21:06:36] [Reviewer] [INFO] 第797章审查完成：评分 8.3， verdict: 通过
[2026-05-18 21:06:36] [Reviewer] [INFO] 结果: success
[2026-05-18 21:06:37] [Reviewer] [INFO] ============================================================
[2026-05-18 21:06:37] [Reviewer] [INFO] Reviewer Agent 启动
[2026-05-18 21:06:37] [Reviewer] [INFO] ============================================================
[2026-05-18 21:06:37] [Reviewer] [INFO] 正在审查第798章...
[2026-05-18 21:06:37] [Reviewer] [INFO] 第801章审查完成：评分 7.3， verdict: 需修改
[2026-05-18 21:06:37] [Reviewer] [INFO] 结果: success
[2026-05-18 21:06:37] [Reviewer] [INFO] ============================================================
[2026-05-18 21:06:37] [Reviewer] [INFO] Reviewer Agent 启动
[2026-05-18 21:06:37] [Reviewer] [INFO] ============================================================
[2026-05-18 21:06:37] [Reviewer] [INFO] 正在审查第802章...
[2026-05-18 21:06:38] [Reviewer] [INFO] 第817章审查完成：评分 8.2， verdict: 通过
[2026-05-18 21:06:38] [Reviewer] [INFO] 结果: success
[2026-05-18 21:06:38] [Reviewer] [INFO] ============================================================
[2026-05-18 21:06:38] [Reviewer] [INFO] Reviewer Agent 启动
[2026-05-18 21:06:38] [Reviewer] [INFO] ============================================================
[2026-05-18 21:06:38] [Reviewer] [INFO] 正在审查第818章...
[2026-05-18 21:06:40] [Reviewer] [INFO] 第819章审查完成：评分 8.2， verdict: 通过
[2026-05-18 21:06:40] [Reviewer] [INFO] 结果: success
[2026-05-18 21:06:40] [Reviewer] [INFO] ============================================================
[2026-05-18 21:06:40] [Reviewer] [INFO] Reviewer Agent 启动
[2026-05-18 21:06:40] [Reviewer] [INFO] ============================================================
[2026-05-18 21:06:40] [Reviewer] [INFO] 正在审查第820章...
[2026-05-18 21:06:41] [Reviewer] [INFO] 第787章审查完成：评分 7.5， verdict: 需修改
[2026-05-18 21:06:41] [Reviewer] [INFO] 结果: success
[2026-05-18 21:06:41] [Reviewer] [INFO] ============================================================
[2026-05-18 21:06:41] [Reviewer] [INFO] Reviewer Agent 启动
[2026-05-18 21:06:41] [Reviewer] [INFO] ============================================================
[2026-05-18 21:06:41] [Reviewer] [INFO] 正在审查第788章...
[2026-05-18 21:06:41] [Reviewer] [INFO] 第811章审查完成：评分 8.2， verdict: 通过
[2026-05-18 21:06:41] [Reviewer] [INFO] 结果: success
[2026-05-18 21:06:41] [Reviewer] [INFO] ============================================================
[2026-05-18 21:06:41] [Reviewer] [INFO] Reviewer Agent 启动
[2026-05-18 21:06:41] [Reviewer] [INFO] ============================================================
[2026-05-18 21:06:41] [Reviewer] [INFO] 正在审查第812章...
[2026-05-18 21:06:42] [Reviewer] [INFO] 第789章审查完成：评分 6.8， verdict: 需修改
[2026-05-18 21:06:42] [Reviewer] [INFO] 结果: success
[2026-05-18 21:06:42] [Reviewer] [INFO] ============================================================
[2026-05-18 21:06:42] [Reviewer] [INFO] Reviewer Agent 启动
[2026-05-18 21:06:42] [Reviewer] [INFO] ============================================================
[2026-05-18 21:06:42] [Reviewer] [INFO] 正在审查第790章...
[2026-05-18 21:06:47] [Reviewer] [INFO] 第805章审查完成：评分 7.4， verdict: 需修改
[2026-05-18 21:06:47] [Reviewer] [INFO] 结果: success
[2026-05-18 21:06:47] [Reviewer] [INFO] ============================================================
[2026-05-18 21:06:47] [Reviewer] [INFO] Reviewer Agent 启动
[2026-05-18 21:06:47] [Reviewer] [INFO] ============================================================
[2026-05-18 21:06:47] [Reviewer] [INFO] 正在审查第806章...
[2026-05-18 21:06:48] [Reviewer] [INFO] 第803章审查完成：评分 6.8， verdict: 需修改
[2026-05-18 21:06:48] [Reviewer] [INFO] 结果: success
[2026-05-18 21:06:48] [Reviewer] [INFO] ============================================================
[2026-05-18 21:06:48] [Reviewer] [INFO] Reviewer Agent 启动
[2026-05-18 21:06:48] [Reviewer] [INFO] ============================================================
[2026-05-18 21:06:48] [Reviewer] [INFO] 正在审查第804章...
[2026-05-18 21:06:50] [Reviewer] [INFO] 第800章审查完成：评分 7.6， verdict: 需修改
[2026-05-18 21:06:50] [Reviewer] [INFO] 结果: success
[2026-05-18 21:06:52] [Reviewer] [INFO] 第808章审查完成：评分 8.2， verdict: 通过
[2026-05-18 21:06:52] [Reviewer] [INFO] 结果: success
[2026-05-18 21:06:55] [Reviewer] [INFO] 第822章审查完成：评分 8.2， verdict: 通过
[2026-05-18 21:06:55] [Reviewer] [INFO] 结果: success
[2026-05-18 21:06:56] [Reviewer] [INFO] 第814章审查完成：评分 8.2， verdict: 通过
[2026-05-18 21:06:56] [Reviewer] [INFO] 结果: success
[2026-05-18 21:06:56] [Reviewer] [INFO] 第784章审查完成：评分 7.8， verdict: 通过
[2026-05-18 21:06:56] [Reviewer] [INFO] 结果: success
[2026-05-18 21:06:57] [Reviewer] [INFO] 第816章审查完成：评分 8.2， verdict: 通过
[2026-05-18 21:06:57] [Reviewer] [INFO] 结果: success
[2026-05-18 21:06:58] [Reviewer] [INFO] 第786章审查完成：评分 8.2， verdict: 通过
[2026-05-18 21:06:58] [Reviewer] [INFO] 结果: success
[2026-05-18 21:06:58] [Reviewer] [INFO] 第802章审查完成：评分 8.0， verdict: 通过
[2026-05-18 21:06:58] [Reviewer] [INFO] 结果: success
[2026-05-18 21:06:59] [Reviewer] [INFO] 第796章审查完成：评分 8.0， verdict: 通过
[2026-05-18 21:06:59] [Reviewer] [INFO] 结果: success
[2026-05-18 21:07:00] [Reviewer] [INFO] 第810章审查完成：评分 7.8， verdict: 通过
[2026-05-18 21:07:00] [Reviewer] [INFO] 结果: success
[2026-05-18 21:07:00] [Reviewer] [INFO] 第818章审查完成：评分 8.2， verdict: 通过
[2026-05-18 21:07:00] [Reviewer] [INFO] 结果: success
[2026-05-18 21:07:01] [Reviewer] [INFO] 第794章审查完成：评分 7.8， verdict: 通过
[2026-05-18 21:07:01] [Reviewer] [INFO] 结果: success
[2026-05-18 21:07:01] [Reviewer] [INFO] 第798章审查完成：评分 8.0， verdict: 通过
[2026-05-18 21:07:01] [Reviewer] [INFO] 结果: success
[2026-05-18 21:07:02] [Reviewer] [INFO] 第820章审查完成：评分 8.0， verdict: 需修改
[2026-05-18 21:07:02] [Reviewer] [INFO] 结果: success
[2026-05-18 21:07:04] [Reviewer] [INFO] 第788章审查完成：评分 7.3， verdict: 需修改
[2026-05-18 21:07:04] [Reviewer] [INFO] 结果: success
[2026-05-18 21:07:06] [Reviewer] [INFO] 第792章审查完成：评分 8.5， verdict: 通过
[2026-05-18 21:07:06] [Reviewer] [INFO] 结果: success
[2026-05-18 21:07:08] [Reviewer] [INFO] 第790章审查完成：评分 8.2， verdict: 通过
[2026-05-18 21:07:08] [Reviewer] [INFO] 结果: success
[2026-05-18 21:07:09] [Reviewer] [INFO] 第806章审查完成：评分 7.8， verdict: 需修改
[2026-05-18 21:07:09] [Reviewer] [INFO] 结果: success
[2026-05-18 21:07:12] [Reviewer] [INFO] 第812章审查完成：评分 8.2， verdict: 通过
[2026-05-18 21:07:12] [Reviewer] [INFO] 结果: success
[2026-05-18 21:07:13] [Reviewer] [INFO] 第804章审查完成：评分 7.8， verdict: 通过
[2026-05-18 21:07:13] [Reviewer] [INFO] 结果: success
[2026-05-18 21:07:15] [Reviewer] [INFO] ============================================================
[2026-05-18 21:07:15] [Reviewer] [INFO] Reviewer Agent 启动
[2026-05-18 21:07:15] [Reviewer] [INFO] ============================================================
[2026-05-18 21:07:15] [Reviewer] [INFO] ============================================================
[2026-05-18 21:07:15] [Reviewer] [INFO] Reviewer Agent 启动
[2026-05-18 21:07:15] [Reviewer] [INFO] ============================================================
[2026-05-18 21:07:15] [Reviewer] [INFO] 正在审查第827章...
[2026-05-18 21:07:15] [Reviewer] [INFO] 正在审查第823章...
[2026-05-18 21:07:15] [Reviewer] [INFO] ============================================================
[2026-05-18 21:07:15] [Reviewer] [INFO] Reviewer Agent 启动
[2026-05-18 21:07:15] [Reviewer] [INFO] ============================================================
[2026-05-18 21:07:15] [Reviewer] [INFO] ============================================================
[2026-05-18 21:07:15] [Reviewer] [INFO] Reviewer Agent 启动
[2026-05-18 21:07:15] [Reviewer] [INFO] ============================================================
[2026-05-18 21:07:15] [Reviewer] [INFO] ============================================================
[2026-05-18 21:07:15] [Reviewer] [INFO] Reviewer Agent 启动
[2026-05-18 21:07:15] [Reviewer] [INFO] ============================================================
[2026-05-18 21:07:15] [Reviewer] [INFO] 正在审查第833章...
[2026-05-18 21:07:16] [Reviewer] [INFO] ============================================================
[2026-05-18 21:07:16] [Reviewer] [INFO] Reviewer Agent 启动
[2026-05-18 21:07:16] [Reviewer] [INFO] ============================================================
[2026-05-18 21:07:16] [Reviewer] [INFO] 正在审查第825章...
[2026-05-18 21:07:16] [Reviewer] [INFO] ============================================================
[2026-05-18 21:07:16] [Reviewer] [INFO] Reviewer Agent 启动
[2026-05-18 21:07:16] [Reviewer] [INFO] ============================================================
[2026-05-18 21:07:16] [Reviewer] [INFO] 正在审查第829章...
[2026-05-18 21:07:16] [Reviewer] [INFO] 正在审查第835章...
[2026-05-18 21:07:16] [Reviewer] [INFO] ============================================================
[2026-05-18 21:07:16] [Reviewer] [INFO] Reviewer Agent 启动
[2026-05-18 21:07:16] [Reviewer] [INFO] ============================================================
[2026-05-18 21:07:16] [Reviewer] [INFO] ============================================================
[2026-05-18 21:07:16] [Reviewer] [INFO] Reviewer Agent 启动
[2026-05-18 21:07:16] [Reviewer] [INFO] ============================================================
[2026-05-18 21:07:16] [Reviewer] [INFO] ============================================================
[2026-05-18 21:07:16] [Reviewer] [INFO] Reviewer Agent 启动
[2026-05-18 21:07:16] [Reviewer] [INFO] ============================================================
[2026-05-18 21:07:16] [Reviewer] [INFO] 正在审查第837章...
[2026-05-18 21:07:16] [Reviewer] [INFO] ============================================================
[2026-05-18 21:07:16] [Reviewer] [INFO] Reviewer Agent 启动
[2026-05-18 21:07:16] [Reviewer] [INFO] ============================================================
[2026-05-18 21:07:16] [Reviewer] [INFO] 正在审查第831章...
[2026-05-18 21:07:16] [Reviewer] [INFO] ============================================================
[2026-05-18 21:07:16] [Reviewer] [INFO] Reviewer Agent 启动
[2026-05-18 21:07:16] [Reviewer] [INFO] ============================================================
[2026-05-18 21:07:16] [Reviewer] [INFO] 正在审查第839章...
[2026-05-18 21:07:16] [Reviewer] [INFO] 正在审查第841章...
[2026-05-18 21:07:16] [Reviewer] [INFO] 正在审查第843章...
[2026-05-18 21:07:16] [Reviewer] [INFO] 正在审查第845章...
[2026-05-18 21:07:16] [Reviewer] [INFO] ============================================================
[2026-05-18 21:07:16] [Reviewer] [INFO] Reviewer Agent 启动
[2026-05-18 21:07:16] [Reviewer] [INFO] ============================================================
[2026-05-18 21:07:16] [Reviewer] [INFO] 正在审查第849章...
[2026-05-18 21:07:16] [Reviewer] [INFO] ============================================================
[2026-05-18 21:07:16] [Reviewer] [INFO] ============================================================
[2026-05-18 21:07:16] [Reviewer] [INFO] Reviewer Agent 启动
[2026-05-18 21:07:16] [Reviewer] [INFO] ============================================================
[2026-05-18 21:07:16] [Reviewer] [INFO] Reviewer Agent 启动
[2026-05-18 21:07:16] [Reviewer] [INFO] ============================================================
[2026-05-18 21:07:16] [Reviewer] [INFO] 正在审查第853章...
[2026-05-18 21:07:16] [Reviewer] [INFO] ============================================================
[2026-05-18 21:07:16] [Reviewer] [INFO] Reviewer Agent 启动
[2026-05-18 21:07:16] [Reviewer] [INFO] ============================================================
[2026-05-18 21:07:16] [Reviewer] [INFO] ============================================================
[2026-05-18 21:07:16] [Reviewer] [INFO] Reviewer Agent 启动
[2026-05-18 21:07:16] [Reviewer] [INFO] ============================================================
[2026-05-18 21:07:16] [Reviewer] [INFO] ============================================================
[2026-05-18 21:07:16] [Reviewer] [INFO] Reviewer Agent 启动
[2026-05-18 21:07:16] [Reviewer] [INFO] ============================================================
[2026-05-18 21:07:16] [Reviewer] [INFO] 正在审查第851章...
[2026-05-18 21:07:16] [Reviewer] [INFO] 正在审查第855章...
[2026-05-18 21:07:16] [Reviewer] [INFO] 正在审查第857章...
[2026-05-18 21:07:16] [Reviewer] [INFO] ============================================================
[2026-05-18 21:07:16] [Reviewer] [INFO] Reviewer Agent 启动
[2026-05-18 21:07:16] [Reviewer] [INFO] ============================================================
[2026-05-18 21:07:16] [Reviewer] [INFO] ============================================================
[2026-05-18 21:07:16] [Reviewer] [INFO] Reviewer Agent 启动
[2026-05-18 21:07:16] [Reviewer] [INFO] ============================================================
[2026-05-18 21:07:16] [Reviewer] [INFO] 正在审查第859章...
[2026-05-18 21:07:16] [Reviewer] [INFO] 正在审查第861章...
[2026-05-18 21:07:35] [Reviewer] [INFO] 第833章审查完成：评分 7.2， verdict: 需修改
[2026-05-18 21:07:35] [Reviewer] [INFO] 结果: success
[2026-05-18 21:07:35] [Reviewer] [INFO] ============================================================
[2026-05-18 21:07:35] [Reviewer] [INFO] Reviewer Agent 启动
[2026-05-18 21:07:35] [Reviewer] [INFO] ============================================================
[2026-05-18 21:07:35] [Reviewer] [INFO] 正在审查第834章...
[2026-05-18 21:07:35] [Reviewer] [INFO] 第855章审查完成：评分 8.2， verdict: 通过
[2026-05-18 21:07:35] [Reviewer] [INFO] 结果: success
[2026-05-18 21:07:35] [Reviewer] [INFO] ============================================================
[2026-05-18 21:07:35] [Reviewer] [INFO] Reviewer Agent 启动
[2026-05-18 21:07:35] [Reviewer] [INFO] ============================================================
[2026-05-18 21:07:35] [Reviewer] [INFO] 正在审查第856章...
[2026-05-18 21:07:35] [Reviewer] [INFO] 第825章审查完成：评分 8.2， verdict: 通过
[2026-05-18 21:07:35] [Reviewer] [INFO] 结果: success
[2026-05-18 21:07:36] [Reviewer] [INFO] ============================================================
[2026-05-18 21:07:36] [Reviewer] [INFO] Reviewer Agent 启动
[2026-05-18 21:07:36] [Reviewer] [INFO] ============================================================
[2026-05-18 21:07:36] [Reviewer] [INFO] 正在审查第826章...
[2026-05-18 21:07:36] [Reviewer] [INFO] 第839章审查完成：评分 8.2， verdict: 通过
[2026-05-18 21:07:36] [Reviewer] [INFO] 结果: success
[2026-05-18 21:07:36] [Reviewer] [INFO] ============================================================
[2026-05-18 21:07:36] [Reviewer] [INFO] Reviewer Agent 启动
[2026-05-18 21:07:36] [Reviewer] [INFO] ============================================================
[2026-05-18 21:07:36] [Reviewer] [INFO] 正在审查第840章...
[2026-05-18 21:07:36] [Reviewer] [INFO] 第847章审查完成：评分 8.4， verdict: 通过
[2026-05-18 21:07:36] [Reviewer] [INFO] 结果: success
[2026-05-18 21:07:37] [Reviewer] [INFO] ============================================================
[2026-05-18 21:07:37] [Reviewer] [INFO] Reviewer Agent 启动
[2026-05-18 21:07:37] [Reviewer] [INFO] ============================================================
[2026-05-18 21:07:37] [Reviewer] [INFO] 正在审查第848章...
[2026-05-18 21:07:37] [Reviewer] [INFO] 第843章审查完成：评分 8.5， verdict: 通过
[2026-05-18 21:07:37] [Reviewer] [INFO] 结果: success
[2026-05-18 21:07:37] [Reviewer] [INFO] 第823章审查完成：评分 7.2， verdict: 需修改
[2026-05-18 21:07:37] [Reviewer] [INFO] 结果: success
[2026-05-18 21:07:37] [Reviewer] [INFO] ============================================================
[2026-05-18 21:07:37] [Reviewer] [INFO] Reviewer Agent 启动
[2026-05-18 21:07:37] [Reviewer] [INFO] ============================================================
[2026-05-18 21:07:37] [Reviewer] [INFO] 正在审查第844章...
[2026-05-18 21:07:37] [Reviewer] [INFO] ============================================================
[2026-05-18 21:07:37] [Reviewer] [INFO] Reviewer Agent 启动
[2026-05-18 21:07:37] [Reviewer] [INFO] ============================================================
[2026-05-18 21:07:37] [Reviewer] [INFO] 正在审查第824章...
[2026-05-18 21:07:37] [Reviewer] [INFO] 第829章审查完成：评分 8.0， verdict: 通过
[2026-05-18 21:07:37] [Reviewer] [INFO] 结果: success
[2026-05-18 21:07:37] [Reviewer] [INFO] ============================================================
[2026-05-18 21:07:37] [Reviewer] [INFO] Reviewer Agent 启动
[2026-05-18 21:07:37] [Reviewer] [INFO] ============================================================
[2026-05-18 21:07:37] [Reviewer] [INFO] 正在审查第830章...
[2026-05-18 21:07:38] [Reviewer] [INFO] 第837章审查完成：评分 8.0， verdict: 通过
[2026-05-18 21:07:38] [Reviewer] [INFO] 结果: success
[2026-05-18 21:07:38] [Reviewer] [INFO] ============================================================
[2026-05-18 21:07:38] [Reviewer] [INFO] Reviewer Agent 启动
[2026-05-18 21:07:38] [Reviewer] [INFO] ============================================================
[2026-05-18 21:07:38] [Reviewer] [INFO] 正在审查第838章...
[2026-05-18 21:07:38] [Reviewer] [INFO] 第859章审查完成：评分 8.4， verdict: 通过
[2026-05-18 21:07:38] [Reviewer] [INFO] 结果: success
[2026-05-18 21:07:38] [Reviewer] [INFO] ============================================================
[2026-05-18 21:07:38] [Reviewer] [INFO] Reviewer Agent 启动
[2026-05-18 21:07:38] [Reviewer] [INFO] ============================================================
[2026-05-18 21:07:38] [Reviewer] [INFO] 正在审查第860章...
[2026-05-18 21:07:39] [Reviewer] [INFO] 第861章审查完成：评分 7.6， verdict: 需修改
[2026-05-18 21:07:39] [Reviewer] [INFO] 结果: success
[2026-05-18 21:07:39] [Reviewer] [INFO] ============================================================
[2026-05-18 21:07:39] [Reviewer] [INFO] Reviewer Agent 启动
[2026-05-18 21:07:39] [Reviewer] [INFO] ============================================================
[2026-05-18 21:07:39] [Reviewer] [INFO] 正在审查第862章...
[2026-05-18 21:07:40] [Reviewer] [INFO] 第845章审查完成：评分 8.0， verdict: 通过
[2026-05-18 21:07:40] [Reviewer] [INFO] 结果: success
[2026-05-18 21:07:40] [Reviewer] [INFO] ============================================================
[2026-05-18 21:07:40] [Reviewer] [INFO] Reviewer Agent 启动
[2026-05-18 21:07:40] [Reviewer] [INFO] ============================================================
[2026-05-18 21:07:40] [Reviewer] [INFO] 正在审查第846章...
[2026-05-18 21:07:41] [Reviewer] [INFO] 第851章审查完成：评分 8.4， verdict: 通过
[2026-05-18 21:07:41] [Reviewer] [INFO] 结果: success
[2026-05-18 21:07:41] [Reviewer] [INFO] ============================================================
[2026-05-18 21:07:41] [Reviewer] [INFO] Reviewer Agent 启动
[2026-05-18 21:07:41] [Reviewer] [INFO] ============================================================
[2026-05-18 21:07:41] [Reviewer] [INFO] 正在审查第852章...
[2026-05-18 21:07:42] [Reviewer] [INFO] 第835章审查完成：评分 8.4， verdict: 通过
[2026-05-18 21:07:42] [Reviewer] [INFO] 结果: success
[2026-05-18 21:07:42] [Reviewer] [INFO] ============================================================
[2026-05-18 21:07:42] [Reviewer] [INFO] Reviewer Agent 启动
[2026-05-18 21:07:42] [Reviewer] [INFO] ============================================================
[2026-05-18 21:07:42] [Reviewer] [INFO] 正在审查第836章...
[2026-05-18 21:07:42] [Reviewer] [INFO] 第831章审查完成：评分 7.8， verdict: 需修改
[2026-05-18 21:07:42] [Reviewer] [INFO] 结果: success
[2026-05-18 21:07:42] [Reviewer] [INFO] ============================================================
[2026-05-18 21:07:42] [Reviewer] [INFO] Reviewer Agent 启动
[2026-05-18 21:07:42] [Reviewer] [INFO] ============================================================
[2026-05-18 21:07:42] [Reviewer] [INFO] 正在审查第832章...
[2026-05-18 21:07:44] [Reviewer] [INFO] 第853章审查完成：评分 8.0， verdict: 通过
[2026-05-18 21:07:44] [Reviewer] [INFO] 结果: success
[2026-05-18 21:07:44] [Reviewer] [INFO] 第857章审查完成：评分 9.0， verdict: 通过
[2026-05-18 21:07:44] [Reviewer] [INFO] 结果: success
[2026-05-18 21:07:44] [Reviewer] [INFO] ============================================================
[2026-05-18 21:07:44] [Reviewer] [INFO] Reviewer Agent 启动
[2026-05-18 21:07:44] [Reviewer] [INFO] ============================================================
[2026-05-18 21:07:44] [Reviewer] [INFO] 正在审查第854章...
[2026-05-18 21:07:44] [Reviewer] [INFO] ============================================================
[2026-05-18 21:07:44] [Reviewer] [INFO] Reviewer Agent 启动
[2026-05-18 21:07:44] [Reviewer] [INFO] ============================================================
[2026-05-18 21:07:44] [Reviewer] [INFO] 正在审查第858章...
[2026-05-18 21:07:45] [Reviewer] [INFO] 第841章审查完成：评分 7.5， verdict: 通过
[2026-05-18 21:07:45] [Reviewer] [INFO] 结果: success
[2026-05-18 21:07:45] [Reviewer] [INFO] ============================================================
[2026-05-18 21:07:45] [Reviewer] [INFO] Reviewer Agent 启动
[2026-05-18 21:07:45] [Reviewer] [INFO] ============================================================
[2026-05-18 21:07:45] [Reviewer] [INFO] 正在审查第842章...
[2026-05-18 21:07:47] [Reviewer] [INFO] 第849章审查完成：评分 7.8， verdict: 需修改
[2026-05-18 21:07:47] [Reviewer] [INFO] 结果: success
[2026-05-18 21:07:48] [Reviewer] [INFO] ============================================================
[2026-05-18 21:07:48] [Reviewer] [INFO] Reviewer Agent 启动
[2026-05-18 21:07:48] [Reviewer] [INFO] ============================================================
[2026-05-18 21:07:48] [Reviewer] [INFO] 正在审查第850章...
[2026-05-18 21:07:48] [Reviewer] [INFO] 第827章审查完成：评分 7.8， verdict: 通过
[2026-05-18 21:07:48] [Reviewer] [INFO] 结果: success
[2026-05-18 21:07:48] [Reviewer] [INFO] ============================================================
[2026-05-18 21:07:48] [Reviewer] [INFO] Reviewer Agent 启动
[2026-05-18 21:07:48] [Reviewer] [INFO] ============================================================
[2026-05-18 21:07:48] [Reviewer] [INFO] 正在审查第828章...
[2026-05-18 21:07:54] [Reviewer] [INFO] 第826章审查完成：评分 7.2， verdict: 需修改
[2026-05-18 21:07:54] [Reviewer] [INFO] 结果: success
[2026-05-18 21:07:54] [Reviewer] [INFO] 第860章审查完成：评分 8.2， verdict: 通过
[2026-05-18 21:07:54] [Reviewer] [INFO] 结果: success
[2026-05-18 21:07:56] [Reviewer] [INFO] 第844章审查完成：评分 8.2， verdict: 通过
[2026-05-18 21:07:56] [Reviewer] [INFO] 结果: success
[2026-05-18 21:07:57] [Reviewer] [INFO] 第830章审查完成：评分 8.5， verdict: 通过
[2026-05-18 21:07:57] [Reviewer] [INFO] 结果: success
[2026-05-18 21:07:58] [Reviewer] [INFO] 第834章审查完成：评分 8.2， verdict: 通过
[2026-05-18 21:07:58] [Reviewer] [INFO] 结果: success
[2026-05-18 21:07:58] [Reviewer] [INFO] 第862章审查完成：评分 7.4， verdict: 需修改
[2026-05-18 21:07:58] [Reviewer] [INFO] 结果: success
[2026-05-18 21:08:00] [Reviewer] [INFO] 第856章审查完成：评分 8.2， verdict: 通过
[2026-05-18 21:08:00] [Reviewer] [INFO] 结果: success
[2026-05-18 21:08:01] [Reviewer] [INFO] 第852章审查完成：评分 8.3， verdict: 通过
[2026-05-18 21:08:01] [Reviewer] [INFO] 结果: success
[2026-05-18 21:08:03] [Reviewer] [INFO] 第848章审查完成：评分 7.6， verdict: 需修改
[2026-05-18 21:08:03] [Reviewer] [INFO] 结果: success
[2026-05-18 21:08:04] [Reviewer] [INFO] 第846章审查完成：评分 7.8， verdict: 需修改
[2026-05-18 21:08:04] [Reviewer] [INFO] 结果: success
[2026-05-18 21:08:04] [Reviewer] [INFO] 第840章审查完成：评分 8.5， verdict: 通过
[2026-05-18 21:08:04] [Reviewer] [INFO] 结果: success
[2026-05-18 21:08:04] [Reviewer] [INFO] 第832章审查完成：评分 8.2， verdict: 通过
[2026-05-18 21:08:04] [Reviewer] [INFO] 结果: success
[2026-05-18 21:08:05] [Reviewer] [INFO] 第824章审查完成：评分 7.8， verdict: 通过
[2026-05-18 21:08:05] [Reviewer] [INFO] 结果: success
[2026-05-18 21:08:05] [Reviewer] [INFO] 第836章审查完成：评分 8.3， verdict: 通过
[2026-05-18 21:08:05] [Reviewer] [INFO] 结果: success
[2026-05-18 21:08:07] [Reviewer] [INFO] 第842章审查完成：评分 8.5， verdict: 通过
[2026-05-18 21:08:07] [Reviewer] [INFO] 结果: success
[2026-05-18 21:08:07] [Reviewer] [INFO] 第838章审查完成：评分 8.1， verdict: 通过
[2026-05-18 21:08:07] [Reviewer] [INFO] 结果: success
[2026-05-18 21:08:08] [Reviewer] [INFO] 第854章审查完成：评分 8.6， verdict: 通过
[2026-05-18 21:08:08] [Reviewer] [INFO] 结果: success
[2026-05-18 21:08:08] [Reviewer] [INFO] 第828章审查完成：评分 8.0， verdict: 通过
[2026-05-18 21:08:08] [Reviewer] [INFO] 结果: success
[2026-05-18 21:08:10] [Reviewer] [INFO] 第858章审查完成：评分 8.2， verdict: 通过
[2026-05-18 21:08:10] [Reviewer] [INFO] 结果: success
[2026-05-18 21:09:19] [Reviewer] [INFO] 第850章审查完成：评分 8.4， verdict: 通过
[2026-05-18 21:09:19] [Reviewer] [INFO] 结果: success
[2026-05-18 21:09:20] [Reviewer] [INFO] ============================================================
[2026-05-18 21:09:20] [Reviewer] [INFO] Reviewer Agent 启动
[2026-05-18 21:09:20] [Reviewer] [INFO] ============================================================
[2026-05-18 21:09:20] [Reviewer] [INFO] ============================================================
[2026-05-18 21:09:20] [Reviewer] [INFO] Reviewer Agent 启动
[2026-05-18 21:09:20] [Reviewer] [INFO] ============================================================
[2026-05-18 21:09:20] [Reviewer] [INFO] 正在审查第867章...
[2026-05-18 21:09:20] [Reviewer] [INFO] 正在审查第863章...
[2026-05-18 21:09:20] [Reviewer] [INFO] ============================================================
[2026-05-18 21:09:20] [Reviewer] [INFO] Reviewer Agent 启动
[2026-05-18 21:09:20] [Reviewer] [INFO] ============================================================
[2026-05-18 21:09:20] [Reviewer] [INFO] 正在审查第865章...
[2026-05-18 21:09:20] [Reviewer] [INFO] ============================================================
[2026-05-18 21:09:20] [Reviewer] [INFO] Reviewer Agent 启动
[2026-05-18 21:09:20] [Reviewer] [INFO] ============================================================
[2026-05-18 21:09:20] [Reviewer] [INFO] ============================================================
[2026-05-18 21:09:20] [Reviewer] [INFO] Reviewer Agent 启动
[2026-05-18 21:09:20] [Reviewer] [INFO] ============================================================
[2026-05-18 21:09:20] [Reviewer] [INFO] ============================================================
[2026-05-18 21:09:20] [Reviewer] [INFO] Reviewer Agent 启动
[2026-05-18 21:09:20] [Reviewer] [INFO] ============================================================
[2026-05-18 21:09:20] [Reviewer] [INFO] ============================================================
[2026-05-18 21:09:20] [Reviewer] [INFO] Reviewer Agent 启动
[2026-05-18 21:09:20] [Reviewer] [INFO] ============================================================
[2026-05-18 21:09:20] [Reviewer] [INFO] ============================================================
[2026-05-18 21:09:20] [Reviewer] [INFO] Reviewer Agent 启动
[2026-05-18 21:09:20] [Reviewer] [INFO] ============================================================
[2026-05-18 21:09:20] [Reviewer] [INFO] 正在审查第881章...
[2026-05-18 21:09:20] [Reviewer] [INFO] 正在审查第869章...
[2026-05-18 21:09:20] [Reviewer] [INFO] 正在审查第875章...
[2026-05-18 21:09:20] [Reviewer] [INFO] 正在审查第873章...
[2026-05-18 21:09:20] [Reviewer] [INFO] 正在审查第871章...
[2026-05-18 21:09:20] [Reviewer] [INFO] ============================================================
[2026-05-18 21:09:20] [Reviewer] [INFO] Reviewer Agent 启动
[2026-05-18 21:09:20] [Reviewer] [INFO] ============================================================
[2026-05-18 21:09:20] [Reviewer] [INFO] ============================================================
[2026-05-18 21:09:20] [Reviewer] [INFO] Reviewer Agent 启动
[2026-05-18 21:09:20] [Reviewer] [INFO] ============================================================
[2026-05-18 21:09:20] [Reviewer] [INFO] 正在审查第885章...
[2026-05-18 21:09:20] [Reviewer] [INFO] 正在审查第879章...
[2026-05-18 21:09:20] [Reviewer] [INFO] ============================================================
[2026-05-18 21:09:20] [Reviewer] [INFO] Reviewer Agent 启动
[2026-05-18 21:09:20] [Reviewer] [INFO] ============================================================
[2026-05-18 21:09:20] [Reviewer] [INFO] ============================================================
[2026-05-18 21:09:20] [Reviewer] [INFO] Reviewer Agent 启动
[2026-05-18 21:09:20] [Reviewer] [INFO] ============================================================
[2026-05-18 21:09:20] [Reviewer] [INFO] ============================================================
[2026-05-18 21:09:20] [Reviewer] [INFO] Reviewer Agent 启动
[2026-05-18 21:09:20] [Reviewer] [INFO] ============================================================
[2026-05-18 21:09:20] [Reviewer] [INFO] ============================================================
[2026-05-18 21:09:20] [Reviewer] [INFO] Reviewer Agent 启动
[2026-05-18 21:09:20] [Reviewer] [INFO] ============================================================
[2026-05-18 21:09:20] [Reviewer] [INFO] ============================================================
[2026-05-18 21:09:20] [Reviewer] [INFO] Reviewer Agent 启动
[2026-05-18 21:09:20] [Reviewer] [INFO] ============================================================
[2026-05-18 21:09:20] [Reviewer] [INFO] Reviewer Agent 启动
[2026-05-18 21:09:20] [Reviewer] [INFO] ============================================================
[2026-05-18 21:09:20] [Reviewer] [INFO] 正在审查第883章...
[2026-05-18 21:09:20] [Reviewer] [INFO] 正在审查第887章...
[2026-05-18 21:09:20] [Reviewer] [INFO] 正在审查第889章...
[2026-05-18 21:09:20] [Reviewer] [INFO] ============================================================
[2026-05-18 21:09:20] [Reviewer] [INFO] Reviewer Agent 启动
[2026-05-18 21:09:20] [Reviewer] [INFO] ============================================================
[2026-05-18 21:09:20] [Reviewer] [INFO] 正在审查第893章...
[2026-05-18 21:09:20] [Reviewer] [INFO] 正在审查第895章...
[2026-05-18 21:09:20] [Reviewer] [INFO] 正在审查第891章...
[2026-05-18 21:09:20] [Reviewer] [INFO] 正在审查第877章...
[2026-05-18 21:09:20] [Reviewer] [INFO] ============================================================
[2026-05-18 21:09:20] [Reviewer] [INFO] Reviewer Agent 启动
[2026-05-18 21:09:20] [Reviewer] [INFO] ============================================================
[2026-05-18 21:09:21] [Reviewer] [INFO] 正在审查第901章...
[2026-05-18 21:09:21] [Reviewer] [INFO] ============================================================
[2026-05-18 21:09:21] [Reviewer] [INFO] Reviewer Agent 启动
[2026-05-18 21:09:21] [Reviewer] [INFO] ============================================================
[2026-05-18 21:09:21] [Reviewer] [INFO] 正在审查第897章...
[2026-05-18 21:09:21] [Reviewer] [INFO] ============================================================
[2026-05-18 21:09:21] [Reviewer] [INFO] Reviewer Agent 启动
[2026-05-18 21:09:21] [Reviewer] [INFO] ============================================================
[2026-05-18 21:09:21] [Reviewer] [INFO] 正在审查第899章...
[2026-05-18 21:09:40] [Reviewer] [INFO] 第901章审查完成：评分 8.2， verdict: 通过
[2026-05-18 21:09:40] [Reviewer] [INFO] 结果: success
[2026-05-18 21:09:40] [Reviewer] [INFO] ============================================================
[2026-05-18 21:09:40] [Reviewer] [INFO] Reviewer Agent 启动
[2026-05-18 21:09:40] [Reviewer] [INFO] ============================================================
[2026-05-18 21:09:40] [Reviewer] [INFO] 正在审查第902章...
[2026-05-18 21:09:40] [Reviewer] [INFO] 第899章审查完成：评分 7.2， verdict: 需修改
[2026-05-18 21:09:40] [Reviewer] [INFO] 结果: success
[2026-05-18 21:09:41] [Reviewer] [INFO] ============================================================
[2026-05-18 21:09:41] [Reviewer] [INFO] Reviewer Agent 启动
[2026-05-18 21:09:41] [Reviewer] [INFO] ============================================================
[2026-05-18 21:09:41] [Reviewer] [INFO] 正在审查第900章...
[2026-05-18 21:09:41] [Reviewer] [ERROR] 第885章评审解析失败: Expecting ',' delimiter: line 13 column 33 (char 270)
[2026-05-18 21:09:41] [Reviewer] [INFO] 结果: parse_failed
[2026-05-18 21:09:41] [Reviewer] [INFO] ============================================================
[2026-05-18 21:09:41] [Reviewer] [INFO] Reviewer Agent 启动
[2026-05-18 21:09:41] [Reviewer] [INFO] ============================================================
[2026-05-18 21:09:41] [Reviewer] [INFO] 正在审查第886章...
[2026-05-18 21:09:41] [Reviewer] [INFO] 第863章审查完成：评分 7.9， verdict: 需修改
[2026-05-18 21:09:41] [Reviewer] [INFO] 结果: success
[2026-05-18 21:09:41] [Reviewer] [INFO] ============================================================
[2026-05-18 21:09:41] [Reviewer] [INFO] Reviewer Agent 启动
[2026-05-18 21:09:41] [Reviewer] [INFO] ============================================================
[2026-05-18 21:09:41] [Reviewer] [INFO] 正在审查第864章...
[2026-05-18 21:09:42] [Reviewer] [INFO] 第867章审查完成：评分 7.2， verdict: 需修改
[2026-05-18 21:09:42] [Reviewer] [INFO] 结果: success
[2026-05-18 21:09:42] [Reviewer] [INFO] ============================================================
[2026-05-18 21:09:42] [Reviewer] [INFO] Reviewer Agent 启动
[2026-05-18 21:09:42] [Reviewer] [INFO] ============================================================
[2026-05-18 21:09:42] [Reviewer] [INFO] 正在审查第868章...
[2026-05-18 21:09:42] [Reviewer] [INFO] 第889章审查完成：评分 7.8， verdict: 需修改
[2026-05-18 21:09:42] [Reviewer] [INFO] 结果: success
[2026-05-18 21:09:42] [Reviewer] [INFO] ============================================================
[2026-05-18 21:09:42] [Reviewer] [INFO] Reviewer Agent 启动
[2026-05-18 21:09:42] [Reviewer] [INFO] ============================================================
[2026-05-18 21:09:42] [Reviewer] [INFO] 正在审查第890章...
[2026-05-18 21:09:43] [Reviewer] [INFO] 第883章审查完成：评分 8.5， verdict: 通过
[2026-05-18 21:09:43] [Reviewer] [INFO] 结果: success
[2026-05-18 21:09:43] [Reviewer] [INFO] ============================================================
[2026-05-18 21:09:43] [Reviewer] [INFO] Reviewer Agent 启动
[2026-05-18 21:09:43] [Reviewer] [INFO] ============================================================
[2026-05-18 21:09:43] [Reviewer] [INFO] 正在审查第884章...
[2026-05-18 21:09:43] [Reviewer] [INFO] 第869章审查完成：评分 8.5， verdict: 通过
[2026-05-18 21:09:43] [Reviewer] [INFO] 结果: success
[2026-05-18 21:09:44] [Reviewer] [INFO] ============================================================
[2026-05-18 21:09:44] [Reviewer] [INFO] Reviewer Agent 启动
[2026-05-18 21:09:44] [Reviewer] [INFO] ============================================================
[2026-05-18 21:09:44] [Reviewer] [INFO] 正在审查第870章...
[2026-05-18 21:09:44] [Reviewer] [INFO] 第873章审查完成：评分 8.2， verdict: 通过
[2026-05-18 21:09:44] [Reviewer] [INFO] 结果: success
[2026-05-18 21:09:44] [Reviewer] [INFO] ============================================================
[2026-05-18 21:09:44] [Reviewer] [INFO] Reviewer Agent 启动
[2026-05-18 21:09:44] [Reviewer] [INFO] ============================================================
[2026-05-18 21:09:44] [Reviewer] [INFO] 正在审查第874章...
[2026-05-18 21:09:44] [Reviewer] [INFO] 第893章审查完成：评分 8.5， verdict: 通过
[2026-05-18 21:09:44] [Reviewer] [INFO] 结果: success
[2026-05-18 21:09:44] [Reviewer] [INFO] ============================================================
[2026-05-18 21:09:44] [Reviewer] [INFO] Reviewer Agent 启动
[2026-05-18 21:09:44] [Reviewer] [INFO] ============================================================
[2026-05-18 21:09:44] [Reviewer] [INFO] 正在审查第894章...
[2026-05-18 21:09:44] [Reviewer] [INFO] 第897章审查完成：评分 8.2， verdict: 通过
[2026-05-18 21:09:44] [Reviewer] [INFO] 结果: success
[2026-05-18 21:09:44] [Reviewer] [INFO] ============================================================
[2026-05-18 21:09:44] [Reviewer] [INFO] Reviewer Agent 启动
[2026-05-18 21:09:44] [Reviewer] [INFO] ============================================================
[2026-05-18 21:09:44] [Reviewer] [INFO] 正在审查第898章...
[2026-05-18 21:09:44] [Reviewer] [INFO] 第891章审查完成：评分 8.3， verdict: 通过
[2026-05-18 21:09:44] [Reviewer] [INFO] 结果: success
[2026-05-18 21:09:44] [Reviewer] [INFO] ============================================================
[2026-05-18 21:09:44] [Reviewer] [INFO] Reviewer Agent 启动
[2026-05-18 21:09:44] [Reviewer] [INFO] ============================================================
[2026-05-18 21:09:44] [Reviewer] [INFO] 正在审查第892章...
[2026-05-18 21:09:45] [Reviewer] [INFO] 第895章审查完成：评分 7.8， verdict: 需修改
[2026-05-18 21:09:45] [Reviewer] [INFO] 结果: success
[2026-05-18 21:09:45] [Reviewer] [INFO] ============================================================
[2026-05-18 21:09:45] [Reviewer] [INFO] Reviewer Agent 启动
[2026-05-18 21:09:45] [Reviewer] [INFO] ============================================================
[2026-05-18 21:09:45] [Reviewer] [INFO] 正在审查第896章...
[2026-05-18 21:09:45] [Reviewer] [INFO] 第887章审查完成：评分 7.8， verdict: 通过
[2026-05-18 21:09:45] [Reviewer] [INFO] 结果: success
[2026-05-18 21:09:45] [Reviewer] [INFO] 第871章审查完成：评分 7.4， verdict: 需修改
[2026-05-18 21:09:45] [Reviewer] [INFO] 结果: success
[2026-05-18 21:09:45] [Reviewer] [INFO] ============================================================
[2026-05-18 21:09:45] [Reviewer] [INFO] Reviewer Agent 启动
[2026-05-18 21:09:45] [Reviewer] [INFO] ============================================================
[2026-05-18 21:09:45] [Reviewer] [INFO] 正在审查第888章...
[2026-05-18 21:09:45] [Reviewer] [INFO] ============================================================
[2026-05-18 21:09:45] [Reviewer] [INFO] Reviewer Agent 启动
[2026-05-18 21:09:45] [Reviewer] [INFO] ============================================================
[2026-05-18 21:09:45] [Reviewer] [INFO] 正在审查第872章...
[2026-05-18 21:09:45] [Reviewer] [INFO] 第865章审查完成：评分 8.3， verdict: 通过
[2026-05-18 21:09:45] [Reviewer] [INFO] 结果: success
[2026-05-18 21:09:45] [Reviewer] [INFO] ============================================================
[2026-05-18 21:09:45] [Reviewer] [INFO] Reviewer Agent 启动
[2026-05-18 21:09:45] [Reviewer] [INFO] ============================================================
[2026-05-18 21:09:46] [Reviewer] [INFO] 正在审查第866章...
[2026-05-18 21:09:46] [Reviewer] [INFO] 第877章审查完成：评分 7.8， verdict: 通过
[2026-05-18 21:09:46] [Reviewer] [INFO] 结果: success
[2026-05-18 21:09:46] [Reviewer] [INFO] ============================================================
[2026-05-18 21:09:46] [Reviewer] [INFO] Reviewer Agent 启动
[2026-05-18 21:09:46] [Reviewer] [INFO] ============================================================
[2026-05-18 21:09:46] [Reviewer] [INFO] 正在审查第878章...
[2026-05-18 21:09:47] [Reviewer] [INFO] 第881章审查完成：评分 8.0， verdict: 通过
[2026-05-18 21:09:47] [Reviewer] [INFO] 结果: success
[2026-05-18 21:09:47] [Reviewer] [INFO] ============================================================
[2026-05-18 21:09:47] [Reviewer] [INFO] Reviewer Agent 启动
[2026-05-18 21:09:47] [Reviewer] [INFO] ============================================================
[2026-05-18 21:09:47] [Reviewer] [INFO] 正在审查第882章...
[2026-05-18 21:09:53] [Reviewer] [INFO] 第879章审查完成：评分 8.6， verdict: 通过
[2026-05-18 21:09:53] [Reviewer] [INFO] 结果: success
[2026-05-18 21:09:53] [Reviewer] [INFO] ============================================================
[2026-05-18 21:09:53] [Reviewer] [INFO] Reviewer Agent 启动
[2026-05-18 21:09:53] [Reviewer] [INFO] ============================================================
[2026-05-18 21:09:53] [Reviewer] [INFO] 正在审查第880章...
[2026-05-18 21:09:54] [Reviewer] [INFO] 第875章审查完成：评分 7.3， verdict: 需修改
[2026-05-18 21:09:54] [Reviewer] [INFO] 结果: success
[2026-05-18 21:09:54] [Reviewer] [INFO] ============================================================
[2026-05-18 21:09:54] [Reviewer] [INFO] Reviewer Agent 启动
[2026-05-18 21:09:54] [Reviewer] [INFO] ============================================================
[2026-05-18 21:09:54] [Reviewer] [INFO] 正在审查第876章...
[2026-05-18 21:09:58] [Reviewer] [INFO] 第900章审查完成：评分 8.2， verdict: 通过
[2026-05-18 21:09:58] [Reviewer] [INFO] 结果: success
[2026-05-18 21:10:01] [Reviewer] [INFO] 第902章审查完成：评分 7.8， verdict: 需修改
[2026-05-18 21:10:01] [Reviewer] [INFO] 结果: success
[2026-05-18 21:10:02] [Reviewer] [INFO] 第898章审查完成：评分 8.2， verdict: 通过
[2026-05-18 21:10:02] [Reviewer] [INFO] 结果: success
[2026-05-18 21:10:03] [Reviewer] [INFO] 第874章审查完成：评分 8.3， verdict: 通过
[2026-05-18 21:10:03] [Reviewer] [INFO] 结果: success
[2026-05-18 21:10:04] [Reviewer] [INFO] 第894章审查完成：评分 8.4， verdict: 通过
[2026-05-18 21:10:04] [Reviewer] [INFO] 结果: success
[2026-05-18 21:10:05] [Reviewer] [INFO] 第870章审查完成：评分 8.5， verdict: 通过
[2026-05-18 21:10:05] [Reviewer] [INFO] 结果: success
[2026-05-18 21:10:05] [Reviewer] [INFO] 第882章审查完成：评分 8.4， verdict: 通过
[2026-05-18 21:10:05] [Reviewer] [INFO] 结果: success
[2026-05-18 21:10:05] [Reviewer] [INFO] 第866章审查完成：评分 8.0， verdict: 通过
[2026-05-18 21:10:05] [Reviewer] [INFO] 结果: success
[2026-05-18 21:10:06] [Reviewer] [INFO] 第884章审查完成：评分 7.4， verdict: 需修改
[2026-05-18 21:10:06] [Reviewer] [INFO] 结果: success
[2026-05-18 21:10:06] [Reviewer] [INFO] 第896章审查完成：评分 7.5， verdict: 通过
[2026-05-18 21:10:06] [Reviewer] [INFO] 结果: success
[2026-05-18 21:10:06] [Reviewer] [INFO] 第886章审查完成：评分 8.2， verdict: 通过
[2026-05-18 21:10:06] [Reviewer] [INFO] 结果: success
[2026-05-18 21:10:07] [Reviewer] [INFO] 第864章审查完成：评分 7.6， verdict: 通过
[2026-05-18 21:10:07] [Reviewer] [INFO] 结果: success
[2026-05-18 21:10:09] [Reviewer] [INFO] 第868章审查完成：评分 7.6， verdict: 需修改
[2026-05-18 21:10:09] [Reviewer] [INFO] 结果: success
[2026-05-18 21:10:10] [Reviewer] [INFO] 第888章审查完成：评分 7.7， verdict: 通过
[2026-05-18 21:10:10] [Reviewer] [INFO] 结果: success
[2026-05-18 21:10:11] [Reviewer] [INFO] 第890章审查完成：评分 7.8， verdict: 需修改
[2026-05-18 21:10:11] [Reviewer] [INFO] 结果: success
[2026-05-18 21:10:11] [Reviewer] [INFO] 第872章审查完成：评分 7.6， verdict: 通过
[2026-05-18 21:10:11] [Reviewer] [INFO] 结果: success
[2026-05-18 21:10:15] [Reviewer] [INFO] 第876章审查完成：评分 8.2， verdict: 通过
[2026-05-18 21:10:15] [Reviewer] [INFO] 结果: success
[2026-05-18 21:10:17] [Reviewer] [INFO] 第878章审查完成：评分 7.2， verdict: 需修改
[2026-05-18 21:10:17] [Reviewer] [INFO] 结果: success
[2026-05-18 21:10:18] [Reviewer] [INFO] 第880章审查完成：评分 8.2， verdict: 通过
[2026-05-18 21:10:18] [Reviewer] [INFO] 结果: success
[2026-05-18 21:10:20] [Reviewer] [INFO] 第892章审查完成：评分 6.8， verdict: 需修改
[2026-05-18 21:10:20] [Reviewer] [INFO] 结果: success
[2026-05-18 21:10:22] [Reviewer] [INFO] ============================================================
[2026-05-18 21:10:22] [Reviewer] [INFO] Reviewer Agent 启动
[2026-05-18 21:10:22] [Reviewer] [INFO] ============================================================
[2026-05-18 21:10:22] [Reviewer] [INFO] 正在审查第885章...
[2026-05-18 21:10:22] [Reviewer] [INFO] ============================================================
[2026-05-18 21:10:22] [Reviewer] [INFO] Reviewer Agent 启动
[2026-05-18 21:10:22] [Reviewer] [INFO] ============================================================
[2026-05-18 21:10:22] [Reviewer] [INFO] Reviewer Agent 启动
[2026-05-18 21:10:22] [Reviewer] [INFO] ============================================================
[2026-05-18 21:10:22] [Reviewer] [INFO] ============================================================
[2026-05-18 21:10:22] [Reviewer] [INFO] Reviewer Agent 启动
[2026-05-18 21:10:22] [Reviewer] [INFO] ============================================================
[2026-05-18 21:10:22] [Reviewer] [INFO] 正在审查第904章...
[2026-05-18 21:10:22] [Reviewer] [INFO] 正在审查第906章...
[2026-05-18 21:10:22] [Reviewer] [INFO] 正在审查第908章...
[2026-05-18 21:10:22] [Reviewer] [INFO] ============================================================
[2026-05-18 21:10:22] [Reviewer] [INFO] Reviewer Agent 启动
[2026-05-18 21:10:22] [Reviewer] [INFO] ============================================================
[2026-05-18 21:10:22] [Reviewer] [INFO] ============================================================
[2026-05-18 21:10:22] [Reviewer] [INFO] Reviewer Agent 启动
[2026-05-18 21:10:22] [Reviewer] [INFO] ============================================================
[2026-05-18 21:10:22] [Reviewer] [INFO] 正在审查第910章...
[2026-05-18 21:10:22] [Reviewer] [INFO] 正在审查第914章...
[2026-05-18 21:10:22] [Reviewer] [INFO] ============================================================
[2026-05-18 21:10:22] [Reviewer] [INFO] Reviewer Agent 启动
[2026-05-18 21:10:22] [Reviewer] [INFO] ============================================================
[2026-05-18 21:10:22] [Reviewer] [INFO] ============================================================
[2026-05-18 21:10:22] [Reviewer] [INFO] ============================================================
[2026-05-18 21:10:22] [Reviewer] [INFO] Reviewer Agent 启动
[2026-05-18 21:10:22] [Reviewer] [INFO] Reviewer Agent 启动
[2026-05-18 21:10:22] [Reviewer] [INFO] ============================================================
[2026-05-18 21:10:22] [Reviewer] [INFO] ============================================================
[2026-05-18 21:10:22] [Reviewer] [INFO] 正在审查第912章...
[2026-05-18 21:10:22] [Reviewer] [INFO] 正在审查第916章...
[2026-05-18 21:10:22] [Reviewer] [INFO] 正在审查第920章...
[2026-05-18 21:10:22] [Reviewer] [INFO] ============================================================
[2026-05-18 21:10:22] [Reviewer] [INFO] Reviewer Agent 启动
[2026-05-18 21:10:22] [Reviewer] [INFO] ============================================================
[2026-05-18 21:10:22] [Reviewer] [INFO] ============================================================
[2026-05-18 21:10:22] [Reviewer] [INFO] Reviewer Agent 启动
[2026-05-18 21:10:22] [Reviewer] [INFO] ============================================================
[2026-05-18 21:10:22] [Reviewer] [INFO] 正在审查第924章...
[2026-05-18 21:10:22] [Reviewer] [INFO] 正在审查第918章...
[2026-05-18 21:10:22] [Reviewer] [INFO] ============================================================
[2026-05-18 21:10:22] [Reviewer] [INFO] Reviewer Agent 启动
[2026-05-18 21:10:22] [Reviewer] [INFO] ============================================================
[2026-05-18 21:10:22] [Reviewer] [INFO] 正在审查第936章...
[2026-05-18 21:10:22] [Reviewer] [INFO] ============================================================
[2026-05-18 21:10:22] [Reviewer] [INFO] Reviewer Agent 启动
[2026-05-18 21:10:22] [Reviewer] [INFO] ============================================================
[2026-05-18 21:10:22] [Reviewer] [INFO] ============================================================
[2026-05-18 21:10:22] [Reviewer] [INFO] Reviewer Agent 启动
[2026-05-18 21:10:22] [Reviewer] [INFO] ============================================================
[2026-05-18 21:10:22] [Reviewer] [INFO] ============================================================
[2026-05-18 21:10:22] [Reviewer] [INFO] Reviewer Agent 启动
[2026-05-18 21:10:22] [Reviewer] [INFO] ============================================================
[2026-05-18 21:10:22] [Reviewer] [INFO] ============================================================
[2026-05-18 21:10:22] [Reviewer] [INFO] Reviewer Agent 启动
[2026-05-18 21:10:22] [Reviewer] [INFO] ============================================================
[2026-05-18 21:10:22] [Reviewer] [INFO] 正在审查第930章...
[2026-05-18 21:10:22] [Reviewer] [INFO] 正在审查第926章...
[2026-05-18 21:10:22] [Reviewer] [INFO] ============================================================
[2026-05-18 21:10:22] [Reviewer] [INFO] 正在审查第928章...
[2026-05-18 21:10:22] [Reviewer] [INFO] Reviewer Agent 启动
[2026-05-18 21:10:22] [Reviewer] [INFO] ============================================================
[2026-05-18 21:10:22] [Reviewer] [INFO] 正在审查第940章...
[2026-05-18 21:10:22] [Reviewer] [INFO] ============================================================
[2026-05-18 21:10:22] [Reviewer] [INFO] Reviewer Agent 启动
[2026-05-18 21:10:22] [Reviewer] [INFO] 正在审查第922章...
[2026-05-18 21:10:22] [Reviewer] [INFO] ============================================================
[2026-05-18 21:10:22] [Reviewer] [INFO] ============================================================
[2026-05-18 21:10:22] [Reviewer] [INFO] Reviewer Agent 启动
[2026-05-18 21:10:22] [Reviewer] [INFO] ============================================================
[2026-05-18 21:10:22] [Reviewer] [INFO] ============================================================
[2026-05-18 21:10:22] [Reviewer] [INFO] Reviewer Agent 启动
[2026-05-18 21:10:22] [Reviewer] [INFO] ============================================================
[2026-05-18 21:10:22] [Reviewer] [INFO] 正在审查第934章...
[2026-05-18 21:10:22] [Reviewer] [INFO] 正在审查第932章...
[2026-05-18 21:10:22] [Reviewer] [INFO] 正在审查第938章...
[2026-05-18 21:10:41] [Reviewer] [INFO] 第904章审查完成：评分 8.2， verdict: 通过
[2026-05-18 21:10:41] [Reviewer] [INFO] 结果: success
[2026-05-18 21:10:41] [Reviewer] [INFO] ============================================================
[2026-05-18 21:10:41] [Reviewer] [INFO] Reviewer Agent 启动
[2026-05-18 21:10:41] [Reviewer] [INFO] ============================================================
[2026-05-18 21:10:41] [Reviewer] [INFO] 正在审查第905章...
[2026-05-18 21:10:42] [Reviewer] [INFO] 第908章审查完成：评分 7.8， verdict: 需修改
[2026-05-18 21:10:42] [Reviewer] [INFO] 结果: success
[2026-05-18 21:10:42] [Reviewer] [INFO] 第906章审查完成：评分 8.0， verdict: 通过
[2026-05-18 21:10:42] [Reviewer] [INFO] 结果: success
[2026-05-18 21:10:42] [Reviewer] [INFO] ============================================================
[2026-05-18 21:10:42] [Reviewer] [INFO] Reviewer Agent 启动
[2026-05-18 21:10:42] [Reviewer] [INFO] ============================================================
[2026-05-18 21:10:42] [Reviewer] [INFO] 正在审查第909章...
[2026-05-18 21:10:42] [Reviewer] [INFO] ============================================================
[2026-05-18 21:10:42] [Reviewer] [INFO] Reviewer Agent 启动
[2026-05-18 21:10:42] [Reviewer] [INFO] ============================================================
[2026-05-18 21:10:42] [Reviewer] [INFO] 正在审查第907章...
[2026-05-18 21:10:43] [Reviewer] [INFO] 第940章审查完成：评分 7.2， verdict: 需修改
[2026-05-18 21:10:43] [Reviewer] [INFO] 结果: success
[2026-05-18 21:10:43] [Reviewer] [INFO] ============================================================
[2026-05-18 21:10:43] [Reviewer] [INFO] Reviewer Agent 启动
[2026-05-18 21:10:43] [Reviewer] [INFO] ============================================================
[2026-05-18 21:10:43] [Reviewer] [INFO] 正在审查第941章...
[2026-05-18 21:10:43] [Reviewer] [INFO] 第885章审查完成：评分 7.2， verdict: 需修改
[2026-05-18 21:10:43] [Reviewer] [INFO] 结果: success
[2026-05-18 21:10:43] [Reviewer] [INFO] ============================================================
[2026-05-18 21:10:43] [Reviewer] [INFO] Reviewer Agent 启动
[2026-05-18 21:10:43] [Reviewer] [INFO] ============================================================
[2026-05-18 21:10:43] [Reviewer] [INFO] 正在审查第903章...
[2026-05-18 21:10:44] [Reviewer] [INFO] 第932章审查完成：评分 8.0， verdict: 通过
[2026-05-18 21:10:44] [Reviewer] [INFO] 结果: success
[2026-05-18 21:10:44] [Reviewer] [INFO] ============================================================
[2026-05-18 21:10:44] [Reviewer] [INFO] Reviewer Agent 启动
[2026-05-18 21:10:44] [Reviewer] [INFO] ============================================================
[2026-05-18 21:10:44] [Reviewer] [INFO] 正在审查第933章...
[2026-05-18 21:10:44] [Reviewer] [INFO] 第920章审查完成：评分 7.6， verdict: 需修改
[2026-05-18 21:10:44] [Reviewer] [INFO] 结果: success
[2026-05-18 21:10:44] [Reviewer] [INFO] ============================================================
[2026-05-18 21:10:44] [Reviewer] [INFO] Reviewer Agent 启动
[2026-05-18 21:10:44] [Reviewer] [INFO] ============================================================
[2026-05-18 21:10:44] [Reviewer] [INFO] 正在审查第921章...
[2026-05-18 21:10:46] [Reviewer] [INFO] 第924章审查完成：评分 8.2， verdict: 通过
[2026-05-18 21:10:46] [Reviewer] [INFO] 结果: success
[2026-05-18 21:10:46] [Reviewer] [INFO] ============================================================
[2026-05-18 21:10:46] [Reviewer] [INFO] Reviewer Agent 启动
[2026-05-18 21:10:46] [Reviewer] [INFO] ============================================================
[2026-05-18 21:10:46] [Reviewer] [INFO] 正在审查第925章...
[2026-05-18 21:10:46] [Reviewer] [INFO] 第934章审查完成：评分 8.3， verdict: 通过
[2026-05-18 21:10:46] [Reviewer] [INFO] 结果: success
[2026-05-18 21:10:46] [Reviewer] [INFO] ============================================================
[2026-05-18 21:10:46] [Reviewer] [INFO] Reviewer Agent 启动
[2026-05-18 21:10:46] [Reviewer] [INFO] ============================================================
[2026-05-18 21:10:46] [Reviewer] [INFO] 正在审查第935章...
[2026-05-18 21:10:46] [Reviewer] [INFO] 第936章审查完成：评分 8.2， verdict: 通过
[2026-05-18 21:10:46] [Reviewer] [INFO] 结果: success
[2026-05-18 21:10:47] [Reviewer] [INFO] ============================================================
[2026-05-18 21:10:47] [Reviewer] [INFO] Reviewer Agent 启动
[2026-05-18 21:10:47] [Reviewer] [INFO] ============================================================
[2026-05-18 21:10:47] [Reviewer] [INFO] 正在审查第937章...
[2026-05-18 21:10:47] [Reviewer] [INFO] 第912章审查完成：评分 8.0， verdict: 通过
[2026-05-18 21:10:47] [Reviewer] [INFO] 结果: success
[2026-05-18 21:10:47] [Reviewer] [INFO] ============================================================
[2026-05-18 21:10:47] [Reviewer] [INFO] Reviewer Agent 启动
[2026-05-18 21:10:47] [Reviewer] [INFO] ============================================================
[2026-05-18 21:10:47] [Reviewer] [INFO] 正在审查第913章...
[2026-05-18 21:10:47] [Reviewer] [INFO] 第910章审查完成：评分 8.1， verdict: 通过
[2026-05-18 21:10:47] [Reviewer] [INFO] 结果: success
[2026-05-18 21:10:47] [Reviewer] [INFO] ============================================================
[2026-05-18 21:10:47] [Reviewer] [INFO] Reviewer Agent 启动
[2026-05-18 21:10:47] [Reviewer] [INFO] ============================================================
[2026-05-18 21:10:47] [Reviewer] [INFO] 正在审查第911章...
[2026-05-18 21:10:49] [Reviewer] [INFO] 第930章审查完成：评分 8.5， verdict: 通过
[2026-05-18 21:10:49] [Reviewer] [INFO] 结果: success
[2026-05-18 21:10:49] [Reviewer] [INFO] 第938章审查完成：评分 7.8， verdict: 需修改
[2026-05-18 21:10:49] [Reviewer] [INFO] 结果: success
[2026-05-18 21:10:49] [Reviewer] [INFO] ============================================================
[2026-05-18 21:10:49] [Reviewer] [INFO] Reviewer Agent 启动
[2026-05-18 21:10:49] [Reviewer] [INFO] ============================================================
[2026-05-18 21:10:49] [Reviewer] [INFO] 正在审查第931章...
[2026-05-18 21:10:49] [Reviewer] [INFO] ============================================================
[2026-05-18 21:10:49] [Reviewer] [INFO] Reviewer Agent 启动
[2026-05-18 21:10:49] [Reviewer] [INFO] ============================================================
[2026-05-18 21:10:49] [Reviewer] [INFO] 正在审查第939章...
[2026-05-18 21:10:50] [Reviewer] [INFO] 第928章审查完成：评分 8.5， verdict: 通过
[2026-05-18 21:10:50] [Reviewer] [INFO] 结果: success
[2026-05-18 21:10:50] [Reviewer] [INFO] 第914章审查完成：评分 7.1， verdict: 需修改
[2026-05-18 21:10:50] [Reviewer] [INFO] 结果: success
[2026-05-18 21:10:50] [Reviewer] [INFO] ============================================================
[2026-05-18 21:10:50] [Reviewer] [INFO] Reviewer Agent 启动
[2026-05-18 21:10:50] [Reviewer] [INFO] ============================================================
[2026-05-18 21:10:50] [Reviewer] [INFO] 正在审查第929章...
[2026-05-18 21:10:50] [Reviewer] [INFO] ============================================================
[2026-05-18 21:10:50] [Reviewer] [INFO] Reviewer Agent 启动
[2026-05-18 21:10:50] [Reviewer] [INFO] ============================================================
[2026-05-18 21:10:50] [Reviewer] [INFO] 正在审查第915章...
[2026-05-18 21:10:51] [Reviewer] [INFO] 第918章审查完成：评分 8.2， verdict: 通过
[2026-05-18 21:10:51] [Reviewer] [INFO] 结果: success
[2026-05-18 21:10:51] [Reviewer] [INFO] ============================================================
[2026-05-18 21:10:51] [Reviewer] [INFO] Reviewer Agent 启动
[2026-05-18 21:10:51] [Reviewer] [INFO] ============================================================
[2026-05-18 21:10:51] [Reviewer] [INFO] 正在审查第919章...
[2026-05-18 21:10:53] [Reviewer] [INFO] 第926章审查完成：评分 8.0， verdict: 需修改
[2026-05-18 21:10:53] [Reviewer] [INFO] 结果: success
[2026-05-18 21:10:53] [Reviewer] [INFO] ============================================================
[2026-05-18 21:10:53] [Reviewer] [INFO] Reviewer Agent 启动
[2026-05-18 21:10:53] [Reviewer] [INFO] ============================================================
[2026-05-18 21:10:53] [Reviewer] [INFO] 正在审查第927章...
[2026-05-18 21:10:53] [Reviewer] [INFO] 第916章审查完成：评分 8.2， verdict: 通过
[2026-05-18 21:10:53] [Reviewer] [INFO] 结果: success
[2026-05-18 21:10:53] [Reviewer] [INFO] ============================================================
[2026-05-18 21:10:53] [Reviewer] [INFO] Reviewer Agent 启动
[2026-05-18 21:10:53] [Reviewer] [INFO] ============================================================
[2026-05-18 21:10:53] [Reviewer] [INFO] 正在审查第917章...
[2026-05-18 21:10:57] [Reviewer] [INFO] 第922章审查完成：评分 8.2， verdict: 通过
[2026-05-18 21:10:57] [Reviewer] [INFO] 结果: success
[2026-05-18 21:10:57] [Reviewer] [INFO] ============================================================
[2026-05-18 21:10:57] [Reviewer] [INFO] Reviewer Agent 启动
[2026-05-18 21:10:57] [Reviewer] [INFO] ============================================================
[2026-05-18 21:10:57] [Reviewer] [INFO] 正在审查第923章...
[2026-05-18 21:11:04] [Reviewer] [INFO] 第941章审查完成：评分 7.6， verdict: 需修改
[2026-05-18 21:11:04] [Reviewer] [INFO] 结果: success
[2026-05-18 21:11:05] [Reviewer] [INFO] 第933章审查完成：评分 7.3， verdict: 需修改
[2026-05-18 21:11:05] [Reviewer] [INFO] 结果: success
[2026-05-18 21:11:06] [Reviewer] [INFO] 第905章审查完成：评分 7.4， verdict: 需修改
[2026-05-18 21:11:06] [Reviewer] [INFO] 结果: success
[2026-05-18 21:11:06] [Reviewer] [INFO] 第903章审查完成：评分 8.2， verdict: 通过
[2026-05-18 21:11:06] [Reviewer] [INFO] 结果: success
[2026-05-18 21:11:09] [Reviewer] [INFO] 第911章审查完成：评分 8.5， verdict: 通过
[2026-05-18 21:11:09] [Reviewer] [INFO] 结果: success
[2026-05-18 21:11:10] [Reviewer] [INFO] 第939章审查完成：评分 7.8， verdict: 需修改
[2026-05-18 21:11:10] [Reviewer] [INFO] 结果: success
[2026-05-18 21:11:10] [Reviewer] [INFO] 第909章审查完成：评分 7.5， verdict: 需修改
[2026-05-18 21:11:10] [Reviewer] [INFO] 结果: success
[2026-05-18 21:11:11] [Reviewer] [INFO] 第907章审查完成：评分 8.3， verdict: 通过
[2026-05-18 21:11:11] [Reviewer] [INFO] 结果: success
[2026-05-18 21:11:12] [Reviewer] [INFO] 第929章审查完成：评分 7.8， verdict: 需修改
[2026-05-18 21:11:12] [Reviewer] [INFO] 结果: success
[2026-05-18 21:11:13] [Reviewer] [INFO] 第931章审查完成：评分 7.8， verdict: 通过
[2026-05-18 21:11:13] [Reviewer] [INFO] 结果: success
[2026-05-18 21:11:14] [Reviewer] [INFO] 第937章审查完成：评分 8.3， verdict: 通过
[2026-05-18 21:11:14] [Reviewer] [INFO] 结果: success
[2026-05-18 21:11:16] [Reviewer] [INFO] 第925章审查完成：评分 8.0， verdict: 通过
[2026-05-18 21:11:16] [Reviewer] [INFO] 结果: success
[2026-05-18 21:11:17] [Reviewer] [INFO] 第921章审查完成：评分 7.8， verdict: 需修改
[2026-05-18 21:11:17] [Reviewer] [INFO] 结果: success
[2026-05-18 21:11:18] [Reviewer] [INFO] 第919章审查完成：评分 7.6， verdict: 需修改
[2026-05-18 21:11:18] [Reviewer] [INFO] 结果: success
[2026-05-18 21:11:19] [Reviewer] [INFO] 第913章审查完成：评分 7.8， verdict: 需修改
[2026-05-18 21:11:19] [Reviewer] [INFO] 结果: success
[2026-05-18 21:11:19] [Reviewer] [INFO] 第915章审查完成：评分 7.5， verdict: 需修改
[2026-05-18 21:11:19] [Reviewer] [INFO] 结果: success
[2026-05-18 21:11:20] [Reviewer] [INFO] 第935章审查完成：评分 8.3， verdict: 通过
[2026-05-18 21:11:20] [Reviewer] [INFO] 结果: success
[2026-05-18 21:11:22] [Reviewer] [INFO] 第927章审查完成：评分 7.5， verdict: 需修改
[2026-05-18 21:11:22] [Reviewer] [INFO] 结果: success
[2026-05-18 21:11:24] [Reviewer] [INFO] 第917章审查完成：评分 6.5， verdict: 需修改
[2026-05-18 21:11:24] [Reviewer] [INFO] 结果: success
[2026-05-18 21:11:25] [Reviewer] [INFO] 第923章审查完成：评分 8.3， verdict: 通过
[2026-05-18 21:11:25] [Reviewer] [INFO] 结果: success
[2026-05-18 21:11:27] [Reviewer] [INFO] ============================================================
[2026-05-18 21:11:27] [Reviewer] [INFO] Reviewer Agent 启动
[2026-05-18 21:11:27] [Reviewer] [INFO] ============================================================
[2026-05-18 21:11:27] [Reviewer] [INFO] ============================================================
[2026-05-18 21:11:27] [Reviewer] [INFO] Reviewer Agent 启动
[2026-05-18 21:11:27] [Reviewer] [INFO] ============================================================
[2026-05-18 21:11:27] [Reviewer] [INFO] 正在审查第946章...
[2026-05-18 21:11:27] [Reviewer] [INFO] 正在审查第944章...
[2026-05-18 21:11:27] [Reviewer] [INFO] ============================================================
[2026-05-18 21:11:27] [Reviewer] [INFO] Reviewer Agent 启动
[2026-05-18 21:11:27] [Reviewer] [INFO] ============================================================
[2026-05-18 21:11:27] [Reviewer] [INFO] ============================================================
[2026-05-18 21:11:27] [Reviewer] [INFO] Reviewer Agent 启动
[2026-05-18 21:11:27] [Reviewer] [INFO] ============================================================
[2026-05-18 21:11:27] [Reviewer] [INFO] 正在审查第954章...
[2026-05-18 21:11:27] [Reviewer] [INFO] ============================================================
[2026-05-18 21:11:27] [Reviewer] [INFO] Reviewer Agent 启动
[2026-05-18 21:11:27] [Reviewer] [INFO] ============================================================
[2026-05-18 21:11:27] [Reviewer] [INFO] ============================================================
[2026-05-18 21:11:27] [Reviewer] [INFO] 正在审查第950章...
[2026-05-18 21:11:27] [Reviewer] [INFO] ============================================================
[2026-05-18 21:11:27] [Reviewer] [INFO] Reviewer Agent 启动
[2026-05-18 21:11:27] [Reviewer] [INFO] Reviewer Agent 启动
[2026-05-18 21:11:27] [Reviewer] [INFO] Reviewer Agent 启动
[2026-05-18 21:11:27] [Reviewer] [INFO] Reviewer Agent 启动
[2026-05-18 21:11:27] [Reviewer] [INFO] ============================================================
[2026-05-18 21:11:27] [Reviewer] [INFO] ============================================================
[2026-05-18 21:11:27] [Reviewer] [INFO] ============================================================
[2026-05-18 21:11:27] [Reviewer] [INFO] ============================================================
[2026-05-18 21:11:27] [Reviewer] [INFO] 正在审查第960章...
==================================
[2026-05-18 21:11:27] [Reviewer] [INFO] Reviewer Agent 启动
[2026-05-18 21:11:27] [Reviewer] [INFO] ============================================================
[2026-05-18 21:11:27] [Reviewer] [INFO] ============================================================
[2026-05-18 21:11:27] [Reviewer] [INFO] ============================================================
[2026-05-18 21:11:27] [Reviewer] [INFO] ============================================================
[2026-05-18 21:11:27] [Reviewer] [INFO] Reviewer Agent 启动
[2026-05-18 21:11:27] [Reviewer] [INFO] Reviewer Agent 启动
[2026-05-18 21:11:27] [Reviewer] [INFO] ============================================================
[2026-05-18 21:11:27] [Reviewer] [INFO] ============================================================
[2026-05-18 21:11:27] [Reviewer] [INFO] 正在审查第966章...
[2026-05-18 21:11:27] [Reviewer] [INFO] ============================================================
[2026-05-18 21:11:27] [Reviewer] [INFO] ============================================================
[2026-05-18 21:11:27] [Reviewer] [INFO] Reviewer Agent 启动
[2026-05-18 21:11:27] [Reviewer] [INFO] Reviewer Agent 启动
[2026-05-18 21:11:27] [Reviewer] [INFO] ============================================================
[2026-05-18 21:11:27] [Reviewer] [INFO] ============================================================
[2026-05-18 21:11:27] [Reviewer] [INFO] 正在审查第972章...
[2026-05-18 21:11:27] [Reviewer] [INFO] 正在审查第948章...
[2026-05-18 21:11:27] [Reviewer] [INFO] 正在审查第942章...
[2026-05-18 21:11:27] [Reviewer] [INFO] 正在审查第976章...
[2026-05-18 21:11:27] [Reviewer] [INFO] 正在审查第968章...
[2026-05-18 21:11:27] [Reviewer] [INFO] 正在审查第962章...
[2026-05-18 21:11:27] [Reviewer] [INFO] 正在审查第978章...
[2026-05-18 21:11:27] [Reviewer] [INFO] 正在审查第964章...
[2026-05-18 21:11:27] [Reviewer] [INFO] 正在审查第980章...
[2026-05-18 21:11:27] [Reviewer] [INFO] 正在审查第958章...
[2026-05-18 21:11:27] [Reviewer] [INFO] 正在审查第974章...
[2026-05-18 21:11:27] [Reviewer] [INFO] 正在审查第970章...
[2026-05-18 21:11:27] [Reviewer] [INFO] 正在审查第952章...
[2026-05-18 21:11:47] [Reviewer] [INFO] 第944章审查完成：评分 7.5， verdict: 通过
[2026-05-18 21:11:47] [Reviewer] [INFO] 结果: success
[2026-05-18 21:11:47] [Reviewer] [INFO] ============================================================
[2026-05-18 21:11:47] [Reviewer] [INFO] Reviewer Agent 启动
[2026-05-18 21:11:47] [Reviewer] [INFO] ============================================================
[2026-05-18 21:11:47] [Reviewer] [INFO] 正在审查第945章...
[2026-05-18 21:11:48] [Reviewer] [INFO] 第948章审查完成：评分 8.0， verdict: 通过
[2026-05-18 21:11:48] [Reviewer] [INFO] 结果: success
[2026-05-18 21:11:48] [Reviewer] [INFO] 第968章审查完成：评分 7.8， verdict: 通过
[2026-05-18 21:11:48] [Reviewer] [INFO] 结果: success
[2026-05-18 21:11:48] [Reviewer] [INFO] ============================================================
[2026-05-18 21:11:48] [Reviewer] [INFO] Reviewer Agent 启动
[2026-05-18 21:11:48] [Reviewer] [INFO] ============================================================
[2026-05-18 21:11:48] [Reviewer] [INFO] 正在审查第949章...
[2026-05-18 21:11:48] [Reviewer] [INFO] ============================================================
[2026-05-18 21:11:48] [Reviewer] [INFO] Reviewer Agent 启动
[2026-05-18 21:11:48] [Reviewer] [INFO] ============================================================
[2026-05-18 21:11:48] [Reviewer] [INFO] 正在审查第969章...
[2026-05-18 21:11:48] [Reviewer] [INFO] 第954章审查完成：评分 8.4， verdict: 通过
[2026-05-18 21:11:48] [Reviewer] [INFO] 结果: success
[2026-05-18 21:11:48] [Reviewer] [INFO] ============================================================
[2026-05-18 21:11:48] [Reviewer] [INFO] Reviewer Agent 启动
[2026-05-18 21:11:48] [Reviewer] [INFO] ============================================================
[2026-05-18 21:11:48] [Reviewer] [INFO] 正在审查第955章...
[2026-05-18 21:11:48] [Reviewer] [INFO] 第972章审查完成：评分 8.0， verdict: 通过
[2026-05-18 21:11:48] [Reviewer] [INFO] 结果: success
[2026-05-18 21:11:48] [Reviewer] [INFO] ============================================================
[2026-05-18 21:11:48] [Reviewer] [INFO] Reviewer Agent 启动
[2026-05-18 21:11:48] [Reviewer] [INFO] ============================================================
[2026-05-18 21:11:48] [Reviewer] [INFO] 正在审查第973章...
[2026-05-18 21:11:50] [Reviewer] [INFO] 第950章审查完成：评分 8.0， verdict: 通过
[2026-05-18 21:11:50] [Reviewer] [INFO] 结果: success
[2026-05-18 21:11:50] [Reviewer] [INFO] ============================================================
[2026-05-18 21:11:50] [Reviewer] [INFO] Reviewer Agent 启动
[2026-05-18 21:11:50] [Reviewer] [INFO] ============================================================
[2026-05-18 21:11:50] [Reviewer] [INFO] 正在审查第951章...
[2026-05-18 21:11:50] [Reviewer] [INFO] 第946章审查完成：评分 7.8， verdict: 需修改
[2026-05-18 21:11:50] [Reviewer] [INFO] 结果: success
[2026-05-18 21:11:50] [Reviewer] [INFO] ============================================================
[2026-05-18 21:11:50] [Reviewer] [INFO] Reviewer Agent 启动
[2026-05-18 21:11:50] [Reviewer] [INFO] ============================================================
[2026-05-18 21:11:50] [Reviewer] [INFO] 正在审查第947章...
[2026-05-18 21:11:51] [Reviewer] [INFO] 第974章审查完成：评分 8.4， verdict: 通过
[2026-05-18 21:11:51] [Reviewer] [INFO] 结果: success
[2026-05-18 21:11:51] [Reviewer] [INFO] ============================================================
[2026-05-18 21:11:51] [Reviewer] [INFO] Reviewer Agent 启动
[2026-05-18 21:11:51] [Reviewer] [INFO] ============================================================
[2026-05-18 21:11:51] [Reviewer] [INFO] 正在审查第975章...
[2026-05-18 21:11:51] [Reviewer] [INFO] 第956章审查完成：评分 8.4， verdict: 通过
[2026-05-18 21:11:51] [Reviewer] [INFO] 结果: success
[2026-05-18 21:11:51] [Reviewer] [INFO] ============================================================
[2026-05-18 21:11:51] [Reviewer] [INFO] Reviewer Agent 启动
[2026-05-18 21:11:51] [Reviewer] [INFO] ============================================================
[2026-05-18 21:11:51] [Reviewer] [INFO] 正在审查第957章...
[2026-05-18 21:11:51] [Reviewer] [INFO] 第958章审查完成：评分 8.5， verdict: 通过
[2026-05-18 21:11:51] [Reviewer] [INFO] 结果: success
[2026-05-18 21:11:51] [Reviewer] [INFO] ============================================================
[2026-05-18 21:11:51] [Reviewer] [INFO] Reviewer Agent 启动
[2026-05-18 21:11:51] [Reviewer] [INFO] ============================================================
[2026-05-18 21:11:51] [Reviewer] [INFO] 正在审查第959章...
[2026-05-18 21:11:51] [Reviewer] [INFO] 第970章审查完成：评分 8.3， verdict: 通过
[2026-05-18 21:11:51] [Reviewer] [INFO] 结果: success
[2026-05-18 21:11:52] [Reviewer] [INFO] ============================================================
[2026-05-18 21:11:52] [Reviewer] [INFO] Reviewer Agent 启动
[2026-05-18 21:11:52] [Reviewer] [INFO] ============================================================
[2026-05-18 21:11:52] [Reviewer] [INFO] 正在审查第971章...
[2026-05-18 21:11:52] [Reviewer] [INFO] 第942章审查完成：评分 8.4， verdict: 通过
[2026-05-18 21:11:52] [Reviewer] [INFO] 结果: success
[2026-05-18 21:11:52] [Reviewer] [INFO] ============================================================
[2026-05-18 21:11:52] [Reviewer] [INFO] Reviewer Agent 启动
[2026-05-18 21:11:52] [Reviewer] [INFO] ============================================================
[2026-05-18 21:11:52] [Reviewer] [INFO] 正在审查第943章...
[2026-05-18 21:11:52] [Reviewer] [INFO] 第966章审查完成：评分 8.3， verdict: 通过
[2026-05-18 21:11:52] [Reviewer] [INFO] 结果: success
[2026-05-18 21:11:52] [Reviewer] [INFO] ============================================================
[2026-05-18 21:11:52] [Reviewer] [INFO] Reviewer Agent 启动
[2026-05-18 21:11:52] [Reviewer] [INFO] ============================================================
[2026-05-18 21:11:52] [Reviewer] [INFO] 第964章审查完成：评分 7.6， verdict: 通过
[2026-05-18 21:11:52] [Reviewer] [INFO] 结果: success
[2026-05-18 21:11:52] [Reviewer] [INFO] 正在审查第967章...
[2026-05-18 21:11:52] [Reviewer] [INFO] ============================================================
[2026-05-18 21:11:52] [Reviewer] [INFO] Reviewer Agent 启动
[2026-05-18 21:11:52] [Reviewer] [INFO] ============================================================
[2026-05-18 21:11:52] [Reviewer] [INFO] 正在审查第965章...
[2026-05-18 21:11:52] [Reviewer] [INFO] 第976章审查完成：评分 6.8， verdict: 需修改
[2026-05-18 21:11:52] [Reviewer] [INFO] 结果: success
[2026-05-18 21:11:53] [Reviewer] [INFO] ============================================================
[2026-05-18 21:11:53] [Reviewer] [INFO] Reviewer Agent 启动
[2026-05-18 21:11:53] [Reviewer] [INFO] ============================================================
[2026-05-18 21:11:53] [Reviewer] [INFO] 正在审查第977章...
[2026-05-18 21:11:53] [Reviewer] [INFO] 第960章审查完成：评分 7.4， verdict: 需修改
[2026-05-18 21:11:53] [Reviewer] [INFO] 结果: success
[2026-05-18 21:11:53] [Reviewer] [INFO] ============================================================
[2026-05-18 21:11:53] [Reviewer] [INFO] Reviewer Agent 启动
[2026-05-18 21:11:53] [Reviewer] [INFO] ============================================================
[2026-05-18 21:11:53] [Reviewer] [INFO] 正在审查第961章...
[2026-05-18 21:11:54] [Reviewer] [INFO] 第980章审查完成：评分 7.6， verdict: 通过
[2026-05-18 21:11:54] [Reviewer] [INFO] 结果: success
[2026-05-18 21:11:54] [Reviewer] [INFO] ============================================================
[2026-05-18 21:11:54] [Reviewer] [INFO] Reviewer Agent 启动
[2026-05-18 21:11:54] [Reviewer] [INFO] ============================================================
[2026-05-18 21:11:54] [Reviewer] [INFO] 正在审查第981章...
[2026-05-18 21:11:57] [Reviewer] [INFO] 第952章审查完成：评分 8.8， verdict: 通过
[2026-05-18 21:11:57] [Reviewer] [INFO] 结果: success
[2026-05-18 21:11:57] [Reviewer] [INFO] ============================================================
[2026-05-18 21:11:57] [Reviewer] [INFO] Reviewer Agent 启动
[2026-05-18 21:11:57] [Reviewer] [INFO] ============================================================
[2026-05-18 21:11:57] [Reviewer] [INFO] 正在审查第953章...
[2026-05-18 21:11:57] [Reviewer] [INFO] 第978章审查完成：评分 8.3， verdict: 需修改
[2026-05-18 21:11:57] [Reviewer] [INFO] 结果: success
[2026-05-18 21:11:57] [Reviewer] [INFO] 第962章审查完成：评分 8.6， verdict: 通过
[2026-05-18 21:11:57] [Reviewer] [INFO] 结果: success
[2026-05-18 21:11:57] [Reviewer] [INFO] ============================================================
[2026-05-18 21:11:57] [Reviewer] [INFO] Reviewer Agent 启动
[2026-05-18 21:11:57] [Reviewer] [INFO] ============================================================
[2026-05-18 21:11:57] [Reviewer] [INFO] 正在审查第979章...
[2026-05-18 21:11:57] [Reviewer] [INFO] ============================================================
[2026-05-18 21:11:57] [Reviewer] [INFO] Reviewer Agent 启动
[2026-05-18 21:11:57] [Reviewer] [INFO] ============================================================
[2026-05-18 21:11:57] [Reviewer] [INFO] 正在审查第963章...
[2026-05-18 21:12:12] [Reviewer] [INFO] 第959章审查完成：评分 8.2， verdict: 通过
[2026-05-18 21:12:12] [Reviewer] [INFO] 结果: success
[2026-05-18 21:12:12] [Reviewer] [INFO] 第949章审查完成：评分 8.2， verdict: 需修改
[2026-05-18 21:12:12] [Reviewer] [INFO] 结果: success
[2026-05-18 21:12:12] [Reviewer] [INFO] 第969章审查完成：评分 7.6， verdict: 需修改
[2026-05-18 21:12:12] [Reviewer] [INFO] 结果: success
[2026-05-18 21:12:12] [Reviewer] [INFO] 第967章审查完成：评分 8.5， verdict: 通过
[2026-05-18 21:12:12] [Reviewer] [INFO] 结果: success
[2026-05-18 21:12:13] [Reviewer] [INFO] 第965章审查完成：评分 7.9， verdict: 需修改
[2026-05-18 21:12:13] [Reviewer] [INFO] 结果: success
[2026-05-18 21:12:13] [Reviewer] [INFO] 第955章审查完成：评分 8.3， verdict: 通过
[2026-05-18 21:12:13] [Reviewer] [INFO] 结果: success
[2026-05-18 21:12:14] [Reviewer] [INFO] 第947章审查完成：评分 7.2， verdict: 需修改
[2026-05-18 21:12:14] [Reviewer] [INFO] 结果: success
[2026-05-18 21:12:14] [Reviewer] [INFO] 第975章审查完成：评分 8.2， verdict: 通过
[2026-05-18 21:12:14] [Reviewer] [INFO] 结果: success
[2026-05-18 21:12:15] [Reviewer] [INFO] 第971章审查完成：评分 7.3， verdict: 需修改
[2026-05-18 21:12:15] [Reviewer] [INFO] 结果: success
[2026-05-18 21:12:15] [Reviewer] [INFO] 第951章审查完成：评分 8.6， verdict: 通过
[2026-05-18 21:12:15] [Reviewer] [INFO] 结果: success
[2026-05-18 21:12:18] [Reviewer] [INFO] 第943章审查完成：评分 7.2， verdict: 需修改
[2026-05-18 21:12:18] [Reviewer] [INFO] 结果: success
[2026-05-18 21:12:21] [Reviewer] [INFO] 第953章审查完成：评分 8.5， verdict: 通过
[2026-05-18 21:12:21] [Reviewer] [INFO] 结果: success
[2026-05-18 21:12:21] [Reviewer] [INFO] 第963章审查完成：评分 8.4， verdict: 通过
[2026-05-18 21:12:21] [Reviewer] [INFO] 结果: success
[2026-05-18 21:12:24] [Reviewer] [INFO] 第979章审查完成：评分 8.5， verdict: 通过
[2026-05-18 21:12:24] [Reviewer] [INFO] 结果: success
[2026-05-18 21:12:24] [Reviewer] [INFO] 第961章审查完成：评分 8.2， verdict: 通过
[2026-05-18 21:12:24] [Reviewer] [INFO] 结果: success
[2026-05-18 21:12:24] [Reviewer] [INFO] 第973章审查完成：评分 6.3， verdict: 需修改
[2026-05-18 21:12:24] [Reviewer] [INFO] 结果: success
[2026-05-18 21:12:25] [Reviewer] [INFO] 第981章审查完成：评分 7.5， verdict: 需修改
[2026-05-18 21:12:25] [Reviewer] [INFO] 结果: success
[2026-05-18 21:12:25] [Reviewer] [INFO] 第945章审查完成：评分 8.2， verdict: 通过
[2026-05-18 21:12:25] [Reviewer] [INFO] 结果: success
[2026-05-18 21:12:25] [Reviewer] [INFO] 第957章审查完成：评分 8.6， verdict: 通过
[2026-05-18 21:12:25] [Reviewer] [INFO] 结果: success
[2026-05-18 21:12:32] [Reviewer] [INFO] 第977章审查完成：评分 8.4， verdict: 通过
[2026-05-18 21:12:32] [Reviewer] [INFO] 结果: success
[2026-05-18 21:12:34] [Reviewer] [INFO] ============================================================
[2026-05-18 21:12:34] [Reviewer] [INFO] Reviewer Agent 启动
[2026-05-18 21:12:34] [Reviewer] [INFO] ============================================================
[2026-05-18 21:12:34] [Reviewer] [INFO] 正在审查第982章...
[2026-05-18 21:12:34] [Reviewer] [INFO] ============================================================
[2026-05-18 21:12:34] [Reviewer] [INFO] Reviewer Agent 启动
[2026-05-18 21:12:34] [Reviewer] [INFO] ============================================================
[2026-05-18 21:12:34] [Reviewer] [INFO] ============================================================
[2026-05-18 21:12:34] [Reviewer] [INFO] Reviewer Agent 启动
[2026-05-18 21:12:34] [Reviewer] [INFO] ============================================================
[2026-05-18 21:12:34] [Reviewer] [INFO] 正在审查第984章...
[2026-05-18 21:12:34] [Reviewer] [INFO] ============================================================
[2026-05-18 21:12:34] [Reviewer] [INFO] Reviewer Agent 启动
[2026-05-18 21:12:34] [Reviewer] [INFO] ============================================================
[2026-05-18 21:12:34] [Reviewer] [INFO] 正在审查第986章...
[2026-05-18 21:12:34] [Reviewer] [INFO] ============================================================
[2026-05-18 21:12:34] [Reviewer] [INFO] Reviewer Agent 启动
[2026-05-18 21:12:34] [Reviewer] [INFO] ============================================================
[2026-05-18 21:12:34] [Reviewer] [INFO] 正在审查第988章...
[2026-05-18 21:12:34] [Reviewer] [INFO] 正在审查第992章...
[2026-05-18 21:12:34] [Reviewer] [INFO] ============================================================
[2026-05-18 21:12:34] [Reviewer] [INFO] Reviewer Agent 启动
[2026-05-18 21:12:34] [Reviewer] [INFO] ============================================================
[2026-05-18 21:12:34] [Reviewer] [INFO] ============================================================
[2026-05-18 21:12:34] [Reviewer] [INFO] Reviewer Agent 启动
[2026-05-18 21:12:34] [Reviewer] [INFO] ============================================================
[2026-05-18 21:12:34] [Reviewer] [INFO] 正在审查第990章...
[2026-05-18 21:12:34] [Reviewer] [INFO] 正在审查第998章...
[2026-05-18 21:12:34] [Reviewer] [INFO] ============================================================
[2026-05-18 21:12:34] [Reviewer] [INFO] Reviewer Agent 启动
[2026-05-18 21:12:34] [Reviewer] [INFO] ============================================================
[2026-05-18 21:12:34] [Reviewer] [INFO] ============================================================
[2026-05-18 21:12:34] [Reviewer] [INFO] Reviewer Agent 启动
[2026-05-18 21:12:34] [Reviewer] [INFO] ============================================================
[2026-05-18 21:12:34] [Reviewer] [INFO] ============================================================
[2026-05-18 21:12:34] [Reviewer] [INFO] Reviewer Agent 启动
[2026-05-18 21:12:34] [Reviewer] [INFO] ============================================================
[2026-05-18 21:12:34] [Reviewer] [INFO] 正在审查第1000章...
[2026-05-18 21:12:34] [Reviewer] [INFO] 正在审查第1006章...
[2026-05-18 21:12:34] [Reviewer] [INFO] ============================================================
[2026-05-18 21:12:34] [Reviewer] [INFO] Reviewer Agent 启动
[2026-05-18 21:12:34] [Reviewer] [INFO] ============================================================
[2026-05-18 21:12:34] [Reviewer] [INFO] ============================================================
[2026-05-18 21:12:34] [Reviewer] [INFO] Reviewer Agent 启动
[2026-05-18 21:12:34] [Reviewer] [INFO] ============================================================
[2026-05-18 21:12:34] [Reviewer] [INFO] 正在审查第994章...
[2026-05-18 21:12:34] [Reviewer] [INFO] ============================================================
[2026-05-18 21:12:34] [Reviewer] [INFO] Reviewer Agent 启动
[2026-05-18 21:12:34] [Reviewer] [INFO] ============================================================
[2026-05-18 21:12:34] [Reviewer] [INFO] 正在审查第996章...
[2026-05-18 21:12:34] [Reviewer] [INFO] 正在审查第1004章...
[2026-05-18 21:12:34] [Reviewer] [INFO] 正在审查第1002章...
[2026-05-18 21:12:34] [Reviewer] [INFO] ============================================================
[2026-05-18 21:12:34] [Reviewer] [INFO] Reviewer Agent 启动
[2026-05-18 21:12:34] [Reviewer] [INFO] ============================================================
[2026-05-18 21:12:34] [Reviewer] [INFO] ============================================================
[2026-05-18 21:12:34] [Reviewer] [INFO] Reviewer Agent 启动
[2026-05-18 21:12:34] [Reviewer] [INFO] ============================================================
[2026-05-18 21:12:34] [Reviewer] [INFO] ============================================================
[2026-05-18 21:12:34] [Reviewer] [INFO] Reviewer Agent 启动
[2026-05-18 21:12:34] [Reviewer] [INFO] ============================================================
[2026-05-18 21:12:34] [Reviewer] [INFO] 正在审查第1008章...
[2026-05-18 21:12:34] [Reviewer] [INFO] ============================================================
[2026-05-18 21:12:34] [Reviewer] [INFO] Reviewer Agent 启动
[2026-05-18 21:12:34] [Reviewer] [INFO] ============================================================
[2026-05-18 21:12:34] [Reviewer] [INFO] 正在审查第1010章...
[2026-05-18 21:12:34] [Reviewer] [INFO] 正在审查第1016章...
[2026-05-18 21:12:34] [Reviewer] [INFO] ============================================================
[2026-05-18 21:12:34] [Reviewer] [INFO] Reviewer Agent 启动
[2026-05-18 21:12:34] [Reviewer] [INFO] ============================================================
[2026-05-18 21:12:34] [Reviewer] [INFO] ============================================================
[2026-05-18 21:12:34] [Reviewer] [INFO] Reviewer Agent 启动
[2026-05-18 21:12:34] [Reviewer] [INFO] ============================================================
[2026-05-18 21:12:34] [Reviewer] [INFO] 正在审查第1018章...
[2026-05-18 21:12:34] [Reviewer] [INFO] ============================================================
[2026-05-18 21:12:34] [Reviewer] [INFO] Reviewer Agent 启动
[2026-05-18 21:12:34] [Reviewer] [INFO] ============================================================
[2026-05-18 21:12:34] [Reviewer] [INFO] 正在审查第1014章...
[2026-05-18 21:12:34] [Reviewer] [INFO] 正在审查第1020章...
[2026-05-18 21:12:53] [Reviewer] [INFO] 第982章审查完成：评分 8.2， verdict: 通过
[2026-05-18 21:12:53] [Reviewer] [INFO] 结果: success
[2026-05-18 21:12:53] [Reviewer] [INFO] ============================================================
[2026-05-18 21:12:53] [Reviewer] [INFO] Reviewer Agent 启动
[2026-05-18 21:12:53] [Reviewer] [INFO] ============================================================
[2026-05-18 21:12:53] [Reviewer] [INFO] 正在审查第983章...
[2026-05-18 21:12:53] [Reviewer] [INFO] 第998章审查完成：评分 8.2， verdict: 通过
[2026-05-18 21:12:53] [Reviewer] [INFO] 结果: success
[2026-05-18 21:12:53] [Reviewer] [INFO] ============================================================
[2026-05-18 21:12:53] [Reviewer] [INFO] Reviewer Agent 启动
[2026-05-18 21:12:53] [Reviewer] [INFO] ============================================================
[2026-05-18 21:12:53] [Reviewer] [INFO] 正在审查第999章...
[2026-05-18 21:12:55] [Reviewer] [INFO] 第1010章审查完成：评分 7.8， verdict: 通过
[2026-05-18 21:12:55] [Reviewer] [INFO] 结果: success
[2026-05-18 21:12:55] [Reviewer] [INFO] ============================================================
[2026-05-18 21:12:55] [Reviewer] [INFO] Reviewer Agent 启动
[2026-05-18 21:12:55] [Reviewer] [INFO] ============================================================
[2026-05-18 21:12:55] [Reviewer] [INFO] 正在审查第1011章...
[2026-05-18 21:12:55] [Reviewer] [INFO] 第996章审查完成：评分 8.4， verdict: 通过
[2026-05-18 21:12:55] [Reviewer] [INFO] 结果: success
[2026-05-18 21:12:55] [Reviewer] [INFO] ============================================================
[2026-05-18 21:12:55] [Reviewer] [INFO] Reviewer Agent 启动
[2026-05-18 21:12:55] [Reviewer] [INFO] ============================================================
[2026-05-18 21:12:55] [Reviewer] [INFO] 正在审查第997章...
[2026-05-18 21:12:56] [Reviewer] [INFO] 第1000章审查完成：评分 7.5， verdict: 需修改
[2026-05-18 21:12:56] [Reviewer] [INFO] 结果: success
[2026-05-18 21:12:56] [Reviewer] [INFO] ============================================================
[2026-05-18 21:12:56] [Reviewer] [INFO] Reviewer Agent 启动
[2026-05-18 21:12:56] [Reviewer] [INFO] ============================================================
[2026-05-18 21:12:56] [Reviewer] [INFO] 正在审查第1001章...
[2026-05-18 21:12:56] [Reviewer] [INFO] 第984章审查完成：评分 8.0， verdict: 通过
[2026-05-18 21:12:56] [Reviewer] [INFO] 结果: success
[2026-05-18 21:12:57] [Reviewer] [INFO] ============================================================
[2026-05-18 21:12:57] [Reviewer] [INFO] Reviewer Agent 启动
[2026-05-18 21:12:57] [Reviewer] [INFO] ============================================================
[2026-05-18 21:12:57] [Reviewer] [INFO] 正在审查第985章...
[2026-05-18 21:12:57] [Reviewer] [INFO] 第986章审查完成：评分 7.5， verdict: 需修改
[2026-05-18 21:12:57] [Reviewer] [INFO] 结果: success
[2026-05-18 21:12:57] [Reviewer] [INFO] ============================================================
[2026-05-18 21:12:57] [Reviewer] [INFO] Reviewer Agent 启动
[2026-05-18 21:12:57] [Reviewer] [INFO] ============================================================
[2026-05-18 21:12:57] [Reviewer] [INFO] 正在审查第987章...
[2026-05-18 21:12:57] [Reviewer] [INFO] 第990章审查完成：评分 8.2， verdict: 通过
[2026-05-18 21:12:57] [Reviewer] [INFO] 结果: success
[2026-05-18 21:12:57] [Reviewer] [INFO] ============================================================
[2026-05-18 21:12:57] [Reviewer] [INFO] Reviewer Agent 启动
[2026-05-18 21:12:57] [Reviewer] [INFO] ============================================================
[2026-05-18 21:12:57] [Reviewer] [INFO] 正在审查第991章...
[2026-05-18 21:12:57] [Reviewer] [INFO] 第1012章审查完成：评分 7.6， verdict: 需修改
[2026-05-18 21:12:57] [Reviewer] [INFO] 结果: success
[2026-05-18 21:12:57] [Reviewer] [INFO] ============================================================
[2026-05-18 21:12:57] [Reviewer] [INFO] Reviewer Agent 启动
[2026-05-18 21:12:57] [Reviewer] [INFO] ============================================================
[2026-05-18 21:12:57] [Reviewer] [INFO] 正在审查第1013章...
[2026-05-18 21:12:58] [Reviewer] [INFO] 第1020章审查完成：评分 8.3， verdict: 通过
[2026-05-18 21:12:58] [Reviewer] [INFO] 结果: success
[2026-05-18 21:12:58] [Reviewer] [INFO] ============================================================
[2026-05-18 21:12:58] [Reviewer] [INFO] Reviewer Agent 启动
[2026-05-18 21:12:58] [Reviewer] [INFO] ============================================================
[2026-05-18 21:12:58] [Reviewer] [INFO] 正在审查第1021章...
[2026-05-18 21:12:58] [Reviewer] [INFO] 第988章审查完成：评分 8.2， verdict: 通过
[2026-05-18 21:12:58] [Reviewer] [INFO] 结果: success
[2026-05-18 21:12:58] [Reviewer] [INFO] ============================================================
[2026-05-18 21:12:58] [Reviewer] [INFO] Reviewer Agent 启动
[2026-05-18 21:12:58] [Reviewer] [INFO] ============================================================
[2026-05-18 21:12:58] [Reviewer] [INFO] 正在审查第989章...
[2026-05-18 21:12:58] [Reviewer] [INFO] 第1002章审查完成：评分 7.2， verdict: 需修改
[2026-05-18 21:12:58] [Reviewer] [INFO] 结果: success
[2026-05-18 21:12:58] [Reviewer] [INFO] ============================================================
[2026-05-18 21:12:58] [Reviewer] [INFO] Reviewer Agent 启动
[2026-05-18 21:12:58] [Reviewer] [INFO] ============================================================
[2026-05-18 21:12:58] [Reviewer] [INFO] 正在审查第1003章...
[2026-05-18 21:12:59] [Reviewer] [INFO] 第1014章审查完成：评分 8.4， verdict: 通过
[2026-05-18 21:12:59] [Reviewer] [INFO] 结果: success
[2026-05-18 21:12:59] [Reviewer] [INFO] 第1008章审查完成：评分 8.2， verdict: 通过
[2026-05-18 21:12:59] [Reviewer] [INFO] 结果: success
[2026-05-18 21:12:59] [Reviewer] [INFO] ============================================================
[2026-05-18 21:12:59] [Reviewer] [INFO] Reviewer Agent 启动
[2026-05-18 21:12:59] [Reviewer] [INFO] ============================================================
[2026-05-18 21:12:59] [Reviewer] [INFO] 正在审查第1015章...
[2026-05-18 21:12:59] [Reviewer] [INFO] 第1016章审查完成：评分 7.6， verdict: 需修改
[2026-05-18 21:12:59] [Reviewer] [INFO] 结果: success
[2026-05-18 21:12:59] [Reviewer] [INFO] ============================================================
[2026-05-18 21:12:59] [Reviewer] [INFO] Reviewer Agent 启动
[2026-05-18 21:12:59] [Reviewer] [INFO] ============================================================
[2026-05-18 21:12:59] [Reviewer] [INFO] 正在审查第1009章...
[2026-05-18 21:12:59] [Reviewer] [INFO] ============================================================
[2026-05-18 21:12:59] [Reviewer] [INFO] Reviewer Agent 启动
[2026-05-18 21:12:59] [Reviewer] [INFO] ============================================================
[2026-05-18 21:12:59] [Reviewer] [INFO] 正在审查第1017章...
[2026-05-18 21:13:00] [Reviewer] [INFO] 第992章审查完成：评分 7.8， verdict: 需修改
[2026-05-18 21:13:00] [Reviewer] [INFO] 结果: success
[2026-05-18 21:13:00] [Reviewer] [INFO] ============================================================
[2026-05-18 21:13:00] [Reviewer] [INFO] Reviewer Agent 启动
[2026-05-18 21:13:00] [Reviewer] [INFO] ============================================================
[2026-05-18 21:13:00] [Reviewer] [INFO] 正在审查第993章...
[2026-05-18 21:13:00] [Reviewer] [ERROR] 第1006章审查失败
[2026-05-18 21:13:00] [Reviewer] [INFO] 结果: failed
[2026-05-18 21:13:00] [Reviewer] [INFO] ============================================================
[2026-05-18 21:13:00] [Reviewer] [INFO] Reviewer Agent 启动
[2026-05-18 21:13:00] [Reviewer] [INFO] ============================================================
[2026-05-18 21:13:00] [Reviewer] [INFO] 正在审查第1007章...
[2026-05-18 21:13:01] [Reviewer] [INFO] 第1004章审查完成：评分 8.4， verdict: 通过
[2026-05-18 21:13:01] [Reviewer] [INFO] 结果: success
[2026-05-18 21:13:01] [Reviewer] [INFO] ============================================================
[2026-05-18 21:13:01] [Reviewer] [INFO] Reviewer Agent 启动
[2026-05-18 21:13:01] [Reviewer] [INFO] ============================================================
[2026-05-18 21:13:01] [Reviewer] [INFO] 正在审查第1005章...
[2026-05-18 21:13:01] [Reviewer] [INFO] 第994章审查完成：评分 7.8， verdict: 需修改
[2026-05-18 21:13:01] [Reviewer] [INFO] 结果: success
[2026-05-18 21:13:02] [Reviewer] [INFO] ============================================================
[2026-05-18 21:13:02] [Reviewer] [INFO] Reviewer Agent 启动
[2026-05-18 21:13:02] [Reviewer] [INFO] ============================================================
[2026-05-18 21:13:02] [Reviewer] [INFO] 正在审查第995章...
[2026-05-18 21:13:09] [Reviewer] [INFO] 第1018章审查完成：评分 8.6， verdict: 通过
[2026-05-18 21:13:09] [Reviewer] [INFO] 结果: success
[2026-05-18 21:13:09] [Reviewer] [INFO] ============================================================
[2026-05-18 21:13:09] [Reviewer] [INFO] Reviewer Agent 启动
[2026-05-18 21:13:09] [Reviewer] [INFO] ============================================================
[2026-05-18 21:13:09] [Reviewer] [INFO] 正在审查第1019章...
[2026-05-18 21:13:15] [Reviewer] [INFO] 第983章审查完成：评分 8.0， verdict: 通过
[2026-05-18 21:13:15] [Reviewer] [INFO] 结果: success
[2026-05-18 21:13:16] [Reviewer] [INFO] 第993章审查完成：评分 8.5， verdict: 通过
[2026-05-18 21:13:16] [Reviewer] [INFO] 结果: success
[2026-05-18 21:13:17] [Reviewer] [INFO] 第985章审查完成：评分 8.0， verdict: 通过
[2026-05-18 21:13:17] [Reviewer] [INFO] 结果: success
[2026-05-18 21:13:17] [Reviewer] [INFO] 第1015章审查完成：评分 7.8， verdict: 通过
[2026-05-18 21:13:17] [Reviewer] [INFO] 结果: success
[2026-05-18 21:13:18] [Reviewer] [INFO] 第987章审查完成：评分 8.2， verdict: 通过
[2026-05-18 21:13:18] [Reviewer] [INFO] 结果: success
[2026-05-18 21:13:18] [Reviewer] [INFO] 第1001章审查完成：评分 7.8， verdict: 需修改
[2026-05-18 21:13:18] [Reviewer] [INFO] 结果: success
[2026-05-18 21:13:19] [Reviewer] [INFO] 第997章审查完成：评分 7.5， verdict: 需修改
[2026-05-18 21:13:19] [Reviewer] [INFO] 结果: success
[2026-05-18 21:13:20] [Reviewer] [INFO] 第1011章审查完成：评分 7.5， verdict: 通过
[2026-05-18 21:13:20] [Reviewer] [INFO] 结果: success
[2026-05-18 21:13:22] [Reviewer] [INFO] 第991章审查完成：评分 7.6， verdict: 通过
[2026-05-18 21:13:22] [Reviewer] [INFO] 结果: success
[2026-05-18 21:13:22] [Reviewer] [INFO] 第1003章审查完成：评分 8.2， verdict: 通过
[2026-05-18 21:13:22] [Reviewer] [INFO] 结果: success
[2026-05-18 21:13:22] [Reviewer] [INFO] 第1017章审查完成：评分 8.5， verdict: 通过
[2026-05-18 21:13:22] [Reviewer] [INFO] 结果: success
[2026-05-18 21:13:23] [Reviewer] [INFO] 第1021章审查完成：评分 8.3， verdict: 通过
[2026-05-18 21:13:23] [Reviewer] [INFO] 结果: success
[2026-05-18 21:13:25] [Reviewer] [INFO] 第1005章审查完成：评分 7.4， verdict: 需修改
[2026-05-18 21:13:25] [Reviewer] [INFO] 结果: success
[2026-05-18 21:13:26] [Reviewer] [INFO] 第999章审查完成：评分 8.0， verdict: 通过
[2026-05-18 21:13:26] [Reviewer] [INFO] 结果: success
[2026-05-18 21:13:26] [Reviewer] [INFO] 第1009章审查完成：评分 8.0， verdict: 通过
[2026-05-18 21:13:26] [Reviewer] [INFO] 结果: success
[2026-05-18 21:13:26] [Reviewer] [INFO] 第989章审查完成：评分 7.5， verdict: 需修改
[2026-05-18 21:13:26] [Reviewer] [INFO] 结果: success
[2026-05-18 21:13:27] [Reviewer] [INFO] 第1013章审查完成：评分 8.2， verdict: 通过
[2026-05-18 21:13:27] [Reviewer] [INFO] 结果: success
[2026-05-18 21:13:30] [Reviewer] [INFO] 第1007章审查完成：评分 7.6， verdict: 需修改
[2026-05-18 21:13:30] [Reviewer] [INFO] 结果: success
[2026-05-18 21:13:31] [Reviewer] [INFO] 第1019章审查完成：评分 7.2， verdict: 需修改
[2026-05-18 21:13:31] [Reviewer] [INFO] 结果: success
[2026-05-18 21:15:29] [Reviewer] [INFO] 第995章审查完成：评分 8.2， verdict: 通过
[2026-05-18 21:15:29] [Reviewer] [INFO] 结果: success
[2026-05-18 21:15:30] [Reviewer] [INFO] ============================================================
[2026-05-18 21:15:30] [Reviewer] [INFO] Reviewer Agent 启动
[2026-05-18 21:15:30] [Reviewer] [INFO] ============================================================
[2026-05-18 21:15:30] [Reviewer] [INFO] 正在审查第1025章...
[2026-05-18 21:15:30] [Reviewer] [INFO] ============================================================
[2026-05-18 21:15:30] [Reviewer] [INFO] Reviewer Agent 启动
[2026-05-18 21:15:30] [Reviewer] [INFO] ============================================================
[2026-05-18 21:15:30] [Reviewer] [INFO] ============================================================
[2026-05-18 21:15:30] [Reviewer] [INFO] Reviewer Agent 启动
[2026-05-18 21:15:30] [Reviewer] [INFO] ============================================================
[2026-05-18 21:15:30] [Reviewer] [INFO] ============================================================
[2026-05-18 21:15:30] [Reviewer] [INFO] Reviewer Agent 启动
[2026-05-18 21:15:30] [Reviewer] [INFO] ============================================================
[2026-05-18 21:15:30] [Reviewer] [INFO] 正在审查第1027章...
[2026-05-18 21:15:30] [Reviewer] [INFO] 正在审查第1006章...
[2026-05-18 21:15:30] [Reviewer] [INFO] 正在审查第1023章...
[2026-05-18 21:15:30] [Reviewer] [INFO] ============================================================
[2026-05-18 21:15:30] [Reviewer] [INFO] Reviewer Agent 启动
[2026-05-18 21:15:30] [Reviewer] [INFO] ============================================================
[2026-05-18 21:15:30] [Reviewer] [INFO] 正在审查第1031章...
[2026-05-18 21:15:30] [Reviewer] [INFO] ============================================================
[2026-05-18 21:15:30] [Reviewer] [INFO] Reviewer Agent 启动
[2026-05-18 21:15:30] [Reviewer] [INFO] ============================================================
[2026-05-18 21:15:30] [Reviewer] [INFO] ============================================================
[2026-05-18 21:15:30] [Reviewer] [INFO] Reviewer Agent 启动
[2026-05-18 21:15:30] [Reviewer] [INFO] ============================================================
[2026-05-18 21:15:30] [Reviewer] [INFO] ============================================================
[2026-05-18 21:15:30] [Reviewer] [INFO] Reviewer Agent 启动
[2026-05-18 21:15:30] [Reviewer] [INFO] ============================================================
[2026-05-18 21:15:30] [Reviewer] [INFO] 正在审查第1037章...
[2026-05-18 21:15:30] [Reviewer] [INFO] ============================================================
[2026-05-18 21:15:30] [Reviewer] [INFO] Reviewer Agent 启动
[2026-05-18 21:15:30] [Reviewer] [INFO] 正在审查第1029章...
[2026-05-18 21:15:30] [Reviewer] [INFO] ============================================================
[2026-05-18 21:15:30] [Reviewer] [INFO] ============================================================
[2026-05-18 21:15:30] [Reviewer] [INFO] Reviewer Agent 启动
[2026-05-18 21:15:30] [Reviewer] [INFO] ============================================================
[2026-05-18 21:15:30] [Reviewer] [INFO] ============================================================
[2026-05-18 21:15:30] [Reviewer] [INFO] Reviewer Agent 启动
[2026-05-18 21:15:30] [Reviewer] [INFO] ============================================================
[2026-05-18 21:15:30] [Reviewer] [INFO] 正在审查第1033章...
[2026-05-18 21:15:30] [Reviewer] [INFO] 正在审查第1043章...
[2026-05-18 21:15:30] [Reviewer] [INFO] 正在审查第1035章...
[2026-05-18 21:15:30] [Reviewer] [INFO] ============================================================
[2026-05-18 21:15:30] [Reviewer] [INFO] Reviewer Agent 启动
[2026-05-18 21:15:30] [Reviewer] [INFO] ============================================================
[2026-05-18 21:15:30] [Reviewer] [INFO] 正在审查第1045章...
[2026-05-18 21:15:30] [Reviewer] [INFO] 正在审查第1053章...
[2026-05-18 21:15:30] [Reviewer] [INFO] ============================================================
[2026-05-18 21:15:30] [Reviewer] [INFO] Reviewer Agent 启动
[2026-05-18 21:15:30] [Reviewer] [INFO] ============================================================
[2026-05-18 21:15:30] [Reviewer] [INFO] ============================================================
[2026-05-18 21:15:30] [Reviewer] [INFO] Reviewer Agent 启动
[2026-05-18 21:15:30] [Reviewer] [INFO] ============================================================
[2026-05-18 21:15:30] [Reviewer] [INFO] ============================================================
[2026-05-18 21:15:30] [Reviewer] [INFO] Reviewer Agent 启动
[2026-05-18 21:15:30] [Reviewer] [INFO] ============================================================
[2026-05-18 21:15:30] [Reviewer] [INFO] ============================================================
[2026-05-18 21:15:30] [Reviewer] [INFO] Reviewer Agent 启动
[2026-05-18 21:15:30] [Reviewer] [INFO] ============================================================
[2026-05-18 21:15:31] [Reviewer] [INFO] 正在审查第1039章...
[2026-05-18 21:15:31] [Reviewer] [INFO] ============================================================
[2026-05-18 21:15:31] [Reviewer] [INFO] Reviewer Agent 启动
[2026-05-18 21:15:31] [Reviewer] [INFO] ============================================================
[2026-05-18 21:15:31] [Reviewer] [INFO] 正在审查第1047章...
[2026-05-18 21:15:31] [Reviewer] [INFO] 正在审查第1051章...
[2026-05-18 21:15:31] [Reviewer] [INFO] 正在审查第1041章...
[2026-05-18 21:15:31] [Reviewer] [INFO] 正在审查第1055章...
[2026-05-18 21:15:31] [Reviewer] [INFO] ============================================================
[2026-05-18 21:15:31] [Reviewer] [INFO] Reviewer Agent 启动
[2026-05-18 21:15:31] [Reviewer] [INFO] ============================================================
[2026-05-18 21:15:31] [Reviewer] [INFO] ============================================================
[2026-05-18 21:15:31] [Reviewer] [INFO] Reviewer Agent 启动
[2026-05-18 21:15:31] [Reviewer] [INFO] ============================================================
[2026-05-18 21:15:31] [Reviewer] [INFO] ============================================================
[2026-05-18 21:15:31] [Reviewer] [INFO] Reviewer Agent 启动
[2026-05-18 21:15:31] [Reviewer] [INFO] ============================================================
[2026-05-18 21:15:31] [Reviewer] [INFO] 正在审查第1057章...
[2026-05-18 21:15:31] [Reviewer] [INFO] 正在审查第1059章...
[2026-05-18 21:15:31] [Reviewer] [INFO] 正在审查第1049章...
[2026-05-18 21:15:49] [Reviewer] [INFO] 第1029章审查完成：评分 8.5， verdict: 通过
[2026-05-18 21:15:49] [Reviewer] [INFO] 结果: success
[2026-05-18 21:15:49] [Reviewer] [INFO] ============================================================
[2026-05-18 21:15:49] [Reviewer] [INFO] Reviewer Agent 启动
[2026-05-18 21:15:49] [Reviewer] [INFO] ============================================================
[2026-05-18 21:15:49] [Reviewer] [INFO] 正在审查第1030章...
[2026-05-18 21:15:49] [Reviewer] [INFO] 第1033章审查完成：评分 8.0， verdict: 通过
[2026-05-18 21:15:49] [Reviewer] [INFO] 结果: success
[2026-05-18 21:15:49] [Reviewer] [INFO] ============================================================
[2026-05-18 21:15:49] [Reviewer] [INFO] Reviewer Agent 启动
[2026-05-18 21:15:49] [Reviewer] [INFO] ============================================================
[2026-05-18 21:15:49] [Reviewer] [INFO] 正在审查第1034章...
[2026-05-18 21:15:50] [Reviewer] [INFO] 第1037章审查完成：评分 7.8， verdict: 通过
[2026-05-18 21:15:50] [Reviewer] [INFO] 结果: success
[2026-05-18 21:15:50] [Reviewer] [INFO] ============================================================
[2026-05-18 21:15:50] [Reviewer] [INFO] Reviewer Agent 启动
[2026-05-18 21:15:50] [Reviewer] [INFO] ============================================================
[2026-05-18 21:15:50] [Reviewer] [INFO] 正在审查第1038章...
[2026-05-18 21:15:50] [Reviewer] [INFO] 第1055章审查完成：评分 8.5， verdict: 通过
[2026-05-18 21:15:50] [Reviewer] [INFO] 结果: success
[2026-05-18 21:15:50] [Reviewer] [INFO] ============================================================
[2026-05-18 21:15:50] [Reviewer] [INFO] Reviewer Agent 启动
[2026-05-18 21:15:50] [Reviewer] [INFO] ============================================================
[2026-05-18 21:15:50] [Reviewer] [INFO] 正在审查第1056章...
[2026-05-18 21:15:52] [Reviewer] [INFO] 第1027章审查完成：评分 8.3， verdict: 通过
[2026-05-18 21:15:52] [Reviewer] [INFO] 结果: success
[2026-05-18 21:15:52] [Reviewer] [INFO] ============================================================
[2026-05-18 21:15:52] [Reviewer] [INFO] Reviewer Agent 启动
[2026-05-18 21:15:52] [Reviewer] [INFO] ============================================================
[2026-05-18 21:15:52] [Reviewer] [INFO] 第1006章审查完成：评分 8.0， verdict: 通过
[2026-05-18 21:15:52] [Reviewer] [INFO] 结果: success
[2026-05-18 21:15:52] [Reviewer] [INFO] 正在审查第1028章...
[2026-05-18 21:15:52] [Reviewer] [INFO] ============================================================
[2026-05-18 21:15:52] [Reviewer] [INFO] Reviewer Agent 启动
[2026-05-18 21:15:52] [Reviewer] [INFO] ============================================================
[2026-05-18 21:15:52] [Reviewer] [INFO] 正在审查第1022章...
[2026-05-18 21:15:54] [Reviewer] [INFO] 第1051章审查完成：评分 8.3， verdict: 通过
[2026-05-18 21:15:54] [Reviewer] [INFO] 结果: success
[2026-05-18 21:15:54] [Reviewer] [INFO] ============================================================
[2026-05-18 21:15:54] [Reviewer] [INFO] Reviewer Agent 启动
[2026-05-18 21:15:54] [Reviewer] [INFO] ============================================================
[2026-05-18 21:15:54] [Reviewer] [INFO] 正在审查第1052章...
[2026-05-18 21:15:54] [Reviewer] [INFO] 第1035章审查完成：评分 8.3， verdict: 通过
[2026-05-18 21:15:54] [Reviewer] [INFO] 结果: success
[2026-05-18 21:15:54] [Reviewer] [INFO] ============================================================
[2026-05-18 21:15:54] [Reviewer] [INFO] Reviewer Agent 启动
[2026-05-18 21:15:54] [Reviewer] [INFO] ============================================================
[2026-05-18 21:15:54] [Reviewer] [INFO] 正在审查第1036章...
[2026-05-18 21:15:54] [Reviewer] [INFO] 第1045章审查完成：评分 8.2， verdict: 通过
[2026-05-18 21:15:54] [Reviewer] [INFO] 结果: success
[2026-05-18 21:15:54] [Reviewer] [INFO] ============================================================
[2026-05-18 21:15:54] [Reviewer] [INFO] Reviewer Agent 启动
[2026-05-18 21:15:54] [Reviewer] [INFO] ============================================================
[2026-05-18 21:15:54] [Reviewer] [INFO] 正在审查第1046章...
[2026-05-18 21:15:55] [Reviewer] [INFO] 第1059章审查完成：评分 8.3， verdict: 通过
[2026-05-18 21:15:55] [Reviewer] [INFO] 结果: success
[2026-05-18 21:15:55] [Reviewer] [INFO] ============================================================
[2026-05-18 21:15:55] [Reviewer] [INFO] Reviewer Agent 启动
[2026-05-18 21:15:55] [Reviewer] [INFO] ============================================================
[2026-05-18 21:15:55] [Reviewer] [INFO] 正在审查第1060章...
[2026-05-18 21:15:55] [Reviewer] [INFO] 第1025章审查完成：评分 8.7， verdict: 通过
[2026-05-18 21:15:55] [Reviewer] [INFO] 结果: success
[2026-05-18 21:15:56] [Reviewer] [INFO] ============================================================
[2026-05-18 21:15:56] [Reviewer] [INFO] Reviewer Agent 启动
[2026-05-18 21:15:56] [Reviewer] [INFO] ============================================================
[2026-05-18 21:15:56] [Reviewer] [INFO] 正在审查第1026章...
[2026-05-18 21:15:56] [Reviewer] [INFO] 第1057章审查完成：评分 8.3， verdict: 通过
[2026-05-18 21:15:56] [Reviewer] [INFO] 结果: success
[2026-05-18 21:15:56] [Reviewer] [INFO] 第1043章审查完成：评分 7.8， verdict: 需修改
[2026-05-18 21:15:56] [Reviewer] [INFO] 结果: success
[2026-05-18 21:15:56] [Reviewer] [INFO] ============================================================
[2026-05-18 21:15:56] [Reviewer] [INFO] Reviewer Agent 启动
[2026-05-18 21:15:56] [Reviewer] [INFO] ============================================================
[2026-05-18 21:15:56] [Reviewer] [INFO] ============================================================
[2026-05-18 21:15:56] [Reviewer] [INFO] Reviewer Agent 启动
[2026-05-18 21:15:56] [Reviewer] [INFO] ============================================================
[2026-05-18 21:15:56] [Reviewer] [INFO] 正在审查第1058章...
[2026-05-18 21:15:56] [Reviewer] [INFO] 正在审查第1044章...
[2026-05-18 21:15:57] [Reviewer] [INFO] 第1049章审查完成：评分 8.3， verdict: 通过
[2026-05-18 21:15:57] [Reviewer] [INFO] 结果: success
[2026-05-18 21:15:57] [Reviewer] [INFO] 第1041章审查完成：评分 8.5， verdict: 通过
[2026-05-18 21:15:57] [Reviewer] [INFO] 结果: success
[2026-05-18 21:15:57] [Reviewer] [INFO] ============================================================
[2026-05-18 21:15:57] [Reviewer] [INFO] Reviewer Agent 启动
[2026-05-18 21:15:57] [Reviewer] [INFO] ============================================================
[2026-05-18 21:15:57] [Reviewer] [INFO] 正在审查第1050章...
[2026-05-18 21:15:57] [Reviewer] [INFO] ============================================================
[2026-05-18 21:15:57] [Reviewer] [INFO] Reviewer Agent 启动
[2026-05-18 21:15:57] [Reviewer] [INFO] ============================================================
[2026-05-18 21:15:57] [Reviewer] [INFO] 正在审查第1042章...
[2026-05-18 21:15:58] [Reviewer] [INFO] 第1047章审查完成：评分 8.25， verdict: 通过
[2026-05-18 21:15:58] [Reviewer] [INFO] 结果: success
[2026-05-18 21:15:58] [Reviewer] [INFO] ============================================================
[2026-05-18 21:15:58] [Reviewer] [INFO] Reviewer Agent 启动
[2026-05-18 21:15:58] [Reviewer] [INFO] ============================================================
[2026-05-18 21:15:58] [Reviewer] [INFO] 正在审查第1048章...
[2026-05-18 21:15:59] [Reviewer] [INFO] 第1053章审查完成：评分 8.0， verdict: 通过
[2026-05-18 21:15:59] [Reviewer] [INFO] 结果: success
[2026-05-18 21:15:59] [Reviewer] [INFO] ============================================================
[2026-05-18 21:15:59] [Reviewer] [INFO] Reviewer Agent 启动
[2026-05-18 21:15:59] [Reviewer] [INFO] ============================================================
[2026-05-18 21:15:59] [Reviewer] [INFO] 正在审查第1054章...
[2026-05-18 21:16:01] [Reviewer] [INFO] 第1039章审查完成：评分 8.2， verdict: 通过
[2026-05-18 21:16:01] [Reviewer] [INFO] 结果: success
[2026-05-18 21:16:01] [Reviewer] [INFO] ============================================================
[2026-05-18 21:16:01] [Reviewer] [INFO] Reviewer Agent 启动
[2026-05-18 21:16:01] [Reviewer] [INFO] ============================================================
[2026-05-18 21:16:01] [Reviewer] [INFO] 正在审查第1040章...
[2026-05-18 21:16:07] [Reviewer] [INFO] 第1023章审查完成：评分 8.2， verdict: 通过
[2026-05-18 21:16:07] [Reviewer] [INFO] 结果: success
[2026-05-18 21:16:07] [Reviewer] [INFO] ============================================================
[2026-05-18 21:16:07] [Reviewer] [INFO] Reviewer Agent 启动
[2026-05-18 21:16:07] [Reviewer] [INFO] ============================================================
[2026-05-18 21:16:07] [Reviewer] [INFO] 正在审查第1024章...
[2026-05-18 21:16:08] [Reviewer] [INFO] 第1030章审查完成：评分 8.4， verdict: 通过
[2026-05-18 21:16:08] [Reviewer] [INFO] 结果: success
[2026-05-18 21:16:08] [Reviewer] [INFO] 第1034章审查完成：评分 8.2， verdict: 通过
[2026-05-18 21:16:08] [Reviewer] [INFO] 结果: success
[2026-05-18 21:16:10] [Reviewer] [INFO] 第1028章审查完成：评分 8.3， verdict: 通过
[2026-05-18 21:16:10] [Reviewer] [INFO] 结果: success
[2026-05-18 21:16:11] [Reviewer] [INFO] 第1031章审查完成：评分 7.8， verdict: 通过
[2026-05-18 21:16:11] [Reviewer] [INFO] 结果: success
[2026-05-18 21:16:11] [Reviewer] [INFO] ============================================================
[2026-05-18 21:16:11] [Reviewer] [INFO] Reviewer Agent 启动
[2026-05-18 21:16:11] [Reviewer] [INFO] ============================================================
[2026-05-18 21:16:11] [Reviewer] [INFO] 正在审查第1032章...
[2026-05-18 21:16:13] [Reviewer] [INFO] 第1046章审查完成：评分 7.2， verdict: 需修改
[2026-05-18 21:16:13] [Reviewer] [INFO] 结果: success
[2026-05-18 21:16:15] [Reviewer] [INFO] 第1060章审查完成：评分 8.2， verdict: 通过
[2026-05-18 21:16:15] [Reviewer] [INFO] 结果: success
[2026-05-18 21:16:15] [Reviewer] [INFO] 第1052章审查完成：评分 8.0， verdict: 通过
[2026-05-18 21:16:15] [Reviewer] [INFO] 结果: success
[2026-05-18 21:16:15] [Reviewer] [INFO] 第1042章审查完成：评分 8.2， verdict: 通过
[2026-05-18 21:16:15] [Reviewer] [INFO] 结果: success
[2026-05-18 21:16:16] [Reviewer] [INFO] 第1038章审查完成：评分 8.3， verdict: 通过
[2026-05-18 21:16:16] [Reviewer] [INFO] 结果: success
[2026-05-18 21:16:16] [Reviewer] [INFO] 第1026章审查完成：评分 8.8， verdict: 通过
[2026-05-18 21:16:16] [Reviewer] [INFO] 结果: success
[2026-05-18 21:16:17] [Reviewer] [INFO] 第1036章审查完成：评分 8.0， verdict: 通过
[2026-05-18 21:16:17] [Reviewer] [INFO] 结果: success
[2026-05-18 21:16:18] [Reviewer] [INFO] 第1050章审查完成：评分 8.5， verdict: 通过
[2026-05-18 21:16:18] [Reviewer] [INFO] 结果: success
[2026-05-18 21:16:19] [Reviewer] [INFO] 第1022章审查完成：评分 8.5， verdict: 通过
[2026-05-18 21:16:19] [Reviewer] [INFO] 结果: success
[2026-05-18 21:16:20] [Reviewer] [INFO] 第1058章审查完成：评分 8.0， verdict: 通过
[2026-05-18 21:16:20] [Reviewer] [INFO] 结果: success
[2026-05-18 21:16:23] [Reviewer] [INFO] 第1056章审查完成：评分 8.0， verdict: 通过
[2026-05-18 21:16:23] [Reviewer] [INFO] 结果: success
[2026-05-18 21:16:24] [Reviewer] [INFO] 第1040章审查完成：评分 7.8， verdict: 通过
[2026-05-18 21:16:24] [Reviewer] [INFO] 结果: success
[2026-05-18 21:16:26] [Reviewer] [INFO] 第1044章审查完成：评分 8.5， verdict: 通过
[2026-05-18 21:16:26] [Reviewer] [INFO] 结果: success
[2026-05-18 21:16:28] [Reviewer] [INFO] 第1048章审查完成：评分 8.0， verdict: 通过
[2026-05-18 21:16:28] [Reviewer] [INFO] 结果: success
[2026-05-18 21:16:28] [Reviewer] [INFO] 第1054章审查完成：评分 7.8， verdict: 需修改
[2026-05-18 21:16:28] [Reviewer] [INFO] 结果: success
[2026-05-18 21:16:36] [Reviewer] [INFO] 第1024章审查完成：评分 8.0， verdict: 通过
[2026-05-18 21:16:36] [Reviewer] [INFO] 结果: success
[2026-05-18 21:16:38] [Reviewer] [INFO] 第1032章审查完成：评分 7.8， verdict: 需修改
[2026-05-18 21:16:38] [Reviewer] [INFO] 结果: success
[2026-05-18 21:16:39] [Reviewer] [INFO] ============================================================
[2026-05-18 21:16:39] [Reviewer] [INFO] Reviewer Agent 启动
[2026-05-18 21:16:39] [Reviewer] [INFO] ============================================================
[2026-05-18 21:16:39] [Reviewer] [INFO] 正在审查第1061章...
[2026-05-18 21:16:39] [Reviewer] [INFO] ============================================================
[2026-05-18 21:16:39] [Reviewer] [INFO] Reviewer Agent 启动
[2026-05-18 21:16:39] [Reviewer] [INFO] ============================================================
[2026-05-18 21:16:39] [Reviewer] [INFO] ============================================================
[2026-05-18 21:16:39] [Reviewer] [INFO] Reviewer Agent 启动
[2026-05-18 21:16:39] [Reviewer] [INFO] ============================================================
[2026-05-18 21:16:39] [Reviewer] [INFO] 正在审查第1063章...
[2026-05-18 21:16:39] [Reviewer] [INFO] 正在审查第1065章...
[2026-05-18 21:16:39] [Reviewer] [INFO] ============================================================
[2026-05-18 21:16:39] [Reviewer] [INFO] Reviewer Agent 启动
[2026-05-18 21:16:39] [Reviewer] [INFO] ============================================================
[2026-05-18 21:16:39] [Reviewer] [INFO] ============================================================
[2026-05-18 21:16:39] [Reviewer] [INFO] Reviewer Agent 启动
[2026-05-18 21:16:39] [Reviewer] [INFO] ============================================================
[2026-05-18 21:16:39] [Reviewer] [INFO] 正在审查第1071章...
[2026-05-18 21:16:39] [Reviewer] [INFO] ============================================================
[2026-05-18 21:16:39] [Reviewer] [INFO] Reviewer Agent 启动
[2026-05-18 21:16:39] [Reviewer] [INFO] ============================================================
[2026-05-18 21:16:39] [Reviewer] [INFO] 正在审查第1069章...
[2026-05-18 21:16:39] [Reviewer] [INFO] 正在审查第1067章...
[2026-05-18 21:16:39] [Reviewer] [INFO] ============================================================
[2026-05-18 21:16:39] [Reviewer] [INFO] Reviewer Agent 启动
[2026-05-18 21:16:39] [Reviewer] [INFO] ============================================================
[2026-05-18 21:16:39] [Reviewer] [INFO] ============================================================
[2026-05-18 21:16:39] [Reviewer] [INFO] Reviewer Agent 启动
[2026-05-18 21:16:39] [Reviewer] [INFO] ============================================================
[2026-05-18 21:16:39] [Reviewer] [INFO] 正在审查第1073章...
[2026-05-18 21:16:39] [Reviewer] [INFO] 正在审查第1077章...
[2026-05-18 21:16:39] [Reviewer] [INFO] ============================================================
[2026-05-18 21:16:39] [Reviewer] [INFO] Reviewer Agent 启动
[2026-05-18 21:16:39] [Reviewer] [INFO] ============================================================
[2026-05-18 21:16:39] [Reviewer] [INFO] ============================================================
[2026-05-18 21:16:39] [Reviewer] [INFO] Reviewer Agent 启动
[2026-05-18 21:16:39] [Reviewer] [INFO] ============================================================
[2026-05-18 21:16:39] [Reviewer] [INFO] 正在审查第1075章...
[2026-05-18 21:16:39] [Reviewer] [INFO] 正在审查第1081章...
[2026-05-18 21:16:40] [Reviewer] [INFO] ============================================================
[2026-05-18 21:16:40] [Reviewer] [INFO] Reviewer Agent 启动
[2026-05-18 21:16:40] [Reviewer] [INFO] ============================================================
[2026-05-18 21:16:40] [Reviewer] [INFO] ============================================================
[2026-05-18 21:16:40] [Reviewer] [INFO] Reviewer Agent 启动
[2026-05-18 21:16:40] [Reviewer] [INFO] ============================================================
[2026-05-18 21:16:40] [Reviewer] [INFO] 正在审查第1083章...
[2026-05-18 21:16:40] [Reviewer] [INFO] ============================================================
[2026-05-18 21:16:40] [Reviewer] [INFO] Reviewer Agent 启动
[2026-05-18 21:16:40] [Reviewer] [INFO] ============================================================
[2026-05-18 21:16:40] [Reviewer] [INFO] 正在审查第1079章...
[2026-05-18 21:16:40] [Reviewer] [INFO] ============================================================
[2026-05-18 21:16:40] [Reviewer] [INFO] Reviewer Agent 启动
[2026-05-18 21:16:40] [Reviewer] [INFO] ============================================================
[2026-05-18 21:16:40] [Reviewer] [INFO] ============================================================
[2026-05-18 21:16:40] [Reviewer] [INFO] Reviewer Agent 启动
[2026-05-18 21:16:40] [Reviewer] [INFO] ============================================================
[2026-05-18 21:16:40] [Reviewer] [INFO] 正在审查第1085章...
[2026-05-18 21:16:40] [Reviewer] [INFO] 正在审查第1093章...
[2026-05-18 21:16:40] [Reviewer] [INFO] 正在审查第1089章...
[2026-05-18 21:16:40] [Reviewer] [INFO] ============================================================
[2026-05-18 21:16:40] [Reviewer] [INFO] Reviewer Agent 启动
[2026-05-18 21:16:40] [Reviewer] [INFO] ============================================================
[2026-05-18 21:16:40] [Reviewer] [INFO] ============================================================
[2026-05-18 21:16:40] [Reviewer] [INFO] Reviewer Agent 启动
[2026-05-18 21:16:40] [Reviewer] [INFO] ============================================================
[2026-05-18 21:16:40] [Reviewer] [INFO] 正在审查第1087章...
[2026-05-18 21:16:40] [Reviewer] [INFO] 正在审查第1091章...
[2026-05-18 21:16:40] [Reviewer] [INFO] ============================================================
[2026-05-18 21:16:40] [Reviewer] [INFO] Reviewer Agent 启动
[2026-05-18 21:16:40] [Reviewer] [INFO] ============================================================
[2026-05-18 21:16:40] [Reviewer] [INFO] 正在审查第1095章...
[2026-05-18 21:16:40] [Reviewer] [INFO] ============================================================
[2026-05-18 21:16:40] [Reviewer] [INFO] Reviewer Agent 启动
[2026-05-18 21:16:40] [Reviewer] [INFO] ============================================================
[2026-05-18 21:16:40] [Reviewer] [INFO] 正在审查第1097章...
[2026-05-18 21:16:40] [Reviewer] [INFO] ============================================================
[2026-05-18 21:16:40] [Reviewer] [INFO] Reviewer Agent 启动
[2026-05-18 21:16:40] [Reviewer] [INFO] ============================================================
[2026-05-18 21:16:40] [Reviewer] [INFO] 正在审查第1099章...
[2026-05-18 21:17:00] [Reviewer] [ERROR] 第1065章审查失败
[2026-05-18 21:17:00] [Reviewer] [INFO] 结果: failed
[2026-05-18 21:17:00] [Reviewer] [INFO] ============================================================
[2026-05-18 21:17:00] [Reviewer] [INFO] Reviewer Agent 启动
[2026-05-18 21:17:00] [Reviewer] [INFO] ============================================================
[2026-05-18 21:17:00] [Reviewer] [INFO] 正在审查第1066章...
[2026-05-18 21:17:00] [Reviewer] [INFO] 第1089章审查完成：评分 8.3， verdict: 通过
[2026-05-18 21:17:00] [Reviewer] [INFO] 结果: success
[2026-05-18 21:17:00] [Reviewer] [INFO] 第1063章审查完成：评分 8.2， verdict: 通过
[2026-05-18 21:17:00] [Reviewer] [INFO] 结果: success
[2026-05-18 21:17:01] [Reviewer] [INFO] ============================================================
[2026-05-18 21:17:01] [Reviewer] [INFO] Reviewer Agent 启动
[2026-05-18 21:17:01] [Reviewer] [INFO] ============================================================
[2026-05-18 21:17:01] [Reviewer] [INFO] 正在审查第1090章...
[2026-05-18 21:17:01] [Reviewer] [INFO] ============================================================
[2026-05-18 21:17:01] [Reviewer] [INFO] Reviewer Agent 启动
[2026-05-18 21:17:01] [Reviewer] [INFO] ============================================================
[2026-05-18 21:17:01] [Reviewer] [INFO] 正在审查第1064章...
[2026-05-18 21:17:01] [Reviewer] [INFO] 第1095章审查完成：评分 7.8， verdict: 需修改
[2026-05-18 21:17:01] [Reviewer] [INFO] 结果: success
[2026-05-18 21:17:01] [Reviewer] [INFO] ============================================================
[2026-05-18 21:17:01] [Reviewer] [INFO] Reviewer Agent 启动
[2026-05-18 21:17:01] [Reviewer] [INFO] ============================================================
[2026-05-18 21:17:01] [Reviewer] [INFO] 正在审查第1096章...
[2026-05-18 21:17:02] [Reviewer] [INFO] 第1079章审查完成：评分 8.5， verdict: 通过
[2026-05-18 21:17:02] [Reviewer] [INFO] 结果: success
[2026-05-18 21:17:02] [Reviewer] [INFO] 第1091章审查完成：评分 7.8， verdict: 通过
[2026-05-18 21:17:02] [Reviewer] [INFO] 结果: success
[2026-05-18 21:17:02] [Reviewer] [INFO] ============================================================
[2026-05-18 21:17:02] [Reviewer] [INFO] Reviewer Agent 启动
[2026-05-18 21:17:02] [Reviewer] [INFO] ============================================================
[2026-05-18 21:17:02] [Reviewer] [INFO] 正在审查第1080章...
[2026-05-18 21:17:02] [Reviewer] [INFO] ============================================================
[2026-05-18 21:17:02] [Reviewer] [INFO] Reviewer Agent 启动
[2026-05-18 21:17:02] [Reviewer] [INFO] ============================================================
[2026-05-18 21:17:02] [Reviewer] [INFO] 正在审查第1092章...
[2026-05-18 21:17:03] [Reviewer] [INFO] 第1081章审查完成：评分 8.2， verdict: 通过
[2026-05-18 21:17:03] [Reviewer] [INFO] 结果: success
[2026-05-18 21:17:03] [Reviewer] [INFO] ============================================================
[2026-05-18 21:17:03] [Reviewer] [INFO] Reviewer Agent 启动
[2026-05-18 21:17:03] [Reviewer] [INFO] ============================================================
[2026-05-18 21:17:03] [Reviewer] [INFO] 正在审查第1082章...
[2026-05-18 21:17:03] [Reviewer] [ERROR] 第1087章审查失败
[2026-05-18 21:17:03] [Reviewer] [INFO] 结果: failed
[2026-05-18 21:17:03] [Reviewer] [INFO] ============================================================
[2026-05-18 21:17:03] [Reviewer] [INFO] Reviewer Agent 启动
[2026-05-18 21:17:03] [Reviewer] [INFO] ============================================================
[2026-05-18 21:17:03] [Reviewer] [INFO] 正在审查第1088章...
[2026-05-18 21:17:04] [Reviewer] [INFO] 第1077章审查完成：评分 8.1， verdict: 通过
[2026-05-18 21:17:04] [Reviewer] [INFO] 结果: success
[2026-05-18 21:17:04] [Reviewer] [INFO] ============================================================
[2026-05-18 21:17:04] [Reviewer] [INFO] Reviewer Agent 启动
[2026-05-18 21:17:04] [Reviewer] [INFO] ============================================================
[2026-05-18 21:17:04] [Reviewer] [INFO] 正在审查第1078章...
[2026-05-18 21:17:04] [Reviewer] [INFO] 第1069章审查完成：评分 8.0， verdict: 需修改
[2026-05-18 21:17:04] [Reviewer] [INFO] 结果: success
[2026-05-18 21:17:04] [Reviewer] [INFO] ============================================================
[2026-05-18 21:17:04] [Reviewer] [INFO] Reviewer Agent 启动
[2026-05-18 21:17:04] [Reviewer] [INFO] ============================================================
[2026-05-18 21:17:04] [Reviewer] [INFO] 正在审查第1070章...
[2026-05-18 21:17:05] [Reviewer] [INFO] 第1067章审查完成：评分 7.8， verdict: 需修改
[2026-05-18 21:17:05] [Reviewer] [INFO] 结果: success
[2026-05-18 21:17:05] [Reviewer] [INFO] ============================================================
[2026-05-18 21:17:05] [Reviewer] [INFO] Reviewer Agent 启动
[2026-05-18 21:17:05] [Reviewer] [INFO] ============================================================
[2026-05-18 21:17:05] [Reviewer] [INFO] 正在审查第1068章...
[2026-05-18 21:17:05] [Reviewer] [INFO] 第1099章审查完成：评分 8.5， verdict: 通过
[2026-05-18 21:17:05] [Reviewer] [INFO] 结果: success
[2026-05-18 21:17:05] [Reviewer] [INFO] ============================================================
[2026-05-18 21:17:05] [Reviewer] [INFO] Reviewer Agent 启动
[2026-05-18 21:17:05] [Reviewer] [INFO] ============================================================
[2026-05-18 21:17:05] [Reviewer] [INFO] 正在审查第1100章...
[2026-05-18 21:17:06] [Reviewer] [INFO] 第1083章审查完成：评分 8.5， verdict: 通过
[2026-05-18 21:17:06] [Reviewer] [INFO] 结果: success
[2026-05-18 21:17:06] [Reviewer] [INFO] ============================================================
[2026-05-18 21:17:06] [Reviewer] [INFO] Reviewer Agent 启动
[2026-05-18 21:17:06] [Reviewer] [INFO] ============================================================
[2026-05-18 21:17:06] [Reviewer] [INFO] 正在审查第1084章...
[2026-05-18 21:17:07] [Reviewer] [INFO] 第1097章审查完成：评分 8.0， verdict: 通过
[2026-05-18 21:17:07] [Reviewer] [INFO] 结果: success
[2026-05-18 21:17:07] [Reviewer] [INFO] 第1085章审查完成：评分 8.5， verdict: 通过
[2026-05-18 21:17:07] [Reviewer] [INFO] 结果: success
[2026-05-18 21:17:07] [Reviewer] [INFO] ============================================================
[2026-05-18 21:17:07] [Reviewer] [INFO] Reviewer Agent 启动
[2026-05-18 21:17:07] [Reviewer] [INFO] ============================================================
[2026-05-18 21:17:07] [Reviewer] [INFO] 正在审查第1098章...
[2026-05-18 21:17:07] [Reviewer] [INFO] ============================================================
[2026-05-18 21:17:07] [Reviewer] [INFO] Reviewer Agent 启动
[2026-05-18 21:17:07] [Reviewer] [INFO] ============================================================
[2026-05-18 21:17:07] [Reviewer] [INFO] 正在审查第1086章...
[2026-05-18 21:17:08] [Reviewer] [INFO] 第1071章审查完成：评分 8.5， verdict: 通过
[2026-05-18 21:17:08] [Reviewer] [INFO] 结果: success
[2026-05-18 21:17:08] [Reviewer] [INFO] ============================================================
[2026-05-18 21:17:08] [Reviewer] [INFO] Reviewer Agent 启动
[2026-05-18 21:17:08] [Reviewer] [INFO] ============================================================
[2026-05-18 21:17:08] [Reviewer] [INFO] 正在审查第1072章...
[2026-05-18 21:17:10] [Reviewer] [INFO] 第1061章审查完成：评分 8.5， verdict: 通过
[2026-05-18 21:17:10] [Reviewer] [INFO] 结果: success
[2026-05-18 21:17:10] [Reviewer] [INFO] ============================================================
[2026-05-18 21:17:10] [Reviewer] [INFO] Reviewer Agent 启动
[2026-05-18 21:17:10] [Reviewer] [INFO] ============================================================
[2026-05-18 21:17:10] [Reviewer] [INFO] 正在审查第1062章...
[2026-05-18 21:17:10] [Reviewer] [INFO] 第1075章审查完成：评分 7.8， verdict: 需修改
[2026-05-18 21:17:10] [Reviewer] [INFO] 结果: success
[2026-05-18 21:17:10] [Reviewer] [INFO] ============================================================
[2026-05-18 21:17:10] [Reviewer] [INFO] Reviewer Agent 启动
[2026-05-18 21:17:10] [Reviewer] [INFO] ============================================================
[2026-05-18 21:17:10] [Reviewer] [INFO] 正在审查第1076章...
[2026-05-18 21:17:13] [Reviewer] [INFO] 第1073章审查完成：评分 8.0， verdict: 通过
[2026-05-18 21:17:13] [Reviewer] [INFO] 结果: success
[2026-05-18 21:17:14] [Reviewer] [INFO] ============================================================
[2026-05-18 21:17:14] [Reviewer] [INFO] Reviewer Agent 启动
[2026-05-18 21:17:14] [Reviewer] [INFO] ============================================================
[2026-05-18 21:17:14] [Reviewer] [INFO] 正在审查第1074章...
[2026-05-18 21:17:17] [Reviewer] [INFO] 第1090章审查完成：评分 8.0， verdict: 通过
[2026-05-18 21:17:17] [Reviewer] [INFO] 结果: success
[2026-05-18 21:17:19] [Reviewer] [INFO] 第1093章审查完成：评分 7.6， verdict: 通过
[2026-05-18 21:17:19] [Reviewer] [INFO] 结果: success
[2026-05-18 21:17:19] [Reviewer] [INFO] ============================================================
[2026-05-18 21:17:19] [Reviewer] [INFO] Reviewer Agent 启动
[2026-05-18 21:17:19] [Reviewer] [INFO] ============================================================
[2026-05-18 21:17:19] [Reviewer] [INFO] 正在审查第1094章...
[2026-05-18 21:17:21] [Reviewer] [INFO] 第1064章审查完成：评分 8.2， verdict: 通过
[2026-05-18 21:17:21] [Reviewer] [INFO] 结果: success
[2026-05-18 21:17:23] [Reviewer] [INFO] 第1092章审查完成：评分 7.8， verdict: 通过
[2026-05-18 21:17:23] [Reviewer] [INFO] 结果: success
[2026-05-18 21:17:24] [Reviewer] [INFO] 第1070章审查完成：评分 7.8， verdict: 需修改
[2026-05-18 21:17:24] [Reviewer] [INFO] 结果: success
[2026-05-18 21:17:24] [Reviewer] [INFO] 第1078章审查完成：评分 8.2， verdict: 通过
[2026-05-18 21:17:24] [Reviewer] [INFO] 结果: success
[2026-05-18 21:17:25] [Reviewer] [INFO] 第1066章审查完成：评分 8.4， verdict: 通过
[2026-05-18 21:17:25] [Reviewer] [INFO] 结果: success
[2026-05-18 21:17:26] [Reviewer] [INFO] 第1100章审查完成：评分 7.8， verdict: 需修改
[2026-05-18 21:17:26] [Reviewer] [INFO] 结果: success
[2026-05-18 21:17:26] [Reviewer] [INFO] 第1096章审查完成：评分 8.2， verdict: 通过
[2026-05-18 21:17:26] [Reviewer] [INFO] 结果: success
[2026-05-18 21:17:27] [Reviewer] [INFO] 第1080章审查完成：评分 7.6， verdict: 需修改
[2026-05-18 21:17:27] [Reviewer] [INFO] 结果: success
[2026-05-18 21:17:28] [Reviewer] [INFO] 第1082章审查完成：评分 8.3， verdict: 通过
[2026-05-18 21:17:28] [Reviewer] [INFO] 结果: success
[2026-05-18 21:17:30] [Reviewer] [INFO] 第1088章审查完成：评分 8.5， verdict: 通过
[2026-05-18 21:17:30] [Reviewer] [INFO] 结果: success
[2026-05-18 21:17:30] [Reviewer] [INFO] 第1072章审查完成：评分 8.3， verdict: 通过
[2026-05-18 21:17:30] [Reviewer] [INFO] 结果: success
[2026-05-18 21:17:30] [Reviewer] [INFO] 第1084章审查完成：评分 8.2， verdict: 通过
[2026-05-18 21:17:30] [Reviewer] [INFO] 结果: success
[2026-05-18 21:17:31] [Reviewer] [INFO] 第1086章审查完成：评分 7.2， verdict: 需修改
[2026-05-18 21:17:31] [Reviewer] [INFO] 结果: success
[2026-05-18 21:17:32] [Reviewer] [INFO] 第1062章审查完成：评分 8.7， verdict: 通过
[2026-05-18 21:17:32] [Reviewer] [INFO] 结果: success
[2026-05-18 21:17:32] [Reviewer] [INFO] 第1098章审查完成：评分 8.2， verdict: 通过
[2026-05-18 21:17:32] [Reviewer] [INFO] 结果: success
[2026-05-18 21:17:33] [Reviewer] [INFO] 第1068章审查完成：评分 8.2， verdict: 通过
[2026-05-18 21:17:33] [Reviewer] [INFO] 结果: success
[2026-05-18 21:17:37] [Reviewer] [INFO] 第1076章审查完成：评分 8.4， verdict: 通过
[2026-05-18 21:17:37] [Reviewer] [INFO] 结果: success
[2026-05-18 21:17:38] [Reviewer] [INFO] 第1074章审查完成：评分 8.3， verdict: 通过
[2026-05-18 21:17:38] [Reviewer] [INFO] 结果: success
[2026-05-18 21:17:40] [Reviewer] [INFO] 第1094章审查完成：评分 8.2， verdict: 通过
[2026-05-18 21:17:40] [Reviewer] [INFO] 结果: success
[2026-05-18 21:17:42] [Reviewer] [INFO] ============================================================
[2026-05-18 21:17:42] [Reviewer] [INFO] Reviewer Agent 启动
[2026-05-18 21:17:42] [Reviewer] [INFO] ============================================================
[2026-05-18 21:17:42] [Reviewer] [INFO] 正在审查第1105章...
[2026-05-18 21:17:42] [Reviewer] [INFO] ============================================================
[2026-05-18 21:17:42] [Reviewer] [INFO] Reviewer Agent 启动
[2026-05-18 21:17:42] [Reviewer] [INFO] ============================================================
[2026-05-18 21:17:42] [Reviewer] [INFO] ============================================================
[2026-05-18 21:17:42] [Reviewer] [INFO] Reviewer Agent 启动
[2026-05-18 21:17:42] [Reviewer] [INFO] ============================================================
[2026-05-18 21:17:42] [Reviewer] [INFO] 正在审查第1065章...
[2026-05-18 21:17:42] [Reviewer] [INFO] 正在审查第1107章...
[2026-05-18 21:17:42] [Reviewer] [INFO] ============================================================
[2026-05-18 21:17:42] [Reviewer] [INFO] Reviewer Agent 启动
[2026-05-18 21:17:42] [Reviewer] [INFO] ============================================================
[2026-05-18 21:17:42] [Reviewer] [INFO] 正在审查第1103章...
[2026-05-18 21:17:43] [Reviewer] [INFO] ============================================================
[2026-05-18 21:17:43] [Reviewer] [INFO] Reviewer Agent 启动
[2026-05-18 21:17:43] [Reviewer] [INFO] ============================================================
[2026-05-18 21:17:43] [Reviewer] [INFO] ============================================================
[2026-05-18 21:17:43] [Reviewer] [INFO] Reviewer Agent 启动
[2026-05-18 21:17:43] [Reviewer] [INFO] ============================================================
[2026-05-18 21:17:43] [Reviewer] [INFO] ============================================================
[2026-05-18 21:17:43] [Reviewer] [INFO] Reviewer Agent 启动
[2026-05-18 21:17:43] [Reviewer] [INFO] ============================================================
[2026-05-18 21:17:43] [Reviewer] [INFO] ============================================================
[2026-05-18 21:17:43] [Reviewer] [INFO] Reviewer Agent 启动
[2026-05-18 21:17:43] [Reviewer] [INFO] ============================================================
[2026-05-18 21:17:43] [Reviewer] [INFO] ============================================================
[2026-05-18 21:17:43] [Reviewer] [INFO] ============================================================
[2026-05-18 21:17:43] [Reviewer] [INFO] Reviewer Agent 启动
=====================================
[2026-05-18 21:17:43] [Reviewer] [INFO] ============================================================
[2026-05-18 21:17:43] [Reviewer] [INFO] 正在审查第1109章...
[2026-05-18 21:17:43] [Reviewer] [INFO] 正在审查第1115章...
[2026-05-18 21:17:43] [Reviewer] [INFO] ============================================================
[2026-05-18 21:17:43] [Reviewer] [INFO] Reviewer Agent 启动
[2026-05-18 21:17:43] [Reviewer] [INFO] ============================================================
[2026-05-18 21:17:43] [Reviewer] [INFO] ============================================================
[2026-05-18 21:17:43] [Reviewer] [INFO] Reviewer Agent 启动
[2026-05-18 21:17:43] [Reviewer] [INFO] ============================================================
[2026-05-18 21:17:43] [Reviewer] [INFO] 正在审查第1123章...
[2026-05-18 21:17:43] [Reviewer] [INFO] ============================================================
[2026-05-18 21:17:43] [Reviewer] [INFO] Reviewer Agent 启动
[2026-05-18 21:17:43] [Reviewer] [INFO] ============================================================
[2026-05-18 21:17:43] [Reviewer] [INFO] ============================================================
[2026-05-18 21:17:43] [Reviewer] [INFO] Reviewer Agent 启动
[2026-05-18 21:17:43] [Reviewer] [INFO] ============================================================
[2026-05-18 21:17:43] [Reviewer] [INFO] 正在审查第1117章...
[2026-05-18 21:17:43] [Reviewer] [INFO] 正在审查第1113章...
[2026-05-18 21:17:43] [Reviewer] [INFO] ============================================================
[2026-05-18 21:17:43] [Reviewer] [INFO] Reviewer Agent 启动
[2026-05-18 21:17:43] [Reviewer] [INFO] ============================================================
[2026-05-18 21:17:43] [Reviewer] [INFO] 正在审查第1101章...
[2026-05-18 21:17:43] [Reviewer] [INFO] 正在审查第1119章...
[2026-05-18 21:17:43] [Reviewer] [INFO] 正在审查第1125章...
[2026-05-18 21:17:43] [Reviewer] [INFO] 正在审查第1121章...
[2026-05-18 21:17:43] [Reviewer] [INFO] 正在审查第1111章...
[2026-05-18 21:17:43] [Reviewer] [INFO] 正在审查第1127章...
[2026-05-18 21:17:43] [Reviewer] [INFO] ============================================================
[2026-05-18 21:17:43] [Reviewer] [INFO] Reviewer Agent 启动
[2026-05-18 21:17:43] [Reviewer] [INFO] ============================================================
[2026-05-18 21:17:43] [Reviewer] [INFO] ============================================================
[2026-05-18 21:17:43] [Reviewer] [INFO] Reviewer Agent 启动
[2026-05-18 21:17:43] [Reviewer] [INFO] ============================================================
[2026-05-18 21:17:43] [Reviewer] [INFO] 正在审查第1135章...
[2026-05-18 21:17:43] [Reviewer] [INFO] 正在审查第1129章...
[2026-05-18 21:17:43] [Reviewer] [INFO] ============================================================
[2026-05-18 21:17:43] [Reviewer] [INFO] Reviewer Agent 启动
[2026-05-18 21:17:43] [Reviewer] [INFO] ============================================================
[2026-05-18 21:17:43] [Reviewer] [INFO] 正在审查第1133章...
[2026-05-18 21:17:43] [Reviewer] [INFO] ============================================================
[2026-05-18 21:17:43] [Reviewer] [INFO] Reviewer Agent 启动
[2026-05-18 21:17:43] [Reviewer] [INFO] ============================================================
[2026-05-18 21:17:43] [Reviewer] [INFO] 正在审查第1131章...
[2026-05-18 21:17:43] [Reviewer] [INFO] ============================================================
[2026-05-18 21:17:43] [Reviewer] [INFO] Reviewer Agent 启动
[2026-05-18 21:17:43] [Reviewer] [INFO] ============================================================
[2026-05-18 21:17:43] [Reviewer] [INFO] 正在审查第1137章...
[2026-05-18 21:17:57] [Reviewer] [ERROR] 第1065章评审解析失败: Invalid control character at: line 12 column 24 (char 225)
[2026-05-18 21:17:57] [Reviewer] [INFO] 结果: parse_failed
[2026-05-18 21:17:57] [Reviewer] [INFO] ============================================================
[2026-05-18 21:17:57] [Reviewer] [INFO] Reviewer Agent 启动
[2026-05-18 21:17:57] [Reviewer] [INFO] ============================================================
[2026-05-18 21:17:57] [Reviewer] [INFO] 正在审查第1087章...
[2026-05-18 21:18:01] [Reviewer] [INFO] 第1119章审查完成：评分 8.2， verdict: 通过
[2026-05-18 21:18:01] [Reviewer] [INFO] 结果: success
[2026-05-18 21:18:01] [Reviewer] [INFO] ============================================================
[2026-05-18 21:18:01] [Reviewer] [INFO] Reviewer Agent 启动
[2026-05-18 21:18:01] [Reviewer] [INFO] ============================================================
[2026-05-18 21:18:01] [Reviewer] [INFO] 正在审查第1120章...
[2026-05-18 21:18:02] [Reviewer] [INFO] 第1111章审查完成：评分 8.2， verdict: 通过
[2026-05-18 21:18:02] [Reviewer] [INFO] 结果: success
[2026-05-18 21:18:02] [Reviewer] [INFO] ============================================================
[2026-05-18 21:18:02] [Reviewer] [INFO] Reviewer Agent 启动
[2026-05-18 21:18:02] [Reviewer] [INFO] ============================================================
[2026-05-18 21:18:02] [Reviewer] [INFO] 正在审查第1112章...
[2026-05-18 21:18:03] [Reviewer] [INFO] 第1123章审查完成：评分 8.0， verdict: 通过
[2026-05-18 21:18:03] [Reviewer] [INFO] 结果: success
[2026-05-18 21:18:03] [Reviewer] [INFO] ============================================================
[2026-05-18 21:18:03] [Reviewer] [INFO] Reviewer Agent 启动
[2026-05-18 21:18:03] [Reviewer] [INFO] ============================================================
[2026-05-18 21:18:03] [Reviewer] [INFO] 正在审查第1124章...
[2026-05-18 21:18:04] [Reviewer] [INFO] 第1107章审查完成：评分 7.8， verdict: 需修改
[2026-05-18 21:18:04] [Reviewer] [INFO] 结果: success
[2026-05-18 21:18:04] [Reviewer] [INFO] ============================================================
[2026-05-18 21:18:04] [Reviewer] [INFO] Reviewer Agent 启动
[2026-05-18 21:18:04] [Reviewer] [INFO] ============================================================
[2026-05-18 21:18:04] [Reviewer] [INFO] 正在审查第1108章...
[2026-05-18 21:18:04] [Reviewer] [INFO] 第1101章审查完成：评分 7.8， verdict: 通过
[2026-05-18 21:18:04] [Reviewer] [INFO] 结果: success
[2026-05-18 21:18:04] [Reviewer] [INFO] 第1137章审查完成：评分 7.8， verdict: 需修改
[2026-05-18 21:18:04] [Reviewer] [INFO] 结果: success
[2026-05-18 21:18:04] [Reviewer] [INFO] 第1115章审查完成：评分 8.2， verdict: 通过
[2026-05-18 21:18:04] [Reviewer] [INFO] 结果: success
[2026-05-18 21:18:04] [Reviewer] [INFO] ============================================================
[2026-05-18 21:18:04] [Reviewer] [INFO] Reviewer Agent 启动
[2026-05-18 21:18:04] [Reviewer] [INFO] ============================================================
[2026-05-18 21:18:04] [Reviewer] [INFO] ============================================================
[2026-05-18 21:18:04] [Reviewer] [INFO] Reviewer Agent 启动
[2026-05-18 21:18:04] [Reviewer] [INFO] ============================================================
[2026-05-18 21:18:04] [Reviewer] [INFO] 正在审查第1102章...
[2026-05-18 21:18:04] [Reviewer] [INFO] 正在审查第1138章...
[2026-05-18 21:18:04] [Reviewer] [INFO] ============================================================
[2026-05-18 21:18:04] [Reviewer] [INFO] Reviewer Agent 启动
[2026-05-18 21:18:04] [Reviewer] [INFO] ============================================================
[2026-05-18 21:18:04] [Reviewer] [INFO] 正在审查第1116章...
[2026-05-18 21:18:04] [Reviewer] [INFO] 第1133章审查完成：评分 8.2， verdict: 通过
[2026-05-18 21:18:04] [Reviewer] [INFO] 结果: success
[2026-05-18 21:18:04] [Reviewer] [INFO] ============================================================
[2026-05-18 21:18:04] [Reviewer] [INFO] Reviewer Agent 启动
[2026-05-18 21:18:04] [Reviewer] [INFO] ============================================================
[2026-05-18 21:18:04] [Reviewer] [INFO] 正在审查第1134章...
[2026-05-18 21:18:05] [Reviewer] [INFO] 第1113章审查完成：评分 8.3， verdict: 通过
[2026-05-18 21:18:05] [Reviewer] [INFO] 结果: success
[2026-05-18 21:18:06] [Reviewer] [INFO] 第1135章审查完成：评分 8.3， verdict: 需修改
[2026-05-18 21:18:06] [Reviewer] [INFO] 结果: success
[2026-05-18 21:18:06] [Reviewer] [INFO] ============================================================
[2026-05-18 21:18:06] [Reviewer] [INFO] Reviewer Agent 启动
[2026-05-18 21:18:06] [Reviewer] [INFO] ============================================================
[2026-05-18 21:18:06] [Reviewer] [INFO] 正在审查第1114章...
[2026-05-18 21:18:06] [Reviewer] [INFO] ============================================================
[2026-05-18 21:18:06] [Reviewer] [INFO] Reviewer Agent 启动
[2026-05-18 21:18:06] [Reviewer] [INFO] ============================================================
[2026-05-18 21:18:06] [Reviewer] [INFO] 正在审查第1136章...
[2026-05-18 21:18:06] [Reviewer] [INFO] 第1121章审查完成：评分 8.3， verdict: 通过
[2026-05-18 21:18:06] [Reviewer] [INFO] 结果: success
[2026-05-18 21:18:06] [Reviewer] [INFO] ============================================================
[2026-05-18 21:18:06] [Reviewer] [INFO] Reviewer Agent 启动
[2026-05-18 21:18:06] [Reviewer] [INFO] ============================================================
[2026-05-18 21:18:06] [Reviewer] [INFO] 正在审查第1122章...
[2026-05-18 21:18:07] [Reviewer] [INFO] 第1105章审查完成：评分 7.5， verdict: 需修改
[2026-05-18 21:18:07] [Reviewer] [INFO] 结果: success
[2026-05-18 21:18:07] [Reviewer] [INFO] ============================================================
[2026-05-18 21:18:07] [Reviewer] [INFO] Reviewer Agent 启动
[2026-05-18 21:18:07] [Reviewer] [INFO] ============================================================
[2026-05-18 21:18:07] [Reviewer] [INFO] 正在审查第1106章...
[2026-05-18 21:18:07] [Reviewer] [INFO] 第1129章审查完成：评分 8.5， verdict: 通过
[2026-05-18 21:18:07] [Reviewer] [INFO] 结果: success
[2026-05-18 21:18:07] [Reviewer] [INFO] 第1103章审查完成：评分 7.8， verdict: 需修改
[2026-05-18 21:18:07] [Reviewer] [INFO] 结果: success
[2026-05-18 21:18:07] [Reviewer] [INFO] ============================================================
[2026-05-18 21:18:07] [Reviewer] [INFO] Reviewer Agent 启动
[2026-05-18 21:18:07] [Reviewer] [INFO] ============================================================
[2026-05-18 21:18:07] [Reviewer] [INFO] 正在审查第1130章...
[2026-05-18 21:18:07] [Reviewer] [INFO] ============================================================
[2026-05-18 21:18:07] [Reviewer] [INFO] Reviewer Agent 启动
[2026-05-18 21:18:07] [Reviewer] [INFO] ============================================================
[2026-05-18 21:18:07] [Reviewer] [INFO] 正在审查第1104章...
[2026-05-18 21:18:07] [Reviewer] [INFO] 第1127章审查完成：评分 8.0， verdict: 通过
[2026-05-18 21:18:07] [Reviewer] [INFO] 结果: success
[2026-05-18 21:18:07] [Reviewer] [INFO] ============================================================
[2026-05-18 21:18:07] [Reviewer] [INFO] Reviewer Agent 启动
[2026-05-18 21:18:07] [Reviewer] [INFO] ============================================================
[2026-05-18 21:18:07] [Reviewer] [INFO] 第1117章审查完成：评分 8.0， verdict: 通过
[2026-05-18 21:18:07] [Reviewer] [INFO] 结果: success
[2026-05-18 21:18:07] [Reviewer] [INFO] 正在审查第1128章...
[2026-05-18 21:18:07] [Reviewer] [INFO] ============================================================
[2026-05-18 21:18:07] [Reviewer] [INFO] Reviewer Agent 启动
[2026-05-18 21:18:07] [Reviewer] [INFO] ============================================================
[2026-05-18 21:18:07] [Reviewer] [INFO] 正在审查第1118章...
[2026-05-18 21:18:10] [Reviewer] [INFO] 第1131章审查完成：评分 8.0， verdict: 通过
[2026-05-18 21:18:10] [Reviewer] [INFO] 结果: success
[2026-05-18 21:18:10] [Reviewer] [INFO] ============================================================
[2026-05-18 21:18:10] [Reviewer] [INFO] Reviewer Agent 启动
[2026-05-18 21:18:10] [Reviewer] [INFO] ============================================================
[2026-05-18 21:18:10] [Reviewer] [INFO] 正在审查第1132章...
[2026-05-18 21:18:14] [Reviewer] [INFO] 第1125章审查完成：评分 7.6， verdict: 通过
[2026-05-18 21:18:14] [Reviewer] [INFO] 结果: success
[2026-05-18 21:18:14] [Reviewer] [INFO] ============================================================
[2026-05-18 21:18:14] [Reviewer] [INFO] Reviewer Agent 启动
[2026-05-18 21:18:14] [Reviewer] [INFO] ============================================================
[2026-05-18 21:18:14] [Reviewer] [INFO] 正在审查第1126章...
[2026-05-18 21:18:15] [Reviewer] [INFO] 第1109章审查完成：评分 8.1， verdict: 需修改
[2026-05-18 21:18:15] [Reviewer] [INFO] 结果: success
[2026-05-18 21:18:15] [Reviewer] [INFO] ============================================================
[2026-05-18 21:18:15] [Reviewer] [INFO] Reviewer Agent 启动
[2026-05-18 21:18:15] [Reviewer] [INFO] ============================================================
[2026-05-18 21:18:15] [Reviewer] [INFO] 正在审查第1110章...
[2026-05-18 21:18:21] [Reviewer] [INFO] 第1087章审查完成：评分 8.3， verdict: 通过
[2026-05-18 21:18:21] [Reviewer] [INFO] 结果: success
[2026-05-18 21:18:23] [Reviewer] [INFO] 第1124章审查完成：评分 8.0， verdict: 通过
[2026-05-18 21:18:23] [Reviewer] [INFO] 结果: success
[2026-05-18 21:18:24] [Reviewer] [INFO] 第1136章审查完成：评分 7.8， verdict: 需修改
[2026-05-18 21:18:24] [Reviewer] [INFO] 结果: success
[2026-05-18 21:18:24] [Reviewer] [INFO] 第1112章审查完成：评分 8.4， verdict: 通过
[2026-05-18 21:18:24] [Reviewer] [INFO] 结果: success
[2026-05-18 21:18:24] [Reviewer] [INFO] 第1104章审查完成：评分 8.6， verdict: 通过
[2026-05-18 21:18:24] [Reviewer] [INFO] 结果: success
[2026-05-18 21:18:24] [Reviewer] [INFO] 第1114章审查完成：评分 7.6， verdict: 需修改
[2026-05-18 21:18:24] [Reviewer] [INFO] 结果: success
[2026-05-18 21:18:26] [Reviewer] [INFO] 第1120章审查完成：评分 7.8， verdict: 通过
[2026-05-18 21:18:26] [Reviewer] [INFO] 结果: success
[2026-05-18 21:18:27] [Reviewer] [INFO] 第1116章审查完成：评分 8.3， verdict: 通过
[2026-05-18 21:18:27] [Reviewer] [INFO] 结果: success
[2026-05-18 21:18:28] [Reviewer] [INFO] 第1102章审查完成：评分 8.0， verdict: 通过
[2026-05-18 21:18:28] [Reviewer] [INFO] 结果: success
[2026-05-18 21:18:28] [Reviewer] [INFO] 第1106章审查完成：评分 8.2， verdict: 通过
[2026-05-18 21:18:28] [Reviewer] [INFO] 结果: success
[2026-05-18 21:18:28] [Reviewer] [INFO] 第1122章审查完成：评分 7.8， verdict: 通过
[2026-05-18 21:18:28] [Reviewer] [INFO] 结果: success
[2026-05-18 21:18:29] [Reviewer] [INFO] 第1128章审查完成：评分 8.3， verdict: 通过
[2026-05-18 21:18:29] [Reviewer] [INFO] 结果: success
[2026-05-18 21:18:31] [Reviewer] [INFO] 第1138章审查完成：评分 8.3， verdict: 通过
[2026-05-18 21:18:31] [Reviewer] [INFO] 结果: success
[2026-05-18 21:18:32] [Reviewer] [INFO] 第1118章审查完成：评分 8.2， verdict: 通过
[2026-05-18 21:18:32] [Reviewer] [INFO] 结果: success
[2026-05-18 21:18:33] [Reviewer] [INFO] 第1134章审查完成：评分 8.4， verdict: 通过
[2026-05-18 21:18:33] [Reviewer] [INFO] 结果: success
[2026-05-18 21:18:33] [Reviewer] [INFO] 第1130章审查完成：评分 8.5， verdict: 通过
[2026-05-18 21:18:33] [Reviewer] [INFO] 结果: success
[2026-05-18 21:18:33] [Reviewer] [INFO] 第1126章审查完成：评分 7.2， verdict: 需修改
[2026-05-18 21:18:33] [Reviewer] [INFO] 结果: success
[2026-05-18 21:18:34] [Reviewer] [INFO] 第1132章审查完成：评分 8.7， verdict: 通过
[2026-05-18 21:18:34] [Reviewer] [INFO] 结果: success
[2026-05-18 21:18:35] [Reviewer] [INFO] 第1108章审查完成：评分 8.5， verdict: 通过
[2026-05-18 21:18:35] [Reviewer] [INFO] 结果: success
[2026-05-18 21:18:35] [Reviewer] [INFO] 第1110章审查完成：评分 8.0， verdict: 通过
[2026-05-18 21:18:35] [Reviewer] [INFO] 结果: success
[2026-05-18 21:18:37] [Reviewer] [INFO] ============================================================
[2026-05-18 21:18:37] [Reviewer] [INFO] Reviewer Agent 启动
[2026-05-18 21:18:37] [Reviewer] [INFO] ============================================================
[2026-05-18 21:18:37] [Reviewer] [INFO] 正在审查第1142章...
[2026-05-18 21:18:37] [Reviewer] [INFO] ============================================================
[2026-05-18 21:18:37] [Reviewer] [INFO] Reviewer Agent 启动
[2026-05-18 21:18:37] [Reviewer] [INFO] ============================================================
[2026-05-18 21:18:37] [Reviewer] [INFO] 正在审查第1065章...
[2026-05-18 21:18:37] [Reviewer] [INFO] ============================================================
[2026-05-18 21:18:37] [Reviewer] [INFO] Reviewer Agent 启动
[2026-05-18 21:18:37] [Reviewer] [INFO] ============================================================
[2026-05-18 21:18:37] [Reviewer] [INFO] 正在审查第1140章...
[2026-05-18 21:18:37] [Reviewer] [INFO] ============================================================
[2026-05-18 21:18:37] [Reviewer] [INFO] Reviewer Agent 启动
[2026-05-18 21:18:37] [Reviewer] [INFO] ============================================================
[2026-05-18 21:18:37] [Reviewer] [INFO] ============================================================
[2026-05-18 21:18:37] [Reviewer] [INFO] Reviewer Agent 启动
[2026-05-18 21:18:37] [Reviewer] [INFO] ============================================================
[2026-05-18 21:18:37] [Reviewer] [INFO] ============================================================
[2026-05-18 21:18:37] [Reviewer] [INFO] Reviewer Agent 启动
[2026-05-18 21:18:37] [Reviewer] [INFO] ============================================================
[2026-05-18 21:18:37] [Reviewer] [INFO] ============================================================
[2026-05-18 21:18:37] [Reviewer] [INFO] Reviewer Agent 启动
[2026-05-18 21:18:37] [Reviewer] [INFO] ============================================================
[2026-05-18 21:18:37] [Reviewer] [INFO] 正在审查第1144章...
[2026-05-18 21:18:37] [Reviewer] [INFO] 正在审查第1152章...
[2026-05-18 21:18:37] [Reviewer] [INFO] 正在审查第1146章...
[2026-05-18 21:18:37] [Reviewer] [INFO] 正在审查第1154章...
[2026-05-18 21:18:37] [Reviewer] [INFO] ============================================================
[2026-05-18 21:18:37] [Reviewer] [INFO] Reviewer Agent 启动
[2026-05-18 21:18:37] [Reviewer] [INFO] ============================================================
[2026-05-18 21:18:37] [Reviewer] [INFO] 正在审查第1150章...
[2026-05-18 21:18:37] [Reviewer] [INFO] ============================================================
[2026-05-18 21:18:37] [Reviewer] [INFO] Reviewer Agent 启动
[2026-05-18 21:18:37] [Reviewer] [INFO] ============================================================
[2026-05-18 21:18:37] [Reviewer] [INFO] ============================================================
[2026-05-18 21:18:37] [Reviewer] [INFO] Reviewer Agent 启动
[2026-05-18 21:18:37] [Reviewer] [INFO] ============================================================
[2026-05-18 21:18:37] [Reviewer] [INFO] 正在审查第1156章...
[2026-05-18 21:18:37] [Reviewer] [INFO] ============================================================
[2026-05-18 21:18:37] [Reviewer] [INFO] Reviewer Agent 启动
[2026-05-18 21:18:37] [Reviewer] [INFO] ============================================================
[2026-05-18 21:18:37] [Reviewer] [INFO] ============================================================
[2026-05-18 21:18:37] [Reviewer] [INFO] Reviewer Agent 启动
[2026-05-18 21:18:37] [Reviewer] [INFO] ============================================================
[2026-05-18 21:18:37] [Reviewer] [INFO] 正在审查第1148章...
[2026-05-18 21:18:37] [Reviewer] [INFO] ============================================================
[2026-05-18 21:18:37] [Reviewer] [INFO] Reviewer Agent 启动
[2026-05-18 21:18:37] [Reviewer] [INFO] ============================================================
[2026-05-18 21:18:37] [Reviewer] [INFO] 正在审查第1162章...
[2026-05-18 21:18:37] [Reviewer] [INFO] 正在审查第1158章...
[2026-05-18 21:18:37] [Reviewer] [INFO] ============================================================
[2026-05-18 21:18:37] [Reviewer] [INFO] Reviewer Agent 启动
[2026-05-18 21:18:37] [Reviewer] [INFO] ============================================================
[2026-05-18 21:18:37] [Reviewer] [INFO] 正在审查第1160章...
[2026-05-18 21:18:37] [Reviewer] [INFO] ============================================================
[2026-05-18 21:18:37] [Reviewer] [INFO] Reviewer Agent 启动
[2026-05-18 21:18:37] [Reviewer] [INFO] ============================================================
[2026-05-18 21:18:37] [Reviewer] [INFO] 正在审查第1164章...
[2026-05-18 21:18:37] [Reviewer] [INFO] ============================================================
[2026-05-18 21:18:37] [Reviewer] [INFO] Reviewer Agent 启动
[2026-05-18 21:18:37] [Reviewer] [INFO] ============================================================
[2026-05-18 21:18:37] [Reviewer] [INFO] 正在审查第1170章...
[2026-05-18 21:18:37] [Reviewer] [INFO] ============================================================
[2026-05-18 21:18:37] [Reviewer] [INFO] Reviewer Agent 启动
[2026-05-18 21:18:37] [Reviewer] [INFO] ============================================================
[2026-05-18 21:18:37] [Reviewer] [INFO] 正在审查第1166章...
[2026-05-18 21:18:37] [Reviewer] [INFO] ============================================================
[2026-05-18 21:18:37] [Reviewer] [INFO] Reviewer Agent 启动
[2026-05-18 21:18:37] [Reviewer] [INFO] ============================================================
[2026-05-18 21:18:37] [Reviewer] [INFO] 正在审查第1172章...
[2026-05-18 21:18:37] [Reviewer] [INFO] ============================================================
[2026-05-18 21:18:37] [Reviewer] [INFO] Reviewer Agent 启动
[2026-05-18 21:18:37] [Reviewer] [INFO] ============================================================
[2026-05-18 21:18:37] [Reviewer] [INFO] 正在审查第1168章...
[2026-05-18 21:18:37] [Reviewer] [INFO] ============================================================
[2026-05-18 21:18:37] [Reviewer] [INFO] Reviewer Agent 启动
[2026-05-18 21:18:37] [Reviewer] [INFO] ============================================================
[2026-05-18 21:18:37] [Reviewer] [INFO] 正在审查第1176章...
[2026-05-18 21:18:37] [Reviewer] [INFO] 正在审查第1174章...
[2026-05-18 21:18:57] [Reviewer] [INFO] 第1168章审查完成：评分 8.0， verdict: 通过
[2026-05-18 21:18:57] [Reviewer] [INFO] 结果: success
[2026-05-18 21:18:57] [Reviewer] [INFO] ============================================================
[2026-05-18 21:18:57] [Reviewer] [INFO] Reviewer Agent 启动
[2026-05-18 21:18:57] [Reviewer] [INFO] ============================================================
[2026-05-18 21:18:57] [Reviewer] [INFO] 正在审查第1169章...
[2026-05-18 21:18:58] [Reviewer] [INFO] 第1144章审查完成：评分 8.2， verdict: 通过
[2026-05-18 21:18:58] [Reviewer] [INFO] 结果: success
[2026-05-18 21:18:58] [Reviewer] [INFO] ============================================================
[2026-05-18 21:18:58] [Reviewer] [INFO] Reviewer Agent 启动
[2026-05-18 21:18:58] [Reviewer] [INFO] ============================================================
[2026-05-18 21:18:58] [Reviewer] [INFO] 正在审查第1145章...
[2026-05-18 21:18:58] [Reviewer] [INFO] 第1172章审查完成：评分 8.3， verdict: 通过
[2026-05-18 21:18:58] [Reviewer] [INFO] 结果: success
[2026-05-18 21:18:58] [Reviewer] [INFO] 第1162章审查完成：评分 8.5， verdict: 通过
[2026-05-18 21:18:58] [Reviewer] [INFO] 结果: success
[2026-05-18 21:18:58] [Reviewer] [INFO] ============================================================
[2026-05-18 21:18:58] [Reviewer] [INFO] Reviewer Agent 启动
[2026-05-18 21:18:58] [Reviewer] [INFO] ============================================================
[2026-05-18 21:18:58] [Reviewer] [INFO] 正在审查第1173章...
[2026-05-18 21:18:58] [Reviewer] [INFO] ============================================================
[2026-05-18 21:18:58] [Reviewer] [INFO] Reviewer Agent 启动
[2026-05-18 21:18:58] [Reviewer] [INFO] ============================================================
[2026-05-18 21:18:58] [Reviewer] [INFO] 正在审查第1163章...
[2026-05-18 21:18:59] [Reviewer] [INFO] 第1148章审查完成：评分 8.4， verdict: 通过
[2026-05-18 21:18:59] [Reviewer] [INFO] 结果: success
[2026-05-18 21:18:59] [Reviewer] [INFO] ============================================================
[2026-05-18 21:18:59] [Reviewer] [INFO] Reviewer Agent 启动
[2026-05-18 21:18:59] [Reviewer] [INFO] ============================================================
[2026-05-18 21:18:59] [Reviewer] [INFO] 正在审查第1149章...
[2026-05-18 21:18:59] [Reviewer] [INFO] 第1170章审查完成：评分 8.3， verdict: 通过
[2026-05-18 21:18:59] [Reviewer] [INFO] 结果: success
[2026-05-18 21:18:59] [Reviewer] [INFO] ============================================================
[2026-05-18 21:18:59] [Reviewer] [INFO] Reviewer Agent 启动
[2026-05-18 21:18:59] [Reviewer] [INFO] ============================================================
[2026-05-18 21:18:59] [Reviewer] [INFO] 正在审查第1171章...
[2026-05-18 21:19:00] [Reviewer] [INFO] 第1158章审查完成：评分 8.3， verdict: 通过
[2026-05-18 21:19:00] [Reviewer] [INFO] 结果: success
[2026-05-18 21:19:00] [Reviewer] [INFO] ============================================================
[2026-05-18 21:19:00] [Reviewer] [INFO] Reviewer Agent 启动
[2026-05-18 21:19:00] [Reviewer] [INFO] ============================================================
[2026-05-18 21:19:00] [Reviewer] [INFO] 正在审查第1159章...
[2026-05-18 21:19:00] [Reviewer] [INFO] 第1152章审查完成：评分 7.4， verdict: 需修改
[2026-05-18 21:19:00] [Reviewer] [INFO] 结果: success
[2026-05-18 21:19:00] [Reviewer] [INFO] ============================================================
[2026-05-18 21:19:00] [Reviewer] [INFO] Reviewer Agent 启动
[2026-05-18 21:19:00] [Reviewer] [INFO] ============================================================
[2026-05-18 21:19:00] [Reviewer] [INFO] 正在审查第1153章...
[2026-05-18 21:19:01] [Reviewer] [INFO] 第1150章审查完成：评分 8.5， verdict: 通过
[2026-05-18 21:19:01] [Reviewer] [INFO] 结果: success
[2026-05-18 21:19:01] [Reviewer] [INFO] ============================================================
[2026-05-18 21:19:01] [Reviewer] [INFO] Reviewer Agent 启动
[2026-05-18 21:19:01] [Reviewer] [INFO] ============================================================
[2026-05-18 21:19:01] [Reviewer] [INFO] 正在审查第1151章...
[2026-05-18 21:19:01] [Reviewer] [ERROR] 第1166章审查失败
[2026-05-18 21:19:01] [Reviewer] [INFO] 结果: failed
[2026-05-18 21:19:01] [Reviewer] [INFO] ============================================================
[2026-05-18 21:19:01] [Reviewer] [INFO] Reviewer Agent 启动
[2026-05-18 21:19:01] [Reviewer] [INFO] ============================================================
[2026-05-18 21:19:01] [Reviewer] [INFO] 正在审查第1167章...
[2026-05-18 21:19:02] [Reviewer] [INFO] 第1164章审查完成：评分 7.6， verdict: 通过
[2026-05-18 21:19:02] [Reviewer] [INFO] 结果: success
[2026-05-18 21:19:02] [Reviewer] [INFO] ============================================================
[2026-05-18 21:19:02] [Reviewer] [INFO] Reviewer Agent 启动
[2026-05-18 21:19:02] [Reviewer] [INFO] ============================================================
[2026-05-18 21:19:02] [Reviewer] [INFO] 正在审查第1165章...
[2026-05-18 21:19:02] [Reviewer] [INFO] 第1174章审查完成：评分 7.5， verdict: 需修改
[2026-05-18 21:19:02] [Reviewer] [INFO] 结果: success
[2026-05-18 21:19:02] [Reviewer] [INFO] ============================================================
[2026-05-18 21:19:02] [Reviewer] [INFO] Reviewer Agent 启动
[2026-05-18 21:19:02] [Reviewer] [INFO] ============================================================
[2026-05-18 21:19:02] [Reviewer] [INFO] 正在审查第1175章...
[2026-05-18 21:19:03] [Reviewer] [INFO] 第1176章审查完成：评分 8.0， verdict: 通过
[2026-05-18 21:19:03] [Reviewer] [INFO] 结果: success
[2026-05-18 21:19:03] [Reviewer] [INFO] ============================================================
[2026-05-18 21:19:03] [Reviewer] [INFO] Reviewer Agent 启动
[2026-05-18 21:19:03] [Reviewer] [INFO] ============================================================
[2026-05-18 21:19:03] [Reviewer] [INFO] 正在审查第1177章...
[2026-05-18 21:19:03] [Reviewer] [INFO] 第1065章审查完成：评分 8.1， verdict: 需修改
[2026-05-18 21:19:03] [Reviewer] [INFO] 结果: success
[2026-05-18 21:19:03] [Reviewer] [INFO] 第1160章审查完成：评分 7.6， verdict: 需修改
[2026-05-18 21:19:03] [Reviewer] [INFO] 结果: success
[2026-05-18 21:19:03] [Reviewer] [INFO] ============================================================
[2026-05-18 21:19:03] [Reviewer] [INFO] Reviewer Agent 启动
[2026-05-18 21:19:03] [Reviewer] [INFO] ============================================================
[2026-05-18 21:19:03] [Reviewer] [INFO] 正在审查第1139章...
[2026-05-18 21:19:03] [Reviewer] [INFO] ============================================================
[2026-05-18 21:19:03] [Reviewer] [INFO] Reviewer Agent 启动
[2026-05-18 21:19:03] [Reviewer] [INFO] ============================================================
[2026-05-18 21:19:03] [Reviewer] [INFO] 正在审查第1161章...
[2026-05-18 21:19:07] [Reviewer] [INFO] 第1156章审查完成：评分 7.8， verdict: 需修改
[2026-05-18 21:19:07] [Reviewer] [INFO] 结果: success
[2026-05-18 21:19:07] [Reviewer] [INFO] ============================================================
[2026-05-18 21:19:07] [Reviewer] [INFO] Reviewer Agent 启动
[2026-05-18 21:19:07] [Reviewer] [INFO] ============================================================
[2026-05-18 21:19:07] [Reviewer] [INFO] 正在审查第1157章...
[2026-05-18 21:19:07] [Reviewer] [INFO] 第1154章审查完成：评分 6.8， verdict: 需修改
[2026-05-18 21:19:07] [Reviewer] [INFO] 结果: success
[2026-05-18 21:19:07] [Reviewer] [INFO] ============================================================
[2026-05-18 21:19:07] [Reviewer] [INFO] Reviewer Agent 启动
[2026-05-18 21:19:07] [Reviewer] [INFO] ============================================================
[2026-05-18 21:19:07] [Reviewer] [INFO] 正在审查第1155章...
[2026-05-18 21:19:07] [Reviewer] [INFO] 第1146章审查完成：评分 7.3， verdict: 需修改
[2026-05-18 21:19:07] [Reviewer] [INFO] 结果: success
[2026-05-18 21:19:07] [Reviewer] [INFO] ============================================================
[2026-05-18 21:19:07] [Reviewer] [INFO] Reviewer Agent 启动
[2026-05-18 21:19:07] [Reviewer] [INFO] ============================================================
[2026-05-18 21:19:07] [Reviewer] [INFO] 正在审查第1147章...
[2026-05-18 21:19:08] [Reviewer] [INFO] 第1140章审查完成：评分 8.5， verdict: 通过
[2026-05-18 21:19:08] [Reviewer] [INFO] 结果: success
[2026-05-18 21:19:08] [Reviewer] [INFO] ============================================================
[2026-05-18 21:19:08] [Reviewer] [INFO] Reviewer Agent 启动
[2026-05-18 21:19:08] [Reviewer] [INFO] ============================================================
[2026-05-18 21:19:08] [Reviewer] [INFO] 正在审查第1141章...
[2026-05-18 21:19:10] [Reviewer] [ERROR] 第1142章评审解析失败: Invalid control character at: line 12 column 43 (char 291)
[2026-05-18 21:19:10] [Reviewer] [INFO] 结果: parse_failed
[2026-05-18 21:19:10] [Reviewer] [INFO] ============================================================
[2026-05-18 21:19:10] [Reviewer] [INFO] Reviewer Agent 启动
[2026-05-18 21:19:10] [Reviewer] [INFO] ============================================================
[2026-05-18 21:19:10] [Reviewer] [INFO] 正在审查第1143章...
[2026-05-18 21:19:16] [Reviewer] [INFO] 第1169章审查完成：评分 8.0， verdict: 通过
[2026-05-18 21:19:16] [Reviewer] [INFO] 结果: success
[2026-05-18 21:19:19] [Reviewer] [INFO] 第1171章审查完成：评分 8.3， verdict: 通过
[2026-05-18 21:19:19] [Reviewer] [INFO] 结果: success
[2026-05-18 21:19:19] [Reviewer] [INFO] 第1163章审查完成：评分 8.4， verdict: 通过
[2026-05-18 21:19:19] [Reviewer] [INFO] 结果: success
[2026-05-18 21:19:20] [Reviewer] [INFO] 第1145章审查完成：评分 8.2， verdict: 通过
[2026-05-18 21:19:20] [Reviewer] [INFO] 结果: success
[2026-05-18 21:19:21] [Reviewer] [INFO] 第1161章审查完成：评分 8.2， verdict: 需修改
[2026-05-18 21:19:21] [Reviewer] [INFO] 结果: success
[2026-05-18 21:19:22] [Reviewer] [INFO] 第1165章审查完成：评分 7.8， verdict: 通过
[2026-05-18 21:19:22] [Reviewer] [INFO] 结果: success
[2026-05-18 21:19:23] [Reviewer] [INFO] 第1173章审查完成：评分 8.3， verdict: 通过
[2026-05-18 21:19:23] [Reviewer] [INFO] 结果: success
[2026-05-18 21:19:23] [Reviewer] [INFO] 第1159章审查完成：评分 8.0， verdict: 通过
[2026-05-18 21:19:23] [Reviewer] [INFO] 结果: success
[2026-05-18 21:19:25] [Reviewer] [INFO] 第1149章审查完成：评分 8.2， verdict: 通过
[2026-05-18 21:19:25] [Reviewer] [INFO] 结果: success
[2026-05-18 21:19:27] [Reviewer] [INFO] 第1157章审查完成：评分 8.0， verdict: 需修改
[2026-05-18 21:19:27] [Reviewer] [INFO] 结果: success
[2026-05-18 21:19:28] [Reviewer] [INFO] 第1167章审查完成：评分 8.5， verdict: 通过
[2026-05-18 21:19:28] [Reviewer] [INFO] 结果: success
[2026-05-18 21:19:30] [Reviewer] [INFO] 第1141章审查完成：评分 8.4， verdict: 通过
[2026-05-18 21:19:30] [Reviewer] [INFO] 结果: success
[2026-05-18 21:19:30] [Reviewer] [INFO] 第1177章审查完成：评分 8.5， verdict: 通过
[2026-05-18 21:19:30] [Reviewer] [INFO] 结果: success
[2026-05-18 21:19:30] [Reviewer] [INFO] 第1147章审查完成：评分 8.3， verdict: 通过
[2026-05-18 21:19:30] [Reviewer] [INFO] 结果: success
[2026-05-18 21:19:31] [Reviewer] [INFO] 第1153章审查完成：评分 8.2， verdict: 通过
[2026-05-18 21:19:31] [Reviewer] [INFO] 结果: success
[2026-05-18 21:19:31] [Reviewer] [INFO] 第1175章审查完成：评分 7.8， verdict: 通过
[2026-05-18 21:19:31] [Reviewer] [INFO] 结果: success
[2026-05-18 21:19:32] [Reviewer] [INFO] 第1155章审查完成：评分 8.5， verdict: 通过
[2026-05-18 21:19:32] [Reviewer] [INFO] 结果: success
[2026-05-18 21:19:34] [Reviewer] [INFO] 第1139章审查完成：评分 8.2， verdict: 通过
[2026-05-18 21:19:34] [Reviewer] [INFO] 结果: success
[2026-05-18 21:19:44] [Reviewer] [INFO] 第1143章审查完成：评分 8.7， verdict: 通过
[2026-05-18 21:19:44] [Reviewer] [INFO] 结果: success
[2026-05-18 21:19:45] [Reviewer] [INFO] 第1151章审查完成：评分 7.2， verdict: 需修改
[2026-05-18 21:19:45] [Reviewer] [INFO] 结果: success
[2026-05-18 21:19:47] [Reviewer] [INFO] ============================================================
[2026-05-18 21:19:47] [Reviewer] [INFO] Reviewer Agent 启动
[2026-05-18 21:19:47] [Reviewer] [INFO] ============================================================
[2026-05-18 21:19:47] [Reviewer] [INFO] ============================================================
[2026-05-18 21:19:47] [Reviewer] [INFO] Reviewer Agent 启动
[2026-05-18 21:19:47] [Reviewer] [INFO] ============================================================
[2026-05-18 21:19:47] [Reviewer] [INFO] 正在审查第1186章...
[2026-05-18 21:19:47] [Reviewer] [INFO] 正在审查第1142章...
[2026-05-18 21:19:47] [Reviewer] [INFO] ============================================================
[2026-05-18 21:19:47] [Reviewer] [INFO] Reviewer Agent 启动
[2026-05-18 21:19:47] [Reviewer] [INFO] ============================================================
[2026-05-18 21:19:47] [Reviewer] [INFO] ============================================================
[2026-05-18 21:19:47] [Reviewer] [INFO] Reviewer Agent 启动
[2026-05-18 21:19:47] [Reviewer] [INFO] ============================================================
[2026-05-18 21:19:47] [Reviewer] [INFO] ============================================================
[2026-05-18 21:19:47] [Reviewer] [INFO] Reviewer Agent 启动
[2026-05-18 21:19:47] [Reviewer] [INFO] ============================================================
[2026-05-18 21:19:47] [Reviewer] [INFO] ============================================================
[2026-05-18 21:19:47] [Reviewer] [INFO] Reviewer Agent 启动
[2026-05-18 21:19:47] [Reviewer] [INFO] ============================================================
[2026-05-18 21:19:47] [Reviewer] [INFO] ============================================================
[2026-05-18 21:19:47] [Reviewer] [INFO] Reviewer Agent 启动
[2026-05-18 21:19:47] [Reviewer] [INFO] ============================================================
[2026-05-18 21:19:47] [Reviewer] [INFO] ============================================================
[2026-05-18 21:19:47] [Reviewer] [INFO] Reviewer Agent 启动
[2026-05-18 21:19:47] [Reviewer] [INFO] ============================================================
[2026-05-18 21:19:47] [Reviewer] [INFO] ============================================================
[2026-05-18 21:19:47] [Reviewer] [INFO] Reviewer Agent 启动
[2026-05-18 21:19:47] [Reviewer] [INFO] ============================================================
[2026-05-18 21:19:47] [Reviewer] [INFO] 正在审查第1178章...
[2026-05-18 21:19:47] [Reviewer] [INFO] 正在审查第1182章...
[2026-05-18 21:19:47] [Reviewer] [INFO] 正在审查第1184章...
[2026-05-18 21:19:47] [Reviewer] [INFO] 正在审查第1188章...
[2026-05-18 21:19:47] [Reviewer] [INFO] 正在审查第1190章...
[2026-05-18 21:19:47] [Reviewer] [INFO] ============================================================
[2026-05-18 21:19:47] [Reviewer] [INFO] Reviewer Agent 启动
[2026-05-18 21:19:47] [Reviewer] [INFO] ============================================================
[2026-05-18 21:19:47] [Reviewer] [INFO] 正在审查第1192章...
[2026-05-18 21:19:47] [Reviewer] [INFO] 正在审查第1194章...
[2026-05-18 21:19:47] [Reviewer] [INFO] ============================================================
[2026-05-18 21:19:47] [Reviewer] [INFO] Reviewer Agent 启动
[2026-05-18 21:19:47] [Reviewer] [INFO] ============================================================
[2026-05-18 21:19:47] [Reviewer] [INFO] ============================================================
[2026-05-18 21:19:47] [Reviewer] [INFO] Reviewer Agent 启动
[2026-05-18 21:19:47] [Reviewer] [INFO] ============================================================
[2026-05-18 21:19:47] [Reviewer] [INFO] ============================================================
[2026-05-18 21:19:47] [Reviewer] [INFO] Reviewer Agent 启动
[2026-05-18 21:19:47] [Reviewer] [INFO] ============================================================
[2026-05-18 21:19:47] [Reviewer] [INFO] 正在审查第1196章...
[2026-05-18 21:19:47] [Reviewer] [INFO] 正在审查第1200章...
[2026-05-18 21:19:47] [Reviewer] [INFO] 正在审查第1198章...
[2026-05-18 21:19:47] [Reviewer] [INFO] ============================================================
[2026-05-18 21:19:47] [Reviewer] [INFO] Reviewer Agent 启动
[2026-05-18 21:19:47] [Reviewer] [INFO] ============================================================
[2026-05-18 21:19:47] [Reviewer] [INFO] ============================================================
[2026-05-18 21:19:47] [Reviewer] [INFO] Reviewer Agent 启动
[2026-05-18 21:19:47] [Reviewer] [INFO] ============================================================
[2026-05-18 21:19:47] [Reviewer] [INFO] ============================================================
[2026-05-18 21:19:47] [Reviewer] [INFO] Reviewer Agent 启动
[2026-05-18 21:19:47] [Reviewer] [INFO] ============================================================
[2026-05-18 21:19:47] [Reviewer] [INFO] 正在审查第1208章...
[2026-05-18 21:19:47] [Reviewer] [INFO] 正在审查第1214章...
[2026-05-18 21:19:47] [Reviewer] [INFO] 正在审查第1210章...
[2026-05-18 21:19:47] [Reviewer] [INFO] ============================================================
[2026-05-18 21:19:47] [Reviewer] [INFO] Reviewer Agent 启动
[2026-05-18 21:19:47] [Reviewer] [INFO] ============================================================
[2026-05-18 21:19:47] [Reviewer] [INFO] ============================================================
[2026-05-18 21:19:47] [Reviewer] [INFO] Reviewer Agent 启动
[2026-05-18 21:19:47] [Reviewer] [INFO] ============================================================
[2026-05-18 21:19:47] [Reviewer] [INFO] ============================================================
[2026-05-18 21:19:47] [Reviewer] [INFO] Reviewer Agent 启动
[2026-05-18 21:19:47] [Reviewer] [INFO] ============================================================
[2026-05-18 21:19:47] [Reviewer] [INFO] 正在审查第1204章...
[2026-05-18 21:19:47] [Reviewer] [INFO] 正在审查第1202章...
[2026-05-18 21:19:47] [Reviewer] [INFO] 正在审查第1206章...
[2026-05-18 21:19:47] [Reviewer] [INFO] ============================================================
[2026-05-18 21:19:47] [Reviewer] [INFO] Reviewer Agent 启动
[2026-05-18 21:19:47] [Reviewer] [INFO] ============================================================
[2026-05-18 21:19:47] [Reviewer] [INFO] 正在审查第1212章...
[2026-05-18 21:20:07] [Reviewer] [INFO] 第1210章审查完成：评分 8.5， verdict: 通过
[2026-05-18 21:20:07] [Reviewer] [INFO] 结果: success
[2026-05-18 21:20:07] [Reviewer] [INFO] 第1198章审查完成：评分 7.8， verdict: 通过
[2026-05-18 21:20:07] [Reviewer] [INFO] 结果: success
[2026-05-18 21:20:07] [Reviewer] [INFO] 第1142章审查完成：评分 8.8， verdict: 通过
[2026-05-18 21:20:07] [Reviewer] [INFO] 结果: success
[2026-05-18 21:20:07] [Reviewer] [INFO] ============================================================
[2026-05-18 21:20:07] [Reviewer] [INFO] Reviewer Agent 启动
[2026-05-18 21:20:07] [Reviewer] [INFO] ============================================================
[2026-05-18 21:20:07] [Reviewer] [INFO] 正在审查第1211章...
[2026-05-18 21:20:07] [Reviewer] [INFO] ============================================================
[2026-05-18 21:20:07] [Reviewer] [INFO] Reviewer Agent 启动
[2026-05-18 21:20:07] [Reviewer] [INFO] ============================================================
[2026-05-18 21:20:07] [Reviewer] [INFO] 正在审查第1199章...
[2026-05-18 21:20:07] [Reviewer] [INFO] ============================================================
[2026-05-18 21:20:07] [Reviewer] [INFO] Reviewer Agent 启动
[2026-05-18 21:20:07] [Reviewer] [INFO] ============================================================
[2026-05-18 21:20:07] [Reviewer] [INFO] 正在审查第1166章...
[2026-05-18 21:20:09] [Reviewer] [INFO] 第1204章审查完成：评分 8.4， verdict: 通过
[2026-05-18 21:20:09] [Reviewer] [INFO] 结果: success
[2026-05-18 21:20:09] [Reviewer] [INFO] ============================================================
[2026-05-18 21:20:09] [Reviewer] [INFO] Reviewer Agent 启动
[2026-05-18 21:20:09] [Reviewer] [INFO] ============================================================
[2026-05-18 21:20:09] [Reviewer] [INFO] 正在审查第1205章...
[2026-05-18 21:20:10] [Reviewer] [INFO] 第1190章审查完成：评分 8.2， verdict: 通过
[2026-05-18 21:20:10] [Reviewer] [INFO] 结果: success
[2026-05-18 21:20:10] [Reviewer] [INFO] ============================================================
[2026-05-18 21:20:10] [Reviewer] [INFO] Reviewer Agent 启动
[2026-05-18 21:20:10] [Reviewer] [INFO] ============================================================
[2026-05-18 21:20:10] [Reviewer] [INFO] 正在审查第1191章...
[2026-05-18 21:20:11] [Reviewer] [INFO] 第1184章审查完成：评分 7.8， verdict: 需修改
[2026-05-18 21:20:11] [Reviewer] [INFO] 结果: success
[2026-05-18 21:20:11] [Reviewer] [INFO] ============================================================
[2026-05-18 21:20:11] [Reviewer] [INFO] Reviewer Agent 启动
[2026-05-18 21:20:11] [Reviewer] [INFO] ============================================================
[2026-05-18 21:20:11] [Reviewer] [INFO] 正在审查第1185章...
[2026-05-18 21:20:11] [Reviewer] [INFO] 第1186章审查完成：评分 8.2， verdict: 通过
[2026-05-18 21:20:11] [Reviewer] [INFO] 结果: success
[2026-05-18 21:20:11] [Reviewer] [INFO] 第1212章审查完成：评分 8.625， verdict: 通过
[2026-05-18 21:20:11] [Reviewer] [INFO] 结果: success
[2026-05-18 21:20:11] [Reviewer] [INFO] ============================================================
[2026-05-18 21:20:11] [Reviewer] [INFO] Reviewer Agent 启动
[2026-05-18 21:20:11] [Reviewer] [INFO] ============================================================
[2026-05-18 21:20:11] [Reviewer] [INFO] 正在审查第1187章...
[2026-05-18 21:20:11] [Reviewer] [INFO] 第1202章审查完成：评分 8.6， verdict: 通过
[2026-05-18 21:20:11] [Reviewer] [INFO] 结果: success
[2026-05-18 21:20:11] [Reviewer] [INFO] ============================================================
[2026-05-18 21:20:11] [Reviewer] [INFO] Reviewer Agent 启动
[2026-05-18 21:20:11] [Reviewer] [INFO] ============================================================
[2026-05-18 21:20:11] [Reviewer] [INFO] 正在审查第1213章...
[2026-05-18 21:20:11] [Reviewer] [INFO] ============================================================
[2026-05-18 21:20:11] [Reviewer] [INFO] Reviewer Agent 启动
[2026-05-18 21:20:11] [Reviewer] [INFO] ============================================================
[2026-05-18 21:20:11] [Reviewer] [INFO] 正在审查第1203章...
[2026-05-18 21:20:12] [Reviewer] [INFO] 第1196章审查完成：评分 8.4， verdict: 通过
[2026-05-18 21:20:12] [Reviewer] [INFO] 结果: success
[2026-05-18 21:20:12] [Reviewer] [INFO] ============================================================
[2026-05-18 21:20:12] [Reviewer] [INFO] Reviewer Agent 启动
[2026-05-18 21:20:12] [Reviewer] [INFO] ============================================================
[2026-05-18 21:20:12] [Reviewer] [INFO] 正在审查第1197章...
[2026-05-18 21:20:13] [Reviewer] [INFO] 第1180章审查完成：评分 7.2， verdict: 需修改
[2026-05-18 21:20:13] [Reviewer] [INFO] 结果: success
[2026-05-18 21:20:13] [Reviewer] [INFO] ============================================================
[2026-05-18 21:20:13] [Reviewer] [INFO] Reviewer Agent 启动
[2026-05-18 21:20:13] [Reviewer] [INFO] ============================================================
[2026-05-18 21:20:13] [Reviewer] [INFO] 第1182章审查完成：评分 8.5， verdict: 通过
[2026-05-18 21:20:13] [Reviewer] [INFO] 结果: success
[2026-05-18 21:20:13] [Reviewer] [INFO] 第1178章审查完成：评分 6.2， verdict: 需修改
[2026-05-18 21:20:13] [Reviewer] [INFO] 结果: success
[2026-05-18 21:20:13] [Reviewer] [INFO] 正在审查第1181章...
[2026-05-18 21:20:13] [Reviewer] [INFO] ============================================================
[2026-05-18 21:20:13] [Reviewer] [INFO] Reviewer Agent 启动
[2026-05-18 21:20:13] [Reviewer] [INFO] ============================================================
[2026-05-18 21:20:13] [Reviewer] [INFO] ============================================================
[2026-05-18 21:20:13] [Reviewer] [INFO] Reviewer Agent 启动
[2026-05-18 21:20:13] [Reviewer] [INFO] ============================================================
[2026-05-18 21:20:13] [Reviewer] [INFO] 正在审查第1183章...
[2026-05-18 21:20:13] [Reviewer] [INFO] 正在审查第1179章...
[2026-05-18 21:20:14] [Reviewer] [INFO] 第1200章审查完成：评分 8.7， verdict: 通过
[2026-05-18 21:20:14] [Reviewer] [INFO] 结果: success
[2026-05-18 21:20:14] [Reviewer] [INFO] 第1188章审查完成：评分 8.2， verdict: 通过
[2026-05-18 21:20:14] [Reviewer] [INFO] 结果: success
[2026-05-18 21:20:14] [Reviewer] [INFO] ============================================================
[2026-05-18 21:20:14] [Reviewer] [INFO] Reviewer Agent 启动
[2026-05-18 21:20:14] [Reviewer] [INFO] ============================================================
[2026-05-18 21:20:14] [Reviewer] [INFO] ============================================================
[2026-05-18 21:20:14] [Reviewer] [INFO] Reviewer Agent 启动
[2026-05-18 21:20:14] [Reviewer] [INFO] ============================================================
[2026-05-18 21:20:14] [Reviewer] [INFO] 正在审查第1201章...
[2026-05-18 21:20:14] [Reviewer] [INFO] 正在审查第1189章...
[2026-05-18 21:20:15] [Reviewer] [INFO] 第1206章审查完成：评分 8.0， verdict: 通过
[2026-05-18 21:20:15] [Reviewer] [INFO] 结果: success
[2026-05-18 21:20:15] [Reviewer] [INFO] ============================================================
[2026-05-18 21:20:15] [Reviewer] [INFO] Reviewer Agent 启动
[2026-05-18 21:20:15] [Reviewer] [INFO] ============================================================
[2026-05-18 21:20:15] [Reviewer] [INFO] 正在审查第1207章...
[2026-05-18 21:20:15] [Reviewer] [INFO] 第1192章审查完成：评分 8.4， verdict: 通过
[2026-05-18 21:20:15] [Reviewer] [INFO] 结果: success
[2026-05-18 21:20:16] [Reviewer] [INFO] ============================================================
[2026-05-18 21:20:16] [Reviewer] [INFO] Reviewer Agent 启动
[2026-05-18 21:20:16] [Reviewer] [INFO] ============================================================
[2026-05-18 21:20:16] [Reviewer] [INFO] 正在审查第1193章...
[2026-05-18 21:20:16] [Reviewer] [INFO] 第1214章审查完成：评分 8.5， verdict: 通过
[2026-05-18 21:20:16] [Reviewer] [INFO] 结果: success
[2026-05-18 21:20:16] [Reviewer] [INFO] ============================================================
[2026-05-18 21:20:16] [Reviewer] [INFO] Reviewer Agent 启动
[2026-05-18 21:20:16] [Reviewer] [INFO] ============================================================
[2026-05-18 21:20:16] [Reviewer] [INFO] 正在审查第1215章...
[2026-05-18 21:20:19] [Reviewer] [INFO] 第1208章审查完成：评分 8.8， verdict: 通过
[2026-05-18 21:20:19] [Reviewer] [INFO] 结果: success
[2026-05-18 21:20:19] [Reviewer] [INFO] ============================================================
[2026-05-18 21:20:19] [Reviewer] [INFO] Reviewer Agent 启动
[2026-05-18 21:20:19] [Reviewer] [INFO] ============================================================
[2026-05-18 21:20:19] [Reviewer] [INFO] 正在审查第1209章...
[2026-05-18 21:20:20] [Reviewer] [INFO] 第1194章审查完成：评分 7.8， verdict: 需修改
[2026-05-18 21:20:20] [Reviewer] [INFO] 结果: success
[2026-05-18 21:20:20] [Reviewer] [INFO] ============================================================
[2026-05-18 21:20:20] [Reviewer] [INFO] Reviewer Agent 启动
[2026-05-18 21:20:20] [Reviewer] [INFO] ============================================================
[2026-05-18 21:20:20] [Reviewer] [INFO] 正在审查第1195章...
[2026-05-18 21:20:28] [Reviewer] [INFO] 第1166章审查完成：评分 8.2， verdict: 通过
[2026-05-18 21:20:28] [Reviewer] [INFO] 结果: success
[2026-05-18 21:20:28] [Reviewer] [INFO] 第1191章审查完成：评分 7.5， verdict: 需修改
[2026-05-18 21:20:28] [Reviewer] [INFO] 结果: success
[2026-05-18 21:20:29] [Reviewer] [INFO] 第1213章审查完成：评分 8.3， verdict: 通过
[2026-05-18 21:20:29] [Reviewer] [INFO] 结果: success
[2026-05-18 21:20:30] [Reviewer] [INFO] 第1211章审查完成：评分 8.2， verdict: 通过
[2026-05-18 21:20:30] [Reviewer] [INFO] 结果: success
[2026-05-18 21:20:32] [Reviewer] [INFO] 第1201章审查完成：评分 8.2， verdict: 通过
[2026-05-18 21:20:32] [Reviewer] [INFO] 结果: success
[2026-05-18 21:20:33] [Reviewer] [INFO] 第1205章审查完成：评分 8.0， verdict: 需修改
[2026-05-18 21:20:33] [Reviewer] [INFO] 结果: success
[2026-05-18 21:20:33] [Reviewer] [INFO] 第1185章审查完成：评分 8.2， verdict: 通过
[2026-05-18 21:20:33] [Reviewer] [INFO] 结果: success
[2026-05-18 21:20:33] [Reviewer] [INFO] 第1181章审查完成：评分 8.2， verdict: 需修改
[2026-05-18 21:20:33] [Reviewer] [INFO] 结果: success
[2026-05-18 21:20:33] [Reviewer] [INFO] 第1199章审查完成：评分 8.3， verdict: 通过
[2026-05-18 21:20:33] [Reviewer] [INFO] 结果: success
[2026-05-18 21:20:34] [Reviewer] [INFO] 第1189章审查完成：评分 8.2， verdict: 通过
[2026-05-18 21:20:34] [Reviewer] [INFO] 结果: success
[2026-05-18 21:20:35] [Reviewer] [INFO] 第1197章审查完成：评分 8.5， verdict: 通过
[2026-05-18 21:20:35] [Reviewer] [INFO] 结果: success
[2026-05-18 21:20:36] [Reviewer] [INFO] 第1187章审查完成：评分 8.0， verdict: 通过
[2026-05-18 21:20:36] [Reviewer] [INFO] 结果: success
[2026-05-18 21:20:37] [Reviewer] [INFO] 第1193章审查完成：评分 8.4， verdict: 通过
[2026-05-18 21:20:37] [Reviewer] [INFO] 结果: success
[2026-05-18 21:20:38] [Reviewer] [INFO] 第1179章审查完成：评分 7.8， verdict: 通过
[2026-05-18 21:20:38] [Reviewer] [INFO] 结果: success
[2026-05-18 21:20:38] [Reviewer] [INFO] 第1203章审查完成：评分 7.3， verdict: 需修改
[2026-05-18 21:20:38] [Reviewer] [INFO] 结果: success
[2026-05-18 21:20:39] [Reviewer] [INFO] 第1183章审查完成：评分 8.5， verdict: 通过
[2026-05-18 21:20:39] [Reviewer] [INFO] 结果: success
[2026-05-18 21:20:40] [Reviewer] [INFO] 第1215章审查完成：评分 8.0， verdict: 通过
[2026-05-18 21:20:40] [Reviewer] [INFO] 结果: success
[2026-05-18 21:20:44] [Reviewer] [INFO] 第1195章审查完成：评分 7.8， verdict: 需修改
[2026-05-18 21:20:44] [Reviewer] [INFO] 结果: success
[2026-05-18 21:20:45] [Reviewer] [INFO] 第1207章审查完成：评分 7.5， verdict: 需修改
[2026-05-18 21:20:45] [Reviewer] [INFO] 结果: success
[2026-05-18 21:20:45] [Reviewer] [INFO] 第1209章审查完成：评分 8.2， verdict: 通过
[2026-05-18 21:20:45] [Reviewer] [INFO] 结果: success
[2026-05-18 21:20:46] [Reviewer] [INFO] ============================================================
[2026-05-18 21:20:46] [Reviewer] [INFO] Reviewer Agent 启动
[2026-05-18 21:20:46] [Reviewer] [INFO] ============================================================
[2026-05-18 21:20:46] [Reviewer] [INFO] ============================================================
[2026-05-18 21:20:46] [Reviewer] [INFO] Reviewer Agent 启动
[2026-05-18 21:20:46] [Reviewer] [INFO] ============================================================
[2026-05-18 21:20:46] [Reviewer] [INFO] 正在审查第1220章...
[2026-05-18 21:20:46] [Reviewer] [INFO] 正在审查第1218章...
[2026-05-18 21:20:46] [Reviewer] [INFO] ============================================================
[2026-05-18 21:20:46] [Reviewer] [INFO] Reviewer Agent 启动
[2026-05-18 21:20:46] [Reviewer] [INFO] ============================================================
[2026-05-18 21:20:46] [Reviewer] [INFO] ============================================================
[2026-05-18 21:20:46] [Reviewer] [INFO] Reviewer Agent 启动
[2026-05-18 21:20:46] [Reviewer] [INFO] ============================================================
[2026-05-18 21:20:46] [Reviewer] [INFO] 正在审查第1216章...
[2026-05-18 21:20:46] [Reviewer] [INFO] 正在审查第1228章...
[2026-05-18 21:20:46] [Reviewer] [INFO] ============================================================
[2026-05-18 21:20:46] [Reviewer] [INFO] Reviewer Agent 启动
[2026-05-18 21:20:46] [Reviewer] [INFO] ============================================================
[2026-05-18 21:20:46] [Reviewer] [INFO] 正在审查第1222章...
[2026-05-18 21:20:46] [Reviewer] [INFO] ============================================================
[2026-05-18 21:20:46] [Reviewer] [INFO] Reviewer Agent 启动
[2026-05-18 21:20:46] [Reviewer] [INFO] ============================================================
[2026-05-18 21:20:46] [Reviewer] [INFO] ============================================================
[2026-05-18 21:20:46] [Reviewer] [INFO] Reviewer Agent 启动
[2026-05-18 21:20:46] [Reviewer] [INFO] ============================================================
[2026-05-18 21:20:46] [Reviewer] [INFO] ============================================================
[2026-05-18 21:20:46] [Reviewer] [INFO] Reviewer Agent 启动
[2026-05-18 21:20:46] [Reviewer] [INFO] ============================================================
[2026-05-18 21:20:46] [Reviewer] [INFO] ============================================================
[2026-05-18 21:20:46] [Reviewer] [INFO] Reviewer Agent 启动
[2026-05-18 21:20:46] [Reviewer] [INFO] ============================================================
[2026-05-18 21:20:46] [Reviewer] [INFO] 正在审查第1226章...
[2026-05-18 21:20:46] [Reviewer] [INFO] 正在审查第1232章...
[2026-05-18 21:20:46] [Reviewer] [INFO] ============================================================
[2026-05-18 21:20:46] [Reviewer] [INFO] Reviewer Agent 启动
[2026-05-18 21:20:46] [Reviewer] [INFO] ============================================================
[2026-05-18 21:20:46] [Reviewer] [INFO] 正在审查第1236章...
[2026-05-18 21:20:46] [Reviewer] [INFO] 正在审查第1224章...
[2026-05-18 21:20:46] [Reviewer] [INFO] 正在审查第1230章...
[2026-05-18 21:20:46] [Reviewer] [INFO] ============================================================
[2026-05-18 21:20:46] [Reviewer] [INFO] Reviewer Agent 启动
[2026-05-18 21:20:46] [Reviewer] [INFO] ============================================================
[2026-05-18 21:20:46] [Reviewer] [INFO] ============================================================
[2026-05-18 21:20:46] [Reviewer] [INFO] Reviewer Agent 启动
[2026-05-18 21:20:46] [Reviewer] [INFO] ============================================================
[2026-05-18 21:20:46] [Reviewer] [INFO] ============================================================
[2026-05-18 21:20:46] [Reviewer] [INFO] Reviewer Agent 启动
[2026-05-18 21:20:46] [Reviewer] [INFO] ============================================================
[2026-05-18 21:20:46] [Reviewer] [INFO] ============================================================
[2026-05-18 21:20:46] [Reviewer] [INFO] Reviewer Agent 启动
[2026-05-18 21:20:46] [Reviewer] [INFO] ============================================================
[2026-05-18 21:20:46] [Reviewer] [INFO] 正在审查第1238章...
[2026-05-18 21:20:46] [Reviewer] [INFO] ============================================================
[2026-05-18 21:20:46] [Reviewer] [INFO] Reviewer Agent 启动
[2026-05-18 21:20:46] [Reviewer] [INFO] ============================================================
[2026-05-18 21:20:46] [Reviewer] [INFO] 正在审查第1240章...
[2026-05-18 21:20:47] [Reviewer] [INFO] 正在审查第1242章...
[2026-05-18 21:20:47] [Reviewer] [INFO] 正在审查第1244章...
[2026-05-18 21:20:47] [Reviewer] [INFO] 正在审查第1234章...
[2026-05-18 21:20:47] [Reviewer] [INFO] ============================================================
[2026-05-18 21:20:47] [Reviewer] [INFO] Reviewer Agent 启动
[2026-05-18 21:20:47] [Reviewer] [INFO] ============================================================
[2026-05-18 21:20:47] [Reviewer] [INFO] ============================================================
[2026-05-18 21:20:47] [Reviewer] [INFO] Reviewer Agent 启动
[2026-05-18 21:20:47] [Reviewer] [INFO] 正在审查第1248章...
=================================
[2026-05-18 21:20:47] [Reviewer] [INFO] ============================================================
[2026-05-18 21:20:47] [Reviewer] [INFO] Reviewer Agent 启动
[2026-05-18 21:20:47] [Reviewer] [INFO] ============================================================
[2026-05-18 21:20:47] [Reviewer] [INFO] 正在审查第1246章...
[2026-05-18 21:20:47] [Reviewer] [INFO] ============================================================
[2026-05-18 21:20:47] [Reviewer] [INFO] Reviewer Agent 启动
[2026-05-18 21:20:47] [Reviewer] [INFO] ============================================================
[2026-05-18 21:20:47] [Reviewer] [INFO] ============================================================
[2026-05-18 21:20:47] [Reviewer] [INFO] Reviewer Agent 启动
[2026-05-18 21:20:47] [Reviewer] [INFO] ============================================================
[2026-05-18 21:20:47] [Reviewer] [INFO] 正在审查第1250章...
[2026-05-18 21:20:47] [Reviewer] [INFO] 正在审查第1254章...
[2026-05-18 21:20:47] [Reviewer] [INFO] 正在审查第1252章...
[2026-05-18 21:21:03] [Reviewer] [INFO] 第1222章审查完成：评分 8.2， verdict: 通过
[2026-05-18 21:21:03] [Reviewer] [INFO] 结果: success
[2026-05-18 21:21:04] [Reviewer] [INFO] 第1250章审查完成：评分 8.3， verdict: 通过
[2026-05-18 21:21:04] [Reviewer] [INFO] 结果: success
[2026-05-18 21:21:04] [Reviewer] [INFO] ============================================================
[2026-05-18 21:21:04] [Reviewer] [INFO] Reviewer Agent 启动
[2026-05-18 21:21:04] [Reviewer] [INFO] ============================================================
[2026-05-18 21:21:04] [Reviewer] [INFO] 正在审查第1223章...
[2026-05-18 21:21:04] [Reviewer] [INFO] ============================================================
[2026-05-18 21:21:04] [Reviewer] [INFO] Reviewer Agent 启动
[2026-05-18 21:21:04] [Reviewer] [INFO] ============================================================
[2026-05-18 21:21:04] [Reviewer] [INFO] 正在审查第1251章...
[2026-05-18 21:21:05] [Reviewer] [INFO] 第1220章审查完成：评分 8.3， verdict: 通过
[2026-05-18 21:21:05] [Reviewer] [INFO] 结果: success
[2026-05-18 21:21:05] [Reviewer] [INFO] ============================================================
[2026-05-18 21:21:05] [Reviewer] [INFO] Reviewer Agent 启动
[2026-05-18 21:21:05] [Reviewer] [INFO] ============================================================
[2026-05-18 21:21:05] [Reviewer] [INFO] 正在审查第1221章...
[2026-05-18 21:21:08] [Reviewer] [INFO] 第1224章审查完成：评分 7.2， verdict: 需修改
[2026-05-18 21:21:08] [Reviewer] [INFO] 结果: success
[2026-05-18 21:21:08] [Reviewer] [INFO] ============================================================
[2026-05-18 21:21:08] [Reviewer] [INFO] Reviewer Agent 启动
[2026-05-18 21:21:08] [Reviewer] [INFO] ============================================================
[2026-05-18 21:21:08] [Reviewer] [INFO] 正在审查第1225章...
[2026-05-18 21:21:09] [Reviewer] [INFO] 第1216章审查完成：评分 7.8， verdict: 通过
[2026-05-18 21:21:09] [Reviewer] [INFO] 结果: success
[2026-05-18 21:21:09] [Reviewer] [INFO] 第1234章审查完成：评分 8.7， verdict: 通过
[2026-05-18 21:21:09] [Reviewer] [INFO] 结果: success
[2026-05-18 21:21:09] [Reviewer] [INFO] 第1230章审查完成：评分 8.5， verdict: 通过
[2026-05-18 21:21:09] [Reviewer] [INFO] 结果: success
[2026-05-18 21:21:09] [Reviewer] [INFO] ============================================================
[2026-05-18 21:21:09] [Reviewer] [INFO] Reviewer Agent 启动
[2026-05-18 21:21:09] [Reviewer] [INFO] ============================================================
[2026-05-18 21:21:09] [Reviewer] [INFO] 正在审查第1217章...
[2026-05-18 21:21:09] [Reviewer] [INFO] ============================================================
[2026-05-18 21:21:09] [Reviewer] [INFO] Reviewer Agent 启动
[2026-05-18 21:21:09] [Reviewer] [INFO] ============================================================
[2026-05-18 21:21:09] [Reviewer] [INFO] ============================================================
[2026-05-18 21:21:09] [Reviewer] [INFO] Reviewer Agent 启动
[2026-05-18 21:21:09] [Reviewer] [INFO] ============================================================
[2026-05-18 21:21:09] [Reviewer] [INFO] 正在审查第1235章...
[2026-05-18 21:21:09] [Reviewer] [INFO] 正在审查第1231章...
[2026-05-18 21:21:12] [Reviewer] [INFO] 第1218章审查完成：评分 8.2， verdict: 通过
[2026-05-18 21:21:12] [Reviewer] [INFO] 结果: success
[2026-05-18 21:21:12] [Reviewer] [INFO] ============================================================
[2026-05-18 21:21:12] [Reviewer] [INFO] Reviewer Agent 启动
[2026-05-18 21:21:12] [Reviewer] [INFO] ============================================================
[2026-05-18 21:21:12] [Reviewer] [INFO] 正在审查第1219章...
[2026-05-18 21:21:12] [Reviewer] [INFO] 第1244章审查完成：评分 7.3， verdict: 需修改
[2026-05-18 21:21:12] [Reviewer] [INFO] 结果: success
[2026-05-18 21:21:13] [Reviewer] [INFO] ============================================================
[2026-05-18 21:21:13] [Reviewer] [INFO] Reviewer Agent 启动
[2026-05-18 21:21:13] [Reviewer] [INFO] ============================================================
[2026-05-18 21:21:13] [Reviewer] [INFO] 正在审查第1245章...
[2026-05-18 21:21:13] [Reviewer] [INFO] 第1252章审查完成：评分 8.5， verdict: 通过
[2026-05-18 21:21:13] [Reviewer] [INFO] 结果: success
[2026-05-18 21:21:13] [Reviewer] [INFO] ============================================================
[2026-05-18 21:21:13] [Reviewer] [INFO] Reviewer Agent 启动
[2026-05-18 21:21:13] [Reviewer] [INFO] ============================================================
[2026-05-18 21:21:13] [Reviewer] [INFO] 正在审查第1253章...
[2026-05-18 21:21:13] [Reviewer] [INFO] 第1242章审查完成：评分 7.5， verdict: 需修改
[2026-05-18 21:21:13] [Reviewer] [INFO] 结果: success
[2026-05-18 21:21:13] [Reviewer] [INFO] ============================================================
[2026-05-18 21:21:13] [Reviewer] [INFO] Reviewer Agent 启动
[2026-05-18 21:21:13] [Reviewer] [INFO] ============================================================
[2026-05-18 21:21:13] [Reviewer] [INFO] 正在审查第1243章...
[2026-05-18 21:21:15] [Reviewer] [INFO] 第1248章审查完成：评分 7.8， verdict: 需修改
[2026-05-18 21:21:15] [Reviewer] [INFO] 结果: success
[2026-05-18 21:21:15] [Reviewer] [INFO] ============================================================
[2026-05-18 21:21:15] [Reviewer] [INFO] 第1254章审查完成：评分 8.2， verdict: 通过
[2026-05-18 21:21:15] [Reviewer] [INFO] ============================================================
[2026-05-18 21:21:15] [Reviewer] [INFO] 结果: success
[2026-05-18 21:21:15] [Reviewer] [INFO] 正在审查第1249章...
[2026-05-18 21:21:15] [Reviewer] [INFO] ============================================================
[2026-05-18 21:21:15] [Reviewer] [INFO] Reviewer Agent 启动
[2026-05-18 21:21:15] [Reviewer] [INFO] ============================================================
[2026-05-18 21:21:15] [Reviewer] [INFO] 正在审查第1255章...
[2026-05-18 21:21:15] [Reviewer] [INFO] 第1238章审查完成：评分 8.0， verdict: 通过
[2026-05-18 21:21:15] [Reviewer] [INFO] 结果: success
[2026-05-18 21:21:15] [Reviewer] [INFO] 第1232章审查完成：评分 8.0， verdict: 通过
[2026-05-18 21:21:15] [Reviewer] [INFO] 结果: success
[2026-05-18 21:21:15] [Reviewer] [INFO] ============================================================
[2026-05-18 21:21:15] [Reviewer] [INFO] Reviewer Agent 启动
[2026-05-18 21:21:15] [Reviewer] [INFO] ============================================================
[2026-05-18 21:21:15] [Reviewer] [INFO] 正在审查第1239章...
[2026-05-18 21:21:15] [Reviewer] [INFO] ============================================================
[2026-05-18 21:21:15] [Reviewer] [INFO] Reviewer Agent 启动
[2026-05-18 21:21:15] [Reviewer] [INFO] ============================================================
[2026-05-18 21:21:15] [Reviewer] [INFO] 正在审查第1233章...
[2026-05-18 21:21:15] [Reviewer] [INFO] 第1226章审查完成：评分 7.5， verdict: 需修改
[2026-05-18 21:21:15] [Reviewer] [INFO] 结果: success
[2026-05-18 21:21:15] [Reviewer] [INFO] ============================================================
[2026-05-18 21:21:15] [Reviewer] [INFO] Reviewer Agent 启动
[2026-05-18 21:21:15] [Reviewer] [INFO] ============================================================
[2026-05-18 21:21:15] [Reviewer] [INFO] 第1228章审查完成：评分 7.8， verdict: 需修改
[2026-05-18 21:21:15] [Reviewer] [INFO] 结果: success
[2026-05-18 21:21:15] [Reviewer] [INFO] 正在审查第1227章...
[2026-05-18 21:21:16] [Reviewer] [INFO] ============================================================
[2026-05-18 21:21:16] [Reviewer] [INFO] Reviewer Agent 启动
[2026-05-18 21:21:16] [Reviewer] [INFO] ============================================================
[2026-05-18 21:21:16] [Reviewer] [INFO] 正在审查第1229章...
[2026-05-18 21:21:17] [Reviewer] [INFO] 第1240章审查完成：评分 8.5， verdict: 通过
[2026-05-18 21:21:17] [Reviewer] [INFO] 结果: success
[2026-05-18 21:21:17] [Reviewer] [INFO] ============================================================
[2026-05-18 21:21:17] [Reviewer] [INFO] Reviewer Agent 启动
[2026-05-18 21:21:17] [Reviewer] [INFO] ============================================================
[2026-05-18 21:21:18] [Reviewer] [INFO] 正在审查第1241章...
[2026-05-18 21:21:18] [Reviewer] [INFO] 第1246章审查完成：评分 7.8， verdict: 需修改
[2026-05-18 21:21:18] [Reviewer] [INFO] 结果: success
[2026-05-18 21:21:18] [Reviewer] [INFO] ============================================================
[2026-05-18 21:21:18] [Reviewer] [INFO] Reviewer Agent 启动
[2026-05-18 21:21:18] [Reviewer] [INFO] ============================================================
[2026-05-18 21:21:18] [Reviewer] [INFO] 正在审查第1247章...
[2026-05-18 21:21:19] [Reviewer] [INFO] 第1236章审查完成：评分 8.5， verdict: 通过
[2026-05-18 21:21:19] [Reviewer] [INFO] 结果: success
[2026-05-18 21:21:19] [Reviewer] [INFO] ============================================================
[2026-05-18 21:21:19] [Reviewer] [INFO] Reviewer Agent 启动
[2026-05-18 21:21:19] [Reviewer] [INFO] ============================================================
[2026-05-18 21:21:19] [Reviewer] [INFO] 正在审查第1237章...
[2026-05-18 21:21:21] [Reviewer] [INFO] 第1223章审查完成：评分 8.2， verdict: 通过
[2026-05-18 21:21:21] [Reviewer] [INFO] 结果: success
[2026-05-18 21:21:26] [Reviewer] [INFO] 第1217章审查完成：评分 7.5， verdict: 需修改
[2026-05-18 21:21:26] [Reviewer] [INFO] 结果: success
[2026-05-18 21:21:30] [Reviewer] [INFO] 第1225章审查完成：评分 7.8， verdict: 需修改
[2026-05-18 21:21:30] [Reviewer] [INFO] 结果: success
[2026-05-18 21:21:30] [Reviewer] [INFO] 第1251章审查完成：评分 8.4， verdict: 通过
[2026-05-18 21:21:30] [Reviewer] [INFO] 结果: success
[2026-05-18 21:21:32] [Reviewer] [INFO] 第1231章审查完成：评分 8.3， verdict: 通过
[2026-05-18 21:21:32] [Reviewer] [INFO] 结果: success
[2026-05-18 21:21:32] [Reviewer] [INFO] 第1221章审查完成：评分 7.8， verdict: 通过
[2026-05-18 21:21:32] [Reviewer] [INFO] 结果: success
[2026-05-18 21:21:33] [Reviewer] [INFO] 第1243章审查完成：评分 8.3， verdict: 通过
[2026-05-18 21:21:33] [Reviewer] [INFO] 结果: success
[2026-05-18 21:21:34] [Reviewer] [INFO] 第1235章审查完成：评分 8.2， verdict: 通过
[2026-05-18 21:21:34] [Reviewer] [INFO] 结果: success
[2026-05-18 21:21:34] [Reviewer] [INFO] 第1245章审查完成：评分 8.4， verdict: 通过
[2026-05-18 21:21:34] [Reviewer] [INFO] 结果: success
[2026-05-18 21:21:34] [Reviewer] [INFO] 第1253章审查完成：评分 8.4， verdict: 通过
[2026-05-18 21:21:34] [Reviewer] [INFO] 结果: success
[2026-05-18 21:21:35] [Reviewer] [INFO] 第1219章审查完成：评分 8.2， verdict: 通过
[2026-05-18 21:21:35] [Reviewer] [INFO] 结果: success
[2026-05-18 21:21:35] [Reviewer] [INFO] 第1255章审查完成：评分 8.7， verdict: 通过
[2026-05-18 21:21:35] [Reviewer] [INFO] 结果: success
[2026-05-18 21:21:36] [Reviewer] [INFO] 第1241章审查完成：评分 8.2， verdict: 通过
[2026-05-18 21:21:36] [Reviewer] [INFO] 结果: success
[2026-05-18 21:21:38] [Reviewer] [INFO] 第1239章审查完成：评分 8.0， verdict: 通过
[2026-05-18 21:21:38] [Reviewer] [INFO] 结果: success
[2026-05-18 21:21:39] [Reviewer] [INFO] 第1233章审查完成：评分 8.6， verdict: 通过
[2026-05-18 21:21:39] [Reviewer] [INFO] 结果: success
[2026-05-18 21:21:40] [Reviewer] [INFO] 第1249章审查完成：评分 8.4， verdict: 通过
[2026-05-18 21:21:40] [Reviewer] [INFO] 结果: success
[2026-05-18 21:21:41] [Reviewer] [INFO] 第1229章审查完成：评分 7.2， verdict: 需修改
[2026-05-18 21:21:41] [Reviewer] [INFO] 结果: success
[2026-05-18 21:21:42] [Reviewer] [INFO] 第1227章审查完成：评分 7.8， verdict: 通过
[2026-05-18 21:21:42] [Reviewer] [INFO] 结果: success
[2026-05-18 21:21:43] [Reviewer] [INFO] 第1237章审查完成：评分 7.6， verdict: 需修改
[2026-05-18 21:21:43] [Reviewer] [INFO] 结果: success
[2026-05-18 21:21:46] [Reviewer] [INFO] 第1247章审查完成：评分 8.2， verdict: 通过
[2026-05-18 21:21:46] [Reviewer] [INFO] 结果: success
[2026-05-18 21:21:47] [Reviewer] [INFO] ============================================================
[2026-05-18 21:21:47] [Reviewer] [INFO] Reviewer Agent 启动
[2026-05-18 21:21:47] [Reviewer] [INFO] ============================================================
[2026-05-18 21:21:47] [Reviewer] [INFO] ============================================================
[2026-05-18 21:21:47] [Reviewer] [INFO] Reviewer Agent 启动
[2026-05-18 21:21:47] [Reviewer] [INFO] ============================================================
[2026-05-18 21:21:47] [Reviewer] [INFO] 正在审查第1262章...
[2026-05-18 21:21:47] [Reviewer] [INFO] ============================================================
[2026-05-18 21:21:47] [Reviewer] [INFO] Reviewer Agent 启动
[2026-05-18 21:21:47] [Reviewer] [INFO] ============================================================
[2026-05-18 21:21:47] [Reviewer] [INFO] ============================================================
[2026-05-18 21:21:47] [Reviewer] [INFO] Reviewer Agent 启动
[2026-05-18 21:21:47] [Reviewer] [INFO] ============================================================
[2026-05-18 21:21:47] [Reviewer] [INFO] 正在审查第1256章...
[2026-05-18 21:21:47] [Reviewer] [INFO] ============================================================
[2026-05-18 21:21:47] [Reviewer] [INFO] Reviewer Agent 启动
[2026-05-18 21:21:47] [Reviewer] [INFO] ============================================================
[2026-05-18 21:21:47] [Reviewer] [INFO] 正在审查第1260章...
[2026-05-18 21:21:47] [Reviewer] [INFO] 正在审查第1258章...
[2026-05-18 21:21:47] [Reviewer] [INFO] 正在审查第1268章...
[2026-05-18 21:21:47] [Reviewer] [INFO] ============================================================
[2026-05-18 21:21:47] [Reviewer] [INFO] Reviewer Agent 启动
[2026-05-18 21:21:47] [Reviewer] [INFO] ============================================================
[2026-05-18 21:21:47] [Reviewer] [INFO] ============================================================
[2026-05-18 21:21:47] [Reviewer] [INFO] Reviewer Agent 启动
[2026-05-18 21:21:47] [Reviewer] [INFO] ============================================================
[2026-05-18 21:21:47] [Reviewer] [INFO] ============================================================
[2026-05-18 21:21:47] [Reviewer] [INFO] Reviewer Agent 启动
[2026-05-18 21:21:47] [Reviewer] [INFO] ============================================================
[2026-05-18 21:21:47] [Reviewer] [INFO] ============================================================
[2026-05-18 21:21:47] [Reviewer] [INFO] Reviewer Agent 启动
[2026-05-18 21:21:47] [Reviewer] [INFO] ============================================================
[2026-05-18 21:21:47] [Reviewer] [INFO] ============================================================
[2026-05-18 21:21:47] [Reviewer] [INFO] 正在审查第1276章...
[2026-05-18 21:21:47] [Reviewer] [INFO] Reviewer Agent 启动
[2026-05-18 21:21:47] [Reviewer] [INFO] ============================================================
[2026-05-18 21:21:47] [Reviewer] [INFO] ============================================================
[2026-05-18 21:21:47] [Reviewer] [INFO] Reviewer Agent 启动
[2026-05-18 21:21:47] [Reviewer] [INFO] ============================================================
[2026-05-18 21:21:47] [Reviewer] [INFO] ============================================================
[2026-05-18 21:21:47] [Reviewer] [INFO] Reviewer Agent 启动
[2026-05-18 21:21:47] [Reviewer] [INFO] ============================================================
[2026-05-18 21:21:47] [Reviewer] [INFO] 正在审查第1264章...
[2026-05-18 21:21:47] [Reviewer] [INFO] 正在审查第1278章...
[2026-05-18 21:21:47] [Reviewer] [INFO] ============================================================
[2026-05-18 21:21:47] [Reviewer] [INFO] Reviewer Agent 启动
[2026-05-18 21:21:47] [Reviewer] [INFO] ============================================================
[2026-05-18 21:21:47] [Reviewer] [INFO] 正在审查第1282章...
[2026-05-18 21:21:47] [Reviewer] [INFO] 正在审查第1274章...
[2026-05-18 21:21:47] [Reviewer] [INFO] 正在审查第1272章...
[2026-05-18 21:21:47] [Reviewer] [INFO] ============================================================
[2026-05-18 21:21:47] [Reviewer] [INFO] Reviewer Agent 启动
[2026-05-18 21:21:47] [Reviewer] [INFO] ============================================================
[2026-05-18 21:21:47] [Reviewer] [INFO] ============================================================
[2026-05-18 21:21:47] [Reviewer] [INFO] Reviewer Agent 启动
[2026-05-18 21:21:47] [Reviewer] [INFO] ============================================================
[2026-05-18 21:21:47] [Reviewer] [INFO] 正在审查第1280章...
[2026-05-18 21:21:48] [Reviewer] [INFO] 正在审查第1270章...
[2026-05-18 21:21:48] [Reviewer] [INFO] 正在审查第1294章...
[2026-05-18 21:21:48] [Reviewer] [INFO] ============================================================
[2026-05-18 21:21:48] [Reviewer] [INFO] ============================================================
[2026-05-18 21:21:48] [Reviewer] [INFO] Reviewer Agent 启动
[2026-05-18 21:21:48] [Reviewer] [INFO] Reviewer Agent 启动
[2026-05-18 21:21:48] [Reviewer] [INFO] ============================================================
[2026-05-18 21:21:48] [Reviewer] [INFO] ============================================================
[2026-05-18 21:21:48] [Reviewer] [INFO] ============================================================
[2026-05-18 21:21:48] [Reviewer] [INFO] Reviewer Agent 启动
[2026-05-18 21:21:48] [Reviewer] [INFO] ============================================================
[2026-05-18 21:21:48] [Reviewer] [INFO] ============================================================
[2026-05-18 21:21:48] [Reviewer] [INFO] Reviewer Agent 启动
[2026-05-18 21:21:48] [Reviewer] [INFO] ============================================================
[2026-05-18 21:21:48] [Reviewer] [INFO] 正在审查第1284章...
[2026-05-18 21:21:48] [Reviewer] [INFO] 正在审查第1286章...
[2026-05-18 21:21:48] [Reviewer] [INFO] 正在审查第1288章...
[2026-05-18 21:21:48] [Reviewer] [INFO] 正在审查第1290章...
[2026-05-18 21:21:48] [Reviewer] [INFO] ============================================================
[2026-05-18 21:21:48] [Reviewer] [INFO] Reviewer Agent 启动
[2026-05-18 21:21:48] [Reviewer] [INFO] ============================================================
[2026-05-18 21:21:48] [Reviewer] [INFO] 正在审查第1292章...
[2026-05-18 21:22:06] [Reviewer] [INFO] 第1258章审查完成：评分 7.2， verdict: 需修改
[2026-05-18 21:22:06] [Reviewer] [INFO] 结果: success
[2026-05-18 21:22:06] [Reviewer] [INFO] ============================================================
[2026-05-18 21:22:06] [Reviewer] [INFO] Reviewer Agent 启动
[2026-05-18 21:22:06] [Reviewer] [INFO] ============================================================
[2026-05-18 21:22:06] [Reviewer] [INFO] 正在审查第1259章...
[2026-05-18 21:22:07] [Reviewer] [INFO] 第1256章审查完成：评分 7.2， verdict: 需修改
[2026-05-18 21:22:07] [Reviewer] [INFO] 结果: success
[2026-05-18 21:22:07] [Reviewer] [INFO] ============================================================
[2026-05-18 21:22:07] [Reviewer] [INFO] Reviewer Agent 启动
[2026-05-18 21:22:07] [Reviewer] [INFO] ============================================================
[2026-05-18 21:22:07] [Reviewer] [INFO] 正在审查第1257章...
[2026-05-18 21:22:08] [Reviewer] [INFO] 第1272章审查完成：评分 8.6， verdict: 通过
[2026-05-18 21:22:08] [Reviewer] [INFO] 结果: success
[2026-05-18 21:22:08] [Reviewer] [INFO] ============================================================
[2026-05-18 21:22:08] [Reviewer] [INFO] Reviewer Agent 启动
[2026-05-18 21:22:08] [Reviewer] [INFO] ============================================================
[2026-05-18 21:22:08] [Reviewer] [INFO] 正在审查第1273章...
[2026-05-18 21:22:09] [Reviewer] [INFO] 第1290章审查完成：评分 8.0， verdict: 通过
[2026-05-18 21:22:09] [Reviewer] [INFO] 结果: success
[2026-05-18 21:22:09] [Reviewer] [INFO] ============================================================
[2026-05-18 21:22:09] [Reviewer] [INFO] Reviewer Agent 启动
[2026-05-18 21:22:09] [Reviewer] [INFO] ============================================================
[2026-05-18 21:22:09] [Reviewer] [INFO] 正在审查第1291章...
[2026-05-18 21:22:09] [Reviewer] [INFO] 第1280章审查完成：评分 8.2， verdict: 通过
[2026-05-18 21:22:09] [Reviewer] [INFO] 结果: success
[2026-05-18 21:22:09] [Reviewer] [INFO] 第1282章审查完成：评分 8.2， verdict: 通过
[2026-05-18 21:22:09] [Reviewer] [INFO] 结果: success
[2026-05-18 21:22:09] [Reviewer] [INFO] ============================================================
[2026-05-18 21:22:09] [Reviewer] [INFO] Reviewer Agent 启动
[2026-05-18 21:22:09] [Reviewer] [INFO] ============================================================
[2026-05-18 21:22:09] [Reviewer] [INFO] 正在审查第1281章...
[2026-05-18 21:22:09] [Reviewer] [INFO] ============================================================
[2026-05-18 21:22:09] [Reviewer] [INFO] Reviewer Agent 启动
[2026-05-18 21:22:09] [Reviewer] [INFO] ============================================================
[2026-05-18 21:22:09] [Reviewer] [INFO] 正在审查第1283章...
[2026-05-18 21:22:09] [Reviewer] [INFO] 第1274章审查完成：评分 8.0， verdict: 通过
[2026-05-18 21:22:09] [Reviewer] [INFO] 结果: success
[2026-05-18 21:22:10] [Reviewer] [INFO] ============================================================
[2026-05-18 21:22:10] [Reviewer] [INFO] Reviewer Agent 启动
[2026-05-18 21:22:10] [Reviewer] [INFO] ============================================================
[2026-05-18 21:22:10] [Reviewer] [INFO] 正在审查第1275章...
[2026-05-18 21:22:10] [Reviewer] [INFO] 第1262章审查完成：评分 8.3， verdict: 通过
[2026-05-18 21:22:10] [Reviewer] [INFO] 结果: success
[2026-05-18 21:22:10] [Reviewer] [INFO] 第1270章审查完成：评分 8.2， verdict: 通过
[2026-05-18 21:22:10] [Reviewer] [INFO] 结果: success
[2026-05-18 21:22:10] [Reviewer] [INFO] ============================================================
[2026-05-18 21:22:10] [Reviewer] [INFO] Reviewer Agent 启动
[2026-05-18 21:22:10] [Reviewer] [INFO] ============================================================
[2026-05-18 21:22:10] [Reviewer] [INFO] 正在审查第1263章...
[2026-05-18 21:22:10] [Reviewer] [INFO] 第1276章审查完成：评分 8.4， verdict: 通过
[2026-05-18 21:22:10] [Reviewer] [INFO] 结果: success
[2026-05-18 21:22:11] [Reviewer] [INFO] ============================================================
[2026-05-18 21:22:11] [Reviewer] [INFO] Reviewer Agent 启动
[2026-05-18 21:22:11] [Reviewer] [INFO] ============================================================
[2026-05-18 21:22:11] [Reviewer] [INFO] 正在审查第1271章...
[2026-05-18 21:22:11] [Reviewer] [INFO] ============================================================
[2026-05-18 21:22:11] [Reviewer] [INFO] Reviewer Agent 启动
[2026-05-18 21:22:11] [Reviewer] [INFO] ============================================================
[2026-05-18 21:22:11] [Reviewer] [INFO] 正在审查第1277章...
[2026-05-18 21:22:11] [Reviewer] [INFO] 第1294章审查完成：评分 7.6， verdict: 需修改
[2026-05-18 21:22:11] [Reviewer] [INFO] 结果: success
[2026-05-18 21:22:11] [Reviewer] [INFO] ============================================================
[2026-05-18 21:22:11] [Reviewer] [INFO] Reviewer Agent 启动
[2026-05-18 21:22:11] [Reviewer] [INFO] ============================================================
[2026-05-18 21:22:11] [Reviewer] [INFO] 正在审查第1295章...
[2026-05-18 21:22:11] [Reviewer] [INFO] 第1278章审查完成：评分 7.8， verdict: 需修改
[2026-05-18 21:22:11] [Reviewer] [INFO] 结果: success
[2026-05-18 21:22:11] [Reviewer] [INFO] ============================================================
[2026-05-18 21:22:11] [Reviewer] [INFO] Reviewer Agent 启动
[2026-05-18 21:22:11] [Reviewer] [INFO] ============================================================
[2026-05-18 21:22:11] [Reviewer] [INFO] 正在审查第1279章...
[2026-05-18 21:22:11] [Reviewer] [INFO] 第1288章审查完成：评分 7.8， verdict: 需修改
[2026-05-18 21:22:11] [Reviewer] [INFO] 结果: success
��成：评分 8.0， verdict: 通过
[2026-05-18 21:22:11] [Reviewer] [INFO] 结果: success
[2026-05-18 21:22:12] [Reviewer] [INFO] ============================================================
[2026-05-18 21:22:12] [Reviewer] [INFO] Reviewer Agent 启动
[2026-05-18 21:22:12] [Reviewer] [INFO] ============================================================
[2026-05-18 21:22:12] [Reviewer] [INFO] ============================================================
[2026-05-18 21:22:12] [Reviewer] [INFO] Reviewer Agent 启动
[2026-05-18 21:22:12] [Reviewer] [INFO] ============================================================
[2026-05-18 21:22:12] [Reviewer] [INFO] 正在审查第1261章...
[2026-05-18 21:22:12] [Reviewer] [INFO] 正在审查第1289章...
[2026-05-18 21:22:13] [Reviewer] [INFO] 第1266章审查完成：评分 8.5， verdict: 通过
[2026-05-18 21:22:13] [Reviewer] [INFO] 结果: success
[2026-05-18 21:22:13] [Reviewer] [INFO] ============================================================
[2026-05-18 21:22:13] [Reviewer] [INFO] Reviewer Agent 启动
[2026-05-18 21:22:13] [Reviewer] [INFO] ============================================================
[2026-05-18 21:22:13] [Reviewer] [INFO] 正在审查第1267章...
[2026-05-18 21:22:15] [Reviewer] [ERROR] 第1284章评审解析失败: Invalid control character at: line 10 column 40 (char 161)
[2026-05-18 21:22:15] [Reviewer] [INFO] 结果: parse_failed
[2026-05-18 21:22:15] [Reviewer] [INFO] ============================================================
[2026-05-18 21:22:15] [Reviewer] [INFO] Reviewer Agent 启动
[2026-05-18 21:22:15] [Reviewer] [INFO] ============================================================
[2026-05-18 21:22:15] [Reviewer] [INFO] 正在审查第1285章...
[2026-05-18 21:22:16] [Reviewer] [INFO] 第1286章审查完成：评分 8.2， verdict: 通过
[2026-05-18 21:22:16] [Reviewer] [INFO] 结果: success
[2026-05-18 21:22:16] [Reviewer] [INFO] ============================================================
[2026-05-18 21:22:16] [Reviewer] [INFO] Reviewer Agent 启动
[2026-05-18 21:22:16] [Reviewer] [INFO] ============================================================
[2026-05-18 21:22:16] [Reviewer] [INFO] 正在审查第1287章...
[2026-05-18 21:22:18] [Reviewer] [INFO] 第1268章审查完成：评分 8.4， verdict: 通过
[2026-05-18 21:22:18] [Reviewer] [INFO] 结果: success
[2026-05-18 21:22:18] [Reviewer] [INFO] ============================================================
[2026-05-18 21:22:18] [Reviewer] [INFO] Reviewer Agent 启动
[2026-05-18 21:22:18] [Reviewer] [INFO] ============================================================
[2026-05-18 21:22:18] [Reviewer] [INFO] 正在审查第1269章...
[2026-05-18 21:22:18] [Reviewer] [INFO] 第1292章审查完成：评分 7.8， verdict: 需修改
[2026-05-18 21:22:18] [Reviewer] [INFO] 结果: success
[2026-05-18 21:22:18] [Reviewer] [INFO] 第1264章审查完成：评分 7.3， verdict: 需修改
[2026-05-18 21:22:18] [Reviewer] [INFO] 结果: success
[2026-05-18 21:22:18] [Reviewer] [INFO] ============================================================
[2026-05-18 21:22:18] [Reviewer] [INFO] Reviewer Agent 启动
[2026-05-18 21:22:18] [Reviewer] [INFO] ============================================================
[2026-05-18 21:22:18] [Reviewer] [INFO] 正在审查第1293章...
[2026-05-18 21:22:18] [Reviewer] [INFO] ============================================================
[2026-05-18 21:22:18] [Reviewer] [INFO] Reviewer Agent 启动
[2026-05-18 21:22:18] [Reviewer] [INFO] ============================================================
[2026-05-18 21:22:18] [Reviewer] [INFO] 正在审查第1265章...
[2026-05-18 21:22:26] [Reviewer] [INFO] 第1281章审查完成：评分 8.2， verdict: 通过
[2026-05-18 21:22:26] [Reviewer] [INFO] 结果: success
[2026-05-18 21:22:31] [Reviewer] [INFO] 第1283章审查完成：评分 8.2， verdict: 通过
[2026-05-18 21:22:31] [Reviewer] [INFO] 结果: success
[2026-05-18 21:22:31] [Reviewer] [INFO] 第1261章审查完成：评分 7.5， verdict: 需修改
[2026-05-18 21:22:31] [Reviewer] [INFO] 结果: success
[2026-05-18 21:22:31] [Reviewer] [INFO] 第1277章审查完成：评分 8.0， verdict: 通过
[2026-05-18 21:22:31] [Reviewer] [INFO] 结果: success
[2026-05-18 21:22:33] [Reviewer] [INFO] 第1291章审查完成：评分 8.5， verdict: 通过
[2026-05-18 21:22:33] [Reviewer] [INFO] 结果: success
[2026-05-18 21:22:33] [Reviewer] [INFO] 第1259章审查完成：评分 7.4， verdict: 需修改
[2026-05-18 21:22:33] [Reviewer] [INFO] 结果: success
[2026-05-18 21:22:34] [Reviewer] [INFO] 第1257章审查完成：评分 8.2， verdict: 通过
[2026-05-18 21:22:34] [Reviewer] [INFO] 结果: success
[2026-05-18 21:22:34] [Reviewer] [INFO] 第1275章审查完成：评分 7.8， verdict: 需修改
[2026-05-18 21:22:34] [Reviewer] [INFO] 结果: success
[2026-05-18 21:22:34] [Reviewer] [INFO] 第1289章审查完成：评分 8.2， verdict: 通过
[2026-05-18 21:22:34] [Reviewer] [INFO] 结果: success
[2026-05-18 21:22:35] [Reviewer] [INFO] 第1263章审查完成：评分 8.2， verdict: 通过
[2026-05-18 21:22:35] [Reviewer] [INFO] 结果: success
[2026-05-18 21:22:36] [Reviewer] [INFO] 第1293章审查完成：评分 8.5， verdict: 通过
[2026-05-18 21:22:36] [Reviewer] [INFO] 结果: success
[2026-05-18 21:22:36] [Reviewer] [INFO] 第1287章审查完成：评分 8.5， verdict: 通过
[2026-05-18 21:22:36] [Reviewer] [INFO] 结果: success
[2026-05-18 21:22:37] [Reviewer] [INFO] 第1285章审查完成：评分 8.2， verdict: 通过
[2026-05-18 21:22:37] [Reviewer] [INFO] 结果: success
[2026-05-18 21:22:38] [Reviewer] [INFO] 第1271章审查完成：评分 8.0， verdict: 需修改
[2026-05-18 21:22:38] [Reviewer] [INFO] 结果: success
[2026-05-18 21:22:39] [Reviewer] [INFO] 第1295章审查完成：评分 8.4， verdict: 通过
[2026-05-18 21:22:39] [Reviewer] [INFO] 结果: success
[2026-05-18 21:22:40] [Reviewer] [INFO] 第1279章审查完成：评分 8.6， verdict: 通过
[2026-05-18 21:22:40] [Reviewer] [INFO] 结果: success
[2026-05-18 21:22:40] [Reviewer] [INFO] 第1273章审查完成：评分 7.8， verdict: 需修改
[2026-05-18 21:22:40] [Reviewer] [INFO] 结果: success
[2026-05-18 21:22:41] [Reviewer] [INFO] 第1267章审查完成：评分 8.6， verdict: 通过
[2026-05-18 21:22:41] [Reviewer] [INFO] 结果: success
[2026-05-18 21:22:43] [Reviewer] [INFO] 第1265章审查完成：评分 8.0， verdict: 通过
[2026-05-18 21:22:43] [Reviewer] [INFO] 结果: success
[2026-05-18 21:22:48] [Reviewer] [INFO] 第1269章审查完成：评分 8.6， verdict: 通过
[2026-05-18 21:22:48] [Reviewer] [INFO] 结果: success
[2026-05-18 21:22:50] [Reviewer] [INFO] ============================================================
[2026-05-18 21:22:50] [Reviewer] [INFO] Reviewer Agent 启动
[2026-05-18 21:22:50] [Reviewer] [INFO] ============================================================
[2026-05-18 21:22:50] [Reviewer] [INFO] 正在审查第1297章...
[2026-05-18 21:22:50] [Reviewer] [INFO] ============================================================
[2026-05-18 21:22:50] [Reviewer] [INFO] Reviewer Agent 启动
[2026-05-18 21:22:50] [Reviewer] [INFO] ============================================================
[2026-05-18 21:22:50] [Reviewer] [INFO] ============================================================
[2026-05-18 21:22:50] [Reviewer] [INFO] Reviewer Agent 启动
[2026-05-18 21:22:50] [Reviewer] [INFO] ============================================================
[2026-05-18 21:22:50] [Reviewer] [INFO] 正在审查第1284章...
[2026-05-18 21:22:50] [Reviewer] [INFO] ============================================================
[2026-05-18 21:22:50] [Reviewer] [INFO] Reviewer Agent 启动
[2026-05-18 21:22:50] [Reviewer] [INFO] ============================================================
[2026-05-18 21:22:50] [Reviewer] [INFO] 正在审查第1299章...
[2026-05-18 21:22:50] [Reviewer] [INFO] 正在审查第1303章...
[2026-05-18 21:22:50] [Reviewer] [INFO] ============================================================
[2026-05-18 21:22:50] [Reviewer] [INFO] Reviewer Agent 启动
[2026-05-18 21:22:50] [Reviewer] [INFO] ============================================================
[2026-05-18 21:22:50] [Reviewer] [INFO] ============================================================
[2026-05-18 21:22:50] [Reviewer] [INFO] Reviewer Agent 启动
[2026-05-18 21:22:50] [Reviewer] [INFO] ============================================================
[2026-05-18 21:22:50] [Reviewer] [INFO] 正在审查第1309章...
[2026-05-18 21:22:50] [Reviewer] [INFO] 正在审查第1305章...
[2026-05-18 21:22:50] [Reviewer] [INFO] ============================================================
[2026-05-18 21:22:50] [Reviewer] [INFO] Reviewer Agent 启动
[2026-05-18 21:22:50] [Reviewer] [INFO] ============================================================
[2026-05-18 21:22:50] [Reviewer] [INFO] ============================================================
[2026-05-18 21:22:50] [Reviewer] [INFO] Reviewer Agent 启动
[2026-05-18 21:22:50] [Reviewer] [INFO] ============================================================
[2026-05-18 21:22:50] [Reviewer] [INFO] 正在审查第1301章...
[2026-05-18 21:22:50] [Reviewer] [INFO] ============================================================
[2026-05-18 21:22:50] [Reviewer] [INFO] Reviewer Agent 启动
[2026-05-18 21:22:50] [Reviewer] [INFO] 正在审查第1307章...
[2026-05-18 21:22:50] [Reviewer] [INFO] ============================================================
[2026-05-18 21:22:50] [Reviewer] [INFO] ============================================================
[2026-05-18 21:22:50] [Reviewer] [INFO] Reviewer Agent 启动
[2026-05-18 21:22:50] [Reviewer] [INFO] ============================================================
[2026-05-18 21:22:50] [Reviewer] [INFO] 正在审查第1311章...
[2026-05-18 21:22:50] [Reviewer] [INFO] 正在审查第1315章...
[2026-05-18 21:22:50] [Reviewer] [INFO] ============================================================
[2026-05-18 21:22:50] [Reviewer] [INFO] Reviewer Agent 启动
[2026-05-18 21:22:50] [Reviewer] [INFO] ============================================================
[2026-05-18 21:22:50] [Reviewer] [INFO] 正在审查第1319章...
[2026-05-18 21:22:50] [Reviewer] [INFO] ============================================================
[2026-05-18 21:22:50] [Reviewer] [INFO] Reviewer Agent 启动
[2026-05-18 21:22:50] [Reviewer] [INFO] ============================================================
[2026-05-18 21:22:50] [Reviewer] [INFO] ============================================================
[2026-05-18 21:22:50] [Reviewer] [INFO] Reviewer Agent 启动
[2026-05-18 21:22:50] [Reviewer] [INFO] ============================================================
[2026-05-18 21:22:50] [Reviewer] [INFO] ============================================================
[2026-05-18 21:22:50] [Reviewer] [INFO] 正在审查第1325章...
[2026-05-18 21:22:50] [Reviewer] [INFO] ============================================================
[2026-05-18 21:22:50] [Reviewer] [INFO] ============================================================
[2026-05-18 21:22:50] [Reviewer] [INFO] Reviewer Agent 启动
[2026-05-18 21:22:50] [Reviewer] [INFO] ============================================================
[2026-05-18 21:22:50] [Reviewer] [INFO] ============================================================
[2026-05-18 21:22:50] [Reviewer] [INFO] Reviewer Agent 启动
[2026-05-18 21:22:50] [Reviewer] [INFO] ============================================================
[2026-05-18 21:22:50] [Reviewer] [INFO] 正在审查第1317章...
[2026-05-18 21:22:50] [Reviewer] [INFO] 正在审查第1313章...
[2026-05-18 21:22:50] [Reviewer] [INFO] 正在审查第1321章...
[2026-05-18 21:22:50] [Reviewer] [INFO] 正在审查第1323章...
[2026-05-18 21:22:50] [Reviewer] [INFO] ============================================================
[2026-05-18 21:22:50] [Reviewer] [INFO] Reviewer Agent 启动
[2026-05-18 21:22:50] [Reviewer] [INFO] ============================================================
[2026-05-18 21:22:50] [Reviewer] [INFO] ============================================================
[2026-05-18 21:22:50] [Reviewer] [INFO] Reviewer Agent 启动
[2026-05-18 21:22:50] [Reviewer] [INFO] ============================================================
[2026-05-18 21:22:50] [Reviewer] [INFO] ============================================================
[2026-05-18 21:22:50] [Reviewer] [INFO] Reviewer Agent 启动
[2026-05-18 21:22:50] [Reviewer] [INFO] ============================================================
[2026-05-18 21:22:50] [Reviewer] [INFO] ============================================================
[2026-05-18 21:22:50] [Reviewer] [INFO] Reviewer Agent 启动
[2026-05-18 21:22:50] [Reviewer] [INFO] ============================================================
[2026-05-18 21:22:51] [Reviewer] [INFO] 正在审查第1329章...
[2026-05-18 21:22:51] [Reviewer] [INFO] 正在审查第1331章...
[2026-05-18 21:22:51] [Reviewer] [INFO] 正在审查第1327章...
[2026-05-18 21:22:51] [Reviewer] [INFO] 正在审查第1333章...
[2026-05-18 21:23:11] [Reviewer] [INFO] 第1329章审查完成：评分 8.2， verdict: 通过
[2026-05-18 21:23:11] [Reviewer] [INFO] 结果: success
[2026-05-18 21:23:11] [Reviewer] [INFO] ============================================================
[2026-05-18 21:23:11] [Reviewer] [INFO] Reviewer Agent 启动
[2026-05-18 21:23:11] [Reviewer] [INFO] ============================================================
[2026-05-18 21:23:11] [Reviewer] [INFO] 正在审查第1330章...
[2026-05-18 21:23:11] [Reviewer] [INFO] 第1313章审查完成：评分 7.8， verdict: 需修改
[2026-05-18 21:23:11] [Reviewer] [INFO] 结果: success
[2026-05-18 21:23:11] [Reviewer] [INFO] ============================================================
[2026-05-18 21:23:11] [Reviewer] [INFO] Reviewer Agent 启动
[2026-05-18 21:23:11] [Reviewer] [INFO] ============================================================
[2026-05-18 21:23:11] [Reviewer] [INFO] 正在审查第1314章...
[2026-05-18 21:23:12] [Reviewer] [INFO] 第1284章审查完成：评分 8.5， verdict: 通过
[2026-05-18 21:23:12] [Reviewer] [INFO] 结果: success
[2026-05-18 21:23:12] [Reviewer] [INFO] ============================================================
[2026-05-18 21:23:12] [Reviewer] [INFO] Reviewer Agent 启动
[2026-05-18 21:23:12] [Reviewer] [INFO] ============================================================
[2026-05-18 21:23:12] [Reviewer] [INFO] 正在审查第1296章...
[2026-05-18 21:23:12] [Reviewer] [INFO] 第1321章审查完成：评分 8.2， verdict: 通过
[2026-05-18 21:23:12] [Reviewer] [INFO] 结果: success
[2026-05-18 21:23:12] [Reviewer] [INFO] ============================================================
[2026-05-18 21:23:12] [Reviewer] [INFO] Reviewer Agent 启动
[2026-05-18 21:23:12] [Reviewer] [INFO] ============================================================
[2026-05-18 21:23:12] [Reviewer] [INFO] 正在审查第1322章...
[2026-05-18 21:23:12] [Reviewer] [INFO] 第1297章审查完成：评分 8.2， verdict: 通过
[2026-05-18 21:23:13] [Reviewer] [INFO] 结果: success
[2026-05-18 21:23:13] [Reviewer] [INFO] ============================================================
[2026-05-18 21:23:13] [Reviewer] [INFO] Reviewer Agent 启动
[2026-05-18 21:23:13] [Reviewer] [INFO] ============================================================
[2026-05-18 21:23:13] [Reviewer] [INFO] 正在审查第1298章...
[2026-05-18 21:23:13] [Reviewer] [INFO] 第1323章审查完成：评分 7.8， verdict: 需修改
[2026-05-18 21:23:13] [Reviewer] [INFO] 结果: success
[2026-05-18 21:23:13] [Reviewer] [INFO] ============================================================
[2026-05-18 21:23:13] [Reviewer] [INFO] Reviewer Agent 启动
[2026-05-18 21:23:13] [Reviewer] [INFO] ============================================================
[2026-05-18 21:23:13] [Reviewer] [INFO] 正在审查第1324章...
[2026-05-18 21:23:14] [Reviewer] [INFO] 第1299章审查完成：评分 8.2， verdict: 通过
[2026-05-18 21:23:14] [Reviewer] [INFO] 结果: success
[2026-05-18 21:23:14] [Reviewer] [INFO] ============================================================
[2026-05-18 21:23:14] [Reviewer] [INFO] Reviewer Agent 启动
[2026-05-18 21:23:14] [Reviewer] [INFO] ============================================================
[2026-05-18 21:23:14] [Reviewer] [INFO] 正在审查第1300章...
[2026-05-18 21:23:14] [Reviewer] [INFO] 第1305章审查完成：评分 8.2， verdict: 通过
[2026-05-18 21:23:14] [Reviewer] [INFO] 结果: success
[2026-05-18 21:23:14] [Reviewer] [INFO] ============================================================
[2026-05-18 21:23:14] [Reviewer] [INFO] Reviewer Agent 启动
[2026-05-18 21:23:14] [Reviewer] [INFO] ============================================================
[2026-05-18 21:23:14] [Reviewer] [INFO] 正在审查第1306章...
[2026-05-18 21:23:15] [Reviewer] [INFO] 第1319章审查完成：评分 8.5， verdict: 通过
[2026-05-18 21:23:15] [Reviewer] [INFO] 结果: success
[2026-05-18 21:23:15] [Reviewer] [INFO] ============================================================
[2026-05-18 21:23:15] [Reviewer] [INFO] Reviewer Agent 启动
[2026-05-18 21:23:15] [Reviewer] [INFO] ============================================================
[2026-05-18 21:23:15] [Reviewer] [INFO] 正在审查第1320章...
[2026-05-18 21:23:16] [Reviewer] [INFO] 第1317章审查完成：评分 8.2， verdict: 通过
[2026-05-18 21:23:16] [Reviewer] [INFO] 结果: success
[2026-05-18 21:23:16] [Reviewer] [INFO] ============================================================
[2026-05-18 21:23:16] [Reviewer] [INFO] Reviewer Agent 启动
[2026-05-18 21:23:16] [Reviewer] [INFO] ============================================================
[2026-05-18 21:23:17] [Reviewer] [INFO] 正在审查第1318章...
[2026-05-18 21:23:17] [Reviewer] [INFO] 第1301章审查完成：评分 8.1， verdict: 需修改
[2026-05-18 21:23:17] [Reviewer] [INFO] 结果: success
[2026-05-18 21:23:17] [Reviewer] [INFO] 第1325章审查完成：评分 7.8， verdict: 需修改
[2026-05-18 21:23:17] [Reviewer] [INFO] 结果: success
[2026-05-18 21:23:17] [Reviewer] [INFO] ============================================================
[2026-05-18 21:23:17] [Reviewer] [INFO] Reviewer Agent 启动
[2026-05-18 21:23:17] [Reviewer] [INFO] ============================================================
[2026-05-18 21:23:17] [Reviewer] [INFO] 正在审查第1302章...
[2026-05-18 21:23:18] [Reviewer] [INFO] ============================================================
[2026-05-18 21:23:18] [Reviewer] [INFO] Reviewer Agent 启动
[2026-05-18 21:23:18] [Reviewer] [INFO] ============================================================
[2026-05-18 21:23:18] [Reviewer] [INFO] 正在审查第1326章...
[2026-05-18 21:23:18] [Reviewer] [INFO] 第1311章审查完成：评分 8.3， verdict: 通过
[2026-05-18 21:23:18] [Reviewer] [INFO] 结果: success
[2026-05-18 21:23:18] [Reviewer] [INFO] ============================================================
[2026-05-18 21:23:18] [Reviewer] [INFO] Reviewer Agent 启动
[2026-05-18 21:23:18] [Reviewer] [INFO] ============================================================
[2026-05-18 21:23:18] [Reviewer] [INFO] 正在审查第1312章...
[2026-05-18 21:23:18] [Reviewer] [INFO] 第1309章审查完成：评分 7.8， verdict: 通过
[2026-05-18 21:23:18] [Reviewer] [INFO] 结果: success
[2026-05-18 21:23:18] [Reviewer] [INFO] ============================================================
[2026-05-18 21:23:18] [Reviewer] [INFO] Reviewer Agent 启动
[2026-05-18 21:23:18] [Reviewer] [INFO] ============================================================
[2026-05-18 21:23:18] [Reviewer] [INFO] 正在审查第1310章...
[2026-05-18 21:23:18] [Reviewer] [INFO] 第1307章审查完成：评分 8.3， verdict: 通过
[2026-05-18 21:23:18] [Reviewer] [INFO] 结果: success
[2026-05-18 21:23:18] [Reviewer] [INFO] ============================================================
[2026-05-18 21:23:18] [Reviewer] [INFO] Reviewer Agent 启动
[2026-05-18 21:23:18] [Reviewer] [INFO] ============================================================
[2026-05-18 21:23:18] [Reviewer] [INFO] 正在审查第1308章...
[2026-05-18 21:23:19] [Reviewer] [INFO] 第1331章审查完成：评分 8.5， verdict: 通过
[2026-05-18 21:23:19] [Reviewer] [INFO] 结果: success
[2026-05-18 21:23:19] [Reviewer] [INFO] ============================================================
[2026-05-18 21:23:19] [Reviewer] [INFO] Reviewer Agent 启动
[2026-05-18 21:23:19] [Reviewer] [INFO] ============================================================
[2026-05-18 21:23:19] [Reviewer] [INFO] 正在审查第1332章...
[2026-05-18 21:23:21] [Reviewer] [INFO] 第1315章审查完成：评分 8.5， verdict: 通过
[2026-05-18 21:23:21] [Reviewer] [INFO] 结果: success
[2026-05-18 21:23:21] [Reviewer] [INFO] ============================================================
[2026-05-18 21:23:21] [Reviewer] [INFO] Reviewer Agent 启动
[2026-05-18 21:23:21] [Reviewer] [INFO] ============================================================
[2026-05-18 21:23:21] [Reviewer] [INFO] 正在审查第1316章...
[2026-05-18 21:23:21] [Reviewer] [INFO] 第1303章审查完成：评分 8.2， verdict: 通过
[2026-05-18 21:23:21] [Reviewer] [INFO] 结果: success
[2026-05-18 21:23:21] [Reviewer] [INFO] ============================================================
[2026-05-18 21:23:21] [Reviewer] [INFO] Reviewer Agent 启动
[2026-05-18 21:23:21] [Reviewer] [INFO] ============================================================
[2026-05-18 21:23:21] [Reviewer] [INFO] 正在审查第1304章...
[2026-05-18 21:23:26] [Reviewer] [INFO] 第1327章审查完成：评分 8.5， verdict: 通过
[2026-05-18 21:23:26] [Reviewer] [INFO] 结果: success
[2026-05-18 21:23:26] [Reviewer] [INFO] ============================================================
[2026-05-18 21:23:26] [Reviewer] [INFO] Reviewer Agent 启动
[2026-05-18 21:23:26] [Reviewer] [INFO] ============================================================
[2026-05-18 21:23:26] [Reviewer] [INFO] 正在审查第1328章...
[2026-05-18 21:23:27] [Reviewer] [INFO] 第1333章审查完成：评分 7.5， verdict: 需修改
[2026-05-18 21:23:27] [Reviewer] [INFO] 结果: success
[2026-05-18 21:23:28] [Reviewer] [INFO] ============================================================
[2026-05-18 21:23:28] [Reviewer] [INFO] Reviewer Agent 启动
[2026-05-18 21:23:28] [Reviewer] [INFO] ============================================================
[2026-05-18 21:23:28] [Reviewer] [INFO] 正在审查第1334章...
[2026-05-18 21:23:29] [Reviewer] [INFO] 第1330章审查完成：评分 8.0， verdict: 通过
[2026-05-18 21:23:29] [Reviewer] [INFO] 结果: success
[2026-05-18 21:23:33] [Reviewer] [INFO] 第1314章审查完成：评分 7.6， verdict: 需修改
[2026-05-18 21:23:33] [Reviewer] [INFO] 结果: success
[2026-05-18 21:23:34] [Reviewer] [INFO] 第1306章审查完成：评分 7.8， verdict: 需修改
[2026-05-18 21:23:34] [Reviewer] [INFO] 结果: success
[2026-05-18 21:23:34] [Reviewer] [INFO] 第1324章审查完成：评分 7.3， verdict: 需修改
[2026-05-18 21:23:34] [Reviewer] [INFO] 结果: success
[2026-05-18 21:23:36] [Reviewer] [INFO] 第1322章审查完成：评分 7.6， verdict: 需修改
[2026-05-18 21:23:36] [Reviewer] [INFO] 结果: success
[2026-05-18 21:23:37] [Reviewer] [INFO] 第1296章审查完成：评分 8.5， verdict: 通过
[2026-05-18 21:23:37] [Reviewer] [INFO] 结果: success
[2026-05-18 21:23:38] [Reviewer] [INFO] 第1318章审查完成：评分 8.2， verdict: 通过
[2026-05-18 21:23:38] [Reviewer] [INFO] 结果: success
[2026-05-18 21:23:39] [Reviewer] [INFO] 第1302章审查完成：评分 8.2， verdict: 通过
[2026-05-18 21:23:39] [Reviewer] [INFO] 结果: success
[2026-05-18 21:23:39] [Reviewer] [INFO] 第1310章审查完成：评分 7.8， verdict: 需修改
[2026-05-18 21:23:39] [Reviewer] [INFO] 结果: success
[2026-05-18 21:23:40] [Reviewer] [INFO] 第1312章审查完成：评分 8.3， verdict: 通过
[2026-05-18 21:23:40] [Reviewer] [INFO] 结果: success
[2026-05-18 21:23:40] [Reviewer] [INFO] 第1300章审查完成：评分 8.5， verdict: 通过
[2026-05-18 21:23:40] [Reviewer] [INFO] 结果: success
[2026-05-18 21:23:40] [Reviewer] [ERROR] 第1304章审查失败
[2026-05-18 21:23:40] [Reviewer] [INFO] 结果: failed
[2026-05-18 21:23:40] [Reviewer] [INFO] 第1298章审查完成：评分 8.4， verdict: 通过
[2026-05-18 21:23:40] [Reviewer] [INFO] 结果: success
[2026-05-18 21:23:42] [Reviewer] [INFO] 第1326章审查完成：评分 8.4， verdict: 通过
[2026-05-18 21:23:42] [Reviewer] [INFO] 结果: success
[2026-05-18 21:23:42] [Reviewer] [INFO] 第1320章审查完成：评分 7.8， verdict: 需修改
[2026-05-18 21:23:42] [Reviewer] [INFO] 结果: success
[2026-05-18 21:23:43] [Reviewer] [INFO] 第1308章审查完成：评分 8.3， verdict: 通过
[2026-05-18 21:23:43] [Reviewer] [INFO] 结果: success
[2026-05-18 21:23:49] [Reviewer] [INFO] 第1334章审查完成：评分 8.2， verdict: 通过
[2026-05-18 21:23:49] [Reviewer] [INFO] 结果: success
[2026-05-18 21:23:50] [Reviewer] [INFO] 第1328章审查完成：评分 8.0， verdict: 通过
[2026-05-18 21:23:50] [Reviewer] [INFO] 结果: success
[2026-05-18 21:23:51] [Reviewer] [INFO] 第1316章审查完成：评分 8.3， verdict: 通过
[2026-05-18 21:23:51] [Reviewer] [INFO] 结果: success
[2026-05-18 21:23:51] [Reviewer] [INFO] 第1332章审查完成：评分 7.8， verdict: 通过
[2026-05-18 21:23:51] [Reviewer] [INFO] 结果: success
[2026-05-18 21:23:52] [Reviewer] [INFO] ============================================================
[2026-05-18 21:23:52] [Reviewer] [INFO] Reviewer Agent 启动
[2026-05-18 21:23:52] [Reviewer] [INFO] ============================================================
[2026-05-18 21:23:52] [Reviewer] [INFO] ============================================================
[2026-05-18 21:23:52] [Reviewer] [INFO] Reviewer Agent 启动
[2026-05-18 21:23:52] [Reviewer] [INFO] ============================================================
[2026-05-18 21:23:52] [Reviewer] [INFO] 正在审查第1304章...
[2026-05-18 21:23:52] [Reviewer] [INFO] 正在审查第1338章...
[2026-05-18 21:23:52] [Reviewer] [INFO] ============================================================
[2026-05-18 21:23:52] [Reviewer] [INFO] Reviewer Agent 启动
[2026-05-18 21:23:52] [Reviewer] [INFO] ============================================================
[2026-05-18 21:23:53] [Reviewer] [INFO] ============================================================
[2026-05-18 21:23:53] [Reviewer] [INFO] Reviewer Agent 启动
[2026-05-18 21:23:53] [Reviewer] [INFO] ============================================================
[2026-05-18 21:23:53] [Reviewer] [INFO] 正在审查第1336章...
[2026-05-18 21:23:53] [Reviewer] [INFO] 正在审查第1340章...
[2026-05-18 21:23:53] [Reviewer] [INFO] ============================================================
[2026-05-18 21:23:53] [Reviewer] [INFO] Reviewer Agent 启动
[2026-05-18 21:23:53] [Reviewer] [INFO] ============================================================
[2026-05-18 21:23:53] [Reviewer] [INFO] 正在审查第1342章...
[2026-05-18 21:23:53] [Reviewer] [INFO] ============================================================
[2026-05-18 21:23:53] [Reviewer] [INFO] Reviewer Agent 启动
[2026-05-18 21:23:53] [Reviewer] [INFO] ============================================================
[2026-05-18 21:23:53] [Reviewer] [INFO] 正在审查第1350章...
[2026-05-18 21:23:53] [Reviewer] [INFO] ============================================================
[2026-05-18 21:23:53] [Reviewer] [INFO] Reviewer Agent 启动
[2026-05-18 21:23:53] [Reviewer] [INFO] ============================================================
[2026-05-18 21:23:53] [Reviewer] [INFO] ============================================================
[2026-05-18 21:23:53] [Reviewer] [INFO] Reviewer Agent 启动
[2026-05-18 21:23:53] [Reviewer] [INFO] ============================================================
[2026-05-18 21:23:53] [Reviewer] [INFO] 正在审查第1344章...
[2026-05-18 21:23:53] [Reviewer] [INFO] 正在审查第1354章...
[2026-05-18 21:23:53] [Reviewer] [INFO] ============================================================
[2026-05-18 21:23:53] [Reviewer] [INFO] Reviewer Agent 启动
[2026-05-18 21:23:53] [Reviewer] [INFO] ============================================================
[2026-05-18 21:23:53] [Reviewer] [INFO] 正在审查第1356章...
[2026-05-18 21:23:53] [Reviewer] [INFO] ============================================================
[2026-05-18 21:23:53] [Reviewer] [INFO] ============================================================
[2026-05-18 21:23:53] [Reviewer] [INFO] Reviewer Agent 启动
[2026-05-18 21:23:53] [Reviewer] [INFO] ============================================================
[2026-05-18 21:23:53] [Reviewer] [INFO] Reviewer Agent 启动
[2026-05-18 21:23:53] [Reviewer] [INFO] ============================================================
[2026-05-18 21:23:53] [Reviewer] [INFO] ============================================================
[2026-05-18 21:23:53] [Reviewer] [INFO] Reviewer Agent 启动
[2026-05-18 21:23:53] [Reviewer] [INFO] ============================================================
[2026-05-18 21:23:53] [Reviewer] [INFO] 正在审查第1352章...
[2026-05-18 21:23:53] [Reviewer] [INFO] ============================================================
[2026-05-18 21:23:53] [Reviewer] [INFO] Reviewer Agent 启动
[2026-05-18 21:23:53] [Reviewer] [INFO] ============================================================
[2026-05-18 21:23:53] [Reviewer] [INFO] ============================================================
[2026-05-18 21:23:53] [Reviewer] [INFO] Reviewer Agent 启动
[2026-05-18 21:23:53] [Reviewer] [INFO] ============================================================
[2026-05-18 21:23:53] [Reviewer] [INFO] 正在审查第1346章...
[2026-05-18 21:23:53] [Reviewer] [INFO] 正在审查第1348章...
[2026-05-18 21:23:53] [Reviewer] [INFO] 正在审查第1358章...
[2026-05-18 21:23:53] [Reviewer] [INFO] 正在审查第1360章...
[2026-05-18 21:23:53] [Reviewer] [INFO] ============================================================
[2026-05-18 21:23:53] [Reviewer] [INFO] Reviewer Agent 启动
[2026-05-18 21:23:53] [Reviewer] [INFO] ============================================================
[2026-05-18 21:23:53] [Reviewer] [INFO] ============================================================
[2026-05-18 21:23:53] [Reviewer] [INFO] Reviewer Agent 启动
[2026-05-18 21:23:53] [Reviewer] [INFO] ============================================================
[2026-05-18 21:23:53] [Reviewer] [INFO] ============================================================
[2026-05-18 21:23:53] [Reviewer] [INFO] Reviewer Agent 启动
[2026-05-18 21:23:53] [Reviewer] [INFO] ============================================================
[2026-05-18 21:23:53] [Reviewer] [INFO] ============================================================
[2026-05-18 21:23:53] [Reviewer] [INFO] Reviewer Agent 启动
[2026-05-18 21:23:53] [Reviewer] [INFO] ============================================================
[2026-05-18 21:23:53] [Reviewer] [INFO] ============================================================
[2026-05-18 21:23:53] [Reviewer] [INFO] Reviewer Agent 启动
[2026-05-18 21:23:53] [Reviewer] [INFO] ============================================================
[2026-05-18 21:23:53] [Reviewer] [INFO] 正在审查第1364章...
[2026-05-18 21:23:53] [Reviewer] [INFO] 正在审查第1368章...
[2026-05-18 21:23:53] [Reviewer] [INFO] 正在审查第1366章...
[2026-05-18 21:23:53] [Reviewer] [INFO] ============================================================
[2026-05-18 21:23:53] [Reviewer] [INFO] Reviewer Agent 启动
[2026-05-18 21:23:53] [Reviewer] [INFO] ============================================================
[2026-05-18 21:23:53] [Reviewer] [INFO] 正在审查第1362章...
[2026-05-18 21:23:53] [Reviewer] [INFO] 正在审查第1372章...
[2026-05-18 21:23:53] [Reviewer] [INFO] 正在审查第1370章...
[2026-05-18 21:24:11] [Reviewer] [INFO] 第1342章审查完成：评分 8.7， verdict: 通过
[2026-05-18 21:24:11] [Reviewer] [INFO] 结果: success
[2026-05-18 21:24:11] [Reviewer] [INFO] ============================================================
[2026-05-18 21:24:11] [Reviewer] [INFO] Reviewer Agent 启动
[2026-05-18 21:24:11] [Reviewer] [INFO] ============================================================
[2026-05-18 21:24:11] [Reviewer] [INFO] 正在审查第1343章...
[2026-05-18 21:24:12] [Reviewer] [INFO] 第1344章审查完成：评分 8.3， verdict: 通过
[2026-05-18 21:24:12] [Reviewer] [INFO] 结果: success
[2026-05-18 21:24:12] [Reviewer] [INFO] ============================================================
[2026-05-18 21:24:12] [Reviewer] [INFO] Reviewer Agent 启动
[2026-05-18 21:24:12] [Reviewer] [INFO] ============================================================
[2026-05-18 21:24:12] [Reviewer] [INFO] 正在审查第1345章...
[2026-05-18 21:24:13] [Reviewer] [INFO] 第1360章审查完成：评分 8.7， verdict: 通过
[2026-05-18 21:24:13] [Reviewer] [INFO] 结果: success
[2026-05-18 21:24:14] [Reviewer] [INFO] ============================================================
[2026-05-18 21:24:14] [Reviewer] [INFO] Reviewer Agent 启动
[2026-05-18 21:24:14] [Reviewer] [INFO] ============================================================
[2026-05-18 21:24:14] [Reviewer] [INFO] 正在审查第1361章...
[2026-05-18 21:24:14] [Reviewer] [INFO] 第1346章审查完成：评分 8.5， verdict: 通过
[2026-05-18 21:24:14] [Reviewer] [INFO] 结果: success
[2026-05-18 21:24:14] [Reviewer] [INFO] ============================================================
[2026-05-18 21:24:14] [Reviewer] [INFO] Reviewer Agent 启动
[2026-05-18 21:24:14] [Reviewer] [INFO] ============================================================
[2026-05-18 21:24:14] [Reviewer] [INFO] 正在审查第1347章...
[2026-05-18 21:24:15] [Reviewer] [INFO] 第1350章审查完成：评分 8.2， verdict: 通过
[2026-05-18 21:24:15] [Reviewer] [INFO] 结果: success
[2026-05-18 21:24:15] [Reviewer] [INFO] ============================================================
[2026-05-18 21:24:15] [Reviewer] [INFO] Reviewer Agent 启动
[2026-05-18 21:24:15] [Reviewer] [INFO] ============================================================
[2026-05-18 21:24:15] [Reviewer] [INFO] 正在审查第1351章...
[2026-05-18 21:24:15] [Reviewer] [INFO] 第1336章审查完成：评分 7.8， verdict: 通过
[2026-05-18 21:24:15] [Reviewer] [INFO] 结果: success
[2026-05-18 21:24:16] [Reviewer] [INFO] 第1338章审查完成：评分 7.2， verdict: 需修改
[2026-05-18 21:24:16] [Reviewer] [INFO] 结果: success
[2026-05-18 21:24:16] [Reviewer] [INFO] ============================================================
[2026-05-18 21:24:16] [Reviewer] [INFO] Reviewer Agent 启动
[2026-05-18 21:24:16] [Reviewer] [INFO] ============================================================
[2026-05-18 21:24:16] [Reviewer] [INFO] 正在审查第1337章...
[2026-05-18 21:24:16] [Reviewer] [INFO] ============================================================
[2026-05-18 21:24:16] [Reviewer] [INFO] Reviewer Agent 启动
[2026-05-18 21:24:16] [Reviewer] [INFO] ============================================================
[2026-05-18 21:24:16] [Reviewer] [INFO] 第1358章审查完成：评分 8.5， verdict: 通过
[2026-05-18 21:24:16] [Reviewer] [INFO] 结果: success
[2026-05-18 21:24:16] [Reviewer] [INFO] 正在审查第1339章...
[2026-05-18 21:24:16] [Reviewer] [INFO] ============================================================
[2026-05-18 21:24:16] [Reviewer] [INFO] Reviewer Agent 启动
[2026-05-18 21:24:16] [Reviewer] [INFO] ============================================================
[2026-05-18 21:24:16] [Reviewer] [INFO] 正在审查第1359章...
[2026-05-18 21:24:16] [Reviewer] [INFO] 第1348章审查完成：评分 8.5， verdict: 通过
[2026-05-18 21:24:16] [Reviewer] [INFO] 结果: success
[2026-05-18 21:24:16] [Reviewer] [INFO] ============================================================
[2026-05-18 21:24:16] [Reviewer] [INFO] Reviewer Agent 启动
[2026-05-18 21:24:16] [Reviewer] [INFO] ============================================================
[2026-05-18 21:24:16] [Reviewer] [INFO] 正在审查第1349章...
[2026-05-18 21:24:17] [Reviewer] [INFO] 第1304章审查完成：评分 7.8， verdict: 通过
[2026-05-18 21:24:17] [Reviewer] [INFO] 结果: success
[2026-05-18 21:24:17] [Reviewer] [INFO] ============================================================
[2026-05-18 21:24:17] [Reviewer] [INFO] Reviewer Agent 启动
[2026-05-18 21:24:17] [Reviewer] [INFO] ============================================================
[2026-05-18 21:24:17] [Reviewer] [INFO] 正在审查第1335章...
[2026-05-18 21:24:17] [Reviewer] [INFO] 第1368章审查完成：评分 8.3， verdict: 通过
[2026-05-18 21:24:17] [Reviewer] [INFO] 结果: success
[2026-05-18 21:24:17] [Reviewer] [INFO] ============================================================
[2026-05-18 21:24:17] [Reviewer] [INFO] Reviewer Agent 启动
[2026-05-18 21:24:17] [Reviewer] [INFO] ============================================================
[2026-05-18 21:24:17] [Reviewer] [INFO] 正在审查第1369章...
[2026-05-18 21:24:18] [Reviewer] [INFO] 第1366章审查完成：评分 8.2， verdict: 通过
[2026-05-18 21:24:18] [Reviewer] [INFO] 结果: success
[2026-05-18 21:24:18] [Reviewer] [ERROR] 第1372章审查失败
[2026-05-18 21:24:18] [Reviewer] [INFO] 结果: failed
[2026-05-18 21:24:18] [Reviewer] [INFO] ============================================================
[2026-05-18 21:24:18] [Reviewer] [INFO] Reviewer Agent 启动
[2026-05-18 21:24:18] [Reviewer] [INFO] ============================================================
[2026-05-18 21:24:18] [Reviewer] [INFO] 正在审查第1367章...
[2026-05-18 21:24:18] [Reviewer] [INFO] ============================================================
[2026-05-18 21:24:18] [Reviewer] [INFO] Reviewer Agent 启动
[2026-05-18 21:24:18] [Reviewer] [INFO] ============================================================
[2026-05-18 21:24:18] [Reviewer] [INFO] 正在审查第1373章...
[2026-05-18 21:24:18] [Reviewer] [INFO] 第1340章审查完成：评分 7.2， verdict: 需修改
[2026-05-18 21:24:18] [Reviewer] [INFO] 结果: success
[2026-05-18 21:24:18] [Reviewer] [INFO] ============================================================
[2026-05-18 21:24:18] [Reviewer] [INFO] Reviewer Agent 启动
[2026-05-18 21:24:18] [Reviewer] [INFO] ============================================================
[2026-05-18 21:24:18] [Reviewer] [INFO] 正在审查第1341章...
[2026-05-18 21:24:18] [Reviewer] [INFO] 第1364章审查完成：评分 8.5， verdict: 通过
[2026-05-18 21:24:18] [Reviewer] [INFO] 结果: success
[2026-05-18 21:24:19] [Reviewer] [INFO] ============================================================
[2026-05-18 21:24:19] [Reviewer] [INFO] Reviewer Agent 启动
[2026-05-18 21:24:19] [Reviewer] [INFO] ============================================================
[2026-05-18 21:24:19] [Reviewer] [INFO] 正在审查第1365章...
[2026-05-18 21:24:20] [Reviewer] [INFO] 第1352章审查完成：评分 8.2， verdict: 需修改
[2026-05-18 21:24:20] [Reviewer] [INFO] 结果: success
[2026-05-18 21:24:20] [Reviewer] [INFO] ============================================================
[2026-05-18 21:24:20] [Reviewer] [INFO] Reviewer Agent 启动
[2026-05-18 21:24:20] [Reviewer] [INFO] ============================================================
[2026-05-18 21:24:20] [Reviewer] [INFO] 正在审查第1353章...
[2026-05-18 21:24:22] [Reviewer] [INFO] 第1356章审查完成：评分 8.4， verdict: 通过
[2026-05-18 21:24:22] [Reviewer] [INFO] 结果: success
[2026-05-18 21:24:22] [Reviewer] [INFO] ============================================================
[2026-05-18 21:24:22] [Reviewer] [INFO] Reviewer Agent 启动
[2026-05-18 21:24:22] [Reviewer] [INFO] ============================================================
[2026-05-18 21:24:22] [Reviewer] [INFO] 正在审查第1357章...
[2026-05-18 21:24:23] [Reviewer] [INFO] 第1370章审查完成：评分 8.2， verdict: 通过
[2026-05-18 21:24:23] [Reviewer] [INFO] 结果: success
[2026-05-18 21:24:24] [Reviewer] [INFO] ============================================================
[2026-05-18 21:24:24] [Reviewer] [INFO] Reviewer Agent 启动
[2026-05-18 21:24:24] [Reviewer] [INFO] ============================================================
[2026-05-18 21:24:24] [Reviewer] [INFO] 正在审查第1371章...
[2026-05-18 21:24:25] [Reviewer] [INFO] 第1362章审查完成：评分 8.8， verdict: 通过
[2026-05-18 21:24:25] [Reviewer] [INFO] 结果: success
[2026-05-18 21:24:25] [Reviewer] [INFO] ============================================================
[2026-05-18 21:24:25] [Reviewer] [INFO] Reviewer Agent 启动
[2026-05-18 21:24:25] [Reviewer] [INFO] ============================================================
[2026-05-18 21:24:25] [Reviewer] [INFO] 正在审查第1363章...
[2026-05-18 21:24:26] [Reviewer] [INFO] 第1354章审查完成：评分 8.2， verdict: 通过
[2026-05-18 21:24:26] [Reviewer] [INFO] 结果: success
[2026-05-18 21:24:26] [Reviewer] [INFO] ============================================================
[2026-05-18 21:24:26] [Reviewer] [INFO] Reviewer Agent 启动
[2026-05-18 21:24:26] [Reviewer] [INFO] ============================================================
[2026-05-18 21:24:26] [Reviewer] [INFO] 正在审查第1355章...
[2026-05-18 21:24:35] [Reviewer] [INFO] 第1345章审查完成：评分 8.2， verdict: 通过
[2026-05-18 21:24:35] [Reviewer] [INFO] 结果: success
[2026-05-18 21:24:37] [Reviewer] [INFO] 第1367章审查完成：评分 8.3， verdict: 通过
[2026-05-18 21:24:37] [Reviewer] [INFO] 结果: success
[2026-05-18 21:24:38] [Reviewer] [INFO] 第1349章审查完成：评分 8.2， verdict: 通过
[2026-05-18 21:24:38] [Reviewer] [INFO] 结果: success
[2026-05-18 21:24:38] [Reviewer] [INFO] 第1351章审查完成：评分 8.2， verdict: 通过
[2026-05-18 21:24:38] [Reviewer] [INFO] 结果: success
[2026-05-18 21:24:38] [Reviewer] [INFO] 第1361章审查完成：评分 8.2， verdict: 通过
[2026-05-18 21:24:38] [Reviewer] [INFO] 结果: success
[2026-05-18 21:24:39] [Reviewer] [INFO] 第1343章审查完成：评分 8.3， verdict: 通过
[2026-05-18 21:24:39] [Reviewer] [INFO] 结果: success
[2026-05-18 21:24:39] [Reviewer] [INFO] 第1339章审查完成：评分 7.3， verdict: 需修改
[2026-05-18 21:24:39] [Reviewer] [INFO] 结果: success
[2026-05-18 21:24:39] [Reviewer] [INFO] 第1359章审查完成：评分 8.2， verdict: 通过
[2026-05-18 21:24:39] [Reviewer] [INFO] 结果: success
[2026-05-18 21:24:40] [Reviewer] [INFO] 第1335章审查完成：评分 8.3， verdict: 通过
[2026-05-18 21:24:40] [Reviewer] [INFO] 结果: success
[2026-05-18 21:24:40] [Reviewer] [INFO] 第1347章审查完成：评分 8.1， verdict: 通过
[2026-05-18 21:24:40] [Reviewer] [INFO] 结果: success
[2026-05-18 21:24:41] [Reviewer] [INFO] 第1369章审查完成：评分 7.8， verdict: 通过
[2026-05-18 21:24:41] [Reviewer] [INFO] 结果: success
[2026-05-18 21:24:41] [Reviewer] [INFO] 第1365章审查完成：评分 8.2， verdict: 通过
[2026-05-18 21:24:41] [Reviewer] [INFO] 结果: success
[2026-05-18 21:24:42] [Reviewer] [INFO] 第1341章审查完成：评分 7.6， verdict: 需修改
[2026-05-18 21:24:42] [Reviewer] [INFO] 结果: success
[2026-05-18 21:24:42] [Reviewer] [INFO] 第1371章审查完成：评分 8.2， verdict: 通过
[2026-05-18 21:24:42] [Reviewer] [INFO] 结果: success
[2026-05-18 21:24:42] [Reviewer] [INFO] 第1363章审查完成：评分 8.8， verdict: 通过
[2026-05-18 21:24:42] [Reviewer] [INFO] 结果: success
[2026-05-18 21:24:46] [Reviewer] [INFO] 第1337章审查完成：评分 7.8， verdict: 通过
[2026-05-18 21:24:46] [Reviewer] [INFO] 结果: success
[2026-05-18 21:24:46] [Reviewer] [INFO] 第1353章审查完成：评分 8.3， verdict: 通过
[2026-05-18 21:24:46] [Reviewer] [INFO] 结果: success
[2026-05-18 21:24:52] [Reviewer] [INFO] 第1355章审查完成：评分 8.2， verdict: 通过
[2026-05-18 21:24:52] [Reviewer] [INFO] 结果: success
[2026-05-18 21:24:54] [Reviewer] [INFO] 第1373章审查完成：评分 8.4， verdict: 通过
[2026-05-18 21:24:54] [Reviewer] [INFO] 结果: success
[2026-05-18 21:24:54] [Reviewer] [INFO] 第1357章审查完成：评分 7.8， verdict: 通过
[2026-05-18 21:24:54] [Reviewer] [INFO] 结果: success
[2026-05-18 21:24:55] [Reviewer] [INFO] ============================================================
[2026-05-18 21:24:55] [Reviewer] [INFO] Reviewer Agent 启动
[2026-05-18 21:24:55] [Reviewer] [INFO] ============================================================
[2026-05-18 21:24:55] [Reviewer] [INFO] 正在审查第1372章...
[2026-05-18 21:24:56] [Reviewer] [INFO] ============================================================
[2026-05-18 21:24:56] [Reviewer] [INFO] Reviewer Agent 启动
[2026-05-18 21:24:56] [Reviewer] [INFO] ============================================================
[2026-05-18 21:24:56] [Reviewer] [INFO] ============================================================
[2026-05-18 21:24:56] [Reviewer] [INFO] Reviewer Agent 启动
[2026-05-18 21:24:56] [Reviewer] [INFO] ============================================================
[2026-05-18 21:24:56] [Reviewer] [INFO] ============================================================
[2026-05-18 21:24:56] [Reviewer] [INFO] Reviewer Agent 启动
[2026-05-18 21:24:56] [Reviewer] [INFO] ============================================================
[2026-05-18 21:24:56] [Reviewer] [INFO] ============================================================
[2026-05-18 21:24:56] [Reviewer] [INFO] Reviewer Agent 启动
[2026-05-18 21:24:56] [Reviewer] [INFO] ============================================================
[2026-05-18 21:24:56] [Reviewer] [INFO] 正在审查第1379章...
[2026-05-18 21:24:56] [Reviewer] [INFO] 正在审查第1383章...
[2026-05-18 21:24:56] [Reviewer] [INFO] 正在审查第1375章...
[2026-05-18 21:24:56] [Reviewer] [INFO] 正在审查第1377章...
[2026-05-18 21:24:56] [Reviewer] [INFO] ============================================================
[2026-05-18 21:24:56] [Reviewer] [INFO] Reviewer Agent 启动
[2026-05-18 21:24:56] [Reviewer] [INFO] ============================================================
[2026-05-18 21:24:56] [Reviewer] [INFO] ============================================================
[2026-05-18 21:24:56] [Reviewer] [INFO] Reviewer Agent 启动
[2026-05-18 21:24:56] [Reviewer] [INFO] ============================================================
[2026-05-18 21:24:56] [Reviewer] [INFO] ============================================================
[2026-05-18 21:24:56] [Reviewer] [INFO] Reviewer Agent 启动
[2026-05-18 21:24:56] [Reviewer] [INFO] ============================================================
[2026-05-18 21:24:56] [Reviewer] [INFO] 正在审查第1381章...
[2026-05-18 21:24:56] [Reviewer] [INFO] 正在审查第1385章...
[2026-05-18 21:24:56] [Reviewer] [INFO] 正在审查第1387章...
[2026-05-18 21:24:56] [Reviewer] [INFO] ============================================================
[2026-05-18 21:24:56] [Reviewer] [INFO] Reviewer Agent 启动
[2026-05-18 21:24:56] [Reviewer] [INFO] ============================================================
[2026-05-18 21:24:56] [Reviewer] [INFO] ============================================================
[2026-05-18 21:24:56] [Reviewer] [INFO] Reviewer Agent 启动
[2026-05-18 21:24:56] [Reviewer] [INFO] ============================================================
[2026-05-18 21:24:56] [Reviewer] [INFO] 正在审查第1393章...
[2026-05-18 21:24:56] [Reviewer] [INFO] 正在审查第1399章...
[2026-05-18 21:24:56] [Reviewer] [INFO] ============================================================
[2026-05-18 21:24:56] [Reviewer] [INFO] Reviewer Agent 启动
[2026-05-18 21:24:56] [Reviewer] [INFO] ============================================================
[2026-05-18 21:24:56] [Reviewer] [INFO] ============================================================
[2026-05-18 21:24:56] [Reviewer] [INFO] Reviewer Agent 启动
[2026-05-18 21:24:56] [Reviewer] [INFO] ============================================================
[2026-05-18 21:24:56] [Reviewer] [INFO] ============================================================
[2026-05-18 21:24:56] [Reviewer] [INFO] Reviewer Agent 启动
[2026-05-18 21:24:56] [Reviewer] [INFO] ============================================================
[2026-05-18 21:24:56] [Reviewer] [INFO] ============================================================
[2026-05-18 21:24:56] [Reviewer] [INFO] Reviewer Agent 启动
[2026-05-18 21:24:56] [Reviewer] [INFO] ============================================================
[2026-05-18 21:24:56] [Reviewer] [INFO] 正在审查第1397章...
[2026-05-18 21:24:56] [Reviewer] [INFO] ============================================================
[2026-05-18 21:24:56] [Reviewer] [INFO] Reviewer Agent 启动
[2026-05-18 21:24:56] [Reviewer] [INFO] 正在审查第1401章...
[2026-05-18 21:24:56] [Reviewer] [INFO] ============================================================
[2026-05-18 21:24:56] [Reviewer] [INFO] ============================================================
[2026-05-18 21:24:56] [Reviewer] [INFO] Reviewer Agent 启动
[2026-05-18 21:24:56] [Reviewer] [INFO] ============================================================
[2026-05-18 21:24:56] [Reviewer] [INFO] Reviewer Agent 启动
[2026-05-18 21:24:56] [Reviewer] [INFO] ============================================================
[2026-05-18 21:24:56] [Reviewer] [INFO] 正在审查第1391章...
[2026-05-18 21:24:56] [Reviewer] [INFO] ============================================================
[2026-05-18 21:24:56] [Reviewer] [INFO] Reviewer Agent 启动
[2026-05-18 21:24:56] [Reviewer] [INFO] ============================================================
[2026-05-18 21:24:56] [Reviewer] [INFO] 正在审查第1405章...
[2026-05-18 21:24:56] [Reviewer] [INFO] ============================================================
[2026-05-18 21:24:56] [Reviewer] [INFO] Reviewer Agent 启动
[2026-05-18 21:24:56] [Reviewer] [INFO] 正在审查第1389章...
[2026-05-18 21:24:56] [Reviewer] [INFO] ============================================================
[2026-05-18 21:24:56] [Reviewer] [INFO] 正在审查第1403章...
[2026-05-18 21:24:56] [Reviewer] [INFO] 正在审查第1411章...
[2026-05-18 21:24:56] [Reviewer] [INFO] ============================================================
[2026-05-18 21:24:56] [Reviewer] [INFO] Reviewer Agent 启动
[2026-05-18 21:24:56] [Reviewer] [INFO] ============================================================
[2026-05-18 21:24:56] [Reviewer] [INFO] 正在审查第1407章...
[2026-05-18 21:24:56] [Reviewer] [INFO] 正在审查第1409章...
[2026-05-18 21:25:16] [Reviewer] [INFO] 第1403章审查完成：评分 8.5， verdict: 通过
[2026-05-18 21:25:16] [Reviewer] [INFO] 结果: success
[2026-05-18 21:25:16] [Reviewer] [INFO] 第1379章审查完成：评分 8.2， verdict: 通过
[2026-05-18 21:25:16] [Reviewer] [INFO] 结果: success
[2026-05-18 21:25:16] [Reviewer] [INFO] ============================================================
[2026-05-18 21:25:16] [Reviewer] [INFO] Reviewer Agent 启动
[2026-05-18 21:25:16] [Reviewer] [INFO] ============================================================
[2026-05-18 21:25:16] [Reviewer] [INFO] 正在审查第1404章...
[2026-05-18 21:25:16] [Reviewer] [INFO] ============================================================
[2026-05-18 21:25:16] [Reviewer] [INFO] Reviewer Agent 启动
[2026-05-18 21:25:16] [Reviewer] [INFO] ============================================================
[2026-05-18 21:25:16] [Reviewer] [INFO] 正在审查第1380章...
[2026-05-18 21:25:16] [Reviewer] [INFO] 第1409章审查完成：评分 7.8， verdict: 需修改
[2026-05-18 21:25:16] [Reviewer] [INFO] 结果: success
[2026-05-18 21:25:16] [Reviewer] [INFO] ============================================================
[2026-05-18 21:25:16] [Reviewer] [INFO] Reviewer Agent 启动
[2026-05-18 21:25:16] [Reviewer] [INFO] ============================================================
[2026-05-18 21:25:16] [Reviewer] [INFO] 正在审查第1410章...
[2026-05-18 21:25:16] [Reviewer] [INFO] 第1387章审查完成：评分 8.6， verdict: 通过
[2026-05-18 21:25:16] [Reviewer] [INFO] 结果: success
[2026-05-18 21:25:17] [Reviewer] [INFO] ============================================================
[2026-05-18 21:25:17] [Reviewer] [INFO] Reviewer Agent 启动
[2026-05-18 21:25:17] [Reviewer] [INFO] ============================================================
[2026-05-18 21:25:17] [Reviewer] [INFO] 正在审查第1388章...
[2026-05-18 21:25:17] [Reviewer] [INFO] 第1399章审查完成：评分 8.5， verdict: 通过
[2026-05-18 21:25:17] [Reviewer] [INFO] 结果: success
[2026-05-18 21:25:17] [Reviewer] [INFO] ============================================================
[2026-05-18 21:25:17] [Reviewer] [INFO] Reviewer Agent 启动
[2026-05-18 21:25:17] [Reviewer] [INFO] ============================================================
[2026-05-18 21:25:17] [Reviewer] [INFO] 正在审查第1400章...
[2026-05-18 21:25:18] [Reviewer] [INFO] 第1401章审查完成：评分 8.3， verdict: 通过
[2026-05-18 21:25:18] [Reviewer] [INFO] 结果: success
[2026-05-18 21:25:18] [Reviewer] [INFO] ============================================================
[2026-05-18 21:25:18] [Reviewer] [INFO] Reviewer Agent 启动
[2026-05-18 21:25:18] [Reviewer] [INFO] ============================================================
[2026-05-18 21:25:18] [Reviewer] [INFO] 正在审查第1402章...
[2026-05-18 21:25:18] [Reviewer] [INFO] 第1385章审查完成：评分 8.3， verdict: 通过
[2026-05-18 21:25:18] [Reviewer] [INFO] 结果: success
[2026-05-18 21:25:18] [Reviewer] [INFO] ============================================================
[2026-05-18 21:25:18] [Reviewer] [INFO] Reviewer Agent 启动
[2026-05-18 21:25:18] [Reviewer] [INFO] ============================================================
[2026-05-18 21:25:18] [Reviewer] [INFO] 正在审查第1386章...
[2026-05-18 21:25:18] [Reviewer] [INFO] 第1397章审查完成：评分 7.8， verdict: 需修改
[2026-05-18 21:25:18] [Reviewer] [INFO] 结果: success
[2026-05-18 21:25:19] [Reviewer] [INFO] ============================================================
[2026-05-18 21:25:19] [Reviewer] [INFO] Reviewer Agent 启动
[2026-05-18 21:25:19] [Reviewer] [INFO] ============================================================
[2026-05-18 21:25:19] [Reviewer] [INFO] 正在审查第1398章...
[2026-05-18 21:25:19] [Reviewer] [INFO] 第1411章审查完成：评分 8.3， verdict: 通过
[2026-05-18 21:25:19] [Reviewer] [INFO] 结果: success
[2026-05-18 21:25:19] [Reviewer] [INFO] 第1375章审查完成：评分 7.8， verdict: 通过
[2026-05-18 21:25:19] [Reviewer] [INFO] 结果: success
[2026-05-18 21:25:19] [Reviewer] [INFO] ============================================================
[2026-05-18 21:25:19] [Reviewer] [INFO] Reviewer Agent 启动
[2026-05-18 21:25:19] [Reviewer] [INFO] ============================================================
[2026-05-18 21:25:19] [Reviewer] [INFO] ============================================================
[2026-05-18 21:25:19] [Reviewer] [INFO] Reviewer Agent 启动
[2026-05-18 21:25:19] [Reviewer] [INFO] ============================================================
[2026-05-18 21:25:19] [Reviewer] [INFO] 正在审查第1412章...
[2026-05-18 21:25:19] [Reviewer] [INFO] 正在审查第1376章...
[2026-05-18 21:25:20] [Reviewer] [INFO] 第1372章审查完成：评分 8.2， verdict: 通过
[2026-05-18 21:25:20] [Reviewer] [INFO] 结果: success
[2026-05-18 21:25:20] [Reviewer] [INFO] ============================================================
[2026-05-18 21:25:20] [Reviewer] [INFO] Reviewer Agent 启动
[2026-05-18 21:25:20] [Reviewer] [INFO] ============================================================
[2026-05-18 21:25:20] [Reviewer] [INFO] 正在审查第1374章...
[2026-05-18 21:25:20] [Reviewer] [INFO] 第1381章审查完成：评分 8.5， verdict: 通过
[2026-05-18 21:25:20] [Reviewer] [INFO] 结果: success
[2026-05-18 21:25:20] [Reviewer] [INFO] ============================================================
[2026-05-18 21:25:20] [Reviewer] [INFO] Reviewer Agent 启动
[2026-05-18 21:25:20] [Reviewer] [INFO] ============================================================
[2026-05-18 21:25:20] [Reviewer] [INFO] 正在审查第1382章...
[2026-05-18 21:25:21] [Reviewer] [INFO] 第1393章审查完成：评分 8.5， verdict: 通过
[2026-05-18 21:25:21] [Reviewer] [INFO] 结果: success
[2026-05-18 21:25:21] [Reviewer] [INFO] 第1389章审查完成：评分 8.3， verdict: 通过
[2026-05-18 21:25:21] [Reviewer] [INFO] 结果: success
[2026-05-18 21:25:21] [Reviewer] [INFO] ============================================================
[2026-05-18 21:25:21] [Reviewer] [INFO] Reviewer Agent 启动
[2026-05-18 21:25:21] [Reviewer] [INFO] ============================================================
[2026-05-18 21:25:21] [Reviewer] [INFO] 正在审查第1394章...
[2026-05-18 21:25:21] [Reviewer] [INFO] ============================================================
[2026-05-18 21:25:21] [Reviewer] [INFO] Reviewer Agent 启动
[2026-05-18 21:25:21] [Reviewer] [INFO] ============================================================
[2026-05-18 21:25:21] [Reviewer] [INFO] 正在审查第1390章...
[2026-05-18 21:25:22] [Reviewer] [INFO] 第1377章审查完成：评分 8.1， verdict: 通过
[2026-05-18 21:25:22] [Reviewer] [INFO] 结果: success
[2026-05-18 21:25:22] [Reviewer] [INFO] ============================================================
[2026-05-18 21:25:22] [Reviewer] [INFO] Reviewer Agent 启动
[2026-05-18 21:25:22] [Reviewer] [INFO] ============================================================
[2026-05-18 21:25:22] [Reviewer] [INFO] 第1405章审查完成：评分 8.3， verdict: 通过
[2026-05-18 21:25:22] [Reviewer] [INFO] 结果: success
[2026-05-18 21:25:22] [Reviewer] [INFO] 正在审查第1378章...
[2026-05-18 21:25:22] [Reviewer] [INFO] ============================================================
[2026-05-18 21:25:22] [Reviewer] [INFO] Reviewer Agent 启动
[2026-05-18 21:25:22] [Reviewer] [INFO] ============================================================
[2026-05-18 21:25:22] [Reviewer] [INFO] 正在审查第1406章...
[2026-05-18 21:25:24] [Reviewer] [INFO] 第1407章审查完成：评分 8.3， verdict: 通过
[2026-05-18 21:25:24] [Reviewer] [INFO] 结果: success
[2026-05-18 21:25:24] [Reviewer] [INFO] ============================================================
[2026-05-18 21:25:24] [Reviewer] [INFO] Reviewer Agent 启动
[2026-05-18 21:25:24] [Reviewer] [INFO] ============================================================
[2026-05-18 21:25:24] [Reviewer] [INFO] 正在审查第1408章...
[2026-05-18 21:25:26] [Reviewer] [INFO] 第1391章审查完成：评分 8.7， verdict: 通过
[2026-05-18 21:25:26] [Reviewer] [INFO] 结果: success
[2026-05-18 21:25:26] [Reviewer] [INFO] ============================================================
[2026-05-18 21:25:26] [Reviewer] [INFO] Reviewer Agent 启动
[2026-05-18 21:25:26] [Reviewer] [INFO] ============================================================
[2026-05-18 21:25:26] [Reviewer] [INFO] 正在审查第1392章...
[2026-05-18 21:25:28] [Reviewer] [INFO] 第1395章审查完成：评分 8.6， verdict: 通过
[2026-05-18 21:25:28] [Reviewer] [INFO] 结果: success
[2026-05-18 21:25:28] [Reviewer] [INFO] ============================================================
[2026-05-18 21:25:28] [Reviewer] [INFO] Reviewer Agent 启动
[2026-05-18 21:25:28] [Reviewer] [INFO] ============================================================
[2026-05-18 21:25:28] [Reviewer] [INFO] 正在审查第1396章...
[2026-05-18 21:25:30] [Reviewer] [INFO] 第1383章审查完成：评分 8.4， verdict: 通过
[2026-05-18 21:25:30] [Reviewer] [INFO] 结果: success
[2026-05-18 21:25:30] [Reviewer] [INFO] ============================================================
[2026-05-18 21:25:30] [Reviewer] [INFO] Reviewer Agent 启动
[2026-05-18 21:25:30] [Reviewer] [INFO] ============================================================
[2026-05-18 21:25:30] [Reviewer] [INFO] 正在审查第1384章...
[2026-05-18 21:25:37] [Reviewer] [INFO] 第1404章审查完成：评分 8.5， verdict: 通过
[2026-05-18 21:25:37] [Reviewer] [INFO] 结果: success
[2026-05-18 21:25:40] [Reviewer] [INFO] 第1386章审查完成：评分 8.7， verdict: 通过
[2026-05-18 21:25:40] [Reviewer] [INFO] 结果: success
[2026-05-18 21:25:40] [Reviewer] [INFO] 第1402章审查完成：评分 8.5， verdict: 通过
[2026-05-18 21:25:40] [Reviewer] [INFO] 结果: success
[2026-05-18 21:25:41] [Reviewer] [INFO] 第1400章审查完成：评分 8.2， verdict: 通过
[2026-05-18 21:25:41] [Reviewer] [INFO] 结果: success
[2026-05-18 21:25:41] [Reviewer] [INFO] 第1410章审查完成：评分 8.0， verdict: 通过
[2026-05-18 21:25:41] [Reviewer] [INFO] 结果: success
[2026-05-18 21:25:42] [Reviewer] [INFO] 第1374章审查完成：评分 7.8， verdict: 需修改
[2026-05-18 21:25:42] [Reviewer] [INFO] 结果: success
[2026-05-18 21:25:42] [Reviewer] [INFO] 第1388章审查完成：评分 8.3， verdict: 通过
[2026-05-18 21:25:42] [Reviewer] [INFO] 结果: success
[2026-05-18 21:25:43] [Reviewer] [INFO] 第1398章审查完成：评分 7.8， verdict: 通过
[2026-05-18 21:25:43] [Reviewer] [INFO] 结果: success
[2026-05-18 21:25:43] [Reviewer] [INFO] 第1380章审查完成：评分 7.3， verdict: 需修改
[2026-05-18 21:25:43] [Reviewer] [INFO] 结果: success
[2026-05-18 21:25:44] [Reviewer] [INFO] 第1376章审查完成：评分 6.8， verdict: 需修改
[2026-05-18 21:25:44] [Reviewer] [INFO] 结果: success
[2026-05-18 21:25:44] [Reviewer] [INFO] 第1412章审查完成：评分 8.2， verdict: 通过
[2026-05-18 21:25:44] [Reviewer] [INFO] 结果: success
[2026-05-18 21:25:44] [Reviewer] [INFO] 第1390章审查完成：评分 7.8， verdict: 通过
[2026-05-18 21:25:44] [Reviewer] [INFO] 结果: success
[2026-05-18 21:25:47] [Reviewer] [INFO] 第1396章审查完成：评分 8.9， verdict: 通过
[2026-05-18 21:25:47] [Reviewer] [INFO] 结果: success
[2026-05-18 21:25:48] [Reviewer] [INFO] 第1392章审查完成：评分 8.0， verdict: 通过
[2026-05-18 21:25:48] [Reviewer] [INFO] 结果: success
[2026-05-18 21:25:48] [Reviewer] [INFO] 第1378章审查完成：评分 8.0， verdict: 通过
[2026-05-18 21:25:48] [Reviewer] [INFO] 结果: success
[2026-05-18 21:25:48] [Reviewer] [INFO] 第1406章审查完成：评分 8.0， verdict: 通过
[2026-05-18 21:25:48] [Reviewer] [INFO] 结果: success
[2026-05-18 21:25:51] [Reviewer] [INFO] 第1408章审查完成：评分 7.8， verdict: 需修改
[2026-05-18 21:25:51] [Reviewer] [INFO] 结果: success
[2026-05-18 21:25:52] [Reviewer] [INFO] 第1384章审查完成：评分 7.8， verdict: 通过
[2026-05-18 21:25:52] [Reviewer] [INFO] 结果: success
[2026-05-18 21:25:53] [Reviewer] [INFO] 第1382章审查完成：评分 8.5， verdict: 通过
[2026-05-18 21:25:53] [Reviewer] [INFO] 结果: success
[2026-05-18 21:27:40] [Reviewer] [INFO] 第1394章审查完成：评分 8.2， verdict: 通过
[2026-05-18 21:27:40] [Reviewer] [INFO] 结果: success
[2026-05-18 21:27:41] [Reviewer] [INFO] ============================================================
[2026-05-18 21:27:41] [Reviewer] [INFO] Reviewer Agent 启动
[2026-05-18 21:27:41] [Reviewer] [INFO] ============================================================
[2026-05-18 21:27:41] [Reviewer] [INFO] 正在审查第1413章...
[2026-05-18 21:27:42] [Reviewer] [INFO] ============================================================
[2026-05-18 21:27:42] [Reviewer] [INFO] Reviewer Agent 启动
[2026-05-18 21:27:42] [Reviewer] [INFO] ============================================================
[2026-05-18 21:27:42] [Reviewer] [INFO] ============================================================
[2026-05-18 21:27:42] [Reviewer] [INFO] Reviewer Agent 启动
[2026-05-18 21:27:42] [Reviewer] [INFO] ============================================================
[2026-05-18 21:27:42] [Reviewer] [INFO] 正在审查第1419章...
[2026-05-18 21:27:42] [Reviewer] [INFO] 正在审查第1415章...
[2026-05-18 21:27:42] [Reviewer] [INFO] ============================================================
[2026-05-18 21:27:42] [Reviewer] [INFO] Reviewer Agent 启动
[2026-05-18 21:27:42] [Reviewer] [INFO] ============================================================
[2026-05-18 21:27:42] [Reviewer] [INFO] ============================================================
[2026-05-18 21:27:42] [Reviewer] [INFO] Reviewer Agent 启动
[2026-05-18 21:27:42] [Reviewer] [INFO] ============================================================
[2026-05-18 21:27:42] [Reviewer] [INFO] 正在审查第1421章...
[2026-05-18 21:27:42] [Reviewer] [INFO] 正在审查第1417章...
[2026-05-18 21:27:42] [Reviewer] [INFO] ============================================================
[2026-05-18 21:27:42] [Reviewer] [INFO] Reviewer Agent 启动
[2026-05-18 21:27:42] [Reviewer] [INFO] ============================================================
[2026-05-18 21:27:42] [Reviewer] [INFO] ============================================================
[2026-05-18 21:27:42] [Reviewer] [INFO] Reviewer Agent 启动
[2026-05-18 21:27:42] [Reviewer] [INFO] ============================================================
[2026-05-18 21:27:42] [Reviewer] [INFO] ============================================================
[2026-05-18 21:27:42] [Reviewer] [INFO] Reviewer Agent 启动
[2026-05-18 21:27:42] [Reviewer] [INFO] ============================================================
[2026-05-18 21:27:42] [Reviewer] [INFO] ============================================================
[2026-05-18 21:27:42] [Reviewer] [INFO] Reviewer Agent 启动
[2026-05-18 21:27:42] [Reviewer] [INFO] ============================================================
[2026-05-18 21:27:42] [Reviewer] [INFO] 正在审查第1423章...
[2026-05-18 21:27:42] [Reviewer] [INFO] 正在审查第1425章...
[2026-05-18 21:27:42] [Reviewer] [INFO] 正在审查第1431章...
[2026-05-18 21:27:42] [Reviewer] [INFO] 正在审查第1427章...
[2026-05-18 21:27:42] [Reviewer] [INFO] ============================================================
[2026-05-18 21:27:42] [Reviewer] [INFO] Reviewer Agent 启动
[2026-05-18 21:27:42] [Reviewer] [INFO] ============================================================
[2026-05-18 21:27:42] [Reviewer] [INFO] ============================================================
[2026-05-18 21:27:42] [Reviewer] [INFO] ============================================================
[2026-05-18 21:27:42] [Reviewer] [INFO] Reviewer Agent 启动
[2026-05-18 21:27:42] [Reviewer] [INFO] Reviewer Agent 启动
[2026-05-18 21:27:42] [Reviewer] [INFO] ============================================================
[2026-05-18 21:27:42] [Reviewer] [INFO] ============================================================
[2026-05-18 21:27:42] [Reviewer] [INFO] ============================================================
[2026-05-18 21:27:42] [Reviewer] [INFO] Reviewer Agent 启动
[2026-05-18 21:27:42] [Reviewer] [INFO] ============================================================
[2026-05-18 21:27:42] [Reviewer] [INFO] 正在审查第1429章...
[2026-05-18 21:27:42] [Reviewer] [INFO] 正在审查第1433章...
[2026-05-18 21:27:42] [Reviewer] [INFO] ============================================================
[2026-05-18 21:27:42] [Reviewer] [INFO] Reviewer Agent 启动
[2026-05-18 21:27:42] [Reviewer] [INFO] ============================================================
[2026-05-18 21:27:42] [Reviewer] [INFO] 正在审查第1435章...
[2026-05-18 21:27:42] [Reviewer] [INFO] ============================================================
[2026-05-18 21:27:42] [Reviewer] [INFO] Reviewer Agent 启动
[2026-05-18 21:27:42] [Reviewer] [INFO] ============================================================
[2026-05-18 21:27:42] [Reviewer] [INFO] ============================================================
[2026-05-18 21:27:42] [Reviewer] [INFO] Reviewer Agent 启动
[2026-05-18 21:27:42] [Reviewer] [INFO] ============================================================
[2026-05-18 21:27:42] [Reviewer] [INFO] 正在审查第1437章...
[2026-05-18 21:27:42] [Reviewer] [INFO] 正在审查第1439章...
[2026-05-18 21:27:42] [Reviewer] [INFO] 正在审查第1443章...
[2026-05-18 21:27:42] [Reviewer] [INFO] 正在审查第1441章...
[2026-05-18 21:27:42] [Reviewer] [INFO] ============================================================
[2026-05-18 21:27:42] [Reviewer] [INFO] Reviewer Agent 启动
[2026-05-18 21:27:42] [Reviewer] [INFO] ============================================================
[2026-05-18 21:27:42] [Reviewer] [INFO] ============================================================
[2026-05-18 21:27:42] [Reviewer] [INFO] Reviewer Agent 启动
[2026-05-18 21:27:42] [Reviewer] [INFO] ============================================================
[2026-05-18 21:27:42] [Reviewer] [INFO] ============================================================
[2026-05-18 21:27:42] [Reviewer] [INFO] Reviewer Agent 启动
[2026-05-18 21:27:42] [Reviewer] [INFO] ============================================================
[2026-05-18 21:27:42] [Reviewer] [INFO] 正在审查第1445章...
[2026-05-18 21:27:42] [Reviewer] [INFO] 正在审查第1447章...
[2026-05-18 21:27:42] [Reviewer] [INFO] 正在审查第1449章...
[2026-05-18 21:27:42] [Reviewer] [INFO] ============================================================
[2026-05-18 21:27:42] [Reviewer] [INFO] Reviewer Agent 启动
[2026-05-18 21:27:42] [Reviewer] [INFO] ============================================================
[2026-05-18 21:27:42] [Reviewer] [INFO] 正在审查第1451章...
[2026-05-18 21:27:59] [Reviewer] [INFO] 第1415章审查完成：评分 7.2， verdict: 需修改
[2026-05-18 21:27:59] [Reviewer] [INFO] 结果: success
[2026-05-18 21:27:59] [Reviewer] [INFO] ============================================================
[2026-05-18 21:27:59] [Reviewer] [INFO] Reviewer Agent 启动
[2026-05-18 21:27:59] [Reviewer] [INFO] ============================================================
[2026-05-18 21:27:59] [Reviewer] [INFO] 正在审查第1416章...
[2026-05-18 21:28:02] [Reviewer] [INFO] 第1443章审查完成：评分 8.4， verdict: 通过
[2026-05-18 21:28:02] [Reviewer] [INFO] 结果: success
[2026-05-18 21:28:03] [Reviewer] [INFO] ============================================================
[2026-05-18 21:28:03] [Reviewer] [INFO] Reviewer Agent 启动
[2026-05-18 21:28:03] [Reviewer] [INFO] ============================================================
[2026-05-18 21:28:03] [Reviewer] [INFO] 正在审查第1444章...
[2026-05-18 21:28:04] [Reviewer] [INFO] 第1427章审查完成：评分 8.4， verdict: 通过
[2026-05-18 21:28:04] [Reviewer] [INFO] 结果: success
[2026-05-18 21:28:04] [Reviewer] [INFO] ============================================================
[2026-05-18 21:28:04] [Reviewer] [INFO] Reviewer Agent 启动
[2026-05-18 21:28:04] [Reviewer] [INFO] ============================================================
[2026-05-18 21:28:04] [Reviewer] [INFO] 正在审查第1428章...
[2026-05-18 21:28:05] [Reviewer] [INFO] 第1435章审查完成：评分 8.3， verdict: 通过
[2026-05-18 21:28:05] [Reviewer] [INFO] 结果: success
[2026-05-18 21:28:05] [Reviewer] [INFO] ============================================================
[2026-05-18 21:28:05] [Reviewer] [INFO] Reviewer Agent 启动
[2026-05-18 21:28:05] [Reviewer] [INFO] ============================================================
[2026-05-18 21:28:05] [Reviewer] [INFO] 正在审查第1436章...
[2026-05-18 21:28:05] [Reviewer] [INFO] 第1413章审查完成：评分 8.3， verdict: 通过
[2026-05-18 21:28:05] [Reviewer] [INFO] 结果: success
[2026-05-18 21:28:05] [Reviewer] [INFO] 第1431章审查完成：评分 8.6， verdict: 通过
[2026-05-18 21:28:05] [Reviewer] [INFO] 结果: success
[2026-05-18 21:28:05] [Reviewer] [INFO] 第1421章审查完成：评分 8.0， verdict: 通过
[2026-05-18 21:28:05] [Reviewer] [INFO] 结果: success
[2026-05-18 21:28:05] [Reviewer] [INFO] ============================================================
[2026-05-18 21:28:05] [Reviewer] [INFO] Reviewer Agent 启动
[2026-05-18 21:28:05] [Reviewer] [INFO] ============================================================
[2026-05-18 21:28:05] [Reviewer] [INFO] 正在审查第1414章...
[2026-05-18 21:28:05] [Reviewer] [INFO] ============================================================
[2026-05-18 21:28:05] [Reviewer] [INFO] Reviewer Agent 启动
[2026-05-18 21:28:05] [Reviewer] [INFO] ============================================================
[2026-05-18 21:28:05] [Reviewer] [INFO] 正在审查第1432章...
[2026-05-18 21:28:05] [Reviewer] [INFO] ============================================================
[2026-05-18 21:28:05] [Reviewer] [INFO] Reviewer Agent 启动
[2026-05-18 21:28:05] [Reviewer] [INFO] ============================================================
[2026-05-18 21:28:06] [Reviewer] [INFO] 正在审查第1422章...
[2026-05-18 21:28:06] [Reviewer] [INFO] 第1419章审查完成：评分 8.8， verdict: 通过
[2026-05-18 21:28:06] [Reviewer] [INFO] 结果: success
[2026-05-18 21:28:06] [Reviewer] [INFO] ============================================================
[2026-05-18 21:28:06] [Reviewer] [INFO] Reviewer Agent 启动
[2026-05-18 21:28:06] [Reviewer] [INFO] ============================================================
[2026-05-18 21:28:06] [Reviewer] [INFO] 正在审查第1420章...
[2026-05-18 21:28:06] [Reviewer] [INFO] 第1439章审查完成：评分 7.6， verdict: 需修改
[2026-05-18 21:28:06] [Reviewer] [INFO] 结果: success
[2026-05-18 21:28:06] [Reviewer] [INFO] ============================================================
[2026-05-18 21:28:06] [Reviewer] [INFO] Reviewer Agent 启动
[2026-05-18 21:28:06] [Reviewer] [INFO] ============================================================
[2026-05-18 21:28:06] [Reviewer] [INFO] 正在审查第1440章...
[2026-05-18 21:28:06] [Reviewer] [INFO] 第1425章审查完成：评分 8.5， verdict: 通过
[2026-05-18 21:28:06] [Reviewer] [INFO] 第1437章审查完成：评分 8.0， verdict: 通过
[2026-05-18 21:28:06] [Reviewer] [INFO] 结果: success
[2026-05-18 21:28:06] [Reviewer] [INFO] 结果: success
[2026-05-18 21:28:07] [Reviewer] [INFO] ============================================================
[2026-05-18 21:28:07] [Reviewer] [INFO] Reviewer Agent 启动
[2026-05-18 21:28:07] [Reviewer] [INFO] ============================================================
[2026-05-18 21:28:07] [Reviewer] [INFO] ============================================================
[2026-05-18 21:28:07] [Reviewer] [INFO] Reviewer Agent 启动
[2026-05-18 21:28:07] [Reviewer] [INFO] ============================================================
[2026-05-18 21:28:07] [Reviewer] [INFO] 正在审查第1426章...
[2026-05-18 21:28:07] [Reviewer] [INFO] 正在审查第1438章...
[2026-05-18 21:28:07] [Reviewer] [INFO] 第1417章审查完成：评分 8.2， verdict: 通过
[2026-05-18 21:28:07] [Reviewer] [INFO] 结果: success
[2026-05-18 21:28:07] [Reviewer] [INFO] ============================================================
[2026-05-18 21:28:07] [Reviewer] [INFO] Reviewer Agent 启动
[2026-05-18 21:28:07] [Reviewer] [INFO] ============================================================
[2026-05-18 21:28:07] [Reviewer] [INFO] 正在审查第1418章...
[2026-05-18 21:28:07] [Reviewer] [INFO] 第1441章审查完成：评分 7.8， verdict: 需修改
[2026-05-18 21:28:07] [Reviewer] [INFO] 结果: success
[2026-05-18 21:28:07] [Reviewer] [INFO] ============================================================
[2026-05-18 21:28:07] [Reviewer] [INFO] Reviewer Agent 启动
[2026-05-18 21:28:07] [Reviewer] [INFO] ============================================================
[2026-05-18 21:28:07] [Reviewer] [INFO] 正在审查第1442章...
[2026-05-18 21:28:08] [Reviewer] [INFO] 第1451章审查完成：评分 7.8， verdict: 需修改
[2026-05-18 21:28:08] [Reviewer] [INFO] 结果: success
[2026-05-18 21:28:08] [Reviewer] [INFO] ============================================================
[2026-05-18 21:28:08] [Reviewer] [INFO] Reviewer Agent 启动
[2026-05-18 21:28:08] [Reviewer] [INFO] ============================================================
[2026-05-18 21:28:08] [Reviewer] [INFO] 正在审查第1452章...
[2026-05-18 21:28:08] [Reviewer] [INFO] 第1433章审查完成：评分 8.7， verdict: 通过
[2026-05-18 21:28:08] [Reviewer] [INFO] 结果: success
[2026-05-18 21:28:08] [Reviewer] [INFO] 第1429章审查完成：评分 7.6， verdict: 需修改
[2026-05-18 21:28:08] [Reviewer] [INFO] 结果: success
[2026-05-18 21:28:08] [Reviewer] [INFO] ============================================================
[2026-05-18 21:28:08] [Reviewer] [INFO] Reviewer Agent 启动
[2026-05-18 21:28:08] [Reviewer] [INFO] ============================================================
[2026-05-18 21:28:08] [Reviewer] [INFO] 正在审查第1434章...
[2026-05-18 21:28:08] [Reviewer] [INFO] ============================================================
[2026-05-18 21:28:08] [Reviewer] [INFO] Reviewer Agent 启动
[2026-05-18 21:28:08] [Reviewer] [INFO] ============================================================
[2026-05-18 21:28:08] [Reviewer] [INFO] 正在审查第1430章...
[2026-05-18 21:28:09] [Reviewer] [INFO] 第1447章审查完成：评分 8.2， verdict: 通过
[2026-05-18 21:28:09] [Reviewer] [INFO] 结果: success
[2026-05-18 21:28:09] [Reviewer] [INFO] ============================================================
[2026-05-18 21:28:09] [Reviewer] [INFO] Reviewer Agent 启动
[2026-05-18 21:28:09] [Reviewer] [INFO] ============================================================
[2026-05-18 21:28:09] [Reviewer] [INFO] 正在审查第1448章...
[2026-05-18 21:28:09] [Reviewer] [INFO] 第1445章审查完成：评分 8.1， verdict: 通过
[2026-05-18 21:28:09] [Reviewer] [INFO] 结果: success
[2026-05-18 21:28:09] [Reviewer] [INFO] ============================================================
[2026-05-18 21:28:09] [Reviewer] [INFO] Reviewer Agent 启动
[2026-05-18 21:28:09] [Reviewer] [INFO] ============================================================
[2026-05-18 21:28:09] [Reviewer] [INFO] 正在审查第1446章...
[2026-05-18 21:28:10] [Reviewer] [INFO] 第1423章审查完成：评分 8.2， verdict: 通过
[2026-05-18 21:28:10] [Reviewer] [INFO] 结果: success
[2026-05-18 21:28:10] [Reviewer] [INFO] ============================================================
[2026-05-18 21:28:10] [Reviewer] [INFO] Reviewer Agent 启动
[2026-05-18 21:28:10] [Reviewer] [INFO] ============================================================
[2026-05-18 21:28:10] [Reviewer] [INFO] 正在审查第1424章...
[2026-05-18 21:28:10] [Reviewer] [INFO] 第1449章审查完成：评分 8.2， verdict: 通过
[2026-05-18 21:28:10] [Reviewer] [INFO] 结果: success
[2026-05-18 21:28:11] [Reviewer] [INFO] ============================================================
[2026-05-18 21:28:11] [Reviewer] [INFO] Reviewer Agent 启动
[2026-05-18 21:28:11] [Reviewer] [INFO] ============================================================
[2026-05-18 21:28:11] [Reviewer] [INFO] 正在审查第1450章...
[2026-05-18 21:28:21] [Reviewer] [INFO] 第1416章审查完成：评分 8.5， verdict: 通过
[2026-05-18 21:28:21] [Reviewer] [INFO] 结果: success
[2026-05-18 21:28:24] [Reviewer] [INFO] 第1444章审查完成：评分 8.0， verdict: 通过
[2026-05-18 21:28:24] [Reviewer] [INFO] 结果: success
[2026-05-18 21:28:24] [Reviewer] [INFO] 第1432章审查完成：评分 8.6， verdict: 通过
[2026-05-18 21:28:24] [Reviewer] [INFO] 结果: success
[2026-05-18 21:28:25] [Reviewer] [INFO] 第1426章审查完成：评分 8.5， verdict: 通过
[2026-05-18 21:28:25] [Reviewer] [INFO] 结果: success
[2026-05-18 21:28:26] [Reviewer] [INFO] 第1414章审查完成：评分 7.8， verdict: 通过
[2026-05-18 21:28:26] [Reviewer] [INFO] 结果: success
[2026-05-18 21:28:27] [Reviewer] [INFO] 第1420章审查完成：评分 8.3， verdict: 通过
[2026-05-18 21:28:27] [Reviewer] [INFO] 结果: success
[2026-05-18 21:28:27] [Reviewer] [INFO] 第1434章审查完成：评分 8.2， verdict: 通过
[2026-05-18 21:28:27] [Reviewer] [INFO] 结果: success
[2026-05-18 21:28:29] [Reviewer] [INFO] 第1428章审查完成：评分 8.4， verdict: 通过
[2026-05-18 21:28:29] [Reviewer] [INFO] 结果: success
[2026-05-18 21:28:30] [Reviewer] [INFO] 第1442章审查完成：评分 8.0， verdict: 通过
[2026-05-18 21:28:30] [Reviewer] [INFO] 结果: success
[2026-05-18 21:28:30] [Reviewer] [INFO] 第1440章审查完成：评分 7.0， verdict: 需修改
[2026-05-18 21:28:30] [Reviewer] [INFO] 结果: success
[2026-05-18 21:28:30] [Reviewer] [INFO] 第1418章审查完成：评分 8.6， verdict: 通过
[2026-05-18 21:28:30] [Reviewer] [INFO] 结果: success
[2026-05-18 21:28:31] [Reviewer] [INFO] 第1438章审查完成：评分 8.0， verdict: 通过
[2026-05-18 21:28:31] [Reviewer] [INFO] 结果: success
[2026-05-18 21:28:31] [Reviewer] [INFO] 第1448章审查完成：评分 8.2， verdict: 通过
[2026-05-18 21:28:31] [Reviewer] [INFO] 结果: success
[2026-05-18 21:28:31] [Reviewer] [INFO] 第1422章审查完成：评分 8.3， verdict: 通过
[2026-05-18 21:28:31] [Reviewer] [INFO] 结果: success
[2026-05-18 21:28:31] [Reviewer] [INFO] 第1452章审查完成：评分 7.8， verdict: 需修改
[2026-05-18 21:28:31] [Reviewer] [INFO] 结果: success
[2026-05-18 21:28:33] [Reviewer] [INFO] 第1436章审查完成：评分 8.0， verdict: 通过
[2026-05-18 21:28:33] [Reviewer] [INFO] 结果: success
[2026-05-18 21:28:33] [Reviewer] [INFO] 第1446章审查完成：评分 8.1， verdict: 通过
[2026-05-18 21:28:33] [Reviewer] [INFO] 结果: success
[2026-05-18 21:28:34] [Reviewer] [INFO] 第1430章审查完成：评分 8.3， verdict: 通过
[2026-05-18 21:28:34] [Reviewer] [INFO] 结果: success
[2026-05-18 21:28:35] [Reviewer] [INFO] 第1450章审查完成：评分 7.8， verdict: 需修改
[2026-05-18 21:28:35] [Reviewer] [INFO] 结果: success
[2026-05-18 21:28:37] [Reviewer] [INFO] 第1424章审查完成：评分 8.0， verdict: 通过
[2026-05-18 21:28:37] [Reviewer] [INFO] 结果: success
[2026-05-18 21:28:39] [Reviewer] [INFO] ============================================================
[2026-05-18 21:28:39] [Reviewer] [INFO] Reviewer Agent 启动
[2026-05-18 21:28:39] [Reviewer] [INFO] ============================================================
[2026-05-18 21:28:39] [Reviewer] [INFO] 正在审查第1457章...
[2026-05-18 21:28:39] [Reviewer] [INFO] ============================================================
[2026-05-18 21:28:39] [Reviewer] [INFO] Reviewer Agent 启动
[2026-05-18 21:28:39] [Reviewer] [INFO] ============================================================
[2026-05-18 21:28:39] [Reviewer] [INFO] ============================================================
[2026-05-18 21:28:39] [Reviewer] [INFO] Reviewer Agent 启动
[2026-05-18 21:28:39] [Reviewer] [INFO] ============================================================
[2026-05-18 21:28:39] [Reviewer] [INFO] ============================================================
[2026-05-18 21:28:39] [Reviewer] [INFO] Reviewer Agent 启动
[2026-05-18 21:28:39] [Reviewer] [INFO] ============================================================
[2026-05-18 21:28:39] [Reviewer] [INFO] 正在审查第1455章...
[2026-05-18 21:28:39] [Reviewer] [INFO] 正在审查第1453章...
[2026-05-18 21:28:39] [Reviewer] [INFO] 正在审查第1461章...
[2026-05-18 21:28:39] [Reviewer] [INFO] ============================================================
[2026-05-18 21:28:39] [Reviewer] [INFO] Reviewer Agent 启动
[2026-05-18 21:28:39] [Reviewer] [INFO] ============================================================
[2026-05-18 21:28:39] [Reviewer] [INFO] ============================================================
[2026-05-18 21:28:39] [Reviewer] [INFO] Reviewer Agent 启动
[2026-05-18 21:28:39] [Reviewer] [INFO] ============================================================
[2026-05-18 21:28:39] [Reviewer] [INFO] ============================================================
[2026-05-18 21:28:39] [Reviewer] [INFO] Reviewer Agent 启动
[2026-05-18 21:28:39] [Reviewer] [INFO] ============================================================
[2026-05-18 21:28:39] [Reviewer] [INFO] ============================================================
[2026-05-18 21:28:39] [Reviewer] [INFO] Reviewer Agent 启动
[2026-05-18 21:28:39] [Reviewer] [INFO] ============================================================
[2026-05-18 21:28:39] [Reviewer] [INFO] ============================================================
[2026-05-18 21:28:39] [Reviewer] [INFO] Reviewer Agent 启动
[2026-05-18 21:28:39] [Reviewer] [INFO] ============================================================
[2026-05-18 21:28:39] [Reviewer] [INFO] ============================================================
[2026-05-18 21:28:39] [Reviewer] [INFO] Reviewer Agent 启动
[2026-05-18 21:28:39] [Reviewer] [INFO] ============================================================
[2026-05-18 21:28:39] [Reviewer] [INFO] 正在审查第1465章...
[2026-05-18 21:28:39] [Reviewer] [INFO] 正在审查第1467章...
[2026-05-18 21:28:39] [Reviewer] [INFO] 正在审查第1485章...
[2026-05-18 21:28:39] [Reviewer] [INFO] 正在审查第1469章...
[2026-05-18 21:28:39] [Reviewer] [INFO] 正在审查第1473章...
[2026-05-18 21:28:39] [Reviewer] [INFO] ============================================================
[2026-05-18 21:28:39] [Reviewer] [INFO] 正在审查第1463章...
[2026-05-18 21:28:39] [Reviewer] [INFO] Reviewer Agent 启动
[2026-05-18 21:28:39] [Reviewer] [INFO] ============================================================
[2026-05-18 21:28:39] [Reviewer] [INFO] ============================================================
[2026-05-18 21:28:39] [Reviewer] [INFO] Reviewer Agent 启动
[2026-05-18 21:28:39] [Reviewer] [INFO] ============================================================
[2026-05-18 21:28:40] [Reviewer] [INFO] ============================================================
[2026-05-18 21:28:40] [Reviewer] [INFO] Reviewer Agent 启动
[2026-05-18 21:28:40] [Reviewer] [INFO] ============================================================
[2026-05-18 21:28:40] [Reviewer] [INFO] 正在审查第1475章...
[2026-05-18 21:28:40] [Reviewer] [INFO] 正在审查第1477章...
[2026-05-18 21:28:40] [Reviewer] [INFO] 正在审查第1459章...
[2026-05-18 21:28:40] [Reviewer] [INFO] ============================================================
[2026-05-18 21:28:40] [Reviewer] [INFO] Reviewer Agent 启动
[2026-05-18 21:28:40] [Reviewer] [INFO] ============================================================
[2026-05-18 21:28:40] [Reviewer] [INFO] ============================================================
[2026-05-18 21:28:40] [Reviewer] [INFO] Reviewer Agent 启动
[2026-05-18 21:28:40] [Reviewer] [INFO] ============================================================
[2026-05-18 21:28:40] [Reviewer] [INFO] ============================================================
[2026-05-18 21:28:40] [Reviewer] [INFO] Reviewer Agent 启动
[2026-05-18 21:28:40] [Reviewer] [INFO] ============================================================
[2026-05-18 21:28:40] [Reviewer] [INFO] ============================================================
[2026-05-18 21:28:40] [Reviewer] [INFO] Reviewer Agent 启动
[2026-05-18 21:28:40] [Reviewer] [INFO] ============================================================
[2026-05-18 21:28:40] [Reviewer] [INFO] ============================================================
[2026-05-18 21:28:40] [Reviewer] [INFO] Reviewer Agent 启动
[2026-05-18 21:28:40] [Reviewer] [INFO] ============================================================
[2026-05-18 21:28:40] [Reviewer] [INFO] ============================================================
[2026-05-18 21:28:40] [Reviewer] [INFO] Reviewer Agent 启动
[2026-05-18 21:28:40] [Reviewer] [INFO] ============================================================
[2026-05-18 21:28:40] [Reviewer] [INFO] 正在审查第1487章...
[2026-05-18 21:28:40] [Reviewer] [INFO] 正在审查第1489章...
[2026-05-18 21:28:40] [Reviewer] [INFO] ============================================================
[2026-05-18 21:28:40] [Reviewer] [INFO] Reviewer Agent 启动
[2026-05-18 21:28:40] [Reviewer] [INFO] ============================================================
[2026-05-18 21:28:40] [Reviewer] [INFO] 正在审查第1471章...
[2026-05-18 21:28:40] [Reviewer] [INFO] 正在审查第1479章...
[2026-05-18 21:28:40] [Reviewer] [INFO] 正在审查第1491章...
[2026-05-18 21:28:40] [Reviewer] [INFO] 正在审查第1483章...
[2026-05-18 21:28:40] [Reviewer] [INFO] 正在审查第1481章...
[2026-05-18 21:28:57] [Reviewer] [INFO] 第1453章审查完成：评分 8.0， verdict: 需修改
[2026-05-18 21:28:57] [Reviewer] [INFO] 结果: success
[2026-05-18 21:28:58] [Reviewer] [INFO] ============================================================
[2026-05-18 21:28:58] [Reviewer] [INFO] Reviewer Agent 启动
[2026-05-18 21:28:58] [Reviewer] [INFO] ============================================================
[2026-05-18 21:28:58] [Reviewer] [INFO] 正在审查第1454章...
[2026-05-18 21:28:58] [Reviewer] [INFO] 第1459章审查完成：评分 7.8， verdict: 通过
[2026-05-18 21:28:58] [Reviewer] [INFO] 结果: success
[2026-05-18 21:28:58] [Reviewer] [INFO] ============================================================
[2026-05-18 21:28:58] [Reviewer] [INFO] Reviewer Agent 启动
[2026-05-18 21:28:58] [Reviewer] [INFO] ============================================================
[2026-05-18 21:28:58] [Reviewer] [INFO] 正在审查第1460章...
[2026-05-18 21:28:59] [Reviewer] [INFO] 第1485章审查完成：评分 8.2， verdict: 通过
[2026-05-18 21:28:59] [Reviewer] [INFO] 结果: success
[2026-05-18 21:28:59] [Reviewer] [INFO] 第1455章审查完成：评分 8.3， verdict: 通过
[2026-05-18 21:28:59] [Reviewer] [INFO] 结果: success
[2026-05-18 21:28:59] [Reviewer] [INFO] ============================================================
[2026-05-18 21:28:59] [Reviewer] [INFO] Reviewer Agent 启动
[2026-05-18 21:28:59] [Reviewer] [INFO] ============================================================
[2026-05-18 21:28:59] [Reviewer] [INFO] 正在审查第1486章...
[2026-05-18 21:28:59] [Reviewer] [INFO] ============================================================
[2026-05-18 21:28:59] [Reviewer] [INFO] Reviewer Agent 启动
[2026-05-18 21:28:59] [Reviewer] [INFO] ============================================================
[2026-05-18 21:28:59] [Reviewer] [INFO] 正在审查第1456章...
[2026-05-18 21:29:00] [Reviewer] [INFO] 第1469章审查完成：评分 8.1， verdict: 通过
[2026-05-18 21:29:00] [Reviewer] [INFO] 结果: success
[2026-05-18 21:29:00] [Reviewer] [INFO] ============================================================
[2026-05-18 21:29:00] [Reviewer] [INFO] Reviewer Agent 启动
[2026-05-18 21:29:00] [Reviewer] [INFO] ============================================================
[2026-05-18 21:29:00] [Reviewer] [INFO] 正在审查第1470章...
[2026-05-18 21:29:01] [Reviewer] [INFO] 第1491章审查完成：评分 8.7， verdict: 通过
[2026-05-18 21:29:01] [Reviewer] [INFO] 结果: success
[2026-05-18 21:29:01] [Reviewer] [INFO] ============================================================
[2026-05-18 21:29:01] [Reviewer] [INFO] Reviewer Agent 启动
[2026-05-18 21:29:01] [Reviewer] [INFO] ============================================================
[2026-05-18 21:29:01] [Reviewer] [INFO] 正在审查第1492章...
[2026-05-18 21:29:03] [Reviewer] [INFO] 第1483章审查完成：评分 7.6， verdict: 需修改
[2026-05-18 21:29:03] [Reviewer] [INFO] 结果: success
[2026-05-18 21:29:03] [Reviewer] [INFO] ============================================================
[2026-05-18 21:29:03] [Reviewer] [INFO] Reviewer Agent 启动
[2026-05-18 21:29:03] [Reviewer] [INFO] ============================================================
[2026-05-18 21:29:03] [Reviewer] [INFO] 正在审查第1484章...
[2026-05-18 21:29:04] [Reviewer] [INFO] 第1473章审查完成：评分 7.8， verdict: 需修改
[2026-05-18 21:29:04] [Reviewer] [INFO] 结果: success
[2026-05-18 21:29:04] [Reviewer] [INFO] ============================================================
[2026-05-18 21:29:04] [Reviewer] [INFO] Reviewer Agent 启动
[2026-05-18 21:29:04] [Reviewer] [INFO] ============================================================
[2026-05-18 21:29:04] [Reviewer] [INFO] 正在审查第1474章...
[2026-05-18 21:29:04] [Reviewer] [INFO] 第1479章审查完成：评分 8.3， verdict: 需修改
[2026-05-18 21:29:04] [Reviewer] [INFO] 结果: success
[2026-05-18 21:29:04] [Reviewer] [INFO] ============================================================
[2026-05-18 21:29:04] [Reviewer] [INFO] Reviewer Agent 启动
[2026-05-18 21:29:04] [Reviewer] [INFO] ============================================================
[2026-05-18 21:29:04] [Reviewer] [INFO] 正在审查第1480章...
[2026-05-18 21:29:04] [Reviewer] [INFO] 第1481章审查完成：评分 8.4， verdict: 通过
[2026-05-18 21:29:04] [Reviewer] [INFO] 结果: success
[2026-05-18 21:29:04] [Reviewer] [INFO] ============================================================
[2026-05-18 21:29:04] [Reviewer] [INFO] Reviewer Agent 启动
[2026-05-18 21:29:04] [Reviewer] [INFO] ============================================================
[2026-05-18 21:29:04] [Reviewer] [INFO] 正在审查第1482章...
[2026-05-18 21:29:04] [Reviewer] [INFO] 第1461章审查完成：评分 8.2， verdict: 通过
[2026-05-18 21:29:04] [Reviewer] [INFO] 结果: success
[2026-05-18 21:29:04] [Reviewer] [INFO] 第1471章审查完成：评分 8.5， verdict: 通过
[2026-05-18 21:29:04] [Reviewer] [INFO] 结果: success
[2026-05-18 21:29:04] [Reviewer] [INFO] ============================================================
[2026-05-18 21:29:04] [Reviewer] [INFO] Reviewer Agent 启动
[2026-05-18 21:29:04] [Reviewer] [INFO] ============================================================
[2026-05-18 21:29:04] [Reviewer] [INFO] 正在审查第1462章...
[2026-05-18 21:29:05] [Reviewer] [INFO] ============================================================
[2026-05-18 21:29:05] [Reviewer] [INFO] Reviewer Agent 启动
[2026-05-18 21:29:05] [Reviewer] [INFO] ============================================================
[2026-05-18 21:29:05] [Reviewer] [INFO] 正在审查第1472章...
[2026-05-18 21:29:05] [Reviewer] [INFO] 第1457章审查完成：评分 7.5， verdict: 通过
[2026-05-18 21:29:05] [Reviewer] [INFO] 结果: success
[2026-05-18 21:29:05] [Reviewer] [INFO] ============================================================
[2026-05-18 21:29:05] [Reviewer] [INFO] Reviewer Agent 启动
[2026-05-18 21:29:05] [Reviewer] [INFO] ============================================================
[2026-05-18 21:29:05] [Reviewer] [INFO] 正在审查第1458章...
[2026-05-18 21:29:06] [Reviewer] [INFO] 第1487章审查完成：评分 7.2， verdict: 需修改
[2026-05-18 21:29:06] [Reviewer] [INFO] 结果: success
[2026-05-18 21:29:06] [Reviewer] [INFO] ============================================================
[2026-05-18 21:29:06] [Reviewer] [INFO] Reviewer Agent 启动
[2026-05-18 21:29:06] [Reviewer] [INFO] ============================================================
[2026-05-18 21:29:06] [Reviewer] [INFO] 正在审查第1488章...
[2026-05-18 21:29:06] [Reviewer] [INFO] 第1465章审查完成：评分 7.8， verdict: 通过
[2026-05-18 21:29:06] [Reviewer] [INFO] 结果: success
[2026-05-18 21:29:06] [Reviewer] [INFO] ============================================================
[2026-05-18 21:29:06] [Reviewer] [INFO] Reviewer Agent 启动
[2026-05-18 21:29:06] [Reviewer] [INFO] ============================================================
[2026-05-18 21:29:06] [Reviewer] [INFO] 正在审查第1466章...
[2026-05-18 21:29:06] [Reviewer] [INFO] 第1467章审查完成：评分 8.4， verdict: 通过
[2026-05-18 21:29:06] [Reviewer] [INFO] 结果: success
[2026-05-18 21:29:06] [Reviewer] [INFO] ============================================================
[2026-05-18 21:29:06] [Reviewer] [INFO] Reviewer Agent 启动
[2026-05-18 21:29:06] [Reviewer] [INFO] ============================================================
[2026-05-18 21:29:06] [Reviewer] [INFO] 正在审查第1468章...
[2026-05-18 21:29:06] [Reviewer] [INFO] 第1489章审查完成：评分 8.2， verdict: 通过
[2026-05-18 21:29:06] [Reviewer] [INFO] 结果: success
[2026-05-18 21:29:07] [Reviewer] [INFO] ============================================================
[2026-05-18 21:29:07] [Reviewer] [INFO] Reviewer Agent 启动
[2026-05-18 21:29:07] [Reviewer] [INFO] ============================================================
[2026-05-18 21:29:07] [Reviewer] [INFO] 正在审查第1490章...
[2026-05-18 21:29:07] [Reviewer] [INFO] 第1475章审查完成：评分 7.5， verdict: 通过
[2026-05-18 21:29:07] [Reviewer] [INFO] 结果: success
[2026-05-18 21:29:07] [Reviewer] [INFO] ============================================================
[2026-05-18 21:29:07] [Reviewer] [INFO] Reviewer Agent 启动
[2026-05-18 21:29:07] [Reviewer] [INFO] ============================================================
[2026-05-18 21:29:07] [Reviewer] [INFO] 正在审查第1476章...
[2026-05-18 21:29:09] [Reviewer] [INFO] 第1477章审查完成：评分 8.5， verdict: 通过
[2026-05-18 21:29:09] [Reviewer] [INFO] 结果: success
[2026-05-18 21:29:09] [Reviewer] [INFO] ============================================================
[2026-05-18 21:29:09] [Reviewer] [INFO] Reviewer Agent 启动
[2026-05-18 21:29:09] [Reviewer] [INFO] ============================================================
[2026-05-18 21:29:09] [Reviewer] [INFO] 正在审查第1478章...
[2026-05-18 21:29:16] [Reviewer] [INFO] 第1463章审查完成：评分 7.8， verdict: 需修改
[2026-05-18 21:29:16] [Reviewer] [INFO] 结果: success
[2026-05-18 21:29:17] [Reviewer] [INFO] ============================================================
[2026-05-18 21:29:17] [Reviewer] [INFO] Reviewer Agent 启动
[2026-05-18 21:29:17] [Reviewer] [INFO] ============================================================
[2026-05-18 21:29:17] [Reviewer] [INFO] 正在审查第1464章...
[2026-05-18 21:29:19] [Reviewer] [INFO] 第1454章审查完成：评分 8.3， verdict: 通过
[2026-05-18 21:29:19] [Reviewer] [INFO] 结果: success
[2026-05-18 21:29:21] [Reviewer] [INFO] 第1486章审查完成：评分 8.3， verdict: 通过
[2026-05-18 21:29:21] [Reviewer] [INFO] 结果: success
[2026-05-18 21:29:21] [Reviewer] [INFO] 第1466章审查完成：评分 8.5， verdict: 通过
[2026-05-18 21:29:21] [Reviewer] [INFO] 结果: success
[2026-05-18 21:29:23] [Reviewer] [INFO] 第1480章审查完成：评分 8.5， verdict: 通过
[2026-05-18 21:29:23] [Reviewer] [INFO] 结果: success
[2026-05-18 21:29:23] [Reviewer] [INFO] 第1492章审查完成：评分 7.5， verdict: 需修改
[2026-05-18 21:29:23] [Reviewer] [INFO] 结果: success
[2026-05-18 21:29:23] [Reviewer] [INFO] 第1470章审查完成：评分 8.2， verdict: 通过
[2026-05-18 21:29:23] [Reviewer] [INFO] 结果: success
[2026-05-18 21:29:24] [Reviewer] [INFO] 第1460章审查完成：评分 8.3， verdict: 通过
[2026-05-18 21:29:24] [Reviewer] [INFO] 结果: success
[2026-05-18 21:29:25] [Reviewer] [INFO] 第1472章审查完成：评分 8.2， verdict: 通过
[2026-05-18 21:29:25] [Reviewer] [INFO] 结果: success
[2026-05-18 21:29:26] [Reviewer] [INFO] 第1458章审查完成：评分 8.1， verdict: 通过
[2026-05-18 21:29:26] [Reviewer] [INFO] 结果: success
[2026-05-18 21:29:27] [Reviewer] [INFO] 第1462章审查完成：评分 7.2， verdict: 需修改
[2026-05-18 21:29:27] [Reviewer] [INFO] 结果: success
[2026-05-18 21:29:27] [Reviewer] [INFO] 第1484章审查完成：评分 8.5， verdict: 通过
[2026-05-18 21:29:27] [Reviewer] [INFO] 结果: success
[2026-05-18 21:29:28] [Reviewer] [INFO] 第1474章审查完成：评分 8.5， verdict: 通过
[2026-05-18 21:29:28] [Reviewer] [INFO] 结果: success
[2026-05-18 21:29:28] [Reviewer] [INFO] 第1482章审查完成：评分 8.6， verdict: 通过
[2026-05-18 21:29:28] [Reviewer] [INFO] 结果: success
[2026-05-18 21:29:28] [Reviewer] [INFO] 第1468章审查完成：评分 8.6， verdict: 通过
[2026-05-18 21:29:28] [Reviewer] [INFO] 结果: success
[2026-05-18 21:29:33] [Reviewer] [ERROR] 第1476章审查失败
[2026-05-18 21:29:33] [Reviewer] [INFO] 结果: failed
[2026-05-18 21:29:34] [Reviewer] [INFO] 第1488章审查完成：评分 8.2， verdict: 通过
[2026-05-18 21:29:34] [Reviewer] [INFO] 结果: success
[2026-05-18 21:29:34] [Reviewer] [INFO] 第1478章审查完成：评分 8.5， verdict: 通过
[2026-05-18 21:29:34] [Reviewer] [INFO] 结果: success
[2026-05-18 21:29:36] [Reviewer] [INFO] 第1490章审查完成：评分 8.6， verdict: 通过
[2026-05-18 21:29:36] [Reviewer] [INFO] 结果: success
[2026-05-18 21:29:39] [Reviewer] [INFO] 第1464章审查完成：评分 8.2， verdict: 通过
[2026-05-18 21:29:39] [Reviewer] [INFO] 结果: success
[2026-05-18 21:30:28] [Reviewer] [INFO] 第1456章审查完成：评分 8.0， verdict: 通过
[2026-05-18 21:30:28] [Reviewer] [INFO] 结果: success
[2026-05-18 21:30:30] [Reviewer] [INFO] ============================================================
[2026-05-18 21:30:30] [Reviewer] [INFO] Reviewer Agent 启动
[2026-05-18 21:30:30] [Reviewer] [INFO] ============================================================
[2026-05-18 21:30:30] [Reviewer] [INFO] ============================================================
[2026-05-18 21:30:30] [Reviewer] [INFO] Reviewer Agent 启动
[2026-05-18 21:30:30] [Reviewer] [INFO] ============================================================
[2026-05-18 21:30:30] [Reviewer] [INFO] 正在审查第1476章...
[2026-05-18 21:30:30] [Reviewer] [INFO] 正在审查第1494章...
[2026-05-18 21:30:30] [Reviewer] [INFO] ============================================================
[2026-05-18 21:30:30] [Reviewer] [INFO] Reviewer Agent 启动
[2026-05-18 21:30:30] [Reviewer] [INFO] ============================================================
[2026-05-18 21:30:30] [Reviewer] [INFO] ============================================================
[2026-05-18 21:30:30] [Reviewer] [INFO] Reviewer Agent 启动
[2026-05-18 21:30:30] [Reviewer] [INFO] ============================================================
[2026-05-18 21:30:30] [Reviewer] [INFO] ============================================================
[2026-05-18 21:30:30] [Reviewer] [INFO] Reviewer Agent 启动
[2026-05-18 21:30:30] [Reviewer] [INFO] ============================================================
[2026-05-18 21:30:30] [Reviewer] [INFO] ============================================================
[2026-05-18 21:30:30] [Reviewer] [INFO] Reviewer Agent 启动
[2026-05-18 21:30:30] [Reviewer] [INFO] ============================================================
[2026-05-18 21:30:30] [Reviewer] [INFO] 正在审查第1498章...
[2026-05-18 21:30:30] [Reviewer] [INFO] 正在审查第1502章...
[2026-05-18 21:30:30] [Reviewer] [INFO] 正在审查第1496章...
[2026-05-18 21:30:30] [Reviewer] [INFO] 正在审查第1508章...
[2026-05-18 21:30:30] [Reviewer] [INFO] ============================================================
[2026-05-18 21:30:30] [Reviewer] [INFO] Reviewer Agent 启动
=====================================
[2026-05-18 21:30:30] [Reviewer] [INFO] Reviewer Agent 启动
[2026-05-18 21:30:30] [Reviewer] [INFO] ============================================================
[2026-05-18 21:30:30] [Reviewer] [INFO] ============================================================
[2026-05-18 21:30:30] [Reviewer] [INFO] ============================================================
[2026-05-18 21:30:30] [Reviewer] [INFO] Reviewer Agent 启动
[2026-05-18 21:30:30] [Reviewer] [INFO] ============================================================
[2026-05-18 21:30:30] [Reviewer] [INFO] ============================================================
[2026-05-18 21:30:30] [Reviewer] [INFO] Reviewer Agent 启动
[2026-05-18 21:30:30] [Reviewer] [INFO] ============================================================
[2026-05-18 21:30:30] [Reviewer] [INFO] 正在审查第1500章...
[2026-05-18 21:30:30] [Reviewer] [INFO] 正在审查第1504章...
[2026-05-18 21:30:30] [Reviewer] [INFO] 正在审查第1512章...
[2026-05-18 21:30:30] [Reviewer] [INFO] 正在审查第1506章...
[2026-05-18 21:30:30] [Reviewer] [INFO] ============================================================
[2026-05-18 21:30:30] [Reviewer] [INFO] Reviewer Agent 启动
[2026-05-18 21:30:30] [Reviewer] [INFO] ============================================================
[2026-05-18 21:30:30] [Reviewer] [INFO] 正在审查第1514章...
[2026-05-18 21:30:30] [Reviewer] [INFO] ============================================================
[2026-05-18 21:30:30] [Reviewer] [INFO] Reviewer Agent 启动
[2026-05-18 21:30:30] [Reviewer] [INFO] ============================================================
[2026-05-18 21:30:30] [Reviewer] [INFO] ============================================================
[2026-05-18 21:30:30] [Reviewer] [INFO] Reviewer Agent 启动
[2026-05-18 21:30:30] [Reviewer] [INFO] ============================================================
[2026-05-18 21:30:30] [Reviewer] [INFO] 正在审查第1510章...
[2026-05-18 21:30:30] [Reviewer] [INFO] 正在审查第1520章...
[2026-05-18 21:30:30] [Reviewer] [INFO] ============================================================
[2026-05-18 21:30:30] [Reviewer] [INFO] Reviewer Agent 启动
[2026-05-18 21:30:30] [Reviewer] [INFO] ============================================================
[2026-05-18 21:30:30] [Reviewer] [INFO] ============================================================
[2026-05-18 21:30:30] [Reviewer] [INFO] Reviewer Agent 启动
[2026-05-18 21:30:30] [Reviewer] [INFO] ============================================================
[2026-05-18 21:30:30] [Reviewer] [INFO] ============================================================
[2026-05-18 21:30:30] [Reviewer] [INFO] Reviewer Agent 启动
[2026-05-18 21:30:30] [Reviewer] [INFO] ============================================================
[2026-05-18 21:30:30] [Reviewer] [INFO] 正在审查第1526章...
[2026-05-18 21:30:30] [Reviewer] [INFO] ============================================================
[2026-05-18 21:30:30] [Reviewer] [INFO] Reviewer Agent 启动
[2026-05-18 21:30:30] [Reviewer] [INFO] ============================================================
[2026-05-18 21:30:30] [Reviewer] [INFO] 正在审查第1524章...
[2026-05-18 21:30:30] [Reviewer] [INFO] 正在审查第1518章...
[2026-05-18 21:30:30] [Reviewer] [INFO] ============================================================
[2026-05-18 21:30:30] [Reviewer] [INFO] Reviewer Agent 启动
[2026-05-18 21:30:30] [Reviewer] [INFO] ============================================================
[2026-05-18 21:30:30] [Reviewer] [INFO] 正在审查第1522章...
[2026-05-18 21:30:30] [Reviewer] [INFO] 正在审查第1516章...
[2026-05-18 21:30:30] [Reviewer] [INFO] ============================================================
[2026-05-18 21:30:30] [Reviewer] [INFO] Reviewer Agent 启动
[2026-05-18 21:30:30] [Reviewer] [INFO] ============================================================
[2026-05-18 21:30:30] [Reviewer] [INFO] ============================================================
[2026-05-18 21:30:30] [Reviewer] [INFO] Reviewer Agent 启动
[2026-05-18 21:30:30] [Reviewer] [INFO] ============================================================
[2026-05-18 21:30:30] [Reviewer] [INFO] 正在审查第1530章...
[2026-05-18 21:30:30] [Reviewer] [INFO] 正在审查第1528章...
[2026-05-18 21:30:49] [Reviewer] [INFO] 第1476章审查完成：评分 8.2， verdict: 通过
[2026-05-18 21:30:49] [Reviewer] [INFO] 结果: success
[2026-05-18 21:30:49] [Reviewer] [INFO] ============================================================
[2026-05-18 21:30:49] [Reviewer] [INFO] Reviewer Agent 启动
[2026-05-18 21:30:49] [Reviewer] [INFO] ============================================================
[2026-05-18 21:30:49] [Reviewer] [INFO] 正在审查第1493章...
[2026-05-18 21:30:50] [Reviewer] [INFO] 第1494章审查完成：评分 7.8， verdict: 通过
[2026-05-18 21:30:50] [Reviewer] [INFO] 结果: success
[2026-05-18 21:30:50] [Reviewer] [INFO] ============================================================
[2026-05-18 21:30:50] [Reviewer] [INFO] Reviewer Agent 启动
[2026-05-18 21:30:50] [Reviewer] [INFO] ============================================================
[2026-05-18 21:30:50] [Reviewer] [INFO] 正在审查第1495章...
[2026-05-18 21:30:50] [Reviewer] [INFO] 第1498章审查完成：评分 8.8， verdict: 通过
[2026-05-18 21:30:50] [Reviewer] [INFO] 结果: success
[2026-05-18 21:30:51] [Reviewer] [INFO] ============================================================
[2026-05-18 21:30:51] [Reviewer] [INFO] Reviewer Agent 启动
[2026-05-18 21:30:51] [Reviewer] [INFO] ============================================================
[2026-05-18 21:30:51] [Reviewer] [INFO] 正在审查第1499章...
[2026-05-18 21:30:52] [Reviewer] [INFO] 第1514章审查完成：评分 8.0， verdict: 通过
[2026-05-18 21:30:52] [Reviewer] [INFO] 结果: success
[2026-05-18 21:30:52] [Reviewer] [INFO] 第1508章审查完成：评分 7.8， verdict: 通过
[2026-05-18 21:30:52] [Reviewer] [INFO] 结果: success
[2026-05-18 21:30:52] [Reviewer] [INFO] ============================================================
[2026-05-18 21:30:52] [Reviewer] [INFO] Reviewer Agent 启动
[2026-05-18 21:30:52] [Reviewer] [INFO] ============================================================
[2026-05-18 21:30:52] [Reviewer] [INFO] 正在审查第1515章...
[2026-05-18 21:30:52] [Reviewer] [INFO] ============================================================
[2026-05-18 21:30:52] [Reviewer] [INFO] Reviewer Agent 启动
[2026-05-18 21:30:52] [Reviewer] [INFO] ============================================================
[2026-05-18 21:30:52] [Reviewer] [INFO] 正在审查第1509章...
[2026-05-18 21:30:52] [Reviewer] [INFO] 第1518章审查完成：评分 8.0， verdict: 通过
[2026-05-18 21:30:52] [Reviewer] [INFO] 结果: success
[2026-05-18 21:30:53] [Reviewer] [INFO] 第1510章审查完成：评分 8.5， verdict: 通过
[2026-05-18 21:30:53] [Reviewer] [INFO] 结果: success
[2026-05-18 21:30:53] [Reviewer] [INFO] ============================================================
[2026-05-18 21:30:53] [Reviewer] [INFO] Reviewer Agent 启动
[2026-05-18 21:30:53] [Reviewer] [INFO] ============================================================
[2026-05-18 21:30:53] [Reviewer] [INFO] 正在审查第1519章...
[2026-05-18 21:30:53] [Reviewer] [INFO] ============================================================
[2026-05-18 21:30:53] [Reviewer] [INFO] Reviewer Agent 启动
[2026-05-18 21:30:53] [Reviewer] [INFO] ============================================================
[2026-05-18 21:30:53] [Reviewer] [INFO] 正在审查第1511章...
[2026-05-18 21:30:53] [Reviewer] [INFO] 第1530章审查完成：评分 7.8， verdict: 需修改
[2026-05-18 21:30:53] [Reviewer] [INFO] 结果: success
[2026-05-18 21:30:53] [Reviewer] [INFO] ============================================================
[2026-05-18 21:30:53] [Reviewer] [INFO] Reviewer Agent 启动
[2026-05-18 21:30:53] [Reviewer] [INFO] ============================================================
[2026-05-18 21:30:53] [Reviewer] [INFO] 正在审查第1531章...
[2026-05-18 21:30:53] [Reviewer] [ERROR] 第1500章评审解析失败: Expecting ',' delimiter: line 14 column 7 (char 368)
[2026-05-18 21:30:53] [Reviewer] [INFO] 结果: parse_failed
[2026-05-18 21:30:53] [Reviewer] [INFO] ============================================================
[2026-05-18 21:30:53] [Reviewer] [INFO] Reviewer Agent 启动
[2026-05-18 21:30:53] [Reviewer] [INFO] ============================================================
[2026-05-18 21:30:53] [Reviewer] [INFO] 正在审查第1501章...
[2026-05-18 21:30:53] [Reviewer] [INFO] 第1496章审查完成：评分 8.0， verdict: 需修改
[2026-05-18 21:30:53] [Reviewer] [INFO] 结果: success
[2026-05-18 21:30:53] [Reviewer] [INFO] ============================================================
[2026-05-18 21:30:53] [Reviewer] [INFO] Reviewer Agent 启动
[2026-05-18 21:30:53] [Reviewer] [INFO] ============================================================
[2026-05-18 21:30:53] [Reviewer] [INFO] 第1512章审查完成：评分 8.2， verdict: 通过
[2026-05-18 21:30:53] [Reviewer] [INFO] 结果: success
[2026-05-18 21:30:53] [Reviewer] [INFO] 正在审查第1497章...
[2026-05-18 21:30:54] [Reviewer] [INFO] ============================================================
[2026-05-18 21:30:54] [Reviewer] [INFO] Reviewer Agent 启动
[2026-05-18 21:30:54] [Reviewer] [INFO] ============================================================
[2026-05-18 21:30:54] [Reviewer] [INFO] 正在审查第1513章...
[2026-05-18 21:30:54] [Reviewer] [INFO] 第1520章审查完成：评分 8.3， verdict: 通过
[2026-05-18 21:30:54] [Reviewer] [INFO] 结果: success
[2026-05-18 21:30:54] [Reviewer] [INFO] ============================================================
[2026-05-18 21:30:54] [Reviewer] [INFO] Reviewer Agent 启动
[2026-05-18 21:30:54] [Reviewer] [INFO] ============================================================
[2026-05-18 21:30:54] [Reviewer] [INFO] 正在审查第1521章...
[2026-05-18 21:30:54] [Reviewer] [INFO] 第1516章审查完成：评分 8.0， verdict: 需修改
[2026-05-18 21:30:54] [Reviewer] [INFO] 结果: success
[2026-05-18 21:30:55] [Reviewer] [INFO] ============================================================
[2026-05-18 21:30:55] [Reviewer] [INFO] Reviewer Agent 启动
[2026-05-18 21:30:55] [Reviewer] [INFO] ============================================================
[2026-05-18 21:30:55] [Reviewer] [INFO] 正在审查第1517章...
[2026-05-18 21:30:56] [Reviewer] [INFO] 第1524章审查完成：评分 8.0， verdict: 通过
[2026-05-18 21:30:56] [Reviewer] [INFO] 结果: success
[2026-05-18 21:30:56] [Reviewer] [INFO] 第1522章审查完成：评分 7.6， verdict: 需修改
[2026-05-18 21:30:56] [Reviewer] [INFO] 结果: success
[2026-05-18 21:30:56] [Reviewer] [INFO] ============================================================
[2026-05-18 21:30:56] [Reviewer] [INFO] Reviewer Agent 启动
[2026-05-18 21:30:56] [Reviewer] [INFO] ============================================================
[2026-05-18 21:30:56] [Reviewer] [INFO] 正在审查第1525章...
[2026-05-18 21:30:56] [Reviewer] [INFO] ============================================================
[2026-05-18 21:30:56] [Reviewer] [INFO] Reviewer Agent 启动
[2026-05-18 21:30:56] [Reviewer] [INFO] ============================================================
[2026-05-18 21:30:56] [Reviewer] [INFO] 正在审查第1523章...
[2026-05-18 21:30:56] [Reviewer] [INFO] 第1504章审查完成：评分 7.8， verdict: 需修改
[2026-05-18 21:30:56] [Reviewer] [INFO] 结果: success
[2026-05-18 21:30:56] [Reviewer] [INFO] 第1526章审查完成：评分 7.5， verdict: 通过
[2026-05-18 21:30:56] [Reviewer] [INFO] 结果: success
[2026-05-18 21:30:56] [Reviewer] [INFO] 第1528章审查完成：评分 8.3， verdict: 通过
[2026-05-18 21:30:56] [Reviewer] [INFO] 结果: success
[2026-05-18 21:30:56] [Reviewer] [INFO] ============================================================
[2026-05-18 21:30:56] [Reviewer] [INFO] Reviewer Agent 启动
[2026-05-18 21:30:56] [Reviewer] [INFO] ============================================================
[2026-05-18 21:30:56] [Reviewer] [INFO] 正在审查第1505章...
[2026-05-18 21:30:57] [Reviewer] [INFO] ============================================================
[2026-05-18 21:30:57] [Reviewer] [INFO] Reviewer Agent 启动
[2026-05-18 21:30:57] [Reviewer] [INFO] ============================================================
[2026-05-18 21:30:57] [Reviewer] [INFO] ============================================================
[2026-05-18 21:30:57] [Reviewer] [INFO] Reviewer Agent 启动
[2026-05-18 21:30:57] [Reviewer] [INFO] ============================================================
[2026-05-18 21:30:57] [Reviewer] [INFO] 正在审查第1529章...
[2026-05-18 21:30:57] [Reviewer] [INFO] 正在审查第1527章...
[2026-05-18 21:30:58] [Reviewer] [INFO] 第1502章审查完成：评分 8.3， verdict: 通过
[2026-05-18 21:30:58] [Reviewer] [INFO] 结果: success
[2026-05-18 21:30:58] [Reviewer] [INFO] ============================================================
[2026-05-18 21:30:58] [Reviewer] [INFO] Reviewer Agent 启动
[2026-05-18 21:30:58] [Reviewer] [INFO] ============================================================
[2026-05-18 21:30:58] [Reviewer] [INFO] 正在审查第1503章...
[2026-05-18 21:31:01] [Reviewer] [INFO] 第1506章审查完成：评分 7.8， verdict: 需修改
[2026-05-18 21:31:01] [Reviewer] [INFO] 结果: success
[2026-05-18 21:31:01] [Reviewer] [INFO] ============================================================
[2026-05-18 21:31:01] [Reviewer] [INFO] Reviewer Agent 启动
[2026-05-18 21:31:01] [Reviewer] [INFO] ============================================================
[2026-05-18 21:31:01] [Reviewer] [INFO] 正在审查第1507章...
[2026-05-18 21:31:09] [Reviewer] [INFO] 第1493章审查完成：评分 8.7， verdict: 通过
[2026-05-18 21:31:09] [Reviewer] [INFO] 结果: success
[2026-05-18 21:31:12] [Reviewer] [ERROR] 第1499章评审解析失败: Invalid control character at: line 12 column 31 (char 235)
[2026-05-18 21:31:12] [Reviewer] [INFO] 结果: parse_failed
[2026-05-18 21:31:13] [Reviewer] [INFO] 第1519章审查完成：评分 8.4， verdict: 通过
[2026-05-18 21:31:13] [Reviewer] [INFO] 结果: success
[2026-05-18 21:31:13] [Reviewer] [INFO] 第1513章审查完成：评分 7.8， verdict: 通过
[2026-05-18 21:31:13] [Reviewer] [INFO] 结果: success
[2026-05-18 21:31:13] [Reviewer] [INFO] 第1495章审查完成：评分 8.3， verdict: 通过
[2026-05-18 21:31:13] [Reviewer] [INFO] 结果: success
[2026-05-18 21:31:13] [Reviewer] [INFO] 第1501章审查完成：评分 8.5， verdict: 通过
[2026-05-18 21:31:13] [Reviewer] [INFO] 结果: success
[2026-05-18 21:31:14] [Reviewer] [INFO] 第1531章审查完成：评分 8.2， verdict: 通过
[2026-05-18 21:31:14] [Reviewer] [INFO] 结果: success
[2026-05-18 21:31:14] [Reviewer] [INFO] 第1509章审查完成：评分 8.2， verdict: 需修改
[2026-05-18 21:31:14] [Reviewer] [INFO] 结果: success
[2026-05-18 21:31:14] [Reviewer] [INFO] 第1505章审查完成：评分 8.7， verdict: 通过
[2026-05-18 21:31:14] [Reviewer] [INFO] 结果: success
[2026-05-18 21:31:15] [Reviewer] [INFO] 第1511章审查完成：评分 7.8， verdict: 通过
[2026-05-18 21:31:15] [Reviewer] [INFO] 结果: success
[2026-05-18 21:31:16] [Reviewer] [INFO] 第1527章审查完成：评分 8.3， verdict: 通过
[2026-05-18 21:31:16] [Reviewer] [INFO] 结果: success
[2026-05-18 21:31:17] [Reviewer] [INFO] 第1525章审查完成：评分 7.7， verdict: 需修改
[2026-05-18 21:31:17] [Reviewer] [INFO] 结果: success
[2026-05-18 21:31:18] [Reviewer] [INFO] 第1517章审查完成：评分 7.8， verdict: 通过
[2026-05-18 21:31:18] [Reviewer] [INFO] 结果: success
[2026-05-18 21:31:18] [Reviewer] [INFO] 第1507章审查完成：评分 7.8， verdict: 通过
[2026-05-18 21:31:18] [Reviewer] [INFO] 结果: success
[2026-05-18 21:31:19] [Reviewer] [INFO] 第1523章审查完成：评分 7.8， verdict: 通过
[2026-05-18 21:31:19] [Reviewer] [INFO] 结果: success
[2026-05-18 21:31:20] [Reviewer] [ERROR] 第1503章评审解析失败: Expecting ',' delimiter: line 10 column 29 (char 150)
[2026-05-18 21:31:20] [Reviewer] [INFO] 结果: parse_failed
[2026-05-18 21:31:21] [Reviewer] [INFO] 第1515章审查完成：评分 6.8， verdict: 需修改
[2026-05-18 21:31:21] [Reviewer] [INFO] 结果: success
[2026-05-18 21:31:21] [Reviewer] [INFO] 第1521章审查完成：评分 8.2， verdict: 通过
[2026-05-18 21:31:21] [Reviewer] [INFO] 结果: success
[2026-05-18 21:31:22] [Reviewer] [INFO] 第1497章审查完成：评分 8.1， verdict: 通过
[2026-05-18 21:31:22] [Reviewer] [INFO] 结果: success
[2026-05-18 21:31:23] [Reviewer] [INFO] 第1529章审查完成：评分 8.2， verdict: 通过
[2026-05-18 21:31:23] [Reviewer] [INFO] 结果: success
[2026-05-18 21:31:24] [Reviewer] [INFO] ============================================================
[2026-05-18 21:31:24] [Reviewer] [INFO] Reviewer Agent 启动
[2026-05-18 21:31:24] [Reviewer] [INFO] ============================================================
[2026-05-18 21:31:24] [Reviewer] [INFO] 正在审查第1503章...
[2026-05-18 21:31:24] [Reviewer] [INFO] ============================================================
[2026-05-18 21:31:24] [Reviewer] [INFO] Reviewer Agent 启动
[2026-05-18 21:31:24] [Reviewer] [INFO] ============================================================
[2026-05-18 21:31:24] [Reviewer] [INFO] 正在审查第1533章...
[2026-05-18 21:31:24] [Reviewer] [INFO] ============================================================
[2026-05-18 21:31:24] [Reviewer] [INFO] Reviewer Agent 启动
[2026-05-18 21:31:24] [Reviewer] [INFO] ============================================================
[2026-05-18 21:31:24] [Reviewer] [INFO] ============================================================
[2026-05-18 21:31:24] [Reviewer] [INFO] Reviewer Agent 启动
[2026-05-18 21:31:24] [Reviewer] [INFO] ============================================================
[2026-05-18 21:31:24] [Reviewer] [INFO] 正在审查第1535章...
[2026-05-18 21:31:24] [Reviewer] [INFO] 正在审查第1499章...
[2026-05-18 21:31:24] [Reviewer] [INFO] ============================================================
[2026-05-18 21:31:24] [Reviewer] [INFO] Reviewer Agent 启动
[2026-05-18 21:31:24] [Reviewer] [INFO] ============================================================
[2026-05-18 21:31:24] [Reviewer] [INFO] ============================================================
[2026-05-18 21:31:24] [Reviewer] [INFO] Reviewer Agent 启动
[2026-05-18 21:31:24] [Reviewer] [INFO] ============================================================
[2026-05-18 21:31:24] [Reviewer] [INFO] 正在审查第1539章...
[2026-05-18 21:31:24] [Reviewer] [INFO] ============================================================
[2026-05-18 21:31:24] [Reviewer] [INFO] ============================================================
[2026-05-18 21:31:24] [Reviewer] [INFO] Reviewer Agent 启动
[2026-05-18 21:31:24] [Reviewer] [INFO] Reviewer Agent 启动
[2026-05-18 21:31:24] [Reviewer] [INFO] ============================================================
[2026-05-18 21:31:24] [Reviewer] [INFO] ============================================================
[2026-05-18 21:31:24] [Reviewer] [INFO] 正在审查第1547章...
[2026-05-18 21:31:24] [Reviewer] [INFO] 正在审查第1541章...
[2026-05-18 21:31:24] [Reviewer] [INFO] 正在审查第1551章...
[2026-05-18 21:31:24] [Reviewer] [INFO] ============================================================
[2026-05-18 21:31:24] [Reviewer] [INFO] Reviewer Agent 启动
[2026-05-18 21:31:24] [Reviewer] [INFO] ============================================================
[2026-05-18 21:31:24] [Reviewer] [INFO] ============================================================
[2026-05-18 21:31:24] [Reviewer] [INFO] Reviewer Agent 启动
[2026-05-18 21:31:24] [Reviewer] [INFO] ============================================================
[2026-05-18 21:31:25] [Reviewer] [INFO] ============================================================
[2026-05-18 21:31:25] [Reviewer] [INFO] Reviewer Agent 启动
[2026-05-18 21:31:25] [Reviewer] [INFO] ============================================================
[2026-05-18 21:31:25] [Reviewer] [INFO] 正在审查第1545章...
[2026-05-18 21:31:25] [Reviewer] [INFO] ============================================================
[2026-05-18 21:31:25] [Reviewer] [INFO] Reviewer Agent 启动
[2026-05-18 21:31:25] [Reviewer] [INFO] ============================================================
[2026-05-18 21:31:25] [Reviewer] [INFO] 正在审查第1555章...
[2026-05-18 21:31:25] [Reviewer] [INFO] 正在审查第1537章...
[2026-05-18 21:31:25] [Reviewer] [INFO] 正在审查第1553章...
[2026-05-18 21:31:25] [Reviewer] [INFO] ============================================================
[2026-05-18 21:31:25] [Reviewer] [INFO] ============================================================
[2026-05-18 21:31:25] [Reviewer] [INFO] Reviewer Agent 启动
[2026-05-18 21:31:25] [Reviewer] [INFO] Reviewer Agent 启动
[2026-05-18 21:31:25] [Reviewer] [INFO] ============================================================
[2026-05-18 21:31:25] [Reviewer] [INFO] ============================================================
[2026-05-18 21:31:25] [Reviewer] [INFO] ============================================================
[2026-05-18 21:31:25] [Reviewer] [INFO] Reviewer Agent 启动
[2026-05-18 21:31:25] [Reviewer] [INFO] ============================================================
[2026-05-18 21:31:25] [Reviewer] [INFO] 正在审查第1559章...
[2026-05-18 21:31:25] [Reviewer] [INFO] ============================================================
[2026-05-18 21:31:25] [Reviewer] [INFO] Reviewer Agent 启动
[2026-05-18 21:31:25] [Reviewer] [INFO] ============================================================
[2026-05-18 21:31:25] [Reviewer] [INFO] 正在审查第1549章...
[2026-05-18 21:31:25] [Reviewer] [INFO] 正在审查第1557章...
[2026-05-18 21:31:25] [Reviewer] [INFO] 正在审查第1543章...
[2026-05-18 21:31:25] [Reviewer] [INFO] ============================================================
[2026-05-18 21:31:25] [Reviewer] [INFO] Reviewer Agent 启动
[2026-05-18 21:31:25] [Reviewer] [INFO] ============================================================
[2026-05-18 21:31:25] [Reviewer] [INFO] ============================================================
[2026-05-18 21:31:25] [Reviewer] [INFO] Reviewer Agent 启动
[2026-05-18 21:31:25] [Reviewer] [INFO] ============================================================
[2026-05-18 21:31:25] [Reviewer] [INFO] ============================================================
[2026-05-18 21:31:25] [Reviewer] [INFO] Reviewer Agent 启动
[2026-05-18 21:31:25] [Reviewer] [INFO] ============================================================
[2026-05-18 21:31:25] [Reviewer] [INFO] 正在审查第1561章...
[2026-05-18 21:31:25] [Reviewer] [INFO] 正在审查第1563章...
[2026-05-18 21:31:25] [Reviewer] [INFO] ============================================================
[2026-05-18 21:31:25] [Reviewer] [INFO] Reviewer Agent 启动
[2026-05-18 21:31:25] [Reviewer] [INFO] ============================================================
[2026-05-18 21:31:25] [Reviewer] [INFO] 正在审查第1567章...
[2026-05-18 21:31:25] [Reviewer] [INFO] 正在审查第1565章...
[2026-05-18 21:31:43] [Reviewer] [INFO] 第1503章审查完成：评分 7.5， verdict: 需修改
[2026-05-18 21:31:43] [Reviewer] [INFO] 结果: success
[2026-05-18 21:31:43] [Reviewer] [INFO] ============================================================
[2026-05-18 21:31:43] [Reviewer] [INFO] Reviewer Agent 启动
[2026-05-18 21:31:43] [Reviewer] [INFO] ============================================================
[2026-05-18 21:31:43] [Reviewer] [INFO] 正在审查第1532章...
[2026-05-18 21:31:43] [Reviewer] [INFO] 第1537章审查完成：评分 7.2， verdict: 需修改
[2026-05-18 21:31:43] [Reviewer] [INFO] 结果: success
[2026-05-18 21:31:43] [Reviewer] [INFO] ============================================================
[2026-05-18 21:31:43] [Reviewer] [INFO] Reviewer Agent 启动
[2026-05-18 21:31:43] [Reviewer] [INFO] ============================================================
[2026-05-18 21:31:43] [Reviewer] [INFO] 正在审查第1538章...
[2026-05-18 21:31:45] [Reviewer] [INFO] 第1561章审查完成：评分 8.2， verdict: 通过
[2026-05-18 21:31:45] [Reviewer] [INFO] 结果: success
[2026-05-18 21:31:45] [Reviewer] [INFO] ============================================================
[2026-05-18 21:31:45] [Reviewer] [INFO] Reviewer Agent 启动
[2026-05-18 21:31:45] [Reviewer] [INFO] ============================================================
[2026-05-18 21:31:45] [Reviewer] [INFO] 正在审查第1562章...
[2026-05-18 21:31:46] [Reviewer] [INFO] 第1563章审查完成：评分 8.2， verdict: 通过
[2026-05-18 21:31:46] [Reviewer] [INFO] 结果: success
[2026-05-18 21:31:46] [Reviewer] [INFO] ============================================================
[2026-05-18 21:31:46] [Reviewer] [INFO] Reviewer Agent 启动
[2026-05-18 21:31:46] [Reviewer] [INFO] ============================================================
[2026-05-18 21:31:46] [Reviewer] [INFO] 正在审查第1564章...
[2026-05-18 21:31:47] [Reviewer] [INFO] 第1539章审查完成：评分 7.6， verdict: 需修改
[2026-05-18 21:31:47] [Reviewer] [INFO] 结果: success
[2026-05-18 21:31:47] [Reviewer] [INFO] 第1543章审查完成：评分 7.2， verdict: 需修改
[2026-05-18 21:31:47] [Reviewer] [INFO] 结果: success
[2026-05-18 21:31:47] [Reviewer] [INFO] ============================================================
[2026-05-18 21:31:47] [Reviewer] [INFO] Reviewer Agent 启动
[2026-05-18 21:31:47] [Reviewer] [INFO] ============================================================
[2026-05-18 21:31:47] [Reviewer] [INFO] 正在审查第1540章...
[2026-05-18 21:31:47] [Reviewer] [INFO] ============================================================
[2026-05-18 21:31:47] [Reviewer] [INFO] Reviewer Agent 启动
[2026-05-18 21:31:47] [Reviewer] [INFO] ============================================================
[2026-05-18 21:31:47] [Reviewer] [INFO] 正在审查第1544章...
[2026-05-18 21:31:48] [Reviewer] [INFO] 第1549章审查完成：评分 7.8， verdict: 需修改
[2026-05-18 21:31:48] [Reviewer] [INFO] 结果: success
[2026-05-18 21:31:48] [Reviewer] [INFO] ============================================================
[2026-05-18 21:31:48] [Reviewer] [INFO] Reviewer Agent 启动
[2026-05-18 21:31:48] [Reviewer] [INFO] ============================================================
[2026-05-18 21:31:48] [Reviewer] [INFO] 正在审查第1550章...
[2026-05-18 21:31:48] [Reviewer] [ERROR] 第1545章评审解析失败: Expecting ',' delimiter: line 23 column 113 (char 703)
[2026-05-18 21:31:48] [Reviewer] [INFO] 结果: parse_failed
[2026-05-18 21:31:48] [Reviewer] [INFO] ============================================================
[2026-05-18 21:31:48] [Reviewer] [INFO] Reviewer Agent 启动
[2026-05-18 21:31:48] [Reviewer] [INFO] ============================================================
[2026-05-18 21:31:48] [Reviewer] [INFO] 正在审查第1546章...
[2026-05-18 21:31:48] [Reviewer] [INFO] 第1551章审查完成：评分 8.0， verdict: 通过
[2026-05-18 21:31:48] [Reviewer] [INFO] 结果: success
[2026-05-18 21:31:48] [Reviewer] [INFO] ============================================================
[2026-05-18 21:31:48] [Reviewer] [INFO] Reviewer Agent 启动
[2026-05-18 21:31:48] [Reviewer] [INFO] ============================================================
[2026-05-18 21:31:48] [Reviewer] [INFO] 第1559章审查完成：评分 7.6， verdict: 通过
[2026-05-18 21:31:48] [Reviewer] [INFO] 结果: success
[2026-05-18 21:31:48] [Reviewer] [INFO] 正在审查第1552章...
[2026-05-18 21:31:49] [Reviewer] [INFO] ============================================================
[2026-05-18 21:31:49] [Reviewer] [INFO] Reviewer Agent 启动
[2026-05-18 21:31:49] [Reviewer] [INFO] ============================================================
[2026-05-18 21:31:49] [Reviewer] [INFO] 正在审查第1560章...
[2026-05-18 21:31:49] [Reviewer] [INFO] 第1553章审查完成：评分 7.8， verdict: 需修改
[2026-05-18 21:31:49] [Reviewer] [INFO] 结果: success
[2026-05-18 21:31:49] [Reviewer] [INFO] 第1567章审查完成：评分 8.4， verdict: 通过
[2026-05-18 21:31:49] [Reviewer] [INFO] 结果: success
[2026-05-18 21:31:49] [Reviewer] [INFO] ============================================================
[2026-05-18 21:31:49] [Reviewer] [INFO] Reviewer Agent 启动
[2026-05-18 21:31:49] [Reviewer] [INFO] ============================================================
[2026-05-18 21:31:49] [Reviewer] [INFO] 正在审查第1554章...
[2026-05-18 21:31:49] [Reviewer] [INFO] ============================================================
[2026-05-18 21:31:49] [Reviewer] [INFO] Reviewer Agent 启动
[2026-05-18 21:31:49] [Reviewer] [INFO] ============================================================
[2026-05-18 21:31:49] [Reviewer] [INFO] 第1547章审查完成：评分 7.2， verdict: 需修改
[2026-05-18 21:31:49] [Reviewer] [INFO] 结果: success
[2026-05-18 21:31:49] [Reviewer] [INFO] 正在审查第1568章...
[2026-05-18 21:31:49] [Reviewer] [INFO] ============================================================
[2026-05-18 21:31:49] [Reviewer] [INFO] Reviewer Agent 启动
[2026-05-18 21:31:49] [Reviewer] [INFO] ============================================================
[2026-05-18 21:31:49] [Reviewer] [INFO] 正在审查第1548章...
[2026-05-18 21:31:50] [Reviewer] [INFO] 第1557章审查完成：评分 7.8， verdict: 通过
[2026-05-18 21:31:50] [Reviewer] [INFO] 结果: success
[2026-05-18 21:31:50] [Reviewer] [INFO] ============================================================
[2026-05-18 21:31:50] [Reviewer] [INFO] Reviewer Agent 启动
[2026-05-18 21:31:50] [Reviewer] [INFO] ============================================================
[2026-05-18 21:31:50] [Reviewer] [INFO] 正在审查第1558章...
[2026-05-18 21:31:51] [Reviewer] [INFO] 第1533章审查完成：评分 8.3， verdict: 通过
[2026-05-18 21:31:51] [Reviewer] [INFO] 结果: success
[2026-05-18 21:31:51] [Reviewer] [INFO] ============================================================
[2026-05-18 21:31:51] [Reviewer] [INFO] Reviewer Agent 启动
[2026-05-18 21:31:51] [Reviewer] [INFO] ============================================================
[2026-05-18 21:31:51] [Reviewer] [INFO] 正在审查第1534章...
[2026-05-18 21:31:52] [Reviewer] [INFO] 第1565章审查完成：评分 7.8， verdict: 需修改
[2026-05-18 21:31:52] [Reviewer] [INFO] 结果: success
[2026-05-18 21:31:52] [Reviewer] [INFO] 第1499章审查完成：评分 7.2， verdict: 需修改
[2026-05-18 21:31:52] [Reviewer] [INFO] 结果: success
[2026-05-18 21:31:52] [Reviewer] [INFO] ============================================================
[2026-05-18 21:31:52] [Reviewer] [INFO] Reviewer Agent 启动
[2026-05-18 21:31:52] [Reviewer] [INFO] ============================================================
[2026-05-18 21:31:52] [Reviewer] [INFO] 正在审查第1566章...
[2026-05-18 21:31:52] [Reviewer] [INFO] ============================================================
[2026-05-18 21:31:52] [Reviewer] [INFO] Reviewer Agent 启动
[2026-05-18 21:31:52] [Reviewer] [INFO] ============================================================
[2026-05-18 21:31:52] [Reviewer] [INFO] 正在审查第1500章...
[2026-05-18 21:31:54] [Reviewer] [INFO] 第1541章审查完成：评分 7.3， verdict: 需修改
[2026-05-18 21:31:54] [Reviewer] [INFO] 结果: success
[2026-05-18 21:31:54] [Reviewer] [INFO] ============================================================
[2026-05-18 21:31:54] [Reviewer] [INFO] Reviewer Agent 启动
[2026-05-18 21:31:54] [Reviewer] [INFO] ============================================================
[2026-05-18 21:31:54] [Reviewer] [INFO] 正在审查第1542章...
[2026-05-18 21:31:54] [Reviewer] [INFO] 第1555章审查完成：评分 8.2， verdict: 通过
[2026-05-18 21:31:54] [Reviewer] [INFO] 结果: success
[2026-05-18 21:31:54] [Reviewer] [INFO] ============================================================
[2026-05-18 21:31:54] [Reviewer] [INFO] Reviewer Agent 启动
[2026-05-18 21:31:54] [Reviewer] [INFO] ============================================================
[2026-05-18 21:31:54] [Reviewer] [INFO] 正在审查第1556章...
[2026-05-18 21:31:59] [Reviewer] [INFO] 第1535章审查完成：评分 8.0， verdict: 通过
[2026-05-18 21:31:59] [Reviewer] [INFO] 结果: success
[2026-05-18 21:32:00] [Reviewer] [INFO] ============================================================
[2026-05-18 21:32:00] [Reviewer] [INFO] Reviewer Agent 启动
[2026-05-18 21:32:00] [Reviewer] [INFO] ============================================================
[2026-05-18 21:32:00] [Reviewer] [INFO] 正在审查第1536章...
[2026-05-18 21:32:05] [Reviewer] [INFO] 第1532章审查完成：评分 7.8， verdict: 通过
[2026-05-18 21:32:05] [Reviewer] [INFO] 结果: success
[2026-05-18 21:32:06] [Reviewer] [INFO] 第1568章审查完成：评分 8.1， verdict: 通过
[2026-05-18 21:32:06] [Reviewer] [INFO] 结果: success
[2026-05-18 21:32:06] [Reviewer] [INFO] 第1564章审查完成：评分 8.2， verdict: 通过
[2026-05-18 21:32:06] [Reviewer] [INFO] 结果: success
[2026-05-18 21:32:07] [Reviewer] [INFO] 第1538章审查完成：评分 7.7， verdict: 需修改
[2026-05-18 21:32:07] [Reviewer] [INFO] 结果: success
[2026-05-18 21:32:08] [Reviewer] [INFO] 第1554章审查完成：评分 7.8， verdict: 通过
[2026-05-18 21:32:08] [Reviewer] [INFO] 结果: success
[2026-05-18 21:32:09] [Reviewer] [INFO] 第1540章审查完成：评分 7.3， verdict: 需修改
[2026-05-18 21:32:09] [Reviewer] [INFO] 结果: success
[2026-05-18 21:32:09] [Reviewer] [INFO] 第1552章审查完成：评分 7.5， verdict: 需修改
[2026-05-18 21:32:09] [Reviewer] [INFO] 结果: success
[2026-05-18 21:32:09] [Reviewer] [INFO] 第1560章审查完成：评分 7.5， verdict: 需修改
[2026-05-18 21:32:09] [Reviewer] [INFO] 结果: success
[2026-05-18 21:32:10] [Reviewer] [INFO] 第1546章审查完成：评分 8.0， verdict: 通过
[2026-05-18 21:32:10] [Reviewer] [INFO] 结果: success
[2026-05-18 21:32:10] [Reviewer] [INFO] 第1550章审查完成：评分 8.2， verdict: 需修改
[2026-05-18 21:32:10] [Reviewer] [INFO] 结果: success
[2026-05-18 21:32:10] [Reviewer] [INFO] 第1562章审查完成：评分 8.4， verdict: 通过
[2026-05-18 21:32:10] [Reviewer] [INFO] 结果: success
[2026-05-18 21:32:11] [Reviewer] [INFO] 第1544章审查完成：评分 7.8， verdict: 需修改
[2026-05-18 21:32:11] [Reviewer] [INFO] 结果: success
[2026-05-18 21:32:12] [Reviewer] [INFO] 第1542章审查完成：评分 7.2， verdict: 需修改
[2026-05-18 21:32:12] [Reviewer] [INFO] 结果: success
[2026-05-18 21:32:12] [Reviewer] [INFO] 第1534章审查完成：评分 8.2， verdict: 通过
[2026-05-18 21:32:12] [Reviewer] [INFO] 结果: success
[2026-05-18 21:32:12] [Reviewer] [INFO] 第1566章审查完成：评分 8.2， verdict: 通过
[2026-05-18 21:32:12] [Reviewer] [INFO] 结果: success
[2026-05-18 21:32:15] [Reviewer] [ERROR] 第1500章审查失败
[2026-05-18 21:32:15] [Reviewer] [INFO] 结果: failed
[2026-05-18 21:32:18] [Reviewer] [INFO] 第1556章审查完成：评分 7.8， verdict: 需修改
[2026-05-18 21:32:18] [Reviewer] [INFO] 结果: success
[2026-05-18 21:32:21] [Reviewer] [INFO] 第1558章审查完成：评分 8.6， verdict: 通过
[2026-05-18 21:32:21] [Reviewer] [INFO] 结果: success
[2026-05-18 21:32:23] [Reviewer] [INFO] 第1548章审查完成：评分 7.2， verdict: 需修改
[2026-05-18 21:32:23] [Reviewer] [INFO] 结果: success
[2026-05-18 21:32:25] [Reviewer] [INFO] 第1536章审查完成：评分 7.6， verdict: 需修改
[2026-05-18 21:32:25] [Reviewer] [INFO] 结果: success
[2026-05-18 21:32:26] [Reviewer] [INFO] ============================================================
[2026-05-18 21:32:26] [Reviewer] [INFO] Reviewer Agent 启动
[2026-05-18 21:32:26] [Reviewer] [INFO] ============================================================
[2026-05-18 21:32:26] [Reviewer] [INFO] 正在审查第1569章...
[2026-05-18 21:32:26] [Reviewer] [INFO] ============================================================
[2026-05-18 21:32:26] [Reviewer] [INFO] Reviewer Agent 启动
[2026-05-18 21:32:26] [Reviewer] [INFO] ============================================================
[2026-05-18 21:32:26] [Reviewer] [INFO] 正在审查第1571章...
[2026-05-18 21:32:26] [Reviewer] [INFO] ============================================================
[2026-05-18 21:32:26] [Reviewer] [INFO] Reviewer Agent 启动
[2026-05-18 21:32:26] [Reviewer] [INFO] ============================================================
[2026-05-18 21:32:26] [Reviewer] [INFO] 正在审查第1573章...
[2026-05-18 21:32:26] [Reviewer] [INFO] ============================================================
[2026-05-18 21:32:26] [Reviewer] [INFO] Reviewer Agent 启动
[2026-05-18 21:32:26] [Reviewer] [INFO] ============================================================
[2026-05-18 21:32:26] [Reviewer] [INFO] 正在审查第1575章...
[2026-05-18 21:32:26] [Reviewer] [INFO] ============================================================
[2026-05-18 21:32:26] [Reviewer] [INFO] Reviewer Agent 启动
[2026-05-18 21:32:26] [Reviewer] [INFO] ============================================================
[2026-05-18 21:32:26] [Reviewer] [INFO] ============================================================
[2026-05-18 21:32:26] [Reviewer] [INFO] Reviewer Agent 启动
[2026-05-18 21:32:26] [Reviewer] [INFO] ============================================================
[2026-05-18 21:32:26] [Reviewer] [INFO] 正在审查第1500章...
[2026-05-18 21:32:27] [Reviewer] [INFO] 正在审查第1579章...
[2026-05-18 21:32:27] [Reviewer] [INFO] ============================================================
[2026-05-18 21:32:27] [Reviewer] [INFO] Reviewer Agent 启动
[2026-05-18 21:32:27] [Reviewer] [INFO] ============================================================
[2026-05-18 21:32:27] [Reviewer] [INFO] 正在审查第1587章...
[2026-05-18 21:32:27] [Reviewer] [INFO] ============================================================
[2026-05-18 21:32:27] [Reviewer] [INFO] Reviewer Agent 启动
[2026-05-18 21:32:27] [Reviewer] [INFO] ============================================================
[2026-05-18 21:32:27] [Reviewer] [INFO] ============================================================
[2026-05-18 21:32:27] [Reviewer] [INFO] Reviewer Agent 启动
[2026-05-18 21:32:27] [Reviewer] [INFO] ============================================================
[2026-05-18 21:32:27] [Reviewer] [INFO] ============================================================
[2026-05-18 21:32:27] [Reviewer] [INFO] Reviewer Agent 启动
[2026-05-18 21:32:27] [Reviewer] [INFO] ============================================================
[2026-05-18 21:32:27] [Reviewer] [INFO] ============================================================
[2026-05-18 21:32:27] [Reviewer] [INFO] Reviewer Agent 启动
[2026-05-18 21:32:27] [Reviewer] [INFO] ============================================================
[2026-05-18 21:32:27] [Reviewer] [INFO] 正在审查第1583章...
[2026-05-18 21:32:27] [Reviewer] [INFO] 正在审查第1591章...
[2026-05-18 21:32:27] [Reviewer] [INFO] ============================================================
[2026-05-18 21:32:27] [Reviewer] [INFO] Reviewer Agent 启动
[2026-05-18 21:32:27] [Reviewer] [INFO] ============================================================
[2026-05-18 21:32:27] [Reviewer] [INFO] 正在审查第1577章...
[2026-05-18 21:32:27] [Reviewer] [INFO] ============================================================
[2026-05-18 21:32:27] [Reviewer] [INFO] Reviewer Agent 启动
[2026-05-18 21:32:27] [Reviewer] [INFO] ============================================================
[2026-05-18 21:32:27] [Reviewer] [INFO] 正在审查第1589章...
[2026-05-18 21:32:27] [Reviewer] [INFO] 正在审查第1595章...
[2026-05-18 21:32:27] [Reviewer] [INFO] ============================================================
[2026-05-18 21:32:27] [Reviewer] [INFO] Reviewer Agent 启动
[2026-05-18 21:32:27] [Reviewer] [INFO] ============================================================
[2026-05-18 21:32:27] [Reviewer] [INFO] ============================================================
[2026-05-18 21:32:27] [Reviewer] [INFO] Reviewer Agent 启动
[2026-05-18 21:32:27] [Reviewer] [INFO] ============================================================
[2026-05-18 21:32:27] [Reviewer] [INFO] ============================================================
[2026-05-18 21:32:27] [Reviewer] [INFO] Reviewer Agent 启动
[2026-05-18 21:32:27] [Reviewer] [INFO] ============================================================
[2026-05-18 21:32:27] [Reviewer] [INFO] 正在审查第1593章...
[2026-05-18 21:32:27] [Reviewer] [INFO] 正在审查第1581章...
[2026-05-18 21:32:27] [Reviewer] [INFO] 正在审查第1585章...
[2026-05-18 21:32:27] [Reviewer] [INFO] 正在审查第1597章...
[2026-05-18 21:32:27] [Reviewer] [INFO] ============================================================
[2026-05-18 21:32:27] [Reviewer] [INFO] Reviewer Agent 启动
[2026-05-18 21:32:27] [Reviewer] [INFO] ============================================================
[2026-05-18 21:32:27] [Reviewer] [INFO] 正在审查第1599章...
[2026-05-18 21:32:27] [Reviewer] [INFO] ============================================================
[2026-05-18 21:32:27] [Reviewer] [INFO] Reviewer Agent 启动
[2026-05-18 21:32:27] [Reviewer] [INFO] ============================================================
[2026-05-18 21:32:27] [Reviewer] [INFO] ============================================================
[2026-05-18 21:32:27] [Reviewer] [INFO] Reviewer Agent 启动
[2026-05-18 21:32:27] [Reviewer] [INFO] ============================================================
[2026-05-18 21:32:27] [Reviewer] [INFO] 正在审查第1601章...
[2026-05-18 21:32:27] [Reviewer] [INFO] ============================================================
[2026-05-18 21:32:27] [Reviewer] [INFO] Reviewer Agent 启动
[2026-05-18 21:32:27] [Reviewer] [INFO] ============================================================
[2026-05-18 21:32:27] [Reviewer] [INFO] 正在审查第1605章...
[2026-05-18 21:32:27] [Reviewer] [INFO] 正在审查第1603章...
[2026-05-18 21:32:44] [Reviewer] [INFO] 第1597章审查完成：评分 8.5， verdict: 通过
[2026-05-18 21:32:44] [Reviewer] [INFO] 结果: success
[2026-05-18 21:32:44] [Reviewer] [INFO] ============================================================
[2026-05-18 21:32:44] [Reviewer] [INFO] Reviewer Agent 启动
[2026-05-18 21:32:44] [Reviewer] [INFO] ============================================================
[2026-05-18 21:32:44] [Reviewer] [INFO] 正在审查第1598章...
[2026-05-18 21:32:45] [Reviewer] [INFO] 第1573章审查完成：评分 8.4， verdict: 通过
[2026-05-18 21:32:45] [Reviewer] [INFO] 结果: success
[2026-05-18 21:32:45] [Reviewer] [INFO] ============================================================
[2026-05-18 21:32:45] [Reviewer] [INFO] Reviewer Agent 启动
[2026-05-18 21:32:45] [Reviewer] [INFO] ============================================================
[2026-05-18 21:32:45] [Reviewer] [INFO] 正在审查第1574章...
[2026-05-18 21:32:45] [Reviewer] [INFO] 第1599章审查完成：评分 8.6， verdict: 通过
[2026-05-18 21:32:45] [Reviewer] [INFO] 结果: success
[2026-05-18 21:32:45] [Reviewer] [INFO] ============================================================
[2026-05-18 21:32:45] [Reviewer] [INFO] Reviewer Agent 启动
[2026-05-18 21:32:45] [Reviewer] [INFO] ============================================================
[2026-05-18 21:32:45] [Reviewer] [INFO] 正在审查第1600章...
[2026-05-18 21:32:47] [Reviewer] [INFO] 第1571章审查完成：评分 7.8， verdict: 通过
[2026-05-18 21:32:47] [Reviewer] [INFO] 结果: success
[2026-05-18 21:32:47] [Reviewer] [INFO] ============================================================
[2026-05-18 21:32:47] [Reviewer] [INFO] Reviewer Agent 启动
[2026-05-18 21:32:47] [Reviewer] [INFO] ============================================================
[2026-05-18 21:32:47] [Reviewer] [INFO] 正在审查第1572章...
[2026-05-18 21:32:49] [Reviewer] [INFO] 第1585章审查完成：评分 8.0， verdict: 需修改
[2026-05-18 21:32:49] [Reviewer] [INFO] 结果: success
[2026-05-18 21:32:49] [Reviewer] [INFO] 第1601章审查完成：评分 8.0， verdict: 通过
[2026-05-18 21:32:49] [Reviewer] [INFO] 结果: success
[2026-05-18 21:32:49] [Reviewer] [INFO] ============================================================
[2026-05-18 21:32:49] [Reviewer] [INFO] Reviewer Agent 启动
[2026-05-18 21:32:49] [Reviewer] [INFO] ============================================================
[2026-05-18 21:32:49] [Reviewer] [INFO] 正在审查第1586章...
[2026-05-18 21:32:49] [Reviewer] [INFO] ============================================================
[2026-05-18 21:32:49] [Reviewer] [INFO] Reviewer Agent 启动
[2026-05-18 21:32:49] [Reviewer] [INFO] ============================================================
[2026-05-18 21:32:49] [Reviewer] [INFO] 正在审查第1602章...
[2026-05-18 21:32:49] [Reviewer] [INFO] 第1595章审查完成：评分 8.4， verdict: 通过
[2026-05-18 21:32:49] [Reviewer] [INFO] 结果: success
[2026-05-18 21:32:49] [Reviewer] [INFO] 第1587章审查完成：评分 8.5， verdict: 通过
[2026-05-18 21:32:49] [Reviewer] [INFO] 结果: success
[2026-05-18 21:32:50] [Reviewer] [INFO] 第1593章审查完成：评分 8.2， verdict: 通过
[2026-05-18 21:32:50] [Reviewer] [INFO] 结果: success
[2026-05-18 21:32:50] [Reviewer] [INFO] ============================================================
[2026-05-18 21:32:50] [Reviewer] [INFO] Reviewer Agent 启动
[2026-05-18 21:32:50] [Reviewer] [INFO] ============================================================
[2026-05-18 21:32:50] [Reviewer] [INFO] 正在审查第1596章...
[2026-05-18 21:32:50] [Reviewer] [INFO] ============================================================
[2026-05-18 21:32:50] [Reviewer] [INFO] Reviewer Agent 启动
[2026-05-18 21:32:50] [Reviewer] [INFO] ============================================================
[2026-05-18 21:32:50] [Reviewer] [INFO] 正在审查第1588章...
[2026-05-18 21:32:50] [Reviewer] [INFO] ============================================================
[2026-05-18 21:32:50] [Reviewer] [INFO] Reviewer Agent 启动
[2026-05-18 21:32:50] [Reviewer] [INFO] ============================================================
[2026-05-18 21:32:50] [Reviewer] [INFO] 正在审查第1594章...
[2026-05-18 21:32:50] [Reviewer] [INFO] 第1603章审查完成：评分 8.2， verdict: 通过
[2026-05-18 21:32:50] [Reviewer] [INFO] 结果: success
[2026-05-18 21:32:50] [Reviewer] [INFO] ============================================================
[2026-05-18 21:32:50] [Reviewer] [INFO] Reviewer Agent 启动
[2026-05-18 21:32:50] [Reviewer] [INFO] ============================================================
[2026-05-18 21:32:50] [Reviewer] [INFO] 正在审查第1604章...
[2026-05-18 21:32:51] [Reviewer] [INFO] 第1569章审查完成：评分 6.8， verdict: 需修改
[2026-05-18 21:32:51] [Reviewer] [INFO] 结果: success
[2026-05-18 21:32:51] [Reviewer] [INFO] 第1579章审查完成：评分 8.6， verdict: 通过
[2026-05-18 21:32:51] [Reviewer] [INFO] 结果: success
[2026-05-18 21:32:51] [Reviewer] [INFO] ============================================================
[2026-05-18 21:32:51] [Reviewer] [INFO] Reviewer Agent 启动
[2026-05-18 21:32:51] [Reviewer] [INFO] ============================================================
[2026-05-18 21:32:51] [Reviewer] [INFO] 正在审查第1570章...
[2026-05-18 21:32:51] [Reviewer] [INFO] ============================================================
[2026-05-18 21:32:51] [Reviewer] [INFO] Reviewer Agent 启动
[2026-05-18 21:32:51] [Reviewer] [INFO] ============================================================
[2026-05-18 21:32:51] [Reviewer] [INFO] 正在审查第1580章...
[2026-05-18 21:32:51] [Reviewer] [INFO] 第1589章审查完成：评分 7.8， verdict: 通过
[2026-05-18 21:32:51] [Reviewer] [INFO] 结果: success
[2026-05-18 21:32:51] [Reviewer] [INFO] 第1591章审查完成：评分 7.2， verdict: 通过
[2026-05-18 21:32:51] [Reviewer] [INFO] 结果: success
[2026-05-18 21:32:51] [Reviewer] [INFO] ============================================================
[2026-05-18 21:32:51] [Reviewer] [INFO] Reviewer Agent 启动
[2026-05-18 21:32:51] [Reviewer] [INFO] ============================================================
[2026-05-18 21:32:51] [Reviewer] [INFO] 正在审查第1590章...
[2026-05-18 21:32:51] [Reviewer] [INFO] ============================================================
[2026-05-18 21:32:51] [Reviewer] [INFO] Reviewer Agent 启动
[2026-05-18 21:32:51] [Reviewer] [INFO] ============================================================
[2026-05-18 21:32:51] [Reviewer] [INFO] 正在审查第1592章...
[2026-05-18 21:32:52] [Reviewer] [INFO] 第1500章审查完成：评分 8.0， verdict: 通过
[2026-05-18 21:32:52] [Reviewer] [INFO] 结果: success
[2026-05-18 21:32:52] [Reviewer] [INFO] ============================================================
[2026-05-18 21:32:52] [Reviewer] [INFO] Reviewer Agent 启动
[2026-05-18 21:32:52] [Reviewer] [INFO] ============================================================
[2026-05-18 21:32:52] [Reviewer] [INFO] 正在审查第1545章...
[2026-05-18 21:32:54] [Reviewer] [INFO] 第1575章审查完成：评分 8.0， verdict: 需修改
[2026-05-18 21:32:54] [Reviewer] [INFO] 结果: success
[2026-05-18 21:32:54] [Reviewer] [INFO] ============================================================
[2026-05-18 21:32:54] [Reviewer] [INFO] Reviewer Agent 启动
[2026-05-18 21:32:54] [Reviewer] [INFO] ============================================================
[2026-05-18 21:32:54] [Reviewer] [INFO] 正在审查第1576章...
[2026-05-18 21:32:54] [Reviewer] [ERROR] 第1605章评审解析失败: Expecting ',' delimiter: line 17 column 15 (char 447)
[2026-05-18 21:32:54] [Reviewer] [INFO] 结果: parse_failed
[2026-05-18 21:32:54] [Reviewer] [INFO] ============================================================
[2026-05-18 21:32:54] [Reviewer] [INFO] Reviewer Agent 启动
[2026-05-18 21:32:54] [Reviewer] [INFO] ============================================================
[2026-05-18 21:32:54] [Reviewer] [INFO] 正在审查第1606章...
[2026-05-18 21:32:55] [Reviewer] [INFO] 第1581章审查完成：评分 8.5， verdict: 通过
[2026-05-18 21:32:55] [Reviewer] [INFO] 结果: success
[2026-05-18 21:32:55] [Reviewer] [INFO] ============================================================
[2026-05-18 21:32:55] [Reviewer] [INFO] Reviewer Agent 启动
[2026-05-18 21:32:55] [Reviewer] [INFO] ============================================================
[2026-05-18 21:32:55] [Reviewer] [INFO] 正在审查第1582章...
[2026-05-18 21:32:56] [Reviewer] [INFO] 第1583章审查完成：评分 8.3， verdict: 通过
[2026-05-18 21:32:56] [Reviewer] [INFO] 结果: success
[2026-05-18 21:32:56] [Reviewer] [INFO] ============================================================
[2026-05-18 21:32:56] [Reviewer] [INFO] Reviewer Agent 启动
[2026-05-18 21:32:56] [Reviewer] [INFO] ============================================================
[2026-05-18 21:32:56] [Reviewer] [INFO] 正在审查第1584章...
[2026-05-18 21:32:58] [Reviewer] [INFO] 第1577章审查完成：评分 7.8， verdict: 需修改
[2026-05-18 21:32:58] [Reviewer] [INFO] 结果: success
[2026-05-18 21:32:58] [Reviewer] [INFO] ============================================================
[2026-05-18 21:32:58] [Reviewer] [INFO] Reviewer Agent 启动
[2026-05-18 21:32:58] [Reviewer] [INFO] ============================================================
[2026-05-18 21:32:58] [Reviewer] [INFO] 正在审查第1578章...
[2026-05-18 21:33:07] [Reviewer] [INFO] 第1570章审查完成：评分 7.5， verdict: 通过
[2026-05-18 21:33:07] [Reviewer] [INFO] 结果: success
[2026-05-18 21:33:08] [Reviewer] [INFO] 第1600章审查完成：评分 8.5， verdict: 通过
[2026-05-18 21:33:08] [Reviewer] [INFO] 结果: success
[2026-05-18 21:33:09] [Reviewer] [INFO] 第1602章审查完成：评分 7.8， verdict: 需修改
[2026-05-18 21:33:09] [Reviewer] [INFO] 结果: success
[2026-05-18 21:33:10] [Reviewer] [INFO] 第1574章审查完成：评分 8.0， verdict: 通过
[2026-05-18 21:33:10] [Reviewer] [INFO] 结果: success
[2026-05-18 21:33:10] [Reviewer] [INFO] 第1604章审查完成：评分 7.8， verdict: 需修改
[2026-05-18 21:33:10] [Reviewer] [INFO] 结果: success
[2026-05-18 21:33:13] [Reviewer] [INFO] 第1586章审查完成：评分 8.2， verdict: 通过
[2026-05-18 21:33:13] [Reviewer] [INFO] 结果: success
[2026-05-18 21:33:13] [Reviewer] [INFO] 第1596章审查完成：评分 7.5， verdict: 需修改
[2026-05-18 21:33:13] [Reviewer] [INFO] 结果: success
[2026-05-18 21:33:14] [Reviewer] [INFO] 第1572章审查完成：评分 7.9， verdict: 良好，小修即可
[2026-05-18 21:33:14] [Reviewer] [INFO] 结果: success
[2026-05-18 21:33:15] [Reviewer] [ERROR] 第1580章评审解析失败: Invalid control character at: line 13 column 29 (char 264)
[2026-05-18 21:33:15] [Reviewer] [INFO] 结果: parse_failed
[2026-05-18 21:33:15] [Reviewer] [INFO] 第1598章审查完成：评分 7.5， verdict: 需修改
[2026-05-18 21:33:15] [Reviewer] [INFO] 结果: success
[2026-05-18 21:33:15] [Reviewer] [INFO] 第1584章审查完成：评分 8.2， verdict: 通过
[2026-05-18 21:33:15] [Reviewer] [INFO] 结果: success
[2026-05-18 21:33:15] [Reviewer] [INFO] 第1582章审查完成：评分 8.2， verdict: 通过
[2026-05-18 21:33:15] [Reviewer] [INFO] 结果: success
[2026-05-18 21:33:15] [Reviewer] [INFO] 第1590章审查完成：评分 8.5， verdict: 通过
[2026-05-18 21:33:15] [Reviewer] [INFO] 结果: success
[2026-05-18 21:33:16] [Reviewer] [INFO] 第1545章审查完成：评分 7.2， verdict: 需修改
[2026-05-18 21:33:16] [Reviewer] [INFO] 结果: success
[2026-05-18 21:33:16] [Reviewer] [INFO] 第1588章审查完成：评分 8.5， verdict: 通过
[2026-05-18 21:33:16] [Reviewer] [INFO] 结果: success
[2026-05-18 21:33:17] [Reviewer] [INFO] 第1606章审查完成：评分 8.2， verdict: 通过
[2026-05-18 21:33:17] [Reviewer] [INFO] 结果: success
[2026-05-18 21:33:17] [Reviewer] [ERROR] 第1594章审查失败
[2026-05-18 21:33:17] [Reviewer] [INFO] 结果: failed
[2026-05-18 21:33:18] [Reviewer] [INFO] 第1576章审查完成：评分 8.5， verdict: 通过
[2026-05-18 21:33:18] [Reviewer] [INFO] 结果: success
[2026-05-18 21:33:20] [Reviewer] [INFO] 第1592章审查完成：评分 8.2， verdict: 需修改
[2026-05-18 21:33:20] [Reviewer] [INFO] 结果: success
[2026-05-18 21:33:27] [Reviewer] [INFO] 第1578章审查完成：评分 8.6， verdict: 通过
[2026-05-18 21:33:27] [Reviewer] [INFO] 结果: success
[2026-05-18 21:33:28] [Reviewer] [INFO] ============================================================
[2026-05-18 21:33:28] [Reviewer] [INFO] Reviewer Agent 启动
[2026-05-18 21:33:28] [Reviewer] [INFO] ============================================================
[2026-05-18 21:33:28] [Reviewer] [INFO] 正在审查第1605章...
[2026-05-18 21:33:28] [Reviewer] [INFO] ============================================================
[2026-05-18 21:33:28] [Reviewer] [INFO] Reviewer Agent 启动
[2026-05-18 21:33:28] [Reviewer] [INFO] ============================================================
[2026-05-18 21:33:28] [Reviewer] [INFO] ============================================================
[2026-05-18 21:33:28] [Reviewer] [INFO] Reviewer Agent 启动
[2026-05-18 21:33:28] [Reviewer] [INFO] ============================================================
[2026-05-18 21:33:28] [Reviewer] [INFO] 正在审查第1610章...
[2026-05-18 21:33:28] [Reviewer] [INFO] ============================================================
[2026-05-18 21:33:28] [Reviewer] [INFO] Reviewer Agent 启动
[2026-05-18 21:33:28] [Reviewer] [INFO] ============================================================
[2026-05-18 21:33:28] [Reviewer] [INFO] 正在审查第1580章...
[2026-05-18 21:33:28] [Reviewer] [INFO] 正在审查第1608章...
[2026-05-18 21:33:28] [Reviewer] [INFO] ============================================================
[2026-05-18 21:33:28] [Reviewer] [INFO] Reviewer Agent 启动
[2026-05-18 21:33:28] [Reviewer] [INFO] ============================================================
[2026-05-18 21:33:28] [Reviewer] [INFO] ============================================================
[2026-05-18 21:33:28] [Reviewer] [INFO] Reviewer Agent 启动
[2026-05-18 21:33:28] [Reviewer] [INFO] ============================================================
[2026-05-18 21:33:28] [Reviewer] [INFO] ============================================================
[2026-05-18 21:33:28] [Reviewer] [INFO] Reviewer Agent 启动
[2026-05-18 21:33:28] [Reviewer] [INFO] ============================================================
[2026-05-18 21:33:28] [Reviewer] [INFO] ============================================================
[2026-05-18 21:33:28] [Reviewer] [INFO] Reviewer Agent 启动
[2026-05-18 21:33:28] [Reviewer] [INFO] ============================================================
[2026-05-18 21:33:28] [Reviewer] [INFO] ============================================================
[2026-05-18 21:33:28] [Reviewer] [INFO] Reviewer Agent 启动
[2026-05-18 21:33:28] [Reviewer] [INFO] ============================================================
[2026-05-18 21:33:28] [Reviewer] [INFO] ============================================================
[2026-05-18 21:33:28] [Reviewer] [INFO] Reviewer Agent 启动
[2026-05-18 21:33:28] [Reviewer] [INFO] ============================================================
[2026-05-18 21:33:28] [Reviewer] [INFO] ============================================================
[2026-05-18 21:33:28] [Reviewer] [INFO] Reviewer Agent 启动
[2026-05-18 21:33:28] [Reviewer] [INFO] ============================================================
[2026-05-18 21:33:28] [Reviewer] [INFO] 正在审查第1614章...
[2026-05-18 21:33:28] [Reviewer] [INFO] 正在审查第1612章...
[2026-05-18 21:33:28] [Reviewer] [INFO] 正在审查第1626章...
[2026-05-18 21:33:28] [Reviewer] [INFO] 正在审查第1616章...
[2026-05-18 21:33:28] [Reviewer] [INFO] 正在审查第1618章...
[2026-05-18 21:33:28] [Reviewer] [INFO] 正在审查第1628章...
[2026-05-18 21:33:28] [Reviewer] [INFO] 正在审查第1620章...
[2026-05-18 21:33:28] [Reviewer] [INFO] ============================================================
[2026-05-18 21:33:28] [Reviewer] [INFO] Reviewer Agent 启动
[2026-05-18 21:33:28] [Reviewer] [INFO] ============================================================
[2026-05-18 21:33:28] [Reviewer] [INFO] ============================================================
[2026-05-18 21:33:28] [Reviewer] [INFO] Reviewer Agent 启动
[2026-05-18 21:33:28] [Reviewer] [INFO] ============================================================
[2026-05-18 21:33:29] [Reviewer] [INFO] 正在审查第1622章...
[2026-05-18 21:33:29] [Reviewer] [INFO] 正在审查第1624章...
[2026-05-18 21:33:29] [Reviewer] [INFO] ============================================================
[2026-05-18 21:33:29] [Reviewer] [INFO] Reviewer Agent 启动
[2026-05-18 21:33:29] [Reviewer] [INFO] ============================================================
[2026-05-18 21:33:29] [Reviewer] [INFO] ============================================================
[2026-05-18 21:33:29] [Reviewer] [INFO] Reviewer Agent 启动
[2026-05-18 21:33:29] [Reviewer] [INFO] ============================================================
[2026-05-18 21:33:29] [Reviewer] [INFO] 正在审查第1636章...
[2026-05-18 21:33:29] [Reviewer] [INFO] ============================================================
[2026-05-18 21:33:29] [Reviewer] [INFO] Reviewer Agent 启动
[2026-05-18 21:33:29] [Reviewer] [INFO] ============================================================
[2026-05-18 21:33:29] [Reviewer] [INFO] ============================================================
[2026-05-18 21:33:29] [Reviewer] [INFO] Reviewer Agent 启动
[2026-05-18 21:33:29] [Reviewer] [INFO] ============================================================
[2026-05-18 21:33:29] [Reviewer] [INFO] ============================================================
[2026-05-18 21:33:29] [Reviewer] [INFO] Reviewer Agent 启动
[2026-05-18 21:33:29] [Reviewer] [INFO] ============================================================
[2026-05-18 21:33:29] [Reviewer] [INFO] ============================================================
[2026-05-18 21:33:29] [Reviewer] [INFO] Reviewer Agent 启动
[2026-05-18 21:33:29] [Reviewer] [INFO] ============================================================
[2026-05-18 21:33:29] [Reviewer] [INFO] 正在审查第1640章...
[2026-05-18 21:33:29] [Reviewer] [INFO] ============================================================
[2026-05-18 21:33:29] [Reviewer] [INFO] Reviewer Agent 启动
[2026-05-18 21:33:29] [Reviewer] [INFO] 正在审查第1642章...
[2026-05-18 21:33:29] [Reviewer] [INFO] ============================================================
[2026-05-18 21:33:29] [Reviewer] [INFO] 正在审查第1638章...
[2026-05-18 21:33:29] [Reviewer] [INFO] 正在审查第1630章...
[2026-05-18 21:33:29] [Reviewer] [INFO] 正在审查第1632章...
[2026-05-18 21:33:29] [Reviewer] [INFO] 正在审查第1634章...
[2026-05-18 21:33:48] [Reviewer] [INFO] 第1618章审查完成：评分 8.3， verdict: 通过
[2026-05-18 21:33:48] [Reviewer] [INFO] 结果: success
[2026-05-18 21:33:48] [Reviewer] [INFO] ============================================================
[2026-05-18 21:33:48] [Reviewer] [INFO] Reviewer Agent 启动
[2026-05-18 21:33:48] [Reviewer] [INFO] ============================================================
[2026-05-18 21:33:48] [Reviewer] [INFO] 正在审查第1619章...
[2026-05-18 21:33:48] [Reviewer] [INFO] 第1628章审查完成：评分 8.1， verdict: 通过
[2026-05-18 21:33:48] [Reviewer] [INFO] 结果: success
[2026-05-18 21:33:49] [Reviewer] [INFO] ============================================================
[2026-05-18 21:33:49] [Reviewer] [INFO] Reviewer Agent 启动
[2026-05-18 21:33:49] [Reviewer] [INFO] ============================================================
[2026-05-18 21:33:49] [Reviewer] [INFO] 正在审查第1629章...
[2026-05-18 21:33:50] [Reviewer] [INFO] 第1608章审查完成：评分 8.0， verdict: 通过
[2026-05-18 21:33:50] [Reviewer] [INFO] 结果: success
[2026-05-18 21:33:50] [Reviewer] [INFO] ============================================================
[2026-05-18 21:33:50] [Reviewer] [INFO] Reviewer Agent 启动
[2026-05-18 21:33:50] [Reviewer] [INFO] ============================================================
[2026-05-18 21:33:50] [Reviewer] [INFO] 正在审查第1609章...
[2026-05-18 21:33:50] [Reviewer] [INFO] 第1638章审查完成：评分 8.2， verdict: 通过
[2026-05-18 21:33:50] [Reviewer] [INFO] 结果: success
[2026-05-18 21:33:51] [Reviewer] [INFO] ============================================================
[2026-05-18 21:33:51] [Reviewer] [INFO] Reviewer Agent 启动
[2026-05-18 21:33:51] [Reviewer] [INFO] ============================================================
[2026-05-18 21:33:51] [Reviewer] [INFO] 正在审查第1639章...
[2026-05-18 21:33:51] [Reviewer] [INFO] 第1622章审查完成：评分 8.4， verdict: 通过
[2026-05-18 21:33:51] [Reviewer] [INFO] 结果: success
[2026-05-18 21:33:51] [Reviewer] [INFO] ============================================================
[2026-05-18 21:33:51] [Reviewer] [INFO] Reviewer Agent 启动
[2026-05-18 21:33:51] [Reviewer] [INFO] ============================================================
[2026-05-18 21:33:51] [Reviewer] [INFO] 正在审查第1623章...
[2026-05-18 21:33:53] [Reviewer] [INFO] 第1580章审查完成：评分 8.4， verdict: 通过
[2026-05-18 21:33:53] [Reviewer] [INFO] 结果: success
[2026-05-18 21:33:53] [Reviewer] [INFO] ============================================================
[2026-05-18 21:33:53] [Reviewer] [INFO] Reviewer Agent 启动
[2026-05-18 21:33:53] [Reviewer] [INFO] ============================================================
[2026-05-18 21:33:53] [Reviewer] [INFO] 正在审查第1594章...
[2026-05-18 21:33:54] [Reviewer] [INFO] 第1636章审查完成：评分 8.4， verdict: 通过
[2026-05-18 21:33:54] [Reviewer] [INFO] 结果: success
[2026-05-18 21:33:54] [Reviewer] [INFO] ============================================================
[2026-05-18 21:33:54] [Reviewer] [INFO] Reviewer Agent 启动
[2026-05-18 21:33:54] [Reviewer] [INFO] ============================================================
[2026-05-18 21:33:54] [Reviewer] [INFO] 正在审查第1637章...
[2026-05-18 21:33:55] [Reviewer] [INFO] 第1624章审查完成：评分 7.8， verdict: 需修改
[2026-05-18 21:33:55] [Reviewer] [INFO] 结果: success
[2026-05-18 21:33:55] [Reviewer] [INFO] 第1640章审查完成：评分 8.5， verdict: 通过
[2026-05-18 21:33:55] [Reviewer] [INFO] 结果: success
[2026-05-18 21:33:55] [Reviewer] [INFO] ============================================================
[2026-05-18 21:33:55] [Reviewer] [INFO] Reviewer Agent 启动
[2026-05-18 21:33:55] [Reviewer] [INFO] ============================================================
[2026-05-18 21:33:55] [Reviewer] [INFO] ============================================================
[2026-05-18 21:33:55] [Reviewer] [INFO] Reviewer Agent 启动
[2026-05-18 21:33:55] [Reviewer] [INFO] ============================================================
[2026-05-18 21:33:55] [Reviewer] [INFO] 第1605章审查完成：评分 8.6， verdict: 通过
[2026-05-18 21:33:55] [Reviewer] [INFO] 结果: success
[2026-05-18 21:33:55] [Reviewer] [INFO] 正在审查第1641章...
[2026-05-18 21:33:55] [Reviewer] [INFO] 正在审查第1625章...
[2026-05-18 21:33:55] [Reviewer] [INFO] 第1610章审查完成：评分 8.8， verdict: 通过
[2026-05-18 21:33:55] [Reviewer] [INFO] 结果: success
[2026-05-18 21:33:55] [Reviewer] [INFO] ============================================================
[2026-05-18 21:33:55] [Reviewer] [INFO] Reviewer Agent 启动
[2026-05-18 21:33:55] [Reviewer] [INFO] ============================================================
[2026-05-18 21:33:55] [Reviewer] [INFO] 正在审查第1607章...
[2026-05-18 21:33:55] [Reviewer] [INFO] ============================================================
[2026-05-18 21:33:55] [Reviewer] [INFO] Reviewer Agent 启动
[2026-05-18 21:33:55] [Reviewer] [INFO] ============================================================
[2026-05-18 21:33:55] [Reviewer] [INFO] 正在审查第1611章...
[2026-05-18 21:33:55] [Reviewer] [ERROR] 第1632章评审解析失败: Expecting ',' delimiter: line 8 column 4 (char 103)
[2026-05-18 21:33:55] [Reviewer] [INFO] 结果: parse_failed
[2026-05-18 21:33:55] [Reviewer] [INFO] ============================================================
[2026-05-18 21:33:55] [Reviewer] [INFO] Reviewer Agent 启动
[2026-05-18 21:33:55] [Reviewer] [INFO] ============================================================
[2026-05-18 21:33:55] [Reviewer] [INFO] 正在审查第1633章...
[2026-05-18 21:33:56] [Reviewer] [INFO] 第1616章审查完成：评分 8.5， verdict: 通过
[2026-05-18 21:33:56] [Reviewer] [INFO] 结果: success
[2026-05-18 21:33:56] [Reviewer] [INFO] ============================================================
[2026-05-18 21:33:56] [Reviewer] [INFO] Reviewer Agent 启动
[2026-05-18 21:33:56] [Reviewer] [INFO] ============================================================
[2026-05-18 21:33:56] [Reviewer] [INFO] 正在审查第1617章...
[2026-05-18 21:33:57] [Reviewer] [INFO] 第1630章审查完成：评分 8.4， verdict: 通过
[2026-05-18 21:33:57] [Reviewer] [INFO] 结果: success
[2026-05-18 21:33:57] [Reviewer] [INFO] 第1642章审查完成：评分 7.2， verdict: 需修改
[2026-05-18 21:33:57] [Reviewer] [INFO] 结果: success
[2026-05-18 21:33:57] [Reviewer] [INFO] ============================================================
[2026-05-18 21:33:57] [Reviewer] [INFO] Reviewer Agent 启动
[2026-05-18 21:33:57] [Reviewer] [INFO] ============================================================
[2026-05-18 21:33:57] [Reviewer] [INFO] ============================================================
[2026-05-18 21:33:57] [Reviewer] [INFO] Reviewer Agent 启动
[2026-05-18 21:33:57] [Reviewer] [INFO] ============================================================
[2026-05-18 21:33:57] [Reviewer] [INFO] 正在审查第1643章...
[2026-05-18 21:33:57] [Reviewer] [INFO] 正在审查第1631章...
[2026-05-18 21:33:57] [Reviewer] [INFO] 第1634章审查完成：评分 8.9， verdict: 通过
[2026-05-18 21:33:57] [Reviewer] [INFO] 结果: success
[2026-05-18 21:33:57] [Reviewer] [INFO] ============================================================
[2026-05-18 21:33:57] [Reviewer] [INFO] Reviewer Agent 启动
[2026-05-18 21:33:57] [Reviewer] [INFO] ============================================================
[2026-05-18 21:33:57] [Reviewer] [INFO] 正在审查第1635章...
[2026-05-18 21:33:58] [Reviewer] [INFO] 第1626章审查完成：评分 8.5， verdict: 通过
[2026-05-18 21:33:58] [Reviewer] [INFO] 结果: success
[2026-05-18 21:33:58] [Reviewer] [INFO] ============================================================
[2026-05-18 21:33:58] [Reviewer] [INFO] Reviewer Agent 启动
[2026-05-18 21:33:58] [Reviewer] [INFO] ============================================================
[2026-05-18 21:33:58] [Reviewer] [INFO] 正在审查第1627章...
[2026-05-18 21:33:58] [Reviewer] [INFO] 第1614章审查完成：评分 8.6， verdict: 通过
[2026-05-18 21:33:58] [Reviewer] [INFO] 结果: success
[2026-05-18 21:33:58] [Reviewer] [INFO] ============================================================
[2026-05-18 21:33:58] [Reviewer] [INFO] Reviewer Agent 启动
[2026-05-18 21:33:58] [Reviewer] [INFO] ============================================================
[2026-05-18 21:33:58] [Reviewer] [INFO] 正在审查第1615章...
[2026-05-18 21:33:59] [Reviewer] [INFO] 第1612章审查完成：评分 8.2， verdict: 通过
[2026-05-18 21:33:59] [Reviewer] [INFO] 结果: success
[2026-05-18 21:33:59] [Reviewer] [INFO] ============================================================
[2026-05-18 21:33:59] [Reviewer] [INFO] Reviewer Agent 启动
[2026-05-18 21:33:59] [Reviewer] [INFO] ============================================================
[2026-05-18 21:33:59] [Reviewer] [INFO] 正在审查第1613章...
[2026-05-18 21:34:01] [Reviewer] [INFO] 第1620章审查完成：评分 8.4， verdict: 通过
[2026-05-18 21:34:01] [Reviewer] [INFO] 结果: success
[2026-05-18 21:34:01] [Reviewer] [INFO] ============================================================
[2026-05-18 21:34:01] [Reviewer] [INFO] Reviewer Agent 启动
[2026-05-18 21:34:01] [Reviewer] [INFO] ============================================================
[2026-05-18 21:34:01] [Reviewer] [INFO] 正在审查第1621章...
[2026-05-18 21:34:08] [Reviewer] [INFO] 第1619章审查完成：评分 8.2， verdict: 通过
[2026-05-18 21:34:08] [Reviewer] [INFO] 结果: success
[2026-05-18 21:34:11] [Reviewer] [INFO] 第1609章审查完成：评分 8.2， verdict: 通过
[2026-05-18 21:34:11] [Reviewer] [INFO] 结果: success
[2026-05-18 21:34:14] [Reviewer] [INFO] 第1629章审查完成：评分 8.3， verdict: 通过
[2026-05-18 21:34:14] [Reviewer] [INFO] 结果: success
[2026-05-18 21:34:14] [Reviewer] [INFO] 第1639章审查完成：评分 8.2， verdict: 通过
[2026-05-18 21:34:14] [Reviewer] [INFO] 结果: success
[2026-05-18 21:34:15] [Reviewer] [INFO] 第1594章审查完成：评分 7.5， verdict: 通过
[2026-05-18 21:34:15] [Reviewer] [INFO] 结果: success
[2026-05-18 21:34:15] [Reviewer] [ERROR] 第1617章评审解析失败: Expecting ',' delimiter: line 12 column 37 (char 249)
[2026-05-18 21:34:15] [Reviewer] [INFO] 结果: parse_failed
[2026-05-18 21:34:15] [Reviewer] [INFO] 第1611章审查完成：评分 8.6， verdict: 通过
[2026-05-18 21:34:15] [Reviewer] [INFO] 结果: success
[2026-05-18 21:34:15] [Reviewer] [ERROR] 第1623章评审解析失败: Invalid control character at: line 11 column 47 (char 243)
[2026-05-18 21:34:15] [Reviewer] [INFO] 结果: parse_failed
[2026-05-18 21:34:15] [Reviewer] [INFO] 第1625章审查完成：评分 8.2， verdict: 通过
[2026-05-18 21:34:15] [Reviewer] [INFO] 结果: success
[2026-05-18 21:34:16] [Reviewer] [INFO] 第1633章审查完成：评分 7.2， verdict: 需修改
[2026-05-18 21:34:16] [Reviewer] [INFO] 结果: success
[2026-05-18 21:34:18] [Reviewer] [INFO] 第1613章审查完成：评分 7.8， verdict: 通过
[2026-05-18 21:34:18] [Reviewer] [INFO] 结果: success
[2026-05-18 21:34:20] [Reviewer] [INFO] 第1607章审查完成：评分 8.0， verdict: 通过
[2026-05-18 21:34:20] [Reviewer] [INFO] 结果: success
[2026-05-18 21:34:22] [Reviewer] [INFO] 第1631章审查完成：评分 8.5， verdict: 通过
[2026-05-18 21:34:22] [Reviewer] [INFO] 结果: success
[2026-05-18 21:34:23] [Reviewer] [INFO] 第1643章审查完成：评分 8.2， verdict: 通过
[2026-05-18 21:34:23] [Reviewer] [INFO] 结果: success
[2026-05-18 21:34:23] [Reviewer] [INFO] 第1637章审查完成：评分 8.4， verdict: 通过
[2026-05-18 21:34:23] [Reviewer] [INFO] 结果: success
[2026-05-18 21:34:24] [Reviewer] [INFO] 第1641章审查完成：评分 8.4， verdict: 通过
[2026-05-18 21:34:24] [Reviewer] [INFO] 结果: success
[2026-05-18 21:34:24] [Reviewer] [INFO] 第1635章审查完成：评分 8.4， verdict: 通过
[2026-05-18 21:34:24] [Reviewer] [INFO] 结果: success
[2026-05-18 21:34:25] [Reviewer] [INFO] 第1627章审查完成：评分 8.5， verdict: 通过
[2026-05-18 21:34:25] [Reviewer] [INFO] 结果: success
[2026-05-18 21:34:25] [Reviewer] [INFO] 第1615章审查完成：评分 8.5， verdict: 通过
[2026-05-18 21:34:25] [Reviewer] [INFO] 结果: success
[2026-05-18 21:34:31] [Reviewer] [INFO] 第1621章审查完成：评分 8.4， verdict: 通过
[2026-05-18 21:34:31] [Reviewer] [INFO] 结果: success
[2026-05-18 21:34:33] [Reviewer] [INFO] ============================================================
[2026-05-18 21:34:33] [Reviewer] [INFO] Reviewer Agent 启动
[2026-05-18 21:34:33] [Reviewer] [INFO] ============================================================
[2026-05-18 21:34:33] [Reviewer] [INFO] ============================================================
[2026-05-18 21:34:33] [Reviewer] [INFO] Reviewer Agent 启动
[2026-05-18 21:34:33] [Reviewer] [INFO] ============================================================
[2026-05-18 21:34:33] [Reviewer] [INFO] 正在审查第1645章...
[2026-05-18 21:34:33] [Reviewer] [INFO] ============================================================
[2026-05-18 21:34:33] [Reviewer] [INFO] Reviewer Agent 启动
[2026-05-18 21:34:33] [Reviewer] [INFO] ============================================================
[2026-05-18 21:34:33] [Reviewer] [INFO] 正在审查第1647章...
[2026-05-18 21:34:34] [Reviewer] [INFO] 正在审查第1632章...
[2026-05-18 21:34:34] [Reviewer] [INFO] ============================================================
[2026-05-18 21:34:34] [Reviewer] [INFO] Reviewer Agent 启动
[2026-05-18 21:34:34] [Reviewer] [INFO] ============================================================
[2026-05-18 21:34:34] [Reviewer] [INFO] 正在审查第1649章...
[2026-05-18 21:34:34] [Reviewer] [INFO] ============================================================
[2026-05-18 21:34:34] [Reviewer] [INFO] Reviewer Agent 启动
[2026-05-18 21:34:34] [Reviewer] [INFO] ============================================================
[2026-05-18 21:34:34] [Reviewer] [INFO] ============================================================
[2026-05-18 21:34:34] [Reviewer] [INFO] Reviewer Agent 启动
[2026-05-18 21:34:34] [Reviewer] [INFO] ============================================================
[2026-05-18 21:34:34] [Reviewer] [INFO] 正在审查第1617章...
[2026-05-18 21:34:34] [Reviewer] [INFO] ============================================================
[2026-05-18 21:34:34] [Reviewer] [INFO] Reviewer Agent 启动
[2026-05-18 21:34:34] [Reviewer] [INFO] ============================================================
[2026-05-18 21:34:34] [Reviewer] [INFO] 正在审查第1653章...
[2026-05-18 21:34:34] [Reviewer] [INFO] 正在审查第1655章...
[2026-05-18 21:34:34] [Reviewer] [INFO] ============================================================
[2026-05-18 21:34:34] [Reviewer] [INFO] Reviewer Agent 启动
[2026-05-18 21:34:34] [Reviewer] [INFO] ============================================================
[2026-05-18 21:34:34] [Reviewer] [INFO] ============================================================
[2026-05-18 21:34:34] [Reviewer] [INFO] Reviewer Agent 启动
[2026-05-18 21:34:34] [Reviewer] [INFO] ============================================================
[2026-05-18 21:34:34] [Reviewer] [INFO] 正在审查第1651章...
[2026-05-18 21:34:34] [Reviewer] [INFO] 正在审查第1657章...
[2026-05-18 21:34:34] [Reviewer] [INFO] ============================================================
[2026-05-18 21:34:34] [Reviewer] [INFO] Reviewer Agent 启动
[2026-05-18 21:34:34] [Reviewer] [INFO] ============================================================
[2026-05-18 21:34:34] [Reviewer] [INFO] ============================================================
[2026-05-18 21:34:34] [Reviewer] [INFO] Reviewer Agent 启动
[2026-05-18 21:34:34] [Reviewer] [INFO] ============================================================
[2026-05-18 21:34:34] [Reviewer] [INFO] 正在审查第1659章...
[2026-05-18 21:34:34] [Reviewer] [INFO] 正在审查第1665章...
[2026-05-18 21:34:34] [Reviewer] [INFO] ============================================================
[2026-05-18 21:34:34] [Reviewer] [INFO] Reviewer Agent 启动
[2026-05-18 21:34:34] [Reviewer] [INFO] ============================================================
[2026-05-18 21:34:34] [Reviewer] [INFO] ============================================================
[2026-05-18 21:34:34] [Reviewer] [INFO] Reviewer Agent 启动
[2026-05-18 21:34:34] [Reviewer] [INFO] ============================================================
[2026-05-18 21:34:34] [Reviewer] [INFO] 正在审查第1661章...
[2026-05-18 21:34:34] [Reviewer] [INFO] 正在审查第1663章...
[2026-05-18 21:34:34] [Reviewer] [INFO] ============================================================
[2026-05-18 21:34:34] [Reviewer] [INFO] Reviewer Agent 启动
[2026-05-18 21:34:34] [Reviewer] [INFO] ============================================================
[2026-05-18 21:34:34] [Reviewer] [INFO] ============================================================
[2026-05-18 21:34:34] [Reviewer] [INFO] Reviewer Agent 启动
[2026-05-18 21:34:34] [Reviewer] [INFO] ============================================================
[2026-05-18 21:34:34] [Reviewer] [INFO] 正在审查第1675章...
[2026-05-18 21:34:34] [Reviewer] [INFO] 正在审查第1667章...
[2026-05-18 21:34:34] [Reviewer] [INFO] ============================================================
[2026-05-18 21:34:34] [Reviewer] [INFO] Reviewer Agent 启动
[2026-05-18 21:34:34] [Reviewer] [INFO] ============================================================
[2026-05-18 21:34:34] [Reviewer] [INFO] 正在审查第1669章...
[2026-05-18 21:34:34] [Reviewer] [INFO] ============================================================
[2026-05-18 21:34:34] [Reviewer] [INFO] Reviewer Agent 启动
[2026-05-18 21:34:34] [Reviewer] [INFO] ============================================================
[2026-05-18 21:34:34] [Reviewer] [INFO] ============================================================
[2026-05-18 21:34:34] [Reviewer] [INFO] Reviewer Agent 启动
[2026-05-18 21:34:34] [Reviewer] [INFO] ============================================================
[2026-05-18 21:34:34] [Reviewer] [INFO] ============================================================
[2026-05-18 21:34:34] [Reviewer] [INFO] Reviewer Agent 启动
[2026-05-18 21:34:34] [Reviewer] [INFO] ============================================================
[2026-05-18 21:34:34] [Reviewer] [INFO] ============================================================
[2026-05-18 21:34:34] [Reviewer] [INFO] Reviewer Agent 启动
[2026-05-18 21:34:34] [Reviewer] [INFO] ============================================================
[2026-05-18 21:34:34] [Reviewer] [INFO] 正在审查第1679章...
[2026-05-18 21:34:34] [Reviewer] [INFO] 正在审查第1671章...
[2026-05-18 21:34:34] [Reviewer] [INFO] 正在审查第1677章...
[2026-05-18 21:34:34] [Reviewer] [INFO] 正在审查第1673章...
[2026-05-18 21:34:53] [Reviewer] [INFO] 第1655章审查完成：评分 8.0， verdict: 通过
[2026-05-18 21:34:53] [Reviewer] [INFO] 结果: success
[2026-05-18 21:34:53] [Reviewer] [INFO] ============================================================
[2026-05-18 21:34:53] [Reviewer] [INFO] Reviewer Agent 启动
[2026-05-18 21:34:53] [Reviewer] [INFO] ============================================================
[2026-05-18 21:34:53] [Reviewer] [INFO] 正在审查第1656章...
[2026-05-18 21:34:56] [Reviewer] [INFO] 第1651章审查完成：评分 7.8， verdict: 需修改
[2026-05-18 21:34:56] [Reviewer] [INFO] 结果: success
[2026-05-18 21:34:56] [Reviewer] [INFO] ============================================================
[2026-05-18 21:34:56] [Reviewer] [INFO] Reviewer Agent 启动
[2026-05-18 21:34:56] [Reviewer] [INFO] ============================================================
[2026-05-18 21:34:56] [Reviewer] [INFO] 正在审查第1652章...
[2026-05-18 21:34:57] [Reviewer] [INFO] 第1632章审查完成：评分 8.2， verdict: 通过
[2026-05-18 21:34:57] [Reviewer] [INFO] 结果: success
[2026-05-18 21:34:58] [Reviewer] [ERROR] 第1665章评审解析失败: Invalid control character at: line 12 column 41 (char 267)
[2026-05-18 21:34:58] [Reviewer] [INFO] 结果: parse_failed
[2026-05-18 21:34:58] [Reviewer] [INFO] ============================================================
[2026-05-18 21:34:58] [Reviewer] [INFO] Reviewer Agent 启动
[2026-05-18 21:34:58] [Reviewer] [INFO] ============================================================
[2026-05-18 21:34:58] [Reviewer] [INFO] 正在审查第1644章...
[2026-05-18 21:34:58] [Reviewer] [INFO] ============================================================
[2026-05-18 21:34:58] [Reviewer] [INFO] Reviewer Agent 启动
[2026-05-18 21:34:58] [Reviewer] [INFO] ============================================================
[2026-05-18 21:34:58] [Reviewer] [INFO] 正在审查第1666章...
[2026-05-18 21:34:58] [Reviewer] [INFO] 第1649章审查完成：评分 8.3， verdict: 通过
[2026-05-18 21:34:58] [Reviewer] [INFO] 结果: success
[2026-05-18 21:34:58] [Reviewer] [INFO] 第1677章审查完成：评分 8.6， verdict: 通过
[2026-05-18 21:34:58] [Reviewer] [INFO] 结果: success
[2026-05-18 21:34:58] [Reviewer] [INFO] ============================================================
[2026-05-18 21:34:58] [Reviewer] [INFO] Reviewer Agent 启动
[2026-05-18 21:34:58] [Reviewer] [INFO] ============================================================
[2026-05-18 21:34:58] [Reviewer] [INFO] 正在审查第1650章...
[2026-05-18 21:34:58] [Reviewer] [INFO] ============================================================
[2026-05-18 21:34:58] [Reviewer] [INFO] Reviewer Agent 启动
[2026-05-18 21:34:58] [Reviewer] [INFO] ============================================================
[2026-05-18 21:34:58] [Reviewer] [INFO] 正在审查第1678章...
[2026-05-18 21:34:58] [Reviewer] [INFO] 第1647章审查完成：评分 8.4， verdict: 通过
[2026-05-18 21:34:58] [Reviewer] [INFO] 结果: success
[2026-05-18 21:34:59] [Reviewer] [INFO] ============================================================
[2026-05-18 21:34:59] [Reviewer] [INFO] Reviewer Agent 启动
[2026-05-18 21:34:59] [Reviewer] [INFO] ============================================================
[2026-05-18 21:34:59] [Reviewer] [INFO] 正在审查第1648章...
[2026-05-18 21:34:59] [Reviewer] [INFO] 第1617章审查完成：评分 8.3， verdict: 通过
[2026-05-18 21:34:59] [Reviewer] [INFO] 结果: success
[2026-05-18 21:34:59] [Reviewer] [INFO] ============================================================
[2026-05-18 21:34:59] [Reviewer] [INFO] Reviewer Agent 启动
[2026-05-18 21:34:59] [Reviewer] [INFO] ============================================================
[2026-05-18 21:34:59] [Reviewer] [INFO] 正在审查第1623章...
[2026-05-18 21:34:59] [Reviewer] [INFO] 第1667章审查完成：评分 8.0， verdict: 通过
[2026-05-18 21:34:59] [Reviewer] [INFO] 结果: success
[2026-05-18 21:34:59] [Reviewer] [INFO] ============================================================
[2026-05-18 21:34:59] [Reviewer] [INFO] Reviewer Agent 启动
[2026-05-18 21:34:59] [Reviewer] [INFO] ============================================================
[2026-05-18 21:34:59] [Reviewer] [INFO] 正在审查第1668章...
[2026-05-18 21:35:02] [Reviewer] [INFO] 第1653章审查完成：评分 8.2， verdict: 通过
[2026-05-18 21:35:02] [Reviewer] [INFO] 结果: success
[2026-05-18 21:35:02] [Reviewer] [INFO] 第1669章审查完成：评分 8.3， verdict: 通过
[2026-05-18 21:35:02] [Reviewer] [INFO] 结果: success
[2026-05-18 21:35:02] [Reviewer] [INFO] 第1663章审查完成：评分 8.8， verdict: 通过
[2026-05-18 21:35:02] [Reviewer] [INFO] 结果: success
[2026-05-18 21:35:02] [Reviewer] [INFO] 第1675章审查完成：评分 8.3， verdict: 通过
[2026-05-18 21:35:02] [Reviewer] [INFO] 结果: success
[2026-05-18 21:35:02] [Reviewer] [INFO] ============================================================
[2026-05-18 21:35:02] [Reviewer] [INFO] Reviewer Agent 启动
[2026-05-18 21:35:02] [Reviewer] [INFO] ============================================================
[2026-05-18 21:35:02] [Reviewer] [INFO] 正在审查第1654章...
[2026-05-18 21:35:02] [Reviewer] [INFO] ============================================================
[2026-05-18 21:35:02] [Reviewer] [INFO] Reviewer Agent 启动
[2026-05-18 21:35:02] [Reviewer] [INFO] ============================================================
[2026-05-18 21:35:02] [Reviewer] [INFO] ============================================================
[2026-05-18 21:35:02] [Reviewer] [INFO] Reviewer Agent 启动
[2026-05-18 21:35:02] [Reviewer] [INFO] ============================================================
[2026-05-18 21:35:02] [Reviewer] [INFO] 正在审查第1670章...
[2026-05-18 21:35:02] [Reviewer] [INFO] 正在审查第1664章...
[2026-05-18 21:35:02] [Reviewer] [INFO] ============================================================
[2026-05-18 21:35:02] [Reviewer] [INFO] Reviewer Agent 启动
[2026-05-18 21:35:02] [Reviewer] [INFO] ============================================================
[2026-05-18 21:35:02] [Reviewer] [INFO] 正在审查第1676章...
[2026-05-18 21:35:03] [Reviewer] [INFO] 第1679章审查完成：评分 7.7， verdict: 需修改
[2026-05-18 21:35:03] [Reviewer] [INFO] 结果: success
[2026-05-18 21:35:03] [Reviewer] [INFO] ============================================================
[2026-05-18 21:35:03] [Reviewer] [INFO] Reviewer Agent 启动
[2026-05-18 21:35:03] [Reviewer] [INFO] ============================================================
[2026-05-18 21:35:03] [Reviewer] [INFO] 正在审查第1680章...
[2026-05-18 21:35:03] [Reviewer] [INFO] 第1671章审查完成：评分 8.8， verdict: 通过
[2026-05-18 21:35:03] [Reviewer] [INFO] 结果: success
[2026-05-18 21:35:03] [Reviewer] [INFO] ============================================================
[2026-05-18 21:35:03] [Reviewer] [INFO] Reviewer Agent 启动
[2026-05-18 21:35:03] [Reviewer] [INFO] ============================================================
[2026-05-18 21:35:03] [Reviewer] [INFO] 正在审查第1672章...
[2026-05-18 21:35:03] [Reviewer] [INFO] 第1645章审查完成：评分 8.2， verdict: 通过
[2026-05-18 21:35:03] [Reviewer] [INFO] 结果: success
[2026-05-18 21:35:03] [Reviewer] [INFO] ============================================================
[2026-05-18 21:35:03] [Reviewer] [INFO] Reviewer Agent 启动
[2026-05-18 21:35:03] [Reviewer] [INFO] ============================================================
[2026-05-18 21:35:03] [Reviewer] [INFO] 正在审查第1646章...
[2026-05-18 21:35:03] [Reviewer] [INFO] 第1661章审查完成：评分 7.5， verdict: 需修改
[2026-05-18 21:35:03] [Reviewer] [INFO] 结果: success
[2026-05-18 21:35:03] [Reviewer] [INFO] ============================================================
[2026-05-18 21:35:03] [Reviewer] [INFO] Reviewer Agent 启动
[2026-05-18 21:35:03] [Reviewer] [INFO] ============================================================
[2026-05-18 21:35:03] [Reviewer] [INFO] 正在审查第1662章...
[2026-05-18 21:35:05] [Reviewer] [INFO] 第1657章审查完成：评分 8.0， verdict: 需修改
[2026-05-18 21:35:05] [Reviewer] [INFO] 结果: success
[2026-05-18 21:35:05] [Reviewer] [INFO] ============================================================
[2026-05-18 21:35:05] [Reviewer] [INFO] Reviewer Agent 启动
[2026-05-18 21:35:05] [Reviewer] [INFO] ============================================================
[2026-05-18 21:35:05] [Reviewer] [INFO] 正在审查第1658章...
[2026-05-18 21:35:05] [Reviewer] [INFO] 第1673章审查完成：评分 8.7， verdict: 通过
[2026-05-18 21:35:05] [Reviewer] [INFO] 结果: success
[2026-05-18 21:35:05] [Reviewer] [INFO] ============================================================
[2026-05-18 21:35:05] [Reviewer] [INFO] Reviewer Agent 启动
[2026-05-18 21:35:05] [Reviewer] [INFO] ============================================================
[2026-05-18 21:35:05] [Reviewer] [INFO] 正在审查第1674章...
[2026-05-18 21:35:11] [Reviewer] [INFO] 第1659章审查完成：评分 8.3， verdict: 通过
[2026-05-18 21:35:11] [Reviewer] [INFO] 结果: success
[2026-05-18 21:35:11] [Reviewer] [INFO] ============================================================
[2026-05-18 21:35:11] [Reviewer] [INFO] Reviewer Agent 启动
[2026-05-18 21:35:11] [Reviewer] [INFO] ============================================================
[2026-05-18 21:35:11] [Reviewer] [INFO] 正在审查第1660章...
[2026-05-18 21:35:12] [Reviewer] [INFO] 第1656章审查完成：评分 8.5， verdict: 通过
[2026-05-18 21:35:12] [Reviewer] [INFO] 结果: success
[2026-05-18 21:35:19] [Reviewer] [INFO] 第1644章审查完成：评分 8.4， verdict: 通过
[2026-05-18 21:35:19] [Reviewer] [INFO] 结果: success
[2026-05-18 21:35:20] [Reviewer] [INFO] 第1666章审查完成：评分 8.5， verdict: 通过
[2026-05-18 21:35:20] [Reviewer] [INFO] 结果: success
[2026-05-18 21:35:20] [Reviewer] [INFO] 第1678章审查完成：评分 8.2， verdict: 通过
[2026-05-18 21:35:20] [Reviewer] [INFO] 结果: success
[2026-05-18 21:35:21] [Reviewer] [INFO] 第1658章审查完成：评分 7.8， verdict: 需修改
[2026-05-18 21:35:21] [Reviewer] [INFO] 结果: success
[2026-05-18 21:35:22] [Reviewer] [INFO] 第1680章审查完成：评分 8.5， verdict: 通过
[2026-05-18 21:35:22] [Reviewer] [INFO] 结果: success
[2026-05-18 21:35:24] [Reviewer] [INFO] 第1623章审查完成：评分 8.7， verdict: 通过
[2026-05-18 21:35:24] [Reviewer] [INFO] 结果: success
[2026-05-18 21:35:24] [Reviewer] [INFO] 第1648章审查完成：评分 8.3， verdict: 通过
[2026-05-18 21:35:24] [Reviewer] [INFO] 结果: success
[2026-05-18 21:35:25] [Reviewer] [INFO] 第1650章审查完成：评分 8.5， verdict: 通过
[2026-05-18 21:35:25] [Reviewer] [INFO] 结果: success
[2026-05-18 21:35:25] [Reviewer] [INFO] 第1668章审查完成：评分 8.0， verdict: 通过
[2026-05-18 21:35:25] [Reviewer] [INFO] 结果: success
[2026-05-18 21:35:26] [Reviewer] [INFO] 第1674章审查完成：评分 5.8， verdict: 需修改
[2026-05-18 21:35:26] [Reviewer] [INFO] 结果: success
[2026-05-18 21:35:27] [Reviewer] [INFO] 第1652章审查完成：评分 8.5， verdict: 通过
[2026-05-18 21:35:27] [Reviewer] [INFO] 结果: success
[2026-05-18 21:35:27] [Reviewer] [INFO] 第1676章审查完成：评分 8.5， verdict: 通过
[2026-05-18 21:35:27] [Reviewer] [INFO] 结果: success
[2026-05-18 21:35:27] [Reviewer] [INFO] 第1646章审查完成：评分 8.5， verdict: 通过
[2026-05-18 21:35:27] [Reviewer] [INFO] 结果: success
[2026-05-18 21:35:28] [Reviewer] [INFO] 第1654章审查完成：评分 7.6， verdict: 通过
[2026-05-18 21:35:28] [Reviewer] [INFO] 结果: success
[2026-05-18 21:35:28] [Reviewer] [INFO] 第1672章审查完成：评分 9.0， verdict: 通过
[2026-05-18 21:35:28] [Reviewer] [INFO] 结果: success
[2026-05-18 21:35:28] [Reviewer] [INFO] 第1664章审查完成：评分 7.5， verdict: 通过
[2026-05-18 21:35:28] [Reviewer] [INFO] 结果: success
[2026-05-18 21:35:30] [Reviewer] [INFO] 第1662章审查完成：评分 8.5， verdict: 通过
[2026-05-18 21:35:30] [Reviewer] [INFO] 结果: success
[2026-05-18 21:35:30] [Reviewer] [INFO] 第1670章审查完成：评分 8.2， verdict: 通过
[2026-05-18 21:35:30] [Reviewer] [INFO] 结果: success
[2026-05-18 21:35:42] [Reviewer] [INFO] 第1660章审查完成：评分 8.3， verdict: 通过
[2026-05-18 21:35:42] [Reviewer] [INFO] 结果: success
[2026-05-18 21:35:43] [Reviewer] [INFO] ============================================================
[2026-05-18 21:35:43] [Reviewer] [INFO] Reviewer Agent 启动
[2026-05-18 21:35:43] [Reviewer] [INFO] ============================================================
[2026-05-18 21:35:43] [Reviewer] [INFO] ============================================================
[2026-05-18 21:35:43] [Reviewer] [INFO] Reviewer Agent 启动
[2026-05-18 21:35:43] [Reviewer] [INFO] ============================================================
[2026-05-18 21:35:43] [Reviewer] [INFO] 正在审查第1684章...
[2026-05-18 21:35:43] [Reviewer] [INFO] 正在审查第1665章...
[2026-05-18 21:35:43] [Reviewer] [INFO] ============================================================
[2026-05-18 21:35:43] [Reviewer] [INFO] Reviewer Agent 启动
[2026-05-18 21:35:43] [Reviewer] [INFO] ============================================================
[2026-05-18 21:35:43] [Reviewer] [INFO] ============================================================
[2026-05-18 21:35:43] [Reviewer] [INFO] Reviewer Agent 启动
[2026-05-18 21:35:43] [Reviewer] [INFO] ============================================================
[2026-05-18 21:35:43] [Reviewer] [INFO] 正在审查第1686章...
[2026-05-18 21:35:43] [Reviewer] [INFO] 正在审查第1682章...
[2026-05-18 21:35:43] [Reviewer] [INFO] ============================================================
[2026-05-18 21:35:43] [Reviewer] [INFO] Reviewer Agent 启动
[2026-05-18 21:35:43] [Reviewer] [INFO] ============================================================
[2026-05-18 21:35:43] [Reviewer] [INFO] ============================================================
[2026-05-18 21:35:43] [Reviewer] [INFO] Reviewer Agent 启动
[2026-05-18 21:35:43] [Reviewer] [INFO] ============================================================
[2026-05-18 21:35:43] [Reviewer] [INFO] ============================================================
[2026-05-18 21:35:43] [Reviewer] [INFO] Reviewer Agent 启动
[2026-05-18 21:35:43] [Reviewer] [INFO] ============================================================
[2026-05-18 21:35:44] [Reviewer] [INFO] ============================================================
[2026-05-18 21:35:44] [Reviewer] [INFO] Reviewer Agent 启动
[2026-05-18 21:35:44] [Reviewer] [INFO] ============================================================
[2026-05-18 21:35:44] [Reviewer] [INFO] 正在审查第1688章...
[2026-05-18 21:35:44] [Reviewer] [INFO] 正在审查第1694章...
[2026-05-18 21:35:44] [Reviewer] [INFO] 正在审查第1692章...
[2026-05-18 21:35:44] [Reviewer] [INFO] 正在审查第1690章...
[2026-05-18 21:35:44] [Reviewer] [INFO] ============================================================
[2026-05-18 21:35:44] [Reviewer] [INFO] Reviewer Agent 启动
[2026-05-18 21:35:44] [Reviewer] [INFO] ============================================================
[2026-05-18 21:35:44] [Reviewer] [INFO] ============================================================
[2026-05-18 21:35:44] [Reviewer] [INFO] Reviewer Agent 启动
[2026-05-18 21:35:44] [Reviewer] [INFO] ============================================================
[2026-05-18 21:35:44] [Reviewer] [INFO] 正在审查第1702章...
[2026-05-18 21:35:44] [Reviewer] [INFO] ============================================================
[2026-05-18 21:35:44] [Reviewer] [INFO] Reviewer Agent 启动
[2026-05-18 21:35:44] [Reviewer] [INFO] ============================================================
[2026-05-18 21:35:44] [Reviewer] [INFO] 正在审查第1698章...
[2026-05-18 21:35:44] [Reviewer] [INFO] ============================================================
[2026-05-18 21:35:44] [Reviewer] [INFO] Reviewer Agent 启动
[2026-05-18 21:35:44] [Reviewer] [INFO] ============================================================
[2026-05-18 21:35:44] [Reviewer] [INFO] 正在审查第1696章...
[2026-05-18 21:35:44] [Reviewer] [INFO] ============================================================
[2026-05-18 21:35:44] [Reviewer] [INFO] Reviewer Agent 启动
[2026-05-18 21:35:44] [Reviewer] [INFO] ============================================================
[2026-05-18 21:35:44] [Reviewer] [INFO] 正在审查第1706章...
[2026-05-18 21:35:44] [Reviewer] [INFO] 正在审查第1704章...
[2026-05-18 21:35:44] [Reviewer] [INFO] ============================================================
[2026-05-18 21:35:44] [Reviewer] [INFO] Reviewer Agent 启动
[2026-05-18 21:35:44] [Reviewer] [INFO] ============================================================
[2026-05-18 21:35:44] [Reviewer] [INFO] 正在审查第1700章...
[2026-05-18 21:35:44] [Reviewer] [INFO] ============================================================
[2026-05-18 21:35:44] [Reviewer] [INFO] Reviewer Agent 启动
[2026-05-18 21:35:44] [Reviewer] [INFO] ============================================================
[2026-05-18 21:35:44] [Reviewer] [INFO] ============================================================
[2026-05-18 21:35:44] [Reviewer] [INFO] Reviewer Agent 启动
[2026-05-18 21:35:44] [Reviewer] [INFO] ============================================================
[2026-05-18 21:35:44] [Reviewer] [INFO] ============================================================
[2026-05-18 21:35:44] [Reviewer] [INFO] Reviewer Agent 启动
[2026-05-18 21:35:44] [Reviewer] [INFO] ============================================================
[2026-05-18 21:35:44] [Reviewer] [INFO] ============================================================
[2026-05-18 21:35:44] [Reviewer] [INFO] Reviewer Agent 启动
[2026-05-18 21:35:44] [Reviewer] [INFO] ============================================================
[2026-05-18 21:35:44] [Reviewer] [INFO] ============================================================
[2026-05-18 21:35:44] [Reviewer] [INFO] Reviewer Agent 启动
[2026-05-18 21:35:44] [Reviewer] [INFO] ============================================================
[2026-05-18 21:35:44] [Reviewer] [INFO] 正在审查第1712章...
[2026-05-18 21:35:44] [Reviewer] [INFO] 正在审查第1708章...
[2026-05-18 21:35:44] [Reviewer] [INFO] ============================================================
[2026-05-18 21:35:44] [Reviewer] [INFO] Reviewer Agent 启动
[2026-05-18 21:35:44] [Reviewer] [INFO] ============================================================
[2026-05-18 21:35:44] [Reviewer] [INFO] 正在审查第1710章...
[2026-05-18 21:35:44] [Reviewer] [INFO] 正在审查第1714章...
[2026-05-18 21:35:44] [Reviewer] [INFO] 正在审查第1718章...
[2026-05-18 21:35:44] [Reviewer] [INFO] 正在审查第1716章...
[2026-05-18 21:36:04] [Reviewer] [INFO] 第1665章审查完成：评分 8.4， verdict: 通过
[2026-05-18 21:36:04] [Reviewer] [INFO] 结果: success
[2026-05-18 21:36:04] [Reviewer] [INFO] ============================================================
[2026-05-18 21:36:04] [Reviewer] [INFO] Reviewer Agent 启动
[2026-05-18 21:36:04] [Reviewer] [INFO] ============================================================
[2026-05-18 21:36:04] [Reviewer] [INFO] 正在审查第1681章...
[2026-05-18 21:36:04] [Reviewer] [INFO] 第1692章审查完成：评分 8.2， verdict: 通过
[2026-05-18 21:36:04] [Reviewer] [INFO] 结果: success
[2026-05-18 21:36:04] [Reviewer] [INFO] ============================================================
[2026-05-18 21:36:04] [Reviewer] [INFO] Reviewer Agent 启动
[2026-05-18 21:36:04] [Reviewer] [INFO] ============================================================
[2026-05-18 21:36:04] [Reviewer] [INFO] 正在审查第1693章...
[2026-05-18 21:36:04] [Reviewer] [INFO] 第1682章审查完成：评分 8.2， verdict: 通过
[2026-05-18 21:36:04] [Reviewer] [INFO] 结果: success
[2026-05-18 21:36:05] [Reviewer] [INFO] ============================================================
[2026-05-18 21:36:05] [Reviewer] [INFO] Reviewer Agent 启动
[2026-05-18 21:36:05] [Reviewer] [INFO] ============================================================
[2026-05-18 21:36:05] [Reviewer] [INFO] 正在审查第1683章...
[2026-05-18 21:36:05] [Reviewer] [INFO] 第1708章审查完成：评分 8.3， verdict: 通过
[2026-05-18 21:36:05] [Reviewer] [INFO] 结果: success
[2026-05-18 21:36:05] [Reviewer] [INFO] ============================================================
[2026-05-18 21:36:05] [Reviewer] [INFO] Reviewer Agent 启动
[2026-05-18 21:36:05] [Reviewer] [INFO] ============================================================
[2026-05-18 21:36:05] [Reviewer] [INFO] 正在审查第1709章...
[2026-05-18 21:36:06] [Reviewer] [INFO] 第1716章审查完成：评分 8.2， verdict: 通过
[2026-05-18 21:36:06] [Reviewer] [INFO] 结果: success
[2026-05-18 21:36:06] [Reviewer] [INFO] ============================================================
[2026-05-18 21:36:06] [Reviewer] [INFO] Reviewer Agent 启动
[2026-05-18 21:36:06] [Reviewer] [INFO] ============================================================
[2026-05-18 21:36:06] [Reviewer] [INFO] 正在审查第1717章...
[2026-05-18 21:36:07] [Reviewer] [INFO] 第1684章审查完成：评分 7.8， verdict: 需修改
[2026-05-18 21:36:07] [Reviewer] [INFO] 结果: success
[2026-05-18 21:36:07] [Reviewer] [INFO] 第1694章审查完成：评分 8.2， verdict: 通过
[2026-05-18 21:36:07] [Reviewer] [INFO] 结果: success
[2026-05-18 21:36:07] [Reviewer] [INFO] 第1718章审查完成：评分 7.6， verdict: 需修改
[2026-05-18 21:36:07] [Reviewer] [INFO] 结果: success
[2026-05-18 21:36:07] [Reviewer] [INFO] ============================================================
[2026-05-18 21:36:07] [Reviewer] [INFO] Reviewer Agent 启动
[2026-05-18 21:36:07] [Reviewer] [INFO] ============================================================
[2026-05-18 21:36:07] [Reviewer] [INFO] 正在审查第1685章...
[2026-05-18 21:36:07] [Reviewer] [INFO] ============================================================
[2026-05-18 21:36:07] [Reviewer] [INFO] Reviewer Agent 启动
[2026-05-18 21:36:07] [Reviewer] [INFO] ============================================================
[2026-05-18 21:36:07] [Reviewer] [INFO] 正在审查第1695章...
[2026-05-18 21:36:07] [Reviewer] [INFO] ============================================================
[2026-05-18 21:36:07] [Reviewer] [INFO] Reviewer Agent 启动
[2026-05-18 21:36:07] [Reviewer] [INFO] ============================================================
[2026-05-18 21:36:07] [Reviewer] [INFO] 正在审查第1719章...
[2026-05-18 21:36:07] [Reviewer] [INFO] 第1700章审查完成：评分 8.7， verdict: 通过
[2026-05-18 21:36:07] [Reviewer] [INFO] 结果: success
[2026-05-18 21:36:07] [Reviewer] [INFO] ============================================================
[2026-05-18 21:36:07] [Reviewer] [INFO] Reviewer Agent 启动
[2026-05-18 21:36:07] [Reviewer] [INFO] ============================================================
[2026-05-18 21:36:07] [Reviewer] [INFO] 正在审查第1701章...
[2026-05-18 21:36:08] [Reviewer] [INFO] 第1702章审查完成：评分 8.3， verdict: 通过
[2026-05-18 21:36:08] [Reviewer] [INFO] 结果: success
[2026-05-18 21:36:08] [Reviewer] [INFO] 第1690章审查完成：评分 8.7， verdict: 通过
[2026-05-18 21:36:08] [Reviewer] [INFO] 结果: success
[2026-05-18 21:36:08] [Reviewer] [INFO] ============================================================
[2026-05-18 21:36:08] [Reviewer] [INFO] Reviewer Agent 启动
[2026-05-18 21:36:08] [Reviewer] [INFO] ============================================================
[2026-05-18 21:36:08] [Reviewer] [INFO] ============================================================
[2026-05-18 21:36:08] [Reviewer] [INFO] Reviewer Agent 启动
[2026-05-18 21:36:08] [Reviewer] [INFO] ============================================================
[2026-05-18 21:36:08] [Reviewer] [INFO] 正在审查第1691章...
[2026-05-18 21:36:08] [Reviewer] [INFO] 正在审查第1703章...
[2026-05-18 21:36:09] [Reviewer] [INFO] 第1698章审查完成：评分 7.8， verdict: 需修改
[2026-05-18 21:36:09] [Reviewer] [INFO] 结果: success
[2026-05-18 21:36:09] [Reviewer] [INFO] 第1688章审查完成：评分 7.2， verdict: 需修改
[2026-05-18 21:36:09] [Reviewer] [INFO] 结果: success
[2026-05-18 21:36:09] [Reviewer] [INFO] ============================================================
[2026-05-18 21:36:09] [Reviewer] [INFO] Reviewer Agent 启动
[2026-05-18 21:36:09] [Reviewer] [INFO] ============================================================
[2026-05-18 21:36:09] [Reviewer] [INFO] 正在审查第1699章...
[2026-05-18 21:36:09] [Reviewer] [INFO] ============================================================
[2026-05-18 21:36:09] [Reviewer] [INFO] Reviewer Agent 启动
[2026-05-18 21:36:09] [Reviewer] [INFO] ============================================================
[2026-05-18 21:36:09] [Reviewer] [INFO] 正在审查第1689章...
[2026-05-18 21:36:10] [Reviewer] [INFO] 第1714章审查完成：评分 8.2， verdict: 通过
[2026-05-18 21:36:10] [Reviewer] [INFO] 结果: success
[2026-05-18 21:36:10] [Reviewer] [INFO] ============================================================
[2026-05-18 21:36:10] [Reviewer] [INFO] Reviewer Agent 启动
[2026-05-18 21:36:10] [Reviewer] [INFO] ============================================================
[2026-05-18 21:36:10] [Reviewer] [INFO] 正在审查第1715章...
[2026-05-18 21:36:10] [Reviewer] [INFO] 第1696章审查完成：评分 8.2， verdict: 通过
[2026-05-18 21:36:10] [Reviewer] [INFO] 结果: success
[2026-05-18 21:36:10] [Reviewer] [INFO] ============================================================
[2026-05-18 21:36:10] [Reviewer] [INFO] Reviewer Agent 启动
[2026-05-18 21:36:10] [Reviewer] [INFO] ============================================================
[2026-05-18 21:36:10] [Reviewer] [INFO] 正在审查第1697章...
[2026-05-18 21:36:11] [Reviewer] [INFO] 第1712章审查完成：评分 8.3， verdict: 通过
[2026-05-18 21:36:11] [Reviewer] [INFO] 结果: success
[2026-05-18 21:36:11] [Reviewer] [INFO] ============================================================
[2026-05-18 21:36:11] [Reviewer] [INFO] Reviewer Agent 启动
[2026-05-18 21:36:11] [Reviewer] [INFO] ============================================================
[2026-05-18 21:36:11] [Reviewer] [INFO] 正在审查第1713章...
[2026-05-18 21:36:12] [Reviewer] [INFO] 第1704章审查完成：评分 8.2， verdict: 通过
[2026-05-18 21:36:12] [Reviewer] [INFO] 结果: success
[2026-05-18 21:36:12] [Reviewer] [INFO] ============================================================
[2026-05-18 21:36:12] [Reviewer] [INFO] Reviewer Agent 启动
[2026-05-18 21:36:12] [Reviewer] [INFO] ============================================================
[2026-05-18 21:36:12] [Reviewer] [INFO] 正在审查第1705章...
[2026-05-18 21:36:15] [Reviewer] [INFO] 第1686章审查完成：评分 8.0， verdict: 通过
[2026-05-18 21:36:15] [Reviewer] [INFO] 结果: success
[2026-05-18 21:36:15] [Reviewer] [INFO] ============================================================
[2026-05-18 21:36:15] [Reviewer] [INFO] Reviewer Agent 启动
[2026-05-18 21:36:15] [Reviewer] [INFO] ============================================================
[2026-05-18 21:36:15] [Reviewer] [INFO] 正在审查第1687章...
[2026-05-18 21:36:15] [Reviewer] [INFO] 第1706章审查完成：评分 8.5， verdict: 通过
[2026-05-18 21:36:15] [Reviewer] [INFO] 结果: success
[2026-05-18 21:36:15] [Reviewer] [INFO] ============================================================
[2026-05-18 21:36:15] [Reviewer] [INFO] Reviewer Agent 启动
[2026-05-18 21:36:15] [Reviewer] [INFO] ============================================================
[2026-05-18 21:36:15] [Reviewer] [INFO] 正在审查第1707章...
[2026-05-18 21:36:17] [Reviewer] [INFO] 第1710章审查完成：评分 7.8， verdict: 通过
[2026-05-18 21:36:17] [Reviewer] [INFO] 结果: success
[2026-05-18 21:36:17] [Reviewer] [INFO] ============================================================
[2026-05-18 21:36:17] [Reviewer] [INFO] Reviewer Agent 启动
[2026-05-18 21:36:17] [Reviewer] [INFO] ============================================================
[2026-05-18 21:36:17] [Reviewer] [INFO] 正在审查第1711章...
[2026-05-18 21:36:23] [Reviewer] [INFO] 第1717章审查完成：评分 8.2， verdict: 通过
[2026-05-18 21:36:23] [Reviewer] [INFO] 结果: success
[2026-05-18 21:36:24] [Reviewer] [INFO] 第1709章审查完成：评分 8.8， verdict: 通过
[2026-05-18 21:36:24] [Reviewer] [INFO] 结果: success
[2026-05-18 21:36:26] [Reviewer] [INFO] 第1685章审查完成：评分 8.3， verdict: 通过
[2026-05-18 21:36:26] [Reviewer] [INFO] 结果: success
[2026-05-18 21:36:28] [Reviewer] [INFO] 第1693章审查完成：评分 8.3， verdict: 通过
[2026-05-18 21:36:28] [Reviewer] [INFO] 结果: success
[2026-05-18 21:36:28] [Reviewer] [INFO] 第1681章审查完成：评分 9.0， verdict: 通过
[2026-05-18 21:36:28] [Reviewer] [INFO] 结果: success
[2026-05-18 21:36:30] [Reviewer] [INFO] 第1719章审查完成：评分 7.3， verdict: 需修改
[2026-05-18 21:36:30] [Reviewer] [INFO] 结果: success
[2026-05-18 21:36:30] [Reviewer] [INFO] 第1691章审查完成：评分 8.4， verdict: 通过
[2026-05-18 21:36:30] [Reviewer] [INFO] 结果: success
[2026-05-18 21:36:31] [Reviewer] [INFO] 第1695章审查完成：评分 8.8， verdict: 通过
[2026-05-18 21:36:31] [Reviewer] [INFO] 结果: success
[2026-05-18 21:36:32] [Reviewer] [INFO] 第1683章审查完成：评分 8.0， verdict: 通过
[2026-05-18 21:36:32] [Reviewer] [INFO] 结果: success
[2026-05-18 21:36:32] [Reviewer] [INFO] 第1699章审查完成：评分 8.4， verdict: 需修改
[2026-05-18 21:36:32] [Reviewer] [INFO] 结果: success
[2026-05-18 21:36:32] [Reviewer] [INFO] 第1701章审查完成：评分 8.0， verdict: 通过
[2026-05-18 21:36:32] [Reviewer] [INFO] 结果: success
[2026-05-18 21:36:32] [Reviewer] [INFO] 第1713章审查完成：评分 7.8， verdict: 需修改
[2026-05-18 21:36:32] [Reviewer] [INFO] 结果: success
[2026-05-18 21:36:33] [Reviewer] [INFO] 第1705章审查完成：评分 8.5， verdict: 通过
[2026-05-18 21:36:33] [Reviewer] [INFO] 结果: success
[2026-05-18 21:36:34] [Reviewer] [INFO] 第1703章审查完成：评分 8.5， verdict: 通过
[2026-05-18 21:36:34] [Reviewer] [INFO] 结果: success
[2026-05-18 21:36:34] [Reviewer] [INFO] 第1707章审查完成：评分 8.2， verdict: 通过
[2026-05-18 21:36:34] [Reviewer] [INFO] 结果: success
[2026-05-18 21:36:35] [Reviewer] [INFO] 第1697章审查完成：评分 8.2， verdict: 通过
[2026-05-18 21:36:35] [Reviewer] [INFO] 结果: success
[2026-05-18 21:36:35] [Reviewer] [INFO] 第1715章审查完成：评分 8.2， verdict: 通过
[2026-05-18 21:36:35] [Reviewer] [INFO] 结果: success
[2026-05-18 21:36:37] [Reviewer] [INFO] 第1689章审查完成：评分 8.6， verdict: 通过
[2026-05-18 21:36:37] [Reviewer] [INFO] 结果: success
[2026-05-18 21:36:37] [Reviewer] [INFO] 第1687章审查完成：评分 8.2， verdict: 通过
[2026-05-18 21:36:37] [Reviewer] [INFO] 结果: success
[2026-05-18 21:36:48] [Reviewer] [INFO] 第1711章审查完成：评分 7.6， verdict: 通过
[2026-05-18 21:36:48] [Reviewer] [INFO] 结果: success
[2026-05-18 21:36:50] [Reviewer] [INFO] ============================================================
[2026-05-18 21:36:50] [Reviewer] [INFO] Reviewer Agent 启动
[2026-05-18 21:36:50] [Reviewer] [INFO] ============================================================
[2026-05-18 21:36:50] [Reviewer] [INFO] 正在审查第1726章...
[2026-05-18 21:36:50] [Reviewer] [INFO] ============================================================
[2026-05-18 21:36:50] [Reviewer] [INFO] Reviewer Agent 启动
[2026-05-18 21:36:50] [Reviewer] [INFO] ============================================================
[2026-05-18 21:36:50] [Reviewer] [INFO] 正在审查第1724章...
[2026-05-18 21:36:50] [Reviewer] [INFO] ============================================================
[2026-05-18 21:36:50] [Reviewer] [INFO] Reviewer Agent 启动
[2026-05-18 21:36:50] [Reviewer] [INFO] ============================================================
[2026-05-18 21:36:50] [Reviewer] [INFO] ============================================================
[2026-05-18 21:36:50] [Reviewer] [INFO] Reviewer Agent 启动
[2026-05-18 21:36:50] [Reviewer] [INFO] ============================================================
[2026-05-18 21:36:50] [Reviewer] [INFO] 正在审查第1720章...
[2026-05-18 21:36:50] [Reviewer] [INFO] Reviewer Agent 启动
[2026-05-18 21:36:50] [Reviewer] [INFO] ============================================================
[2026-05-18 21:36:50] [Reviewer] [INFO] ============================================================
[2026-05-18 21:36:50] [Reviewer] [INFO] Reviewer Agent 启动
[2026-05-18 21:36:50] [Reviewer] [INFO] Reviewer Agent 启动
[2026-05-18 21:36:50] [Reviewer] [INFO] ============================================================
[2026-05-18 21:36:50] [Reviewer] [INFO] ============================================================
[2026-05-18 21:36:50] [Reviewer] [INFO] Reviewer Agent 启动
[2026-05-18 21:36:50] [Reviewer] [INFO] ============================================================
[2026-05-18 21:36:50] [Reviewer] [INFO] 正在审查第1722章...
[2026-05-18 21:36:50] [Reviewer] [INFO] 正在审查第1730章...
[2026-05-18 21:36:50] [Reviewer] [INFO] 正在审查第1728章...
[2026-05-18 21:36:50] [Reviewer] [INFO] 正在审查第1732章...
[2026-05-18 21:36:50] [Reviewer] [INFO] 正在审查第1738章...
[2026-05-18 21:36:50] [Reviewer] [INFO] ============================================================
[2026-05-18 21:36:50] [Reviewer] [INFO] Reviewer Agent 启动
[2026-05-18 21:36:50] [Reviewer] [INFO] ============================================================
[2026-05-18 21:36:50] [Reviewer] [INFO] ============================================================
[2026-05-18 21:36:50] [Reviewer] [INFO] Reviewer Agent 启动
[2026-05-18 21:36:50] [Reviewer] [INFO] ============================================================
[2026-05-18 21:36:50] [Reviewer] [INFO] ============================================================
[2026-05-18 21:36:50] [Reviewer] [INFO] Reviewer Agent 启动
[2026-05-18 21:36:50] [Reviewer] [INFO] ============================================================
[2026-05-18 21:36:50] [Reviewer] [INFO] 正在审查第1740章...
[2026-05-18 21:36:50] [Reviewer] [INFO] 正在审查第1734章...
[2026-05-18 21:36:50] [Reviewer] [INFO] ============================================================
[2026-05-18 21:36:50] [Reviewer] [INFO] Reviewer Agent 启动
[2026-05-18 21:36:50] [Reviewer] [INFO] ============================================================
[2026-05-18 21:36:50] [Reviewer] [INFO] 正在审查第1736章...
[2026-05-18 21:36:50] [Reviewer] [INFO] 正在审查第1746章...
[2026-05-18 21:36:50] [Reviewer] [INFO] ============================================================
[2026-05-18 21:36:50] [Reviewer] [INFO] Reviewer Agent 启动
[2026-05-18 21:36:50] [Reviewer] [INFO] ============================================================
[2026-05-18 21:36:50] [Reviewer] [INFO] 正在审查第1742章...
[2026-05-18 21:36:50] [Reviewer] [INFO] ============================================================
[2026-05-18 21:36:50] [Reviewer] [INFO] Reviewer Agent 启动
[2026-05-18 21:36:50] [Reviewer] [INFO] ============================================================
[2026-05-18 21:36:50] [Reviewer] [INFO] 正在审查第1748章...
[2026-05-18 21:36:50] [Reviewer] [INFO] ============================================================
[2026-05-18 21:36:50] [Reviewer] [INFO] Reviewer Agent 启动
[2026-05-18 21:36:50] [Reviewer] [INFO] ============================================================
[2026-05-18 21:36:50] [Reviewer] [INFO] ============================================================
[2026-05-18 21:36:50] [Reviewer] [INFO] Reviewer Agent 启动
[2026-05-18 21:36:50] [Reviewer] [INFO] ============================================================
[2026-05-18 21:36:50] [Reviewer] [INFO] ============================================================
[2026-05-18 21:36:50] [Reviewer] [INFO] Reviewer Agent 启动
[2026-05-18 21:36:50] [Reviewer] [INFO] ============================================================
[2026-05-18 21:36:50] [Reviewer] [INFO] 正在审查第1750章...
[2026-05-18 21:36:50] [Reviewer] [INFO] ============================================================
[2026-05-18 21:36:50] [Reviewer] [INFO] Reviewer Agent 启动
[2026-05-18 21:36:50] [Reviewer] [INFO] ============================================================
[2026-05-18 21:36:50] [Reviewer] [INFO] 正在审查第1744章...
[2026-05-18 21:36:50] [Reviewer] [INFO] 正在审查第1756章...
[2026-05-18 21:36:50] [Reviewer] [INFO] 正在审查第1752章...
[2026-05-18 21:36:50] [Reviewer] [INFO] ============================================================
[2026-05-18 21:36:50] [Reviewer] [INFO] Reviewer Agent 启动
[2026-05-18 21:36:50] [Reviewer] [INFO] ============================================================
[2026-05-18 21:36:50] [Reviewer] [INFO] ============================================================
[2026-05-18 21:36:50] [Reviewer] [INFO] Reviewer Agent 启动
[2026-05-18 21:36:50] [Reviewer] [INFO] ============================================================
[2026-05-18 21:36:50] [Reviewer] [INFO] 正在审查第1758章...
[2026-05-18 21:36:50] [Reviewer] [INFO] 正在审查第1754章...
[2026-05-18 21:37:10] [Reviewer] [INFO] 第1736章审查完成：评分 8.3， verdict: 通过
[2026-05-18 21:37:10] [Reviewer] [INFO] 结果: success
[2026-05-18 21:37:10] [Reviewer] [INFO] 第1726章审查完成：评分 8.7， verdict: 通过
[2026-05-18 21:37:10] [Reviewer] [INFO] 结果: success
[2026-05-18 21:37:10] [Reviewer] [INFO] ============================================================
[2026-05-18 21:37:10] [Reviewer] [INFO] Reviewer Agent 启动
[2026-05-18 21:37:10] [Reviewer] [INFO] ============================================================
[2026-05-18 21:37:10] [Reviewer] [INFO] 正在审查第1737章...
[2026-05-18 21:37:10] [Reviewer] [INFO] ============================================================
[2026-05-18 21:37:10] [Reviewer] [INFO] Reviewer Agent 启动
[2026-05-18 21:37:10] [Reviewer] [INFO] ============================================================
[2026-05-18 21:37:10] [Reviewer] [INFO] 正在审查第1727章...
[2026-05-18 21:37:11] [Reviewer] [INFO] 第1742章审查完成：评分 8.6， verdict: 通过
[2026-05-18 21:37:11] [Reviewer] [INFO] 结果: success
[2026-05-18 21:37:11] [Reviewer] [INFO] ============================================================
[2026-05-18 21:37:11] [Reviewer] [INFO] Reviewer Agent 启动
[2026-05-18 21:37:11] [Reviewer] [INFO] ============================================================
[2026-05-18 21:37:11] [Reviewer] [INFO] 正在审查第1743章...
[2026-05-18 21:37:11] [Reviewer] [INFO] 第1748章审查完成：评分 8.5， verdict: 通过
[2026-05-18 21:37:11] [Reviewer] [INFO] 结果: success
[2026-05-18 21:37:11] [Reviewer] [INFO] 第1730章审查完成：评分 8.4， verdict: 通过
[2026-05-18 21:37:11] [Reviewer] [INFO] 结果: success
[2026-05-18 21:37:11] [Reviewer] [INFO] ============================================================
[2026-05-18 21:37:11] [Reviewer] [INFO] Reviewer Agent 启动
[2026-05-18 21:37:11] [Reviewer] [INFO] ============================================================
[2026-05-18 21:37:12] [Reviewer] [INFO] 正在审查第1749章...
[2026-05-18 21:37:12] [Reviewer] [INFO] ============================================================
[2026-05-18 21:37:12] [Reviewer] [INFO] Reviewer Agent 启动
[2026-05-18 21:37:12] [Reviewer] [INFO] ============================================================
[2026-05-18 21:37:12] [Reviewer] [INFO] 正在审查第1731章...
[2026-05-18 21:37:12] [Reviewer] [INFO] 第1724章审查完成：评分 8.8， verdict: 通过
[2026-05-18 21:37:12] [Reviewer] [INFO] 结果: success
[2026-05-18 21:37:12] [Reviewer] [INFO] ============================================================
[2026-05-18 21:37:12] [Reviewer] [INFO] Reviewer Agent 启动
[2026-05-18 21:37:12] [Reviewer] [INFO] ============================================================
[2026-05-18 21:37:12] [Reviewer] [INFO] 正在审查第1725章...
[2026-05-18 21:37:14] [Reviewer] [INFO] 第1734章审查完成：评分 8.6， verdict: 通过
[2026-05-18 21:37:14] [Reviewer] [INFO] 结果: success
[2026-05-18 21:37:14] [Reviewer] [INFO] ============================================================
[2026-05-18 21:37:14] [Reviewer] [INFO] Reviewer Agent 启动
[2026-05-18 21:37:14] [Reviewer] [INFO] ============================================================
[2026-05-18 21:37:14] [Reviewer] [INFO] 正在审查第1735章...
[2026-05-18 21:37:16] [Reviewer] [INFO] 第1740章审查完成：评分 8.5， verdict: 通过
[2026-05-18 21:37:16] [Reviewer] [INFO] 结果: success
[2026-05-18 21:37:16] [Reviewer] [INFO] 第1752章审查完成：评分 8.2， verdict: 通过
[2026-05-18 21:37:16] [Reviewer] [INFO] 结果: success
[2026-05-18 21:37:16] [Reviewer] [INFO] ============================================================
[2026-05-18 21:37:16] [Reviewer] [INFO] Reviewer Agent 启动
[2026-05-18 21:37:16] [Reviewer] [INFO] ============================================================
[2026-05-18 21:37:16] [Reviewer] [INFO] ============================================================
[2026-05-18 21:37:16] [Reviewer] [INFO] Reviewer Agent 启动
[2026-05-18 21:37:16] [Reviewer] [INFO] ============================================================
[2026-05-18 21:37:16] [Reviewer] [INFO] 正在审查第1741章...
[2026-05-18 21:37:16] [Reviewer] [INFO] 正在审查第1753章...
[2026-05-18 21:37:16] [Reviewer] [INFO] 第1732章审查完成：评分 8.2， verdict: 通过
[2026-05-18 21:37:16] [Reviewer] [INFO] 结果: success
[2026-05-18 21:37:16] [Reviewer] [INFO] ============================================================
[2026-05-18 21:37:16] [Reviewer] [INFO] Reviewer Agent 启动
[2026-05-18 21:37:16] [Reviewer] [INFO] ============================================================
[2026-05-18 21:37:16] [Reviewer] [INFO] 正在审查第1733章...
[2026-05-18 21:37:17] [Reviewer] [INFO] 第1738章审查完成：评分 6.8， verdict: 需修改
[2026-05-18 21:37:17] [Reviewer] [INFO] 结果: success
[2026-05-18 21:37:17] [Reviewer] [INFO] ============================================================
[2026-05-18 21:37:17] [Reviewer] [INFO] Reviewer Agent 启动
[2026-05-18 21:37:17] [Reviewer] [INFO] ============================================================
[2026-05-18 21:37:17] [Reviewer] [INFO] 正在审查第1739章...
[2026-05-18 21:37:17] [Reviewer] [INFO] 第1744章审查完成：评分 8.3， verdict: 通过
[2026-05-18 21:37:17] [Reviewer] [INFO] 结果: success
[2026-05-18 21:37:17] [Reviewer] [INFO] ============================================================
[2026-05-18 21:37:17] [Reviewer] [INFO] Reviewer Agent 启动
[2026-05-18 21:37:17] [Reviewer] [INFO] ============================================================
[2026-05-18 21:37:17] [Reviewer] [INFO] 正在审查第1745章...
[2026-05-18 21:37:18] [Reviewer] [INFO] 第1754章审查完成：评分 7.5， verdict: 需修改
[2026-05-18 21:37:18] [Reviewer] [INFO] 结果: success
[2026-05-18 21:37:18] [Reviewer] [INFO] ============================================================
[2026-05-18 21:37:18] [Reviewer] [INFO] Reviewer Agent 启动
[2026-05-18 21:37:18] [Reviewer] [INFO] ============================================================
[2026-05-18 21:37:18] [Reviewer] [INFO] 正在审查第1755章...
[2026-05-18 21:37:19] [Reviewer] [INFO] 第1728章审查完成：评分 8.5， verdict: 通过
[2026-05-18 21:37:19] [Reviewer] [INFO] 结果: success
[2026-05-18 21:37:19] [Reviewer] [INFO] ============================================================
[2026-05-18 21:37:19] [Reviewer] [INFO] Reviewer Agent 启动
[2026-05-18 21:37:19] [Reviewer] [INFO] ============================================================
[2026-05-18 21:37:19] [Reviewer] [INFO] 正在审查第1729章...
[2026-05-18 21:37:19] [Reviewer] [INFO] 第1758章审查完成：评分 8.2， verdict: 通过
[2026-05-18 21:37:19] [Reviewer] [INFO] 结果: success
[2026-05-18 21:37:19] [Reviewer] [INFO] ============================================================
[2026-05-18 21:37:19] [Reviewer] [INFO] Reviewer Agent 启动
[2026-05-18 21:37:19] [Reviewer] [INFO] ============================================================
[2026-05-18 21:37:19] [Reviewer] [INFO] 正在审查第1759章...
[2026-05-18 21:37:20] [Reviewer] [INFO] 第1746章审查完成：评分 8.4， verdict: 通过
[2026-05-18 21:37:20] [Reviewer] [INFO] 结果: success
[2026-05-18 21:37:20] [Reviewer] [INFO] ============================================================
[2026-05-18 21:37:20] [Reviewer] [INFO] Reviewer Agent 启动
[2026-05-18 21:37:20] [Reviewer] [INFO] ============================================================
[2026-05-18 21:37:20] [Reviewer] [INFO] 正在审查第1747章...
[2026-05-18 21:37:20] [Reviewer] [INFO] 第1756章审查完成：评分 8.2， verdict: 通过
[2026-05-18 21:37:20] [Reviewer] [INFO] 结果: success
[2026-05-18 21:37:20] [Reviewer] [INFO] ============================================================
[2026-05-18 21:37:20] [Reviewer] [INFO] Reviewer Agent 启动
[2026-05-18 21:37:20] [Reviewer] [INFO] ============================================================
[2026-05-18 21:37:20] [Reviewer] [INFO] 正在审查第1757章...
[2026-05-18 21:37:20] [Reviewer] [INFO] 第1750章审查完成：评分 7.8， verdict: 通过
[2026-05-18 21:37:20] [Reviewer] [INFO] 结果: success
[2026-05-18 21:37:21] [Reviewer] [INFO] ============================================================
[2026-05-18 21:37:21] [Reviewer] [INFO] Reviewer Agent 启动
[2026-05-18 21:37:21] [Reviewer] [INFO] ============================================================
[2026-05-18 21:37:21] [Reviewer] [INFO] 正在审查第1751章...
[2026-05-18 21:37:22] [Reviewer] [INFO] 第1720章审查完成：评分 8.2， verdict: 通过
[2026-05-18 21:37:22] [Reviewer] [INFO] 结果: success
[2026-05-18 21:37:22] [Reviewer] [INFO] ============================================================
[2026-05-18 21:37:22] [Reviewer] [INFO] Reviewer Agent 启动
[2026-05-18 21:37:22] [Reviewer] [INFO] ============================================================
[2026-05-18 21:37:22] [Reviewer] [INFO] 正在审查第1721章...
[2026-05-18 21:37:23] [Reviewer] [INFO] 第1722章审查完成：评分 8.6， verdict: 通过
[2026-05-18 21:37:23] [Reviewer] [INFO] 结果: success
[2026-05-18 21:37:23] [Reviewer] [INFO] ============================================================
[2026-05-18 21:37:23] [Reviewer] [INFO] Reviewer Agent 启动
[2026-05-18 21:37:23] [Reviewer] [INFO] ============================================================
[2026-05-18 21:37:23] [Reviewer] [INFO] 正在审查第1723章...
[2026-05-18 21:37:31] [Reviewer] [INFO] 第1725章审查完成：评分 7.8， verdict: 需修改
[2026-05-18 21:37:31] [Reviewer] [INFO] 结果: success
[2026-05-18 21:37:31] [Reviewer] [INFO] 第1737章审查完成：评分 8.2， verdict: 通过
[2026-05-18 21:37:31] [Reviewer] [INFO] 结果: success
[2026-05-18 21:37:34] [Reviewer] [INFO] 第1727章审查完成：评分 8.9， verdict: 通过
[2026-05-18 21:37:34] [Reviewer] [INFO] 结果: success
[2026-05-18 21:37:34] [Reviewer] [INFO] 第1743章审查完成：评分 8.5， verdict: 通过
[2026-05-18 21:37:34] [Reviewer] [INFO] 结果: success
[2026-05-18 21:37:35] [Reviewer] [INFO] 第1749章审查完成：评分 8.5， verdict: 通过
[2026-05-18 21:37:35] [Reviewer] [INFO] 结果: success
[2026-05-18 21:37:35] [Reviewer] [INFO] 第1731章审查完成：评分 8.6， verdict: 通过
[2026-05-18 21:37:35] [Reviewer] [INFO] 结果: success
[2026-05-18 21:37:36] [Reviewer] [ERROR] 第1739章审查失败
[2026-05-18 21:37:36] [Reviewer] [INFO] 结果: failed
[2026-05-18 21:37:36] [Reviewer] [INFO] 第1753章审查完成：评分 8.2， verdict: 通过
[2026-05-18 21:37:36] [Reviewer] [INFO] 结果: success
[2026-05-18 21:37:37] [Reviewer] [INFO] 第1741章审查完成：评分 8.5， verdict: 通过
[2026-05-18 21:37:37] [Reviewer] [INFO] 结果: success
[2026-05-18 21:37:39] [Reviewer] [INFO] 第1729章审查完成：评分 8.2， verdict: 通过
[2026-05-18 21:37:39] [Reviewer] [INFO] 结果: success
[2026-05-18 21:37:40] [Reviewer] [INFO] 第1735章审查完成：评分 7.8， verdict: 需修改
[2026-05-18 21:37:40] [Reviewer] [INFO] 结果: success
[2026-05-18 21:37:41] [Reviewer] [INFO] 第1755章审查完成：评分 8.1， verdict: 通过
[2026-05-18 21:37:41] [Reviewer] [INFO] 结果: success
[2026-05-18 21:37:41] [Reviewer] [INFO] 第1733章审查完成：评分 8.2， verdict: 需修改
[2026-05-18 21:37:41] [Reviewer] [INFO] 结果: success
[2026-05-18 21:37:42] [Reviewer] [INFO] 第1721章审查完成：评分 8.2， verdict: 需修改
[2026-05-18 21:37:42] [Reviewer] [INFO] 结果: success
[2026-05-18 21:37:43] [Reviewer] [INFO] 第1759章审查完成：评分 8.5， verdict: 通过
[2026-05-18 21:37:43] [Reviewer] [INFO] 结果: success
[2026-05-18 21:37:43] [Reviewer] [ERROR] 第1757章审查失败
[2026-05-18 21:37:43] [Reviewer] [INFO] 结果: failed
[2026-05-18 21:37:43] [Reviewer] [INFO] 第1723章审查完成：评分 8.6， verdict: 通过
[2026-05-18 21:37:43] [Reviewer] [INFO] 结果: success
[2026-05-18 21:37:44] [Reviewer] [INFO] 第1751章审查完成：评分 8.4， verdict: 通过
[2026-05-18 21:37:44] [Reviewer] [INFO] 结果: success
[2026-05-18 21:37:44] [Reviewer] [INFO] 第1747章审查完成：评分 8.2， verdict: 通过
[2026-05-18 21:37:44] [Reviewer] [INFO] 结果: success
[2026-05-18 21:37:44] [Reviewer] [INFO] 第1745章审查完成：评分 8.7， verdict: 通过
[2026-05-18 21:37:44] [Reviewer] [INFO] 结果: success
[2026-05-18 21:37:46] [Reviewer] [INFO] ============================================================
[2026-05-18 21:37:46] [Reviewer] [INFO] Reviewer Agent 启动
[2026-05-18 21:37:46] [Reviewer] [INFO] ============================================================
[2026-05-18 21:37:46] [Reviewer] [INFO] 正在审查第1762章...
[2026-05-18 21:37:46] [Reviewer] [INFO] ============================================================
[2026-05-18 21:37:46] [Reviewer] [INFO] Reviewer Agent 启动
[2026-05-18 21:37:46] [Reviewer] [INFO] ============================================================
[2026-05-18 21:37:46] [Reviewer] [INFO] ============================================================
[2026-05-18 21:37:46] [Reviewer] [INFO] Reviewer Agent 启动
[2026-05-18 21:37:46] [Reviewer] [INFO] ============================================================
[2026-05-18 21:37:46] [Reviewer] [INFO] 正在审查第1739章...
[2026-05-18 21:37:46] [Reviewer] [INFO] ============================================================
[2026-05-18 21:37:46] [Reviewer] [INFO] Reviewer Agent 启动
[2026-05-18 21:37:46] [Reviewer] [INFO] ============================================================
[2026-05-18 21:37:46] [Reviewer] [INFO] ============================================================
[2026-05-18 21:37:46] [Reviewer] [INFO] Reviewer Agent 启动
[2026-05-18 21:37:46] [Reviewer] [INFO] ============================================================
[2026-05-18 21:37:46] [Reviewer] [INFO] 正在审查第1760章...
[2026-05-18 21:37:46] [Reviewer] [INFO] ============================================================
[2026-05-18 21:37:46] [Reviewer] [INFO] Reviewer Agent 启动
[2026-05-18 21:37:46] [Reviewer] [INFO] ============================================================
[2026-05-18 21:37:46] [Reviewer] [INFO] ============================================================
[2026-05-18 21:37:46] [Reviewer] [INFO] Reviewer Agent 启动
[2026-05-18 21:37:46] [Reviewer] [INFO] ============================================================
[2026-05-18 21:37:46] [Reviewer] [INFO] ============================================================
[2026-05-18 21:37:46] [Reviewer] [INFO] Reviewer Agent 启动
[2026-05-18 21:37:46] [Reviewer] [INFO] ============================================================
[2026-05-18 21:37:46] [Reviewer] [INFO] ============================================================
[2026-05-18 21:37:46] [Reviewer] [INFO] Reviewer Agent 启动
[2026-05-18 21:37:46] [Reviewer] [INFO] ============================================================
[2026-05-18 21:37:46] [Reviewer] [INFO] ============================================================
[2026-05-18 21:37:46] [Reviewer] [INFO] Reviewer Agent 启动
[2026-05-18 21:37:46] [Reviewer] [INFO] ============================================================
[2026-05-18 21:37:46] [Reviewer] [INFO] ============================================================
[2026-05-18 21:37:46] [Reviewer] [INFO] Reviewer Agent 启动
[2026-05-18 21:37:46] [Reviewer] [INFO] ============================================================
[2026-05-18 21:37:46] [Reviewer] [INFO] 正在审查第1766章...
[2026-05-18 21:37:46] [Reviewer] [INFO] 正在审查第1768章...
[2026-05-18 21:37:46] [Reviewer] [INFO] 正在审查第1780章...
[2026-05-18 21:37:46] [Reviewer] [INFO] 正在审查第1776章...
[2026-05-18 21:37:46] [Reviewer] [INFO] ============================================================
[2026-05-18 21:37:46] [Reviewer] [INFO] Reviewer Agent 启动
[2026-05-18 21:37:46] [Reviewer] [INFO] 正在审查第1764章...
[2026-05-18 21:37:46] [Reviewer] [INFO] ============================================================
[2026-05-18 21:37:46] [Reviewer] [INFO] 正在审查第1770章...
[2026-05-18 21:37:46] [Reviewer] [INFO] 正在审查第1772章...
[2026-05-18 21:37:46] [Reviewer] [INFO] 正在审查第1786章...
[2026-05-18 21:37:46] [Reviewer] [INFO] ============================================================
[2026-05-18 21:37:46] [Reviewer] [INFO] Reviewer Agent 启动
[2026-05-18 21:37:46] [Reviewer] [INFO] ============================================================
[2026-05-18 21:37:46] [Reviewer] [INFO] ============================================================
[2026-05-18 21:37:46] [Reviewer] [INFO] Reviewer Agent 启动
[2026-05-18 21:37:46] [Reviewer] [INFO] ============================================================
[2026-05-18 21:37:46] [Reviewer] [INFO] ============================================================
[2026-05-18 21:37:46] [Reviewer] [INFO] Reviewer Agent 启动
[2026-05-18 21:37:46] [Reviewer] [INFO] ============================================================
[2026-05-18 21:37:46] [Reviewer] [INFO] ============================================================
[2026-05-18 21:37:46] [Reviewer] [INFO] Reviewer Agent 启动
[2026-05-18 21:37:46] [Reviewer] [INFO] ============================================================
[2026-05-18 21:37:46] [Reviewer] [INFO] ============================================================
[2026-05-18 21:37:46] [Reviewer] [INFO] Reviewer Agent 启动
[2026-05-18 21:37:46] [Reviewer] [INFO] ============================================================
[2026-05-18 21:37:46] [Reviewer] [INFO] ============================================================
[2026-05-18 21:37:46] [Reviewer] [INFO] Reviewer Agent 启动
[2026-05-18 21:37:46] [Reviewer] [INFO] ============================================================
[2026-05-18 21:37:46] [Reviewer] [INFO] 正在审查第1774章...
[2026-05-18 21:37:46] [Reviewer] [INFO] 正在审查第1790章...
[2026-05-18 21:37:46] [Reviewer] [INFO] 正在审查第1782章...
[2026-05-18 21:37:46] [Reviewer] [INFO] 正在审查第1784章...
[2026-05-18 21:37:46] [Reviewer] [INFO] 正在审查第1778章...
[2026-05-18 21:37:46] [Reviewer] [INFO] 正在审查第1788章...
[2026-05-18 21:37:46] [Reviewer] [INFO] 正在审查第1792章...
[2026-05-18 21:37:46] [Reviewer] [INFO] ============================================================
[2026-05-18 21:37:46] [Reviewer] [INFO] Reviewer Agent 启动
[2026-05-18 21:37:46] [Reviewer] [INFO] Reviewer Agent 启动
[2026-05-18 21:37:46] [Reviewer] [INFO] ============================================================
[2026-05-18 21:37:46] [Reviewer] [INFO] ============================================================
[2026-05-18 21:37:46] [Reviewer] [INFO] 正在审查第1794章...
[2026-05-18 21:37:46] [Reviewer] [INFO] 正在审查第1796章...
[2026-05-18 21:38:06] [Reviewer] [INFO] 第1739章审查完成：评分 8.5， verdict: 通过
[2026-05-18 21:38:06] [Reviewer] [INFO] 结果: success
[2026-05-18 21:38:07] [Reviewer] [INFO] 第1786章审查完成：评分 8.7， verdict: 通过
[2026-05-18 21:38:07] [Reviewer] [INFO] 结果: success
[2026-05-18 21:38:07] [Reviewer] [INFO] ============================================================
[2026-05-18 21:38:07] [Reviewer] [INFO] Reviewer Agent 启动
[2026-05-18 21:38:07] [Reviewer] [INFO] ============================================================
[2026-05-18 21:38:07] [Reviewer] [INFO] 正在审查第1757章...
[2026-05-18 21:38:07] [Reviewer] [INFO] ============================================================
[2026-05-18 21:38:07] [Reviewer] [INFO] Reviewer Agent 启动
[2026-05-18 21:38:07] [Reviewer] [INFO] ============================================================
[2026-05-18 21:38:07] [Reviewer] [INFO] 正在审查第1787章...
[2026-05-18 21:38:08] [Reviewer] [INFO] 第1796章审查完成：评分 8.3， verdict: 需修改
[2026-05-18 21:38:08] [Reviewer] [INFO] 结果: success
[2026-05-18 21:38:08] [Reviewer] [INFO] 第1790章审查完成：评分 8.0， verdict: 通过
[2026-05-18 21:38:08] [Reviewer] [INFO] 结果: success
[2026-05-18 21:38:08] [Reviewer] [INFO] ============================================================
[2026-05-18 21:38:08] [Reviewer] [INFO] Reviewer Agent 启动
[2026-05-18 21:38:08] [Reviewer] [INFO] ============================================================
[2026-05-18 21:38:08] [Reviewer] [INFO] 正在审查第1797章...
[2026-05-18 21:38:08] [Reviewer] [INFO] 第1776章审查完成：评分 8.8， verdict: 通过
[2026-05-18 21:38:08] [Reviewer] [INFO] 结果: success
[2026-05-18 21:38:08] [Reviewer] [INFO] 第1778章审查完成：评分 8.7， verdict: 通过
[2026-05-18 21:38:08] [Reviewer] [INFO] 结果: success
[2026-05-18 21:38:08] [Reviewer] [INFO] ============================================================
[2026-05-18 21:38:08] [Reviewer] [INFO] Reviewer Agent 启动
[2026-05-18 21:38:08] [Reviewer] [INFO] ============================================================
[2026-05-18 21:38:08] [Reviewer] [INFO] ============================================================
[2026-05-18 21:38:08] [Reviewer] [INFO] Reviewer Agent 启动
[2026-05-18 21:38:08] [Reviewer] [INFO] ============================================================
[2026-05-18 21:38:08] [Reviewer] [INFO] 正在审查第1791章...
[2026-05-18 21:38:08] [Reviewer] [INFO] ============================================================
[2026-05-18 21:38:08] [Reviewer] [INFO] Reviewer Agent 启动
[2026-05-18 21:38:08] [Reviewer] [INFO] ============================================================
[2026-05-18 21:38:08] [Reviewer] [INFO] 正在审查第1779章...
[2026-05-18 21:38:08] [Reviewer] [INFO] 正在审查第1777章...
[2026-05-18 21:38:09] [Reviewer] [INFO] 第1768章审查完成：评分 8.5， verdict: 通过
[2026-05-18 21:38:09] [Reviewer] [INFO] 结果: success
[2026-05-18 21:38:09] [Reviewer] [INFO] ============================================================
[2026-05-18 21:38:09] [Reviewer] [INFO] Reviewer Agent 启动
[2026-05-18 21:38:09] [Reviewer] [INFO] ============================================================
[2026-05-18 21:38:09] [Reviewer] [INFO] 正在审查第1769章...
[2026-05-18 21:38:09] [Reviewer] [INFO] 第1762章审查完成：评分 8.2， verdict: 通过
[2026-05-18 21:38:09] [Reviewer] [INFO] 结果: success
[2026-05-18 21:38:09] [Reviewer] [INFO] ============================================================
[2026-05-18 21:38:09] [Reviewer] [INFO] Reviewer Agent 启动
[2026-05-18 21:38:09] [Reviewer] [INFO] ============================================================
[2026-05-18 21:38:09] [Reviewer] [INFO] 正在审查第1763章...
[2026-05-18 21:38:09] [Reviewer] [INFO] 第1784章审查完成：评分 8.6， verdict: 通过
[2026-05-18 21:38:09] [Reviewer] [INFO] 结果: success
[2026-05-18 21:38:09] [Reviewer] [INFO] 第1788章审查完成：评分 8.2， verdict: 通过
[2026-05-18 21:38:09] [Reviewer] [INFO] 结果: success
[2026-05-18 21:38:09] [Reviewer] [INFO] ============================================================
[2026-05-18 21:38:09] [Reviewer] [INFO] Reviewer Agent 启动
[2026-05-18 21:38:09] [Reviewer] [INFO] ============================================================
[2026-05-18 21:38:09] [Reviewer] [INFO] 正在审查第1785章...
[2026-05-18 21:38:10] [Reviewer] [INFO] ============================================================
[2026-05-18 21:38:10] [Reviewer] [INFO] Reviewer Agent 启动
[2026-05-18 21:38:10] [Reviewer] [INFO] ============================================================
[2026-05-18 21:38:10] [Reviewer] [INFO] 正在审查第1789章...
[2026-05-18 21:38:10] [Reviewer] [INFO] 第1782章审查完成：评分 8.4， verdict: 通过
[2026-05-18 21:38:10] [Reviewer] [INFO] 结果: success
[2026-05-18 21:38:10] [Reviewer] [INFO] ============================================================
[2026-05-18 21:38:10] [Reviewer] [INFO] Reviewer Agent 启动
[2026-05-18 21:38:10] [Reviewer] [INFO] ============================================================
[2026-05-18 21:38:10] [Reviewer] [INFO] 正在审查第1783章...
[2026-05-18 21:38:11] [Reviewer] [INFO] 第1794章审查完成：评分 8.3， verdict: 通过
[2026-05-18 21:38:11] [Reviewer] [INFO] 结果: success
[2026-05-18 21:38:11] [Reviewer] [INFO] 第1780章审查完成：评分 7.2， verdict: 需修改
[2026-05-18 21:38:11] [Reviewer] [INFO] 结果: success
[2026-05-18 21:38:11] [Reviewer] [INFO] ============================================================
[2026-05-18 21:38:11] [Reviewer] [INFO] Reviewer Agent 启动
[2026-05-18 21:38:11] [Reviewer] [INFO] ============================================================
[2026-05-18 21:38:11] [Reviewer] [INFO] 正在审查第1795章...
[2026-05-18 21:38:11] [Reviewer] [INFO] 第1766章审查完成：评分 8.2， verdict: 通过
[2026-05-18 21:38:11] [Reviewer] [INFO] 结果: success
[2026-05-18 21:38:11] [Reviewer] [INFO] ============================================================
[2026-05-18 21:38:11] [Reviewer] [INFO] Reviewer Agent 启动
[2026-05-18 21:38:11] [Reviewer] [INFO] ============================================================
[2026-05-18 21:38:11] [Reviewer] [INFO] 正在审查第1781章...
[2026-05-18 21:38:11] [Reviewer] [INFO] ============================================================
[2026-05-18 21:38:11] [Reviewer] [INFO] Reviewer Agent 启动
[2026-05-18 21:38:11] [Reviewer] [INFO] ============================================================
[2026-05-18 21:38:11] [Reviewer] [INFO] 正在审查第1767章...
[2026-05-18 21:38:11] [Reviewer] [INFO] 第1792章审查完成：评分 8.5， verdict: 通过
[2026-05-18 21:38:11] [Reviewer] [INFO] 结果: success
[2026-05-18 21:38:11] [Reviewer] [INFO] ============================================================
[2026-05-18 21:38:11] [Reviewer] [INFO] Reviewer Agent 启动
[2026-05-18 21:38:11] [Reviewer] [INFO] ============================================================
[2026-05-18 21:38:11] [Reviewer] [INFO] 正在审查第1793章...
[2026-05-18 21:38:12] [Reviewer] [INFO] 第1764章审查完成：评分 8.0， verdict: 通过
[2026-05-18 21:38:12] [Reviewer] [INFO] 结果: success
[2026-05-18 21:38:12] [Reviewer] [INFO] ============================================================
[2026-05-18 21:38:12] [Reviewer] [INFO] Reviewer Agent 启动
[2026-05-18 21:38:12] [Reviewer] [INFO] ============================================================
[2026-05-18 21:38:12] [Reviewer] [INFO] 正在审查第1765章...
[2026-05-18 21:38:13] [Reviewer] [INFO] 第1760章审查完成：评分 7.8， verdict: 需修改
[2026-05-18 21:38:13] [Reviewer] [INFO] 结果: success
[2026-05-18 21:38:13] [Reviewer] [INFO] ============================================================
[2026-05-18 21:38:13] [Reviewer] [INFO] Reviewer Agent 启动
[2026-05-18 21:38:13] [Reviewer] [INFO] ============================================================
[2026-05-18 21:38:13] [Reviewer] [INFO] 正在审查第1761章...
[2026-05-18 21:38:14] [Reviewer] [INFO] 第1774章审查完成：评分 8.3， verdict: 通过
[2026-05-18 21:38:14] [Reviewer] [INFO] 结果: success
[2026-05-18 21:38:14] [Reviewer] [INFO] ============================================================
[2026-05-18 21:38:14] [Reviewer] [INFO] Reviewer Agent 启动
[2026-05-18 21:38:14] [Reviewer] [INFO] ============================================================
[2026-05-18 21:38:14] [Reviewer] [INFO] 正在审查第1775章...
[2026-05-18 21:38:17] [Reviewer] [INFO] 第1772章审查完成：评分 8.4， verdict: 通过
[2026-05-18 21:38:17] [Reviewer] [INFO] 结果: success
[2026-05-18 21:38:17] [Reviewer] [INFO] ============================================================
[2026-05-18 21:38:17] [Reviewer] [INFO] Reviewer Agent 启动
[2026-05-18 21:38:17] [Reviewer] [INFO] ============================================================
[2026-05-18 21:38:17] [Reviewer] [INFO] 正在审查第1773章...
[2026-05-18 21:38:17] [Reviewer] [INFO] 第1770章审查完成：评分 8.3， verdict: 需修改
[2026-05-18 21:38:17] [Reviewer] [INFO] 结果: success
[2026-05-18 21:38:17] [Reviewer] [INFO] ============================================================
[2026-05-18 21:38:17] [Reviewer] [INFO] Reviewer Agent 启动
[2026-05-18 21:38:17] [Reviewer] [INFO] ============================================================
[2026-05-18 21:38:17] [Reviewer] [INFO] 正在审查第1771章...
[2026-05-18 21:38:25] [Reviewer] [INFO] 第1789章审查完成：评分 8.8， verdict: 通过
[2026-05-18 21:38:25] [Reviewer] [INFO] 结果: success
[2026-05-18 21:38:28] [Reviewer] [INFO] 第1765章审查完成：评分 8.7， verdict: 通过
[2026-05-18 21:38:28] [Reviewer] [INFO] 结果: success
[2026-05-18 21:38:29] [Reviewer] [INFO] 第1757章审查完成：评分 8.6， verdict: 通过
[2026-05-18 21:38:29] [Reviewer] [INFO] 结果: success
[2026-05-18 21:38:29] [Reviewer] [INFO] 第1779章审查完成：评分 8.4， verdict: 通过
[2026-05-18 21:38:29] [Reviewer] [INFO] 结果: success
[2026-05-18 21:38:30] [Reviewer] [INFO] 第1781章审查完成：评分 8.3， verdict: 需修改
[2026-05-18 21:38:30] [Reviewer] [INFO] 结果: success
[2026-05-18 21:38:30] [Reviewer] [INFO] 第1769章审查完成：评分 6.5， verdict: 需修改
[2026-05-18 21:38:30] [Reviewer] [INFO] 结果: success
[2026-05-18 21:38:31] [Reviewer] [INFO] 第1763章审查完成：评分 8.2， verdict: 通过
[2026-05-18 21:38:31] [Reviewer] [INFO] 结果: success
[2026-05-18 21:38:32] [Reviewer] [INFO] 第1783章审查完成：评分 8.3， verdict: 通过
[2026-05-18 21:38:32] [Reviewer] [INFO] 结果: success
[2026-05-18 21:38:32] [Reviewer] [INFO] 第1791章审查完成：评分 8.8， verdict: 通过
[2026-05-18 21:38:32] [Reviewer] [INFO] 结果: success
[2026-05-18 21:38:33] [Reviewer] [INFO] 第1797章审查完成：评分 7.6， verdict: 需修改
[2026-05-18 21:38:33] [Reviewer] [INFO] 结果: success
[2026-05-18 21:38:34] [Reviewer] [INFO] 第1785章审查完成：评分 8.0， verdict: 通过
[2026-05-18 21:38:34] [Reviewer] [INFO] 结果: success
[2026-05-18 21:38:34] [Reviewer] [INFO] 第1795章审查完成：评分 8.5， verdict: 通过
[2026-05-18 21:38:34] [Reviewer] [INFO] 结果: success
[2026-05-18 21:38:36] [Reviewer] [INFO] 第1775章审查完成：评分 8.5， verdict: 通过
[2026-05-18 21:38:36] [Reviewer] [INFO] 结果: success
[2026-05-18 21:38:38] [Reviewer] [INFO] 第1767章审查完成：评分 8.2， verdict: 通过
[2026-05-18 21:38:38] [Reviewer] [INFO] 结果: success
[2026-05-18 21:38:39] [Reviewer] [INFO] 第1773章审查完成：评分 7.8， verdict: 通过
[2026-05-18 21:38:39] [Reviewer] [INFO] 结果: success
[2026-05-18 21:38:39] [Reviewer] [INFO] 第1777章审查完成：评分 8.2， verdict: 通过
[2026-05-18 21:38:39] [Reviewer] [INFO] 结果: success
[2026-05-18 21:38:40] [Reviewer] [INFO] 第1787章审查完成：评分 8.3， verdict: 通过
[2026-05-18 21:38:40] [Reviewer] [INFO] 结果: success
[2026-05-18 21:38:40] [Reviewer] [INFO] 第1771章审查完成：评分 8.3， verdict: 通过
[2026-05-18 21:38:40] [Reviewer] [INFO] 结果: success
[2026-05-18 21:38:40] [Reviewer] [INFO] 第1793章审查完成：评分 7.8， verdict: 需修改
[2026-05-18 21:38:40] [Reviewer] [INFO] 结果: success
[2026-05-18 21:38:41] [Reviewer] [INFO] 第1761章审查完成：评分 8.7， verdict: 通过
[2026-05-18 21:38:41] [Reviewer] [INFO] 结果: success
[2026-05-18 21:38:42] [Reviewer] [INFO] ============================================================
[2026-05-18 21:38:42] [Reviewer] [INFO] Reviewer Agent 启动
[2026-05-18 21:38:42] [Reviewer] [INFO] ============================================================
[2026-05-18 21:38:42] [Reviewer] [INFO] 正在审查第1798章...
[2026-05-18 21:38:42] [Reviewer] [INFO] ============================================================
[2026-05-18 21:38:42] [Reviewer] [INFO] Reviewer Agent 启动
[2026-05-18 21:38:42] [Reviewer] [INFO] ============================================================
[2026-05-18 21:38:43] [Reviewer] [INFO] 正在审查第1800章...
[2026-05-18 21:38:43] [Reviewer] [INFO] ============================================================
[2026-05-18 21:38:43] [Reviewer] [INFO] Reviewer Agent 启动
[2026-05-18 21:38:43] [Reviewer] [INFO] ============================================================
[2026-05-18 21:38:43] [Reviewer] [INFO] ============================================================
[2026-05-18 21:38:43] [Reviewer] [INFO] Reviewer Agent 启动
[2026-05-18 21:38:43] [Reviewer] [INFO] ============================================================
[2026-05-18 21:38:43] [Reviewer] [INFO] ============================================================
[2026-05-18 21:38:43] [Reviewer] [INFO] Reviewer Agent 启动
[2026-05-18 21:38:43] [Reviewer] [INFO] 正在审查第1802章...
[2026-05-18 21:38:43] [Reviewer] [INFO] ============================================================
[2026-05-18 21:38:43] [Reviewer] [INFO] 正在审查第1804章...
[2026-05-18 21:38:43] [Reviewer] [INFO] ============================================================
[2026-05-18 21:38:43] [Reviewer] [INFO] Reviewer Agent 启动
[2026-05-18 21:38:43] [Reviewer] [INFO] ============================================================
[2026-05-18 21:38:43] [Reviewer] [INFO] ============================================================
[2026-05-18 21:38:43] [Reviewer] [INFO] Reviewer Agent 启动
[2026-05-18 21:38:43] [Reviewer] [INFO] ============================================================
[2026-05-18 21:38:43] [Reviewer] [INFO] ============================================================
[2026-05-18 21:38:43] [Reviewer] [INFO] Reviewer Agent 启动
[2026-05-18 21:38:43] [Reviewer] [INFO] ============================================================
[2026-05-18 21:38:43] [Reviewer] [INFO] 正在审查第1806章...
[2026-05-18 21:38:43] [Reviewer] [INFO] 正在审查第1810章...
[2026-05-18 21:38:43] [Reviewer] [INFO] ============================================================
[2026-05-18 21:38:43] [Reviewer] [INFO] Reviewer Agent 启动
[2026-05-18 21:38:43] [Reviewer] [INFO] ============================================================
[2026-05-18 21:38:43] [Reviewer] [INFO] Reviewer Agent 启动
[2026-05-18 21:38:43] [Reviewer] [INFO] ============================================================
[2026-05-18 21:38:43] [Reviewer] [INFO] 正在审查第1814章...
[2026-05-18 21:38:43] [Reviewer] [INFO] 正在审查第1808章...
[2026-05-18 21:38:43] [Reviewer] [INFO] 正在审查第1812章...
[2026-05-18 21:38:43] [Reviewer] [INFO] 正在审查第1816章...
[2026-05-18 21:38:43] [Reviewer] [INFO] ============================================================
[2026-05-18 21:38:43] [Reviewer] [INFO] Reviewer Agent 启动
[2026-05-18 21:38:43] [Reviewer] [INFO] ============================================================
[2026-05-18 21:38:43] [Reviewer] [INFO] ============================================================
[2026-05-18 21:38:43] [Reviewer] [INFO] Reviewer Agent 启动
[2026-05-18 21:38:43] [Reviewer] [INFO] ============================================================
[2026-05-18 21:38:43] [Reviewer] [INFO] 正在审查第1818章...
[2026-05-18 21:38:43] [Reviewer] [INFO] 正在审查第1822章...
[2026-05-18 21:38:43] [Reviewer] [INFO] ============================================================
[2026-05-18 21:38:43] [Reviewer] [INFO] Reviewer Agent 启动
[2026-05-18 21:38:43] [Reviewer] [INFO] ============================================================
[2026-05-18 21:38:43] [Reviewer] [INFO] ============================================================
[2026-05-18 21:38:43] [Reviewer] [INFO] Reviewer Agent 启动
[2026-05-18 21:38:43] [Reviewer] [INFO] ============================================================
[2026-05-18 21:38:43] [Reviewer] [INFO] ============================================================
[2026-05-18 21:38:43] [Reviewer] [INFO] Reviewer Agent 启动
[2026-05-18 21:38:43] [Reviewer] [INFO] ============================================================
[2026-05-18 21:38:43] [Reviewer] [INFO] 正在审查第1826章...
[2026-05-18 21:38:43] [Reviewer] [INFO] 正在审查第1828章...
[2026-05-18 21:38:43] [Reviewer] [INFO] 正在审查第1824章...
[2026-05-18 21:38:43] [Reviewer] [INFO] ============================================================
[2026-05-18 21:38:43] [Reviewer] [INFO] Reviewer Agent 启动
[2026-05-18 21:38:43] [Reviewer] [INFO] ============================================================
[2026-05-18 21:38:43] [Reviewer] [INFO] ============================================================
[2026-05-18 21:38:43] [Reviewer] [INFO] Reviewer Agent 启动
[2026-05-18 21:38:43] [Reviewer] [INFO] ============================================================
[2026-05-18 21:38:43] [Reviewer] [INFO] ============================================================
[2026-05-18 21:38:43] [Reviewer] [INFO] Reviewer Agent 启动
[2026-05-18 21:38:43] [Reviewer] [INFO] ============================================================
[2026-05-18 21:38:43] [Reviewer] [INFO] 正在审查第1820章...
[2026-05-18 21:38:43] [Reviewer] [INFO] 正在审查第1836章...
[2026-05-18 21:38:43] [Reviewer] [INFO] 正在审查第1834章...
[2026-05-18 21:38:43] [Reviewer] [INFO] ============================================================
[2026-05-18 21:38:43] [Reviewer] [INFO] Reviewer Agent 启动
[2026-05-18 21:38:43] [Reviewer] [INFO] ============================================================
[2026-05-18 21:38:43] [Reviewer] [INFO] 正在审查第1830章...
[2026-05-18 21:38:43] [Reviewer] [INFO] ============================================================
[2026-05-18 21:38:43] [Reviewer] [INFO] Reviewer Agent 启动
[2026-05-18 21:38:43] [Reviewer] [INFO] ============================================================
[2026-05-18 21:38:43] [Reviewer] [INFO] 正在审查第1832章...
[2026-05-18 21:39:03] [Reviewer] [INFO] 第1828章审查完成：评分 8.5， verdict: 通过
[2026-05-18 21:39:03] [Reviewer] [INFO] 结果: success
[2026-05-18 21:39:03] [Reviewer] [INFO] ============================================================
[2026-05-18 21:39:03] [Reviewer] [INFO] Reviewer Agent 启动
[2026-05-18 21:39:03] [Reviewer] [INFO] ============================================================
[2026-05-18 21:39:03] [Reviewer] [INFO] 正在审查第1829章...
[2026-05-18 21:39:04] [Reviewer] [INFO] 第1836章审查完成：评分 8.2， verdict: 需修改
[2026-05-18 21:39:04] [Reviewer] [INFO] 结果: success
[2026-05-18 21:39:04] [Reviewer] [INFO] ============================================================
[2026-05-18 21:39:04] [Reviewer] [INFO] Reviewer Agent 启动
[2026-05-18 21:39:04] [Reviewer] [INFO] ============================================================
[2026-05-18 21:39:04] [Reviewer] [INFO] 正在审查第1837章...
[2026-05-18 21:39:05] [Reviewer] [INFO] 第1802章审查完成：评分 8.6， verdict: 通过
[2026-05-18 21:39:05] [Reviewer] [INFO] 结果: success
[2026-05-18 21:39:05] [Reviewer] [INFO] ============================================================
[2026-05-18 21:39:05] [Reviewer] [INFO] Reviewer Agent 启动
[2026-05-18 21:39:05] [Reviewer] [INFO] ============================================================
[2026-05-18 21:39:05] [Reviewer] [INFO] 正在审查第1803章...
[2026-05-18 21:39:05] [Reviewer] [INFO] 第1820章审查完成：评分 7.8， verdict: 通过
[2026-05-18 21:39:05] [Reviewer] [INFO] 结果: success
[2026-05-18 21:39:05] [Reviewer] [INFO] ============================================================
[2026-05-18 21:39:05] [Reviewer] [INFO] Reviewer Agent 启动
[2026-05-18 21:39:05] [Reviewer] [INFO] ============================================================
[2026-05-18 21:39:05] [Reviewer] [INFO] 正在审查第1821章...
[2026-05-18 21:39:05] [Reviewer] [INFO] 第1800章审查完成：评分 8.0， verdict: 通过
[2026-05-18 21:39:05] [Reviewer] [INFO] 结果: success
[2026-05-18 21:39:05] [Reviewer] [INFO] ============================================================
[2026-05-18 21:39:05] [Reviewer] [INFO] Reviewer Agent 启动
[2026-05-18 21:39:05] [Reviewer] [INFO] ============================================================
[2026-05-18 21:39:05] [Reviewer] [INFO] 正在审查第1801章...
[2026-05-18 21:39:06] [Reviewer] [INFO] 第1806章审查完成：评分 8.4， verdict: 通过
[2026-05-18 21:39:06] [Reviewer] [INFO] 结果: success
[2026-05-18 21:39:06] [Reviewer] [INFO] 第1834章审查完成：评分 7.3， verdict: 需修改
[2026-05-18 21:39:06] [Reviewer] [INFO] 结果: success
[2026-05-18 21:39:06] [Reviewer] [INFO] ============================================================
[2026-05-18 21:39:06] [Reviewer] [INFO] Reviewer Agent 启动
[2026-05-18 21:39:06] [Reviewer] [INFO] ============================================================
[2026-05-18 21:39:06] [Reviewer] [INFO] 正在审查第1807章...
[2026-05-18 21:39:06] [Reviewer] [INFO] ============================================================
[2026-05-18 21:39:06] [Reviewer] [INFO] Reviewer Agent 启动
[2026-05-18 21:39:06] [Reviewer] [INFO] ============================================================
[2026-05-18 21:39:06] [Reviewer] [INFO] 正在审查第1835章...
[2026-05-18 21:39:07] [Reviewer] [INFO] 第1822章审查完成：评分 8.5， verdict: 通过
[2026-05-18 21:39:07] [Reviewer] [INFO] 结果: success
[2026-05-18 21:39:07] [Reviewer] [INFO] ============================================================
[2026-05-18 21:39:07] [Reviewer] [INFO] Reviewer Agent 启动
[2026-05-18 21:39:07] [Reviewer] [INFO] ============================================================
[2026-05-18 21:39:07] [Reviewer] [INFO] 正在审查第1823章...
[2026-05-18 21:39:08] [Reviewer] [INFO] 第1830章审查完成：评分 8.5， verdict: 通过
[2026-05-18 21:39:08] [Reviewer] [INFO] 结果: success
[2026-05-18 21:39:09] [Reviewer] [INFO] ============================================================
[2026-05-18 21:39:09] [Reviewer] [INFO] Reviewer Agent 启动
[2026-05-18 21:39:09] [Reviewer] [INFO] ============================================================
[2026-05-18 21:39:09] [Reviewer] [INFO] 正在审查第1831章...
[2026-05-18 21:39:09] [Reviewer] [INFO] 第1798章审查完成：评分 7.8， verdict: 需修改
[2026-05-18 21:39:09] [Reviewer] [INFO] 结果: success
[2026-05-18 21:39:09] [Reviewer] [INFO] ============================================================
[2026-05-18 21:39:09] [Reviewer] [INFO] Reviewer Agent 启动
[2026-05-18 21:39:09] [Reviewer] [INFO] ============================================================
[2026-05-18 21:39:09] [Reviewer] [INFO] 正在审查第1799章...
[2026-05-18 21:39:09] [Reviewer] [INFO] 第1808章审查完成：评分 8.6， verdict: 通过
[2026-05-18 21:39:09] [Reviewer] [INFO] 结果: success
[2026-05-18 21:39:09] [Reviewer] [INFO] ============================================================
[2026-05-18 21:39:09] [Reviewer] [INFO] Reviewer Agent 启动
[2026-05-18 21:39:09] [Reviewer] [INFO] ============================================================
[2026-05-18 21:39:09] [Reviewer] [INFO] 正在审查第1809章...
[2026-05-18 21:39:10] [Reviewer] [INFO] 第1818章审查完成：评分 8.5， verdict: 通过
[2026-05-18 21:39:10] [Reviewer] [INFO] 结果: success
[2026-05-18 21:39:10] [Reviewer] [INFO] ============================================================
[2026-05-18 21:39:10] [Reviewer] [INFO] Reviewer Agent 启动
[2026-05-18 21:39:10] [Reviewer] [INFO] ============================================================
[2026-05-18 21:39:10] [Reviewer] [INFO] 正在审查第1819章...
[2026-05-18 21:39:12] [Reviewer] [INFO] 第1816章审查完成：评分 8.0， verdict: 通过
[2026-05-18 21:39:12] [Reviewer] [INFO] 结果: success
[2026-05-18 21:39:12] [Reviewer] [INFO] 第1810章审查完成：评分 8.6， verdict: 通过
[2026-05-18 21:39:12] [Reviewer] [INFO] 结果: success
[2026-05-18 21:39:12] [Reviewer] [INFO] 第1814章审查完成：评分 8.7， verdict: 通过
[2026-05-18 21:39:12] [Reviewer] [INFO] 结果: success
[2026-05-18 21:39:12] [Reviewer] [INFO] ============================================================
[2026-05-18 21:39:12] [Reviewer] [INFO] Reviewer Agent 启动
[2026-05-18 21:39:12] [Reviewer] [INFO] ============================================================
[2026-05-18 21:39:12] [Reviewer] [INFO] 正在审查第1817章...
[2026-05-18 21:39:12] [Reviewer] [INFO] ============================================================
[2026-05-18 21:39:12] [Reviewer] [INFO] Reviewer Agent 启动
[2026-05-18 21:39:12] [Reviewer] [INFO] ============================================================
[2026-05-18 21:39:12] [Reviewer] [INFO] ============================================================
[2026-05-18 21:39:12] [Reviewer] [INFO] Reviewer Agent 启动
[2026-05-18 21:39:12] [Reviewer] [INFO] ============================================================
[2026-05-18 21:39:12] [Reviewer] [INFO] 正在审查第1815章...
[2026-05-18 21:39:12] [Reviewer] [INFO] 正在审查第1811章...
[2026-05-18 21:39:12] [Reviewer] [INFO] 第1804章审查完成：评分 8.5， verdict: 通过
[2026-05-18 21:39:12] [Reviewer] [INFO] 结果: success
[2026-05-18 21:39:13] [Reviewer] [INFO] ============================================================
[2026-05-18 21:39:13] [Reviewer] [INFO] Reviewer Agent 启动
[2026-05-18 21:39:13] [Reviewer] [INFO] ============================================================
[2026-05-18 21:39:13] [Reviewer] [INFO] 正在审查第1805章...
[2026-05-18 21:39:14] [Reviewer] [INFO] 第1832章审查完成：评分 8.0， verdict: 通过
[2026-05-18 21:39:14] [Reviewer] [INFO] 结果: success
[2026-05-18 21:39:14] [Reviewer] [INFO] ============================================================
[2026-05-18 21:39:14] [Reviewer] [INFO] Reviewer Agent 启动
[2026-05-18 21:39:14] [Reviewer] [INFO] ============================================================
[2026-05-18 21:39:14] [Reviewer] [INFO] 正在审查第1833章...
[2026-05-18 21:39:14] [Reviewer] [INFO] 第1824章审查完成：评分 8.3， verdict: 通过
[2026-05-18 21:39:14] [Reviewer] [INFO] 结果: success
[2026-05-18 21:39:14] [Reviewer] [INFO] ============================================================
[2026-05-18 21:39:14] [Reviewer] [INFO] Reviewer Agent 启动
[2026-05-18 21:39:14] [Reviewer] [INFO] ============================================================
[2026-05-18 21:39:14] [Reviewer] [INFO] 正在审查第1825章...
[2026-05-18 21:39:14] [Reviewer] [INFO] 第1812章审查完成：评分 7.8， verdict: 需修改
[2026-05-18 21:39:14] [Reviewer] [INFO] 结果: success
[2026-05-18 21:39:14] [Reviewer] [INFO] ============================================================
[2026-05-18 21:39:14] [Reviewer] [INFO] Reviewer Agent 启动
[2026-05-18 21:39:14] [Reviewer] [INFO] ============================================================
[2026-05-18 21:39:14] [Reviewer] [INFO] 正在审查第1813章...
[2026-05-18 21:39:17] [Reviewer] [INFO] 第1826章审查完成：评分 8.4， verdict: 通过
[2026-05-18 21:39:17] [Reviewer] [INFO] 结果: success
[2026-05-18 21:39:17] [Reviewer] [INFO] ============================================================
[2026-05-18 21:39:17] [Reviewer] [INFO] Reviewer Agent 启动
[2026-05-18 21:39:17] [Reviewer] [INFO] ============================================================
[2026-05-18 21:39:17] [Reviewer] [INFO] 正在审查第1827章...
[2026-05-18 21:39:23] [Reviewer] [INFO] 第1829章审查完成：评分 8.5， verdict: 通过
[2026-05-18 21:39:23] [Reviewer] [INFO] 结果: success
[2026-05-18 21:39:23] [Reviewer] [INFO] 第1823章审查完成：评分 8.4， verdict: 通过
[2026-05-18 21:39:23] [Reviewer] [INFO] 结果: success
[2026-05-18 21:39:24] [Reviewer] [INFO] 第1821章审查完成：评分 8.5， verdict: 通过
[2026-05-18 21:39:24] [Reviewer] [INFO] 结果: success
[2026-05-18 21:39:25] [Reviewer] [INFO] 第1837章审查完成：评分 8.5， verdict: 通过
[2026-05-18 21:39:25] [Reviewer] [INFO] 结果: success
[2026-05-18 21:39:26] [Reviewer] [INFO] 第1803章审查完成：评分 7.8， verdict: 通过
[2026-05-18 21:39:26] [Reviewer] [INFO] 结果: success
[2026-05-18 21:39:30] [Reviewer] [INFO] 第1807章审查完成：评分 8.5， verdict: 通过
[2026-05-18 21:39:30] [Reviewer] [INFO] 结果: success
[2026-05-18 21:39:30] [Reviewer] [INFO] 第1809章审查完成：评分 8.1， verdict: 通过
[2026-05-18 21:39:30] [Reviewer] [INFO] 结果: success
[2026-05-18 21:39:30] [Reviewer] [INFO] 第1799章审查完成：评分 8.2， verdict: 需修改
[2026-05-18 21:39:30] [Reviewer] [INFO] 结果: success
[2026-05-18 21:39:30] [Reviewer] [INFO] 第1801章审查完成：评分 9.0， verdict: 通过
[2026-05-18 21:39:30] [Reviewer] [INFO] 结果: success
[2026-05-18 21:39:31] [Reviewer] [INFO] 第1831章审查完成：评分 8.3， verdict: 通过
[2026-05-18 21:39:31] [Reviewer] [INFO] 结果: success
[2026-05-18 21:39:31] [Reviewer] [INFO] 第1805章审查完成：评分 8.4， verdict: 通过
[2026-05-18 21:39:31] [Reviewer] [INFO] 结果: success
[2026-05-18 21:39:32] [Reviewer] [INFO] 第1817章审查完成：评分 8.5， verdict: 通过
[2026-05-18 21:39:32] [Reviewer] [INFO] 结果: success
[2026-05-18 21:39:32] [Reviewer] [INFO] 第1819章审查完成：评分 8.3， verdict: 通过
[2026-05-18 21:39:32] [Reviewer] [INFO] 结果: success
[2026-05-18 21:39:32] [Reviewer] [INFO] 第1811章审查完成：评分 8.4， verdict: 通过
[2026-05-18 21:39:32] [Reviewer] [INFO] 结果: success
[2026-05-18 21:39:35] [Reviewer] [INFO] 第1815章审查完成：评分 8.4， verdict: 通过
[2026-05-18 21:39:35] [Reviewer] [INFO] 结果: success
[2026-05-18 21:39:36] [Reviewer] [INFO] 第1825章审查完成：评分 8.5， verdict: 通过
[2026-05-18 21:39:36] [Reviewer] [INFO] 结果: success
[2026-05-18 21:39:37] [Reviewer] [INFO] 第1827章审查完成：评分 8.2， verdict: 通过
[2026-05-18 21:39:37] [Reviewer] [INFO] 结果: success
[2026-05-18 21:39:37] [Reviewer] [INFO] 第1835章审查完成：评分 8.8， verdict: 通过
[2026-05-18 21:39:37] [Reviewer] [INFO] 结果: success
[2026-05-18 21:39:40] [Reviewer] [INFO] 第1833章审查完成：评分 7.8， verdict: 需修改
[2026-05-18 21:39:40] [Reviewer] [INFO] 结果: success
[2026-05-18 21:39:41] [Reviewer] [INFO] 第1813章审查完成：评分 8.4， verdict: 通过
[2026-05-18 21:39:41] [Reviewer] [INFO] 结果: success
[2026-05-18 21:39:44] [Reviewer] [INFO] ============================================================
[2026-05-18 21:39:44] [Reviewer] [INFO] Reviewer Agent 启动
[2026-05-18 21:39:44] [Reviewer] [INFO] ============================================================
[2026-05-18 21:39:44] [Reviewer] [INFO] 正在审查第1844章...
[2026-05-18 21:39:44] [Reviewer] [INFO] ============================================================
[2026-05-18 21:39:44] [Reviewer] [INFO] Reviewer Agent 启动
[2026-05-18 21:39:44] [Reviewer] [INFO] ============================================================
[2026-05-18 21:39:44] [Reviewer] [INFO] ============================================================
[2026-05-18 21:39:44] [Reviewer] [INFO] Reviewer Agent 启动
[2026-05-18 21:39:44] [Reviewer] [INFO] ============================================================
[2026-05-18 21:39:44] [Reviewer] [INFO] ============================================================
[2026-05-18 21:39:44] [Reviewer] [INFO] Reviewer Agent 启动
[2026-05-18 21:39:44] [Reviewer] [INFO] ============================================================
[2026-05-18 21:39:44] [Reviewer] [INFO] 正在审查第1842章...
[2026-05-18 21:39:44] [Reviewer] [INFO] 正在审查第1838章...
[2026-05-18 21:39:44] [Reviewer] [INFO] 正在审查第1840章...
[2026-05-18 21:39:44] [Reviewer] [INFO] ============================================================
[2026-05-18 21:39:44] [Reviewer] [INFO] Reviewer Agent 启动
[2026-05-18 21:39:44] [Reviewer] [INFO] ============================================================
[2026-05-18 21:39:44] [Reviewer] [INFO] ============================================================
[2026-05-18 21:39:44] [Reviewer] [INFO] Reviewer Agent 启动
[2026-05-18 21:39:44] [Reviewer] [INFO] ============================================================
[2026-05-18 21:39:44] [Reviewer] [INFO] ============================================================
[2026-05-18 21:39:44] [Reviewer] [INFO] Reviewer Agent 启动
[2026-05-18 21:39:44] [Reviewer] [INFO] ============================================================
[2026-05-18 21:39:44] [Reviewer] [INFO] 正在审查第1858章...
[2026-05-18 21:39:44] [Reviewer] [INFO] 正在审查第1846章...
[2026-05-18 21:39:44] [Reviewer] [INFO] 正在审查第1848章...
[2026-05-18 21:39:44] [Reviewer] [INFO] ============================================================
[2026-05-18 21:39:44] [Reviewer] [INFO] Reviewer Agent 启动
[2026-05-18 21:39:44] [Reviewer] [INFO] ============================================================
[2026-05-18 21:39:44] [Reviewer] [INFO] ============================================================
[2026-05-18 21:39:44] [Reviewer] [INFO] Reviewer Agent 启动
[2026-05-18 21:39:44] [Reviewer] [INFO] ============================================================
[2026-05-18 21:39:44] [Reviewer] [INFO] 正在审查第1850章...
[2026-05-18 21:39:44] [Reviewer] [INFO] 正在审查第1854章...
[2026-05-18 21:39:44] [Reviewer] [INFO] ============================================================
[2026-05-18 21:39:44] [Reviewer] [INFO] ============================================================
[2026-05-18 21:39:44] [Reviewer] [INFO] Reviewer Agent 启动
=====================================
[2026-05-18 21:39:44] [Reviewer] [INFO] Reviewer Agent 启动
[2026-05-18 21:39:44] [Reviewer] [INFO] Reviewer Agent 启动
[2026-05-18 21:39:44] [Reviewer] [INFO] ============================================================
[2026-05-18 21:39:44] [Reviewer] [INFO] ============================================================
[2026-05-18 21:39:44] [Reviewer] [INFO] ============================================================
[2026-05-18 21:39:44] [Reviewer] [INFO] ============================================================
[2026-05-18 21:39:44] [Reviewer] [INFO] Reviewer Agent 启动
[2026-05-18 21:39:44] [Reviewer] [INFO] ============================================================
[2026-05-18 21:39:44] [Reviewer] [INFO] 正在审查第1856章...
[2026-05-18 21:39:44] [Reviewer] [INFO] 正在审查第1860章...
[2026-05-18 21:39:44] [Reviewer] [INFO] 正在审查第1866章...
[2026-05-18 21:39:44] [Reviewer] [INFO] 正在审查第1852章...
[2026-05-18 21:39:44] [Reviewer] [INFO] ============================================================
[2026-05-18 21:39:44] [Reviewer] [INFO] Reviewer Agent 启动
[2026-05-18 21:39:44] [Reviewer] [INFO] ============================================================
[2026-05-18 21:39:44] [Reviewer] [INFO] ============================================================
[2026-05-18 21:39:44] [Reviewer] [INFO] Reviewer Agent 启动
[2026-05-18 21:39:44] [Reviewer] [INFO] ============================================================
[2026-05-18 21:39:44] [Reviewer] [INFO] ============================================================
[2026-05-18 21:39:44] [Reviewer] [INFO] Reviewer Agent 启动
[2026-05-18 21:39:44] [Reviewer] [INFO] ============================================================
[2026-05-18 21:39:44] [Reviewer] [INFO] 正在审查第1862章...
[2026-05-18 21:39:44] [Reviewer] [INFO] 正在审查第1868章...
[2026-05-18 21:39:44] [Reviewer] [INFO] 正在审查第1872章...
[2026-05-18 21:39:44] [Reviewer] [INFO] ============================================================
[2026-05-18 21:39:44] [Reviewer] [INFO] Reviewer Agent 启动
[2026-05-18 21:39:44] [Reviewer] [INFO] ============================================================
[2026-05-18 21:39:44] [Reviewer] [INFO] ============================================================
[2026-05-18 21:39:44] [Reviewer] [INFO] Reviewer Agent 启动
[2026-05-18 21:39:44] [Reviewer] [INFO] ============================================================
[2026-05-18 21:39:44] [Reviewer] [INFO] ============================================================
[2026-05-18 21:39:44] [Reviewer] [INFO] Reviewer Agent 启动
[2026-05-18 21:39:44] [Reviewer] [INFO] ============================================================
[2026-05-18 21:39:44] [Reviewer] [INFO] 正在审查第1874章...
[2026-05-18 21:39:44] [Reviewer] [INFO] 正在审查第1864章...
[2026-05-18 21:39:44] [Reviewer] [INFO] 正在审查第1870章...
[2026-05-18 21:39:44] [Reviewer] [INFO] ============================================================
[2026-05-18 21:39:44] [Reviewer] [INFO] Reviewer Agent 启动
[2026-05-18 21:39:44] [Reviewer] [INFO] ============================================================
[2026-05-18 21:39:44] [Reviewer] [INFO] 正在审查第1876章...
[2026-05-18 21:40:02] [Reviewer] [INFO] 第1868章审查完成：评分 8.2， verdict: 通过
[2026-05-18 21:40:02] [Reviewer] [INFO] 结果: success
[2026-05-18 21:40:02] [Reviewer] [INFO] ============================================================
[2026-05-18 21:40:02] [Reviewer] [INFO] Reviewer Agent 启动
[2026-05-18 21:40:02] [Reviewer] [INFO] ============================================================
[2026-05-18 21:40:02] [Reviewer] [INFO] 正在审查第1869章...
[2026-05-18 21:40:06] [Reviewer] [INFO] 第1840章审查完成：评分 8.0， verdict: 通过
[2026-05-18 21:40:06] [Reviewer] [INFO] 结果: success
[2026-05-18 21:40:06] [Reviewer] [INFO] 第1874章审查完成：评分 7.8， verdict: 需修改
[2026-05-18 21:40:06] [Reviewer] [INFO] 结果: success
[2026-05-18 21:40:06] [Reviewer] [INFO] ============================================================
[2026-05-18 21:40:06] [Reviewer] [INFO] Reviewer Agent 启动
[2026-05-18 21:40:06] [Reviewer] [INFO] ============================================================
[2026-05-18 21:40:06] [Reviewer] [INFO] 正在审查第1841章...
[2026-05-18 21:40:06] [Reviewer] [INFO] ============================================================
[2026-05-18 21:40:06] [Reviewer] [INFO] Reviewer Agent 启动
[2026-05-18 21:40:06] [Reviewer] [INFO] ============================================================
[2026-05-18 21:40:06] [Reviewer] [INFO] 正在审查第1875章...
[2026-05-18 21:40:06] [Reviewer] [INFO] 第1872章审查完成：评分 8.6， verdict: 通过
[2026-05-18 21:40:06] [Reviewer] [INFO] 结果: success
[2026-05-18 21:40:06] [Reviewer] [INFO] ============================================================
[2026-05-18 21:40:06] [Reviewer] [INFO] Reviewer Agent 启动
[2026-05-18 21:40:06] [Reviewer] [INFO] ============================================================
[2026-05-18 21:40:06] [Reviewer] [INFO] 第1854章审查完成：评分 8.5， verdict: 通过
[2026-05-18 21:40:06] [Reviewer] [INFO] 结果: success
[2026-05-18 21:40:06] [Reviewer] [INFO] 正在审查第1873章...
[2026-05-18 21:40:06] [Reviewer] [INFO] ============================================================
[2026-05-18 21:40:06] [Reviewer] [INFO] Reviewer Agent 启动
[2026-05-18 21:40:06] [Reviewer] [INFO] ============================================================
[2026-05-18 21:40:06] [Reviewer] [INFO] 正在审查第1855章...
[2026-05-18 21:40:06] [Reviewer] [INFO] 第1864章审查完成：评分 8.4， verdict: 通过
[2026-05-18 21:40:06] [Reviewer] [INFO] 结果: success
[2026-05-18 21:40:06] [Reviewer] [INFO] ============================================================
[2026-05-18 21:40:06] [Reviewer] [INFO] Reviewer Agent 启动
[2026-05-18 21:40:06] [Reviewer] [INFO] ============================================================
[2026-05-18 21:40:06] [Reviewer] [INFO] 正在审查第1865章...
[2026-05-18 21:40:07] [Reviewer] [INFO] 第1842章审查完成：评分 8.2， verdict: 通过
[2026-05-18 21:40:07] [Reviewer] [INFO] 结果: success
[2026-05-18 21:40:07] [Reviewer] [INFO] 第1860章审查完成：评分 7.6， verdict: 需修改
[2026-05-18 21:40:07] [Reviewer] [INFO] 结果: success
[2026-05-18 21:40:07] [Reviewer] [INFO] ============================================================
[2026-05-18 21:40:07] [Reviewer] [INFO] Reviewer Agent 启动
[2026-05-18 21:40:07] [Reviewer] [INFO] ============================================================
[2026-05-18 21:40:07] [Reviewer] [INFO] ============================================================
[2026-05-18 21:40:07] [Reviewer] [INFO] Reviewer Agent 启动
[2026-05-18 21:40:07] [Reviewer] [INFO] ============================================================
[2026-05-18 21:40:07] [Reviewer] [INFO] 第1862章审查完成：评分 7.8， verdict: 需修改
[2026-05-18 21:40:07] [Reviewer] [INFO] 结果: success
[2026-05-18 21:40:07] [Reviewer] [INFO] 正在审查第1861章...
[2026-05-18 21:40:07] [Reviewer] [INFO] 正在审查第1843章...
[2026-05-18 21:40:07] [Reviewer] [INFO] ============================================================
[2026-05-18 21:40:07] [Reviewer] [INFO] Reviewer Agent 启动
[2026-05-18 21:40:07] [Reviewer] [INFO] ============================================================
[2026-05-18 21:40:07] [Reviewer] [INFO] 正在审查第1863章...
[2026-05-18 21:40:08] [Reviewer] [INFO] 第1838章审查完成：评分 8.5， verdict: 通过
[2026-05-18 21:40:08] [Reviewer] [INFO] 结果: success
[2026-05-18 21:40:08] [Reviewer] [INFO] ============================================================
[2026-05-18 21:40:08] [Reviewer] [INFO] Reviewer Agent 启动
[2026-05-18 21:40:08] [Reviewer] [INFO] ============================================================
[2026-05-18 21:40:08] [Reviewer] [INFO] 正在审查第1839章...
[2026-05-18 21:40:08] [Reviewer] [INFO] 第1876章审查完成：评分 8.2， verdict: 通过
[2026-05-18 21:40:08] [Reviewer] [INFO] 结果: success
[2026-05-18 21:40:08] [Reviewer] [INFO] 第1850章审查完成：评分 8.6， verdict: 通过
[2026-05-18 21:40:08] [Reviewer] [INFO] 结果: success
[2026-05-18 21:40:08] [Reviewer] [INFO] ============================================================
[2026-05-18 21:40:08] [Reviewer] [INFO] Reviewer Agent 启动
[2026-05-18 21:40:08] [Reviewer] [INFO] ============================================================
[2026-05-18 21:40:08] [Reviewer] [INFO] 正在审查第1877章...
[2026-05-18 21:40:08] [Reviewer] [INFO] ============================================================
[2026-05-18 21:40:08] [Reviewer] [INFO] Reviewer Agent 启动
[2026-05-18 21:40:08] [Reviewer] [INFO] ============================================================
[2026-05-18 21:40:08] [Reviewer] [INFO] 正在审查第1851章...
[2026-05-18 21:40:09] [Reviewer] [INFO] 第1856章审查完成：评分 8.5， verdict: 通过
[2026-05-18 21:40:09] [Reviewer] [INFO] 结果: success
[2026-05-18 21:40:09] [Reviewer] [INFO] ============================================================
[2026-05-18 21:40:09] [Reviewer] [INFO] Reviewer Agent 启动
[2026-05-18 21:40:09] [Reviewer] [INFO] ============================================================
[2026-05-18 21:40:09] [Reviewer] [INFO] 正在审查第1857章...
[2026-05-18 21:40:11] [Reviewer] [INFO] 第1866章审查完成：评分 7.8， verdict: 需修改
[2026-05-18 21:40:11] [Reviewer] [INFO] 结果: success
[2026-05-18 21:40:11] [Reviewer] [INFO] ============================================================
[2026-05-18 21:40:11] [Reviewer] [INFO] Reviewer Agent 启动
[2026-05-18 21:40:11] [Reviewer] [INFO] ============================================================
[2026-05-18 21:40:11] [Reviewer] [INFO] 正在审查第1867章...
[2026-05-18 21:40:11] [Reviewer] [INFO] 第1852章审查完成：评分 7.6， verdict: 通过
[2026-05-18 21:40:11] [Reviewer] [INFO] 结果: success
[2026-05-18 21:40:11] [Reviewer] [INFO] 第1870章审查完成：评分 7.8， verdict: 需修改
[2026-05-18 21:40:11] [Reviewer] [INFO] 结果: success
[2026-05-18 21:40:11] [Reviewer] [INFO] ============================================================
[2026-05-18 21:40:11] [Reviewer] [INFO] Reviewer Agent 启动
[2026-05-18 21:40:11] [Reviewer] [INFO] ============================================================
[2026-05-18 21:40:11] [Reviewer] [INFO] 正在审查第1853章...
[2026-05-18 21:40:11] [Reviewer] [INFO] ============================================================
[2026-05-18 21:40:11] [Reviewer] [INFO] Reviewer Agent 启动
[2026-05-18 21:40:11] [Reviewer] [INFO] ============================================================
[2026-05-18 21:40:11] [Reviewer] [INFO] 正在审查第1871章...
[2026-05-18 21:40:12] [Reviewer] [INFO] 第1844章审查完成：评分 7.8， verdict: 需修改
[2026-05-18 21:40:12] [Reviewer] [INFO] 结果: success
[2026-05-18 21:40:12] [Reviewer] [INFO] 第1858章审查完成：评分 7.8， verdict: 需修改
[2026-05-18 21:40:12] [Reviewer] [INFO] 结果: success
[2026-05-18 21:40:12] [Reviewer] [INFO] ============================================================
[2026-05-18 21:40:12] [Reviewer] [INFO] Reviewer Agent 启动
[2026-05-18 21:40:12] [Reviewer] [INFO] ============================================================
[2026-05-18 21:40:12] [Reviewer] [INFO] 正在审查第1845章...
[2026-05-18 21:40:12] [Reviewer] [INFO] ============================================================
[2026-05-18 21:40:12] [Reviewer] [INFO] Reviewer Agent 启动
[2026-05-18 21:40:12] [Reviewer] [INFO] ============================================================
[2026-05-18 21:40:12] [Reviewer] [INFO] 正在审查第1859章...
[2026-05-18 21:40:13] [Reviewer] [INFO] 第1848章审查完成：评分 8.5， verdict: 通过
[2026-05-18 21:40:13] [Reviewer] [INFO] 结果: success
[2026-05-18 21:40:14] [Reviewer] [INFO] ============================================================
[2026-05-18 21:40:14] [Reviewer] [INFO] Reviewer Agent 启动
[2026-05-18 21:40:14] [Reviewer] [INFO] ============================================================
[2026-05-18 21:40:14] [Reviewer] [INFO] 正在审查第1849章...
[2026-05-18 21:40:19] [Reviewer] [INFO] 第1846章审查完成：评分 8.2， verdict: 通过
[2026-05-18 21:40:19] [Reviewer] [INFO] 结果: success
[2026-05-18 21:40:19] [Reviewer] [INFO] ============================================================
[2026-05-18 21:40:19] [Reviewer] [INFO] Reviewer Agent 启动
[2026-05-18 21:40:19] [Reviewer] [INFO] ============================================================
[2026-05-18 21:40:19] [Reviewer] [INFO] 正在审查第1847章...
[2026-05-18 21:40:22] [Reviewer] [INFO] 第1869章审查完成：评分 8.3， verdict: 通过
[2026-05-18 21:40:22] [Reviewer] [INFO] 结果: success
[2026-05-18 21:40:23] [Reviewer] [INFO] 第1863章审查完成：评分 8.2， verdict: 通过
[2026-05-18 21:40:23] [Reviewer] [INFO] 结果: success
[2026-05-18 21:40:28] [Reviewer] [INFO] 第1843章审查完成：评分 8.4， verdict: 通过
[2026-05-18 21:40:28] [Reviewer] [INFO] 结果: success
[2026-05-18 21:40:29] [Reviewer] [INFO] 第1857章审查完成：评分 8.0， verdict: 通过
[2026-05-18 21:40:29] [Reviewer] [INFO] 结果: success
[2026-05-18 21:40:29] [Reviewer] [INFO] 第1841章审查完成：评分 8.3， verdict: 通过
[2026-05-18 21:40:29] [Reviewer] [INFO] 结果: success
[2026-05-18 21:40:30] [Reviewer] [INFO] 第1865章审查完成：评分 8.4， verdict: 通过
[2026-05-18 21:40:30] [Reviewer] [INFO] 结果: success
[2026-05-18 21:40:30] [Reviewer] [INFO] 第1861章审查完成：评分 7.8， verdict: 需修改
[2026-05-18 21:40:30] [Reviewer] [INFO] 结果: success
[2026-05-18 21:40:30] [Reviewer] [INFO] 第1839章审查完成：评分 8.6， verdict: 通过
[2026-05-18 21:40:30] [Reviewer] [INFO] 结果: success
[2026-05-18 21:40:31] [Reviewer] [INFO] 第1855章审查完成：评分 8.2， verdict: 通过
[2026-05-18 21:40:31] [Reviewer] [INFO] 结果: success
[2026-05-18 21:40:32] [Reviewer] [INFO] 第1859章审查完成：评分 8.2， verdict: 通过
[2026-05-18 21:40:32] [Reviewer] [INFO] 结果: success
[2026-05-18 21:40:32] [Reviewer] [INFO] 第1867章审查完成：评分 7.6， verdict: 需修改
[2026-05-18 21:40:32] [Reviewer] [INFO] 结果: success
[2026-05-18 21:40:33] [Reviewer] [INFO] 第1849章审查完成：评分 7.6， verdict: 需修改
[2026-05-18 21:40:33] [Reviewer] [INFO] 结果: success
[2026-05-18 21:40:34] [Reviewer] [INFO] 第1873章审查完成：评分 8.2， verdict: 通过
[2026-05-18 21:40:34] [Reviewer] [INFO] 结果: success
[2026-05-18 21:40:34] [Reviewer] [INFO] 第1851章审查完成：评分 8.7， verdict: 通过
[2026-05-18 21:40:34] [Reviewer] [INFO] 结果: success
[2026-05-18 21:40:35] [Reviewer] [INFO] 第1853章审查完成：评分 8.5， verdict: 通过
[2026-05-18 21:40:35] [Reviewer] [INFO] 结果: success
[2026-05-18 21:40:35] [Reviewer] [INFO] 第1845章审查完成：评分 8.5， verdict: 通过
[2026-05-18 21:40:35] [Reviewer] [INFO] 结果: success
[2026-05-18 21:40:35] [Reviewer] [INFO] 第1877章审查完成：评分 8.3， verdict: 通过
[2026-05-18 21:40:35] [Reviewer] [INFO] 结果: success
[2026-05-18 21:40:39] [Reviewer] [INFO] 第1875章审查完成：评分 8.3， verdict: 通过
[2026-05-18 21:40:39] [Reviewer] [INFO] 结果: success
[2026-05-18 21:40:41] [Reviewer] [INFO] 第1871章审查完成：评分 8.4， verdict: 通过
[2026-05-18 21:40:41] [Reviewer] [INFO] 结果: success
[2026-05-18 21:40:42] [Reviewer] [INFO] 第1847章审查完成：评分 8.3， verdict: 通过
[2026-05-18 21:40:42] [Reviewer] [INFO] 结果: success
[2026-05-18 21:40:44] [Reviewer] [INFO] ============================================================
[2026-05-18 21:40:44] [Reviewer] [INFO] Reviewer Agent 启动
[2026-05-18 21:40:44] [Reviewer] [INFO] ============================================================
[2026-05-18 21:40:44] [Reviewer] [INFO] 正在审查第1880章...
[2026-05-18 21:40:44] [Reviewer] [INFO] ============================================================
[2026-05-18 21:40:44] [Reviewer] [INFO] Reviewer Agent 启动
[2026-05-18 21:40:44] [Reviewer] [INFO] ============================================================
[2026-05-18 21:40:44] [Reviewer] [INFO] 正在审查第1878章...
[2026-05-18 21:40:44] [Reviewer] [INFO] ============================================================
[2026-05-18 21:40:44] [Reviewer] [INFO] Reviewer Agent 启动
[2026-05-18 21:40:44] [Reviewer] [INFO] ============================================================
[2026-05-18 21:40:44] [Reviewer] [INFO] ============================================================
[2026-05-18 21:40:44] [Reviewer] [INFO] Reviewer Agent 启动
[2026-05-18 21:40:44] [Reviewer] [INFO] ============================================================
[2026-05-18 21:40:44] [Reviewer] [INFO] 正在审查第1882章...
[2026-05-18 21:40:44] [Reviewer] [INFO] 正在审查第1884章...
[2026-05-18 21:40:44] [Reviewer] [INFO] ============================================================
[2026-05-18 21:40:44] [Reviewer] [INFO] Reviewer Agent 启动
[2026-05-18 21:40:44] [Reviewer] [INFO] ============================================================
[2026-05-18 21:40:44] [Reviewer] [INFO] 正在审查第1888章...
[2026-05-18 21:40:44] [Reviewer] [INFO] ============================================================
[2026-05-18 21:40:44] [Reviewer] [INFO] Reviewer Agent 启动
[2026-05-18 21:40:44] [Reviewer] [INFO] ============================================================
[2026-05-18 21:40:44] [Reviewer] [INFO] ============================================================
[2026-05-18 21:40:44] [Reviewer] [INFO] Reviewer Agent 启动
[2026-05-18 21:40:44] [Reviewer] [INFO] ============================================================
[2026-05-18 21:40:44] [Reviewer] [INFO] 正在审查第1886章...
[2026-05-18 21:40:44] [Reviewer] [INFO] 正在审查第1894章...
[2026-05-18 21:40:44] [Reviewer] [INFO] ============================================================
[2026-05-18 21:40:44] [Reviewer] [INFO] Reviewer Agent 启动
[2026-05-18 21:40:44] [Reviewer] [INFO] ============================================================
[2026-05-18 21:40:44] [Reviewer] [INFO] 正在审查第1892章...
[2026-05-18 21:40:44] [Reviewer] [INFO] ============================================================
[2026-05-18 21:40:44] [Reviewer] [INFO] Reviewer Agent 启动
[2026-05-18 21:40:44] [Reviewer] [INFO] ============================================================
[2026-05-18 21:40:44] [Reviewer] [INFO] 正在审查第1890章...
[2026-05-18 21:40:44] [Reviewer] [INFO] ============================================================
[2026-05-18 21:40:44] [Reviewer] [INFO] Reviewer Agent 启动
[2026-05-18 21:40:44] [Reviewer] [INFO] ============================================================
[2026-05-18 21:40:44] [Reviewer] [INFO] 正在审查第1898章...
[2026-05-18 21:40:44] [Reviewer] [INFO] ============================================================
[2026-05-18 21:40:44] [Reviewer] [INFO] Reviewer Agent 启动
[2026-05-18 21:40:44] [Reviewer] [INFO] ============================================================
[2026-05-18 21:40:44] [Reviewer] [INFO] ============================================================
[2026-05-18 21:40:44] [Reviewer] [INFO] Reviewer Agent 启动
[2026-05-18 21:40:44] [Reviewer] [INFO] ============================================================
[2026-05-18 21:40:44] [Reviewer] [INFO] 正在审查第1900章...
[2026-05-18 21:40:44] [Reviewer] [INFO] ============================================================
[2026-05-18 21:40:44] [Reviewer] [INFO] Reviewer Agent 启动
[2026-05-18 21:40:44] [Reviewer] [INFO] ============================================================
[2026-05-18 21:40:44] [Reviewer] [INFO] 正在审查第1896章...
[2026-05-18 21:40:44] [Reviewer] [INFO] ============================================================
[2026-05-18 21:40:44] [Reviewer] [INFO] Reviewer Agent 启动
[2026-05-18 21:40:44] [Reviewer] [INFO] ============================================================
[2026-05-18 21:40:44] [Reviewer] [INFO] ============================================================
[2026-05-18 21:40:44] [Reviewer] [INFO] Reviewer Agent 启动
[2026-05-18 21:40:44] [Reviewer] [INFO] ============================================================
[2026-05-18 21:40:44] [Reviewer] [INFO] ============================================================
[2026-05-18 21:40:44] [Reviewer] [INFO] Reviewer Agent 启动
[2026-05-18 21:40:44] [Reviewer] [INFO] ============================================================
[2026-05-18 21:40:44] [Reviewer] [INFO] 正在审查第1904章...
[2026-05-18 21:40:44] [Reviewer] [INFO] ============================================================
[2026-05-18 21:40:44] [Reviewer] [INFO] Reviewer Agent 启动
[2026-05-18 21:40:44] [Reviewer] [INFO] ============================================================
[2026-05-18 21:40:44] [Reviewer] [INFO] 正在审查第1908章...
[2026-05-18 21:40:44] [Reviewer] [INFO] 正在审查第1906章...
[2026-05-18 21:40:44] [Reviewer] [INFO] 正在审查第1902章...
[2026-05-18 21:40:44] [Reviewer] [INFO] 正在审查第1912章...
[2026-05-18 21:40:44] [Reviewer] [INFO] ============================================================
[2026-05-18 21:40:44] [Reviewer] [INFO] Reviewer Agent 启动
[2026-05-18 21:40:44] [Reviewer] [INFO] ============================================================
[2026-05-18 21:40:44] [Reviewer] [INFO] 正在审查第1910章...
[2026-05-18 21:40:44] [Reviewer] [INFO] ============================================================
[2026-05-18 21:40:44] [Reviewer] [INFO] Reviewer Agent 启动
[2026-05-18 21:40:44] [Reviewer] [INFO] ============================================================
[2026-05-18 21:40:44] [Reviewer] [INFO] ============================================================
[2026-05-18 21:40:44] [Reviewer] [INFO] Reviewer Agent 启动
[2026-05-18 21:40:44] [Reviewer] [INFO] ============================================================
[2026-05-18 21:40:44] [Reviewer] [INFO] 正在审查第1916章...
[2026-05-18 21:40:44] [Reviewer] [INFO] 正在审查第1914章...
[2026-05-18 21:41:00] [Reviewer] [INFO] 第1892章审查完成：评分 8.2， verdict: 通过
[2026-05-18 21:41:00] [Reviewer] [INFO] 结果: success
[2026-05-18 21:41:00] [Reviewer] [INFO] ============================================================
[2026-05-18 21:41:00] [Reviewer] [INFO] Reviewer Agent 启动
[2026-05-18 21:41:00] [Reviewer] [INFO] ============================================================
[2026-05-18 21:41:00] [Reviewer] [INFO] 正在审查第1893章...
[2026-05-18 21:41:04] [Reviewer] [INFO] 第1884章审查完成：评分 8.3， verdict: 通过
[2026-05-18 21:41:04] [Reviewer] [INFO] 结果: success
[2026-05-18 21:41:04] [Reviewer] [INFO] 第1880章审查完成：评分 8.4， verdict: 通过
[2026-05-18 21:41:04] [Reviewer] [INFO] 结果: success
[2026-05-18 21:41:04] [Reviewer] [INFO] ============================================================
[2026-05-18 21:41:04] [Reviewer] [INFO] Reviewer Agent 启动
[2026-05-18 21:41:04] [Reviewer] [INFO] ============================================================
[2026-05-18 21:41:04] [Reviewer] [INFO] 正在审查第1885章...
[2026-05-18 21:41:04] [Reviewer] [INFO] ============================================================
[2026-05-18 21:41:04] [Reviewer] [INFO] Reviewer Agent 启动
[2026-05-18 21:41:04] [Reviewer] [INFO] ============================================================
[2026-05-18 21:41:04] [Reviewer] [INFO] 正在审查第1881章...
[2026-05-18 21:41:04] [Reviewer] [INFO] 第1900章审查完成：评分 8.8， verdict: 通过
[2026-05-18 21:41:04] [Reviewer] [INFO] 结果: success
[2026-05-18 21:41:04] [Reviewer] [INFO] ============================================================
[2026-05-18 21:41:04] [Reviewer] [INFO] Reviewer Agent 启动
[2026-05-18 21:41:04] [Reviewer] [INFO] ============================================================
[2026-05-18 21:41:04] [Reviewer] [INFO] 正在审查第1901章...
[2026-05-18 21:41:05] [Reviewer] [INFO] 第1908章审查完成：评分 8.6， verdict: 通过
[2026-05-18 21:41:05] [Reviewer] [INFO] 结果: success
[2026-05-18 21:41:05] [Reviewer] [INFO] ============================================================
[2026-05-18 21:41:05] [Reviewer] [INFO] Reviewer Agent 启动
[2026-05-18 21:41:05] [Reviewer] [INFO] ============================================================
[2026-05-18 21:41:05] [Reviewer] [INFO] 正在审查第1909章...
[2026-05-18 21:41:06] [Reviewer] [INFO] 第1898章审查完成：评分 8.5， verdict: 通过
[2026-05-18 21:41:06] [Reviewer] [INFO] 结果: success
[2026-05-18 21:41:06] [Reviewer] [INFO] ============================================================
[2026-05-18 21:41:06] [Reviewer] [INFO] Reviewer Agent 启动
[2026-05-18 21:41:06] [Reviewer] [INFO] ============================================================
[2026-05-18 21:41:06] [Reviewer] [INFO] 正在审查第1899章...
[2026-05-18 21:41:07] [Reviewer] [INFO] 第1896章审查完成：评分 8.5， verdict: 通过
[2026-05-18 21:41:07] [Reviewer] [INFO] 结果: success
[2026-05-18 21:41:07] [Reviewer] [INFO] ============================================================
[2026-05-18 21:41:07] [Reviewer] [INFO] Reviewer Agent 启动
[2026-05-18 21:41:07] [Reviewer] [INFO] ============================================================
[2026-05-18 21:41:07] [Reviewer] [INFO] 正在审查第1897章...
[2026-05-18 21:41:07] [Reviewer] [INFO] 第1912章审查完成：评分 8.4， verdict: 通过
[2026-05-18 21:41:07] [Reviewer] [INFO] 结果: success
[2026-05-18 21:41:07] [Reviewer] [INFO] ============================================================
[2026-05-18 21:41:07] [Reviewer] [INFO] Reviewer Agent 启动
[2026-05-18 21:41:07] [Reviewer] [INFO] ============================================================
[2026-05-18 21:41:07] [Reviewer] [INFO] 正在审查第1913章...
[2026-05-18 21:41:07] [Reviewer] [INFO] 第1914章审查完成：评分 7.9， verdict: 通过
[2026-05-18 21:41:07] [Reviewer] [INFO] 结果: success
[2026-05-18 21:41:08] [Reviewer] [INFO] ============================================================
[2026-05-18 21:41:08] [Reviewer] [INFO] Reviewer Agent 启动
[2026-05-18 21:41:08] [Reviewer] [INFO] ============================================================
[2026-05-18 21:41:08] [Reviewer] [INFO] 正在审查第1915章...
[2026-05-18 21:41:08] [Reviewer] [INFO] 第1882章审查完成：评分 8.3， verdict: 通过
[2026-05-18 21:41:08] [Reviewer] [INFO] 结果: success
[2026-05-18 21:41:08] [Reviewer] [INFO] 第1878章审查完成：评分 7.8， verdict: 需修改
[2026-05-18 21:41:08] [Reviewer] [INFO] 结果: success
[2026-05-18 21:41:08] [Reviewer] [INFO] 第1886章审查完成：评分 8.5， verdict: 通过
[2026-05-18 21:41:08] [Reviewer] [INFO] 结果: success
[2026-05-18 21:41:08] [Reviewer] [INFO] ============================================================
[2026-05-18 21:41:08] [Reviewer] [INFO] Reviewer Agent 启动
[2026-05-18 21:41:08] [Reviewer] [INFO] ============================================================
[2026-05-18 21:41:08] [Reviewer] [INFO] 正在审查第1883章...
[2026-05-18 21:41:08] [Reviewer] [INFO] 第1910章审查完成：评分 8.6， verdict: 通过
[2026-05-18 21:41:08] [Reviewer] [INFO] 结果: success
[2026-05-18 21:41:08] [Reviewer] [INFO] ============================================================
[2026-05-18 21:41:08] [Reviewer] [INFO] Reviewer Agent 启动
[2026-05-18 21:41:08] [Reviewer] [INFO] ============================================================
[2026-05-18 21:41:08] [Reviewer] [INFO] ============================================================
[2026-05-18 21:41:08] [Reviewer] [INFO] Reviewer Agent 启动
[2026-05-18 21:41:08] [Reviewer] [INFO] ============================================================
[2026-05-18 21:41:08] [Reviewer] [INFO] 正在审查第1879章...
[2026-05-18 21:41:08] [Reviewer] [INFO] 正在审查第1887章...
[2026-05-18 21:41:08] [Reviewer] [INFO] ============================================================
[2026-05-18 21:41:08] [Reviewer] [INFO] Reviewer Agent 启动
[2026-05-18 21:41:08] [Reviewer] [INFO] ============================================================
[2026-05-18 21:41:08] [Reviewer] [INFO] 正在审查第1911章...
[2026-05-18 21:41:08] [Reviewer] [INFO] 第1890章审查完成：评分 8.5， verdict: 需修改
[2026-05-18 21:41:08] [Reviewer] [INFO] 结果: success
[2026-05-18 21:41:08] [Reviewer] [INFO] ============================================================
[2026-05-18 21:41:08] [Reviewer] [INFO] Reviewer Agent 启动
[2026-05-18 21:41:08] [Reviewer] [INFO] ============================================================
[2026-05-18 21:41:08] [Reviewer] [INFO] 正在审查第1891章...
[2026-05-18 21:41:09] [Reviewer] [INFO] 第1906章审查完成：评分 8.2， verdict: 通过
[2026-05-18 21:41:09] [Reviewer] [INFO] 结果: success
[2026-05-18 21:41:09] [Reviewer] [INFO] ============================================================
[2026-05-18 21:41:09] [Reviewer] [INFO] Reviewer Agent 启动
[2026-05-18 21:41:09] [Reviewer] [INFO] ============================================================
[2026-05-18 21:41:09] [Reviewer] [INFO] 正在审查第1907章...
[2026-05-18 21:41:09] [Reviewer] [INFO] 第1916章审查完成：评分 6.8， verdict: 需修改
[2026-05-18 21:41:09] [Reviewer] [INFO] 结果: success
[2026-05-18 21:41:09] [Reviewer] [INFO] ============================================================
[2026-05-18 21:41:09] [Reviewer] [INFO] Reviewer Agent 启动
[2026-05-18 21:41:09] [Reviewer] [INFO] ============================================================
[2026-05-18 21:41:09] [Reviewer] [INFO] 正在审查第1917章...
[2026-05-18 21:41:11] [Reviewer] [INFO] 第1888章审查完成：评分 8.0， verdict: 通过
[2026-05-18 21:41:11] [Reviewer] [INFO] 结果: success
[2026-05-18 21:41:11] [Reviewer] [INFO] ============================================================
[2026-05-18 21:41:11] [Reviewer] [INFO] Reviewer Agent 启动
[2026-05-18 21:41:11] [Reviewer] [INFO] ============================================================
[2026-05-18 21:41:11] [Reviewer] [INFO] 正在审查第1889章...
[2026-05-18 21:41:13] [Reviewer] [INFO] 第1894章审查完成：评分 8.2， verdict: 通过
[2026-05-18 21:41:13] [Reviewer] [INFO] 结果: success
[2026-05-18 21:41:13] [Reviewer] [INFO] ============================================================
[2026-05-18 21:41:13] [Reviewer] [INFO] Reviewer Agent 启动
[2026-05-18 21:41:13] [Reviewer] [INFO] ============================================================
[2026-05-18 21:41:13] [Reviewer] [INFO] 正在审查第1895章...
[2026-05-18 21:41:13] [Reviewer] [INFO] 第1902章审查完成：评分 8.4， verdict: 通过
[2026-05-18 21:41:13] [Reviewer] [INFO] 结果: success
[2026-05-18 21:41:13] [Reviewer] [INFO] ============================================================
[2026-05-18 21:41:13] [Reviewer] [INFO] Reviewer Agent 启动
[2026-05-18 21:41:13] [Reviewer] [INFO] ============================================================
[2026-05-18 21:41:13] [Reviewer] [INFO] 正在审查第1903章...
[2026-05-18 21:41:18] [Reviewer] [INFO] 第1904章审查完成：评分 7.8， verdict: 需修改
[2026-05-18 21:41:18] [Reviewer] [INFO] 结果: success
[2026-05-18 21:41:18] [Reviewer] [INFO] ============================================================
[2026-05-18 21:41:18] [Reviewer] [INFO] Reviewer Agent 启动
[2026-05-18 21:41:18] [Reviewer] [INFO] ============================================================
[2026-05-18 21:41:18] [Reviewer] [INFO] 正在审查第1905章...
[2026-05-18 21:41:23] [Reviewer] [INFO] 第1881章审查完成：评分 8.2， verdict: 通过
[2026-05-18 21:41:23] [Reviewer] [INFO] 结果: success
[2026-05-18 21:41:23] [Reviewer] [INFO] 第1893章审查完成：评分 8.4， verdict: 通过
[2026-05-18 21:41:23] [Reviewer] [INFO] 结果: success
[2026-05-18 21:41:27] [Reviewer] [INFO] 第1885章审查完成：评分 7.6， verdict: 需修改
[2026-05-18 21:41:27] [Reviewer] [INFO] 结果: success
[2026-05-18 21:41:27] [Reviewer] [INFO] 第1909章审查完成：评分 8.3， verdict: 通过
[2026-05-18 21:41:27] [Reviewer] [INFO] 结果: success
[2026-05-18 21:41:28] [Reviewer] [INFO] 第1917章审查完成：评分 8.2， verdict: 通过
[2026-05-18 21:41:28] [Reviewer] [INFO] 结果: success
[2026-05-18 21:41:30] [Reviewer] [INFO] 第1879章审查完成：评分 7.2， verdict: 需修改
[2026-05-18 21:41:30] [Reviewer] [INFO] 结果: success
[2026-05-18 21:41:30] [Reviewer] [INFO] 第1915章审查完成：评分 7.8， verdict: 需修改
[2026-05-18 21:41:30] [Reviewer] [INFO] 结果: success
[2026-05-18 21:41:31] [Reviewer] [INFO] 第1907章审查完成：评分 8.8， verdict: 通过
[2026-05-18 21:41:31] [Reviewer] [INFO] 结果: success
[2026-05-18 21:41:31] [Reviewer] [INFO] 第1897章审查完成：评分 6.5， verdict: 需修改
[2026-05-18 21:41:31] [Reviewer] [INFO] 结果: success
[2026-05-18 21:41:31] [Reviewer] [INFO] 第1911章审查完成：评分 8.6， verdict: 通过
[2026-05-18 21:41:31] [Reviewer] [INFO] 结果: success
[2026-05-18 21:41:32] [Reviewer] [INFO] 第1883章审查完成：评分 8.5， verdict: 通过
[2026-05-18 21:41:32] [Reviewer] [INFO] 结果: success
[2026-05-18 21:41:32] [Reviewer] [INFO] 第1889章审查完成：评分 8.6， verdict: 通过
[2026-05-18 21:41:32] [Reviewer] [INFO] 结果: success
[2026-05-18 21:41:32] [Reviewer] [INFO] 第1899章审查完成：评分 8.4， verdict: 通过
[2026-05-18 21:41:32] [Reviewer] [INFO] 结果: success
[2026-05-18 21:41:35] [Reviewer] [INFO] 第1901章审查完成：评分 8.6， verdict: 通过
[2026-05-18 21:41:35] [Reviewer] [INFO] 结果: success
[2026-05-18 21:41:35] [Reviewer] [INFO] 第1895章审查完成：评分 8.2， verdict: 通过
[2026-05-18 21:41:35] [Reviewer] [INFO] 结果: success
[2026-05-18 21:41:36] [Reviewer] [INFO] 第1913章审查完成：评分 8.2， verdict: 通过
[2026-05-18 21:41:36] [Reviewer] [INFO] 结果: success
[2026-05-18 21:41:36] [Reviewer] [INFO] 第1905章审查完成：评分 9.0， verdict: 通过
[2026-05-18 21:41:36] [Reviewer] [INFO] 结果: success
[2026-05-18 21:41:40] [Reviewer] [INFO] 第1887章审查完成：评分 8.4， verdict: 通过
[2026-05-18 21:41:40] [Reviewer] [INFO] 结果: success
[2026-05-18 21:41:43] [Reviewer] [INFO] 第1891章审查完成：评分 8.4， verdict: 通过
[2026-05-18 21:41:43] [Reviewer] [INFO] 结果: success
[2026-05-18 21:41:47] [Reviewer] [INFO] 第1903章审查完成：评分 8.8， verdict: 通过
[2026-05-18 21:41:47] [Reviewer] [INFO] 结果: success
[2026-05-18 21:41:48] [Reviewer] [INFO] ============================================================
[2026-05-18 21:41:48] [Reviewer] [INFO] Reviewer Agent 启动
[2026-05-18 21:41:48] [Reviewer] [INFO] ============================================================
[2026-05-18 21:41:48] [Reviewer] [INFO] ============================================================
[2026-05-18 21:41:48] [Reviewer] [INFO] Reviewer Agent 启动
[2026-05-18 21:41:48] [Reviewer] [INFO] ============================================================
[2026-05-18 21:41:48] [Reviewer] [INFO] ============================================================
[2026-05-18 21:41:48] [Reviewer] [INFO] Reviewer Agent 启动
[2026-05-18 21:41:48] [Reviewer] [INFO] ============================================================
[2026-05-18 21:41:48] [Reviewer] [INFO] 正在审查第1918章...
[2026-05-18 21:41:48] [Reviewer] [INFO] 正在审查第1924章...
[2026-05-18 21:41:48] [Reviewer] [INFO] 正在审查第1920章...
[2026-05-18 21:41:48] [Reviewer] [INFO] ============================================================
[2026-05-18 21:41:48] [Reviewer] [INFO] Reviewer Agent 启动
[2026-05-18 21:41:48] [Reviewer] [INFO] ============================================================
[2026-05-18 21:41:48] [Reviewer] [INFO] ============================================================
[2026-05-18 21:41:48] [Reviewer] [INFO] Reviewer Agent 启动
[2026-05-18 21:41:48] [Reviewer] [INFO] ============================================================
[2026-05-18 21:41:48] [Reviewer] [INFO] ============================================================
[2026-05-18 21:41:48] [Reviewer] [INFO] Reviewer Agent 启动
[2026-05-18 21:41:48] [Reviewer] [INFO] ============================================================
[2026-05-18 21:41:48] [Reviewer] [INFO] ============================================================
[2026-05-18 21:41:48] [Reviewer] [INFO] Reviewer Agent 启动
[2026-05-18 21:41:48] [Reviewer] [INFO] ============================================================
[2026-05-18 21:41:48] [Reviewer] [INFO] 正在审查第1926章...
[2026-05-18 21:41:48] [Reviewer] [INFO] 正在审查第1930章...
[2026-05-18 21:41:48] [Reviewer] [INFO] 正在审查第1922章...
[2026-05-18 21:41:48] [Reviewer] [INFO] 正在审查第1928章...
[2026-05-18 21:41:48] [Reviewer] [INFO] ============================================================
[2026-05-18 21:41:48] [Reviewer] [INFO] Reviewer Agent 启动
[2026-05-18 21:41:48] [Reviewer] [INFO] ============================================================
[2026-05-18 21:41:48] [Reviewer] [INFO] 正在审查第1934章...
[2026-05-18 21:41:48] [Reviewer] [INFO] ============================================================
[2026-05-18 21:41:48] [Reviewer] [INFO] Reviewer Agent 启动
[2026-05-18 21:41:48] [Reviewer] [INFO] ============================================================
[2026-05-18 21:41:48] [Reviewer] [INFO] ============================================================
[2026-05-18 21:41:48] [Reviewer] [INFO] Reviewer Agent 启动
[2026-05-18 21:41:48] [Reviewer] [INFO] ============================================================
[2026-05-18 21:41:48] [Reviewer] [INFO] ============================================================
[2026-05-18 21:41:48] [Reviewer] [INFO] Reviewer Agent 启动
[2026-05-18 21:41:48] [Reviewer] [INFO] ============================================================
[2026-05-18 21:41:48] [Reviewer] [INFO] ============================================================
[2026-05-18 21:41:48] [Reviewer] [INFO] Reviewer Agent 启动
[2026-05-18 21:41:48] [Reviewer] [INFO] ============================================================
[2026-05-18 21:41:48] [Reviewer] [INFO] 正在审查第1936章...
[2026-05-18 21:41:48] [Reviewer] [INFO] 正在审查第1938章...
[2026-05-18 21:41:48] [Reviewer] [INFO] 正在审查第1932章...
[2026-05-18 21:41:48] [Reviewer] [INFO] 正在审查第1940章...
[2026-05-18 21:41:48] [Reviewer] [INFO] ============================================================
[2026-05-18 21:41:48] [Reviewer] [INFO] Reviewer Agent 启动
[2026-05-18 21:41:48] [Reviewer] [INFO] ============================================================
[2026-05-18 21:41:48] [Reviewer] [INFO] ============================================================
[2026-05-18 21:41:48] [Reviewer] [INFO] Reviewer Agent 启动
[2026-05-18 21:41:48] [Reviewer] [INFO] ============================================================
[2026-05-18 21:41:48] [Reviewer] [INFO] ============================================================
[2026-05-18 21:41:48] [Reviewer] [INFO] Reviewer Agent 启动
[2026-05-18 21:41:48] [Reviewer] [INFO] ============================================================
[2026-05-18 21:41:48] [Reviewer] [INFO] ============================================================
[2026-05-18 21:41:48] [Reviewer] [INFO] Reviewer Agent 启动
[2026-05-18 21:41:48] [Reviewer] [INFO] ============================================================
[2026-05-18 21:41:48] [Reviewer] [INFO] 正在审查第1944章...
[2026-05-18 21:41:48] [Reviewer] [INFO] 正在审查第1948章...
[2026-05-18 21:41:48] [Reviewer] [INFO] ============================================================
[2026-05-18 21:41:48] [Reviewer] [INFO] 正在审查第1942章...
[2026-05-18 21:41:48] [Reviewer] [INFO] ============================================================
[2026-05-18 21:41:48] [Reviewer] [INFO] 正在审查第1950章...
[2026-05-18 21:41:48] [Reviewer] [INFO] 正在审查第1946章...
[2026-05-18 21:41:48] [Reviewer] [INFO] ============================================================
[2026-05-18 21:41:48] [Reviewer] [INFO] Reviewer Agent 启动
[2026-05-18 21:41:48] [Reviewer] [INFO] ============================================================
[2026-05-18 21:41:48] [Reviewer] [INFO] ============================================================
[2026-05-18 21:41:48] [Reviewer] [INFO] Reviewer Agent 启动
[2026-05-18 21:41:48] [Reviewer] [INFO] ============================================================
[2026-05-18 21:41:48] [Reviewer] [INFO] ============================================================
[2026-05-18 21:41:48] [Reviewer] [INFO] Reviewer Agent 启动
[2026-05-18 21:41:48] [Reviewer] [INFO] ============================================================
[2026-05-18 21:41:48] [Reviewer] [INFO] 正在审查第1954章...
[2026-05-18 21:41:48] [Reviewer] [INFO] 正在审查第1956章...
[2026-05-18 21:41:48] [Reviewer] [INFO] 正在审查第1952章...
[2026-05-18 21:42:06] [Reviewer] [INFO] 第1920章审查完成：评分 7.2， verdict: 需修改
[2026-05-18 21:42:06] [Reviewer] [INFO] 结果: success
[2026-05-18 21:42:06] [Reviewer] [INFO] ============================================================
[2026-05-18 21:42:06] [Reviewer] [INFO] Reviewer Agent 启动
[2026-05-18 21:42:06] [Reviewer] [INFO] ============================================================
[2026-05-18 21:42:06] [Reviewer] [INFO] 正在审查第1921章...
[2026-05-18 21:42:08] [Reviewer] [INFO] 第1950章审查完成：评分 8.5， verdict: 通过
[2026-05-18 21:42:08] [Reviewer] [INFO] 结果: success
[2026-05-18 21:42:08] [Reviewer] [INFO] ============================================================
[2026-05-18 21:42:08] [Reviewer] [INFO] Reviewer Agent 启动
[2026-05-18 21:42:08] [Reviewer] [INFO] ============================================================
[2026-05-18 21:42:08] [Reviewer] [INFO] 正在审查第1951章...
[2026-05-18 21:42:08] [Reviewer] [INFO] 第1922章审查完成：评分 7.2， verdict: 需修改
[2026-05-18 21:42:08] [Reviewer] [INFO] 结果: success
[2026-05-18 21:42:08] [Reviewer] [INFO] ============================================================
[2026-05-18 21:42:08] [Reviewer] [INFO] Reviewer Agent 启动
[2026-05-18 21:42:08] [Reviewer] [INFO] ============================================================
[2026-05-18 21:42:08] [Reviewer] [INFO] 正在审查第1923章...
[2026-05-18 21:42:08] [Reviewer] [INFO] 第1924章审查完成：评分 8.5， verdict: 通过
[2026-05-18 21:42:08] [Reviewer] [INFO] 结果: success
[2026-05-18 21:42:09] [Reviewer] [INFO] ============================================================
[2026-05-18 21:42:09] [Reviewer] [INFO] Reviewer Agent 启动
[2026-05-18 21:42:09] [Reviewer] [INFO] ============================================================
[2026-05-18 21:42:09] [Reviewer] [INFO] 正在审查第1925章...
[2026-05-18 21:42:10] [Reviewer] [INFO] 第1944章审查完成：评分 8.7， verdict: 通过
[2026-05-18 21:42:10] [Reviewer] [INFO] 结果: success
[2026-05-18 21:42:10] [Reviewer] [INFO] ============================================================
[2026-05-18 21:42:10] [Reviewer] [INFO] Reviewer Agent 启动
[2026-05-18 21:42:10] [Reviewer] [INFO] ============================================================
[2026-05-18 21:42:10] [Reviewer] [INFO] 正在审查第1945章...
[2026-05-18 21:42:10] [Reviewer] [INFO] 第1946章审查完成：评分 8.3， verdict: 通过
[2026-05-18 21:42:10] [Reviewer] [INFO] 结果: success
[2026-05-18 21:42:10] [Reviewer] [INFO] 第1938章审查完成：评分 8.6， verdict: 通过
[2026-05-18 21:42:10] [Reviewer] [INFO] 结果: success
[2026-05-18 21:42:10] [Reviewer] [INFO] ============================================================
[2026-05-18 21:42:10] [Reviewer] [INFO] Reviewer Agent 启动
[2026-05-18 21:42:10] [Reviewer] [INFO] ============================================================
[2026-05-18 21:42:10] [Reviewer] [INFO] 正在审查第1947章...
[2026-05-18 21:42:10] [Reviewer] [INFO] 第1918章审查完成：评分 7.8， verdict: 需修改
[2026-05-18 21:42:10] [Reviewer] [INFO] 结果: success
[2026-05-18 21:42:10] [Reviewer] [INFO] ============================================================
[2026-05-18 21:42:10] [Reviewer] [INFO] Reviewer Agent 启动
[2026-05-18 21:42:10] [Reviewer] [INFO] ============================================================
[2026-05-18 21:42:10] [Reviewer] [INFO] 正在审查第1939章...
[2026-05-18 21:42:10] [Reviewer] [INFO] 第1928章审查完成：评分 8.7， verdict: 通过
[2026-05-18 21:42:10] [Reviewer] [INFO] 结果: success
[2026-05-18 21:42:10] [Reviewer] [INFO] ============================================================
[2026-05-18 21:42:10] [Reviewer] [INFO] Reviewer Agent 启动
[2026-05-18 21:42:10] [Reviewer] [INFO] ============================================================
[2026-05-18 21:42:10] [Reviewer] [INFO] 正在审查第1919章...
[2026-05-18 21:42:10] [Reviewer] [INFO] ============================================================
[2026-05-18 21:42:10] [Reviewer] [INFO] Reviewer Agent 启动
[2026-05-18 21:42:10] [Reviewer] [INFO] ============================================================
[2026-05-18 21:42:10] [Reviewer] [INFO] 正在审查第1929章...
[2026-05-18 21:42:10] [Reviewer] [INFO] 第1926章审查完成：评分 8.4， verdict: 通过
[2026-05-18 21:42:10] [Reviewer] [INFO] 结果: success
[2026-05-18 21:42:11] [Reviewer] [INFO] ============================================================
[2026-05-18 21:42:11] [Reviewer] [INFO] Reviewer Agent 启动
[2026-05-18 21:42:11] [Reviewer] [INFO] ============================================================
[2026-05-18 21:42:11] [Reviewer] [INFO] 正在审查第1927章...
[2026-05-18 21:42:12] [Reviewer] [INFO] 第1952章审查完成：评分 8.0， verdict: 通过
[2026-05-18 21:42:12] [Reviewer] [INFO] 结果: success
[2026-05-18 21:42:12] [Reviewer] [INFO] ============================================================
[2026-05-18 21:42:12] [Reviewer] [INFO] Reviewer Agent 启动
[2026-05-18 21:42:12] [Reviewer] [INFO] ============================================================
[2026-05-18 21:42:12] [Reviewer] [INFO] 正在审查第1953章...
[2026-05-18 21:42:14] [Reviewer] [INFO] 第1930章审查完成：评分 8.7， verdict: 通过
[2026-05-18 21:42:14] [Reviewer] [INFO] 结果: success
[2026-05-18 21:42:14] [Reviewer] [INFO] ============================================================
[2026-05-18 21:42:14] [Reviewer] [INFO] Reviewer Agent 启动
[2026-05-18 21:42:14] [Reviewer] [INFO] ============================================================
[2026-05-18 21:42:14] [Reviewer] [INFO] 正在审查第1931章...
[2026-05-18 21:42:14] [Reviewer] [INFO] 第1948章审查完成：评分 7.8， verdict: 需修改
[2026-05-18 21:42:14] [Reviewer] [INFO] 结果: success
[2026-05-18 21:42:14] [Reviewer] [INFO] 第1932章审查完成：评分 8.2， verdict: 通过
[2026-05-18 21:42:14] [Reviewer] [INFO] 结果: success
[2026-05-18 21:42:14] [Reviewer] [INFO] ============================================================
[2026-05-18 21:42:14] [Reviewer] [INFO] Reviewer Agent 启动
[2026-05-18 21:42:14] [Reviewer] [INFO] ============================================================
[2026-05-18 21:42:14] [Reviewer] [INFO] ============================================================
[2026-05-18 21:42:14] [Reviewer] [INFO] Reviewer Agent 启动
[2026-05-18 21:42:14] [Reviewer] [INFO] ============================================================
[2026-05-18 21:42:14] [Reviewer] [INFO] 正在审查第1933章...
[2026-05-18 21:42:14] [Reviewer] [INFO] 正在审查第1949章...
[2026-05-18 21:42:15] [Reviewer] [INFO] 第1940章审查完成：评分 8.2， verdict: 通过
[2026-05-18 21:42:15] [Reviewer] [INFO] 结果: success
[2026-05-18 21:42:15] [Reviewer] [INFO] ============================================================
[2026-05-18 21:42:15] [Reviewer] [INFO] Reviewer Agent 启动
[2026-05-18 21:42:15] [Reviewer] [INFO] ============================================================
[2026-05-18 21:42:15] [Reviewer] [INFO] 正在审查第1941章...
[2026-05-18 21:42:15] [Reviewer] [INFO] 第1934章审查完成：评分 8.6， verdict: 通过
[2026-05-18 21:42:15] [Reviewer] [INFO] 结果: success
[2026-05-18 21:42:15] [Reviewer] [INFO] ============================================================
[2026-05-18 21:42:15] [Reviewer] [INFO] Reviewer Agent 启动
[2026-05-18 21:42:15] [Reviewer] [INFO] ============================================================
[2026-05-18 21:42:15] [Reviewer] [INFO] 正在审查第1935章...
[2026-05-18 21:42:17] [Reviewer] [INFO] 第1954章审查完成：评分 9.2， verdict: 通过
[2026-05-18 21:42:17] [Reviewer] [INFO] 结果: success
[2026-05-18 21:42:17] [Reviewer] [INFO] ============================================================
[2026-05-18 21:42:17] [Reviewer] [INFO] Reviewer Agent 启动
[2026-05-18 21:42:17] [Reviewer] [INFO] ============================================================
[2026-05-18 21:42:17] [Reviewer] [INFO] 正在审查第1955章...
[2026-05-18 21:42:17] [Reviewer] [INFO] 第1942章审查完成：评分 8.0， verdict: 通过
[2026-05-18 21:42:17] [Reviewer] [INFO] 结果: success
[2026-05-18 21:42:17] [Reviewer] [INFO] ============================================================
[2026-05-18 21:42:17] [Reviewer] [INFO] Reviewer Agent 启动
[2026-05-18 21:42:17] [Reviewer] [INFO] ============================================================
[2026-05-18 21:42:17] [Reviewer] [INFO] 正在审查第1943章...
[2026-05-18 21:42:18] [Reviewer] [INFO] 第1936章审查完成：评分 8.7， verdict: 通过
[2026-05-18 21:42:18] [Reviewer] [INFO] 结果: success
[2026-05-18 21:42:18] [Reviewer] [INFO] ============================================================
[2026-05-18 21:42:18] [Reviewer] [INFO] Reviewer Agent 启动
[2026-05-18 21:42:18] [Reviewer] [INFO] ============================================================
[2026-05-18 21:42:18] [Reviewer] [INFO] 正在审查第1937章...
[2026-05-18 21:42:22] [Reviewer] [INFO] 第1956章审查完成：评分 8.8， verdict: 通过
[2026-05-18 21:42:22] [Reviewer] [INFO] 结果: success
[2026-05-18 21:42:22] [Reviewer] [INFO] ============================================================
[2026-05-18 21:42:22] [Reviewer] [INFO] Reviewer Agent 启动
[2026-05-18 21:42:22] [Reviewer] [INFO] ============================================================
[2026-05-18 21:42:22] [Reviewer] [INFO] 正在审查第1957章...
[2026-05-18 21:42:28] [Reviewer] [INFO] 第1921章审查完成：评分 8.7， verdict: 通过
[2026-05-18 21:42:28] [Reviewer] [INFO] 结果: success
[2026-05-18 21:42:30] [Reviewer] [INFO] 第1927章审查完成：评分 8.3， verdict: 通过
[2026-05-18 21:42:30] [Reviewer] [INFO] 结果: success
[2026-05-18 21:42:30] [Reviewer] [INFO] 第1945章审查完成：评分 8.4， verdict: 通过
[2026-05-18 21:42:30] [Reviewer] [INFO] 结果: success
[2026-05-18 21:42:31] [Reviewer] [INFO] 第1939章审查完成：评分 8.3， verdict: 通过
[2026-05-18 21:42:31] [Reviewer] [INFO] 结果: success
[2026-05-18 21:42:31] [Reviewer] [INFO] 第1951章审查完成：评分 8.2， verdict: 通过
[2026-05-18 21:42:31] [Reviewer] [INFO] 结果: success
[2026-05-18 21:42:32] [Reviewer] [INFO] 第1947章审查完成：评分 8.6， verdict: 通过
[2026-05-18 21:42:32] [Reviewer] [INFO] 结果: success
[2026-05-18 21:42:33] [Reviewer] [INFO] 第1929章审查完成：评分 8.2， verdict: 通过
[2026-05-18 21:42:33] [Reviewer] [INFO] 结果: success
[2026-05-18 21:42:34] [Reviewer] [INFO] 第1923章审查完成：评分 7.8， verdict: 需修改
[2026-05-18 21:42:34] [Reviewer] [INFO] 结果: success
[2026-05-18 21:42:34] [Reviewer] [INFO] 第1931章审查完成：评分 8.2， verdict: 通过
[2026-05-18 21:42:34] [Reviewer] [INFO] 结果: success
[2026-05-18 21:42:36] [Reviewer] [INFO] 第1953章审查完成：评分 8.7， verdict: 通过
[2026-05-18 21:42:36] [Reviewer] [INFO] 结果: success
[2026-05-18 21:42:36] [Reviewer] [INFO] 第1949章审查完成：评分 8.6， verdict: 通过
[2026-05-18 21:42:36] [Reviewer] [INFO] 结果: success
[2026-05-18 21:42:36] [Reviewer] [INFO] 第1943章审查完成：评分 8.2， verdict: 通过
[2026-05-18 21:42:36] [Reviewer] [INFO] 结果: success
[2026-05-18 21:42:37] [Reviewer] [INFO] 第1919章审查完成：评分 8.6， verdict: 通过
[2026-05-18 21:42:37] [Reviewer] [INFO] 结果: success
[2026-05-18 21:42:37] [Reviewer] [INFO] 第1941章审查完成：评分 7.8， verdict: 通过
[2026-05-18 21:42:37] [Reviewer] [INFO] 结果: success
[2026-05-18 21:42:40] [Reviewer] [INFO] 第1955章审查完成：评分 8.8， verdict: 通过
[2026-05-18 21:42:40] [Reviewer] [INFO] 结果: success
[2026-05-18 21:42:40] [Reviewer] [INFO] 第1925章审查完成：评分 8.5， verdict: 通过
[2026-05-18 21:42:40] [Reviewer] [INFO] 结果: success
[2026-05-18 21:42:41] [Reviewer] [INFO] 第1933章审查完成：评分 8.6， verdict: 通过
[2026-05-18 21:42:41] [Reviewer] [INFO] 结果: success
[2026-05-18 21:42:41] [Reviewer] [INFO] 第1937章审查完成：评分 8.0， verdict: 通过
[2026-05-18 21:42:41] [Reviewer] [INFO] 结果: success
[2026-05-18 21:42:42] [Reviewer] [INFO] 第1935章审查完成：评分 8.5， verdict: 通过
[2026-05-18 21:42:42] [Reviewer] [INFO] 结果: success
[2026-05-18 21:42:47] [Reviewer] [INFO] 第1957章审查完成：评分 8.4， verdict: 通过
[2026-05-18 21:42:47] [Reviewer] [INFO] 结果: success
[2026-05-18 21:42:48] [Reviewer] [INFO] ============================================================
[2026-05-18 21:42:48] [Reviewer] [INFO] Reviewer Agent 启动
[2026-05-18 21:42:48] [Reviewer] [INFO] ============================================================
[2026-05-18 21:42:48] [Reviewer] [INFO] ============================================================
[2026-05-18 21:42:48] [Reviewer] [INFO] Reviewer Agent 启动
[2026-05-18 21:42:48] [Reviewer] [INFO] ============================================================
[2026-05-18 21:42:48] [Reviewer] [INFO] 正在审查第1958章...
[2026-05-18 21:42:48] [Reviewer] [INFO] ============================================================
[2026-05-18 21:42:48] [Reviewer] [INFO] Reviewer Agent 启动
[2026-05-18 21:42:48] [Reviewer] [INFO] ============================================================
[2026-05-18 21:42:48] [Reviewer] [INFO] 正在审查第1974章...
[2026-05-18 21:42:48] [Reviewer] [INFO] ============================================================
[2026-05-18 21:42:48] [Reviewer] [INFO] Reviewer Agent 启动
[2026-05-18 21:42:48] [Reviewer] [INFO] ============================================================
[2026-05-18 21:42:48] [Reviewer] [INFO] 正在审查第1964章...
[2026-05-18 21:42:48] [Reviewer] [INFO] 正在审查第1972章...
[2026-05-18 21:42:48] [Reviewer] [INFO] ============================================================
[2026-05-18 21:42:48] [Reviewer] [INFO] ============================================================
[2026-05-18 21:42:48] [Reviewer] [INFO] Reviewer Agent 启动
[2026-05-18 21:42:48] [Reviewer] [INFO] Reviewer Agent 启动
[2026-05-18 21:42:48] [Reviewer] [INFO] ============================================================
[2026-05-18 21:42:48] [Reviewer] [INFO] ============================================================
[2026-05-18 21:42:48] [Reviewer] [INFO] ============================================================
[2026-05-18 21:42:48] [Reviewer] [INFO] Reviewer Agent 启动
[2026-05-18 21:42:48] [Reviewer] [INFO] ============================================================
[2026-05-18 21:42:48] [Reviewer] [INFO] 正在审查第1962章...
[2026-05-18 21:42:48] [Reviewer] [INFO] 正在审查第1970章...
[2026-05-18 21:42:48] [Reviewer] [INFO] ============================================================
[2026-05-18 21:42:48] [Reviewer] [INFO] Reviewer Agent 启动
[2026-05-18 21:42:48] [Reviewer] [INFO] ============================================================
[2026-05-18 21:42:48] [Reviewer] [INFO] 正在审查第1976章...
[2026-05-18 21:42:48] [Reviewer] [INFO] 正在审查第1966章...
[2026-05-18 21:42:48] [Reviewer] [INFO] ============================================================
[2026-05-18 21:42:48] [Reviewer] [INFO] Reviewer Agent 启动
[2026-05-18 21:42:48] [Reviewer] [INFO] ============================================================
[2026-05-18 21:42:48] [Reviewer] [INFO] ============================================================
[2026-05-18 21:42:48] [Reviewer] [INFO] Reviewer Agent 启动
[2026-05-18 21:42:48] [Reviewer] [INFO] ============================================================
[2026-05-18 21:42:48] [Reviewer] [INFO] ============================================================
[2026-05-18 21:42:48] [Reviewer] [INFO] Reviewer Agent 启动
[2026-05-18 21:42:48] [Reviewer] [INFO] ============================================================
[2026-05-18 21:42:48] [Reviewer] [INFO] 正在审查第1968章...
[2026-05-18 21:42:48] [Reviewer] [INFO] ============================================================
[2026-05-18 21:42:48] [Reviewer] [INFO] Reviewer Agent 启动
[2026-05-18 21:42:48] [Reviewer] [INFO] ============================================================
[2026-05-18 21:42:48] [Reviewer] [INFO] 正在审查第1960章...
[2026-05-18 21:42:48] [Reviewer] [INFO] 正在审查第1978章...
[2026-05-18 21:42:49] [Reviewer] [INFO] 正在审查第1980章...
[2026-05-18 21:42:49] [Reviewer] [INFO] ============================================================
[2026-05-18 21:42:49] [Reviewer] [INFO] Reviewer Agent 启动
[2026-05-18 21:42:49] [Reviewer] [INFO] ============================================================
[2026-05-18 21:42:49] [Reviewer] [INFO] 正在审查第1982章...
[2026-05-18 21:42:49] [Reviewer] [INFO] ============================================================
[2026-05-18 21:42:49] [Reviewer] [INFO] Reviewer Agent 启动
[2026-05-18 21:42:49] [Reviewer] [INFO] ============================================================
[2026-05-18 21:42:49] [Reviewer] [INFO] ============================================================
[2026-05-18 21:42:49] [Reviewer] [INFO] Reviewer Agent 启动
[2026-05-18 21:42:49] [Reviewer] [INFO] ============================================================
[2026-05-18 21:42:49] [Reviewer] [INFO] 正在审查第1984章...
[2026-05-18 21:42:49] [Reviewer] [INFO] ============================================================
[2026-05-18 21:42:49] [Reviewer] [INFO] Reviewer Agent 启动
[2026-05-18 21:42:49] [Reviewer] [INFO] ============================================================
[2026-05-18 21:42:49] [Reviewer] [INFO] 正在审查第1990章...
[2026-05-18 21:42:49] [Reviewer] [INFO] ============================================================
[2026-05-18 21:42:49] [Reviewer] [INFO] Reviewer Agent 启动
[2026-05-18 21:42:49] [Reviewer] [INFO] ============================================================
[2026-05-18 21:42:49] [Reviewer] [INFO] 正在审查第1988章...
[2026-05-18 21:42:49] [Reviewer] [INFO] ============================================================
[2026-05-18 21:42:49] [Reviewer] [INFO] Reviewer Agent 启动
[2026-05-18 21:42:49] [Reviewer] [INFO] ============================================================
[2026-05-18 21:42:49] [Reviewer] [INFO] 正在审查第1986章...
[2026-05-18 21:42:49] [Reviewer] [INFO] ============================================================
[2026-05-18 21:42:49] [Reviewer] [INFO] Reviewer Agent 启动
[2026-05-18 21:42:49] [Reviewer] [INFO] ============================================================
[2026-05-18 21:42:49] [Reviewer] [INFO] 正在审查第1994章...
[2026-05-18 21:42:49] [Reviewer] [INFO] 正在审查第1992章...
[2026-05-18 21:42:49] [Reviewer] [INFO] ============================================================
[2026-05-18 21:42:49] [Reviewer] [INFO] Reviewer Agent 启动
[2026-05-18 21:42:49] [Reviewer] [INFO] ============================================================
[2026-05-18 21:42:49] [Reviewer] [INFO] 正在审查第1996章...
[2026-05-18 21:43:08] [Reviewer] [INFO] 第1962章审查完成：评分 8.0， verdict: 通过
[2026-05-18 21:43:08] [Reviewer] [INFO] 结果: success
[2026-05-18 21:43:08] [Reviewer] [INFO] ============================================================
[2026-05-18 21:43:08] [Reviewer] [INFO] Reviewer Agent 启动
[2026-05-18 21:43:08] [Reviewer] [INFO] ============================================================
[2026-05-18 21:43:08] [Reviewer] [INFO] 正在审查第1963章...
[2026-05-18 21:43:09] [Reviewer] [INFO] 第1994章审查完成：评分 7.6， verdict: 需修改
[2026-05-18 21:43:09] [Reviewer] [INFO] 结果: success
[2026-05-18 21:43:09] [Reviewer] [INFO] 第1978章审查完成：评分 8.2， verdict: 通过
[2026-05-18 21:43:09] [Reviewer] [INFO] 结果: success
[2026-05-18 21:43:09] [Reviewer] [INFO] ============================================================
[2026-05-18 21:43:09] [Reviewer] [INFO] Reviewer Agent 启动
[2026-05-18 21:43:09] [Reviewer] [INFO] ============================================================
[2026-05-18 21:43:09] [Reviewer] [INFO] 正在审查第1995章...
[2026-05-18 21:43:09] [Reviewer] [INFO] ============================================================
[2026-05-18 21:43:09] [Reviewer] [INFO] Reviewer Agent 启动
[2026-05-18 21:43:09] [Reviewer] [INFO] ============================================================
[2026-05-18 21:43:09] [Reviewer] [INFO] 正在审查第1979章...
[2026-05-18 21:43:09] [Reviewer] [INFO] 第1976章审查完成：评分 8.5， verdict: 通过
[2026-05-18 21:43:09] [Reviewer] [INFO] 结果: success
[2026-05-18 21:43:09] [Reviewer] [INFO] 第1964章审查完成：评分 7.8， verdict: 需修改
[2026-05-18 21:43:09] [Reviewer] [INFO] 结果: success
[2026-05-18 21:43:09] [Reviewer] [INFO] ============================================================
[2026-05-18 21:43:09] [Reviewer] [INFO] Reviewer Agent 启动
[2026-05-18 21:43:09] [Reviewer] [INFO] ============================================================
[2026-05-18 21:43:09] [Reviewer] [INFO] 正在审查第1977章...
[2026-05-18 21:43:09] [Reviewer] [INFO] ============================================================
[2026-05-18 21:43:09] [Reviewer] [INFO] Reviewer Agent 启动
[2026-05-18 21:43:09] [Reviewer] [INFO] ============================================================
[2026-05-18 21:43:09] [Reviewer] [INFO] 正在审查第1965章...
[2026-05-18 21:43:10] [Reviewer] [INFO] 第1980章审查完成：评分 8.2， verdict: 通过
[2026-05-18 21:43:10] [Reviewer] [INFO] 结果: success
[2026-05-18 21:43:10] [Reviewer] [INFO] ============================================================
[2026-05-18 21:43:10] [Reviewer] [INFO] Reviewer Agent 启动
[2026-05-18 21:43:10] [Reviewer] [INFO] ============================================================
[2026-05-18 21:43:10] [Reviewer] [INFO] 正在审查第1981章...
[2026-05-18 21:43:10] [Reviewer] [INFO] 第1990章审查完成：评分 8.2， verdict: 需修改
[2026-05-18 21:43:10] [Reviewer] [INFO] 结果: success
[2026-05-18 21:43:10] [Reviewer] [INFO] ============================================================
[2026-05-18 21:43:10] [Reviewer] [INFO] Reviewer Agent 启动
[2026-05-18 21:43:10] [Reviewer] [INFO] ============================================================
[2026-05-18 21:43:10] [Reviewer] [INFO] 正在审查第1991章...
[2026-05-18 21:43:10] [Reviewer] [INFO] 第1958章审查完成：评分 7.2， verdict: 需修改
[2026-05-18 21:43:10] [Reviewer] [INFO] 结果: success
[2026-05-18 21:43:11] [Reviewer] [INFO] ============================================================
[2026-05-18 21:43:11] [Reviewer] [INFO] Reviewer Agent 启动
[2026-05-18 21:43:11] [Reviewer] [INFO] ============================================================
[2026-05-18 21:43:11] [Reviewer] [INFO] 正在审查第1959章...
[2026-05-18 21:43:11] [Reviewer] [INFO] 第1966章审查完成：评分 8.2， verdict: 通过
[2026-05-18 21:43:11] [Reviewer] [INFO] 结果: success
[2026-05-18 21:43:11] [Reviewer] [INFO] ============================================================
[2026-05-18 21:43:11] [Reviewer] [INFO] Reviewer Agent 启动
[2026-05-18 21:43:11] [Reviewer] [INFO] ============================================================
[2026-05-18 21:43:11] [Reviewer] [INFO] 正在审查第1967章...
[2026-05-18 21:43:12] [Reviewer] [INFO] 第1988章审查完成：评分 8.3， verdict: 通过
[2026-05-18 21:43:12] [Reviewer] [INFO] 结果: success
[2026-05-18 21:43:12] [Reviewer] [INFO] ============================================================
[2026-05-18 21:43:12] [Reviewer] [INFO] Reviewer Agent 启动
[2026-05-18 21:43:12] [Reviewer] [INFO] ============================================================
[2026-05-18 21:43:12] [Reviewer] [INFO] 正在审查第1989章...
[2026-05-18 21:43:13] [Reviewer] [INFO] 第1986章审查完成：评分 7.5， verdict: 需修改
[2026-05-18 21:43:13] [Reviewer] [INFO] 结果: success
[2026-05-18 21:43:13] [Reviewer] [INFO] ============================================================
[2026-05-18 21:43:13] [Reviewer] [INFO] Reviewer Agent 启动
[2026-05-18 21:43:13] [Reviewer] [INFO] ============================================================
[2026-05-18 21:43:13] [Reviewer] [INFO] 正在审查第1987章...
[2026-05-18 21:43:16] [Reviewer] [INFO] 第1960章审查完成：评分 8.5， verdict: 通过
[2026-05-18 21:43:16] [Reviewer] [INFO] 结果: success
[2026-05-18 21:43:16] [Reviewer] [INFO] ============================================================
[2026-05-18 21:43:16] [Reviewer] [INFO] Reviewer Agent 启动
[2026-05-18 21:43:16] [Reviewer] [INFO] ============================================================
[2026-05-18 21:43:16] [Reviewer] [INFO] 正在审查第1961章...
[2026-05-18 21:43:16] [Reviewer] [INFO] 第1974章审查完成：评分 8.8， verdict: 通过
[2026-05-18 21:43:16] [Reviewer] [INFO] 结果: success
[2026-05-18 21:43:16] [Reviewer] [INFO] ============================================================
[2026-05-18 21:43:16] [Reviewer] [INFO] Reviewer Agent 启动
[2026-05-18 21:43:16] [Reviewer] [INFO] ============================================================
[2026-05-18 21:43:16] [Reviewer] [INFO] 正在审查第1975章...
[2026-05-18 21:43:17] [Reviewer] [INFO] 第1970章审查完成：评分 8.4， verdict: 通过
[2026-05-18 21:43:17] [Reviewer] [INFO] 结果: success
[2026-05-18 21:43:17] [Reviewer] [INFO] 第1996章审查完成：评分 7.8， verdict: 需修改
[2026-05-18 21:43:17] [Reviewer] [INFO] 结果: success
[2026-05-18 21:43:17] [Reviewer] [INFO] ============================================================
[2026-05-18 21:43:17] [Reviewer] [INFO] Reviewer Agent 启动
[2026-05-18 21:43:17] [Reviewer] [INFO] ============================================================
[2026-05-18 21:43:17] [Reviewer] [INFO] 正在审查第1971章...
[2026-05-18 21:43:17] [Reviewer] [INFO] ============================================================
[2026-05-18 21:43:17] [Reviewer] [INFO] Reviewer Agent 启动
[2026-05-18 21:43:17] [Reviewer] [INFO] ============================================================
[2026-05-18 21:43:17] [Reviewer] [INFO] 正在审查第1997章...
[2026-05-18 21:43:17] [Reviewer] [INFO] 第1968章审查完成：评分 8.4， verdict: 通过
[2026-05-18 21:43:17] [Reviewer] [INFO] 结果: success
[2026-05-18 21:43:17] [Reviewer] [INFO] ============================================================
[2026-05-18 21:43:17] [Reviewer] [INFO] Reviewer Agent 启动
[2026-05-18 21:43:17] [Reviewer] [INFO] ============================================================
[2026-05-18 21:43:17] [Reviewer] [INFO] 正在审查第1969章...
[2026-05-18 21:43:18] [Reviewer] [INFO] 第1972章审查完成：评分 8.6， verdict: 通过
[2026-05-18 21:43:18] [Reviewer] [INFO] 结果: success
[2026-05-18 21:43:18] [Reviewer] [INFO] ============================================================
[2026-05-18 21:43:18] [Reviewer] [INFO] Reviewer Agent 启动
[2026-05-18 21:43:18] [Reviewer] [INFO] ============================================================
[2026-05-18 21:43:18] [Reviewer] [INFO] 正在审查第1973章...
[2026-05-18 21:43:19] [Reviewer] [INFO] 第1984章审查完成：评分 7.8， verdict: 通过
[2026-05-18 21:43:19] [Reviewer] [INFO] 结果: success
[2026-05-18 21:43:19] [Reviewer] [INFO] ============================================================
[2026-05-18 21:43:19] [Reviewer] [INFO] Reviewer Agent 启动
[2026-05-18 21:43:19] [Reviewer] [INFO] ============================================================
[2026-05-18 21:43:19] [Reviewer] [INFO] 正在审查第1985章...
[2026-05-18 21:43:20] [Reviewer] [INFO] 第1982章审查完成：评分 8.4， verdict: 通过
[2026-05-18 21:43:20] [Reviewer] [INFO] 结果: success
[2026-05-18 21:43:20] [Reviewer] [INFO] ============================================================
[2026-05-18 21:43:20] [Reviewer] [INFO] Reviewer Agent 启动
[2026-05-18 21:43:20] [Reviewer] [INFO] ============================================================
[2026-05-18 21:43:20] [Reviewer] [INFO] 正在审查第1983章...
[2026-05-18 21:43:21] [Reviewer] [INFO] 第1992章审查完成：评分 8.5， verdict: 通过
[2026-05-18 21:43:21] [Reviewer] [INFO] 结果: success
[2026-05-18 21:43:21] [Reviewer] [INFO] ============================================================
[2026-05-18 21:43:21] [Reviewer] [INFO] Reviewer Agent 启动
[2026-05-18 21:43:21] [Reviewer] [INFO] ============================================================
[2026-05-18 21:43:21] [Reviewer] [INFO] 正在审查第1993章...
[2026-05-18 21:43:27] [Reviewer] [INFO] 第1963章审查完成：评分 8.5， verdict: 通过
[2026-05-18 21:43:27] [Reviewer] [INFO] 结果: success
[2026-05-18 21:43:29] [Reviewer] [INFO] 第1979章审查完成：评分 8.9， verdict: 通过
[2026-05-18 21:43:29] [Reviewer] [INFO] 结果: success
[2026-05-18 21:43:31] [Reviewer] [INFO] 第1981章审查完成：评分 8.3， verdict: 通过
[2026-05-18 21:43:31] [Reviewer] [INFO] 结果: success
[2026-05-18 21:43:31] [Reviewer] [INFO] 第1967章审查完成：评分 8.4， verdict: 通过
[2026-05-18 21:43:31] [Reviewer] [INFO] 结果: success
[2026-05-18 21:43:32] [Reviewer] [INFO] 第1959章审查完成：评分 8.2， verdict: 需修改
[2026-05-18 21:43:32] [Reviewer] [INFO] 结果: success
[2026-05-18 21:43:33] [Reviewer] [INFO] 第1977章审查完成：评分 8.2， verdict: 通过
[2026-05-18 21:43:33] [Reviewer] [INFO] 结果: success
[2026-05-18 21:43:33] [Reviewer] [INFO] 第1989章审查完成：评分 8.6， verdict: 通过
[2026-05-18 21:43:33] [Reviewer] [INFO] 结果: success
[2026-05-18 21:43:35] [Reviewer] [INFO] 第1995章审查完成：评分 7.8， verdict: 通过
[2026-05-18 21:43:35] [Reviewer] [INFO] 结果: success
[2026-05-18 21:43:36] [Reviewer] [INFO] 第1971章审查完成：评分 8.4， verdict: 通过
[2026-05-18 21:43:36] [Reviewer] [INFO] 结果: success
[2026-05-18 21:43:37] [Reviewer] [INFO] 第1983章审查完成：评分 8.2， verdict: 通过
[2026-05-18 21:43:37] [Reviewer] [INFO] 结果: success
[2026-05-18 21:43:37] [Reviewer] [INFO] 第1987章审查完成：评分 8.2， verdict: 通过
[2026-05-18 21:43:37] [Reviewer] [INFO] 结果: success
[2026-05-18 21:43:38] [Reviewer] [INFO] 第1965章审查完成：评分 8.3， verdict: 通过
[2026-05-18 21:43:38] [Reviewer] [INFO] 结果: success
[2026-05-18 21:43:39] [Reviewer] [INFO] 第1991章审查完成：评分 9.0， verdict: 通过
[2026-05-18 21:43:39] [Reviewer] [INFO] 结果: success
[2026-05-18 21:43:39] [Reviewer] [INFO] 第1969章审查完成：评分 8.6， verdict: 需修改
[2026-05-18 21:43:39] [Reviewer] [INFO] 结果: success
[2026-05-18 21:43:41] [Reviewer] [INFO] 第1997章审查完成：评分 8.3， verdict: 通过
[2026-05-18 21:43:41] [Reviewer] [INFO] 结果: success
[2026-05-18 21:43:42] [Reviewer] [INFO] 第1961章审查完成：评分 8.2， verdict: 通过
[2026-05-18 21:43:42] [Reviewer] [INFO] 结果: success
[2026-05-18 21:43:45] [Reviewer] [INFO] 第1975章审查完成：评分 8.2， verdict: 通过
[2026-05-18 21:43:45] [Reviewer] [INFO] 结果: success
[2026-05-18 21:43:47] [Reviewer] [INFO] 第1993章审查完成：评分 8.3， verdict: 通过
[2026-05-18 21:43:47] [Reviewer] [INFO] 结果: success
[2026-05-18 21:43:52] [Reviewer] [INFO] 第1985章审查完成：评分 8.0， verdict: 需修改
[2026-05-18 21:43:52] [Reviewer] [INFO] 结果: success
[2026-05-18 21:43:56] [Reviewer] [INFO] 第1973章审查完成：评分 8.3， verdict: 通过
[2026-05-18 21:43:56] [Reviewer] [INFO] 结果: success
[2026-05-18 21:43:58] [Reviewer] [INFO] ============================================================
[2026-05-18 21:43:58] [Reviewer] [INFO] Reviewer Agent 启动
[2026-05-18 21:43:58] [Reviewer] [INFO] Reviewer Agent 启动
[2026-05-18 21:43:58] [Reviewer] [INFO] ============================================================
[2026-05-18 21:43:58] [Reviewer] [INFO] ============================================================
[2026-05-18 21:43:58] [Reviewer] [INFO] 正在审查第1998章...
[2026-05-18 21:43:58] [Reviewer] [INFO] 正在审查第2000章...
[2026-05-18 21:44:20] [Reviewer] [INFO] 第1998章审查完成：评分 8.0， verdict: 通过
[2026-05-18 21:44:20] [Reviewer] [INFO] 结果: success
[2026-05-18 21:44:20] [Reviewer] [INFO] ============================================================
[2026-05-18 21:44:20] [Reviewer] [INFO] Reviewer Agent 启动
[2026-05-18 21:44:20] [Reviewer] [INFO] ============================================================
[2026-05-18 21:44:20] [Reviewer] [INFO] 正在审查第1999章...
[2026-05-18 21:44:21] [Reviewer] [INFO] 第2000章审查完成：评分 8.2， verdict: 通过
[2026-05-18 21:44:21] [Reviewer] [INFO] 结果: success
[2026-05-18 21:44:42] [Reviewer] [INFO] 第1999章审查完成：评分 8.7， verdict: 通过
[2026-05-18 21:44:42] [Reviewer] [INFO] 结果: success
