============================================================
Rewrite Agent 启动
============================================================
共需处理 2000 章（重写 + 复制）
[2026-05-18 22:30:20] [Rewrite] 第1章直接复制到终稿（5315字）
[2026-05-18 22:30:20] [Rewrite] 第3章直接复制到终稿（6558字）
[2026-05-18 22:30:20] [Rewrite] 第2章直接复制到终稿（8345字）
[2026-05-18 22:30:20] [Rewrite] 第5章直接复制到终稿（4178字）
[2026-05-18 22:30:20] [Rewrite] 第6章直接复制到终稿（5983字）
[2026-05-18 22:30:20] [Rewrite] 正在重写第4章（初稿6452字，评分6.8）...
[2026-05-18 22:30:20] [Rewrite] 第7章直接复制到终稿（5255字）
[2026-05-18 22:30:20] [Rewrite] 第10章直接复制到终稿（4757字）
[2026-05-18 22:30:20] [Rewrite] 第8章直接复制到终稿（6700字）
[2026-05-18 22:30:20] [Rewrite] 第12章直接复制到终稿（5157字）
[2026-05-18 22:30:20] [Rewrite] 第11章直接复制到终稿（5696字）
[2026-05-18 22:30:20] [Rewrite] 第9章直接复制到终稿（4418字）
[2026-05-18 22:30:20] [Rewrite] 第16章直接复制到终稿（6142字）
进度: 1/2000 完成, 失败: 0
进度: 2/2000 完成, 失败: 0
进度: 3/2000 完成, 失败: 0
进度: 4/2000 完成, 失败: 0
进度: 5/2000 完成, 失败: 0
进度: 6/2000 完成, 失败: 0
进度: 7/2000 完成, 失败: 0
进度: 8/2000 完成, 失败: 0
[2026-05-18 22:30:20] [Rewrite] 第13章直接复制到终稿（6465字）
[2026-05-18 22:30:20] [Rewrite] 第15章直接复制到终稿（6542字）
进度: 9/2000 完成, 失败: 0
进度: 10/2000 完成, 失败: 0
[2026-05-18 22:30:20] [Rewrite] 第17章直接复制到终稿（5135字）
[2026-05-18 22:30:20] [Rewrite] 第21章直接复制到终稿（4415字）
[2026-05-18 22:30:20] [Rewrite] 第19章直接复制到终稿（6005字）
进度: 11/2000 完成, 失败: 0
[2026-05-18 22:30:20] [Rewrite] 第23章直接复制到终稿（5040字）
[2026-05-18 22:30:20] [Rewrite] 第14章直接复制到终稿（7546字）
[2026-05-18 22:30:20] [Rewrite] 第18章直接复制到终稿（5071字）
进度: 12/2000 完成, 失败: 0
进度: 13/2000 完成, 失败: 0
进度: 14/2000 完成, 失败: 0
[2026-05-18 22:30:20] [Rewrite] 第20章直接复制到终稿（5502字）
进度: 15/2000 完成, 失败: 0
[2026-05-18 22:30:20] [Rewrite] 第22章直接复制到终稿（5087字）
[2026-05-18 22:30:20] [Rewrite] 第24章直接复制到终稿（5715字）
[2026-05-18 22:30:20] [Rewrite] 第26章直接复制到终稿（4736字）
[2026-05-18 22:30:20] [Rewrite] 第25章直接复制到终稿（6039字）
进度: 16/2000 完成, 失败: 0
进度: 17/2000 完成, 失败: 0
[2026-05-18 22:30:20] [Rewrite] 第29章直接复制到终稿（4986字）
进度: 18/2000 完成, 失败: 0
进度: 19/2000 完成, 失败: 0
进度: 20/2000 完成, 失败: 0
进度: 21/2000 完成, 失败: 0
[2026-05-18 22:30:20] [Rewrite] 第31章直接复制到终稿（4876字）
[2026-05-18 22:30:20] [Rewrite] 第30章直接复制到终稿（5332字）
进度: 22/2000 完成, 失败: 0
进度: 23/2000 完成, 失败: 0
进度: 24/2000 完成, 失败: 0
进度: 25/2000 完成, 失败: 0
进度: 26/2000 完成, 失败: 0
[2026-05-18 22:30:20] [Rewrite] 第28章直接复制到终稿（4015字）
[2026-05-18 22:30:20] [Rewrite] 第37章直接复制到终稿（3530字）
进度: 27/2000 完成, 失败: 0
[2026-05-18 22:30:20] [Rewrite] 第35章直接复制到终稿（6195字）
[2026-05-18 22:30:20] [Rewrite] 第40章直接复制到终稿（5646字）
[2026-05-18 22:30:20] [Rewrite] 第32章直接复制到终稿（5734字）
进度: 28/2000 完成, 失败: 0
[2026-05-18 22:30:20] [Rewrite] 第33章直接复制到终稿（5346字）
[2026-05-18 22:30:20] [Rewrite] 第38章直接复制到终稿（4584字）
[2026-05-18 22:30:20] [Rewrite] 第34章直接复制到终稿（3648字）
[2026-05-18 22:30:20] [Rewrite] 第27章直接复制到终稿（4317字）
[2026-05-18 22:30:20] [Rewrite] 第41章直接复制到终稿（4855字）
[2026-05-18 22:30:20] [Rewrite] 第36章直接复制到终稿（3620字）
进度: 29/2000 完成, 失败: 0
进度: 30/2000 完成, 失败: 0
进度: 31/2000 完成, 失败: 0
进度: 32/2000 完成, 失败: 0
[2026-05-18 22:30:20] [Rewrite] 第42章直接复制到终稿（7080字）
进度: 33/2000 完成, 失败: 0
[2026-05-18 22:30:20] [Rewrite] 第46章直接复制到终稿（4031字）
进度: 34/2000 完成, 失败: 0
进度: 35/2000 完成, 失败: 0
[2026-05-18 22:30:20] [Rewrite] 第44章直接复制到终稿（4915字）
进度: 36/2000 完成, 失败: 0
进度: 37/2000 完成, 失败: 0
[2026-05-18 22:30:20] [Rewrite] 第43章直接复制到终稿（5951字）
[2026-05-18 22:30:20] [Rewrite] 第45章直接复制到终稿（4697字）
[2026-05-18 22:30:20] [Rewrite] 第47章直接复制到终稿（4248字）
[2026-05-18 22:30:20] [Rewrite] 第48章直接复制到终稿（5747字）
进度: 38/2000 完成, 失败: 0
进度: 39/2000 完成, 失败: 0
进度: 40/2000 完成, 失败: 0
[2026-05-18 22:30:20] [Rewrite] 第39章直接复制到终稿（3983字）
进度: 41/2000 完成, 失败: 0
[2026-05-18 22:30:20] [Rewrite] 第51章直接复制到终稿（4821字）
进度: 42/2000 完成, 失败: 0
[2026-05-18 22:30:20] [Rewrite] 第54章直接复制到终稿（7349字）
[2026-05-18 22:30:20] [Rewrite] 第49章直接复制到终稿（4686字）
[2026-05-18 22:30:20] [Rewrite] 第53章直接复制到终稿（4668字）
[2026-05-18 22:30:20] [Rewrite] 第52章直接复制到终稿（4436字）
进度: 43/2000 完成, 失败: 0
进度: 44/2000 完成, 失败: 0
进度: 45/2000 完成, 失败: 0
[2026-05-18 22:30:20] [Rewrite] 第50章直接复制到终稿（3568字）
进度: 46/2000 完成, 失败: 0
[2026-05-18 22:30:20] [Rewrite] 第57章直接复制到终稿（4617字）
进度: 47/2000 完成, 失败: 0
进度: 48/2000 完成, 失败: 0
[2026-05-18 22:30:20] [Rewrite] 第55章直接复制到终稿（5675字）
[2026-05-18 22:30:20] [Rewrite] 第56章直接复制到终稿（5130字）
进度: 49/2000 完成, 失败: 0
进度: 50/2000 完成, 失败: 0
进度: 51/2000 完成, 失败: 0
进度: 52/2000 完成, 失败: 0
[2026-05-18 22:30:20] [Rewrite] 第62章直接复制到终稿（3289字）
[2026-05-18 22:30:20] [Rewrite] 第61章直接复制到终稿（5351字）
进度: 53/2000 完成, 失败: 0
[2026-05-18 22:30:20] [Rewrite] 第59章直接复制到终稿（3847字）
[2026-05-18 22:30:20] [Rewrite] 第64章直接复制到终稿（3273字）
[2026-05-18 22:30:20] [Rewrite] 第67章直接复制到终稿（3288字）
进度: 54/2000 完成, 失败: 0
进度: 55/2000 完成, 失败: 0
[2026-05-18 22:30:20] [Rewrite] 第60章直接复制到终稿（5004字）
[2026-05-18 22:30:20] [Rewrite] 第65章直接复制到终稿（3292字）
[2026-05-18 22:30:20] [Rewrite] 第63章直接复制到终稿（4347字）
进度: 56/2000 完成, 失败: 0
[2026-05-18 22:30:20] [Rewrite] 第66章直接复制到终稿（4123字）
[2026-05-18 22:30:20] [Rewrite] 第58章直接复制到终稿（4982字）
[2026-05-18 22:30:20] [Rewrite] 第68章直接复制到终稿（4407字）
进度: 57/2000 完成, 失败: 0
进度: 58/2000 完成, 失败: 0
进度: 59/2000 完成, 失败: 0
[2026-05-18 22:30:20] [Rewrite] 第71章直接复制到终稿（3727字）
[2026-05-18 22:30:20] [Rewrite] 第70章直接复制到终稿（5549字）
[2026-05-18 22:30:20] [Rewrite] 第73章直接复制到终稿（4691字）
[2026-05-18 22:30:20] [Rewrite] 第74章直接复制到终稿（4662字）
进度: 60/2000 完成, 失败: 0
进度: 61/2000 完成, 失败: 0
进度: 62/2000 完成, 失败: 0
进度: 63/2000 完成, 失败: 0
进度: 64/2000 完成, 失败: 0
进度: 65/2000 完成, 失败: 0
进度: 66/2000 完成, 失败: 0
进度: 67/2000 完成, 失败: 0
[2026-05-18 22:30:20] [Rewrite] 第72章直接复制到终稿（5211字）
进度: 68/2000 完成, 失败: 0
进度: 69/2000 完成, 失败: 0
[2026-05-18 22:30:20] [Rewrite] 第75章直接复制到终稿（5220字）
[2026-05-18 22:30:20] [Rewrite] 第69章直接复制到终稿（6519字）
[2026-05-18 22:30:20] [Rewrite] 第82章直接复制到终稿（4287字）
进度: 70/2000 完成, 失败: 0
进度: 71/2000 完成, 失败: 0
[2026-05-18 22:30:20] [Rewrite] 第78章直接复制到终稿（6337字）
[2026-05-18 22:30:20] [Rewrite] 第79章直接复制到终稿（5036字）
进度: 72/2000 完成, 失败: 0
[2026-05-18 22:30:20] [Rewrite] 第77章直接复制到终稿（3977字）
[2026-05-18 22:30:20] [Rewrite] 第87章直接复制到终稿（4504字）
[2026-05-18 22:30:20] [Rewrite] 第84章直接复制到终稿（4745字）
进度: 73/2000 完成, 失败: 0
[2026-05-18 22:30:20] [Rewrite] 第76章直接复制到终稿（3392字）
[2026-05-18 22:30:20] [Rewrite] 第80章直接复制到终稿（4034字）
[2026-05-18 22:30:20] [Rewrite] 第81章直接复制到终稿（3996字）
进度: 74/2000 完成, 失败: 0
进度: 75/2000 完成, 失败: 0
进度: 76/2000 完成, 失败: 0
进度: 77/2000 完成, 失败: 0
进度: 78/2000 完成, 失败: 0
进度: 79/2000 完成, 失败: 0
进度: 80/2000 完成, 失败: 0
[2026-05-18 22:30:20] [Rewrite] 第88章直接复制到终稿（6816字）
[2026-05-18 22:30:20] [Rewrite] 第86章直接复制到终稿（6392字）
[2026-05-18 22:30:20] [Rewrite] 第91章直接复制到终稿（4399字）
[2026-05-18 22:30:20] [Rewrite] 第89章直接复制到终稿（4852字）
进度: 81/2000 完成, 失败: 0
[2026-05-18 22:30:20] [Rewrite] 第92章直接复制到终稿（4537字）
[2026-05-18 22:30:20] [Rewrite] 第90章直接复制到终稿（3299字）
[2026-05-18 22:30:20] [Rewrite] 正在重写第83章（初稿3709字，评分6.5）...
进度: 82/2000 完成, 失败: 0
进度: 83/2000 完成, 失败: 0
进度: 84/2000 完成, 失败: 0
进度: 85/2000 完成, 失败: 0
[2026-05-18 22:30:20] [Rewrite] 第93章直接复制到终稿（3758字）
[2026-05-18 22:30:20] [Rewrite] 正在重写第85章（初稿5008字，评分6.7）...
进度: 86/2000 完成, 失败: 0
进度: 87/2000 完成, 失败: 0
[2026-05-18 22:30:20] [Rewrite] 第99章直接复制到终稿（6109字）
[2026-05-18 22:30:20] [Rewrite] 第94章直接复制到终稿（4137字）
进度: 88/2000 完成, 失败: 0
[2026-05-18 22:30:20] [Rewrite] 第98章直接复制到终稿（4277字）
进度: 89/2000 完成, 失败: 0
[2026-05-18 22:30:20] [Rewrite] 第95章直接复制到终稿（3979字）
[2026-05-18 22:30:20] [Rewrite] 第100章直接复制到终稿（5792字）
[2026-05-18 22:30:20] [Rewrite] 第103章直接复制到终稿（5217字）
进度: 90/2000 完成, 失败: 0
[2026-05-18 22:30:20] [Rewrite] 第101章直接复制到终稿（4672字）
进度: 91/2000 完成, 失败: 0
进度: 92/2000 完成, 失败: 0
进度: 93/2000 完成, 失败: 0
[2026-05-18 22:30:20] [Rewrite] 第105章直接复制到终稿（6400字）
[2026-05-18 22:30:20] [Rewrite] 第104章直接复制到终稿（6142字）
进度: 94/2000 完成, 失败: 0
进度: 95/2000 完成, 失败: 0
[2026-05-18 22:30:20] [Rewrite] 第102章直接复制到终稿（6695字）
[2026-05-18 22:30:20] [Rewrite] 第96章直接复制到终稿（5173字）
[2026-05-18 22:30:20] [Rewrite] 第106章直接复制到终稿（6339字）
进度: 96/2000 完成, 失败: 0
[2026-05-18 22:30:20] [Rewrite] 正在重写第97章（初稿6158字，评分6.5）...
[2026-05-18 22:30:20] [Rewrite] 第108章直接复制到终稿（7124字）
[2026-05-18 22:30:20] [Rewrite] 第107章直接复制到终稿（4853字）
进度: 97/2000 完成, 失败: 0
进度: 98/2000 完成, 失败: 0
进度: 99/2000 完成, 失败: 0
进度: 100/2000 完成, 失败: 0
进度: 101/2000 完成, 失败: 0
[2026-05-18 22:30:20] [Rewrite] 第110章直接复制到终稿（3790字）
[2026-05-18 22:30:20] [Rewrite] 第115章直接复制到终稿（4838字）
[2026-05-18 22:30:20] [Rewrite] 第109章直接复制到终稿（3900字）
进度: 102/2000 完成, 失败: 0
[2026-05-18 22:30:20] [Rewrite] 第114章直接复制到终稿（4107字）
进度: 103/2000 完成, 失败: 0
[2026-05-18 22:30:20] [Rewrite] 第113章直接复制到终稿（6710字）
[2026-05-18 22:30:20] [Rewrite] 第111章直接复制到终稿（6036字）
进度: 104/2000 完成, 失败: 0
进度: 105/2000 完成, 失败: 0
[2026-05-18 22:30:20] [Rewrite] 第119章直接复制到终稿（4597字）
进度: 106/2000 完成, 失败: 0
[2026-05-18 22:30:20] [Rewrite] 第112章直接复制到终稿（4603字）
[2026-05-18 22:30:20] [Rewrite] 第121章直接复制到终稿（5071字）
[2026-05-18 22:30:20] [Rewrite] 第116章直接复制到终稿（4946字）
[2026-05-18 22:30:20] [Rewrite] 第117章直接复制到终稿（3934字）
进度: 107/2000 完成, 失败: 0
进度: 108/2000 完成, 失败: 0
进度: 109/2000 完成, 失败: 0
[2026-05-18 22:30:20] [Rewrite] 第120章直接复制到终稿（4452字）
[2026-05-18 22:30:20] [Rewrite] 第118章直接复制到终稿（4263字）
进度: 110/2000 完成, 失败: 0
进度: 111/2000 完成, 失败: 0
进度: 112/2000 完成, 失败: 0
进度: 113/2000 完成, 失败: 0
进度: 114/2000 完成, 失败: 0
[2026-05-18 22:30:20] [Rewrite] 第125章直接复制到终稿（3296字）
进度: 115/2000 完成, 失败: 0
[2026-05-18 22:30:20] [Rewrite] 第122章直接复制到终稿（5150字）
[2026-05-18 22:30:20] [Rewrite] 第123章直接复制到终稿（6197字）
[2026-05-18 22:30:20] [Rewrite] 第124章直接复制到终稿（6671字）
[2026-05-18 22:30:20] [Rewrite] 第126章直接复制到终稿（5803字）
进度: 116/2000 完成, 失败: 0
进度: 117/2000 完成, 失败: 0
进度: 118/2000 完成, 失败: 0
[2026-05-18 22:30:20] [Rewrite] 第129章直接复制到终稿（5640字）
进度: 119/2000 完成, 失败: 0
[2026-05-18 22:30:20] [Rewrite] 第128章直接复制到终稿（3867字）
[2026-05-18 22:30:20] [Rewrite] 第127章直接复制到终稿（4956字）
进度: 120/2000 完成, 失败: 0
[2026-05-18 22:30:20] [Rewrite] 第134章直接复制到终稿（6946字）
[2026-05-18 22:30:20] [Rewrite] 第133章直接复制到终稿（4208字）
进度: 121/2000 完成, 失败: 0
[2026-05-18 22:30:20] [Rewrite] 第130章直接复制到终稿（8629字）
[2026-05-18 22:30:20] [Rewrite] 第132章直接复制到终稿（4797字）
[2026-05-18 22:30:20] [Rewrite] 第131章直接复制到终稿（4556字）
进度: 122/2000 完成, 失败: 0
进度: 123/2000 完成, 失败: 0
[2026-05-18 22:30:20] [Rewrite] 第135章直接复制到终稿（4039字）
进度: 124/2000 完成, 失败: 0
进度: 125/2000 完成, 失败: 0
[2026-05-18 22:30:20] [Rewrite] 第138章直接复制到终稿（5245字）
[2026-05-18 22:30:20] [Rewrite] 第137章直接复制到终稿（3584字）
进度: 126/2000 完成, 失败: 0
[2026-05-18 22:30:20] [Rewrite] 第139章直接复制到终稿（5279字）
进度: 127/2000 完成, 失败: 0
进度: 128/2000 完成, 失败: 0
[2026-05-18 22:30:20] [Rewrite] 第136章直接复制到终稿（6090字）
进度: 129/2000 完成, 失败: 0
进度: 130/2000 完成, 失败: 0
进度: 131/2000 完成, 失败: 0
进度: 132/2000 完成, 失败: 0
[2026-05-18 22:30:20] [Rewrite] 第141章直接复制到终稿（6405字）
[2026-05-18 22:30:20] [Rewrite] 第140章直接复制到终稿（4356字）
进度: 133/2000 完成, 失败: 0
进度: 134/2000 完成, 失败: 0
[2026-05-18 22:30:20] [Rewrite] 第142章直接复制到终稿（4462字）
[2026-05-18 22:30:20] [Rewrite] 第144章直接复制到终稿（5563字）
进度: 135/2000 完成, 失败: 0
[2026-05-18 22:30:20] [Rewrite] 第147章直接复制到终稿（5361字）
进度: 136/2000 完成, 失败: 0
[2026-05-18 22:30:20] [Rewrite] 第149章直接复制到终稿（3140字）
[2026-05-18 22:30:20] [Rewrite] 第143章直接复制到终稿（5605字）
[2026-05-18 22:30:20] [Rewrite] 第146章直接复制到终稿（5598字）
[2026-05-18 22:30:20] [Rewrite] 第145章直接复制到终稿（5243字）
进度: 137/2000 完成, 失败: 0
进度: 138/2000 完成, 失败: 0
[2026-05-18 22:30:20] [Rewrite] 第150章直接复制到终稿（7284字）
进度: 139/2000 完成, 失败: 0
进度: 140/2000 完成, 失败: 0
[2026-05-18 22:30:20] [Rewrite] 第152章直接复制到终稿（4344字）
[2026-05-18 22:30:20] [Rewrite] 第148章直接复制到终稿（4508字）
[2026-05-18 22:30:20] [Rewrite] 第151章直接复制到终稿（4491字）
进度: 141/2000 完成, 失败: 0
进度: 142/2000 完成, 失败: 0
进度: 143/2000 完成, 失败: 0
进度: 144/2000 完成, 失败: 0
[2026-05-18 22:30:20] [Rewrite] 第154章直接复制到终稿（4578字）
进度: 145/2000 完成, 失败: 0
[2026-05-18 22:30:20] [Rewrite] 第158章直接复制到终稿（4532字）
进度: 146/2000 完成, 失败: 0
进度: 147/2000 完成, 失败: 0
[2026-05-18 22:30:20] [Rewrite] 第153章直接复制到终稿（3582字）
[2026-05-18 22:30:20] [Rewrite] 第156章直接复制到终稿（4847字）
进度: 148/2000 完成, 失败: 0
[2026-05-18 22:30:20] [Rewrite] 第155章直接复制到终稿（6574字）
[2026-05-18 22:30:20] [Rewrite] 第159章直接复制到终稿（4087字）
[2026-05-18 22:30:20] [Rewrite] 第157章直接复制到终稿（4987字）
进度: 149/2000 完成, 失败: 0
[2026-05-18 22:30:20] [Rewrite] 第160章直接复制到终稿（7058字）
进度: 150/2000 完成, 失败: 0
[2026-05-18 22:30:20] [Rewrite] 第165章直接复制到终稿（3708字）
[2026-05-18 22:30:20] [Rewrite] 第163章直接复制到终稿（5226字）
[2026-05-18 22:30:20] [Rewrite] 第161章直接复制到终稿（5679字）
进度: 151/2000 完成, 失败: 0
进度: 152/2000 完成, 失败: 0
[2026-05-18 22:30:20] [Rewrite] 第166章直接复制到终稿（4279字）
进度: 153/2000 完成, 失败: 0
进度: 154/2000 完成, 失败: 0
[2026-05-18 22:30:20] [Rewrite] 第164章直接复制到终稿（6467字）
进度: 155/2000 完成, 失败: 0
[2026-05-18 22:30:20] [Rewrite] 第162章直接复制到终稿（5917字）
[2026-05-18 22:30:20] [Rewrite] 第167章直接复制到终稿（6682字）
进度: 156/2000 完成, 失败: 0
进度: 157/2000 完成, 失败: 0
进度: 158/2000 完成, 失败: 0
进度: 159/2000 完成, 失败: 0
进度: 160/2000 完成, 失败: 0
进度: 161/2000 完成, 失败: 0
[2026-05-18 22:30:20] [Rewrite] 第170章直接复制到终稿（4020字）
[2026-05-18 22:30:20] [Rewrite] 第169章直接复制到终稿（5882字）
[2026-05-18 22:30:20] [Rewrite] 第168章直接复制到终稿（3927字）
进度: 162/2000 完成, 失败: 0
进度: 163/2000 完成, 失败: 0
[2026-05-18 22:30:20] [Rewrite] 第172章直接复制到终稿（3681字）
[2026-05-18 22:30:20] [Rewrite] 第171章直接复制到终稿（5364字）
进度: 164/2000 完成, 失败: 0
[2026-05-18 22:30:20] [Rewrite] 第174章直接复制到终稿（4314字）
进度: 165/2000 完成, 失败: 0
进度: 166/2000 完成, 失败: 0
[2026-05-18 22:30:20] [Rewrite] 第175章直接复制到终稿（4368字）
[2026-05-18 22:30:20] [Rewrite] 第176章直接复制到终稿（5181字）
[2026-05-18 22:30:20] [Rewrite] 第177章直接复制到终稿（3876字）[2026-05-18 22:30:20] [Rewrite] 第181章直接复制到终稿（4635字）
[2026-05-18 22:30:20] [Rewrite] 第173章直接复制到终稿（5089字）
[2026-05-18 22:30:20] [Rewrite] 第178章直接复制到终稿（4702字）

进度: 167/2000 完成, 失败: 0
进度: 168/2000 完成, 失败: 0
进度: 169/2000 完成, 失败: 0
[2026-05-18 22:30:20] [Rewrite] 第179章直接复制到终稿（6041字）
[2026-05-18 22:30:20] [Rewrite] 第180章直接复制到终稿（4546字）
进度: 170/2000 完成, 失败: 0
进度: 171/2000 完成, 失败: 0
[2026-05-18 22:30:20] [Rewrite] 第183章直接复制到终稿（4130字）
进度: 172/2000 完成, 失败: 0
[2026-05-18 22:30:20] [Rewrite] 第182章直接复制到终稿（5829字）
[2026-05-18 22:30:20] [Rewrite] 第184章直接复制到终稿（5694字）
进度: 173/2000 完成, 失败: 0
进度: 174/2000 完成, 失败: 0
进度: 175/2000 完成, 失败: 0
进度: 176/2000 完成, 失败: 0
[2026-05-18 22:30:20] [Rewrite] 第187章直接复制到终稿（4869字）
[2026-05-18 22:30:20] [Rewrite] 第188章直接复制到终稿（5286字）
进度: 177/2000 完成, 失败: 0
进度: 178/2000 完成, 失败: 0
[2026-05-18 22:30:20] [Rewrite] 第186章直接复制到终稿（4985字）
进度: 179/2000 完成, 失败: 0
进度: 180/2000 完成, 失败: 0
[2026-05-18 22:30:20] [Rewrite] 第189章直接复制到终稿（4914字）
进度: 181/2000 完成, 失败: 0
[2026-05-18 22:30:20] [Rewrite] 第191章直接复制到终稿（5311字）
[2026-05-18 22:30:20] [Rewrite] 第185章直接复制到终稿（6327字）
[2026-05-18 22:30:20] [Rewrite] 第192章直接复制到终稿（4138字）
进度: 182/2000 完成, 失败: 0
[2026-05-18 22:30:20] [Rewrite] 第190章直接复制到终稿（5519字）
[2026-05-18 22:30:20] [Rewrite] 第194章直接复制到终稿（4981字）
进度: 183/2000 完成, 失败: 0
进度: 184/2000 完成, 失败: 0
[2026-05-18 22:30:20] [Rewrite] 第198章直接复制到终稿（4645字）
[2026-05-18 22:30:20] [Rewrite] 第195章直接复制到终稿（5101字）
进度: 185/2000 完成, 失败: 0
[2026-05-18 22:30:20] [Rewrite] 第197章直接复制到终稿（6982字）
[2026-05-18 22:30:20] [Rewrite] 第196章直接复制到终稿（4511字）
进度: 186/2000 完成, 失败: 0
[2026-05-18 22:30:20] [Rewrite] 第199章直接复制到终稿（4602字）
进度: 187/2000 完成, 失败: 0
进度: 188/2000 完成, 失败: 0
进度: 189/2000 完成, 失败: 0
[2026-05-18 22:30:20] [Rewrite] 第202章直接复制到终稿（5611字）
[2026-05-18 22:30:20] [Rewrite] 第201章直接复制到终稿（4856字）
[2026-05-18 22:30:20] [Rewrite] 第193章直接复制到终稿（6037字）
进度: 190/2000 完成, 失败: 0
进度: 191/2000 完成, 失败: 0
进度: 192/2000 完成, 失败: 0
进度: 193/2000 完成, 失败: 0
[2026-05-18 22:30:20] [Rewrite] 第200章直接复制到终稿（6767字）
[2026-05-18 22:30:20] [Rewrite] 第203章直接复制到终稿（4992字）
进度: 194/2000 完成, 失败: 0
进度: 195/2000 完成, 失败: 0
进度: 196/2000 完成, 失败: 0
[2026-05-18 22:30:20] [Rewrite] 第204章直接复制到终稿（3479字）
[2026-05-18 22:30:20] [Rewrite] 第205章直接复制到终稿（4185字）
[2026-05-18 22:30:20] [Rewrite] 第208章直接复制到终稿（3749字）
[2026-05-18 22:30:20] [Rewrite] 第207章直接复制到终稿（3508字）
[2026-05-18 22:30:20] [Rewrite] 第206章直接复制到终稿（6942字）
进度: 197/2000 完成, 失败: 0
[2026-05-18 22:30:20] [Rewrite] 第210章直接复制到终稿（4203字）
进度: 198/2000 完成, 失败: 0
进度: 199/2000 完成, 失败: 0
[2026-05-18 22:30:20] [Rewrite] 第212章直接复制到终稿（4334字）
[2026-05-18 22:30:20] [Rewrite] 第209章直接复制到终稿（7161字）
进度: 200/2000 完成, 失败: 0
[2026-05-18 22:30:20] [Rewrite] 第213章直接复制到终稿（4611字）
[2026-05-18 22:30:20] [Rewrite] 第215章直接复制到终稿（4099字）
进度: 201/2000 完成, 失败: 0
进度: 202/2000 完成, 失败: 0
进度: 203/2000 完成, 失败: 0
进度: 204/2000 完成, 失败: 0
[2026-05-18 22:30:20] [Rewrite] 第211章直接复制到终稿（5607字）
[2026-05-18 22:30:20] [Rewrite] 第214章直接复制到终稿（4201字）
进度: 205/2000 完成, 失败: 0
进度: 206/2000 完成, 失败: 0
进度: 207/2000 完成, 失败: 0
进度: 208/2000 完成, 失败: 0
[2026-05-18 22:30:20] [Rewrite] 第218章直接复制到终稿（4405字）
[2026-05-18 22:30:20] [Rewrite] 第216章直接复制到终稿（4339字）
进度: 209/2000 完成, 失败: 0
进度: 210/2000 完成, 失败: 0
[2026-05-18 22:30:20] [Rewrite] 第222章直接复制到终稿（5193字）
[2026-05-18 22:30:20] [Rewrite] 第217章直接复制到终稿（5722字）
[2026-05-18 22:30:20] [Rewrite] 第220章直接复制到终稿（3127字）
进度: 211/2000 完成, 失败: 0
[2026-05-18 22:30:20] [Rewrite] 第228章直接复制到终稿（4378字）
[2026-05-18 22:30:20] [Rewrite] 第223章直接复制到终稿（4355字）
进度: 212/2000 完成, 失败: 0
进度: 213/2000 完成, 失败: 0
进度: 214/2000 完成, 失败: 0
[2026-05-18 22:30:20] [Rewrite] 第227章直接复制到终稿（4547字）
[2026-05-18 22:30:20] [Rewrite] 正在重写第224章（初稿5686字，评分6.8）...
[2026-05-18 22:30:20] [Rewrite] 第221章直接复制到终稿（3925字）
进度: 215/2000 完成, 失败: 0
[2026-05-18 22:30:20] [Rewrite] 第226章直接复制到终稿（5644字）
[2026-05-18 22:30:20] [Rewrite] 正在重写第219章（初稿4321字，评分6.8）...
进度: 216/2000 完成, 失败: 0
[2026-05-18 22:30:20] [Rewrite] 第225章直接复制到终稿（7006字）
进度: 217/2000 完成, 失败: 0
[2026-05-18 22:30:20] [Rewrite] 第229章直接复制到终稿（4751字）
进度: 218/2000 完成, 失败: 0
[2026-05-18 22:30:20] [Rewrite] 第231章直接复制到终稿（4822字）
[2026-05-18 22:30:20] [Rewrite] 第232章直接复制到终稿（4216字）
进度: 219/2000 完成, 失败: 0
进度: 220/2000 完成, 失败: 0
[2026-05-18 22:30:20] [Rewrite] 第230章直接复制到终稿（5024字）
[2026-05-18 22:30:20] [Rewrite] 第235章直接复制到终稿（3949字）
进度: 221/2000 完成, 失败: 0
[2026-05-18 22:30:20] [Rewrite] 第233章直接复制到终稿（4928字）
进度: 222/2000 完成, 失败: 0
进度: 223/2000 完成, 失败: 0
[2026-05-18 22:30:20] [Rewrite] 第234章直接复制到终稿（4473字）
进度: 224/2000 完成, 失败: 0
进度: 225/2000 完成, 失败: 0
进度: 226/2000 完成, 失败: 0
[2026-05-18 22:30:20] [Rewrite] 第236章直接复制到终稿（4724字）
[2026-05-18 22:30:20] [Rewrite] 第239章直接复制到终稿（5396字）
[2026-05-18 22:30:20] [Rewrite] 第238章直接复制到终稿（4867字）
进度: 227/2000 完成, 失败: 0
进度: 228/2000 完成, 失败: 0
进度: 229/2000 完成, 失败: 0
[2026-05-18 22:30:20] [Rewrite] 第237章直接复制到终稿（5997字）
[2026-05-18 22:30:20] [Rewrite] 第240章直接复制到终稿（4188字）
进度: 230/2000 完成, 失败: 0
[2026-05-18 22:30:20] [Rewrite] 第242章直接复制到终稿（4613字）
[2026-05-18 22:30:20] [Rewrite] 第246章直接复制到终稿（4763字）
[2026-05-18 22:30:20] [Rewrite] 第248章直接复制到终稿（4120字）
进度: 231/2000 完成, 失败: 0
[2026-05-18 22:30:20] [Rewrite] 第243章直接复制到终稿（6950字）
进度: 232/2000 完成, 失败: 0
进度: 233/2000 完成, 失败: 0
[2026-05-18 22:30:20] [Rewrite] 第245章直接复制到终稿（4993字）
[2026-05-18 22:30:20] [Rewrite] 第241章直接复制到终稿（4127字）
进度: 234/2000 完成, 失败: 0
[2026-05-18 22:30:20] [Rewrite] 第247章直接复制到终稿（5963字）
进度: 235/2000 完成, 失败: 0
进度: 236/2000 完成, 失败: 0
[2026-05-18 22:30:20] [Rewrite] 第244章直接复制到终稿（4682字）
进度: 237/2000 完成, 失败: 0
进度: 238/2000 完成, 失败: 0
[2026-05-18 22:30:20] [Rewrite] 第249章直接复制到终稿（4147字）
进度: 239/2000 完成, 失败: 0
进度: 240/2000 完成, 失败: 0
进度: 241/2000 完成, 失败: 0
[2026-05-18 22:30:20] [Rewrite] 第254章直接复制到终稿（5114字）
[2026-05-18 22:30:20] [Rewrite] 第252章直接复制到终稿（3217字）
进度: 242/2000 完成, 失败: 0
[2026-05-18 22:30:20] [Rewrite] 第250章直接复制到终稿（4757字）
[2026-05-18 22:30:20] [Rewrite] 第251章直接复制到终稿（3403字）
[2026-05-18 22:30:20] [Rewrite] 第255章直接复制到终稿（3317字）
进度: 243/2000 完成, 失败: 0
[2026-05-18 22:30:20] [Rewrite] 第256章直接复制到终稿（3937字）
[2026-05-18 22:30:20] [Rewrite] 第261章直接复制到终稿（4077字）
[2026-05-18 22:30:20] [Rewrite] 第259章直接复制到终稿（6222字）
[2026-05-18 22:30:20] [Rewrite] 第257章直接复制到终稿（6862字）
[2026-05-18 22:30:20] [Rewrite] 第253章直接复制到终稿（4314字）
[2026-05-18 22:30:20] [Rewrite] 第262章直接复制到终稿（4074字）
[2026-05-18 22:30:20] [Rewrite] 第260章直接复制到终稿（5057字）
[2026-05-18 22:30:20] [Rewrite] 正在重写第258章（初稿7110字，评分6.6）...
进度: 244/2000 完成, 失败: 0
进度: 245/2000 完成, 失败: 0
进度: 246/2000 完成, 失败: 0
[2026-05-18 22:30:20] [Rewrite] 第263章直接复制到终稿（6160字）
进度: 247/2000 完成, 失败: 0
进度: 248/2000 完成, 失败: 0
进度: 249/2000 完成, 失败: 0
进度: 250/2000 完成, 失败: 0
进度: 251/2000 完成, 失败: 0
进度: 252/2000 完成, 失败: 0
进度: 253/2000 完成, 失败: 0
进度: 254/2000 完成, 失败: 0
进度: 255/2000 完成, 失败: 0
进度: 256/2000 完成, 失败: 0
[2026-05-18 22:30:20] [Rewrite] 第264章直接复制到终稿（4882字）
[2026-05-18 22:30:20] [Rewrite] 第267章直接复制到终稿（5757字）
[2026-05-18 22:30:20] [Rewrite] 第265章直接复制到终稿（4067字）
[2026-05-18 22:30:20] [Rewrite] 第266章直接复制到终稿（3274字）
[2026-05-18 22:30:20] [Rewrite] 第272章直接复制到终稿（3499字）
[2026-05-18 22:30:20] [Rewrite] 第271章直接复制到终稿（5602字）
[2026-05-18 22:30:20] [Rewrite] 第276章直接复制到终稿（5141字）
进度: 257/2000 完成, 失败: 0
[2026-05-18 22:30:20] [Rewrite] 第269章直接复制到终稿（8362字）
进度: 258/2000 完成, 失败: 0
[2026-05-18 22:30:20] [Rewrite] 第273章直接复制到终稿（5005字）
[2026-05-18 22:30:20] [Rewrite] 第268章直接复制到终稿（4060字）
进度: 259/2000 完成, 失败: 0
进度: 260/2000 完成, 失败: 0
进度: 261/2000 完成, 失败: 0
[2026-05-18 22:30:20] [Rewrite] 第275章直接复制到终稿（8278字）
进度: 262/2000 完成, 失败: 0
进度: 263/2000 完成, 失败: 0
[2026-05-18 22:30:20] [Rewrite] 第274章直接复制到终稿（6319字）
[2026-05-18 22:30:20] [Rewrite] 第270章直接复制到终稿（5400字）
进度: 264/2000 完成, 失败: 0
进度: 265/2000 完成, 失败: 0
进度: 266/2000 完成, 失败: 0
进度: 267/2000 完成, 失败: 0
进度: 268/2000 完成, 失败: 0
[2026-05-18 22:30:20] [Rewrite] 第277章直接复制到终稿（4776字）
进度: 269/2000 完成, 失败: 0
进度: 270/2000 完成, 失败: 0
[2026-05-18 22:30:20] [Rewrite] 第278章直接复制到终稿（4331字）
[2026-05-18 22:30:20] [Rewrite] 第282章直接复制到终稿（7217字）
进度: 271/2000 完成, 失败: 0
进度: 272/2000 完成, 失败: 0
[2026-05-18 22:30:20] [Rewrite] 第283章直接复制到终稿（5082字）
[2026-05-18 22:30:20] [Rewrite] 第280章直接复制到终稿（4988字）
进度: 273/2000 完成, 失败: 0
[2026-05-18 22:30:20] [Rewrite] 第281章直接复制到终稿（6175字）
进度: 274/2000 完成, 失败: 0
[2026-05-18 22:30:20] [Rewrite] 第279章直接复制到终稿（5273字）
[2026-05-18 22:30:20] [Rewrite] 第285章直接复制到终稿（5439字）
[2026-05-18 22:30:20] [Rewrite] 第284章直接复制到终稿（6228字）
[2026-05-18 22:30:20] [Rewrite] 第290章直接复制到终稿（4191字）
进度: 275/2000 完成, 失败: 0
进度: 276/2000 完成, 失败: 0
[2026-05-18 22:30:20] [Rewrite] 第288章直接复制到终稿（4620字）
[2026-05-18 22:30:20] [Rewrite] 第287章直接复制到终稿（3201字）
[2026-05-18 22:30:20] [Rewrite] 第289章直接复制到终稿（4747字）
[2026-05-18 22:30:20] [Rewrite] 第294章直接复制到终稿（4050字）
[2026-05-18 22:30:20] [Rewrite] 第293章直接复制到终稿（3418字）
[2026-05-18 22:30:20] [Rewrite] 第292章直接复制到终稿（5090字）
进度: 277/2000 完成, 失败: 0
[2026-05-18 22:30:20] [Rewrite] 第291章直接复制到终稿（3931字）
进度: 278/2000 完成, 失败: 0
进度: 279/2000 完成, 失败: 0
进度: 280/2000 完成, 失败: 0
进度: 281/2000 完成, 失败: 0
进度: 282/2000 完成, 失败: 0
[2026-05-18 22:30:20] [Rewrite] 第286章直接复制到终稿（5288字）
进度: 283/2000 完成, 失败: 0
[2026-05-18 22:30:20] [Rewrite] 第295章直接复制到终稿（3792字）
[2026-05-18 22:30:20] [Rewrite] 第296章直接复制到终稿（4579字）
进度: 284/2000 完成, 失败: 0
进度: 285/2000 完成, 失败: 0
进度: 286/2000 完成, 失败: 0
进度: 287/2000 完成, 失败: 0
进度: 288/2000 完成, 失败: 0
进度: 289/2000 完成, 失败: 0
[2026-05-18 22:30:20] [Rewrite] 第297章直接复制到终稿（6350字）
[2026-05-18 22:30:20] [Rewrite] 第300章直接复制到终稿（6280字）
[2026-05-18 22:30:20] [Rewrite] 第298章直接复制到终稿（4049字）
[2026-05-18 22:30:20] [Rewrite] 第301章直接复制到终稿（4546字）
[2026-05-18 22:30:20] [Rewrite] 第304章直接复制到终稿（5850字）
[2026-05-18 22:30:20] [Rewrite] 第299章直接复制到终稿（5332字）
进度: 290/2000 完成, 失败: 0
进度: 291/2000 完成, 失败: 0
[2026-05-18 22:30:20] [Rewrite] 正在重写第302章（初稿4846字，评分6.5）...
进度: 292/2000 完成, 失败: 0
[2026-05-18 22:30:20] [Rewrite] 第305章直接复制到终稿（3856字）
[2026-05-18 22:30:20] [Rewrite] 第309章直接复制到终稿（4655字）
进度: 293/2000 完成, 失败: 0
[2026-05-18 22:30:20] [Rewrite] 第303章直接复制到终稿（3647字）
[2026-05-18 22:30:20] [Rewrite] 第307章直接复制到终稿（3865字）
进度: 294/2000 完成, 失败: 0
[2026-05-18 22:30:20] [Rewrite] 正在重写第306章（初稿4261字，评分6.2）...
[2026-05-18 22:30:20] [Rewrite] 第310章直接复制到终稿（9723字）
[2026-05-18 22:30:20] [Rewrite] 第312章直接复制到终稿（4487字）
[2026-05-18 22:30:20] [Rewrite] 第313章直接复制到终稿（5953字）
[2026-05-18 22:30:20] [Rewrite] 第311章直接复制到终稿（5270字）
[2026-05-18 22:30:20] [Rewrite] 第308章直接复制到终稿（4265字）
[2026-05-18 22:30:20] [Rewrite] 第314章直接复制到终稿（5290字）
进度: 295/2000 完成, 失败: 0
[2026-05-18 22:30:20] [Rewrite] 第315章直接复制到终稿（4035字）
进度: 296/2000 完成, 失败: 0
进度: 297/2000 完成, 失败: 0
进度: 298/2000 完成, 失败: 0
进度: 299/2000 完成, 失败: 0
进度: 300/2000 完成, 失败: 0
进度: 301/2000 完成, 失败: 0
进度: 302/2000 完成, 失败: 0
进度: 303/2000 完成, 失败: 0
进度: 304/2000 完成, 失败: 0
进度: 305/2000 完成, 失败: 0
进度: 306/2000 完成, 失败: 0
[2026-05-18 22:30:20] [Rewrite] 第317章直接复制到终稿（5134字）
[2026-05-18 22:30:20] [Rewrite] 第321章直接复制到终稿（5046字）
进度: 307/2000 完成, 失败: 0
进度: 308/2000 完成, 失败: 0
[2026-05-18 22:30:20] [Rewrite] 第326章直接复制到终稿（4907字）
[2026-05-18 22:30:20] [Rewrite] 第318章直接复制到终稿（5802字）
进度: 309/2000 完成, 失败: 0
进度: 310/2000 完成, 失败: 0
[2026-05-18 22:30:20] [Rewrite] 第325章直接复制到终稿（6759字）
进度: 311/2000 完成, 失败: 0
[2026-05-18 22:30:20] [Rewrite] 正在重写第331章（初稿3778字，评分6.5）...
[2026-05-18 22:30:20] [Rewrite] 第323章直接复制到终稿（4096字）
进度: 312/2000 完成, 失败: 0
[2026-05-18 22:30:20] [Rewrite] 第320章直接复制到终稿（6498字）
进度: 313/2000 完成, 失败: 0
[2026-05-18 22:30:20] [Rewrite] 第316章直接复制到终稿（5872字）
[2026-05-18 22:30:20] [Rewrite] 第319章直接复制到终稿（4865字）
[2026-05-18 22:30:20] [Rewrite] 第324章直接复制到终稿（5766字）
[2026-05-18 22:30:20] [Rewrite] 第322章直接复制到终稿（5504字）
[2026-05-18 22:30:20] [Rewrite] 第329章直接复制到终稿（5466字）
[2026-05-18 22:30:20] [Rewrite] 第328章直接复制到终稿（4998字）
[2026-05-18 22:30:20] [Rewrite] 第330章直接复制到终稿（3924字）
[2026-05-18 22:30:20] [Rewrite] 第333章直接复制到终稿（5648字）
[2026-05-18 22:30:20] [Rewrite] 第332章直接复制到终稿（3995字）
[2026-05-18 22:30:20] [Rewrite] 第327章直接复制到终稿（4529字）
进度: 314/2000 完成, 失败: 0
[2026-05-18 22:30:20] [Rewrite] 第334章直接复制到终稿（4875字）
进度: 315/2000 完成, 失败: 0
[2026-05-18 22:30:20] [Rewrite] 第335章直接复制到终稿（4740字）
进度: 316/2000 完成, 失败: 0
[2026-05-18 22:30:20] [Rewrite] 第336章直接复制到终稿（4620字）
进度: 317/2000 完成, 失败: 0
[2026-05-18 22:30:20] [Rewrite] 第337章直接复制到终稿（4108字）
进度: 318/2000 完成, 失败: 0
进度: 319/2000 完成, 失败: 0
进度: 320/2000 完成, 失败: 0
[2026-05-18 22:30:21] [Rewrite] 第340章直接复制到终稿（5395字）
进度: 321/2000 完成, 失败: 0
进度: 322/2000 完成, 失败: 0
进度: 323/2000 完成, 失败: 0
进度: 324/2000 完成, 失败: 0
进度: 325/2000 完成, 失败: 0
进度: 326/2000 完成, 失败: 0
进度: 327/2000 完成, 失败: 0
[2026-05-18 22:30:21] [Rewrite] 第339章直接复制到终稿（3585字）
[2026-05-18 22:30:21] [Rewrite] 第338章直接复制到终稿（5208字）
进度: 328/2000 完成, 失败: 0
进度: 329/2000 完成, 失败: 0
[2026-05-18 22:30:21] [Rewrite] 第344章直接复制到终稿（4169字）
[2026-05-18 22:30:21] [Rewrite] 第342章直接复制到终稿（5806字）
进度: 330/2000 完成, 失败: 0
进度: 331/2000 完成, 失败: 0
进度: 332/2000 完成, 失败: 0
[2026-05-18 22:30:21] [Rewrite] 第341章直接复制到终稿（4968字）
[2026-05-18 22:30:21] [Rewrite] 第346章直接复制到终稿（7028字）
进度: 333/2000 完成, 失败: 0
进度: 334/2000 完成, 失败: 0
[2026-05-18 22:30:21] [Rewrite] 第345章直接复制到终稿（7816字）
进度: 335/2000 完成, 失败: 0
[2026-05-18 22:30:21] [Rewrite] 第347章直接复制到终稿（5042字）
[2026-05-18 22:30:21] [Rewrite] 第343章直接复制到终稿（4063字）
进度: 336/2000 完成, 失败: 0
进度: 337/2000 完成, 失败: 0
[2026-05-18 22:30:21] [Rewrite] 第349章直接复制到终稿（4869字）
[2026-05-18 22:30:21] [Rewrite] 第348章直接复制到终稿（3544字）
进度: 338/2000 完成, 失败: 0
进度: 339/2000 完成, 失败: 0
[2026-05-18 22:30:21] [Rewrite] 第350章直接复制到终稿（5109字）
[2026-05-18 22:30:21] [Rewrite] 第351章直接复制到终稿（5737字）
[2026-05-18 22:30:21] [Rewrite] 第352章直接复制到终稿（5499字）
[2026-05-18 22:30:21] [Rewrite] 第355章直接复制到终稿（5351字）
进度: 340/2000 完成, 失败: 0
[2026-05-18 22:30:21] [Rewrite] 第354章直接复制到终稿（4582字）
[2026-05-18 22:30:21] [Rewrite] 第353章直接复制到终稿（5765字）
[2026-05-18 22:30:21] [Rewrite] 第356章直接复制到终稿（3268字）
[2026-05-18 22:30:21] [Rewrite] 第359章直接复制到终稿（4136字）
进度: 341/2000 完成, 失败: 0
[2026-05-18 22:30:21] [Rewrite] 第358章直接复制到终稿（3602字）
进度: 342/2000 完成, 失败: 0
[2026-05-18 22:30:21] [Rewrite] 第357章直接复制到终稿（6903字）
进度: 343/2000 完成, 失败: 0
进度: 344/2000 完成, 失败: 0
进度: 345/2000 完成, 失败: 0
进度: 346/2000 完成, 失败: 0
进度: 347/2000 完成, 失败: 0
进度: 348/2000 完成, 失败: 0
[2026-05-18 22:30:21] [Rewrite] 第360章直接复制到终稿（4663字）
[2026-05-18 22:30:21] [Rewrite] 第361章直接复制到终稿（5321字）
进度: 349/2000 完成, 失败: 0
[2026-05-18 22:30:21] [Rewrite] 第365章直接复制到终稿（3734字）
[2026-05-18 22:30:21] [Rewrite] 第364章直接复制到终稿（4984字）
[2026-05-18 22:30:21] [Rewrite] 第362章直接复制到终稿（6183字）
[2026-05-18 22:30:21] [Rewrite] 第363章直接复制到终稿（5657字）
[2026-05-18 22:30:21] [Rewrite] 第368章直接复制到终稿（3999字）
[2026-05-18 22:30:21] [Rewrite] 第366章直接复制到终稿（3580字）
[2026-05-18 22:30:21] [Rewrite] 第367章直接复制到终稿（4854字）
进度: 350/2000 完成, 失败: 0
[2026-05-18 22:30:21] [Rewrite] 第369章直接复制到终稿（4793字）
[2026-05-18 22:30:21] [Rewrite] 第370章直接复制到终稿（4716字）
进度: 351/2000 完成, 失败: 0
[2026-05-18 22:30:21] [Rewrite] 第371章直接复制到终稿（9434字）
进度: 352/2000 完成, 失败: 0
进度: 353/2000 完成, 失败: 0
进度: 354/2000 完成, 失败: 0
进度: 355/2000 完成, 失败: 0
进度: 356/2000 完成, 失败: 0
进度: 357/2000 完成, 失败: 0
进度: 358/2000 完成, 失败: 0
进度: 359/2000 完成, 失败: 0
进度: 360/2000 完成, 失败: 0
进度: 361/2000 完成, 失败: 0
[2026-05-18 22:30:21] [Rewrite] 第374章直接复制到终稿（4141字）
[2026-05-18 22:30:21] [Rewrite] 第372章直接复制到终稿（3981字）
[2026-05-18 22:30:21] [Rewrite] 第373章直接复制到终稿（4758字）
[2026-05-18 22:30:21] [Rewrite] 第378章直接复制到终稿（6638字）
进度: 362/2000 完成, 失败: 0
[2026-05-18 22:30:21] [Rewrite] 正在重写第375章（初稿5413字，评分6.8）...
进度: 363/2000 完成, 失败: 0
[2026-05-18 22:30:21] [Rewrite] 第381章直接复制到终稿（4862字）
[2026-05-18 22:30:21] [Rewrite] 第376章直接复制到终稿（4843字）
[2026-05-18 22:30:21] [Rewrite] 第377章直接复制到终稿（8808字）
进度: 364/2000 完成, 失败: 0
进度: 365/2000 完成, 失败: 0
进度: 366/2000 完成, 失败: 0
[2026-05-18 22:30:21] [Rewrite] 第380章直接复制到终稿（6229字）
进度: 367/2000 完成, 失败: 0
[2026-05-18 22:30:21] [Rewrite] 第379章直接复制到终稿（4218字）
进度: 368/2000 完成, 失败: 0
[2026-05-18 22:30:21] [Rewrite] 第383章直接复制到终稿（4195字）
进度: 369/2000 完成, 失败: 0
进度: 370/2000 完成, 失败: 0
[2026-05-18 22:30:21] [Rewrite] 第387章直接复制到终稿（4973字）
[2026-05-18 22:30:21] [Rewrite] 第382章直接复制到终稿（4429字）
[2026-05-18 22:30:21] [Rewrite] 第386章直接复制到终稿（4843字）
[2026-05-18 22:30:21] [Rewrite] 第385章直接复制到终稿（4243字）
[2026-05-18 22:30:21] [Rewrite] 第384章直接复制到终稿（6466字）
进度: 371/2000 完成, 失败: 0
进度: 372/2000 完成, 失败: 0
进度: 373/2000 完成, 失败: 0
[2026-05-18 22:30:21] [Rewrite] 第388章直接复制到终稿（6154字）
进度: 374/2000 完成, 失败: 0
进度: 375/2000 完成, 失败: 0
进度: 376/2000 完成, 失败: 0
[2026-05-18 22:30:21] [Rewrite] 第391章直接复制到终稿（6472字）
进度: 377/2000 完成, 失败: 0
[2026-05-18 22:30:21] [Rewrite] 第392章直接复制到终稿（5350字）
[2026-05-18 22:30:21] [Rewrite] 第389章直接复制到终稿（3484字）
进度: 378/2000 完成, 失败: 0
[2026-05-18 22:30:21] [Rewrite] 第395章直接复制到终稿（5095字）
[2026-05-18 22:30:21] [Rewrite] 第390章直接复制到终稿（3867字）
[2026-05-18 22:30:21] [Rewrite] 第396章直接复制到终稿（4033字）
[2026-05-18 22:30:21] [Rewrite] 第393章直接复制到终稿（4523字）
进度: 379/2000 完成, 失败: 0
[2026-05-18 22:30:21] [Rewrite] 第394章直接复制到终稿（4908字）
进度: 380/2000 完成, 失败: 0
[2026-05-18 22:30:21] [Rewrite] 第397章直接复制到终稿（3271字）
进度: 381/2000 完成, 失败: 0
[2026-05-18 22:30:21] [Rewrite] 第398章直接复制到终稿（5657字）
[2026-05-18 22:30:21] [Rewrite] 第399章直接复制到终稿（4949字）
[2026-05-18 22:30:21] [Rewrite] 第400章直接复制到终稿（3935字）
[2026-05-18 22:30:21] [Rewrite] 第401章直接复制到终稿（6368字）
进度: 382/2000 完成, 失败: 0
[2026-05-18 22:30:21] [Rewrite] 第402章直接复制到终稿（3763字）
进度: 383/2000 完成, 失败: 0
进度: 384/2000 完成, 失败: 0
进度: 385/2000 完成, 失败: 0
进度: 386/2000 完成, 失败: 0
进度: 387/2000 完成, 失败: 0
进度: 388/2000 完成, 失败: 0
进度: 389/2000 完成, 失败: 0
进度: 390/2000 完成, 失败: 0
进度: 391/2000 完成, 失败: 0
[2026-05-18 22:30:21] [Rewrite] 第403章直接复制到终稿（5651字）
[2026-05-18 22:30:21] [Rewrite] 第404章直接复制到终稿（2333字）
进度: 392/2000 完成, 失败: 0
[2026-05-18 22:30:21] [Rewrite] 第405章直接复制到终稿（4435字）
进度: 393/2000 完成, 失败: 0
[2026-05-18 22:30:21] [Rewrite] 第406章直接复制到终稿（4360字）
[2026-05-18 22:30:21] [Rewrite] 第409章直接复制到终稿（3431字）
[2026-05-18 22:30:21] [Rewrite] 第411章直接复制到终稿（4070字）
进度: 394/2000 完成, 失败: 0
[2026-05-18 22:30:21] [Rewrite] 第408章直接复制到终稿（6831字）
[2026-05-18 22:30:21] [Rewrite] 第410章直接复制到终稿（6795字）
进度: 395/2000 完成, 失败: 0
[2026-05-18 22:30:21] [Rewrite] 第412章直接复制到终稿（5670字）
[2026-05-18 22:30:21] [Rewrite] 第407章直接复制到终稿（3795字）
[2026-05-18 22:30:21] [Rewrite] 第413章直接复制到终稿（6423字）
进度: 396/2000 完成, 失败: 0
进度: 397/2000 完成, 失败: 0
进度: 398/2000 完成, 失败: 0
进度: 399/2000 完成, 失败: 0
进度: 400/2000 完成, 失败: 0
进度: 401/2000 完成, 失败: 0
[2026-05-18 22:30:21] [Rewrite] 第414章直接复制到终稿（6260字）
进度: 402/2000 完成, 失败: 0
[2026-05-18 22:30:21] [Rewrite] 第416章直接复制到终稿（4053字）
[2026-05-18 22:30:21] [Rewrite] 第415章直接复制到终稿（5127字）
[2026-05-18 22:30:21] [Rewrite] 第421章直接复制到终稿（4856字）
[2026-05-18 22:30:21] [Rewrite] 第418章直接复制到终稿（4334字）
[2026-05-18 22:30:21] [Rewrite] 第417章直接复制到终稿（4452字）
进度: 403/2000 完成, 失败: 0
进度: 404/2000 完成, 失败: 0
[2026-05-18 22:30:21] [Rewrite] 第420章直接复制到终稿（5887字）
进度: 405/2000 完成, 失败: 0
进度: 406/2000 完成, 失败: 0
进度: 407/2000 完成, 失败: 0
[2026-05-18 22:30:21] [Rewrite] 第422章直接复制到终稿（4629字）
进度: 408/2000 完成, 失败: 0
[2026-05-18 22:30:21] [Rewrite] 第419章直接复制到终稿（4831字）
进度: 409/2000 完成, 失败: 0
进度: 410/2000 完成, 失败: 0
[2026-05-18 22:30:21] [Rewrite] 第425章直接复制到终稿（4455字）
进度: 411/2000 完成, 失败: 0
[2026-05-18 22:30:21] [Rewrite] 第427章直接复制到终稿（4802字）
[2026-05-18 22:30:21] [Rewrite] 第426章直接复制到终稿（4822字）
[2026-05-18 22:30:21] [Rewrite] 第423章直接复制到终稿（4336字）
[2026-05-18 22:30:21] [Rewrite] 第424章直接复制到终稿（5130字）
进度: 412/2000 完成, 失败: 0
[2026-05-18 22:30:21] [Rewrite] 第428章直接复制到终稿（6987字）
[2026-05-18 22:30:21] [Rewrite] 第429章直接复制到终稿（5661字）
[2026-05-18 22:30:21] [Rewrite] 第430章直接复制到终稿（4421字）
[2026-05-18 22:30:21] [Rewrite] 第431章直接复制到终稿（5808字）
进度: 413/2000 完成, 失败: 0
进度: 414/2000 完成, 失败: 0
进度: 415/2000 完成, 失败: 0
进度: 416/2000 完成, 失败: 0
进度: 417/2000 完成, 失败: 0
进度: 418/2000 完成, 失败: 0
进度: 419/2000 完成, 失败: 0
[2026-05-18 22:30:21] [Rewrite] 第432章直接复制到终稿（5056字）
进度: 420/2000 完成, 失败: 0
进度: 421/2000 完成, 失败: 0
[2026-05-18 22:30:21] [Rewrite] 第435章直接复制到终稿（4796字）
[2026-05-18 22:30:21] [Rewrite] 第433章直接复制到终稿（4385字）
[2026-05-18 22:30:21] [Rewrite] 第434章直接复制到终稿（4601字）
[2026-05-18 22:30:21] [Rewrite] 第436章直接复制到终稿（5652字）
[2026-05-18 22:30:21] [Rewrite] 第437章直接复制到终稿（8196字）
[2026-05-18 22:30:21] [Rewrite] 第439章直接复制到终稿（4440字）
进度: 422/2000 完成, 失败: 0
进度: 423/2000 完成, 失败: 0
进度: 424/2000 完成, 失败: 0
[2026-05-18 22:30:21] [Rewrite] 第440章直接复制到终稿（5217字）
[2026-05-18 22:30:21] [Rewrite] 第438章直接复制到终稿（4752字）
进度: 425/2000 完成, 失败: 0
[2026-05-18 22:30:21] [Rewrite] 第441章直接复制到终稿（5713字）
进度: 426/2000 完成, 失败: 0
进度: 427/2000 完成, 失败: 0
进度: 428/2000 完成, 失败: 0
进度: 429/2000 完成, 失败: 0
进度: 430/2000 完成, 失败: 0
[2026-05-18 22:30:21] [Rewrite] 第442章直接复制到终稿（5932字）
[2026-05-18 22:30:21] [Rewrite] 第444章直接复制到终稿（4520字）
[2026-05-18 22:30:21] [Rewrite] 第443章直接复制到终稿（5176字）
[2026-05-18 22:30:21] [Rewrite] 第445章直接复制到终稿（6278字）
[2026-05-18 22:30:21] [Rewrite] 第448章直接复制到终稿（4094字）
进度: 431/2000 完成, 失败: 0
进度: 432/2000 完成, 失败: 0
[2026-05-18 22:30:21] [Rewrite] 第449章直接复制到终稿（5015字）
进度: 433/2000 完成, 失败: 0
[2026-05-18 22:30:21] [Rewrite] 第446章直接复制到终稿（5194字）
进度: 434/2000 完成, 失败: 0
进度: 435/2000 完成, 失败: 0
[2026-05-18 22:30:21] [Rewrite] 第447章直接复制到终稿（6291字）
[2026-05-18 22:30:21] [Rewrite] 第450章直接复制到终稿（4056字）
进度: 436/2000 完成, 失败: 0
[2026-05-18 22:30:21] [Rewrite] 第451章直接复制到终稿（3131字）
进度: 437/2000 完成, 失败: 0
[2026-05-18 22:30:21] [Rewrite] 第452章直接复制到终稿（3766字）
进度: 438/2000 完成, 失败: 0
[2026-05-18 22:30:21] [Rewrite] 第453章直接复制到终稿（4802字）
[2026-05-18 22:30:21] [Rewrite] 第455章直接复制到终稿（9301字）
[2026-05-18 22:30:21] [Rewrite] 第454章直接复制到终稿（5216字）
进度: 439/2000 完成, 失败: 0
进度: 440/2000 完成, 失败: 0
进度: 441/2000 完成, 失败: 0
进度: 442/2000 完成, 失败: 0
[2026-05-18 22:30:21] [Rewrite] 第456章直接复制到终稿（3693字）
进度: 443/2000 完成, 失败: 0
[2026-05-18 22:30:21] [Rewrite] 第457章直接复制到终稿（7726字）
[2026-05-18 22:30:21] [Rewrite] 第458章直接复制到终稿（5226字）
进度: 444/2000 完成, 失败: 0
进度: 445/2000 完成, 失败: 0
[2026-05-18 22:30:21] [Rewrite] 第459章直接复制到终稿（5231字）
进度: 446/2000 完成, 失败: 0
[2026-05-18 22:30:21] [Rewrite] 第460章直接复制到终稿（5776字）
[2026-05-18 22:30:21] [Rewrite] 第462章直接复制到终稿（4363字）
进度: 447/2000 完成, 失败: 0
[2026-05-18 22:30:21] [Rewrite] 第461章直接复制到终稿（5245字）
[2026-05-18 22:30:21] [Rewrite] 第463章直接复制到终稿（6760字）
进度: 448/2000 完成, 失败: 0
进度: 449/2000 完成, 失败: 0
进度: 450/2000 完成, 失败: 0
进度: 451/2000 完成, 失败: 0
[2026-05-18 22:30:21] [Rewrite] 第464章直接复制到终稿（6078字）
[2026-05-18 22:30:21] [Rewrite] 第466章直接复制到终稿（6386字）
进度: 452/2000 完成, 失败: 0
[2026-05-18 22:30:21] [Rewrite] 第465章直接复制到终稿（4745字）
[2026-05-18 22:30:21] [Rewrite] 第467章直接复制到终稿（5549字）
[2026-05-18 22:30:21] [Rewrite] 第468章直接复制到终稿（4180字）
进度: 453/2000 完成, 失败: 0
进度: 454/2000 完成, 失败: 0
[2026-05-18 22:30:21] [Rewrite] 第471章直接复制到终稿（5879字）
进度: 455/2000 完成, 失败: 0
[2026-05-18 22:30:21] [Rewrite] 第470章直接复制到终稿（4033字）
[2026-05-18 22:30:21] [Rewrite] 第469章直接复制到终稿（6285字）
[2026-05-18 22:30:21] [Rewrite] 第472章直接复制到终稿（5329字）
进度: 456/2000 完成, 失败: 0
进度: 457/2000 完成, 失败: 0
进度: 458/2000 完成, 失败: 0
进度: 459/2000 完成, 失败: 0
进度: 460/2000 完成, 失败: 0
进度: 461/2000 完成, 失败: 0
[2026-05-18 22:30:21] [Rewrite] 第475章直接复制到终稿（3854字）
[2026-05-18 22:30:21] [Rewrite] 第473章直接复制到终稿（5229字）
进度: 462/2000 完成, 失败: 0
[2026-05-18 22:30:21] [Rewrite] 第479章直接复制到终稿（3863字）
进度: 463/2000 完成, 失败: 0
[2026-05-18 22:30:21] [Rewrite] 第477章直接复制到终稿（4649字）
[2026-05-18 22:30:21] [Rewrite] 第480章直接复制到终稿（5332字）
[2026-05-18 22:30:21] [Rewrite] 第476章直接复制到终稿（3898字）
[2026-05-18 22:30:21] [Rewrite] 第481章直接复制到终稿（7646字）
进度: 464/2000 完成, 失败: 0
[2026-05-18 22:30:21] [Rewrite] 正在重写第474章（初稿7381字，评分5.5）...
[2026-05-18 22:30:21] [Rewrite] 第478章直接复制到终稿（4903字）
[2026-05-18 22:30:21] [Rewrite] 第482章直接复制到终稿（4953字）
进度: 465/2000 完成, 失败: 0
[2026-05-18 22:30:21] [Rewrite] 第483章直接复制到终稿（4416字）
进度: 466/2000 完成, 失败: 0
进度: 467/2000 完成, 失败: 0
进度: 468/2000 完成, 失败: 0
进度: 469/2000 完成, 失败: 0
[2026-05-18 22:30:21] [Rewrite] 第484章直接复制到终稿（5850字）
进度: 470/2000 完成, 失败: 0
进度: 471/2000 完成, 失败: 0
[2026-05-18 22:30:21] [Rewrite] 第485章直接复制到终稿（7228字）
[2026-05-18 22:30:21] [Rewrite] 第486章直接复制到终稿（4549字）
[2026-05-18 22:30:21] [Rewrite] 第487章直接复制到终稿（5353字）
进度: 472/2000 完成, 失败: 0
[2026-05-18 22:30:21] [Rewrite] 第488章直接复制到终稿（5032字）
进度: 473/2000 完成, 失败: 0
进度: 474/2000 完成, 失败: 0
[2026-05-18 22:30:21] [Rewrite] 第489章直接复制到终稿（3558字）
进度: 475/2000 完成, 失败: 0
[2026-05-18 22:30:21] [Rewrite] 第492章直接复制到终稿（5204字）
[2026-05-18 22:30:21] [Rewrite] 第490章直接复制到终稿（3487字）
[2026-05-18 22:30:21] [Rewrite] 第491章直接复制到终稿（6731字）
进度: 476/2000 完成, 失败: 0
进度: 477/2000 完成, 失败: 0
[2026-05-18 22:30:21] [Rewrite] 第493章直接复制到终稿（6212字）
进度: 478/2000 完成, 失败: 0
[2026-05-18 22:30:21] [Rewrite] 第494章直接复制到终稿（3523字）
进度: 479/2000 完成, 失败: 0
进度: 480/2000 完成, 失败: 0
进度: 481/2000 完成, 失败: 0
[2026-05-18 22:30:21] [Rewrite] 正在重写第495章（初稿6001字，评分6.8）...
[2026-05-18 22:30:21] [Rewrite] 第497章直接复制到终稿（8148字）
进度: 482/2000 完成, 失败: 0
[2026-05-18 22:30:21] [Rewrite] 第496章直接复制到终稿（4197字）
进度: 483/2000 完成, 失败: 0
[2026-05-18 22:30:21] [Rewrite] 第498章直接复制到终稿（6663字）
[2026-05-18 22:30:21] [Rewrite] 第499章直接复制到终稿（5240字）
进度: 484/2000 完成, 失败: 0
[2026-05-18 22:30:21] [Rewrite] 第500章直接复制到终稿（4424字）
[2026-05-18 22:30:21] [Rewrite] 第501章直接复制到终稿（5291字）
进度: 485/2000 完成, 失败: 0
[2026-05-18 22:30:21] [Rewrite] 第503章直接复制到终稿（5028字）
进度: 486/2000 完成, 失败: 0
进度: 487/2000 完成, 失败: 0
进度: 488/2000 完成, 失败: 0
[2026-05-18 22:30:21] [Rewrite] 第502章直接复制到终稿（6085字）
[2026-05-18 22:30:21] [Rewrite] 第504章直接复制到终稿（1497字）
进度: 489/2000 完成, 失败: 0
进度: 490/2000 完成, 失败: 0
进度: 491/2000 完成, 失败: 0
[2026-05-18 22:30:21] [Rewrite] 第506章直接复制到终稿（5359字）
[2026-05-18 22:30:21] [Rewrite] 第505章直接复制到终稿（5061字）
[2026-05-18 22:30:21] [Rewrite] 第508章直接复制到终稿（6966字）
[2026-05-18 22:30:21] [Rewrite] 第509章直接复制到终稿（6556字）
[2026-05-18 22:30:21] [Rewrite] 第507章直接复制到终稿（4151字）
进度: 492/2000 完成, 失败: 0
进度: 493/2000 完成, 失败: 0
进度: 494/2000 完成, 失败: 0
进度: 495/2000 完成, 失败: 0
[2026-05-18 22:30:21] [Rewrite] 第511章直接复制到终稿（6082字）
[2026-05-18 22:30:21] [Rewrite] 第510章直接复制到终稿（5085字）
进度: 496/2000 完成, 失败: 0
进度: 497/2000 完成, 失败: 0
[2026-05-18 22:30:21] [Rewrite] 第513章直接复制到终稿（5717字）
进度: 498/2000 完成, 失败: 0
[2026-05-18 22:30:21] [Rewrite] 第512章直接复制到终稿（4250字）
[2026-05-18 22:30:21] [Rewrite] 第516章直接复制到终稿（4818字）
[2026-05-18 22:30:21] [Rewrite] 第514章直接复制到终稿（6294字）
进度: 499/2000 完成, 失败: 0
进度: 500/2000 完成, 失败: 0
[2026-05-18 22:30:21] [Rewrite] 第515章直接复制到终稿（4416字）
进度: 501/2000 完成, 失败: 0
[2026-05-18 22:30:21] [Rewrite] 第517章直接复制到终稿（5620字）
[2026-05-18 22:30:21] [Rewrite] 第518章直接复制到终稿（3580字）
进度: 502/2000 完成, 失败: 0
进度: 503/2000 完成, 失败: 0
进度: 504/2000 完成, 失败: 0
[2026-05-18 22:30:21] [Rewrite] 第520章直接复制到终稿（7081字）
进度: 505/2000 完成, 失败: 0
[2026-05-18 22:30:21] [Rewrite] 第521章直接复制到终稿（5112字）
[2026-05-18 22:30:21] [Rewrite] 第519章直接复制到终稿（5101字）
[2026-05-18 22:30:21] [Rewrite] 第522章直接复制到终稿（5035字）
进度: 506/2000 完成, 失败: 0
进度: 507/2000 完成, 失败: 0
进度: 508/2000 完成, 失败: 0
进度: 509/2000 完成, 失败: 0
[2026-05-18 22:30:21] [Rewrite] 第525章直接复制到终稿（4771字）
[2026-05-18 22:30:21] [Rewrite] 第523章直接复制到终稿（4836字）
[2026-05-18 22:30:21] [Rewrite] 第524章直接复制到终稿（4790字）
[2026-05-18 22:30:21] [Rewrite] 第526章直接复制到终稿（4592字）
进度: 510/2000 完成, 失败: 0
进度: 511/2000 完成, 失败: 0
进度: 512/2000 完成, 失败: 0
[2026-05-18 22:30:21] [Rewrite] 第527章直接复制到终稿（4488字）
[2026-05-18 22:30:21] [Rewrite] 第528章直接复制到终稿（5868字）
进度: 513/2000 完成, 失败: 0
[2026-05-18 22:30:21] [Rewrite] 第529章直接复制到终稿（3998字）
进度: 514/2000 完成, 失败: 0
进度: 515/2000 完成, 失败: 0
进度: 516/2000 完成, 失败: 0
[2026-05-18 22:30:21] [Rewrite] 第532章直接复制到终稿（2951字）
[2026-05-18 22:30:21] [Rewrite] 第530章直接复制到终稿（6641字）
[2026-05-18 22:30:21] [Rewrite] 第533章直接复制到终稿（5199字）
[2026-05-18 22:30:21] [Rewrite] 正在重写第531章（初稿7461字，评分6.8）...
进度: 517/2000 完成, 失败: 0
[2026-05-18 22:30:21] [Rewrite] 第535章直接复制到终稿（4785字）
[2026-05-18 22:30:21] [Rewrite] 第534章直接复制到终稿（5383字）
[2026-05-18 22:30:21] [Rewrite] 第536章直接复制到终稿（3626字）
进度: 518/2000 完成, 失败: 0
进度: 519/2000 完成, 失败: 0
[2026-05-18 22:30:21] [Rewrite] 第538章直接复制到终稿（4353字）
[2026-05-18 22:30:21] [Rewrite] 第537章直接复制到终稿（5402字）
[2026-05-18 22:30:21] [Rewrite] 第539章直接复制到终稿（4631字）
进度: 520/2000 完成, 失败: 0
进度: 521/2000 完成, 失败: 0
进度: 522/2000 完成, 失败: 0
[2026-05-18 22:30:21] [Rewrite] 第541章直接复制到终稿（3174字）
[2026-05-18 22:30:21] [Rewrite] 第540章直接复制到终稿（5774字）
[2026-05-18 22:30:21] [Rewrite] 第542章直接复制到终稿（3464字）
进度: 523/2000 完成, 失败: 0
进度: 524/2000 完成, 失败: 0
进度: 525/2000 完成, 失败: 0
进度: 526/2000 完成, 失败: 0
进度: 527/2000 完成, 失败: 0
进度: 528/2000 完成, 失败: 0
[2026-05-18 22:30:21] [Rewrite] 第543章直接复制到终稿（4126字）
[2026-05-18 22:30:21] [Rewrite] 第545章直接复制到终稿（3318字）
[2026-05-18 22:30:21] [Rewrite] 第547章直接复制到终稿（5248字）
进度: 529/2000 完成, 失败: 0
进度: 530/2000 完成, 失败: 0
进度: 531/2000 完成, 失败: 0
[2026-05-18 22:30:21] [Rewrite] 第544章直接复制到终稿（5702字）
[2026-05-18 22:30:21] [Rewrite] 第546章直接复制到终稿（4318字）
进度: 532/2000 完成, 失败: 0
[2026-05-18 22:30:21] [Rewrite] 第548章直接复制到终稿（5112字）
进度: 533/2000 完成, 失败: 0
进度: 534/2000 完成, 失败: 0
[2026-05-18 22:30:21] [Rewrite] 第550章直接复制到终稿（3311字）
[2026-05-18 22:30:21] [Rewrite] 第549章直接复制到终稿（4261字）
[2026-05-18 22:30:21] [Rewrite] 第551章直接复制到终稿（4057字）
[2026-05-18 22:30:21] [Rewrite] 正在重写第552章（初稿5326字，评分6.8）...
[2026-05-18 22:30:21] [Rewrite] 第553章直接复制到终稿（4841字）
进度: 535/2000 完成, 失败: 0
进度: 536/2000 完成, 失败: 0
进度: 537/2000 完成, 失败: 0
[2026-05-18 22:30:21] [Rewrite] 第554章直接复制到终稿（4713字）
进度: 538/2000 完成, 失败: 0
进度: 539/2000 完成, 失败: 0
[2026-05-18 22:30:21] [Rewrite] 第555章直接复制到终稿（6750字）
[2026-05-18 22:30:21] [Rewrite] 第557章直接复制到终稿（5738字）
[2026-05-18 22:30:21] [Rewrite] 第556章直接复制到终稿（4906字）
[2026-05-18 22:30:21] [Rewrite] 第558章直接复制到终稿（5700字）
进度: 540/2000 完成, 失败: 0
[2026-05-18 22:30:21] [Rewrite] 第559章直接复制到终稿（4161字）
进度: 541/2000 完成, 失败: 0
进度: 542/2000 完成, 失败: 0
进度: 543/2000 完成, 失败: 0
[2026-05-18 22:30:21] [Rewrite] 第560章直接复制到终稿（4779字）
进度: 544/2000 完成, 失败: 0
[2026-05-18 22:30:21] [Rewrite] 第561章直接复制到终稿（4980字）
进度: 545/2000 完成, 失败: 0
进度: 546/2000 完成, 失败: 0
[2026-05-18 22:30:21] [Rewrite] 第562章直接复制到终稿（4997字）
[2026-05-18 22:30:21] [Rewrite] 第563章直接复制到终稿（4682字）
[2026-05-18 22:30:21] [Rewrite] 第564章直接复制到终稿（3694字）
进度: 547/2000 完成, 失败: 0
进度: 548/2000 完成, 失败: 0
进度: 549/2000 完成, 失败: 0
[2026-05-18 22:30:21] [Rewrite] 第565章直接复制到终稿（5616字）
[2026-05-18 22:30:21] [Rewrite] 第566章直接复制到终稿（4109字）
进度: 550/2000 完成, 失败: 0
[2026-05-18 22:30:21] [Rewrite] 第567章直接复制到终稿（7330字）
进度: 551/2000 完成, 失败: 0
[2026-05-18 22:30:21] [Rewrite] 第568章直接复制到终稿（6097字）
[2026-05-18 22:30:21] [Rewrite] 第569章直接复制到终稿（5307字）
进度: 552/2000 完成, 失败: 0
进度: 553/2000 完成, 失败: 0
进度: 554/2000 完成, 失败: 0
[2026-05-18 22:30:21] [Rewrite] 第570章直接复制到终稿（4950字）
[2026-05-18 22:30:21] [Rewrite] 第571章直接复制到终稿（6129字）
进度: 555/2000 完成, 失败: 0
进度: 556/2000 完成, 失败: 0
[2026-05-18 22:30:21] [Rewrite] 第572章直接复制到终稿（4418字）
[2026-05-18 22:30:21] [Rewrite] 第573章直接复制到终稿（4271字）
[2026-05-18 22:30:21] [Rewrite] 第574章直接复制到终稿（4324字）
[2026-05-18 22:30:21] [Rewrite] 第575章直接复制到终稿（5369字）
进度: 557/2000 完成, 失败: 0
进度: 558/2000 完成, 失败: 0
进度: 559/2000 完成, 失败: 0
[2026-05-18 22:30:21] [Rewrite] 第576章直接复制到终稿（3954字）
进度: 560/2000 完成, 失败: 0
[2026-05-18 22:30:21] [Rewrite] 第577章直接复制到终稿（4416字）
进度: 561/2000 完成, 失败: 0
进度: 562/2000 完成, 失败: 0
[2026-05-18 22:30:21] [Rewrite] 第578章直接复制到终稿（3927字）
[2026-05-18 22:30:21] [Rewrite] 第579章直接复制到终稿（4394字）
[2026-05-18 22:30:21] [Rewrite] 第580章直接复制到终稿（5287字）
[2026-05-18 22:30:21] [Rewrite] 第581章直接复制到终稿（5488字）
进度: 563/2000 完成, 失败: 0
进度: 564/2000 完成, 失败: 0
进度: 565/2000 完成, 失败: 0
[2026-05-18 22:30:21] [Rewrite] 第582章直接复制到终稿（4731字）
进度: 566/2000 完成, 失败: 0
进度: 567/2000 完成, 失败: 0
[2026-05-18 22:30:21] [Rewrite] 第583章直接复制到终稿（4168字）
[2026-05-18 22:30:21] [Rewrite] 第584章直接复制到终稿（3511字）
进度: 568/2000 完成, 失败: 0
[2026-05-18 22:30:21] [Rewrite] 第586章直接复制到终稿（4023字）
[2026-05-18 22:30:21] [Rewrite] 第585章直接复制到终稿（3714字）
[2026-05-18 22:30:21] [Rewrite] 第587章直接复制到终稿（5041字）
进度: 569/2000 完成, 失败: 0
进度: 570/2000 完成, 失败: 0
进度: 571/2000 完成, 失败: 0
进度: 572/2000 完成, 失败: 0
[2026-05-18 22:30:21] [Rewrite] 第588章直接复制到终稿（5578字）
[2026-05-18 22:30:21] [Rewrite] 第589章直接复制到终稿（6886字）
进度: 573/2000 完成, 失败: 0
[2026-05-18 22:30:21] [Rewrite] 第592章直接复制到终稿（4374字）
进度: 574/2000 完成, 失败: 0
[2026-05-18 22:30:21] [Rewrite] 第590章直接复制到终稿（3806字）
进度: 575/2000 完成, 失败: 0
[2026-05-18 22:30:21] [Rewrite] 第591章直接复制到终稿（5347字）
[2026-05-18 22:30:21] [Rewrite] 第593章直接复制到终稿（3956字）
进度: 576/2000 完成, 失败: 0
进度: 577/2000 完成, 失败: 0
[2026-05-18 22:30:21] [Rewrite] 第594章直接复制到终稿（4670字）
进度: 578/2000 完成, 失败: 0
[2026-05-18 22:30:21] [Rewrite] 第595章直接复制到终稿（4628字）
进度: 579/2000 完成, 失败: 0
进度: 580/2000 完成, 失败: 0
[2026-05-18 22:30:21] [Rewrite] 第596章直接复制到终稿（5078字）
[2026-05-18 22:30:21] [Rewrite] 第597章直接复制到终稿（6477字）
[2026-05-18 22:30:21] [Rewrite] 第598章直接复制到终稿（4177字）
[2026-05-18 22:30:21] [Rewrite] 第599章直接复制到终稿（4111字）
进度: 581/2000 完成, 失败: 0
进度: 582/2000 完成, 失败: 0
[2026-05-18 22:30:21] [Rewrite] 第600章直接复制到终稿（7531字）
进度: 583/2000 完成, 失败: 0
进度: 584/2000 完成, 失败: 0
进度: 585/2000 完成, 失败: 0
[2026-05-18 22:30:21] [Rewrite] 第601章直接复制到终稿（4631字）
进度: 586/2000 完成, 失败: 0
[2026-05-18 22:30:21] [Rewrite] 第602章直接复制到终稿（4751字）
[2026-05-18 22:30:21] [Rewrite] 第605章直接复制到终稿（5349字）
进度: 587/2000 完成, 失败: 0
[2026-05-18 22:30:21] [Rewrite] 第603章直接复制到终稿（5149字）
[2026-05-18 22:30:21] [Rewrite] 第604章直接复制到终稿（4555字）
[2026-05-18 22:30:21] [Rewrite] 第606章直接复制到终稿（3584字）
进度: 588/2000 完成, 失败: 0
进度: 589/2000 完成, 失败: 0
[2026-05-18 22:30:21] [Rewrite] 第607章直接复制到终稿（4159字）
进度: 590/2000 完成, 失败: 0
进度: 591/2000 完成, 失败: 0
进度: 592/2000 完成, 失败: 0
[2026-05-18 22:30:21] [Rewrite] 第608章直接复制到终稿（4233字）
[2026-05-18 22:30:21] [Rewrite] 第610章直接复制到终稿（4923字）
[2026-05-18 22:30:21] [Rewrite] 正在重写第609章（初稿5584字，评分6.5）...
[2026-05-18 22:30:21] [Rewrite] 第611章直接复制到终稿（6829字）
进度: 593/2000 完成, 失败: 0
[2026-05-18 22:30:21] [Rewrite] 第612章直接复制到终稿（4908字）
进度: 594/2000 完成, 失败: 0
进度: 595/2000 完成, 失败: 0
进度: 596/2000 完成, 失败: 0
[2026-05-18 22:30:21] [Rewrite] 第613章直接复制到终稿（4547字）
[2026-05-18 22:30:21] [Rewrite] 第614章直接复制到终稿（4049字）
[2026-05-18 22:30:21] [Rewrite] 第615章直接复制到终稿（3749字）
进度: 597/2000 完成, 失败: 0
[2026-05-18 22:30:21] [Rewrite] 第616章直接复制到终稿（5356字）
进度: 598/2000 完成, 失败: 0
进度: 599/2000 完成, 失败: 0
进度: 600/2000 完成, 失败: 0
[2026-05-18 22:30:21] [Rewrite] 第617章直接复制到终稿（4324字）
[2026-05-18 22:30:21] [Rewrite] 第618章直接复制到终稿（5386字）
[2026-05-18 22:30:21] [Rewrite] 第619章直接复制到终稿（5036字）
进度: 601/2000 完成, 失败: 0
[2026-05-18 22:30:21] [Rewrite] 第620章直接复制到终稿（5087字）
进度: 602/2000 完成, 失败: 0
进度: 603/2000 完成, 失败: 0
进度: 604/2000 完成, 失败: 0
[2026-05-18 22:30:21] [Rewrite] 第623章直接复制到终稿（4479字）
[2026-05-18 22:30:21] [Rewrite] 第622章直接复制到终稿（5075字）
[2026-05-18 22:30:21] [Rewrite] 第621章直接复制到终稿（4901字）
[2026-05-18 22:30:21] [Rewrite] 第624章直接复制到终稿（4444字）
进度: 605/2000 完成, 失败: 0
进度: 606/2000 完成, 失败: 0
进度: 607/2000 完成, 失败: 0
进度: 608/2000 完成, 失败: 0
[2026-05-18 22:30:21] [Rewrite] 第626章直接复制到终稿（6799字）
[2026-05-18 22:30:21] [Rewrite] 第625章直接复制到终稿（6579字）
进度: 609/2000 完成, 失败: 0
[2026-05-18 22:30:21] [Rewrite] 第627章直接复制到终稿（3580字）
[2026-05-18 22:30:21] [Rewrite] 第628章直接复制到终稿（7014字）
进度: 610/2000 完成, 失败: 0
进度: 611/2000 完成, 失败: 0
进度: 612/2000 完成, 失败: 0
[2026-05-18 22:30:21] [Rewrite] 第629章直接复制到终稿（6546字）
进度: 613/2000 完成, 失败: 0
[2026-05-18 22:30:21] [Rewrite] 第630章直接复制到终稿（5088字）
[2026-05-18 22:30:21] [Rewrite] 第632章直接复制到终稿（5661字）
[2026-05-18 22:30:21] [Rewrite] 第631章直接复制到终稿（3799字）
进度: 614/2000 完成, 失败: 0
[2026-05-18 22:30:21] [Rewrite] 第633章直接复制到终稿（5274字）
进度: 615/2000 完成, 失败: 0
进度: 616/2000 完成, 失败: 0
进度: 617/2000 完成, 失败: 0
[2026-05-18 22:30:21] [Rewrite] 第634章直接复制到终稿（3624字）
[2026-05-18 22:30:21] [Rewrite] 第635章直接复制到终稿（4110字）
[2026-05-18 22:30:21] [Rewrite] 第636章直接复制到终稿（5276字）
[2026-05-18 22:30:21] [Rewrite] 第637章直接复制到终稿（5698字）
进度: 618/2000 完成, 失败: 0
进度: 619/2000 完成, 失败: 0
进度: 620/2000 完成, 失败: 0
进度: 621/2000 完成, 失败: 0
[2026-05-18 22:30:21] [Rewrite] 第638章直接复制到终稿（4863字）
进度: 622/2000 完成, 失败: 0
[2026-05-18 22:30:21] [Rewrite] 第639章直接复制到终稿（3907字）
[2026-05-18 22:30:21] [Rewrite] 第640章直接复制到终稿（4611字）
[2026-05-18 22:30:21] [Rewrite] 第641章直接复制到终稿（5858字）
进度: 623/2000 完成, 失败: 0
进度: 624/2000 完成, 失败: 0
[2026-05-18 22:30:21] [Rewrite] 第642章直接复制到终稿（4826字）
进度: 625/2000 完成, 失败: 0
进度: 626/2000 完成, 失败: 0
[2026-05-18 22:30:21] [Rewrite] 第644章直接复制到终稿（7443字）
[2026-05-18 22:30:21] [Rewrite] 第645章直接复制到终稿（6116字）
[2026-05-18 22:30:21] [Rewrite] 第643章直接复制到终稿（4154字）
进度: 627/2000 完成, 失败: 0
进度: 628/2000 完成, 失败: 0
[2026-05-18 22:30:21] [Rewrite] 第646章直接复制到终稿（4021字）
进度: 629/2000 完成, 失败: 0
[2026-05-18 22:30:21] [Rewrite] 第647章直接复制到终稿（3860字）
进度: 630/2000 完成, 失败: 0
[2026-05-18 22:30:21] [Rewrite] 第648章直接复制到终稿（5254字）
进度: 631/2000 完成, 失败: 0
[2026-05-18 22:30:21] [Rewrite] 第649章直接复制到终稿（4846字）
[2026-05-18 22:30:21] [Rewrite] 第650章直接复制到终稿（3344字）
进度: 632/2000 完成, 失败: 0
进度: 633/2000 完成, 失败: 0
进度: 634/2000 完成, 失败: 0
[2026-05-18 22:30:21] [Rewrite] 第651章直接复制到终稿（4833字）
[2026-05-18 22:30:21] [Rewrite] 第652章直接复制到终稿（5248字）
进度: 635/2000 完成, 失败: 0
[2026-05-18 22:30:21] [Rewrite] 第654章直接复制到终稿（3826字）
进度: 636/2000 完成, 失败: 0
[2026-05-18 22:30:21] [Rewrite] 第653章直接复制到终稿（5119字）
进度: 637/2000 完成, 失败: 0
[2026-05-18 22:30:21] [Rewrite] 第655章直接复制到终稿（5830字）
进度: 638/2000 完成, 失败: 0
[2026-05-18 22:30:21] [Rewrite] 第656章直接复制到终稿（3892字）
进度: 639/2000 完成, 失败: 0
进度: 640/2000 完成, 失败: 0
[2026-05-18 22:30:21] [Rewrite] 正在重写第657章（初稿5151字，评分6.8）...
[2026-05-18 22:30:21] [Rewrite] 第658章直接复制到终稿（3483字）
[2026-05-18 22:30:21] [Rewrite] 第659章直接复制到终稿（4246字）
进度: 641/2000 完成, 失败: 0
进度: 642/2000 完成, 失败: 0
[2026-05-18 22:30:21] [Rewrite] 第660章直接复制到终稿（5850字）
进度: 643/2000 完成, 失败: 0
[2026-05-18 22:30:21] [Rewrite] 第661章直接复制到终稿（4241字）
[2026-05-18 22:30:21] [Rewrite] 第662章直接复制到终稿（4615字）
进度: 644/2000 完成, 失败: 0
进度: 645/2000 完成, 失败: 0
[2026-05-18 22:30:21] [Rewrite] 第663章直接复制到终稿（7038字）
进度: 646/2000 完成, 失败: 0
[2026-05-18 22:30:21] [Rewrite] 第664章直接复制到终稿（3731字）
[2026-05-18 22:30:21] [Rewrite] 第665章直接复制到终稿（4815字）
进度: 647/2000 完成, 失败: 0
[2026-05-18 22:30:21] [Rewrite] 第666章直接复制到终稿（4076字）
进度: 648/2000 完成, 失败: 0
进度: 649/2000 完成, 失败: 0
[2026-05-18 22:30:21] [Rewrite] 第667章直接复制到终稿（4853字）
[2026-05-18 22:30:21] [Rewrite] 第668章直接复制到终稿（2681字）
进度: 650/2000 完成, 失败: 0
[2026-05-18 22:30:21] [Rewrite] 第669章直接复制到终稿（4340字）
进度: 651/2000 完成, 失败: 0
进度: 652/2000 完成, 失败: 0
[2026-05-18 22:30:21] [Rewrite] 第670章直接复制到终稿（3924字）
[2026-05-18 22:30:21] [Rewrite] 第671章直接复制到终稿（4622字）
进度: 653/2000 完成, 失败: 0
[2026-05-18 22:30:21] [Rewrite] 第672章直接复制到终稿（5593字）
进度: 654/2000 完成, 失败: 0
进度: 655/2000 完成, 失败: 0
[2026-05-18 22:30:21] [Rewrite] 第673章直接复制到终稿（5393字）
[2026-05-18 22:30:21] [Rewrite] 第674章直接复制到终稿（4415字）
进度: 656/2000 完成, 失败: 0
[2026-05-18 22:30:21] [Rewrite] 第675章直接复制到终稿（3230字）
进度: 657/2000 完成, 失败: 0
进度: 658/2000 完成, 失败: 0
[2026-05-18 22:30:21] [Rewrite] 第676章直接复制到终稿（5060字）
进度: 659/2000 完成, 失败: 0
[2026-05-18 22:30:21] [Rewrite] 第677章直接复制到终稿（4030字）
[2026-05-18 22:30:21] [Rewrite] 第678章直接复制到终稿（4647字）
进度: 660/2000 完成, 失败: 0
[2026-05-18 22:30:21] [Rewrite] 第679章直接复制到终稿（4395字）
进度: 661/2000 完成, 失败: 0
进度: 662/2000 完成, 失败: 0
[2026-05-18 22:30:21] [Rewrite] 第680章直接复制到终稿（6992字）
[2026-05-18 22:30:21] [Rewrite] 第681章直接复制到终稿（7391字）
进度: 663/2000 完成, 失败: 0
进度: 664/2000 完成, 失败: 0
[2026-05-18 22:30:21] [Rewrite] 第683章直接复制到终稿（7807字）
进度: 665/2000 完成, 失败: 0
[2026-05-18 22:30:21] [Rewrite] 第682章直接复制到终稿（4221字）
[2026-05-18 22:30:21] [Rewrite] 第684章直接复制到终稿（3864字）
进度: 666/2000 完成, 失败: 0
进度: 667/2000 完成, 失败: 0
[2026-05-18 22:30:21] [Rewrite] 第685章直接复制到终稿（2391字）
[2026-05-18 22:30:21] [Rewrite] 第686章直接复制到终稿（3720字）
进度: 668/2000 完成, 失败: 0
[2026-05-18 22:30:21] [Rewrite] 第687章直接复制到终稿（4878字）
进度: 669/2000 完成, 失败: 0
进度: 670/2000 完成, 失败: 0
[2026-05-18 22:30:21] [Rewrite] 第688章直接复制到终稿（3529字）
进度: 671/2000 完成, 失败: 0
[2026-05-18 22:30:21] [Rewrite] 第689章直接复制到终稿（7732字）
进度: 672/2000 完成, 失败: 0
[2026-05-18 22:30:21] [Rewrite] 第690章直接复制到终稿（3732字）
[2026-05-18 22:30:21] [Rewrite] 第691章直接复制到终稿（4193字）
进度: 673/2000 完成, 失败: 0
[2026-05-18 22:30:21] [Rewrite] 第692章直接复制到终稿（3816字）
进度: 674/2000 完成, 失败: 0
进度: 675/2000 完成, 失败: 0
[2026-05-18 22:30:21] [Rewrite] 第693章直接复制到终稿（5194字）
[2026-05-18 22:30:21] [Rewrite] 第694章直接复制到终稿（4705字）
进度: 676/2000 完成, 失败: 0
[2026-05-18 22:30:21] [Rewrite] 第695章直接复制到终稿（4734字）
进度: 677/2000 完成, 失败: 0
进度: 678/2000 完成, 失败: 0
[2026-05-18 22:30:21] [Rewrite] 第696章直接复制到终稿（4108字）
[2026-05-18 22:30:21] [Rewrite] 第697章直接复制到终稿（6276字）
进度: 679/2000 完成, 失败: 0
进度: 680/2000 完成, 失败: 0
[2026-05-18 22:30:21] [Rewrite] 第698章直接复制到终稿（4440字）
进度: 681/2000 完成, 失败: 0
[2026-05-18 22:30:21] [Rewrite] 第699章直接复制到终稿（6309字）
[2026-05-18 22:30:21] [Rewrite] 第700章直接复制到终稿（4729字）
进度: 682/2000 完成, 失败: 0
进度: 683/2000 完成, 失败: 0
[2026-05-18 22:30:21] [Rewrite] 第701章直接复制到终稿（6286字）
[2026-05-18 22:30:21] [Rewrite] 第702章直接复制到终稿（3689字）
进度: 684/2000 完成, 失败: 0
进度: 685/2000 完成, 失败: 0
[2026-05-18 22:30:21] [Rewrite] 第703章直接复制到终稿（5044字）
[2026-05-18 22:30:21] [Rewrite] 第704章直接复制到终稿（5173字）
[2026-05-18 22:30:21] [Rewrite] 第705章直接复制到终稿（4885字）
进度: 686/2000 完成, 失败: 0
进度: 687/2000 完成, 失败: 0
进度: 688/2000 完成, 失败: 0
[2026-05-18 22:30:21] [Rewrite] 第706章直接复制到终稿（4591字）
[2026-05-18 22:30:21] [Rewrite] 第707章直接复制到终稿（5562字）
[2026-05-18 22:30:21] [Rewrite] 第708章直接复制到终稿（5843字）
进度: 689/2000 完成, 失败: 0
进度: 690/2000 完成, 失败: 0
进度: 691/2000 完成, 失败: 0
[2026-05-18 22:30:21] [Rewrite] 第709章直接复制到终稿（4373字）
[2026-05-18 22:30:21] [Rewrite] 第710章直接复制到终稿（5708字）
[2026-05-18 22:30:21] [Rewrite] 第711章直接复制到终稿（5424字）
进度: 692/2000 完成, 失败: 0
进度: 693/2000 完成, 失败: 0
进度: 694/2000 完成, 失败: 0
[2026-05-18 22:30:21] [Rewrite] 第712章直接复制到终稿（5013字）
[2026-05-18 22:30:21] [Rewrite] 第713章直接复制到终稿（4379字）
进度: 695/2000 完成, 失败: 0
[2026-05-18 22:30:21] [Rewrite] 第714章直接复制到终稿（5159字）
进度: 696/2000 完成, 失败: 0
[2026-05-18 22:30:21] [Rewrite] 第715章直接复制到终稿（3727字）
进度: 697/2000 完成, 失败: 0
进度: 698/2000 完成, 失败: 0
[2026-05-18 22:30:21] [Rewrite] 第716章直接复制到终稿（4597字）
[2026-05-18 22:30:21] [Rewrite] 第717章直接复制到终稿（3527字）
[2026-05-18 22:30:21] [Rewrite] 第718章直接复制到终稿（4827字）
进度: 699/2000 完成, 失败: 0
进度: 700/2000 完成, 失败: 0
进度: 701/2000 完成, 失败: 0
[2026-05-18 22:30:21] [Rewrite] 第719章直接复制到终稿（4817字）
进度: 702/2000 完成, 失败: 0
[2026-05-18 22:30:21] [Rewrite] 第720章直接复制到终稿（3313字）
[2026-05-18 22:30:21] [Rewrite] 第721章直接复制到终稿（3720字）
进度: 703/2000 完成, 失败: 0
进度: 704/2000 完成, 失败: 0
[2026-05-18 22:30:21] [Rewrite] 第722章直接复制到终稿（5811字）
进度: 705/2000 完成, 失败: 0
[2026-05-18 22:30:21] [Rewrite] 第723章直接复制到终稿（4157字）
[2026-05-18 22:30:21] [Rewrite] 第724章直接复制到终稿（4873字）
进度: 706/2000 完成, 失败: 0
进度: 707/2000 完成, 失败: 0
[2026-05-18 22:30:21] [Rewrite] 第725章直接复制到终稿（5391字）
进度: 708/2000 完成, 失败: 0
[2026-05-18 22:30:21] [Rewrite] 第726章直接复制到终稿（4981字）
[2026-05-18 22:30:21] [Rewrite] 第727章直接复制到终稿（6222字）
进度: 709/2000 完成, 失败: 0
进度: 710/2000 完成, 失败: 0
[2026-05-18 22:30:21] [Rewrite] 第728章直接复制到终稿（4912字）
进度: 711/2000 完成, 失败: 0
[2026-05-18 22:30:21] [Rewrite] 第729章直接复制到终稿（6642字）
[2026-05-18 22:30:21] [Rewrite] 正在重写第730章（初稿9102字，评分5.5）...
进度: 712/2000 完成, 失败: 0
[2026-05-18 22:30:21] [Rewrite] 第731章直接复制到终稿（5583字）
进度: 713/2000 完成, 失败: 0
[2026-05-18 22:30:21] [Rewrite] 第732章直接复制到终稿（5611字）
进度: 714/2000 完成, 失败: 0
[2026-05-18 22:30:21] [Rewrite] 第733章直接复制到终稿（5083字）
进度: 715/2000 完成, 失败: 0
[2026-05-18 22:30:21] [Rewrite] 第734章直接复制到终稿（4672字）
进度: 716/2000 完成, 失败: 0
[2026-05-18 22:30:21] [Rewrite] 第735章直接复制到终稿（4329字）
进度: 717/2000 完成, 失败: 0
[2026-05-18 22:30:21] [Rewrite] 第736章直接复制到终稿（3756字）
进度: 718/2000 完成, 失败: 0
[2026-05-18 22:30:21] [Rewrite] 第737章直接复制到终稿（4197字）
进度: 719/2000 完成, 失败: 0
[2026-05-18 22:30:21] [Rewrite] 第738章直接复制到终稿（5987字）
进度: 720/2000 完成, 失败: 0
[2026-05-18 22:30:21] [Rewrite] 第739章直接复制到终稿（4086字）
进度: 721/2000 完成, 失败: 0
[2026-05-18 22:30:21] [Rewrite] 第740章直接复制到终稿（5657字）
[2026-05-18 22:30:21] [Rewrite] 第741章直接复制到终稿（3626字）
进度: 722/2000 完成, 失败: 0
进度: 723/2000 完成, 失败: 0
[2026-05-18 22:30:21] [Rewrite] 第742章直接复制到终稿（4548字）
进度: 724/2000 完成, 失败: 0
[2026-05-18 22:30:21] [Rewrite] 第743章直接复制到终稿（4476字）
进度: 725/2000 完成, 失败: 0
[2026-05-18 22:30:21] [Rewrite] 第744章直接复制到终稿（4517字）
进度: 726/2000 完成, 失败: 0
[2026-05-18 22:30:21] [Rewrite] 第745章直接复制到终稿（8939字）
进度: 727/2000 完成, 失败: 0
[2026-05-18 22:30:21] [Rewrite] 第746章直接复制到终稿（5463字）
进度: 728/2000 完成, 失败: 0
[2026-05-18 22:30:21] [Rewrite] 第747章直接复制到终稿（5156字）
进度: 729/2000 完成, 失败: 0
[2026-05-18 22:30:21] [Rewrite] 第748章直接复制到终稿（4252字）
进度: 730/2000 完成, 失败: 0
[2026-05-18 22:30:21] [Rewrite] 第749章直接复制到终稿（4214字）
进度: 731/2000 完成, 失败: 0
[2026-05-18 22:30:21] [Rewrite] 第750章直接复制到终稿（5505字）
进度: 732/2000 完成, 失败: 0
[2026-05-18 22:30:21] [Rewrite] 第751章直接复制到终稿（6215字）
进度: 733/2000 完成, 失败: 0
[2026-05-18 22:30:21] [Rewrite] 第752章直接复制到终稿（3410字）
[2026-05-18 22:30:21] [Rewrite] 第753章直接复制到终稿（4800字）
进度: 734/2000 完成, 失败: 0
进度: 735/2000 完成, 失败: 0
[2026-05-18 22:30:21] [Rewrite] 第754章直接复制到终稿（4413字）
[2026-05-18 22:30:21] [Rewrite] 第755章直接复制到终稿（5260字）
进度: 736/2000 完成, 失败: 0
进度: 737/2000 完成, 失败: 0
[2026-05-18 22:30:21] [Rewrite] 第756章直接复制到终稿（4192字）
[2026-05-18 22:30:21] [Rewrite] 第757章直接复制到终稿（6490字）
进度: 738/2000 完成, 失败: 0
进度: 739/2000 完成, 失败: 0
[2026-05-18 22:30:21] [Rewrite] 第758章直接复制到终稿（5028字）
[2026-05-18 22:30:21] [Rewrite] 第759章直接复制到终稿（5077字）
进度: 740/2000 完成, 失败: 0
进度: 741/2000 完成, 失败: 0
[2026-05-18 22:30:21] [Rewrite] 第760章直接复制到终稿（4661字）
[2026-05-18 22:30:21] [Rewrite] 第761章直接复制到终稿（5109字）
进度: 742/2000 完成, 失败: 0
进度: 743/2000 完成, 失败: 0
[2026-05-18 22:30:21] [Rewrite] 第762章直接复制到终稿（8013字）
进度: 744/2000 完成, 失败: 0
[2026-05-18 22:30:21] [Rewrite] 第763章直接复制到终稿（4287字）
进度: 745/2000 完成, 失败: 0
[2026-05-18 22:30:21] [Rewrite] 第764章直接复制到终稿（5718字）
[2026-05-18 22:30:21] [Rewrite] 第765章直接复制到终稿（5523字）
进度: 746/2000 完成, 失败: 0
进度: 747/2000 完成, 失败: 0
[2026-05-18 22:30:21] [Rewrite] 第766章直接复制到终稿（7765字）
[2026-05-18 22:30:21] [Rewrite] 第767章直接复制到终稿（5680字）
进度: 748/2000 完成, 失败: 0
进度: 749/2000 完成, 失败: 0
[2026-05-18 22:30:21] [Rewrite] 第769章直接复制到终稿（4985字）
[2026-05-18 22:30:21] [Rewrite] 第768章直接复制到终稿（4996字）
进度: 750/2000 完成, 失败: 0
进度: 751/2000 完成, 失败: 0
[2026-05-18 22:30:21] [Rewrite] 第770章直接复制到终稿（5196字）
[2026-05-18 22:30:21] [Rewrite] 第771章直接复制到终稿（4749字）
进度: 752/2000 完成, 失败: 0
进度: 753/2000 完成, 失败: 0
[2026-05-18 22:30:21] [Rewrite] 第772章直接复制到终稿（4182字）
进度: 754/2000 完成, 失败: 0
[2026-05-18 22:30:21] [Rewrite] 第773章直接复制到终稿（1364字）
进度: 755/2000 完成, 失败: 0
[2026-05-18 22:30:21] [Rewrite] 第774章直接复制到终稿（4573字）
进度: 756/2000 完成, 失败: 0
[2026-05-18 22:30:21] [Rewrite] 第775章直接复制到终稿（4023字）
进度: 757/2000 完成, 失败: 0
[2026-05-18 22:30:21] [Rewrite] 第776章直接复制到终稿（5675字）
进度: 758/2000 完成, 失败: 0
[2026-05-18 22:30:21] [Rewrite] 第777章直接复制到终稿（4844字）
进度: 759/2000 完成, 失败: 0
[2026-05-18 22:30:21] [Rewrite] 第778章直接复制到终稿（5432字）
进度: 760/2000 完成, 失败: 0
[2026-05-18 22:30:21] [Rewrite] 第779章直接复制到终稿（4059字）
进度: 761/2000 完成, 失败: 0
[2026-05-18 22:30:21] [Rewrite] 第780章直接复制到终稿（4247字）
进度: 762/2000 完成, 失败: 0
[2026-05-18 22:30:21] [Rewrite] 第781章直接复制到终稿（4309字）
[2026-05-18 22:30:21] [Rewrite] 第782章直接复制到终稿（3910字）
进度: 763/2000 完成, 失败: 0
进度: 764/2000 完成, 失败: 0
[2026-05-18 22:30:21] [Rewrite] 第783章直接复制到终稿（4256字）
[2026-05-18 22:30:21] [Rewrite] 第784章直接复制到终稿（4830字）
进度: 765/2000 完成, 失败: 0
进度: 766/2000 完成, 失败: 0
[2026-05-18 22:30:21] [Rewrite] 第785章直接复制到终稿（5774字）
[2026-05-18 22:30:21] [Rewrite] 第786章直接复制到终稿（3496字）
进度: 767/2000 完成, 失败: 0
进度: 768/2000 完成, 失败: 0
[2026-05-18 22:30:21] [Rewrite] 第788章直接复制到终稿（6704字）
[2026-05-18 22:30:21] [Rewrite] 第787章直接复制到终稿（6956字）
进度: 769/2000 完成, 失败: 0
进度: 770/2000 完成, 失败: 0
[2026-05-18 22:30:21] [Rewrite] 正在重写第789章（初稿5135字，评分6.8）...
[2026-05-18 22:30:21] [Rewrite] 第790章直接复制到终稿（4336字）
进度: 771/2000 完成, 失败: 0
[2026-05-18 22:30:21] [Rewrite] 第791章直接复制到终稿（5528字）
进度: 772/2000 完成, 失败: 0
[2026-05-18 22:30:21] [Rewrite] 第792章直接复制到终稿（4597字）
进度: 773/2000 完成, 失败: 0
[2026-05-18 22:30:21] [Rewrite] 第793章直接复制到终稿（4851字）
进度: 774/2000 完成, 失败: 0
[2026-05-18 22:30:21] [Rewrite] 第794章直接复制到终稿（4485字）
进度: 775/2000 完成, 失败: 0
[2026-05-18 22:30:21] [Rewrite] 第795章直接复制到终稿（6219字）
进度: 776/2000 完成, 失败: 0
[2026-05-18 22:30:21] [Rewrite] 第796章直接复制到终稿（3885字）
进度: 777/2000 完成, 失败: 0
[2026-05-18 22:30:21] [Rewrite] 第797章直接复制到终稿（6249字）
进度: 778/2000 完成, 失败: 0
[2026-05-18 22:30:21] [Rewrite] 第798章直接复制到终稿（5009字）
进度: 779/2000 完成, 失败: 0
[2026-05-18 22:30:21] [Rewrite] 第799章直接复制到终稿（7823字）
进度: 780/2000 完成, 失败: 0
[2026-05-18 22:30:21] [Rewrite] 第800章直接复制到终稿（5618字）
进度: 781/2000 完成, 失败: 0
[2026-05-18 22:30:21] [Rewrite] 第801章直接复制到终稿（4715字）
进度: 782/2000 完成, 失败: 0
[2026-05-18 22:30:21] [Rewrite] 第802章直接复制到终稿（1759字）
进度: 783/2000 完成, 失败: 0
[2026-05-18 22:30:21] [Rewrite] 正在重写第803章（初稿4317字，评分6.8）...
[2026-05-18 22:31:27] [Rewrite] 第531章终稿已保存（5406字）
进度: 784/2000 完成, 失败: 0
[2026-05-18 22:31:27] [Rewrite] 第804章直接复制到终稿（4712字）
进度: 785/2000 完成, 失败: 0
[2026-05-18 22:31:27] [Rewrite] 第805章直接复制到终稿（4236字）
进度: 786/2000 完成, 失败: 0
[2026-05-18 22:31:27] [Rewrite] 第806章直接复制到终稿（4913字）
进度: 787/2000 完成, 失败: 0
[2026-05-18 22:31:27] [Rewrite] 第807章直接复制到终稿（4029字）
进度: 788/2000 完成, 失败: 0
[2026-05-18 22:31:27] [Rewrite] 第808章直接复制到终稿（4478字）
进度: 789/2000 完成, 失败: 0
[2026-05-18 22:31:27] [Rewrite] 第809章直接复制到终稿（3228字）
进度: 790/2000 完成, 失败: 0
[2026-05-18 22:31:27] [Rewrite] 第810章直接复制到终稿（3965字）
进度: 791/2000 完成, 失败: 0
[2026-05-18 22:31:27] [Rewrite] 第811章直接复制到终稿（4149字）
进度: 792/2000 完成, 失败: 0
[2026-05-18 22:31:27] [Rewrite] 第812章直接复制到终稿（4710字）
进度: 793/2000 完成, 失败: 0
[2026-05-18 22:31:27] [Rewrite] 第813章直接复制到终稿（5234字）
进度: 794/2000 完成, 失败: 0
[2026-05-18 22:31:27] [Rewrite] 第814章直接复制到终稿（3294字）
进度: 795/2000 完成, 失败: 0
[2026-05-18 22:31:27] [Rewrite] 第815章直接复制到终稿（3579字）
进度: 796/2000 完成, 失败: 0
[2026-05-18 22:31:27] [Rewrite] 第816章直接复制到终稿（5398字）
进度: 797/2000 完成, 失败: 0
[2026-05-18 22:31:27] [Rewrite] 第817章直接复制到终稿（5165字）
进度: 798/2000 完成, 失败: 0
[2026-05-18 22:31:27] [Rewrite] 第818章直接复制到终稿（4395字）
进度: 799/2000 完成, 失败: 0
[2026-05-18 22:31:27] [Rewrite] 第819章直接复制到终稿（3324字）
进度: 800/2000 完成, 失败: 0
[2026-05-18 22:31:27] [Rewrite] 第820章直接复制到终稿（3804字）
进度: 801/2000 完成, 失败: 0
[2026-05-18 22:31:27] [Rewrite] 第821章直接复制到终稿（4468字）
进度: 802/2000 完成, 失败: 0
[2026-05-18 22:31:27] [Rewrite] 第822章直接复制到终稿（4279字）
进度: 803/2000 完成, 失败: 0
[2026-05-18 22:31:27] [Rewrite] 第823章直接复制到终稿（7446字）
进度: 804/2000 完成, 失败: 0
[2026-05-18 22:31:27] [Rewrite] 第824章直接复制到终稿（4326字）
进度: 805/2000 完成, 失败: 0
[2026-05-18 22:31:27] [Rewrite] 第825章直接复制到终稿（3363字）
进度: 806/2000 完成, 失败: 0
[2026-05-18 22:31:27] [Rewrite] 第826章直接复制到终稿（5095字）
进度: 807/2000 完成, 失败: 0
[2026-05-18 22:31:27] [Rewrite] 第827章直接复制到终稿（5052字）
进度: 808/2000 完成, 失败: 0
[2026-05-18 22:31:27] [Rewrite] 第828章直接复制到终稿（3865字）
进度: 809/2000 完成, 失败: 0
[2026-05-18 22:31:27] [Rewrite] 第829章直接复制到终稿（4637字）
进度: 810/2000 完成, 失败: 0
[2026-05-18 22:31:27] [Rewrite] 第830章直接复制到终稿（5522字）
进度: 811/2000 完成, 失败: 0
[2026-05-18 22:31:28] [Rewrite] 第831章直接复制到终稿（4650字）
进度: 812/2000 完成, 失败: 0
[2026-05-18 22:31:28] [Rewrite] 第832章直接复制到终稿（6248字）
进度: 813/2000 完成, 失败: 0
[2026-05-18 22:31:28] [Rewrite] 第833章直接复制到终稿（5851字）
进度: 814/2000 完成, 失败: 0
[2026-05-18 22:31:28] [Rewrite] 第834章直接复制到终稿（5237字）
进度: 815/2000 完成, 失败: 0
[2026-05-18 22:31:28] [Rewrite] 第835章直接复制到终稿（5719字）
进度: 816/2000 完成, 失败: 0
[2026-05-18 22:31:28] [Rewrite] 第836章直接复制到终稿（4914字）
进度: 817/2000 完成, 失败: 0
[2026-05-18 22:31:28] [Rewrite] 第837章直接复制到终稿（4748字）
进度: 818/2000 完成, 失败: 0
[2026-05-18 22:31:28] [Rewrite] 第838章直接复制到终稿（4550字）
进度: 819/2000 完成, 失败: 0
[2026-05-18 22:31:28] [Rewrite] 第839章直接复制到终稿（5456字）
进度: 820/2000 完成, 失败: 0
[2026-05-18 22:31:28] [Rewrite] 第840章直接复制到终稿（4218字）
进度: 821/2000 完成, 失败: 0
[2026-05-18 22:31:28] [Rewrite] 第841章直接复制到终稿（7529字）
进度: 822/2000 完成, 失败: 0
[2026-05-18 22:31:28] [Rewrite] 第842章直接复制到终稿（4583字）
进度: 823/2000 完成, 失败: 0
[2026-05-18 22:31:28] [Rewrite] 第843章直接复制到终稿（4286字）
进度: 824/2000 完成, 失败: 0
[2026-05-18 22:31:28] [Rewrite] 第844章直接复制到终稿（4824字）
进度: 825/2000 完成, 失败: 0
[2026-05-18 22:31:28] [Rewrite] 第845章直接复制到终稿（4607字）
进度: 826/2000 完成, 失败: 0
[2026-05-18 22:31:28] [Rewrite] 第846章直接复制到终稿（5352字）
进度: 827/2000 完成, 失败: 0
[2026-05-18 22:31:28] [Rewrite] 第847章直接复制到终稿（3714字）
进度: 828/2000 完成, 失败: 0
[2026-05-18 22:31:28] [Rewrite] 第848章直接复制到终稿（5280字）
进度: 829/2000 完成, 失败: 0
[2026-05-18 22:31:28] [Rewrite] 第849章直接复制到终稿（3860字）
进度: 830/2000 完成, 失败: 0
[2026-05-18 22:31:28] [Rewrite] 第850章直接复制到终稿（5317字）
进度: 831/2000 完成, 失败: 0
[2026-05-18 22:31:28] [Rewrite] 第851章直接复制到终稿（3875字）
进度: 832/2000 完成, 失败: 0
[2026-05-18 22:31:28] [Rewrite] 第852章直接复制到终稿（3956字）
进度: 833/2000 完成, 失败: 0
[2026-05-18 22:31:28] [Rewrite] 第853章直接复制到终稿（5692字）
进度: 834/2000 完成, 失败: 0
[2026-05-18 22:31:28] [Rewrite] 第854章直接复制到终稿（3834字）
进度: 835/2000 完成, 失败: 0
[2026-05-18 22:31:28] [Rewrite] 第855章直接复制到终稿（4549字）
进度: 836/2000 完成, 失败: 0
[2026-05-18 22:31:28] [Rewrite] 第856章直接复制到终稿（5473字）
进度: 837/2000 完成, 失败: 0
[2026-05-18 22:31:28] [Rewrite] 第857章直接复制到终稿（5002字）
进度: 838/2000 完成, 失败: 0
[2026-05-18 22:31:28] [Rewrite] 第858章直接复制到终稿（4932字）
进度: 839/2000 完成, 失败: 0
[2026-05-18 22:31:28] [Rewrite] 第859章直接复制到终稿（6942字）
进度: 840/2000 完成, 失败: 0
[2026-05-18 22:31:28] [Rewrite] 第860章直接复制到终稿（5333字）
进度: 841/2000 完成, 失败: 0
[2026-05-18 22:31:28] [Rewrite] 第861章直接复制到终稿（5356字）
进度: 842/2000 完成, 失败: 0
[2026-05-18 22:31:28] [Rewrite] 第862章直接复制到终稿（6435字）
进度: 843/2000 完成, 失败: 0
[2026-05-18 22:31:28] [Rewrite] 第863章直接复制到终稿（4865字）
进度: 844/2000 完成, 失败: 0
[2026-05-18 22:31:28] [Rewrite] 第864章直接复制到终稿（5217字）
进度: 845/2000 完成, 失败: 0
[2026-05-18 22:31:28] [Rewrite] 第865章直接复制到终稿（4065字）
进度: 846/2000 完成, 失败: 0
[2026-05-18 22:31:28] [Rewrite] 第866章直接复制到终稿（4530字）
进度: 847/2000 完成, 失败: 0
[2026-05-18 22:31:28] [Rewrite] 第867章直接复制到终稿（4411字）
进度: 848/2000 完成, 失败: 0
[2026-05-18 22:31:28] [Rewrite] 第868章直接复制到终稿（4537字）
进度: 849/2000 完成, 失败: 0
[2026-05-18 22:31:28] [Rewrite] 第869章直接复制到终稿（3158字）
进度: 850/2000 完成, 失败: 0
[2026-05-18 22:31:28] [Rewrite] 第870章直接复制到终稿（5839字）
进度: 851/2000 完成, 失败: 0
[2026-05-18 22:31:28] [Rewrite] 第871章直接复制到终稿（5346字）
进度: 852/2000 完成, 失败: 0
[2026-05-18 22:31:28] [Rewrite] 第872章直接复制到终稿（4752字）
进度: 853/2000 完成, 失败: 0
[2026-05-18 22:31:28] [Rewrite] 第873章直接复制到终稿（3784字）
进度: 854/2000 完成, 失败: 0
[2026-05-18 22:31:28] [Rewrite] 第874章直接复制到终稿（4669字）
进度: 855/2000 完成, 失败: 0
[2026-05-18 22:31:28] [Rewrite] 第875章直接复制到终稿（5340字）
进度: 856/2000 完成, 失败: 0
[2026-05-18 22:31:28] [Rewrite] 第876章直接复制到终稿（3695字）
进度: 857/2000 完成, 失败: 0
[2026-05-18 22:31:28] [Rewrite] 第877章直接复制到终稿（3958字）
进度: 858/2000 完成, 失败: 0
[2026-05-18 22:31:28] [Rewrite] 第878章直接复制到终稿（5213字）
进度: 859/2000 完成, 失败: 0
[2026-05-18 22:31:28] [Rewrite] 第879章直接复制到终稿（5071字）
进度: 860/2000 完成, 失败: 0
[2026-05-18 22:31:28] [Rewrite] 第880章直接复制到终稿（3617字）
进度: 861/2000 完成, 失败: 0
[2026-05-18 22:31:28] [Rewrite] 第881章直接复制到终稿（6089字）
进度: 862/2000 完成, 失败: 0
[2026-05-18 22:31:28] [Rewrite] 第882章直接复制到终稿（4172字）
进度: 863/2000 完成, 失败: 0
[2026-05-18 22:31:28] [Rewrite] 第883章直接复制到终稿（4948字）
进度: 864/2000 完成, 失败: 0
[2026-05-18 22:31:28] [Rewrite] 第884章直接复制到终稿（4595字）
进度: 865/2000 完成, 失败: 0
[2026-05-18 22:31:28] [Rewrite] 第885章直接复制到终稿（3959字）
进度: 866/2000 完成, 失败: 0
[2026-05-18 22:31:28] [Rewrite] 第886章直接复制到终稿（5532字）
进度: 867/2000 完成, 失败: 0
[2026-05-18 22:31:28] [Rewrite] 第887章直接复制到终稿（4049字）
进度: 868/2000 完成, 失败: 0
[2026-05-18 22:31:28] [Rewrite] 第888章直接复制到终稿（4138字）
进度: 869/2000 完成, 失败: 0
[2026-05-18 22:31:28] [Rewrite] 第889章直接复制到终稿（5873字）
进度: 870/2000 完成, 失败: 0
[2026-05-18 22:31:28] [Rewrite] 第890章直接复制到终稿（4091字）
进度: 871/2000 完成, 失败: 0
[2026-05-18 22:31:28] [Rewrite] 第891章直接复制到终稿（5516字）
进度: 872/2000 完成, 失败: 0
[2026-05-18 22:31:28] [Rewrite] 正在重写第892章（初稿3901字，评分6.8）...
[2026-05-18 22:31:30] [Rewrite] 第83章终稿已保存（5563字）
进度: 873/2000 完成, 失败: 0
[2026-05-18 22:31:30] [Rewrite] 第893章直接复制到终稿（4213字）
进度: 874/2000 完成, 失败: 0
[2026-05-18 22:31:30] [Rewrite] 第894章直接复制到终稿（4415字）
进度: 875/2000 完成, 失败: 0
[2026-05-18 22:31:30] [Rewrite] 第895章直接复制到终稿（2029字）
进度: 876/2000 完成, 失败: 0
[2026-05-18 22:31:30] [Rewrite] 第896章直接复制到终稿（3048字）
进度: 877/2000 完成, 失败: 0
[2026-05-18 22:31:30] [Rewrite] 第897章直接复制到终稿（4558字）
进度: 878/2000 完成, 失败: 0
[2026-05-18 22:31:30] [Rewrite] 第898章直接复制到终稿（3291字）
进度: 879/2000 完成, 失败: 0
[2026-05-18 22:31:30] [Rewrite] 第899章直接复制到终稿（4496字）
进度: 880/2000 完成, 失败: 0
[2026-05-18 22:31:30] [Rewrite] 第900章直接复制到终稿（4188字）
进度: 881/2000 完成, 失败: 0
[2026-05-18 22:31:30] [Rewrite] 第901章直接复制到终稿（8015字）
进度: 882/2000 完成, 失败: 0
[2026-05-18 22:31:30] [Rewrite] 第902章直接复制到终稿（5522字）
进度: 883/2000 完成, 失败: 0
[2026-05-18 22:31:30] [Rewrite] 第903章直接复制到终稿（4683字）
进度: 884/2000 完成, 失败: 0
[2026-05-18 22:31:30] [Rewrite] 第904章直接复制到终稿（5423字）
进度: 885/2000 完成, 失败: 0
[2026-05-18 22:31:30] [Rewrite] 第905章直接复制到终稿（6965字）
进度: 886/2000 完成, 失败: 0
[2026-05-18 22:31:30] [Rewrite] 第906章直接复制到终稿（4778字）
进度: 887/2000 完成, 失败: 0
[2026-05-18 22:31:30] [Rewrite] 第907章直接复制到终稿（5873字）
进度: 888/2000 完成, 失败: 0
[2026-05-18 22:31:30] [Rewrite] 第908章直接复制到终稿（3928字）
进度: 889/2000 完成, 失败: 0
[2026-05-18 22:31:30] [Rewrite] 第909章直接复制到终稿（5526字）
进度: 890/2000 完成, 失败: 0
[2026-05-18 22:31:30] [Rewrite] 第910章直接复制到终稿（6253字）
进度: 891/2000 完成, 失败: 0
[2026-05-18 22:31:30] [Rewrite] 第911章直接复制到终稿（4188字）
进度: 892/2000 完成, 失败: 0
[2026-05-18 22:31:30] [Rewrite] 第912章直接复制到终稿（4364字）
进度: 893/2000 完成, 失败: 0
[2026-05-18 22:31:30] [Rewrite] 第913章直接复制到终稿（6747字）
进度: 894/2000 完成, 失败: 0
[2026-05-18 22:31:30] [Rewrite] 第914章直接复制到终稿（4195字）
进度: 895/2000 完成, 失败: 0
[2026-05-18 22:31:30] [Rewrite] 第915章直接复制到终稿（5817字）
进度: 896/2000 完成, 失败: 0
[2026-05-18 22:31:30] [Rewrite] 第916章直接复制到终稿（4070字）
进度: 897/2000 完成, 失败: 0
[2026-05-18 22:31:30] [Rewrite] 正在重写第917章（初稿4428字，评分6.5）...
[2026-05-18 22:31:30] [Rewrite] 第4章终稿已保存（5531字）
进度: 898/2000 完成, 失败: 0
[2026-05-18 22:31:30] [Rewrite] 第918章直接复制到终稿（4415字）
进度: 899/2000 完成, 失败: 0
[2026-05-18 22:31:30] [Rewrite] 第919章直接复制到终稿（6535字）
进度: 900/2000 完成, 失败: 0
[2026-05-18 22:31:30] [Rewrite] 第920章直接复制到终稿（4920字）
进度: 901/2000 完成, 失败: 0
[2026-05-18 22:31:30] [Rewrite] 第921章直接复制到终稿（5177字）
进度: 902/2000 完成, 失败: 0
[2026-05-18 22:31:30] [Rewrite] 第922章直接复制到终稿（5652字）
进度: 903/2000 完成, 失败: 0
[2026-05-18 22:31:30] [Rewrite] 第923章直接复制到终稿（4780字）
进度: 904/2000 完成, 失败: 0
[2026-05-18 22:31:30] [Rewrite] 第924章直接复制到终稿（4230字）
进度: 905/2000 完成, 失败: 0
[2026-05-18 22:31:30] [Rewrite] 第925章直接复制到终稿（6593字）
进度: 906/2000 完成, 失败: 0
[2026-05-18 22:31:30] [Rewrite] 第926章直接复制到终稿（4186字）
进度: 907/2000 完成, 失败: 0
[2026-05-18 22:31:30] [Rewrite] 第927章直接复制到终稿（6400字）
进度: 908/2000 完成, 失败: 0
[2026-05-18 22:31:30] [Rewrite] 第928章直接复制到终稿（4669字）
进度: 909/2000 完成, 失败: 0
[2026-05-18 22:31:30] [Rewrite] 第929章直接复制到终稿（8494字）
进度: 910/2000 完成, 失败: 0
[2026-05-18 22:31:30] [Rewrite] 第930章直接复制到终稿（4203字）
进度: 911/2000 完成, 失败: 0
[2026-05-18 22:31:30] [Rewrite] 第931章直接复制到终稿（4904字）
进度: 912/2000 完成, 失败: 0
[2026-05-18 22:31:30] [Rewrite] 第932章直接复制到终稿（4633字）
进度: 913/2000 完成, 失败: 0
[2026-05-18 22:31:30] [Rewrite] 第933章直接复制到终稿（5749字）
进度: 914/2000 完成, 失败: 0
[2026-05-18 22:31:30] [Rewrite] 第934章直接复制到终稿（3951字）
进度: 915/2000 完成, 失败: 0
[2026-05-18 22:31:30] [Rewrite] 第935章直接复制到终稿（4334字）
进度: 916/2000 完成, 失败: 0
[2026-05-18 22:31:30] [Rewrite] 第936章直接复制到终稿（4065字）
进度: 917/2000 完成, 失败: 0
[2026-05-18 22:31:30] [Rewrite] 第937章直接复制到终稿（5825字）
进度: 918/2000 完成, 失败: 0
[2026-05-18 22:31:30] [Rewrite] 第938章直接复制到终稿（5302字）
进度: 919/2000 完成, 失败: 0
[2026-05-18 22:31:30] [Rewrite] 第939章直接复制到终稿（5228字）
进度: 920/2000 完成, 失败: 0
[2026-05-18 22:31:30] [Rewrite] 第940章直接复制到终稿（4421字）
进度: 921/2000 完成, 失败: 0
[2026-05-18 22:31:30] [Rewrite] 第941章直接复制到终稿（5132字）
进度: 922/2000 完成, 失败: 0
[2026-05-18 22:31:30] [Rewrite] 第942章直接复制到终稿（4101字）
进度: 923/2000 完成, 失败: 0
[2026-05-18 22:31:30] [Rewrite] 第943章直接复制到终稿（3536字）
进度: 924/2000 完成, 失败: 0
[2026-05-18 22:31:30] [Rewrite] 第944章直接复制到终稿（3565字）
进度: 925/2000 完成, 失败: 0
[2026-05-18 22:31:30] [Rewrite] 第945章直接复制到终稿（4293字）
进度: 926/2000 完成, 失败: 0
[2026-05-18 22:31:30] [Rewrite] 第946章直接复制到终稿（4934字）
进度: 927/2000 完成, 失败: 0
[2026-05-18 22:31:30] [Rewrite] 第947章直接复制到终稿（5945字）
进度: 928/2000 完成, 失败: 0
[2026-05-18 22:31:30] [Rewrite] 第948章直接复制到终稿（6284字）
进度: 929/2000 完成, 失败: 0
[2026-05-18 22:31:30] [Rewrite] 第949章直接复制到终稿（6995字）
进度: 930/2000 完成, 失败: 0
[2026-05-18 22:31:30] [Rewrite] 第950章直接复制到终稿（5558字）
进度: 931/2000 完成, 失败: 0
[2026-05-18 22:31:30] [Rewrite] 第951章直接复制到终稿（4485字）
进度: 932/2000 完成, 失败: 0
[2026-05-18 22:31:30] [Rewrite] 第952章直接复制到终稿（4503字）
进度: 933/2000 完成, 失败: 0
[2026-05-18 22:31:30] [Rewrite] 第953章直接复制到终稿（4667字）
进度: 934/2000 完成, 失败: 0
[2026-05-18 22:31:30] [Rewrite] 第954章直接复制到终稿（3820字）
进度: 935/2000 完成, 失败: 0
[2026-05-18 22:31:30] [Rewrite] 第955章直接复制到终稿（5357字）
进度: 936/2000 完成, 失败: 0
[2026-05-18 22:31:30] [Rewrite] 第956章直接复制到终稿（4907字）
进度: 937/2000 完成, 失败: 0
[2026-05-18 22:31:30] [Rewrite] 第957章直接复制到终稿（6798字）
进度: 938/2000 完成, 失败: 0
[2026-05-18 22:31:30] [Rewrite] 第958章直接复制到终稿（4025字）
进度: 939/2000 完成, 失败: 0
[2026-05-18 22:31:30] [Rewrite] 第959章直接复制到终稿（4601字）
进度: 940/2000 完成, 失败: 0
[2026-05-18 22:31:30] [Rewrite] 第960章直接复制到终稿（5767字）
进度: 941/2000 完成, 失败: 0
[2026-05-18 22:31:30] [Rewrite] 第961章直接复制到终稿（4522字）
[2026-05-18 22:31:30] [Rewrite] 第962章直接复制到终稿（4623字）
进度: 942/2000 完成, 失败: 0
进度: 943/2000 完成, 失败: 0
[2026-05-18 22:31:30] [Rewrite] 第963章直接复制到终稿（3906字）
进度: 944/2000 完成, 失败: 0
[2026-05-18 22:31:30] [Rewrite] 第964章直接复制到终稿（5536字）
进度: 945/2000 完成, 失败: 0
[2026-05-18 22:31:30] [Rewrite] 第965章直接复制到终稿（5752字）
进度: 946/2000 完成, 失败: 0
[2026-05-18 22:31:30] [Rewrite] 第966章直接复制到终稿（3694字）
进度: 947/2000 完成, 失败: 0
[2026-05-18 22:31:30] [Rewrite] 第967章直接复制到终稿（4526字）
进度: 948/2000 完成, 失败: 0
[2026-05-18 22:31:30] [Rewrite] 第968章直接复制到终稿（4119字）
进度: 949/2000 完成, 失败: 0
[2026-05-18 22:31:30] [Rewrite] 第969章直接复制到终稿（4439字）
进度: 950/2000 完成, 失败: 0
[2026-05-18 22:31:30] [Rewrite] 第970章直接复制到终稿（4069字）
进度: 951/2000 完成, 失败: 0
[2026-05-18 22:31:30] [Rewrite] 第971章直接复制到终稿（4464字）
进度: 952/2000 完成, 失败: 0
[2026-05-18 22:31:30] [Rewrite] 第972章直接复制到终稿（3250字）
进度: 953/2000 完成, 失败: 0
[2026-05-18 22:31:30] [Rewrite] 正在重写第973章（初稿5313字，评分6.3）...
[2026-05-18 22:31:33] [Rewrite] 第302章终稿已保存（5411字）
进度: 954/2000 完成, 失败: 0
[2026-05-18 22:31:33] [Rewrite] 第974章直接复制到终稿（4411字）
进度: 955/2000 完成, 失败: 0
[2026-05-18 22:31:33] [Rewrite] 第975章直接复制到终稿（4792字）
进度: 956/2000 完成, 失败: 0
[2026-05-18 22:31:33] [Rewrite] 正在重写第976章（初稿3857字，评分6.8）...
[2026-05-18 22:31:35] [Rewrite] 第552章终稿已保存（5511字）
进度: 957/2000 完成, 失败: 0
[2026-05-18 22:31:35] [Rewrite] 第977章直接复制到终稿（5803字）
进度: 958/2000 完成, 失败: 0
[2026-05-18 22:31:35] [Rewrite] 第978章直接复制到终稿（5013字）
进度: 959/2000 完成, 失败: 0
[2026-05-18 22:31:35] [Rewrite] 第979章直接复制到终稿（5394字）
进度: 960/2000 完成, 失败: 0
[2026-05-18 22:31:35] [Rewrite] 第980章直接复制到终稿（5643字）
进度: 961/2000 完成, 失败: 0
[2026-05-18 22:31:35] [Rewrite] 第981章直接复制到终稿（5875字）
进度: 962/2000 完成, 失败: 0
[2026-05-18 22:31:35] [Rewrite] 第982章直接复制到终稿（6113字）
进度: 963/2000 完成, 失败: 0
[2026-05-18 22:31:35] [Rewrite] 第983章直接复制到终稿（4675字）
进度: 964/2000 完成, 失败: 0
[2026-05-18 22:31:35] [Rewrite] 第984章直接复制到终稿（5708字）
进度: 965/2000 完成, 失败: 0
[2026-05-18 22:31:35] [Rewrite] 第985章直接复制到终稿（4988字）
进度: 966/2000 完成, 失败: 0
[2026-05-18 22:31:35] [Rewrite] 第986章直接复制到终稿（4851字）
进度: 967/2000 完成, 失败: 0
[2026-05-18 22:31:35] [Rewrite] 第987章直接复制到终稿（4095字）
进度: 968/2000 完成, 失败: 0
[2026-05-18 22:31:35] [Rewrite] 第988章直接复制到终稿（3861字）
进度: 969/2000 完成, 失败: 0
[2026-05-18 22:31:35] [Rewrite] 第989章直接复制到终稿（4434字）
进度: 970/2000 完成, 失败: 0
[2026-05-18 22:31:35] [Rewrite] 第990章直接复制到终稿（3661字）
进度: 971/2000 完成, 失败: 0
[2026-05-18 22:31:35] [Rewrite] 第991章直接复制到终稿（5063字）
进度: 972/2000 完成, 失败: 0
[2026-05-18 22:31:35] [Rewrite] 第992章直接复制到终稿（4688字）
进度: 973/2000 完成, 失败: 0
[2026-05-18 22:31:35] [Rewrite] 第993章直接复制到终稿（3864字）
进度: 974/2000 完成, 失败: 0
[2026-05-18 22:31:35] [Rewrite] 第994章直接复制到终稿（4636字）
进度: 975/2000 完成, 失败: 0
[2026-05-18 22:31:35] [Rewrite] 第995章直接复制到终稿（5759字）
进度: 976/2000 完成, 失败: 0
[2026-05-18 22:31:35] [Rewrite] 第996章直接复制到终稿（4408字）
进度: 977/2000 完成, 失败: 0
[2026-05-18 22:31:35] [Rewrite] 第997章直接复制到终稿（5055字）
进度: 978/2000 完成, 失败: 0
[2026-05-18 22:31:35] [Rewrite] 第998章直接复制到终稿（5374字）
进度: 979/2000 完成, 失败: 0
[2026-05-18 22:31:35] [Rewrite] 第999章直接复制到终稿（4474字）
进度: 980/2000 完成, 失败: 0
[2026-05-18 22:31:35] [Rewrite] 第1000章直接复制到终稿（5050字）
进度: 981/2000 完成, 失败: 0
[2026-05-18 22:31:35] [Rewrite] 第1001章直接复制到终稿（4233字）
进度: 982/2000 完成, 失败: 0
[2026-05-18 22:31:35] [Rewrite] 第1002章直接复制到终稿（4281字）
进度: 983/2000 完成, 失败: 0
[2026-05-18 22:31:35] [Rewrite] 第1003章直接复制到终稿（4403字）
进度: 984/2000 完成, 失败: 0
[2026-05-18 22:31:35] [Rewrite] 第1004章直接复制到终稿（4801字）
进度: 985/2000 完成, 失败: 0
[2026-05-18 22:31:35] [Rewrite] 第1005章直接复制到终稿（5350字）
进度: 986/2000 完成, 失败: 0
[2026-05-18 22:31:35] [Rewrite] 第1006章直接复制到终稿（5427字）
进度: 987/2000 完成, 失败: 0
[2026-05-18 22:31:35] [Rewrite] 第1007章直接复制到终稿（5825字）
进度: 988/2000 完成, 失败: 0
[2026-05-18 22:31:35] [Rewrite] 第1008章直接复制到终稿（6620字）
进度: 989/2000 完成, 失败: 0
[2026-05-18 22:31:35] [Rewrite] 第1009章直接复制到终稿（4135字）
进度: 990/2000 完成, 失败: 0
[2026-05-18 22:31:35] [Rewrite] 第1010章直接复制到终稿（5768字）
进度: 991/2000 完成, 失败: 0
[2026-05-18 22:31:35] [Rewrite] 第1011章直接复制到终稿（4712字）
进度: 992/2000 完成, 失败: 0
[2026-05-18 22:31:35] [Rewrite] 第1012章直接复制到终稿（3755字）
进度: 993/2000 完成, 失败: 0
[2026-05-18 22:31:35] [Rewrite] 第1013章直接复制到终稿（3358字）
进度: 994/2000 完成, 失败: 0
[2026-05-18 22:31:35] [Rewrite] 第1014章直接复制到终稿（5260字）
进度: 995/2000 完成, 失败: 0
[2026-05-18 22:31:35] [Rewrite] 第1015章直接复制到终稿（5571字）
进度: 996/2000 完成, 失败: 0
[2026-05-18 22:31:35] [Rewrite] 第1016章直接复制到终稿（5605字）
进度: 997/2000 完成, 失败: 0
[2026-05-18 22:31:35] [Rewrite] 第1017章直接复制到终稿（7596字）
进度: 998/2000 完成, 失败: 0
[2026-05-18 22:31:35] [Rewrite] 第1018章直接复制到终稿（6806字）
进度: 999/2000 完成, 失败: 0
[2026-05-18 22:31:35] [Rewrite] 第1019章直接复制到终稿（6026字）
进度: 1000/2000 完成, 失败: 0
[2026-05-18 22:31:35] [Rewrite] 第1020章直接复制到终稿（4825字）
进度: 1001/2000 完成, 失败: 0
[2026-05-18 22:31:35] [Rewrite] 第1021章直接复制到终稿（3892字）
进度: 1002/2000 完成, 失败: 0
[2026-05-18 22:31:35] [Rewrite] 第1022章直接复制到终稿（4583字）
进度: 1003/2000 完成, 失败: 0
[2026-05-18 22:31:35] [Rewrite] 第1023章直接复制到终稿（5700字）
进度: 1004/2000 完成, 失败: 0
[2026-05-18 22:31:35] [Rewrite] 第1024章直接复制到终稿（5714字）
进度: 1005/2000 完成, 失败: 0
[2026-05-18 22:31:35] [Rewrite] 第1025章直接复制到终稿（5063字）
进度: 1006/2000 完成, 失败: 0
[2026-05-18 22:31:35] [Rewrite] 第1026章直接复制到终稿（6834字）
进度: 1007/2000 完成, 失败: 0
[2026-05-18 22:31:35] [Rewrite] 第1027章直接复制到终稿（3896字）
进度: 1008/2000 完成, 失败: 0
[2026-05-18 22:31:35] [Rewrite] 第1028章直接复制到终稿（3659字）
进度: 1009/2000 完成, 失败: 0
[2026-05-18 22:31:35] [Rewrite] 第1029章直接复制到终稿（4071字）
进度: 1010/2000 完成, 失败: 0
[2026-05-18 22:31:35] [Rewrite] 第1030章直接复制到终稿（4916字）
进度: 1011/2000 完成, 失败: 0
[2026-05-18 22:31:35] [Rewrite] 第1031章直接复制到终稿（3960字）
进度: 1012/2000 完成, 失败: 0
[2026-05-18 22:31:35] [Rewrite] 第1032章直接复制到终稿（5196字）
进度: 1013/2000 完成, 失败: 0
[2026-05-18 22:31:35] [Rewrite] 第1033章直接复制到终稿（3698字）
进度: 1014/2000 完成, 失败: 0
[2026-05-18 22:31:35] [Rewrite] 第1034章直接复制到终稿（4758字）
进度: 1015/2000 完成, 失败: 0
[2026-05-18 22:31:35] [Rewrite] 第1035章直接复制到终稿（3812字）
进度: 1016/2000 完成, 失败: 0
[2026-05-18 22:31:35] [Rewrite] 第1036章直接复制到终稿（7348字）
进度: 1017/2000 完成, 失败: 0
[2026-05-18 22:31:35] [Rewrite] 第1037章直接复制到终稿（5811字）
进度: 1018/2000 完成, 失败: 0
[2026-05-18 22:31:35] [Rewrite] 第1038章直接复制到终稿（5542字）
进度: 1019/2000 完成, 失败: 0
[2026-05-18 22:31:35] [Rewrite] 第1039章直接复制到终稿（3587字）
进度: 1020/2000 完成, 失败: 0
[2026-05-18 22:31:35] [Rewrite] 第1040章直接复制到终稿（5316字）
进度: 1021/2000 完成, 失败: 0
[2026-05-18 22:31:35] [Rewrite] 第1041章直接复制到终稿（4717字）
进度: 1022/2000 完成, 失败: 0
[2026-05-18 22:31:35] [Rewrite] 第1042章直接复制到终稿（4291字）
进度: 1023/2000 完成, 失败: 0
[2026-05-18 22:31:35] [Rewrite] 第1043章直接复制到终稿（4773字）
进度: 1024/2000 完成, 失败: 0
[2026-05-18 22:31:35] [Rewrite] 第1044章直接复制到终稿（4737字）
进度: 1025/2000 完成, 失败: 0
[2026-05-18 22:31:35] [Rewrite] 第1045章直接复制到终稿（5071字）
进度: 1026/2000 完成, 失败: 0
[2026-05-18 22:31:35] [Rewrite] 第1046章直接复制到终稿（3168字）
进度: 1027/2000 完成, 失败: 0
[2026-05-18 22:31:35] [Rewrite] 第1047章直接复制到终稿（5713字）
进度: 1028/2000 完成, 失败: 0
[2026-05-18 22:31:35] [Rewrite] 第1048章直接复制到终稿（5829字）
进度: 1029/2000 完成, 失败: 0
[2026-05-18 22:31:35] [Rewrite] 第1049章直接复制到终稿（5444字）
进度: 1030/2000 完成, 失败: 0
[2026-05-18 22:31:35] [Rewrite] 第1050章直接复制到终稿（4915字）
进度: 1031/2000 完成, 失败: 0
[2026-05-18 22:31:35] [Rewrite] 第1051章直接复制到终稿（5904字）
进度: 1032/2000 完成, 失败: 0
[2026-05-18 22:31:35] [Rewrite] 第1052章直接复制到终稿（4108字）
进度: 1033/2000 完成, 失败: 0
[2026-05-18 22:31:35] [Rewrite] 第1053章直接复制到终稿（5351字）
进度: 1034/2000 完成, 失败: 0
[2026-05-18 22:31:35] [Rewrite] 第1054章直接复制到终稿（6656字）
进度: 1035/2000 完成, 失败: 0
[2026-05-18 22:31:35] [Rewrite] 第1055章直接复制到终稿（4290字）
进度: 1036/2000 完成, 失败: 0
[2026-05-18 22:31:35] [Rewrite] 第1056章直接复制到终稿（4729字）
进度: 1037/2000 完成, 失败: 0
[2026-05-18 22:31:35] [Rewrite] 第1057章直接复制到终稿（3247字）
进度: 1038/2000 完成, 失败: 0
[2026-05-18 22:31:35] [Rewrite] 第1058章直接复制到终稿（3529字）
进度: 1039/2000 完成, 失败: 0
[2026-05-18 22:31:35] [Rewrite] 第1059章直接复制到终稿（4026字）
进度: 1040/2000 完成, 失败: 0
[2026-05-18 22:31:35] [Rewrite] 第1060章直接复制到终稿（4248字）
进度: 1041/2000 完成, 失败: 0
[2026-05-18 22:31:35] [Rewrite] 第1061章直接复制到终稿（5232字）
进度: 1042/2000 完成, 失败: 0
[2026-05-18 22:31:35] [Rewrite] 第1062章直接复制到终稿（4991字）
进度: 1043/2000 完成, 失败: 0
[2026-05-18 22:31:35] [Rewrite] 第1063章直接复制到终稿（3616字）
进度: 1044/2000 完成, 失败: 0
[2026-05-18 22:31:35] [Rewrite] 第1064章直接复制到终稿（8848字）
进度: 1045/2000 完成, 失败: 0
[2026-05-18 22:31:35] [Rewrite] 第1065章直接复制到终稿（6989字）
进度: 1046/2000 完成, 失败: 0
[2026-05-18 22:31:35] [Rewrite] 第1066章直接复制到终稿（6204字）
进度: 1047/2000 完成, 失败: 0
[2026-05-18 22:31:35] [Rewrite] 第1067章直接复制到终稿（5129字）
进度: 1048/2000 完成, 失败: 0
[2026-05-18 22:31:35] [Rewrite] 第1068章直接复制到终稿（4830字）
进度: 1049/2000 完成, 失败: 0
[2026-05-18 22:31:35] [Rewrite] 第1069章直接复制到终稿（5668字）
进度: 1050/2000 完成, 失败: 0
[2026-05-18 22:31:35] [Rewrite] 第1070章直接复制到终稿（5840字）
进度: 1051/2000 完成, 失败: 0
[2026-05-18 22:31:35] [Rewrite] 第1071章直接复制到终稿（3830字）
进度: 1052/2000 完成, 失败: 0
[2026-05-18 22:31:35] [Rewrite] 第1072章直接复制到终稿（4752字）
进度: 1053/2000 完成, 失败: 0
[2026-05-18 22:31:35] [Rewrite] 第1073章直接复制到终稿（5022字）
进度: 1054/2000 完成, 失败: 0
[2026-05-18 22:31:35] [Rewrite] 第1074章直接复制到终稿（6306字）
进度: 1055/2000 完成, 失败: 0
[2026-05-18 22:31:35] [Rewrite] 第1075章直接复制到终稿（5099字）
进度: 1056/2000 完成, 失败: 0
[2026-05-18 22:31:35] [Rewrite] 第1076章直接复制到终稿（4468字）
进度: 1057/2000 完成, 失败: 0
[2026-05-18 22:31:35] [Rewrite] 第1077章直接复制到终稿（3331字）
进度: 1058/2000 完成, 失败: 0
[2026-05-18 22:31:35] [Rewrite] 第1078章直接复制到终稿（3694字）
进度: 1059/2000 完成, 失败: 0
[2026-05-18 22:31:35] [Rewrite] 第1079章直接复制到终稿（5074字）
进度: 1060/2000 完成, 失败: 0
[2026-05-18 22:31:35] [Rewrite] 第1080章直接复制到终稿（3766字）
进度: 1061/2000 完成, 失败: 0
[2026-05-18 22:31:35] [Rewrite] 第1081章直接复制到终稿（3564字）
进度: 1062/2000 完成, 失败: 0
[2026-05-18 22:31:35] [Rewrite] 第1082章直接复制到终稿（4826字）
进度: 1063/2000 完成, 失败: 0
[2026-05-18 22:31:35] [Rewrite] 第1083章直接复制到终稿（6137字）
进度: 1064/2000 完成, 失败: 0
[2026-05-18 22:31:35] [Rewrite] 第1084章直接复制到终稿（4719字）
进度: 1065/2000 完成, 失败: 0
[2026-05-18 22:31:35] [Rewrite] 第1085章直接复制到终稿（5119字）
进度: 1066/2000 完成, 失败: 0
[2026-05-18 22:31:35] [Rewrite] 第1086章直接复制到终稿（4304字）
进度: 1067/2000 完成, 失败: 0
[2026-05-18 22:31:35] [Rewrite] 第1087章直接复制到终稿（4131字）
进度: 1068/2000 完成, 失败: 0
[2026-05-18 22:31:35] [Rewrite] 第1088章直接复制到终稿（5645字）
进度: 1069/2000 完成, 失败: 0
[2026-05-18 22:31:35] [Rewrite] 第1089章直接复制到终稿（3993字）
进度: 1070/2000 完成, 失败: 0
[2026-05-18 22:31:35] [Rewrite] 第1090章直接复制到终稿（4369字）
进度: 1071/2000 完成, 失败: 0
[2026-05-18 22:31:35] [Rewrite] 第1091章直接复制到终稿（5121字）
进度: 1072/2000 完成, 失败: 0
[2026-05-18 22:31:35] [Rewrite] 第1092章直接复制到终稿（5629字）
进度: 1073/2000 完成, 失败: 0
[2026-05-18 22:31:35] [Rewrite] 第1093章直接复制到终稿（4391字）
进度: 1074/2000 完成, 失败: 0
[2026-05-18 22:31:35] [Rewrite] 第1094章直接复制到终稿（5084字）
进度: 1075/2000 完成, 失败: 0
[2026-05-18 22:31:35] [Rewrite] 第1095章直接复制到终稿（4771字）
进度: 1076/2000 完成, 失败: 0
[2026-05-18 22:31:35] [Rewrite] 第1096章直接复制到终稿（5619字）
进度: 1077/2000 完成, 失败: 0
[2026-05-18 22:31:35] [Rewrite] 第1097章直接复制到终稿（4896字）
进度: 1078/2000 完成, 失败: 0
[2026-05-18 22:31:35] [Rewrite] 第1098章直接复制到终稿（7588字）
进度: 1079/2000 完成, 失败: 0
[2026-05-18 22:31:35] [Rewrite] 第1099章直接复制到终稿（4405字）
进度: 1080/2000 完成, 失败: 0
[2026-05-18 22:31:35] [Rewrite] 第1100章直接复制到终稿（4485字）
进度: 1081/2000 完成, 失败: 0
[2026-05-18 22:31:35] [Rewrite] 第1101章直接复制到终稿（4324字）
进度: 1082/2000 完成, 失败: 0
[2026-05-18 22:31:35] [Rewrite] 第1102章直接复制到终稿（5106字）
进度: 1083/2000 完成, 失败: 0
[2026-05-18 22:31:35] [Rewrite] 第1103章直接复制到终稿（5895字）
进度: 1084/2000 完成, 失败: 0
[2026-05-18 22:31:35] [Rewrite] 第1104章直接复制到终稿（4295字）
进度: 1085/2000 完成, 失败: 0
[2026-05-18 22:31:35] [Rewrite] 第1105章直接复制到终稿（5811字）
进度: 1086/2000 完成, 失败: 0
[2026-05-18 22:31:35] [Rewrite] 第1106章直接复制到终稿（2047字）
进度: 1087/2000 完成, 失败: 0
[2026-05-18 22:31:35] [Rewrite] 第1107章直接复制到终稿（3696字）
进度: 1088/2000 完成, 失败: 0
[2026-05-18 22:31:35] [Rewrite] 第1108章直接复制到终稿（4809字）
进度: 1089/2000 完成, 失败: 0
[2026-05-18 22:31:35] [Rewrite] 第1109章直接复制到终稿（3408字）
进度: 1090/2000 完成, 失败: 0
[2026-05-18 22:31:35] [Rewrite] 第1110章直接复制到终稿（5232字）
进度: 1091/2000 完成, 失败: 0
[2026-05-18 22:31:35] [Rewrite] 第1111章直接复制到终稿（4198字）
进度: 1092/2000 完成, 失败: 0
[2026-05-18 22:31:35] [Rewrite] 第1112章直接复制到终稿（7511字）
进度: 1093/2000 完成, 失败: 0
[2026-05-18 22:31:35] [Rewrite] 第1113章直接复制到终稿（4954字）
进度: 1094/2000 完成, 失败: 0
[2026-05-18 22:31:35] [Rewrite] 第1114章直接复制到终稿（3828字）
进度: 1095/2000 完成, 失败: 0
[2026-05-18 22:31:35] [Rewrite] 第1115章直接复制到终稿（4985字）
进度: 1096/2000 完成, 失败: 0
[2026-05-18 22:31:35] [Rewrite] 第1116章直接复制到终稿（3449字）
进度: 1097/2000 完成, 失败: 0
[2026-05-18 22:31:35] [Rewrite] 第1117章直接复制到终稿（3889字）
进度: 1098/2000 完成, 失败: 0
[2026-05-18 22:31:35] [Rewrite] 第1118章直接复制到终稿（4805字）
[2026-05-18 22:31:35] [Rewrite] 第1119章直接复制到终稿（5702字）
进度: 1099/2000 完成, 失败: 0
进度: 1100/2000 完成, 失败: 0
[2026-05-18 22:31:35] [Rewrite] 第1120章直接复制到终稿（3975字）
进度: 1101/2000 完成, 失败: 0
[2026-05-18 22:31:35] [Rewrite] 第1121章直接复制到终稿（5137字）
进度: 1102/2000 完成, 失败: 0
[2026-05-18 22:31:35] [Rewrite] 第1122章直接复制到终稿（5621字）
进度: 1103/2000 完成, 失败: 0
[2026-05-18 22:31:35] [Rewrite] 第1123章直接复制到终稿（6696字）
进度: 1104/2000 完成, 失败: 0
[2026-05-18 22:31:35] [Rewrite] 第1124章直接复制到终稿（5602字）
进度: 1105/2000 完成, 失败: 0
[2026-05-18 22:31:35] [Rewrite] 第1125章直接复制到终稿（5736字）
进度: 1106/2000 完成, 失败: 0
[2026-05-18 22:31:35] [Rewrite] 第1126章直接复制到终稿（4876字）
进度: 1107/2000 完成, 失败: 0
[2026-05-18 22:31:35] [Rewrite] 第1127章直接复制到终稿（3190字）
进度: 1108/2000 完成, 失败: 0
[2026-05-18 22:31:35] [Rewrite] 第1128章直接复制到终稿（4487字）
进度: 1109/2000 完成, 失败: 0
[2026-05-18 22:31:35] [Rewrite] 第1129章直接复制到终稿（5518字）
进度: 1110/2000 完成, 失败: 0
[2026-05-18 22:31:35] [Rewrite] 第1130章直接复制到终稿（6405字）
进度: 1111/2000 完成, 失败: 0
[2026-05-18 22:31:35] [Rewrite] 第1131章直接复制到终稿（3715字）
进度: 1112/2000 完成, 失败: 0
[2026-05-18 22:31:35] [Rewrite] 第1132章直接复制到终稿（4400字）
进度: 1113/2000 完成, 失败: 0
[2026-05-18 22:31:35] [Rewrite] 第1133章直接复制到终稿（3622字）
进度: 1114/2000 完成, 失败: 0
[2026-05-18 22:31:35] [Rewrite] 第1134章直接复制到终稿（4570字）
进度: 1115/2000 完成, 失败: 0
[2026-05-18 22:31:35] [Rewrite] 第1135章直接复制到终稿（6398字）
进度: 1116/2000 完成, 失败: 0
[2026-05-18 22:31:35] [Rewrite] 第1136章直接复制到终稿（4798字）
进度: 1117/2000 完成, 失败: 0
[2026-05-18 22:31:35] [Rewrite] 第1137章直接复制到终稿（5535字）
进度: 1118/2000 完成, 失败: 0
[2026-05-18 22:31:35] [Rewrite] 第1138章直接复制到终稿（5765字）
进度: 1119/2000 完成, 失败: 0
[2026-05-18 22:31:35] [Rewrite] 第1139章直接复制到终稿（4467字）
进度: 1120/2000 完成, 失败: 0
[2026-05-18 22:31:35] [Rewrite] 第1140章直接复制到终稿（5273字）
进度: 1121/2000 完成, 失败: 0
[2026-05-18 22:31:35] [Rewrite] 第1141章直接复制到终稿（5676字）
进度: 1122/2000 完成, 失败: 0
[2026-05-18 22:31:35] [Rewrite] 第1142章直接复制到终稿（5234字）
进度: 1123/2000 完成, 失败: 0
[2026-05-18 22:31:35] [Rewrite] 第1143章直接复制到终稿（5074字）
进度: 1124/2000 完成, 失败: 0
[2026-05-18 22:31:35] [Rewrite] 第1144章直接复制到终稿（5183字）
进度: 1125/2000 完成, 失败: 0
[2026-05-18 22:31:35] [Rewrite] 第1145章直接复制到终稿（5478字）
进度: 1126/2000 完成, 失败: 0
[2026-05-18 22:31:35] [Rewrite] 第1146章直接复制到终稿（4112字）
进度: 1127/2000 完成, 失败: 0
[2026-05-18 22:31:35] [Rewrite] 第1147章直接复制到终稿（5083字）
进度: 1128/2000 完成, 失败: 0
[2026-05-18 22:31:35] [Rewrite] 第1148章直接复制到终稿（4396字）
进度: 1129/2000 完成, 失败: 0
[2026-05-18 22:31:35] [Rewrite] 第1149章直接复制到终稿（4170字）
进度: 1130/2000 完成, 失败: 0
[2026-05-18 22:31:35] [Rewrite] 第1150章直接复制到终稿（3683字）
进度: 1131/2000 完成, 失败: 0
[2026-05-18 22:31:35] [Rewrite] 第1151章直接复制到终稿（5730字）
进度: 1132/2000 完成, 失败: 0
[2026-05-18 22:31:35] [Rewrite] 第1152章直接复制到终稿（3389字）
进度: 1133/2000 完成, 失败: 0
[2026-05-18 22:31:35] [Rewrite] 第1153章直接复制到终稿（6727字）
进度: 1134/2000 完成, 失败: 0
[2026-05-18 22:31:35] [Rewrite] 正在重写第1154章（初稿3780字，评分6.8）...
[2026-05-18 22:31:36] [Rewrite] 第789章终稿已保存（4835字）
进度: 1135/2000 完成, 失败: 0
[2026-05-18 22:31:36] [Rewrite] 第1155章直接复制到终稿（4197字）
进度: 1136/2000 完成, 失败: 0
[2026-05-18 22:31:36] [Rewrite] 第1156章直接复制到终稿（5616字）
进度: 1137/2000 完成, 失败: 0
[2026-05-18 22:31:36] [Rewrite] 第1157章直接复制到终稿（5323字）
进度: 1138/2000 完成, 失败: 0
[2026-05-18 22:31:36] [Rewrite] 第1158章直接复制到终稿（4210字）
进度: 1139/2000 完成, 失败: 0
[2026-05-18 22:31:36] [Rewrite] 第1159章直接复制到终稿（4071字）
进度: 1140/2000 完成, 失败: 0
[2026-05-18 22:31:36] [Rewrite] 第1160章直接复制到终稿（3683字）
进度: 1141/2000 完成, 失败: 0
[2026-05-18 22:31:36] [Rewrite] 第1161章直接复制到终稿（4187字）
进度: 1142/2000 完成, 失败: 0
[2026-05-18 22:31:36] [Rewrite] 第1162章直接复制到终稿（7188字）
进度: 1143/2000 完成, 失败: 0
[2026-05-18 22:31:36] [Rewrite] 第1163章直接复制到终稿（4776字）
进度: 1144/2000 完成, 失败: 0
[2026-05-18 22:31:36] [Rewrite] 第1164章直接复制到终稿（5170字）
进度: 1145/2000 完成, 失败: 0
[2026-05-18 22:31:36] [Rewrite] 第1165章直接复制到终稿（5504字）
进度: 1146/2000 完成, 失败: 0
[2026-05-18 22:31:36] [Rewrite] 第1166章直接复制到终稿（5464字）
进度: 1147/2000 完成, 失败: 0
[2026-05-18 22:31:36] [Rewrite] 第1167章直接复制到终稿（5035字）
进度: 1148/2000 完成, 失败: 0
[2026-05-18 22:31:36] [Rewrite] 第1168章直接复制到终稿（4177字）
进度: 1149/2000 完成, 失败: 0
[2026-05-18 22:31:36] [Rewrite] 第1169章直接复制到终稿（4316字）
进度: 1150/2000 完成, 失败: 0
[2026-05-18 22:31:36] [Rewrite] 第1170章直接复制到终稿（5667字）
进度: 1151/2000 完成, 失败: 0
[2026-05-18 22:31:36] [Rewrite] 第1171章直接复制到终稿（6354字）
进度: 1152/2000 完成, 失败: 0
[2026-05-18 22:31:36] [Rewrite] 第1172章直接复制到终稿（3304字）
进度: 1153/2000 完成, 失败: 0
[2026-05-18 22:31:36] [Rewrite] 第1173章直接复制到终稿（5070字）
进度: 1154/2000 完成, 失败: 0
[2026-05-18 22:31:36] [Rewrite] 第1174章直接复制到终稿（5764字）
进度: 1155/2000 完成, 失败: 0
[2026-05-18 22:31:36] [Rewrite] 第1175章直接复制到终稿（4355字）
进度: 1156/2000 完成, 失败: 0
[2026-05-18 22:31:36] [Rewrite] 第1176章直接复制到终稿（3645字）
进度: 1157/2000 完成, 失败: 0
[2026-05-18 22:31:36] [Rewrite] 第1177章直接复制到终稿（5330字）
进度: 1158/2000 完成, 失败: 0
[2026-05-18 22:31:36] [Rewrite] 正在重写第1178章（初稿4749字，评分6.2）...
[2026-05-18 22:31:37] [Rewrite] 第331章终稿已保存（5282字）
进度: 1159/2000 完成, 失败: 0
[2026-05-18 22:31:37] [Rewrite] 第1179章直接复制到终稿（4294字）
进度: 1160/2000 完成, 失败: 0
[2026-05-18 22:31:37] [Rewrite] 第1180章直接复制到终稿（5619字）
进度: 1161/2000 完成, 失败: 0
[2026-05-18 22:31:37] [Rewrite] 第1181章直接复制到终稿（6486字）
进度: 1162/2000 完成, 失败: 0
[2026-05-18 22:31:37] [Rewrite] 第1182章直接复制到终稿（5237字）
进度: 1163/2000 完成, 失败: 0
[2026-05-18 22:31:37] [Rewrite] 第1183章直接复制到终稿（8524字）
进度: 1164/2000 完成, 失败: 0
[2026-05-18 22:31:37] [Rewrite] 第1184章直接复制到终稿（4771字）
进度: 1165/2000 完成, 失败: 0
[2026-05-18 22:31:37] [Rewrite] 第1185章直接复制到终稿（5237字）
进度: 1166/2000 完成, 失败: 0
[2026-05-18 22:31:37] [Rewrite] 第1186章直接复制到终稿（4277字）
进度: 1167/2000 完成, 失败: 0
[2026-05-18 22:31:37] [Rewrite] 第1187章直接复制到终稿（5704字）
进度: 1168/2000 完成, 失败: 0
[2026-05-18 22:31:37] [Rewrite] 第1188章直接复制到终稿（5755字）
进度: 1169/2000 完成, 失败: 0
[2026-05-18 22:31:37] [Rewrite] 第1189章直接复制到终稿（6719字）
进度: 1170/2000 完成, 失败: 0
[2026-05-18 22:31:37] [Rewrite] 第1190章直接复制到终稿（4473字）
进度: 1171/2000 完成, 失败: 0
[2026-05-18 22:31:37] [Rewrite] 第1191章直接复制到终稿（5012字）
进度: 1172/2000 完成, 失败: 0
[2026-05-18 22:31:37] [Rewrite] 第1192章直接复制到终稿（3501字）
进度: 1173/2000 完成, 失败: 0
[2026-05-18 22:31:37] [Rewrite] 第1193章直接复制到终稿（5181字）
进度: 1174/2000 完成, 失败: 0
[2026-05-18 22:31:37] [Rewrite] 第1194章直接复制到终稿（5628字）
进度: 1175/2000 完成, 失败: 0
[2026-05-18 22:31:37] [Rewrite] 第1195章直接复制到终稿（3655字）
进度: 1176/2000 完成, 失败: 0
[2026-05-18 22:31:37] [Rewrite] 第1196章直接复制到终稿（5349字）
进度: 1177/2000 完成, 失败: 0
[2026-05-18 22:31:37] [Rewrite] 第1197章直接复制到终稿（3471字）
进度: 1178/2000 完成, 失败: 0
[2026-05-18 22:31:37] [Rewrite] 第1198章直接复制到终稿（4386字）
进度: 1179/2000 完成, 失败: 0
[2026-05-18 22:31:37] [Rewrite] 第1199章直接复制到终稿（5604字）
进度: 1180/2000 完成, 失败: 0
[2026-05-18 22:31:37] [Rewrite] 第1200章直接复制到终稿（3830字）
进度: 1181/2000 完成, 失败: 0
[2026-05-18 22:31:37] [Rewrite] 第1201章直接复制到终稿（6571字）
进度: 1182/2000 完成, 失败: 0
[2026-05-18 22:31:37] [Rewrite] 第1202章直接复制到终稿（6550字）
进度: 1183/2000 完成, 失败: 0
[2026-05-18 22:31:37] [Rewrite] 第1203章直接复制到终稿（7048字）
进度: 1184/2000 完成, 失败: 0
[2026-05-18 22:31:37] [Rewrite] 第1204章直接复制到终稿（6019字）
进度: 1185/2000 完成, 失败: 0
[2026-05-18 22:31:37] [Rewrite] 第1205章直接复制到终稿（4448字）
进度: 1186/2000 完成, 失败: 0
[2026-05-18 22:31:37] [Rewrite] 第1206章直接复制到终稿（5347字）
进度: 1187/2000 完成, 失败: 0
[2026-05-18 22:31:37] [Rewrite] 第1207章直接复制到终稿（6897字）
进度: 1188/2000 完成, 失败: 0
[2026-05-18 22:31:37] [Rewrite] 第1208章直接复制到终稿（5507字）
进度: 1189/2000 完成, 失败: 0
[2026-05-18 22:31:37] [Rewrite] 第1209章直接复制到终稿（5879字）
进度: 1190/2000 完成, 失败: 0
[2026-05-18 22:31:37] [Rewrite] 第1210章直接复制到终稿（4567字）
进度: 1191/2000 完成, 失败: 0
[2026-05-18 22:31:37] [Rewrite] 第1211章直接复制到终稿（5359字）
进度: 1192/2000 完成, 失败: 0
[2026-05-18 22:31:37] [Rewrite] 第1212章直接复制到终稿（4661字）
进度: 1193/2000 完成, 失败: 0
[2026-05-18 22:31:37] [Rewrite] 第1213章直接复制到终稿（6071字）
进度: 1194/2000 完成, 失败: 0
[2026-05-18 22:31:37] [Rewrite] 第1214章直接复制到终稿（4855字）
进度: 1195/2000 完成, 失败: 0
[2026-05-18 22:31:37] [Rewrite] 第1215章直接复制到终稿（3873字）
进度: 1196/2000 完成, 失败: 0
[2026-05-18 22:31:37] [Rewrite] 第1216章直接复制到终稿（5647字）
进度: 1197/2000 完成, 失败: 0
[2026-05-18 22:31:37] [Rewrite] 第1217章直接复制到终稿（6108字）
进度: 1198/2000 完成, 失败: 0
[2026-05-18 22:31:37] [Rewrite] 第1218章直接复制到终稿（3868字）
进度: 1199/2000 完成, 失败: 0
[2026-05-18 22:31:37] [Rewrite] 第1219章直接复制到终稿（5285字）
进度: 1200/2000 完成, 失败: 0
[2026-05-18 22:31:37] [Rewrite] 第1220章直接复制到终稿（3905字）
进度: 1201/2000 完成, 失败: 0
[2026-05-18 22:31:37] [Rewrite] 第1221章直接复制到终稿（4146字）
进度: 1202/2000 完成, 失败: 0
[2026-05-18 22:31:37] [Rewrite] 第1222章直接复制到终稿（5119字）
进度: 1203/2000 完成, 失败: 0
[2026-05-18 22:31:37] [Rewrite] 第1223章直接复制到终稿（6922字）
进度: 1204/2000 完成, 失败: 0
[2026-05-18 22:31:37] [Rewrite] 第1224章直接复制到终稿（7126字）
进度: 1205/2000 完成, 失败: 0
[2026-05-18 22:31:37] [Rewrite] 第1225章直接复制到终稿（4245字）
进度: 1206/2000 完成, 失败: 0
[2026-05-18 22:31:37] [Rewrite] 第1226章直接复制到终稿（4485字）
进度: 1207/2000 完成, 失败: 0
[2026-05-18 22:31:37] [Rewrite] 第1227章直接复制到终稿（7052字）
进度: 1208/2000 完成, 失败: 0
[2026-05-18 22:31:37] [Rewrite] 第1228章直接复制到终稿（7359字）
进度: 1209/2000 完成, 失败: 0
[2026-05-18 22:31:37] [Rewrite] 第1229章直接复制到终稿（6227字）
进度: 1210/2000 完成, 失败: 0
[2026-05-18 22:31:37] [Rewrite] 第1230章直接复制到终稿（4648字）
进度: 1211/2000 完成, 失败: 0
[2026-05-18 22:31:37] [Rewrite] 第1231章直接复制到终稿（4914字）
进度: 1212/2000 完成, 失败: 0
[2026-05-18 22:31:37] [Rewrite] 第1232章直接复制到终稿（5260字）
进度: 1213/2000 完成, 失败: 0
[2026-05-18 22:31:37] [Rewrite] 第1233章直接复制到终稿（4263字）
进度: 1214/2000 完成, 失败: 0
[2026-05-18 22:31:37] [Rewrite] 第1234章直接复制到终稿（3936字）
进度: 1215/2000 完成, 失败: 0
[2026-05-18 22:31:37] [Rewrite] 第1235章直接复制到终稿（4577字）
进度: 1216/2000 完成, 失败: 0
[2026-05-18 22:31:37] [Rewrite] 第1236章直接复制到终稿（4327字）
进度: 1217/2000 完成, 失败: 0
[2026-05-18 22:31:37] [Rewrite] 第1237章直接复制到终稿（4160字）
进度: 1218/2000 完成, 失败: 0
[2026-05-18 22:31:37] [Rewrite] 第1238章直接复制到终稿（6193字）
进度: 1219/2000 完成, 失败: 0
[2026-05-18 22:31:37] [Rewrite] 第1239章直接复制到终稿（5326字）
进度: 1220/2000 完成, 失败: 0
[2026-05-18 22:31:37] [Rewrite] 第1240章直接复制到终稿（4898字）
进度: 1221/2000 完成, 失败: 0
[2026-05-18 22:31:37] [Rewrite] 第1241章直接复制到终稿（5101字）
进度: 1222/2000 完成, 失败: 0
[2026-05-18 22:31:37] [Rewrite] 第1242章直接复制到终稿（3745字）
进度: 1223/2000 完成, 失败: 0
[2026-05-18 22:31:37] [Rewrite] 第1243章直接复制到终稿（5674字）
进度: 1224/2000 完成, 失败: 0
[2026-05-18 22:31:37] [Rewrite] 第1244章直接复制到终稿（5338字）
进度: 1225/2000 完成, 失败: 0
[2026-05-18 22:31:37] [Rewrite] 第1245章直接复制到终稿（3488字）
进度: 1226/2000 完成, 失败: 0
[2026-05-18 22:31:37] [Rewrite] 第1246章直接复制到终稿（4332字）
进度: 1227/2000 完成, 失败: 0
[2026-05-18 22:31:37] [Rewrite] 第1247章直接复制到终稿（5880字）
进度: 1228/2000 完成, 失败: 0
[2026-05-18 22:31:37] [Rewrite] 第1248章直接复制到终稿（6128字）
进度: 1229/2000 完成, 失败: 0
[2026-05-18 22:31:37] [Rewrite] 第1249章直接复制到终稿（3689字）
进度: 1230/2000 完成, 失败: 0
[2026-05-18 22:31:37] [Rewrite] 第1250章直接复制到终稿（4902字）
进度: 1231/2000 完成, 失败: 0
[2026-05-18 22:31:37] [Rewrite] 第1251章直接复制到终稿（4244字）
进度: 1232/2000 完成, 失败: 0
[2026-05-18 22:31:37] [Rewrite] 第1252章直接复制到终稿（3925字）
进度: 1233/2000 完成, 失败: 0
[2026-05-18 22:31:37] [Rewrite] 第1253章直接复制到终稿（3653字）
进度: 1234/2000 完成, 失败: 0
[2026-05-18 22:31:37] [Rewrite] 第1254章直接复制到终稿（5623字）
进度: 1235/2000 完成, 失败: 0
[2026-05-18 22:31:37] [Rewrite] 第1255章直接复制到终稿（4690字）
进度: 1236/2000 完成, 失败: 0
[2026-05-18 22:31:37] [Rewrite] 第1256章直接复制到终稿（4490字）
进度: 1237/2000 完成, 失败: 0
[2026-05-18 22:31:37] [Rewrite] 第1257章直接复制到终稿（5018字）
进度: 1238/2000 完成, 失败: 0
[2026-05-18 22:31:37] [Rewrite] 第1258章直接复制到终稿（5233字）
进度: 1239/2000 完成, 失败: 0
[2026-05-18 22:31:37] [Rewrite] 第1259章直接复制到终稿（6274字）
进度: 1240/2000 完成, 失败: 0
[2026-05-18 22:31:37] [Rewrite] 第1260章直接复制到终稿（5420字）
进度: 1241/2000 完成, 失败: 0
[2026-05-18 22:31:37] [Rewrite] 第1261章直接复制到终稿（4701字）
进度: 1242/2000 完成, 失败: 0
[2026-05-18 22:31:37] [Rewrite] 第1262章直接复制到终稿（4691字）
进度: 1243/2000 完成, 失败: 0
[2026-05-18 22:31:37] [Rewrite] 第1263章直接复制到终稿（5134字）
进度: 1244/2000 完成, 失败: 0
[2026-05-18 22:31:37] [Rewrite] 第1264章直接复制到终稿（5671字）
进度: 1245/2000 完成, 失败: 0
[2026-05-18 22:31:37] [Rewrite] 第1265章直接复制到终稿（5254字）
进度: 1246/2000 完成, 失败: 0
[2026-05-18 22:31:37] [Rewrite] 第1266章直接复制到终稿（7223字）
进度: 1247/2000 完成, 失败: 0
[2026-05-18 22:31:37] [Rewrite] 第1267章直接复制到终稿（4604字）
进度: 1248/2000 完成, 失败: 0
[2026-05-18 22:31:37] [Rewrite] 第1268章直接复制到终稿（6048字）
进度: 1249/2000 完成, 失败: 0
[2026-05-18 22:31:37] [Rewrite] 第1269章直接复制到终稿（6356字）
进度: 1250/2000 完成, 失败: 0
[2026-05-18 22:31:37] [Rewrite] 第1270章直接复制到终稿（5615字）
进度: 1251/2000 完成, 失败: 0
[2026-05-18 22:31:37] [Rewrite] 第1271章直接复制到终稿（5229字）
进度: 1252/2000 完成, 失败: 0
[2026-05-18 22:31:37] [Rewrite] 第1272章直接复制到终稿（6312字）
进度: 1253/2000 完成, 失败: 0
[2026-05-18 22:31:37] [Rewrite] 第1273章直接复制到终稿（7126字）
进度: 1254/2000 完成, 失败: 0
[2026-05-18 22:31:37] [Rewrite] 第1274章直接复制到终稿（5779字）
进度: 1255/2000 完成, 失败: 0
[2026-05-18 22:31:37] [Rewrite] 第1275章直接复制到终稿（6071字）
进度: 1256/2000 完成, 失败: 0
[2026-05-18 22:31:37] [Rewrite] 第1276章直接复制到终稿（5755字）
进度: 1257/2000 完成, 失败: 0
[2026-05-18 22:31:37] [Rewrite] 第1277章直接复制到终稿（3084字）
进度: 1258/2000 完成, 失败: 0
[2026-05-18 22:31:37] [Rewrite] 第1278章直接复制到终稿（4647字）
进度: 1259/2000 完成, 失败: 0
[2026-05-18 22:31:37] [Rewrite] 第1279章直接复制到终稿（3895字）
进度: 1260/2000 完成, 失败: 0
[2026-05-18 22:31:37] [Rewrite] 第1280章直接复制到终稿（3640字）
进度: 1261/2000 完成, 失败: 0
[2026-05-18 22:31:37] [Rewrite] 第1281章直接复制到终稿（6281字）
进度: 1262/2000 完成, 失败: 0
[2026-05-18 22:31:37] [Rewrite] 第1282章直接复制到终稿（3471字）
进度: 1263/2000 完成, 失败: 0
[2026-05-18 22:31:37] [Rewrite] 第1283章直接复制到终稿（5717字）
进度: 1264/2000 完成, 失败: 0
[2026-05-18 22:31:37] [Rewrite] 第1284章直接复制到终稿（2890字）
进度: 1265/2000 完成, 失败: 0
[2026-05-18 22:31:37] [Rewrite] 第1285章直接复制到终稿（3764字）
进度: 1266/2000 完成, 失败: 0
[2026-05-18 22:31:37] [Rewrite] 第1286章直接复制到终稿（4897字）
进度: 1267/2000 完成, 失败: 0
[2026-05-18 22:31:37] [Rewrite] 第1287章直接复制到终稿（4800字）
进度: 1268/2000 完成, 失败: 0
[2026-05-18 22:31:37] [Rewrite] 第1288章直接复制到终稿（5592字）
进度: 1269/2000 完成, 失败: 0
[2026-05-18 22:31:37] [Rewrite] 第1289章直接复制到终稿（5977字）
进度: 1270/2000 完成, 失败: 0
[2026-05-18 22:31:37] [Rewrite] 第1290章直接复制到终稿（4859字）
进度: 1271/2000 完成, 失败: 0
[2026-05-18 22:31:37] [Rewrite] 第1291章直接复制到终稿（4504字）
进度: 1272/2000 完成, 失败: 0
[2026-05-18 22:31:37] [Rewrite] 第1292章直接复制到终稿（5785字）
进度: 1273/2000 完成, 失败: 0
[2026-05-18 22:31:37] [Rewrite] 第1293章直接复制到终稿（4374字）
进度: 1274/2000 完成, 失败: 0
[2026-05-18 22:31:37] [Rewrite] 第1294章直接复制到终稿（5257字）
进度: 1275/2000 完成, 失败: 0
[2026-05-18 22:31:37] [Rewrite] 第1295章直接复制到终稿（5092字）
进度: 1276/2000 完成, 失败: 0
[2026-05-18 22:31:37] [Rewrite] 第1296章直接复制到终稿（4049字）
进度: 1277/2000 完成, 失败: 0
[2026-05-18 22:31:37] [Rewrite] 第1297章直接复制到终稿（5131字）
进度: 1278/2000 完成, 失败: 0
[2026-05-18 22:31:37] [Rewrite] 第1298章直接复制到终稿（7324字）
进度: 1279/2000 完成, 失败: 0
[2026-05-18 22:31:37] [Rewrite] 第1299章直接复制到终稿（5196字）
进度: 1280/2000 完成, 失败: 0
[2026-05-18 22:31:37] [Rewrite] 第1300章直接复制到终稿（4927字）
进度: 1281/2000 完成, 失败: 0
[2026-05-18 22:31:37] [Rewrite] 第1301章直接复制到终稿（3989字）
进度: 1282/2000 完成, 失败: 0
[2026-05-18 22:31:37] [Rewrite] 第1302章直接复制到终稿（6187字）
进度: 1283/2000 完成, 失败: 0
[2026-05-18 22:31:37] [Rewrite] 第1303章直接复制到终稿（4065字）
进度: 1284/2000 完成, 失败: 0
[2026-05-18 22:31:37] [Rewrite] 第1304章直接复制到终稿（5402字）
进度: 1285/2000 完成, 失败: 0
[2026-05-18 22:31:37] [Rewrite] 第1305章直接复制到终稿（5365字）
进度: 1286/2000 完成, 失败: 0
[2026-05-18 22:31:37] [Rewrite] 第1306章直接复制到终稿（6367字）
进度: 1287/2000 完成, 失败: 0
[2026-05-18 22:31:37] [Rewrite] 第1307章直接复制到终稿（5011字）
进度: 1288/2000 完成, 失败: 0
[2026-05-18 22:31:37] [Rewrite] 第1308章直接复制到终稿（2771字）
进度: 1289/2000 完成, 失败: 0
[2026-05-18 22:31:37] [Rewrite] 第1309章直接复制到终稿（5741字）
进度: 1290/2000 完成, 失败: 0
[2026-05-18 22:31:37] [Rewrite] 第1310章直接复制到终稿（5391字）
进度: 1291/2000 完成, 失败: 0
[2026-05-18 22:31:37] [Rewrite] 第1311章直接复制到终稿（7267字）
进度: 1292/2000 完成, 失败: 0
[2026-05-18 22:31:37] [Rewrite] 第1312章直接复制到终稿（4926字）
进度: 1293/2000 完成, 失败: 0
[2026-05-18 22:31:37] [Rewrite] 第1313章直接复制到终稿（5413字）
进度: 1294/2000 完成, 失败: 0
[2026-05-18 22:31:37] [Rewrite] 第1314章直接复制到终稿（5863字）
进度: 1295/2000 完成, 失败: 0
[2026-05-18 22:31:37] [Rewrite] 第1315章直接复制到终稿（4161字）
进度: 1296/2000 完成, 失败: 0
[2026-05-18 22:31:37] [Rewrite] 第1316章直接复制到终稿（5340字）
进度: 1297/2000 完成, 失败: 0
[2026-05-18 22:31:37] [Rewrite] 第1317章直接复制到终稿（3505字）
进度: 1298/2000 完成, 失败: 0
[2026-05-18 22:31:37] [Rewrite] 第1318章直接复制到终稿（4690字）
进度: 1299/2000 完成, 失败: 0
[2026-05-18 22:31:37] [Rewrite] 第1319章直接复制到终稿（5698字）
进度: 1300/2000 完成, 失败: 0
[2026-05-18 22:31:37] [Rewrite] 第1320章直接复制到终稿（3775字）
进度: 1301/2000 完成, 失败: 0
[2026-05-18 22:31:37] [Rewrite] 第1321章直接复制到终稿（4775字）
进度: 1302/2000 完成, 失败: 0
[2026-05-18 22:31:37] [Rewrite] 第1322章直接复制到终稿（6877字）
进度: 1303/2000 完成, 失败: 0
[2026-05-18 22:31:37] [Rewrite] 第1323章直接复制到终稿（5235字）
进度: 1304/2000 完成, 失败: 0
[2026-05-18 22:31:37] [Rewrite] 第1324章直接复制到终稿（6323字）
进度: 1305/2000 完成, 失败: 0
[2026-05-18 22:31:37] [Rewrite] 第1325章直接复制到终稿（3698字）
进度: 1306/2000 完成, 失败: 0
[2026-05-18 22:31:37] [Rewrite] 第1326章直接复制到终稿（5241字）
进度: 1307/2000 完成, 失败: 0
[2026-05-18 22:31:37] [Rewrite] 第1327章直接复制到终稿（5281字）
进度: 1308/2000 完成, 失败: 0
[2026-05-18 22:31:37] [Rewrite] 第1328章直接复制到终稿（3616字）
进度: 1309/2000 完成, 失败: 0
[2026-05-18 22:31:37] [Rewrite] 第1329章直接复制到终稿（5865字）
进度: 1310/2000 完成, 失败: 0
[2026-05-18 22:31:37] [Rewrite] 第1330章直接复制到终稿（5190字）
进度: 1311/2000 完成, 失败: 0
[2026-05-18 22:31:37] [Rewrite] 第1331章直接复制到终稿（4951字）
进度: 1312/2000 完成, 失败: 0
[2026-05-18 22:31:37] [Rewrite] 第1332章直接复制到终稿（4954字）
进度: 1313/2000 完成, 失败: 0
[2026-05-18 22:31:37] [Rewrite] 第1333章直接复制到终稿（5330字）
进度: 1314/2000 完成, 失败: 0
[2026-05-18 22:31:37] [Rewrite] 第1334章直接复制到终稿（5474字）
进度: 1315/2000 完成, 失败: 0
[2026-05-18 22:31:37] [Rewrite] 第1335章直接复制到终稿（3202字）
进度: 1316/2000 完成, 失败: 0
[2026-05-18 22:31:37] [Rewrite] 第1336章直接复制到终稿（4646字）
进度: 1317/2000 完成, 失败: 0
[2026-05-18 22:31:37] [Rewrite] 第1337章直接复制到终稿（6106字）
进度: 1318/2000 完成, 失败: 0
[2026-05-18 22:31:37] [Rewrite] 第1338章直接复制到终稿（5507字）
进度: 1319/2000 完成, 失败: 0
[2026-05-18 22:31:37] [Rewrite] 第1339章直接复制到终稿（5502字）
进度: 1320/2000 完成, 失败: 0
[2026-05-18 22:31:37] [Rewrite] 第1340章直接复制到终稿（5955字）
进度: 1321/2000 完成, 失败: 0
[2026-05-18 22:31:37] [Rewrite] 第1341章直接复制到终稿（6730字）
进度: 1322/2000 完成, 失败: 0
[2026-05-18 22:31:37] [Rewrite] 第1342章直接复制到终稿（5040字）
进度: 1323/2000 完成, 失败: 0
[2026-05-18 22:31:37] [Rewrite] 第1343章直接复制到终稿（3599字）
进度: 1324/2000 完成, 失败: 0
[2026-05-18 22:31:37] [Rewrite] 第1344章直接复制到终稿（4392字）
进度: 1325/2000 完成, 失败: 0
[2026-05-18 22:31:37] [Rewrite] 第1345章直接复制到终稿（4430字）
进度: 1326/2000 完成, 失败: 0
[2026-05-18 22:31:37] [Rewrite] 第1346章直接复制到终稿（5635字）
进度: 1327/2000 完成, 失败: 0
[2026-05-18 22:31:37] [Rewrite] 第1347章直接复制到终稿（6229字）
进度: 1328/2000 完成, 失败: 0
[2026-05-18 22:31:37] [Rewrite] 第1348章直接复制到终稿（4799字）
进度: 1329/2000 完成, 失败: 0
[2026-05-18 22:31:37] [Rewrite] 第1349章直接复制到终稿（5022字）
进度: 1330/2000 完成, 失败: 0
[2026-05-18 22:31:37] [Rewrite] 第1350章直接复制到终稿（5409字）
进度: 1331/2000 完成, 失败: 0
[2026-05-18 22:31:37] [Rewrite] 第1351章直接复制到终稿（6613字）
进度: 1332/2000 完成, 失败: 0
[2026-05-18 22:31:37] [Rewrite] 第1352章直接复制到终稿（4778字）
进度: 1333/2000 完成, 失败: 0
[2026-05-18 22:31:37] [Rewrite] 第1353章直接复制到终稿（6796字）
进度: 1334/2000 完成, 失败: 0
[2026-05-18 22:31:37] [Rewrite] 第1354章直接复制到终稿（5741字）
进度: 1335/2000 完成, 失败: 0
[2026-05-18 22:31:37] [Rewrite] 第1355章直接复制到终稿（4988字）
进度: 1336/2000 完成, 失败: 0
[2026-05-18 22:31:37] [Rewrite] 第1356章直接复制到终稿（4671字）
进度: 1337/2000 完成, 失败: 0
[2026-05-18 22:31:37] [Rewrite] 第1357章直接复制到终稿（5165字）
进度: 1338/2000 完成, 失败: 0
[2026-05-18 22:31:37] [Rewrite] 第1358章直接复制到终稿（8176字）
进度: 1339/2000 完成, 失败: 0
[2026-05-18 22:31:37] [Rewrite] 第1359章直接复制到终稿（7886字）
进度: 1340/2000 完成, 失败: 0
[2026-05-18 22:31:37] [Rewrite] 第1360章直接复制到终稿（5324字）
进度: 1341/2000 完成, 失败: 0
[2026-05-18 22:31:37] [Rewrite] 第1361章直接复制到终稿（3600字）
进度: 1342/2000 完成, 失败: 0
[2026-05-18 22:31:37] [Rewrite] 第1362章直接复制到终稿（4741字）
进度: 1343/2000 完成, 失败: 0
[2026-05-18 22:31:37] [Rewrite] 第1363章直接复制到终稿（5967字）
进度: 1344/2000 完成, 失败: 0
[2026-05-18 22:31:37] [Rewrite] 第1364章直接复制到终稿（6690字）
进度: 1345/2000 完成, 失败: 0
[2026-05-18 22:31:37] [Rewrite] 第1365章直接复制到终稿（4564字）
进度: 1346/2000 完成, 失败: 0
[2026-05-18 22:31:37] [Rewrite] 第1366章直接复制到终稿（4811字）
进度: 1347/2000 完成, 失败: 0
[2026-05-18 22:31:37] [Rewrite] 第1367章直接复制到终稿（5239字）
进度: 1348/2000 完成, 失败: 0
[2026-05-18 22:31:37] [Rewrite] 第1368章直接复制到终稿（4553字）
进度: 1349/2000 完成, 失败: 0
[2026-05-18 22:31:37] [Rewrite] 第1369章直接复制到终稿（4368字）
进度: 1350/2000 完成, 失败: 0
[2026-05-18 22:31:37] [Rewrite] 第1370章直接复制到终稿（4191字）
进度: 1351/2000 完成, 失败: 0
[2026-05-18 22:31:37] [Rewrite] 第1371章直接复制到终稿（6172字）
进度: 1352/2000 完成, 失败: 0
[2026-05-18 22:31:37] [Rewrite] 第1372章直接复制到终稿（6809字）
进度: 1353/2000 完成, 失败: 0
[2026-05-18 22:31:37] [Rewrite] 第1373章直接复制到终稿（6772字）
进度: 1354/2000 完成, 失败: 0
[2026-05-18 22:31:37] [Rewrite] 第1374章直接复制到终稿（4963字）
进度: 1355/2000 完成, 失败: 0
[2026-05-18 22:31:37] [Rewrite] 第1375章直接复制到终稿（5944字）
进度: 1356/2000 完成, 失败: 0
[2026-05-18 22:31:37] [Rewrite] 正在重写第1376章（初稿7690字，评分6.8）...
[2026-05-18 22:31:38] [Rewrite] 第85章终稿已保存（6168字）
进度: 1357/2000 完成, 失败: 0
[2026-05-18 22:31:38] [Rewrite] 第1377章直接复制到终稿（3399字）
进度: 1358/2000 完成, 失败: 0
[2026-05-18 22:31:38] [Rewrite] 第1378章直接复制到终稿（9259字）
进度: 1359/2000 完成, 失败: 0
[2026-05-18 22:31:38] [Rewrite] 第1379章直接复制到终稿（5382字）
进度: 1360/2000 完成, 失败: 0
[2026-05-18 22:31:38] [Rewrite] 第1380章直接复制到终稿（5829字）
进度: 1361/2000 完成, 失败: 0
[2026-05-18 22:31:38] [Rewrite] 第1381章直接复制到终稿（4861字）
进度: 1362/2000 完成, 失败: 0
[2026-05-18 22:31:38] [Rewrite] 第1382章直接复制到终稿（4832字）
进度: 1363/2000 完成, 失败: 0
[2026-05-18 22:31:38] [Rewrite] 第1383章直接复制到终稿（5333字）
进度: 1364/2000 完成, 失败: 0
[2026-05-18 22:31:38] [Rewrite] 第1384章直接复制到终稿（4393字）
进度: 1365/2000 完成, 失败: 0
[2026-05-18 22:31:38] [Rewrite] 第1385章直接复制到终稿（4029字）
进度: 1366/2000 完成, 失败: 0
[2026-05-18 22:31:38] [Rewrite] 第1386章直接复制到终稿（8561字）
进度: 1367/2000 完成, 失败: 0
[2026-05-18 22:31:38] [Rewrite] 第1387章直接复制到终稿（4381字）
进度: 1368/2000 完成, 失败: 0
[2026-05-18 22:31:38] [Rewrite] 第1388章直接复制到终稿（4849字）
进度: 1369/2000 完成, 失败: 0
[2026-05-18 22:31:38] [Rewrite] 第1389章直接复制到终稿（5560字）
进度: 1370/2000 完成, 失败: 0
[2026-05-18 22:31:38] [Rewrite] 第1390章直接复制到终稿（5754字）
进度: 1371/2000 完成, 失败: 0
[2026-05-18 22:31:38] [Rewrite] 第1391章直接复制到终稿（3987字）
进度: 1372/2000 完成, 失败: 0
[2026-05-18 22:31:38] [Rewrite] 第1392章直接复制到终稿（4231字）
进度: 1373/2000 完成, 失败: 0
[2026-05-18 22:31:38] [Rewrite] 第1393章直接复制到终稿（4079字）
进度: 1374/2000 完成, 失败: 0
[2026-05-18 22:31:38] [Rewrite] 第1394章直接复制到终稿（5394字）
进度: 1375/2000 完成, 失败: 0
[2026-05-18 22:31:38] [Rewrite] 第1395章直接复制到终稿（5355字）
进度: 1376/2000 完成, 失败: 0
[2026-05-18 22:31:38] [Rewrite] 第1396章直接复制到终稿（3937字）
进度: 1377/2000 完成, 失败: 0
[2026-05-18 22:31:38] [Rewrite] 第1397章直接复制到终稿（4221字）
进度: 1378/2000 完成, 失败: 0
[2026-05-18 22:31:38] [Rewrite] 第1398章直接复制到终稿（15136字）
进度: 1379/2000 完成, 失败: 0
[2026-05-18 22:31:38] [Rewrite] 第1399章直接复制到终稿（4818字）
进度: 1380/2000 完成, 失败: 0
[2026-05-18 22:31:38] [Rewrite] 第1400章直接复制到终稿（4821字）
进度: 1381/2000 完成, 失败: 0
[2026-05-18 22:31:38] [Rewrite] 第1401章直接复制到终稿（3979字）
进度: 1382/2000 完成, 失败: 0
[2026-05-18 22:31:38] [Rewrite] 第1402章直接复制到终稿（4427字）
进度: 1383/2000 完成, 失败: 0
[2026-05-18 22:31:38] [Rewrite] 第1403章直接复制到终稿（4443字）
进度: 1384/2000 完成, 失败: 0
[2026-05-18 22:31:38] [Rewrite] 第1404章直接复制到终稿（4767字）
进度: 1385/2000 完成, 失败: 0
[2026-05-18 22:31:38] [Rewrite] 第1405章直接复制到终稿（6906字）
进度: 1386/2000 完成, 失败: 0
[2026-05-18 22:31:38] [Rewrite] 第1406章直接复制到终稿（5430字）
进度: 1387/2000 完成, 失败: 0
[2026-05-18 22:31:38] [Rewrite] 第1407章直接复制到终稿（6775字）
进度: 1388/2000 完成, 失败: 0
[2026-05-18 22:31:38] [Rewrite] 第1408章直接复制到终稿（4375字）
进度: 1389/2000 完成, 失败: 0
[2026-05-18 22:31:38] [Rewrite] 第1409章直接复制到终稿（3850字）
进度: 1390/2000 完成, 失败: 0
[2026-05-18 22:31:38] [Rewrite] 第1410章直接复制到终稿（4447字）
进度: 1391/2000 完成, 失败: 0
[2026-05-18 22:31:38] [Rewrite] 第1411章直接复制到终稿（4500字）
进度: 1392/2000 完成, 失败: 0
[2026-05-18 22:31:38] [Rewrite] 第1412章直接复制到终稿（5253字）
进度: 1393/2000 完成, 失败: 0
[2026-05-18 22:31:38] [Rewrite] 第1413章直接复制到终稿（4914字）
进度: 1394/2000 完成, 失败: 0
[2026-05-18 22:31:38] [Rewrite] 第1414章直接复制到终稿（6570字）
进度: 1395/2000 完成, 失败: 0
[2026-05-18 22:31:38] [Rewrite] 第1415章直接复制到终稿（5058字）
进度: 1396/2000 完成, 失败: 0
[2026-05-18 22:31:38] [Rewrite] 第1416章直接复制到终稿（5838字）
进度: 1397/2000 完成, 失败: 0
[2026-05-18 22:31:38] [Rewrite] 第1417章直接复制到终稿（6234字）
进度: 1398/2000 完成, 失败: 0
[2026-05-18 22:31:38] [Rewrite] 第1418章直接复制到终稿（4705字）
进度: 1399/2000 完成, 失败: 0
[2026-05-18 22:31:38] [Rewrite] 第1419章直接复制到终稿（3969字）
进度: 1400/2000 完成, 失败: 0
[2026-05-18 22:31:38] [Rewrite] 第1420章直接复制到终稿（5605字）
进度: 1401/2000 完成, 失败: 0
[2026-05-18 22:31:38] [Rewrite] 第1421章直接复制到终稿（4125字）
进度: 1402/2000 完成, 失败: 0
[2026-05-18 22:31:38] [Rewrite] 第1422章直接复制到终稿（5275字）
进度: 1403/2000 完成, 失败: 0
[2026-05-18 22:31:38] [Rewrite] 第1423章直接复制到终稿（7035字）
进度: 1404/2000 完成, 失败: 0
[2026-05-18 22:31:38] [Rewrite] 第1424章直接复制到终稿（5391字）
进度: 1405/2000 完成, 失败: 0
[2026-05-18 22:31:38] [Rewrite] 第1425章直接复制到终稿（6880字）
进度: 1406/2000 完成, 失败: 0
[2026-05-18 22:31:38] [Rewrite] 第1426章直接复制到终稿（5955字）
进度: 1407/2000 完成, 失败: 0
[2026-05-18 22:31:38] [Rewrite] 第1427章直接复制到终稿（4064字）
进度: 1408/2000 完成, 失败: 0
[2026-05-18 22:31:38] [Rewrite] 第1428章直接复制到终稿（4636字）
进度: 1409/2000 完成, 失败: 0
[2026-05-18 22:31:38] [Rewrite] 第1429章直接复制到终稿（4897字）
进度: 1410/2000 完成, 失败: 0
[2026-05-18 22:31:38] [Rewrite] 第1430章直接复制到终稿（4879字）
进度: 1411/2000 完成, 失败: 0
[2026-05-18 22:31:38] [Rewrite] 第1431章直接复制到终稿（6425字）
进度: 1412/2000 完成, 失败: 0
[2026-05-18 22:31:38] [Rewrite] 第1432章直接复制到终稿（4677字）
进度: 1413/2000 完成, 失败: 0
[2026-05-18 22:31:38] [Rewrite] 第1433章直接复制到终稿（4348字）
进度: 1414/2000 完成, 失败: 0
[2026-05-18 22:31:38] [Rewrite] 第1434章直接复制到终稿（4556字）
进度: 1415/2000 完成, 失败: 0
[2026-05-18 22:31:38] [Rewrite] 第1435章直接复制到终稿（6051字）
进度: 1416/2000 完成, 失败: 0
[2026-05-18 22:31:38] [Rewrite] 第1436章直接复制到终稿（3322字）
进度: 1417/2000 完成, 失败: 0
[2026-05-18 22:31:38] [Rewrite] 第1437章直接复制到终稿（3702字）
进度: 1418/2000 完成, 失败: 0
[2026-05-18 22:31:38] [Rewrite] 第1438章直接复制到终稿（3753字）
进度: 1419/2000 完成, 失败: 0
[2026-05-18 22:31:38] [Rewrite] 第1439章直接复制到终稿（3396字）
进度: 1420/2000 完成, 失败: 0
[2026-05-18 22:31:38] [Rewrite] 第1440章直接复制到终稿（5268字）
进度: 1421/2000 完成, 失败: 0
[2026-05-18 22:31:38] [Rewrite] 第1441章直接复制到终稿（4190字）
进度: 1422/2000 完成, 失败: 0
[2026-05-18 22:31:38] [Rewrite] 第1442章直接复制到终稿（4929字）
进度: 1423/2000 完成, 失败: 0
[2026-05-18 22:31:38] [Rewrite] 第1443章直接复制到终稿（5458字）
进度: 1424/2000 完成, 失败: 0
[2026-05-18 22:31:38] [Rewrite] 第1444章直接复制到终稿（3881字）
进度: 1425/2000 完成, 失败: 0
[2026-05-18 22:31:38] [Rewrite] 第1445章直接复制到终稿（5488字）
进度: 1426/2000 完成, 失败: 0
[2026-05-18 22:31:38] [Rewrite] 第1446章直接复制到终稿（3302字）
进度: 1427/2000 完成, 失败: 0
[2026-05-18 22:31:38] [Rewrite] 第1447章直接复制到终稿（4389字）
进度: 1428/2000 完成, 失败: 0
[2026-05-18 22:31:38] [Rewrite] 第1448章直接复制到终稿（4818字）
进度: 1429/2000 完成, 失败: 0
[2026-05-18 22:31:38] [Rewrite] 第1449章直接复制到终稿（4953字）
进度: 1430/2000 完成, 失败: 0
[2026-05-18 22:31:38] [Rewrite] 第1450章直接复制到终稿（6631字）
进度: 1431/2000 完成, 失败: 0
[2026-05-18 22:31:38] [Rewrite] 第1451章直接复制到终稿（7120字）
进度: 1432/2000 完成, 失败: 0
[2026-05-18 22:31:38] [Rewrite] 第1452章直接复制到终稿（3594字）
进度: 1433/2000 完成, 失败: 0
[2026-05-18 22:31:38] [Rewrite] 第1453章直接复制到终稿（5226字）
进度: 1434/2000 完成, 失败: 0
[2026-05-18 22:31:38] [Rewrite] 第1454章直接复制到终稿（5929字）
进度: 1435/2000 完成, 失败: 0
[2026-05-18 22:31:38] [Rewrite] 第1455章直接复制到终稿（5073字）
进度: 1436/2000 完成, 失败: 0
[2026-05-18 22:31:38] [Rewrite] 第1456章直接复制到终稿（4946字）
进度: 1437/2000 完成, 失败: 0
[2026-05-18 22:31:38] [Rewrite] 第1457章直接复制到终稿（3498字）
进度: 1438/2000 完成, 失败: 0
[2026-05-18 22:31:38] [Rewrite] 第1458章直接复制到终稿（4706字）
进度: 1439/2000 完成, 失败: 0
[2026-05-18 22:31:38] [Rewrite] 第1459章直接复制到终稿（4720字）
进度: 1440/2000 完成, 失败: 0
[2026-05-18 22:31:38] [Rewrite] 第1460章直接复制到终稿（3133字）
进度: 1441/2000 完成, 失败: 0
[2026-05-18 22:31:38] [Rewrite] 第1461章直接复制到终稿（5654字）
进度: 1442/2000 完成, 失败: 0
[2026-05-18 22:31:38] [Rewrite] 第1462章直接复制到终稿（5388字）
进度: 1443/2000 完成, 失败: 0
[2026-05-18 22:31:38] [Rewrite] 第1463章直接复制到终稿（5040字）
进度: 1444/2000 完成, 失败: 0
[2026-05-18 22:31:38] [Rewrite] 第1464章直接复制到终稿（4638字）
进度: 1445/2000 完成, 失败: 0
[2026-05-18 22:31:38] [Rewrite] 第1465章直接复制到终稿（4144字）
进度: 1446/2000 完成, 失败: 0
[2026-05-18 22:31:38] [Rewrite] 第1466章直接复制到终稿（4458字）
进度: 1447/2000 完成, 失败: 0
[2026-05-18 22:31:38] [Rewrite] 第1467章直接复制到终稿（5077字）
进度: 1448/2000 完成, 失败: 0
[2026-05-18 22:31:38] [Rewrite] 第1468章直接复制到终稿（5827字）
进度: 1449/2000 完成, 失败: 0
[2026-05-18 22:31:38] [Rewrite] 第1469章直接复制到终稿（4260字）
进度: 1450/2000 完成, 失败: 0
[2026-05-18 22:31:38] [Rewrite] 第1470章直接复制到终稿（5302字）
进度: 1451/2000 完成, 失败: 0
[2026-05-18 22:31:38] [Rewrite] 第1471章直接复制到终稿（5884字）
进度: 1452/2000 完成, 失败: 0
[2026-05-18 22:31:38] [Rewrite] 第1472章直接复制到终稿（3938字）
进度: 1453/2000 完成, 失败: 0
[2026-05-18 22:31:38] [Rewrite] 第1473章直接复制到终稿（5298字）
进度: 1454/2000 完成, 失败: 0
[2026-05-18 22:31:38] [Rewrite] 第1474章直接复制到终稿（6097字）
进度: 1455/2000 完成, 失败: 0
[2026-05-18 22:31:38] [Rewrite] 第1475章直接复制到终稿（5443字）
进度: 1456/2000 完成, 失败: 0
[2026-05-18 22:31:38] [Rewrite] 第1476章直接复制到终稿（5361字）
进度: 1457/2000 完成, 失败: 0
[2026-05-18 22:31:38] [Rewrite] 第1477章直接复制到终稿（5765字）
进度: 1458/2000 完成, 失败: 0
[2026-05-18 22:31:38] [Rewrite] 第1478章直接复制到终稿（4632字）
进度: 1459/2000 完成, 失败: 0
[2026-05-18 22:31:38] [Rewrite] 第1479章直接复制到终稿（4136字）
进度: 1460/2000 完成, 失败: 0
[2026-05-18 22:31:38] [Rewrite] 第1480章直接复制到终稿（5297字）
进度: 1461/2000 完成, 失败: 0
[2026-05-18 22:31:38] [Rewrite] 第1481章直接复制到终稿（5463字）
进度: 1462/2000 完成, 失败: 0
[2026-05-18 22:31:38] [Rewrite] 第1482章直接复制到终稿（4274字）
进度: 1463/2000 完成, 失败: 0
[2026-05-18 22:31:38] [Rewrite] 第1483章直接复制到终稿（7200字）
进度: 1464/2000 完成, 失败: 0
[2026-05-18 22:31:38] [Rewrite] 第1484章直接复制到终稿（4512字）
进度: 1465/2000 完成, 失败: 0
[2026-05-18 22:31:38] [Rewrite] 第1485章直接复制到终稿（7016字）
进度: 1466/2000 完成, 失败: 0
[2026-05-18 22:31:38] [Rewrite] 第1486章直接复制到终稿（4447字）
进度: 1467/2000 完成, 失败: 0
[2026-05-18 22:31:38] [Rewrite] 第1487章直接复制到终稿（4751字）
进度: 1468/2000 完成, 失败: 0
[2026-05-18 22:31:38] [Rewrite] 第1488章直接复制到终稿（4163字）
进度: 1469/2000 完成, 失败: 0
[2026-05-18 22:31:38] [Rewrite] 第1489章直接复制到终稿（6301字）
进度: 1470/2000 完成, 失败: 0
[2026-05-18 22:31:38] [Rewrite] 第1490章直接复制到终稿（4402字）
进度: 1471/2000 完成, 失败: 0
[2026-05-18 22:31:38] [Rewrite] 第1491章直接复制到终稿（3654字）
进度: 1472/2000 完成, 失败: 0
[2026-05-18 22:31:38] [Rewrite] 第1492章直接复制到终稿（5237字）
进度: 1473/2000 完成, 失败: 0
[2026-05-18 22:31:38] [Rewrite] 第1493章直接复制到终稿（4793字）
进度: 1474/2000 完成, 失败: 0
[2026-05-18 22:31:38] [Rewrite] 第1494章直接复制到终稿（5126字）
进度: 1475/2000 完成, 失败: 0
[2026-05-18 22:31:38] [Rewrite] 第1495章直接复制到终稿（4584字）
进度: 1476/2000 完成, 失败: 0
[2026-05-18 22:31:38] [Rewrite] 第1496章直接复制到终稿（4577字）
进度: 1477/2000 完成, 失败: 0
[2026-05-18 22:31:38] [Rewrite] 第1497章直接复制到终稿（6278字）
进度: 1478/2000 完成, 失败: 0
[2026-05-18 22:31:38] [Rewrite] 第1498章直接复制到终稿（5680字）
进度: 1479/2000 完成, 失败: 0
[2026-05-18 22:31:38] [Rewrite] 第1499章直接复制到终稿（3659字）
进度: 1480/2000 完成, 失败: 0
[2026-05-18 22:31:38] [Rewrite] 第1500章直接复制到终稿（4848字）
进度: 1481/2000 完成, 失败: 0
[2026-05-18 22:31:38] [Rewrite] 第1501章直接复制到终稿（7886字）
进度: 1482/2000 完成, 失败: 0
[2026-05-18 22:31:38] [Rewrite] 第1502章直接复制到终稿（4094字）
进度: 1483/2000 完成, 失败: 0
[2026-05-18 22:31:38] [Rewrite] 第1503章直接复制到终稿（6105字）
进度: 1484/2000 完成, 失败: 0
[2026-05-18 22:31:38] [Rewrite] 第1504章直接复制到终稿（4029字）
进度: 1485/2000 完成, 失败: 0
[2026-05-18 22:31:38] [Rewrite] 第1505章直接复制到终稿（5320字）
进度: 1486/2000 完成, 失败: 0
[2026-05-18 22:31:38] [Rewrite] 第1506章直接复制到终稿（4492字）
进度: 1487/2000 完成, 失败: 0
[2026-05-18 22:31:38] [Rewrite] 第1507章直接复制到终稿（5978字）
进度: 1488/2000 完成, 失败: 0
[2026-05-18 22:31:38] [Rewrite] 第1508章直接复制到终稿（3256字）
进度: 1489/2000 完成, 失败: 0
[2026-05-18 22:31:38] [Rewrite] 第1509章直接复制到终稿（4695字）
进度: 1490/2000 完成, 失败: 0
[2026-05-18 22:31:38] [Rewrite] 第1510章直接复制到终稿（4208字）
进度: 1491/2000 完成, 失败: 0
[2026-05-18 22:31:38] [Rewrite] 第1511章直接复制到终稿（4109字）
进度: 1492/2000 完成, 失败: 0
[2026-05-18 22:31:38] [Rewrite] 第1512章直接复制到终稿（3402字）
进度: 1493/2000 完成, 失败: 0
[2026-05-18 22:31:38] [Rewrite] 第1513章直接复制到终稿（5463字）
进度: 1494/2000 完成, 失败: 0
[2026-05-18 22:31:38] [Rewrite] 第1514章直接复制到终稿（3894字）
进度: 1495/2000 完成, 失败: 0
[2026-05-18 22:31:38] [Rewrite] 正在重写第1515章（初稿6383字，评分6.8）...
[2026-05-18 22:31:40] [Rewrite] 第803章终稿已保存（6007字）
进度: 1496/2000 完成, 失败: 0
[2026-05-18 22:31:40] [Rewrite] 第1516章直接复制到终稿（6165字）
进度: 1497/2000 完成, 失败: 0
[2026-05-18 22:31:40] [Rewrite] 第1517章直接复制到终稿（6427字）
进度: 1498/2000 完成, 失败: 0
[2026-05-18 22:31:40] [Rewrite] 第1518章直接复制到终稿（6930字）
进度: 1499/2000 完成, 失败: 0
[2026-05-18 22:31:40] [Rewrite] 第1519章直接复制到终稿（5254字）
进度: 1500/2000 完成, 失败: 0
[2026-05-18 22:31:40] [Rewrite] 第1520章直接复制到终稿（4958字）
进度: 1501/2000 完成, 失败: 0
[2026-05-18 22:31:40] [Rewrite] 第1521章直接复制到终稿（5126字）
进度: 1502/2000 完成, 失败: 0
[2026-05-18 22:31:40] [Rewrite] 第1522章直接复制到终稿（6138字）
进度: 1503/2000 完成, 失败: 0
[2026-05-18 22:31:40] [Rewrite] 第1523章直接复制到终稿（4668字）
进度: 1504/2000 完成, 失败: 0
[2026-05-18 22:31:40] [Rewrite] 第1524章直接复制到终稿（6450字）
进度: 1505/2000 完成, 失败: 0
[2026-05-18 22:31:40] [Rewrite] 第1525章直接复制到终稿（5019字）
进度: 1506/2000 完成, 失败: 0
[2026-05-18 22:31:40] [Rewrite] 第1526章直接复制到终稿（4073字）
进度: 1507/2000 完成, 失败: 0
[2026-05-18 22:31:40] [Rewrite] 第1527章直接复制到终稿（4643字）
进度: 1508/2000 完成, 失败: 0
[2026-05-18 22:31:40] [Rewrite] 第1528章直接复制到终稿（4357字）
进度: 1509/2000 完成, 失败: 0
[2026-05-18 22:31:40] [Rewrite] 第1529章直接复制到终稿（4374字）
进度: 1510/2000 完成, 失败: 0
[2026-05-18 22:31:40] [Rewrite] 第1530章直接复制到终稿（5668字）
进度: 1511/2000 完成, 失败: 0
[2026-05-18 22:31:40] [Rewrite] 第1531章直接复制到终稿（5674字）
进度: 1512/2000 完成, 失败: 0
[2026-05-18 22:31:40] [Rewrite] 第1532章直接复制到终稿（3954字）
进度: 1513/2000 完成, 失败: 0
[2026-05-18 22:31:40] [Rewrite] 第1533章直接复制到终稿（5475字）
进度: 1514/2000 完成, 失败: 0
[2026-05-18 22:31:40] [Rewrite] 第1534章直接复制到终稿（5931字）
进度: 1515/2000 完成, 失败: 0
[2026-05-18 22:31:40] [Rewrite] 第1535章直接复制到终稿（5472字）
进度: 1516/2000 完成, 失败: 0
[2026-05-18 22:31:40] [Rewrite] 第1536章直接复制到终稿（3893字）
进度: 1517/2000 完成, 失败: 0
[2026-05-18 22:31:40] [Rewrite] 第1537章直接复制到终稿（5404字）
进度: 1518/2000 完成, 失败: 0
[2026-05-18 22:31:40] [Rewrite] 第1538章直接复制到终稿（4228字）
进度: 1519/2000 完成, 失败: 0
[2026-05-18 22:31:40] [Rewrite] 第1539章直接复制到终稿（4258字）
进度: 1520/2000 完成, 失败: 0
[2026-05-18 22:31:40] [Rewrite] 第1540章直接复制到终稿（4828字）
进度: 1521/2000 完成, 失败: 0
[2026-05-18 22:31:40] [Rewrite] 第1541章直接复制到终稿（5742字）
进度: 1522/2000 完成, 失败: 0
[2026-05-18 22:31:40] [Rewrite] 第1542章直接复制到终稿（4513字）
进度: 1523/2000 完成, 失败: 0
[2026-05-18 22:31:40] [Rewrite] 第1543章直接复制到终稿（5244字）
进度: 1524/2000 完成, 失败: 0
[2026-05-18 22:31:40] [Rewrite] 第1544章直接复制到终稿（3503字）
进度: 1525/2000 完成, 失败: 0
[2026-05-18 22:31:40] [Rewrite] 第1545章直接复制到终稿（5902字）
进度: 1526/2000 完成, 失败: 0
[2026-05-18 22:31:40] [Rewrite] 第1546章直接复制到终稿（6327字）
进度: 1527/2000 完成, 失败: 0
[2026-05-18 22:31:40] [Rewrite] 第1547章直接复制到终稿（4754字）
进度: 1528/2000 完成, 失败: 0
[2026-05-18 22:31:40] [Rewrite] 第1548章直接复制到终稿（5597字）
进度: 1529/2000 完成, 失败: 0
[2026-05-18 22:31:40] [Rewrite] 第1549章直接复制到终稿（4391字）
进度: 1530/2000 完成, 失败: 0
[2026-05-18 22:31:40] [Rewrite] 第1550章直接复制到终稿（3295字）
进度: 1531/2000 完成, 失败: 0
[2026-05-18 22:31:40] [Rewrite] 第1551章直接复制到终稿（4763字）
进度: 1532/2000 完成, 失败: 0
[2026-05-18 22:31:40] [Rewrite] 第1552章直接复制到终稿（6498字）
进度: 1533/2000 完成, 失败: 0
[2026-05-18 22:31:40] [Rewrite] 第1553章直接复制到终稿（5844字）
进度: 1534/2000 完成, 失败: 0
[2026-05-18 22:31:40] [Rewrite] 第1554章直接复制到终稿（3958字）
进度: 1535/2000 完成, 失败: 0
[2026-05-18 22:31:40] [Rewrite] 第1555章直接复制到终稿（3864字）
进度: 1536/2000 完成, 失败: 0
[2026-05-18 22:31:40] [Rewrite] 第1556章直接复制到终稿（3633字）
进度: 1537/2000 完成, 失败: 0
[2026-05-18 22:31:40] [Rewrite] 第1557章直接复制到终稿（4893字）
进度: 1538/2000 完成, 失败: 0
[2026-05-18 22:31:40] [Rewrite] 第1558章直接复制到终稿（4699字）
进度: 1539/2000 完成, 失败: 0
[2026-05-18 22:31:40] [Rewrite] 第1559章直接复制到终稿（4813字）
进度: 1540/2000 完成, 失败: 0
[2026-05-18 22:31:40] [Rewrite] 第1560章直接复制到终稿（5935字）
进度: 1541/2000 完成, 失败: 0
[2026-05-18 22:31:40] [Rewrite] 第1561章直接复制到终稿（4652字）
进度: 1542/2000 完成, 失败: 0
[2026-05-18 22:31:40] [Rewrite] 第1562章直接复制到终稿（5593字）
进度: 1543/2000 完成, 失败: 0
[2026-05-18 22:31:40] [Rewrite] 第1563章直接复制到终稿（5395字）
进度: 1544/2000 完成, 失败: 0
[2026-05-18 22:31:40] [Rewrite] 第1564章直接复制到终稿（5631字）
进度: 1545/2000 完成, 失败: 0
[2026-05-18 22:31:40] [Rewrite] 第1565章直接复制到终稿（4847字）
进度: 1546/2000 完成, 失败: 0
[2026-05-18 22:31:40] [Rewrite] 第1566章直接复制到终稿（3262字）
进度: 1547/2000 完成, 失败: 0
[2026-05-18 22:31:40] [Rewrite] 第1567章直接复制到终稿（5451字）
进度: 1548/2000 完成, 失败: 0
[2026-05-18 22:31:40] [Rewrite] 第1568章直接复制到终稿（5531字）
进度: 1549/2000 完成, 失败: 0
[2026-05-18 22:31:40] [Rewrite] 正在重写第1569章（初稿9851字，评分6.8）...
[2026-05-18 22:31:41] [Rewrite] 第219章终稿已保存（6884字）
进度: 1550/2000 完成, 失败: 0
[2026-05-18 22:31:41] [Rewrite] 第1570章直接复制到终稿（5237字）
进度: 1551/2000 完成, 失败: 0
[2026-05-18 22:31:41] [Rewrite] 第1571章直接复制到终稿（3951字）
进度: 1552/2000 完成, 失败: 0
[2026-05-18 22:31:41] [Rewrite] 第1572章直接复制到终稿（3998字）
进度: 1553/2000 完成, 失败: 0
[2026-05-18 22:31:41] [Rewrite] 第1573章直接复制到终稿（5047字）
进度: 1554/2000 完成, 失败: 0
[2026-05-18 22:31:41] [Rewrite] 第1574章直接复制到终稿（5165字）
进度: 1555/2000 完成, 失败: 0
[2026-05-18 22:31:41] [Rewrite] 第1575章直接复制到终稿（6408字）
进度: 1556/2000 完成, 失败: 0
[2026-05-18 22:31:41] [Rewrite] 第1576章直接复制到终稿（3776字）
进度: 1557/2000 完成, 失败: 0
[2026-05-18 22:31:41] [Rewrite] 第1577章直接复制到终稿（5914字）
进度: 1558/2000 完成, 失败: 0
[2026-05-18 22:31:41] [Rewrite] 第1578章直接复制到终稿（4378字）
进度: 1559/2000 完成, 失败: 0
[2026-05-18 22:31:41] [Rewrite] 第1579章直接复制到终稿（4148字）
进度: 1560/2000 完成, 失败: 0
[2026-05-18 22:31:41] [Rewrite] 第1580章直接复制到终稿（4485字）
进度: 1561/2000 完成, 失败: 0
[2026-05-18 22:31:41] [Rewrite] 第1581章直接复制到终稿（5046字）
进度: 1562/2000 完成, 失败: 0
[2026-05-18 22:31:41] [Rewrite] 第1582章直接复制到终稿（5053字）
进度: 1563/2000 完成, 失败: 0
[2026-05-18 22:31:41] [Rewrite] 第1583章直接复制到终稿（3999字）
进度: 1564/2000 完成, 失败: 0
[2026-05-18 22:31:41] [Rewrite] 第1584章直接复制到终稿（3033字）
进度: 1565/2000 完成, 失败: 0
[2026-05-18 22:31:41] [Rewrite] 第1585章直接复制到终稿（4764字）
进度: 1566/2000 完成, 失败: 0
[2026-05-18 22:31:41] [Rewrite] 第1586章直接复制到终稿（3422字）
进度: 1567/2000 完成, 失败: 0
[2026-05-18 22:31:41] [Rewrite] 第1587章直接复制到终稿（3671字）
进度: 1568/2000 完成, 失败: 0
[2026-05-18 22:31:41] [Rewrite] 第1588章直接复制到终稿（3726字）
进度: 1569/2000 完成, 失败: 0
[2026-05-18 22:31:41] [Rewrite] 第1589章直接复制到终稿（3920字）
进度: 1570/2000 完成, 失败: 0
[2026-05-18 22:31:41] [Rewrite] 第1590章直接复制到终稿（3672字）
进度: 1571/2000 完成, 失败: 0
[2026-05-18 22:31:41] [Rewrite] 第1591章直接复制到终稿（5863字）
进度: 1572/2000 完成, 失败: 0
[2026-05-18 22:31:41] [Rewrite] 第1592章直接复制到终稿（5587字）
进度: 1573/2000 完成, 失败: 0
[2026-05-18 22:31:41] [Rewrite] 第1593章直接复制到终稿（5148字）
进度: 1574/2000 完成, 失败: 0
[2026-05-18 22:31:41] [Rewrite] 第1594章直接复制到终稿（6073字）
进度: 1575/2000 完成, 失败: 0
[2026-05-18 22:31:41] [Rewrite] 第1595章直接复制到终稿（6854字）
进度: 1576/2000 完成, 失败: 0
[2026-05-18 22:31:41] [Rewrite] 第1596章直接复制到终稿（4038字）
进度: 1577/2000 完成, 失败: 0
[2026-05-18 22:31:41] [Rewrite] 第1597章直接复制到终稿（4788字）
进度: 1578/2000 完成, 失败: 0
[2026-05-18 22:31:41] [Rewrite] 第1598章直接复制到终稿（4109字）
进度: 1579/2000 完成, 失败: 0
[2026-05-18 22:31:41] [Rewrite] 第1599章直接复制到终稿（3140字）
进度: 1580/2000 完成, 失败: 0
[2026-05-18 22:31:41] [Rewrite] 第1600章直接复制到终稿（6111字）
进度: 1581/2000 完成, 失败: 0
[2026-05-18 22:31:41] [Rewrite] 第1601章直接复制到终稿（2870字）
进度: 1582/2000 完成, 失败: 0
[2026-05-18 22:31:41] [Rewrite] 第1602章直接复制到终稿（5621字）
进度: 1583/2000 完成, 失败: 0
[2026-05-18 22:31:41] [Rewrite] 第1603章直接复制到终稿（6419字）
进度: 1584/2000 完成, 失败: 0
[2026-05-18 22:31:41] [Rewrite] 第1604章直接复制到终稿（8462字）
进度: 1585/2000 完成, 失败: 0
[2026-05-18 22:31:41] [Rewrite] 第1605章直接复制到终稿（5281字）
进度: 1586/2000 完成, 失败: 0
[2026-05-18 22:31:41] [Rewrite] 第1606章直接复制到终稿（5061字）
进度: 1587/2000 完成, 失败: 0
[2026-05-18 22:31:41] [Rewrite] 第1607章直接复制到终稿（6890字）
进度: 1588/2000 完成, 失败: 0
[2026-05-18 22:31:41] [Rewrite] 第1608章直接复制到终稿（4555字）
进度: 1589/2000 完成, 失败: 0
[2026-05-18 22:31:41] [Rewrite] 第1609章直接复制到终稿（6203字）
进度: 1590/2000 完成, 失败: 0
[2026-05-18 22:31:41] [Rewrite] 第1610章直接复制到终稿（3734字）
进度: 1591/2000 完成, 失败: 0
[2026-05-18 22:31:41] [Rewrite] 第1611章直接复制到终稿（3830字）
进度: 1592/2000 完成, 失败: 0
[2026-05-18 22:31:41] [Rewrite] 第1612章直接复制到终稿（4960字）
进度: 1593/2000 完成, 失败: 0
[2026-05-18 22:31:41] [Rewrite] 第1613章直接复制到终稿（5010字）
进度: 1594/2000 完成, 失败: 0
[2026-05-18 22:31:41] [Rewrite] 第1614章直接复制到终稿（4453字）
进度: 1595/2000 完成, 失败: 0
[2026-05-18 22:31:41] [Rewrite] 第1615章直接复制到终稿（5497字）
进度: 1596/2000 完成, 失败: 0
[2026-05-18 22:31:41] [Rewrite] 第1616章直接复制到终稿（3125字）
进度: 1597/2000 完成, 失败: 0
[2026-05-18 22:31:41] [Rewrite] 第1617章直接复制到终稿（4294字）
进度: 1598/2000 完成, 失败: 0
[2026-05-18 22:31:41] [Rewrite] 第1618章直接复制到终稿（6954字）
进度: 1599/2000 完成, 失败: 0
[2026-05-18 22:31:41] [Rewrite] 第1619章直接复制到终稿（4610字）
进度: 1600/2000 完成, 失败: 0
[2026-05-18 22:31:41] [Rewrite] 第1620章直接复制到终稿（4444字）
进度: 1601/2000 完成, 失败: 0
[2026-05-18 22:31:41] [Rewrite] 第1621章直接复制到终稿（3502字）
进度: 1602/2000 完成, 失败: 0
[2026-05-18 22:31:41] [Rewrite] 第1622章直接复制到终稿（5731字）
进度: 1603/2000 完成, 失败: 0
[2026-05-18 22:31:41] [Rewrite] 第1623章直接复制到终稿（5573字）
进度: 1604/2000 完成, 失败: 0
[2026-05-18 22:31:41] [Rewrite] 第1624章直接复制到终稿（4705字）
进度: 1605/2000 完成, 失败: 0
[2026-05-18 22:31:41] [Rewrite] 第1625章直接复制到终稿（5174字）
进度: 1606/2000 完成, 失败: 0
[2026-05-18 22:31:41] [Rewrite] 第1626章直接复制到终稿（3833字）
进度: 1607/2000 完成, 失败: 0
[2026-05-18 22:31:41] [Rewrite] 第1627章直接复制到终稿（3779字）
进度: 1608/2000 完成, 失败: 0
[2026-05-18 22:31:41] [Rewrite] 第1628章直接复制到终稿（4455字）
进度: 1609/2000 完成, 失败: 0
[2026-05-18 22:31:41] [Rewrite] 第1629章直接复制到终稿（4683字）
进度: 1610/2000 完成, 失败: 0
[2026-05-18 22:31:41] [Rewrite] 第1630章直接复制到终稿（4275字）
进度: 1611/2000 完成, 失败: 0
[2026-05-18 22:31:41] [Rewrite] 第1631章直接复制到终稿（5259字）
进度: 1612/2000 完成, 失败: 0
[2026-05-18 22:31:41] [Rewrite] 第1632章直接复制到终稿（4869字）
进度: 1613/2000 完成, 失败: 0
[2026-05-18 22:31:41] [Rewrite] 第1633章直接复制到终稿（8159字）
进度: 1614/2000 完成, 失败: 0
[2026-05-18 22:31:41] [Rewrite] 第1634章直接复制到终稿（3867字）
进度: 1615/2000 完成, 失败: 0
[2026-05-18 22:31:41] [Rewrite] 第1635章直接复制到终稿（7424字）
进度: 1616/2000 完成, 失败: 0
[2026-05-18 22:31:41] [Rewrite] 第1636章直接复制到终稿（4291字）
进度: 1617/2000 完成, 失败: 0
[2026-05-18 22:31:41] [Rewrite] 第1637章直接复制到终稿（5535字）
进度: 1618/2000 完成, 失败: 0
[2026-05-18 22:31:41] [Rewrite] 第1638章直接复制到终稿（4566字）
进度: 1619/2000 完成, 失败: 0
[2026-05-18 22:31:41] [Rewrite] 第1639章直接复制到终稿（5681字）
进度: 1620/2000 完成, 失败: 0
[2026-05-18 22:31:41] [Rewrite] 第1640章直接复制到终稿（5262字）
进度: 1621/2000 完成, 失败: 0
[2026-05-18 22:31:41] [Rewrite] 第1641章直接复制到终稿（3966字）
进度: 1622/2000 完成, 失败: 0
[2026-05-18 22:31:41] [Rewrite] 第1642章直接复制到终稿（7557字）
进度: 1623/2000 完成, 失败: 0
[2026-05-18 22:31:41] [Rewrite] 第1643章直接复制到终稿（4847字）
进度: 1624/2000 完成, 失败: 0
[2026-05-18 22:31:41] [Rewrite] 第1644章直接复制到终稿（4153字）
进度: 1625/2000 完成, 失败: 0
[2026-05-18 22:31:41] [Rewrite] 第1645章直接复制到终稿（5524字）
进度: 1626/2000 完成, 失败: 0
[2026-05-18 22:31:41] [Rewrite] 第1646章直接复制到终稿（4101字）
进度: 1627/2000 完成, 失败: 0
[2026-05-18 22:31:41] [Rewrite] 第1647章直接复制到终稿（4766字）
进度: 1628/2000 完成, 失败: 0
[2026-05-18 22:31:41] [Rewrite] 第1648章直接复制到终稿（4167字）
进度: 1629/2000 完成, 失败: 0
[2026-05-18 22:31:41] [Rewrite] 第1649章直接复制到终稿（4767字）
进度: 1630/2000 完成, 失败: 0
[2026-05-18 22:31:41] [Rewrite] 第1650章直接复制到终稿（4741字）
进度: 1631/2000 完成, 失败: 0
[2026-05-18 22:31:41] [Rewrite] 第1651章直接复制到终稿（5022字）
进度: 1632/2000 完成, 失败: 0
[2026-05-18 22:31:41] [Rewrite] 第1652章直接复制到终稿（4728字）
进度: 1633/2000 完成, 失败: 0
[2026-05-18 22:31:41] [Rewrite] 第1653章直接复制到终稿（4528字）
进度: 1634/2000 完成, 失败: 0
[2026-05-18 22:31:41] [Rewrite] 第1654章直接复制到终稿（4608字）
进度: 1635/2000 完成, 失败: 0
[2026-05-18 22:31:41] [Rewrite] 第1655章直接复制到终稿（4081字）
进度: 1636/2000 完成, 失败: 0
[2026-05-18 22:31:41] [Rewrite] 第1656章直接复制到终稿（4443字）
进度: 1637/2000 完成, 失败: 0
[2026-05-18 22:31:41] [Rewrite] 第1657章直接复制到终稿（4845字）
进度: 1638/2000 完成, 失败: 0
[2026-05-18 22:31:41] [Rewrite] 第1658章直接复制到终稿（5534字）
进度: 1639/2000 完成, 失败: 0
[2026-05-18 22:31:41] [Rewrite] 第1659章直接复制到终稿（6856字）
进度: 1640/2000 完成, 失败: 0
[2026-05-18 22:31:41] [Rewrite] 第1660章直接复制到终稿（4117字）
进度: 1641/2000 完成, 失败: 0
[2026-05-18 22:31:41] [Rewrite] 第1661章直接复制到终稿（5919字）
进度: 1642/2000 完成, 失败: 0
[2026-05-18 22:31:41] [Rewrite] 第1662章直接复制到终稿（4012字）
进度: 1643/2000 完成, 失败: 0
[2026-05-18 22:31:41] [Rewrite] 第1663章直接复制到终稿（4891字）
进度: 1644/2000 完成, 失败: 0
[2026-05-18 22:31:41] [Rewrite] 第1664章直接复制到终稿（3529字）
进度: 1645/2000 完成, 失败: 0
[2026-05-18 22:31:41] [Rewrite] 第1665章直接复制到终稿（4282字）
进度: 1646/2000 完成, 失败: 0
[2026-05-18 22:31:41] [Rewrite] 第1666章直接复制到终稿（4741字）
进度: 1647/2000 完成, 失败: 0
[2026-05-18 22:31:41] [Rewrite] 第1667章直接复制到终稿（5211字）
进度: 1648/2000 完成, 失败: 0
[2026-05-18 22:31:41] [Rewrite] 第1668章直接复制到终稿（5583字）
进度: 1649/2000 完成, 失败: 0
[2026-05-18 22:31:41] [Rewrite] 第1669章直接复制到终稿（4281字）
进度: 1650/2000 完成, 失败: 0
[2026-05-18 22:31:41] [Rewrite] 第1670章直接复制到终稿（5022字）
进度: 1651/2000 完成, 失败: 0
[2026-05-18 22:31:41] [Rewrite] 第1671章直接复制到终稿（6887字）
进度: 1652/2000 完成, 失败: 0
[2026-05-18 22:31:41] [Rewrite] 第1672章直接复制到终稿（6129字）
进度: 1653/2000 完成, 失败: 0
[2026-05-18 22:31:41] [Rewrite] 第1673章直接复制到终稿（4581字）
进度: 1654/2000 完成, 失败: 0
[2026-05-18 22:31:41] [Rewrite] 正在重写第1674章（初稿5179字，评分5.8）...
[2026-05-18 22:31:44] [Rewrite] 第730章终稿已保存（5662字）
进度: 1655/2000 完成, 失败: 0
[2026-05-18 22:31:44] [Rewrite] 第1675章直接复制到终稿（5746字）
进度: 1656/2000 完成, 失败: 0
[2026-05-18 22:31:44] [Rewrite] 第1676章直接复制到终稿（5685字）
进度: 1657/2000 完成, 失败: 0
[2026-05-18 22:31:44] [Rewrite] 第1677章直接复制到终稿（5492字）
进度: 1658/2000 完成, 失败: 0
[2026-05-18 22:31:44] [Rewrite] 第1678章直接复制到终稿（4514字）
进度: 1659/2000 完成, 失败: 0
[2026-05-18 22:31:44] [Rewrite] 第1679章直接复制到终稿（3523字）
进度: 1660/2000 完成, 失败: 0
[2026-05-18 22:31:44] [Rewrite] 第1680章直接复制到终稿（3144字）
进度: 1661/2000 完成, 失败: 0
[2026-05-18 22:31:44] [Rewrite] 第1681章直接复制到终稿（3664字）
进度: 1662/2000 完成, 失败: 0
[2026-05-18 22:31:44] [Rewrite] 第1682章直接复制到终稿（3118字）
进度: 1663/2000 完成, 失败: 0
[2026-05-18 22:31:44] [Rewrite] 第1683章直接复制到终稿（5792字）
进度: 1664/2000 完成, 失败: 0
[2026-05-18 22:31:44] [Rewrite] 第1684章直接复制到终稿（4195字）
进度: 1665/2000 完成, 失败: 0
[2026-05-18 22:31:44] [Rewrite] 第1685章直接复制到终稿（6270字）
进度: 1666/2000 完成, 失败: 0
[2026-05-18 22:31:44] [Rewrite] 第1686章直接复制到终稿（5458字）
进度: 1667/2000 完成, 失败: 0
[2026-05-18 22:31:44] [Rewrite] 第1687章直接复制到终稿（4473字）
进度: 1668/2000 完成, 失败: 0
[2026-05-18 22:31:44] [Rewrite] 第1688章直接复制到终稿（6020字）
进度: 1669/2000 完成, 失败: 0
[2026-05-18 22:31:44] [Rewrite] 第1689章直接复制到终稿（5505字）
进度: 1670/2000 完成, 失败: 0
[2026-05-18 22:31:44] [Rewrite] 第1690章直接复制到终稿（4555字）
进度: 1671/2000 完成, 失败: 0
[2026-05-18 22:31:44] [Rewrite] 第1691章直接复制到终稿（4411字）
进度: 1672/2000 完成, 失败: 0
[2026-05-18 22:31:44] [Rewrite] 第1692章直接复制到终稿（4988字）
进度: 1673/2000 完成, 失败: 0
[2026-05-18 22:31:44] [Rewrite] 第1693章直接复制到终稿（5364字）
进度: 1674/2000 完成, 失败: 0
[2026-05-18 22:31:44] [Rewrite] 第1694章直接复制到终稿（4642字）
进度: 1675/2000 完成, 失败: 0
[2026-05-18 22:31:44] [Rewrite] 第1695章直接复制到终稿（5346字）
进度: 1676/2000 完成, 失败: 0
[2026-05-18 22:31:44] [Rewrite] 第1696章直接复制到终稿（5556字）
进度: 1677/2000 完成, 失败: 0
[2026-05-18 22:31:44] [Rewrite] 第1697章直接复制到终稿（6426字）
进度: 1678/2000 完成, 失败: 0
[2026-05-18 22:31:44] [Rewrite] 第1698章直接复制到终稿（7555字）
进度: 1679/2000 完成, 失败: 0
[2026-05-18 22:31:44] [Rewrite] 第1699章直接复制到终稿（4764字）
进度: 1680/2000 完成, 失败: 0
[2026-05-18 22:31:44] [Rewrite] 第1700章直接复制到终稿（3647字）
进度: 1681/2000 完成, 失败: 0
[2026-05-18 22:31:44] [Rewrite] 第1701章直接复制到终稿（4632字）
进度: 1682/2000 完成, 失败: 0
[2026-05-18 22:31:44] [Rewrite] 第1702章直接复制到终稿（5856字）
进度: 1683/2000 完成, 失败: 0
[2026-05-18 22:31:44] [Rewrite] 第1703章直接复制到终稿（4803字）
进度: 1684/2000 完成, 失败: 0
[2026-05-18 22:31:44] [Rewrite] 第1704章直接复制到终稿（6118字）
进度: 1685/2000 完成, 失败: 0
[2026-05-18 22:31:44] [Rewrite] 第1705章直接复制到终稿（4291字）
进度: 1686/2000 完成, 失败: 0
[2026-05-18 22:31:44] [Rewrite] 第1706章直接复制到终稿（4459字）
进度: 1687/2000 完成, 失败: 0
[2026-05-18 22:31:44] [Rewrite] 第1707章直接复制到终稿（6182字）
进度: 1688/2000 完成, 失败: 0
[2026-05-18 22:31:44] [Rewrite] 第1708章直接复制到终稿（5920字）
进度: 1689/2000 完成, 失败: 0
[2026-05-18 22:31:44] [Rewrite] 第1709章直接复制到终稿（5175字）
进度: 1690/2000 完成, 失败: 0
[2026-05-18 22:31:44] [Rewrite] 第1710章直接复制到终稿（3354字）
进度: 1691/2000 完成, 失败: 0
[2026-05-18 22:31:44] [Rewrite] 第1711章直接复制到终稿（3857字）
进度: 1692/2000 完成, 失败: 0
[2026-05-18 22:31:44] [Rewrite] 第1712章直接复制到终稿（5610字）
进度: 1693/2000 完成, 失败: 0
[2026-05-18 22:31:44] [Rewrite] 第1713章直接复制到终稿（4608字）
进度: 1694/2000 完成, 失败: 0
[2026-05-18 22:31:44] [Rewrite] 第1714章直接复制到终稿（8311字）
进度: 1695/2000 完成, 失败: 0
[2026-05-18 22:31:44] [Rewrite] 第1715章直接复制到终稿（3797字）
进度: 1696/2000 完成, 失败: 0
[2026-05-18 22:31:44] [Rewrite] 第1716章直接复制到终稿（3886字）
进度: 1697/2000 完成, 失败: 0
[2026-05-18 22:31:44] [Rewrite] 第1717章直接复制到终稿（6282字）
进度: 1698/2000 完成, 失败: 0
[2026-05-18 22:31:44] [Rewrite] 第1718章直接复制到终稿（5402字）
进度: 1699/2000 完成, 失败: 0
[2026-05-18 22:31:44] [Rewrite] 第1719章直接复制到终稿（5491字）
进度: 1700/2000 完成, 失败: 0
[2026-05-18 22:31:44] [Rewrite] 第1720章直接复制到终稿（4932字）
进度: 1701/2000 完成, 失败: 0
[2026-05-18 22:31:44] [Rewrite] 第1721章直接复制到终稿（5596字）
进度: 1702/2000 完成, 失败: 0
[2026-05-18 22:31:44] [Rewrite] 第1722章直接复制到终稿（5214字）
进度: 1703/2000 完成, 失败: 0
[2026-05-18 22:31:44] [Rewrite] 第1723章直接复制到终稿（4775字）
进度: 1704/2000 完成, 失败: 0
[2026-05-18 22:31:44] [Rewrite] 第1724章直接复制到终稿（4782字）
进度: 1705/2000 完成, 失败: 0
[2026-05-18 22:31:44] [Rewrite] 第1725章直接复制到终稿（4550字）
进度: 1706/2000 完成, 失败: 0
[2026-05-18 22:31:44] [Rewrite] 第1726章直接复制到终稿（4233字）
进度: 1707/2000 完成, 失败: 0
[2026-05-18 22:31:44] [Rewrite] 第1727章直接复制到终稿（6825字）
进度: 1708/2000 完成, 失败: 0
[2026-05-18 22:31:44] [Rewrite] 第1728章直接复制到终稿（4666字）
进度: 1709/2000 完成, 失败: 0
[2026-05-18 22:31:44] [Rewrite] 第1729章直接复制到终稿（5101字）
进度: 1710/2000 完成, 失败: 0
[2026-05-18 22:31:44] [Rewrite] 第1730章直接复制到终稿（4538字）
进度: 1711/2000 完成, 失败: 0
[2026-05-18 22:31:44] [Rewrite] 第1731章直接复制到终稿（6039字）
进度: 1712/2000 完成, 失败: 0
[2026-05-18 22:31:44] [Rewrite] 第1732章直接复制到终稿（4152字）
进度: 1713/2000 完成, 失败: 0
[2026-05-18 22:31:44] [Rewrite] 第1733章直接复制到终稿（5784字）
进度: 1714/2000 完成, 失败: 0
[2026-05-18 22:31:44] [Rewrite] 第1734章直接复制到终稿（3887字）
进度: 1715/2000 完成, 失败: 0
[2026-05-18 22:31:44] [Rewrite] 第1735章直接复制到终稿（5379字）
进度: 1716/2000 完成, 失败: 0
[2026-05-18 22:31:44] [Rewrite] 第1736章直接复制到终稿（6557字）
进度: 1717/2000 完成, 失败: 0
[2026-05-18 22:31:44] [Rewrite] 第1737章直接复制到终稿（5493字）
进度: 1718/2000 完成, 失败: 0
[2026-05-18 22:31:44] [Rewrite] 正在重写第1738章（初稿4456字，评分6.8）...
[2026-05-18 22:31:45] [Rewrite] 第474章终稿已保存（6858字）
进度: 1719/2000 完成, 失败: 0
[2026-05-18 22:31:45] [Rewrite] 第1739章直接复制到终稿（3735字）
进度: 1720/2000 完成, 失败: 0
[2026-05-18 22:31:45] [Rewrite] 第1740章直接复制到终稿（4199字）
进度: 1721/2000 完成, 失败: 0
[2026-05-18 22:31:45] [Rewrite] 第1741章直接复制到终稿（5414字）
进度: 1722/2000 完成, 失败: 0
[2026-05-18 22:31:45] [Rewrite] 第1742章直接复制到终稿（6147字）
进度: 1723/2000 完成, 失败: 0
[2026-05-18 22:31:45] [Rewrite] 第1743章直接复制到终稿（4934字）
进度: 1724/2000 完成, 失败: 0
[2026-05-18 22:31:45] [Rewrite] 第1744章直接复制到终稿（3887字）
进度: 1725/2000 完成, 失败: 0
[2026-05-18 22:31:45] [Rewrite] 第1745章直接复制到终稿（3930字）
进度: 1726/2000 完成, 失败: 0
[2026-05-18 22:31:45] [Rewrite] 第1746章直接复制到终稿（4339字）
进度: 1727/2000 完成, 失败: 0
[2026-05-18 22:31:45] [Rewrite] 第1747章直接复制到终稿（5732字）
进度: 1728/2000 完成, 失败: 0
[2026-05-18 22:31:45] [Rewrite] 第1748章直接复制到终稿（3358字）
进度: 1729/2000 完成, 失败: 0
[2026-05-18 22:31:45] [Rewrite] 第1749章直接复制到终稿（6329字）
进度: 1730/2000 完成, 失败: 0
[2026-05-18 22:31:45] [Rewrite] 第1750章直接复制到终稿（4742字）
进度: 1731/2000 完成, 失败: 0
[2026-05-18 22:31:45] [Rewrite] 第1751章直接复制到终稿（5235字）
进度: 1732/2000 完成, 失败: 0
[2026-05-18 22:31:45] [Rewrite] 第1752章直接复制到终稿（5031字）
进度: 1733/2000 完成, 失败: 0
[2026-05-18 22:31:45] [Rewrite] 第1753章直接复制到终稿（4634字）
进度: 1734/2000 完成, 失败: 0
[2026-05-18 22:31:45] [Rewrite] 第1754章直接复制到终稿（4512字）
进度: 1735/2000 完成, 失败: 0
[2026-05-18 22:31:45] [Rewrite] 第1755章直接复制到终稿（4682字）
进度: 1736/2000 完成, 失败: 0
[2026-05-18 22:31:45] [Rewrite] 第1756章直接复制到终稿（4640字）
进度: 1737/2000 完成, 失败: 0
[2026-05-18 22:31:45] [Rewrite] 第1757章直接复制到终稿（4374字）
进度: 1738/2000 完成, 失败: 0
[2026-05-18 22:31:45] [Rewrite] 第1758章直接复制到终稿（4894字）
进度: 1739/2000 完成, 失败: 0
[2026-05-18 22:31:45] [Rewrite] 第1759章直接复制到终稿（5631字）
进度: 1740/2000 完成, 失败: 0
[2026-05-18 22:31:45] [Rewrite] 第1760章直接复制到终稿（4100字）
进度: 1741/2000 完成, 失败: 0
[2026-05-18 22:31:45] [Rewrite] 第1761章直接复制到终稿（7832字）
进度: 1742/2000 完成, 失败: 0
[2026-05-18 22:31:45] [Rewrite] 第1762章直接复制到终稿（9470字）
进度: 1743/2000 完成, 失败: 0
[2026-05-18 22:31:45] [Rewrite] 第1763章直接复制到终稿（3817字）
进度: 1744/2000 完成, 失败: 0
[2026-05-18 22:31:45] [Rewrite] 第1764章直接复制到终稿（4332字）
进度: 1745/2000 完成, 失败: 0
[2026-05-18 22:31:45] [Rewrite] 第1765章直接复制到终稿（5466字）
进度: 1746/2000 完成, 失败: 0
[2026-05-18 22:31:45] [Rewrite] 第1766章直接复制到终稿（3763字）
进度: 1747/2000 完成, 失败: 0
[2026-05-18 22:31:45] [Rewrite] 第1767章直接复制到终稿（3984字）
进度: 1748/2000 完成, 失败: 0
[2026-05-18 22:31:45] [Rewrite] 第1768章直接复制到终稿（5682字）
进度: 1749/2000 完成, 失败: 0
[2026-05-18 22:31:45] [Rewrite] 正在重写第1769章（初稿4594字，评分6.5）...
[2026-05-18 22:31:49] [Rewrite] 第495章终稿已保存（5144字）
进度: 1750/2000 完成, 失败: 0
[2026-05-18 22:31:49] [Rewrite] 第1770章直接复制到终稿（4830字）
进度: 1751/2000 完成, 失败: 0
[2026-05-18 22:31:49] [Rewrite] 第1771章直接复制到终稿（5578字）
进度: 1752/2000 完成, 失败: 0
[2026-05-18 22:31:49] [Rewrite] 第1772章直接复制到终稿（4740字）
进度: 1753/2000 完成, 失败: 0
[2026-05-18 22:31:49] [Rewrite] 第1773章直接复制到终稿（4250字）
进度: 1754/2000 完成, 失败: 0
[2026-05-18 22:31:49] [Rewrite] 第1774章直接复制到终稿（4803字）
进度: 1755/2000 完成, 失败: 0
[2026-05-18 22:31:49] [Rewrite] 第1775章直接复制到终稿（3614字）
进度: 1756/2000 完成, 失败: 0
[2026-05-18 22:31:49] [Rewrite] 第1776章直接复制到终稿（4072字）
进度: 1757/2000 完成, 失败: 0
[2026-05-18 22:31:49] [Rewrite] 第1777章直接复制到终稿（4176字）
进度: 1758/2000 完成, 失败: 0
[2026-05-18 22:31:49] [Rewrite] 第1778章直接复制到终稿（3633字）
进度: 1759/2000 完成, 失败: 0
[2026-05-18 22:31:49] [Rewrite] 第1779章直接复制到终稿（5453字）
进度: 1760/2000 完成, 失败: 0
[2026-05-18 22:31:49] [Rewrite] 第1780章直接复制到终稿（5708字）
进度: 1761/2000 完成, 失败: 0
[2026-05-18 22:31:49] [Rewrite] 第1781章直接复制到终稿（4397字）
进度: 1762/2000 完成, 失败: 0
[2026-05-18 22:31:49] [Rewrite] 第1782章直接复制到终稿（3819字）
进度: 1763/2000 完成, 失败: 0
[2026-05-18 22:31:49] [Rewrite] 第1783章直接复制到终稿（5215字）
进度: 1764/2000 完成, 失败: 0
[2026-05-18 22:31:49] [Rewrite] 第1784章直接复制到终稿（6574字）
进度: 1765/2000 完成, 失败: 0
[2026-05-18 22:31:49] [Rewrite] 第1785章直接复制到终稿（7686字）
进度: 1766/2000 完成, 失败: 0
[2026-05-18 22:31:49] [Rewrite] 第1786章直接复制到终稿（3951字）
进度: 1767/2000 完成, 失败: 0
[2026-05-18 22:31:49] [Rewrite] 第1787章直接复制到终稿（5516字）
进度: 1768/2000 完成, 失败: 0
[2026-05-18 22:31:49] [Rewrite] 第1788章直接复制到终稿（6347字）
进度: 1769/2000 完成, 失败: 0
[2026-05-18 22:31:49] [Rewrite] 第1789章直接复制到终稿（5069字）
进度: 1770/2000 完成, 失败: 0
[2026-05-18 22:31:49] [Rewrite] 第1790章直接复制到终稿（4900字）
进度: 1771/2000 完成, 失败: 0
[2026-05-18 22:31:49] [Rewrite] 第1791章直接复制到终稿（3137字）
进度: 1772/2000 完成, 失败: 0
[2026-05-18 22:31:49] [Rewrite] 第1792章直接复制到终稿（4857字）
进度: 1773/2000 完成, 失败: 0
[2026-05-18 22:31:49] [Rewrite] 第1793章直接复制到终稿（3988字）
进度: 1774/2000 完成, 失败: 0
[2026-05-18 22:31:49] [Rewrite] 第1794章直接复制到终稿（4061字）
进度: 1775/2000 完成, 失败: 0
[2026-05-18 22:31:49] [Rewrite] 第1795章直接复制到终稿（3798字）
进度: 1776/2000 完成, 失败: 0
[2026-05-18 22:31:49] [Rewrite] 第1796章直接复制到终稿（4524字）
进度: 1777/2000 完成, 失败: 0
[2026-05-18 22:31:49] [Rewrite] 第1797章直接复制到终稿（8009字）
进度: 1778/2000 完成, 失败: 0
[2026-05-18 22:31:49] [Rewrite] 第1798章直接复制到终稿（4976字）
进度: 1779/2000 完成, 失败: 0
[2026-05-18 22:31:49] [Rewrite] 第1799章直接复制到终稿（4819字）
进度: 1780/2000 完成, 失败: 0
[2026-05-18 22:31:49] [Rewrite] 第1800章直接复制到终稿（2826字）
进度: 1781/2000 完成, 失败: 0
[2026-05-18 22:31:49] [Rewrite] 第1801章直接复制到终稿（5429字）
进度: 1782/2000 完成, 失败: 0
[2026-05-18 22:31:49] [Rewrite] 第1802章直接复制到终稿（8207字）
进度: 1783/2000 完成, 失败: 0
[2026-05-18 22:31:49] [Rewrite] 第1803章直接复制到终稿（3857字）
进度: 1784/2000 完成, 失败: 0
[2026-05-18 22:31:49] [Rewrite] 第1804章直接复制到终稿（4816字）
进度: 1785/2000 完成, 失败: 0
[2026-05-18 22:31:49] [Rewrite] 第1805章直接复制到终稿（4468字）
进度: 1786/2000 完成, 失败: 0
[2026-05-18 22:31:49] [Rewrite] 第1806章直接复制到终稿（4485字）
进度: 1787/2000 完成, 失败: 0
[2026-05-18 22:31:49] [Rewrite] 第1807章直接复制到终稿（4764字）
进度: 1788/2000 完成, 失败: 0
[2026-05-18 22:31:49] [Rewrite] 第1808章直接复制到终稿（4291字）
进度: 1789/2000 完成, 失败: 0
[2026-05-18 22:31:49] [Rewrite] 第1809章直接复制到终稿（5076字）
进度: 1790/2000 完成, 失败: 0
[2026-05-18 22:31:49] [Rewrite] 第1810章直接复制到终稿（5072字）
进度: 1791/2000 完成, 失败: 0
[2026-05-18 22:31:49] [Rewrite] 第1811章直接复制到终稿（6301字）
进度: 1792/2000 完成, 失败: 0
[2026-05-18 22:31:49] [Rewrite] 第1812章直接复制到终稿（5192字）
进度: 1793/2000 完成, 失败: 0
[2026-05-18 22:31:49] [Rewrite] 第306章终稿已保存（6589字）
进度: 1794/2000 完成, 失败: 0
[2026-05-18 22:31:49] [Rewrite] 第1813章直接复制到终稿（4709字）
进度: 1795/2000 完成, 失败: 0
[2026-05-18 22:31:49] [Rewrite] 第1814章直接复制到终稿（8145字）
进度: 1796/2000 完成, 失败: 0
[2026-05-18 22:31:49] [Rewrite] 第1815章直接复制到终稿（5246字）
进度: 1797/2000 完成, 失败: 0
[2026-05-18 22:31:49] [Rewrite] 第1816章直接复制到终稿（4806字）
进度: 1798/2000 完成, 失败: 0
[2026-05-18 22:31:49] [Rewrite] 第1817章直接复制到终稿（4489字）
进度: 1799/2000 完成, 失败: 0
[2026-05-18 22:31:49] [Rewrite] 第1818章直接复制到终稿（4797字）
进度: 1800/2000 完成, 失败: 0
[2026-05-18 22:31:49] [Rewrite] 第1819章直接复制到终稿（4437字）
进度: 1801/2000 完成, 失败: 0
[2026-05-18 22:31:49] [Rewrite] 第1820章直接复制到终稿（5738字）
进度: 1802/2000 完成, 失败: 0
[2026-05-18 22:31:49] [Rewrite] 第1821章直接复制到终稿（5743字）
进度: 1803/2000 完成, 失败: 0
[2026-05-18 22:31:49] [Rewrite] 第1822章直接复制到终稿（4955字）
进度: 1804/2000 完成, 失败: 0
[2026-05-18 22:31:49] [Rewrite] 第1823章直接复制到终稿（4903字）
进度: 1805/2000 完成, 失败: 0
[2026-05-18 22:31:49] [Rewrite] 第1824章直接复制到终稿（4586字）
进度: 1806/2000 完成, 失败: 0
[2026-05-18 22:31:49] [Rewrite] 第1825章直接复制到终稿（4285字）
进度: 1807/2000 完成, 失败: 0
[2026-05-18 22:31:49] [Rewrite] 第1826章直接复制到终稿（7051字）
进度: 1808/2000 完成, 失败: 0
[2026-05-18 22:31:49] [Rewrite] 第1827章直接复制到终稿（5363字）
进度: 1809/2000 完成, 失败: 0
[2026-05-18 22:31:49] [Rewrite] 第1828章直接复制到终稿（7442字）
进度: 1810/2000 完成, 失败: 0
[2026-05-18 22:31:49] [Rewrite] 第1829章直接复制到终稿（5075字）
进度: 1811/2000 完成, 失败: 0
[2026-05-18 22:31:49] [Rewrite] 第1830章直接复制到终稿（4643字）
进度: 1812/2000 完成, 失败: 0
[2026-05-18 22:31:49] [Rewrite] 第1831章直接复制到终稿（4145字）
进度: 1813/2000 完成, 失败: 0
[2026-05-18 22:31:49] [Rewrite] 第1832章直接复制到终稿（4493字）
进度: 1814/2000 完成, 失败: 0
[2026-05-18 22:31:49] [Rewrite] 第1833章直接复制到终稿（4630字）
进度: 1815/2000 完成, 失败: 0
[2026-05-18 22:31:49] [Rewrite] 第1834章直接复制到终稿（5193字）
进度: 1816/2000 完成, 失败: 0
[2026-05-18 22:31:49] [Rewrite] 第1835章直接复制到终稿（4849字）
进度: 1817/2000 完成, 失败: 0
[2026-05-18 22:31:49] [Rewrite] 第1836章直接复制到终稿（5278字）
进度: 1818/2000 完成, 失败: 0
[2026-05-18 22:31:49] [Rewrite] 第1837章直接复制到终稿（4642字）
进度: 1819/2000 完成, 失败: 0
[2026-05-18 22:31:49] [Rewrite] 第1838章直接复制到终稿（6101字）
进度: 1820/2000 完成, 失败: 0
[2026-05-18 22:31:49] [Rewrite] 第1839章直接复制到终稿（6258字）
进度: 1821/2000 完成, 失败: 0
[2026-05-18 22:31:49] [Rewrite] 第1840章直接复制到终稿（5967字）
进度: 1822/2000 完成, 失败: 0
[2026-05-18 22:31:49] [Rewrite] 第1841章直接复制到终稿（6621字）
进度: 1823/2000 完成, 失败: 0
[2026-05-18 22:31:49] [Rewrite] 第1842章直接复制到终稿（3566字）
进度: 1824/2000 完成, 失败: 0
[2026-05-18 22:31:49] [Rewrite] 第1843章直接复制到终稿（6662字）
进度: 1825/2000 完成, 失败: 0
[2026-05-18 22:31:49] [Rewrite] 第1844章直接复制到终稿（8146字）
[2026-05-18 22:31:49] [Rewrite] 第1845章直接复制到终稿（4679字）
进度: 1826/2000 完成, 失败: 0
进度: 1827/2000 完成, 失败: 0
[2026-05-18 22:31:49] [Rewrite] 第1846章直接复制到终稿（8075字）
[2026-05-18 22:31:49] [Rewrite] 第1847章直接复制到终稿（4570字）
进度: 1828/2000 完成, 失败: 0
进度: 1829/2000 完成, 失败: 0
[2026-05-18 22:31:49] [Rewrite] 第1848章直接复制到终稿（3954字）
[2026-05-18 22:31:49] [Rewrite] 第1849章直接复制到终稿（4492字）
进度: 1830/2000 完成, 失败: 0
进度: 1831/2000 完成, 失败: 0
[2026-05-18 22:31:49] [Rewrite] 第1850章直接复制到终稿（4027字）
[2026-05-18 22:31:49] [Rewrite] 第1851章直接复制到终稿（5024字）
进度: 1832/2000 完成, 失败: 0
进度: 1833/2000 完成, 失败: 0
[2026-05-18 22:31:49] [Rewrite] 第1852章直接复制到终稿（7211字）
[2026-05-18 22:31:49] [Rewrite] 第1853章直接复制到终稿（9590字）
进度: 1834/2000 完成, 失败: 0
进度: 1835/2000 完成, 失败: 0
[2026-05-18 22:31:49] [Rewrite] 第1854章直接复制到终稿（8634字）
进度: 1836/2000 完成, 失败: 0
[2026-05-18 22:31:49] [Rewrite] 第1855章直接复制到终稿（3824字）
[2026-05-18 22:31:49] [Rewrite] 第1856章直接复制到终稿（6139字）
进度: 1837/2000 完成, 失败: 0
进度: 1838/2000 完成, 失败: 0
[2026-05-18 22:31:49] [Rewrite] 第1857章直接复制到终稿（4224字）
进度: 1839/2000 完成, 失败: 0
[2026-05-18 22:31:49] [Rewrite] 第1858章直接复制到终稿（5122字）
进度: 1840/2000 完成, 失败: 0
[2026-05-18 22:31:49] [Rewrite] 第1859章直接复制到终稿（5234字）
进度: 1841/2000 完成, 失败: 0
[2026-05-18 22:31:49] [Rewrite] 第1860章直接复制到终稿（4969字）
进度: 1842/2000 完成, 失败: 0
[2026-05-18 22:31:49] [Rewrite] 第1861章直接复制到终稿（3841字）
进度: 1843/2000 完成, 失败: 0
[2026-05-18 22:31:49] [Rewrite] 第1862章直接复制到终稿（6044字）
进度: 1844/2000 完成, 失败: 0
[2026-05-18 22:31:49] [Rewrite] 第1863章直接复制到终稿（2826字）
进度: 1845/2000 完成, 失败: 0
[2026-05-18 22:31:49] [Rewrite] 第1864章直接复制到终稿（5204字）
进度: 1846/2000 完成, 失败: 0
[2026-05-18 22:31:49] [Rewrite] 第1865章直接复制到终稿（5015字）
进度: 1847/2000 完成, 失败: 0
[2026-05-18 22:31:49] [Rewrite] 第1866章直接复制到终稿（5836字）
进度: 1848/2000 完成, 失败: 0
[2026-05-18 22:31:49] [Rewrite] 第1867章直接复制到终稿（4600字）
进度: 1849/2000 完成, 失败: 0
[2026-05-18 22:31:49] [Rewrite] 第1868章直接复制到终稿（7331字）
进度: 1850/2000 完成, 失败: 0
[2026-05-18 22:31:49] [Rewrite] 第1869章直接复制到终稿（5244字）
进度: 1851/2000 完成, 失败: 0
[2026-05-18 22:31:49] [Rewrite] 第1870章直接复制到终稿（4341字）
进度: 1852/2000 完成, 失败: 0
[2026-05-18 22:31:49] [Rewrite] 第1871章直接复制到终稿（4748字）
进度: 1853/2000 完成, 失败: 0
[2026-05-18 22:31:49] [Rewrite] 第1872章直接复制到终稿（5562字）
进度: 1854/2000 完成, 失败: 0
[2026-05-18 22:31:49] [Rewrite] 第1873章直接复制到终稿（5694字）
进度: 1855/2000 完成, 失败: 0
[2026-05-18 22:31:49] [Rewrite] 第1874章直接复制到终稿（4801字）
进度: 1856/2000 完成, 失败: 0
[2026-05-18 22:31:49] [Rewrite] 第1875章直接复制到终稿（3733字）
进度: 1857/2000 完成, 失败: 0
[2026-05-18 22:31:49] [Rewrite] 第1876章直接复制到终稿（6203字）
进度: 1858/2000 完成, 失败: 0
[2026-05-18 22:31:49] [Rewrite] 第1877章直接复制到终稿（5980字）
进度: 1859/2000 完成, 失败: 0
[2026-05-18 22:31:49] [Rewrite] 第1878章直接复制到终稿（6819字）
[2026-05-18 22:31:49] [Rewrite] 第1879章直接复制到终稿（7158字）
进度: 1860/2000 完成, 失败: 0
进度: 1861/2000 完成, 失败: 0
[2026-05-18 22:31:49] [Rewrite] 第1880章直接复制到终稿（4366字）
进度: 1862/2000 完成, 失败: 0
[2026-05-18 22:31:49] [Rewrite] 第1881章直接复制到终稿（4682字）
进度: 1863/2000 完成, 失败: 0
[2026-05-18 22:31:49] [Rewrite] 第1882章直接复制到终稿（5327字）
进度: 1864/2000 完成, 失败: 0
[2026-05-18 22:31:49] [Rewrite] 第1883章直接复制到终稿（5010字）
[2026-05-18 22:31:49] [Rewrite] 第1884章直接复制到终稿（4847字）
进度: 1865/2000 完成, 失败: 0
进度: 1866/2000 完成, 失败: 0
[2026-05-18 22:31:49] [Rewrite] 第1885章直接复制到终稿（4865字）
[2026-05-18 22:31:49] [Rewrite] 第1886章直接复制到终稿（7038字）
进度: 1867/2000 完成, 失败: 0
进度: 1868/2000 完成, 失败: 0
[2026-05-18 22:31:49] [Rewrite] 第1887章直接复制到终稿（5421字）
[2026-05-18 22:31:49] [Rewrite] 第1888章直接复制到终稿（5089字）
进度: 1869/2000 完成, 失败: 0
进度: 1870/2000 完成, 失败: 0
[2026-05-18 22:31:49] [Rewrite] 第1889章直接复制到终稿（4166字）
进度: 1871/2000 完成, 失败: 0
[2026-05-18 22:31:49] [Rewrite] 第1890章直接复制到终稿（6313字）
进度: 1872/2000 完成, 失败: 0
[2026-05-18 22:31:49] [Rewrite] 第1891章直接复制到终稿（4333字）
进度: 1873/2000 完成, 失败: 0
[2026-05-18 22:31:49] [Rewrite] 第1892章直接复制到终稿（4924字）
[2026-05-18 22:31:49] [Rewrite] 第1893章直接复制到终稿（3962字）
进度: 1874/2000 完成, 失败: 0
进度: 1875/2000 完成, 失败: 0
[2026-05-18 22:31:49] [Rewrite] 第1894章直接复制到终稿（3944字）
进度: 1876/2000 完成, 失败: 0
[2026-05-18 22:31:49] [Rewrite] 第1895章直接复制到终稿（5803字）
进度: 1877/2000 完成, 失败: 0
[2026-05-18 22:31:49] [Rewrite] 第1896章直接复制到终稿（6143字）
[2026-05-18 22:31:49] [Rewrite] 正在重写第1897章（初稿8011字，评分6.5）...
进度: 1878/2000 完成, 失败: 0
[2026-05-18 22:31:49] [Rewrite] 第1898章直接复制到终稿（6643字）
进度: 1879/2000 完成, 失败: 0
[2026-05-18 22:31:49] [Rewrite] 第1899章直接复制到终稿（4527字）
进度: 1880/2000 完成, 失败: 0
[2026-05-18 22:31:49] [Rewrite] 第1900章直接复制到终稿（4248字）
进度: 1881/2000 完成, 失败: 0
[2026-05-18 22:31:49] [Rewrite] 第1901章直接复制到终稿（5246字）
进度: 1882/2000 完成, 失败: 0
[2026-05-18 22:31:49] [Rewrite] 第1902章直接复制到终稿（4732字）
进度: 1883/2000 完成, 失败: 0
[2026-05-18 22:31:49] [Rewrite] 第1903章直接复制到终稿（4963字）
进度: 1884/2000 完成, 失败: 0
[2026-05-18 22:31:49] [Rewrite] 第1904章直接复制到终稿（5021字）
进度: 1885/2000 完成, 失败: 0
[2026-05-18 22:31:49] [Rewrite] 第1905章直接复制到终稿（3720字）
进度: 1886/2000 完成, 失败: 0
[2026-05-18 22:31:49] [Rewrite] 第1906章直接复制到终稿（5959字）
进度: 1887/2000 完成, 失败: 0
[2026-05-18 22:31:49] [Rewrite] 第1907章直接复制到终稿（4829字）
进度: 1888/2000 完成, 失败: 0
[2026-05-18 22:31:49] [Rewrite] 第1908章直接复制到终稿（4386字）
进度: 1889/2000 完成, 失败: 0
[2026-05-18 22:31:49] [Rewrite] 第1909章直接复制到终稿（4366字）
进度: 1890/2000 完成, 失败: 0
[2026-05-18 22:31:49] [Rewrite] 第1910章直接复制到终稿（4646字）
进度: 1891/2000 完成, 失败: 0
[2026-05-18 22:31:49] [Rewrite] 第1911章直接复制到终稿（4718字）
进度: 1892/2000 完成, 失败: 0
[2026-05-18 22:31:49] [Rewrite] 第1912章直接复制到终稿（4436字）
进度: 1893/2000 完成, 失败: 0
[2026-05-18 22:31:49] [Rewrite] 第1913章直接复制到终稿（6387字）
进度: 1894/2000 完成, 失败: 0
[2026-05-18 22:31:49] [Rewrite] 第1914章直接复制到终稿（4058字）
进度: 1895/2000 完成, 失败: 0
[2026-05-18 22:31:49] [Rewrite] 第1915章直接复制到终稿（3859字）
进度: 1896/2000 完成, 失败: 0
[2026-05-18 22:31:49] [Rewrite] 正在重写第1916章（初稿3285字，评分6.8）...
[2026-05-18 22:31:50] [Rewrite] 第375章终稿已保存（7480字）
进度: 1897/2000 完成, 失败: 0
[2026-05-18 22:31:50] [Rewrite] 第1917章直接复制到终稿（4736字）
进度: 1898/2000 完成, 失败: 0
[2026-05-18 22:31:50] [Rewrite] 第1918章直接复制到终稿（4745字）
进度: 1899/2000 完成, 失败: 0
[2026-05-18 22:31:50] [Rewrite] 第1919章直接复制到终稿（5971字）
进度: 1900/2000 完成, 失败: 0
[2026-05-18 22:31:50] [Rewrite] 第1920章直接复制到终稿（5630字）
进度: 1901/2000 完成, 失败: 0
[2026-05-18 22:31:50] [Rewrite] 第1921章直接复制到终稿（6059字）
进度: 1902/2000 完成, 失败: 0
[2026-05-18 22:31:50] [Rewrite] 第1922章直接复制到终稿（5731字）
进度: 1903/2000 完成, 失败: 0
[2026-05-18 22:31:50] [Rewrite] 第1923章直接复制到终稿（3433字）
进度: 1904/2000 完成, 失败: 0
[2026-05-18 22:31:50] [Rewrite] 第1924章直接复制到终稿（5616字）
进度: 1905/2000 完成, 失败: 0
[2026-05-18 22:31:50] [Rewrite] 第1925章直接复制到终稿（4542字）
进度: 1906/2000 完成, 失败: 0
[2026-05-18 22:31:50] [Rewrite] 第1926章直接复制到终稿（7434字）
进度: 1907/2000 完成, 失败: 0
[2026-05-18 22:31:50] [Rewrite] 第1927章直接复制到终稿（6827字）
进度: 1908/2000 完成, 失败: 0
[2026-05-18 22:31:50] [Rewrite] 第1928章直接复制到终稿（4029字）
进度: 1909/2000 完成, 失败: 0
[2026-05-18 22:31:50] [Rewrite] 第1929章直接复制到终稿（4444字）
进度: 1910/2000 完成, 失败: 0
[2026-05-18 22:31:50] [Rewrite] 第1930章直接复制到终稿（3803字）
进度: 1911/2000 完成, 失败: 0
[2026-05-18 22:31:50] [Rewrite] 第1931章直接复制到终稿（4342字）
进度: 1912/2000 完成, 失败: 0
[2026-05-18 22:31:50] [Rewrite] 第1932章直接复制到终稿（4806字）
进度: 1913/2000 完成, 失败: 0
[2026-05-18 22:31:50] [Rewrite] 第1933章直接复制到终稿（4816字）
进度: 1914/2000 完成, 失败: 0
[2026-05-18 22:31:50] [Rewrite] 第1934章直接复制到终稿（3694字）
进度: 1915/2000 完成, 失败: 0
[2026-05-18 22:31:50] [Rewrite] 第1935章直接复制到终稿（4060字）
进度: 1916/2000 完成, 失败: 0
[2026-05-18 22:31:50] [Rewrite] 第1936章直接复制到终稿（4817字）
进度: 1917/2000 完成, 失败: 0
[2026-05-18 22:31:50] [Rewrite] 第1937章直接复制到终稿（4166字）
进度: 1918/2000 完成, 失败: 0
[2026-05-18 22:31:50] [Rewrite] 第1938章直接复制到终稿（5015字）
进度: 1919/2000 完成, 失败: 0
[2026-05-18 22:31:50] [Rewrite] 第1939章直接复制到终稿（4949字）
进度: 1920/2000 完成, 失败: 0
[2026-05-18 22:31:50] [Rewrite] 第1940章直接复制到终稿（4300字）
进度: 1921/2000 完成, 失败: 0
[2026-05-18 22:31:50] [Rewrite] 第1941章直接复制到终稿（4493字）
进度: 1922/2000 完成, 失败: 0
[2026-05-18 22:31:50] [Rewrite] 第1942章直接复制到终稿（6710字）
进度: 1923/2000 完成, 失败: 0
[2026-05-18 22:31:50] [Rewrite] 第1943章直接复制到终稿（5349字）
进度: 1924/2000 完成, 失败: 0
[2026-05-18 22:31:50] [Rewrite] 第1944章直接复制到终稿（3617字）
进度: 1925/2000 完成, 失败: 0
[2026-05-18 22:31:50] [Rewrite] 第1945章直接复制到终稿（6123字）
进度: 1926/2000 完成, 失败: 0
[2026-05-18 22:31:50] [Rewrite] 第1946章直接复制到终稿（5100字）
进度: 1927/2000 完成, 失败: 0
[2026-05-18 22:31:50] [Rewrite] 第1947章直接复制到终稿（4649字）
进度: 1928/2000 完成, 失败: 0
[2026-05-18 22:31:50] [Rewrite] 第1948章直接复制到终稿（7596字）
进度: 1929/2000 完成, 失败: 0
[2026-05-18 22:31:50] [Rewrite] 第1949章直接复制到终稿（6069字）
进度: 1930/2000 完成, 失败: 0
[2026-05-18 22:31:50] [Rewrite] 第1950章直接复制到终稿（6696字）
进度: 1931/2000 完成, 失败: 0
[2026-05-18 22:31:50] [Rewrite] 第1951章直接复制到终稿（3635字）
进度: 1932/2000 完成, 失败: 0
[2026-05-18 22:31:50] [Rewrite] 第1952章直接复制到终稿（4176字）
进度: 1933/2000 完成, 失败: 0
[2026-05-18 22:31:50] [Rewrite] 第1953章直接复制到终稿（4731字）
进度: 1934/2000 完成, 失败: 0
[2026-05-18 22:31:50] [Rewrite] 第1954章直接复制到终稿（3756字）
进度: 1935/2000 完成, 失败: 0
[2026-05-18 22:31:50] [Rewrite] 第1955章直接复制到终稿（4885字）
进度: 1936/2000 完成, 失败: 0
[2026-05-18 22:31:50] [Rewrite] 第1956章直接复制到终稿（4642字）
进度: 1937/2000 完成, 失败: 0
[2026-05-18 22:31:50] [Rewrite] 第1957章直接复制到终稿（6437字）
进度: 1938/2000 完成, 失败: 0
[2026-05-18 22:31:50] [Rewrite] 第1958章直接复制到终稿（4872字）
进度: 1939/2000 完成, 失败: 0
[2026-05-18 22:31:50] [Rewrite] 第1959章直接复制到终稿（5014字）
进度: 1940/2000 完成, 失败: 0
[2026-05-18 22:31:50] [Rewrite] 第1960章直接复制到终稿（5663字）
进度: 1941/2000 完成, 失败: 0
[2026-05-18 22:31:50] [Rewrite] 第1961章直接复制到终稿（6634字）
进度: 1942/2000 完成, 失败: 0
[2026-05-18 22:31:50] [Rewrite] 第1962章直接复制到终稿（4484字）
进度: 1943/2000 完成, 失败: 0
[2026-05-18 22:31:50] [Rewrite] 第1963章直接复制到终稿（3478字）
进度: 1944/2000 完成, 失败: 0
[2026-05-18 22:31:50] [Rewrite] 第1964章直接复制到终稿（4547字）
进度: 1945/2000 完成, 失败: 0
[2026-05-18 22:31:50] [Rewrite] 第1965章直接复制到终稿（4522字）
进度: 1946/2000 完成, 失败: 0
[2026-05-18 22:31:50] [Rewrite] 第1966章直接复制到终稿（7033字）
进度: 1947/2000 完成, 失败: 0
[2026-05-18 22:31:50] [Rewrite] 第1967章直接复制到终稿（4305字）
进度: 1948/2000 完成, 失败: 0
[2026-05-18 22:31:50] [Rewrite] 第1968章直接复制到终稿（5619字）
进度: 1949/2000 完成, 失败: 0
[2026-05-18 22:31:50] [Rewrite] 第1969章直接复制到终稿（5103字）
进度: 1950/2000 完成, 失败: 0
[2026-05-18 22:31:50] [Rewrite] 第1970章直接复制到终稿（6083字）
进度: 1951/2000 完成, 失败: 0
[2026-05-18 22:31:50] [Rewrite] 第1971章直接复制到终稿（5462字）
进度: 1952/2000 完成, 失败: 0
[2026-05-18 22:31:50] [Rewrite] 第1972章直接复制到终稿（3812字）
进度: 1953/2000 完成, 失败: 0
[2026-05-18 22:31:50] [Rewrite] 第1973章直接复制到终稿（5162字）
进度: 1954/2000 完成, 失败: 0
[2026-05-18 22:31:50] [Rewrite] 第1974章直接复制到终稿（6500字）
进度: 1955/2000 完成, 失败: 0
[2026-05-18 22:31:50] [Rewrite] 第1975章直接复制到终稿（4207字）
进度: 1956/2000 完成, 失败: 0
[2026-05-18 22:31:50] [Rewrite] 第1976章直接复制到终稿（5681字）
进度: 1957/2000 完成, 失败: 0
[2026-05-18 22:31:50] [Rewrite] 第1977章直接复制到终稿（4588字）
进度: 1958/2000 完成, 失败: 0
[2026-05-18 22:31:50] [Rewrite] 第1978章直接复制到终稿（4847字）
进度: 1959/2000 完成, 失败: 0
[2026-05-18 22:31:50] [Rewrite] 第1979章直接复制到终稿（3916字）
进度: 1960/2000 完成, 失败: 0
[2026-05-18 22:31:50] [Rewrite] 第1980章直接复制到终稿（4151字）
进度: 1961/2000 完成, 失败: 0
[2026-05-18 22:31:50] [Rewrite] 第1981章直接复制到终稿（4384字）
进度: 1962/2000 完成, 失败: 0
[2026-05-18 22:31:50] [Rewrite] 第1982章直接复制到终稿（6963字）
进度: 1963/2000 完成, 失败: 0
[2026-05-18 22:31:50] [Rewrite] 第1983章直接复制到终稿（4903字）
进度: 1964/2000 完成, 失败: 0
[2026-05-18 22:31:50] [Rewrite] 第1984章直接复制到终稿（8053字）
进度: 1965/2000 完成, 失败: 0
[2026-05-18 22:31:50] [Rewrite] 第1985章直接复制到终稿（4514字）
进度: 1966/2000 完成, 失败: 0
[2026-05-18 22:31:50] [Rewrite] 第1986章直接复制到终稿（4754字）
进度: 1967/2000 完成, 失败: 0
[2026-05-18 22:31:50] [Rewrite] 第1987章直接复制到终稿（6207字）
进度: 1968/2000 完成, 失败: 0
[2026-05-18 22:31:50] [Rewrite] 第1988章直接复制到终稿（5694字）
进度: 1969/2000 完成, 失败: 0
[2026-05-18 22:31:50] [Rewrite] 第1989章直接复制到终稿（4930字）
进度: 1970/2000 完成, 失败: 0
[2026-05-18 22:31:50] [Rewrite] 第1990章直接复制到终稿（3770字）
进度: 1971/2000 完成, 失败: 0
[2026-05-18 22:31:50] [Rewrite] 第1991章直接复制到终稿（6080字）
进度: 1972/2000 完成, 失败: 0
[2026-05-18 22:31:50] [Rewrite] 第1992章直接复制到终稿（5647字）
进度: 1973/2000 完成, 失败: 0
[2026-05-18 22:31:50] [Rewrite] 第1993章直接复制到终稿（5505字）
进度: 1974/2000 完成, 失败: 0
[2026-05-18 22:31:50] [Rewrite] 第1994章直接复制到终稿（4331字）
进度: 1975/2000 完成, 失败: 0
[2026-05-18 22:31:50] [Rewrite] 第1995章直接复制到终稿（4923字）
进度: 1976/2000 完成, 失败: 0
[2026-05-18 22:31:50] [Rewrite] 第1996章直接复制到终稿（4794字）
进度: 1977/2000 完成, 失败: 0
[2026-05-18 22:31:50] [Rewrite] 第1997章直接复制到终稿（4617字）
进度: 1978/2000 完成, 失败: 0
[2026-05-18 22:31:50] [Rewrite] 第1998章直接复制到终稿（4639字）
进度: 1979/2000 完成, 失败: 0
[2026-05-18 22:31:50] [Rewrite] 第1999章直接复制到终稿（7080字）
进度: 1980/2000 完成, 失败: 0
[2026-05-18 22:31:50] [Rewrite] 第2000章直接复制到终稿（5103字）
进度: 1981/2000 完成, 失败: 0
[2026-05-18 22:31:52] [Rewrite] 第609章终稿已保存（5914字）
进度: 1982/2000 完成, 失败: 0
[2026-05-18 22:31:53] [Rewrite] 第258章终稿已保存（7368字）
进度: 1983/2000 完成, 失败: 0
[2026-05-18 22:31:58] [Rewrite] 第657章终稿已保存（7776字）
进度: 1984/2000 完成, 失败: 0
[2026-05-18 22:32:03] [Rewrite] 第224章终稿已保存（7071字）
进度: 1985/2000 完成, 失败: 0
[2026-05-18 22:32:11] [Rewrite] 第97章终稿已保存（7889字）
进度: 1986/2000 完成, 失败: 0
[2026-05-18 22:32:31] [Rewrite] 第917章终稿已保存（4551字）
进度: 1987/2000 完成, 失败: 0
[2026-05-18 22:32:35] [Rewrite] 第973章终稿已保存（5155字）
进度: 1988/2000 完成, 失败: 0
[2026-05-18 22:32:47] [Rewrite] 第1916章终稿已保存（5248字）
进度: 1989/2000 完成, 失败: 0
[2026-05-18 22:32:49] [Rewrite] 第892章终稿已保存（6801字）
进度: 1990/2000 完成, 失败: 0
[2026-05-18 22:32:55] [Rewrite] 第976章终稿已保存（6657字）
进度: 1991/2000 完成, 失败: 0
[2026-05-18 22:32:55] [Rewrite] 第1674章终稿已保存（6610字）
进度: 1992/2000 完成, 失败: 0
[2026-05-18 22:32:56] [Rewrite] 第1376章终稿已保存（5905字）
进度: 1993/2000 完成, 失败: 0
[2026-05-18 22:33:00] [Rewrite] 第1178章终稿已保存（6314字）
进度: 1994/2000 完成, 失败: 0
[2026-05-18 22:33:05] [Rewrite] 第1738章终稿已保存（6544字）
进度: 1995/2000 完成, 失败: 0
[2026-05-18 22:33:08] [Rewrite] 第1569章终稿已保存（7987字）
进度: 1996/2000 完成, 失败: 0
[2026-05-18 22:33:16] [Rewrite] 第1154章终稿已保存（8596字）
进度: 1997/2000 完成, 失败: 0
[2026-05-18 22:33:29] [Rewrite] 第1515章终稿已保存（10242字）
进度: 1998/2000 完成, 失败: 0
[2026-05-18 22:34:12] [Rewrite] 第1769章终稿已保存（7272字）
进度: 1999/2000 完成, 失败: 0
[2026-05-18 22:34:14] [Rewrite] 第1897章终稿已保存（8559字）
进度: 2000/2000 完成, 失败: 0
[2026-05-18 22:34:14] [Rewrite] 全部完成: 成功2000章, 失败0章
