======================================================================
  –°ÀµAgentœµÕ≥ - Coordinator
  œÓƒø: D:\AiProject\Node\projects\novels8
======================================================================
[2026-05-19 03:25:40] [Coordinator] ∆Û“µŒ¢–≈Ω¯∂»Õ∆ÀÕ“—∆Ù∂Ø£®√ø2∑÷÷”£©
[2026-05-19 03:25:40] [Coordinator] µ±«∞Ω¯∂»: “—…˙≥… 0 ’¬£¨“—…Û≤È 0 ’¬
[2026-05-19 03:25:40] [Coordinator]  ¿ΩÁπ€°¢¥Û∏Ÿ(315’¬)°¢Ω«…´µµ∞∏“—¥Ê‘⁄
[2026-05-19 03:25:40] [Coordinator] …˙≥…∑∂Œß: µ⁄1-1915’¬£®¥Û∏Ÿπ≤1915’¬£©£¨≈˙¥Œ¥Û–°: 20
[2026-05-19 03:25:41] [Coordinator] ≈‰∂Ó MiniMax-M*: 601/4500,  £”‡ 3899
[2026-05-19 03:25:41] [Coordinator] ≈‰∂Ó speech-hd: 0/19000,  £”‡ 19000
[2026-05-19 03:25:41] [Coordinator] ≈‰∂Ó MiniMax-Hailuo-2.3-Fast-6s-768p: 0/3,  £”‡ 3
[2026-05-19 03:25:41] [Coordinator] ≈‰∂Ó MiniMax-Hailuo-2.3-6s-768p: 0/3,  £”‡ 3
[2026-05-19 03:25:41] [Coordinator] ≈‰∂Ó music-2.5: 0/7,  £”‡ 7
[2026-05-19 03:25:41] [Coordinator] ≈‰∂Ó music-2.6: 0/100,  £”‡ 100
[2026-05-19 03:25:41] [Coordinator] ≈‰∂Ó music-cover: 0/100,  £”‡ 100
[2026-05-19 03:25:41] [Coordinator] ≈‰∂Ó lyrics_generation: 0/100,  £”‡ 100
[2026-05-19 03:25:41] [Coordinator] ≈‰∂Ó image-01: 0/200,  £”‡ 200
[2026-05-19 03:25:41] [Coordinator] ≈‰∂Ó coding-plan-vlm: 0/450,  £”‡ 450
[2026-05-19 03:25:41] [Coordinator] ≈‰∂Ó coding-plan-search: 0/450,  £”‡ 450
[2026-05-19 03:25:41] [Coordinator] ≈‰∂Ó MiniMax-M*: 602/4500,  £”‡ 3898
[2026-05-19 03:25:41] [Coordinator] ≈‰∂Ó speech-hd: 0/19000,  £”‡ 19000
[2026-05-19 03:25:41] [Coordinator] ≈‰∂Ó MiniMax-Hailuo-2.3-Fast-6s-768p: 0/3,  £”‡ 3
[2026-05-19 03:25:41] [Coordinator] ≈‰∂Ó MiniMax-Hailuo-2.3-6s-768p: 0/3,  £”‡ 3
[2026-05-19 03:25:41] [Coordinator] ≈‰∂Ó music-2.5: 0/7,  £”‡ 7
[2026-05-19 03:25:41] [Coordinator] ≈‰∂Ó music-2.6: 0/100,  £”‡ 100
[2026-05-19 03:25:41] [Coordinator] ≈‰∂Ó music-cover: 0/100,  £”‡ 100
[2026-05-19 03:25:41] [Coordinator] ≈‰∂Ó lyrics_generation: 0/100,  £”‡ 100
[2026-05-19 03:25:41] [Coordinator] ≈‰∂Ó image-01: 0/200,  £”‡ 200
[2026-05-19 03:25:41] [Coordinator] ≈‰∂Ó coding-plan-vlm: 0/450,  £”‡ 450
[2026-05-19 03:25:41] [Coordinator] ≈‰∂Ó coding-plan-search: 0/450,  £”‡ 450
[2026-05-19 03:25:41] [Coordinator] ===== ø™ ºµ⁄ 1-20 ’¬ =====
[2026-05-19 03:25:41] [Coordinator] ≤¢––∆Ù∂Ø 10 ∏ˆ writer.py  µ¿˝ (≤¢∑¢=10)
[2026-05-19 03:25:41] [Coordinator] ÷¥––: D:\soft\py\python.exe D:\AiProject\Node\novel-tools\writer.py --project D:\AiProject\Node\projects\novels8 --start 1 --end 2
[2026-05-19 03:25:41] [Coordinator] ÷¥––: D:\soft\py\python.exe D:\AiProject\Node\novel-tools\writer.py --project D:\AiProject\Node\projects\novels8 --start 3 --end 4
[2026-05-19 03:25:41] [Coordinator] ÷¥––: D:\soft\py\python.exe D:\AiProject\Node\novel-tools\writer.py --project D:\AiProject\Node\projects\novels8 --start 5 --end 6
[2026-05-19 03:25:41] [Coordinator] ÷¥––: D:\soft\py\python.exe D:\AiProject\Node\novel-tools\writer.py --project D:\AiProject\Node\projects\novels8 --start 7 --end 8
[2026-05-19 03:25:41] [Coordinator] ÷¥––: D:\soft\py\python.exe D:\AiProject\Node\novel-tools\writer.py --project D:\AiProject\Node\projects\novels8 --start 9 --end 10
[2026-05-19 03:25:41] [Coordinator] ÷¥––: D:\soft\py\python.exe D:\AiProject\Node\novel-tools\writer.py --project D:\AiProject\Node\projects\novels8 --start 11 --end 12
[2026-05-19 03:25:41] [Coordinator] ÷¥––: D:\soft\py\python.exe D:\AiProject\Node\novel-tools\writer.py --project D:\AiProject\Node\projects\novels8 --start 13 --end 14
[2026-05-19 03:25:41] [Coordinator] ÷¥––: D:\soft\py\python.exe D:\AiProject\Node\novel-tools\writer.py --project D:\AiProject\Node\projects\novels8 --start 15 --end 16
[2026-05-19 03:25:41] [Coordinator] ÷¥––: D:\soft\py\python.exe D:\AiProject\Node\novel-tools\writer.py --project D:\AiProject\Node\projects\novels8 --start 17 --end 18
[2026-05-19 03:25:41] [Coordinator] ÷¥––: D:\soft\py\python.exe D:\AiProject\Node\novel-tools\writer.py --project D:\AiProject\Node\projects\novels8 --start 19 --end 20
[2026-05-19 03:25:48] [Coordinator] writer.py 17-18 ÕÍ≥… (rc=0)
[2026-05-19 03:25:48] [Coordinator] writer.py 19-20 ÕÍ≥… (rc=0)
[2026-05-19 03:27:00] [Coordinator] writer.py 15-16 ÕÍ≥… (rc=0)
[2026-05-19 03:27:40] [WeChat] Ω¯∂»“—Õ∆ÀÕ: ≥ı∏Â8/2000, …Û≤È27/2000
[2026-05-19 03:29:41] [WeChat] Ω¯∂»“—Õ∆ÀÕ: ≥ı∏Â13/2000, …Û≤È27/2000
[2026-05-19 03:31:39] [Coordinator] writer.py 11-12 ÕÍ≥… (rc=0)
[2026-05-19 03:31:41] [WeChat] Ω¯∂»“—Õ∆ÀÕ: ≥ı∏Â20/2000, …Û≤È27/2000
[2026-05-19 03:32:48] [Coordinator] writer.py 13-14 ÕÍ≥… (rc=0)
[2026-05-19 03:33:42] [WeChat] Ω¯∂»“—Õ∆ÀÕ: ≥ı∏Â27/2000, …Û≤È27/2000
[2026-05-19 03:34:00] [Coordinator] writer.py 1-2 ÕÍ≥… (rc=1)
[2026-05-19 03:35:42] [WeChat] Ω¯∂»“—Õ∆ÀÕ: ≥ı∏Â30/2000, …Û≤È27/2000
[2026-05-19 03:35:45] [Coordinator] writer.py 9-10 ÕÍ≥… (rc=1)
[2026-05-19 03:37:42] [WeChat] Ω¯∂»“—Õ∆ÀÕ: ≥ı∏Â32/2000, …Û≤È27/2000
[2026-05-19 03:38:00] [Coordinator] writer.py 5-6 ÕÍ≥… (rc=0)
[2026-05-19 03:38:03] [Coordinator] writer.py 7-8 ÕÍ≥… (rc=1)
[2026-05-19 03:38:57] [Coordinator] writer.py 3-4 ÕÍ≥… (rc=1)
[2026-05-19 03:38:57] [Coordinator] Writer  ß∞‹¬  40%£¨≤¢∑¢¥” 10 Ωµ÷¡ 8
[2026-05-19 03:38:57] [WARNING] Writer Agent 1-2 ∑µªÿ∑«¡„ÕÀ≥ˆ¬Î: 1
[2026-05-19 03:38:57] [WARNING] Writer Agent 9-10 ∑µªÿ∑«¡„ÕÀ≥ˆ¬Î: 1
[2026-05-19 03:38:57] [WARNING] Writer Agent 7-8 ∑µªÿ∑«¡„ÕÀ≥ˆ¬Î: 1
[2026-05-19 03:38:57] [WARNING] Writer Agent 3-4 ∑µªÿ∑«¡„ÕÀ≥ˆ¬Î: 1
[2026-05-19 03:38:57] [Coordinator] ≤¢––∆Ù∂Ø 5 ∏ˆ reviewer.py  µ¿˝ (≤¢∑¢=5)
[2026-05-19 03:38:57] [Coordinator] ÷¥––: D:\soft\py\python.exe D:\AiProject\Node\novel-tools\reviewer.py --project D:\AiProject\Node\projects\novels8 --start 1 --end 4
[2026-05-19 03:38:57] [Coordinator] ÷¥––: D:\soft\py\python.exe D:\AiProject\Node\novel-tools\reviewer.py --project D:\AiProject\Node\projects\novels8 --start 5 --end 8
[2026-05-19 03:38:57] [Coordinator] ÷¥––: D:\soft\py\python.exe D:\AiProject\Node\novel-tools\reviewer.py --project D:\AiProject\Node\projects\novels8 --start 9 --end 12
[2026-05-19 03:38:57] [Coordinator] ÷¥––: D:\soft\py\python.exe D:\AiProject\Node\novel-tools\reviewer.py --project D:\AiProject\Node\projects\novels8 --start 13 --end 16
[2026-05-19 03:38:57] [Coordinator] ÷¥––: D:\soft\py\python.exe D:\AiProject\Node\novel-tools\reviewer.py --project D:\AiProject\Node\projects\novels8 --start 17 --end 20
[2026-05-19 03:39:03] [Coordinator] reviewer.py 17-20 ÕÍ≥… (rc=0)
[2026-05-19 03:39:43] [WeChat] Ω¯∂»“—Õ∆ÀÕ: ≥ı∏Â34/2000, …Û≤È29/2000
[2026-05-19 03:40:51] [Coordinator] reviewer.py 5-8 ÕÍ≥… (rc=0)
[2026-05-19 03:41:00] [Coordinator] reviewer.py 1-4 ÕÍ≥… (rc=0)
[2026-05-19 03:41:00] [Coordinator] reviewer.py 13-16 ÕÍ≥… (rc=0)
[2026-05-19 03:41:18] [Coordinator] reviewer.py 9-12 ÕÍ≥… (rc=0)
[2026-05-19 03:41:18] ============================================================
[2026-05-19 03:41:18] [Coordinator] …˙≥…◊‹Ω·±®∏Ê
[2026-05-19 03:41:18] ============================================================
[2026-05-19 03:41:18] [Coordinator] ◊‹Ω·±®∏Ê: “—ÕÍ≥… 0/2000 ’¬
[2026-05-19 03:41:18] [Coordinator] ◊‹◊÷ ˝: 0 ◊÷
[2026-05-19 03:41:18] [Coordinator] ∆Ωæ˘∆¿∑÷: 7.89
[2026-05-19 03:41:18] [Coordinator] –Ë÷ÿ–¥: 1 ’¬
[2026-05-19 03:41:18] [Coordinator] µ⁄ 1-20 ’¬ÕÍ≥…£¨‘›Õ£3.0√Î...
[2026-05-19 03:41:22] [Coordinator] ≈‰∂Ó MiniMax-M*: 824/4500,  £”‡ 3676
[2026-05-19 03:41:22] [Coordinator] ≈‰∂Ó speech-hd: 0/19000,  £”‡ 19000
[2026-05-19 03:41:22] [Coordinator] ≈‰∂Ó MiniMax-Hailuo-2.3-Fast-6s-768p: 0/3,  £”‡ 3
[2026-05-19 03:41:22] [Coordinator] ≈‰∂Ó MiniMax-Hailuo-2.3-6s-768p: 0/3,  £”‡ 3
[2026-05-19 03:41:22] [Coordinator] ≈‰∂Ó music-2.5: 0/7,  £”‡ 7
[2026-05-19 03:41:22] [Coordinator] ≈‰∂Ó music-2.6: 0/100,  £”‡ 100
[2026-05-19 03:41:22] [Coordinator] ≈‰∂Ó music-cover: 0/100,  £”‡ 100
[2026-05-19 03:41:22] [Coordinator] ≈‰∂Ó lyrics_generation: 0/100,  £”‡ 100
[2026-05-19 03:41:22] [Coordinator] ≈‰∂Ó image-01: 0/200,  £”‡ 200
[2026-05-19 03:41:22] [Coordinator] ≈‰∂Ó coding-plan-vlm: 0/450,  £”‡ 450
[2026-05-19 03:41:22] [Coordinator] ≈‰∂Ó coding-plan-search: 0/450,  £”‡ 450
[2026-05-19 03:41:23] [Coordinator] ≈‰∂Ó MiniMax-M*: 824/4500,  £”‡ 3676
[2026-05-19 03:41:23] [Coordinator] ≈‰∂Ó speech-hd: 0/19000,  £”‡ 19000
[2026-05-19 03:41:23] [Coordinator] ≈‰∂Ó MiniMax-Hailuo-2.3-Fast-6s-768p: 0/3,  £”‡ 3
[2026-05-19 03:41:23] [Coordinator] ≈‰∂Ó MiniMax-Hailuo-2.3-6s-768p: 0/3,  £”‡ 3
[2026-05-19 03:41:23] [Coordinator] ≈‰∂Ó music-2.5: 0/7,  £”‡ 7
[2026-05-19 03:41:23] [Coordinator] ≈‰∂Ó music-2.6: 0/100,  £”‡ 100
[2026-05-19 03:41:23] [Coordinator] ≈‰∂Ó music-cover: 0/100,  £”‡ 100
[2026-05-19 03:41:23] [Coordinator] ≈‰∂Ó lyrics_generation: 0/100,  £”‡ 100
[2026-05-19 03:41:23] [Coordinator] ≈‰∂Ó image-01: 0/200,  £”‡ 200
[2026-05-19 03:41:23] [Coordinator] ≈‰∂Ó coding-plan-vlm: 0/450,  £”‡ 450
[2026-05-19 03:41:23] [Coordinator] ≈‰∂Ó coding-plan-search: 0/450,  £”‡ 450
[2026-05-19 03:41:23] [Coordinator] ===== ø™ ºµ⁄ 21-40 ’¬ =====
[2026-05-19 03:41:23] [Coordinator] ≤¢––∆Ù∂Ø 8 ∏ˆ writer.py  µ¿˝ (≤¢∑¢=8)
[2026-05-19 03:41:23] [Coordinator] ÷¥––: D:\soft\py\python.exe D:\AiProject\Node\novel-tools\writer.py --project D:\AiProject\Node\projects\novels8 --start 21 --end 22
[2026-05-19 03:41:23] [Coordinator] ÷¥––: D:\soft\py\python.exe D:\AiProject\Node\novel-tools\writer.py --project D:\AiProject\Node\projects\novels8 --start 23 --end 24
[2026-05-19 03:41:23] [Coordinator] ÷¥––: D:\soft\py\python.exe D:\AiProject\Node\novel-tools\writer.py --project D:\AiProject\Node\projects\novels8 --start 25 --end 26
[2026-05-19 03:41:23] [Coordinator] ÷¥––: D:\soft\py\python.exe D:\AiProject\Node\novel-tools\writer.py --project D:\AiProject\Node\projects\novels8 --start 27 --end 28
[2026-05-19 03:41:23] [Coordinator] ÷¥––: D:\soft\py\python.exe D:\AiProject\Node\novel-tools\writer.py --project D:\AiProject\Node\projects\novels8 --start 29 --end 30
[2026-05-19 03:41:23] [Coordinator] ÷¥––: D:\soft\py\python.exe D:\AiProject\Node\novel-tools\writer.py --project D:\AiProject\Node\projects\novels8 --start 31 --end 32
[2026-05-19 03:41:23] [Coordinator] ÷¥––: D:\soft\py\python.exe D:\AiProject\Node\novel-tools\writer.py --project D:\AiProject\Node\projects\novels8 --start 33 --end 34
[2026-05-19 03:41:23] [Coordinator] ÷¥––: D:\soft\py\python.exe D:\AiProject\Node\novel-tools\writer.py --project D:\AiProject\Node\projects\novels8 --start 35 --end 36
[2026-05-19 03:41:43] [WeChat] Ω¯∂»“—Õ∆ÀÕ: ≥ı∏Â36/2000, …Û≤È41/2000
[2026-05-19 03:43:43] [WeChat] Ω¯∂»“—Õ∆ÀÕ: ≥ı∏Â39/2000, …Û≤È48/2000
[2026-05-19 03:44:41] [Coordinator] writer.py 31-32 ÕÍ≥… (rc=0)
[2026-05-19 03:45:05] [Coordinator] writer.py 23-24 ÕÍ≥… (rc=0)
[2026-05-19 03:45:29] [Coordinator] writer.py 21-22 ÕÍ≥… (rc=0)
[2026-05-19 03:45:41] [Coordinator] writer.py 35-36 ÕÍ≥… (rc=0)
[2026-05-19 03:45:44] [WeChat] Ω¯∂»“—Õ∆ÀÕ: ≥ı∏Â43/2000, …Û≤È55/2000
[2026-05-19 03:46:59] [Coordinator] writer.py 27-28 ÕÍ≥… (rc=0)
[2026-05-19 03:47:17] [Coordinator] writer.py 25-26 ÕÍ≥… (rc=0)
[2026-05-19 03:47:35] [Coordinator] writer.py 33-34 ÕÍ≥… (rc=0)
[2026-05-19 03:47:44] [WeChat] Ω¯∂»“—Õ∆ÀÕ: ≥ı∏Â45/2000, …Û≤È63/2000
[2026-05-19 03:49:17] [Coordinator] writer.py 29-30 ÕÍ≥… (rc=1)
[2026-05-19 03:49:17] [WARNING] Writer Agent 29-30 ∑µªÿ∑«¡„ÕÀ≥ˆ¬Î: 1
[2026-05-19 03:49:17] [Coordinator] ≤¢––∆Ù∂Ø 5 ∏ˆ reviewer.py  µ¿˝ (≤¢∑¢=5)
[2026-05-19 03:49:17] [Coordinator] ÷¥––: D:\soft\py\python.exe D:\AiProject\Node\novel-tools\reviewer.py --project D:\AiProject\Node\projects\novels8 --start 21 --end 24
[2026-05-19 03:49:17] [Coordinator] ÷¥––: D:\soft\py\python.exe D:\AiProject\Node\novel-tools\reviewer.py --project D:\AiProject\Node\projects\novels8 --start 25 --end 28
[2026-05-19 03:49:18] [Coordinator] ÷¥––: D:\soft\py\python.exe D:\AiProject\Node\novel-tools\reviewer.py --project D:\AiProject\Node\projects\novels8 --start 29 --end 32
[2026-05-19 03:49:18] [Coordinator] ÷¥––: D:\soft\py\python.exe D:\AiProject\Node\novel-tools\reviewer.py --project D:\AiProject\Node\projects\novels8 --start 33 --end 36
[2026-05-19 03:49:18] [Coordinator] ÷¥––: D:\soft\py\python.exe D:\AiProject\Node\novel-tools\reviewer.py --project D:\AiProject\Node\projects\novels8 --start 37 --end 40
[2026-05-19 03:49:24] [Coordinator] reviewer.py 21-24 ÕÍ≥… (rc=0)
[2026-05-19 03:49:24] [Coordinator] reviewer.py 25-28 ÕÍ≥… (rc=0)
[2026-05-19 03:49:24] [Coordinator] reviewer.py 29-32 ÕÍ≥… (rc=0)
[2026-05-19 03:49:24] [Coordinator] reviewer.py 33-36 ÕÍ≥… (rc=0)
[2026-05-19 03:49:24] [Coordinator] reviewer.py 37-40 ÕÍ≥… (rc=0)
[2026-05-19 03:49:24] [Coordinator] µ⁄ 21-40 ’¬ÕÍ≥…£¨‘›Õ£3.0√Î...
[2026-05-19 03:49:27] [Coordinator] ≈‰∂Ó MiniMax-M*: 904/4500,  £”‡ 3596
[2026-05-19 03:49:27] [Coordinator] ≈‰∂Ó speech-hd: 0/19000,  £”‡ 19000
[2026-05-19 03:49:27] [Coordinator] ≈‰∂Ó MiniMax-Hailuo-2.3-Fast-6s-768p: 0/3,  £”‡ 3
[2026-05-19 03:49:27] [Coordinator] ≈‰∂Ó MiniMax-Hailuo-2.3-6s-768p: 0/3,  £”‡ 3
[2026-05-19 03:49:27] [Coordinator] ≈‰∂Ó music-2.5: 0/7,  £”‡ 7
[2026-05-19 03:49:27] [Coordinator] ≈‰∂Ó music-2.6: 0/100,  £”‡ 100
[2026-05-19 03:49:27] [Coordinator] ≈‰∂Ó music-cover: 0/100,  £”‡ 100
[2026-05-19 03:49:27] [Coordinator] ≈‰∂Ó lyrics_generation: 0/100,  £”‡ 100
[2026-05-19 03:49:27] [Coordinator] ≈‰∂Ó image-01: 0/200,  £”‡ 200
[2026-05-19 03:49:27] [Coordinator] ≈‰∂Ó coding-plan-vlm: 0/450,  £”‡ 450
[2026-05-19 03:49:27] [Coordinator] ≈‰∂Ó coding-plan-search: 0/450,  £”‡ 450
[2026-05-19 03:49:28] [Coordinator] ≈‰∂Ó MiniMax-M*: 904/4500,  £”‡ 3596
[2026-05-19 03:49:28] [Coordinator] ≈‰∂Ó speech-hd: 0/19000,  £”‡ 19000
[2026-05-19 03:49:28] [Coordinator] ≈‰∂Ó MiniMax-Hailuo-2.3-Fast-6s-768p: 0/3,  £”‡ 3
[2026-05-19 03:49:28] [Coordinator] ≈‰∂Ó MiniMax-Hailuo-2.3-6s-768p: 0/3,  £”‡ 3
[2026-05-19 03:49:28] [Coordinator] ≈‰∂Ó music-2.5: 0/7,  £”‡ 7
[2026-05-19 03:49:28] [Coordinator] ≈‰∂Ó music-2.6: 0/100,  £”‡ 100
[2026-05-19 03:49:28] [Coordinator] ≈‰∂Ó music-cover: 0/100,  £”‡ 100
[2026-05-19 03:49:28] [Coordinator] ≈‰∂Ó lyrics_generation: 0/100,  £”‡ 100
[2026-05-19 03:49:28] [Coordinator] ≈‰∂Ó image-01: 0/200,  £”‡ 200
[2026-05-19 03:49:28] [Coordinator] ≈‰∂Ó coding-plan-vlm: 0/450,  £”‡ 450
[2026-05-19 03:49:28] [Coordinator] ≈‰∂Ó coding-plan-search: 0/450,  £”‡ 450
[2026-05-19 03:49:28] [Coordinator] ===== ø™ ºµ⁄ 41-60 ’¬ =====
[2026-05-19 03:49:28] [Coordinator] ≤¢––∆Ù∂Ø 8 ∏ˆ writer.py  µ¿˝ (≤¢∑¢=8)
[2026-05-19 03:49:28] [Coordinator] ÷¥––: D:\soft\py\python.exe D:\AiProject\Node\novel-tools\writer.py --project D:\AiProject\Node\projects\novels8 --start 41 --end 42
[2026-05-19 03:49:28] [Coordinator] ÷¥––: D:\soft\py\python.exe D:\AiProject\Node\novel-tools\writer.py --project D:\AiProject\Node\projects\novels8 --start 43 --end 44
[2026-05-19 03:49:28] [Coordinator] ÷¥––: D:\soft\py\python.exe D:\AiProject\Node\novel-tools\writer.py --project D:\AiProject\Node\projects\novels8 --start 45 --end 46
[2026-05-19 03:49:28] [Coordinator] ÷¥––: D:\soft\py\python.exe D:\AiProject\Node\novel-tools\writer.py --project D:\AiProject\Node\projects\novels8 --start 47 --end 48
[2026-05-19 03:49:28] [Coordinator] ÷¥––: D:\soft\py\python.exe D:\AiProject\Node\novel-tools\writer.py --project D:\AiProject\Node\projects\novels8 --start 49 --end 50
[2026-05-19 03:49:28] [Coordinator] ÷¥––: D:\soft\py\python.exe D:\AiProject\Node\novel-tools\writer.py --project D:\AiProject\Node\projects\novels8 --start 51 --end 52
[2026-05-19 03:49:28] [Coordinator] ÷¥––: D:\soft\py\python.exe D:\AiProject\Node\novel-tools\writer.py --project D:\AiProject\Node\projects\novels8 --start 53 --end 54
[2026-05-19 03:49:28] [Coordinator] ÷¥––: D:\soft\py\python.exe D:\AiProject\Node\novel-tools\writer.py --project D:\AiProject\Node\projects\novels8 --start 55 --end 56
[2026-05-19 03:49:44] [WeChat] Ω¯∂»“—Õ∆ÀÕ: ≥ı∏Â47/2000, …Û≤È67/2000
[2026-05-19 03:51:45] [WeChat] Ω¯∂»“—Õ∆ÀÕ: ≥ı∏Â54/2000, …Û≤È68/2000
[2026-05-19 03:51:58] [Coordinator] writer.py 51-52 ÕÍ≥… (rc=0)
[2026-05-19 03:52:01] [Coordinator] writer.py 45-46 ÕÍ≥… (rc=0)
[2026-05-19 03:52:07] [Coordinator] writer.py 55-56 ÕÍ≥… (rc=0)
[2026-05-19 03:53:04] [Coordinator] writer.py 53-54 ÕÍ≥… (rc=0)
[2026-05-19 03:53:45] [WeChat] Ω¯∂»“—Õ∆ÀÕ: ≥ı∏Â65/2000, …Û≤È68/2000
[2026-05-19 03:53:46] [Coordinator] writer.py 47-48 ÕÍ≥… (rc=0)
[2026-05-19 03:54:52] [Coordinator] writer.py 49-50 ÕÍ≥… (rc=0)
[2026-05-19 03:55:46] [WeChat] Ω¯∂»“—Õ∆ÀÕ: ≥ı∏Â69/2000, …Û≤È68/2000
[2026-05-19 03:56:55] [Coordinator] writer.py 43-44 ÕÍ≥… (rc=0)
[2026-05-19 03:57:46] [WeChat] Ω¯∂»“—Õ∆ÀÕ: ≥ı∏Â75/2000, …Û≤È68/2000
[2026-05-19 03:58:22] [Coordinator] writer.py 41-42 ÕÍ≥… (rc=0)
[2026-05-19 03:58:22] [Coordinator] Writer  ß∞‹¬  0%£¨≤¢∑¢¥” 8 …˝÷¡ 9
[2026-05-19 03:58:22] [Coordinator] ≤¢––∆Ù∂Ø 5 ∏ˆ reviewer.py  µ¿˝ (≤¢∑¢=5)
[2026-05-19 03:58:22] [Coordinator] ÷¥––: D:\soft\py\python.exe D:\AiProject\Node\novel-tools\reviewer.py --project D:\AiProject\Node\projects\novels8 --start 41 --end 44
[2026-05-19 03:58:22] [Coordinator] ÷¥––: D:\soft\py\python.exe D:\AiProject\Node\novel-tools\reviewer.py --project D:\AiProject\Node\projects\novels8 --start 45 --end 48
[2026-05-19 03:58:23] [Coordinator] ÷¥––: D:\soft\py\python.exe D:\AiProject\Node\novel-tools\reviewer.py --project D:\AiProject\Node\projects\novels8 --start 49 --end 52
[2026-05-19 03:58:23] [Coordinator] ÷¥––: D:\soft\py\python.exe D:\AiProject\Node\novel-tools\reviewer.py --project D:\AiProject\Node\projects\novels8 --start 53 --end 56
[2026-05-19 03:58:23] [Coordinator] ÷¥––: D:\soft\py\python.exe D:\AiProject\Node\novel-tools\reviewer.py --project D:\AiProject\Node\projects\novels8 --start 57 --end 60
[2026-05-19 03:58:29] [Coordinator] reviewer.py 57-60 ÕÍ≥… (rc=0)
[2026-05-19 03:59:46] [WeChat] Ω¯∂»“—Õ∆ÀÕ: ≥ı∏Â77/2000, …Û≤È76/2000
[2026-05-19 04:00:38] [Coordinator] reviewer.py 45-48 ÕÍ≥… (rc=0)
[2026-05-19 04:00:41] [Coordinator] reviewer.py 41-44 ÕÍ≥… (rc=0)
[2026-05-19 04:00:50] [Coordinator] reviewer.py 49-52 ÕÍ≥… (rc=0)
[2026-05-19 04:01:02] [Coordinator] reviewer.py 53-56 ÕÍ≥… (rc=0)
[2026-05-19 04:01:02] [Coordinator] µ⁄ 41-60 ’¬ÕÍ≥…£¨‘›Õ£3.0√Î...
[2026-05-19 04:01:05] [Coordinator] ≈‰∂Ó MiniMax-M*: 1014/4500,  £”‡ 3486
[2026-05-19 04:01:05] [Coordinator] ≈‰∂Ó speech-hd: 0/19000,  £”‡ 19000
[2026-05-19 04:01:05] [Coordinator] ≈‰∂Ó MiniMax-Hailuo-2.3-Fast-6s-768p: 0/3,  £”‡ 3
[2026-05-19 04:01:05] [Coordinator] ≈‰∂Ó MiniMax-Hailuo-2.3-6s-768p: 0/3,  £”‡ 3
[2026-05-19 04:01:05] [Coordinator] ≈‰∂Ó music-2.5: 0/7,  £”‡ 7
[2026-05-19 04:01:05] [Coordinator] ≈‰∂Ó music-2.6: 0/100,  £”‡ 100
[2026-05-19 04:01:05] [Coordinator] ≈‰∂Ó music-cover: 0/100,  £”‡ 100
[2026-05-19 04:01:05] [Coordinator] ≈‰∂Ó lyrics_generation: 0/100,  £”‡ 100
[2026-05-19 04:01:05] [Coordinator] ≈‰∂Ó image-01: 0/200,  £”‡ 200
[2026-05-19 04:01:05] [Coordinator] ≈‰∂Ó coding-plan-vlm: 0/450,  £”‡ 450
[2026-05-19 04:01:05] [Coordinator] ≈‰∂Ó coding-plan-search: 0/450,  £”‡ 450
[2026-05-19 04:01:06] [Coordinator] ≈‰∂Ó MiniMax-M*: 1014/4500,  £”‡ 3486
[2026-05-19 04:01:06] [Coordinator] ≈‰∂Ó speech-hd: 0/19000,  £”‡ 19000
[2026-05-19 04:01:06] [Coordinator] ≈‰∂Ó MiniMax-Hailuo-2.3-Fast-6s-768p: 0/3,  £”‡ 3
[2026-05-19 04:01:06] [Coordinator] ≈‰∂Ó MiniMax-Hailuo-2.3-6s-768p: 0/3,  £”‡ 3
[2026-05-19 04:01:06] [Coordinator] ≈‰∂Ó music-2.5: 0/7,  £”‡ 7
[2026-05-19 04:01:06] [Coordinator] ≈‰∂Ó music-2.6: 0/100,  £”‡ 100
[2026-05-19 04:01:06] [Coordinator] ≈‰∂Ó music-cover: 0/100,  £”‡ 100
[2026-05-19 04:01:06] [Coordinator] ≈‰∂Ó lyrics_generation: 0/100,  £”‡ 100
[2026-05-19 04:01:06] [Coordinator] ≈‰∂Ó image-01: 0/200,  £”‡ 200
[2026-05-19 04:01:06] [Coordinator] ≈‰∂Ó coding-plan-vlm: 0/450,  £”‡ 450
[2026-05-19 04:01:06] [Coordinator] ≈‰∂Ó coding-plan-search: 0/450,  £”‡ 450
[2026-05-19 04:01:06] [Coordinator] ===== ø™ ºµ⁄ 61-80 ’¬ =====
[2026-05-19 04:01:06] [Coordinator] ≤¢––∆Ù∂Ø 9 ∏ˆ writer.py  µ¿˝ (≤¢∑¢=9)
[2026-05-19 04:01:06] [Coordinator] ÷¥––: D:\soft\py\python.exe D:\AiProject\Node\novel-tools\writer.py --project D:\AiProject\Node\projects\novels8 --start 61 --end 62
[2026-05-19 04:01:06] [Coordinator] ÷¥––: D:\soft\py\python.exe D:\AiProject\Node\novel-tools\writer.py --project D:\AiProject\Node\projects\novels8 --start 63 --end 64
[2026-05-19 04:01:06] [Coordinator] ÷¥––: D:\soft\py\python.exe D:\AiProject\Node\novel-tools\writer.py --project D:\AiProject\Node\projects\novels8 --start 65 --end 66
[2026-05-19 04:01:06] [Coordinator] ÷¥––: D:\soft\py\python.exe D:\AiProject\Node\novel-tools\writer.py --project D:\AiProject\Node\projects\novels8 --start 67 --end 68
[2026-05-19 04:01:06] [Coordinator] ÷¥––: D:\soft\py\python.exe D:\AiProject\Node\novel-tools\writer.py --project D:\AiProject\Node\projects\novels8 --start 69 --end 70
[2026-05-19 04:01:06] [Coordinator] ÷¥––: D:\soft\py\python.exe D:\AiProject\Node\novel-tools\writer.py --project D:\AiProject\Node\projects\novels8 --start 71 --end 72
[2026-05-19 04:01:06] [Coordinator] ÷¥––: D:\soft\py\python.exe D:\AiProject\Node\novel-tools\writer.py --project D:\AiProject\Node\projects\novels8 --start 73 --end 74
[2026-05-19 04:01:06] [Coordinator] ÷¥––: D:\soft\py\python.exe D:\AiProject\Node\novel-tools\writer.py --project D:\AiProject\Node\projects\novels8 --start 75 --end 76
[2026-05-19 04:01:06] [Coordinator] ÷¥––: D:\soft\py\python.exe D:\AiProject\Node\novel-tools\writer.py --project D:\AiProject\Node\projects\novels8 --start 77 --end 78
[2026-05-19 04:01:47] [WeChat] Ω¯∂»“—Õ∆ÀÕ: ≥ı∏Â78/2000, …Û≤È85/2000
[2026-05-19 04:03:48] [WeChat] Ω¯∂»“—Õ∆ÀÕ: ≥ı∏Â78/2000, …Û≤È96/2000
[2026-05-19 04:04:04] [Coordinator] writer.py 71-72 ÕÍ≥… (rc=0)
[2026-05-19 04:04:16] [Coordinator] writer.py 75-76 ÕÍ≥… (rc=0)
[2026-05-19 04:05:49] [WeChat] Ω¯∂»“—Õ∆ÀÕ: ≥ı∏Â80/2000, …Û≤È105/2000
[2026-05-19 04:06:04] [Coordinator] writer.py 61-62 ÕÍ≥… (rc=0)
[2026-05-19 04:06:19] [Coordinator] writer.py 65-66 ÕÍ≥… (rc=0)
[2026-05-19 04:06:34] [Coordinator] writer.py 73-74 ÕÍ≥… (rc=0)
[2026-05-19 04:07:34] [Coordinator] writer.py 67-68 ÕÍ≥… (rc=0)
[2026-05-19 04:07:49] [WeChat] Ω¯∂»“—Õ∆ÀÕ: ≥ı∏Â83/2000, …Û≤È113/2000
[2026-05-19 04:07:49] [Coordinator] writer.py 69-70 ÕÍ≥… (rc=0)
[2026-05-19 04:09:49] [WeChat] Ω¯∂»“—Õ∆ÀÕ: ≥ı∏Â91/2000, …Û≤È114/2000
[2026-05-19 04:11:31] [Coordinator] writer.py 63-64 ÕÍ≥… (rc=0)
[2026-05-19 04:11:50] [WeChat] Ω¯∂»“—Õ∆ÀÕ: ≥ı∏Â97/2000, …Û≤È116/2000
[2026-05-19 04:13:25] [Coordinator] writer.py 77-78 ÕÍ≥… (rc=0)
[2026-05-19 04:13:25] [Coordinator] Writer  ß∞‹¬  0%£¨≤¢∑¢¥” 9 …˝÷¡ 10
[2026-05-19 04:13:26] [Coordinator] ≤¢––∆Ù∂Ø 5 ∏ˆ reviewer.py  µ¿˝ (≤¢∑¢=5)
[2026-05-19 04:13:26] [Coordinator] ÷¥––: D:\soft\py\python.exe D:\AiProject\Node\novel-tools\reviewer.py --project D:\AiProject\Node\projects\novels8 --start 61 --end 64
[2026-05-19 04:13:26] [Coordinator] ÷¥––: D:\soft\py\python.exe D:\AiProject\Node\novel-tools\reviewer.py --project D:\AiProject\Node\projects\novels8 --start 65 --end 68
[2026-05-19 04:13:26] [Coordinator] ÷¥––: D:\soft\py\python.exe D:\AiProject\Node\novel-tools\reviewer.py --project D:\AiProject\Node\projects\novels8 --start 69 --end 72
[2026-05-19 04:13:26] [Coordinator] ÷¥––: D:\soft\py\python.exe D:\AiProject\Node\novel-tools\reviewer.py --project D:\AiProject\Node\projects\novels8 --start 73 --end 76
[2026-05-19 04:13:26] [Coordinator] ÷¥––: D:\soft\py\python.exe D:\AiProject\Node\novel-tools\reviewer.py --project D:\AiProject\Node\projects\novels8 --start 77 --end 80
[2026-05-19 04:13:50] [WeChat] Ω¯∂»“—Õ∆ÀÕ: ≥ı∏Â100/2000, …Û≤È116/2000
[2026-05-19 04:15:08] [Coordinator] reviewer.py 77-80 ÕÍ≥… (rc=0)
[2026-05-19 04:15:41] [Coordinator] reviewer.py 69-72 ÕÍ≥… (rc=0)
[2026-05-19 04:15:47] [Coordinator] reviewer.py 65-68 ÕÍ≥… (rc=0)
[2026-05-19 04:15:51] [WeChat] Ω¯∂»“—Õ∆ÀÕ: ≥ı∏Â105/2000, …Û≤È134/2000
[2026-05-19 04:15:53] [Coordinator] reviewer.py 73-76 ÕÍ≥… (rc=0)
[2026-05-19 04:15:56] [Coordinator] reviewer.py 61-64 ÕÍ≥… (rc=0)
[2026-05-19 04:15:56] [Coordinator] µ⁄ 61-80 ’¬ÕÍ≥…£¨‘›Õ£3.0√Î...
[2026-05-19 04:15:59] [Coordinator] ≈‰∂Ó MiniMax-M*: 1171/4500,  £”‡ 3329
[2026-05-19 04:15:59] [Coordinator] ≈‰∂Ó speech-hd: 0/19000,  £”‡ 19000
[2026-05-19 04:15:59] [Coordinator] ≈‰∂Ó MiniMax-Hailuo-2.3-Fast-6s-768p: 0/3,  £”‡ 3
[2026-05-19 04:15:59] [Coordinator] ≈‰∂Ó MiniMax-Hailuo-2.3-6s-768p: 0/3,  £”‡ 3
[2026-05-19 04:15:59] [Coordinator] ≈‰∂Ó music-2.5: 0/7,  £”‡ 7
[2026-05-19 04:15:59] [Coordinator] ≈‰∂Ó music-2.6: 0/100,  £”‡ 100
[2026-05-19 04:15:59] [Coordinator] ≈‰∂Ó music-cover: 0/100,  £”‡ 100
[2026-05-19 04:15:59] [Coordinator] ≈‰∂Ó lyrics_generation: 0/100,  £”‡ 100
[2026-05-19 04:15:59] [Coordinator] ≈‰∂Ó image-01: 0/200,  £”‡ 200
[2026-05-19 04:15:59] [Coordinator] ≈‰∂Ó coding-plan-vlm: 0/450,  £”‡ 450
[2026-05-19 04:15:59] [Coordinator] ≈‰∂Ó coding-plan-search: 0/450,  £”‡ 450
[2026-05-19 04:16:00] [Coordinator] ≈‰∂Ó MiniMax-M*: 1171/4500,  £”‡ 3329
[2026-05-19 04:16:00] [Coordinator] ≈‰∂Ó speech-hd: 0/19000,  £”‡ 19000
[2026-05-19 04:16:00] [Coordinator] ≈‰∂Ó MiniMax-Hailuo-2.3-Fast-6s-768p: 0/3,  £”‡ 3
[2026-05-19 04:16:00] [Coordinator] ≈‰∂Ó MiniMax-Hailuo-2.3-6s-768p: 0/3,  £”‡ 3
[2026-05-19 04:16:00] [Coordinator] ≈‰∂Ó music-2.5: 0/7,  £”‡ 7
[2026-05-19 04:16:00] [Coordinator] ≈‰∂Ó music-2.6: 0/100,  £”‡ 100
[2026-05-19 04:16:00] [Coordinator] ≈‰∂Ó music-cover: 0/100,  £”‡ 100
[2026-05-19 04:16:00] [Coordinator] ≈‰∂Ó lyrics_generation: 0/100,  £”‡ 100
[2026-05-19 04:16:00] [Coordinator] ≈‰∂Ó image-01: 0/200,  £”‡ 200
[2026-05-19 04:16:00] [Coordinator] ≈‰∂Ó coding-plan-vlm: 0/450,  £”‡ 450
[2026-05-19 04:16:00] [Coordinator] ≈‰∂Ó coding-plan-search: 0/450,  £”‡ 450
[2026-05-19 04:16:00] [Coordinator] ===== ø™ ºµ⁄ 81-100 ’¬ =====
[2026-05-19 04:16:00] [Coordinator] ≤¢––∆Ù∂Ø 10 ∏ˆ writer.py  µ¿˝ (≤¢∑¢=10)
[2026-05-19 04:16:00] [Coordinator] ÷¥––: D:\soft\py\python.exe D:\AiProject\Node\novel-tools\writer.py --project D:\AiProject\Node\projects\novels8 --start 81 --end 82
[2026-05-19 04:16:00] [Coordinator] ÷¥––: D:\soft\py\python.exe D:\AiProject\Node\novel-tools\writer.py --project D:\AiProject\Node\projects\novels8 --start 83 --end 84
[2026-05-19 04:16:00] [Coordinator] ÷¥––: D:\soft\py\python.exe D:\AiProject\Node\novel-tools\writer.py --project D:\AiProject\Node\projects\novels8 --start 85 --end 86
[2026-05-19 04:16:00] [Coordinator] ÷¥––: D:\soft\py\python.exe D:\AiProject\Node\novel-tools\writer.py --project D:\AiProject\Node\projects\novels8 --start 87 --end 88
[2026-05-19 04:16:00] [Coordinator] ÷¥––: D:\soft\py\python.exe D:\AiProject\Node\novel-tools\writer.py --project D:\AiProject\Node\projects\novels8 --start 89 --end 90
[2026-05-19 04:16:00] [Coordinator] ÷¥––: D:\soft\py\python.exe D:\AiProject\Node\novel-tools\writer.py --project D:\AiProject\Node\projects\novels8 --start 91 --end 92
[2026-05-19 04:16:00] [Coordinator] ÷¥––: D:\soft\py\python.exe D:\AiProject\Node\novel-tools\writer.py --project D:\AiProject\Node\projects\novels8 --start 93 --end 94
[2026-05-19 04:16:00] [Coordinator] ÷¥––: D:\soft\py\python.exe D:\AiProject\Node\novel-tools\writer.py --project D:\AiProject\Node\projects\novels8 --start 95 --end 96
[2026-05-19 04:16:00] [Coordinator] ÷¥––: D:\soft\py\python.exe D:\AiProject\Node\novel-tools\writer.py --project D:\AiProject\Node\projects\novels8 --start 97 --end 98
[2026-05-19 04:16:00] [Coordinator] ÷¥––: D:\soft\py\python.exe D:\AiProject\Node\novel-tools\writer.py --project D:\AiProject\Node\projects\novels8 --start 99 --end 100
[2026-05-19 04:17:51] [WeChat] Ω¯∂»“—Õ∆ÀÕ: ≥ı∏Â109/2000, …Û≤È136/2000
[2026-05-19 04:18:27] [Coordinator] writer.py 91-92 ÕÍ≥… (rc=0)
[2026-05-19 04:18:39] [Coordinator] writer.py 87-88 ÕÍ≥… (rc=0)
[2026-05-19 04:18:45] [Coordinator] writer.py 83-84 ÕÍ≥… (rc=0)
[2026-05-19 04:19:51] [Coordinator] writer.py 93-94 ÕÍ≥… (rc=0)
[2026-05-19 04:19:51] [WeChat] Ω¯∂»“—Õ∆ÀÕ: ≥ı∏Â116/2000, …Û≤È143/2000
[2026-05-19 04:20:51] [Coordinator] writer.py 95-96 ÕÍ≥… (rc=0)
[2026-05-19 04:20:54] [Coordinator] writer.py 97-98 ÕÍ≥… (rc=0)
[2026-05-19 04:20:57] [Coordinator] writer.py 81-82 ÕÍ≥… (rc=0)
[2026-05-19 04:21:15] [Coordinator] writer.py 89-90 ÕÍ≥… (rc=0)
[2026-05-19 04:21:52] [WeChat] Ω¯∂»“—Õ∆ÀÕ: ≥ı∏Â118/2000, …Û≤È152/2000
[2026-05-19 04:22:51] [Coordinator] writer.py 85-86 ÕÍ≥… (rc=0)
[2026-05-19 04:23:12] [Coordinator] writer.py 99-100 ÕÍ≥… (rc=0)
[2026-05-19 04:23:12] [Coordinator] ≤¢––∆Ù∂Ø 5 ∏ˆ reviewer.py  µ¿˝ (≤¢∑¢=5)
[2026-05-19 04:23:12] [Coordinator] ÷¥––: D:\soft\py\python.exe D:\AiProject\Node\novel-tools\reviewer.py --project D:\AiProject\Node\projects\novels8 --start 81 --end 84
[2026-05-19 04:23:12] [Coordinator] ÷¥––: D:\soft\py\python.exe D:\AiProject\Node\novel-tools\reviewer.py --project D:\AiProject\Node\projects\novels8 --start 85 --end 88
[2026-05-19 04:23:12] [Coordinator] ÷¥––: D:\soft\py\python.exe D:\AiProject\Node\novel-tools\reviewer.py --project D:\AiProject\Node\projects\novels8 --start 89 --end 92
[2026-05-19 04:23:12] [Coordinator] ÷¥––: D:\soft\py\python.exe D:\AiProject\Node\novel-tools\reviewer.py --project D:\AiProject\Node\projects\novels8 --start 93 --end 96
[2026-05-19 04:23:12] [Coordinator] ÷¥––: D:\soft\py\python.exe D:\AiProject\Node\novel-tools\reviewer.py --project D:\AiProject\Node\projects\novels8 --start 97 --end 100
[2026-05-19 04:23:52] [WeChat] Ω¯∂»“—Õ∆ÀÕ: ≥ı∏Â118/2000, …Û≤È170/2000
[2026-05-19 04:25:27] [Coordinator] reviewer.py 85-88 ÕÍ≥… (rc=0)
[2026-05-19 04:25:39] [Coordinator] reviewer.py 81-84 ÕÍ≥… (rc=0)
[2026-05-19 04:25:39] [Coordinator] reviewer.py 89-92 ÕÍ≥… (rc=0)
[2026-05-19 04:25:39] [Coordinator] reviewer.py 93-96 ÕÍ≥… (rc=0)
[2026-05-19 04:25:48] [Coordinator] reviewer.py 97-100 ÕÍ≥… (rc=0)
[2026-05-19 04:25:49] [Coordinator] µ⁄ 81-100 ’¬ÕÍ≥…£¨‘›Õ£3.0√Î...
[2026-05-19 04:25:52] [Coordinator] ≈‰∂Ó MiniMax-M*: 1290/4500,  £”‡ 3210
[2026-05-19 04:25:52] [Coordinator] ≈‰∂Ó speech-hd: 0/19000,  £”‡ 19000
[2026-05-19 04:25:52] [Coordinator] ≈‰∂Ó MiniMax-Hailuo-2.3-Fast-6s-768p: 0/3,  £”‡ 3
[2026-05-19 04:25:52] [Coordinator] ≈‰∂Ó MiniMax-Hailuo-2.3-6s-768p: 0/3,  £”‡ 3
[2026-05-19 04:25:52] [Coordinator] ≈‰∂Ó music-2.5: 0/7,  £”‡ 7
[2026-05-19 04:25:52] [Coordinator] ≈‰∂Ó music-2.6: 0/100,  £”‡ 100
[2026-05-19 04:25:52] [Coordinator] ≈‰∂Ó music-cover: 0/100,  £”‡ 100
[2026-05-19 04:25:52] [Coordinator] ≈‰∂Ó lyrics_generation: 0/100,  £”‡ 100
[2026-05-19 04:25:52] [Coordinator] ≈‰∂Ó image-01: 0/200,  £”‡ 200
[2026-05-19 04:25:52] [Coordinator] ≈‰∂Ó coding-plan-vlm: 0/450,  £”‡ 450
[2026-05-19 04:25:52] [Coordinator] ≈‰∂Ó coding-plan-search: 0/450,  £”‡ 450
[2026-05-19 04:25:53] [WeChat] Ω¯∂»“—Õ∆ÀÕ: ≥ı∏Â122/2000, …Û≤È191/2000
[2026-05-19 04:25:53] [Coordinator] ≈‰∂Ó MiniMax-M*: 1290/4500,  £”‡ 3210
[2026-05-19 04:25:53] [Coordinator] ≈‰∂Ó speech-hd: 0/19000,  £”‡ 19000
[2026-05-19 04:25:53] [Coordinator] ≈‰∂Ó MiniMax-Hailuo-2.3-Fast-6s-768p: 0/3,  £”‡ 3
[2026-05-19 04:25:53] [Coordinator] ≈‰∂Ó MiniMax-Hailuo-2.3-6s-768p: 0/3,  £”‡ 3
[2026-05-19 04:25:53] [Coordinator] ≈‰∂Ó music-2.5: 0/7,  £”‡ 7
[2026-05-19 04:25:53] [Coordinator] ≈‰∂Ó music-2.6: 0/100,  £”‡ 100
[2026-05-19 04:25:53] [Coordinator] ≈‰∂Ó music-cover: 0/100,  £”‡ 100
[2026-05-19 04:25:53] [Coordinator] ≈‰∂Ó lyrics_generation: 0/100,  £”‡ 100
[2026-05-19 04:25:53] [Coordinator] ≈‰∂Ó image-01: 0/200,  £”‡ 200
[2026-05-19 04:25:53] [Coordinator] ≈‰∂Ó coding-plan-vlm: 0/450,  £”‡ 450
[2026-05-19 04:25:53] [Coordinator] ≈‰∂Ó coding-plan-search: 0/450,  £”‡ 450
[2026-05-19 04:25:53] [Coordinator] ===== ø™ ºµ⁄ 101-120 ’¬ =====
[2026-05-19 04:25:53] [Coordinator] ≤¢––∆Ù∂Ø 10 ∏ˆ writer.py  µ¿˝ (≤¢∑¢=10)
[2026-05-19 04:25:53] [Coordinator] ÷¥––: D:\soft\py\python.exe D:\AiProject\Node\novel-tools\writer.py --project D:\AiProject\Node\projects\novels8 --start 101 --end 102
[2026-05-19 04:25:53] [Coordinator] ÷¥––: D:\soft\py\python.exe D:\AiProject\Node\novel-tools\writer.py --project D:\AiProject\Node\projects\novels8 --start 103 --end 104
[2026-05-19 04:25:53] [Coordinator] ÷¥––: D:\soft\py\python.exe D:\AiProject\Node\novel-tools\writer.py --project D:\AiProject\Node\projects\novels8 --start 105 --end 106
[2026-05-19 04:25:53] [Coordinator] ÷¥––: D:\soft\py\python.exe D:\AiProject\Node\novel-tools\writer.py --project D:\AiProject\Node\projects\novels8 --start 107 --end 108
[2026-05-19 04:25:53] [Coordinator] ÷¥––: D:\soft\py\python.exe D:\AiProject\Node\novel-tools\writer.py --project D:\AiProject\Node\projects\novels8 --start 109 --end 110
[2026-05-19 04:25:53] [Coordinator] ÷¥––: D:\soft\py\python.exe D:\AiProject\Node\novel-tools\writer.py --project D:\AiProject\Node\projects\novels8 --start 111 --end 112
[2026-05-19 04:25:53] [Coordinator] ÷¥––: D:\soft\py\python.exe D:\AiProject\Node\novel-tools\writer.py --project D:\AiProject\Node\projects\novels8 --start 113 --end 114
[2026-05-19 04:25:53] [Coordinator] ÷¥––: D:\soft\py\python.exe D:\AiProject\Node\novel-tools\writer.py --project D:\AiProject\Node\projects\novels8 --start 115 --end 116
[2026-05-19 04:25:53] [Coordinator] ÷¥––: D:\soft\py\python.exe D:\AiProject\Node\novel-tools\writer.py --project D:\AiProject\Node\projects\novels8 --start 117 --end 118
[2026-05-19 04:25:53] [Coordinator] ÷¥––: D:\soft\py\python.exe D:\AiProject\Node\novel-tools\writer.py --project D:\AiProject\Node\projects\novels8 --start 119 --end 120
[2026-05-19 04:27:53] [WeChat] Ω¯∂»“—Õ∆ÀÕ: ≥ı∏Â125/2000, …Û≤È196/2000
[2026-05-19 04:28:38] [Coordinator] writer.py 103-104 ÕÍ≥… (rc=0)
[2026-05-19 04:28:53] [Coordinator] writer.py 113-114 ÕÍ≥… (rc=0)
[2026-05-19 04:29:41] [Coordinator] writer.py 105-106 ÕÍ≥… (rc=0)
[2026-05-19 04:29:53] [WeChat] Ω¯∂»“—Õ∆ÀÕ: ≥ı∏Â133/2000, …Û≤È196/2000
[2026-05-19 04:30:11] [Coordinator] writer.py 107-108 ÕÍ≥… (rc=0)
[2026-05-19 04:30:35] [Coordinator] writer.py 115-116 ÕÍ≥… (rc=0)
[2026-05-19 04:30:41] [Coordinator] writer.py 111-112 ÕÍ≥… (rc=0)
[2026-05-19 04:31:08] [Coordinator] writer.py 117-118 ÕÍ≥… (rc=0)
[2026-05-19 04:31:26] [Coordinator] writer.py 101-102 ÕÍ≥… (rc=0)
[2026-05-19 04:31:54] [WeChat] Ω¯∂»“—Õ∆ÀÕ: ≥ı∏Â138/2000, …Û≤È196/2000
[2026-05-19 04:32:20] [Coordinator] writer.py 119-120 ÕÍ≥… (rc=0)
[2026-05-19 04:33:54] [WeChat] Ω¯∂»“—Õ∆ÀÕ: ≥ı∏Â141/2000, …Û≤È200/2000
[2026-05-19 04:35:26] [Coordinator] writer.py 109-110 ÕÍ≥… (rc=1)
[2026-05-19 04:35:26] [WARNING] Writer Agent 109-110 ∑µªÿ∑«¡„ÕÀ≥ˆ¬Î: 1
[2026-05-19 04:35:26] [Coordinator] ≤¢––∆Ù∂Ø 5 ∏ˆ reviewer.py  µ¿˝ (≤¢∑¢=5)
[2026-05-19 04:35:26] [Coordinator] ÷¥––: D:\soft\py\python.exe D:\AiProject\Node\novel-tools\reviewer.py --project D:\AiProject\Node\projects\novels8 --start 101 --end 104
[2026-05-19 04:35:26] [Coordinator] ÷¥––: D:\soft\py\python.exe D:\AiProject\Node\novel-tools\reviewer.py --project D:\AiProject\Node\projects\novels8 --start 105 --end 108
[2026-05-19 04:35:26] [Coordinator] ÷¥––: D:\soft\py\python.exe D:\AiProject\Node\novel-tools\reviewer.py --project D:\AiProject\Node\projects\novels8 --start 109 --end 112
[2026-05-19 04:35:26] [Coordinator] ÷¥––: D:\soft\py\python.exe D:\AiProject\Node\novel-tools\reviewer.py --project D:\AiProject\Node\projects\novels8 --start 113 --end 116
[2026-05-19 04:35:26] [Coordinator] ÷¥––: D:\soft\py\python.exe D:\AiProject\Node\novel-tools\reviewer.py --project D:\AiProject\Node\projects\novels8 --start 117 --end 120
[2026-05-19 04:35:54] [WeChat] Ω¯∂»“—Õ∆ÀÕ: ≥ı∏Â141/2000, …Û≤È208/2000
[2026-05-19 04:37:14] [Coordinator] reviewer.py 109-112 ÕÍ≥… (rc=0)
[2026-05-19 04:37:41] [Coordinator] reviewer.py 105-108 ÕÍ≥… (rc=0)
[2026-05-19 04:37:50] [Coordinator] reviewer.py 101-104 ÕÍ≥… (rc=0)
[2026-05-19 04:37:55] [WeChat] Ω¯∂»“—Õ∆ÀÕ: ≥ı∏Â143/2000, …Û≤È233/2000
[2026-05-19 04:37:56] [Coordinator] reviewer.py 113-116 ÕÍ≥… (rc=0)
[2026-05-19 04:38:02] [Coordinator] reviewer.py 117-120 ÕÍ≥… (rc=0)
[2026-05-19 04:38:03] [Coordinator] µ⁄ 101-120 ’¬ÕÍ≥…£¨‘›Õ£3.0√Î...
[2026-05-19 04:38:06] [Coordinator] ≈‰∂Ó MiniMax-M*: 1447/4500,  £”‡ 3053
[2026-05-19 04:38:06] [Coordinator] ≈‰∂Ó speech-hd: 0/19000,  £”‡ 19000
[2026-05-19 04:38:06] [Coordinator] ≈‰∂Ó MiniMax-Hailuo-2.3-Fast-6s-768p: 0/3,  £”‡ 3
[2026-05-19 04:38:06] [Coordinator] ≈‰∂Ó MiniMax-Hailuo-2.3-6s-768p: 0/3,  £”‡ 3
[2026-05-19 04:38:06] [Coordinator] ≈‰∂Ó music-2.5: 0/7,  £”‡ 7
[2026-05-19 04:38:06] [Coordinator] ≈‰∂Ó music-2.6: 0/100,  £”‡ 100
[2026-05-19 04:38:06] [Coordinator] ≈‰∂Ó music-cover: 0/100,  £”‡ 100
[2026-05-19 04:38:06] [Coordinator] ≈‰∂Ó lyrics_generation: 0/100,  £”‡ 100
[2026-05-19 04:38:06] [Coordinator] ≈‰∂Ó image-01: 0/200,  £”‡ 200
[2026-05-19 04:38:06] [Coordinator] ≈‰∂Ó coding-plan-vlm: 0/450,  £”‡ 450
[2026-05-19 04:38:06] [Coordinator] ≈‰∂Ó coding-plan-search: 0/450,  £”‡ 450
[2026-05-19 04:38:07] [Coordinator] ≈‰∂Ó MiniMax-M*: 1447/4500,  £”‡ 3053
[2026-05-19 04:38:07] [Coordinator] ≈‰∂Ó speech-hd: 0/19000,  £”‡ 19000
[2026-05-19 04:38:07] [Coordinator] ≈‰∂Ó MiniMax-Hailuo-2.3-Fast-6s-768p: 0/3,  £”‡ 3
[2026-05-19 04:38:07] [Coordinator] ≈‰∂Ó MiniMax-Hailuo-2.3-6s-768p: 0/3,  £”‡ 3
[2026-05-19 04:38:07] [Coordinator] ≈‰∂Ó music-2.5: 0/7,  £”‡ 7
[2026-05-19 04:38:07] [Coordinator] ≈‰∂Ó music-2.6: 0/100,  £”‡ 100
[2026-05-19 04:38:07] [Coordinator] ≈‰∂Ó music-cover: 0/100,  £”‡ 100
[2026-05-19 04:38:07] [Coordinator] ≈‰∂Ó lyrics_generation: 0/100,  £”‡ 100
[2026-05-19 04:38:07] [Coordinator] ≈‰∂Ó image-01: 0/200,  £”‡ 200
[2026-05-19 04:38:07] [Coordinator] ≈‰∂Ó coding-plan-vlm: 0/450,  £”‡ 450
[2026-05-19 04:38:07] [Coordinator] ≈‰∂Ó coding-plan-search: 0/450,  £”‡ 450
[2026-05-19 04:38:07] [Coordinator] ===== ø™ ºµ⁄ 121-140 ’¬ =====
[2026-05-19 04:38:07] [Coordinator] ≤¢––∆Ù∂Ø 10 ∏ˆ writer.py  µ¿˝ (≤¢∑¢=10)
[2026-05-19 04:38:07] [Coordinator] ÷¥––: D:\soft\py\python.exe D:\AiProject\Node\novel-tools\writer.py --project D:\AiProject\Node\projects\novels8 --start 121 --end 122
[2026-05-19 04:38:07] [Coordinator] ÷¥––: D:\soft\py\python.exe D:\AiProject\Node\novel-tools\writer.py --project D:\AiProject\Node\projects\novels8 --start 123 --end 124
[2026-05-19 04:38:07] [Coordinator] ÷¥––: D:\soft\py\python.exe D:\AiProject\Node\novel-tools\writer.py --project D:\AiProject\Node\projects\novels8 --start 125 --end 126
[2026-05-19 04:38:07] [Coordinator] ÷¥––: D:\soft\py\python.exe D:\AiProject\Node\novel-tools\writer.py --project D:\AiProject\Node\projects\novels8 --start 127 --end 128
[2026-05-19 04:38:07] [Coordinator] ÷¥––: D:\soft\py\python.exe D:\AiProject\Node\novel-tools\writer.py --project D:\AiProject\Node\projects\novels8 --start 129 --end 130
[2026-05-19 04:38:07] [Coordinator] ÷¥––: D:\soft\py\python.exe D:\AiProject\Node\novel-tools\writer.py --project D:\AiProject\Node\projects\novels8 --start 131 --end 132
[2026-05-19 04:38:07] [Coordinator] ÷¥––: D:\soft\py\python.exe D:\AiProject\Node\novel-tools\writer.py --project D:\AiProject\Node\projects\novels8 --start 133 --end 134
[2026-05-19 04:38:07] [Coordinator] ÷¥––: D:\soft\py\python.exe D:\AiProject\Node\novel-tools\writer.py --project D:\AiProject\Node\projects\novels8 --start 135 --end 136
[2026-05-19 04:38:07] [Coordinator] ÷¥––: D:\soft\py\python.exe D:\AiProject\Node\novel-tools\writer.py --project D:\AiProject\Node\projects\novels8 --start 137 --end 138
[2026-05-19 04:38:07] [Coordinator] ÷¥––: D:\soft\py\python.exe D:\AiProject\Node\novel-tools\writer.py --project D:\AiProject\Node\projects\novels8 --start 139 --end 140
[2026-05-19 04:39:55] [WeChat] Ω¯∂»“—Õ∆ÀÕ: ≥ı∏Â150/2000, …Û≤È235/2000
[2026-05-19 04:40:43] [Coordinator] writer.py 129-130 ÕÍ≥… (rc=0)
[2026-05-19 04:41:07] [Coordinator] writer.py 139-140 ÕÍ≥… (rc=0)
[2026-05-19 04:41:28] [Coordinator] writer.py 121-122 ÕÍ≥… (rc=0)
[2026-05-19 04:41:56] [WeChat] Ω¯∂»“—Õ∆ÀÕ: ≥ı∏Â152/2000, …Û≤È235/2000
[2026-05-19 04:42:10] [Coordinator] writer.py 125-126 ÕÍ≥… (rc=0)
[2026-05-19 04:42:16] [Coordinator] writer.py 137-138 ÕÍ≥… (rc=0)
[2026-05-19 04:42:22] [Coordinator] writer.py 127-128 ÕÍ≥… (rc=0)
[2026-05-19 04:42:43] [Coordinator] writer.py 133-134 ÕÍ≥… (rc=0)
[2026-05-19 04:43:56] [WeChat] Ω¯∂»“—Õ∆ÀÕ: ≥ı∏Â156/2000, …Û≤È235/2000
[2026-05-19 04:44:31] [Coordinator] writer.py 123-124 ÕÍ≥… (rc=0)
[2026-05-19 04:45:56] [WeChat] Ω¯∂»“—Õ∆ÀÕ: ≥ı∏Â159/2000, …Û≤È238/2000
[2026-05-19 04:46:31] [Coordinator] writer.py 135-136 ÕÍ≥… (rc=0)
[2026-05-19 04:47:04] [Coordinator] writer.py 131-132 ÕÍ≥… (rc=1)
[2026-05-19 04:47:04] [WARNING] Writer Agent 131-132 ∑µªÿ∑«¡„ÕÀ≥ˆ¬Î: 1
[2026-05-19 04:47:04] [Coordinator] ≤¢––∆Ù∂Ø 5 ∏ˆ reviewer.py  µ¿˝ (≤¢∑¢=5)
[2026-05-19 04:47:04] [Coordinator] ÷¥––: D:\soft\py\python.exe D:\AiProject\Node\novel-tools\reviewer.py --project D:\AiProject\Node\projects\novels8 --start 121 --end 124
[2026-05-19 04:47:04] [Coordinator] ÷¥––: D:\soft\py\python.exe D:\AiProject\Node\novel-tools\reviewer.py --project D:\AiProject\Node\projects\novels8 --start 125 --end 128
[2026-05-19 04:47:04] [Coordinator] ÷¥––: D:\soft\py\python.exe D:\AiProject\Node\novel-tools\reviewer.py --project D:\AiProject\Node\projects\novels8 --start 129 --end 132
[2026-05-19 04:47:04] [Coordinator] ÷¥––: D:\soft\py\python.exe D:\AiProject\Node\novel-tools\reviewer.py --project D:\AiProject\Node\projects\novels8 --start 133 --end 136
[2026-05-19 04:47:04] [Coordinator] ÷¥––: D:\soft\py\python.exe D:\AiProject\Node\novel-tools\reviewer.py --project D:\AiProject\Node\projects\novels8 --start 137 --end 140
[2026-05-19 04:47:57] [WeChat] Ω¯∂»“—Õ∆ÀÕ: ≥ı∏Â163/2000, …Û≤È252/2000
[2026-05-19 04:49:19] [Coordinator] reviewer.py 137-140 ÕÍ≥… (rc=0)
[2026-05-19 04:49:22] [Coordinator] reviewer.py 125-128 ÕÍ≥… (rc=0)
[2026-05-19 04:49:28] [Coordinator] reviewer.py 121-124 ÕÍ≥… (rc=0)
[2026-05-19 04:49:28] [Coordinator] reviewer.py 133-136 ÕÍ≥… (rc=0)
[2026-05-19 04:49:37] [Coordinator] reviewer.py 129-132 ÕÍ≥… (rc=0)
[2026-05-19 04:49:37] [Coordinator] µ⁄ 121-140 ’¬ÕÍ≥…£¨‘›Õ£3.0√Î...
[2026-05-19 04:49:41] [Coordinator] ≈‰∂Ó MiniMax-M*: 1562/4500,  £”‡ 2938
[2026-05-19 04:49:41] [Coordinator] ≈‰∂Ó speech-hd: 0/19000,  £”‡ 19000
[2026-05-19 04:49:41] [Coordinator] ≈‰∂Ó MiniMax-Hailuo-2.3-Fast-6s-768p: 0/3,  £”‡ 3
[2026-05-19 04:49:41] [Coordinator] ≈‰∂Ó MiniMax-Hailuo-2.3-6s-768p: 0/3,  £”‡ 3
[2026-05-19 04:49:41] [Coordinator] ≈‰∂Ó music-2.5: 0/7,  £”‡ 7
[2026-05-19 04:49:41] [Coordinator] ≈‰∂Ó music-2.6: 0/100,  £”‡ 100
[2026-05-19 04:49:41] [Coordinator] ≈‰∂Ó music-cover: 0/100,  £”‡ 100
[2026-05-19 04:49:41] [Coordinator] ≈‰∂Ó lyrics_generation: 0/100,  £”‡ 100
[2026-05-19 04:49:41] [Coordinator] ≈‰∂Ó image-01: 0/200,  £”‡ 200
[2026-05-19 04:49:41] [Coordinator] ≈‰∂Ó coding-plan-vlm: 0/450,  £”‡ 450
[2026-05-19 04:49:41] [Coordinator] ≈‰∂Ó coding-plan-search: 0/450,  £”‡ 450
[2026-05-19 04:49:41] [Coordinator] ≈‰∂Ó MiniMax-M*: 1562/4500,  £”‡ 2938
[2026-05-19 04:49:41] [Coordinator] ≈‰∂Ó speech-hd: 0/19000,  £”‡ 19000
[2026-05-19 04:49:41] [Coordinator] ≈‰∂Ó MiniMax-Hailuo-2.3-Fast-6s-768p: 0/3,  £”‡ 3
[2026-05-19 04:49:41] [Coordinator] ≈‰∂Ó MiniMax-Hailuo-2.3-6s-768p: 0/3,  £”‡ 3
[2026-05-19 04:49:41] [Coordinator] ≈‰∂Ó music-2.5: 0/7,  £”‡ 7
[2026-05-19 04:49:41] [Coordinator] ≈‰∂Ó music-2.6: 0/100,  £”‡ 100
[2026-05-19 04:49:41] [Coordinator] ≈‰∂Ó music-cover: 0/100,  £”‡ 100
[2026-05-19 04:49:41] [Coordinator] ≈‰∂Ó lyrics_generation: 0/100,  £”‡ 100
[2026-05-19 04:49:41] [Coordinator] ≈‰∂Ó image-01: 0/200,  £”‡ 200
[2026-05-19 04:49:41] [Coordinator] ≈‰∂Ó coding-plan-vlm: 0/450,  £”‡ 450
[2026-05-19 04:49:41] [Coordinator] ≈‰∂Ó coding-plan-search: 0/450,  £”‡ 450
[2026-05-19 04:49:41] [Coordinator] ===== ø™ ºµ⁄ 141-160 ’¬ =====
[2026-05-19 04:49:41] [Coordinator] ≤¢––∆Ù∂Ø 10 ∏ˆ writer.py  µ¿˝ (≤¢∑¢=10)
[2026-05-19 04:49:41] [Coordinator] ÷¥––: D:\soft\py\python.exe D:\AiProject\Node\novel-tools\writer.py --project D:\AiProject\Node\projects\novels8 --start 141 --end 142
[2026-05-19 04:49:41] [Coordinator] ÷¥––: D:\soft\py\python.exe D:\AiProject\Node\novel-tools\writer.py --project D:\AiProject\Node\projects\novels8 --start 143 --end 144
[2026-05-19 04:49:41] [Coordinator] ÷¥––: D:\soft\py\python.exe D:\AiProject\Node\novel-tools\writer.py --project D:\AiProject\Node\projects\novels8 --start 145 --end 146
[2026-05-19 04:49:41] [Coordinator] ÷¥––: D:\soft\py\python.exe D:\AiProject\Node\novel-tools\writer.py --project D:\AiProject\Node\projects\novels8 --start 147 --end 148
[2026-05-19 04:49:41] [Coordinator] ÷¥––: D:\soft\py\python.exe D:\AiProject\Node\novel-tools\writer.py --project D:\AiProject\Node\projects\novels8 --start 149 --end 150
[2026-05-19 04:49:41] [Coordinator] ÷¥––: D:\soft\py\python.exe D:\AiProject\Node\novel-tools\writer.py --project D:\AiProject\Node\projects\novels8 --start 151 --end 152
[2026-05-19 04:49:41] [Coordinator] ÷¥––: D:\soft\py\python.exe D:\AiProject\Node\novel-tools\writer.py --project D:\AiProject\Node\projects\novels8 --start 153 --end 154
[2026-05-19 04:49:41] [Coordinator] ÷¥––: D:\soft\py\python.exe D:\AiProject\Node\novel-tools\writer.py --project D:\AiProject\Node\projects\novels8 --start 155 --end 156
[2026-05-19 04:49:41] [Coordinator] ÷¥––: D:\soft\py\python.exe D:\AiProject\Node\novel-tools\writer.py --project D:\AiProject\Node\projects\novels8 --start 157 --end 158
[2026-05-19 04:49:41] [Coordinator] ÷¥––: D:\soft\py\python.exe D:\AiProject\Node\novel-tools\writer.py --project D:\AiProject\Node\projects\novels8 --start 159 --end 160
[2026-05-19 04:49:57] [WeChat] Ω¯∂»“—Õ∆ÀÕ: ≥ı∏Â163/2000, …Û≤È275/2000
[2026-05-19 04:51:57] [WeChat] Ω¯∂»“—Õ∆ÀÕ: ≥ı∏Â169/2000, …Û≤È280/2000
[2026-05-19 04:52:05] [Coordinator] writer.py 141-142 ÕÍ≥… (rc=0)
[2026-05-19 04:52:11] [Coordinator] writer.py 157-158 ÕÍ≥… (rc=0)
[2026-05-19 04:52:26] [Coordinator] writer.py 149-150 ÕÍ≥… (rc=0)
[2026-05-19 04:53:58] [WeChat] Ω¯∂»“—Õ∆ÀÕ: ≥ı∏Â173/2000, …Û≤È281/2000
[2026-05-19 04:53:59] [Coordinator] writer.py 151-152 ÕÍ≥… (rc=0)
[2026-05-19 04:54:08] [Coordinator] writer.py 153-154 ÕÍ≥… (rc=0)
[2026-05-19 04:54:38] [Coordinator] writer.py 147-148 ÕÍ≥… (rc=0)
[2026-05-19 04:55:29] [Coordinator] writer.py 155-156 ÕÍ≥… (rc=0)
[2026-05-19 04:55:38] [Coordinator] writer.py 143-144 ÕÍ≥… (rc=0)
[2026-05-19 04:55:58] [WeChat] Ω¯∂»“—Õ∆ÀÕ: ≥ı∏Â178/2000, …Û≤È281/2000
[2026-05-19 04:56:05] [Coordinator] writer.py 145-146 ÕÍ≥… (rc=0)
[2026-05-19 04:56:23] [Coordinator] writer.py 159-160 ÕÍ≥… (rc=0)
[2026-05-19 04:56:24] [Coordinator] ≤¢––∆Ù∂Ø 5 ∏ˆ reviewer.py  µ¿˝ (≤¢∑¢=5)
[2026-05-19 04:56:24] [Coordinator] ÷¥––: D:\soft\py\python.exe D:\AiProject\Node\novel-tools\reviewer.py --project D:\AiProject\Node\projects\novels8 --start 141 --end 144
[2026-05-19 04:56:24] [Coordinator] ÷¥––: D:\soft\py\python.exe D:\AiProject\Node\novel-tools\reviewer.py --project D:\AiProject\Node\projects\novels8 --start 145 --end 148
[2026-05-19 04:56:24] [Coordinator] ÷¥––: D:\soft\py\python.exe D:\AiProject\Node\novel-tools\reviewer.py --project D:\AiProject\Node\projects\novels8 --start 149 --end 152
[2026-05-19 04:56:24] [Coordinator] ÷¥––: D:\soft\py\python.exe D:\AiProject\Node\novel-tools\reviewer.py --project D:\AiProject\Node\projects\novels8 --start 153 --end 156
[2026-05-19 04:56:24] [Coordinator] ÷¥––: D:\soft\py\python.exe D:\AiProject\Node\novel-tools\reviewer.py --project D:\AiProject\Node\projects\novels8 --start 157 --end 160
[2026-05-19 04:57:59] [WeChat] Ω¯∂»“—Õ∆ÀÕ: ≥ı∏Â180/2000, …Û≤È292/2000
[2026-05-19 04:58:24] [Coordinator] reviewer.py 149-152 ÕÍ≥… (rc=0)
[2026-05-19 04:58:30] [Coordinator] reviewer.py 153-156 ÕÍ≥… (rc=0)
[2026-05-19 04:58:42] [Coordinator] reviewer.py 141-144 ÕÍ≥… (rc=0)
[2026-05-19 04:58:42] [Coordinator] reviewer.py 157-160 ÕÍ≥… (rc=0)
[2026-05-19 04:58:48] [Coordinator] reviewer.py 145-148 ÕÍ≥… (rc=0)
[2026-05-19 04:58:48] [Coordinator] µ⁄ 141-160 ’¬ÕÍ≥…£¨‘›Õ£3.0√Î...
[2026-05-19 04:58:51] [Coordinator] ≈‰∂Ó MiniMax-M*: 1684/4500,  £”‡ 2816
[2026-05-19 04:58:51] [Coordinator] ≈‰∂Ó speech-hd: 0/19000,  £”‡ 19000
[2026-05-19 04:58:51] [Coordinator] ≈‰∂Ó MiniMax-Hailuo-2.3-Fast-6s-768p: 0/3,  £”‡ 3
[2026-05-19 04:58:51] [Coordinator] ≈‰∂Ó MiniMax-Hailuo-2.3-6s-768p: 0/3,  £”‡ 3
[2026-05-19 04:58:51] [Coordinator] ≈‰∂Ó music-2.5: 0/7,  £”‡ 7
[2026-05-19 04:58:51] [Coordinator] ≈‰∂Ó music-2.6: 0/100,  £”‡ 100
[2026-05-19 04:58:51] [Coordinator] ≈‰∂Ó music-cover: 0/100,  £”‡ 100
[2026-05-19 04:58:51] [Coordinator] ≈‰∂Ó lyrics_generation: 0/100,  £”‡ 100
[2026-05-19 04:58:51] [Coordinator] ≈‰∂Ó image-01: 0/200,  £”‡ 200
[2026-05-19 04:58:51] [Coordinator] ≈‰∂Ó coding-plan-vlm: 0/450,  £”‡ 450
[2026-05-19 04:58:51] [Coordinator] ≈‰∂Ó coding-plan-search: 0/450,  £”‡ 450
[2026-05-19 04:58:52] [Coordinator] ≈‰∂Ó MiniMax-M*: 1684/4500,  £”‡ 2816
[2026-05-19 04:58:52] [Coordinator] ≈‰∂Ó speech-hd: 0/19000,  £”‡ 19000
[2026-05-19 04:58:52] [Coordinator] ≈‰∂Ó MiniMax-Hailuo-2.3-Fast-6s-768p: 0/3,  £”‡ 3
[2026-05-19 04:58:52] [Coordinator] ≈‰∂Ó MiniMax-Hailuo-2.3-6s-768p: 0/3,  £”‡ 3
[2026-05-19 04:58:52] [Coordinator] ≈‰∂Ó music-2.5: 0/7,  £”‡ 7
[2026-05-19 04:58:52] [Coordinator] ≈‰∂Ó music-2.6: 0/100,  £”‡ 100
[2026-05-19 04:58:52] [Coordinator] ≈‰∂Ó music-cover: 0/100,  £”‡ 100
[2026-05-19 04:58:52] [Coordinator] ≈‰∂Ó lyrics_generation: 0/100,  £”‡ 100
[2026-05-19 04:58:52] [Coordinator] ≈‰∂Ó image-01: 0/200,  £”‡ 200
[2026-05-19 04:58:52] [Coordinator] ≈‰∂Ó coding-plan-vlm: 0/450,  £”‡ 450
[2026-05-19 04:58:52] [Coordinator] ≈‰∂Ó coding-plan-search: 0/450,  £”‡ 450
[2026-05-19 04:58:52] [Coordinator] ===== ø™ ºµ⁄ 161-180 ’¬ =====
[2026-05-19 04:58:52] [Coordinator] ≤¢––∆Ù∂Ø 10 ∏ˆ writer.py  µ¿˝ (≤¢∑¢=10)
[2026-05-19 04:58:52] [Coordinator] ÷¥––: D:\soft\py\python.exe D:\AiProject\Node\novel-tools\writer.py --project D:\AiProject\Node\projects\novels8 --start 161 --end 162
[2026-05-19 04:58:52] [Coordinator] ÷¥––: D:\soft\py\python.exe D:\AiProject\Node\novel-tools\writer.py --project D:\AiProject\Node\projects\novels8 --start 163 --end 164
[2026-05-19 04:58:52] [Coordinator] ÷¥––: D:\soft\py\python.exe D:\AiProject\Node\novel-tools\writer.py --project D:\AiProject\Node\projects\novels8 --start 165 --end 166
[2026-05-19 04:58:52] [Coordinator] ÷¥––: D:\soft\py\python.exe D:\AiProject\Node\novel-tools\writer.py --project D:\AiProject\Node\projects\novels8 --start 167 --end 168
[2026-05-19 04:58:52] [Coordinator] ÷¥––: D:\soft\py\python.exe D:\AiProject\Node\novel-tools\writer.py --project D:\AiProject\Node\projects\novels8 --start 169 --end 170
[2026-05-19 04:58:52] [Coordinator] ÷¥––: D:\soft\py\python.exe D:\AiProject\Node\novel-tools\writer.py --project D:\AiProject\Node\projects\novels8 --start 171 --end 172
[2026-05-19 04:58:52] [Coordinator] ÷¥––: D:\soft\py\python.exe D:\AiProject\Node\novel-tools\writer.py --project D:\AiProject\Node\projects\novels8 --start 173 --end 174
[2026-05-19 04:58:52] [Coordinator] ÷¥––: D:\soft\py\python.exe D:\AiProject\Node\novel-tools\writer.py --project D:\AiProject\Node\projects\novels8 --start 175 --end 176
[2026-05-19 04:58:52] [Coordinator] ÷¥––: D:\soft\py\python.exe D:\AiProject\Node\novel-tools\writer.py --project D:\AiProject\Node\projects\novels8 --start 177 --end 178
[2026-05-19 04:58:52] [Coordinator] ÷¥––: D:\soft\py\python.exe D:\AiProject\Node\novel-tools\writer.py --project D:\AiProject\Node\projects\novels8 --start 179 --end 180
[2026-05-19 04:58:58] [Coordinator] writer.py 177-178 ÕÍ≥… (rc=0)
[2026-05-19 04:58:58] [Coordinator] writer.py 179-180 ÕÍ≥… (rc=0)
[2026-05-19 04:59:59] [WeChat] Ω¯∂»“—Õ∆ÀÕ: ≥ı∏Â183/2000, …Û≤È302/2000
[2026-05-19 05:01:34] [Coordinator] writer.py 171-172 ÕÍ≥… (rc=0)
[2026-05-19 05:01:37] [Coordinator] writer.py 167-168 ÕÍ≥… (rc=0)
[2026-05-19 05:01:40] [Coordinator] writer.py 163-164 ÕÍ≥… (rc=0)
[2026-05-19 05:01:59] [WeChat] Ω¯∂»“—Õ∆ÀÕ: ≥ı∏Â187/2000, …Û≤È302/2000
[2026-05-19 05:03:13] [Coordinator] writer.py 169-170 ÕÍ≥… (rc=0)
[2026-05-19 05:04:00] [WeChat] Ω¯∂»“—Õ∆ÀÕ: ≥ı∏Â188/2000, …Û≤È304/2000
[2026-05-19 05:05:49] [Coordinator] writer.py 161-162 ÕÍ≥… (rc=0)
[2026-05-19 05:05:49] [Coordinator] writer.py 165-166 ÕÍ≥… (rc=0)
[2026-05-19 05:05:55] [Coordinator] writer.py 175-176 ÕÍ≥… (rc=0)
[2026-05-19 05:06:00] [WeChat] Ω¯∂»“—Õ∆ÀÕ: ≥ı∏Â190/2000, …Û≤È312/2000
[2026-05-19 05:08:01] [WeChat] Ω¯∂»“—Õ∆ÀÕ: ≥ı∏Â190/2000, …Û≤È318/2000
[2026-05-19 05:09:46] [Coordinator] writer.py 173-174 ÕÍ≥… (rc=1)
[2026-05-19 05:09:46] [WARNING] Writer Agent 173-174 ∑µªÿ∑«¡„ÕÀ≥ˆ¬Î: 1
[2026-05-19 05:09:46] [Coordinator] ≤¢––∆Ù∂Ø 5 ∏ˆ reviewer.py  µ¿˝ (≤¢∑¢=5)
[2026-05-19 05:09:46] [Coordinator] ÷¥––: D:\soft\py\python.exe D:\AiProject\Node\novel-tools\reviewer.py --project D:\AiProject\Node\projects\novels8 --start 161 --end 164
[2026-05-19 05:09:46] [Coordinator] ÷¥––: D:\soft\py\python.exe D:\AiProject\Node\novel-tools\reviewer.py --project D:\AiProject\Node\projects\novels8 --start 165 --end 168
[2026-05-19 05:09:46] [Coordinator] ÷¥––: D:\soft\py\python.exe D:\AiProject\Node\novel-tools\reviewer.py --project D:\AiProject\Node\projects\novels8 --start 169 --end 172
[2026-05-19 05:09:46] [Coordinator] ÷¥––: D:\soft\py\python.exe D:\AiProject\Node\novel-tools\reviewer.py --project D:\AiProject\Node\projects\novels8 --start 173 --end 176
[2026-05-19 05:09:46] [Coordinator] ÷¥––: D:\soft\py\python.exe D:\AiProject\Node\novel-tools\reviewer.py --project D:\AiProject\Node\projects\novels8 --start 177 --end 180
[2026-05-19 05:09:52] [Coordinator] reviewer.py 177-180 ÕÍ≥… (rc=0)
[2026-05-19 05:10:01] [WeChat] Ω¯∂»“—Õ∆ÀÕ: ≥ı∏Â190/2000, …Û≤È322/2000
[2026-05-19 05:11:43] [Coordinator] reviewer.py 169-172 ÕÍ≥… (rc=0)
[2026-05-19 05:11:52] [Coordinator] reviewer.py 173-176 ÕÍ≥… (rc=0)
[2026-05-19 05:11:58] [Coordinator] reviewer.py 165-168 ÕÍ≥… (rc=0)
[2026-05-19 05:12:01] [WeChat] Ω¯∂»“—Õ∆ÀÕ: ≥ı∏Â193/2000, …Û≤È336/2000
[2026-05-19 05:12:16] [Coordinator] reviewer.py 161-164 ÕÍ≥… (rc=0)
[2026-05-19 05:12:17] [Coordinator] µ⁄ 161-180 ’¬ÕÍ≥…£¨‘›Õ£3.0√Î...
[2026-05-19 05:12:20] [Coordinator] ≈‰∂Ó MiniMax-M*: 120/4500,  £”‡ 4380
[2026-05-19 05:12:20] [Coordinator] ≈‰∂Ó speech-hd: 0/19000,  £”‡ 19000
[2026-05-19 05:12:20] [Coordinator] ≈‰∂Ó MiniMax-Hailuo-2.3-Fast-6s-768p: 0/3,  £”‡ 3
[2026-05-19 05:12:20] [Coordinator] ≈‰∂Ó MiniMax-Hailuo-2.3-6s-768p: 0/3,  £”‡ 3
[2026-05-19 05:12:20] [Coordinator] ≈‰∂Ó music-2.5: 0/7,  £”‡ 7
[2026-05-19 05:12:20] [Coordinator] ≈‰∂Ó music-2.6: 0/100,  £”‡ 100
[2026-05-19 05:12:20] [Coordinator] ≈‰∂Ó music-cover: 0/100,  £”‡ 100
[2026-05-19 05:12:20] [Coordinator] ≈‰∂Ó lyrics_generation: 0/100,  £”‡ 100
[2026-05-19 05:12:20] [Coordinator] ≈‰∂Ó image-01: 0/200,  £”‡ 200
[2026-05-19 05:12:20] [Coordinator] ≈‰∂Ó coding-plan-vlm: 0/450,  £”‡ 450
[2026-05-19 05:12:20] [Coordinator] ≈‰∂Ó coding-plan-search: 0/450,  £”‡ 450
[2026-05-19 05:12:21] [Coordinator] ≈‰∂Ó MiniMax-M*: 120/4500,  £”‡ 4380
[2026-05-19 05:12:21] [Coordinator] ≈‰∂Ó speech-hd: 0/19000,  £”‡ 19000
[2026-05-19 05:12:21] [Coordinator] ≈‰∂Ó MiniMax-Hailuo-2.3-Fast-6s-768p: 0/3,  £”‡ 3
[2026-05-19 05:12:21] [Coordinator] ≈‰∂Ó MiniMax-Hailuo-2.3-6s-768p: 0/3,  £”‡ 3
[2026-05-19 05:12:21] [Coordinator] ≈‰∂Ó music-2.5: 0/7,  £”‡ 7
[2026-05-19 05:12:21] [Coordinator] ≈‰∂Ó music-2.6: 0/100,  £”‡ 100
[2026-05-19 05:12:21] [Coordinator] ≈‰∂Ó music-cover: 0/100,  £”‡ 100
[2026-05-19 05:12:21] [Coordinator] ≈‰∂Ó lyrics_generation: 0/100,  £”‡ 100
[2026-05-19 05:12:21] [Coordinator] ≈‰∂Ó image-01: 0/200,  £”‡ 200
[2026-05-19 05:12:21] [Coordinator] ≈‰∂Ó coding-plan-vlm: 0/450,  £”‡ 450
[2026-05-19 05:12:21] [Coordinator] ≈‰∂Ó coding-plan-search: 0/450,  £”‡ 450
[2026-05-19 05:12:21] [Coordinator] ===== ø™ ºµ⁄ 181-200 ’¬ =====
[2026-05-19 05:12:21] [Coordinator] ≤¢––∆Ù∂Ø 10 ∏ˆ writer.py  µ¿˝ (≤¢∑¢=10)
[2026-05-19 05:12:21] [Coordinator] ÷¥––: D:\soft\py\python.exe D:\AiProject\Node\novel-tools\writer.py --project D:\AiProject\Node\projects\novels8 --start 181 --end 182
[2026-05-19 05:12:21] [Coordinator] ÷¥––: D:\soft\py\python.exe D:\AiProject\Node\novel-tools\writer.py --project D:\AiProject\Node\projects\novels8 --start 183 --end 184
[2026-05-19 05:12:21] [Coordinator] ÷¥––: D:\soft\py\python.exe D:\AiProject\Node\novel-tools\writer.py --project D:\AiProject\Node\projects\novels8 --start 185 --end 186
[2026-05-19 05:12:21] [Coordinator] ÷¥––: D:\soft\py\python.exe D:\AiProject\Node\novel-tools\writer.py --project D:\AiProject\Node\projects\novels8 --start 187 --end 188
[2026-05-19 05:12:21] [Coordinator] ÷¥––: D:\soft\py\python.exe D:\AiProject\Node\novel-tools\writer.py --project D:\AiProject\Node\projects\novels8 --start 189 --end 190
[2026-05-19 05:12:21] [Coordinator] ÷¥––: D:\soft\py\python.exe D:\AiProject\Node\novel-tools\writer.py --project D:\AiProject\Node\projects\novels8 --start 191 --end 192
[2026-05-19 05:12:21] [Coordinator] ÷¥––: D:\soft\py\python.exe D:\AiProject\Node\novel-tools\writer.py --project D:\AiProject\Node\projects\novels8 --start 193 --end 194
[2026-05-19 05:12:21] [Coordinator] ÷¥––: D:\soft\py\python.exe D:\AiProject\Node\novel-tools\writer.py --project D:\AiProject\Node\projects\novels8 --start 195 --end 196
[2026-05-19 05:12:21] [Coordinator] ÷¥––: D:\soft\py\python.exe D:\AiProject\Node\novel-tools\writer.py --project D:\AiProject\Node\projects\novels8 --start 197 --end 198
[2026-05-19 05:12:21] [Coordinator] ÷¥––: D:\soft\py\python.exe D:\AiProject\Node\novel-tools\writer.py --project D:\AiProject\Node\projects\novels8 --start 199 --end 200
[2026-05-19 05:12:27] [Coordinator] writer.py 181-182 ÕÍ≥… (rc=0)
[2026-05-19 05:12:27] [Coordinator] writer.py 183-184 ÕÍ≥… (rc=0)
[2026-05-19 05:12:27] [Coordinator] writer.py 185-186 ÕÍ≥… (rc=0)
[2026-05-19 05:12:27] [Coordinator] writer.py 187-188 ÕÍ≥… (rc=0)
[2026-05-19 05:12:27] [Coordinator] writer.py 189-190 ÕÍ≥… (rc=0)
[2026-05-19 05:14:02] [WeChat] Ω¯∂»“—Õ∆ÀÕ: ≥ı∏Â197/2000, …Û≤È337/2000
[2026-05-19 05:15:21] [Coordinator] writer.py 191-192 ÕÍ≥… (rc=0)
[2026-05-19 05:15:24] [Coordinator] writer.py 197-198 ÕÍ≥… (rc=0)
[2026-05-19 05:15:51] [Coordinator] writer.py 193-194 ÕÍ≥… (rc=0)
[2026-05-19 05:16:02] [WeChat] Ω¯∂»“—Õ∆ÀÕ: ≥ı∏Â202/2000, …Û≤È337/2000
[2026-05-19 05:16:21] [Coordinator] writer.py 195-196 ÕÍ≥… (rc=0)
[2026-05-19 05:17:09] [Coordinator] writer.py 199-200 ÕÍ≥… (rc=0)
[2026-05-19 05:17:09] [Coordinator] ≤¢––∆Ù∂Ø 5 ∏ˆ reviewer.py  µ¿˝ (≤¢∑¢=5)
[2026-05-19 05:17:09] [Coordinator] ÷¥––: D:\soft\py\python.exe D:\AiProject\Node\novel-tools\reviewer.py --project D:\AiProject\Node\projects\novels8 --start 181 --end 184
[2026-05-19 05:17:09] [Coordinator] ÷¥––: D:\soft\py\python.exe D:\AiProject\Node\novel-tools\reviewer.py --project D:\AiProject\Node\projects\novels8 --start 185 --end 188
[2026-05-19 05:17:09] [Coordinator] ÷¥––: D:\soft\py\python.exe D:\AiProject\Node\novel-tools\reviewer.py --project D:\AiProject\Node\projects\novels8 --start 189 --end 192
[2026-05-19 05:17:09] [Coordinator] ÷¥––: D:\soft\py\python.exe D:\AiProject\Node\novel-tools\reviewer.py --project D:\AiProject\Node\projects\novels8 --start 193 --end 196
[2026-05-19 05:17:09] [Coordinator] ÷¥––: D:\soft\py\python.exe D:\AiProject\Node\novel-tools\reviewer.py --project D:\AiProject\Node\projects\novels8 --start 197 --end 200
[2026-05-19 05:17:15] [Coordinator] reviewer.py 181-184 ÕÍ≥… (rc=0)
[2026-05-19 05:17:15] [Coordinator] reviewer.py 185-188 ÕÍ≥… (rc=0)
[2026-05-19 05:18:03] [WeChat] Ω¯∂»“—Õ∆ÀÕ: ≥ı∏Â202/2000, …Û≤È342/2000
[2026-05-19 05:18:39] [Coordinator] reviewer.py 189-192 ÕÍ≥… (rc=0)
[2026-05-19 05:19:21] [Coordinator] reviewer.py 193-196 ÕÍ≥… (rc=0)
[2026-05-19 05:19:27] [Coordinator] reviewer.py 197-200 ÕÍ≥… (rc=0)
[2026-05-19 05:19:27] [Coordinator] µ⁄196’¬∆¿∑÷6.5£¨ verdict: –Ë–ﬁ∏ƒ£¨±Íº«Œ™–Ë÷ÿ–¥
[2026-05-19 05:19:27] [Coordinator] µ⁄ 181-200 ’¬ÕÍ≥…£¨‘›Õ£3.0√Î...
[2026-05-19 05:19:31] [Coordinator] ≈‰∂Ó MiniMax-M*: 190/4500,  £”‡ 4310
[2026-05-19 05:19:31] [Coordinator] ≈‰∂Ó speech-hd: 0/19000,  £”‡ 19000
[2026-05-19 05:19:31] [Coordinator] ≈‰∂Ó MiniMax-Hailuo-2.3-Fast-6s-768p: 0/3,  £”‡ 3
[2026-05-19 05:19:31] [Coordinator] ≈‰∂Ó MiniMax-Hailuo-2.3-6s-768p: 0/3,  £”‡ 3
[2026-05-19 05:19:31] [Coordinator] ≈‰∂Ó music-2.5: 0/7,  £”‡ 7
[2026-05-19 05:19:31] [Coordinator] ≈‰∂Ó music-2.6: 0/100,  £”‡ 100
[2026-05-19 05:19:31] [Coordinator] ≈‰∂Ó music-cover: 0/100,  £”‡ 100
[2026-05-19 05:19:31] [Coordinator] ≈‰∂Ó lyrics_generation: 0/100,  £”‡ 100
[2026-05-19 05:19:31] [Coordinator] ≈‰∂Ó image-01: 0/200,  £”‡ 200
[2026-05-19 05:19:31] [Coordinator] ≈‰∂Ó coding-plan-vlm: 0/450,  £”‡ 450
[2026-05-19 05:19:31] [Coordinator] ≈‰∂Ó coding-plan-search: 0/450,  £”‡ 450
[2026-05-19 05:19:31] [Coordinator] ≈‰∂Ó MiniMax-M*: 190/4500,  £”‡ 4310
[2026-05-19 05:19:31] [Coordinator] ≈‰∂Ó speech-hd: 0/19000,  £”‡ 19000
[2026-05-19 05:19:31] [Coordinator] ≈‰∂Ó MiniMax-Hailuo-2.3-Fast-6s-768p: 0/3,  £”‡ 3
[2026-05-19 05:19:31] [Coordinator] ≈‰∂Ó MiniMax-Hailuo-2.3-6s-768p: 0/3,  £”‡ 3
[2026-05-19 05:19:31] [Coordinator] ≈‰∂Ó music-2.5: 0/7,  £”‡ 7
[2026-05-19 05:19:31] [Coordinator] ≈‰∂Ó music-2.6: 0/100,  £”‡ 100
[2026-05-19 05:19:31] [Coordinator] ≈‰∂Ó music-cover: 0/100,  £”‡ 100
[2026-05-19 05:19:31] [Coordinator] ≈‰∂Ó lyrics_generation: 0/100,  £”‡ 100
[2026-05-19 05:19:31] [Coordinator] ≈‰∂Ó image-01: 0/200,  £”‡ 200
[2026-05-19 05:19:31] [Coordinator] ≈‰∂Ó coding-plan-vlm: 0/450,  £”‡ 450
[2026-05-19 05:19:31] [Coordinator] ≈‰∂Ó coding-plan-search: 0/450,  £”‡ 450
[2026-05-19 05:19:31] [Coordinator] ===== ø™ ºµ⁄ 201-220 ’¬ =====
[2026-05-19 05:19:31] [Coordinator] ≤¢––∆Ù∂Ø 10 ∏ˆ writer.py  µ¿˝ (≤¢∑¢=10)
[2026-05-19 05:19:31] [Coordinator] ÷¥––: D:\soft\py\python.exe D:\AiProject\Node\novel-tools\writer.py --project D:\AiProject\Node\projects\novels8 --start 201 --end 202
[2026-05-19 05:19:31] [Coordinator] ÷¥––: D:\soft\py\python.exe D:\AiProject\Node\novel-tools\writer.py --project D:\AiProject\Node\projects\novels8 --start 203 --end 204
[2026-05-19 05:19:31] [Coordinator] ÷¥––: D:\soft\py\python.exe D:\AiProject\Node\novel-tools\writer.py --project D:\AiProject\Node\projects\novels8 --start 205 --end 206
[2026-05-19 05:19:31] [Coordinator] ÷¥––: D:\soft\py\python.exe D:\AiProject\Node\novel-tools\writer.py --project D:\AiProject\Node\projects\novels8 --start 207 --end 208
[2026-05-19 05:19:31] [Coordinator] ÷¥––: D:\soft\py\python.exe D:\AiProject\Node\novel-tools\writer.py --project D:\AiProject\Node\projects\novels8 --start 209 --end 210
[2026-05-19 05:19:31] [Coordinator] ÷¥––: D:\soft\py\python.exe D:\AiProject\Node\novel-tools\writer.py --project D:\AiProject\Node\projects\novels8 --start 211 --end 212
[2026-05-19 05:19:31] [Coordinator] ÷¥––: D:\soft\py\python.exe D:\AiProject\Node\novel-tools\writer.py --project D:\AiProject\Node\projects\novels8 --start 213 --end 214
[2026-05-19 05:19:31] [Coordinator] ÷¥––: D:\soft\py\python.exe D:\AiProject\Node\novel-tools\writer.py --project D:\AiProject\Node\projects\novels8 --start 215 --end 216
[2026-05-19 05:19:31] [Coordinator] ÷¥––: D:\soft\py\python.exe D:\AiProject\Node\novel-tools\writer.py --project D:\AiProject\Node\projects\novels8 --start 217 --end 218
[2026-05-19 05:19:31] [Coordinator] ÷¥––: D:\soft\py\python.exe D:\AiProject\Node\novel-tools\writer.py --project D:\AiProject\Node\projects\novels8 --start 219 --end 220
[2026-05-19 05:19:37] [Coordinator] writer.py 201-202 ÕÍ≥… (rc=0)
[2026-05-19 05:19:37] [Coordinator] writer.py 203-204 ÕÍ≥… (rc=0)
[2026-05-19 05:19:37] [Coordinator] writer.py 205-206 ÕÍ≥… (rc=0)
[2026-05-19 05:19:37] [Coordinator] writer.py 207-208 ÕÍ≥… (rc=0)
[2026-05-19 05:19:37] [Coordinator] writer.py 209-210 ÕÍ≥… (rc=0)
[2026-05-19 05:19:37] [Coordinator] writer.py 211-212 ÕÍ≥… (rc=0)
[2026-05-19 05:19:37] [Coordinator] writer.py 213-214 ÕÍ≥… (rc=0)
[2026-05-19 05:20:03] [WeChat] Ω¯∂»“—Õ∆ÀÕ: ≥ı∏Â202/2000, …Û≤È354/2000
[2026-05-19 05:21:22] [Coordinator] writer.py 215-216 ÕÍ≥… (rc=0)
[2026-05-19 05:22:03] [WeChat] Ω¯∂»“—Õ∆ÀÕ: ≥ı∏Â203/2000, …Û≤È359/2000
[2026-05-19 05:23:10] [Coordinator] writer.py 217-218 ÕÍ≥… (rc=0)
[2026-05-19 05:23:40] [Coordinator] writer.py 219-220 ÕÍ≥… (rc=0)
[2026-05-19 05:23:41] [Coordinator] ≤¢––∆Ù∂Ø 5 ∏ˆ reviewer.py  µ¿˝ (≤¢∑¢=5)
[2026-05-19 05:23:41] [Coordinator] ÷¥––: D:\soft\py\python.exe D:\AiProject\Node\novel-tools\reviewer.py --project D:\AiProject\Node\projects\novels8 --start 201 --end 204
[2026-05-19 05:23:41] [Coordinator] ÷¥––: D:\soft\py\python.exe D:\AiProject\Node\novel-tools\reviewer.py --project D:\AiProject\Node\projects\novels8 --start 205 --end 208
[2026-05-19 05:23:41] [Coordinator] ÷¥––: D:\soft\py\python.exe D:\AiProject\Node\novel-tools\reviewer.py --project D:\AiProject\Node\projects\novels8 --start 209 --end 212
[2026-05-19 05:23:41] [Coordinator] ÷¥––: D:\soft\py\python.exe D:\AiProject\Node\novel-tools\reviewer.py --project D:\AiProject\Node\projects\novels8 --start 213 --end 216
[2026-05-19 05:23:41] [Coordinator] ÷¥––: D:\soft\py\python.exe D:\AiProject\Node\novel-tools\reviewer.py --project D:\AiProject\Node\projects\novels8 --start 217 --end 220
[2026-05-19 05:23:47] [Coordinator] reviewer.py 201-204 ÕÍ≥… (rc=0)
[2026-05-19 05:23:47] [Coordinator] reviewer.py 205-208 ÕÍ≥… (rc=0)
[2026-05-19 05:23:47] [Coordinator] reviewer.py 209-212 ÕÍ≥… (rc=0)
[2026-05-19 05:24:04] [WeChat] Ω¯∂»“—Õ∆ÀÕ: ≥ı∏Â204/2000, …Û≤È361/2000
[2026-05-19 05:24:20] [Coordinator] reviewer.py 213-216 ÕÍ≥… (rc=0)
[2026-05-19 05:25:59] [Coordinator] reviewer.py 217-220 ÕÍ≥… (rc=0)
[2026-05-19 05:25:59] ============================================================
[2026-05-19 05:25:59] [Coordinator] …˙≥…◊‹Ω·±®∏Ê
[2026-05-19 05:25:59] ============================================================
[2026-05-19 05:25:59] [Coordinator] ◊‹Ω·±®∏Ê: “—ÕÍ≥… 0/2000 ’¬
[2026-05-19 05:25:59] [Coordinator] ◊‹◊÷ ˝: 0 ◊÷
[2026-05-19 05:25:59] [Coordinator] ∆Ωæ˘∆¿∑÷: 7.95
[2026-05-19 05:25:59] [Coordinator] –Ë÷ÿ–¥: 7 ’¬
[2026-05-19 05:25:59] [Coordinator] µ⁄ 201-220 ’¬ÕÍ≥…£¨‘›Õ£3.0√Î...
[2026-05-19 05:26:03] [Coordinator] ≈‰∂Ó MiniMax-M*: 230/4500,  £”‡ 4270
[2026-05-19 05:26:03] [Coordinator] ≈‰∂Ó speech-hd: 0/19000,  £”‡ 19000
[2026-05-19 05:26:03] [Coordinator] ≈‰∂Ó MiniMax-Hailuo-2.3-Fast-6s-768p: 0/3,  £”‡ 3
[2026-05-19 05:26:03] [Coordinator] ≈‰∂Ó MiniMax-Hailuo-2.3-6s-768p: 0/3,  £”‡ 3
[2026-05-19 05:26:03] [Coordinator] ≈‰∂Ó music-2.5: 0/7,  £”‡ 7
[2026-05-19 05:26:03] [Coordinator] ≈‰∂Ó music-2.6: 0/100,  £”‡ 100
[2026-05-19 05:26:03] [Coordinator] ≈‰∂Ó music-cover: 0/100,  £”‡ 100
[2026-05-19 05:26:03] [Coordinator] ≈‰∂Ó lyrics_generation: 0/100,  £”‡ 100
[2026-05-19 05:26:03] [Coordinator] ≈‰∂Ó image-01: 0/200,  £”‡ 200
[2026-05-19 05:26:03] [Coordinator] ≈‰∂Ó coding-plan-vlm: 0/450,  £”‡ 450
[2026-05-19 05:26:03] [Coordinator] ≈‰∂Ó coding-plan-search: 0/450,  £”‡ 450
[2026-05-19 05:26:03] [Coordinator] ≈‰∂Ó MiniMax-M*: 230/4500,  £”‡ 4270
[2026-05-19 05:26:03] [Coordinator] ≈‰∂Ó speech-hd: 0/19000,  £”‡ 19000
[2026-05-19 05:26:03] [Coordinator] ≈‰∂Ó MiniMax-Hailuo-2.3-Fast-6s-768p: 0/3,  £”‡ 3
[2026-05-19 05:26:03] [Coordinator] ≈‰∂Ó MiniMax-Hailuo-2.3-6s-768p: 0/3,  £”‡ 3
[2026-05-19 05:26:03] [Coordinator] ≈‰∂Ó music-2.5: 0/7,  £”‡ 7
[2026-05-19 05:26:03] [Coordinator] ≈‰∂Ó music-2.6: 0/100,  £”‡ 100
[2026-05-19 05:26:03] [Coordinator] ≈‰∂Ó music-cover: 0/100,  £”‡ 100
[2026-05-19 05:26:03] [Coordinator] ≈‰∂Ó lyrics_generation: 0/100,  £”‡ 100
[2026-05-19 05:26:03] [Coordinator] ≈‰∂Ó image-01: 0/200,  £”‡ 200
[2026-05-19 05:26:03] [Coordinator] ≈‰∂Ó coding-plan-vlm: 0/450,  £”‡ 450
[2026-05-19 05:26:03] [Coordinator] ≈‰∂Ó coding-plan-search: 0/450,  £”‡ 450
[2026-05-19 05:26:03] [Coordinator] ===== ø™ ºµ⁄ 221-240 ’¬ =====
[2026-05-19 05:26:03] [Coordinator] ≤¢––∆Ù∂Ø 10 ∏ˆ writer.py  µ¿˝ (≤¢∑¢=10)
[2026-05-19 05:26:03] [Coordinator] ÷¥––: D:\soft\py\python.exe D:\AiProject\Node\novel-tools\writer.py --project D:\AiProject\Node\projects\novels8 --start 221 --end 222
[2026-05-19 05:26:03] [Coordinator] ÷¥––: D:\soft\py\python.exe D:\AiProject\Node\novel-tools\writer.py --project D:\AiProject\Node\projects\novels8 --start 223 --end 224
[2026-05-19 05:26:03] [Coordinator] ÷¥––: D:\soft\py\python.exe D:\AiProject\Node\novel-tools\writer.py --project D:\AiProject\Node\projects\novels8 --start 225 --end 226
[2026-05-19 05:26:03] [Coordinator] ÷¥––: D:\soft\py\python.exe D:\AiProject\Node\novel-tools\writer.py --project D:\AiProject\Node\projects\novels8 --start 227 --end 228
[2026-05-19 05:26:03] [Coordinator] ÷¥––: D:\soft\py\python.exe D:\AiProject\Node\novel-tools\writer.py --project D:\AiProject\Node\projects\novels8 --start 229 --end 230
[2026-05-19 05:26:03] [Coordinator] ÷¥––: D:\soft\py\python.exe D:\AiProject\Node\novel-tools\writer.py --project D:\AiProject\Node\projects\novels8 --start 231 --end 232
[2026-05-19 05:26:03] [Coordinator] ÷¥––: D:\soft\py\python.exe D:\AiProject\Node\novel-tools\writer.py --project D:\AiProject\Node\projects\novels8 --start 233 --end 234
[2026-05-19 05:26:03] [Coordinator] ÷¥––: D:\soft\py\python.exe D:\AiProject\Node\novel-tools\writer.py --project D:\AiProject\Node\projects\novels8 --start 235 --end 236
[2026-05-19 05:26:03] [Coordinator] ÷¥––: D:\soft\py\python.exe D:\AiProject\Node\novel-tools\writer.py --project D:\AiProject\Node\projects\novels8 --start 237 --end 238
[2026-05-19 05:26:03] [Coordinator] ÷¥––: D:\soft\py\python.exe D:\AiProject\Node\novel-tools\writer.py --project D:\AiProject\Node\projects\novels8 --start 239 --end 240
[2026-05-19 05:26:04] [WeChat] Ω¯∂»“—Õ∆ÀÕ: ≥ı∏Â204/2000, …Û≤È366/2000
[2026-05-19 05:28:05] [WeChat] Ω¯∂»“—Õ∆ÀÕ: ≥ı∏Â206/2000, …Û≤È366/2000
[2026-05-19 05:28:24] [Coordinator] writer.py 223-224 ÕÍ≥… (rc=0)
[2026-05-19 05:28:51] [Coordinator] writer.py 227-228 ÕÍ≥… (rc=0)
[2026-05-19 05:29:03] [Coordinator] writer.py 237-238 ÕÍ≥… (rc=0)
[2026-05-19 05:29:09] [Coordinator] writer.py 221-222 ÕÍ≥… (rc=0)
[2026-05-19 05:29:51] [Coordinator] writer.py 229-230 ÕÍ≥… (rc=0)
[2026-05-19 05:30:05] [WeChat] Ω¯∂»“—Õ∆ÀÕ: ≥ı∏Â209/2000, …Û≤È366/2000
[2026-05-19 05:30:48] [Coordinator] writer.py 233-234 ÕÍ≥… (rc=0)
[2026-05-19 05:31:03] [Coordinator] writer.py 225-226 ÕÍ≥… (rc=0)
[2026-05-19 05:32:05] [WeChat] Ω¯∂»“—Õ∆ÀÕ: ≥ı∏Â212/2000, …Û≤È366/2000
[2026-05-19 05:32:21] [Coordinator] writer.py 235-236 ÕÍ≥… (rc=0)
[2026-05-19 05:32:24] [Coordinator] writer.py 239-240 ÕÍ≥… (rc=0)
[2026-05-19 05:33:57] [Coordinator] writer.py 231-232 ÕÍ≥… (rc=1)
[2026-05-19 05:33:57] [WARNING] Writer Agent 231-232 ∑µªÿ∑«¡„ÕÀ≥ˆ¬Î: 1
[2026-05-19 05:33:58] [Coordinator] ≤¢––∆Ù∂Ø 5 ∏ˆ reviewer.py  µ¿˝ (≤¢∑¢=5)
[2026-05-19 05:33:58] [Coordinator] ÷¥––: D:\soft\py\python.exe D:\AiProject\Node\novel-tools\reviewer.py --project D:\AiProject\Node\projects\novels8 --start 221 --end 224
[2026-05-19 05:33:58] [Coordinator] ÷¥––: D:\soft\py\python.exe D:\AiProject\Node\novel-tools\reviewer.py --project D:\AiProject\Node\projects\novels8 --start 225 --end 228
[2026-05-19 05:33:58] [Coordinator] ÷¥––: D:\soft\py\python.exe D:\AiProject\Node\novel-tools\reviewer.py --project D:\AiProject\Node\projects\novels8 --start 229 --end 232
[2026-05-19 05:33:58] [Coordinator] ÷¥––: D:\soft\py\python.exe D:\AiProject\Node\novel-tools\reviewer.py --project D:\AiProject\Node\projects\novels8 --start 233 --end 236
[2026-05-19 05:33:58] [Coordinator] ÷¥––: D:\soft\py\python.exe D:\AiProject\Node\novel-tools\reviewer.py --project D:\AiProject\Node\projects\novels8 --start 237 --end 240
[2026-05-19 05:34:06] [WeChat] Ω¯∂»“—Õ∆ÀÕ: ≥ı∏Â213/2000, …Û≤È366/2000
[2026-05-19 05:35:58] [Coordinator] reviewer.py 229-232 ÕÍ≥… (rc=0)
[2026-05-19 05:36:06] [WeChat] Ω¯∂»“—Õ∆ÀÕ: ≥ı∏Â214/2000, …Û≤È381/2000
[2026-05-19 05:36:13] [Coordinator] reviewer.py 221-224 ÕÍ≥… (rc=0)
[2026-05-19 05:36:16] [Coordinator] reviewer.py 233-236 ÕÍ≥… (rc=0)
[2026-05-19 05:36:28] [Coordinator] reviewer.py 237-240 ÕÍ≥… (rc=0)
[2026-05-19 05:36:37] [Coordinator] reviewer.py 225-228 ÕÍ≥… (rc=0)
[2026-05-19 05:36:37] [Coordinator] µ⁄ 221-240 ’¬ÕÍ≥…£¨‘›Õ£3.0√Î...
[2026-05-19 05:36:40] [Coordinator] ≈‰∂Ó MiniMax-M*: 325/4500,  £”‡ 4175
[2026-05-19 05:36:40] [Coordinator] ≈‰∂Ó speech-hd: 0/19000,  £”‡ 19000
[2026-05-19 05:36:40] [Coordinator] ≈‰∂Ó MiniMax-Hailuo-2.3-Fast-6s-768p: 0/3,  £”‡ 3
[2026-05-19 05:36:40] [Coordinator] ≈‰∂Ó MiniMax-Hailuo-2.3-6s-768p: 0/3,  £”‡ 3
[2026-05-19 05:36:40] [Coordinator] ≈‰∂Ó music-2.5: 0/7,  £”‡ 7
[2026-05-19 05:36:40] [Coordinator] ≈‰∂Ó music-2.6: 0/100,  £”‡ 100
[2026-05-19 05:36:40] [Coordinator] ≈‰∂Ó music-cover: 0/100,  £”‡ 100
[2026-05-19 05:36:40] [Coordinator] ≈‰∂Ó lyrics_generation: 0/100,  £”‡ 100
[2026-05-19 05:36:40] [Coordinator] ≈‰∂Ó image-01: 0/200,  £”‡ 200
[2026-05-19 05:36:40] [Coordinator] ≈‰∂Ó coding-plan-vlm: 0/450,  £”‡ 450
[2026-05-19 05:36:40] [Coordinator] ≈‰∂Ó coding-plan-search: 0/450,  £”‡ 450
[2026-05-19 05:36:41] [Coordinator] ≈‰∂Ó MiniMax-M*: 325/4500,  £”‡ 4175
[2026-05-19 05:36:41] [Coordinator] ≈‰∂Ó speech-hd: 0/19000,  £”‡ 19000
[2026-05-19 05:36:41] [Coordinator] ≈‰∂Ó MiniMax-Hailuo-2.3-Fast-6s-768p: 0/3,  £”‡ 3
[2026-05-19 05:36:41] [Coordinator] ≈‰∂Ó MiniMax-Hailuo-2.3-6s-768p: 0/3,  £”‡ 3
[2026-05-19 05:36:41] [Coordinator] ≈‰∂Ó music-2.5: 0/7,  £”‡ 7
[2026-05-19 05:36:41] [Coordinator] ≈‰∂Ó music-2.6: 0/100,  £”‡ 100
[2026-05-19 05:36:41] [Coordinator] ≈‰∂Ó music-cover: 0/100,  £”‡ 100
[2026-05-19 05:36:41] [Coordinator] ≈‰∂Ó lyrics_generation: 0/100,  £”‡ 100
[2026-05-19 05:36:41] [Coordinator] ≈‰∂Ó image-01: 0/200,  £”‡ 200
[2026-05-19 05:36:41] [Coordinator] ≈‰∂Ó coding-plan-vlm: 0/450,  £”‡ 450
[2026-05-19 05:36:41] [Coordinator] ≈‰∂Ó coding-plan-search: 0/450,  £”‡ 450
[2026-05-19 05:36:41] [Coordinator] ===== ø™ ºµ⁄ 241-260 ’¬ =====
[2026-05-19 05:36:41] [Coordinator] ≤¢––∆Ù∂Ø 10 ∏ˆ writer.py  µ¿˝ (≤¢∑¢=10)
[2026-05-19 05:36:41] [Coordinator] ÷¥––: D:\soft\py\python.exe D:\AiProject\Node\novel-tools\writer.py --project D:\AiProject\Node\projects\novels8 --start 241 --end 242
[2026-05-19 05:36:41] [Coordinator] ÷¥––: D:\soft\py\python.exe D:\AiProject\Node\novel-tools\writer.py --project D:\AiProject\Node\projects\novels8 --start 243 --end 244
[2026-05-19 05:36:41] [Coordinator] ÷¥––: D:\soft\py\python.exe D:\AiProject\Node\novel-tools\writer.py --project D:\AiProject\Node\projects\novels8 --start 245 --end 246
[2026-05-19 05:36:41] [Coordinator] ÷¥––: D:\soft\py\python.exe D:\AiProject\Node\novel-tools\writer.py --project D:\AiProject\Node\projects\novels8 --start 247 --end 248
[2026-05-19 05:36:41] [Coordinator] ÷¥––: D:\soft\py\python.exe D:\AiProject\Node\novel-tools\writer.py --project D:\AiProject\Node\projects\novels8 --start 249 --end 250
[2026-05-19 05:36:41] [Coordinator] ÷¥––: D:\soft\py\python.exe D:\AiProject\Node\novel-tools\writer.py --project D:\AiProject\Node\projects\novels8 --start 251 --end 252
[2026-05-19 05:36:41] [Coordinator] ÷¥––: D:\soft\py\python.exe D:\AiProject\Node\novel-tools\writer.py --project D:\AiProject\Node\projects\novels8 --start 253 --end 254
[2026-05-19 05:36:41] [Coordinator] ÷¥––: D:\soft\py\python.exe D:\AiProject\Node\novel-tools\writer.py --project D:\AiProject\Node\projects\novels8 --start 255 --end 256
[2026-05-19 05:36:41] [Coordinator] ÷¥––: D:\soft\py\python.exe D:\AiProject\Node\novel-tools\writer.py --project D:\AiProject\Node\projects\novels8 --start 257 --end 258
[2026-05-19 05:36:41] [Coordinator] ÷¥––: D:\soft\py\python.exe D:\AiProject\Node\novel-tools\writer.py --project D:\AiProject\Node\projects\novels8 --start 259 --end 260
[2026-05-19 05:38:06] [WeChat] Ω¯∂»“—Õ∆ÀÕ: ≥ı∏Â218/2000, …Û≤È388/2000
[2026-05-19 05:39:17] [Coordinator] writer.py 247-248 ÕÍ≥… (rc=0)
[2026-05-19 05:39:29] [Coordinator] writer.py 249-250 ÕÍ≥… (rc=0)
[2026-05-19 05:39:29] [Coordinator] writer.py 253-254 ÕÍ≥… (rc=0)
[2026-05-19 05:39:32] [Coordinator] writer.py 241-242 ÕÍ≥… (rc=0)
[2026-05-19 05:39:47] [Coordinator] writer.py 251-252 ÕÍ≥… (rc=0)
[2026-05-19 05:40:07] [WeChat] Ω¯∂»“—Õ∆ÀÕ: ≥ı∏Â225/2000, …Û≤È390/2000
[2026-05-19 05:40:44] [Coordinator] writer.py 257-258 ÕÍ≥… (rc=0)
[2026-05-19 05:41:23] [Coordinator] writer.py 243-244 ÕÍ≥… (rc=0)
[2026-05-19 05:41:44] [Coordinator] writer.py 245-246 ÕÍ≥… (rc=0)
[2026-05-19 05:41:47] [Coordinator] writer.py 259-260 ÕÍ≥… (rc=0)
[2026-05-19 05:42:07] [WeChat] Ω¯∂»“—Õ∆ÀÕ: ≥ı∏Â225/2000, …Û≤È393/2000
[2026-05-19 05:44:08] [WeChat] Ω¯∂»“—Õ∆ÀÕ: ≥ı∏Â226/2000, …Û≤È394/2000
[2026-05-19 05:44:53] [Coordinator] writer.py 255-256 ÕÍ≥… (rc=0)
[2026-05-19 05:44:53] [Coordinator] ≤¢––∆Ù∂Ø 5 ∏ˆ reviewer.py  µ¿˝ (≤¢∑¢=5)
[2026-05-19 05:44:53] [Coordinator] ÷¥––: D:\soft\py\python.exe D:\AiProject\Node\novel-tools\reviewer.py --project D:\AiProject\Node\projects\novels8 --start 241 --end 244
[2026-05-19 05:44:53] [Coordinator] ÷¥––: D:\soft\py\python.exe D:\AiProject\Node\novel-tools\reviewer.py --project D:\AiProject\Node\projects\n
[2026-05-19 05:36:49] [Coordinator] reviewer.py 221-230 ÕÍ≥… (rc=0)
[2026-05-19 05:36:49] [Coordinator] reviewer.py 231-240 ÕÍ≥… (rc=0)
[2026-05-19 05:36:49] [Coordinator] µ⁄ 221-240 ’¬ÕÍ≥…£¨‘›Õ£3.0√Î...
[2026-05-19 05:36:53] [Coordinator] ≈‰∂Ó MiniMax-M*: 326/4500,  £”‡ 4174
[2026-05-19 05:36:53] [Coordinator] ≈‰∂Ó speech-hd: 0/19000,  £”‡ 19000
[2026-05-19 05:36:53] [Coordinator] ≈‰∂Ó MiniMax-Hailuo-2.3-Fast-6s-768p: 0/3,  £”‡ 3
[2026-05-19 05:36:53] [Coordinator] ≈‰∂Ó MiniMax-Hailuo-2.3-6s-768p: 0/3,  £”‡ 3
[2026-05-19 05:36:53] [Coordinator] ≈‰∂Ó music-2.5: 0/7,  £”‡ 7
[2026-05-19 05:36:53] [Coordinator] ≈‰∂Ó music-2.6: 0/100,  £”‡ 100
[2026-05-19 05:36:53] [Coordinator] ≈‰∂Ó music-cover: 0/100,  £”‡ 100
[2026-05-19 05:36:53] [Coordinator] ≈‰∂Ó lyrics_generation: 0/100,  £”‡ 100
[2026-05-19 05:36:53] [Coordinator] ≈‰∂Ó image-01: 0/200,  £”‡ 200
[2026-05-19 05:36:53] [Coordinator] ≈‰∂Ó coding-plan-vlm: 0/450,  £”‡ 450
[2026-05-19 05:36:53] [Coordinator] ≈‰∂Ó coding-plan-search: 0/450,  £”‡ 450
[2026-05-19 05:36:53] [Coordinator] ≈‰∂Ó MiniMax-M*: 326/4500,  £”‡ 4174
[2026-05-19 05:36:53] [Coordinator] ≈‰∂Ó speech-hd: 0/19000,  £”‡ 19000
[2026-05-19 05:36:53] [Coordinator] ≈‰∂Ó MiniMax-Hailuo-2.3-Fast-6s-768p: 0/3,  £”‡ 3
[2026-05-19 05:36:53] [Coordinator] ≈‰∂Ó MiniMax-Hailuo-2.3-6s-768p: 0/3,  £”‡ 3
[2026-05-19 05:36:53] [Coordinator] ≈‰∂Ó music-2.5: 0/7,  £”‡ 7
[2026-05-19 05:36:53] [Coordinator] ≈‰∂Ó music-2.6: 0/100,  £”‡ 100
[2026-05-19 05:36:53] [Coordinator] ≈‰∂Ó music-cover: 0/100,  £”‡ 100
[2026-05-19 05:36:53] [Coordinator] ≈‰∂Ó lyrics_generation: 0/100,  £”‡ 100
[2026-05-19 05:36:53] [Coordinator] ≈‰∂Ó image-01: 0/200,  £”‡ 200
[2026-05-19 05:36:53] [Coordinator] ≈‰∂Ó coding-plan-vlm: 0/450,  £”‡ 450
[2026-05-19 05:36:53] [Coordinator] ≈‰∂Ó coding-plan-search: 0/450,  £”‡ 450
[2026-05-19 05:36:53] [Coordinator] ===== ø™ ºµ⁄ 241-260 ’¬ =====
[2026-05-19 05:36:53] [Coordinator] ≤¢––∆Ù∂Ø 5 ∏ˆ writer.py  µ¿˝
[2026-05-19 05:36:53] [Coordinator] ÷¥––: D:\soft\py\python.exe D:\AiProject\Node\novel-tools\writer.py --project D:\AiProject\Node\projects\novels8 --start 241 --end 244
[2026-05-19 05:36:53] [Coordinator] ÷¥––: D:\soft\py\python.exe D:\AiProject\Node\novel-tools\writer.py --project D:\AiProject\Node\projects\novels8 --start 245 --end 248
[2026-05-19 05:36:53] [Coordinator] ÷¥––: D:\soft\py\python.exe D:\AiProject\Node\novel-tools\writer.py --project D:\AiProject\Node\projects\novels8 --start 249 --end 252
[2026-05-19 05:36:53] [Coordinator] ÷¥––: D:\soft\py\python.exe D:\AiProject\Node\novel-tools\writer.py --project D:\AiProject\Node\projects\novels8 --start 253 --end 256
[2026-05-19 05:36:53] [Coordinator] ÷¥––: D:\soft\py\python.exe D:\AiProject\Node\novel-tools\writer.py --project D:\AiProject\Node\projects\novels8 --start 257 --end 260
[2026-05-19 05:37:59] [WeChat] Ω¯∂»“—Õ∆ÀÕ: ≥ı∏Â214/2000, …Û≤È387/2000
[2026-05-19 05:39:59] [WeChat] Ω¯∂»“—Õ∆ÀÕ: ≥ı∏Â224/2000, …Û≤È389/2000
[2026-05-19 05:40:08] [Coordinator] writer.py 249-252 ÕÍ≥… (rc=0)
[2026-05-19 05:41:14] [Coordinator] writer.py 245-248 ÕÍ≥… (rc=0)
[2026-05-19 05:41:59] [WeChat] Ω¯∂»“—Õ∆ÀÕ: ≥ı∏Â225/2000, …Û≤È393/2000
[2026-05-19 05:42:20] [Coordinator] writer.py 241-244 ÕÍ≥… (rc=0)
[2026-05-19 05:43:38] [Coordinator] writer.py 257-260 ÕÍ≥… (rc=0)
[2026-05-19 05:44:00] [WeChat] Ω¯∂»“—Õ∆ÀÕ: ≥ı∏Â226/2000, …Û≤È394/2000
[2026-05-19 05:44:53] [Coordinator] writer.py 253-256 ÕÍ≥… (rc=0)
[2026-05-19 05:44:54] [Coordinator] ≤¢––∆Ù∂Ø 2 ∏ˆ reviewer.py  µ¿˝
[2026-05-19 05:44:54] [Coordinator] ÷¥––: D:\soft\py\python.exe D:\AiProject\Node\novel-tools\reviewer.py --project D:\AiProject\Node\projects\novels8 --start 241 --end 250
[2026-05-19 05:44:54] [Coordinator] ÷¥––: D:\soft\py\python.exe D:\AiProject\Node\novel-tools\reviewer.py --project D:\AiProject\Node\projects\novels8 --start 251 --end 260
[2026-05-19 05:46:00] [WeChat] Ω¯∂»“—Õ∆ÀÕ: ≥ı∏Â231/2000, …Û≤È402/2000
[2026-05-19 05:47:48] [Coordinator] reviewer.py 241-250 ÕÍ≥… (rc=0)
[2026-05-19 05:47:48] [Coordinator] reviewer.py 251-260 ÕÍ≥… (rc=0)
[2026-05-19 05:47:48] [Coordinator] µ⁄ 241-260 ’¬ÕÍ≥…£¨‘›Õ£3.0√Î...
[2026-05-19 05:47:51] [Coordinator] ≈‰∂Ó MiniMax-M*: 452/4500,  £”‡ 4048
[2026-05-19 05:47:51] [Coordinator] ≈‰∂Ó speech-hd: 0/19000,  £”‡ 19000
[2026-05-19 05:47:51] [Coordinator] ≈‰∂Ó MiniMax-Hailuo-2.3-Fast-6s-768p: 0/3,  £”‡ 3
[2026-05-19 05:47:51] [Coordinator] ≈‰∂Ó MiniMax-Hailuo-2.3-6s-768p: 0/3,  £”‡ 3
[2026-05-19 05:47:51] [Coordinator] ≈‰∂Ó music-2.5: 0/7,  £”‡ 7
[2026-05-19 05:47:51] [Coordinator] ≈‰∂Ó music-2.6: 0/100,  £”‡ 100
[2026-05-19 05:47:51] [Coordinator] ≈‰∂Ó music-cover: 0/100,  £”‡ 100
[2026-05-19 05:47:51] [Coordinator] ≈‰∂Ó lyrics_generation: 0/100,  £”‡ 100
[2026-05-19 05:47:51] [Coordinator] ≈‰∂Ó image-01: 0/200,  £”‡ 200
[2026-05-19 05:47:51] [Coordinator] ≈‰∂Ó coding-plan-vlm: 0/450,  £”‡ 450
[2026-05-19 05:47:51] [Coordinator] ≈‰∂Ó coding-plan-search: 0/450,  £”‡ 450
[2026-05-19 05:47:52] [Coordinator] ≈‰∂Ó MiniMax-M*: 452/4500,  £”‡ 4048
[2026-05-19 05:47:52] [Coordinator] ≈‰∂Ó speech-hd: 0/19000,  £”‡ 19000
[2026-05-19 05:47:52] [Coordinator] ≈‰∂Ó MiniMax-Hailuo-2.3-Fast-6s-768p: 0/3,  £”‡ 3
[2026-05-19 05:47:52] [Coordinator] ≈‰∂Ó MiniMax-Hailuo-2.3-6s-768p: 0/3,  £”‡ 3
[2026-05-19 05:47:52] [Coordinator] ≈‰∂Ó music-2.5: 0/7,  £”‡ 7
[2026-05-19 05:47:52] [Coordinator] ≈‰∂Ó music-2.6: 0/100,  £”‡ 100
[2026-05-19 05:47:52] [Coordinator] ≈‰∂Ó music-cover: 0/100,  £”‡ 100
[2026-05-19 05:47:52] [Coordinator] ≈‰∂Ó lyrics_generation: 0/100,  £”‡ 100
[2026-05-19 05:47:52] [Coordinator] ≈‰∂Ó image-01: 0/200,  £”‡ 200
[2026-05-19 05:47:52] [Coordinator] ≈‰∂Ó coding-plan-vlm: 0/450,  £”‡ 450
[2026-05-19 05:47:52] [Coordinator] ≈‰∂Ó coding-plan-search: 0/450,  £”‡ 450
[2026-05-19 05:47:52] [
[2026-05-19 05:55:52] [Coordinator] ÷¥––: D:\soft\py\python.exe D:\AiProject\Node\novel-tools\reviewer.py --project D:\AiProject\Node\projects\novels8 --start 265 --end 268
[2026-05-19 05:55:52] [Coordinator] ÷¥––: D:\soft\py\python.exe D:\AiProject\Node\novel-tools\reviewer.py --project D:\AiProject\Node\projects\novels8 --start 269 --end 272
[2026-05-19 05:55:52] [Coordinator] ÷¥––: D:\soft\py\python.exe D:\AiProject\Node\novel-tools\reviewer.py --project D:\AiProject\Node\projects\novels8 --start 273 --end 276
[2026-05-19 05:55:52] [Coordinator] ÷¥––: D:\soft\py\python.exe D:\AiProject\Node\novel-tools\reviewer.py --project D:\AiProject\Node\projects\novels8 --start 277 --end 280
[2026-05-19 05:56:10] [WeChat] Ω¯∂»“—Õ∆ÀÕ: ≥ı∏Â246/2000, …Û≤È429/2000
[2026-05-19 05:56:52] [Coordinator] reviewer.py 269-272 ÕÍ≥… (rc=0)
[2026-05-19 05:57:40] [Coordinator] reviewer.py 261-264 ÕÍ≥… (rc=0)
[2026-05-19 05:57:58] [Coordinator] reviewer.py 265-268 ÕÍ≥… (rc=0)
[2026-05-19 05:58:11] [WeChat] Ω¯∂»“—Õ∆ÀÕ: ≥ı∏Â246/2000, …Û≤È449/2000
[2026-05-19 05:58:19] [Coordinator] reviewer.py 273-276 ÕÍ≥… (rc=0)
[2026-05-19 05:58:19] [Coordinator] reviewer.py 277-280 ÕÍ≥… (rc=0)
[2026-05-19 05:58:20] [Coordinator] µ⁄ 261-280 ’¬ÕÍ≥…£¨‘›Õ£3.0√Î...
[2026-05-19 05:58:23] [Coordinator] ≈‰∂Ó MiniMax-M*: 581/4500,  £”‡ 3919
[2026-05-19 05:58:23] [Coordinator] ≈‰∂Ó speech-hd: 0/19000,  £”‡ 19000
[2026-05-19 05:58:23] [Coordinator] ≈‰∂Ó MiniMax-Hailuo-2.3-Fast-6s-768p: 0/3,  £”‡ 3
[2026-05-19 05:58:23] [Coordinator] ≈‰∂Ó MiniMax-Hailuo-2.3-6s-768p: 0/3,  £”‡ 3
[2026-05-19 05:58:23] [Coordinator] ≈‰∂Ó music-2.5: 0/7,  £”‡ 7
[2026-05-19 05:58:23] [Coordinator] ≈‰∂Ó music-2.6: 0/100,  £”‡ 100
[2026-05-19 05:58:23] [Coordinator] ≈‰∂Ó music-cover: 0/100,  £”‡ 100
[2026-05-19 05:58:23] [Coordinator] ≈‰∂Ó lyrics_generation: 0/100,  £”‡ 100
[2026-05-19 05:58:23] [Coordinator] ≈‰∂Ó image-01: 0/200,  £”‡ 200
[2026-05-19 05:58:23] [Coordinator] ≈‰∂Ó coding-plan-vlm: 0/450,  £”‡ 450
[2026-05-19 05:58:23] [Coordinator] ≈‰∂Ó coding-plan-search: 0/450,  £”‡ 450
[2026-05-19 05:58:24] [Coordinator] ≈‰∂Ó MiniMax-M*: 581/4500,  £”‡ 3919
[2026-05-19 05:58:24] [Coordinator] ≈‰∂Ó speech-hd: 0/19000,  £”‡ 19000
[2026-05-19 05:58:24] [Coordinator] ≈‰∂Ó MiniMax-Hailuo-2.3-Fast-6s-768p: 0/3,  £”‡ 3
[2026-05-19 05:58:24] [Coordinator] ≈‰∂Ó MiniMax-Hailuo-2.3-6s-768p: 0/3,  £”‡ 3
[2026-05-19 05:58:24] [Coordinator] ≈
[2026-05-19 05:58:26] [Coordinator] ≈‰∂Ó speech-hd: 0/19000,  £”‡ 19000
[2026-05-19 05:58:26] [Coordinator] ≈‰∂Ó MiniMax-Hailuo-2.3-Fast-6s-768p: 0/3,  £”‡ 3
[2026-05-19 05:58:26] [Coordinator] ≈‰∂Ó MiniMax-Hailuo-2.3-6s-768p: 0/3,  £”‡ 3
[2026-05-19 05:58:26] [Coordinator] ≈‰∂Ó music-2.5: 0/7,  £”‡ 7
[2026-05-19 05:58:26] [Coordinator] ≈‰∂Ó music-2.6: 0/100,  £”‡ 100
[2026-05-19 05:58:26] [Coordinator] ≈‰∂Ó music-cover: 0/100,  £”‡ 100
[2026-05-19 05:58:26] [Coordinator] ≈‰∂Ó lyrics_generation: 0/100,  £”‡ 100
[2026-05-19 05:58:26] [Coordinator] ≈‰∂Ó image-01: 0/200,  £”‡ 200
[2026-05-19 05:58:26] [Coordinator] ≈‰∂Ó coding-plan-vlm: 0/450,  £”‡ 450
[2026-05-19 05:58:26] [Coordinator] ≈‰∂Ó coding-plan-search: 0/450,  £”‡ 450
[2026-05-19 05:58:26] [Coordinator] ≈‰∂Ó MiniMax-M*: 581/4500,  £”‡ 3919
[2026-05-19 05:58:26] [Coordinator] ≈‰∂Ó speech-hd: 0/19000,  £”‡ 19000
[2026-05-19 05:58:26] [Coordinator] ≈‰∂Ó MiniMax-Hailuo-2.3-Fast-6s-768p: 0/3,  £”‡ 3
[2026-05-19 05:58:26] [Coordinator] ≈‰∂Ó MiniMax-Hailuo-2.3-6s-768p: 0/3,  £”‡ 3
[2026-05-19 05:58:26] [Coordinator] ≈‰∂Ó music-2.5: 0/7,  £”‡ 7
[2026-05-19 05:58:26] [Coordinator] ≈‰∂Ó music-2.6: 0/100,  £”‡ 100
[2026-05-19 05:58:26] [Coordinator] ≈‰∂Ó music-cover: 0/100,  £”‡ 100
[2026-05-19 05:58:26] [Coordinator] ≈‰∂Ó lyrics_generation: 0/100,  £”‡ 100
[2026-05-19 05:58:26] [Coordinator] ≈‰∂Ó image-01: 0/200,  £”‡ 200
[2026-05-19 05:58:26] [Coordinator] ≈‰∂Ó coding-plan-vlm: 0/450,  £”‡ 450
[2026-05-19 05:58:26] [Coordinator] ≈‰∂Ó coding-plan-search: 0/450,  £”‡ 450
[2026-05-19 05:58:26] [Coordinator] ===== ø™ ºµ⁄ 281-300 ’¬ =====
[2026-05-19 05:58:26] [Coordinator] ≤¢––∆Ù∂Ø 5 ∏ˆ writer.py  µ¿˝
[2026-05-19 05:58:26] [Coordinator] ÷¥––: D:\soft\py\python.exe D:\AiProject\Node\novel-tools\writer.py --project D:\AiProject\Node\projects\novels8 --start 281 --end 284
[2026-05-19 05:58:26] [Coordinator] ÷¥––: D:\soft\py\python.exe D:\AiProject\Node\novel-tools\writer.py --project D:\AiProject\Node\projects\novels8 --start 285 --end 288
[2026-05-19 05:58:27] [Coordinator] ÷¥––: D:\soft\py\python.exe D:\AiProject\Node\novel-tools\writer.py --project D:\AiProject\Node\projects\novels8 --start 289 --end 292
[2026-05-19 05:58:27] [Coordinator] ÷¥––: D:\soft\py\python.exe D:\AiProject\Node\novel-tools\writer.py --project D:\AiProject\Node\projects\novels8 --start 293 --end 296
[2026-05-19 05:58:27] [Coordinator] ÷¥––: D:\soft\py\python.exe D:\AiProject\Node\novel-tools\writer.py --project D:\AiProject\Node\projects\novels8 --start 297 --end 300
[2026-05-19 06:00:03] [WeChat] Ω¯∂»“—Õ∆ÀÕ: ≥ı∏Â254/2000, …Û≤È451/2000
[2026-05-19 06:02:04] [WeChat] Ω¯∂»“—Õ∆ÀÕ: ≥ı∏Â263/2000, …Û≤È451/2000
[2026-05-19 06:02:48] [Coordinator] writer.py 297-300 ÕÍ≥… (rc=0)
[2026-05-19 06:02:54] [Coordinator] writer.py 293-296 ÕÍ≥… (rc=0)
[2026-05-19 06:03:48] [Coordinator] writer.py 289-292 ÕÍ≥… (rc=0)
[2026-05-19 06:04:04] [WeChat] Ω¯∂»“—Õ∆ÀÕ: ≥ı∏Â265/2000, …Û≤È451/2000
[2026-05-19 06:04:39] [Coordinator] writer.py 285-288 ÕÍ≥… (rc=0)
[2026-05-19 06:05:48] [Coordinator] writer.py 281-284 ÕÍ≥… (rc=0)
[2026-05-19 06:05:48] [Coordinator] ≤¢––∆Ù∂Ø 2 ∏ˆ reviewer.py  µ¿˝
[2026-05-19 06:05:48] [Coordinator] ÷¥––: D:\soft\py\python.exe D:\AiProject\Node\novel-tools\reviewer.py --project D:\AiProject\Node\projects\novels8 --start 281 --end 290
[2026-05-19 06:05:48] [Coordinator] ÷¥––: D:\soft\py\python.exe D:\AiProject\Node\novel-tools\reviewer.py --project D:\AiProject\Node\projects\novels8 --start 291 --end 300
[2026-05-19 06:06:04] [WeChat] Ω¯∂»“—Õ∆ÀÕ: ≥ı∏Â268/2000, …Û≤È451/2000
[2026-05-19 06:08:05] [WeChat] Ω¯∂»“—Õ∆ÀÕ: ≥ı∏Â269/2000, …Û≤È468/2000
[2026-05-19 06:09:24] [Coordinator] reviewer.py 281-290 ÕÍ≥… (rc=0)
[2026-05-19 06:09:36] [Coordinator] reviewer.py 291-300 ÕÍ≥… (rc=0)
[2026-05-19 06:09:36] [Coordinator] µ⁄ 281-300 ’¬ÕÍ≥…£¨‘›Õ£3.0√Î...
[2026-05-19 06:09:40] [Coordinator] ≈‰∂Ó MiniMax-M*: 731/4500,  £”‡ 3769
[2026-05-19 06:09:40] [Coordinator] ≈‰∂Ó speech-hd: 0/19000,  £”‡ 19000
[2026-05-19 06:09:40] [Coordinator] ≈‰∂Ó MiniMax-Hailuo-2.3-Fast-6s-768p: 0/3,  £”‡ 3
[2026-05-19 06:09:40] [Coordinator] ≈‰∂Ó MiniMax-Hailuo-2.3-6s-768p: 0/3,  £”‡ 3
[2026-05-19 06:09:40] [Coordinator] ≈‰∂Ó music-2.5: 0/7,  £”‡ 7
[2026-05-19 06:09:40] [Coordinator] ≈‰∂Ó music-2.6: 0/100,  £”‡ 100
[2026-05-19 06:09:40] [Coordinator] ≈‰∂Ó music-cover: 0/100,  £”‡ 100
[2026-05-19 06:09:40] [Coordinator] ≈‰∂Ó lyrics_generation: 0/100,  £”‡ 100
[2026-05-19 06:09:40] [Coordinator] ≈‰∂Ó image-01: 0/200,  £”‡ 200
[2026-05-19 06:09:40] [Coordinator] ≈‰∂Ó coding-plan-vlm: 0/450,  £”‡ 450
[2026-05-19 06:09:40] [Coordinator] ≈‰∂Ó coding-plan-search: 0/450,  £”‡ 450
[2026-05-19 06:09:40] [Coordinator] ≈‰∂Ó MiniMax-M*: 731/4500,  £”‡ 3769
[2026-05-19 06:09:40] [Coordinator] ≈‰∂Ó speech-hd: 0/19000,  £”‡ 19000
[2026-05-19 06:09:40] [Coordinator] ≈‰∂Ó MiniMax-Hailuo-2.3-Fast-6s-768p: 0/3,  £”‡ 3
[2026-05-19 06:09:40] [Coordinator] ≈‰∂Ó MiniMax-Hailuo-2.3-6s-768p: 0/3,  £”‡ 3
[2026-05-19 06:09:40] [Coordinator] ≈‰∂Ó music-2.5: 0/7,  £”‡ 7
[2026-05-19 06:09:40] [Coordinator] ≈‰∂Ó music-2.6: 0/100,  £”‡ 100
[2026-05-19 06:09:40] [Coordinator] ≈‰∂Ó music-cover: 0/100,  £”‡ 100
[2026-05-19 06:09:40] [Coordinator] ≈‰∂Ó lyrics_generation: 0/100,  £”‡ 100
[2026-05-19 06:09:40] [Coordinator] ≈‰∂Ó image-01: 0/200,  £”‡ 200
[2026-05-19 06:09:40] [Coordinator] ≈‰∂Ó coding-plan-vlm: 0/450,  £”‡ 450
[2026-05-19 06:09:40] [Coordinator] ≈‰∂Ó coding-plan-search: 0/450,  £”‡ 450
[2026-05-19 06:09:40] [Coordinator] ===== ø™ ºµ⁄ 301-320 ’¬ =====
[2026-05-19 06:09:40] [Coordinator] ≤¢––∆Ù∂Ø 5 ∏ˆ writer.py  µ¿˝
[2026-05-19 06:09:40] [Coordinator] ÷¥––: D:\soft\py\python.exe D:\AiProject\Node\novel-tools\writer.py --project D:\AiProject\Node\projects\novels8 --start 301 --end 304
[2026-05-19 06:09:40] [Coordinator] ÷¥––: D:\soft\py\python.exe D:\AiProject\Node\novel-tools\writer.py --project D:\AiProject\Node\projects\novels8 --start 305 --end 308
[2026-05-19 06:09:40] [Coordinator] ÷¥––: D:\soft\py\python.exe D:\AiProject\Node\novel-tools\writer.py --project D:\AiProject\Node\projects\novels8 --start 309 --end 312
[2026-05-19 06:09:40] [Coordinator] ÷¥––: D:\soft\py\python.exe D:\AiProject\Node\novel-tools\writer.py --project D:\AiProject\Node\projects\novels8 --start 313 --end 316
[2026-05-19 06:09:40] [Coordinator] ÷¥––: D:\soft\py\python.exe D:\AiProject\Node\novel-tools\writer.py --project D:\AiProject\Node\projects\novels8 --start 317 --end 320
[2026-05-19 06:09:49] [Coordinator] writer.py 313-316 ÕÍ≥… (rc=0)
[2026-05-19 06:09:49] [Coordinator] writer.py 317-320 ÕÍ≥… (rc=0)
[2026-05-19 06:10:05] [WeChat] Ω¯∂»“—Õ∆ÀÕ: ≥ı∏Â269/2000, …Û≤È478/2000
[2026-05-19 06:11:01] [Coordinator] writer.py 309-312 ÕÍ≥… (rc=0)
[2026-05-19 06:11:13] [Coordinator] writer.py 301-304 ÕÍ≥… (rc=0)
[2026-05-19 06:12:06] [WeChat] Ω¯∂»“—Õ∆ÀÕ: ≥ı∏Â270/2000, …Û≤È483/2000
[2026-05-19 06:14:06] [WeChat] Ω¯∂»“—Õ∆ÀÕ: ≥ı∏Â273/2000, …Û≤È486/2000
[2026-05-19 06:16:07] [WeChat] Ω¯∂»“—Õ∆ÀÕ: ≥ı∏Â276/2000, …Û≤È486/2000
[2026-05-19 06:17:13] [Coordinator] writer.py 305-308 ÕÍ≥… (rc=1)
[2026-05-19 06:17:13] [WARNING] Writer Agent 305-308 ∑µªÿ∑«¡„ÕÀ≥ˆ¬Î: 1
[2026-05-19 06:17:13] [Coordinator] ≤¢––∆Ù∂Ø 2 ∏ˆ reviewer.py  µ¿˝
[2026-05-19 06:17:13] [Coordinator] ÷¥––: D:\soft\py\python.exe D:\AiProject\Node\novel-tools\reviewer.py --project D:\AiProject\Node\projects\novels8 --start 301 --end 310
[2026-05-19 06:17:13] [Coordinator] ÷¥––: D:\soft\py\python.exe D:\AiProject\Node\novel-tools\reviewer.py --project D:\AiProject\Node\projects\novels8 --start 311 --end 320
[2026-05-19 06:17:25] [Coordinator] reviewer.py 311-320 ÕÍ≥… (rc=0)
[2026-05-19 06:18:01] [Coordinator] reviewer.py 301-310 ÕÍ≥… (rc=0)
[2026-05-19 06:18:02] [Coordinator] µ⁄ 301-320 ’¬ÕÍ≥…£¨‘›Õ£3.0√Î...
[2026-05-19 06:18:05] [Coordinator] ≈‰∂Ó MiniMax-M*: 805/4500,  £”‡ 3695
[2026-05-19 06:18:05] [Coordinator] ≈‰∂Ó speech-hd: 0/19000,  £”‡ 19000
[2026-05-19 06:18:05] [Coordinator] ≈‰∂Ó MiniMax-Hailuo-2.3-Fast-6s-768p: 0/3,  £”‡ 3
[2026-05-19 06:18:05] [Coordinator] ≈‰∂Ó MiniMax-Hailuo-2.3-6s-768p: 0/3,  £”‡ 3
[2026-05-19 06:18:05] [Coordinator] ≈‰∂Ó music-2.5: 0/7,  £”‡ 7
[2026-05-19 06:18:05] [Coordinator] ≈‰∂Ó music-2.6: 0/100,  £”‡ 100
[2026-05-19 06:18:05] [Coordinator] ≈‰∂Ó music-cover: 0/100,  £”‡ 100
[2026-05-19 06:18:05] [Coordinator] ≈‰∂Ó lyrics_generation: 0/100,  £”‡ 100
[2026-05-19 06:18:05] [Coordinator] ≈‰∂Ó image-01: 0/200,  £”‡ 200
[2026-05-19 06:18:05] [Coordinator] ≈‰∂Ó coding-plan-vlm: 0/450,  £”‡ 450
[2026-05-19 06:18:05] [Coordinator] ≈‰∂Ó coding-plan-search: 0/450,  £”‡ 450
[2026-05-19 06:18:06] [Coordinator] ≈‰∂Ó MiniMax-M*: 805/4500,  £”‡ 3695
[2026-05-19 06:18:06] [Coordinator] ≈‰∂Ó speech-hd: 0/19000,  £”‡ 19000
[2026-05-19 06:18:06] [Coordinator] ≈‰∂Ó MiniMax-Hailuo-2.3-Fast-6s-768p: 0/3,  £”‡ 3
[2026-05-19 06:18:06] [Coordinator] ≈‰∂Ó MiniMax-Hailuo-2.3-6s-768p: 0/3,  £”‡ 3
[2026-05-19 06:18:06] [Coordinator] ≈‰∂Ó music-2.5: 0/7,  £”‡ 7
[2026-05-19 06:18:06] [Coordinator] ≈‰∂Ó music-2.6: 0/100,  £”‡ 100
[2026-05-19 06:18:06] [Coordinator] ≈‰∂Ó music-cover: 0/100,  £”‡ 100
[2026-05-19 06:18:06] [Coordinator] ≈‰∂Ó lyrics_generation: 0/100,  £”‡ 100
[2026-05-19 06:18:06] [Coordinator] ≈‰∂Ó image-01: 0/200,  £”‡ 200
[2026-05-19 06:18:06] [Coordinator] ≈‰∂Ó coding-plan-vlm: 0/450,  £”‡ 450
[2026-05-19 06:18:06] [Coordinator] ≈‰∂Ó coding-plan-search: 0/450,  £”‡ 450
[2026-05-19 06:18:06] [Coordinator] ===== ø™ ºµ⁄ 321-340 ’¬ =====
[2026-05-19 06:18:06] [Coordinator] ≤¢––∆Ù∂Ø 5 ∏ˆ writer.py  µ¿˝
[2026-05-19 06:18:06] [Coordinator] ÷¥––: D:\soft\py\python.exe D:\AiProject\Node\novel-tools\writer.py --project D:\AiProject\Node\projects\novels8 --start 321 --end 324
[2026-05-19 06:18:06] [Coordinator] ÷¥––: D:\soft\py\python.exe D:\AiProject\Node\novel-tools\writer.py --project D:\AiProject\Node\projects\novels8 --start 325 --end 328
[2026-05-19 06:18:06] [Coordinator] ÷¥––: D:\soft\py\python.exe D:\AiProject\Node\novel-tools\writer.py --project D:\AiProject\Node\projects\novels8 --start 329 --end 332
[2026-05-19 06:18:06] [Coordinator] ÷¥––: D:\soft\py\python.exe D:\AiProject\Node\novel-tools\writer.py --project D:\AiProject\Node\projects\novels8 --start 333 --end 336
[2026-05-19 06:18:06] [Coordinator] ÷¥––: D:\soft\py\python.exe D:\AiProject\Node\novel-tools\writer.py --project D:\AiProject\Node\projects\novels8 --start 337 --end 340
[2026-05-19 06:18:07] [WeChat] Ω¯∂»“—Õ∆ÀÕ: ≥ı∏Â279/2000, …Û≤È488/2000
[2026-05-19 06:18:15] [Coordinator] writer.py 321-324 ÕÍ≥… (rc=0)
[2026-05-19 06:18:15] [Coordinator] writer.py 325-328 ÕÍ≥… (rc=0)
[2026-05-19 06:18:15] [Coordinator] writer.py 329-332 ÕÍ≥… (rc=0)
[2026-05-19 06:18:15] [Coordinator] writer.py 333-336 ÕÍ≥… (rc=0)
[2026-05-19 06:18:15] [Coordinator] writer.py 337-340 ÕÍ≥… (rc=0)
[2026-05-19 06:18:16] [Coordinator] ≤¢––∆Ù∂Ø 2 ∏ˆ reviewer.py  µ¿˝
[2026-05-19 06:18:16] [Coordinator] ÷¥––: D:\soft\py\python.exe D:\AiProject\Node\novel-tools\reviewer.py --project D:\AiProject\Node\projects\novels8 --start 321 --end 330
[2026-05-19 06:18:16] [Coordinator] ÷¥––: D:\soft\py\python.exe D:\AiProject\Node\novel-tools\reviewer.py --project D:\AiProject\Node\projects\novels8 --start 331 --end 340
[2026-05-19 06:18:28] [Coordinator] reviewer.py 321-330 ÕÍ≥… (rc=0)
[2026-05-19 06:18:28] [Coordinator] reviewer.py 331-340 ÕÍ≥… (rc=0)
[2026-05-19 06:18:28] [Coordinator] µ⁄ 321-340 ’¬ÕÍ≥…£¨‘›Õ£3.0√Î...
[2026-05-19 06:18:32] [Coordinator] ≈‰∂Ó MiniMax-M*: 808/4500,  £”‡ 3692
[2026-05-19 06:18:32] [Coordinator] ≈‰∂Ó speech-hd: 0/19000,  £”‡ 19000
[2026-05-19 06:18:32] [Coordinator] ≈‰∂Ó MiniMax-Hailuo-2.3-Fast-6s-768p: 0/3,  £”‡ 3
[2026-05-19 06:18:32] [Coordinator] ≈‰∂Ó MiniMax-Hailuo-2.3-6s-768p: 0/3,  £”‡ 3
[2026-05-19 06:18:32] [Coordinator] ≈‰∂Ó music-2.5: 0/7,  £”‡ 7
[2026-05-19 06:18:32] [Coordinator] ≈‰∂Ó music-2.6: 0/100,  £”‡ 100
[2026-05-19 06:18:32] [Coordinator] ≈‰∂Ó music-cover: 0/100,  £”‡ 100
[2026-05-19 06:18:32] [Coordinator] ≈‰∂Ó lyrics_generation: 0/100,  £”‡ 100
[2026-05-19 06:18:32] [Coordinator] ≈‰∂Ó image-01: 0/200,  £”‡ 200
[2026-05-19 06:18:32] [Coordinator] ≈‰∂Ó coding-plan-vlm: 0/450,  £”‡ 450
[2026-05-19 06:18:32] [Coordinator] ≈‰∂Ó coding-plan-search: 0/450,  £”‡ 450
[2026-05-19 06:18:32] [Coordinator] ≈‰∂Ó MiniMax-M*: 808/4500,  £”‡ 3692
[2026-05-19 06:18:32] [Coordinator] ≈‰∂Ó speech-hd: 0/19000,  £”‡ 19000
[2026-05-19 06:18:32] [Coordinator] ≈‰∂Ó MiniMax-Hailuo-2.3-Fast-6s-768p: 0/3,  £”‡ 3
[2026-05-19 06:18:32] [Coordinator] ≈‰∂Ó MiniMax-Hailuo-2.3-6s-768p: 0/3,  £”‡ 3
[2026-05-19 06:18:32] [Coordinator] ≈‰∂Ó music-2.5: 0/7,  £”‡ 7
[2026-05-19 06:18:32] [Coordinator] ≈‰∂Ó music-2.6: 0/100,  £”‡ 100
[2026-05-19 06:18:32] [Coordinator] ≈‰∂Ó music-cover: 0/100,  £”‡ 100
[2026-05-19 06:18:32] [Coordinator] ≈‰∂Ó lyrics_generation: 0/100,  £”‡ 100
[2026-05-19 06:18:32] [Coordinator] ≈‰∂Ó image-01: 0/200,  £”‡ 200
[2026-05-19 06:18:32] [Coordinator] ≈‰∂Ó coding-plan-vlm: 0/450,  £”‡ 450
[2026-05-19 06:18:32] [Coordinator] ≈‰∂Ó coding-plan-search: 0/450,  £”‡ 450
[2026-05-19 06:18:32] [Coordinator] ===== ø™ ºµ⁄ 341-360 ’¬ =====
[2026-05-19 06:18:32] [Coordinator] ≤¢––∆Ù∂Ø 5 ∏ˆ writer.py  µ¿˝
[2026-05-19 06:18:32] [Coordinator] ÷¥––: D:\soft\py\python.exe D:\AiProject\Node\novel-tools\writer.py --project D:\AiProject\Node\projects\novels8 --start 341 --end 344
[2026-05-19 06:18:32] [Coordinator] ÷¥––: D:\soft\py\python.exe D:\AiProject\Node\novel-tools\writer.py --project D:\AiProject\Node\projects\novels8 --start 345 --end 348
[2026-05-19 06:18:32] [Coordinator] ÷¥––: D:\soft\py\python.exe D:\AiProject\Node\novel-tools\writer.py --project D:\AiProject\Node\projects\novels8 --start 349 --end 352
[2026-05-19 06:18:32] [Coordinator] ÷¥––: D:\soft\py\python.exe D:\AiProject\Node\novel-tools\writer.py --project D:\AiProject\Node\projects\novels8 --start 353 --end 356
[2026-05-19 06:18:32] [Coordinator] ÷¥––: D:\soft\py\python.exe D:\AiProject\Node\novel-tools\writer.py --project D:\AiProject\Node\projects\novels8 --start 357 --end 360
[2026-05-19 06:18:41] [Coordinator] writer.py 341-344 ÕÍ≥… (rc=0)
[2026-05-19 06:18:41] [Coordinator] writer.py 345-348 ÕÍ≥… (rc=0)
[2026-05-19 06:18:41] [Coordinator] writer.py 349-352 ÕÍ≥… (rc=0)
[2026-05-19 06:18:41] [Coordinator] writer.py 353-356 ÕÍ≥… (rc=0)
[2026-05-19 06:18:41] [Coordinator] writer.py 357-360 ÕÍ≥… (rc=0)
[2026-05-19 06:18:41] [Coordinator] ≤¢––∆Ù∂Ø 2 ∏ˆ reviewer.py  µ¿˝
[2026-05-19 06:18:41] [Coordinator] ÷¥––: D:\soft\py\python.exe D:\AiProject\Node\novel-tools\reviewer.py --project D:\AiProject\Node\projects\novels8 --start 341 --end 350
[2026-05-19 06:18:41] [Coordinator] ÷¥––: D:\soft\py\python.exe D:\AiProject\Node\novel-tools\reviewer.py --project D:\AiProject\Node\projects\novels8 --start 351 --end 360
[2026-05-19 06:18:53] [Coordinator] reviewer.py 341-350 ÕÍ≥… (rc=0)
[2026-05-19 06:18:53] [Coordinator] reviewer.py 351-360 ÕÍ≥… (rc=0)
[2026-05-19 06:18:54] [Coordinator] µ⁄ 341-360 ’¬ÕÍ≥…£¨‘›Õ£3.0√Î...
[2026-05-19 06:18:57] [Coordinator] ≈‰∂Ó MiniMax-M*: 814/4500,  £”‡ 3686
[2026-05-19 06:18:57] [Coordinator] ≈‰∂Ó speech-hd: 0/19000,  £”‡ 19000
[2026-05-19 06:18:57] [Coordinator] ≈‰∂Ó MiniMax-Hailuo-2.3-Fast-6s-768p: 0/3,  £”‡ 3
[2026-05-19 06:18:57] [Coordinator] ≈‰∂Ó MiniMax-Hailuo-2.3-6s-768p: 0/3,  £”‡ 3
[2026-05-19 06:18:57] [Coordinator] ≈‰∂Ó music-2.5: 0/7,  £”‡ 7
[2026-05-19 06:18:57] [Coordinator] ≈‰∂Ó music-2.6: 0/100,  £”‡ 100
[2026-05-19 06:18:57] [Coordinator] ≈‰∂Ó music-cover: 0/100,  £”‡ 100
[2026-05-19 06:18:57] [Coordinator] ≈‰∂Ó lyrics_generation: 0/100,  £”‡ 100
[2026-05-19 06:18:57] [Coordinator] ≈‰∂Ó image-01: 0/200,  £”‡ 200
[2026-05-19 06:18:57] [Coordinator] ≈‰∂Ó coding-plan-vlm: 0/450,  £”‡ 450
[2026-05-19 06:18:57] [Coordinator] ≈‰∂Ó coding-plan-search: 0/450,  £”‡ 450
[2026-05-19 06:18:58] [Coordinator] ≈‰∂Ó MiniMax-M*: 814/4500,  £”‡ 3686
[2026-05-19 06:18:58] [Coordinator] ≈‰∂Ó speech-hd: 0/19000,  £”‡ 19000
[2026-05-19 06:18:58] [Coordinator] ≈‰∂Ó MiniMax-Hailuo-2.3-Fast-6s-768p: 0/3,  £”‡ 3
[2026-05-19 06:18:58] [Coordinator] ≈‰∂Ó MiniMax-Hailuo-2.3-6s-768p: 0/3,  £”‡ 3
[2026-05-19 06:18:58] [Coordinator] ≈‰∂Ó music-2.5: 0/7,  £”‡ 7
[2026-05-19 06:18:58] [Coordinator] ≈‰∂Ó music-2.6: 0/100,  £”‡ 100
[2026-05-19 06:18:58] [Coordinator] ≈‰∂Ó music-cover: 0/100,  £”‡ 100
[2026-05-19 06:18:58] [Coordinator] ≈‰∂Ó lyrics_generation: 0/100,  £”‡ 100
[2026-05-19 06:18:58] [Coordinator] ≈‰∂Ó image-01: 0/200,  £”‡ 200
[2026-05-19 06:18:58] [Coordinator] ≈‰∂Ó coding-plan-vlm: 0/450,  £”‡ 450
[2026-05-19 06:18:58] [Coordinator] ≈‰∂Ó coding-plan-search: 0/450,  £”‡ 450
[2026-05-19 06:18:58] [Coordinator] ===== ø™ ºµ⁄ 361-380 ’¬ =====
[2026-05-19 06:18:58] [Coordinator] ≤¢––∆Ù∂Ø 5 ∏ˆ writer.py  µ¿˝
[2026-05-19 06:18:58] [Coordinator] ÷¥––: D:\soft\py\python.exe D:\AiProject\Node\novel-tools\writer.py --project D:\AiProject\Node\projects\novels8 --start 361 --end 364
[2026-05-19 06:18:58] [Coordinator] ÷¥––: D:\soft\py\python.exe D:\AiProject\Node\novel-tools\writer.py --project D:\AiProject\Node\projects\novels8 --start 365 --end 368
[2026-05-19 06:18:58] [Coordinator] ÷¥––: D:\soft\py\python.exe D:\AiProject\Node\novel-tools\writer.py --project D:\AiProject\Node\projects\novels8 --start 369 --end 372
[2026-05-19 06:18:58] [Coordinator] ÷¥––: D:\soft\py\python.exe D:\AiProject\Node\novel-tools\writer.py --project D:\AiProject\Node\projects\novels8 --start 373 --end 376
[2026-05-19 06:18:58] [Coordinator] ÷¥––: D:\soft\py\python.exe D:\AiProject\Node\novel-tools\writer.py --project D:\AiProject\Node\projects\novels8 --start 377 --end 380
[2026-05-19 06:19:07] [Coordinator] writer.py 361-364 ÕÍ≥… (rc=0)
[2026-05-19 06:19:07] [Coordinator] writer.py 365-368 ÕÍ≥… (rc=0)
[2026-05-19 06:19:07] [Coordinator] writer.py 369-372 ÕÍ≥… (rc=0)
[2026-05-19 06:19:07] [Coordinator] writer.py 373-376 ÕÍ≥… (rc=0)
[2026-05-19 06:19:07] [Coordinator] writer.py 377-380 ÕÍ≥… (rc=0)
[2026-05-19 06:19:07] [Coordinator] ≤¢––∆Ù∂Ø 2 ∏ˆ reviewer.py  µ¿˝
[2026-05-19 06:19:07] [Coordinator] ÷¥––: D:\soft\py\python.exe D:\AiProject\Node\novel-tools\reviewer.py --project D:\AiProject\Node\projects\novels8 --start 361 --end 370
[2026-05-19 06:19:07] [Coordinator] ÷¥––: D:\soft\py\python.exe D:\AiProject\Node\novel-tools\reviewer.py --project D:\AiProject\Node\projects\novels8 --start 371 --end 380
[2026-05-19 06:19:19] [Coordinator] reviewer.py 361-370 ÕÍ≥… (rc=0)
[2026-05-19 06:19:19] [Coordinator] reviewer.py 371-380 ÕÍ≥… (rc=0)
[2026-05-19 06:19:19] [Coordinator] µ⁄ 361-380 ’¬ÕÍ≥…£¨‘›Õ£3.0√Î...
[2026-05-19 06:19:23] [Coordinator] ≈‰∂Ó MiniMax-M*: 816/4500,  £”‡ 3684
[2026-05-19 06:19:23] [Coordinator] ≈‰∂Ó speech-hd: 0/19000,  £”‡ 19000
[2026-05-19 06:19:23] [Coordinator] ≈‰∂Ó MiniMax-Hailuo-2.3-Fast-6s-768p: 0/3,  £”‡ 3
[2026-05-19 06:19:23] [Coordinator] ≈‰∂Ó MiniMax-Hailuo-2.3-6s-768p: 0/3,  £”‡ 3
[2026-05-19 06:19:23] [Coordinator] ≈‰∂Ó music-2.5: 0/7,  £”‡ 7
[2026-05-19 06:19:23] [Coordinator] ≈‰∂Ó music-2.6: 0/100,  £”‡ 100
[2026-05-19 06:19:23] [Coordinator] ≈‰∂Ó music-cover: 0/100,  £”‡ 100
[2026-05-19 06:19:23] [Coordinator] ≈‰∂Ó lyrics_generation: 0/100,  £”‡ 100
[2026-05-19 06:19:23] [Coordinator] ≈‰∂Ó image-01: 0/200,  £”‡ 200
[2026-05-19 06:19:23] [Coordinator] ≈‰∂Ó coding-plan-vlm: 0/450,  £”‡ 450
[2026-05-19 06:19:23] [Coordinator] ≈‰∂Ó coding-plan-search: 0/450,  £”‡ 450
[2026-05-19 06:19:23] [Coordinator] ≈‰∂Ó MiniMax-M*: 816/4500,  £”‡ 3684
[2026-05-19 06:19:23] [Coordinator] ≈‰∂Ó speech-hd: 0/19000,  £”‡ 19000
[2026-05-19 06:19:23] [Coordinator] ≈‰∂Ó MiniMax-Hailuo-2.3-Fast-6s-768p: 0/3,  £”‡ 3
[2026-05-19 06:19:23] [Coordinator] ≈‰∂Ó MiniMax-Hailuo-2.3-6s-768p: 0/3,  £”‡ 3
[2026-05-19 06:19:23] [Coordinator] ≈‰∂Ó music-2.5: 0/7,  £”‡ 7
[2026-05-19 06:19:23] [Coordinator] ≈‰∂Ó music-2.6: 0/100,  £”‡ 100
[2026-05-19 06:19:23] [Coordinator] ≈‰∂Ó music-cover: 0/100,  £”‡ 100
[2026-05-19 06:19:23] [Coordinator] ≈‰∂Ó lyrics_generation: 0/100,  £”‡ 100
[2026-05-19 06:19:23] [Coordinator] ≈‰∂Ó image-01: 0/200,  £”‡ 200
[2026-05-19 06:19:23] [Coordinator] ≈‰∂Ó coding-plan-vlm: 0/450,  £”‡ 450
[2026-05-19 06:19:23] [Coordinator] ≈‰∂Ó coding-plan-search: 0/450,  £”‡ 450
[2026-05-19 06:19:23] [Coordinator] ===== ø™ ºµ⁄ 381-400 ’¬ =====
[2026-05-19 06:19:23] [Coordinator] ≤¢––∆Ù∂Ø 5 ∏ˆ writer.py  µ¿˝
[2026-05-19 06:19:23] [Coordinator] ÷¥––: D:\soft\py\python.exe D:\AiProject\Node\novel-tools\writer.py --project D:\AiProject\Node\projects\novels8 --start 381 --end 384
[2026-05-19 06:19:23] [Coordinator] ÷¥––: D:\soft\py\python.exe D:\AiProject\Node\novel-tools\writer.py --project D:\AiProject\Node\projects\novels8 --start 385 --end 388
[2026-05-19 06:19:23] [Coordinator] ÷¥––: D:\soft\py\python.exe D:\AiProject\Node\novel-tools\writer.py --project D:\AiProject\Node\projects\novels8 --start 389 --end 392
[2026-05-19 06:19:23] [Coordinator] ÷¥––: D:\soft\py\python.exe D:\AiProject\Node\novel-tools\writer.py --project D:\AiProject\Node\projects\novels8 --start 393 --end 396
[2026-05-19 06:19:23] [Coordinator] ÷¥––: D:\soft\py\python.exe D:\AiProject\Node\novel-tools\writer.py --project D:\AiProject\Node\projects\novels8 --start 397 --end 400
[2026-05-19 06:19:32] [Coordinator] writer.py 381-384 ÕÍ≥… (rc=0)
[2026-05-19 06:19:32] [Coordinator] writer.py 385-388 ÕÍ≥… (rc=0)
[2026-05-19 06:19:32] [Coordinator] writer.py 389-392 ÕÍ≥… (rc=0)
[2026-05-19 06:19:32] [Coordinator] writer.py 393-396 ÕÍ≥… (rc=0)
[2026-05-19 06:19:32] [Coordinator] writer.py 397-400 ÕÍ≥… (rc=0)
[2026-05-19 06:19:32] [Coordinator] ≤¢––∆Ù∂Ø 2 ∏ˆ reviewer.py  µ¿˝
[2026-05-19 06:19:32] [Coordinator] ÷¥––: D:\soft\py\python.exe D:\AiProject\Node\novel-tools\reviewer.py --project D:\AiProject\Node\projects\novels8 --start 381 --end 390
[2026-05-19 06:19:32] [Coordinator] ÷¥––: D:\soft\py\python.exe D:\AiProject\Node\novel-tools\reviewer.py --project D:\AiProject\Node\projects\novels8 --start 391 --end 400
[2026-05-19 06:19:44] [Coordinator] reviewer.py 381-390 ÕÍ≥… (rc=0)
[2026-05-19 06:20:08] [WeChat] Ω¯∂»“—Õ∆ÀÕ: ≥ı∏Â284/2000, …Û≤È491/2000
[2026-05-19 06:20:29] [Coordinator] reviewer.py 391-400 ÕÍ≥… (rc=0)
[2026-05-19 06:20:30] [Coordinator] µ⁄ 381-400 ’¬ÕÍ≥…£¨‘›Õ£3.0√Î...
[2026-05-19 06:20:33] [Coordinator] ≈‰∂Ó MiniMax-M*: 829/4500,  £”‡ 3671
[2026-05-19 06:20:33] [Coordinator] ≈‰∂Ó speech-hd: 0/19000,  £”‡ 19000
[2026-05-19 06:20:33] [Coordinator] ≈‰∂Ó MiniMax-Hailuo-2.3-Fast-6s-768p: 0/3,  £”‡ 3
[2026-05-19 06:20:33] [Coordinator] ≈‰∂Ó MiniMax-Hailuo-2.3-6s-768p: 0/3,  £”‡ 3
[2026-05-19 06:20:33] [Coordinator] ≈‰∂Ó music-2.5: 0/7,  £”‡ 7
[2026-05-19 06:20:33] [Coordinator] ≈‰∂Ó music-2.6: 0/100,  £”‡ 100
[2026-05-19 06:20:33] [Coordinator] ≈‰∂Ó music-cover: 0/100,  £”‡ 100
[2026-05-19 06:20:33] [Coordinator] ≈‰∂Ó lyrics_generation: 0/100,  £”‡ 100
[2026-05-19 06:20:33] [Coordinator] ≈‰∂Ó image-01: 0/200,  £”‡ 200
[2026-05-19 06:20:33] [Coordinator] ≈‰∂Ó coding-plan-vlm: 0/450,  £”‡ 450
[2026-05-19 06:20:33] [Coordinator] ≈‰∂Ó coding-plan-search: 0/450,  £”‡ 450
[2026-05-19 06:20:34] [Coordinator] ≈‰∂Ó MiniMax-M*: 829/4500,  £”‡ 3671
[2026-05-19 06:20:34] [Coordinator] ≈‰∂Ó speech-hd: 0/19000,  £”‡ 19000
[2026-05-19 06:20:34] [Coordinator] ≈‰∂Ó MiniMax-Hailuo-2.3-Fast-6s-768p: 0/3,  £”‡ 3
[2026-05-19 06:20:34] [Coordinator] ≈‰∂Ó MiniMax-Hailuo-2.3-6s-768p: 0/3,  £”‡ 3
[2026-05-19 06:20:34] [Coordinator] ≈‰∂Ó music-2.5: 0/7,  £”‡ 7
[2026-05-19 06:20:34] [Coordinator] ≈‰∂Ó music-2.6: 0/100,  £”‡ 100
[2026-05-19 06:20:34] [Coordinator] ≈‰∂Ó music-cover: 0/100,  £”‡ 100
[2026-05-19 06:20:34] [Coordinator] ≈‰∂Ó lyrics_generation: 0/100,  £”‡ 100
[2026-05-19 06:20:34] [Coordinator] ≈‰∂Ó image-01: 0/200,  £”‡ 200
[2026-05-19 06:20:34] [Coordinator] ≈‰∂Ó coding-plan-vlm: 0/450,  £”‡ 450
[2026-05-19 06:20:34] [Coordinator] ≈‰∂Ó coding-plan-search: 0/450,  £”‡ 450
[2026-05-19 06:20:34] [Coordinator] ===== ø™ ºµ⁄ 401-420 ’¬ =====
[2026-05-19 06:20:34] [Coordinator] ≤¢––∆Ù∂Ø 5 ∏ˆ writer.py  µ¿˝
[2026-05-19 06:20:34] [Coordinator] ÷¥––: D:\soft\py\python.exe D:\AiProject\Node\novel-tools\writer.py --project D:\AiProject\Node\projects\novels8 --start 401 --end 404
[2026-05-19 06:20:34] [Coordinator] ÷¥––: D:\soft\py\python.exe D:\AiProject\Node\novel-tools\writer.py --project D:\AiProject\Node\projects\novels8 --start 405 --end 408
[2026-05-19 06:20:34] [Coordinator] ÷¥––: D:\soft\py\python.exe D:\AiProject\Node\novel-tools\writer.py --project D:\AiProject\Node\projects\novels8 --start 409 --end 412
[2026-05-19 06:20:34] [Coordinator] ÷¥––: D:\soft\py\python.exe D:\AiProject\Node\novel-tools\writer.py --project D:\AiProject\Node\projects\novels8 --start 413 --end 416
[2026-05-19 06:20:34] [Coordinator] ÷¥––: D:\soft\py\python.exe D:\AiProject\Node\novel-tools\writer.py --project D:\AiProject\Node\projects\novels8 --start 417 --end 420
[2026-05-19 06:20:43] [Coordinator] writer.py 401-404 ÕÍ≥… (rc=0)
[2026-05-19 06:20:43] [Coordinator] writer.py 405-408 ÕÍ≥… (rc=0)
[2026-05-19 06:20:43] [Coordinator] writer.py 413-416 ÕÍ≥… (rc=0)
[2026-05-19 06:20:43] [Coordinator] writer.py 417-420 ÕÍ≥… (rc=0)
[2026-05-19 06:22:08] [WeChat] Ω¯∂»“—Õ∆ÀÕ: ≥ı∏Â287/2000, …Û≤È493/2000
[2026-05-19 06:24:08] [WeChat] Ω¯∂»“—Õ∆ÀÕ: ≥ı∏Â287/2000, …Û≤È498/2000
[2026-05-19 06:25:22] [Coordinator] writer.py 409-412 ÕÍ≥… (rc=0)
[2026-05-19 06:25:22] [Coordinator] ≤¢––∆Ù∂Ø 2 ∏ˆ reviewer.py  µ¿˝
[2026-05-19 06:25:22] [Coordinator] ÷¥––: D:\soft\py\python.exe D:\AiProject\Node\novel-tools\reviewer.py --project D:\AiProject\Node\projects\novels8 --start 401 --end 410
[2026-05-19 06:25:22] [Coordinator] ÷¥––: D:\soft\py\python.exe D:\AiProject\Node\novel-tools\reviewer.py --project D:\AiProject\Node\projects\novels8 --start 411 --end 420
[2026-05-19 06:25:34] [Coordinator] reviewer.py 401-410 ÕÍ≥… (rc=0)
[2026-05-19 06:25:34] [Coordinator] reviewer.py 411-420 ÕÍ≥… (rc=0)
[2026-05-19 06:25:34] ============================================================
[2026-05-19 06:25:34] [Coordinator] …˙≥…◊‹Ω·±®∏Ê
[2026-05-19 06:25:34] ============================================================
[2026-05-19 06:25:34] [Coordinator] ◊‹Ω·±®∏Ê: “—ÕÍ≥… 0/2000 ’¬
[2026-05-19 06:25:34] [Coordinator] ◊‹◊÷ ˝: 0 ◊÷
[2026-05-19 06:25:34] [Coordinator] ∆Ωæ˘∆¿∑÷: 7.95
[2026-05-19 06:25:34] [Coordinator] –Ë÷ÿ–¥: 13 ’¬
[2026-05-19 06:25:34] [Coordinator] µ⁄ 401-420 ’¬ÕÍ≥…£¨‘›Õ£3.0√Î...
[2026-05-19 06:25:38] [Coordinator] ≈‰∂Ó MiniMax-M*: 864/4500,  £”‡ 3636
[2026-05-19 06:25:38] [Coordinator] ≈‰∂Ó speech-hd: 0/19000,  £”‡ 19000
[2026-05-19 06:25:38] [Coordinator] ≈‰∂Ó MiniMax-Hailuo-2.3-Fast-6s-768p: 0/3,  £”‡ 3
[2026-05-19 06:25:38] [Coordinator] ≈‰∂Ó MiniMax-Hailuo-2.3-6s-768p: 0/3,  £”‡ 3
[2026-05-19 06:25:38] [Coordinator] ≈‰∂Ó music-2.5: 0/7,  £”‡ 7
[2026-05-19 06:25:38] [Coordinator] ≈‰∂Ó music-2.6: 0/100,  £”‡ 100
[2026-05-19 06:25:38] [Coordinator] ≈‰∂Ó music-cover: 0/100,  £”‡ 100
[2026-05-19 06:25:38] [Coordinator] ≈‰∂Ó lyrics_generation: 0/100,  £”‡ 100
[2026-05-19 06:25:38] [Coordinator] ≈‰∂Ó image-01: 0/200,  £”‡ 200
[2026-05-19 06:25:38] [Coordinator] ≈‰∂Ó coding-plan-vlm: 0/450,  £”‡ 450
[2026-05-19 06:25:38] [Coordinator] ≈‰∂Ó coding-plan-search: 0/450,  £”‡ 450
[2026-05-19 06:25:38] [Coordinator] ≈‰∂Ó MiniMax-M*: 864/4500,  £”‡ 3636
[2026-05-19 06:25:38] [Coordinator] ≈‰∂Ó speech-hd: 0/19000,  £”‡ 19000
[2026-05-19 06:25:38] [Coordinator] ≈‰∂Ó MiniMax-Hailuo-2.3-Fast-6s-768p: 0/3,  £”‡ 3
[2026-05-19 06:25:38] [Coordinator] ≈‰∂Ó MiniMax-Hailuo-2.3-6s-768p: 0/3,  £”‡ 3
[2026-05-19 06:25:38] [Coordinator] ≈‰∂Ó music-2.5: 0/7,  £”‡ 7
[2026-05-19 06:25:38] [Coordinator] ≈‰∂Ó music-2.6: 0/100,  £”‡ 100
[2026-05-19 06:25:38] [Coordinator] ≈‰∂Ó music-cover: 0/100,  £”‡ 100
[2026-05-19 06:25:38] [Coordinator] ≈‰∂Ó lyrics_generation: 0/100,  £”‡ 100
[2026-05-19 06:25:38] [Coordinator] ≈‰∂Ó image-01: 0/200,  £”‡ 200
[2026-05-19 06:25:38] [Coordinator] ≈‰∂Ó coding-plan-vlm: 0/450,  £”‡ 450
[2026-05-19 06:25:38] [Coordinator] ≈‰∂Ó coding-plan-search: 0/450,  £”‡ 450
[2026-05-19 06:25:38] [Coordinator] ===== ø™ ºµ⁄ 421-440 ’¬ =====
[2026-05-19 06:25:38] [Coordinator] ≤¢––∆Ù∂Ø 5 ∏ˆ writer.py  µ¿˝
[2026-05-19 06:25:38] [Coordinator] ÷¥––: D:\soft\py\python.exe D:\AiProject\Node\novel-tools\writer.py --project D:\AiProject\Node\projects\novels8 --start 421 --end 424
[2026-05-19 06:25:38] [Coordinator] ÷¥––: D:\soft\py\python.exe D:\AiProject\Node\novel-tools\writer.py --project D:\AiProject\Node\projects\novels8 --start 425 --end 428
[2026-05-19 06:25:38] [Coordinator] ÷¥––: D:\soft\py\python.exe D:\AiProject\Node\novel-tools\writer.py --project D:\AiProject\Node\projects\novels8 --start 429 --end 432
[2026-05-19 06:25:38] [Coordinator] ÷¥––: D:\soft\py\python.exe D:\AiProject\Node\novel-tools\writer.py --project D:\AiProject\Node\projects\novels8 --start 433 --end 436
[2026-05-19 06:25:38] [Coordinator] ÷¥––: D:\soft\py\python.exe D:\AiProject\Node\novel-tools\writer.py --project D:\AiProject\Node\projects\novels8 --start 437 --end 440
[2026-05-19 06:25:47] [Coordinator] writer.py 421-424 ÕÍ≥… (rc=0)
[2026-05-19 06:25:47] [Coordinator] writer.py 425-428 ÕÍ≥… (rc=0)
[2026-05-19 06:25:47] [Coordinator] writer.py 429-432 ÕÍ≥… (rc=0)
[2026-05-19 06:25:47] [Coordinator] writer.py 433-436 ÕÍ≥… (rc=0)
[2026-05-19 06:25:47] [Coordinator] writer.py 437-440 ÕÍ≥… (rc=0)
[2026-05-19 06:25:48] [Coordinator] ≤¢––∆Ù∂Ø 2 ∏ˆ reviewer.py  µ¿˝
[2026-05-19 06:25:48] [Coordinator] ÷¥––: D:\soft\py\python.exe D:\AiProject\Node\novel-tools\reviewer.py --project D:\AiProject\Node\projects\novels8 --start 421 --end 430
[2026-05-19 06:25:48] [Coordinator] ÷¥––: D:\soft\py\python.exe D:\AiProject\Node\novel-tools\reviewer.py --project D:\AiProject\Node\projects\novels8 --start 431 --end 440
[2026-05-19 06:26:00] [Coordinator] reviewer.py 421-430 ÕÍ≥… (rc=0)
[2026-05-19 06:26:09] [WeChat] Ω¯∂»“—Õ∆ÀÕ: ≥ı∏Â288/2000, …Û≤È504/2000
[2026-05-19 06:26:39] [Coordinator] reviewer.py 431-440 ÕÍ≥… (rc=0)
[2026-05-19 06:26:39] [Coordinator] µ⁄ 421-440 ’¬ÕÍ≥…£¨‘›Õ£3.0√Î...
[2026-05-19 06:26:42] [Coordinator] ≈‰∂Ó MiniMax-M*: 873/4500,  £”‡ 3627
[2026-05-19 06:26:42] [Coordinator] ≈‰∂Ó speech-hd: 0/19000,  £”‡ 19000
[2026-05-19 06:26:42] [Coordinator] ≈‰∂Ó MiniMax-Hailuo-2.3-Fast-6s-768p: 0/3,  £”‡ 3
[2026-05-19 06:26:42] [Coordinator] ≈‰∂Ó MiniMax-Hailuo-2.3-6s-768p: 0/3,  £”‡ 3
[2026-05-19 06:26:42] [Coordinator] ≈‰∂Ó music-2.5: 0/7,  £”‡ 7
[2026-05-19 06:26:42] [Coordinator] ≈‰∂Ó music-2.6: 0/100,  £”‡ 100
[2026-05-19 06:26:42] [Coordinator] ≈‰∂Ó music-cover: 0/100,  £”‡ 100
[2026-05-19 06:26:42] [Coordinator] ≈‰∂Ó lyrics_generation: 0/100,  £”‡ 100
[2026-05-19 06:26:42] [Coordinator] ≈‰∂Ó image-01: 0/200,  £”‡ 200
[2026-05-19 06:26:42] [Coordinator] ≈‰∂Ó coding-plan-vlm: 0/450,  £”‡ 450
[2026-05-19 06:26:42] [Coordinator] ≈‰∂Ó coding-plan-search: 0/450,  £”‡ 450
[2026-05-19 06:26:43] [Coordinator] ≈‰∂Ó MiniMax-M*: 873/4500,  £”‡ 3627
[2026-05-19 06:26:43] [Coordinator] ≈‰∂Ó speech-hd: 0/19000,  £”‡ 19000
[2026-05-19 06:26:43] [Coordinator] ≈‰∂Ó MiniMax-Hailuo-2.3-Fast-6s-768p: 0/3,  £”‡ 3
[2026-05-19 06:26:43] [Coordinator] ≈‰∂Ó MiniMax-Hailuo-2.3-6s-768p: 0/3,  £”‡ 3
[2026-05-19 06:26:43] [Coordinator] ≈‰∂Ó music-2.5: 0/7,  £”‡ 7
[2026-05-19 06:26:43] [Coordinator] ≈‰∂Ó music-2.6: 0/100,  £”‡ 100
[2026-05-19 06:26:43] [Coordinator] ≈‰∂Ó music-cover: 0/100,  £”‡ 100
[2026-05-19 06:26:43] [Coordinator] ≈‰∂Ó lyrics_generation: 0/100,  £”‡ 100
[2026-05-19 06:26:43] [Coordinator] ≈‰∂Ó image-01: 0/200,  £”‡ 200
[2026-05-19 06:26:43] [Coordinator] ≈‰∂Ó coding-plan-vlm: 0/450,  £”‡ 450
[2026-05-19 06:26:43] [Coordinator] ≈‰∂Ó coding-plan-search: 0/450,  £”‡ 450
[2026-05-19 06:26:43] [Coordinator] ===== ø™ ºµ⁄ 441-460 ’¬ =====
[2026-05-19 06:26:43] [Coordinator] ≤¢––∆Ù∂Ø 5 ∏ˆ writer.py  µ¿˝
[2026-05-19 06:26:43] [Coordinator] ÷¥––: D:\soft\py\python.exe D:\AiProject\Node\novel-tools\writer.py --project D:\AiProject\Node\projects\novels8 --start 441 --end 444
[2026-05-19 06:26:43] [Coordinator] ÷¥––: D:\soft\py\python.exe D:\AiProject\Node\novel-tools\writer.py --project D:\AiProject\Node\projects\novels8 --start 445 --end 448
[2026-05-19 06:26:43] [Coordinator] ÷¥––: D:\soft\py\python.exe D:\AiProject\Node\novel-tools\writer.py --project D:\AiProject\Node\projects\novels8 --start 449 --end 452
[2026-05-19 06:26:43] [Coordinator] ÷¥––: D:\soft\py\python.exe D:\AiProject\Node\novel-tools\writer.py --project D:\AiProject\Node\projects\novels8 --start 453 --end 456
[2026-05-19 06:26:43] [Coordinator] ÷¥––: D:\soft\py\python.exe D:\AiProject\Node\novel-tools\writer.py --project D:\AiProject\Node\projects\novels8 --start 457 --end 460
[2026-05-19 06:26:52] [Coordinator] writer.py 441-444 ÕÍ≥… (rc=0)
[2026-05-19 06:26:52] [Coordinator] writer.py 445-448 ÕÍ≥… (rc=0)
[2026-05-19 06:26:52] [Coordinator] writer.py 449-452 ÕÍ≥… (rc=0)
[2026-05-19 06:26:52] [Coordinator] writer.py 453-456 ÕÍ≥… (rc=0)
[2026-05-19 06:26:52] [Coordinator] writer.py 457-460 ÕÍ≥… (rc=0)
[2026-05-19 06:26:52] [Coordinator] ≤¢––∆Ù∂Ø 2 ∏ˆ reviewer.py  µ¿˝
[2026-05-19 06:26:52] [Coordinator] ÷¥––: D:\soft\py\python.exe D:\AiProject\Node\novel-tools\reviewer.py --project D:\AiProject\Node\projects\novels8 --start 441 --end 450
[2026-05-19 06:26:52] [Coordinator] ÷¥––: D:\soft\py\python.exe D:\AiProject\Node\novel-tools\reviewer.py --project D:\AiProject\Node\projects\novels8 --start 451 --end 460
[2026-05-19 06:27:04] [Coordinator] reviewer.py 441-450 ÕÍ≥… (rc=0)
[2026-05-19 06:27:04] [Coordinator] reviewer.py 451-460 ÕÍ≥… (rc=0)
[2026-05-19 06:27:04] [Coordinator] µ⁄ 441-460 ’¬ÕÍ≥…£¨‘›Õ£3.0√Î...
[2026-05-19 06:27:08] [Coordinator] ≈‰∂Ó MiniMax-M*: 876/4500,  £”‡ 3624
[2026-05-19 06:27:08] [Coordinator] ≈‰∂Ó speech-hd: 0/19000,  £”‡ 19000
[2026-05-19 06:27:08] [Coordinator] ≈‰∂Ó MiniMax-Hailuo-2.3-Fast-6s-768p: 0/3,  £”‡ 3
[2026-05-19 06:27:08] [Coordinator] ≈‰∂Ó MiniMax-Hailuo-2.3-6s-768p: 0/3,  £”‡ 3
[2026-05-19 06:27:08] [Coordinator] ≈‰∂Ó music-2.5: 0/7,  £”‡ 7
[2026-05-19 06:27:08] [Coordinator] ≈‰∂Ó music-2.6: 0/100,  £”‡ 100
[2026-05-19 06:27:08] [Coordinator] ≈‰∂Ó music-cover: 0/100,  £”‡ 100
[2026-05-19 06:27:08] [Coordinator] ≈‰∂Ó lyrics_generation: 0/100,  £”‡ 100
[2026-05-19 06:27:08] [Coordinator] ≈‰∂Ó image-01: 0/200,  £”‡ 200
[2026-05-19 06:27:08] [Coordinator] ≈‰∂Ó coding-plan-vlm: 0/450,  £”‡ 450
[2026-05-19 06:27:08] [Coordinator] ≈‰∂Ó coding-plan-search: 0/450,  £”‡ 450
[2026-05-19 06:27:08] [Coordinator] ≈‰∂Ó MiniMax-M*: 876/4500,  £”‡ 3624
[2026-05-19 06:27:08] [Coordinator] ≈‰∂Ó speech-hd: 0/19000,  £”‡ 19000
[2026-05-19 06:27:08] [Coordinator] ≈‰∂Ó MiniMax-Hailuo-2.3-Fast-6s-768p: 0/3,  £”‡ 3
[2026-05-19 06:27:08] [Coordinator] ≈‰∂Ó MiniMax-Hailuo-2.3-6s-768p: 0/3,  £”‡ 3
[2026-05-19 06:27:08] [Coordinator] ≈‰∂Ó music-2.5: 0/7,  £”‡ 7
[2026-05-19 06:27:08] [Coordinator] ≈‰∂Ó music-2.6: 0/100,  £”‡ 100
[2026-05-19 06:27:08] [Coordinator] ≈‰∂Ó music-cover: 0/100,  £”‡ 100
[2026-05-19 06:27:08] [Coordinator] ≈‰∂Ó lyrics_generation: 0/100,  £”‡ 100
[2026-05-19 06:27:08] [Coordinator] ≈‰∂Ó image-01: 0/200,  £”‡ 200
[2026-05-19 06:27:08] [Coordinator] ≈‰∂Ó coding-plan-vlm: 0/450,  £”‡ 450
[2026-05-19 06:27:08] [Coordinator] ≈‰∂Ó coding-plan-search: 0/450,  £”‡ 450
[2026-05-19 06:27:08] [Coordinator] ===== ø™ ºµ⁄ 461-480 ’¬ =====
[2026-05-19 06:27:08] [Coordinator] ≤¢––∆Ù∂Ø 5 ∏ˆ writer.py  µ¿˝
[2026-05-19 06:27:08] [Coordinator] ÷¥––: D:\soft\py\python.exe D:\AiProject\Node\novel-tools\writer.py --project D:\AiProject\Node\projects\novels8 --start 461 --end 464
[2026-05-19 06:27:08] [Coordinator] ÷¥––: D:\soft\py\python.exe D:\AiProject\Node\novel-tools\writer.py --project D:\AiProject\Node\projects\novels8 --start 465 --end 468
[2026-05-19 06:27:08] [Coordinator] ÷¥––: D:\soft\py\python.exe D:\AiProject\Node\novel-tools\writer.py --project D:\AiProject\Node\projects\novels8 --start 469 --end 472
[2026-05-19 06:27:08] [Coordinator] ÷¥––: D:\soft\py\python.exe D:\AiProject\Node\novel-tools\writer.py --project D:\AiProject\Node\projects\novels8 --start 473 --end 476
[2026-05-19 06:27:08] [Coordinator] ÷¥––: D:\soft\py\python.exe D:\AiProject\Node\novel-tools\writer.py --project D:\AiProject\Node\projects\novels8 --start 477 --end 480
[2026-05-19 06:27:17] [Coordinator] writer.py 461-464 ÕÍ≥… (rc=0)
[2026-05-19 06:27:17] [Coordinator] writer.py 465-468 ÕÍ≥… (rc=0)
[2026-05-19 06:27:17] [Coordinator] writer.py 469-472 ÕÍ≥… (rc=0)
[2026-05-19 06:27:17] [Coordinator] writer.py 473-476 ÕÍ≥… (rc=0)
[2026-05-19 06:27:17] [Coordinator] writer.py 477-480 ÕÍ≥… (rc=0)
[2026-05-19 06:27:18] [Coordinator] ≤¢––∆Ù∂Ø 2 ∏ˆ reviewer.py  µ¿˝
[2026-05-19 06:27:18] [Coordinator] ÷¥––: D:\soft\py\python.exe D:\AiProject\Node\novel-tools\reviewer.py --project D:\AiProject\Node\projects\novels8 --start 461 --end 470
[2026-05-19 06:27:18] [Coordinator] ÷¥––: D:\soft\py\python.exe D:\AiProject\Node\novel-tools\reviewer.py --project D:\AiProject\Node\projects\novels8 --start 471 --end 480
[2026-05-19 06:27:30] [Coordinator] reviewer.py 461-470 ÕÍ≥… (rc=0)
[2026-05-19 06:27:30] [Coordinator] reviewer.py 471-480 ÕÍ≥… (rc=0)
[2026-05-19 06:27:30] [Coordinator] µ⁄ 461-480 ’¬ÕÍ≥…£¨‘›Õ£3.0√Î...
[2026-05-19 06:27:33] [Coordinator] ≈‰∂Ó MiniMax-M*: 878/4500,  £”‡ 3622
[2026-05-19 06:27:33] [Coordinator] ≈‰∂Ó speech-hd: 0/19000,  £”‡ 19000
[2026-05-19 06:27:33] [Coordinator] ≈‰∂Ó MiniMax-Hailuo-2.3-Fast-6s-768p: 0/3,  £”‡ 3
[2026-05-19 06:27:33] [Coordinator] ≈‰∂Ó MiniMax-Hailuo-2.3-6s-768p: 0/3,  £”‡ 3
[2026-05-19 06:27:33] [Coordinator] ≈‰∂Ó music-2.5: 0/7,  £”‡ 7
[2026-05-19 06:27:33] [Coordinator] ≈‰∂Ó music-2.6: 0/100,  £”‡ 100
[2026-05-19 06:27:33] [Coordinator] ≈‰∂Ó music-cover: 0/100,  £”‡ 100
[2026-05-19 06:27:33] [Coordinator] ≈‰∂Ó lyrics_generation: 0/100,  £”‡ 100
[2026-05-19 06:27:33] [Coordinator] ≈‰∂Ó image-01: 0/200,  £”‡ 200
[2026-05-19 06:27:33] [Coordinator] ≈‰∂Ó coding-plan-vlm: 0/450,  £”‡ 450
[2026-05-19 06:27:33] [Coordinator] ≈‰∂Ó coding-plan-search: 0/450,  £”‡ 450
[2026-05-19 06:27:34] [Coordinator] ≈‰∂Ó MiniMax-M*: 878/4500,  £”‡ 3622
[2026-05-19 06:27:34] [Coordinator] ≈‰∂Ó speech-hd: 0/19000,  £”‡ 19000
[2026-05-19 06:27:34] [Coordinator] ≈‰∂Ó MiniMax-Hailuo-2.3-Fast-6s-768p: 0/3,  £”‡ 3
[2026-05-19 06:27:34] [Coordinator] ≈‰∂Ó MiniMax-Hailuo-2.3-6s-768p: 0/3,  £”‡ 3
[2026-05-19 06:27:34] [Coordinator] ≈‰∂Ó music-2.5: 0/7,  £”‡ 7
[2026-05-19 06:27:34] [Coordinator] ≈‰∂Ó music-2.6: 0/100,  £”‡ 100
[2026-05-19 06:27:34] [Coordinator] ≈‰∂Ó music-cover: 0/100,  £”‡ 100
[2026-05-19 06:27:34] [Coordinator] ≈‰∂Ó lyrics_generation: 0/100,  £”‡ 100
[2026-05-19 06:27:34] [Coordinator] ≈‰∂Ó image-01: 0/200,  £”‡ 200
[2026-05-19 06:27:34] [Coordinator] ≈‰∂Ó coding-plan-vlm: 0/450,  £”‡ 450
[2026-05-19 06:27:34] [Coordinator] ≈‰∂Ó coding-plan-search: 0/450,  £”‡ 450
[2026-05-19 06:27:34] [Coordinator] ===== ø™ ºµ⁄ 481-500 ’¬ =====
[2026-05-19 06:27:34] [Coordinator] ≤¢––∆Ù∂Ø 5 ∏ˆ writer.py  µ¿˝
[2026-05-19 06:27:34] [Coordinator] ÷¥––: D:\soft\py\python.exe D:\AiProject\Node\novel-tools\writer.py --project D:\AiProject\Node\projects\novels8 --start 481 --end 484
[2026-05-19 06:27:34] [Coordinator] ÷¥––: D:\soft\py\python.exe D:\AiProject\Node\novel-tools\writer.py --project D:\AiProject\Node\projects\novels8 --start 485 --end 488
[2026-05-19 06:27:34] [Coordinator] ÷¥––: D:\soft\py\python.exe D:\AiProject\Node\novel-tools\writer.py --project D:\AiProject\Node\projects\novels8 --start 489 --end 492
[2026-05-19 06:27:34] [Coordinator] ÷¥––: D:\soft\py\python.exe D:\AiProject\Node\novel-tools\writer.py --project D:\AiProject\Node\projects\novels8 --start 493 --end 496
[2026-05-19 06:27:34] [Coordinator] ÷¥––: D:\soft\py\python.exe D:\AiProject\Node\novel-tools\writer.py --project D:\AiProject\Node\projects\novels8 --start 497 --end 500
[2026-05-19 06:27:43] [Coordinator] writer.py 481-484 ÕÍ≥… (rc=0)
[2026-05-19 06:27:43] [Coordinator] writer.py 485-488 ÕÍ≥… (rc=0)
[2026-05-19 06:27:43] [Coordinator] writer.py 489-492 ÕÍ≥… (rc=0)
[2026-05-19 06:27:43] [Coordinator] writer.py 497-500 ÕÍ≥… (rc=0)
[2026-05-19 06:28:09] [WeChat] Ω¯∂»“—Õ∆ÀÕ: ≥ı∏Â287/2000, …Û≤È510/2000
[2026-05-19 06:29:52] [Coordinator] writer.py 493-496 ÕÍ≥… (rc=0)
[2026-05-19 06:29:52] [Coordinator] ≤¢––∆Ù∂Ø 2 ∏ˆ reviewer.py  µ¿˝
[2026-05-19 06:29:52] [Coordinator] ÷¥––: D:\soft\py\python.exe D:\AiProject\Node\novel-tools\reviewer.py --project D:\AiProject\Node\projects\novels8 --start 481 --end 490
[2026-05-19 06:29:52] [Coordinator] ÷¥––: D:\soft\py\python.exe D:\AiProject\Node\novel-tools\reviewer.py --project D:\AiProject\Node\projects\novels8 --start 491 --end 500
[2026-05-19 06:30:04] [Coordinator] reviewer.py 481-490 ÕÍ≥… (rc=0)
[2026-05-19 06:30:04] [Coordinator] reviewer.py 491-500 ÕÍ≥… (rc=0)
[2026-05-19 06:30:04] [Coordinator] µ⁄ 481-500 ’¬ÕÍ≥…£¨‘›Õ£3.0√Î...
[2026-05-19 06:30:08] [Coordinator] ≈‰∂Ó MiniMax-M*: 894/4500,  £”‡ 3606
[2026-05-19 06:30:08] [Coordinator] ≈‰∂Ó speech-hd: 0/19000,  £”‡ 19000
[2026-05-19 06:30:08] [Coordinator] ≈‰∂Ó MiniMax-Hailuo-2.3-Fast-6s-768p: 0/3,  £”‡ 3
[2026-05-19 06:30:08] [Coordinator] ≈‰∂Ó MiniMax-Hailuo-2.3-6s-768p: 0/3,  £”‡ 3
[2026-05-19 06:30:08] [Coordinator] ≈‰∂Ó music-2.5: 0/7,  £”‡ 7
[2026-05-19 06:30:08] [Coordinator] ≈‰∂Ó music-2.6: 0/100,  £”‡ 100
[2026-05-19 06:30:08] [Coordinator] ≈‰∂Ó music-cover: 0/100,  £”‡ 100
[2026-05-19 06:30:08] [Coordinator] ≈‰∂Ó lyrics_generation: 0/100,  £”‡ 100
[2026-05-19 06:30:08] [Coordinator] ≈‰∂Ó image-01: 0/200,  £”‡ 200
[2026-05-19 06:30:08] [Coordinator] ≈‰∂Ó coding-plan-vlm: 0/450,  £”‡ 450
[2026-05-19 06:30:08] [Coordinator] ≈‰∂Ó coding-plan-search: 0/450,  £”‡ 450
[2026-05-19 06:30:08] [Coordinator] ≈‰∂Ó MiniMax-M*: 894/4500,  £”‡ 3606
[2026-05-19 06:30:08] [Coordinator] ≈‰∂Ó speech-hd: 0/19000,  £”‡ 19000
[2026-05-19 06:30:08] [Coordinator] ≈‰∂Ó MiniMax-Hailuo-2.3-Fast-6s-768p: 0/3,  £”‡ 3
[2026-05-19 06:30:08] [Coordinator] ≈‰∂Ó MiniMax-Hailuo-2.3-6s-768p: 0/3,  £”‡ 3
[2026-05-19 06:30:08] [Coordinator] ≈‰∂Ó music-2.5: 0/7,  £”‡ 7
[2026-05-19 06:30:08] [Coordinator] ≈‰∂Ó music-2.6: 0/100,  £”‡ 100
[2026-05-19 06:30:08] [Coordinator] ≈‰∂Ó music-cover: 0/100,  £”‡ 100
[2026-05-19 06:30:08] [Coordinator] ≈‰∂Ó lyrics_generation: 0/100,  £”‡ 100
[2026-05-19 06:30:08] [Coordinator] ≈‰∂Ó image-01: 0/200,  £”‡ 200
[2026-05-19 06:30:08] [Coordinator] ≈‰∂Ó coding-plan-vlm: 0/450,  £”‡ 450
[2026-05-19 06:30:08] [Coordinator] ≈‰∂Ó coding-plan-search: 0/450,  £”‡ 450
[2026-05-19 06:30:08] [Coordinator] ===== ø™ ºµ⁄ 501-520 ’¬ =====
[2026-05-19 06:30:08] [Coordinator] ≤¢––∆Ù∂Ø 5 ∏ˆ writer.py  µ¿˝
[2026-05-19 06:30:08] [Coordinator] ÷¥––: D:\soft\py\python.exe D:\AiProject\Node\novel-tools\writer.py --project D:\AiProject\Node\projects\novels8 --start 501 --end 504
[2026-05-19 06:30:08] [Coordinator] ÷¥––: D:\soft\py\python.exe D:\AiProject\Node\novel-tools\writer.py --project D:\AiProject\Node\projects\novels8 --start 505 --end 508
[2026-05-19 06:30:08] [Coordinator] ÷¥––: D:\soft\py\python.exe D:\AiProject\Node\novel-tools\writer.py --project D:\AiProject\Node\projects\novels8 --start 509 --end 512
[2026-05-19 06:30:08] [Coordinator] ÷¥––: D:\soft\py\python.exe D:\AiProject\Node\novel-tools\writer.py --project D:\AiProject\Node\projects\novels8 --start 513 --end 516
[2026-05-19 06:30:08] [Coordinator] ÷¥––: D:\soft\py\python.exe D:\AiProject\Node\novel-tools\writer.py --project D:\AiProject\Node\projects\novels8 --start 517 --end 520
[2026-05-19 06:30:10] [WeChat] Ω¯∂»“—Õ∆ÀÕ: ≥ı∏Â291/2000, …Û≤È511/2000
[2026-05-19 06:30:17] [Coordinator] writer.py 501-504 ÕÍ≥… (rc=0)
[2026-05-19 06:30:17] [Coordinator] writer.py 505-508 ÕÍ≥… (rc=0)
[2026-05-19 06:30:17] [Coordinator] writer.py 509-512 ÕÍ≥… (rc=0)
[2026-05-19 06:30:17] [Coordinator] writer.py 513-516 ÕÍ≥… (rc=0)
[2026-05-19 06:30:17] [Coordinator] writer.py 517-520 ÕÍ≥… (rc=0)
[2026-05-19 06:30:18] [Coordinator] ≤¢––∆Ù∂Ø 2 ∏ˆ reviewer.py  µ¿˝
[2026-05-19 06:30:18] [Coordinator] ÷¥––: D:\soft\py\python.exe D:\AiProject\Node\novel-tools\reviewer.py --project D:\AiProject\Node\projects\novels8 --start 501 --end 510
[2026-05-19 06:30:18] [Coordinator] ÷¥––: D:\soft\py\python.exe D:\AiProject\Node\novel-tools\reviewer.py --project D:\AiProject\Node\projects\novels8 --start 511 --end 520
[2026-05-19 06:30:30] [Coordinator] reviewer.py 501-510 ÕÍ≥… (rc=0)
[2026-05-19 06:30:30] [Coordinator] reviewer.py 511-520 ÕÍ≥… (rc=0)
[2026-05-19 06:30:30] [Coordinator] µ⁄ 501-520 ’¬ÕÍ≥…£¨‘›Õ£3.0√Î...
[2026-05-19 06:30:33] [Coordinator] ≈‰∂Ó MiniMax-M*: 899/4500,  £”‡ 3601
[2026-05-19 06:30:33] [Coordinator] ≈‰∂Ó speech-hd: 0/19000,  £”‡ 19000
[2026-05-19 06:30:33] [Coordinator] ≈‰∂Ó MiniMax-Hailuo-2.3-Fast-6s-768p: 0/3,  £”‡ 3
[2026-05-19 06:30:33] [Coordinator] ≈‰∂Ó MiniMax-Hailuo-2.3-6s-768p: 0/3,  £”‡ 3
[2026-05-19 06:30:33] [Coordinator] ≈‰∂Ó music-2.5: 0/7,  £”‡ 7
[2026-05-19 06:30:33] [Coordinator] ≈‰∂Ó music-2.6: 0/100,  £”‡ 100
[2026-05-19 06:30:33] [Coordinator] ≈‰∂Ó music-cover: 0/100,  £”‡ 100
[2026-05-19 06:30:33] [Coordinator] ≈‰∂Ó lyrics_generation: 0/100,  £”‡ 100
[2026-05-19 06:30:33] [Coordinator] ≈‰∂Ó image-01: 0/200,  £”‡ 200
[2026-05-19 06:30:33] [Coordinator] ≈‰∂Ó coding-plan-vlm: 0/450,  £”‡ 450
[2026-05-19 06:30:33] [Coordinator] ≈‰∂Ó coding-plan-search: 0/450,  £”‡ 450
[2026-05-19 06:30:34] [Coordinator] ≈‰∂Ó MiniMax-M*: 899/4500,  £”‡ 3601
[2026-05-19 06:30:34] [Coordinator] ≈‰∂Ó speech-hd: 0/19000,  £”‡ 19000
[2026-05-19 06:30:34] [Coordinator] ≈‰∂Ó MiniMax-Hailuo-2.3-Fast-6s-768p: 0/3,  £”‡ 3
[2026-05-19 06:30:34] [Coordinator] ≈‰∂Ó MiniMax-Hailuo-2.3-6s-768p: 0/3,  £”‡ 3
[2026-05-19 06:30:34] [Coordinator] ≈‰∂Ó music-2.5: 0/7,  £”‡ 7
[2026-05-19 06:30:34] [Coordinator] ≈‰∂Ó music-2.6: 0/100,  £”‡ 100
[2026-05-19 06:30:34] [Coordinator] ≈‰∂Ó music-cover: 0/100,  £”‡ 100
[2026-05-19 06:30:34] [Coordinator] ≈‰∂Ó lyrics_generation: 0/100,  £”‡ 100
[2026-05-19 06:30:34] [Coordinator] ≈‰∂Ó image-01: 0/200,  £”‡ 200
[2026-05-19 06:30:34] [Coordinator] ≈‰∂Ó coding-plan-vlm: 0/450,  £”‡ 450
[2026-05-19 06:30:34] [Coordinator] ≈‰∂Ó coding-plan-search: 0/450,  £”‡ 450
[2026-05-19 06:30:34] [Coordinator] ===== ø™ ºµ⁄ 521-540 ’¬ =====
[2026-05-19 06:30:34] [Coordinator] ≤¢––∆Ù∂Ø 5 ∏ˆ writer.py  µ¿˝
[2026-05-19 06:30:34] [Coordinator] ÷¥––: D:\soft\py\python.exe D:\AiProject\Node\novel-tools\writer.py --project D:\AiProject\Node\projects\novels8 --start 521 --end 524
[2026-05-19 06:30:34] [Coordinator] ÷¥––: D:\soft\py\python.exe D:\AiProject\Node\novel-tools\writer.py --project D:\AiProject\Node\projects\novels8 --start 525 --end 528
[2026-05-19 06:30:34] [Coordinator] ÷¥––: D:\soft\py\python.exe D:\AiProject\Node\novel-tools\writer.py --project D:\AiProject\Node\projects\novels8 --start 529 --end 532
[2026-05-19 06:30:34] [Coordinator] ÷¥––: D:\soft\py\python.exe D:\AiProject\Node\novel-tools\writer.py --project D:\AiProject\Node\projects\novels8 --start 533 --end 536
[2026-05-19 06:30:34] [Coordinator] ÷¥––: D:\soft\py\python.exe D:\AiProject\Node\novel-tools\writer.py --project D:\AiProject\Node\projects\novels8 --start 537 --end 540
[2026-05-19 06:30:43] [Coordinator] writer.py 521-524 ÕÍ≥… (rc=0)
[2026-05-19 06:30:43] [Coordinator] writer.py 525-528 ÕÍ≥… (rc=0)
[2026-05-19 06:30:43] [Coordinator] writer.py 529-532 ÕÍ≥… (rc=0)
[2026-05-19 06:30:43] [Coordinator] writer.py 533-536 ÕÍ≥… (rc=0)
[2026-05-19 06:30:43] [Coordinator] writer.py 537-540 ÕÍ≥… (rc=0)
[2026-05-19 06:30:43] [Coordinator] ≤¢––∆Ù∂Ø 2 ∏ˆ reviewer.py  µ¿˝
[2026-05-19 06:30:43] [Coordinator] ÷¥––: D:\soft\py\python.exe D:\AiProject\Node\novel-tools\reviewer.py --project D:\AiProject\Node\projects\novels8 --start 521 --end 530
[2026-05-19 06:30:43] [Coordinator] ÷¥––: D:\soft\py\python.exe D:\AiProject\Node\novel-tools\reviewer.py --project D:\AiProject\Node\projects\novels8 --start 531 --end 540
[2026-05-19 06:30:55] [Coordinator] reviewer.py 521-530 ÕÍ≥… (rc=0)
[2026-05-19 06:30:55] [Coordinator] reviewer.py 531-540 ÕÍ≥… (rc=0)
[2026-05-19 06:30:55] [Coordinator] µ⁄ 521-540 ’¬ÕÍ≥…£¨‘›Õ£3.0√Î...
[2026-05-19 06:30:59] [Coordinator] ≈‰∂Ó MiniMax-M*: 902/4500,  £”‡ 3598
[2026-05-19 06:30:59] [Coordinator] ≈‰∂Ó speech-hd: 0/19000,  £”‡ 19000
[2026-05-19 06:30:59] [Coordinator] ≈‰∂Ó MiniMax-Hailuo-2.3-Fast-6s-768p: 0/3,  £”‡ 3
[2026-05-19 06:30:59] [Coordinator] ≈‰∂Ó MiniMax-Hailuo-2.3-6s-768p: 0/3,  £”‡ 3
[2026-05-19 06:30:59] [Coordinator] ≈‰∂Ó music-2.5: 0/7,  £”‡ 7
[2026-05-19 06:30:59] [Coordinator] ≈‰∂Ó music-2.6: 0/100,  £”‡ 100
[2026-05-19 06:30:59] [Coordinator] ≈‰∂Ó music-cover: 0/100,  £”‡ 100
[2026-05-19 06:30:59] [Coordinator] ≈‰∂Ó lyrics_generation: 0/100,  £”‡ 100
[2026-05-19 06:30:59] [Coordinator] ≈‰∂Ó image-01: 0/200,  £”‡ 200
[2026-05-19 06:30:59] [Coordinator] ≈‰∂Ó coding-plan-vlm: 0/450,  £”‡ 450
[2026-05-19 06:30:59] [Coordinator] ≈‰∂Ó coding-plan-search: 0/450,  £”‡ 450
[2026-05-19 06:30:59] [Coordinator] ≈‰∂Ó MiniMax-M*: 902/4500,  £”‡ 3598
[2026-05-19 06:30:59] [Coordinator] ≈‰∂Ó speech-hd: 0/19000,  £”‡ 19000
[2026-05-19 06:30:59] [Coordinator] ≈‰∂Ó MiniMax-Hailuo-2.3-Fast-6s-768p: 0/3,  £”‡ 3
[2026-05-19 06:30:59] [Coordinator] ≈‰∂Ó MiniMax-Hailuo-2.3-6s-768p: 0/3,  £”‡ 3
[2026-05-19 06:30:59] [Coordinator] ≈‰∂Ó music-2.5: 0/7,  £”‡ 7
[2026-05-19 06:30:59] [Coordinator] ≈‰∂Ó music-2.6: 0/100,  £”‡ 100
[2026-05-19 06:30:59] [Coordinator] ≈‰∂Ó music-cover: 0/100,  £”‡ 100
[2026-05-19 06:30:59] [Coordinator] ≈‰∂Ó lyrics_generation: 0/100,  £”‡ 100
[2026-05-19 06:30:59] [Coordinator] ≈‰∂Ó image-01: 0/200,  £”‡ 200
[2026-05-19 06:30:59] [Coordinator] ≈‰∂Ó coding-plan-vlm: 0/450,  £”‡ 450
[2026-05-19 06:30:59] [Coordinator] ≈‰∂Ó coding-plan-search: 0/450,  £”‡ 450
[2026-05-19 06:30:59] [Coordinator] ===== ø™ ºµ⁄ 541-560 ’¬ =====
[2026-05-19 06:30:59] [Coordinator] ≤¢––∆Ù∂Ø 5 ∏ˆ writer.py  µ¿˝
[2026-05-19 06:30:59] [Coordinator] ÷¥––: D:\soft\py\python.exe D:\AiProject\Node\novel-tools\writer.py --project D:\AiProject\Node\projects\novels8 --start 541 --end 544
[2026-05-19 06:30:59] [Coordinator] ÷¥––: D:\soft\py\python.exe D:\AiProject\Node\novel-tools\writer.py --project D:\AiProject\Node\projects\novels8 --start 545 --end 548
[2026-05-19 06:30:59] [Coordinator] ÷¥––: D:\soft\py\python.exe D:\AiProject\Node\novel-tools\writer.py --project D:\AiProject\Node\projects\novels8 --start 549 --end 552
[2026-05-19 06:30:59] [Coordinator] ÷¥––: D:\soft\py\python.exe D:\AiProject\Node\novel-tools\writer.py --project D:\AiProject\Node\projects\novels8 --start 553 --end 556
[2026-05-19 06:30:59] [Coordinator] ÷¥––: D:\soft\py\python.exe D:\AiProject\Node\novel-tools\writer.py --project D:\AiProject\Node\projects\novels8 --start 557 --end 560
[2026-05-19 06:31:08] [Coordinator] writer.py 541-544 ÕÍ≥… (rc=0)
[2026-05-19 06:31:08] [Coordinator] writer.py 545-548 ÕÍ≥… (rc=0)
[2026-05-19 06:31:08] [Coordinator] writer.py 549-552 ÕÍ≥… (rc=0)
[2026-05-19 06:31:08] [Coordinator] writer.py 553-556 ÕÍ≥… (rc=0)
[2026-05-19 06:31:08] [Coordinator] writer.py 557-560 ÕÍ≥… (rc=0)
[2026-05-19 06:31:08] [Coordinator] ≤¢––∆Ù∂Ø 2 ∏ˆ reviewer.py  µ¿˝
[2026-05-19 06:31:08] [Coordinator] ÷¥––: D:\soft\py\python.exe D:\AiProject\Node\novel-tools\reviewer.py --project D:\AiProject\Node\projects\novels8 --start 541 --end 550
[2026-05-19 06:31:08] [Coordinator] ÷¥––: D:\soft\py\python.exe D:\AiProject\Node\novel-tools\reviewer.py --project D:\AiProject\Node\projects\novels8 --start 551 --end 560
[2026-05-19 06:31:20] [Coordinator] reviewer.py 541-550 ÕÍ≥… (rc=0)
[2026-05-19 06:31:53] [Coordinator] reviewer.py 551-560 ÕÍ≥… (rc=0)
[2026-05-19 06:31:54] [Coordinator] µ⁄ 541-560 ’¬ÕÍ≥…£¨‘›Õ£3.0√Î...
[2026-05-19 06:31:57] [Coordinator] ≈‰∂Ó MiniMax-M*: 911/4500,  £”‡ 3589
[2026-05-19 06:31:57] [Coordinator] ≈‰∂Ó speech-hd: 0/19000,  £”‡ 19000
[2026-05-19 06:31:57] [Coordinator] ≈‰∂Ó MiniMax-Hailuo-2.3-Fast-6s-768p: 0/3,  £”‡ 3
[2026-05-19 06:31:57] [Coordinator] ≈‰∂Ó MiniMax-Hailuo-2.3-6s-768p: 0/3,  £”‡ 3
[2026-05-19 06:31:57] [Coordinator] ≈‰∂Ó music-2.5: 0/7,  £”‡ 7
[2026-05-19 06:31:57] [Coordinator] ≈‰∂Ó music-2.6: 0/100,  £”‡ 100
[2026-05-19 06:31:57] [Coordinator] ≈‰∂Ó music-cover: 0/100,  £”‡ 100
[2026-05-19 06:31:57] [Coordinator] ≈‰∂Ó lyrics_generation: 0/100,  £”‡ 100
[2026-05-19 06:31:57] [Coordinator] ≈‰∂Ó image-01: 0/200,  £”‡ 200
[2026-05-19 06:31:57] [Coordinator] ≈‰∂Ó coding-plan-vlm: 0/450,  £”‡ 450
[2026-05-19 06:31:57] [Coordinator] ≈‰∂Ó coding-plan-search: 0/450,  £”‡ 450
[2026-05-19 06:31:58] [Coordinator] ≈‰∂Ó MiniMax-M*: 911/4500,  £”‡ 3589
[2026-05-19 06:31:58] [Coordinator] ≈‰∂Ó speech-hd: 0/19000,  £”‡ 19000
[2026-05-19 06:31:58] [Coordinator] ≈‰∂Ó MiniMax-Hailuo-2.3-Fast-6s-768p: 0/3,  £”‡ 3
[2026-05-19 06:31:58] [Coordinator] ≈‰∂Ó MiniMax-Hailuo-2.3-6s-768p: 0/3,  £”‡ 3
[2026-05-19 06:31:58] [Coordinator] ≈‰∂Ó music-2.5: 0/7,  £”‡ 7
[2026-05-19 06:31:58] [Coordinator] ≈‰∂Ó music-2.6: 0/100,  £”‡ 100
[2026-05-19 06:31:58] [Coordinator] ≈‰∂Ó music-cover: 0/100,  £”‡ 100
[2026-05-19 06:31:58] [Coordinator] ≈‰∂Ó lyrics_generation: 0/100,  £”‡ 100
[2026-05-19 06:31:58] [Coordinator] ≈‰∂Ó image-01: 0/200,  £”‡ 200
[2026-05-19 06:31:58] [Coordinator] ≈‰∂Ó coding-plan-vlm: 0/450,  £”‡ 450
[2026-05-19 06:31:58] [Coordinator] ≈‰∂Ó coding-plan-search: 0/450,  £”‡ 450
[2026-05-19 06:31:58] [Coordinator] ===== ø™ ºµ⁄ 561-580 ’¬ =====
[2026-05-19 06:31:58] [Coordinator] ≤¢––∆Ù∂Ø 5 ∏ˆ writer.py  µ¿˝
[2026-05-19 06:31:58] [Coordinator] ÷¥––: D:\soft\py\python.exe D:\AiProject\Node\novel-tools\writer.py --project D:\AiProject\Node\projects\novels8 --start 561 --end 564
[2026-05-19 06:31:58] [Coordinator] ÷¥––: D:\soft\py\python.exe D:\AiProject\Node\novel-tools\writer.py --project D:\AiProject\Node\projects\novels8 --start 565 --end 568
[2026-05-19 06:31:58] [Coordinator] ÷¥––: D:\soft\py\python.exe D:\AiProject\Node\novel-tools\writer.py --project D:\AiProject\Node\projects\novels8 --start 569 --end 572
[2026-05-19 06:31:58] [Coordinator] ÷¥––: D:\soft\py\python.exe D:\AiProject\Node\novel-tools\writer.py --project D:\AiProject\Node\projects\novels8 --start 573 --end 576
[2026-05-19 06:31:58] [Coordinator] ÷¥––: D:\soft\py\python.exe D:\AiProject\Node\novel-tools\writer.py --project D:\AiProject\Node\projects\novels8 --start 577 --end 580
[2026-05-19 06:32:07] [Coordinator] writer.py 561-564 ÕÍ≥… (rc=0)
[2026-05-19 06:32:07] [Coordinator] writer.py 565-568 ÕÍ≥… (rc=0)
[2026-05-19 06:32:07] [Coordinator] writer.py 569-572 ÕÍ≥… (rc=0)
[2026-05-19 06:32:07] [Coordinator] writer.py 573-576 ÕÍ≥… (rc=0)
[2026-05-19 06:32:07] [Coordinator] writer.py 577-580 ÕÍ≥… (rc=0)
[2026-05-19 06:32:07] [Coordinator] ≤¢––∆Ù∂Ø 2 ∏ˆ reviewer.py  µ¿˝
[2026-05-19 06:32:07] [Coordinator] ÷¥––: D:\soft\py\python.exe D:\AiProject\Node\novel-tools\reviewer.py --project D:\AiProject\Node\projects\novels8 --start 561 --end 570
[2026-05-19 06:32:07] [Coordinator] ÷¥––: D:\soft\py\python.exe D:\AiProject\Node\novel-tools\reviewer.py --project D:\AiProject\Node\projects\novels8 --start 571 --end 580
[2026-05-19 06:32:10] [WeChat] Ω¯∂»“—Õ∆ÀÕ: ≥ı∏Â291/2000, …Û≤È515/2000
[2026-05-19 06:32:55] [Coordinator] reviewer.py 561-570 ÕÍ≥… (rc=0)
[2026-05-19 06:33:28] [Coordinator] reviewer.py 571-580 ÕÍ≥… (rc=0)
[2026-05-19 06:33:28] [Coordinator] µ⁄ 561-580 ’¬ÕÍ≥…£¨‘›Õ£3.0√Î...
[2026-05-19 06:33:32] [Coordinator] ≈‰∂Ó MiniMax-M*: 932/4500,  £”‡ 3568
[2026-05-19 06:33:32] [Coordinator] ≈‰∂Ó speech-hd: 0/19000,  £”‡ 19000
[2026-05-19 06:33:32] [Coordinator] ≈‰∂Ó MiniMax-Hailuo-2.3-Fast-6s-768p: 0/3,  £”‡ 3
[2026-05-19 06:33:32] [Coordinator] ≈‰∂Ó MiniMax-Hailuo-2.3-6s-768p: 0/3,  £”‡ 3
[2026-05-19 06:33:32] [Coordinator] ≈‰∂Ó music-2.5: 0/7,  £”‡ 7
[2026-05-19 06:33:32] [Coordinator] ≈‰∂Ó music-2.6: 0/100,  £”‡ 100
[2026-05-19 06:33:32] [Coordinator] ≈‰∂Ó music-cover: 0/100,  £”‡ 100
[2026-05-19 06:33:32] [Coordinator] ≈‰∂Ó lyrics_generation: 0/100,  £”‡ 100
[2026-05-19 06:33:32] [Coordinator] ≈‰∂Ó image-01: 0/200,  £”‡ 200
[2026-05-19 06:33:32] [Coordinator] ≈‰∂Ó coding-plan-vlm: 0/450,  £”‡ 450
[2026-05-19 06:33:32] [Coordinator] ≈‰∂Ó coding-plan-search: 0/450,  £”‡ 450
[2026-05-19 06:33:32] [Coordinator] ≈‰∂Ó MiniMax-M*: 932/4500,  £”‡ 3568
[2026-05-19 06:33:32] [Coordinator] ≈‰∂Ó speech-hd: 0/19000,  £”‡ 19000
[2026-05-19 06:33:32] [Coordinator] ≈‰∂Ó MiniMax-Hailuo-2.3-Fast-6s-768p: 0/3,  £”‡ 3
[2026-05-19 06:33:32] [Coordinator] ≈‰∂Ó MiniMax-Hailuo-2.3-6s-768p: 0/3,  £”‡ 3
[2026-05-19 06:33:32] [Coordinator] ≈‰∂Ó music-2.5: 0/7,  £”‡ 7
[2026-05-19 06:33:32] [Coordinator] ≈‰∂Ó music-2.6: 0/100,  £”‡ 100
[2026-05-19 06:33:32] [Coordinator] ≈‰∂Ó music-cover: 0/100,  £”‡ 100
[2026-05-19 06:33:32] [Coordinator] ≈‰∂Ó lyrics_generation: 0/100,  £”‡ 100
[2026-05-19 06:33:32] [Coordinator] ≈‰∂Ó image-01: 0/200,  £”‡ 200
[2026-05-19 06:33:32] [Coordinator] ≈‰∂Ó coding-plan-vlm: 0/450,  £”‡ 450
[2026-05-19 06:33:32] [Coordinator] ≈‰∂Ó coding-plan-search: 0/450,  £”‡ 450
[2026-05-19 06:33:32] [Coordinator] ===== ø™ ºµ⁄ 581-600 ’¬ =====
[2026-05-19 06:33:32] [Coordinator] ≤¢––∆Ù∂Ø 5 ∏ˆ writer.py  µ¿˝
[2026-05-19 06:33:32] [Coordinator] ÷¥––: D:\soft\py\python.exe D:\AiProject\Node\novel-tools\writer.py --project D:\AiProject\Node\projects\novels8 --start 581 --end 584
[2026-05-19 06:33:32] [Coordinator] ÷¥––: D:\soft\py\python.exe D:\AiProject\Node\novel-tools\writer.py --project D:\AiProject\Node\projects\novels8 --start 585 --end 588
[2026-05-19 06:33:32] [Coordinator] ÷¥––: D:\soft\py\python.exe D:\AiProject\Node\novel-tools\writer.py --project D:\AiProject\Node\projects\novels8 --start 589 --end 592
[2026-05-19 06:33:33] [Coordinator] ÷¥––: D:\soft\py\python.exe D:\AiProject\Node\novel-tools\writer.py --project D:\AiProject\Node\projects\novels8 --start 593 --end 596
[2026-05-19 06:33:33] [Coordinator] ÷¥––: D:\soft\py\python.exe D:\AiProject\Node\novel-tools\writer.py --project D:\AiProject\Node\projects\novels8 --start 597 --end 600
[2026-05-19 06:33:42] [Coordinator] writer.py 581-584 ÕÍ≥… (rc=0)
[2026-05-19 06:33:42] [Coordinator] writer.py 585-588 ÕÍ≥… (rc=0)
[2026-05-19 06:33:42] [Coordinator] writer.py 589-592 ÕÍ≥… (rc=0)
[2026-05-19 06:33:42] [Coordinator] writer.py 593-596 ÕÍ≥… (rc=0)
[2026-05-19 06:33:42] [Coordinator] writer.py 597-600 ÕÍ≥… (rc=0)
[2026-05-19 06:33:42] [Coordinator] ≤¢––∆Ù∂Ø 2 ∏ˆ reviewer.py  µ¿˝
[2026-05-19 06:33:42] [Coordinator] ÷¥––: D:\soft\py\python.exe D:\AiProject\Node\novel-tools\reviewer.py --project D:\AiProject\Node\projects\novels8 --start 581 --end 590
[2026-05-19 06:33:42] [Coordinator] ÷¥––: D:\soft\py\python.exe D:\AiProject\Node\novel-tools\reviewer.py --project D:\AiProject\Node\projects\novels8 --start 591 --end 600
[2026-05-19 06:34:11] [WeChat] Ω¯∂»“—Õ∆ÀÕ: ≥ı∏Â294/2000, …Û≤È520/2000
[2026-05-19 06:34:18] [Coordinator] reviewer.py 591-600 ÕÍ≥… (rc=0)
[2026-05-19 06:34:30] [Coordinator] reviewer.py 581-590 ÕÍ≥… (rc=0)
[2026-05-19 06:34:30] [Coordinator] µ⁄ 581-600 ’¬ÕÍ≥…£¨‘›Õ£3.0√Î...
[2026-05-19 06:34:34] [Coordinator] ≈‰∂Ó MiniMax-M*: 939/4500,  £”‡ 3561
[2026-05-19 06:34:34] [Coordinator] ≈‰∂Ó speech-hd: 0/19000,  £”‡ 19000
[2026-05-19 06:34:34] [Coordinator] ≈‰∂Ó MiniMax-Hailuo-2.3-Fast-6s-768p: 0/3,  £”‡ 3
[2026-05-19 06:34:34] [Coordinator] ≈‰∂Ó MiniMax-Hailuo-2.3-6s-768p: 0/3,  £”‡ 3
[2026-05-19 06:34:34] [Coordinator] ≈‰∂Ó music-2.5: 0/7,  £”‡ 7
[2026-05-19 06:34:34] [Coordinator] ≈‰∂Ó music-2.6: 0/100,  £”‡ 100
[2026-05-19 06:34:34] [Coordinator] ≈‰∂Ó music-cover: 0/100,  £”‡ 100
[2026-05-19 06:34:34] [Coordinator] ≈‰∂Ó lyrics_generation: 0/100,  £”‡ 100
[2026-05-19 06:34:34] [Coordinator] ≈‰∂Ó image-01: 0/200,  £”‡ 200
[2026-05-19 06:34:34] [Coordinator] ≈‰∂Ó coding-plan-vlm: 0/450,  £”‡ 450
[2026-05-19 06:34:34] [Coordinator] ≈‰∂Ó coding-plan-search: 0/450,  £”‡ 450
[2026-05-19 06:34:34] [Coordinator] ≈‰∂Ó MiniMax-M*: 939/4500,  £”‡ 3561
[2026-05-19 06:34:34] [Coordinator] ≈‰∂Ó speech-hd: 0/19000,  £”‡ 19000
[2026-05-19 06:34:34] [Coordinator] ≈‰∂Ó MiniMax-Hailuo-2.3-Fast-6s-768p: 0/3,  £”‡ 3
[2026-05-19 06:34:34] [Coordinator] ≈‰∂Ó MiniMax-Hailuo-2.3-6s-768p: 0/3,  £”‡ 3
[2026-05-19 06:34:34] [Coordinator] ≈‰∂Ó music-2.5: 0/7,  £”‡ 7
[2026-05-19 06:34:34] [Coordinator] ≈‰∂Ó music-2.6: 0/100,  £”‡ 100
[2026-05-19 06:34:34] [Coordinator] ≈‰∂Ó music-cover: 0/100,  £”‡ 100
[2026-05-19 06:34:34] [Coordinator] ≈‰∂Ó lyrics_generation: 0/100,  £”‡ 100
[2026-05-19 06:34:34] [Coordinator] ≈‰∂Ó image-01: 0/200,  £”‡ 200
[2026-05-19 06:34:34] [Coordinator] ≈‰∂Ó coding-plan-vlm: 0/450,  £”‡ 450
[2026-05-19 06:34:34] [Coordinator] ≈‰∂Ó coding-plan-search: 0/450,  £”‡ 450
[2026-05-19 06:34:34] [Coordinator] ===== ø™ ºµ⁄ 601-620 ’¬ =====
[2026-05-19 06:34:34] [Coordinator] ≤¢––∆Ù∂Ø 5 ∏ˆ writer.py  µ¿˝
[2026-05-19 06:34:34] [Coordinator] ÷¥––: D:\soft\py\python.exe D:\AiProject\Node\novel-tools\writer.py --project D:\AiProject\Node\projects\novels8 --start 601 --end 604
[2026-05-19 06:34:34] [Coordinator] ÷¥––: D:\soft\py\python.exe D:\AiProject\Node\novel-tools\writer.py --project D:\AiProject\Node\projects\novels8 --start 605 --end 608
[2026-05-19 06:34:34] [Coordinator] ÷¥––: D:\soft\py\python.exe D:\AiProject\Node\novel-tools\writer.py --project D:\AiProject\Node\projects\novels8 --start 609 --end 612
[2026-05-19 06:34:34] [Coordinator] ÷¥––: D:\soft\py\python.exe D:\AiProject\Node\novel-tools\writer.py --project D:\AiProject\Node\projects\novels8 --start 613 --end 616
[2026-05-19 06:34:34] [Coordinator] ÷¥––: D:\soft\py\python.exe D:\AiProject\Node\novel-tools\writer.py --project D:\AiProject\Node\projects\novels8 --start 617 --end 620
[2026-05-19 06:34:43] [Coordinator] writer.py 601-604 ÕÍ≥… (rc=0)
[2026-05-19 06:34:43] [Coordinator] writer.py 605-608 ÕÍ≥… (rc=0)
[2026-05-19 06:34:43] [Coordinator] writer.py 609-612 ÕÍ≥… (rc=0)
[2026-05-19 06:34:43] [Coordinator] writer.py 617-620 ÕÍ≥… (rc=0)
[2026-05-19 06:36:11] [WeChat] Ω¯∂»“—Õ∆ÀÕ: ≥ı∏Â296/2000, …Û≤È521/2000
[2026-05-19 06:37:16] [Coordinator] writer.py 613-616 ÕÍ≥… (rc=0)
[2026-05-19 06:37:16] [Coordinator] ≤¢––∆Ù∂Ø 2 ∏ˆ reviewer.py  µ¿˝
[2026-05-19 06:37:16] [Coordinator] ÷¥––: D:\soft\py\python.exe D:\AiProject\Node\novel-tools\reviewer.py --project D:\AiProject\Node\projects\novels8 --start 601 --end 610
[2026-05-19 06:37:16] [Coordinator] ÷¥––: D:\soft\py\python.exe D:\AiProject\Node\novel-tools\reviewer.py --project D:\AiProject\Node\projects\novels8 --start 611 --end 620
[2026-05-19 06:38:12] [WeChat] Ω¯∂»“—Õ∆ÀÕ: ≥ı∏Â295/2000, …Û≤È530/2000
[2026-05-19 06:39:49] [Coordinator] reviewer.py 601-610 ÕÍ≥… (rc=0)
[2026-05-19 06:39:49] [Coordinator] reviewer.py 611-620 ÕÍ≥… (rc=0)
[2026-05-19 06:39:50] ============================================================
[2026-05-19 06:39:50] [Coordinator] …˙≥…◊‹Ω·±®∏Ê
[2026-05-19 06:39:50] ============================================================
[2026-05-19 06:39:50] [Coordinator] ◊‹Ω·±®∏Ê: “—ÕÍ≥… 0/2000 ’¬
[2026-05-19 06:39:50] [Coordinator] ◊‹◊÷ ˝: 0 ◊÷
[2026-05-19 06:39:50] [Coordinator] ∆Ωæ˘∆¿∑÷: 7.95
[2026-05-19 06:39:50] [Coordinator] –Ë÷ÿ–¥: 2 ’¬
[2026-05-19 06:39:50] [Coordinator] µ⁄ 601-620 ’¬ÕÍ≥…£¨‘›Õ£3.0√Î...
[2026-05-19 06:39:53] [Coordinator] ≈‰∂Ó MiniMax-M*: 993/4500,  £”‡ 3507
[2026-05-19 06:39:53] [Coordinator] ≈‰∂Ó speech-hd: 0/19000,  £”‡ 19000
[2026-05-19 06:39:53] [Coordinator] ≈‰∂Ó MiniMax-Hailuo-2.3-Fast-6s-768p: 0/3,  £”‡ 3
[2026-05-19 06:39:53] [Coordinator] ≈‰∂Ó MiniMax-Hailuo-2.3-6s-768p: 0/3,  £”‡ 3
[2026-05-19 06:39:53] [Coordinator] ≈‰∂Ó music-2.5: 0/7,  £”‡ 7
[2026-05-19 06:39:53] [Coordinator] ≈‰∂Ó music-2.6: 0/100,  £”‡ 100
[2026-05-19 06:39:53] [Coordinator] ≈‰∂Ó music-cover: 0/100,  £”‡ 100
[2026-05-19 06:39:53] [Coordinator] ≈‰∂Ó lyrics_generation: 0/100,  £”‡ 100
[2026-05-19 06:39:53] [Coordinator] ≈‰∂Ó image-01: 0/200,  £”‡ 200
[2026-05-19 06:39:53] [Coordinator] ≈‰∂Ó coding-plan-vlm: 0/450,  £”‡ 450
[2026-05-19 06:39:53] [Coordinator] ≈‰∂Ó coding-plan-search: 0/450,  £”‡ 450
[2026-05-19 06:39:54] [Coordinator] ≈‰∂Ó MiniMax-M*: 993/4500,  £”‡ 3507
[2026-05-19 06:39:54] [Coordinator] ≈‰∂Ó speech-hd: 0/19000,  £”‡ 19000
[2026-05-19 06:39:54] [Coordinator] ≈‰∂Ó MiniMax-Hailuo-2.3-Fast-6s-768p: 0/3,  £”‡ 3
[2026-05-19 06:39:54] [Coordinator] ≈‰∂Ó MiniMax-Hailuo-2.3-6s-768p: 0/3,  £”‡ 3
[2026-05-19 06:39:54] [Coordinator] ≈‰∂Ó music-2.5: 0/7,  £”‡ 7
[2026-05-19 06:39:54] [Coordinator] ≈‰∂Ó music-2.6: 0/100,  £”‡ 100
[2026-05-19 06:39:54] [Coordinator] ≈‰∂Ó music-cover: 0/100,  £”‡ 100
[2026-05-19 06:39:54] [Coordinator] ≈‰∂Ó lyrics_generation: 0/100,  £”‡ 100
[2026-05-19 06:39:54] [Coordinator] ≈‰∂Ó image-01: 0/200,  £”‡ 200
[2026-05-19 06:39:54] [Coordinator] ≈‰∂Ó coding-plan-vlm: 0/450,  £”‡ 450
[2026-05-19 06:39:54] [Coordinator] ≈‰∂Ó coding-plan-search: 0/450,  £”‡ 450
[2026-05-19 06:39:54] [Coordinator] ===== ø™ ºµ⁄ 621-640 ’¬ =====
[2026-05-19 06:39:54] [Coordinator] ≤¢––∆Ù∂Ø 5 ∏ˆ writer.py  µ¿˝
[2026-05-19 06:39:54] [Coordinator] ÷¥––: D:\soft\py\python.exe D:\AiProject\Node\novel-tools\writer.py --project D:\AiProject\Node\projects\novels8 --start 621 --end 624
[2026-05-19 06:39:54] [Coordinator] ÷¥––: D:\soft\py\python.exe D:\AiProject\Node\novel-tools\writer.py --project D:\AiProject\Node\projects\novels8 --start 625 --end 628
[2026-05-19 06:39:54] [Coordinator] ÷¥––: D:\soft\py\python.exe D:\AiProject\Node\novel-tools\writer.py --project D:\AiProject\Node\projects\novels8 --start 629 --end 632
[2026-05-19 06:39:54] [Coordinator] ÷¥––: D:\soft\py\python.exe D:\AiProject\Node\novel-tools\writer.py --project D:\AiProject\Node\projects\novels8 --start 633 --end 636
[2026-05-19 06:39:54] [Coordinator] ÷¥––: D:\soft\py\python.exe D:\AiProject\Node\novel-tools\writer.py --project D:\AiProject\Node\projects\novels8 --start 637 --end 640
[2026-05-19 06:40:12] [WeChat] Ω¯∂»“—Õ∆ÀÕ: ≥ı∏Â295/2000, …Û≤È541/2000
[2026-05-19 06:42:13] [WeChat] Ω¯∂»“—Õ∆ÀÕ: ≥ı∏Â300/2000, …Û≤È541/2000
[2026-05-19 06:42:48] [Coordinator] writer.py 625-628 ÕÍ≥… (rc=0)
[2026-05-19 06:44:13] [WeChat] Ω¯∂»“—Õ∆ÀÕ: ≥ı∏Â303/2000, …Û≤È541/2000
[2026-05-19 06:45:06] [Coordinator] writer.py 637-640 ÕÍ≥… (rc=0)
[2026-05-19 06:45:36] [Coordinator] writer.py 621-624 ÕÍ≥… (rc=0)
[2026-05-19 06:46:13] [WeChat] Ω¯∂»“—Õ∆ÀÕ: ≥ı∏Â304/2000, …Û≤È541/2000
[2026-05-19 06:46:48] [Coordinator] writer.py 633-636 ÕÍ≥… (rc=0)
[2026-05-19 06:47:24] [Coordinator] writer.py 629-632 ÕÍ≥… (rc=0)
[2026-05-19 06:47:24] [Coordinator] ≤¢––∆Ù∂Ø 2 ∏ˆ reviewer.py  µ¿˝
[2026-05-19 06:47:24] [Coordinator] ÷¥––: D:\soft\py\python.exe D:\AiProject\Node\novel-tools\reviewer.py --project D:\AiProject\Node\projects\novels8 --start 621 --end 630
[2026-05-19 06:47:24] [Coordinator] ÷¥––: D:\soft\py\python.exe D:\AiProject\Node\novel-tools\reviewer.py --project D:\AiProject\Node\projects\novels8 --start 631 --end 640
[2026-05-19 06:48:14] [WeChat] Ω¯∂»“—Õ∆ÀÕ: ≥ı∏Â304/2000, …Û≤È548/2000
[2026-05-19 06:50:03] [Coordinator] reviewer.py 621-630 ÕÍ≥… (rc=0)
[2026-05-19 06:50:14] [WeChat] Ω¯∂»“—Õ∆ÀÕ: ≥ı∏Â304/2000, …Û≤È561/2000
[2026-05-19 06:50:18] [Coordinator] reviewer.py 631-640 ÕÍ≥… (rc=0)
[2026-05-19 06:50:19] [Coordinator] µ⁄ 621-640 ’¬ÕÍ≥…£¨‘›Õ£3.0√Î...
[2026-05-19 06:50:22] [Coordinator] ≈‰∂Ó MiniMax-M*: 1123/4500,  £”‡ 3377
[2026-05-19 06:50:22] [Coordinator] ≈‰∂Ó speech-hd: 0/19000,  £”‡ 19000
[2026-05-19 06:50:22] [Coordinator] ≈‰∂Ó MiniMax-Hailuo-2.3-Fast-6s-768p: 0/3,  £”‡ 3
[2026-05-19 06:50:22] [Coordinator] ≈‰∂Ó MiniMax-Hailuo-2.3-6s-768p: 0/3,  £”‡ 3
[2026-05-19 06:50:22] [Coordinator] ≈‰∂Ó music-2.5: 0/7,  £”‡ 7
[2026-05-19 06:50:22] [Coordinator] ≈‰∂Ó music-2.6: 0/100,  £”‡ 100
[2026-05-19 06:50:22] [Coordinator] ≈‰∂Ó music-cover: 0/100,  £”‡ 100
[2026-05-19 06:50:22] [Coordinator] ≈‰∂Ó lyrics_generation: 0/100,  £”‡ 100
[2026-05-19 06:50:22] [Coordinator] ≈‰∂Ó image-01: 0/200,  £”‡ 200
[2026-05-19 06:50:22] [Coordinator] ≈‰∂Ó coding-plan-vlm: 0/450,  £”‡ 450
[2026-05-19 06:50:22] [Coordinator] ≈‰∂Ó coding-plan-search: 0/450,  £”‡ 450
[2026-05-19 06:50:23] [Coordinator] ≈‰∂Ó MiniMax-M*: 1123/4500,  £”‡ 3377
[2026-05-19 06:50:23] [Coordinator] ≈‰∂Ó speech-hd: 0/19000,  £”‡ 19000
[2026-05-19 06:50:23] [Coordinator] ≈‰∂Ó MiniMax-Hailuo-2.3-Fast-6s-768p: 0/3,  £”‡ 3
[2026-05-19 06:50:23] [Coordinator] ≈‰∂Ó MiniMax-Hailuo-2.3-6s-768p: 0/3,  £”‡ 3
[2026-05-19 06:50:23] [Coordinator] ≈‰∂Ó music-2.5: 0/7,  £”‡ 7
[2026-05-19 06:50:23] [Coordinator] ≈‰∂Ó music-2.6: 0/100,  £”‡ 100
[2026-05-19 06:50:23] [Coordinator] ≈‰∂Ó music-cover: 0/100,  £”‡ 100
[2026-05-19 06:50:23] [Coordinator] ≈‰∂Ó lyrics_generation: 0/100,  £”‡ 100
[2026-05-19 06:50:23] [Coordinator] ≈‰∂Ó image-01: 0/200,  £”‡ 200
[2026-05-19 06:50:23] [Coordinator] ≈‰∂Ó coding-plan-vlm: 0/450,  £”‡ 450
[2026-05-19 06:50:23] [Coordinator] ≈‰∂Ó coding-plan-search: 0/450,  £”‡ 450
[2026-05-19 06:50:23] [Coordinator] ===== ø™ ºµ⁄ 641-660 ’¬ =====
[2026-05-19 06:50:23] [Coordinator] ≤¢––∆Ù∂Ø 5 ∏ˆ writer.py  µ¿˝
[2026-05-19 06:50:23] [Coordinator] ÷¥––: D:\soft\py\python.exe D:\AiProject\Node\novel-tools\writer.py --project D:\AiProject\Node\projects\novels8 --start 641 --end 644
[2026-05-19 06:50:23] [Coordinator] ÷¥––: D:\soft\py\python.exe D:\AiProject\Node\novel-tools\writer.py --project D:\AiProject\Node\projects\novels8 --start 645 --end 648
[2026-05-19 06:50:23] [Coordinator] ÷¥––: D:\soft\py\python.exe D:\AiProject\Node\novel-tools\writer.py --project D:\AiProject\Node\projects\novels8 --start 649 --end 652
[2026-05-19 06:50:23] [Coordinator] ÷¥––: D:\soft\py\python.exe D:\AiProject\Node\novel-tools\writer.py --project D:\AiProject\Node\projects\novels8 --start 653 --end 656
[2026-05-19 06:50:23] [Coordinator] ÷¥––: D:\soft\py\python.exe D:\AiProject\Node\novel-tools\writer.py --project D:\AiProject\Node\projects\novels8 --start 657 --end 660
[2026-05-19 06:50:32] [Coordinator] writer.py 649-652 ÕÍ≥… (rc=0)
[2026-05-19 06:50:32] [Coordinator] writer.py 653-656 ÕÍ≥… (rc=0)
[2026-05-19 06:50:32] [Coordinator] writer.py 657-660 ÕÍ≥… (rc=0)
[2026-05-19 06:51:56] [Coordinator] writer.py 645-648 ÕÍ≥… (rc=0)
[2026-05-19 06:52:15] [WeChat] Ω¯∂»“—Õ∆ÀÕ: ≥ı∏Â306/2000, …Û≤È561/2000
[2026-05-19 06:54:15] [WeChat] Ω¯∂»“—Õ∆ÀÕ: ≥ı∏Â307/2000, …Û≤È561/2000
[2026-05-19 06:55:05] [Coordinator] writer.py 641-644 ÕÍ≥… (rc=0)
[2026-05-19 06:55:05] [Coordinator] ≤¢––∆Ù∂Ø 2 ∏ˆ reviewer.py  µ¿˝
[2026-05-19 06:55:05] [Coordinator] ÷¥––: D:\soft\py\python.exe D:\AiProject\Node\novel-tools\reviewer.py --project D:\AiProject\Node\projects\novels8 --start 641 --end 650
[2026-05-19 06:55:05] [Coordinator] ÷¥––: D:\soft\py\python.exe D:\AiProject\Node\novel-tools\reviewer.py --project D:\AiProject\Node\projects\novels8 --start 651 --end 660
[2026-05-19 06:55:17] [Coordinator] reviewer.py 651-660 ÕÍ≥… (rc=0)
[2026-05-19 06:56:16] [WeChat] Ω¯∂»“—Õ∆ÀÕ: ≥ı∏Â308/2000, …Û≤È564/2000
[2026-05-19 06:57:53] [Coordinator] reviewer.py 641-650 ÕÍ≥… (rc=0)
[2026-05-19 06:57:53] [Coordinator] µ⁄ 641-660 ’¬ÕÍ≥…£¨‘›Õ£3.0√Î...
[2026-05-19 06:57:57] [Coordinator] ≈‰∂Ó MiniMax-M*: 1157/4500,  £”‡ 3343
[2026-05-19 06:57:57] [Coordinator] ≈‰∂Ó speech-hd: 0/19000,  £”‡ 19000
[2026-05-19 06:57:57] [Coordinator] ≈‰∂Ó MiniMax-Hailuo-2.3-Fast-6s-768p: 0/3,  £”‡ 3
[2026-05-19 06:57:57] [Coordinator] ≈‰∂Ó MiniMax-Hailuo-2.3-6s-768p: 0/3,  £”‡ 3
[2026-05-19 06:57:57] [Coordinator] ≈‰∂Ó music-2.5: 0/7,  £”‡ 7
[2026-05-19 06:57:57] [Coordinator] ≈‰∂Ó music-2.6: 0/100,  £”‡ 100
[2026-05-19 06:57:57] [Coordinator] ≈‰∂Ó music-cover: 0/100,  £”‡ 100
[2026-05-19 06:57:57] [Coordinator] ≈‰∂Ó lyrics_generation: 0/100,  £”‡ 100
[2026-05-19 06:57:57] [Coordinator] ≈‰∂Ó image-01: 0/200,  £”‡ 200
[2026-05-19 06:57:57] [Coordinator] ≈‰∂Ó coding-plan-vlm: 0/450,  £”‡ 450
[2026-05-19 06:57:57] [Coordinator] ≈‰∂Ó coding-plan-search: 0/450,  £”‡ 450
[2026-05-19 06:57:57] [Coordinator] ≈‰∂Ó MiniMax-M*: 1157/4500,  £”‡ 3343
[2026-05-19 06:57:57] [Coordinator] ≈‰∂Ó speech-hd: 0/19000,  £”‡ 19000
[2026-05-19 06:57:57] [Coordinator] ≈‰∂Ó MiniMax-Hailuo-2.3-Fast-6s-768p: 0/3,  £”‡ 3
[2026-05-19 06:57:57] [Coordinator] ≈‰∂Ó MiniMax-Hailuo-2.3-6s-768p: 0/3,  £”‡ 3
[2026-05-19 06:57:57] [Coordinator] ≈‰∂Ó music-2.5: 0/7,  £”‡ 7
[2026-05-19 06:57:57] [Coordinator] ≈‰∂Ó music-2.6: 0/100,  £”‡ 100
[2026-05-19 06:57:57] [Coordinator] ≈‰∂Ó music-cover: 0/100,  £”‡ 100
[2026-05-19 06:57:57] [Coordinator] ≈‰∂Ó lyrics_generation: 0/100,  £”‡ 100
[2026-05-19 06:57:57] [Coordinator] ≈‰∂Ó image-01: 0/200,  £”‡ 200
[2026-05-19 06:57:57] [Coordinator] ≈‰∂Ó coding-plan-vlm: 0/450,  £”‡ 450
[2026-05-19 06:57:57] [Coordinator] ≈‰∂Ó coding-plan-search: 0/450,  £”‡ 450
[2026-05-19 06:57:57] [Coordinator] ===== ø™ ºµ⁄ 661-680 ’¬ =====
[2026-05-19 06:57:57] [Coordinator] ≤¢––∆Ù∂Ø 5 ∏ˆ writer.py  µ¿˝
[2026-05-19 06:57:57] [Coordinator] ÷¥––: D:\soft\py\python.exe D:\AiProject\Node\novel-tools\writer.py --project D:\AiProject\Node\projects\novels8 --start 661 --end 664
[2026-05-19 06:57:57] [Coordinator] ÷¥––: D:\soft\py\python.exe D:\AiProject\Node\novel-tools\writer.py --project D:\AiProject\Node\projects\novels8 --start 665 --end 668
[2026-05-19 06:57:57] [Coordinator] ÷¥––: D:\soft\py\python.exe D:\AiProject\Node\novel-tools\writer.py --project D:\AiProject\Node\projects\novels8 --start 669 --end 672
[2026-05-19 06:57:57] [Coordinator] ÷¥––: D:\soft\py\python.exe D:\AiProject\Node\novel-tools\writer.py --project D:\AiProject\Node\projects\novels8 --start 673 --end 676
[2026-05-19 06:57:57] [Coordinator] ÷¥––: D:\soft\py\python.exe D:\AiProject\Node\novel-tools\writer.py --project D:\AiProject\Node\projects\novels8 --start 677 --end 680
[2026-05-19 06:58:16] [WeChat] Ω¯∂»“—Õ∆ÀÕ: ≥ı∏Â308/2000, …Û≤È566/2000
[2026-05-19 07:00:17] [WeChat] Ω¯∂»“—Õ∆ÀÕ: ≥ı∏Â316/2000, …Û≤È566/2000
[2026-05-19 07:00:27] [Coordinator] writer.py 669-672 ÕÍ≥… (rc=0)
[2026-05-19 07:02:03] [Coordinator] writer.py 673-676 ÕÍ≥… (rc=0)
[2026-05-19 07:02:17] [WeChat] Ω¯∂»“—Õ∆ÀÕ: ≥ı∏Â319/2000, …Û≤È566/2000
[2026-05-19 07:02:36] [Coordinator] writer.py 661-664 ÕÍ≥… (rc=0)
[2026-05-19 07:03:24] [Coordinator] writer.py 677-680 ÕÍ≥… (rc=0)
[2026-05-19 07:03:33] [Coordinator] writer.py 665-668 ÕÍ≥… (rc=0)
[2026-05-19 07:03:34] [Coordinator] ≤¢––∆Ù∂Ø 2 ∏ˆ reviewer.py  µ¿˝
[2026-05-19 07:03:34] [Coordinator] ÷¥––: D:\soft\py\python.exe D:\AiProject\Node\novel-tools\reviewer.py --project D:\AiProject\Node\projects\novels8 --start 661 --end 670
[2026-05-19 07:03:34] [Coordinator] ÷¥––: D:\soft\py\python.exe D:\AiProject\Node\novel-tools\reviewer.py --project D:\AiProject\Node\projects\novels8 --start 671 --end 680
[2026-05-19 07:04:18] [WeChat] Ω¯∂»“—Õ∆ÀÕ: ≥ı∏Â319/2000, …Û≤È568/2000
[2026-05-19 07:06:18] [WeChat] Ω¯∂»“—Õ∆ÀÕ: ≥ı∏Â319/2000, …Û≤È583/2000
[2026-05-19 07:06:52] [Coordinator] reviewer.py 671-680 ÕÍ≥… (rc=0)
[2026-05-19 07:07:13] [Coordinator] reviewer.py 661-670 ÕÍ≥… (rc=0)
[2026-05-19 07:07:13] [Coordinator] µ⁄ 661-680 ’¬ÕÍ≥…£¨‘›Õ£3.0√Î...
[2026-05-19 07:07:16] [Coordinator] ≈‰∂Ó MiniMax-M*: 1280/4500,  £”‡ 3220
[2026-05-19 07:07:16] [Coordinator] ≈‰∂Ó speech-hd: 0/19000,  £”‡ 19000
[2026-05-19 07:07:16] [Coordinator] ≈‰∂Ó MiniMax-Hailuo-2.3-Fast-6s-768p: 0/3,  £”‡ 3
[2026-05-19 07:07:16] [Coordinator] ≈‰∂Ó MiniMax-Hailuo-2.3-6s-768p: 0/3,  £”‡ 3
[2026-05-19 07:07:16] [Coordinator] ≈‰∂Ó music-2.5: 0/7,  £”‡ 7
[2026-05-19 07:07:16] [Coordinator] ≈‰∂Ó music-2.6: 0/100,  £”‡ 100
[2026-05-19 07:07:16] [Coordinator] ≈‰∂Ó music-cover: 0/100,  £”‡ 100
[2026-05-19 07:07:16] [Coordinator] ≈‰∂Ó lyrics_generation: 0/100,  £”‡ 100
[2026-05-19 07:07:16] [Coordinator] ≈‰∂Ó image-01: 0/200,  £”‡ 200
[2026-05-19 07:07:16] [Coordinator] ≈‰∂Ó coding-plan-vlm: 0/450,  £”‡ 450
[2026-05-19 07:07:16] [Coordinator] ≈‰∂Ó coding-plan-search: 0/450,  £”‡ 450
[2026-05-19 07:07:17] [Coordinator] ≈‰∂Ó MiniMax-M*: 1280/4500,  £”‡ 3220
[2026-05-19 07:07:17] [Coordinator] ≈‰∂Ó speech-hd: 0/19000,  £”‡ 19000
[2026-05-19 07:07:17] [Coordinator] ≈‰∂Ó MiniMax-Hailuo-2.3-Fast-6s-768p: 0/3,  £”‡ 3
[2026-05-19 07:07:17] [Coordinator] ≈‰∂Ó MiniMax-Hailuo-2.3-6s-768p: 0/3,  £”‡ 3
[2026-05-19 07:07:17] [Coordinator] ≈‰∂Ó music-2.5: 0/7,  £”‡ 7
[2026-05-19 07:07:17] [Coordinator] ≈‰∂Ó music-2.6: 0/100,  £”‡ 100
[2026-05-19 07:07:17] [Coordinator] ≈‰∂Ó music-cover: 0/100,  £”‡ 100
[2026-05-19 07:07:17] [Coordinator] ≈‰∂Ó lyrics_generation: 0/100,  £”‡ 100
[2026-05-19 07:07:17] [Coordinator] ≈‰∂Ó image-01: 0/200,  £”‡ 200
[2026-05-19 07:07:17] [Coordinator] ≈‰∂Ó coding-plan-vlm: 0/450,  £”‡ 450
[2026-05-19 07:07:17] [Coordinator] ≈‰∂Ó coding-plan-search: 0/450,  £”‡ 450
[2026-05-19 07:07:17] [Coordinator] ===== ø™ ºµ⁄ 681-700 ’¬ =====
[2026-05-19 07:07:17] [Coordinator] ≤¢––∆Ù∂Ø 5 ∏ˆ writer.py  µ¿˝
[2026-05-19 07:07:17] [Coordinator] ÷¥––: D:\soft\py\python.exe D:\AiProject\Node\novel-tools\writer.py --project D:\AiProject\Node\projects\novels8 --start 681 --end 684
[2026-05-19 07:07:17] [Coordinator] ÷¥––: D:\soft\py\python.exe D:\AiProject\Node\novel-tools\writer.py --project D:\AiProject\Node\projects\novels8 --start 685 --end 688
[2026-05-19 07:07:17] [Coordinator] ÷¥––: D:\soft\py\python.exe D:\AiProject\Node\novel-tools\writer.py --project D:\AiProject\Node\projects\novels8 --start 689 --end 692
[2026-05-19 07:07:17] [Coordinator] ÷¥––: D:\soft\py\python.exe D:\AiProject\Node\novel-tools\writer.py --project D:\AiProject\Node\projects\novels8 --start 693 --end 696
[2026-05-19 07:07:17] [Coordinator] ÷¥––: D:\soft\py\python.exe D:\AiProject\Node\novel-tools\writer.py --project D:\AiProject\Node\projects\novels8 --start 697 --end 700
[2026-05-19 07:08:18] [WeChat] Ω¯∂»“—Õ∆ÀÕ: ≥ı∏Â324/2000, …Û≤È586/2000
[2026-05-19 07:09:59] [Coordinator] writer.py 685-688 ÕÍ≥… (rc=0)
[2026-05-19 07:10:19] [WeChat] Ω¯∂»“—Õ∆ÀÕ: ≥ı∏Â328/2000, …Û≤È586/2000
[2026-05-19 07:10:56] [Coordinator] writer.py 681-684 ÕÍ≥… (rc=0)
[2026-05-19 07:11:50] [Coordinator] writer.py 693-696 ÕÍ≥… (rc=0)
[2026-05-19 07:12:14] [Coordinator] writer.py 689-692 ÕÍ≥… (rc=0)
[2026-05-19 07:12:14] [Coordinator] writer.py 697-700 ÕÍ≥… (rc=0)
[2026-05-19 07:12:14] [Coordinator] ≤¢––∆Ù∂Ø 2 ∏ˆ reviewer.py  µ¿˝
[2026-05-19 07:12:14] [Coordinator] ÷¥––: D:\soft\py\python.exe D:\AiProject\Node\novel-tools\reviewer.py --project D:\AiProject\Node\projects\novels8 --start 681 --end 690
[2026-05-19 07:12:14] [Coordinator] ÷¥––: D:\soft\py\python.exe D:\AiProject\Node\novel-tools\reviewer.py --project D:\AiProject\Node\projects\novels8 --start 691 --end 700
[2026-05-19 07:12:19] [WeChat] Ω¯∂»“—Õ∆ÀÕ: ≥ı∏Â332/2000, …Û≤È586/2000
[2026-05-19 07:14:20] [WeChat] Ω¯∂»“—Õ∆ÀÕ: ≥ı∏Â332/2000, …Û≤È597/2000
[2026-05-19 07:15:38] [Coordinator] reviewer.py 681-690 ÕÍ≥… (rc=0)
[2026-05-19 07:15:50] [Coordinator] reviewer.py 691-700 ÕÍ≥… (rc=0)
[2026-05-19 07:15:50] [Coordinator] µ⁄ 681-700 ’¬ÕÍ≥…£¨‘›Õ£3.0√Î...
[2026-05-19 07:15:54] [Coordinator] ≈‰∂Ó MiniMax-M*: 1403/4500,  £”‡ 3097
[2026-05-19 07:15:54] [Coordinator] ≈‰∂Ó speech-hd: 0/19000,  £”‡ 19000
[2026-05-19 07:15:54] [Coordinator] ≈‰∂Ó MiniMax-Hailuo-2.3-Fast-6s-768p: 0/3,  £”‡ 3
[2026-05-19 07:15:54] [Coordinator] ≈‰∂Ó MiniMax-Hailuo-2.3-6s-768p: 0/3,  £”‡ 3
[2026-05-19 07:15:54] [Coordinator] ≈‰∂Ó music-2.5: 0/7,  £”‡ 7
[2026-05-19 07:15:54] [Coordinator] ≈‰∂Ó music-2.6: 0/100,  £”‡ 100
[2026-05-19 07:15:54] [Coordinator] ≈‰∂Ó music-cover: 0/100,  £”‡ 100
[2026-05-19 07:15:54] [Coordinator] ≈‰∂Ó lyrics_generation: 0/100,  £”‡ 100
[2026-05-19 07:15:54] [Coordinator] ≈‰∂Ó image-01: 0/200,  £”‡ 200
[2026-05-19 07:15:54] [Coordinator] ≈‰∂Ó coding-plan-vlm: 0/450,  £”‡ 450
[2026-05-19 07:15:54] [Coordinator] ≈‰∂Ó coding-plan-search: 0/450,  £”‡ 450
[2026-05-19 07:15:54] [Coordinator] ≈‰∂Ó MiniMax-M*: 1403/4500,  £”‡ 3097
[2026-05-19 07:15:54] [Coordinator] ≈‰∂Ó speech-hd: 0/19000,  £”‡ 19000
[2026-05-19 07:15:54] [Coordinator] ≈‰∂Ó MiniMax-Hailuo-2.3-Fast-6s-768p: 0/3,  £”‡ 3
[2026-05-19 07:15:54] [Coordinator] ≈‰∂Ó MiniMax-Hailuo-2.3-6s-768p: 0/3,  £”‡ 3
[2026-05-19 07:15:54] [Coordinator] ≈‰∂Ó music-2.5: 0/7,  £”‡ 7
[2026-05-19 07:15:54] [Coordinator] ≈‰∂Ó music-2.6: 0/100,  £”‡ 100
[2026-05-19 07:15:54] [Coordinator] ≈‰∂Ó music-cover: 0/100,  £”‡ 100
[2026-05-19 07:15:54] [Coordinator] ≈‰∂Ó lyrics_generation: 0/100,  £”‡ 100
[2026-05-19 07:15:54] [Coordinator] ≈‰∂Ó image-01: 0/200,  £”‡ 200
[2026-05-19 07:15:54] [Coordinator] ≈‰∂Ó coding-plan-vlm: 0/450,  £”‡ 450
[2026-05-19 07:15:54] [Coordinator] ≈‰∂Ó coding-plan-search: 0/450,  £”‡ 450
[2026-05-19 07:15:54] [Coordinator] ===== ø™ ºµ⁄ 701-720 ’¬ =====
[2026-05-19 07:15:54] [Coordinator] ≤¢––∆Ù∂Ø 5 ∏ˆ writer.py  µ¿˝
[2026-05-19 07:15:54] [Coordinator] ÷¥––: D:\soft\py\python.exe D:\AiProject\Node\novel-tools\writer.py --project D:\AiProject\Node\projects\novels8 --start 701 --end 704
[2026-05-19 07:15:54] [Coordinator] ÷¥––: D:\soft\py\python.exe D:\AiProject\Node\novel-tools\writer.py --project D:\AiProject\Node\projects\novels8 --start 705 --end 708
[2026-05-19 07:15:54] [Coordinator] ÷¥––: D:\soft\py\python.exe D:\AiProject\Node\novel-tools\writer.py --project D:\AiProject\Node\projects\novels8 --start 709 --end 712
[2026-05-19 07:15:54] [Coordinator] ÷¥––: D:\soft\py\python.exe D:\AiProject\Node\novel-tools\writer.py --project D:\AiProject\Node\projects\novels8 --start 713 --end 716
[2026-05-19 07:15:54] [Coordinator] ÷¥––: D:\soft\py\python.exe D:\AiProject\Node\novel-tools\writer.py --project D:\AiProject\Node\projects\novels8 --start 717 --end 720
[2026-05-19 07:16:20] [WeChat] Ω¯∂»“—Õ∆ÀÕ: ≥ı∏Â332/2000, …Û≤È605/2000
[2026-05-19 07:18:21] [WeChat] Ω¯∂»“—Õ∆ÀÕ: ≥ı∏Â336/2000, …Û≤È605/2000
[2026-05-19 07:20:19] [Coordinator] writer.py 713-716 ÕÍ≥… (rc=0)
[2026-05-19 07:20:21] [WeChat] Ω¯∂»“—Õ∆ÀÕ: ≥ı∏Â340/2000, …Û≤È605/2000
[2026-05-19 07:20:31] [Coordinator] writer.py 701-704 ÕÍ≥… (rc=0)
[2026-05-19 07:21:25] [Coordinator] writer.py 705-708 ÕÍ≥… (rc=0)
[2026-05-19 07:21:31] [Coordinator] writer.py 709-712 ÕÍ≥… (rc=0)
[2026-05-19 07:22:04] [Coordinator] writer.py 717-720 ÕÍ≥… (rc=0)
[2026-05-19 07:22:04] [Coordinator] ≤¢––∆Ù∂Ø 2 ∏ˆ reviewer.py  µ¿˝
[2026-05-19 07:22:04] [Coordinator] ÷¥––: D:\soft\py\python.exe D:\AiProject\Node\novel-tools\reviewer.py --project D:\AiProject\Node\projects\novels8 --start 701 --end 710¥––: D:\soft\py\python.exe D:\AiProject\Node\novel-tools\reviewer.py --project D:\AiProject\Node\projects\novels8 --start 561 --end 564
[2026-05-19 06:32:15] [Coordinator] ÷¥––: D:\soft\py\python.exe D:\AiProject\Node\novel-tools\reviewer.py --project D:\AiProject\Node\projects\novels8 --start 565 --end 568
[2026-05-19 06:32:15] [Coordinator] ÷¥––: D:\soft\py\python.exe D:\AiProject\Node\novel-tools\reviewer.py --project D:\AiProject\Node\projects\novels8 --start 569 --end 572
[2026-05-19 06:32:15] [Coordinator] ÷¥––: D:\soft\py\python.exe D:\AiProject\Node\novel-tools\reviewer.py --project D:\AiProject\Node\projects\novels8 --start 573 --end 576
[2026-05-19 06:32:15] [Coordinator] ÷¥––: D:\soft\py\python.exe D:\AiProject\Node\novel-tools\reviewer.py --project D:\AiProject\Node\projects\novels8 --start 577 --end 580
[2026-05-19 06:32:18] [WeChat] Ω¯∂»“—Õ∆ÀÕ: ≥ı∏Â291/2000, …Û≤È515/2000
[2026-05-19 06:32:21] [Coordinator] reviewer.py 561-564 ÕÍ≥… (rc=0)
[2026-05-19 06:32:21] [Coordinator] reviewer.py 569-572 ÕÍ≥… (rc=0)
[2026-05-19 06:32:54] [Coordinator] reviewer.py 565-568 ÕÍ≥… (rc=0)
[2026-05-19 06:33:09] [Coordinator] reviewer.py 577-580 ÕÍ≥… (rc=0)
[2026-05-19 06:33:27] [Coordinator] reviewer.py 573-576 ÕÍ≥… (rc=0)
[2026-05-19 06:33:28] [Coordinator] µ⁄ 561-580 ’¬ÕÍ≥…£¨‘›Õ£3.0√Î...
[2026-05-19 06:33:31] [Coordinator] ≈‰∂Ó MiniMax-M*: 932/4500,  £”‡ 3568
[2026-05-19 06:33:31] [Coordinator] ≈‰∂Ó speech-hd: 0/19000,  £”‡ 19000
[2026-05-19 06:33:31] [Coordinator] ≈‰∂Ó MiniMax-Hailuo-2.3-Fast-6s-768p: 0/3,  £”‡ 3
[2026-05-19 06:33:31] [Coordinator] ≈‰∂Ó MiniMax-Hailuo-2.3-6s-768p: 0/3,  £”‡ 3
[2026-05-19 06:33:31] [Coordinator] ≈‰∂Ó music-2.5: 0/7,  £”‡ 7
[2026-05-19 06:33:31] [Coordinator] ≈‰∂Ó music-2.6: 0/100,  £”‡ 100
[2026-05-19 06:33:31] [Coordinator] ≈‰∂Ó music-cover: 0/100,  £”‡ 100
[2026-05-19 06:33:31] [Coordinator] ≈‰∂Ó lyrics_generation: 0/100,  £”‡ 100
[2026-05-19 06:33:31] [Coordinator] ≈‰∂Ó image-01: 0/200,  £”‡ 200
[2026-05-19 06:33:31] [Coordinator] ≈‰∂Ó coding-plan-vlm: 0/450,  £”‡ 450
[2026-05-19 06:33:31] [Coordinator] ≈‰∂Ó coding-plan-search: 0/450,  £”‡ 450
[2026-05-19 06:33:32] [Coordinator] ≈‰∂Ó MiniMax-M*: 932/4500,  £”‡ 3568
[2026-05-19 06:33:32] [Coordinator] ≈‰∂Ó speech-hd: 0/19000,  £”‡ 19000
[2026-05-19 06:33:32] [Coordinator] ≈‰∂Ó MiniMax-Hailuo-2.3-Fast-6s-768p: 0/3,  £”‡ 3
[2026-05-19 06:33:32] [Coordinator] ≈‰∂Ó MiniMax-Hailuo-2.3-6s-768p: 0/3,  £”‡ 3
[2026-05-19 06:33:32] [Coordinator] ≈‰∂Ó music-2.5: 0/7,  £”‡ 7
[2026-05-19 06:33:32] [Coordinator] ≈‰∂Ó music-2.6: 0/100,  £”‡ 100
[2026-05-19 06:33:32] [Coordinator] ≈‰∂Ó music-cover: 0/100,  £”‡ 100
[2026-05-19 06:33:32] [Coordinator] ≈‰∂Ó lyrics_generation: 0/100,  £”‡ 100
[2026-05-19 06:33:32] [Coordinator] ≈‰∂Ó image-01: 0/200,  £”‡ 200
[2026-05-19 06:33:32] [Coordinator] ≈‰∂Ó coding-plan-vlm: 0/450,  £”‡ 450
[2026-05-19 06:33:32] [Coordinator] ≈‰∂Ó coding-plan-search: 0/450,  £”‡ 450
[2026-05-19 06:33:32] [Coordinator] ===== ø™ ºµ⁄ 581-600 ’¬ =====
[2026-05-19 06:33:32] [Coordinator] ≤¢––∆Ù∂Ø 10 ∏ˆ writer.py  µ¿˝ (≤¢∑¢=10)
[2026-05-19 06:33:32] [Coordinator] ÷¥––: D:\soft\py\python.exe D:\AiProject\Node\novel-tools\writer.py --project D:\AiProject\Node\projects\novels8 --start 581 --end 582
[2026-05-19 06:33:32] [Coordinator] ÷¥––: D:\soft\py\python.exe D:\AiProject\Node\novel-tools\writer.py --project D:\AiProject\Node\projects\novels8 --start 583 --end 584
[2026-05-19 06:33:32] [Coordinator] ÷¥––: D:\soft\py\python.exe D:\AiProject\Node\novel-tools\writer.py --project D:\AiProject\Node\projects\novels8 --start 585 --end 586
[2026-05-19 06:33:32] [Coordinator] ÷¥––: D:\soft\py\python.exe D:\AiProject\Node\novel-tools\writer.py --project D:\AiProject\Node\projects\novels8 --start 587 --end 588
[2026-05-19 06:33:32] [Coordinator] ÷¥––: D:\soft\py\python.exe D:\AiProject\Node\novel-tools\writer.py --project D:\AiProject\Node\projects\novels8 --start 589 --end 590
[2026-05-19 06:33:32] [Coordinator] ÷¥––: D:\soft\py\python.exe D:\AiProject\Node\novel-tools\writer.py --project D:\AiProject\Node\projects\novels8 --start 591 --end 592
[2026-05-19 06:33:32] [Coordinator] ÷¥––: D:\soft\py\python.exe D:\AiProject\Node\novel-tools\writer.py --project D:\AiProject\Node\projects\novels8 --start 593 --end 594
[2026-05-19 06:33:32] [Coordinator] ÷¥––: D:\soft\py\python.exe D:\AiProject\Node\novel-tools\writer.py --project D:\AiProject\Node\projects\novels8 --start 595 --end 596
[2026-05-19 06:33:32] [Coordinator] ÷¥––: D:\soft\py\python.exe D:\AiProject\Node\novel-tools\writer.py --project D:\AiProject\Node\projects\novels8 --start 597 --end 598
[2026-05-19 06:33:32] [Coordinator] ÷¥––: D:\soft\py\python.exe D:\AiProject\Node\novel-tools\writer.py --project D:\AiProject\Node\projects\novels8 --start 599 --end 600
[2026-05-19 06:33:38] [Coordinator] writer.py 581-582 ÕÍ≥… (rc=0)
[2026-05-19 06:33:38] [Coordinator] writer.py 583-584 ÕÍ≥… (rc=0)
[2026-05-19 06:33:38] [Coordinator] writer.py 585-586 ÕÍ≥… (rc=0)
[2026-05-19 06:33:38] [Coordinator] writer.py 587-588 ÕÍ≥… (rc=0)
[2026-05-19 06:33:38] [Coordinator] writer.py 589-590 ÕÍ≥… (rc=0)
[2026-05-19 06:33:38] [Coordinator] writer.py 591-592 ÕÍ≥… (rc=0)
[2026-05-19 06:33:38] [Coordinator] writer.py 593-594 ÕÍ≥… (rc=0)
[2026-05-19 06:33:38] [Coordinator] writer.py 595-596 ÕÍ≥… (rc=0)
[2026-05-19 06:33:38] [Coordinator] writer.py 597-598 ÕÍ≥… (rc=0)
[2026-05-19 06:33:38] [Coordinator] writer.py 599-600 ÕÍ≥… (rc=0)
[2026-05-19 06:33:38] [Coordinator] ≤¢––∆Ù∂Ø 5 ∏ˆ reviewer.py  µ¿˝ (≤¢∑¢=5)
[2026-05-19 06:33:38] [Coordinator] ÷¥––: D:\soft\py\python.exe D:\AiProject\Node\novel-tools\reviewer.py --project D:\AiProject\Node\projects\novels8 --start 581 --end 584
[2026-05-19 06:33:38] [Coordinator] ÷¥––: D:\soft\py\python.exe D:\AiProject\Node\novel-tools\reviewer.py --project D:\AiProject\Node\projects\novels8 --start 585 --end 588
[2026-05-19 06:33:38] [Coordinator] ÷¥––: D:\soft\py\python.exe D:\AiProject\Node\novel-tools\reviewer.py --project D:\AiProject\Node\projects\novels8 --start 589 --end 592
[2026-05-19 06:33:38] [Coordinator] ÷¥––: D:\soft\py\python.exe D:\AiProject\Node\novel-tools\reviewer.py --project D:\AiProject\Node\projects\novels8 --start 593 --end 596
[2026-05-19 06:33:38] [Coordinator] ÷¥––: D:\soft\py\python.exe D:\AiProject\Node\novel-tools\reviewer.py --project D:\AiProject\Node\projects\novels8 --start 597 --end 600
[2026-05-19 06:33:44] [Coordinator] reviewer.py 585-588 ÕÍ≥… (rc=0)
[2026-05-19 06:33:44] [Coordinator] reviewer.py 589-592 ÕÍ≥… (rc=0)
[2026-05-19 06:33:44] [Coordinator] reviewer.py 593-596 ÕÍ≥… (rc=0)
[2026-05-19 06:34:11] [Coordinator] reviewer.py 597-600 ÕÍ≥… (rc=0)
[2026-05-19 06:34:19] [WeChat] Ω¯∂»“—Õ∆ÀÕ: ≥ı∏Â294/2000, …Û≤È520/2000
[2026-05-19 06:34:26] [Coordinator] reviewer.py 581-584 ÕÍ≥… (rc=0)
[2026-05-19 06:34:27] [Coordinator] µ⁄ 581-600 ’¬ÕÍ≥…£¨‘›Õ£3.0√Î...
[2026-05-19 06:34:30] [Coordinator] ≈‰∂Ó MiniMax-M*: 939/4500,  £”‡ 3561
[2026-05-19 06:34:30] [Coordinator] ≈‰∂Ó speech-hd: 0/19000,  £”‡ 19000
[2026-05-19 06:34:30] [Coordinator] ≈‰∂Ó MiniMax-Hailuo-2.3-Fast-6s-768p: 0/3,  £”‡ 3
[2026-05-19 06:34:30] [Coordinator] ≈‰∂Ó MiniMax-Hailuo-2.3-6s-768p: 0/3,  £”‡ 3
[2026-05-19 06:34:30] [Coordinator] ≈‰∂Ó music-2.5: 0/7,  £”‡ 7
[2026-05-19 06:34:30] [Coordinator] ≈‰∂Ó music-2.6: 0/100,  £”‡ 100
[2026-05-19 06:34:30] [Coordinator] ≈‰∂Ó music-cover: 0/100,  £”‡ 100
[2026-05-19 06:34:30] [Coordinator] ≈‰∂Ó lyrics_generation: 0/100,  £”‡ 100
[2026-05-19 06:34:30] [Coordinator] ≈‰∂Ó image-01: 0/200,  £”‡ 200
[2026-05-19 06:34:30] [Coordinator] ≈‰∂Ó coding-plan-vlm: 0/450,  £”‡ 450
[2026-05-19 06:34:30] [Coordinator] ≈‰∂Ó coding-plan-search: 0/450,  £”‡ 450
[2026-05-19 06:34:31] [Coordinator] ≈‰∂Ó MiniMax-M*: 939/4500,  £”‡ 3561
[2026-05-19 06:34:31] [Coordinator] ≈‰∂Ó speech-hd: 0/19000,  £”‡ 19000
[2026-05-19 06:34:31] [Coordinator] ≈‰∂Ó MiniMax-Hailuo-2.3-Fast-6s-768p: 0/3,  £”‡ 3
[2026-05-19 06:34:31] [Coordinator] ≈‰∂Ó MiniMax-Hailuo-2.3-6s-768p: 0/3,  £”‡ 3
[2026-05-19 06:34:31] [Coordinator] ≈‰∂Ó music-2.5: 0/7,  £”‡ 7
[2026-05-19 06:34:31] [Coordinator] ≈‰∂Ó music-2.6: 0/100,  £”‡ 100
[2026-05-19 06:34:31] [Coordinator] ≈‰∂Ó music-cover: 0/100,  £”‡ 100
[2026-05-19 06:34:31] [Coordinator] ≈‰∂Ó lyrics_generation: 0/100,  £”‡ 100
[2026-05-19 06:34:31] [Coordinator] ≈‰∂Ó image-01: 0/200,  £”‡ 200
[2026-05-19 06:34:31] [Coordinator] ≈‰∂Ó coding-plan-vlm: 0/450,  £”‡ 450
[2026-05-19 06:34:31] [Coordinator] ≈‰∂Ó coding-plan-search: 0/450,  £”‡ 450
[2026-05-19 06:34:31] [Coordinator] ===== ø™ ºµ⁄ 601-620 ’¬ =====
[2026-05-19 06:34:31] [Coordinator] ≤¢––∆Ù∂Ø 10 ∏ˆ writer.py  µ¿˝ (≤¢∑¢=10)
[2026-05-19 06:34:31] [Coordinator] ÷¥––: D:\soft\py\python.exe D:\AiProject\Node\novel-tools\writer.py --project D:\AiProject\Node\projects\novels8 --start 601 --end 602
[2026-05-19 06:34:31] [Coordinator] ÷¥––: D:\soft\py\python.exe D:\AiProject\Node\novel-tools\writer.py --project D:\AiProject\Node\projects\novels8 --start 603 --end 604
[2026-05-19 06:34:31] [Coordinator] ÷¥––: D:\soft\py\python.exe D:\AiProject\Node\novel-tools\writer.py --project D:\AiProject\Node\projects\novels8 --start 605 --end 606
[2026-05-19 06:34:31] [Coordinator] ÷¥––: D:\soft\py\python.exe D:\AiProject\Node\novel-tools\writer.py --project D:\AiProject\Node\projects\novels8 --start 607 --end 608
[2026-05-19 06:34:31] [Coordinator] ÷¥––: D:\soft\py\python.exe D:\AiProject\Node\novel-tools\writer.py --project D:\AiProject\Node\projects\novels8 --start 609 --end 610
[2026-05-19 06:34:31] [Coordinator] ÷¥––: D:\soft\py\python.exe D:\AiProject\Node\novel-tools\writer.py --project D:\AiProject\Node\projects\novels8 --start 611 --end 612
[2026-05-19 06:34:31] [Coordinator] ÷¥––: D:\soft\py\python.exe D:\AiProject\Node\novel-tools\writer.py --project D:\AiProject\Node\projects\novels8 --start 613 --end 614
[2026-05-19 06:34:31] [Coordinator] ÷¥––: D:\soft\py\python.exe D:\AiProject\Node\novel-tools\writer.py --project D:\AiProject\Node\projects\novels8 --start 615 --end 616
[2026-05-19 06:34:31] [Coordinator] ÷¥––: D:\soft\py\python.exe D:\AiProject\Node\novel-tools\writer.py --project D:\AiProject\Node\projects\novels8 --start 617 --end 618
[2026-05-19 06:34:31] [Coordinator] ÷¥––: D:\soft\py\python.exe D:\AiProject\Node\novel-tools\writer.py --project D:\AiProject\Node\projects\novels8 --start 619 --end 620
[2026-05-19 06:34:37] [Coordinator] writer.py 601-602 ÕÍ≥… (rc=0)
[2026-05-19 06:34:37] [Coordinator] writer.py 603-604 ÕÍ≥… (rc=0)
[2026-05-19 06:34:37] [Coordinator] writer.py 605-606 ÕÍ≥… (rc=0)
[2026-05-19 06:34:37] [Coordinator] writer.py 607-608 ÕÍ≥… (rc=0)
[2026-05-19 06:34:37] [Coordinator] writer.py 609-610 ÕÍ≥… (rc=0)
[2026-05-19 06:34:37] [Coordinator] writer.py 611-612 ÕÍ≥… (rc=0)
[2026-05-19 06:34:37] [Coordinator] writer.py 613-614 ÕÍ≥… (rc=0)
[2026-05-19 06:34:37] [Coordinator] writer.py 617-618 ÕÍ≥… (rc=0)
[2026-05-19 06:34:37] [Coordinator] writer.py 619-620 ÕÍ≥… (rc=0)
[2026-05-19 06:36:19] [WeChat] Ω¯∂»“—Õ∆ÀÕ: ≥ı∏Â296/2000, …Û≤È521/2000
[2026-05-19 06:37:07] [Coordinator] writer.py 615-616 ÕÍ≥… (rc=0)
[2026-05-19 06:37:07] [Coordinator] ≤¢––∆Ù∂Ø 5 ∏ˆ reviewer.py  µ¿˝ (≤¢∑¢=5)
[2026-05-19 06:37:07] [Coordinator] ÷¥––: D:\soft\py\python.exe D:\AiProject\Node\novel-tools\reviewer.py --project D:\AiProject\Node\projects\novels8 --start 601 --end 604
[2026-05-19 06:37:07] [Coordinator] ÷¥––: D:\soft\py\python.exe D:\AiProject\Node\novel-tools\reviewer.py --project D:\AiProject\Node\projects\novels8 --start 605 --end 608
[2026-05-19 06:37:07] [Coordinator] ÷¥––: D:\soft\py\python.exe D:\AiProject\Node\novel-tools\reviewer.py --project D:\AiProject\Node\projects\novels8 --start 609 --end 612
[2026-05-19 06:37:07] [Coordinator] ÷¥––: D:\soft\py\python.exe D:\AiProject\Node\novel-tools\reviewer.py --project D:\AiProject\Node\projects\novels8 --start 613 --end 616
[2026-05-19 06:37:07] [Coordinator] ÷¥––: D:\soft\py\python.exe D:\AiProject\Node\novel-tools\reviewer.py --project D:\AiProject\Node\projects\novels8 --start 617 --end 620
[2026-05-19 06:38:20] [WeChat] Ω¯∂»“—Õ∆ÀÕ: ≥ı∏Â295/2000, …Û≤È534/2000
[2026-05-19 06:38:22] [Coordinator] reviewer.py 609-612 ÕÍ≥… (rc=0)
[2026-05-19 06:38:31] [Coordinator] reviewer.py 601-604 ÕÍ≥… (rc=0)
[2026-05-19 06:39:19] [Coordinator] reviewer.py 613-616 ÕÍ≥… (rc=0)
[2026-05-19 06:39:34] [Coordinator] reviewer.py 605-608 ÕÍ≥… (rc=0)
[2026-05-19 06:39:46] [Coordinator] reviewer.py 617-620 ÕÍ≥… (rc=0)
[2026-05-19 06:39:46] ============================================================
[2026-05-19 06:39:46] [Coordinator] …˙≥…◊‹Ω·±®∏Ê
[2026-05-19 06:39:46] ============================================================
[2026-05-19 06:39:47] [Coordinator] ◊‹Ω·±®∏Ê: “—ÕÍ≥… 0/2000 ’¬
[2026-05-19 06:39:47] [Coordinator] ◊‹◊÷ ˝: 0 ◊÷
[2026-05-19 06:39:47] [Coordinator] ∆Ωæ˘∆¿∑÷: 7.95
[2026-05-19 06:39:47] [Coordinator] –Ë÷ÿ–¥: 2 ’¬
[2026-05-19 06:39:47] [Coordinator] µ⁄ 601-620 ’¬ÕÍ≥…£¨‘›Õ£3.0√Î...
[2026-05-19 06:39:50] [Coordinator] ≈‰∂Ó MiniMax-M*: 993/4500,  £”‡ 3507
[2026-05-19 06:39:50] [Coordinator] ≈‰∂Ó speech-hd: 0/19000,  £”‡ 19000
[2026-05-19 06:39:50] [Coordinator] ≈‰∂Ó MiniMax-Hailuo-2.3-Fast-6s-768p: 0/3,  £”‡ 3
[2026-05-19 06:39:50] [Coordinator] ≈‰∂Ó MiniMax-Hailuo-2.3-6s-768p: 0/3,  £”‡ 3
[2026-05-19 06:39:50] [Coordinator] ≈‰∂Ó music-2.5: 0/7,  £”‡ 7
[2026-05-19 06:39:50] [Coordinator] ≈‰∂Ó music-2.6: 0/100,  £”‡ 100
[2026-05-19 06:39:50] [Coordinator] ≈‰∂Ó music-cover: 0/100,  £”‡ 100
[2026-05-19 06:39:50] [Coordinator] ≈‰∂Ó lyrics_generation: 0/100,  £”‡ 100
[2026-05-19 06:39:50] [Coordinator] ≈‰∂Ó image-01: 0/200,  £”‡ 200
[2026-05-19 06:39:50] [Coordinator] ≈‰∂Ó coding-plan-vlm: 0/450,  £”‡ 450
[2026-05-19 06:39:50] [Coordinator] ≈‰∂Ó coding-plan-search: 0/450,  £”‡ 450
[2026-05-19 06:39:50] [Coordinator] ≈‰∂Ó MiniMax-M*: 993/4500,  £”‡ 3507
[2026-05-19 06:39:50] [Coordinator] ≈‰∂Ó speech-hd: 0/19000,  £”‡ 19000
[2026-05-19 06:39:50] [Coordinator] ≈‰∂Ó MiniMax-Hailuo-2.3-Fast-6s-768p: 0/3,  £”‡ 3
[2026-05-19 06:39:50] [Coordinator] ≈‰∂Ó MiniMax-Hailuo-2.3-6s-768p: 0/3,  £”‡ 3
[2026-05-19 06:39:50] [Coordinator] ≈‰∂Ó music-2.5: 0/7,  £”‡ 7
[2026-05-19 06:39:50] [Coordinator] ≈‰∂Ó music-2.6: 0/100,  £”‡ 100
[2026-05-19 06:39:50] [Coordinator] ≈‰∂Ó music-cover: 0/100,  £”‡ 100
[2026-05-19 06:39:50] [Coordinator] ≈‰∂Ó lyrics_generation: 0/100,  £”‡ 100
[2026-05-19 06:39:50] [Coordinator] ≈‰∂Ó image-01: 0/200,  £”‡ 200
[2026-05-19 06:39:50] [Coordinator] ≈‰∂Ó coding-plan-vlm: 0/450,  £”‡ 450
[2026-05-19 06:39:50] [Coordinator] ≈‰∂Ó coding-plan-search: 0/450,  £”‡ 450
[2026-05-19 06:39:50] [Coordinator] ===== ø™ ºµ⁄ 621-640 ’¬ =====
[2026-05-19 06:39:50] [Coordinator] ≤¢––∆Ù∂Ø 10 ∏ˆ writer.py  µ¿˝ (≤¢∑¢=10)
[2026-05-19 06:39:50] [Coordinator] ÷¥––: D:\soft\py\python.exe D:\AiProject\Node\novel-tools\writer.py --project D:\AiProject\Node\projects\novels8 --start 621 --end 622
[2026-05-19 06:39:51] [Coordinator] ÷¥––: D:\soft\py\python.exe D:\AiProject\Node\novel-tools\writer.py --project D:\AiProject\Node\projects\novels8 --start 623 --end 624
[2026-05-19 06:39:51] [Coordinator] ÷¥––: D:\soft\py\python.exe D:\AiProject\Node\novel-tools\writer.py --project D:\AiProject\Node\projects\novels8 --start 625 --end 626
[2026-05-19 06:39:51] [Coordinator] ÷¥––: D:\soft\py\python.exe D:\AiProject\Node\novel-tools\writer.py --project D:\AiProject\Node\projects\novels8 --start 627 --end 628
[2026-05-19 06:39:51] [Coordinator] ÷¥––: D:\soft\py\python.exe D:\AiProject\Node\novel-tools\writer.py --project D:\AiProject\Node\projects\novels8 --start 629 --end 630
[2026-05-19 06:39:51] [Coordinator] ÷¥––: D:\soft\py\python.exe D:\AiProject\Node\novel-tools\writer.py --project D:\AiProject\Node\projects\novels8 --start 631 --end 632
[2026-05-19 06:39:51] [Coordinator] ÷¥––: D:\soft\py\python.exe D:\AiProject\Node\novel-tools\writer.py --project D:\AiProject\Node\projects\novels8 --start 633 --end 634
[2026-05-19 06:39:51] [Coordinator] ÷¥––: D:\soft\py\python.exe D:\AiProject\Node\novel-tools\writer.py --project D:\AiProject\Node\projects\novels8 --start 635 --end 636
[2026-05-19 06:39:51] [Coordinator] ÷¥––: D:\soft\py\python.exe D:\AiProject\Node\novel-tools\writer.py --project D:\AiProject\Node\projects\novels8 --start 637 --end 638
[2026-05-19 06:39:51] [Coordinator] ÷¥––: D:\soft\py\python.exe D:\AiProject\Node\novel-tools\writer.py --project D:\AiProject\Node\projects\novels8 --start 639 --end 640
[2026-05-19 06:40:20] [WeChat] Ω¯∂»“—Õ∆ÀÕ: ≥ı∏Â295/2000, …Û≤È541/2000
[2026-05-19 06:42:20] [WeChat] Ω¯∂»“—Õ∆ÀÕ: ≥ı∏Â300/2000, …Û≤È541/2000
[2026-05-19 06:42:30] [Coordinator] writer.py 625-626 ÕÍ≥… (rc=0)
[2026-05-19 06:42:45] [Coordinator] writer.py 627-628 ÕÍ≥… (rc=0)
[2026-05-19 06:42:54] [Coordinator] writer.py 629-630 ÕÍ≥… (rc=0)
[2026-05-19 06:43:00] [Coordinator] writer.py 637-638 ÕÍ≥… (rc=0)
[2026-05-19 06:43:06] [Coordinator] writer.py 621-622 ÕÍ≥… (rc=0)
[2026-05-19 06:44:21] [Coordinator] writer.py 639-640 ÕÍ≥… (rc=0)
[2026-05-19 06:44:21] [WeChat] Ω¯∂»“—Õ∆ÀÕ: ≥ı∏Â303/2000, …Û≤È541/2000
[2026-05-19 06:45:03] [Coordinator] writer.py 623-624 ÕÍ≥… (rc=0)
[2026-05-19 06:45:57] [Coordinator] writer.py 631-632 ÕÍ≥… (rc=0)
[2026-05-19 06:45:57] [Coordinator] writer.py 633-634 ÕÍ≥… (rc=0)
[2026-05-19 06:46:21] [WeChat] Ω¯∂»“—Õ∆ÀÕ: ≥ı∏Â304/2000, …Û≤È541/2000
[2026-05-19 06:47:33] [Coordinator] writer.py 635-636 ÕÍ≥… (rc=0)
[2026-05-19 06:47:33] [Coordinator] ≤¢––∆Ù∂Ø 5 ∏ˆ reviewer.py  µ¿˝ (≤¢∑¢=5)
[2026-05-19 06:47:33] [Coordinator] ÷¥––: D:\soft\py\python.exe D:\AiProject\Node\novel-tools\reviewer.py --project D:\AiProject\Node\projects\novels8 --start 621 --end 624
[2026-05-19 06:47:33] [Coordinator] ÷¥––: D:\soft\py\python.exe D:\AiProject\Node\novel-tools\reviewer.py --project D:\AiProject\Node\projects\novels8 --start 625 --end 628
[2026-05-19 06:47:33] [Coordinator] ÷¥––: D:\soft\py\python.exe D:\AiProject\Node\novel-tools\reviewer.py --project D:\AiProject\Node\projects\novels8 --start 629 --end 632
[2026-05-19 06:47:33] [Coordinator] ÷¥––: D:\soft\py\python.exe D:\AiProject\Node\novel-tools\reviewer.py --project D:\AiProject\Node\projects\novels8 --start 633 --end 636
[2026-05-19 06:47:33] [Coordinator] ÷¥––: D:\soft\py\python.exe D:\AiProject\Node\novel-tools\reviewer.py --project D:\AiProject\Node\projects\novels8 --start 637 --end 640
[2026-05-19 06:48:22] [WeChat] Ω¯∂»“—Õ∆ÀÕ: ≥ı∏Â304/2000, …Û≤È549/2000
[2026-05-19 06:48:45] [Coordinator] reviewer.py 629-632 ÕÍ≥… (rc=0)
[2026-05-19 06:49:15] [Coordinator] reviewer.py 621-624 ÕÍ≥… (rc=0)
[2026-05-19 06:49:42] [Coordinator] reviewer.py 625-628 ÕÍ≥… (rc=0)
[2026-05-19 06:50:03] [Coordinator] reviewer.py 637-640 ÕÍ≥… (rc=0)
[2026-05-19 06:50:12] [Coordinator] reviewer.py 633-636 ÕÍ≥… (rc=0)
[2026-05-19 06:50:12] [Coordinator] µ⁄ 621-640 ’¬ÕÍ≥…£¨‘›Õ£3.0√Î...
[2026-05-19 06:50:16] [Coordinator] ≈‰∂Ó MiniMax-M*: 1123/4500,  £”‡ 3377
[2026-05-19 06:50:16] [Coordinator] ≈‰∂Ó speech-hd: 0/19000,  £”‡ 19000
[2026-05-19 06:50:16] [Coordinator] ≈‰∂Ó MiniMax-Hailuo-2.3-Fast-6s-768p: 0/3,  £”‡ 3
[2026-05-19 06:50:16] [Coordinator] ≈‰∂Ó MiniMax-Hailuo-2.3-6s-768p: 0/3,  £”‡ 3
[2026-05-19 06:50:16] [Coordinator] ≈‰∂Ó music-2.5: 0/7,  £”‡ 7
[2026-05-19 06:50:16] [Coordinator] ≈‰∂Ó music-2.6: 0/100,  £”‡ 100
[2026-05-19 06:50:16] [Coordinator] ≈‰∂Ó music-cover: 0/100,  £”‡ 100
[2026-05-19 06:50:16] [Coordinator] ≈‰∂Ó lyrics_generation: 0/100,  £”‡ 100
[2026-05-19 06:50:16] [Coordinator] ≈‰∂Ó image-01: 0/200,  £”‡ 200
[2026-05-19 06:50:16] [Coordinator] ≈‰∂Ó coding-plan-vlm: 0/450,  £”‡ 450
[2026-05-19 06:50:16] [Coordinator] ≈‰∂Ó coding-plan-search: 0/450,  £”‡ 450
[2026-05-19 06:50:16] [Coordinator] ≈‰∂Ó MiniMax-M*: 1123/4500,  £”‡ 3377
[2026-05-19 06:50:16] [Coordinator] ≈‰∂Ó speech-hd: 0/19000,  £”‡ 19000
[2026-05-19 06:50:16] [Coordinator] ≈‰∂Ó MiniMax-Hailuo-2.3-Fast-6s-768p: 0/3,  £”‡ 3
[2026-05-19 06:50:16] [Coordinator] ≈‰∂Ó MiniMax-Hailuo-2.3-6s-768p: 0/3,  £”‡ 3
[2026-05-19 06:50:16] [Coordinator] ≈‰∂Ó music-2.5: 0/7,  £”‡ 7
[2026-05-19 06:50:16] [Coordinator] ≈‰∂Ó music-2.6: 0/100,  £”‡ 100
[2026-05-19 06:50:16] [Coordinator] ≈‰∂Ó music-cover: 0/100,  £”‡ 100
[2026-05-19 06:50:16] [Coordinator] ≈‰∂Ó lyrics_generation: 0/100,  £”‡ 100
[2026-05-19 06:50:16] [Coordinator] ≈‰∂Ó image-01: 0/200,  £”‡ 200
[2026-05-19 06:50:16] [Coordinator] ≈‰∂Ó coding-plan-vlm: 0/450,  £”‡ 450
[2026-05-19 06:50:16] [Coordinator] ≈‰∂Ó coding-plan-search: 0/450,  £”‡ 450
[2026-05-19 06:50:16] [Coordinator] ===== ø™ ºµ⁄ 641-660 ’¬ =====
[2026-05-19 06:50:16] [Coordinator] ≤¢––∆Ù∂Ø 10 ∏ˆ writer.py  µ¿˝ (≤¢∑¢=10)
[2026-05-19 06:50:16] [Coordinator] ÷¥––: D:\soft\py\python.exe D:\AiProject\Node\novel-tools\writer.py --project D:\AiProject\Node\projects\novels8 --start 641 --end 642
[2026-05-19 06:50:16] [Coordinator] ÷¥––: D:\soft\py\python.exe D:\AiProject\Node\novel-tools\writer.py --project D:\AiProject\Node\projects\novels8 --start 643 --end 644
[2026-05-19 06:50:16] [Coordinator] ÷¥––: D:\soft\py\python.exe D:\AiProject\Node\novel-tools\writer.py --project D:\AiProject\Node\projects\novels8 --start 645 --end 646
[2026-05-19 06:50:16] [Coordinator] ÷¥––: D:\soft\py\python.exe D:\AiProject\Node\novel-tools\writer.py --project D:\AiProject\Node\projects\novels8 --start 647 --end 648
[2026-05-19 06:50:16] [Coordinator] ÷¥––: D:\soft\py\python.exe D:\AiProject\Node\novel-tools\writer.py --project D:\AiProject\Node\projects\novels8 --start 649 --end 650
[2026-05-19 06:50:16] [Coordinator] ÷¥––: D:\soft\py\python.exe D:\AiProject\Node\novel-tools\writer.py --project D:\AiProject\Node\projects\novels8 --start 651 --end 652
[2026-05-19 06:50:16] [Coordinator] ÷¥––: D:\soft\py\python.exe D:\AiProject\Node\novel-tools\writer.py --project D:\AiProject\Node\projects\novels8 --start 653 --end 654
[2026-05-19 06:50:16] [Coordinator] ÷¥––: D:\soft\py\python.exe D:\AiProject\Node\novel-tools\writer.py --project D:\AiProject\Node\projects\novels8 --start 655 --end 656
[2026-05-19 06:50:17] [Coordinator] ÷¥––: D:\soft\py\python.exe D:\AiProject\Node\novel-tools\writer.py --project D:\AiProject\Node\projects\novels8 --start 657 --end 658
[2026-05-19 06:50:17] [Coordinator] ÷¥––: D:\soft\py\python.exe D:\AiProject\Node\novel-tools\writer.py --project D:\AiProject\Node\projects\novels8 --start 659 --end 660
[2026-05-19 06:50:22] [WeChat] Ω¯∂»“—Õ∆ÀÕ: ≥ı∏Â304/2000, …Û≤È561/2000
[2026-05-19 06:50:23] [Coordinator] writer.py 647-648 ÕÍ≥… (rc=0)
[2026-05-19 06:50:23] [Coordinator] writer.py 649-650 ÕÍ≥… (rc=0)
[2026-05-19 06:50:23] [Coordinator] writer.py 651-652 ÕÍ≥… (rc=0)
[2026-05-19 06:50:23] [Coordinator] writer.py 653-654 ÕÍ≥… (rc=0)
[2026-05-19 06:50:23] [Coordinator] writer.py 655-656 ÕÍ≥… (rc=0)
[2026-05-19 06:50:23] [Coordinator] writer.py 657-658 ÕÍ≥… (rc=0)
[2026-05-19 06:50:23] [Coordinator] writer.py 659-660 ÕÍ≥… (rc=0)
[2026-05-19 06:52:14] [Coordinator] writer.py 645-646 ÕÍ≥… (rc=0)
[2026-05-19 06:52:23] [WeChat] Ω¯∂»“—Õ∆ÀÕ: ≥ı∏Â306/2000, …Û≤È561/2000
[2026-05-19 06:52:53] [Coordinator] writer.py 643-644 ÕÍ≥… (rc=0)
[2026-05-19 06:54:23] [WeChat] Ω¯∂»“—Õ∆ÀÕ: ≥ı∏Â307/2000, …Û≤È561/2000
[2026-05-19 06:55:35] [Coordinator] writer.py 641-642 ÕÍ≥… (rc=0)
[2026-05-19 06:55:35] [Coordinator] ≤¢––∆Ù∂Ø 5 ∏ˆ reviewer.py  µ¿˝ (≤¢∑¢=5)
[2026-05-19 06:55:35] [Coordinator] ÷¥––: D:\soft\py\python.exe D:\AiProject\Node\novel-tools\reviewer.py --project D:\AiProject\Node\projects\novels8 --start 641 --end 644
[2026-05-19 06:55:35] [Coordinator] ÷¥––: D:\soft\py\python.exe D:\AiProject\Node\novel-tools\reviewer.py --project D:\AiProject\Node\projects\novels8 --start 645 --end 648
[2026-05-19 06:55:35] [Coordinator] ÷¥––: D:\soft\py\python.exe D:\AiProject\Node\novel-tools\reviewer.py --project D:\AiProject\Node\projects\novels8 --start 649 --end 652
[2026-05-19 06:55:35] [Coordinator] ÷¥––: D:\soft\py\python.exe D:\AiProject\Node\novel-tools\reviewer.py --project D:\AiProject\Node\projects\novels8 --start 653 --end 656
[2026-05-19 06:55:35] [Coordinator] ÷¥––: D:\soft\py\python.exe D:\AiProject\Node\novel-tools\reviewer.py --project D:\AiProject\Node\projects\novels8 --start 657 --end 660
[2026-05-19 06:55:41] [Coordinator] reviewer.py 649-652 ÕÍ≥… (rc=0)
[2026-05-19 06:55:41] [Coordinator] reviewer.py 653-656 ÕÍ≥… (rc=0)
[2026-05-19 06:55:41] [Coordinator] reviewer.py 657-660 ÕÍ≥… (rc=0)
[2026-05-19 06:56:14] [Coordinator] reviewer.py 645-648 ÕÍ≥… (rc=0)
[2026-05-19 06:56:23] [WeChat] Ω¯∂»“—Õ∆ÀÕ: ≥ı∏Â308/2000, …Û≤È564/2000
[2026-05-19 06:57:38] [Coordinator] reviewer.py 641-644 ÕÍ≥… (rc=0)
[2026-05-19 06:57:38] [Coordinator] µ⁄ 641-660 ’¬ÕÍ≥…£¨‘›Õ£3.0√Î...
[2026-05-19 06:57:42] [Coordinator] ≈‰∂Ó MiniMax-M*: 1156/4500,  £”‡ 3344
[2026-05-19 06:57:42] [Coordinator] ≈‰∂Ó speech-hd: 0/19000,  £”‡ 19000
[2026-05-19 06:57:42] [Coordinator] ≈‰∂Ó MiniMax-Hailuo-2.3-Fast-6s-768p: 0/3,  £”‡ 3
[2026-05-19 06:57:42] [Coordinator] ≈‰∂Ó MiniMax-Hailuo-2.3-6s-768p: 0/3,  £”‡ 3
[2026-05-19 06:57:42] [Coordinator] ≈‰∂Ó music-2.5: 0/7,  £”‡ 7
[2026-05-19 06:57:42] [Coordinator] ≈‰∂Ó music-2.6: 0/100,  £”‡ 100
[2026-05-19 06:57:42] [Coordinator] ≈‰∂Ó music-cover: 0/100,  £”‡ 100
[2026-05-19 06:57:42] [Coordinator] ≈‰∂Ó lyrics_generation: 0/100,  £”‡ 100
[2026-05-19 06:57:42] [Coordinator] ≈‰∂Ó image-01: 0/200,  £”‡ 200
[2026-05-19 06:57:42] [Coordinator] ≈‰∂Ó coding-plan-vlm: 0/450,  £”‡ 450
[2026-05-19 06:57:42] [Coordinator] ≈‰∂Ó coding-plan-search: 0/450,  £”‡ 450
[2026-05-19 06:57:42] [Coordinator] ≈‰∂Ó MiniMax-M*: 1156/4500,  £”‡ 3344
[2026-05-19 06:57:42] [Coordinator] ≈‰∂Ó speech-hd: 0/19000,  £”‡ 19000
[2026-05-19 06:57:42] [Coordinator] ≈‰∂Ó MiniMax-Hailuo-2.3-Fast-6s-768p: 0/3,  £”‡ 3
[2026-05-19 06:57:42] [Coordinator] ≈‰∂Ó MiniMax-Hailuo-2.3-6s-768p: 0/3,  £”‡ 3
[2026-05-19 06:57:42] [Coordinator] ≈‰∂Ó music-2.5: 0/7,  £”‡ 7
[2026-05-19 06:57:42] [Coordinator] ≈‰∂Ó music-2.6: 0/100,  £”‡ 100
[2026-05-19 06:57:42] [Coordinator] ≈‰∂Ó music-cover: 0/100,  £”‡ 100
[2026-05-19 06:57:42] [Coordinator] ≈‰∂Ó lyrics_generation: 0/100,  £”‡ 100
[2026-05-19 06:57:42] [Coordinator] ≈‰∂Ó image-01: 0/200,  £”‡ 200
[2026-05-19 06:57:42] [Coordinator] ≈‰∂Ó coding-plan-vlm: 0/450,  £”‡ 450
[2026-05-19 06:57:42] [Coordinator] ≈‰∂Ó coding-plan-search: 0/450,  £”‡ 450
[2026-05-19 06:57:42] [Coordinator] ===== ø™ ºµ⁄ 661-680 ’¬ =====
[2026-05-19 06:57:42] [Coordinator] ≤¢––∆Ù∂Ø 10 ∏ˆ writer.py  µ¿˝ (≤¢∑¢=10)
[2026-05-19 06:57:42] [Coordinator] ÷¥––: D:\soft\py\python.exe D:\AiProject\Node\novel-tools\writer.py --project D:\AiProject\Node\projects\novels8 --start 661 --end 662
[2026-05-19 06:57:42] [Coordinator] ÷¥––: D:\soft\py\python.exe D:\AiProject\Node\novel-tools\writer.py --project D:\AiProject\Node\projects\novels8 --start 663 --end 664
[2026-05-19 06:57:42] [Coordinator] ÷¥––: D:\soft\py\python.exe D:\AiProject\Node\novel-tools\writer.py --project D:\AiProject\Node\projects\novels8 --start 665 --end 666
[2026-05-19 06:57:42] [Coordinator] ÷¥––: D:\soft\py\python.exe D:\AiProject\Node\novel-tools\writer.py --project D:\AiProject\Node\projects\novels8 --start 667 --end 668
[2026-05-19 06:57:42] [Coordinator] ÷¥––: D:\soft\py\python.exe D:\AiProject\Node\novel-tools\writer.py --project D:\AiProject\Node\projects\novels8 --start 669 --end 670
[2026-05-19 06:57:42] [Coordinator] ÷¥––: D:\soft\py\python.exe D:\AiProject\Node\novel-tools\writer.py --project D:\AiProject\Node\projects\novels8 --start 671 --end 672
[2026-05-19 06:57:42] [Coordinator] ÷¥––: D:\soft\py\python.exe D:\AiProject\Node\novel-tools\writer.py --project D:\AiProject\Node\projects\novels8 --start 673 --end 674
[2026-05-19 06:57:42] [Coordinator] ÷¥––: D:\soft\py\python.exe D:\AiProject\Node\novel-tools\writer.py --project D:\AiProject\Node\projects\novels8 --start 675 --end 676
[2026-05-19 06:57:42] [Coordinator] ÷¥––: D:\soft\py\python.exe D:\AiProject\Node\novel-tools\writer.py --project D:\AiProject\Node\projects\novels8 --start 677 --end 678
[2026-05-19 06:57:42] [Coordinator] ÷¥––: D:\soft\py\python.exe D:\AiProject\Node\novel-tools\writer.py --project D:\AiProject\Node\projects\novels8 --start 679 --end 680
[2026-05-19 06:58:24] [WeChat] Ω¯∂»“—Õ∆ÀÕ: ≥ı∏Â308/2000, …Û≤È566/2000
[2026-05-19 07:00:00] [Coordinator] writer.py 671-672 ÕÍ≥… (rc=0)
[2026-05-19 07:00:06] [Coordinator] writer.py 661-662 ÕÍ≥… (rc=0)
[2026-05-19 07:00:12] [Coordinator] writer.py 677-678 ÕÍ≥… (rc=0)
[2026-05-19 07:00:18] [Coordinator] writer.py 669-670 ÕÍ≥… (rc=0)
[2026-05-19 07:00:24] [WeChat] Ω¯∂»“—Õ∆ÀÕ: ≥ı∏Â317/2000, …Û≤È566/2000
[2026-05-19 07:00:45] [Coordinator] writer.py 673-674 ÕÍ≥… (rc=0)
[2026-05-19 07:01:09] [Coordinator] writer.py 665-666 ÕÍ≥… (rc=0)
[2026-05-19 07:02:25] [WeChat] Ω¯∂»“—Õ∆ÀÕ: ≥ı∏Â319/2000, …Û≤È566/2000
[2026-05-19 07:02:27] [Coordinator] writer.py 663-664 ÕÍ≥… (rc=0)
[2026-05-19 07:02:27] [Coordinator] writer.py 675-676 ÕÍ≥… (rc=0)
[2026-05-19 07:02:45] [Coordinator] writer.py 667-668 ÕÍ≥… (rc=0)
[2026-05-19 07:03:54] [Coordinator] writer.py 679-680 ÕÍ≥… (rc=0)
[2026-05-19 07:03:55] [Coordinator] ≤¢––∆Ù∂Ø 5 ∏ˆ reviewer.py  µ¿˝ (≤¢∑¢=5)
[2026-05-19 07:03:55] [Coordinator] ÷¥––: D:\soft\py\python.exe D:\AiProject\Node\novel-tools\reviewer.py --project D:\AiProject\Node\projects\novels8 --start 661 --end 664
[2026-05-19 07:03:55] [Coordinator] ÷¥––: D:\soft\py\python.exe D:\AiProject\Node\novel-tools\reviewer.py --project D:\AiProject\Node\projects\novels8 --start 665 --end 668
[2026-05-19 07:03:55] [Coordinator] ÷¥––: D:\soft\py\python.exe D:\AiProject\Node\novel-tools\reviewer.py --project D:\AiProject\Node\projects\novels8 --start 669 --end 672
[2026-05-19 07:03:55] [Coordinator] ÷¥––: D:\soft\py\python.exe D:\AiProject\Node\novel-tools\reviewer.py --project D:\AiProject\Node\projects\novels8 --start 673 --end 676
[2026-05-19 07:03:55] [Coordinator] ÷¥––: D:\soft\py\python.exe D:\AiProject\Node\novel-tools\reviewer.py --project D:\AiProject\Node\projects\novels8 --start 677 --end 680
[2026-05-19 07:04:25] [WeChat] Ω¯∂»“—Õ∆ÀÕ: ≥ı∏Â319/2000, …Û≤È568/2000
[2026-05-19 07:05:22] [Coordinator] reviewer.py 669-672 ÕÍ≥… (rc=0)
[2026-05-19 07:06:26] [WeChat] Ω¯∂»“—Õ∆ÀÕ: ≥ı∏Â319/2000, …Û≤È583/2000
[2026-05-19 07:06:28] [Coordinator] reviewer.py 673-676 ÕÍ≥… (rc=0)
[2026-05-19 07:06:31] [Coordinator] reviewer.py 677-680 ÕÍ≥… (rc=0)
[2026-05-19 07:06:40] [Coordinator] reviewer.py 661-664 ÕÍ≥… (rc=0)
[2026-05-19 07:06:46] [Coordinator] reviewer.py 665-668 ÕÍ≥… (rc=0)
[2026-05-19 07:06:46] [Coordinator] µ⁄ 661-680 ’¬ÕÍ≥…£¨‘›Õ£3.0√Î...
[2026-05-19 07:06:49] [Coordinator] ≈‰∂Ó MiniMax-M*: 1277/4500,  £”‡ 3223
[2026-05-19 07:06:49] [Coordinator] ≈‰∂Ó speech-hd: 0/19000,  £”‡ 19000
[2026-05-19 07:06:49] [Coordinator] ≈‰∂Ó MiniMax-Hailuo-2.3-Fast-6s-768p: 0/3,  £”‡ 3
[2026-05-19 07:06:49] [Coordinator] ≈‰∂Ó MiniMax-Hailuo-2.3-6s-768p: 0/3,  £”‡ 3
[2026-05-19 07:06:49] [Coordinator] ≈‰∂Ó music-2.5: 0/7,  £”‡ 7
[2026-05-19 07:06:49] [Coordinator] ≈‰∂Ó music-2.6: 0/100,  £”‡ 100
[2026-05-19 07:06:49] [Coordinator] ≈‰∂Ó music-cover: 0/100,  £”‡ 100
[2026-05-19 07:06:49] [Coordinator] ≈‰∂Ó lyrics_generation: 0/100,  £”‡ 100
[2026-05-19 07:06:49] [Coordinator] ≈‰∂Ó image-01: 0/200,  £”‡ 200
[2026-05-19 07:06:49] [Coordinator] ≈‰∂Ó coding-plan-vlm: 0/450,  £”‡ 450
[2026-05-19 07:06:49] [Coordinator] ≈‰∂Ó coding-plan-search: 0/450,  £”‡ 450
[2026-05-19 07:06:50] [Coordinator] ≈‰∂Ó MiniMax-M*: 1277/4500,  £”‡ 3223
[2026-05-19 07:06:50] [Coordinator] ≈‰∂Ó speech-hd: 0/19000,  £”‡ 19000
[2026-05-19 07:06:50] [Coordinator] ≈‰∂Ó MiniMax-Hailuo-2.3-Fast-6s-768p: 0/3,  £”‡ 3
[2026-05-19 07:06:50] [Coordinator] ≈‰∂Ó MiniMax-Hailuo-2.3-6s-768p: 0/3,  £”‡ 3
[2026-05-19 07:06:50] [Coordinator] ≈‰∂Ó music-2.5: 0/7,  £”‡ 7
[2026-05-19 07:06:50] [Coordinator] ≈‰∂Ó music-2.6: 0/100,  £”‡ 100
[2026-05-19 07:06:50] [Coordinator] ≈‰∂Ó music-cover: 0/100,  £”‡ 100
[2026-05-19 07:06:50] [Coordinator] ≈‰∂Ó lyrics_generation: 0/100,  £”‡ 100
[2026-05-19 07:06:50] [Coordinator] ≈‰∂Ó image-01: 0/200,  £”‡ 200
[2026-05-19 07:06:50] [Coordinator] ≈‰∂Ó coding-plan-vlm: 0/450,  £”‡ 450
[2026-05-19 07:06:50] [Coordinator] ≈‰∂Ó coding-plan-search: 0/450,  £”‡ 450
[2026-05-19 07:06:50] [Coordinator] ===== ø™ ºµ⁄ 681-700 ’¬ =====
[2026-05-19 07:06:50] [Coordinator] ≤¢––∆Ù∂Ø 10 ∏ˆ writer.py  µ¿˝ (≤¢∑¢=10)
[2026-05-19 07:06:50] [Coordinator] ÷¥––: D:\soft\py\python.exe D:\AiProject\Node\novel-tools\writer.py --project D:\AiProject\Node\projects\novels8 --start 681 --end 682
[2026-05-19 07:06:50] [Coordinator] ÷¥––: D:\soft\py\python.exe D:\AiProject\Node\novel-tools\writer.py --project D:\AiProject\Node\projects\novels8 --start 683 --end 684
[2026-05-19 07:06:50] [Coordinator] ÷¥––: D:\soft\py\python.exe D:\AiProject\Node\novel-tools\writer.py --project D:\AiProject\Node\projects\novels8 --start 685 --end 686
[2026-05-19 07:06:50] [Coordinator] ÷¥––: D:\soft\py\python.exe D:\AiProject\Node\novel-tools\writer.py --project D:\AiProject\Node\projects\novels8 --start 687 --end 688
[2026-05-19 07:06:50] [Coordinator] ÷¥––: D:\soft\py\python.exe D:\AiProject\Node\novel-tools\writer.py --project D:\AiProject\Node\projects\novels8 --start 689 --end 690
[2026-05-19 07:06:50] [Coordinator] ÷¥––: D:\soft\py\python.exe D:\AiProject\Node\novel-tools\writer.py --project D:\AiProject\Node\projects\novels8 --start 691 --end 692
[2026-05-19 07:06:50] [Coordinator] ÷¥––: D:\soft\py\python.exe D:\AiProject\Node\novel-tools\writer.py --project D:\AiProject\Node\projects\novels8 --start 693 --end 694
[2026-05-19 07:06:50] [Coordinator] ÷¥––: D:\soft\py\python.exe D:\AiProject\Node\novel-tools\writer.py --project D:\AiProject\Node\projects\novels8 --start 695 --end 696
[2026-05-19 07:06:50] [Coordinator] ÷¥––: D:\soft\py\python.exe D:\AiProject\Node\novel-tools\writer.py --project D:\AiProject\Node\projects\novels8 --start 697 --end 698
[2026-05-19 07:06:50] [Coordinator] ÷¥––: D:\soft\py\python.exe D:\AiProject\Node\novel-tools\writer.py --project D:\AiProject\Node\projects\novels8 --start 699 --end 700
[2026-05-19 07:08:26] [WeChat] Ω¯∂»“—Õ∆ÀÕ: ≥ı∏Â325/2000, …Û≤È586/2000
[2026-05-19 07:09:26] [Coordinator] writer.py 681-682 ÕÍ≥… (rc=0)
[2026-05-19 07:09:26] [Coordinator] writer.py 689-690 ÕÍ≥… (rc=0)
[2026-05-19 07:09:32] [Coordinator] writer.py 687-688 ÕÍ≥… (rc=0)
[2026-05-19 07:09:35] [Coordinator] writer.py 697-698 ÕÍ≥… (rc=0)
[2026-05-19 07:09:50] [Coordinator] writer.py 685-686 ÕÍ≥… (rc=0)
[2026-05-19 07:10:05] [Coordinator] writer.py 693-694 ÕÍ≥… (rc=0)
[2026-05-19 07:10:11] [Coordinator] writer.py 695-696 ÕÍ≥… (rc=0)
[2026-05-19 07:10:27] [WeChat] Ω¯∂»“—Õ∆ÀÕ: ≥ı∏Â329/2000, …Û≤È586/2000
[2026-05-19 07:11:17] [Coordinator] writer.py 683-684 ÕÍ≥… (rc=0)
[2026-05-19 07:12:27] [WeChat] Ω¯∂»“—Õ∆ÀÕ: ≥ı∏Â332/2000, …Û≤È586/2000
[2026-05-19 07:12:29] [Coordinator] writer.py 691-692 ÕÍ≥… (rc=0)
[2026-05-19 07:12:47] [Coordinator] writer.py 699-700 ÕÍ≥… (rc=0)
[2026-05-19 07:12:47] [Coordinator] ≤¢––∆Ù∂Ø 5 ∏ˆ reviewer.py  µ¿˝ (≤¢∑¢=5)
[2026-05-19 07:12:47] [Coordinator] ÷¥––: D:\soft\py\python.exe D:\AiProject\Node\novel-tools\reviewer.py --project D:\AiProject\Node\projects\novels8 --start 681 --end 684
[2026-05-19 07:12:47] [Coordinator] ÷¥––: D:\soft\py\python.exe D:\AiProject\Node\novel-tools\reviewer.py --project D:\AiProject\Node\projects\novels8 --start 685 --end 688
[2026-05-19 07:12:47] [Coordinator] ÷¥––: D:\soft\py\python.exe D:\AiProject\Node\novel-tools\reviewer.py --project D:\AiProject\Node\projects\novels8 --start 689 --end 692
[2026-05-19 07:12:47] [Coordinator] ÷¥––: D:\soft\py\python.exe D:\AiProject\Node\novel-tools\reviewer.py --project D:\AiProject\Node\projects\novels8 --start 693 --end 696
[2026-05-19 07:12:47] [Coordinator] ÷¥––: D:\soft\py\python.exe D:\AiProject\Node\novel-tools\reviewer.py --project D:\AiProject\Node\projects\novels8 --start 697 --end 700
[2026-05-19 07:14:28] [WeChat] Ω¯∂»“—Õ∆ÀÕ: ≥ı∏Â332/2000, …Û≤È598/2000
[2026-05-19 07:14:35] [Coordinator] reviewer.py 681-684 ÕÍ≥… (rc=0)
[2026-05-19 07:14:41] [Coordinator] reviewer.py 689-692 ÕÍ≥… (rc=0)
[2026-05-19 07:14:53] [Coordinator] reviewer.py 685-688 ÕÍ≥… (rc=0)
[2026-05-19 07:15:17] [Coordinator] reviewer.py 693-696 ÕÍ≥… (rc=0)
[2026-05-19 07:15:23] [Coordinator] reviewer.py 697-700 ÕÍ≥… (rc=0)
[2026-05-19 07:15:24] [Coordinator] µ⁄ 681-700 ’¬ÕÍ≥…£¨‘›Õ£3.0√Î...
[2026-05-19 07:15:27] [Coordinator] ≈‰∂Ó MiniMax-M*: 1400/4500,  £”‡ 3100
[2026-05-19 07:15:27] [Coordinator] ≈‰∂Ó speech-hd: 0/19000,  £”‡ 19000
[2026-05-19 07:15:27] [Coordinator] ≈‰∂Ó MiniMax-Hailuo-2.3-Fast-6s-768p: 0/3,  £”‡ 3
[2026-05-19 07:15:27] [Coordinator] ≈‰∂Ó MiniMax-Hailuo-2.3-6s-768p: 0/3,  £”‡ 3
[2026-05-19 07:15:27] [Coordinator] ≈‰∂Ó music-2.5: 0/7,  £”‡ 7
[2026-05-19 07:15:27] [Coordinator] ≈‰∂Ó music-2.6: 0/100,  £”‡ 100
[2026-05-19 07:15:27] [Coordinator] ≈‰∂Ó music-cover: 0/100,  £”‡ 100
[2026-05-19 07:15:27] [Coordinator] ≈‰∂Ó lyrics_generation: 0/100,  £”‡ 100
[2026-05-19 07:15:27] [Coordinator] ≈‰∂Ó image-01: 0/200,  £”‡ 200
[2026-05-19 07:15:27] [Coordinator] ≈‰∂Ó coding-plan-vlm: 0/450,  £”‡ 450
[2026-05-19 07:15:27] [Coordinator] ≈‰∂Ó coding-plan-search: 0/450,  £”‡ 450
[2026-05-19 07:15:28] [Coordinator] ≈‰∂Ó MiniMax-M*: 1400/4500,  £”‡ 3100
[2026-05-19 07:15:28] [Coordinator] ≈‰∂Ó speech-hd: 0/19000,  £”‡ 19000
[2026-05-19 07:15:28] [Coordinator] ≈‰∂Ó MiniMax-Hailuo-2.3-Fast-6s-768p: 0/3,  £”‡ 3
[2026-05-19 07:15:28] [Coordinator] ≈‰∂Ó MiniMax-Hailuo-2.3-6s-768p: 0/3,  £”‡ 3
[2026-05-19 07:15:28] [Coordinator] ≈‰∂Ó music-2.5: 0/7,  £”‡ 7
[2026-05-19 07:15:28] [Coordinator] ≈‰∂Ó music-2.6: 0/100,  £”‡ 100
[2026-05-19 07:15:28] [Coordinator] ≈‰∂Ó music-cover: 0/100,  £”‡ 100
[2026-05-19 07:15:28] [Coordinator] ≈‰∂Ó lyrics_generation: 0/100,  £”‡ 100
[2026-05-19 07:15:28] [Coordinator] ≈‰∂Ó image-01: 0/200,  £”‡ 200
[2026-05-19 07:15:28] [Coordinator] ≈‰∂Ó coding-plan-vlm: 0/450,  £”‡ 450
[2026-05-19 07:15:28] [Coordinator] ≈‰∂Ó coding-plan-search: 0/450,  £”‡ 450
[2026-05-19 07:15:28] [Coordinator] ===== ø™ ºµ⁄ 701-720 ’¬ =====
[2026-05-19 07:15:28] [Coordinator] ≤¢––∆Ù∂Ø 10 ∏ˆ writer.py  µ¿˝ (≤¢∑¢=10)
[2026-05-19 07:15:28] [Coordinator] ÷¥––: D:\soft\py\python.exe D:\AiProject\Node\novel-tools\writer.py --project D:\AiProject\Node\projects\novels8 --start 701 --end 702
[2026-05-19 07:15:28] [Coordinator] ÷¥––: D:\soft\py\python.exe D:\AiProject\Node\novel-tools\writer.py --project D:\AiProject\Node\projects\novels8 --start 703 --end 704
[2026-05-19 07:15:28] [Coordinator] ÷¥––: D:\soft\py\python.exe D:\AiProject\Node\novel-tools\writer.py --project D:\AiProject\Node\projects\novels8 --start 705 --end 706
[2026-05-19 07:15:28] [Coordinator] ÷¥––: D:\soft\py\python.exe D:\AiProject\Node\novel-tools\writer.py --project D:\AiProject\Node\projects\novels8 --start 707 --end 708
[2026-05-19 07:15:28] [Coordinator] ÷¥––: D:\soft\py\python.exe D:\AiProject\Node\novel-tools\writer.py --project D:\AiProject\Node\projects\novels8 --start 709 --end 710
[2026-05-19 07:15:28] [Coordinator] ÷¥––: D:\soft\py\python.exe D:\AiProject\Node\novel-tools\writer.py --project D:\AiProject\Node\projects\novels8 --start 711 --end 712
[2026-05-19 07:15:28] [Coordinator] ÷¥––: D:\soft\py\python.exe D:\AiProject\Node\novel-tools\writer.py --project D:\AiProject\Node\projects\novels8 --start 713 --end 714
[2026-05-19 07:15:28] [Coordinator] ÷¥––: D:\soft\py\python.exe D:\AiProject\Node\novel-tools\writer.py --project D:\AiProject\Node\projects\novels8 --start 715 --end 716
[2026-05-19 07:15:28] [Coordinator] ÷¥––: D:\soft\py\python.exe D:\AiProject\Node\novel-tools\writer.py --project D:\AiProject\Node\projects\novels8 --start 717 --end 718
[2026-05-19 07:15:28] [Coordinator] ÷¥––: D:\soft\py\python.exe D:\AiProject\Node\novel-tools\writer.py --project D:\AiProject\Node\projects\novels8 --start 719 --end 720
[2026-05-19 07:16:28] [WeChat] Ω¯∂»“—Õ∆ÀÕ: ≥ı∏Â332/2000, …Û≤È605/2000
[2026-05-19 07:18:19] [Coordinator] writer.py 705-706 ÕÍ≥… (rc=0)
[2026-05-19 07:18:22] [Coordinator] writer.py 713-714 ÕÍ≥… (rc=0)
[2026-05-19 07:18:28] [WeChat] Ω¯∂»“—Õ∆ÀÕ: ≥ı∏Â337/2000, …Û≤È605/2000
[2026-05-19 07:18:55] [Coordinator] writer.py 709-710 ÕÍ≥… (rc=0)
[2026-05-19 07:19:01] [Coordinator] writer.py 701-702 ÕÍ≥… (rc=0)
[2026-05-19 07:19:31] [Coordinator] writer.py 707-708 ÕÍ≥… (rc=0)
[2026-05-19 07:19:34] [Coordinator] writer.py 717-718 ÕÍ≥… (rc=0)
[2026-05-19 07:19:58] [Coordinator] writer.py 703-704 ÕÍ≥… (rc=0)
[2026-05-19 07:20:13] [Coordinator] writer.py 711-712 ÕÍ≥… (rc=0)
[2026-05-19 07:20:13] [Coordinator] writer.py 715-716 ÕÍ≥… (rc=0)
[2026-05-19 07:20:29] [WeChat] Ω¯∂»“—Õ∆ÀÕ: ≥ı∏Â342/2000, …Û≤È605/2000
[2026-05-19 07:21:46] [Coordinator] writer.py 719-720 ÕÍ≥… (rc=0)
[2026-05-19 07:21:46] [Coordinator] ≤¢––∆Ù∂Ø 5 ∏ˆ reviewer.py  µ¿˝ (≤¢∑¢=5)
[2026-05-19 07:21:46] [Coordinator] ÷¥––: D:\soft\py\python.exe D:\AiProject\Node\novel-tools\reviewer.py --project D:\AiProject\Node\projects\novels8 --start 701 --end 704
[2026-05-19 07:21:46] [Coordinator] ÷¥––: D:\soft\py\python.exe D:\AiProject\Node\novel-tools\reviewer.py --project D:\AiProject\Node\projects\novels8 --start 705 --end 708
[2026-05-19 07:21:46] [Coordinator] ÷¥––: D:\soft\py\python.exe D:\AiProject\Node\novel-tools\reviewer.py --project D:\AiProject\Node\projects\novels8 --start 709 --end 712
[2026-05-19 07:21:46] [Coordinator] ÷¥––: D:\soft\py\python.exe D:\AiProject\Node\novel-tools\reviewer.py --project D:\AiProject\Node\projects\novels8 --start 713 --end 716
[2026-05-19 07:21:46] [Coordinator] ÷¥––: D:\soft\py\python.exe D:\AiProject\Node\novel-tools\reviewer.py --project D:\AiProject\Node\projects\novels8 --start 717 --end 720
[2026-05-19 07:22:29] [WeChat] Ω¯∂»“—Õ∆ÀÕ: ≥ı∏Â339/2000, …Û≤È610/2000
[2026-05-19 07:23:19] [Coordinator] reviewer.py 709-712 ÕÍ≥… (rc=0)
[2026-05-19 07:23:40] [Coordinator] reviewer.py 701-704 ÕÍ≥… (rc=0)
[2026-05-19 07:23:52] [Coordinator] reviewer.py 705-708 ÕÍ≥… (rc=0)
[2026-05-19 07:23:58] [Coordinator] reviewer.py 713-716 ÕÍ≥… (rc=0)
[2026-05-19 07:24:10] [Coordinator] reviewer.py 717-720 ÕÍ≥… (rc=0)
[2026-05-19 07:24:11] [Coordinator] µ⁄ 701-720 ’¬ÕÍ≥…£¨‘›Õ£3.0√Î...
[2026-05-19 07:24:14] [Coordinator] ≈‰∂Ó MiniMax-M*: 1515/4500,  £”‡ 2985
[2026-05-19 07:24:14] [Coordinator] ≈‰∂Ó speech-hd: 0/19000,  £”‡ 19000
[2026-05-19 07:24:14] [Coordinator] ≈‰∂Ó MiniMax-Hailuo-2.3-Fast-6s-768p: 0/3,  £”‡ 3
[2026-05-19 07:24:14] [Coordinator] ≈‰∂Ó MiniMax-Hailuo-2.3-6s-768p: 0/3,  £”‡ 3
[2026-05-19 07:24:14] [Coordinator] ≈‰∂Ó music-2.5: 0/7,  £”‡ 7
[2026-05-19 07:24:14] [Coordinator] ≈‰∂Ó music-2.6: 0/100,  £”‡ 100
[2026-05-19 07:24:14] [Coordinator] ≈‰∂Ó music-cover: 0/100,  £”‡ 100
[2026-05-19 07:24:14] [Coordinator] ≈‰∂Ó lyrics_generation: 0/100,  £”‡ 100
[2026-05-19 07:24:14] [Coordinator] ≈‰∂Ó image-01: 0/200,  £”‡ 200
[2026-05-19 07:24:14] [Coordinator] ≈‰∂Ó coding-plan-vlm: 0/450,  £”‡ 450
[2026-05-19 07:24:14] [Coordinator] ≈‰∂Ó coding-plan-search: 0/450,  £”‡ 450
[2026-05-19 07:24:15] [Coordinator] ≈‰∂Ó MiniMax-M*: 1515/4500,  £”‡ 2985
[2026-05-19 07:24:15] [Coordinator] ≈‰∂Ó speech-hd: 0/19000,  £”‡ 19000
[2026-05-19 07:24:15] [Coordinator] ≈‰∂Ó MiniMax-Hailuo-2.3-Fast-6s-768p: 0/3,  £”‡ 3
[2026-05-19 07:24:15] [Coordinator] ≈‰∂Ó MiniMax-Hailuo-2.3-6s-768p: 0/3,  £”‡ 3
[2026-05-19 07:24:15] [Coordinator] ≈‰∂Ó music-2.5: 0/7,  £”‡ 7
[2026-05-19 07:24:15] [Coordinator] ≈‰∂Ó music-2.6: 0/100,  £”‡ 100
[2026-05-19 07:24:15] [Coordinator] ≈‰∂Ó music-cover: 0/100,  £”‡ 100
[2026-05-19 07:24:15] [Coordinator] ≈‰∂Ó lyrics_generation: 0/100,  £”‡ 100
[2026-05-19 07:24:15] [Coordinator] ≈‰∂Ó image-01: 0/200,  £”‡ 200
[2026-05-19 07:24:15] [Coordinator] ≈‰∂Ó coding-plan-vlm: 0/450,  £”‡ 450
[2026-05-19 07:24:15] [Coordinator] ≈‰∂Ó coding-plan-search: 0/450,  £”‡ 450
[2026-05-19 07:24:15] [Coordinator] ===== ø™ ºµ⁄ 721-740 ’¬ =====
[2026-05-19 07:24:15] [Coordinator] ≤¢––∆Ù∂Ø 10 ∏ˆ writer.py  µ¿˝ (≤¢∑¢=10)
[2026-05-19 07:24:15] [Coordinator] ÷¥––: D:\soft\py\python.exe D:\AiProject\Node\novel-tools\writer.py --project D:\AiProject\Node\projects\novels8 --start 721 --end 722
[2026-05-19 07:24:15] [Coordinator] ÷¥––: D:\soft\py\python.exe D:\AiProject\Node\novel-tools\writer.py --project D:\AiProject\Node\projects\novels8 --start 723 --end 724
[2026-05-19 07:24:15] [Coordinator] ÷¥––: D:\soft\py\python.exe D:\AiProject\Node\novel-tools\writer.py --project D:\AiProject\Node\projects\novels8 --start 725 --end 726
[2026-05-19 07:24:15] [Coordinator] ÷¥––: D:\soft\py\python.exe D:\AiProject\Node\novel-tools\writer.py --project D:\AiProject\Node\projects\novels8 --start 727 --end 728
[2026-05-19 07:24:15] [Coordinator] ÷¥––: D:\soft\py\python.exe D:\AiProject\Node\novel-tools\writer.py --project D:\AiProject\Node\projects\novels8 --start 729 --end 730
[2026-05-19 07:24:15] [Coordinator] ÷¥––: D:\soft\py\python.exe D:\AiProject\Node\novel-tools\writer.py --project D:\AiProject\Node\projects\novels8 --start 731 --end 732
[2026-05-19 07:24:15] [Coordinator] ÷¥––: D:\soft\py\python.exe D:\AiProject\Node\novel-tools\writer.py --project D:\AiProject\Node\projects\novels8 --start 733 --end 734
[2026-05-19 07:24:15] [Coordinator] ÷¥––: D:\soft\py\python.exe D:\AiProject\Node\novel-tools\writer.py --project D:\AiProject\Node\projects\novels8 --start 735 --end 736
[2026-05-19 07:24:15] [Coordinator] ÷¥––: D:\soft\py\python.exe D:\AiProject\Node\novel-tools\writer.py --project D:\AiProject\Node\projects\novels8 --start 737 --end 738
[2026-05-19 07:24:15] [Coordinator] ÷¥––: D:\soft\py\python.exe D:\AiProject\Node\novel-tools\writer.py --project D:\AiProject\Node\projects\novels8 --start 739 --end 740
[2026-05-19 07:24:30] [WeChat] Ω¯∂»“—Õ∆ÀÕ: ≥ı∏Â338/2000, …Û≤È625/2000
[2026-05-19 07:26:30] [WeChat] Ω¯∂»“—Õ∆ÀÕ: ≥ı∏Â344/2000, …Û≤È625/2000
[2026-05-19 07:26:39] [Coordinator] writer.py 725-726 ÕÍ≥… (rc=0)
[2026-05-19 07:26:48] [Coordinator] writer.py 731-732 ÕÍ≥… (rc=0)
[2026-05-19 07:26:51] [Coordinator] writer.py 733-734 ÕÍ≥… (rc=0)
[2026-05-19 07:26:57] [Coordinator] writer.py 721-722 ÕÍ≥… (rc=0)
[2026-05-19 07:27:45] [Coordinator] writer.py 737-738 ÕÍ≥… (rc=0)
[2026-05-19 07:28:24] [Coordinator] writer.py 739-740 ÕÍ≥… (rc=0)
[2026-05-19 07:28:31] [WeChat] Ω¯∂»“—Õ∆ÀÕ: ≥ı∏Â347/2000, …Û≤È625/2000
[2026-05-19 07:28:33] [Coordinator] writer.py 723-724 ÕÍ≥… (rc=0)
[2026-05-19 07:28:39] [Coordinator] writer.py 729-730 ÕÍ≥… (rc=0)
[2026-05-19 07:29:21] [Coordinator] writer.py 727-728 ÕÍ≥… (rc=0)
[2026-05-19 07:30:31] [WeChat] Ω¯∂»“—Õ∆ÀÕ: ≥ı∏Â349/2000, …Û≤È625/2000
[2026-05-19 07:31:27] [Coordinator] writer.py 735-736 ÕÍ≥… (rc=0)
[2026-05-19 07:31:27] [Coordinator] ≤¢––∆Ù∂Ø 5 ∏ˆ reviewer.py  µ¿˝ (≤¢∑¢=5)
[2026-05-19 07:31:27] [Coordinator] ÷¥––: D:\soft\py\python.exe D:\AiProject\Node\novel-tools\reviewer.py --project D:\AiProject\Node\projects\novels8 --start 721 --end 724
[2026-05-19 07:31:27] [Coordinator] ÷¥––: D:\soft\py\python.exe D:\AiProject\Node\novel-tools\reviewer.py --project D:\AiProject\Node\projects\novels8 --start 725 --end 728
[2026-05-19 07:31:27] [Coordinator] ÷¥––: D:\soft\py\python.exe D:\AiProject\Node\novel-tools\reviewer.py --project D:\AiProject\Node\projects\novels8 --start 729 --end 732
[2026-05-19 07:31:27] [Coordinator] ÷¥––: D:\soft\py\python.exe D:\AiProject\Node\novel-tools\reviewer.py --project D:\AiProject\Node\projects\novels8 --start 733 --end 736