[2026-05-19 02:56:41] [Reviewer] 第11章文件不存在
[2026-05-19 02:56:41] [Reviewer] 正在审查第1章...
[2026-05-19 02:56:42] [Reviewer] 第12章文件不存在
[2026-05-19 02:56:43] [Reviewer] 第13章文件不存在
[2026-05-19 02:56:44] [Reviewer] 第14章文件不存在
[2026-05-19 02:56:45] [Reviewer] 第15章文件不存在
[2026-05-19 02:56:46] [Reviewer] 正在审查第16章...
[2026-05-19 02:57:10] [Reviewer] 第1章审查完成，评分: 7.5， verdict: 通过
[2026-05-19 02:57:11] [Reviewer] 第2章文件不存在
[2026-05-19 02:57:12] [Reviewer] 第3章文件不存在
[2026-05-19 02:57:13] [Reviewer] 第4章文件不存在
[2026-05-19 02:57:14] [Reviewer] 正在审查第5章...
[2026-05-19 02:57:19] [Reviewer] 第16章审查完成，评分: 8， verdict: 通过
[2026-05-19 02:57:20] [Reviewer] 正在审查第17章...
[2026-05-19 02:57:39] [Reviewer] 第1章已有有效审查报告，跳过
[2026-05-19 02:57:39] [Reviewer] 第11章文件不存在
[2026-05-19 02:57:40] [Reviewer] 第2章文件不存在
[2026-05-19 02:57:40] [Reviewer] 第12章文件不存在
[2026-05-19 02:57:41] [Reviewer] 第3章文件不存在
[2026-05-19 02:57:41] [Reviewer] 第13章文件不存在
[2026-05-19 02:57:42] [Reviewer] 第4章文件不存在
[2026-05-19 02:57:42] [Reviewer] 第14章文件不存在
[2026-05-19 02:57:43] [Reviewer] 第15章文件不存在
[2026-05-19 02:57:43] [Reviewer] 正在审查第5章...
[2026-05-19 02:57:44] [Reviewer] 第16章已有有效审查报告，跳过
[2026-05-19 02:57:45] [Reviewer] 正在审查第17章...
[2026-05-19 02:57:48] [Reviewer] 第5章审查完成，评分: 7.5， verdict: 需修改
[2026-05-19 02:57:49] [Reviewer] 第6章文件不存在
[2026-05-19 02:57:50] [Reviewer] 第7章文件不存在
[2026-05-19 02:57:51] [Reviewer] 第8章文件不存在
[2026-05-19 02:57:52] [Reviewer] 第9章文件不存在
[2026-05-19 02:57:53] [Reviewer] 第10章文件不存在
[2026-05-19 02:57:54] [Reviewer] 全部完成
[2026-05-19 02:57:54] [Reviewer] 第17章审查完成，评分: 5.5， verdict: 需修改
[2026-05-19 02:57:55] [Reviewer] 正在审查第18章...
[2026-05-19 02:58:17] [Reviewer] 第5章审查完成，评分: 7.5， verdict: 通过
[2026-05-19 02:58:18] [Reviewer] 第6章文件不存在
[2026-05-19 02:58:19] [Reviewer] 第7章文件不存在
[2026-05-19 02:58:20] [Reviewer] 第8章文件不存在
[2026-05-19 02:58:21] [Reviewer] 第17章审查完成，评分: 7， verdict: 需修改
[2026-05-19 02:58:21] [Reviewer] 第9章文件不存在
[2026-05-19 02:58:22] [Reviewer] 正在审查第18章...
[2026-05-19 02:58:22] [Reviewer] 第10章文件不存在
[2026-05-19 02:58:22] [Reviewer] 第18章审查完成，评分: 8.2， verdict: 通过
[2026-05-19 02:58:23] [Reviewer] 全部完成
[2026-05-19 02:58:23] [Reviewer] 正在审查第19章...
[2026-05-19 02:58:51] [Reviewer] 第18章审查完成，评分: 8.0， verdict: 通过
[2026-05-19 02:58:52] [Reviewer] 正在审查第19章...
[2026-05-19 02:59:03] [Reviewer] 第19章审查完成，评分: 7.5， verdict: 需修改
[2026-05-19 02:59:04] [Reviewer] 正在审查第20章...
[2026-05-19 02:59:33] [Reviewer] 第19章审查完成，评分: 8.2， verdict: 通过
[2026-05-19 02:59:34] [Reviewer] 正在审查第20章...
[2026-05-19 02:59:37] [Reviewer] 第20章审查完成，评分: 8.0， verdict: 通过
[2026-05-19 02:59:38] [Reviewer] 全部完成
[2026-05-19 03:00:08] [Reviewer] 第20章审查完成，评分: 8.0， verdict: 通过
[2026-05-19 03:00:09] [Reviewer] 全部完成
[2026-05-19 03:11:22] [Reviewer] 正在审查第21章...
[2026-05-19 03:11:22] [Reviewer] 正在审查第31章...
[2026-05-19 03:11:54] [Reviewer] 第31章审查完成，评分: 8.3， verdict: 通过
[2026-05-19 03:11:55] [Reviewer] 正在审查第32章...
[2026-05-19 03:11:56] [Reviewer] 第21章审查完成，评分: 7.8， verdict: 通过
[2026-05-19 03:11:57] [Reviewer] 正在审查第22章...
[2026-05-19 03:12:24] [Reviewer] 第32章审查完成，评分: 7.8， verdict: 需修改
[2026-05-19 03:12:25] [Reviewer] 正在审查第33章...
[2026-05-19 03:12:31] [Reviewer] 第22章审查完成，评分: 7.8， verdict: 通过
[2026-05-19 03:12:32] [Reviewer] 正在审查第23章...
[2026-05-19 03:12:46] [Reviewer] 第21章已有有效审查报告，跳过
[2026-05-19 03:12:46] [Reviewer] 第31章已有有效审查报告，跳过
[2026-05-19 03:12:47] [Reviewer] 第22章已有有效审查报告，跳过
[2026-05-19 03:12:47] [Reviewer] 第32章已有有效审查报告，跳过
[2026-05-19 03:12:48] [Reviewer] 正在审查第23章...
[2026-05-19 03:12:48] [Reviewer] 正在审查第33章...
[2026-05-19 03:12:57] [Reviewer] 第33章审查完成，评分: 8.2， verdict: 通过
[2026-05-19 03:12:58] [Reviewer] 正在审查第34章...
[2026-05-19 03:13:00] [Reviewer] 第23章审查完成，评分: 8.5， verdict: 通过
[2026-05-19 03:13:01] [Reviewer] 正在审查第24章...
[2026-05-19 03:13:14] [Reviewer] 第23章审查完成，评分: 7.8， verdict: 需修改
[2026-05-19 03:13:15] [Reviewer] 正在审查第24章...
[2026-05-19 03:13:24] [Reviewer] 第33章审查完成，评分: 8.2， verdict: 通过
[2026-05-19 03:13:25] [Reviewer] 正在审查第34章...
[2026-05-19 03:13:30] [Reviewer] 第34章审查完成，评分: 7.5， verdict: 需修改
[2026-05-19 03:13:31] [Reviewer] 正在审查第35章...
[2026-05-19 03:13:37] [Reviewer] 第24章审查完成，评分: 8.2， verdict: 通过
[2026-05-19 03:13:38] [Reviewer] 正在审查第25章...
[2026-05-19 03:13:40] [Reviewer] 第24章审查完成，评分: 8.5， verdict: 通过
[2026-05-19 03:13:41] [Reviewer] 正在审查第25章...
[2026-05-19 03:13:53] [Reviewer] 第34章审查完成，评分: 7.5， verdict: 需修改
[2026-05-19 03:13:54] [Reviewer] 正在审查第35章...
[2026-05-19 03:14:08] [Reviewer] 第35章审查完成，评分: 8.0， verdict: 通过
[2026-05-19 03:14:09] [Reviewer] 第25章审查完成，评分: 7.5， verdict: 通过
[2026-05-19 03:14:09] [Reviewer] 正在审查第36章...
[2026-05-19 03:14:10] [Reviewer] 正在审查第26章...
[2026-05-19 03:14:11] [Reviewer] 第25章审查完成，评分: 7.5， verdict: 需修改
[2026-05-19 03:14:12] [Reviewer] 正在审查第26章...
[2026-05-19 03:14:27] [Reviewer] 第35章审查完成，评分: 8.5， verdict: 通过
[2026-05-19 03:14:28] [Reviewer] 正在审查第36章...
[2026-05-19 03:14:37] [Reviewer] 第26章审查完成，评分: 7.5， verdict: 通过
[2026-05-19 03:14:38] [Reviewer] 正在审查第27章...
[2026-05-19 03:14:38] [Reviewer] 第36章审查完成，评分: 8.5， verdict: 通过
[2026-05-19 03:14:39] [Reviewer] 正在审查第37章...
[2026-05-19 03:14:43] [Reviewer] 第26章审查完成，评分: 8.5， verdict: 通过
[2026-05-19 03:14:44] [Reviewer] 正在审查第27章...
[2026-05-19 03:14:57] [Reviewer] 第36章审查完成，评分: 7.5， verdict: 需修改
[2026-05-19 03:14:58] [Reviewer] 正在审查第37章...
[2026-05-19 03:15:09] [Reviewer] 第27章审查完成，评分: 7.5， verdict: 需修改
[2026-05-19 03:15:10] [Reviewer] 正在审查第28章...
[2026-05-19 03:15:13] [Reviewer] 第37章审查完成，评分: 8.2， verdict: 通过
[2026-05-19 03:15:14] [Reviewer] 正在审查第38章...
[2026-05-19 03:15:15] [Reviewer] 第27章审查完成，评分: 8.2， verdict: 通过
[2026-05-19 03:15:16] [Reviewer] 正在审查第28章...
[2026-05-19 03:15:35] [Reviewer] 第37章审查完成，评分: 8.3， verdict: 通过
[2026-05-19 03:15:36] [Reviewer] 正在审查第38章...
[2026-05-19 03:15:41] [Reviewer] JSON解析失败: Invalid control character at: line 43 column 70 (char 1371)
[2026-05-19 03:15:41] [Reviewer] 第28章审查完成，评分: N/A， verdict: N/A
[2026-05-19 03:15:42] [Reviewer] 正在审查第29章...
[2026-05-19 03:15:48] [Reviewer] 第38章审查完成，评分: 8.0， verdict: 通过
[2026-05-19 03:15:49] [Reviewer] 正在审查第39章...
[2026-05-19 03:15:51] [Reviewer] 第28章审查完成，评分: 7.5， verdict: 需修改
[2026-05-19 03:15:52] [Reviewer] 正在审查第29章...
[2026-05-19 03:16:11] [Reviewer] 第38章审查完成，评分: 7.6， verdict: 需修改
[2026-05-19 03:16:13] [Reviewer] 正在审查第39章...
[2026-05-19 03:16:18] [Reviewer] 第29章审查完成，评分: 7.5， verdict: 需修改
[2026-05-19 03:16:19] [Reviewer] 正在审查第30章...
[2026-05-19 03:16:27] [Reviewer] 第29章审查完成，评分: 8， verdict: 通过
[2026-05-19 03:16:28] [Reviewer] 正在审查第30章...
[2026-05-19 03:16:28] [Reviewer] 第39章审查完成，评分: 7.8， verdict: 需修改
[2026-05-19 03:16:29] [Reviewer] 正在审查第40章...
[2026-05-19 03:16:50] [Reviewer] JSON解析失败: Invalid control character at: line 37 column 106 (char 1299)
[2026-05-19 03:16:50] [Reviewer] 第30章审查完成，评分: N/A， verdict: N/A
[2026-05-19 03:16:51] [Reviewer] 全部完成
[2026-05-19 03:16:51] [Reviewer] 第39章审查完成，评分: 7.8， verdict: 通过
[2026-05-19 03:16:52] [Reviewer] 正在审查第40章...
[2026-05-19 03:17:04] [Reviewer] 第30章审查完成，评分: 7.8， verdict: 通过
[2026-05-19 03:17:04] [Reviewer] 第40章审查完成，评分: 7.5， verdict: 需修改
[2026-05-19 03:17:05] [Reviewer] 全部完成
[2026-05-19 03:17:05] [Reviewer] 全部完成
[2026-05-19 03:17:21] [Reviewer] 第41章文件不存在
[2026-05-19 03:17:21] [Reviewer] 第51章文件不存在
[2026-05-19 03:17:22] [Reviewer] 第42章文件不存在
[2026-05-19 03:17:22] [Reviewer] 第52章文件不存在
[2026-05-19 03:17:23] [Reviewer] 第43章文件不存在
[2026-05-19 03:17:23] [Reviewer] 第53章文件不存在
[2026-05-19 03:17:24] [Reviewer] 第44章文件不存在
[2026-05-19 03:17:24] [Reviewer] 第54章文件不存在
[2026-05-19 03:17:25] [Reviewer] 第45章文件不存在
[2026-05-19 03:17:25] [Reviewer] 第55章文件不存在
[2026-05-19 03:17:26] [Reviewer] 第46章文件不存在
[2026-05-19 03:17:26] [Reviewer] 第56章文件不存在
[2026-05-19 03:17:27] [Reviewer] 第47章文件不存在
[2026-05-19 03:17:27] [Reviewer] 第57章文件不存在
[2026-05-19 03:17:28] [Reviewer] 第48章文件不存在
[2026-05-19 03:17:28] [Reviewer] 第58章文件不存在
[2026-05-19 03:17:28] [Reviewer] 第40章审查完成，评分: 8， verdict: 通过
[2026-05-19 03:17:29] [Reviewer] 第49章文件不存在
[2026-05-19 03:17:29] [Reviewer] 第59章文件不存在
[2026-05-19 03:17:29] [Reviewer] 全部完成
[2026-05-19 03:17:30] [Reviewer] 第50章文件不存在
[2026-05-19 03:17:30] [Reviewer] 第60章文件不存在
[2026-05-19 03:17:31] [Reviewer] 全部完成
[2026-05-19 03:17:31] [Reviewer] 全部完成
[2026-05-19 03:17:45] [Reviewer] 第41章文件不存在
[2026-05-19 03:17:45] [Reviewer] 第51章文件不存在
[2026-05-19 03:17:46] [Reviewer] 第42章文件不存在
[2026-05-19 03:17:46] [Reviewer] 第52章文件不存在
[2026-05-19 03:17:47] [Reviewer] 第61章文件不存在
[2026-05-19 03:17:47] [Reviewer] 第71章文件不存在
[2026-05-19 03:17:47] [Reviewer] 第43章文件不存在
[2026-05-19 03:17:47] [Reviewer] 第53章文件不存在
[2026-05-19 03:17:48] [Reviewer] 第62章文件不存在
[2026-05-19 03:17:48] [Reviewer] 第72章文件不存在
[2026-05-19 03:17:48] [Reviewer] 第44章文件不存在
[2026-05-19 03:17:48] [Reviewer] 第54章文件不存在
[2026-05-19 03:17:49] [Reviewer] 第63章文件不存在
[2026-05-19 03:17:49] [Reviewer] 第73章文件不存在
[2026-05-19 03:17:49] [Reviewer] 第45章文件不存在
[2026-05-19 03:17:49] [Reviewer] 第55章文件不存在
[2026-05-19 03:17:50] [Reviewer] 第64章文件不存在
[2026-05-19 03:17:50] [Reviewer] 第74章文件不存在
[2026-05-19 03:17:50] [Reviewer] 第46章文件不存在
[2026-05-19 03:17:50] [Reviewer] 第56章文件不存在
[2026-05-19 03:17:51] [Reviewer] 第65章文件不存在
[2026-05-19 03:17:51] [Reviewer] 第75章文件不存在
[2026-05-19 03:17:51] [Reviewer] 第47章文件不存在
[2026-05-19 03:17:51] [Reviewer] 第57章文件不存在
[2026-05-19 03:17:52] [Reviewer] 第66章文件不存在
[2026-05-19 03:17:52] [Reviewer] 第76章文件不存在
[2026-05-19 03:17:52] [Reviewer] 第48章文件不存在
[2026-05-19 03:17:52] [Reviewer] 第58章文件不存在
[2026-05-19 03:17:53] [Reviewer] 第67章文件不存在
[2026-05-19 03:17:53] [Reviewer] 第77章文件不存在
[2026-05-19 03:17:53] [Reviewer] 第49章文件不存在
[2026-05-19 03:17:53] [Reviewer] 第59章文件不存在
[2026-05-19 03:17:54] [Reviewer] 第68章文件不存在
[2026-05-19 03:17:54] [Reviewer] 第78章文件不存在
[2026-05-19 03:17:54] [Reviewer] 第50章文件不存在
[2026-05-19 03:17:54] [Reviewer] 第60章文件不存在
[2026-05-19 03:17:55] [Reviewer] 第69章文件不存在
[2026-05-19 03:17:55] [Reviewer] 第79章文件不存在
[2026-05-19 03:17:55] [Reviewer] 全部完成
[2026-05-19 03:17:55] [Reviewer] 全部完成
[2026-05-19 03:17:56] [Reviewer] 第70章文件不存在
[2026-05-19 03:17:56] [Reviewer] 第80章文件不存在
[2026-05-19 03:17:57] [Reviewer] 全部完成
[2026-05-19 03:17:57] [Reviewer] 全部完成
[2026-05-19 03:18:11] [Reviewer] 第61章文件不存在
[2026-05-19 03:18:11] [Reviewer] 第71章文件不存在
[2026-05-19 03:18:12] [Reviewer] 第62章文件不存在
[2026-05-19 03:18:12] [Reviewer] 第72章文件不存在
[2026-05-19 03:18:12] [Reviewer] 第81章文件不存在
[2026-05-19 03:18:12] [Reviewer] 第91章文件不存在
[2026-05-19 03:18:13] [Reviewer] 第63章文件不存在
[2026-05-19 03:18:13] [Reviewer] 第73章文件不存在
[2026-05-19 03:18:13] [Reviewer] 第82章文件不存在
[2026-05-19 03:18:13] [Reviewer] 第92章文件不存在
[2026-05-19 03:18:14] [Reviewer] 第64章文件不存在
[2026-05-19 03:18:14] [Reviewer] 第74章文件不存在
[2026-05-19 03:18:14] [Reviewer] 第83章文件不存在
[2026-05-19 03:18:14] [Reviewer] 第93章文件不存在
[2026-05-19 03:18:15] [Reviewer] 第65章文件不存在
[2026-05-19 03:18:15] [Reviewer] 第75章文件不存在
[2026-05-19 03:18:15] [Reviewer] 第84章文件不存在
[2026-05-19 03:18:15] [Reviewer] 第94章文件不存在
[2026-05-19 03:18:16] [Reviewer] 第66章文件不存在
[2026-05-19 03:18:16] [Reviewer] 第76章文件不存在
[2026-05-19 03:18:16] [Reviewer] 第85章文件不存在
[2026-05-19 03:18:16] [Reviewer] 第95章文件不存在
[2026-05-19 03:18:17] [Reviewer] 第67章文件不存在
[2026-05-19 03:18:17] [Reviewer] 第77章文件不存在
[2026-05-19 03:18:17] [Reviewer] 第86章文件不存在
[2026-05-19 03:18:17] [Reviewer] 第96章文件不存在
[2026-05-19 03:18:18] [Reviewer] 第68章文件不存在
[2026-05-19 03:18:18] [Reviewer] 第78章文件不存在
[2026-05-19 03:18:18] [Reviewer] 第87章文件不存在
[2026-05-19 03:18:18] [Reviewer] 第97章文件不存在
[2026-05-19 03:18:19] [Reviewer] 第69章文件不存在
[2026-05-19 03:18:19] [Reviewer] 第79章文件不存在
[2026-05-19 03:18:19] [Reviewer] 第88章文件不存在
[2026-05-19 03:18:19] [Reviewer] 第98章文件不存在
[2026-05-19 03:18:20] [Reviewer] 第70章文件不存在
[2026-05-19 03:18:20] [Reviewer] 第80章文件不存在
[2026-05-19 03:18:20] [Reviewer] 第89章文件不存在
[2026-05-19 03:18:20] [Reviewer] 第99章文件不存在
[2026-05-19 03:18:21] [Reviewer] 全部完成
[2026-05-19 03:18:21] [Reviewer] 全部完成
[2026-05-19 03:18:21] [Reviewer] 第90章文件不存在
[2026-05-19 03:18:21] [Reviewer] 第100章文件不存在
[2026-05-19 03:18:22] [Reviewer] 全部完成
[2026-05-19 03:18:22] [Reviewer] 全部完成
[2026-05-19 03:18:36] [Reviewer] 第81章文件不存在
[2026-05-19 03:18:36] [Reviewer] 第91章文件不存在
[2026-05-19 03:18:37] [Reviewer] 第82章文件不存在
[2026-05-19 03:18:37] [Reviewer] 第92章文件不存在
[2026-05-19 03:18:38] [Reviewer] 第83章文件不存在
[2026-05-19 03:18:38] [Reviewer] 第93章文件不存在
[2026-05-19 03:18:39] [Reviewer] 第101章文件不存在
[2026-05-19 03:18:39] [Reviewer] 第111章文件不存在
[2026-05-19 03:18:39] [Reviewer] 第84章文件不存在
[2026-05-19 03:18:39] [Reviewer] 第94章文件不存在
[2026-05-19 03:18:40] [Reviewer] 第102章文件不存在
[2026-05-19 03:18:40] [Reviewer] 第112章文件不存在
[2026-05-19 03:18:40] [Reviewer] 第85章文件不存在
[2026-05-19 03:18:40] [Reviewer] 第95章文件不存在
[2026-05-19 03:18:41] [Reviewer] 第103章文件不存在
[2026-05-19 03:18:41] [Reviewer] 第113章文件不存在
[2026-05-19 03:18:41] [Reviewer] 第86章文件不存在
[2026-05-19 03:18:41] [Reviewer] 第96章文件不存在
[2026-05-19 03:18:42] [Reviewer] 第104章文件不存在
[2026-05-19 03:18:42] [Reviewer] 第114章文件不存在
[2026-05-19 03:18:42] [Reviewer] 第87章文件不存在
[2026-05-19 03:18:42] [Reviewer] 第97章文件不存在
[2026-05-19 03:18:43] [Reviewer] 第105章文件不存在
[2026-05-19 03:18:43] [Reviewer] 第115章文件不存在
[2026-05-19 03:18:43] [Reviewer] 第88章文件不存在
[2026-05-19 03:18:43] [Reviewer] 第98章文件不存在
[2026-05-19 03:18:44] [Reviewer] 第106章文件不存在
[2026-05-19 03:18:44] [Reviewer] 第116章文件不存在
[2026-05-19 03:18:44] [Reviewer] 第89章文件不存在
[2026-05-19 03:18:44] [Reviewer] 第99章文件不存在
[2026-05-19 03:18:45] [Reviewer] 第107章文件不存在
[2026-05-19 03:18:45] [Reviewer] 第117章文件不存在
[2026-05-19 03:18:45] [Reviewer] 第90章文件不存在
[2026-05-19 03:18:45] [Reviewer] 第100章文件不存在
[2026-05-19 03:18:46] [Reviewer] 第108章文件不存在
[2026-05-19 03:18:46] [Reviewer] 第118章文件不存在
[2026-05-19 03:18:46] [Reviewer] 全部完成
[2026-05-19 03:18:46] [Reviewer] 全部完成
[2026-05-19 03:18:47] [Reviewer] 第109章文件不存在
[2026-05-19 03:18:47] [Reviewer] 第119章文件不存在
[2026-05-19 03:18:48] [Reviewer] 第110章文件不存在
[2026-05-19 03:18:48] [Reviewer] 第120章文件不存在
[2026-05-19 03:18:49] [Reviewer] 全部完成
[2026-05-19 03:18:49] [Reviewer] 全部完成
[2026-05-19 03:19:02] [Reviewer] 第101章文件不存在
[2026-05-19 03:19:02] [Reviewer] 第111章文件不存在
[2026-05-19 03:19:03] [Reviewer] 第102章文件不存在
[2026-05-19 03:19:03] [Reviewer] 第112章文件不存在
[2026-05-19 03:19:04] [Reviewer] 第103章文件不存在
[2026-05-19 03:19:04] [Reviewer] 第113章文件不存在
[2026-05-19 03:19:04] [Reviewer] 第121章文件不存在
[2026-05-19 03:19:04] [Reviewer] 第131章文件不存在
[2026-05-19 03:19:05] [Reviewer] 第104章文件不存在
[2026-05-19 03:19:05] [Reviewer] 第114章文件不存在
[2026-05-19 03:19:05] [Reviewer] 第122章文件不存在
[2026-05-19 03:19:05] [Reviewer] 第132章文件不存在
[2026-05-19 03:19:06] [Reviewer] 第105章文件不存在
[2026-05-19 03:19:06] [Reviewer] 第115章文件不存在
[2026-05-19 03:19:06] [Reviewer] 第123章文件不存在
[2026-05-19 03:19:06] [Reviewer] 第133章文件不存在
[2026-05-19 03:19:07] [Reviewer] 第106章文件不存在
[2026-05-19 03:19:07] [Reviewer] 第116章文件不存在
[2026-05-19 03:19:07] [Reviewer] 第124章文件不存在
[2026-05-19 03:19:07] [Reviewer] 第134章文件不存在
[2026-05-19 03:19:08] [Reviewer] 第107章文件不存在
[2026-05-19 03:19:08] [Reviewer] 第117章文件不存在
[2026-05-19 03:19:08] [Reviewer] 第125章文件不存在
[2026-05-19 03:19:08] [Reviewer] 第135章文件不存在
[2026-05-19 03:19:09] [Reviewer] 第108章文件不存在
[2026-05-19 03:19:09] [Reviewer] 第118章文件不存在
[2026-05-19 03:19:09] [Reviewer] 第126章文件不存在
[2026-05-19 03:19:09] [Reviewer] 第136章文件不存在
[2026-05-19 03:19:10] [Reviewer] 第109章文件不存在
[2026-05-19 03:19:10] [Reviewer] 第119章文件不存在
[2026-05-19 03:19:10] [Reviewer] 第127章文件不存在
[2026-05-19 03:19:10] [Reviewer] 第137章文件不存在
[2026-05-19 03:19:11] [Reviewer] 第110章文件不存在
[2026-05-19 03:19:11] [Reviewer] 第120章文件不存在
[2026-05-19 03:19:11] [Reviewer] 第128章文件不存在
[2026-05-19 03:19:11] [Reviewer] 第138章文件不存在
[2026-05-19 03:19:12] [Reviewer] 全部完成
[2026-05-19 03:19:12] [Reviewer] 全部完成
[2026-05-19 03:19:12] [Reviewer] 第129章文件不存在
[2026-05-19 03:19:12] [Reviewer] 第139章文件不存在
[2026-05-19 03:19:13] [Reviewer] 第130章文件不存在
[2026-05-19 03:19:13] [Reviewer] 第140章文件不存在
[2026-05-19 03:19:14] [Reviewer] 全部完成
[2026-05-19 03:19:14] [Reviewer] 全部完成
[2026-05-19 03:19:28] [Reviewer] 第121章文件不存在
[2026-05-19 03:19:28] [Reviewer] 第131章文件不存在
[2026-05-19 03:19:29] [Reviewer] 第122章文件不存在
[2026-05-19 03:19:29] [Reviewer] 第132章文件不存在
[2026-05-19 03:19:30] [Reviewer] 第141章文件不存在
[2026-05-19 03:19:30] [Reviewer] 第151章文件不存在
[2026-05-19 03:19:30] [Reviewer] 第123章文件不存在
[2026-05-19 03:19:30] [Reviewer] 第133章文件不存在
[2026-05-19 03:19:31] [Reviewer] 第142章文件不存在
[2026-05-19 03:19:31] [Reviewer] 第152章文件不存在
[2026-05-19 03:19:31] [Reviewer] 第124章文件不存在
[2026-05-19 03:19:31] [Reviewer] 第134章文件不存在
[2026-05-19 03:19:32] [Reviewer] 第143章文件不存在
[2026-05-19 03:19:32] [Reviewer] 第153章文件不存在
[2026-05-19 03:19:32] [Reviewer] 第125章文件不存在
[2026-05-19 03:19:32] [Reviewer] 第135章文件不存在
[2026-05-19 03:19:33] [Reviewer] 第144章文件不存在
[2026-05-19 03:19:33] [Reviewer] 第154章文件不存在
[2026-05-19 03:19:33] [Reviewer] 第126章文件不存在
[2026-05-19 03:19:33] [Reviewer] 第136章文件不存在
[2026-05-19 03:19:34] [Reviewer] 第145章文件不存在
[2026-05-19 03:19:34] [Reviewer] 第155章文件不存在
[2026-05-19 03:19:34] [Reviewer] 第127章文件不存在
[2026-05-19 03:19:34] [Reviewer] 第137章文件不存在
[2026-05-19 03:19:35] [Reviewer] 第146章文件不存在
[2026-05-19 03:19:35] [Reviewer] 第156章文件不存在
[2026-05-19 03:19:35] [Reviewer] 第128章文件不存在
[2026-05-19 03:19:35] [Reviewer] 第138章文件不存在
[2026-05-19 03:19:36] [Reviewer] 第147章文件不存在
[2026-05-19 03:19:36] [Reviewer] 第157章文件不存在
[2026-05-19 03:19:36] [Reviewer] 第129章文件不存在
[2026-05-19 03:19:36] [Reviewer] 第139章文件不存在
[2026-05-19 03:19:37] [Reviewer] 第148章文件不存在
[2026-05-19 03:19:37] [Reviewer] 第158章文件不存在
[2026-05-19 03:19:37] [Reviewer] 第130章文件不存在
[2026-05-19 03:19:37] [Reviewer] 第140章文件不存在
[2026-05-19 03:19:38] [Reviewer] 第149章文件不存在
[2026-05-19 03:19:38] [Reviewer] 第159章文件不存在
[2026-05-19 03:19:38] [Reviewer] 全部完成
[2026-05-19 03:19:38] [Reviewer] 全部完成
[2026-05-19 03:19:39] [Reviewer] 第150章文件不存在
[2026-05-19 03:19:39] [Reviewer] 第160章文件不存在
[2026-05-19 03:19:40] [Reviewer] 全部完成
[2026-05-19 03:19:40] [Reviewer] 全部完成
[2026-05-19 03:19:54] [Reviewer] 第141章文件不存在
[2026-05-19 03:19:54] [Reviewer] 第151章文件不存在
[2026-05-19 03:19:55] [Reviewer] 第142章文件不存在
[2026-05-19 03:19:55] [Reviewer] 第152章文件不存在
[2026-05-19 03:19:55] [Reviewer] 第161章文件不存在
[2026-05-19 03:19:55] [Reviewer] 第171章文件不存在
[2026-05-19 03:19:56] [Reviewer] 第143章文件不存在
[2026-05-19 03:19:56] [Reviewer] 第153章文件不存在
[2026-05-19 03:19:56] [Reviewer] 第162章文件不存在
[2026-05-19 03:19:56] [Reviewer] 第172章文件不存在
[2026-05-19 03:19:57] [Reviewer] 第144章文件不存在
[2026-05-19 03:19:57] [Reviewer] 第154章文件不存在
[2026-05-19 03:19:57] [Reviewer] 第163章文件不存在
[2026-05-19 03:19:57] [Reviewer] 第173章文件不存在
[2026-05-19 03:19:58] [Reviewer] 第145章文件不存在
[2026-05-19 03:19:58] [Reviewer] 第155章文件不存在
[2026-05-19 03:19:58] [Reviewer] 第164章文件不存在
[2026-05-19 03:19:58] [Reviewer] 第174章文件不存在
[2026-05-19 03:19:59] [Reviewer] 第146章文件不存在
[2026-05-19 03:19:59] [Reviewer] 第156章文件不存在
[2026-05-19 03:19:59] [Reviewer] 第165章文件不存在
[2026-05-19 03:19:59] [Reviewer] 第175章文件不存在
[2026-05-19 03:20:00] [Reviewer] 第147章文件不存在
[2026-05-19 03:20:00] [Reviewer] 第157章文件不存在
[2026-05-19 03:20:00] [Reviewer] 第166章文件不存在
[2026-05-19 03:20:00] [Reviewer] 第176章文件不存在
[2026-05-19 03:20:01] [Reviewer] 第148章文件不存在
[2026-05-19 03:20:01] [Reviewer] 第158章文件不存在
[2026-05-19 03:20:01] [Reviewer] 第167章文件不存在
[2026-05-19 03:20:01] [Reviewer] 第177章文件不存在
[2026-05-19 03:20:02] [Reviewer] 第149章文件不存在
[2026-05-19 03:20:02] [Reviewer] 第159章文件不存在
[2026-05-19 03:20:02] [Reviewer] 第168章文件不存在
[2026-05-19 03:20:02] [Reviewer] 第178章文件不存在
[2026-05-19 03:20:03] [Reviewer] 第150章文件不存在
[2026-05-19 03:20:03] [Reviewer] 第160章文件不存在
[2026-05-19 03:20:03] [Reviewer] 第169章文件不存在
[2026-05-19 03:20:03] [Reviewer] 第179章文件不存在
[2026-05-19 03:20:04] [Reviewer] 全部完成
[2026-05-19 03:20:04] [Reviewer] 全部完成
[2026-05-19 03:20:04] [Reviewer] 第170章文件不存在
[2026-05-19 03:20:04] [Reviewer] 第180章文件不存在
[2026-05-19 03:20:05] [Reviewer] 全部完成
[2026-05-19 03:20:05] [Reviewer] 全部完成
[2026-05-19 03:20:19] [Reviewer] 第161章文件不存在
[2026-05-19 03:20:19] [Reviewer] 第171章文件不存在
[2026-05-19 03:20:20] [Reviewer] 第162章文件不存在
[2026-05-19 03:20:20] [Reviewer] 第172章文件不存在
[2026-05-19 03:20:21] [Reviewer] 第181章文件不存在
[2026-05-19 03:20:21] [Reviewer] 第191章文件不存在
[2026-05-19 03:20:21] [Reviewer] 第163章文件不存在
[2026-05-19 03:20:21] [Reviewer] 第173章文件不存在
[2026-05-19 03:20:22] [Reviewer] 第182章文件不存在
[2026-05-19 03:20:22] [Reviewer] 第192章文件不存在
[2026-05-19 03:20:22] [Reviewer] 第164章文件不存在
[2026-05-19 03:20:22] [Reviewer] 第174章文件不存在
[2026-05-19 03:20:23] [Reviewer] 第183章文件不存在
[2026-05-19 03:20:23] [Reviewer] 第193章文件不存在
[2026-05-19 03:20:23] [Reviewer] 第165章文件不存在
[2026-05-19 03:20:23] [Reviewer] 第175章文件不存在
[2026-05-19 03:20:24] [Reviewer] 第184章文件不存在
[2026-05-19 03:20:24] [Reviewer] 第194章文件不存在
[2026-05-19 03:20:24] [Reviewer] 第166章文件不存在
[2026-05-19 03:20:24] [Reviewer] 第176章文件不存在
[2026-05-19 03:20:25] [Reviewer] 第185章文件不存在
[2026-05-19 03:20:25] [Reviewer] 第195章文件不存在
[2026-05-19 03:20:25] [Reviewer] 第167章文件不存在
[2026-05-19 03:20:25] [Reviewer] 第177章文件不存在
[2026-05-19 03:20:26] [Reviewer] 第186章文件不存在
[2026-05-19 03:20:26] [Reviewer] 第196章文件不存在
[2026-05-19 03:20:26] [Reviewer] 第168章文件不存在
[2026-05-19 03:20:26] [Reviewer] 第178章文件不存在
[2026-05-19 03:20:27] [Reviewer] 第187章文件不存在
[2026-05-19 03:20:27] [Reviewer] 第197章文件不存在
[2026-05-19 03:20:27] [Reviewer] 第169章文件不存在
[2026-05-19 03:20:27] [Reviewer] 第179章文件不存在
[2026-05-19 03:20:28] [Reviewer] 第188章文件不存在
[2026-05-19 03:20:28] [Reviewer] 第198章文件不存在
[2026-05-19 03:20:28] [Reviewer] 第170章文件不存在
[2026-05-19 03:20:28] [Reviewer] 第180章文件不存在
[2026-05-19 03:20:29] [Reviewer] 第189章文件不存在
[2026-05-19 03:20:29] [Reviewer] 第199章文件不存在
[2026-05-19 03:20:29] [Reviewer] 全部完成
[2026-05-19 03:20:29] [Reviewer] 全部完成
[2026-05-19 03:20:30] [Reviewer] 第190章文件不存在
[2026-05-19 03:20:30] [Reviewer] 第200章文件不存在
[2026-05-19 03:20:31] [Reviewer] 全部完成
[2026-05-19 03:20:31] [Reviewer] 全部完成
[2026-05-19 03:20:45] [Reviewer] 第181章文件不存在
[2026-05-19 03:20:45] [Reviewer] 第191章文件不存在
[2026-05-19 03:20:46] [Reviewer] 第182章文件不存在
[2026-05-19 03:20:46] [Reviewer] 第192章文件不存在
[2026-05-19 03:20:46] [Reviewer] 第201章文件不存在
[2026-05-19 03:20:46] [Reviewer] 第211章文件不存在
[2026-05-19 03:20:47] [Reviewer] 第183章文件不存在
[2026-05-19 03:20:47] [Reviewer] 第193章文件不存在
[2026-05-19 03:20:47] [Reviewer] 第202章文件不存在
[2026-05-19 03:20:47] [Reviewer] 第212章文件不存在
[2026-05-19 03:20:48] [Reviewer] 第184章文件不存在
[2026-05-19 03:20:48] [Reviewer] 第194章文件不存在
[2026-05-19 03:20:48] [Reviewer] 第203章文件不存在
[2026-05-19 03:20:48] [Reviewer] 第213章文件不存在
[2026-05-19 03:20:49] [Reviewer] 第185章文件不存在
[2026-05-19 03:20:49] [Reviewer] 第195章文件不存在
[2026-05-19 03:20:49] [Reviewer] 第204章文件不存在
[2026-05-19 03:20:49] [Reviewer] 第214章文件不存在
[2026-05-19 03:20:50] [Reviewer] 第186章文件不存在
[2026-05-19 03:20:50] [Reviewer] 第196章文件不存在
[2026-05-19 03:20:50] [Reviewer] 第205章文件不存在
[2026-05-19 03:20:50] [Reviewer] 第215章文件不存在
[2026-05-19 03:20:51] [Reviewer] 第187章文件不存在
[2026-05-19 03:20:51] [Reviewer] 第197章文件不存在
[2026-05-19 03:20:51] [Reviewer] 第206章文件不存在
[2026-05-19 03:20:51] [Reviewer] 第216章文件不存在
[2026-05-19 03:20:52] [Reviewer] 第188章文件不存在
[2026-05-19 03:20:52] [Reviewer] 第198章文件不存在
[2026-05-19 03:20:52] [Reviewer] 第207章文件不存在
[2026-05-19 03:20:52] [Reviewer] 第217章文件不存在
[2026-05-19 03:20:53] [Reviewer] 第189章文件不存在
[2026-05-19 03:20:53] [Reviewer] 第199章文件不存在
[2026-05-19 03:20:53] [Reviewer] 第208章文件不存在
[2026-05-19 03:20:53] [Reviewer] 第218章文件不存在
[2026-05-19 03:20:54] [Reviewer] 第190章文件不存在
[2026-05-19 03:20:54] [Reviewer] 第200章文件不存在
[2026-05-19 03:20:54] [Reviewer] 第209章文件不存在
[2026-05-19 03:20:54] [Reviewer] 第219章文件不存在
[2026-05-19 03:20:55] [Reviewer] 全部完成
[2026-05-19 03:20:55] [Reviewer] 全部完成
[2026-05-19 03:20:55] [Reviewer] 第210章文件不存在
[2026-05-19 03:20:55] [Reviewer] 第220章文件不存在
[2026-05-19 03:20:56] [Reviewer] 全部完成
[2026-05-19 03:20:56] [Reviewer] 全部完成
[2026-05-19 03:21:10] [Reviewer] 第201章文件不存在
[2026-05-19 03:21:10] [Reviewer] 第211章文件不存在
[2026-05-19 03:21:11] [Reviewer] 第202章文件不存在
[2026-05-19 03:21:11] [Reviewer] 第212章文件不存在
[2026-05-19 03:21:11] [Reviewer] 第221章文件不存在
[2026-05-19 03:21:11] [Reviewer] 第231章文件不存在
[2026-05-19 03:21:12] [Reviewer] 第203章文件不存在
[2026-05-19 03:21:12] [Reviewer] 第213章文件不存在
[2026-05-19 03:21:12] [Reviewer] 第222章文件不存在
[2026-05-19 03:21:12] [Reviewer] 第232章文件不存在
[2026-05-19 03:21:13] [Reviewer] 第204章文件不存在
[2026-05-19 03:21:13] [Reviewer] 第214章文件不存在
[2026-05-19 03:21:13] [Reviewer] 第223章文件不存在
[2026-05-19 03:21:13] [Reviewer] 第233章文件不存在
[2026-05-19 03:21:14] [Reviewer] 第205章文件不存在
[2026-05-19 03:21:14] [Reviewer] 第215章文件不存在
[2026-05-19 03:21:14] [Reviewer] 第224章文件不存在
[2026-05-19 03:21:14] [Reviewer] 第234章文件不存在
[2026-05-19 03:21:15] [Reviewer] 第206章文件不存在
[2026-05-19 03:21:15] [Reviewer] 第216章文件不存在
[2026-05-19 03:21:15] [Reviewer] 第225章文件不存在
[2026-05-19 03:21:15] [Reviewer] 第235章文件不存在
[2026-05-19 03:21:16] [Reviewer] 第207章文件不存在
[2026-05-19 03:21:16] [Reviewer] 第217章文件不存在
[2026-05-19 03:21:16] [Reviewer] 第226章文件不存在
[2026-05-19 03:21:16] [Reviewer] 第236章文件不存在
[2026-05-19 03:21:17] [Reviewer] 第208章文件不存在
[2026-05-19 03:21:17] [Reviewer] 第218章文件不存在
[2026-05-19 03:21:17] [Reviewer] 第227章文件不存在
[2026-05-19 03:21:17] [Reviewer] 第237章文件不存在
[2026-05-19 03:21:18] [Reviewer] 第209章文件不存在
[2026-05-19 03:21:18] [Reviewer] 第219章文件不存在
[2026-05-19 03:21:18] [Reviewer] 第228章文件不存在
[2026-05-19 03:21:18] [Reviewer] 第238章文件不存在
[2026-05-19 03:21:19] [Reviewer] 第210章文件不存在
[2026-05-19 03:21:19] [Reviewer] 第220章文件不存在
[2026-05-19 03:21:19] [Reviewer] 第229章文件不存在
[2026-05-19 03:21:19] [Reviewer] 第239章文件不存在
[2026-05-19 03:21:20] [Reviewer] 全部完成
[2026-05-19 03:21:20] [Reviewer] 全部完成
[2026-05-19 03:21:20] [Reviewer] 第230章文件不存在
[2026-05-19 03:21:20] [Reviewer] 第240章文件不存在
[2026-05-19 03:21:21] [Reviewer] 全部完成
[2026-05-19 03:21:21] [Reviewer] 全部完成
[2026-05-19 03:21:36] [Reviewer] 第221章文件不存在
[2026-05-19 03:21:36] [Reviewer] 第231章文件不存在
[2026-05-19 03:21:37] [Reviewer] 第222章文件不存在
[2026-05-19 03:21:37] [Reviewer] 第232章文件不存在
[2026-05-19 03:21:37] [Reviewer] 第241章文件不存在
[2026-05-19 03:21:37] [Reviewer] 第251章文件不存在
[2026-05-19 03:21:38] [Reviewer] 第223章文件不存在
[2026-05-19 03:21:38] [Reviewer] 第233章文件不存在
[2026-05-19 03:21:38] [Reviewer] 第242章文件不存在
[2026-05-19 03:21:38] [Reviewer] 第252章文件不存在
[2026-05-19 03:21:39] [Reviewer] 第224章文件不存在
[2026-05-19 03:21:39] [Reviewer] 第234章文件不存在
[2026-05-19 03:21:39] [Reviewer] 第243章文件不存在
[2026-05-19 03:21:39] [Reviewer] 第253章文件不存在
[2026-05-19 03:21:40] [Reviewer] 第225章文件不存在
[2026-05-19 03:21:40] [Reviewer] 第235章文件不存在
[2026-05-19 03:21:40] [Reviewer] 第244章文件不存在
[2026-05-19 03:21:40] [Reviewer] 第254章文件不存在
[2026-05-19 03:21:41] [Reviewer] 第226章文件不存在
[2026-05-19 03:21:41] [Reviewer] 第236章文件不存在
[2026-05-19 03:21:41] [Reviewer] 第245章文件不存在
[2026-05-19 03:21:41] [Reviewer] 第255章文件不存在
[2026-05-19 03:21:42] [Reviewer] 第227章文件不存在
[2026-05-19 03:21:42] [Reviewer] 第237章文件不存在
[2026-05-19 03:21:42] [Reviewer] 第246章文件不存在
[2026-05-19 03:21:42] [Reviewer] 第256章文件不存在
[2026-05-19 03:21:43] [Reviewer] 第228章文件不存在
[2026-05-19 03:21:43] [Reviewer] 第238章文件不存在
[2026-05-19 03:21:43] [Reviewer] 第247章文件不存在
[2026-05-19 03:21:43] [Reviewer] 第257章文件不存在
[2026-05-19 03:21:44] [Reviewer] 第229章文件不存在
[2026-05-19 03:21:44] [Reviewer] 第239章文件不存在
[2026-05-19 03:21:44] [Reviewer] 第248章文件不存在
[2026-05-19 03:21:44] [Reviewer] 第258章文件不存在
[2026-05-19 03:21:45] [Reviewer] 第230章文件不存在
[2026-05-19 03:21:45] [Reviewer] 第240章文件不存在
[2026-05-19 03:21:45] [Reviewer] 第249章文件不存在
[2026-05-19 03:21:45] [Reviewer] 第259章文件不存在
[2026-05-19 03:21:46] [Reviewer] 全部完成
[2026-05-19 03:21:46] [Reviewer] 全部完成
[2026-05-19 03:21:46] [Reviewer] 第250章文件不存在
[2026-05-19 03:21:46] [Reviewer] 第260章文件不存在
[2026-05-19 03:21:47] [Reviewer] 全部完成
[2026-05-19 03:21:47] [Reviewer] 全部完成
[2026-05-19 03:22:01] [Reviewer] 第241章文件不存在
[2026-05-19 03:22:01] [Reviewer] 第251章文件不存在
[2026-05-19 03:22:02] [Reviewer] 第242章文件不存在
[2026-05-19 03:22:02] [Reviewer] 第252章文件不存在
[2026-05-19 03:22:03] [Reviewer] 第261章文件不存在
[2026-05-19 03:22:03] [Reviewer] 第271章文件不存在
[2026-05-19 03:22:03] [Reviewer] 第243章文件不存在
[2026-05-19 03:22:03] [Reviewer] 第253章文件不存在
[2026-05-19 03:22:04] [Reviewer] 第262章文件不存在
[2026-05-19 03:22:04] [Reviewer] 第272章文件不存在
[2026-05-19 03:22:04] [Reviewer] 第244章文件不存在
[2026-05-19 03:22:04] [Reviewer] 第254章文件不存在
[2026-05-19 03:22:05] [Reviewer] 第263章文件不存在
[2026-05-19 03:22:05] [Reviewer] 第273章文件不存在
[2026-05-19 03:22:05] [Reviewer] 第245章文件不存在
[2026-05-19 03:22:05] [Reviewer] 第255章文件不存在
[2026-05-19 03:22:06] [Reviewer] 第264章文件不存在
[2026-05-19 03:22:06] [Reviewer] 第274章文件不存在
[2026-05-19 03:22:06] [Reviewer] 第246章文件不存在
[2026-05-19 03:22:06] [Reviewer] 第256章文件不存在
[2026-05-19 03:22:07] [Reviewer] 第265章文件不存在
[2026-05-19 03:22:07] [Reviewer] 第275章文件不存在
[2026-05-19 03:22:07] [Reviewer] 第247章文件不存在
[2026-05-19 03:22:07] [Reviewer] 第257章文件不存在
[2026-05-19 03:22:08] [Reviewer] 第266章文件不存在
[2026-05-19 03:22:08] [Reviewer] 第276章文件不存在
[2026-05-19 03:22:08] [Reviewer] 第248章文件不存在
[2026-05-19 03:22:08] [Reviewer] 第258章文件不存在
[2026-05-19 03:22:09] [Reviewer] 第267章文件不存在
[2026-05-19 03:22:09] [Reviewer] 第277章文件不存在
[2026-05-19 03:22:09] [Reviewer] 第249章文件不存在
[2026-05-19 03:22:09] [Reviewer] 第259章文件不存在
[2026-05-19 03:22:10] [Reviewer] 第268章文件不存在
[2026-05-19 03:22:10] [Reviewer] 第278章文件不存在
[2026-05-19 03:22:10] [Reviewer] 第250章文件不存在
[2026-05-19 03:22:10] [Reviewer] 第260章文件不存在
[2026-05-19 03:22:11] [Reviewer] 第269章文件不存在
[2026-05-19 03:22:11] [Reviewer] 第279章文件不存在
[2026-05-19 03:22:11] [Reviewer] 全部完成
[2026-05-19 03:22:11] [Reviewer] 全部完成
[2026-05-19 03:22:12] [Reviewer] 第270章文件不存在
[2026-05-19 03:22:12] [Reviewer] 第280章文件不存在
[2026-05-19 03:22:13] [Reviewer] 全部完成
[2026-05-19 03:22:13] [Reviewer] 全部完成
[2026-05-19 03:22:27] [Reviewer] 第261章文件不存在
[2026-05-19 03:22:27] [Reviewer] 第271章文件不存在
[2026-05-19 03:22:28] [Reviewer] 第262章文件不存在
[2026-05-19 03:22:28] [Reviewer] 第272章文件不存在
[2026-05-19 03:22:28] [Reviewer] 第281章文件不存在
[2026-05-19 03:22:28] [Reviewer] 第291章文件不存在
[2026-05-19 03:22:29] [Reviewer] 第263章文件不存在
[2026-05-19 03:22:29] [Reviewer] 第273章文件不存在
[2026-05-19 03:22:29] [Reviewer] 第282章文件不存在
[2026-05-19 03:22:29] [Reviewer] 第292章文件不存在
[2026-05-19 03:22:30] [Reviewer] 第264章文件不存在
[2026-05-19 03:22:30] [Reviewer] 第274章文件不存在
[2026-05-19 03:22:30] [Reviewer] 第283章文件不存在
[2026-05-19 03:22:30] [Reviewer] 第293章文件不存在
[2026-05-19 03:22:31] [Reviewer] 第265章文件不存在
[2026-05-19 03:22:31] [Reviewer] 第275章文件不存在
[2026-05-19 03:22:31] [Reviewer] 第284章文件不存在
[2026-05-19 03:22:31] [Reviewer] 第294章文件不存在
[2026-05-19 03:22:32] [Reviewer] 第266章文件不存在
[2026-05-19 03:22:32] [Reviewer] 第276章文件不存在
[2026-05-19 03:22:32] [Reviewer] 第285章文件不存在
[2026-05-19 03:22:32] [Reviewer] 第295章文件不存在
[2026-05-19 03:22:33] [Reviewer] 第267章文件不存在
[2026-05-19 03:22:33] [Reviewer] 第277章文件不存在
[2026-05-19 03:22:33] [Reviewer] 第286章文件不存在
[2026-05-19 03:22:33] [Reviewer] 第296章文件不存在
[2026-05-19 03:22:34] [Reviewer] 第268章文件不存在
[2026-05-19 03:22:34] [Reviewer] 第278章文件不存在
[2026-05-19 03:22:34] [Reviewer] 第287章文件不存在
[2026-05-19 03:22:34] [Reviewer] 第297章文件不存在
[2026-05-19 03:22:35] [Reviewer] 第269章文件不存在
[2026-05-19 03:22:35] [Reviewer] 第279章文件不存在
[2026-05-19 03:22:35] [Reviewer] 第288章文件不存在
[2026-05-19 03:22:35] [Reviewer] 第298章文件不存在
[2026-05-19 03:22:36] [Reviewer] 第270章文件不存在
[2026-05-19 03:22:36] [Reviewer] 第280章文件不存在
[2026-05-19 03:22:36] [Reviewer] 第289章文件不存在
[2026-05-19 03:22:36] [Reviewer] 第299章文件不存在
[2026-05-19 03:22:37] [Reviewer] 全部完成
[2026-05-19 03:22:37] [Reviewer] 全部完成
[2026-05-19 03:22:37] [Reviewer] 第290章文件不存在
[2026-05-19 03:22:37] [Reviewer] 第300章文件不存在
[2026-05-19 03:22:38] [Reviewer] 全部完成
[2026-05-19 03:22:38] [Reviewer] 全部完成
[2026-05-19 03:22:52] [Reviewer] 第281章文件不存在
[2026-05-19 03:22:52] [Reviewer] 第291章文件不存在
[2026-05-19 03:22:53] [Reviewer] 第282章文件不存在
[2026-05-19 03:22:53] [Reviewer] 第292章文件不存在
[2026-05-19 03:22:54] [Reviewer] 第301章文件不存在
[2026-05-19 03:22:54] [Reviewer] 第311章文件不存在
[2026-05-19 03:22:54] [Reviewer] 第283章文件不存在
[2026-05-19 03:22:54] [Reviewer] 第293章文件不存在
[2026-05-19 03:22:55] [Reviewer] 第302章文件不存在
[2026-05-19 03:22:55] [Reviewer] 第312章文件不存在
[2026-05-19 03:22:55] [Reviewer] 第284章文件不存在
[2026-05-19 03:22:55] [Reviewer] 第294章文件不存在
[2026-05-19 03:22:56] [Reviewer] 第303章文件不存在
[2026-05-19 03:22:56] [Reviewer] 第313章文件不存在
[2026-05-19 03:22:56] [Reviewer] 第285章文件不存在
[2026-05-19 03:22:56] [Reviewer] 第295章文件不存在
[2026-05-19 03:22:57] [Reviewer] 第304章文件不存在
[2026-05-19 03:22:57] [Reviewer] 第314章文件不存在
[2026-05-19 03:22:57] [Reviewer] 第286章文件不存在
[2026-05-19 03:22:57] [Reviewer] 第296章文件不存在
[2026-05-19 03:22:58] [Reviewer] 第305章文件不存在
[2026-05-19 03:22:58] [Reviewer] 第315章文件不存在
[2026-05-19 03:22:58] [Reviewer] 第287章文件不存在
[2026-05-19 03:22:58] [Reviewer] 第297章文件不存在
[2026-05-19 03:22:59] [Reviewer] 第306章文件不存在
[2026-05-19 03:22:59] [Reviewer] 第316章文件不存在
[2026-05-19 03:22:59] [Reviewer] 第288章文件不存在
[2026-05-19 03:22:59] [Reviewer] 第298章文件不存在
[2026-05-19 03:23:00] [Reviewer] 第307章文件不存在
[2026-05-19 03:23:00] [Reviewer] 第317章文件不存在
[2026-05-19 03:23:00] [Reviewer] 第289章文件不存在
[2026-05-19 03:23:00] [Reviewer] 第299章文件不存在
[2026-05-19 03:23:01] [Reviewer] 第308章文件不存在
[2026-05-19 03:23:01] [Reviewer] 第318章文件不存在
[2026-05-19 03:23:01] [Reviewer] 第290章文件不存在
[2026-05-19 03:23:01] [Reviewer] 第300章文件不存在
[2026-05-19 03:23:02] [Reviewer] 第309章文件不存在
[2026-05-19 03:23:02] [Reviewer] 第319章文件不存在
[2026-05-19 03:23:02] [Reviewer] 全部完成
[2026-05-19 03:23:02] [Reviewer] 全部完成
[2026-05-19 03:23:03] [Reviewer] 第310章文件不存在
[2026-05-19 03:23:03] [Reviewer] 第320章文件不存在
[2026-05-19 03:23:04] [Reviewer] 全部完成
[2026-05-19 03:23:04] [Reviewer] 全部完成
[2026-05-19 03:23:20] [Reviewer] 第321章文件不存在
[2026-05-19 03:23:20] [Reviewer] 第331章文件不存在
[2026-05-19 03:23:21] [Reviewer] 第322章文件不存在
[2026-05-19 03:23:21] [Reviewer] 第332章文件不存在
[2026-05-19 03:23:22] [Reviewer] 第323章文件不存在
[2026-05-19 03:23:22] [Reviewer] 第333章文件不存在
[2026-05-19 03:23:23] [Reviewer] 第324章文件不存在
[2026-05-19 03:23:23] [Reviewer] 第334章文件不存在
[2026-05-19 03:23:24] [Reviewer] 第325章文件不存在
[2026-05-19 03:23:24] [Reviewer] 第335章文件不存在
[2026-05-19 03:23:25] [Reviewer] 第326章文件不存在
[2026-05-19 03:23:25] [Reviewer] 第336章文件不存在
[2026-05-19 03:23:26] [Reviewer] 第327章文件不存在
[2026-05-19 03:23:26] [Reviewer] 第337章文件不存在
[2026-05-19 03:23:27] [Reviewer] 第328章文件不存在
[2026-05-19 03:23:27] [Reviewer] 第338章文件不存在
[2026-05-19 03:23:28] [Reviewer] 第329章文件不存在
[2026-05-19 03:23:28] [Reviewer] 第339章文件不存在
[2026-05-19 03:23:29] [Reviewer] 第330章文件不存在
[2026-05-19 03:23:29] [Reviewer] 第340章文件不存在
[2026-05-19 03:23:30] [Reviewer] 全部完成
[2026-05-19 03:23:30] [Reviewer] 全部完成
[2026-05-19 03:23:46] [Reviewer] 第341章文件不存在
[2026-05-19 03:23:46] [Reviewer] 第351章文件不存在
[2026-05-19 03:23:47] [Reviewer] 第342章文件不存在
[2026-05-19 03:23:47] [Reviewer] 第352章文件不存在
[2026-05-19 03:23:48] [Reviewer] 第343章文件不存在
[2026-05-19 03:23:48] [Reviewer] 第353章文件不存在
[2026-05-19 03:23:49] [Reviewer] 第344章文件不存在
[2026-05-19 03:23:49] [Reviewer] 第354章文件不存在
[2026-05-19 03:23:50] [Reviewer] 第345章文件不存在
[2026-05-19 03:23:50] [Reviewer] 第355章文件不存在
[2026-05-19 03:23:51] [Reviewer] 第346章文件不存在
[2026-05-19 03:23:51] [Reviewer] 第356章文件不存在
[2026-05-19 03:23:52] [Reviewer] 第347章文件不存在
[2026-05-19 03:23:52] [Reviewer] 第357章文件不存在
[2026-05-19 03:23:53] [Reviewer] 第348章文件不存在
[2026-05-19 03:23:53] [Reviewer] 第358章文件不存在
[2026-05-19 03:23:54] [Reviewer] 第349章文件不存在
[2026-05-19 03:23:54] [Reviewer] 第359章文件不存在
[2026-05-19 03:23:55] [Reviewer] 第350章文件不存在
[2026-05-19 03:23:55] [Reviewer] 第360章文件不存在
[2026-05-19 03:23:56] [Reviewer] 全部完成
[2026-05-19 03:23:56] [Reviewer] 全部完成
[2026-05-19 03:24:13] [Reviewer] 第361章文件不存在
[2026-05-19 03:24:13] [Reviewer] 第371章文件不存在
[2026-05-19 03:24:14] [Reviewer] 第362章文件不存在
[2026-05-19 03:24:14] [Reviewer] 第372章文件不存在
[2026-05-19 03:24:15] [Reviewer] 第363章文件不存在
[2026-05-19 03:24:15] [Reviewer] 第373章文件不存在
[2026-05-19 03:24:16] [Reviewer] 第364章文件不存在
[2026-05-19 03:24:16] [Reviewer] 第374章文件不存在
[2026-05-19 03:24:17] [Reviewer] 第365章文件不存在
[2026-05-19 03:24:17] [Reviewer] 第375章文件不存在
[2026-05-19 03:24:18] [Reviewer] 第366章文件不存在
[2026-05-19 03:24:18] [Reviewer] 第376章文件不存在
[2026-05-19 03:24:19] [Reviewer] 第367章文件不存在
[2026-05-19 03:24:19] [Reviewer] 第377章文件不存在
[2026-05-19 03:24:20] [Reviewer] 第368章文件不存在
[2026-05-19 03:24:20] [Reviewer] 第378章文件不存在
[2026-05-19 03:24:21] [Reviewer] 第369章文件不存在
[2026-05-19 03:24:21] [Reviewer] 第379章文件不存在
[2026-05-19 03:24:22] [Reviewer] 第370章文件不存在
[2026-05-19 03:24:22] [Reviewer] 第380章文件不存在
[2026-05-19 03:24:23] [Reviewer] 全部完成
[2026-05-19 03:24:23] [Reviewer] 全部完成
[2026-05-19 03:24:39] [Reviewer] 第381章文件不存在
[2026-05-19 03:24:39] [Reviewer] 第391章文件不存在
[2026-05-19 03:24:40] [Reviewer] 第382章文件不存在
[2026-05-19 03:24:40] [Reviewer] 第392章文件不存在
[2026-05-19 03:24:41] [Reviewer] 第383章文件不存在
[2026-05-19 03:24:41] [Reviewer] 第393章文件不存在
[2026-05-19 03:24:42] [Reviewer] 第384章文件不存在
[2026-05-19 03:24:42] [Reviewer] 第394章文件不存在
[2026-05-19 03:24:43] [Reviewer] 第385章文件不存在
[2026-05-19 03:24:43] [Reviewer] 第395章文件不存在
[2026-05-19 03:24:44] [Reviewer] 第386章文件不存在
[2026-05-19 03:24:44] [Reviewer] 第396章文件不存在
[2026-05-19 03:24:45] [Reviewer] 第387章文件不存在
[2026-05-19 03:24:45] [Reviewer] 第397章文件不存在
[2026-05-19 03:24:46] [Reviewer] 第388章文件不存在
[2026-05-19 03:24:46] [Reviewer] 第398章文件不存在
[2026-05-19 03:24:47] [Reviewer] 第389章文件不存在
[2026-05-19 03:24:47] [Reviewer] 第399章文件不存在
[2026-05-19 03:24:48] [Reviewer] 第390章文件不存在
[2026-05-19 03:24:48] [Reviewer] 第400章文件不存在
[2026-05-19 03:24:49] [Reviewer] 全部完成
[2026-05-19 03:24:49] [Reviewer] 全部完成
[2026-05-19 03:38:57] [Reviewer] 第1章已有有效审查报告，跳过
[2026-05-19 03:38:57] [Reviewer] 第5章已有有效审查报告，跳过
[2026-05-19 03:38:57] [Reviewer] 正在审查第9章...
[2026-05-19 03:38:57] [Reviewer] 正在审查第13章...
[2026-05-19 03:38:57] [Reviewer] 第17章已有有效审查报告，跳过
[2026-05-19 03:38:58] [Reviewer] 正在审查第2章...
[2026-05-19 03:38:58] [Reviewer] 正在审查第6章...
[2026-05-19 03:38:58] [Reviewer] 第18章文件不存在
[2026-05-19 03:38:59] [Reviewer] 第19章文件不存在
[2026-05-19 03:39:00] [Reviewer] 第20章文件不存在
[2026-05-19 03:39:01] [Reviewer] 全部完成
[2026-05-19 03:39:23] [Reviewer] 第9章审查完成，评分: 8.5， verdict: 通过
[2026-05-19 03:39:24] [Reviewer] 正在审查第10章...
[2026-05-19 03:39:32] [Reviewer] 第6章审查完成，评分: 7.5， verdict: 需修改
[2026-05-19 03:39:33] [Reviewer] 正在审查第7章...
[2026-05-19 03:39:40] [Reviewer] JSON解析失败: Invalid control character at: line 36 column 118 (char 1320)
[2026-05-19 03:39:40] [Reviewer] 第13章审查完成，评分: N/A， verdict: N/A
[2026-05-19 03:39:41] [Reviewer] 正在审查第14章...
[2026-05-19 03:39:45] [Reviewer] 第2章审查完成，评分: 8， verdict: 通过
[2026-05-19 03:39:46] [Reviewer] 正在审查第3章...
[2026-05-19 03:40:03] [Reviewer] 第10章审查完成，评分: 7.2， verdict: 需修改
[2026-05-19 03:40:04] [Reviewer] 正在审查第11章...
[2026-05-19 03:40:06] [Reviewer] 第7章审查完成，评分: 7.5， verdict: 需修改
[2026-05-19 03:40:07] [Reviewer] 正在审查第8章...
[2026-05-19 03:40:17] [Reviewer] 第14章审查完成，评分: 8.5， verdict: 通过
[2026-05-19 03:40:18] [Reviewer] 正在审查第15章...
[2026-05-19 03:40:21] [Reviewer] 第3章审查完成，评分: 7.5， verdict: 需修改
[2026-05-19 03:40:22] [Reviewer] 正在审查第4章...
[2026-05-19 03:40:42] [Reviewer] 第11章审查完成，评分: 7.8， verdict: 通过
[2026-05-19 03:40:43] [Reviewer] 正在审查第12章...
[2026-05-19 03:40:48] [Reviewer] 第8章审查完成，评分: 8.2， verdict: 通过
[2026-05-19 03:40:49] [Reviewer] 全部完成
[2026-05-19 03:40:50] [Reviewer] 正在审查第401章...
[2026-05-19 03:40:50] [Reviewer] 正在审查第411章...
[2026-05-19 03:40:57] [Reviewer] 第4章审查完成，评分: 8.0， verdict: 需修改
[2026-05-19 03:40:58] [Reviewer] 第15章审查完成，评分: 8， verdict: 通过
[2026-05-19 03:40:58] [Reviewer] 全部完成
[2026-05-19 03:40:59] [Reviewer] 第16章已有有效审查报告，跳过
[2026-05-19 03:41:00] [Reviewer] 全部完成
[2026-05-19 03:41:17] [Reviewer] 第12章审查完成，评分: 7.8， verdict: 需修改
[2026-05-19 03:41:18] [Reviewer] 全部完成
[2026-05-19 03:41:25] [Reviewer] 第401章审查完成，评分: 8.2， verdict: 通过
[2026-05-19 03:41:26] [Reviewer] 正在审查第402章...
[2026-05-19 03:41:30] [Reviewer] 第411章审查完成，评分: 7.8， verdict: 通过
[2026-05-19 03:41:31] [Reviewer] 正在审查第412章...
[2026-05-19 03:41:58] [Reviewer] 第402章审查完成，评分: 8.2， verdict: 通过
[2026-05-19 03:41:59] [Reviewer] 正在审查第403章...
[2026-05-19 03:42:04] [Reviewer] 第412章审查完成，评分: 7.5， verdict: 需修改
[2026-05-19 03:42:05] [Reviewer] 正在审查第413章...
[2026-05-19 03:42:30] [Reviewer] 第403章审查完成，评分: 7.8， verdict: 通过
[2026-05-19 03:42:31] [Reviewer] 正在审查第404章...
[2026-05-19 03:42:37] [Reviewer] 第413章审查完成，评分: 7.8， verdict: 通过
[2026-05-19 03:42:38] [Reviewer] 正在审查第414章...
[2026-05-19 03:43:09] [Reviewer] 第404章审查完成，评分: 8.5， verdict: 通过
[2026-05-19 03:43:10] [Reviewer] 正在审查第405章...
[2026-05-19 03:43:18] [Reviewer] 第414章审查完成，评分: 7.5， verdict: 需修改
[2026-05-19 03:43:19] [Reviewer] 正在审查第415章...
[2026-05-19 03:43:38] [Reviewer] 第405章审查完成，评分: 8， verdict: 通过
[2026-05-19 03:43:39] [Reviewer] 正在审查第406章...
[2026-05-19 03:43:50] [Reviewer] 第415章审查完成，评分: 8.2， verdict: 通过
[2026-05-19 03:43:51] [Reviewer] 正在审查第416章...
[2026-05-19 03:44:12] [Reviewer] 第406章审查完成，评分: 8.5， verdict: 通过
[2026-05-19 03:44:13] [Reviewer] 正在审查第407章...
[2026-05-19 03:44:21] [Reviewer] 第416章审查完成，评分: 8.0， verdict: 通过
[2026-05-19 03:44:22] [Reviewer] 第417章文件不存在
[2026-05-19 03:44:23] [Reviewer] 第418章文件不存在
[2026-05-19 03:44:24] [Reviewer] 第419章文件不存在
[2026-05-19 03:44:25] [Reviewer] 第420章文件不存在
[2026-05-19 03:44:26] [Reviewer] 全部完成
[2026-05-19 03:44:42] [Reviewer] 第407章审查完成，评分: 7.8， verdict: 需修改
[2026-05-19 03:44:43] [Reviewer] 正在审查第408章...
[2026-05-19 03:44:54] [Reviewer] 第301章文件不存在
[2026-05-19 03:44:54] [Reviewer] 正在审查第311章...
[2026-05-19 03:44:55] [Reviewer] 正在审查第302章...
[2026-05-19 03:45:08] [Reviewer] 第408章审查完成，评分: 7.8， verdict: 需修改
[2026-05-19 03:45:09] [Reviewer] 正在审查第409章...
[2026-05-19 03:45:19] [Reviewer] 第311章审查完成，评分: 8.0， verdict: 通过
[2026-05-19 03:45:20] [Reviewer] 正在审查第312章...
[2026-05-19 03:45:30] [Reviewer] 第302章审查完成，评分: 8， verdict: 通过
[2026-05-19 03:45:31] [Reviewer] 正在审查第303章...
[2026-05-19 03:45:44] [Reviewer] 第409章审查完成，评分: 7.2， verdict: 需修改
[2026-05-19 03:45:45] [Reviewer] 正在审查第410章...
[2026-05-19 03:45:51] [Reviewer] 第312章审查完成，评分: 8.5， verdict: 通过
[2026-05-19 03:45:52] [Reviewer] 正在审查第313章...
[2026-05-19 03:46:04] [Reviewer] 第303章审查完成，评分: 8.0， verdict: 通过
[2026-05-19 03:46:05] [Reviewer] 正在审查第304章...
[2026-05-19 03:46:18] [Reviewer] 第410章审查完成，评分: 8.5， verdict: 通过
[2026-05-19 03:46:19] [Reviewer] 全部完成
[2026-05-19 03:46:19] [Reviewer] 第313章审查完成，评分: 8.0， verdict: 通过
[2026-05-19 03:46:20] [Reviewer] 正在审查第314章...
[2026-05-19 03:46:41] [Reviewer] JSON解析失败: Invalid control character at: line 39 column 69 (char 1339)
[2026-05-19 03:46:41] [Reviewer] 第304章审查完成，评分: N/A， verdict: N/A
[2026-05-19 03:46:42] [Reviewer] 第305章文件不存在
[2026-05-19 03:46:43] [Reviewer] 正在审查第306章...
[2026-05-19 03:46:52] [Reviewer] 第314章审查完成，评分: 7.5， verdict: 通过
[2026-05-19 03:46:53] [Reviewer] 正在审查第315章...
[2026-05-19 03:47:13] [Reviewer] 第306章审查完成，评分: 8.5， verdict: 通过
[2026-05-19 03:47:14] [Reviewer] 正在审查第307章...
[2026-05-19 03:47:24] [Reviewer] 第315章审查完成，评分: 8.2， verdict: 通过
[2026-05-19 03:47:25] [Reviewer] 第316章文件不存在
[2026-05-19 03:47:26] [Reviewer] 第317章文件不存在
[2026-05-19 03:47:27] [Reviewer] 第318章文件不存在
[2026-05-19 03:47:28] [Reviewer] 第319章文件不存在
[2026-05-19 03:47:29] [Reviewer] 第320章文件不存在
[2026-05-19 03:47:30] [Reviewer] 全部完成
[2026-05-19 03:47:44] [Reviewer] 第307章审查完成，评分: 7.5， verdict: 需修改
[2026-05-19 03:47:45] [Reviewer] 正在审查第308章...
[2026-05-19 03:48:15] [Reviewer] 第308章审查完成，评分: 8.0， verdict: 通过
[2026-05-19 03:48:16] [Reviewer] 正在审查第309章...
[2026-05-19 03:48:46] [Reviewer] 第309章审查完成，评分: 7.5， verdict: 需修改
[2026-05-19 03:48:47] [Reviewer] 正在审查第310章...
[2026-05-19 03:49:14] [Reviewer] 第310章审查完成，评分: 8.2， verdict: 通过
[2026-05-19 03:49:15] [Reviewer] 全部完成
[2026-05-19 03:49:18] [Reviewer] 第21章已有有效审查报告，跳过
[2026-05-19 03:49:18] [Reviewer] 第25章已有有效审查报告，跳过
[2026-05-19 03:49:18] [Reviewer] 第29章已有有效审查报告，跳过
[2026-05-19 03:49:18] [Reviewer] 第33章已有有效审查报告，跳过
[2026-05-19 03:49:18] [Reviewer] 第37章文件不存在
[2026-05-19 03:49:19] [Reviewer] 第22章已有有效审查报告，跳过
[2026-05-19 03:49:19] [Reviewer] 第26章已有有效审查报告，跳过
[2026-05-19 03:49:19] [Reviewer] 第30章已有有效审查报告，跳过
[2026-05-19 03:49:19] [Reviewer] 第34章已有有效审查报告，跳过
[2026-05-19 03:49:19] [Reviewer] 第38章文件不存在
[2026-05-19 03:49:20] [Reviewer] 第23章已有有效审查报告，跳过
[2026-05-19 03:49:20] [Reviewer] 第27章已有有效审查报告，跳过
[2026-05-19 03:49:20] [Reviewer] 第31章已有有效审查报告，跳过
[2026-05-19 03:49:20] [Reviewer] 第35章已有有效审查报告，跳过
[2026-05-19 03:49:20] [Reviewer] 第39章文件不存在
[2026-05-19 03:49:21] [Reviewer] 第24章已有有效审查报告，跳过
[2026-05-19 03:49:21] [Reviewer] 第28章已有有效审查报告，跳过
[2026-05-19 03:49:21] [Reviewer] 第32章已有有效审查报告，跳过
[2026-05-19 03:49:21] [Reviewer] 第36章已有有效审查报告，跳过
[2026-05-19 03:49:21] [Reviewer] 第40章文件不存在
[2026-05-19 03:49:22] [Reviewer] 全部完成
[2026-05-19 03:49:22] [Reviewer] 全部完成
[2026-05-19 03:49:22] [Reviewer] 全部完成
[2026-05-19 03:49:22] [Reviewer] 全部完成
[2026-05-19 03:49:22] [Reviewer] 全部完成
[2026-05-19 03:49:32] [Reviewer] 第321章文件不存在
[2026-05-19 03:49:32] [Reviewer] 第331章文件不存在
[2026-05-19 03:49:33] [Reviewer] 第322章文件不存在
[2026-05-19 03:49:33] [Reviewer] 第332章文件不存在
[2026-05-19 03:49:34] [Reviewer] 第323章文件不存在
[2026-05-19 03:49:34] [Reviewer] 第333章文件不存在
[2026-05-19 03:49:35] [Reviewer] 第324章文件不存在
[2026-05-19 03:49:35] [Reviewer] 第334章文件不存在
[2026-05-19 03:49:36] [Reviewer] 第325章文件不存在
[2026-05-19 03:49:36] [Reviewer] 第335章文件不存在
[2026-05-19 03:49:37] [Reviewer] 第326章文件不存在
[2026-05-19 03:49:37] [Reviewer] 第336章文件不存在
[2026-05-19 03:49:38] [Reviewer] 第327章文件不存在
[2026-05-19 03:49:38] [Reviewer] 第337章文件不存在
[2026-05-19 03:49:39] [Reviewer] 第328章文件不存在
[2026-05-19 03:49:39] [Reviewer] 第338章文件不存在
[2026-05-19 03:49:40] [Reviewer] 第329章文件不存在
[2026-05-19 03:49:40] [Reviewer] 第339章文件不存在
[2026-05-19 03:49:41] [Reviewer] 第330章文件不存在
[2026-05-19 03:49:41] [Reviewer] 第340章文件不存在
[2026-05-19 03:49:42] [Reviewer] 全部完成
[2026-05-19 03:49:42] [Reviewer] 全部完成
[2026-05-19 03:49:54] [Reviewer] 第1章已有有效审查报告，跳过
[2026-05-19 03:49:54] [Reviewer] 第11章已有有效审查报告，跳过
[2026-05-19 03:49:55] [Reviewer] 第2章已有有效审查报告，跳过
[2026-05-19 03:49:55] [Reviewer] 第12章已有有效审查报告，跳过
[2026-05-19 03:49:56] [Reviewer] 第3章已有有效审查报告，跳过
[2026-05-19 03:49:56] [Reviewer] 第13章审查报告无效（parse_error），重新审查
[2026-05-19 03:49:56] [Reviewer] 正在审查第13章...
[2026-05-19 03:49:57] [Reviewer] 第4章已有有效审查报告，跳过
[2026-05-19 03:49:58] [Reviewer] 第5章已有有效审查报告，跳过
[2026-05-19 03:49:59] [Reviewer] 第6章已有有效审查报告，跳过
[2026-05-19 03:50:00] [Reviewer] 第7章已有有效审查报告，跳过
[2026-05-19 03:50:01] [Reviewer] 第8章已有有效审查报告，跳过
[2026-05-19 03:50:02] [Reviewer] 第9章已有有效审查报告，跳过
[2026-05-19 03:50:03] [Reviewer] 第10章已有有效审查报告，跳过
[2026-05-19 03:50:04] [Reviewer] 全部完成
[2026-05-19 03:50:27] [Reviewer] 第13章审查完成，评分: 7.8， verdict: 需修改
[2026-05-19 03:50:28] [Reviewer] 第14章已有有效审查报告，跳过
[2026-05-19 03:50:29] [Reviewer] 第15章已有有效审查报告，跳过
[2026-05-19 03:50:30] [Reviewer] 第16章已有有效审查报告，跳过
[2026-05-19 03:50:31] [Reviewer] 第17章已有有效审查报告，跳过
[2026-05-19 03:50:32] [Reviewer] 第18章已有有效审查报告，跳过
[2026-05-19 03:50:33] [Reviewer] 第19章已有有效审查报告，跳过
[2026-05-19 03:50:34] [Reviewer] 第20章已有有效审查报告，跳过
[2026-05-19 03:50:35] [Reviewer] 全部完成
[2026-05-19 03:58:08] [Reviewer] 第21章已有有效审查报告，跳过
[2026-05-19 03:58:08] [Reviewer] 第31章已有有效审查报告，跳过
[2026-05-19 03:58:09] [Reviewer] 第22章已有有效审查报告，跳过
[2026-05-19 03:58:09] [Reviewer] 第32章已有有效审查报告，跳过
[2026-05-19 03:58:10] [Reviewer] 第23章已有有效审查报告，跳过
[2026-05-19 03:58:10] [Reviewer] 第33章已有有效审查报告，跳过
[2026-05-19 03:58:11] [Reviewer] 第24章已有有效审查报告，跳过
[2026-05-19 03:58:11] [Reviewer] 第34章已有有效审查报告，跳过
[2026-05-19 03:58:12] [Reviewer] 第25章已有有效审查报告，跳过
[2026-05-19 03:58:12] [Reviewer] 第35章已有有效审查报告，跳过
[2026-05-19 03:58:13] [Reviewer] 第26章已有有效审查报告，跳过
[2026-05-19 03:58:13] [Reviewer] 第36章已有有效审查报告，跳过
[2026-05-19 03:58:14] [Reviewer] 第27章已有有效审查报告，跳过
[2026-05-19 03:58:14] [Reviewer] 第37章已有有效审查报告，跳过
[2026-05-19 03:58:15] [Reviewer] 第28章已有有效审查报告，跳过
[2026-05-19 03:58:15] [Reviewer] 第38章已有有效审查报告，跳过
[2026-05-19 03:58:16] [Reviewer] 第29章已有有效审查报告，跳过
[2026-05-19 03:58:16] [Reviewer] 第39章已有有效审查报告，跳过
[2026-05-19 03:58:17] [Reviewer] 第30章已有有效审查报告，跳过
[2026-05-19 03:58:17] [Reviewer] 第40章已有有效审查报告，跳过
[2026-05-19 03:58:18] [Reviewer] 全部完成
[2026-05-19 03:58:18] [Reviewer] 全部完成
[2026-05-19 03:58:23] [Reviewer] 正在审查第41章...
[2026-05-19 03:58:23] [Reviewer] 正在审查第45章...
[2026-05-19 03:58:23] [Reviewer] 正在审查第49章...
[2026-05-19 03:58:23] [Reviewer] 第57章文件不存在
[2026-05-19 03:58:23] [Reviewer] 正在审查第53章...
[2026-05-19 03:58:24] [Reviewer] 第58章文件不存在
[2026-05-19 03:58:25] [Reviewer] 第59章文件不存在
[2026-05-19 03:58:26] [Reviewer] 第60章文件不存在
[2026-05-19 03:58:27] [Reviewer] 全部完成
[2026-05-19 03:58:52] [Reviewer] 第41章审查完成，评分: 8.0， verdict: 通过
[2026-05-19 03:58:53] [Reviewer] 第45章审查完成，评分: 8.0， verdict: 通过
[2026-05-19 03:58:53] [Reviewer] 正在审查第42章...
[2026-05-19 03:58:54] [Reviewer] 正在审查第46章...
[2026-05-19 03:58:58] [Reviewer] 第53章审查完成，评分: 8.2， verdict: 通过
[2026-05-19 03:58:59] [Reviewer] 正在审查第54章...
[2026-05-19 03:59:00] [Reviewer] 第49章审查完成，评分: 8， verdict: 通过
[2026-05-19 03:59:01] [Reviewer] 正在审查第50章...
[2026-05-19 03:59:26] [Reviewer] 第42章审查完成，评分: 8.2， verdict: 通过
[2026-05-19 03:59:28] [Reviewer] 正在审查第43章...
[2026-05-19 03:59:30] [Reviewer] 第46章审查完成，评分: 7.5， verdict: 通过（建议修改）
[2026-05-19 03:59:31] [Reviewer] 正在审查第47章...
[2026-05-19 03:59:39] [Reviewer] 第54章审查完成，评分: 7.8， verdict: 需修改
[2026-05-19 03:59:40] [Reviewer] 正在审查第55章...
[2026-05-19 03:59:41] [Reviewer] 第50章审查完成，评分: 7.5， verdict: 需修改
[2026-05-19 03:59:42] [Reviewer] 正在审查第51章...
[2026-05-19 03:59:57] [Reviewer] 第43章审查完成，评分: 8.0， verdict: 通过
[2026-05-19 03:59:58] [Reviewer] 正在审查第44章...
[2026-05-19 03:59:59] [Reviewer] 第47章审查完成，评分: 8.2， verdict: 通过
[2026-05-19 04:00:00] [Reviewer] 正在审查第48章...
[2026-05-19 04:00:18] [Reviewer] 第55章审查完成，评分: 8.0， verdict: 通过
[2026-05-19 04:00:19] [Reviewer] 正在审查第56章...
[2026-05-19 04:00:19] [Reviewer] 第51章审查完成，评分: 7.5， verdict: 通过
[2026-05-19 04:00:20] [Reviewer] 正在审查第52章...
[2026-05-19 04:00:36] [Reviewer] 第48章审查完成，评分: 7.5， verdict: 需修改
[2026-05-19 04:00:37] [Reviewer] 第44章审查完成，评分: 8， verdict: 通过
[2026-05-19 04:00:37] [Reviewer] 全部完成
[2026-05-19 04:00:38] [Reviewer] 全部完成
[2026-05-19 04:00:48] [Reviewer] 第52章审查完成，评分: 8.2， verdict: 通过
[2026-05-19 04:00:49] [Reviewer] 全部完成
[2026-05-19 04:01:00] [Reviewer] 第56章审查完成，评分: 7.5， verdict: 需修改
[2026-05-19 04:01:01] [Reviewer] 全部完成
[2026-05-19 04:01:02] [Reviewer] 正在审查第421章...
[2026-05-19 04:01:02] [Reviewer] 正在审查第431章...
[2026-05-19 04:01:06] [Reviewer] 第341章文件不存在
[2026-05-19 04:01:06] [Reviewer] 正在审查第351章...
[2026-05-19 04:01:07] [Reviewer] 第342章文件不存在
[2026-05-19 04:01:08] [Reviewer] 第343章文件不存在
[2026-05-19 04:01:09] [Reviewer] 第344章文件不存在
[2026-05-19 04:01:10] [Reviewer] 第345章文件不存在
[2026-05-19 04:01:11] [Reviewer] 正在审查第346章...
[2026-05-19 04:01:34] [Reviewer] JSON解析失败: Invalid control character at: line 21 column 29 (char 439)
[2026-05-19 04:01:34] [Reviewer] 第431章审查完成，评分: N/A， verdict: N/A
[2026-05-19 04:01:35] [Reviewer] 正在审查第432章...
[2026-05-19 04:01:40] [Reviewer] 第421章审查完成，评分: 8.5， verdict: 通过
[2026-05-19 04:01:41] [Reviewer] 正在审查第422章...
[2026-05-19 04:01:45] [Reviewer] JSON解析失败: Expecting ',' delimiter: line 45 column 53 (char 1647)
[2026-05-19 04:01:45] [Reviewer] 第351章审查完成，评分: N/A， verdict: N/A
[2026-05-19 04:01:46] [Reviewer] 正在审查第352章...
[2026-05-19 04:01:47] [Reviewer] 第346章审查完成，评分: 8， verdict: 通过
[2026-05-19 04:01:48] [Reviewer] 正在审查第347章...
[2026-05-19 04:02:05] [Reviewer] 第432章审查完成，评分: 8.0， verdict: 通过
[2026-05-19 04:02:06] [Reviewer] 正在审查第433章...
[2026-05-19 04:02:20] [Reviewer] 第422章审查完成，评分: 8.0， verdict: 通过
[2026-05-19 04:02:21] [Reviewer] 正在审查第423章...
[2026-05-19 04:02:23] [Reviewer] 第352章审查完成，评分: 7.8， verdict: 需修改
[2026-05-19 04:02:24] [Reviewer] 正在审查第353章...
[2026-05-19 04:02:33] [Reviewer] 第347章审查完成，评分: 8， verdict: 通过
[2026-05-19 04:02:34] [Reviewer] 正在审查第348章...
[2026-05-19 04:02:46] [Reviewer] JSON解析失败: Expecting ',' delimiter: line 28 column 53 (char 722)
[2026-05-19 04:02:46] [Reviewer] 第433章审查完成，评分: N/A， verdict: N/A
[2026-05-19 04:02:47] [Reviewer] 正在审查第434章...
[2026-05-19 04:03:01] [Reviewer] 第423章审查完成，评分: 7.8， verdict: 需修改
[2026-05-19 04:03:02] [Reviewer] 正在审查第424章...
[2026-05-19 04:03:04] [Reviewer] 第353章审查完成，评分: 8.5， verdict: 通过
[2026-05-19 04:03:05] [Reviewer] 正在审查第354章...
[2026-05-19 04:03:12] [Reviewer] 第348章审查完成，评分: 7.8， verdict: 通过
[2026-05-19 04:03:13] [Reviewer] 正在审查第349章...
[2026-05-19 04:03:29] [Reviewer] 第434章审查完成，评分: 8.0， verdict: 通过
[2026-05-19 04:03:30] [Reviewer] 正在审查第435章...
[2026-05-19 04:03:35] [Reviewer] 第424章审查完成，评分: 8.5， verdict: 通过
[2026-05-19 04:03:36] [Reviewer] 正在审查第425章...
[2026-05-19 04:03:38] [Reviewer] 第354章审查完成，评分: 8.5， verdict: 通过
[2026-05-19 04:03:39] [Reviewer] 正在审查第355章...
[2026-05-19 04:03:50] [Reviewer] 第349章审查完成，评分: 7.5， verdict: 需修改
[2026-05-19 04:03:51] [Reviewer] 正在审查第350章...
[2026-05-19 04:04:04] [Reviewer] 第435章审查完成，评分: 6.5， verdict: 需修改
[2026-05-19 04:04:05] [Reviewer] 正在审查第436章...
[2026-05-19 04:04:06] [Reviewer] 第425章审查完成，评分: 7.8， verdict: 需修改
[2026-05-19 04:04:07] [Reviewer] 正在审查第426章...
[2026-05-19 04:04:10] [Reviewer] 第355章审查完成，评分: 6.5， verdict: 需修改
[2026-05-19 04:04:11] [Reviewer] 正在审查第356章...
[2026-05-19 04:04:24] [Reviewer] 第350章审查完成，评分: 8.5， verdict: 通过
[2026-05-19 04:04:25] [Reviewer] 全部完成
[2026-05-19 04:04:41] [Reviewer] 第436章审查完成，评分: 7.5， verdict: 需修改
[2026-05-19 04:04:42] [Reviewer] 第426章审查完成，评分: 7.5， verdict: 需修改
[2026-05-19 04:04:42] [Reviewer] 正在审查第437章...
[2026-05-19 04:04:43] [Reviewer] 正在审查第427章...
[2026-05-19 04:04:45] [Reviewer] 第356章审查完成，评分: 7.2， verdict: 需修改
[2026-05-19 04:04:46] [Reviewer] 正在审查第357章...
[2026-05-19 04:05:16] [Reviewer] 第427章审查完成，评分: 7.5， verdict: 通过
[2026-05-19 04:05:17] [Reviewer] 正在审查第428章...
[2026-05-19 04:05:24] [Reviewer] 第357章审查完成，评分: 7.2， verdict: 需修改
[2026-05-19 04:05:25] [Reviewer] 正在审查第358章...
[2026-05-19 04:05:27] [Reviewer] 第437章审查完成，评分: 7.8， verdict: 通过
[2026-05-19 04:05:28] [Reviewer] 正在审查第438章...
[2026-05-19 04:05:56] [Reviewer] 第428章审查完成，评分: 7.8， verdict: 需修改
[2026-05-19 04:05:57] [Reviewer] 正在审查第429章...
[2026-05-19 04:05:58] [Reviewer] 第358章审查完成，评分: 8.5， verdict: 通过
[2026-05-19 04:05:59] [Reviewer] 正在审查第359章...
[2026-05-19 04:06:07] [Reviewer] JSON解析失败: Invalid control character at: line 31 column 35 (char 818)
[2026-05-19 04:06:07] [Reviewer] 第438章审查完成，评分: N/A， verdict: N/A
[2026-05-19 04:06:08] [Reviewer] 正在审查第439章...
[2026-05-19 04:06:28] [Reviewer] 第429章审查完成，评分: 8.2， verdict: 通过
[2026-05-19 04:06:29] [Reviewer] 正在审查第430章...
[2026-05-19 04:06:30] [Reviewer] 第359章审查完成，评分: 7.5， verdict: 需修改
[2026-05-19 04:06:31] [Reviewer] 正在审查第360章...
[2026-05-19 04:06:45] [Reviewer] 第439章审查完成，评分: 8.0， verdict: 通过（建议微调）
[2026-05-19 04:06:46] [Reviewer] 正在审查第440章...
[2026-05-19 04:07:11] [Reviewer] 第430章审查完成，评分: 7.5， verdict: 需修改
[2026-05-19 04:07:12] [Reviewer] 全部完成
[2026-05-19 04:07:12] [Reviewer] 第360章审查完成，评分: 7.5， verdict: 需修改
[2026-05-19 04:07:13] [Reviewer] 全部完成
[2026-05-19 04:07:14] [Reviewer] 第440章审查完成，评分: 7.8， verdict: 通过
[2026-05-19 04:07:15] [Reviewer] 全部完成
[2026-05-19 04:09:05] [Reviewer] 第41章已有有效审查报告，跳过
[2026-05-19 04:09:05] [Reviewer] 第51章已有有效审查报告，跳过
[2026-05-19 04:09:06] [Reviewer] 第42章已有有效审查报告，跳过
[2026-05-19 04:09:06] [Reviewer] 第52章已有有效审查报告，跳过
[2026-05-19 04:09:07] [Reviewer] 第43章已有有效审查报告，跳过
[2026-05-19 04:09:07] [Reviewer] 第53章已有有效审查报告，跳过
[2026-05-19 04:09:08] [Reviewer] 第44章已有有效审查报告，跳过
[2026-05-19 04:09:08] [Reviewer] 第54章已有有效审查报告，跳过
[2026-05-19 04:09:09] [Reviewer] 第45章已有有效审查报告，跳过
[2026-05-19 04:09:09] [Reviewer] 第55章已有有效审查报告，跳过
[2026-05-19 04:09:10] [Reviewer] 第46章已有有效审查报告，跳过
[2026-05-19 04:09:10] [Reviewer] 第56章已有有效审查报告，跳过
[2026-05-19 04:09:11] [Reviewer] 第47章已有有效审查报告，跳过
[2026-05-19 04:09:11] [Reviewer] 正在审查第57章...
[2026-05-19 04:09:12] [Reviewer] 第48章已有有效审查报告，跳过
[2026-05-19 04:09:13] [Reviewer] 第49章已有有效审查报告，跳过
[2026-05-19 04:09:14] [Reviewer] 第50章已有有效审查报告，跳过
[2026-05-19 04:09:15] [Reviewer] 全部完成
[2026-05-19 04:09:43] [Reviewer] 第57章审查完成，评分: 7.8， verdict: 需修改
[2026-05-19 04:09:44] [Reviewer] 正在审查第58章...
[2026-05-19 04:10:13] [Reviewer] JSON解析失败: Expecting ',' delimiter: line 25 column 11 (char 568)
[2026-05-19 04:10:13] [Reviewer] 第58章审查完成，评分: N/A， verdict: N/A
[2026-05-19 04:10:14] [Reviewer] 正在审查第59章...
[2026-05-19 04:10:44] [Reviewer] 第59章审查完成，评分: 7.5， verdict: 需修改
[2026-05-19 04:10:45] [Reviewer] 正在审查第60章...
[2026-05-19 04:11:24] [Reviewer] 第60章审查完成，评分: 8.2， verdict: 通过
[2026-05-19 04:11:25] [Reviewer] 全部完成
[2026-05-19 04:13:26] [Reviewer] 正在审查第61章...
[2026-05-19 04:13:26] [Reviewer] 正在审查第65章...
[2026-05-19 04:13:26] [Reviewer] 正在审查第69章...
[2026-05-19 04:13:26] [Reviewer] 正在审查第73章...
[2026-05-19 04:13:26] [Reviewer] 正在审查第77章...
[2026-05-19 04:13:52] [Reviewer] 第69章审查完成，评分: 7.5， verdict: 需修改
[2026-05-19 04:13:53] [Reviewer] 正在审查第70章...
[2026-05-19 04:13:57] [Reviewer] 第73章审查完成，评分: 8.0， verdict: 通过
[2026-05-19 04:13:58] [Reviewer] 第77章审查完成，评分: 7.8， verdict: 需修改
[2026-05-19 04:13:58] [Reviewer] 正在审查第74章...
[2026-05-19 04:13:59] [Reviewer] 正在审查第78章...
[2026-05-19 04:14:03] [Reviewer] 第65章审查完成，评分: 8.5， verdict: 通过
[2026-05-19 04:14:04] [Reviewer] 正在审查第66章...
[2026-05-19 04:14:09] [Reviewer] 第61章审查完成，评分: 8.5， verdict: 通过
[2026-05-19 04:14:10] [Reviewer] 正在审查第62章...
[2026-05-19 04:14:24] [Reviewer] 第70章审查完成，评分: 7.5， verdict: 需修改
[2026-05-19 04:14:25] [Reviewer] 正在审查第71章...
[2026-05-19 04:14:28] [Reviewer] 第74章审查完成，评分: 7.7， verdict: 需修改
[2026-05-19 04:14:29] [Reviewer] 正在审查第75章...
[2026-05-19 04:14:35] [Reviewer] 第78章审查完成，评分: 8.2， verdict: 需修改
[2026-05-19 04:14:36] [Reviewer] 正在审查第79章...
[2026-05-19 04:14:40] [Reviewer] 第66章审查完成，评分: 7.8， verdict: 需修改
[2026-05-19 04:14:41] [Reviewer] 正在审查第67章...
[2026-05-19 04:14:45] [Reviewer] 第62章审查完成，评分: 7.8， verdict: 需修改
[2026-05-19 04:14:46] [Reviewer] 正在审查第63章...
[2026-05-19 04:15:00] [Reviewer] 第71章审查完成，评分: 8.3， verdict: 通过
[2026-05-19 04:15:01] [Reviewer] 正在审查第72章...
[2026-05-19 04:15:04] [Reviewer] 第79章审查完成，评分: 8.2， verdict: 通过
[2026-05-19 04:15:05] [Reviewer] 第80章文件不存在
[2026-05-19 04:15:05] [Reviewer] 第75章审查完成，评分: 7.5， verdict: 需修改
[2026-05-19 04:15:06] [Reviewer] 全部完成
[2026-05-19 04:15:06] [Reviewer] 正在审查第76章...
[2026-05-19 04:15:10] [Reviewer] 第63章审查完成，评分: 8.5， verdict: 通过
[2026-05-19 04:15:11] [Reviewer] 正在审查第64章...
[2026-05-19 04:15:11] [Reviewer] 第67章审查完成，评分: 8.0， verdict: 通过
[2026-05-19 04:15:12] [Reviewer] 正在审查第68章...
[2026-05-19 04:15:37] [Reviewer] 第72章审查完成，评分: 8.0， verdict: 通过
[2026-05-19 04:15:38] [Reviewer] 全部完成
[2026-05-19 04:15:44] [Reviewer] 第68章审查完成，评分: 7.8， verdict: 通过
[2026-05-19 04:15:45] [Reviewer] 全部完成
[2026-05-19 04:15:49] [Reviewer] 第76章审查完成，评分: 8.2， verdict: 通过
[2026-05-19 04:15:50] [Reviewer] 全部完成
[2026-05-19 04:15:52] [Reviewer] 第61章已有有效审查报告，跳过
[2026-05-19 04:15:52] [Reviewer] 第71章已有有效审查报告，跳过
[2026-05-19 04:15:53] [Reviewer] 第64章审查完成，评分: 7.5， verdict: 通过
[2026-05-19 04:15:53] [Reviewer] 第62章已有有效审查报告，跳过
[2026-05-19 04:15:53] [Reviewer] 第72章已有有效审查报告，跳过
[2026-05-19 04:15:54] [Reviewer] 全部完成
[2026-05-19 04:15:54] [Reviewer] 第63章已有有效审查报告，跳过
[2026-05-19 04:15:54] [Reviewer] 第73章已有有效审查报告，跳过
[2026-05-19 04:15:55] [Reviewer] 第64章已有有效审查报告，跳过
[2026-05-19 04:15:55] [Reviewer] 第74章已有有效审查报告，跳过
[2026-05-19 04:15:56] [Reviewer] 第65章已有有效审查报告，跳过
[2026-05-19 04:15:56] [Reviewer] 第75章已有有效审查报告，跳过
[2026-05-19 04:15:57] [Reviewer] 第66章已有有效审查报告，跳过
[2026-05-19 04:15:57] [Reviewer] 第76章已有有效审查报告，跳过
[2026-05-19 04:15:58] [Reviewer] 第67章已有有效审查报告，跳过
[2026-05-19 04:15:58] [Reviewer] 第77章已有有效审查报告，跳过
[2026-05-19 04:15:59] [Reviewer] 第68章已有有效审查报告，跳过
[2026-05-19 04:15:59] [Reviewer] 第78章已有有效审查报告，跳过
[2026-05-19 04:16:00] [Reviewer] 第69章已有有效审查报告，跳过
[2026-05-19 04:16:00] [Reviewer] 第79章已有有效审查报告，跳过
[2026-05-19 04:16:01] [Reviewer] 第70章已有有效审查报告，跳过
[2026-05-19 04:16:01] [Reviewer] 正在审查第80章...
[2026-05-19 04:16:02] [Reviewer] 全部完成
[2026-05-19 04:16:38] [Reviewer] 第80章审查完成，评分: 7.5， verdict: 需修改
[2026-05-19 04:16:39] [Reviewer] 全部完成
[2026-05-19 04:17:30] [Reviewer] 正在审查第361章...
[2026-05-19 04:17:30] [Reviewer] 正在审查第371章...
[2026-05-19 04:18:01] [Reviewer] 第361章审查完成，评分: 8.5， verdict: 通过
[2026-05-19 04:18:02] [Reviewer] 正在审查第362章...
[2026-05-19 04:18:11] [Reviewer] 第371章审查完成，评分: 7.5， verdict: 需修改
[2026-05-19 04:18:12] [Reviewer] 正在审查第372章...
[2026-05-19 04:18:43] [Reviewer] 第362章审查完成，评分: 8.2， verdict: 通过
[2026-05-19 04:18:44] [Reviewer] 正在审查第363章...
[2026-05-19 04:18:47] [Reviewer] 第372章审查完成，评分: 8.5， verdict: 通过
[2026-05-19 04:18:48] [Reviewer] 正在审查第373章...
[2026-05-19 04:19:16] [Reviewer] 第363章审查完成，评分: 8.0， verdict: 需修改
[2026-05-19 04:19:17] [Reviewer] 正在审查第364章...
[2026-05-19 04:19:23] [Reviewer] 第373章审查完成，评分: 8.0， verdict: 通过
[2026-05-19 04:19:24] [Reviewer] 正在审查第374章...
[2026-05-19 04:19:45] [Reviewer] 第364章审查完成，评分: 8.0， verdict: 通过
[2026-05-19 04:19:46] [Reviewer] 正在审查第365章...
[2026-05-19 04:20:01] [Reviewer] 第374章审查完成，评分: 8.0， verdict: 通过
[2026-05-19 04:20:02] [Reviewer] 正在审查第375章...
[2026-05-19 04:20:25] [Reviewer] 第365章审查完成，评分: 8.2， verdict: 通过
[2026-05-19 04:20:26] [Reviewer] 正在审查第366章...
[2026-05-19 04:20:32] [Reviewer] 第375章审查完成，评分: 8.5， verdict: 通过
[2026-05-19 04:20:33] [Reviewer] 正在审查第376章...
[2026-05-19 04:20:46] [Reviewer] 正在审查第441章...
[2026-05-19 04:20:46] [Reviewer] 正在审查第451章...
[2026-05-19 04:21:02] [Reviewer] 第366章审查完成，评分: 7.8， verdict: 需修改
[2026-05-19 04:21:03] [Reviewer] 正在审查第367章...
[2026-05-19 04:21:17] [Reviewer] 第376章审查完成，评分: 7.2， verdict: 需修改
[2026-05-19 04:21:18] [Reviewer] 正在审查第377章...
[2026-05-19 04:21:21] [Reviewer] 第441章审查完成，评分: 7.8， verdict: 需修改
[2026-05-19 04:21:22] [Reviewer] 正在审查第442章...
[2026-05-19 04:21:26] [Reviewer] 第451章审查完成，评分: 8.2， verdict: 通过
[2026-05-19 04:21:27] [Reviewer] 正在审查第452章...
[2026-05-19 04:21:37] [Reviewer] 第367章审查完成，评分: 7.5， verdict: 通过
[2026-05-19 04:21:38] [Reviewer] 正在审查第368章...
[2026-05-19 04:21:45] [Reviewer] 第377章审查完成，评分: 8.2， verdict: 通过
[2026-05-19 04:21:46] [Reviewer] 正在审查第378章...
[2026-05-19 04:21:57] [Reviewer] 第442章审查完成，评分: 7.8， verdict: 需修改
[2026-05-19 04:21:57] [Reviewer] 第452章审查完成，评分: 7.5， verdict: 需修改
[2026-05-19 04:21:58] [Reviewer] 正在审查第443章...
[2026-05-19 04:21:58] [Reviewer] 正在审查第453章...
[2026-05-19 04:22:13] [Reviewer] 第368章审查完成，评分: 8.2， verdict: 通过
[2026-05-19 04:22:14] [Reviewer] 第378章审查完成，评分: 8.0， verdict: 通过
[2026-05-19 04:22:14] [Reviewer] 正在审查第369章...
[2026-05-19 04:22:15] [Reviewer] 正在审查第379章...
[2026-05-19 04:22:35] [Reviewer] 第443章审查完成，评分: 7.8， verdict: 通过
[2026-05-19 04:22:36] [Reviewer] 正在审查第444章...
[2026-05-19 04:22:41] [Reviewer] 第453章审查完成，评分: 8.0， verdict: 通过
[2026-05-19 04:22:42] [Reviewer] 正在审查第454章...
[2026-05-19 04:22:47] [Reviewer] 第369章审查完成，评分: 7.5， verdict: 需修改
[2026-05-19 04:22:48] [Reviewer] 正在审查第370章...
[2026-05-19 04:22:49] [Reviewer] 第379章审查完成，评分: 7.5， verdict: 需修改
[2026-05-19 04:22:50] [Reviewer] 正在审查第380章...
[2026-05-19 04:23:03] [Reviewer] 第444章审查完成，评分: 8.5， verdict: 需修改
[2026-05-19 04:23:04] [Reviewer] 正在审查第445章...
[2026-05-19 04:23:13] [Reviewer] 正在审查第81章...
[2026-05-19 04:23:13] [Reviewer] 正在审查第85章...
[2026-05-19 04:23:13] [Reviewer] 正在审查第89章...
[2026-05-19 04:23:13] [Reviewer] 正在审查第93章...
[2026-05-19 04:23:13] [Reviewer] 正在审查第97章...
[2026-05-19 04:23:19] [Reviewer] 第370章审查完成，评分: 8.5， verdict: 通过
[2026-05-19 04:23:20] [Reviewer] 全部完成
[2026-05-19 04:23:23] [Reviewer] 第454章审查完成，评分: 7.8， verdict: 通过（需小幅修改）
[2026-05-19 04:23:24] [Reviewer] 正在审查第455章...
[2026-05-19 04:23:26] [Reviewer] 第380章审查完成，评分: 7.5， verdict: 需修改
[2026-05-19 04:23:27] [Reviewer] 全部完成
[2026-05-19 04:23:41] [Reviewer] 第85章审查完成，评分: 7.8， verdict: 通过
[2026-05-19 04:23:42] [Reviewer] 正在审查第86章...
[2026-05-19 04:23:46] [Reviewer] 第97章审查完成，评分: 8， verdict: 通过
[2026-05-19 04:23:47] [Reviewer] 正在审查第98章...
[2026-05-19 04:23:49] [Reviewer] 第89章审查完成，评分: 7.5， verdict: 通过
[2026-05-19 04:23:50] [Reviewer] 正在审查第90章...
[2026-05-19 04:23:50] [Reviewer] 第81章审查完成，评分: 8， verdict: 通过
[2026-05-19 04:23:50] [Reviewer] 第93章审查完成，评分: 8， verdict: 通过（需修改）
[2026-05-19 04:23:51] [Reviewer] 正在审查第82章...
[2026-05-19 04:23:51] [Reviewer] 第445章审查完成，评分: 7.8， verdict: 需修改
[2026-05-19 04:23:51] [Reviewer] 正在审查第94章...
[2026-05-19 04:23:52] [Reviewer] 正在审查第446章...
[2026-05-19 04:23:56] [Reviewer] 第455章审查完成，评分: 8.5， verdict: 通过
[2026-05-19 04:23:57] [Reviewer] 正在审查第456章...
[2026-05-19 04:24:12] [Reviewer] 第81章已有有效审查报告，跳过
[2026-05-19 04:24:12] [Reviewer] 正在审查第91章...
[2026-05-19 04:24:13] [Reviewer] 正在审查第82章...
[2026-05-19 04:24:19] [Reviewer] 第82章审查完成，评分: 8.0， verdict: 通过
[2026-05-19 04:24:20] [Reviewer] 正在审查第83章...
[2026-05-19 04:24:21] [Reviewer] 第86章审查完成，评分: 7.5， verdict: 需修改
[2026-05-19 04:24:22] [Reviewer] 正在审查第87章...
[2026-05-19 04:24:26] [Reviewer] 第90章审查完成，评分: 8.3， verdict: 通过
[2026-05-19 04:24:26] [Reviewer] 第94章审查完成，评分: 8.0， verdict: 通过
[2026-05-19 04:24:27] [Reviewer] 正在审查第91章...
[2026-05-19 04:24:27] [Reviewer] 正在审查第95章...
[2026-05-19 04:24:30] [Reviewer] 第456章审查完成，评分: 8.0， verdict: 通过
[2026-05-19 04:24:31] [Reviewer] 正在审查第457章...
[2026-05-19 04:24:33] [Reviewer] 第446章审查完成，评分: 7.8， verdict: 通过
[2026-05-19 04:24:33] [Reviewer] JSON解析失败: Expecting ',' delimiter: line 11 column 27 (char 253)
[2026-05-19 04:24:33] [Reviewer] 第98章审查完成，评分: N/A， verdict: N/A
[2026-05-19 04:24:34] [Reviewer] 正在审查第447章...
[2026-05-19 04:24:35] [Reviewer] 正在审查第99章...
[2026-05-19 04:24:45] [Reviewer] 第91章审查完成，评分: 8.0， verdict: 通过
[2026-05-19 04:24:46] [Reviewer] 正在审查第92章...
[2026-05-19 04:24:50] [Reviewer] 第87章审查完成，评分: 7.8， verdict: 通过
[2026-05-19 04:24:51] [Reviewer] 正在审查第88章...
[2026-05-19 04:24:56] [Reviewer] 第83章审查完成，评分: 7.8， verdict: 通过
[2026-05-19 04:24:57] [Reviewer] 正在审查第84章...
[2026-05-19 04:24:57] [Reviewer] 第82章审查完成，评分: 8， verdict: 需修改
[2026-05-19 04:24:58] [Reviewer] 第83章已有有效审查报告，跳过
[2026-05-19 04:24:59] [Reviewer] 正在审查第84章...
[2026-05-19 04:25:00] [Reviewer] 第457章审查完成，评分: 8.2， verdict: 通过
[2026-05-19 04:25:01] [Reviewer] 正在审查第458章...
[2026-05-19 04:25:01] [Reviewer] 第95章审查完成，评分: 8.5， verdict: 通过
[2026-05-19 04:25:02] [Reviewer] 正在审查第96章...
[2026-05-19 04:25:04] [Reviewer] 第91章审查完成，评分: 8.2， verdict: 通过
[2026-05-19 04:25:05] [Reviewer] 正在审查第92章...
[2026-05-19 04:25:06] [Reviewer] 第447章审查完成，评分: 7.8， verdict: 需修改
[2026-05-19 04:25:07] [Reviewer] 第99章审查完成，评分: 8.0， verdict: 通过
[2026-05-19 04:25:08] [Reviewer] 正在审查第448章...
[2026-05-19 04:25:08] [Reviewer] 正在审查第100章...
[2026-05-19 04:25:16] [Reviewer] 第92章审查完成，评分: 8.2， verdict: 通过
[2026-05-19 04:25:17] [Reviewer] 第93章已有有效审查报告，跳过
[2026-05-19 04:25:18] [Reviewer] 第94章已有有效审查报告，跳过
[2026-05-19 04:25:19] [Reviewer] 第95章已有有效审查报告，跳过
[2026-05-19 04:25:20] [Reviewer] 正在审查第96章...
[2026-05-19 04:25:25] [Reviewer] JSON解析失败: Invalid control character at: line 37 column 55 (char 1068)
[2026-05-19 04:25:25] [Reviewer] 第84章审查完成，评分: N/A， verdict: N/A
[2026-05-19 04:25:26] [Reviewer] 第88章审查完成，评分: 8.0， verdict: 通过
[2026-05-19 04:25:26] [Reviewer] 第85章已有有效审查报告，跳过
[2026-05-19 04:25:27] [Reviewer] 全部完成
[2026-05-19 04:25:27] [Reviewer] 第86章已有有效审查报告，跳过
[2026-05-19 04:25:28] [Reviewer] 第87章已有有效审查报告，跳过
[2026-05-19 04:25:29] [Reviewer] 第88章已有有效审查报告，跳过
[2026-05-19 04:25:30] [Reviewer] 第89章已有有效审查报告，跳过
[2026-05-19 04:25:31] [Reviewer] 第90章已有有效审查报告，跳过
[2026-05-19 04:25:32] [Reviewer] 全部完成
[2026-05-19 04:25:36] [Reviewer] 第96章审查完成，评分: 7.5， verdict: 需修改
[2026-05-19 04:25:37] [Reviewer] 全部完成
[2026-05-19 04:25:37] [Reviewer] 第84章审查完成，评分: 8.0， verdict: 通过
[2026-05-19 04:25:38] [Reviewer] 第92章审查完成，评分: 8， verdict: 通过
[2026-05-19 04:25:38] [Reviewer] 全部完成
[2026-05-19 04:25:39] [Reviewer] 全部完成
[2026-05-19 04:25:39] [Reviewer] 第458章审查完成，评分: 8.5， verdict: 通过
[2026-05-19 04:25:39] [Reviewer] 第448章审查完成，评分: 7.8， verdict: 需修改
[2026-05-19 04:25:40] [Reviewer] 正在审查第459章...
[2026-05-19 04:25:40] [Reviewer] 正在审查第449章...
[2026-05-19 04:25:46] [Reviewer] 第100章审查完成，评分: 7.8， verdict: 需修改
[2026-05-19 04:25:47] [Reviewer] 全部完成
[2026-05-19 04:25:53] [Reviewer] 第96章审查完成，评分: 8.0， verdict: 通过
[2026-05-19 04:25:54] [Reviewer] 第97章已有有效审查报告，跳过
[2026-05-19 04:25:55] [Reviewer] 第98章审查报告无效（parse_error），重新审查
[2026-05-19 04:25:55] [Reviewer] 正在审查第98章...
[2026-05-19 04:26:09] [Reviewer] 第459章审查完成，评分: 7.8， verdict: 需修改
[2026-05-19 04:26:10] [Reviewer] 正在审查第460章...
[2026-05-19 04:26:14] [Reviewer] 第449章审查完成，评分: 8.0， verdict: 通过
[2026-05-19 04:26:15] [Reviewer] 正在审查第450章...
[2026-05-19 04:26:41] [Reviewer] 第98章审查完成，评分: 7.5， verdict: 需修改
[2026-05-19 04:26:42] [Reviewer] 第99章已有有效审查报告，跳过
[2026-05-19 04:26:42] [Reviewer] 第460章审查完成，评分: 8.0， verdict: 通过
[2026-05-19 04:26:43] [Reviewer] 第100章已有有效审查报告，跳过
[2026-05-19 04:26:43] [Reviewer] 全部完成
[2026-05-19 04:26:44] [Reviewer] 全部完成
[2026-05-19 04:26:47] [Reviewer] 第450章审查完成，评分: 8.5， verdict: 需修改
[2026-05-19 04:26:48] [Reviewer] 全部完成
[2026-05-19 04:32:08] [Reviewer] 正在审查第381章...
[2026-05-19 04:32:08] [Reviewer] 正在审查第391章...
[2026-05-19 04:32:40] [Reviewer] 第391章审查完成，评分: 8.0， verdict: 需修改
[2026-05-19 04:32:41] [Reviewer] 正在审查第392章...
[2026-05-19 04:32:46] [Reviewer] 第381章审查完成，评分: 8.0， verdict: 通过
[2026-05-19 04:32:47] [Reviewer] 正在审查第382章...
[2026-05-19 04:33:13] [Reviewer] 第392章审查完成，评分: 8.5， verdict: 通过
[2026-05-19 04:33:14] [Reviewer] 正在审查第393章...
[2026-05-19 04:33:23] [Reviewer] 第382章审查完成，评分: 7.5， verdict: 需修改
[2026-05-19 04:33:24] [Reviewer] 正在审查第383章...
[2026-05-19 04:33:59] [Reviewer] 第393章审查完成，评分: 8.0， verdict: 通过
[2026-05-19 04:34:00] [Reviewer] 正在审查第394章...
[2026-05-19 04:34:04] [Reviewer] 第383章审查完成，评分: 8.0， verdict: 需修改
[2026-05-19 04:34:05] [Reviewer] 正在审查第384章...
[2026-05-19 04:34:27] [Reviewer] 第394章审查完成，评分: 8.2， verdict: 通过
[2026-05-19 04:34:28] [Reviewer] 正在审查第395章...
[2026-05-19 04:34:39] [Reviewer] 第384章审查完成，评分: 8， verdict: 通过
[2026-05-19 04:34:40] [Reviewer] 正在审查第385章...
[2026-05-19 04:34:57] [Reviewer] 第395章审查完成，评分: 8， verdict: 通过
[2026-05-19 04:34:58] [Reviewer] 正在审查第396章...
[2026-05-19 04:35:09] [Reviewer] 第385章审查完成，评分: 8.2， verdict: 通过
[2026-05-19 04:35:10] [Reviewer] 正在审查第386章...
[2026-05-19 04:35:22] [Reviewer] 正在审查第101章...
[2026-05-19 04:35:22] [Reviewer] 正在审查第111章...
[2026-05-19 04:35:26] [Reviewer] 正在审查第101章...
[2026-05-19 04:35:26] [Reviewer] 正在审查第105章...
[2026-05-19 04:35:26] [Reviewer] 正在审查第109章...
[2026-05-19 04:35:26] [Reviewer] 正在审查第113章...
[2026-05-19 04:35:27] [Reviewer] 正在审查第117章...
[2026-05-19 04:35:28] [Reviewer] 第396章审查完成，评分: 7.5， verdict: 需修改
[2026-05-19 04:35:29] [Reviewer] 正在审查第397章...
[2026-05-19 04:35:50] [Reviewer] 第386章审查完成，评分: 8.2， verdict: 通过
[2026-05-19 04:35:51] [Reviewer] 正在审查第387章...
[2026-05-19 04:35:56] [Reviewer] JSON解析失败: Invalid control character at: line 22 column 28 (char 480)
[2026-05-19 04:35:56] [Reviewer] 第397章审查完成，评分: N/A， verdict: N/A
[2026-05-19 04:35:57] [Reviewer] 正在审查第398章...
[2026-05-19 04:35:57] [Reviewer] 第101章审查完成，评分: 7.2， verdict: 需修改
[2026-05-19 04:35:58] [Reviewer] 第101章审查完成，评分: 7.2， verdict: 需修改
[2026-05-19 04:35:58] [Reviewer] 正在审查第102章...
[2026-05-19 04:35:59] [Reviewer] 正在审查第102章...
[2026-05-19 04:36:02] [Reviewer] 第105章审查完成，评分: 7.5， verdict: 需修改
[2026-05-19 04:36:03] [Reviewer] 正在审查第106章...
[2026-05-19 04:36:03] [Reviewer] 第113章审查完成，评分: 7.8， verdict: 通过
[2026-05-19 04:36:04] [Reviewer] 第109章审查完成，评分: 8， verdict: 需修改
[2026-05-19 04:36:04] [Reviewer] 正在审查第114章...
[2026-05-19 04:36:04] [Reviewer] 第117章审查完成，评分: 8.5， verdict: 需修改
[2026-05-19 04:36:05] [Reviewer] 正在审查第110章...
[2026-05-19 04:36:05] [Reviewer] 正在审查第118章...
[2026-05-19 04:36:07] [Reviewer] 第111章审查完成，评分: 8.3， verdict: 通过
[2026-05-19 04:36:08] [Reviewer] 正在审查第112章...
[2026-05-19 04:36:26] [Reviewer] 第387章审查完成，评分: 8， verdict: 通过
[2026-05-19 04:36:27] [Reviewer] 正在审查第388章...
[2026-05-19 04:36:28] [Reviewer] 第398章审查完成，评分: 8.2， verdict: 通过
[2026-05-19 04:36:29] [Reviewer] 正在审查第399章...
[2026-05-19 04:36:30] [Reviewer] 第110章审查完成，评分: 7.8， verdict: 通过
[2026-05-19 04:36:31] [Reviewer] 第111章已有有效审查报告，跳过
[2026-05-19 04:36:31] [Reviewer] 第102章审查完成，评分: 7.5， verdict: 需修改
[2026-05-19 04:36:32] [Reviewer] 正在审查第112章...
[2026-05-19 04:36:32] [Reviewer] 正在审查第103章...
[2026-05-19 04:36:33] [Reviewer] 第102章审查完成，评分: 7.5， verdict: 需修改
[2026-05-19 04:36:33] [Reviewer] 第106章审查完成，评分: 8.5， verdict: 通过
[2026-05-19 04:36:34] [Reviewer] 正在审查第103章...
[2026-05-19 04:36:34] [Reviewer] 正在审查第107章...
[2026-05-19 04:36:35] [Reviewer] 第114章审查完成，评分: 7.2， verdict: 需修改
[2026-05-19 04:36:36] [Reviewer] 正在审查第115章...
[2026-05-19 04:36:46] [Reviewer] 第118章审查完成，评分: 8.5， verdict: 通过
[2026-05-19 04:36:47] [Reviewer] 正在审查第119章...
[2026-05-19 04:36:47] [Reviewer] 第112章审查完成，评分: 8.5， verdict: 通过
[2026-05-19 04:36:48] [Reviewer] 第113章已有有效审查报告，跳过
[2026-05-19 04:36:49] [Reviewer] 第114章已有有效审查报告，跳过
[2026-05-19 04:36:50] [Reviewer] 正在审查第115章...
[2026-05-19 04:37:03] [Reviewer] 第399章审查完成，评分: 8.5， verdict: 需修改
[2026-05-19 04:37:04] [Reviewer] 正在审查第400章...
[2026-05-19 04:37:07] [Reviewer] 第107章审查完成，评分: 7.5， verdict: 需修改
[2026-05-19 04:37:07] [Reviewer] 第388章审查完成，评分: 8.2， verdict: 通过
[2026-05-19 04:37:08] [Reviewer] 第103章审查完成，评分: 7.8， verdict: 需修改
[2026-05-19 04:37:08] [Reviewer] 正在审查第108章...
[2026-05-19 04:37:08] [Reviewer] 正在审查第389章...
[2026-05-19 04:37:09] [Reviewer] 正在审查第104章...
[2026-05-19 04:37:10] [Reviewer] 第103章审查完成，评分: 7.5， verdict: 需修改
[2026-05-19 04:37:11] [Reviewer] 正在审查第104章...
[2026-05-19 04:37:11] [Reviewer] 第112章审查完成，评分: 8.2， verdict: 通过
[2026-05-19 04:37:12] [Reviewer] 全部完成
[2026-05-19 04:37:17] [Reviewer] 第115章审查完成，评分: 7.8， verdict: 需修改
[2026-05-19 04:37:18] [Reviewer] 正在审查第116章...
[2026-05-19 04:37:25] [Reviewer] 第115章审查完成，评分: 7.8， verdict: 需修改
[2026-05-19 04:37:25] [Reviewer] 第119章审查完成，评分: 7.5， verdict: 需修改
[2026-05-19 04:37:26] [Reviewer] 正在审查第116章...
[2026-05-19 04:37:26] [Reviewer] 正在审查第120章...
[2026-05-19 04:37:36] [Reviewer] 第400章审查完成，评分: 7.5， verdict: 通过
[2026-05-19 04:37:37] [Reviewer] 全部完成
[2026-05-19 04:37:38] [Reviewer] 第108章审查完成，评分: 7.8， verdict: 通过
[2026-05-19 04:37:39] [Reviewer] 全部完成
[2026-05-19 04:37:47] [Reviewer] 第104章审查完成，评分: 8.5， verdict: 通过
[2026-05-19 04:37:48] [Reviewer] 全部完成
[2026-05-19 04:37:48] [Reviewer] 第104章审查完成，评分: 8.5， verdict: 通过
[2026-05-19 04:37:49] [Reviewer] 第389章审查完成，评分: 8.1， verdict: 通过
[2026-05-19 04:37:49] [Reviewer] 第105章已有有效审查报告，跳过
[2026-05-19 04:37:50] [Reviewer] 正在审查第390章...
[2026-05-19 04:37:50] [Reviewer] 第106章已有有效审查报告，跳过
[2026-05-19 04:37:51] [Reviewer] 第107章已有有效审查报告，跳过
[2026-05-19 04:37:52] [Reviewer] 第108章已有有效审查报告，跳过
[2026-05-19 04:37:53] [Reviewer] 第116章审查完成，评分: 7.8， verdict: 需修改
[2026-05-19 04:37:53] [Reviewer] 第109章已有有效审查报告，跳过
[2026-05-19 04:37:54] [Reviewer] 第116章审查完成，评分: 8.2， verdict: 需修改
[2026-05-19 04:37:54] [Reviewer] 第117章已有有效审查报告，跳过
[2026-05-19 04:37:54] [Reviewer] 第110章已有有效审查报告，跳过
[2026-05-19 04:37:55] [Reviewer] 全部完成
[2026-05-19 04:37:55] [Reviewer] 第118章已有有效审查报告，跳过
[2026-05-19 04:37:55] [Reviewer] 全部完成
[2026-05-19 04:37:56] [Reviewer] 第119章已有有效审查报告，跳过
[2026-05-19 04:37:57] [Reviewer] 正在审查第120章...
[2026-05-19 04:38:00] [Reviewer] 第120章审查完成，评分: 7.8， verdict: 需修改
[2026-05-19 04:38:01] [Reviewer] 全部完成
[2026-05-19 04:38:26] [Reviewer] 第390章审查完成，评分: 8.5， verdict: 通过
[2026-05-19 04:38:27] [Reviewer] 全部完成
[2026-05-19 04:38:27] [Reviewer] 第120章审查完成，评分: 7.5， verdict: 需修改
[2026-05-19 04:38:28] [Reviewer] 全部完成
[2026-05-19 04:44:30] [Reviewer] 正在审查第461章...
[2026-05-19 04:44:30] [Reviewer] 正在审查第471章...
[2026-05-19 04:45:00] [Reviewer] JSON解析失败: Expecting ',' delimiter: line 25 column 12 (char 551)
[2026-05-19 04:45:00] [Reviewer] 第471章审查完成，评分: N/A， verdict: N/A
[2026-05-19 04:45:01] [Reviewer] 正在审查第472章...
[2026-05-19 04:45:09] [Reviewer] 第461章审查完成，评分: 7.8， verdict: 需修改
[2026-05-19 04:45:10] [Reviewer] 正在审查第462章...
[2026-05-19 04:45:33] [Reviewer] 第472章审查完成，评分: 8， verdict: 通过
[2026-05-19 04:45:34] [Reviewer] 正在审查第473章...
[2026-05-19 04:45:39] [Reviewer] 第462章审查完成，评分: 8， verdict: 通过
[2026-05-19 04:45:40] [Reviewer] 正在审查第463章...
[2026-05-19 04:46:04] [Reviewer] 第473章审查完成，评分: 7.5， verdict: 需修改
[2026-05-19 04:46:05] [Reviewer] 正在审查第474章...
[2026-05-19 04:46:13] [Reviewer] 第463章审查完成，评分: 8.0， verdict: 需修改
[2026-05-19 04:46:14] [Reviewer] 正在审查第464章...
[2026-05-19 04:46:45] [Reviewer] 第401章已有有效审查报告，跳过
[2026-05-19 04:46:45] [Reviewer] 第411章已有有效审查报告，跳过
[2026-05-19 04:46:46] [Reviewer] 第474章审查完成，评分: 8.5， verdict: 通过
[2026-05-19 04:46:46] [Reviewer] 第402章已有有效审查报告，跳过
[2026-05-19 04:46:46] [Reviewer] 第412章已有有效审查报告，跳过
[2026-05-19 04:46:47] [Reviewer] 正在审查第475章...
[2026-05-19 04:46:47] [Reviewer] 第403章已有有效审查报告，跳过
[2026-05-19 04:46:47] [Reviewer] 第413章已有有效审查报告，跳过
[2026-05-19 04:46:48] [Reviewer] 第404章已有有效审查报告，跳过
[2026-05-19 04:46:48] [Reviewer] 第414章已有有效审查报告，跳过
[2026-05-19 04:46:49] [Reviewer] 第464章审查完成，评分: 8.2， verdict: 通过
[2026-05-19 04:46:49] [Reviewer] 第405章已有有效审查报告，跳过
[2026-05-19 04:46:49] [Reviewer] 第415章已有有效审查报告，跳过
[2026-05-19 04:46:50] [Reviewer] 正在审查第465章...
[2026-05-19 04:46:50] [Reviewer] 第406章已有有效审查报告，跳过
[2026-05-19 04:46:50] [Reviewer] 第416章已有有效审查报告，跳过
[2026-05-19 04:46:51] [Reviewer] 第407章已有有效审查报告，跳过
[2026-05-19 04:46:51] [Reviewer] 正在审查第417章...
[2026-05-19 04:46:52] [Reviewer] 第408章已有有效审查报告，跳过
[2026-05-19 04:46:53] [Reviewer] 第409章已有有效审查报告，跳过
[2026-05-19 04:46:54] [Reviewer] 第410章已有有效审查报告，跳过
[2026-05-19 04:46:55] [Reviewer] 全部完成
[2026-05-19 04:47:04] [Reviewer] 正在审查第121章...
[2026-05-19 04:47:04] [Reviewer] 正在审查第125章...
[2026-05-19 04:47:04] [Reviewer] 正在审查第129章...
[2026-05-19 04:47:04] [Reviewer] 正在审查第133章...
[2026-05-19 04:47:04] [Reviewer] 正在审查第137章...
[2026-05-19 04:47:18] [Reviewer] 第475章审查完成，评分: 7.8， verdict: 需修改
[2026-05-19 04:47:19] [Reviewer] 正在审查第476章...
[2026-05-19 04:47:19] [Reviewer] 第465章审查完成，评分: 7.5， verdict: 需修改
[2026-05-19 04:47:20] [Reviewer] 正在审查第466章...
[2026-05-19 04:47:30] [Reviewer] 第417章审查完成，评分: 8.2， verdict: 通过
[2026-05-19 04:47:31] [Reviewer] 第133章审查完成，评分: 8.2， verdict: 通过
[2026-05-19 04:47:31] [Reviewer] 正在审查第418章...
[2026-05-19 04:47:32] [Reviewer] 正在审查第134章...
[2026-05-19 04:47:37] [Reviewer] 第137章审查完成，评分: 8.5， verdict: 通过
[2026-05-19 04:47:37] [Reviewer] 第125章审查完成，评分: 7.8， verdict: 需修改
[2026-05-19 04:47:38] [Reviewer] 正在审查第138章...
[2026-05-19 04:47:38] [Reviewer] 正在审查第126章...
[2026-05-19 04:47:39] [Reviewer] 第121章审查完成，评分: 8.2， verdict: 通过
[2026-05-19 04:47:40] [Reviewer] 正在审查第122章...
[2026-05-19 04:47:50] [Reviewer] 第129章审查完成，评分: 8.2， verdict: 通过
[2026-05-19 04:47:51] [Reviewer] 正在审查第130章...
[2026-05-19 04:47:55] [Reviewer] 第476章审查完成，评分: 8.5， verdict: 通过
[2026-05-19 04:47:55] [Reviewer] 第466章审查完成，评分: 7.5， verdict: 需修改
[2026-05-19 04:47:56] [Reviewer] 正在审查第477章...
[2026-05-19 04:47:56] [Reviewer] 正在审查第467章...
[2026-05-19 04:47:59] [Reviewer] 第121章已有有效审查报告，跳过
[2026-05-19 04:47:59] [Reviewer] 正在审查第131章...
[2026-05-19 04:48:00] [Reviewer] 正在审查第122章...
[2026-05-19 04:48:07] [Reviewer] 第138章审查完成，评分: 8.5， verdict: 通过
[2026-05-19 04:48:07] [Reviewer] 第134章审查完成，评分: 8.2， verdict: 需修改
[2026-05-19 04:48:07] [Reviewer] 第418章审查完成，评分: 7.5， verdict: 需修改
[2026-05-19 04:48:08] [Reviewer] 正在审查第139章...
[2026-05-19 04:48:08] [Reviewer] 正在审查第135章...
[2026-05-19 04:48:08] [Reviewer] 正在审查第419章...
[2026-05-19 04:48:10] [Reviewer] 第122章审查完成，评分: 8.0， verdict: 需修改
[2026-05-19 04:48:11] [Reviewer] 正在审查第123章...
[2026-05-19 04:48:14] [Reviewer] 第126章审查完成，评分: 7.5， verdict: 需修改
[2026-05-19 04:48:15] [Reviewer] 正在审查第127章...
[2026-05-19 04:48:27] [Reviewer] 第130章审查完成，评分: 7.8， verdict: 通过
[2026-05-19 04:48:28] [Reviewer] 正在审查第131章...
[2026-05-19 04:48:31] [Reviewer] 第477章审查完成，评分: 8.0， verdict: 通过
[2026-05-19 04:48:32] [Reviewer] 正在审查第478章...
[2026-05-19 04:48:36] [Reviewer] 第467章审查完成，评分: 7.5， verdict: 需修改
[2026-05-19 04:48:37] [Reviewer] 正在审查第468章...
[2026-05-19 04:48:38] [Reviewer] 第127章审查完成，评分: 7.5， verdict: 需修改
[2026-05-19 04:48:39] [Reviewer] 第131章审查完成，评分: 7.5， verdict: 需修改
[2026-05-19 04:48:39] [Reviewer] 第139章审查完成，评分: 8.0， verdict: 需修改
[2026-05-19 04:48:39] [Reviewer] 正在审查第128章...
[2026-05-19 04:48:40] [Reviewer] 正在审查第132章...
[2026-05-19 04:48:40] [Reviewer] 正在审查第140章...
[2026-05-19 04:48:42] [Reviewer] 第122章审查完成，评分: 8.0， verdict: 通过
[2026-05-19 04:48:43] [Reviewer] 正在审查第123章...
[2026-05-19 04:48:44] [Reviewer] 第419章审查完成，评分: 8.5， verdict: 通过
[2026-05-19 04:48:45] [Reviewer] 正在审查第420章...
[2026-05-19 04:48:47] [Reviewer] 第135章审查完成，评分: 7.8， verdict: 需修改
[2026-05-19 04:48:48] [Reviewer] 正在审查第136章...
[2026-05-19 04:48:53] [Reviewer] 第123章审查完成，评分: 8.0， verdict: 需修改
[2026-05-19 04:48:54] [Reviewer] 正在审查第124章...
[2026-05-19 04:48:59] [Reviewer] 第131章审查完成，评分: 8.2， verdict: 通过
[2026-05-19 04:49:00] [Reviewer] 正在审查第132章...
[2026-05-19 04:49:09] [Reviewer] 第478章审查完成，评分: 8.5， verdict: 通过
[2026-05-19 04:49:10] [Reviewer] 正在审查第479章...
[2026-05-19 04:49:15] [Reviewer] 第123章审查完成，评分: 7.5， verdict: 需修改
[2026-05-19 04:49:16] [Reviewer] 第468章审查完成，评分: 7.8， verdict: 需修改
[2026-05-19 04:49:16] [Reviewer] 正在审查第124章...
[2026-05-19 04:49:16] [Reviewer] 第420章审查完成，评分: 8.2， verdict: 通过
[2026-05-19 04:49:16] [Reviewer] 第140章审查完成，评分: 7.5， verdict: 需修改
[2026-05-19 04:49:17] [Reviewer] 正在审查第469章...
[2026-05-19 04:49:17] [Reviewer] 全部完成
[2026-05-19 04:49:17] [Reviewer] 全部完成
[2026-05-19 04:49:19] [Reviewer] 第132章审查完成，评分: 7.6， verdict: 需修改
[2026-05-19 04:49:20] [Reviewer] 第133章已有有效审查报告，跳过
[2026-05-19 04:49:20] [Reviewer] 第128章审查完成，评分: 8.2， verdict: 通过
[2026-05-19 04:49:21] [Reviewer] 第134章已有有效审查报告，跳过
[2026-05-19 04:49:21] [Reviewer] 全部完成
[2026-05-19 04:49:22] [Reviewer] 第135章已有有效审查报告，跳过
[2026-05-19 04:49:23] [Reviewer] 正在审查第136章...
[2026-05-19 04:49:24] [Reviewer] 第136章审查完成，评分: 8.0， verdict: 通过
[2026-05-19 04:49:25] [Reviewer] 全部完成
[2026-05-19 04:49:26] [Reviewer] 第124章审查完成，评分: 8.0， verdict: 通过
[2026-05-19 04:49:27] [Reviewer] 全部完成
[2026-05-19 04:49:32] [Reviewer] 第421章已有有效审查报告，跳过
[2026-05-19 04:49:32] [Reviewer] 第431章审查报告无效（parse_error），重新审查
[2026-05-19 04:49:32] [Reviewer] 正在审查第431章...
[2026-05-19 04:49:33] [Reviewer] 第422章已有有效审查报告，跳过
[2026-05-19 04:49:34] [Reviewer] 第423章已有有效审查报告，跳过
[2026-05-19 04:49:35] [Reviewer] 第424章已有有效审查报告，跳过
[2026-05-19 04:49:36] [Reviewer] 第132章审查完成，评分: 8， verdict: 通过
[2026-05-19 04:49:36] [Reviewer] 第425章已有有效审查报告，跳过
[2026-05-19 04:49:37] [Reviewer] 全部完成
[2026-05-19 04:49:37] [Reviewer] 第426章已有有效审查报告，跳过
[2026-05-19 04:49:38] [Reviewer] 第427章已有有效审查报告，跳过
[2026-05-19 04:49:39] [Reviewer] 第428章已有有效审查报告，跳过
[2026-05-19 04:49:40] [Reviewer] 第429章已有有效审查报告，跳过
[2026-05-19 04:49:41] [Reviewer] 第430章已有有效审查报告，跳过
[2026-05-19 04:49:42] [Reviewer] 全部完成
[2026-05-19 04:49:51] [Reviewer] 第124章审查完成，评分: 8.0， verdict: 通过
[2026-05-19 04:49:52] [Reviewer] 第479章审查完成，评分: 7.8， verdict: 通过
[2026-05-19 04:49:52] [Reviewer] 第125章已有有效审查报告，跳过
[2026-05-19 04:49:53] [Reviewer] 正在审查第480章...
[2026-05-19 04:49:53] [Reviewer] 第126章已有有效审查报告，跳过
[2026-05-19 04:49:54] [Reviewer] 第127章已有有效审查报告，跳过
[2026-05-19 04:49:55] [Reviewer] 第136章审查完成，评分: 8.3， verdict: 通过
[2026-05-19 04:49:55] [Reviewer] 第128章已有有效审查报告，跳过
[2026-05-19 04:49:56] [Reviewer] 第137章已有有效审查报告，跳过
[2026-05-19 04:49:56] [Reviewer] 第129章已有有效审查报告，跳过
[2026-05-19 04:49:57] [Reviewer] 第138章已有有效审查报告，跳过
[2026-05-19 04:49:57] [Reviewer] 第130章已有有效审查报告，跳过
[2026-05-19 04:49:58] [Reviewer] 第139章已有有效审查报告，跳过
[2026-05-19 04:49:58] [Reviewer] 全部完成
[2026-05-19 04:49:59] [Reviewer] 第140章已有有效审查报告，跳过
[2026-05-19 04:50:00] [Reviewer] 全部完成
[2026-05-19 04:50:00] [Reviewer] 第469章审查完成，评分: 7.5， verdict: 需修改
[2026-05-19 04:50:01] [Reviewer] 正在审查第470章...
[2026-05-19 04:50:13] [Reviewer] JSON解析失败: Invalid control character at: line 30 column 56 (char 931)
[2026-05-19 04:50:13] [Reviewer] 第431章审查完成，评分: N/A， verdict: N/A
[2026-05-19 04:50:14] [Reviewer] 第432章已有有效审查报告，跳过
[2026-05-19 04:50:15] [Reviewer] 第433章审查报告无效（parse_error），重新审查
[2026-05-19 04:50:15] [Reviewer] 正在审查第433章...
[2026-05-19 04:50:32] [Reviewer] 第480章审查完成，评分: 7.8， verdict: 需修改
[2026-05-19 04:50:33] [Reviewer] 全部完成
[2026-05-19 04:50:34] [Reviewer] 第470章审查完成，评分: 8.0， verdict: 通过
[2026-05-19 04:50:35] [Reviewer] 全部完成
[2026-05-19 04:50:47] [Reviewer] 第433章审查完成，评分: 8.2， verdict: 通过
[2026-05-19 04:50:48] [Reviewer] 第434章已有有效审查报告，跳过
[2026-05-19 04:50:49] [Reviewer] 第435章审查报告无效（completed），重新审查
[2026-05-19 04:50:50] [Reviewer] 正在审查第435章...
[2026-05-19 04:51:17] [Reviewer] 第435章审查完成，评分: 7.0， verdict: 需修改
[2026-05-19 04:51:18] [Reviewer] 第436章已有有效审查报告，跳过
[2026-05-19 04:51:19] [Reviewer] 第437章已有有效审查报告，跳过
[2026-05-19 04:51:20] [Reviewer] 第438章审查报告无效（parse_error），重新审查
[2026-05-19 04:51:20] [Reviewer] 正在审查第438章...
[2026-05-19 04:52:00] [Reviewer] 第438章审查完成，评分: 7.5， verdict: 需修改
[2026-05-19 04:52:01] [Reviewer] 第439章已有有效审查报告，跳过
[2026-05-19 04:52:02] [Reviewer] 第440章已有有效审查报告，跳过
[2026-05-19 04:52:03] [Reviewer] 全部完成
[2026-05-19 04:53:34] [Reviewer] 第441章已有有效审查报告，跳过
[2026-05-19 04:53:34] [Reviewer] 第451章已有有效审查报告，跳过
[2026-05-19 04:53:35] [Reviewer] 第442章已有有效审查报告，跳过
[2026-05-19 04:53:35] [Reviewer] 第452章已有有效审查报告，跳过
[2026-05-19 04:53:36] [Reviewer] 第443章已有有效审查报告，跳过
[2026-05-19 04:53:36] [Reviewer] 第453章已有有效审查报告，跳过
[2026-05-19 04:53:37] [Reviewer] 第444章已有有效审查报告，跳过
[2026-05-19 04:53:37] [Reviewer] 第454章已有有效审查报告，跳过
[2026-05-19 04:53:38] [Reviewer] 第445章已有有效审查报告，跳过
[2026-05-19 04:53:38] [Reviewer] 第455章已有有效审查报告，跳过
[2026-05-19 04:53:39] [Reviewer] 第446章已有有效审查报告，跳过
[2026-05-19 04:53:39] [Reviewer] 第456章已有有效审查报告，跳过
[2026-05-19 04:53:40] [Reviewer] 第447章已有有效审查报告，跳过
[2026-05-19 04:53:40] [Reviewer] 第457章已有有效审查报告，跳过
[2026-05-19 04:53:41] [Reviewer] 第448章已有有效审查报告，跳过
[2026-05-19 04:53:41] [Reviewer] 第458章已有有效审查报告，跳过
[2026-05-19 04:53:42] [Reviewer] 第449章已有有效审查报告，跳过
[2026-05-19 04:53:42] [Reviewer] 第459章已有有效审查报告，跳过
[2026-05-19 04:53:43] [Reviewer] 第450章已有有效审查报告，跳过
[2026-05-19 04:53:43] [Reviewer] 第460章已有有效审查报告，跳过
[2026-05-19 04:53:44] [Reviewer] 全部完成
[2026-05-19 04:53:44] [Reviewer] 全部完成
[2026-05-19 04:56:24] [Reviewer] 正在审查第141章...
[2026-05-19 04:56:24] [Reviewer] 正在审查第145章...
[2026-05-19 04:56:24] [Reviewer] 正在审查第149章...
[2026-05-19 04:56:24] [Reviewer] 正在审查第153章...
[2026-05-19 04:56:24] [Reviewer] 正在审查第157章...
[2026-05-19 04:56:51] [Reviewer] 第149章审查完成，评分: 8.2， verdict: 需修改
[2026-05-19 04:56:51] [Reviewer] 第145章审查完成，评分: 7.5， verdict: 需修改
[2026-05-19 04:56:52] [Reviewer] 正在审查第150章...
[2026-05-19 04:56:53] [Reviewer] 正在审查第146章...
[2026-05-19 04:56:53] [Reviewer] 第157章审查完成，评分: 8.0， verdict: 通过
[2026-05-19 04:56:54] [Reviewer] 正在审查第158章...
[2026-05-19 04:56:54] [Reviewer] JSON解析失败: Invalid control character at: line 23 column 40 (char 551)
[2026-05-19 04:56:54] [Reviewer] 第153章审查完成，评分: N/A， verdict: N/A
[2026-05-19 04:56:55] [Reviewer] 正在审查第154章...
[2026-05-19 04:56:57] [Reviewer] 第141章审查完成，评分: 8.0， verdict: 通过
[2026-05-19 04:56:58] [Reviewer] 正在审查第142章...
[2026-05-19 04:57:20] [Reviewer] 第150章审查完成，评分: 7.8， verdict: 通过
[2026-05-19 04:57:21] [Reviewer] 正在审查第151章...
[2026-05-19 04:57:23] [Reviewer] 第154章审查完成，评分: 8.3， verdict: 通过
[2026-05-19 04:57:24] [Reviewer] 正在审查第155章...
[2026-05-19 04:57:25] [Reviewer] 第141章已有有效审查报告，跳过
[2026-05-19 04:57:25] [Reviewer] 正在审查第151章...
[2026-05-19 04:57:25] [Reviewer] 第158章审查完成，评分: 8.0， verdict: 通过
[2026-05-19 04:57:26] [Reviewer] 正在审查第142章...
[2026-05-19 04:57:26] [Reviewer] 正在审查第159章...
[2026-05-19 04:57:33] [Reviewer] 第142章审查完成，评分: 8， verdict: 通过
[2026-05-19 04:57:34] [Reviewer] 正在审查第143章...
[2026-05-19 04:57:35] [Reviewer] 第146章审查完成，评分: 8， verdict: 需修改
[2026-05-19 04:57:36] [Reviewer] 正在审查第147章...
[2026-05-19 04:57:45] [Reviewer] 第151章审查完成，评分: 7.2， verdict: 需修改
[2026-05-19 04:57:46] [Reviewer] 正在审查第152章...
[2026-05-19 04:57:58] [Reviewer] 第142章审查完成，评分: 8.5， verdict: 通过
[2026-05-19 04:57:58] [Reviewer] 第155章审查完成，评分: 8.0， verdict: 通过
[2026-05-19 04:57:59] [Reviewer] 正在审查第143章...
[2026-05-19 04:57:59] [Reviewer] 正在审查第156章...
[2026-05-19 04:58:00] [Reviewer] 第151章审查完成，评分: 8.5， verdict: 通过
[2026-05-19 04:58:01] [Reviewer] 第159章审查完成，评分: 7.8， verdict: 需修改
[2026-05-19 04:58:01] [Reviewer] 正在审查第152章...
[2026-05-19 04:58:02] [Reviewer] 正在审查第160章...
[2026-05-19 04:58:03] [Reviewer] 第143章审查完成，评分: 6.5， verdict: 需修改
[2026-05-19 04:58:04] [Reviewer] 正在审查第144章...
[2026-05-19 04:58:11] [Reviewer] 第147章审查完成，评分: 7.5， verdict: 需修改
[2026-05-19 04:58:13] [Reviewer] 正在审查第148章...
[2026-05-19 04:58:22] [Reviewer] 第152章审查完成，评分: 8.2， verdict: 通过
[2026-05-19 04:58:23] [Reviewer] 全部完成
[2026-05-19 04:58:27] [Reviewer] 第156章审查完成，评分: 7.8， verdict: 通过（需小幅修改）
[2026-05-19 04:58:28] [Reviewer] 全部完成
[2026-05-19 04:58:29] [Reviewer] 第143章审查完成，评分: 7.5， verdict: 需修改
[2026-05-19 04:58:30] [Reviewer] 正在审查第144章...
[2026-05-19 04:58:33] [Reviewer] 第152章审查完成，评分: 7.5， verdict: 需修改
[2026-05-19 04:58:34] [Reviewer] 第153章审查报告无效（parse_error），重新审查
[2026-05-19 04:58:34] [Reviewer] 正在审查第153章...
[2026-05-19 04:58:39] [Reviewer] 第160章审查完成，评分: 8.0， verdict: 通过
[2026-05-19 04:58:40] [Reviewer] 全部完成
[2026-05-19 04:58:40] [Reviewer] 第144章审查完成，评分: 7.5， verdict: 需修改
[2026-05-19 04:58:41] [Reviewer] 全部完成
[2026-05-19 04:58:44] [Reviewer] 第148章审查完成，评分: 7.5， verdict: 需修改
[2026-05-19 04:58:45] [Reviewer] 全部完成
[2026-05-19 04:58:53] [Reviewer] 第461章已有有效审查报告，跳过
[2026-05-19 04:58:53] [Reviewer] 第471章审查报告无效（parse_error），重新审查
[2026-05-19 04:58:53] [Reviewer] 正在审查第471章...
[2026-05-19 04:58:54] [Reviewer] 第462章已有有效审查报告，跳过
[2026-05-19 04:58:55] [Reviewer] 第463章已有有效审查报告，跳过
[2026-05-19 04:58:56] [Reviewer] 第464章已有有效审查报告，跳过
[2026-05-19 04:58:57] [Reviewer] 第465章已有有效审查报告，跳过
[2026-05-19 04:58:58] [Reviewer] 第466章已有有效审查报告，跳过
[2026-05-19 04:58:59] [Reviewer] 第467章已有有效审查报告，跳过
[2026-05-19 04:59:00] [Reviewer] 第468章已有有效审查报告，跳过
[2026-05-19 04:59:01] [Reviewer] 第469章已有有效审查报告，跳过
[2026-05-19 04:59:02] [Reviewer] 第470章已有有效审查报告，跳过
[2026-05-19 04:59:02] [Reviewer] 第153章审查完成，评分: 8.5， verdict: 需修改
[2026-05-19 04:59:03] [Reviewer] 全部完成
[2026-05-19 04:59:03] [Reviewer] 第154章已有有效审查报告，跳过
[2026-05-19 04:59:04] [Reviewer] 第155章已有有效审查报告，跳过
[2026-05-19 04:59:05] [Reviewer] 第156章已有有效审查报告，跳过
[2026-05-19 04:59:06] [Reviewer] 第144章审查完成，评分: 8， verdict: 通过
[2026-05-19 04:59:06] [Reviewer] 第157章已有有效审查报告，跳过
[2026-05-19 04:59:07] [Reviewer] 第145章已有有效审查报告，跳过
[2026-05-19 04:59:07] [Reviewer] 第158章已有有效审查报告，跳过
[2026-05-19 04:59:08] [Reviewer] 第146章已有有效审查报告，跳过
[2026-05-19 04:59:08] [Reviewer] 第159章已有有效审查报告，跳过
[2026-05-19 04:59:09] [Reviewer] 第147章已有有效审查报告，跳过
[2026-05-19 04:59:09] [Reviewer] 第160章已有有效审查报告，跳过
[2026-05-19 04:59:10] [Reviewer] 第148章已有有效审查报告，跳过
[2026-05-19 04:59:10] [Reviewer] 全部完成
[2026-05-19 04:59:11] [Reviewer] 第149章已有有效审查报告，跳过
[2026-05-19 04:59:12] [Reviewer] 第150章已有有效审查报告，跳过
[2026-05-19 04:59:13] [Reviewer] 全部完成
[2026-05-19 04:59:24] [Reviewer] 第471章审查完成，评分: 8.5， verdict: 通过
[2026-05-19 04:59:25] [Reviewer] 第472章已有有效审查报告，跳过
[2026-05-19 04:59:26] [Reviewer] 第473章已有有效审查报告，跳过
[2026-05-19 04:59:27] [Reviewer] 第474章已有有效审查报告，跳过
[2026-05-19 04:59:28] [Reviewer] 第475章已有有效审查报告，跳过
[2026-05-19 04:59:29] [Reviewer] 第476章已有有效审查报告，跳过
[2026-05-19 04:59:30] [Reviewer] 第477章已有有效审查报告，跳过
[2026-05-19 04:59:31] [Reviewer] 第478章已有有效审查报告，跳过
[2026-05-19 04:59:32] [Reviewer] 第479章已有有效审查报告，跳过
[2026-05-19 04:59:33] [Reviewer] 第480章已有有效审查报告，跳过
[2026-05-19 04:59:34] [Reviewer] 全部完成
[2026-05-19 05:03:01] [Reviewer] 正在审查第481章...
[2026-05-19 05:03:02] [Reviewer] 正在审查第491章...
[2026-05-19 05:03:34] [Reviewer] 第481章审查完成，评分: 8.2， verdict: 需修改
[2026-05-19 05:03:35] [Reviewer] 正在审查第482章...
[2026-05-19 05:03:40] [Reviewer] 第491章审查完成，评分: 7.8， verdict: 通过
[2026-05-19 05:03:41] [Reviewer] 正在审查第492章...
[2026-05-19 05:03:51] [Reviewer] 第481章已有有效审查报告，跳过
[2026-05-19 05:03:51] [Reviewer] 第491章已有有效审查报告，跳过
[2026-05-19 05:03:52] [Reviewer] 正在审查第482章...
[2026-05-19 05:03:52] [Reviewer] 正在审查第492章...
[2026-05-19 05:04:11] [Reviewer] 第492章审查完成，评分: 8.0， verdict: 通过
[2026-05-19 05:04:12] [Reviewer] 正在审查第493章...
[2026-05-19 05:04:15] [Reviewer] 第482章审查完成，评分: 8.2， verdict: 通过
[2026-05-19 05:04:16] [Reviewer] 正在审查第483章...
[2026-05-19 05:04:26] [Reviewer] 第492章审查完成，评分: 8.5， verdict: 通过
[2026-05-19 05:04:27] [Reviewer] 正在审查第493章...
[2026-05-19 05:04:30] [Reviewer] 第482章审查完成，评分: 8.5， verdict: 通过
[2026-05-19 05:04:31] [Reviewer] 正在审查第483章...
[2026-05-19 05:04:47] [Reviewer] 第483章审查完成，评分: 8.0， verdict: 通过
[2026-05-19 05:04:48] [Reviewer] 正在审查第484章...
[2026-05-19 05:04:48] [Reviewer] 第493章审查完成，评分: 7.5， verdict: 需修改
[2026-05-19 05:04:49] [Reviewer] 正在审查第494章...
[2026-05-19 05:05:01] [Reviewer] 第493章审查完成，评分: 8.2， verdict: 通过
[2026-05-19 05:05:02] [Reviewer] 正在审查第494章...
[2026-05-19 05:05:08] [Reviewer] 第483章审查完成，评分: 7.5， verdict: 需修改
[2026-05-19 05:05:09] [Reviewer] 正在审查第484章...
[2026-05-19 05:05:23] [Reviewer] 第484章审查完成，评分: 8， verdict: 通过
[2026-05-19 05:05:24] [Reviewer] 正在审查第485章...
[2026-05-19 05:05:25] [Reviewer] 第494章审查完成，评分: 8.0， verdict: 通过
[2026-05-19 05:05:26] [Reviewer] 正在审查第495章...
[2026-05-19 05:05:40] [Reviewer] 第494章审查完成，评分: 8.0， verdict: 通过
[2026-05-19 05:05:42] [Reviewer] 正在审查第495章...
[2026-05-19 05:05:55] [Reviewer] 第484章审查完成，评分: 7.2， verdict: 需修改
[2026-05-19 05:05:56] [Reviewer] 正在审查第485章...
[2026-05-19 05:05:58] [Reviewer] 第485章审查完成，评分: 8.0， verdict: 通过
[2026-05-19 05:05:59] [Reviewer] 正在审查第486章...
[2026-05-19 05:05:59] [Reviewer] 第495章审查完成，评分: 7.5， verdict: 需修改
[2026-05-19 05:06:00] [Reviewer] 正在审查第496章...
[2026-05-19 05:06:18] [Reviewer] 第495章审查完成，评分: 8.0， verdict: 通过
[2026-05-19 05:06:19] [Reviewer] 正在审查第496章...
[2026-05-19 05:06:25] [Reviewer] 第496章审查完成，评分: 7.5， verdict: 需修改
[2026-05-19 05:06:26] [Reviewer] 正在审查第497章...
[2026-05-19 05:06:34] [Reviewer] 第485章审查完成，评分: 8.0， verdict: 需修改
[2026-05-19 05:06:36] [Reviewer] 正在审查第486章...
[2026-05-19 05:06:43] [Reviewer] 第486章审查完成，评分: 8.0， verdict: 通过
[2026-05-19 05:06:44] [Reviewer] 正在审查第487章...
[2026-05-19 05:06:59] [Reviewer] 第497章审查完成，评分: 8.2， verdict: 需修改
[2026-05-19 05:07:00] [Reviewer] 正在审查第498章...
[2026-05-19 05:07:04] [Reviewer] 第496章审查完成，评分: 8.2， verdict: 需修改
[2026-05-19 05:07:05] [Reviewer] 第497章已有有效审查报告，跳过
[2026-05-19 05:07:06] [Reviewer] 正在审查第498章...
[2026-05-19 05:07:08] [Reviewer] 第486章审查完成，评分: 8.5， verdict: 通过
[2026-05-19 05:07:09] [Reviewer] 正在审查第487章...
[2026-05-19 05:07:13] [Reviewer] 第487章审查完成，评分: 8.5， verdict: 通过
[2026-05-19 05:07:14] [Reviewer] 正在审查第488章...
[2026-05-19 05:07:40] [Reviewer] 第498章审查完成，评分: 6.5， verdict: 需修改
[2026-05-19 05:07:41] [Reviewer] 第487章审查完成，评分: 8.0， verdict: 通过
[2026-05-19 05:07:41] [Reviewer] 正在审查第499章...
[2026-05-19 05:07:42] [Reviewer] 正在审查第488章...
[2026-05-19 05:07:46] [Reviewer] 第498章审查完成，评分: 8.2， verdict: 通过
[2026-05-19 05:07:47] [Reviewer] 正在审查第499章...
[2026-05-19 05:07:50] [Reviewer] 第488章审查完成，评分: 7.8， verdict: 需修改
[2026-05-19 05:07:51] [Reviewer] 正在审查第489章...
[2026-05-19 05:08:11] [Reviewer] 第499章审查完成，评分: 7.5， verdict: 需修改
[2026-05-19 05:08:12] [Reviewer] 正在审查第500章...
[2026-05-19 05:08:13] [Reviewer] 第499章审查完成，评分: 8， verdict: 需修改
[2026-05-19 05:08:13] [Reviewer] 第488章审查完成，评分: 8.5， verdict: 通过
[2026-05-19 05:08:14] [Reviewer] 正在审查第500章...
[2026-05-19 05:08:14] [Reviewer] 正在审查第489章...
[2026-05-19 05:08:30] [Reviewer] 第489章审查完成，评分: 7.5， verdict: 需修改
[2026-05-19 05:08:31] [Reviewer] 正在审查第490章...
[2026-05-19 05:08:42] [Reviewer] 第489章审查完成，评分: 8.5， verdict: 通过
[2026-05-19 05:08:43] [Reviewer] 正在审查第490章...
[2026-05-19 05:08:49] [Reviewer] 第500章审查完成，评分: 8.5， verdict: 通过
[2026-05-19 05:08:50] [Reviewer] 全部完成
[2026-05-19 05:08:55] [Reviewer] 第500章审查完成，评分: 8.5， verdict: 通过
[2026-05-19 05:08:56] [Reviewer] 全部完成
[2026-05-19 05:09:03] [Reviewer] 第490章审查完成，评分: 8.5， verdict: 通过
[2026-05-19 05:09:04] [Reviewer] 全部完成
[2026-05-19 05:09:18] [Reviewer] 第490章审查完成，评分: 8.5， verdict: 通过
[2026-05-19 05:09:19] [Reviewer] 全部完成
[2026-05-19 05:09:46] [Reviewer] 正在审查第161章...
[2026-05-19 05:09:47] [Reviewer] 正在审查第165章...
[2026-05-19 05:09:47] [Reviewer] 正在审查第169章...
[2026-05-19 05:09:47] [Reviewer] 第177章文件不存在
[2026-05-19 05:09:47] [Reviewer] 正在审查第173章...
[2026-05-19 05:09:48] [Reviewer] 第178章文件不存在
[2026-05-19 05:09:49] [Reviewer] 第179章文件不存在
[2026-05-19 05:09:50] [Reviewer] 第180章文件不存在
[2026-05-19 05:09:51] [Reviewer] 全部完成
[2026-05-19 05:10:17] [Reviewer] 正在审查第161章...
[2026-05-19 05:10:17] [Reviewer] 正在审查第171章...
[2026-05-19 05:10:19] [Reviewer] 第169章审查完成，评分: 7.8， verdict: 需修改
[2026-05-19 05:10:19] [Reviewer] 第165章审查完成，评分: 7.2， verdict: 需修改
[2026-05-19 05:10:20] [Reviewer] 正在审查第170章...
[2026-05-19 05:10:20] [Reviewer] 正在审查第166章...
[2026-05-19 05:10:25] [Reviewer] 第173章审查完成，评分: 7.8， verdict: 通过
[2026-05-19 05:10:25] [Reviewer] JSON解析失败: Invalid control character at: line 31 column 37 (char 776)
[2026-05-19 05:10:25] [Reviewer] 第161章审查完成，评分: N/A， verdict: N/A
[2026-05-19 05:10:26] [Reviewer] 正在审查第174章...
[2026-05-19 05:10:26] [Reviewer] 正在审查第162章...
[2026-05-19 05:10:51] [Reviewer] 第166章审查完成，评分: 8.2， verdict: 通过
[2026-05-19 05:10:52] [Reviewer] 正在审查第167章...
[2026-05-19 05:10:57] [Reviewer] 第171章审查完成，评分: 8.3， verdict: 通过
[2026-05-19 05:10:58] [Reviewer] 正在审查第172章...
[2026-05-19 05:10:59] [Reviewer] 第161章审查完成，评分: 7.8， verdict: 需修改
[2026-05-19 05:10:59] [Reviewer] 第162章审查完成，评分: 8.0， verdict: 通过
[2026-05-19 05:11:00] [Reviewer] 第162章已有有效审查报告，跳过
[2026-05-19 05:11:00] [Reviewer] 第170章审查完成，评分: 8.0， verdict: 需修改
[2026-05-19 05:11:00] [Reviewer] 正在审查第163章...
[2026-05-19 05:11:01] [Reviewer] 正在审查第163章...
[2026-05-19 05:11:01] [Reviewer] 第171章已有有效审查报告，跳过
[2026-05-19 05:11:02] [Reviewer] 正在审查第172章...
[2026-05-19 05:11:08] [Reviewer] 第174章审查完成，评分: 7.5， verdict: 需修改
[2026-05-19 05:11:09] [Reviewer] 正在审查第175章...
[2026-05-19 05:11:23] [Reviewer] 第167章审查完成，评分: 7.5， verdict: 需修改
[2026-05-19 05:11:24] [Reviewer] 正在审查第168章...
[2026-05-19 05:11:30] [Reviewer] 第172章审查完成，评分: 8.2， verdict: 通过
[2026-05-19 05:11:31] [Reviewer] 第173章已有有效审查报告，跳过
[2026-05-19 05:11:32] [Reviewer] 第174章已有有效审查报告，跳过
[2026-05-19 05:11:33] [Reviewer] 正在审查第175章...
[2026-05-19 05:11:37] [Reviewer] 第163章审查完成，评分: 8.0， verdict: 通过
[2026-05-19 05:11:38] [Reviewer] 正在审查第164章...
[2026-05-19 05:11:40] [Reviewer] 第163章审查完成，评分: 7.8， verdict: 需修改
[2026-05-19 05:11:41] [Reviewer] 正在审查第164章...
[2026-05-19 05:11:42] [Reviewer] 第172章审查完成，评分: 8.5， verdict: 通过
[2026-05-19 05:11:43] [Reviewer] 全部完成
[2026-05-19 05:11:48] [Reviewer] 第175章审查完成，评分: 7.5， verdict: 需修改
[2026-05-19 05:11:49] [Reviewer] 第176章文件不存在
[2026-05-19 05:11:50] [Reviewer] 全部完成
[2026-05-19 05:11:56] [Reviewer] 第168章审查完成，评分: 8.2， verdict: 通过
[2026-05-19 05:11:57] [Reviewer] 全部完成
[2026-05-19 05:12:06] [Reviewer] 第175章审查完成，评分: 8.0， verdict: 通过
[2026-05-19 05:12:07] [Reviewer] 第176章文件不存在
[2026-05-19 05:12:08] [Reviewer] 第177章文件不存在
[2026-05-19 05:12:09] [Reviewer] 第178章文件不存在
[2026-05-19 05:12:10] [Reviewer] 第179章文件不存在
[2026-05-19 05:12:11] [Reviewer] 第180章文件不存在
[2026-05-19 05:12:12] [Reviewer] 全部完成
[2026-05-19 05:12:14] [Reviewer] 第164章审查完成，评分: 8.2， verdict: 需修改
[2026-05-19 05:12:15] [Reviewer] 全部完成
[2026-05-19 05:12:25] [Reviewer] 第164章审查完成，评分: 8.5， verdict: 通过
[2026-05-19 05:12:26] [Reviewer] 第165章已有有效审查报告，跳过
[2026-05-19 05:12:27] [Reviewer] 第166章已有有效审查报告，跳过
[2026-05-19 05:12:28] [Reviewer] 第167章已有有效审查报告，跳过
[2026-05-19 05:12:29] [Reviewer] 第168章已有有效审查报告，跳过
[2026-05-19 05:12:30] [Reviewer] 第169章已有有效审查报告，跳过
[2026-05-19 05:12:31] [Reviewer] 第170章已有有效审查报告，跳过
[2026-05-19 05:12:32] [Reviewer] 全部完成
[2026-05-19 05:17:09] [Reviewer] 第181章文件不存在
[2026-05-19 05:17:09] [Reviewer] 第185章文件不存在
[2026-05-19 05:17:09] [Reviewer] 第189章文件不存在
[2026-05-19 05:17:09] [Reviewer] 正在审查第193章...
[2026-05-19 05:17:09] [Reviewer] 正在审查第197章...
[2026-05-19 05:17:10] [Reviewer] 第182章文件不存在
[2026-05-19 05:17:10] [Reviewer] 第186章文件不存在
[2026-05-19 05:17:10] [Reviewer] 第190章文件不存在
[2026-05-19 05:17:11] [Reviewer] 第183章文件不存在
[2026-05-19 05:17:11] [Reviewer] 第187章文件不存在
[2026-05-19 05:17:11] [Reviewer] 正在审查第191章...
[2026-05-19 05:17:12] [Reviewer] 第184章文件不存在
[2026-05-19 05:17:12] [Reviewer] 第188章文件不存在
[2026-05-19 05:17:13] [Reviewer] 全部完成
[2026-05-19 05:17:13] [Reviewer] 全部完成
[2026-05-19 05:17:20] [Reviewer] 正在审查第501章...
[2026-05-19 05:17:20] [Reviewer] 正在审查第511章...
[2026-05-19 05:17:39] [Reviewer] 第193章审查完成，评分: 7.8， verdict: 需修改
[2026-05-19 05:17:40] [Reviewer] 正在审查第194章...
[2026-05-19 05:17:44] [Reviewer] 第197章审查完成，评分: 7.5， verdict: 需修改
[2026-05-19 05:17:45] [Reviewer] 正在审查第198章...
[2026-05-19 05:17:47] [Reviewer] 第501章审查完成，评分: 7.2， verdict: 需修改
[2026-05-19 05:17:48] [Reviewer] 正在审查第502章...
[2026-05-19 05:17:48] [Reviewer] 第511章审查完成，评分: 7.5， verdict: 通过
[2026-05-19 05:17:49] [Reviewer] 正在审查第512章...
[2026-05-19 05:17:50] [Reviewer] 第191章审查完成，评分: 7.4， verdict: 需修改
[2026-05-19 05:17:51] [Reviewer] 正在审查第192章...
[2026-05-19 05:18:13] [Reviewer] 第181章文件不存在
[2026-05-19 05:18:13] [Reviewer] 第191章已有有效审查报告，跳过
[2026-05-19 05:18:14] [Reviewer] 第182章文件不存在
[2026-05-19 05:18:14] [Reviewer] 正在审查第192章...
[2026-05-19 05:18:14] [Reviewer] 第194章审查完成，评分: 8.0， verdict: 需修改
[2026-05-19 05:18:15] [Reviewer] 第183章文件不存在
[2026-05-19 05:18:15] [Reviewer] 第501章已有有效审查报告，跳过
[2026-05-19 05:18:15] [Reviewer] 第511章已有有效审查报告，跳过
[2026-05-19 05:18:15] [Reviewer] 正在审查第195章...
[2026-05-19 05:18:16] [Reviewer] 第184章文件不存在
[2026-05-19 05:18:16] [Reviewer] 正在审查第502章...
[2026-05-19 05:18:16] [Reviewer] 正在审查第512章...
[2026-05-19 05:18:17] [Reviewer] 第185章文件不存在
[2026-05-19 05:18:18] [Reviewer] 第186章文件不存在
[2026-05-19 05:18:19] [Reviewer] 第187章文件不存在
[2026-05-19 05:18:20] [Reviewer] 第188章文件不存在
[2026-05-19 05:18:20] [Reviewer] 第198章审查完成，评分: 8.2， verdict: 通过
[2026-05-19 05:18:21] [Reviewer] 第189章文件不存在
[2026-05-19 05:18:21] [Reviewer] 正在审查第199章...
[2026-05-19 05:18:22] [Reviewer] 第190章文件不存在
[2026-05-19 05:18:23] [Reviewer] 全部完成
[2026-05-19 05:18:24] [Reviewer] 第502章审查完成，评分: 7.8， verdict: 需修改
[2026-05-19 05:18:25] [Reviewer] 正在审查第503章...
[2026-05-19 05:18:27] [Reviewer] 第512章审查完成，评分: 8.0， verdict: 通过
[2026-05-19 05:18:28] [Reviewer] 正在审查第513章...
[2026-05-19 05:18:36] [Reviewer] 第192章审查完成，评分: 8.0， verdict: 通过
[2026-05-19 05:18:37] [Reviewer] 全部完成
[2026-05-19 05:18:47] [Reviewer] 第195章审查完成，评分: 8.5， verdict: 通过
[2026-05-19 05:18:48] [Reviewer] 第512章审查完成，评分: 8.0， verdict: 通过
[2026-05-19 05:18:48] [Reviewer] 正在审查第196章...
[2026-05-19 05:18:49] [Reviewer] 正在审查第513章...
[2026-05-19 05:18:50] [Reviewer] 第199章审查完成，评分: 7.8， verdict: 需修改
[2026-05-19 05:18:51] [Reviewer] 正在审查第200章...
[2026-05-19 05:18:53] [Reviewer] 第192章审查完成，评分: 8.0， verdict: 通过
[2026-05-19 05:18:54] [Reviewer] 第193章已有有效审查报告，跳过
[2026-05-19 05:18:55] [Reviewer] 第194章已有有效审查报告，跳过
[2026-05-19 05:18:56] [Reviewer] 第502章审查完成，评分: 8.5， verdict: 通过
[2026-05-19 05:18:56] [Reviewer] 第195章已有有效审查报告，跳过
[2026-05-19 05:18:57] [Reviewer] 正在审查第503章...
[2026-05-19 05:18:57] [Reviewer] 正在审查第196章...
[2026-05-19 05:19:03] [Reviewer] 第513章审查完成，评分: 8.2， verdict: 通过
[2026-05-19 05:19:04] [Reviewer] 第503章审查完成，评分: 8.3， verdict: 通过
[2026-05-19 05:19:04] [Reviewer] 正在审查第514章...
[2026-05-19 05:19:05] [Reviewer] 正在审查第504章...
[2026-05-19 05:19:19] [Reviewer] 第196章审查完成，评分: 6.5， verdict: 需修改
[2026-05-19 05:19:20] [Reviewer] 全部完成
[2026-05-19 05:19:24] [Reviewer] 第200章审查完成，评分: 8.5， verdict: 通过
[2026-05-19 05:19:25] [Reviewer] 全部完成
[2026-05-19 05:19:26] [Reviewer] 第503章审查完成，评分: 7.8， verdict: 需修改
[2026-05-19 05:19:26] [Reviewer] JSON解析失败: Expecting ',' delimiter: line 21 column 19 (char 426)
[2026-05-19 05:19:26] [Reviewer] 第513章审查完成，评分: N/A， verdict: N/A
[2026-05-19 05:19:27] [Reviewer] 正在审查第504章...
[2026-05-19 05:19:27] [Reviewer] 正在审查第514章...
[2026-05-19 05:19:42] [Reviewer] 第504章审查完成，评分: 7.8， verdict: 需修改
[2026-05-19 05:19:43] [Reviewer] 正在审查第505章...
[2026-05-19 05:19:46] [Reviewer] 第196章审查完成，评分: 7.8， verdict: 需修改
[2026-05-19 05:19:47] [Reviewer] 第197章已有有效审查报告，跳过
[2026-05-19 05:19:48] [Reviewer] 第198章已有有效审查报告，跳过
[2026-05-19 05:19:49] [Reviewer] 第199章已有有效审查报告，跳过
[2026-05-19 05:19:50] [Reviewer] 第200章已有有效审查报告，跳过
[2026-05-19 05:19:51] [Reviewer] 全部完成
[2026-05-19 05:19:52] [Reviewer] 第514章审查完成，评分: 8.0， verdict: 通过
[2026-05-19 05:19:53] [Reviewer] 正在审查第515章...
[2026-05-19 05:19:56] [Reviewer] 第504章审查完成，评分: 8.5， verdict: 通过
[2026-05-19 05:19:57] [Reviewer] 正在审查第505章...
[2026-05-19 05:20:18] [Reviewer] 第505章审查完成，评分: 8.0， verdict: 通过
[2026-05-19 05:20:19] [Reviewer] 正在审查第506章...
[2026-05-19 05:20:23] [Reviewer] 第515章审查完成，评分: 8.5， verdict: 通过
[2026-05-19 05:20:24] [Reviewer] 第514章审查完成，评分: 7.8， verdict: 需修改
[2026-05-19 05:20:24] [Reviewer] 第516章文件不存在
[2026-05-19 05:20:25] [Reviewer] 第515章已有有效审查报告，跳过
[2026-05-19 05:20:25] [Reviewer] 第517章文件不存在
[2026-05-19 05:20:26] [Reviewer] 第516章文件不存在
[2026-05-19 05:20:26] [Reviewer] 第518章文件不存在
[2026-05-19 05:20:27] [Reviewer] 第517章文件不存在
[2026-05-19 05:20:27] [Reviewer] 第519章文件不存在
[2026-05-19 05:20:28] [Reviewer] 第518章文件不存在
[2026-05-19 05:20:28] [Reviewer] 第520章文件不存在
[2026-05-19 05:20:29] [Reviewer] 第505章审查完成，评分: 7.8， verdict: 需修改
[2026-05-19 05:20:29] [Reviewer] 第519章文件不存在
[2026-05-19 05:20:29] [Reviewer] 全部完成
[2026-05-19 05:20:30] [Reviewer] 正在审查第506章...
[2026-05-19 05:20:30] [Reviewer] 第520章文件不存在
[2026-05-19 05:20:31] [Reviewer] 全部完成
[2026-05-19 05:20:56] [Reviewer] JSON解析失败: Expecting ',' delimiter: line 30 column 30 (char 756)
[2026-05-19 05:20:56] [Reviewer] 第506章审查完成，评分: N/A， verdict: N/A
[2026-05-19 05:20:57] [Reviewer] 正在审查第507章...
[2026-05-19 05:21:09] [Reviewer] 第506章审查完成，评分: 8.3， verdict: 通过
[2026-05-19 05:21:10] [Reviewer] 正在审查第507章...
[2026-05-19 05:21:29] [Reviewer] 第507章审查完成，评分: 8.0， verdict: 通过
[2026-05-19 05:21:30] [Reviewer] 正在审查第508章...
[2026-05-19 05:21:46] [Reviewer] 第507章审查完成，评分: 8， verdict: 通过
[2026-05-19 05:21:47] [Reviewer] 正在审查第508章...
[2026-05-19 05:21:57] [Reviewer] 第508章审查完成，评分: 7.8， verdict: 需修改
[2026-05-19 05:21:58] [Reviewer] 正在审查第509章...
[2026-05-19 05:22:27] [Reviewer] 第508章审查完成，评分: 8.0， verdict: 通过
[2026-05-19 05:22:28] [Reviewer] 正在审查第509章...
[2026-05-19 05:22:37] [Reviewer] 第509章审查完成，评分: 8.5， verdict: 通过
[2026-05-19 05:22:38] [Reviewer] 正在审查第510章...
[2026-05-19 05:23:08] [Reviewer] 第509章审查完成，评分: 7.5， verdict: 通过
[2026-05-19 05:23:09] [Reviewer] 正在审查第510章...
[2026-05-19 05:23:12] [Reviewer] 第510章审查完成，评分: 8.5， verdict: 通过
[2026-05-19 05:23:13] [Reviewer] 全部完成
[2026-05-19 05:23:41] [Reviewer] 第201章文件不存在
[2026-05-19 05:23:41] [Reviewer] 第205章文件不存在
[2026-05-19 05:23:41] [Reviewer] 第209章文件不存在
[2026-05-19 05:23:41] [Reviewer] 第213章文件不存在
[2026-05-19 05:23:41] [Reviewer] 正在审查第217章...
[2026-05-19 05:23:42] [Reviewer] 第202章文件不存在
[2026-05-19 05:23:42] [Reviewer] 第206章文件不存在
[2026-05-19 05:23:42] [Reviewer] 第210章文件不存在
[2026-05-19 05:23:42] [Reviewer] 第214章文件不存在
[2026-05-19 05:23:43] [Reviewer] 第203章文件不存在
[2026-05-19 05:23:43] [Reviewer] 第207章文件不存在
[2026-05-19 05:23:43] [Reviewer] 第211章文件不存在
[2026-05-19 05:23:43] [Reviewer] 第215章文件不存在
[2026-05-19 05:23:44] [Reviewer] 第204章文件不存在
[2026-05-19 05:23:44] [Reviewer] 第208章文件不存在
[2026-05-19 05:23:44] [Reviewer] 第212章文件不存在
[2026-05-19 05:23:44] [Reviewer] 正在审查第216章...
[2026-05-19 05:23:45] [Reviewer] 第510章审查完成，评分: 8.5， verdict: 通过
[2026-05-19 05:23:45] [Reviewer] 全部完成
[2026-05-19 05:23:45] [Reviewer] 全部完成
[2026-05-19 05:23:45] [Reviewer] 全部完成
[2026-05-19 05:23:46] [Reviewer] 全部完成
[2026-05-19 05:24:11] [Reviewer] 第217章审查完成，评分: 8.0， verdict: 需修改
[2026-05-19 05:24:12] [Reviewer] 正在审查第218章...
[2026-05-19 05:24:18] [Reviewer] 第216章审查完成，评分: 7.5， verdict: 需修改
[2026-05-19 05:24:19] [Reviewer] 全部完成
[2026-05-19 05:24:46] [Reviewer] 第218章审查完成，评分: 8.0， verdict: 通过
[2026-05-19 05:24:47] [Reviewer] 正在审查第219章...
[2026-05-19 05:24:47] [Reviewer] 第201章文件不存在
[2026-05-19 05:24:47] [Reviewer] 第211章文件不存在
[2026-05-19 05:24:48] [Reviewer] 第202章文件不存在
[2026-05-19 05:24:48] [Reviewer] 第212章文件不存在
[2026-05-19 05:24:49] [Reviewer] 第203章文件不存在
[2026-05-19 05:24:49] [Reviewer] 第213章文件不存在
[2026-05-19 05:24:50] [Reviewer] 第204章文件不存在
[2026-05-19 05:24:50] [Reviewer] 第214章文件不存在
[2026-05-19 05:24:51] [Reviewer] 第205章文件不存在
[2026-05-19 05:24:51] [Reviewer] 第215章文件不存在
[2026-05-19 05:24:52] [Reviewer] 第206章文件不存在
[2026-05-19 05:24:52] [Reviewer] 第216章已有有效审查报告，跳过
[2026-05-19 05:24:53] [Reviewer] 第207章文件不存在
[2026-05-19 05:24:53] [Reviewer] 第217章已有有效审查报告，跳过
[2026-05-19 05:24:54] [Reviewer] 第208章文件不存在
[2026-05-19 05:24:54] [Reviewer] 第218章已有有效审查报告，跳过
[2026-05-19 05:24:55] [Reviewer] 第209章文件不存在
[2026-05-19 05:24:55] [Reviewer] 正在审查第219章...
[2026-05-19 05:24:56] [Reviewer] 第210章文件不存在
[2026-05-19 05:24:57] [Reviewer] 全部完成
[2026-05-19 05:25:23] [Reviewer] 第219章审查完成，评分: 8.0， verdict: 需修改
[2026-05-19 05:25:24] [Reviewer] 正在审查第220章...
[2026-05-19 05:25:36] [Reviewer] 第219章审查完成，评分: 7.8， verdict: 需修改
[2026-05-19 05:25:37] [Reviewer] 正在审查第220章...
[2026-05-19 05:25:55] [Reviewer] 第220章审查完成，评分: 8.2， verdict: 通过
[2026-05-19 05:25:56] [Reviewer] 全部完成
[2026-05-19 05:26:06] [Reviewer] 第220章审查完成，评分: 7.5， verdict: 需修改
[2026-05-19 05:26:07] [Reviewer] 全部完成
[2026-05-19 05:33:58] [Reviewer] 正在审查第221章...
[2026-05-19 05:33:58] [Reviewer] 正在审查第225章...
[2026-05-19 05:33:58] [Reviewer] 正在审查第229章...
[2026-05-19 05:33:58] [Reviewer] 正在审查第233章...
[2026-05-19 05:33:58] [Reviewer] 正在审查第237章...
[2026-05-19 05:34:27] [Reviewer] 第233章审查完成，评分: 7.5， verdict: 需修改
[2026-05-19 05:34:28] [Reviewer] 正在审查第234章...
[2026-05-19 05:34:28] [Reviewer] 第221章审查完成，评分: 8.5， verdict: 通过
[2026-05-19 05:34:29] [Reviewer] 正在审查第222章...
[2026-05-19 05:34:30] [Reviewer] 第237章审查完成，评分: 7.2， verdict: 需修改
[2026-05-19 05:34:31] [Reviewer] 正在审查第238章...
[2026-05-19 05:34:37] [Reviewer] 第229章审查完成，评分: 8.2， verdict: 通过
[2026-05-19 05:34:38] [Reviewer] 正在审查第230章...
[2026-05-19 05:34:42] [Reviewer] 第225章审查完成，评分: 7.5， verdict: 需修改
[2026-05-19 05:34:43] [Reviewer] 正在审查第226章...
[2026-05-19 05:34:58] [Reviewer] 第234章审查完成，评分: 8.5， verdict: 通过
[2026-05-19 05:34:59] [Reviewer] 正在审查第235章...
[2026-05-19 05:35:06] [Reviewer] 第222章审查完成，评分: 8.3， verdict: 需修改
[2026-05-19 05:35:07] [Reviewer] 正在审查第223章...
[2026-05-19 05:35:08] [Reviewer] 第238章审查完成，评分: 7.5， verdict: 通过
[2026-05-19 05:35:09] [Reviewer] 正在审查第239章...
[2026-05-19 05:35:16] [Reviewer] 第230章审查完成，评分: 8.0， verdict: 通过
[2026-05-19 05:35:17] [Reviewer] 正在审查第231章...
[2026-05-19 05:35:18] [Reviewer] 第226章审查完成，评分: 7.8， verdict: 通过
[2026-05-19 05:35:19] [Reviewer] 正在审查第227章...
[2026-05-19 05:35:35] [Reviewer] 第235章审查完成，评分: 8.0， verdict: 通过
[2026-05-19 05:35:36] [Reviewer] 正在审查第236章...
[2026-05-19 05:35:37] [Reviewer] 第223章审查完成，评分: 8.2， verdict: 通过
[2026-05-19 05:35:38] [Reviewer] 正在审查第224章...
[2026-05-19 05:35:44] [Reviewer] 第239章审查完成，评分: 8.3， verdict: 通过
[2026-05-19 05:35:45] [Reviewer] 正在审查第240章...
[2026-05-19 05:35:51] [Reviewer] 第227章审查完成，评分: 8.0， verdict: 通过
[2026-05-19 05:35:52] [Reviewer] 正在审查第228章...
[2026-05-19 05:35:54] [Reviewer] 第231章审查完成，评分: 8.3， verdict: 通过
[2026-05-19 05:35:55] [Reviewer] 第232章文件不存在
[2026-05-19 05:35:56] [Reviewer] 全部完成
[2026-05-19 05:36:09] [Reviewer] 第224章审查完成，评分: 8.0， verdict: 通过
[2026-05-19 05:36:10] [Reviewer] 全部完成
[2026-05-19 05:36:14] [Reviewer] 第236章审查完成，评分: 8.0， verdict: 通过
[2026-05-19 05:36:14] [Reviewer] 第521章文件不存在
[2026-05-19 05:36:14] [Reviewer] 正在审查第531章...
[2026-05-19 05:36:15] [Reviewer] 全部完成
[2026-05-19 05:36:15] [Reviewer] 第522章文件不存在
[2026-05-19 05:36:16] [Reviewer] 第523章文件不存在
[2026-05-19 05:36:17] [Reviewer] 第524章文件不存在
[2026-05-19 05:36:18] [Reviewer] 第525章文件不存在
[2026-05-19 05:36:19] [Reviewer] 第526章文件不存在
[2026-05-19 05:36:20] [Reviewer] 第527章文件不存在
[2026-05-19 05:36:21] [Reviewer] 第528章文件不存在
[2026-05-19 05:36:22] [Reviewer] 第529章文件不存在
[2026-05-19 05:36:23] [Reviewer] 第530章文件不存在
[2026-05-19 05:36:24] [Reviewer] 全部完成
[2026-05-19 05:36:25] [Reviewer] 第240章审查完成，评分: 7.5， verdict: 需修改
[2026-05-19 05:36:26] [Reviewer] 全部完成
[2026-05-19 05:36:33] [Reviewer] 第228章审查完成，评分: 7.8， verdict: 需修改
[2026-05-19 05:36:34] [Reviewer] 全部完成
[2026-05-19 05:36:37] [Reviewer] 第221章已有有效审查报告，跳过
[2026-05-19 05:36:37] [Reviewer] 第231章已有有效审查报告，跳过
[2026-05-19 05:36:38] [Reviewer] 第222章已有有效审查报告，跳过
[2026-05-19 05:36:38] [Reviewer] 第232章文件不存在
[2026-05-19 05:36:39] [Reviewer] 第223章已有有效审查报告，跳过
[2026-05-19 05:36:39] [Reviewer] 第233章已有有效审查报告，跳过
[2026-05-19 05:36:40] [Reviewer] 第224章已有有效审查报告，跳过
[2026-05-19 05:36:40] [Reviewer] 第234章已有有效审查报告，跳过
[2026-05-19 05:36:41] [Reviewer] 第225章已有有效审查报告，跳过
[2026-05-19 05:36:41] [Reviewer] 第235章已有有效审查报告，跳过
[2026-05-19 05:36:42] [Reviewer] 第226章已有有效审查报告，跳过
[2026-05-19 05:36:42] [Reviewer] 第236章已有有效审查报告，跳过
[2026-05-19 05:36:43] [Reviewer] 第227章已有有效审查报告，跳过
[2026-05-19 05:36:43] [Reviewer] 第237章已有有效审查报告，跳过
[2026-05-19 05:36:44] [Reviewer] 第228章已有有效审查报告，跳过
[2026-05-19 05:36:44] [Reviewer] 第238章已有有效审查报告，跳过
[2026-05-19 05:36:45] [Reviewer] 第229章已有有效审查报告，跳过
[2026-05-19 05:36:45] [Reviewer] 第239章已有有效审查报告，跳过
[2026-05-19 05:36:46] [Reviewer] 第230章已有有效审查报告，跳过
[2026-05-19 05:36:46] [Reviewer] 第240章已有有效审查报告，跳过
[2026-05-19 05:36:47] [Reviewer] 全部完成
[2026-05-19 05:36:47] [Reviewer] 全部完成
[2026-05-19 05:36:50] [Reviewer] 第531章审查完成，评分: 8.0， verdict: 需修改
[2026-05-19 05:36:51] [Reviewer] 正在审查第532章...
[2026-05-19 05:37:22] [Reviewer] 第521章文件不存在
[2026-05-19 05:37:22] [Reviewer] 第531章已有有效审查报告，跳过
[2026-05-19 05:37:23] [Reviewer] 第522章文件不存在
[2026-05-19 05:37:23] [Reviewer] 正在审查第532章...
[2026-05-19 05:37:24] [Reviewer] 第523章文件不存在
[2026-05-19 05:37:25] [Reviewer] 第524章文件不存在
[2026-05-19 05:37:26] [Reviewer] 第525章文件不存在
[2026-05-19 05:37:27] [Reviewer] 第526章文件不存在
[2026-05-19 05:37:27] [Reviewer] 第532章审查完成，评分: 8.0， verdict: 通过
[2026-05-19 05:37:28] [Reviewer] 第527章文件不存在
[2026-05-19 05:37:28] [Reviewer] 正在审查第533章...
[2026-05-19 05:37:29] [Reviewer] 第528章文件不存在
[2026-05-19 05:37:30] [Reviewer] 第529章文件不存在
[2026-05-19 05:37:31] [Reviewer] 第530章文件不存在
[2026-05-19 05:37:32] [Reviewer] 全部完成
[2026-05-19 05:38:04] [Reviewer] 第533章审查完成，评分: 8.2， verdict: 通过
[2026-05-19 05:38:05] [Reviewer] 正在审查第534章...
[2026-05-19 05:38:08] [Reviewer] 第532章审查完成，评分: 8.2， verdict: 通过
[2026-05-19 05:38:09] [Reviewer] 第533章已有有效审查报告，跳过
[2026-05-19 05:38:10] [Reviewer] 正在审查第534章...
[2026-05-19 05:38:34] [Reviewer] 第534章审查完成，评分: 7.8， verdict: 通过
[2026-05-19 05:38:35] [Reviewer] 正在审查第535章...
[2026-05-19 05:38:52] [Reviewer] 第534章审查完成，评分: 7.5， verdict: 需修改
[2026-05-19 05:38:53] [Reviewer] 正在审查第535章...
[2026-05-19 05:39:13] [Reviewer] 第535章审查完成，评分: 7.8， verdict: 需修改
[2026-05-19 05:39:14] [Reviewer] 正在审查第536章...
[2026-05-19 05:39:29] [Reviewer] JSON解析失败: Invalid control character at: line 39 column 70 (char 1504)
[2026-05-19 05:39:29] [Reviewer] 第535章审查完成，评分: N/A， verdict: N/A
[2026-05-19 05:39:30] [Reviewer] 正在审查第536章...
[2026-05-19 05:40:00] [Reviewer] 第536章审查完成，评分: 7.8， verdict: 需修改
[2026-05-19 05:40:01] [Reviewer] 正在审查第537章...
[2026-05-19 05:40:09] [Reviewer] 第536章审查完成，评分: 7.8， verdict: 通过
[2026-05-19 05:40:10] [Reviewer] 正在审查第537章...
[2026-05-19 05:40:41] [Reviewer] 第537章审查完成，评分: 8.5， verdict: 通过
[2026-05-19 05:40:42] [Reviewer] 正在审查第538章...
[2026-05-19 05:40:55] [Reviewer] 第537章审查完成，评分: 7.5， verdict: 需修改
[2026-05-19 05:40:56] [Reviewer] 正在审查第538章...
[2026-05-19 05:41:06] [Reviewer] 第538章审查完成，评分: 8.5， verdict: 通过
[2026-05-19 05:41:08] [Reviewer] 正在审查第539章...
[2026-05-19 05:41:37] [Reviewer] 第538章审查完成，评分: 7.5， verdict: 通过
[2026-05-19 05:41:37] [Reviewer] 第539章审查完成，评分: 7.5， verdict: 需修改
[2026-05-19 05:41:38] [Reviewer] 第539章已有有效审查报告，跳过
[2026-05-19 05:41:38] [Reviewer] 正在审查第540章...
[2026-05-19 05:41:39] [Reviewer] 正在审查第540章...
[2026-05-19 05:42:14] [Reviewer] 第540章审查完成，评分: 7.8， verdict: 通过
[2026-05-19 05:42:15] [Reviewer] 第540章审查完成，评分: 8.5， verdict: 通过
[2026-05-19 05:42:15] [Reviewer] 全部完成
[2026-05-19 05:42:16] [Reviewer] 全部完成
[2026-05-19 05:44:53] [Reviewer] 正在审查第241章...
[2026-05-19 05:44:53] [Reviewer] 正在审查第245章...
[2026-05-19 05:44:53] [Reviewer] 正在审查第249章...
[2026-05-19 05:44:54] [Reviewer] 正在审查第253章...
[2026-05-19 05:44:54] [Reviewer] 正在审查第257章...
[2026-05-19 05:44:54] [Reviewer] 正在审查第241章...
[2026-05-19 05:44:54] [Reviewer] 正在审查第251章...
[2026-05-19 05:45:20] [Reviewer] 第241章审查完成，评分: 7.2， verdict: 需修改
[2026-05-19 05:45:21] [Reviewer] 正在审查第242章...
[2026-05-19 05:45:25] [Reviewer] 第249章审查完成，评分: 8.0， verdict: 通过
[2026-05-19 05:45:25] [Reviewer] 第245章审查完成，评分: 7.8， verdict: 通过
[2026-05-19 05:45:26] [Reviewer] 正在审查第250章...
[2026-05-19 05:45:26] [Reviewer] 正在审查第246章...
[2026-05-19 05:45:31] [Reviewer] 第251章审查完成，评分: 8.5， verdict: 需修改
[2026-05-19 05:45:32] [Reviewer] 正在审查第252章...
[2026-05-19 05:45:33] [Reviewer] 第257章审查完成，评分: 8.5， verdict: 通过
[2026-05-19 05:45:33] [Reviewer] 第253章审查完成，评分: 8.5， verdict: 通过
[2026-05-19 05:45:34] [Reviewer] 正在审查第258章...
[2026-05-19 05:45:34] [Reviewer] 正在审查第254章...
[2026-05-19 05:45:40] [Reviewer] 第241章审查完成，评分: 8.5， verdict: 通过
[2026-05-19 05:45:41] [Reviewer] 正在审查第242章...
[2026-05-19 05:45:56] [Reviewer] 第242章审查完成，评分: 7.5， verdict: 需修改
[2026-05-19 05:45:57] [Reviewer] 正在审查第243章...
[2026-05-19 05:45:58] [Reviewer] 第250章审查完成，评分: 8.5， verdict: 需修改
[2026-05-19 05:45:59] [Reviewer] 第251章已有有效审查报告，跳过
[2026-05-19 05:46:00] [Reviewer] 正在审查第252章...
[2026-05-19 05:46:01] [Reviewer] 第246章审查完成，评分: 7.8， verdict: 需修改
[2026-05-19 05:46:02] [Reviewer] 正在审查第247章...
[2026-05-19 05:46:07] [Reviewer] 第252章审查完成，评分: 8.2， verdict: 通过
[2026-05-19 05:46:08] [Reviewer] 第253章已有有效审查报告，跳过
[2026-05-19 05:46:09] [Reviewer] 第254章审查完成，评分: 8， verdict: 通过
[2026-05-19 05:46:09] [Reviewer] 第254章已有有效审查报告，跳过
[2026-05-19 05:46:09] [Reviewer] JSON解析失败: Expecting ',' delimiter: line 22 column 27 (char 493)
[2026-05-19 05:46:09] [Reviewer] 第258章审查完成，评分: N/A， verdict: N/A
[2026-05-19 05:46:10] [Reviewer] 正在审查第255章...
[2026-05-19 05:46:10] [Reviewer] 第242章审查完成，评分: 7.8， verdict: 需修改
[2026-05-19 05:46:10] [Reviewer] 正在审查第255章...
[2026-05-19 05:46:10] [Reviewer] 正在审查第259章...
[2026-05-19 05:46:11] [Reviewer] 正在审查第243章...
[2026-05-19 05:46:30] [Reviewer] 第243章审查完成，评分: 8.2， verdict: 通过
[2026-05-19 05:46:31] [Reviewer] 正在审查第244章...
[2026-05-19 05:46:32] [Reviewer] 第252章审查完成，评分: 7.5， verdict: 需修改
[2026-05-19 05:46:33] [Reviewer] 全部完成
[2026-05-19 05:46:39] [Reviewer] 第247章审查完成，评分: 7.5， verdict: 需修改
[2026-05-19 05:46:40] [Reviewer] 正在审查第248章...
[2026-05-19 05:46:44] [Reviewer] 第255章审查完成，评分: 8.0， verdict: 通过
[2026-05-19 05:46:44] [Reviewer] 第255章审查完成，评分: 7.5， verdict: 需修改
[2026-05-19 05:46:45] [Reviewer] 第243章审查完成，评分: 7.8， verdict: 通过
[2026-05-19 05:46:45] [Reviewer] 正在审查第256章...
[2026-05-19 05:46:45] [Reviewer] 正在审查第256章...
[2026-05-19 05:46:46] [Reviewer] 正在审查第244章...
[2026-05-19 05:46:46] [Reviewer] 第259章审查完成，评分: 7.5， verdict: 需修改
[2026-05-19 05:46:47] [Reviewer] 正在审查第260章...
[2026-05-19 05:47:00] [Reviewer] 第244章审查完成，评分: 8， verdict: 通过
[2026-05-19 05:47:01] [Reviewer] 第245章已有有效审查报告，跳过
[2026-05-19 05:47:02] [Reviewer] 第246章已有有效审查报告，跳过
[2026-05-19 05:47:03] [Reviewer] 第247章已有有效审查报告，跳过
[2026-05-19 05:47:04] [Reviewer] 正在审查第248章...
[2026-05-19 05:47:12] [Reviewer] 第256章审查完成，评分: 7.5， verdict: 需修改
[2026-05-19 05:47:13] [Reviewer] 全部完成
[2026-05-19 05:47:14] [Reviewer] 第244章审查完成，评分: 7.5， verdict: 需修改
[2026-05-19 05:47:14] [Reviewer] 第256章审查完成，评分: 8.3， verdict: 通过
[2026-05-19 05:47:15] [Reviewer] 全部完成
[2026-05-19 05:47:15] [Reviewer] 第257章已有有效审查报告，跳过
[2026-05-19 05:47:16] [Reviewer] 第258章审查报告无效（parse_error），重新审查
[2026-05-19 05:47:16] [Reviewer] 正在审查第258章...
[2026-05-19 05:47:20] [Reviewer] 第248章审查完成，评分: 7.2， verdict: 需修改
[2026-05-19 05:47:21] [Reviewer] 全部完成
[2026-05-19 05:47:29] [Reviewer] 第260章审查完成，评分: 8.5， verdict: 需修改
[2026-05-19 05:47:30] [Reviewer] 全部完成
[2026-05-19 05:47:43] [Reviewer] 第258章审查完成，评分: 7.8， verdict: 通过
[2026-05-19 05:47:43] [Reviewer] 第248章审查完成，评分: 7.8， verdict: 需修改
[2026-05-19 05:47:44] [Reviewer] 第259章已有有效审查报告，跳过
[2026-05-19 05:47:44] [Reviewer] 第249章已有有效审查报告，跳过
[2026-05-19 05:47:45] [Reviewer] 第260章已有有效审查报告，跳过
[2026-05-19 05:47:45] [Reviewer] 第250章已有有效审查报告，跳过
[2026-05-19 05:47:46] [Reviewer] 全部完成
[2026-05-19 05:47:46] [Reviewer] 全部完成
[2026-05-19 05:51:41] [Reviewer] 正在审查第541章...
[2026-05-19 05:51:41] [Reviewer] 正在审查第551章...
[2026-05-19 05:52:12] [Reviewer] 正在审查第541章...
[2026-05-19 05:52:12] [Reviewer] 正在审查第551章...
[2026-05-19 05:52:15] [Reviewer] 第551章审查完成，评分: 7.8， verdict: 需修改
[2026-05-19 05:52:16] [Reviewer] 正在审查第552章...
[2026-05-19 05:52:24] [Reviewer] 第541章审查完成，评分: 7.5， verdict: 需修改
[2026-05-19 05:52:25] [Reviewer] 正在审查第542章...
[2026-05-19 05:52:43] [Reviewer] 第541章审查完成，评分: 8.2， verdict: 通过
[2026-05-19 05:52:44] [Reviewer] 正在审查第542章...
[2026-05-19 05:52:50] [Reviewer] 第551章审查完成，评分: 8.5， verdict: 需修改
[2026-05-19 05:52:51] [Reviewer] 正在审查第552章...
[2026-05-19 05:52:53] [Reviewer] 第542章审查完成，评分: 8.5， verdict: 通过
[2026-05-19 05:52:54] [Reviewer] 第552章审查完成，评分: 8.2， verdict: 通过
[2026-05-19 05:52:54] [Reviewer] 正在审查第543章...
[2026-05-19 05:52:55] [Reviewer] 正在审查第553章...
[2026-05-19 05:53:16] [Reviewer] 第542章审查完成，评分: 8， verdict: 通过
[2026-05-19 05:53:17] [Reviewer] 正在审查第543章...
[2026-05-19 05:53:23] [Reviewer] 第552章审查完成，评分: 8.2， verdict: 通过
[2026-05-19 05:53:24] [Reviewer] 第553章审查完成，评分: 7.8， verdict: 需修改
[2026-05-19 05:53:24] [Reviewer] 第553章已有有效审查报告，跳过
[2026-05-19 05:53:25] [Reviewer] 正在审查第554章...
[2026-05-19 05:53:25] [Reviewer] 正在审查第554章...
[2026-05-19 05:53:30] [Reviewer] 第543章审查完成，评分: 8.5， verdict: 通过
[2026-05-19 05:53:31] [Reviewer] 正在审查第544章...
[2026-05-19 05:53:53] [Reviewer] 第543章审查完成，评分: 7.8， verdict: 需修改
[2026-05-19 05:53:54] [Reviewer] 正在审查第544章...
[2026-05-19 05:53:55] [Reviewer] 第554章审查完成，评分: 8， verdict: 通过
[2026-05-19 05:53:56] [Reviewer] 正在审查第555章...
[2026-05-19 05:53:58] [Reviewer] 第554章审查完成，评分: 7.8， verdict: 需修改
[2026-05-19 05:53:59] [Reviewer] 正在审查第555章...
[2026-05-19 05:54:13] [Reviewer] 第544章审查完成，评分: 8.5， verdict: 通过
[2026-05-19 05:54:14] [Reviewer] 正在审查第545章...
[2026-05-19 05:54:28] [Reviewer] 第544章审查完成，评分: 7.5， verdict: 通过
[2026-05-19 05:54:29] [Reviewer] 正在审查第545章...
[2026-05-19 05:54:32] [Reviewer] 第555章审查完成，评分: 8.5， verdict: 通过
[2026-05-19 05:54:32] [Reviewer] 第555章审查完成，评分: 7.8， verdict: 通过
[2026-05-19 05:54:33] [Reviewer] 正在审查第556章...
[2026-05-19 05:54:33] [Reviewer] 正在审查第556章...
[2026-05-19 05:54:48] [Reviewer] 第545章审查完成，评分: 7.7， verdict: 需修改
[2026-05-19 05:54:49] [Reviewer] 正在审查第546章...
[2026-05-19 05:55:03] [Reviewer] 第545章审查完成，评分: 8.5， verdict: 通过
[2026-05-19 05:55:04] [Reviewer] 正在审查第546章...
[2026-05-19 05:55:07] [Reviewer] JSON解析失败: Invalid control character at: line 36 column 69 (char 1123)
[2026-05-19 05:55:07] [Reviewer] 第556章审查完成，评分: N/A， verdict: N/A
[2026-05-19 05:55:08] [Reviewer] 正在审查第557章...
[2026-05-19 05:55:15] [Reviewer] 第556章审查完成，评分: 8.2， verdict: 通过
[2026-05-19 05:55:16] [Reviewer] 正在审查第557章...
[2026-05-19 05:55:17] [Reviewer] 第546章审查完成，评分: 7.5， verdict: 需修改
[2026-05-19 05:55:18] [Reviewer] 正在审查第547章...
[2026-05-19 05:55:25] [Reviewer] 正在审查第261章...
[2026-05-19 05:55:25] [Reviewer] 正在审查第271章...
[2026-05-19 05:55:33] [Reviewer] 第546章审查完成，评分: 8.2， verdict: 通过
[2026-05-19 05:55:34] [Reviewer] 正在审查第547章...
[2026-05-19 05:55:47] [Reviewer] 第557章审查完成，评分: 8.5， verdict: 通过
[2026-05-19 05:55:48] [Reviewer] 正在审查第558章...
[2026-05-19 05:55:49] [Reviewer] 第547章审查完成，评分: 8.2， verdict: 通过
[2026-05-19 05:55:50] [Reviewer] 正在审查第548章...
[2026-05-19 05:55:52] [Reviewer] 正在审查第261章...
[2026-05-19 05:55:53] [Reviewer] 正在审查第265章...
[2026-05-19 05:55:53] [Reviewer] 正在审查第273章...
[2026-05-19 05:55:53] [Reviewer] 正在审查第269章...
[2026-05-19 05:55:53] [Reviewer] 正在审查第277章...
[2026-05-19 05:55:53] [Reviewer] 第557章审查失败
[2026-05-19 05:55:54] [Reviewer] 正在审查第558章...
[2026-05-19 05:55:54] [Reviewer] 第271章审查完成，评分: 7.5， verdict: 需修改
[2026-05-19 05:55:55] [Reviewer] 正在审查第272章...
[2026-05-19 05:56:00] [Reviewer] 第261章审查完成，评分: 8.2， verdict: 通过
[2026-05-19 05:56:01] [Reviewer] 正在审查第262章...
[2026-05-19 05:56:10] [Reviewer] 第547章审查完成，评分: 8.5， verdict: 通过
[2026-05-19 05:56:11] [Reviewer] 正在审查第548章...
[2026-05-19 05:56:20] [Reviewer] 第269章审查完成，评分: 7.8， verdict: 通过
[2026-05-19 05:56:22] [Reviewer] 正在审查第270章...
[2026-05-19 05:56:23] [Reviewer] 第277章审查完成，评分: 8.0， verdict: 通过
[2026-05-19 05:56:24] [Reviewer] 第548章审查完成，评分: 8.5， verdict: 通过
[2026-05-19 05:56:24] [Reviewer] 正在审查第278章...
[2026-05-19 05:56:25] [Reviewer] 正在审查第549章...
[2026-05-19 05:56:25] [Reviewer] 第558章审查完成，评分: 8.3， verdict: 通过
[2026-05-19 05:56:26] [Reviewer] 正在审查第559章...
[2026-05-19 05:56:27] [Reviewer] 第261章审查完成，评分: 8.2， verdict: 通过
[2026-05-19 05:56:28] [Reviewer] 第262章审查完成，评分: 8.3， verdict: 通过
[2026-05-19 05:56:28] [Reviewer] 第262章已有有效审查报告，跳过
[2026-05-19 05:56:29] [Reviewer] 第265章审查完成，评分: 7.5， verdict: 需修改
[2026-05-19 05:56:29] [Reviewer] 正在审查第263章...
[2026-05-19 05:56:29] [Reviewer] 正在审查第263章...
[2026-05-19 05:56:30] [Reviewer] 正在审查第266章...
[2026-05-19 05:56:35] [Reviewer] 第273章审查完成，评分: 7.8， verdict: 需修改
[2026-05-19 05:56:36] [Reviewer] 第272章审查完成，评分: 7.8， verdict: 通过
[2026-05-19 05:56:36] [Reviewer] 正在审查第274章...
[2026-05-19 05:56:36] [Reviewer] 第558章审查完成，评分: 8.0， verdict: 通过
[2026-05-19 05:56:37] [Reviewer] 第273章已有有效审查报告，跳过
[2026-05-19 05:56:37] [Reviewer] 正在审查第559章...
[2026-05-19 05:56:38] [Reviewer] 正在审查第274章...
[2026-05-19 05:56:40] [Reviewer] JSON解析失败: Expecting ',' delimiter: line 22 column 14 (char 468)
[2026-05-19 05:56:40] [Reviewer] 第548章审查完成，评分: N/A， verdict: N/A
[2026-05-19 05:56:41] [Reviewer] 正在审查第549章...
[2026-05-19 05:56:48] [Reviewer] 第549章审查完成，评分: 7.5， verdict: 需修改
[2026-05-19 05:56:49] [Reviewer] 第270章审查完成，评分: 7.5， verdict: 需修改
[2026-05-19 05:56:49] [Reviewer] 正在审查第550章...
[2026-05-19 05:56:50] [Reviewer] 第271章已有有效审查报告，跳过
[2026-05-19 05:56:51] [Reviewer] 第272章已有有效审查报告，跳过
[2026-05-19 05:56:52] [Reviewer] 全部完成
[2026-05-19 05:56:54] [Reviewer] 第263章审查完成，评分: 7.5， verdict: 需修改
[2026-05-19 05:56:55] [Reviewer] 正在审查第264章...
[2026-05-19 05:56:55] [Reviewer] 第266章审查完成，评分: 7.5， verdict: 需修改
[2026-05-19 05:56:56] [Reviewer] 正在审查第267章...
[2026-05-19 05:57:00] [Reviewer] 第559章审查完成，评分: 7.8， verdict: 需修改
[2026-05-19 05:57:01] [Reviewer] 正在审查第560章...
[2026-05-19 05:57:01] [Reviewer] 第278章审查完成，评分: 8.5， verdict: 通过
[2026-05-19 05:57:02] [Reviewer] 正在审查第279章...
[2026-05-19 05:57:04] [Reviewer] 第263章审查完成，评分: 7.5， verdict: 通过
[2026-05-19 05:57:04] [Reviewer] 第274章审查完成，评分: 7.8， verdict: 需修改
[2026-05-19 05:57:05] [Reviewer] 正在审查第264章...
[2026-05-19 05:57:05] [Reviewer] 正在审查第275章...
[2026-05-19 05:57:08] [Reviewer] 第559章审查完成，评分: 8.0， verdict: 通过
[2026-05-19 05:57:09] [Reviewer] 正在审查第560章...
[2026-05-19 05:57:10] [Reviewer] 第274章审查完成，评分: 8.0， verdict: 通过
[2026-05-19 05:57:11] [Reviewer] 正在审查第275章...
[2026-05-19 05:57:18] [Reviewer] 第549章审查完成，评分: 7.8， verdict: 需修改
[2026-05-19 05:57:19] [Reviewer] 正在审查第550章...
[2026-05-19 05:57:24] [Reviewer] 第550章审查完成，评分: 7.5， verdict: 需修改
[2026-05-19 05:57:25] [Reviewer] 全部完成
[2026-05-19 05:57:26] [Reviewer] 第264章审查完成，评分: 7.2， verdict: 需修改
[2026-05-19 05:57:27] [Reviewer] 第265章已有有效审查报告，跳过
[2026-05-19 05:57:28] [Reviewer] 第266章已有有效审查报告，跳过
[2026-05-19 05:57:28] [Reviewer] 第267章审查完成，评分: 7.5， verdict: 需修改
[2026-05-19 05:57:29] [Reviewer] 第267章已有有效审查报告，跳过
[2026-05-19 05:57:29] [Reviewer] 正在审查第268章...
[2026-05-19 05:57:30] [Reviewer] 正在审查第268章...
[2026-05-19 05:57:35] [Reviewer] 第560章审查完成，评分: 7.8， verdict: 需修改
[2026-05-19 05:57:36] [Reviewer] JSON解析失败: Expecting ',' delimiter: line 22 column 35 (char 483)
[2026-05-19 05:57:36] [Reviewer] 第560章审查完成，评分: N/A， verdict: N/A
[2026-05-19 05:57:36] [Reviewer] 全部完成
[2026-05-19 05:57:37] [Reviewer] 全部完成
[2026-05-19 05:57:38] [Reviewer] 第264章审查完成，评分: 8.0， verdict: 通过
[2026-05-19 05:57:39] [Reviewer] 全部完成
[2026-05-19 05:57:40] [Reviewer] 第279章审查完成，评分: 8.2， verdict: 通过
[2026-05-19 05:57:40] [Reviewer] 第275章审查完成，评分: 8.5， verdict: 通过
[2026-05-19 05:57:41] [Reviewer] 正在审查第280章...
[2026-05-19 05:57:41] [Reviewer] 正在审查第276章...
[2026-05-19 05:57:48] [Reviewer] 第275章审查完成，评分: 7.5， verdict: 需修改
[2026-05-19 05:57:49] [Reviewer] 正在审查第276章...
[2026-05-19 05:57:57] [Reviewer] 第268章审查完成，评分: 8.2， verdict: 通过
[2026-05-19 05:57:58] [Reviewer] 全部完成
[2026-05-19 05:57:58] [Reviewer] 第550章审查完成，评分: 8.0， verdict: 通过
[2026-05-19 05:57:59] [Reviewer] 全部完成
[2026-05-19 05:58:13] [Reviewer] 第268章审查完成，评分: 7.5， verdict: 需修改
[2026-05-19 05:58:14] [Reviewer] 第269章已有有效审查报告，跳过
[2026-05-19 05:58:15] [Reviewer] 第270章已有有效审查报告，跳过
[2026-05-19 05:58:16] [Reviewer] 全部完成
[2026-05-19 05:58:16] [Reviewer] 第280章审查完成，评分: 8.5， verdict: 通过
[2026-05-19 05:58:17] [Reviewer] 全部完成
[2026-05-19 05:58:17] [Reviewer] 第276章审查完成，评分: 8.0， verdict: 通过
[2026-05-19 05:58:18] [Reviewer] 第277章已有有效审查报告，跳过
[2026-05-19 05:58:18] [Reviewer] 第276章审查完成，评分: 7.5， verdict: 需修改
[2026-05-19 05:58:19] [Reviewer] 第278章已有有效审查报告，跳过
[2026-05-19 05:58:19] [Reviewer] 全部完成
[2026-05-19 05:58:20] [Reviewer] 第279章已有有效审查报告，跳过
[2026-05-19 05:58:21] [Reviewer] 第280章已有有效审查报告，跳过
[2026-05-19 05:58:22] [Reviewer] 全部完成
[2026-05-19 06:05:48] [Reviewer] 正在审查第281章...
[2026-05-19 06:05:48] [Reviewer] 正在审查第291章...
[2026-05-19 06:06:14] [Reviewer] 正在审查第561章...
[2026-05-19 06:06:14] [Reviewer] 正在审查第571章...
[2026-05-19 06:06:20] [Reviewer] 第281章审查完成，评分: 7.5， verdict: 需修改
[2026-05-19 06:06:21] [Reviewer] 正在审查第282章...
[2026-05-19 06:06:28] [Reviewer] 第291章审查完成，评分: 8.2， verdict: 通过
[2026-05-19 06:06:29] [Reviewer] 正在审查第292章...
[2026-05-19 06:06:31] [Reviewer] 正在审查第561章...
[2026-05-19 06:06:31] [Reviewer] 正在审查第571章...
[2026-05-19 06:06:36] [Reviewer] 第281章已有有效审查报告，跳过
[2026-05-19 06:06:36] [Reviewer] 正在审查第285章...
[2026-05-19 06:06:36] [Reviewer] 正在审查第289章...
[2026-05-19 06:06:36] [Reviewer] 正在审查第293章...
[2026-05-19 06:06:36] [Reviewer] 正在审查第297章...
[2026-05-19 06:06:37] [Reviewer] 正在审查第282章...
[2026-05-19 06:06:44] [Reviewer] 第282章审查完成，评分: 7.8， verdict: 需修改
[2026-05-19 06:06:45] [Reviewer] 第561章审查完成，评分: 8.3， verdict: 通过
[2026-05-19 06:06:45] [Reviewer] 正在审查第283章...
[2026-05-19 06:06:46] [Reviewer] 正在审查第562章...
[2026-05-19 06:06:53] [Reviewer] 第571章审查完成，评分: 7.8， verdict: 需修改
[2026-05-19 06:06:54] [Reviewer] 正在审查第572章...
[2026-05-19 06:07:06] [Reviewer] 第289章审查完成，评分: 8.5， verdict: 通过
[2026-05-19 06:07:07] [Reviewer] 第561章审查完成，评分: 8.2， verdict: 通过
[2026-05-19 06:07:07] [Reviewer] 正在审查第290章...
[2026-05-19 06:07:08] [Reviewer] 正在审查第562章...
[2026-05-19 06:07:08] [Reviewer] 第285章审查完成，评分: 8.0， verdict: 通过
[2026-05-19 06:07:09] [Reviewer] 正在审查第286章...
[2026-05-19 06:07:09] [Reviewer] 第292章审查完成，评分: 8.2， verdict: 通过
[2026-05-19 06:07:10] [Reviewer] 第293章审查完成，评分: 8.3， verdict: 通过
[2026-05-19 06:07:10] [Reviewer] 第293章已有有效审查报告，跳过
[2026-05-19 06:07:11] [Reviewer] 正在审查第294章...
[2026-05-19 06:07:11] [Reviewer] 正在审查第294章...
[2026-05-19 06:07:16] [Reviewer] 第297章审查完成，评分: 7.5， verdict: 通过
[2026-05-19 06:07:17] [Reviewer] 正在审查第298章...
[2026-05-19 06:07:20] [Reviewer] 第282章审查失败
[2026-05-19 06:07:21] [Reviewer] 第283章审查完成，评分: 8， verdict: 通过
[2026-05-19 06:07:21] [Reviewer] 第283章已有有效审查报告，跳过
[2026-05-19 06:07:22] [Reviewer] 正在审查第284章...
[2026-05-19 06:07:22] [Reviewer] 正在审查第284章...
[2026-05-19 06:07:22] [Reviewer] 第562章审查完成，评分: 8.0， verdict: 需修改
[2026-05-19 06:07:23] [Reviewer] 正在审查第563章...
[2026-05-19 06:07:30] [Reviewer] 第571章审查完成，评分: 8.0， verdict: 需修改
[2026-05-19 06:07:31] [Reviewer] 正在审查第572章...
[2026-05-19 06:07:41] [Reviewer] 第294章审查完成，评分: 8.3， verdict: 通过
[2026-05-19 06:07:42] [Reviewer] 正在审查第295章...
[2026-05-19 06:07:43] [Reviewer] 第290章审查完成，评分: 8， verdict: 通过
[2026-05-19 06:07:44] [Reviewer] 第291章已有有效审查报告，跳过
[2026-05-19 06:07:45] [Reviewer] 第292章已有有效审查报告，跳过
[2026-05-19 06:07:46] [Reviewer] 全部完成
[2026-05-19 06:07:46] [Reviewer] 第286章审查完成，评分: 8.3， verdict: 通过
[2026-05-19 06:07:46] [Reviewer] 第298章审查完成，评分: 8.0， verdict: 通过
[2026-05-19 06:07:46] [Reviewer] 第572章审查完成，评分: 8， verdict: 需修改
[2026-05-19 06:07:47] [Reviewer] 正在审查第287章...
[2026-05-19 06:07:47] [Reviewer] 第284章审查完成，评分: 7.8， verdict: 需修改
[2026-05-19 06:07:47] [Reviewer] 正在审查第299章...
[2026-05-19 06:07:47] [Reviewer] 正在审查第573章...
[2026-05-19 06:07:48] [Reviewer] 第294章审查完成，评分: 8.0， verdict: 通过
[2026-05-19 06:07:48] [Reviewer] 第285章已有有效审查报告，跳过
[2026-05-19 06:07:49] [Reviewer] 正在审查第295章...
[2026-05-19 06:07:49] [Reviewer] 第286章已有有效审查报告，跳过
[2026-05-19 06:07:50] [Reviewer] 正在审查第287章...
[2026-05-19 06:07:55] [Reviewer] 第562章审查完成，评分: 8.5， verdict: 需修改
[2026-05-19 06:07:56] [Reviewer] 正在审查第563章...
[2026-05-19 06:08:02] [Reviewer] 第284章审查完成，评分: 7.8， verdict: 通过
[2026-05-19 06:08:03] [Reviewer] 全部完成
[2026-05-19 06:08:14] [Reviewer] 第572章审查完成，评分: 8.0， verdict: 通过
[2026-05-19 06:08:15] [Reviewer] 第563章审查完成，评分: 8.5， verdict: 通过
[2026-05-19 06:08:15] [Reviewer] 正在审查第573章...
[2026-05-19 06:08:16] [Reviewer] 正在审查第564章...
[2026-05-19 06:08:19] [Reviewer] 第573章审查完成，评分: 8.0， verdict: 通过
[2026-05-19 06:08:20] [Reviewer] 正在审查第574章...
[2026-05-19 06:08:21] [Reviewer] 第287章审查完成，评分: 8.5， verdict: 通过
[2026-05-19 06:08:21] [Reviewer] 第295章审查完成，评分: 8.5， verdict: 需修改
[2026-05-19 06:08:22] [Reviewer] 正在审查第288章...
[2026-05-19 06:08:22] [Reviewer] 第299章审查完成，评分: 8.0， verdict: 通过
[2026-05-19 06:08:22] [Reviewer] 正在审查第296章...
[2026-05-19 06:08:23] [Reviewer] 正在审查第300章...
[2026-05-19 06:08:27] [Reviewer] 第295章审查完成，评分: 7.5， verdict: 需修改
[2026-05-19 06:08:28] [Reviewer] 正在审查第296章...
[2026-05-19 06:08:35] [Reviewer] 第287章审查完成，评分: 8.5， verdict: 通过
[2026-05-19 06:08:36] [Reviewer] 正在审查第288章...
[2026-05-19 06:08:41] [Reviewer] 第563章审查完成，评分: 8.5， verdict: 通过
[2026-05-19 06:08:42] [Reviewer] 正在审查第564章...
[2026-05-19 06:08:52] [Reviewer] 第573章审查完成，评分: 8.2， verdict: 通过
[2026-05-19 06:08:53] [Reviewer] 正在审查第574章...
[2026-05-19 06:08:53] [Reviewer] 第296章审查完成，评分: 8.0， verdict: 通过
[2026-05-19 06:08:53] [Reviewer] 第564章审查完成，评分: 7.8， verdict: 通过
[2026-05-19 06:08:54] [Reviewer] 第574章审查完成，评分: 8， verdict: 通过
[2026-05-19 06:08:54] [Reviewer] 第297章已有有效审查报告，跳过
[2026-05-19 06:08:54] [Reviewer] 正在审查第565章...
[2026-05-19 06:08:55] [Reviewer] 正在审查第575章...
[2026-05-19 06:08:55] [Reviewer] 第298章已有有效审查报告，跳过
[2026-05-19 06:08:55] [Reviewer] 第288章审查完成，评分: 7.5， verdict: 通过
[2026-05-19 06:08:56] [Reviewer] 第299章已有有效审查报告，跳过
[2026-05-19 06:08:56] [Reviewer] 全部完成
[2026-05-19 06:08:57] [Reviewer] 正在审查第300章...
[2026-05-19 06:09:02] [Reviewer] JSON解析失败: Expecting ',' delimiter: line 27 column 32 (char 626)
[2026-05-19 06:09:02] [Reviewer] 第300章审查完成，评分: N/A， verdict: N/A
[2026-05-19 06:09:03] [Reviewer] 全部完成
[2026-05-19 06:09:06] [Reviewer] 第296章审查完成，评分: 7.5， verdict: 需修改
[2026-05-19 06:09:07] [Reviewer] 全部完成
[2026-05-19 06:09:19] [Reviewer] 第564章审查完成，评分: 8， verdict: 通过
[2026-05-19 06:09:20] [Reviewer] 第288章审查完成，评分: 7.5， verdict: 需修改
[2026-05-19 06:09:20] [Reviewer] 正在审查第565章...
[2026-05-19 06:09:21] [Reviewer] 第289章已有有效审查报告，跳过
[2026-05-19 06:09:22] [Reviewer] 第290章已有有效审查报告，跳过
[2026-05-19 06:09:23] [Reviewer] 全部完成
[2026-05-19 06:09:24] [Reviewer] JSON解析失败: Invalid control character at: line 28 column 35 (char 667)
[2026-05-19 06:09:24] [Reviewer] 第574章审查完成，评分: N/A， verdict: N/A
[2026-05-19 06:09:25] [Reviewer] 正在审查第575章...
[2026-05-19 06:09:26] [Reviewer] 第575章审查完成，评分: 8.0， verdict: 通过
[2026-05-19 06:09:27] [Reviewer] 正在审查第576章...
[2026-05-19 06:09:28] [Reviewer] 第565章审查完成，评分: 8.5， verdict: 通过
[2026-05-19 06:09:29] [Reviewer] 正在审查第566章...
[2026-05-19 06:09:33] [Reviewer] 第300章审查完成，评分: 8.5， verdict: 通过
[2026-05-19 06:09:34] [Reviewer] 全部完成
[2026-05-19 06:09:56] [Reviewer] 第576章审查完成，评分: 8.0， verdict: 通过
[2026-05-19 06:09:57] [Reviewer] 正在审查第577章...
[2026-05-19 06:09:57] [Reviewer] JSON解析失败: Expecting ',' delimiter: line 22 column 9 (char 462)
[2026-05-19 06:09:57] [Reviewer] 第565章审查完成，评分: N/A， verdict: N/A
[2026-05-19 06:09:58] [Reviewer] 正在审查第566章...
[2026-05-19 06:10:02] [Reviewer] JSON解析失败: Invalid control character at: line 35 column 87 (char 1126)
[2026-05-19 06:10:02] [Reviewer] 第575章审查完成，评分: N/A， verdict: N/A
[2026-05-19 06:10:03] [Reviewer] 第576章已有有效审查报告，跳过
[2026-05-19 06:10:04] [Reviewer] 正在审查第577章...
[2026-05-19 06:10:14] [Reviewer] 第566章审查完成，评分: 8.0， verdict: 通过
[2026-05-19 06:10:15] [Reviewer] 正在审查第567章...
[2026-05-19 06:10:33] [Reviewer] 第566章审查完成，评分: 8.5， verdict: 通过
[2026-05-19 06:10:34] [Reviewer] 正在审查第567章...
[2026-05-19 06:10:38] [Reviewer] 第577章审查完成，评分: 8.0， verdict: 通过
[2026-05-19 06:10:39] [Reviewer] 正在审查第578章...
[2026-05-19 06:10:45] [Reviewer] JSON解析失败: Invalid control character at: line 39 column 63 (char 1254)
[2026-05-19 06:10:45] [Reviewer] 第577章审查完成，评分: N/A， verdict: N/A
[2026-05-19 06:10:46] [Reviewer] 正在审查第578章...
[2026-05-19 06:10:52] [Reviewer] 第567章审查完成，评分: 7.5， verdict: 需修改
[2026-05-19 06:10:53] [Reviewer] 正在审查第568章...
[2026-05-19 06:11:17] [Reviewer] 第567章审查完成，评分: 7.5， verdict: 需修改
[2026-05-19 06:11:18] [Reviewer] 正在审查第568章...
[2026-05-19 06:11:20] [Reviewer] 第578章审查完成，评分: 8.5， verdict: 通过
[2026-05-19 06:11:21] [Reviewer] 正在审查第579章...
[2026-05-19 06:11:22] [Reviewer] 第568章审查完成，评分: 8.0， verdict: 通过
[2026-05-19 06:11:23] [Reviewer] 正在审查第569章...
[2026-05-19 06:11:24] [Reviewer] 第578章审查完成，评分: 7.8， verdict: 需修改
[2026-05-19 06:11:25] [Reviewer] 正在审查第579章...
[2026-05-19 06:11:52] [Reviewer] 第568章审查完成，评分: 8， verdict: 通过
[2026-05-19 06:11:53] [Reviewer] 正在审查第569章...
[2026-05-19 06:11:55] [Reviewer] 第579章审查完成，评分: 8.0， verdict: 通过
[2026-05-19 06:11:56] [Reviewer] 正在审查第580章...
[2026-05-19 06:12:02] [Reviewer] 第579章审查完成，评分: 7.5， verdict: 通过
[2026-05-19 06:12:03] [Reviewer] 正在审查第580章...
[2026-05-19 06:12:03] [Reviewer] 第569章审查失败
[2026-05-19 06:12:04] [Reviewer] 正在审查第570章...
[2026-05-19 06:12:25] [Reviewer] 第569章审查完成，评分: 7.8， verdict: 通过
[2026-05-19 06:12:26] [Reviewer] 正在审查第570章...
[2026-05-19 06:12:33] [Reviewer] 第580章审查完成，评分: 8， verdict: 通过
[2026-05-19 06:12:34] [Reviewer] 全部完成
[2026-05-19 06:12:37] [Reviewer] 第580章审查完成，评分: 8.0， verdict: 通过
[2026-05-19 06:12:38] [Reviewer] 全部完成
[2026-05-19 06:12:41] [Reviewer] 第570章审查完成，评分: 8.0， verdict: 通过
[2026-05-19 06:12:42] [Reviewer] 全部完成
[2026-05-19 06:13:04] [Reviewer] 第570章审查完成，评分: 7.8， verdict: 通过
[2026-05-19 06:13:05] [Reviewer] 全部完成
[2026-05-19 06:16:20] [Reviewer] 正在审查第301章...
[2026-05-19 06:16:20] [Reviewer] 第305章文件不存在
[2026-05-19 06:16:20] [Reviewer] 第309章已有有效审查报告，跳过
[2026-05-19 06:16:20] [Reviewer] 第313章已有有效审查报告，跳过
[2026-05-19 06:16:20] [Reviewer] 第317章文件不存在
[2026-05-19 06:16:21] [Reviewer] 第306章已有有效审查报告，跳过
[2026-05-19 06:16:21] [Reviewer] 第310章已有有效审查报告，跳过
[2026-05-19 06:16:21] [Reviewer] 第314章已有有效审查报告，跳过
[2026-05-19 06:16:21] [Reviewer] 第318章文件不存在
[2026-05-19 06:16:22] [Reviewer] 第307章已有有效审查报告，跳过
[2026-05-19 06:16:22] [Reviewer] 第311章已有有效审查报告，跳过
[2026-05-19 06:16:22] [Reviewer] 第315章已有有效审查报告，跳过
[2026-05-19 06:16:22] [Reviewer] 第319章文件不存在
[2026-05-19 06:16:23] [Reviewer] 第308章已有有效审查报告，跳过
[2026-05-19 06:16:23] [Reviewer] 第312章已有有效审查报告，跳过
[2026-05-19 06:16:23] [Reviewer] 第316章文件不存在
[2026-05-19 06:16:23] [Reviewer] 第320章文件不存在
[2026-05-19 06:16:24] [Reviewer] 全部完成
[2026-05-19 06:16:24] [Reviewer] 全部完成
[2026-05-19 06:16:24] [Reviewer] 全部完成
[2026-05-19 06:16:24] [Reviewer] 全部完成
[2026-05-19 06:16:56] [Reviewer] 第301章审查完成，评分: 8.3， verdict: 需修改
[2026-05-19 06:16:57] [Reviewer] 第302章已有有效审查报告，跳过
[2026-05-19 06:16:58] [Reviewer] 第303章已有有效审查报告，跳过
[2026-05-19 06:16:59] [Reviewer] 第304章审查报告无效（parse_error），重新审查
[2026-05-19 06:16:59] [Reviewer] 正在审查第304章...
[2026-05-19 06:17:13] [Reviewer] 第301章已有有效审查报告，跳过
[2026-05-19 06:17:13] [Reviewer] 第311章已有有效审查报告，跳过
[2026-05-19 06:17:14] [Reviewer] 第302章已有有效审查报告，跳过
[2026-05-19 06:17:14] [Reviewer] 第312章已有有效审查报告，跳过
[2026-05-19 06:17:15] [Reviewer] 第303章已有有效审查报告，跳过
[2026-05-19 06:17:15] [Reviewer] 第313章已有有效审查报告，跳过
[2026-05-19 06:17:16] [Reviewer] 第304章审查报告无效（parse_error），重新审查
[2026-05-19 06:17:16] [Reviewer] 正在审查第304章...
[2026-05-19 06:17:16] [Reviewer] 第314章已有有效审查报告，跳过
[2026-05-19 06:17:18] [Reviewer] 第315章已有有效审查报告，跳过
[2026-05-19 06:17:19] [Reviewer] 第316章文件不存在
[2026-05-19 06:17:20] [Reviewer] 第317章文件不存在
[2026-05-19 06:17:21] [Reviewer] 第318章文件不存在
[2026-05-19 06:17:22] [Reviewer] 第319章文件不存在
[2026-05-19 06:17:23] [Reviewer] 第320章文件不存在
[2026-05-19 06:17:24] [Reviewer] 全部完成
[2026-05-19 06:17:29] [Reviewer] 第304章审查完成，评分: 8.5， verdict: 通过
[2026-05-19 06:17:30] [Reviewer] 全部完成
[2026-05-19 06:17:43] [Reviewer] 第321章文件不存在
[2026-05-19 06:17:43] [Reviewer] 第325章文件不存在
[2026-05-19 06:17:43] [Reviewer] 第329章文件不存在
[2026-05-19 06:17:43] [Reviewer] 第333章文件不存在
[2026-05-19 06:17:43] [Reviewer] 第337章文件不存在
[2026-05-19 06:17:44] [Reviewer] 第322章文件不存在
[2026-05-19 06:17:44] [Reviewer] 第326章文件不存在
[2026-05-19 06:17:44] [Reviewer] 第330章文件不存在
[2026-05-19 06:17:44] [Reviewer] 第334章文件不存在
[2026-05-19 06:17:44] [Reviewer] 第338章文件不存在
[2026-05-19 06:17:45] [Reviewer] 第323章文件不存在
[2026-05-19 06:17:45] [Reviewer] 第327章文件不存在
[2026-05-19 06:17:45] [Reviewer] 第331章文件不存在
[2026-05-19 06:17:45] [Reviewer] 第335章文件不存在
[2026-05-19 06:17:45] [Reviewer] 第339章文件不存在
[2026-05-19 06:17:46] [Reviewer] 第324章文件不存在
[2026-05-19 06:17:46] [Reviewer] 第328章文件不存在
[2026-05-19 06:17:46] [Reviewer] 第332章文件不存在
[2026-05-19 06:17:46] [Reviewer] 第336章文件不存在
[2026-05-19 06:17:46] [Reviewer] 第340章文件不存在
[2026-05-19 06:17:47] [Reviewer] 全部完成
[2026-05-19 06:17:47] [Reviewer] 全部完成
[2026-05-19 06:17:47] [Reviewer] 全部完成
[2026-05-19 06:17:47] [Reviewer] 全部完成
[2026-05-19 06:17:47] [Reviewer] 全部完成
[2026-05-19 06:17:54] [Reviewer] 第304章审查完成，评分: 8.2， verdict: 通过
[2026-05-19 06:17:55] [Reviewer] 第305章文件不存在
[2026-05-19 06:17:56] [Reviewer] 第306章已有有效审查报告，跳过
[2026-05-19 06:17:57] [Reviewer] 第307章已有有效审查报告，跳过
[2026-05-19 06:17:58] [Reviewer] 第308章已有有效审查报告，跳过
[2026-05-19 06:17:59] [Reviewer] 第309章已有有效审查报告，跳过
[2026-05-19 06:18:00] [Reviewer] 第341章文件不存在
[2026-05-19 06:18:00] [Reviewer] 第310章已有有效审查报告，跳过
[2026-05-19 06:18:00] [Reviewer] 第345章文件不存在
[2026-05-19 06:18:00] [Reviewer] 第349章已有有效审查报告，跳过
[2026-05-19 06:18:00] [Reviewer] 第353章已有有效审查报告，跳过
[2026-05-19 06:18:00] [Reviewer] 第357章已有有效审查报告，跳过
[2026-05-19 06:18:01] [Reviewer] 第342章文件不存在
[2026-05-19 06:18:01] [Reviewer] 全部完成
[2026-05-19 06:18:01] [Reviewer] 第346章已有有效审查报告，跳过
[2026-05-19 06:18:01] [Reviewer] 第350章已有有效审查报告，跳过
[2026-05-19 06:18:01] [Reviewer] 第354章已有有效审查报告，跳过
[2026-05-19 06:18:01] [Reviewer] 第358章已有有效审查报告，跳过
[2026-05-19 06:18:02] [Reviewer] 第343章文件不存在
[2026-05-19 06:18:02] [Reviewer] 第347章已有有效审查报告，跳过
[2026-05-19 06:18:02] [Reviewer] 第351章审查报告无效（parse_error），重新审查
[2026-05-19 06:18:02] [Reviewer] 正在审查第351章...
[2026-05-19 06:18:02] [Reviewer] 第355章审查报告无效（completed），重新审查
[2026-05-19 06:18:02] [Reviewer] 正在审查第355章...
[2026-05-19 06:18:02] [Reviewer] 第359章已有有效审查报告，跳过
[2026-05-19 06:18:03] [Reviewer] 第344章文件不存在
[2026-05-19 06:18:03] [Reviewer] 第348章已有有效审查报告，跳过
[2026-05-19 06:18:03] [Reviewer] 第360章已有有效审查报告，跳过
[2026-05-19 06:18:04] [Reviewer] 全部完成
[2026-05-19 06:18:04] [Reviewer] 全部完成
[2026-05-19 06:18:04] [Reviewer] 全部完成
[2026-05-19 06:18:16] [Reviewer] 第321章文件不存在
[2026-05-19 06:18:16] [Reviewer] 第331章文件不存在
[2026-05-19 06:18:17] [Reviewer] 第322章文件不存在
[2026-05-19 06:18:17] [Reviewer] 第332章文件不存在
[2026-05-19 06:18:18] [Reviewer] 第323章文件不存在
[2026-05-19 06:18:18] [Reviewer] 第333章文件不存在
[2026-05-19 06:18:19] [Reviewer] 第324章文件不存在
[2026-05-19 06:18:19] [Reviewer] 第334章文件不存在
[2026-05-19 06:18:20] [Reviewer] 第325章文件不存在
[2026-05-19 06:18:20] [Reviewer] 第335章文件不存在
[2026-05-19 06:18:21] [Reviewer] 第326章文件不存在
[2026-05-19 06:18:21] [Reviewer] 第336章文件不存在
[2026-05-19 06:18:22] [Reviewer] 第327章文件不存在
[2026-05-19 06:18:22] [Reviewer] 第337章文件不存在
[2026-05-19 06:18:23] [Reviewer] 第328章文件不存在
[2026-05-19 06:18:23] [Reviewer] 第338章文件不存在
[2026-05-19 06:18:24] [Reviewer] 第329章文件不存在
[2026-05-19 06:18:24] [Reviewer] 第339章文件不存在
[2026-05-19 06:18:25] [Reviewer] 第330章文件不存在
[2026-05-19 06:18:25] [Reviewer] 第340章文件不存在
[2026-05-19 06:18:26] [Reviewer] 全部完成
[2026-05-19 06:18:26] [Reviewer] 全部完成
[2026-05-19 06:18:36] [Reviewer] 第355章审查完成，评分: 8， verdict: 需修改
[2026-05-19 06:18:37] [Reviewer] 第356章已有有效审查报告，跳过
[2026-05-19 06:18:38] [Reviewer] 全部完成
[2026-05-19 06:18:41] [Reviewer] 第351章审查完成，评分: 8.5， verdict: 通过
[2026-05-19 06:18:41] [Reviewer] 第341章文件不存在
[2026-05-19 06:18:41] [Reviewer] 第351章已有有效审查报告，跳过
[2026-05-19 06:18:42] [Reviewer] 第352章已有有效审查报告，跳过
[2026-05-19 06:18:42] [Reviewer] 第342章文件不存在
[2026-05-19 06:18:42] [Reviewer] 第352章已有有效审查报告，跳过
[2026-05-19 06:18:43] [Reviewer] 全部完成
[2026-05-19 06:18:43] [Reviewer] 第343章文件不存在
[2026-05-19 06:18:43] [Reviewer] 第353章已有有效审查报告，跳过
[2026-05-19 06:18:44] [Reviewer] 第344章文件不存在
[2026-05-19 06:18:44] [Reviewer] 第354章已有有效审查报告，跳过
[2026-05-19 06:18:45] [Reviewer] 第345章文件不存在
[2026-05-19 06:18:45] [Reviewer] 第355章已有有效审查报告，跳过
[2026-05-19 06:18:46] [Reviewer] 第346章已有有效审查报告，跳过
[2026-05-19 06:18:46] [Reviewer] 第356章已有有效审查报告，跳过
[2026-05-19 06:18:47] [Reviewer] 第347章已有有效审查报告，跳过
[2026-05-19 06:18:47] [Reviewer] 第357章已有有效审查报告，跳过
[2026-05-19 06:18:48] [Reviewer] 第348章已有有效审查报告，跳过
[2026-05-19 06:18:48] [Reviewer] 第358章已有有效审查报告，跳过
[2026-05-19 06:18:49] [Reviewer] 第349章已有有效审查报告，跳过
[2026-05-19 06:18:49] [Reviewer] 第359章已有有效审查报告，跳过
[2026-05-19 06:18:50] [Reviewer] 第350章已有有效审查报告，跳过
[2026-05-19 06:18:50] [Reviewer] 第360章已有有效审查报告，跳过
[2026-05-19 06:18:51] [Reviewer] 全部完成
[2026-05-19 06:18:51] [Reviewer] 全部完成
[2026-05-19 06:18:55] [Reviewer] 第361章已有有效审查报告，跳过
[2026-05-19 06:18:55] [Reviewer] 第365章已有有效审查报告，跳过
[2026-05-19 06:18:55] [Reviewer] 第369章已有有效审查报告，跳过
[2026-05-19 06:18:56] [Reviewer] 第373章已有有效审查报告，跳过
[2026-05-19 06:18:56] [Reviewer] 第377章已有有效审查报告，跳过
[2026-05-19 06:18:56] [Reviewer] 第362章已有有效审查报告，跳过
[2026-05-19 06:18:56] [Reviewer] 第366章已有有效审查报告，跳过
[2026-05-19 06:18:56] [Reviewer] 第370章已有有效审查报告，跳过
[2026-05-19 06:18:57] [Reviewer] 第374章已有有效审查报告，跳过
[2026-05-19 06:18:57] [Reviewer] 第378章已有有效审查报告，跳过
[2026-05-19 06:18:57] [Reviewer] 第363章已有有效审查报告，跳过
[2026-05-19 06:18:57] [Reviewer] 第367章已有有效审查报告，跳过
[2026-05-19 06:18:57] [Reviewer] 第371章已有有效审查报告，跳过
[2026-05-19 06:18:58] [Reviewer] 第375章已有有效审查报告，跳过
[2026-05-19 06:18:58] [Reviewer] 第379章已有有效审查报告，跳过
[2026-05-19 06:18:58] [Reviewer] 第364章已有有效审查报告，跳过
[2026-05-19 06:18:58] [Reviewer] 第368章已有有效审查报告，跳过
[2026-05-19 06:18:58] [Reviewer] 第372章已有有效审查报告，跳过
[2026-05-19 06:18:59] [Reviewer] 第376章已有有效审查报告，跳过
[2026-05-19 06:18:59] [Reviewer] 第380章已有有效审查报告，跳过
[2026-05-19 06:18:59] [Reviewer] 全部完成
[2026-05-19 06:18:59] [Reviewer] 全部完成
[2026-05-19 06:18:59] [Reviewer] 全部完成
[2026-05-19 06:19:00] [Reviewer] 全部完成
[2026-05-19 06:19:00] [Reviewer] 全部完成
[2026-05-19 06:19:07] [Reviewer] 第361章已有有效审查报告，跳过
[2026-05-19 06:19:07] [Reviewer] 第371章已有有效审查报告，跳过
[2026-05-19 06:19:08] [Reviewer] 第362章已有有效审查报告，跳过
[2026-05-19 06:19:08] [Reviewer] 第372章已有有效审查报告，跳过
[2026-05-19 06:19:09] [Reviewer] 第363章已有有效审查报告，跳过
[2026-05-19 06:19:09] [Reviewer] 第373章已有有效审查报告，跳过
[2026-05-19 06:19:10] [Reviewer] 第364章已有有效审查报告，跳过
[2026-05-19 06:19:10] [Reviewer] 第374章已有有效审查报告，跳过
[2026-05-19 06:19:11] [Reviewer] 第365章已有有效审查报告，跳过
[2026-05-19 06:19:11] [Reviewer] 第375章已有有效审查报告，跳过
[2026-05-19 06:19:12] [Reviewer] 第366章已有有效审查报告，跳过
[2026-05-19 06:19:12] [Reviewer] 第376章已有有效审查报告，跳过
[2026-05-19 06:19:12] [Reviewer] 第381章已有有效审查报告，跳过
[2026-05-19 06:19:12] [Reviewer] 第385章已有有效审查报告，跳过
[2026-05-19 06:19:12] [Reviewer] 第389章已有有效审查报告，跳过
[2026-05-19 06:19:12] [Reviewer] 第393章已有有效审查报告，跳过
[2026-05-19 06:19:12] [Reviewer] 第397章审查报告无效（parse_error），重新审查
[2026-05-19 06:19:12] [Reviewer] 正在审查第397章...
[2026-05-19 06:19:13] [Reviewer] 第367章已有有效审查报告，跳过
[2026-05-19 06:19:13] [Reviewer] 第377章已有有效审查报告，跳过
[2026-05-19 06:19:13] [Reviewer] 第382章已有有效审查报告，跳过
[2026-05-19 06:19:13] [Reviewer] 第386章已有有效审查报告，跳过
[2026-05-19 06:19:13] [Reviewer] 第390章已有有效审查报告，跳过
[2026-05-19 06:19:13] [Reviewer] 第394章已有有效审查报告，跳过
[2026-05-19 06:19:14] [Reviewer] 第368章已有有效审查报告，跳过
[2026-05-19 06:19:14] [Reviewer] 第378章已有有效审查报告，跳过
[2026-05-19 06:19:14] [Reviewer] 第383章已有有效审查报告，跳过
[2026-05-19 06:19:14] [Reviewer] 第387章已有有效审查报告，跳过
[2026-05-19 06:19:14] [Reviewer] 第391章已有有效审查报告，跳过
[2026-05-19 06:19:14] [Reviewer] 第395章已有有效审查报告，跳过
[2026-05-19 06:19:15] [Reviewer] 第369章已有有效审查报告，跳过
[2026-05-19 06:19:15] [Reviewer] 第379章已有有效审查报告，跳过
[2026-05-19 06:19:15] [Reviewer] 第384章已有有效审查报告，跳过
[2026-05-19 06:19:15] [Reviewer] 第388章已有有效审查报告，跳过
[2026-05-19 06:19:15] [Reviewer] 第392章已有有效审查报告，跳过
[2026-05-19 06:19:15] [Reviewer] 第396章已有有效审查报告，跳过
[2026-05-19 06:19:16] [Reviewer] 第370章已有有效审查报告，跳过
[2026-05-19 06:19:16] [Reviewer] 第380章已有有效审查报告，跳过
[2026-05-19 06:19:16] [Reviewer] 全部完成
[2026-05-19 06:19:16] [Reviewer] 全部完成
[2026-05-19 06:19:16] [Reviewer] 全部完成
[2026-05-19 06:19:16] [Reviewer] 全部完成
[2026-05-19 06:19:17] [Reviewer] 全部完成
[2026-05-19 06:19:17] [Reviewer] 全部完成
[2026-05-19 06:19:32] [Reviewer] 第381章已有有效审查报告，跳过
[2026-05-19 06:19:32] [Reviewer] 第391章已有有效审查报告，跳过
[2026-05-19 06:19:33] [Reviewer] 第382章已有有效审查报告，跳过
[2026-05-19 06:19:33] [Reviewer] 第392章已有有效审查报告，跳过
[2026-05-19 06:19:34] [Reviewer] 第383章已有有效审查报告，跳过
[2026-05-19 06:19:34] [Reviewer] 第393章已有有效审查报告，跳过
[2026-05-19 06:19:35] [Reviewer] 第384章已有有效审查报告，跳过
[2026-05-19 06:19:35] [Reviewer] 第394章已有有效审查报告，跳过
[2026-05-19 06:19:36] [Reviewer] 第385章已有有效审查报告，跳过
[2026-05-19 06:19:36] [Reviewer] 第395章已有有效审查报告，跳过
[2026-05-19 06:19:37] [Reviewer] 第386章已有有效审查报告，跳过
[2026-05-19 06:19:37] [Reviewer] 第396章已有有效审查报告，跳过
[2026-05-19 06:19:38] [Reviewer] 第387章已有有效审查报告，跳过
[2026-05-19 06:19:38] [Reviewer] 第397章审查报告无效（parse_error），重新审查
[2026-05-19 06:19:38] [Reviewer] 正在审查第397章...
[2026-05-19 06:19:39] [Reviewer] 第388章已有有效审查报告，跳过
[2026-05-19 06:19:40] [Reviewer] 第389章已有有效审查报告，跳过
[2026-05-19 06:19:41] [Reviewer] 第390章已有有效审查报告，跳过
[2026-05-19 06:19:42] [Reviewer] 全部完成
[2026-05-19 06:19:43] [Reviewer] 第397章审查完成，评分: 8.2， verdict: 通过
[2026-05-19 06:19:44] [Reviewer] 第398章已有有效审查报告，跳过
[2026-05-19 06:19:45] [Reviewer] 第399章已有有效审查报告，跳过
[2026-05-19 06:19:46] [Reviewer] 第400章已有有效审查报告，跳过
[2026-05-19 06:19:47] [Reviewer] 全部完成
[2026-05-19 06:20:24] [Reviewer] 第397章审查完成，评分: 7.8， verdict: 通过
[2026-05-19 06:20:25] [Reviewer] 第398章已有有效审查报告，跳过
[2026-05-19 06:20:26] [Reviewer] 第399章已有有效审查报告，跳过
[2026-05-19 06:20:27] [Reviewer] 第400章已有有效审查报告，跳过
[2026-05-19 06:20:28] [Reviewer] 全部完成
[2026-05-19 06:21:31] [Reviewer] 正在审查第581章...
[2026-05-19 06:21:31] [Reviewer] 正在审查第591章...
[2026-05-19 06:22:01] [Reviewer] 第581章审查完成，评分: 8.2， verdict: 通过
[2026-05-19 06:22:02] [Reviewer] 正在审查第582章...
[2026-05-19 06:22:03] [Reviewer] 第591章审查完成，评分: 8.2， verdict: 通过
[2026-05-19 06:22:04] [Reviewer] 正在审查第592章...
[2026-05-19 06:22:09] [Reviewer] 第581章已有有效审查报告，跳过
[2026-05-19 06:22:09] [Reviewer] 第591章已有有效审查报告，跳过
[2026-05-19 06:22:10] [Reviewer] 正在审查第582章...
[2026-05-19 06:22:10] [Reviewer] 正在审查第592章...
[2026-05-19 06:22:37] [Reviewer] 第592章审查完成，评分: 7.5， verdict: 需修改
[2026-05-19 06:22:38] [Reviewer] 正在审查第593章...
[2026-05-19 06:22:42] [Reviewer] 第582章审查完成，评分: 8.2， verdict: 通过
[2026-05-19 06:22:43] [Reviewer] 第582章审查完成，评分: 8.0， verdict: 通过
[2026-05-19 06:22:43] [Reviewer] 正在审查第583章...
[2026-05-19 06:22:44] [Reviewer] 正在审查第583章...
[2026-05-19 06:22:46] [Reviewer] 第592章审查完成，评分: 7.3， verdict: 需修改
[2026-05-19 06:22:47] [Reviewer] 正在审查第593章...
[2026-05-19 06:23:08] [Reviewer] 第593章审查完成，评分: 8.2， verdict: 通过
[2026-05-19 06:23:09] [Reviewer] 正在审查第594章...
[2026-05-19 06:23:16] [Reviewer] 第593章审查完成，评分: 8.5， verdict: 通过
[2026-05-19 06:23:17] [Reviewer] 正在审查第594章...
[2026-05-19 06:23:23] [Reviewer] 第583章审查完成，评分: 8， verdict: 通过
[2026-05-19 06:23:24] [Reviewer] 正在审查第584章...
[2026-05-19 06:23:28] [Reviewer] 第583章审查完成，评分: 7.8， verdict: 需修改
[2026-05-19 06:23:29] [Reviewer] 正在审查第584章...
[2026-05-19 06:23:37] [Reviewer] 第594章审查完成，评分: 7.2， verdict: 需修改
[2026-05-19 06:23:38] [Reviewer] 正在审查第595章...
[2026-05-19 06:23:56] [Reviewer] JSON解析失败: Expecting ',' delimiter: line 27 column 36 (char 667)
[2026-05-19 06:23:56] [Reviewer] 第584章审查完成，评分: N/A， verdict: N/A
[2026-05-19 06:23:57] [Reviewer] 正在审查第585章...
[2026-05-19 06:24:00] [Reviewer] 第594章审查完成，评分: 7.4， verdict: 需修改
[2026-05-19 06:24:01] [Reviewer] 正在审查第595章...
[2026-05-19 06:24:09] [Reviewer] 第595章审查完成，评分: 7.8， verdict: 通过
[2026-05-19 06:24:09] [Reviewer] JSON解析失败: Expecting ',' delimiter: line 23 column 43 (char 535)
[2026-05-19 06:24:09] [Reviewer] 第584章审查完成，评分: N/A， verdict: N/A
[2026-05-19 06:24:10] [Reviewer] 正在审查第596章...
[2026-05-19 06:24:10] [Reviewer] 正在审查第585章...
[2026-05-19 06:24:28] [Reviewer] 第585章审查完成，评分: 7.5， verdict: 需修改
[2026-05-19 06:24:29] [Reviewer] 正在审查第586章...
[2026-05-19 06:24:37] [Reviewer] 第585章审查完成，评分: 8.5， verdict: 通过
[2026-05-19 06:24:38] [Reviewer] JSON解析失败: Invalid control character at: line 37 column 57 (char 1137)
[2026-05-19 06:24:38] [Reviewer] 第596章审查完成，评分: N/A， verdict: N/A
[2026-05-19 06:24:38] [Reviewer] 正在审查第586章...
[2026-05-19 06:24:39] [Reviewer] 正在审查第597章...
[2026-05-19 06:24:41] [Reviewer] 第595章审查完成，评分: 8.2， verdict: 通过
[2026-05-19 06:24:42] [Reviewer] 第596章审查报告无效（parse_error），重新审查
[2026-05-19 06:24:42] [Reviewer] 正在审查第596章...
[2026-05-19 06:25:01] [Reviewer] 第586章审查完成，评分: 7.5， verdict: 需修改
[2026-05-19 06:25:02] [Reviewer] 正在审查第587章...
[2026-05-19 06:25:09] [Reviewer] 第597章审查完成，评分: 7.5， verdict: 需修改
[2026-05-19 06:25:10] [Reviewer] 正在审查第598章...
[2026-05-19 06:25:12] [Reviewer] 第586章审查完成，评分: 7.5， verdict: 通过
[2026-05-19 06:25:13] [Reviewer] 正在审查第587章...
[2026-05-19 06:25:22] [Reviewer] 第401章已有有效审查报告，跳过
[2026-05-19 06:25:22] [Reviewer] 第411章已有有效审查报告，跳过
[2026-05-19 06:25:23] [Reviewer] 第402章已有有效审查报告，跳过
[2026-05-19 06:25:23] [Reviewer] 第412章已有有效审查报告，跳过
[2026-05-19 06:25:24] [Reviewer] 第403章已有有效审查报告，跳过
[2026-05-19 06:25:24] [Reviewer] 第413章已有有效审查报告，跳过
[2026-05-19 06:25:25] [Reviewer] 第404章已有有效审查报告，跳过
[2026-05-19 06:25:25] [Reviewer] 第414章已有有效审查报告，跳过
[2026-05-19 06:25:26] [Reviewer] 第405章已有有效审查报告，跳过
[2026-05-19 06:25:26] [Reviewer] 第415章已有有效审查报告，跳过
[2026-05-19 06:25:27] [Reviewer] 第406章已有有效审查报告，跳过
[2026-05-19 06:25:27] [Reviewer] 第416章已有有效审查报告，跳过
[2026-05-19 06:25:27] [Reviewer] 第596章审查完成，评分: 8.5， verdict: 通过
[2026-05-19 06:25:28] [Reviewer] 第407章已有有效审查报告，跳过
[2026-05-19 06:25:28] [Reviewer] 第417章已有有效审查报告，跳过
[2026-05-19 06:25:28] [Reviewer] 第597章已有有效审查报告，跳过
[2026-05-19 06:25:29] [Reviewer] 第408章已有有效审查报告，跳过
[2026-05-19 06:25:29] [Reviewer] 第418章已有有效审查报告，跳过
[2026-05-19 06:25:29] [Reviewer] 正在审查第598章...
[2026-05-19 06:25:30] [Reviewer] 第409章已有有效审查报告，跳过
[2026-05-19 06:25:30] [Reviewer] 第419章已有有效审查报告，跳过
[2026-05-19 06:25:31] [Reviewer] 第410章已有有效审查报告，跳过
[2026-05-19 06:25:31] [Reviewer] 第420章已有有效审查报告，跳过
[2026-05-19 06:25:32] [Reviewer] 全部完成
[2026-05-19 06:25:32] [Reviewer] 全部完成
[2026-05-19 06:25:35] [Reviewer] 第587章审查完成，评分: 8.0， verdict: 通过
[2026-05-19 06:25:36] [Reviewer] 正在审查第588章...
[2026-05-19 06:25:43] [Reviewer] 第598章审查完成，评分: 7.8， verdict: 通过
[2026-05-19 06:25:44] [Reviewer] 正在审查第599章...
[2026-05-19 06:25:48] [Reviewer] 第421章已有有效审查报告，跳过
[2026-05-19 06:25:48] [Reviewer] 第431章审查报告无效（parse_error），重新审查
[2026-05-19 06:25:48] [Reviewer] 正在审查第431章...
[2026-05-19 06:25:48] [Reviewer] 第587章审查完成，评分: 8.5， verdict: 通过
[2026-05-19 06:25:49] [Reviewer] 第422章已有有效审查报告，跳过
[2026-05-19 06:25:49] [Reviewer] 正在审查第588章...
[2026-05-19 06:25:50] [Reviewer] 第423章已有有效审查报告，跳过
[2026-05-19 06:25:51] [Reviewer] 第424章已有有效审查报告，跳过
[2026-05-19 06:25:52] [Reviewer] 第425章已有有效审查报告，跳过
[2026-05-19 06:25:53] [Reviewer] 第426章已有有效审查报告，跳过
[2026-05-19 06:25:54] [Reviewer] 第427章已有有效审查报告，跳过
[2026-05-19 06:25:55] [Reviewer] 第428章已有有效审查报告，跳过
[2026-05-19 06:25:56] [Reviewer] 第429章已有有效审查报告，跳过
[2026-05-19 06:25:57] [Reviewer] 第430章已有有效审查报告，跳过
[2026-05-19 06:25:58] [Reviewer] 全部完成
[2026-05-19 06:26:04] [Reviewer] JSON解析失败: Expecting ',' delimiter: line 21 column 9 (char 415)
[2026-05-19 06:26:04] [Reviewer] 第598章审查完成，评分: N/A， verdict: N/A
[2026-05-19 06:26:05] [Reviewer] 正在审查第599章...
[2026-05-19 06:26:14] [Reviewer] 第401章已有有效审查报告，跳过
[2026-05-19 06:26:14] [Reviewer] 第405章已有有效审查报告，跳过
[2026-05-19 06:26:14] [Reviewer] 第409章已有有效审查报告，跳过
[2026-05-19 06:26:14] [Reviewer] 第413章已有有效审查报告，跳过
[2026-05-19 06:26:14] [Reviewer] 第417章已有有效审查报告，跳过
[2026-05-19 06:26:15] [Reviewer] 第402章已有有效审查报告，跳过
[2026-05-19 06:26:15] [Reviewer] 第406章已有有效审查报告，跳过
[2026-05-19 06:26:15] [Reviewer] 第410章已有有效审查报告，跳过
[2026-05-19 06:26:15] [Reviewer] 第414章已有有效审查报告，跳过
[2026-05-19 06:26:15] [Reviewer] 第418章已有有效审查报告，跳过
[2026-05-19 06:26:16] [Reviewer] 第403章已有有效审查报告，跳过
[2026-05-19 06:26:16] [Reviewer] 第407章已有有效审查报告，跳过
[2026-05-19 06:26:16] [Reviewer] 第411章已有有效审查报告，跳过
[2026-05-19 06:26:16] [Reviewer] 第415章已有有效审查报告，跳过
[2026-05-19 06:26:16] [Reviewer] 第419章已有有效审查报告，跳过
[2026-05-19 06:26:17] [Reviewer] 第404章已有有效审查报告，跳过
[2026-05-19 06:26:17] [Reviewer] 第408章已有有效审查报告，跳过
[2026-05-19 06:26:17] [Reviewer] 第412章已有有效审查报告，跳过
[2026-05-19 06:26:17] [Reviewer] 第416章已有有效审查报告，跳过
[2026-05-19 06:26:17] [Reviewer] 第420章已有有效审查报告，跳过
[2026-05-19 06:26:18] [Reviewer] 全部完成
[2026-05-19 06:26:18] [Reviewer] 全部完成
[2026-05-19 06:26:18] [Reviewer] 全部完成
[2026-05-19 06:26:18] [Reviewer] 全部完成
[2026-05-19 06:26:18] [Reviewer] 全部完成
[2026-05-19 06:26:21] [Reviewer] 第599章审查完成，评分: 8.0， verdict: 通过
[2026-05-19 06:26:22] [Reviewer] 正在审查第600章...
[2026-05-19 06:26:24] [Reviewer] 第588章审查完成，评分: 7.8， verdict: 通过
[2026-05-19 06:26:24] [Reviewer] 第588章审查完成，评分: 8.5， verdict: 通过
[2026-05-19 06:26:25] [Reviewer] 正在审查第589章...
[2026-05-19 06:26:25] [Reviewer] 正在审查第589章...
[2026-05-19 06:26:28] [Reviewer] 第431章审查完成，评分: 8， verdict: 通过
[2026-05-19 06:26:29] [Reviewer] 第432章已有有效审查报告，跳过
[2026-05-19 06:26:30] [Reviewer] 第433章已有有效审查报告，跳过
[2026-05-19 06:26:31] [Reviewer] 第421章已有有效审查报告，跳过
[2026-05-19 06:26:31] [Reviewer] 第425章已有有效审查报告，跳过
[2026-05-19 06:26:31] [Reviewer] 第429章已有有效审查报告，跳过
[2026-05-19 06:26:31] [Reviewer] 第433章已有有效审查报告，跳过
[2026-05-19 06:26:31] [Reviewer] 第437章已有有效审查报告，跳过
[2026-05-19 06:26:31] [Reviewer] 第434章已有有效审查报告，跳过
[2026-05-19 06:26:32] [Reviewer] 第422章已有有效审查报告，跳过
[2026-05-19 06:26:32] [Reviewer] 第426章已有有效审查报告，跳过
[2026-05-19 06:26:32] [Reviewer] 第430章已有有效审查报告，跳过
[2026-05-19 06:26:32] [Reviewer] 第434章已有有效审查报告，跳过
[2026-05-19 06:26:32] [Reviewer] 第435章已有有效审查报告，跳过
[2026-05-19 06:26:33] [Reviewer] 第423章已有有效审查报告，跳过
[2026-05-19 06:26:33] [Reviewer] 第427章已有有效审查报告，跳过
[2026-05-19 06:26:33] [Reviewer] 第431章已有有效审查报告，跳过
[2026-05-19 06:26:33] [Reviewer] 第439章已有有效审查报告，跳过
[2026-05-19 06:26:33] [Reviewer] 第436章已有有效审查报告，跳过
[2026-05-19 06:26:34] [Reviewer] 第424章已有有效审查报告，跳过
[2026-05-19 06:26:34] [Reviewer] 第428章已有有效审查报告，跳过
[2026-05-19 06:26:34] [Reviewer] 第432章已有有效审查报告，跳过
[2026-05-19 06:26:34] [Reviewer] 第436章已有有效审查报告，跳过
[2026-05-19 06:26:34] [Reviewer] 第437章已有有效审查报告，跳过
[2026-05-19 06:26:35] [Reviewer] 全部完成
[2026-05-19 06:26:35] [Reviewer] 全部完成
[2026-05-19 06:26:35] [Reviewer] 全部完成
[2026-05-19 06:26:35] [Reviewer] 全部完成
[2026-05-19 06:26:35] [Reviewer] 全部完成
[2026-05-19 06:26:35] [Reviewer] 第438章已有有效审查报告，跳过
[2026-05-19 06:26:36] [Reviewer] 第439章已有有效审查报告，跳过
[2026-05-19 06:26:36] [Reviewer] 第599章审查完成，评分: 8.0， verdict: 通过
[2026-05-19 06:26:37] [Reviewer] 第440章已有有效审查报告，跳过
[2026-05-19 06:26:37] [Reviewer] 正在审查第600章...
[2026-05-19 06:26:38] [Reviewer] 全部完成
[2026-05-19 06:26:47] [Reviewer] 第441章已有有效审查报告，跳过
[2026-05-19 06:26:47] [Reviewer] 第445章已有有效审查报告，跳过
[2026-05-19 06:26:48] [Reviewer] 第449章已有有效审查报告，跳过
[2026-05-19 06:26:48] [Reviewer] 第453章已有有效审查报告，跳过
[2026-05-19 06:26:48] [Reviewer] 第457章已有有效审查报告，跳过
[2026-05-19 06:26:48] [Reviewer] 第442章已有有效审查报告，跳过
[2026-05-19 06:26:48] [Reviewer] 第446章已有有效审查报告，跳过
[2026-05-19 06:26:49] [Reviewer] 第450章已有有效审查报告，跳过
[2026-05-19 06:26:49] [Reviewer] 第454章已有有效审查报告，跳过
[2026-05-19 06:26:49] [Reviewer] 第458章已有有效审查报告，跳过
[2026-05-19 06:26:49] [Reviewer] 第443章已有有效审查报告，跳过
[2026-05-19 06:26:49] [Reviewer] 第447章已有有效审查报告，跳过
[2026-05-19 06:26:50] [Reviewer] 第451章已有有效审查报告，跳过
[2026-05-19 06:26:50] [Reviewer] 第455章已有有效审查报告，跳过
[2026-05-19 06:26:50] [Reviewer] 第459章已有有效审查报告，跳过
[2026-05-19 06:26:50] [Reviewer] 第444章已有有效审查报告，跳过
[2026-05-19 06:26:50] [Reviewer] 第448章已有有效审查报告，跳过
[2026-05-19 06:26:51] [Reviewer] 第452章已有有效审查报告，跳过
[2026-05-19 06:26:51] [Reviewer] 第456章已有有效审查报告，跳过
[2026-05-19 06:26:51] [Reviewer] 第460章已有有效审查报告，跳过
[2026-05-19 06:26:51] [Reviewer] 全部完成
[2026-05-19 06:26:51] [Reviewer] 全部完成
[2026-05-19 06:26:52] [Reviewer] 全部完成
[2026-05-19 06:26:52] [Reviewer] 全部完成
[2026-05-19 06:26:52] [Reviewer] 全部完成
[2026-05-19 06:26:52] [Reviewer] 第441章已有有效审查报告，跳过
[2026-05-19 06:26:52] [Reviewer] 第451章已有有效审查报告，跳过
[2026-05-19 06:26:53] [Reviewer] 第442章已有有效审查报告，跳过
[2026-05-19 06:26:53] [Reviewer] 第452章已有有效审查报告，跳过
[2026-05-19 06:26:54] [Reviewer] 第443章已有有效审查报告，跳过
[2026-05-19 06:26:54] [Reviewer] 第453章已有有效审查报告，跳过
[2026-05-19 06:26:55] [Reviewer] 第444章已有有效审查报告，跳过
[2026-05-19 06:26:55] [Reviewer] 第454章已有有效审查报告，跳过
[2026-05-19 06:26:55] [Reviewer] 第600章审查完成，评分: 7.5， verdict: 需修改
[2026-05-19 06:26:56] [Reviewer] 第445章已有有效审查报告，跳过
[2026-05-19 06:26:56] [Reviewer] 第455章已有有效审查报告，跳过
[2026-05-19 06:26:56] [Reviewer] 全部完成
[2026-05-19 06:26:57] [Reviewer] 第446章已有有效审查报告，跳过
[2026-05-19 06:26:57] [Reviewer] 第456章已有有效审查报告，跳过
[2026-05-19 06:26:58] [Reviewer] 第447章已有有效审查报告，跳过
[2026-05-19 06:26:58] [Reviewer] 第457章已有有效审查报告，跳过
[2026-05-19 06:26:59] [Reviewer] 第448章已有有效审查报告，跳过
[2026-05-19 06:26:59] [Reviewer] 第458章已有有效审查报告，跳过
[2026-05-19 06:27:00] [Reviewer] 第589章审查完成，评分: 7.5， verdict: 需修改
[2026-05-19 06:27:00] [Reviewer] 第449章已有有效审查报告，跳过
[2026-05-19 06:27:00] [Reviewer] 第459章已有有效审查报告，跳过
[2026-05-19 06:27:01] [Reviewer] 正在审查第590章...
[2026-05-19 06:27:01] [Reviewer] 第450章已有有效审查报告，跳过
[2026-05-19 06:27:01] [Reviewer] 第460章已有有效审查报告，跳过
[2026-05-19 06:27:02] [Reviewer] 全部完成
[2026-05-19 06:27:02] [Reviewer] 全部完成
[2026-05-19 06:27:04] [Reviewer] 第589章审查完成，评分: 8.2， verdict: 通过
[2026-05-19 06:27:04] [Reviewer] 第461章已有有效审查报告，跳过
[2026-05-19 06:27:04] [Reviewer] 第465章已有有效审查报告，跳过
[2026-05-19 06:27:04] [Reviewer] 第469章已有有效审查报告，跳过
[2026-05-19 06:27:04] [Reviewer] 第473章已有有效审查报告，跳过
[2026-05-19 06:27:04] [Reviewer] 第477章已有有效审查报告，跳过
[2026-05-19 06:27:05] [Reviewer] 正在审查第590章...
[2026-05-19 06:27:05] [Reviewer] 第462章已有有效审查报告，跳过
[2026-05-19 06:27:05] [Reviewer] 第466章已有有效审查报告，跳过
[2026-05-19 06:27:05] [Reviewer] 第470章已有有效审查报告，跳过
[2026-05-19 06:27:05] [Reviewer] 第474章已有有效审查报告，跳过
[2026-05-19 06:27:05] [Reviewer] 第478章已有有效审查报告，跳过
[2026-05-19 06:27:06] [Reviewer] 第463章已有有效审查报告，跳过
[2026-05-19 06:27:06] [Reviewer] 第467章已有有效审查报告，跳过
[2026-05-19 06:27:06] [Reviewer] 第471章已有有效审查报告，跳过
[2026-05-19 06:27:06] [Reviewer] 第475章已有有效审查报告，跳过
[2026-05-19 06:27:06] [Reviewer] 第479章已有有效审查报告，跳过
[2026-05-19 06:27:07] [Reviewer] 第464章已有有效审查报告，跳过
[2026-05-19 06:27:07] [Reviewer] 第468章已有有效审查报告，跳过
[2026-05-19 06:27:07] [Reviewer] 第472章已有有效审查报告，跳过
[2026-05-19 06:27:07] [Reviewer] 第476章已有有效审查报告，跳过
[2026-05-19 06:27:07] [Reviewer] 第480章已有有效审查报告，跳过
[2026-05-19 06:27:08] [Reviewer] 全部完成
[2026-05-19 06:27:08] [Reviewer] 全部完成
[2026-05-19 06:27:08] [Reviewer] 全部完成
[2026-05-19 06:27:08] [Reviewer] 全部完成
[2026-05-19 06:27:08] [Reviewer] 全部完成
[2026-05-19 06:27:13] [Reviewer] 第600章审查完成，评分: 7.8， verdict: 需修改
[2026-05-19 06:27:14] [Reviewer] 全部完成
[2026-05-19 06:27:18] [Reviewer] 第461章已有有效审查报告，跳过
[2026-05-19 06:27:18] [Reviewer] 第471章已有有效审查报告，跳过
[2026-05-19 06:27:19] [Reviewer] 第462章已有有效审查报告，跳过
[2026-05-19 06:27:19] [Reviewer] 第472章已有有效审查报告，跳过
[2026-05-19 06:27:20] [Reviewer] 第463章已有有效审查报告，跳过
[2026-05-19 06:27:20] [Reviewer] 第473章已有有效审查报告，跳过
[2026-05-19 06:27:21] [Reviewer] 第464章已有有效审查报告，跳过
[2026-05-19 06:27:21] [Reviewer] 第474章已有有效审查报告，跳过
[2026-05-19 06:27:22] [Reviewer] 第465章已有有效审查报告，跳过
[2026-05-19 06:27:22] [Reviewer] 第475章已有有效审查报告，跳过
[2026-05-19 06:27:23] [Reviewer] 第466章已有有效审查报告，跳过
[2026-05-19 06:27:23] [Reviewer] 第476章已有有效审查报告，跳过
[2026-05-19 06:27:24] [Reviewer] 第467章已有有效审查报告，跳过
[2026-05-19 06:27:24] [Reviewer] 第477章已有有效审查报告，跳过
[2026-05-19 06:27:25] [Reviewer] 第468章已有有效审查报告，跳过
[2026-05-19 06:27:25] [Reviewer] 第478章已有有效审查报告，跳过
[2026-05-19 06:27:26] [Reviewer] 第469章已有有效审查报告，跳过
[2026-05-19 06:27:26] [Reviewer] 第479章已有有效审查报告，跳过
[2026-05-19 06:27:27] [Reviewer] 第470章已有有效审查报告，跳过
[2026-05-19 06:27:27] [Reviewer] 第480章已有有效审查报告，跳过
[2026-05-19 06:27:28] [Reviewer] 全部完成
[2026-05-19 06:27:28] [Reviewer] 全部完成
[2026-05-19 06:27:28] [Reviewer] 第590章审查完成，评分: 8.5， verdict: 需修改
[2026-05-19 06:27:29] [Reviewer] 全部完成
[2026-05-19 06:27:38] [Reviewer] 第590章审查完成，评分: 8.0， verdict: 通过
[2026-05-19 06:27:39] [Reviewer] 全部完成
[2026-05-19 06:28:45] [Reviewer] 第481章已有有效审查报告，跳过
[2026-05-19 06:28:45] [Reviewer] 第485章已有有效审查报告，跳过
[2026-05-19 06:28:45] [Reviewer] 第489章已有有效审查报告，跳过
[2026-05-19 06:28:45] [Reviewer] 第493章已有有效审查报告，跳过
[2026-05-19 06:28:45] [Reviewer] 第497章已有有效审查报告，跳过
[2026-05-19 06:28:46] [Reviewer] 第482章已有有效审查报告，跳过
[2026-05-19 06:28:46] [Reviewer] 第486章已有有效审查报告，跳过
[2026-05-19 06:28:46] [Reviewer] 第490章已有有效审查报告，跳过
[2026-05-19 06:28:46] [Reviewer] 第494章已有有效审查报告，跳过
[2026-05-19 06:28:46] [Reviewer] 第498章已有有效审查报告，跳过
[2026-05-19 06:28:47] [Reviewer] 第483章已有有效审查报告，跳过
[2026-05-19 06:28:47] [Reviewer] 第487章已有有效审查报告，跳过
[2026-05-19 06:28:47] [Reviewer] 第491章已有有效审查报告，跳过
[2026-05-19 06:28:47] [Reviewer] 第495章已有有效审查报告，跳过
[2026-05-19 06:28:47] [Reviewer] 第499章已有有效审查报告，跳过
[2026-05-19 06:28:48] [Reviewer] 第484章已有有效审查报告，跳过
[2026-05-19 06:28:48] [Reviewer] 第488章已有有效审查报告，跳过
[2026-05-19 06:28:48] [Reviewer] 第492章已有有效审查报告，跳过
[2026-05-19 06:28:48] [Reviewer] 第496章已有有效审查报告，跳过
[2026-05-19 06:28:48] [Reviewer] 第500章已有有效审查报告，跳过
[2026-05-19 06:28:49] [Reviewer] 全部完成
[2026-05-19 06:28:49] [Reviewer] 全部完成
[2026-05-19 06:28:49] [Reviewer] 全部完成
[2026-05-19 06:28:49] [Reviewer] 全部完成
[2026-05-19 06:28:49] [Reviewer] 全部完成
[2026-05-19 06:29:01] [Reviewer] 第501章已有有效审查报告，跳过
[2026-05-19 06:29:01] [Reviewer] 第505章已有有效审查报告，跳过
[2026-05-19 06:29:02] [Reviewer] 第509章已有有效审查报告，跳过
[2026-05-19 06:29:02] [Reviewer] 第513章审查报告无效（parse_error），重新审查
[2026-05-19 06:29:02] [Reviewer] 正在审查第513章...
[2026-05-19 06:29:02] [Reviewer] 第517章文件不存在
[2026-05-19 06:29:02] [Reviewer] 第502章已有有效审查报告，跳过
[2026-05-19 06:29:02] [Reviewer] 第506章已有有效审查报告，跳过
[2026-05-19 06:29:03] [Reviewer] 第510章已有有效审查报告，跳过
[2026-05-19 06:29:03] [Reviewer] 第518章文件不存在
[2026-05-19 06:29:03] [Reviewer] 第503章已有有效审查报告，跳过
[2026-05-19 06:29:03] [Reviewer] 第507章已有有效审查报告，跳过
[2026-05-19 06:29:04] [Reviewer] 第511章已有有效审查报告，跳过
[2026-05-19 06:29:04] [Reviewer] 第519章文件不存在
[2026-05-19 06:29:04] [Reviewer] 第504章已有有效审查报告，跳过
[2026-05-19 06:29:04] [Reviewer] 第508章已有有效审查报告，跳过
[2026-05-19 06:29:05] [Reviewer] 第512章已有有效审查报告，跳过
[2026-05-19 06:29:05] [Reviewer] 第520章文件不存在
[2026-05-19 06:29:05] [Reviewer] 全部完成
[2026-05-19 06:29:05] [Reviewer] 全部完成
[2026-05-19 06:29:06] [Reviewer] 全部完成
[2026-05-19 06:29:06] [Reviewer] 全部完成
[2026-05-19 06:29:33] [Reviewer] 第513章审查完成，评分: 8.2， verdict: 通过
[2026-05-19 06:29:34] [Reviewer] 第514章已有有效审查报告，跳过
[2026-05-19 06:29:35] [Reviewer] 第515章已有有效审查报告，跳过
[2026-05-19 06:29:36] [Reviewer] 第516章文件不存在
[2026-05-19 06:29:37] [Reviewer] 全部完成
[2026-05-19 06:29:48] [Reviewer] 第521章文件不存在
[2026-05-19 06:29:48] [Reviewer] 第525章文件不存在
[2026-05-19 06:29:48] [Reviewer] 第529章文件不存在
[2026-05-19 06:29:48] [Reviewer] 第533章已有有效审查报告，跳过
[2026-05-19 06:29:48] [Reviewer] 第537章已有有效审查报告，跳过
[2026-05-19 06:29:49] [Reviewer] 第522章文件不存在
[2026-05-19 06:29:49] [Reviewer] 第526章文件不存在
[2026-05-19 06:29:49] [Reviewer] 第530章文件不存在
[2026-05-19 06:29:49] [Reviewer] 第534章已有有效审查报告，跳过
[2026-05-19 06:29:49] [Reviewer] 第538章已有有效审查报告，跳过
[2026-05-19 06:29:50] [Reviewer] 第523章文件不存在
[2026-05-19 06:29:50] [Reviewer] 第527章文件不存在
[2026-05-19 06:29:50] [Reviewer] 第531章已有有效审查报告，跳过
[2026-05-19 06:29:50] [Reviewer] 第535章审查报告无效（parse_error），重新审查
[2026-05-19 06:29:50] [Reviewer] 正在审查第535章...
[2026-05-19 06:29:50] [Reviewer] 第539章已有有效审查报告，跳过
[2026-05-19 06:29:51] [Reviewer] 第524章文件不存在
[2026-05-19 06:29:51] [Reviewer] 第528章文件不存在
[2026-05-19 06:29:51] [Reviewer] 第532章已有有效审查报告，跳过
[2026-05-19 06:29:51] [Reviewer] 第540章已有有效审查报告，跳过
[2026-05-19 06:29:52] [Reviewer] 第481章已有有效审查报告，跳过
[2026-05-19 06:29:52] [Reviewer] 第491章已有有效审查报告，跳过
[2026-05-19 06:29:52] [Reviewer] 全部完成
[2026-05-19 06:29:52] [Reviewer] 全部完成
[2026-05-19 06:29:52] [Reviewer] 全部完成
[2026-05-19 06:29:52] [Reviewer] 全部完成
[2026-05-19 06:29:53] [Reviewer] 第482章已有有效审查报告，跳过
[2026-05-19 06:29:53] [Reviewer] 第492章已有有效审查报告，跳过
[2026-05-19 06:29:54] [Reviewer] 第483章已有有效审查报告，跳过
[2026-05-19 06:29:54] [Reviewer] 第493章已有有效审查报告，跳过
[2026-05-19 06:29:55] [Reviewer] 第484章已有有效审查报告，跳过
[2026-05-19 06:29:55] [Reviewer] 第494章已有有效审查报告，跳过
[2026-05-19 06:29:56] [Reviewer] 第485章已有有效审查报告，跳过
[2026-05-19 06:29:56] [Reviewer] 第495章已有有效审查报告，跳过
[2026-05-19 06:29:57] [Reviewer] 第486章已有有效审查报告，跳过
[2026-05-19 06:29:57] [Reviewer] 第496章已有有效审查报告，跳过
[2026-05-19 06:29:58] [Reviewer] 第487章已有有效审查报告，跳过
[2026-05-19 06:29:58] [Reviewer] 第497章已有有效审查报告，跳过
[2026-05-19 06:29:59] [Reviewer] 第488章已有有效审查报告，跳过
[2026-05-19 06:29:59] [Reviewer] 第498章已有有效审查报告，跳过
[2026-05-19 06:30:00] [Reviewer] 第489章已有有效审查报告，跳过
[2026-05-19 06:30:00] [Reviewer] 第499章已有有效审查报告，跳过
[2026-05-19 06:30:01] [Reviewer] 第490章已有有效审查报告，跳过
[2026-05-19 06:30:01] [Reviewer] 第500章已有有效审查报告，跳过
[2026-05-19 06:30:02] [Reviewer] 全部完成
[2026-05-19 06:30:02] [Reviewer] 全部完成
[2026-05-19 06:30:18] [Reviewer] 第501章已有有效审查报告，跳过
[2026-05-19 06:30:18] [Reviewer] 第511章已有有效审查报告，跳过
[2026-05-19 06:30:19] [Reviewer] 第502章已有有效审查报告，跳过
[2026-05-19 06:30:19] [Reviewer] 第512章已有有效审查报告，跳过
[2026-05-19 06:30:20] [Reviewer] 第503章已有有效审查报告，跳过
[2026-05-19 06:30:20] [Reviewer] 第513章已有有效审查报告，跳过
[2026-05-19 06:30:21] [Reviewer] 第504章已有有效审查报告，跳过
[2026-05-19 06:30:21] [Reviewer] 第514章已有有效审查报告，跳过
[2026-05-19 06:30:22] [Reviewer] 第505章已有有效审查报告，跳过
[2026-05-19 06:30:22] [Reviewer] 第515章已有有效审查报告，跳过
[2026-05-19 06:30:23] [Reviewer] 第506章已有有效审查报告，跳过
[2026-05-19 06:30:23] [Reviewer] 第516章文件不存在
[2026-05-19 06:30:24] [Reviewer] 第507章已有有效审查报告，跳过
[2026-05-19 06:30:24] [Reviewer] 第517章文件不存在
[2026-05-19 06:30:25] [Reviewer] 第508章已有有效审查报告，跳过
[2026-05-19 06:30:25] [Reviewer] 第518章文件不存在
[2026-05-19 06:30:26] [Reviewer] 第509章已有有效审查报告，跳过
[2026-05-19 06:30:26] [Reviewer] 第519章文件不存在
[2026-05-19 06:30:26] [Reviewer] 第535章审查完成，评分: 8.0， verdict: 通过
[2026-05-19 06:30:27] [Reviewer] 第510章已有有效审查报告，跳过
[2026-05-19 06:30:27] [Reviewer] 第520章文件不存在
[2026-05-19 06:30:27] [Reviewer] 第536章已有有效审查报告，跳过
[2026-05-19 06:30:28] [Reviewer] 全部完成
[2026-05-19 06:30:28] [Reviewer] 全部完成
[2026-05-19 06:30:28] [Reviewer] 全部完成
[2026-05-19 06:30:41] [Reviewer] 第541章已有有效审查报告，跳过
[2026-05-19 06:30:41] [Reviewer] 第545章已有有效审查报告，跳过
[2026-05-19 06:30:41] [Reviewer] 第549章已有有效审查报告，跳过
[2026-05-19 06:30:41] [Reviewer] 第553章已有有效审查报告，跳过
[2026-05-19 06:30:41] [Reviewer] 第557章审查报告无效（failed），重新审查
[2026-05-19 06:30:41] [Reviewer] 正在审查第557章...
[2026-05-19 06:30:42] [Reviewer] 第542章已有有效审查报告，跳过
[2026-05-19 06:30:42] [Reviewer] 第546章已有有效审查报告，跳过
[2026-05-19 06:30:42] [Reviewer] 第550章已有有效审查报告，跳过
[2026-05-19 06:30:42] [Reviewer] 第554章已有有效审查报告，跳过
[2026-05-19 06:30:43] [Reviewer] 第543章已有有效审查报告，跳过
[2026-05-19 06:30:43] [Reviewer] 第547章已有有效审查报告，跳过
[2026-05-19 06:30:43] [Reviewer] 第551章已有有效审查报告，跳过
[2026-05-19 06:30:43] [Reviewer] 第555章已有有效审查报告，跳过
[2026-05-19 06:30:43] [Reviewer] 第521章文件不存在
[2026-05-19 06:30:43] [Reviewer] 第531章已有有效审查报告，跳过
[2026-05-19 06:30:44] [Reviewer] 第544章已有有效审查报告，跳过
[2026-05-19 06:30:44] [Reviewer] 第548章审查报告无效（parse_error），重新审查
[2026-05-19 06:30:44] [Reviewer] 正在审查第548章...
[2026-05-19 06:30:44] [Reviewer] 第552章已有有效审查报告，跳过
[2026-05-19 06:30:44] [Reviewer] 第556章已有有效审查报告，跳过
[2026-05-19 06:30:44] [Reviewer] 第522章文件不存在
[2026-05-19 06:30:44] [Reviewer] 第532章已有有效审查报告，跳过
[2026-05-19 06:30:45] [Reviewer] 全部完成
[2026-05-19 06:30:45] [Reviewer] 全部完成
[2026-05-19 06:30:45] [Reviewer] 全部完成
[2026-05-19 06:30:45] [Reviewer] 第523章文件不存在
[2026-05-19 06:30:45] [Reviewer] 第533章已有有效审查报告，跳过
[2026-05-19 06:30:46] [Reviewer] 第524章文件不存在
[2026-05-19 06:30:46] [Reviewer] 第534章已有有效审查报告，跳过
[2026-05-19 06:30:47] [Reviewer] 第525章文件不存在
[2026-05-19 06:30:47] [Reviewer] 第535章已有有效审查报告，跳过
[2026-05-19 06:30:48] [Reviewer] 第526章文件不存在
[2026-05-19 06:30:48] [Reviewer] 第536章已有有效审查报告，跳过
[2026-05-19 06:30:49] [Reviewer] 第527章文件不存在
[2026-05-19 06:30:49] [Reviewer] 第537章已有有效审查报告，跳过
[2026-05-19 06:30:50] [Reviewer] 第528章文件不存在
[2026-05-19 06:30:50] [Reviewer] 第538章已有有效审查报告，跳过
[2026-05-19 06:30:51] [Reviewer] 第529章文件不存在
[2026-05-19 06:30:51] [Reviewer] 第539章已有有效审查报告，跳过
[2026-05-19 06:30:52] [Reviewer] 第530章文件不存在
[2026-05-19 06:30:52] [Reviewer] 第540章已有有效审查报告，跳过
[2026-05-19 06:30:53] [Reviewer] 全部完成
[2026-05-19 06:30:53] [Reviewer] 全部完成
[2026-05-19 06:31:09] [Reviewer] 第541章已有有效审查报告，跳过
[2026-05-19 06:31:09] [Reviewer] 第551章已有有效审查报告，跳过
[2026-05-19 06:31:10] [Reviewer] 第542章已有有效审查报告，跳过
[2026-05-19 06:31:10] [Reviewer] 第552章已有有效审查报告，跳过
[2026-05-19 06:31:11] [Reviewer] 第543章已有有效审查报告，跳过
[2026-05-19 06:31:11] [Reviewer] 第553章已有有效审查报告，跳过
[2026-05-19 06:31:11] [Reviewer] 第557章审查完成，评分: 7.5， verdict: 需修改
[2026-05-19 06:31:12] [Reviewer] 第548章审查完成，评分: 8.0， verdict: 通过
[2026-05-19 06:31:12] [Reviewer] 第544章已有有效审查报告，跳过
[2026-05-19 06:31:12] [Reviewer] 第554章已有有效审查报告，跳过
[2026-05-19 06:31:12] [Reviewer] 第558章已有有效审查报告，跳过
[2026-05-19 06:31:13] [Reviewer] 全部完成
[2026-05-19 06:31:13] [Reviewer] 第545章已有有效审查报告，跳过
[2026-05-19 06:31:13] [Reviewer] 第555章已有有效审查报告，跳过
[2026-05-19 06:31:13] [Reviewer] 第559章已有有效审查报告，跳过
[2026-05-19 06:31:14] [Reviewer] 第546章已有有效审查报告，跳过
[2026-05-19 06:31:14] [Reviewer] 第556章已有有效审查报告，跳过
[2026-05-19 06:31:14] [Reviewer] 第560章审查报告无效（parse_error），重新审查
[2026-05-19 06:31:14] [Reviewer] 正在审查第560章...
[2026-05-19 06:31:15] [Reviewer] 第547章已有有效审查报告，跳过
[2026-05-19 06:31:15] [Reviewer] 第557章已有有效审查报告，跳过
[2026-05-19 06:31:16] [Reviewer] 第548章已有有效审查报告，跳过
[2026-05-19 06:31:16] [Reviewer] 第558章已有有效审查报告，跳过
[2026-05-19 06:31:17] [Reviewer] 第549章已有有效审查报告，跳过
[2026-05-19 06:31:17] [Reviewer] 第559章已有有效审查报告，跳过
[2026-05-19 06:31:18] [Reviewer] 第550章已有有效审查报告，跳过
[2026-05-19 06:31:18] [Reviewer] 第560章审查报告无效（parse_error），重新审查
[2026-05-19 06:31:18] [Reviewer] 正在审查第560章...
[2026-05-19 06:31:19] [Reviewer] 全部完成
[2026-05-19 06:31:52] [Reviewer] 第560章审查完成，评分: 7.8， verdict: 需修改
[2026-05-19 06:31:53] [Reviewer] 全部完成
[2026-05-19 06:32:03] [Reviewer] 第560章审查完成，评分: 7.8， verdict: 需修改
[2026-05-19 06:32:04] [Reviewer] 全部完成
[2026-05-19 06:32:07] [Reviewer] 第561章已有有效审查报告，跳过
[2026-05-19 06:32:07] [Reviewer] 第571章已有有效审查报告，跳过
[2026-05-19 06:32:08] [Reviewer] 第562章已有有效审查报告，跳过
[2026-05-19 06:32:08] [Reviewer] 第572章已有有效审查报告，跳过
[2026-05-19 06:32:09] [Reviewer] 第563章已有有效审查报告，跳过
[2026-05-19 06:32:09] [Reviewer] 第573章已有有效审查报告，跳过
[2026-05-19 06:32:10] [Reviewer] 第564章已有有效审查报告，跳过
[2026-05-19 06:32:10] [Reviewer] 第574章审查报告无效（parse_error），重新审查
[2026-05-19 06:32:10] [Reviewer] 正在审查第574章...
[2026-05-19 06:32:11] [Reviewer] 第565章审查报告无效（parse_error），重新审查
[2026-05-19 06:32:11] [Reviewer] 正在审查第565章...
[2026-05-19 06:32:15] [Reviewer] 第561章已有有效审查报告，跳过
[2026-05-19 06:32:15] [Reviewer] 第565章审查报告无效（parse_error），重新审查
[2026-05-19 06:32:15] [Reviewer] 第569章已有有效审查报告，跳过
[2026-05-19 06:32:15] [Reviewer] 正在审查第565章...
[2026-05-19 06:32:15] [Reviewer] 第573章已有有效审查报告，跳过
[2026-05-19 06:32:15] [Reviewer] 第577章审查报告无效（parse_error），重新审查
[2026-05-19 06:32:16] [Reviewer] 正在审查第577章...
[2026-05-19 06:32:16] [Reviewer] 第562章已有有效审查报告，跳过
[2026-05-19 06:32:16] [Reviewer] 第570章已有有效审查报告，跳过
[2026-05-19 06:32:16] [Reviewer] 第574章审查报告无效（parse_error），重新审查
[2026-05-19 06:32:16] [Reviewer] 正在审查第574章...
[2026-05-19 06:32:17] [Reviewer] 第563章已有有效审查报告，跳过
[2026-05-19 06:32:17] [Reviewer] 第571章已有有效审查报告，跳过
[2026-05-19 06:32:18] [Reviewer] 第564章已有有效审查报告，跳过
[2026-05-19 06:32:18] [Reviewer] 第572章已有有效审查报告，跳过
[2026-05-19 06:32:19] [Reviewer] 全部完成
[2026-05-19 06:32:19] [Reviewer] 全部完成
[2026-05-19 06:32:47] [Reviewer] 第574章审查完成，评分: 8.5， verdict: 通过
[2026-05-19 06:32:47] [Reviewer] 第574章审查完成，评分: 8， verdict: 通过
[2026-05-19 06:32:48] [Reviewer] 第575章审查报告无效（parse_error），重新审查
[2026-05-19 06:32:48] [Reviewer] 正在审查第575章...
[2026-05-19 06:32:48] [Reviewer] 第575章审查报告无效（parse_error），重新审查
[2026-05-19 06:32:48] [Reviewer] 正在审查第575章...
[2026-05-19 06:32:48] [Reviewer] JSON解析失败: Invalid control character at: line 38 column 100 (char 1250)
[2026-05-19 06:32:48] [Reviewer] 第565章审查完成，评分: N/A， verdict: N/A
[2026-05-19 06:32:49] [Reviewer] 第565章审查完成，评分: 8.0， verdict: 通过
[2026-05-19 06:32:49] [Reviewer] 第566章已有有效审查报告，跳过
[2026-05-19 06:32:50] [Reviewer] 第566章已有有效审查报告，跳过
[2026-05-19 06:32:50] [Reviewer] 第567章已有有效审查报告，跳过
[2026-05-19 06:32:51] [Reviewer] 第567章已有有效审查报告，跳过
[2026-05-19 06:32:51] [Reviewer] 第568章已有有效审查报告，跳过
[2026-05-19 06:32:52] [Reviewer] 第568章已有有效审查报告，跳过
[2026-05-19 06:32:52] [Reviewer] 第569章已有有效审查报告，跳过
[2026-05-19 06:32:53] [Reviewer] 全部完成
[2026-05-19 06:32:53] [Reviewer] 第570章已有有效审查报告，跳过
[2026-05-19 06:32:54] [Reviewer] 全部完成
[2026-05-19 06:33:04] [Reviewer] 第577章审查完成，评分: 7.8， verdict: 通过
[2026-05-19 06:33:05] [Reviewer] 第578章已有有效审查报告，跳过
[2026-05-19 06:33:06] [Reviewer] 第579章已有有效审查报告，跳过
[2026-05-19 06:33:07] [Reviewer] 第580章已有有效审查报告，跳过
[2026-05-19 06:33:08] [Reviewer] 全部完成
[2026-05-19 06:33:20] [Reviewer] 第575章审查完成，评分: 8.2， verdict: 通过
[2026-05-19 06:33:21] [Reviewer] 第576章已有有效审查报告，跳过
[2026-05-19 06:33:22] [Reviewer] 第577章已有有效审查报告，跳过
[2026-05-19 06:33:23] [Reviewer] 第578章已有有效审查报告，跳过
[2026-05-19 06:33:24] [Reviewer] 第579章已有有效审查报告，跳过
[2026-05-19 06:33:24] [Reviewer] 第575章审查完成，评分: 8， verdict: 通过
[2026-05-19 06:33:25] [Reviewer] 第580章已有有效审查报告，跳过
[2026-05-19 06:33:25] [Reviewer] 第576章已有有效审查报告，跳过
[2026-05-19 06:33:26] [Reviewer] 全部完成
[2026-05-19 06:33:26] [Reviewer] 全部完成
[2026-05-19 06:33:38] [Reviewer] 第581章已有有效审查报告，跳过
[2026-05-19 06:33:38] [Reviewer] 第585章已有有效审查报告，跳过
[2026-05-19 06:33:38] [Reviewer] 第589章已有有效审查报告，跳过
[2026-05-19 06:33:38] [Reviewer] 第593章已有有效审查报告，跳过
[2026-05-19 06:33:38] [Reviewer] 第597章已有有效审查报告，跳过
[2026-05-19 06:33:39] [Reviewer] 第582章已有有效审查报告，跳过
[2026-05-19 06:33:39] [Reviewer] 第586章已有有效审查报告，跳过
[2026-05-19 06:33:39] [Reviewer] 第590章已有有效审查报告，跳过
[2026-05-19 06:33:39] [Reviewer] 第594章已有有效审查报告，跳过
[2026-05-19 06:33:39] [Reviewer] 第598章审查报告无效（parse_error），重新审查
[2026-05-19 06:33:39] [Reviewer] 正在审查第598章...
[2026-05-19 06:33:40] [Reviewer] 第583章已有有效审查报告，跳过
[2026-05-19 06:33:40] [Reviewer] 第587章已有有效审查报告，跳过
[2026-05-19 06:33:40] [Reviewer] 第591章已有有效审查报告，跳过
[2026-05-19 06:33:40] [Reviewer] 第595章已有有效审查报告，跳过
[2026-05-19 06:33:41] [Reviewer] 第584章审查报告无效（parse_error），重新审查
[2026-05-19 06:33:41] [Reviewer] 第588章已有有效审查报告，跳过
[2026-05-19 06:33:41] [Reviewer] 正在审查第584章...
[2026-05-19 06:33:41] [Reviewer] 第592章已有有效审查报告，跳过
[2026-05-19 06:33:41] [Reviewer] 第596章已有有效审查报告，跳过
[2026-05-19 06:33:42] [Reviewer] 第581章已有有效审查报告，跳过
[2026-05-19 06:33:42] [Reviewer] 第591章已有有效审查报告，跳过
[2026-05-19 06:33:42] [Reviewer] 全部完成
[2026-05-19 06:33:42] [Reviewer] 全部完成
[2026-05-19 06:33:42] [Reviewer] 全部完成
[2026-05-19 06:33:43] [Reviewer] 第582章已有有效审查报告，跳过
[2026-05-19 06:33:43] [Reviewer] 第592章已有有效审查报告，跳过
[2026-05-19 06:33:44] [Reviewer] 第583章已有有效审查报告，跳过
[2026-05-19 06:33:44] [Reviewer] 第593章已有有效审查报告，跳过
[2026-05-19 06:33:45] [Reviewer] 第584章审查报告无效（parse_error），重新审查
[2026-05-19 06:33:45] [Reviewer] 第594章已有有效审查报告，跳过
[2026-05-19 06:33:45] [Reviewer] 正在审查第584章...
[2026-05-19 06:33:46] [Reviewer] 第595章已有有效审查报告，跳过
[2026-05-19 06:33:47] [Reviewer] 第596章已有有效审查报告，跳过
[2026-05-19 06:33:48] [Reviewer] 第597章已有有效审查报告，跳过
[2026-05-19 06:33:49] [Reviewer] 第598章审查报告无效（parse_error），重新审查
[2026-05-19 06:33:49] [Reviewer] 正在审查第598章...
[2026-05-19 06:34:08] [Reviewer] 第598章审查完成，评分: 8.0， verdict: 通过
[2026-05-19 06:34:09] [Reviewer] 第599章已有有效审查报告，跳过
[2026-05-19 06:34:10] [Reviewer] 第600章已有有效审查报告，跳过
[2026-05-19 06:34:11] [Reviewer] 全部完成
[2026-05-19 06:34:14] [Reviewer] 第598章审查完成，评分: 7.5， verdict: 需修改
[2026-05-19 06:34:15] [Reviewer] 第599章已有有效审查报告，跳过
[2026-05-19 06:34:16] [Reviewer] 第600章已有有效审查报告，跳过
[2026-05-19 06:34:17] [Reviewer] 全部完成
[2026-05-19 06:34:21] [Reviewer] 第584章审查完成，评分: 7.8， verdict: 需修改
[2026-05-19 06:34:22] [Reviewer] 第585章已有有效审查报告，跳过
[2026-05-19 06:34:23] [Reviewer] 第586章已有有效审查报告，跳过
[2026-05-19 06:34:24] [Reviewer] 第587章已有有效审查报告，跳过
[2026-05-19 06:34:24] [Reviewer] 第584章审查完成，评分: 7.8， verdict: 需修改
[2026-05-19 06:34:25] [Reviewer] 第588章已有有效审查报告，跳过
[2026-05-19 06:34:25] [Reviewer] 全部完成
[2026-05-19 06:34:26] [Reviewer] 第589章已有有效审查报告，跳过
[2026-05-19 06:34:27] [Reviewer] 第590章已有有效审查报告，跳过
[2026-05-19 06:34:28] [Reviewer] 全部完成
[2026-05-19 06:35:59] [Reviewer] 正在审查第601章...
[2026-05-19 06:35:59] [Reviewer] 正在审查第611章...
[2026-05-19 06:36:34] [Reviewer] 第601章审查完成，评分: 7.5， verdict: 需修改
[2026-05-19 06:36:35] [Reviewer] 正在审查第602章...
[2026-05-19 06:36:37] [Reviewer] 第611章审查完成，评分: 7.5， verdict: 需修改
[2026-05-19 06:36:38] [Reviewer] 正在审查第612章...
[2026-05-19 06:36:40] [Reviewer] 第601章已有有效审查报告，跳过
[2026-05-19 06:36:40] [Reviewer] 第611章已有有效审查报告，跳过
[2026-05-19 06:36:41] [Reviewer] 正在审查第602章...
[2026-05-19 06:36:41] [Reviewer] 正在审查第612章...
[2026-05-19 06:37:06] [Reviewer] 第602章审查完成，评分: 7.2， verdict: 需修改
[2026-05-19 06:37:07] [Reviewer] 正在审查第603章...
[2026-05-19 06:37:07] [Reviewer] 第601章已有有效审查报告，跳过
[2026-05-19 06:37:07] [Reviewer] 正在审查第605章...
[2026-05-19 06:37:07] [Reviewer] 正在审查第609章...
[2026-05-19 06:37:07] [Reviewer] 正在审查第613章...
[2026-05-19 06:37:07] [Reviewer] 正在审查第617章...
[2026-05-19 06:37:08] [Reviewer] 第602章已有有效审查报告，跳过
[2026-05-19 06:37:09] [Reviewer] 正在审查第603章...
[2026-05-19 06:37:13] [Reviewer] 第602章审查完成，评分: 7.5， verdict: 需修改
[2026-05-19 06:37:14] [Reviewer] 正在审查第603章...
[2026-05-19 06:37:16] [Reviewer] 第601章已有有效审查报告，跳过
[2026-05-19 06:37:16] [Reviewer] 第611章已有有效审查报告，跳过
[2026-05-19 06:37:17] [Reviewer] 第612章审查完成，评分: 7.8， verdict: 通过
[2026-05-19 06:37:17] [Reviewer] 第602章已有有效审查报告，跳过
[2026-05-19 06:37:17] [Reviewer] 第612章已有有效审查报告，跳过
[2026-05-19 06:37:18] [Reviewer] 正在审查第613章...
[2026-05-19 06:37:18] [Reviewer] 第612章审查完成，评分: 8.3， verdict: 通过
[2026-05-19 06:37:18] [Reviewer] 正在审查第603章...
[2026-05-19 06:37:18] [Reviewer] 正在审查第613章...
[2026-05-19 06:37:19] [Reviewer] 正在审查第613章...
[2026-05-19 06:37:34] [Reviewer] 第605章审查完成，评分: 8.0， verdict: 通过
[2026-05-19 06:37:35] [Reviewer] 正在审查第606章...
[2026-05-19 06:37:38] [Reviewer] 第609章审查完成，评分: 7.5， verdict: 需修改
[2026-05-19 06:37:39] [Reviewer] 第603章审查完成，评分: 7.8， verdict: 需修改
[2026-05-19 06:37:39] [Reviewer] 正在审查第610章...
[2026-05-19 06:37:40] [Reviewer] 正在审查第604章...
[2026-05-19 06:37:41] [Reviewer] 第613章审查完成，评分: 8.5， verdict: 通过
[2026-05-19 06:37:42] [Reviewer] 正在审查第614章...
[2026-05-19 06:37:51] [Reviewer] 第613章审查完成，评分: 7.8， verdict: 通过（需小幅修改）
[2026-05-19 06:37:51] [Reviewer] 第603章审查完成，评分: 7.5， verdict: 需修改
[2026-05-19 06:37:52] [Reviewer] 正在审查第614章...
[2026-05-19 06:37:52] [Reviewer] 正在审查第604章...
[2026-05-19 06:37:54] [Reviewer] 第603章审查完成，评分: 8.0， verdict: 需修改
[2026-05-19 06:37:55] [Reviewer] 第613章审查完成，评分: 8.0， verdict: 通过
[2026-05-19 06:37:55] [Reviewer] 正在审查第604章...
[2026-05-19 06:37:56] [Reviewer] 正在审查第614章...
[2026-05-19 06:38:01] [Reviewer] 第613章审查完成，评分: 8.5， verdict: 通过（需微调）
[2026-05-19 06:38:02] [Reviewer] 正在审查第614章...
[2026-05-19 06:38:02] [Reviewer] 第603章审查完成，评分: 7.8， verdict: 需修改
[2026-05-19 06:38:03] [Reviewer] 第617章审查完成，评分: 7.8， verdict: 需修改
[2026-05-19 06:38:03] [Reviewer] 正在审查第604章...
[2026-05-19 06:38:04] [Reviewer] 正在审查第618章...
[2026-05-19 06:38:12] [Reviewer] 第606章审查完成，评分: 8.2， verdict: 需修改
[2026-05-19 06:38:13] [Reviewer] 正在审查第607章...
[2026-05-19 06:38:14] [Reviewer] 第604章审查完成，评分: 7.8， verdict: 需修改
[2026-05-19 06:38:15] [Reviewer] 第605章已有有效审查报告，跳过
[2026-05-19 06:38:16] [Reviewer] 第606章已有有效审查报告，跳过
[2026-05-19 06:38:17] [Reviewer] 第614章审查完成，评分: 7.8， verdict: 通过
[2026-05-19 06:38:17] [Reviewer] 正在审查第607章...
[2026-05-19 06:38:18] [Reviewer] 正在审查第615章...
[2026-05-19 06:38:18] [Reviewer] 第610章审查完成，评分: 7.5， verdict: 需修改
[2026-05-19 06:38:18] [Reviewer] 第604章审查完成，评分: 8.5， verdict: 通过
[2026-05-19 06:38:19] [Reviewer] 第611章已有有效审查报告，跳过
[2026-05-19 06:38:19] [Reviewer] 第605章已有有效审查报告，跳过
[2026-05-19 06:38:20] [Reviewer] 第612章已有有效审查报告，跳过
[2026-05-19 06:38:20] [Reviewer] 第606章已有有效审查报告，跳过
[2026-05-19 06:38:21] [Reviewer] 全部完成
[2026-05-19 06:38:21] [Reviewer] 正在审查第607章...
[2026-05-19 06:38:25] [Reviewer] JSON解析失败: Expecting ',' delimiter: line 34 column 49 (char 1087)
[2026-05-19 06:38:25] [Reviewer] 第614章审查完成，评分: N/A， verdict: N/A
[2026-05-19 06:38:26] [Reviewer] 正在审查第615章...
[2026-05-19 06:38:28] [Reviewer] 第604章审查完成，评分: 8.3， verdict: 需修改
[2026-05-19 06:38:29] [Reviewer] 全部完成
[2026-05-19 06:38:34] [Reviewer] 第604章审查完成，评分: 8.2， verdict: 需修改
[2026-05-19 06:38:34] [Reviewer] 第614章审查完成，评分: 8.0， verdict: 通过
[2026-05-19 06:38:35] [Reviewer] 第605章已有有效审查报告，跳过
[2026-05-19 06:38:35] [Reviewer] 正在审查第615章...
[2026-05-19 06:38:36] [Reviewer] 第606章已有有效审查报告，跳过
[2026-05-19 06:38:37] [Reviewer] 第614章审查完成，评分: 7.8， verdict: 通过
[2026-05-19 06:38:37] [Reviewer] 正在审查第607章...
[2026-05-19 06:38:38] [Reviewer] 正在审查第615章...
[2026-05-19 06:38:39] [Reviewer] 第618章审查完成，评分: 8.5， verdict: 通过
[2026-05-19 06:38:40] [Reviewer] 正在审查第619章...
[2026-05-19 06:38:48] [Reviewer] 第607章审查完成，评分: 8.5， verdict: 通过
[2026-05-19 06:38:48] [Reviewer] 第607章审查完成，评分: 8.0， verdict: 通过
[2026-05-19 06:38:49] [Reviewer] 正在审查第608章...
[2026-05-19 06:38:49] [Reviewer] 正在审查第608章...
[2026-05-19 06:38:50] [Reviewer] 第615章审查完成，评分: 8， verdict: 通过
[2026-05-19 06:38:51] [Reviewer] 正在审查第616章...
[2026-05-19 06:38:54] [Reviewer] 第607章审查完成，评分: 8.5， verdict: 通过
[2026-05-19 06:38:55] [Reviewer] 正在审查第608章...
[2026-05-19 06:38:59] [Reviewer] 第615章审查完成，评分: 7.8， verdict: 通过
[2026-05-19 06:39:00] [Reviewer] 正在审查第616章...
[2026-05-19 06:39:08] [Reviewer] 第615章审查完成，评分: 7.5， verdict: 需修改
[2026-05-19 06:39:09] [Reviewer] 正在审查第616章...
[2026-05-19 06:39:12] [Reviewer] 第619章审查完成，评分: 8.5， verdict: 通过
[2026-05-19 06:39:12] [Reviewer] 第615章审查完成，评分: 8.5， verdict: 通过
[2026-05-19 06:39:12] [Reviewer] 第607章审查完成，评分: 7.8， verdict: 需修改
[2026-05-19 06:39:13] [Reviewer] 正在审查第620章...
[2026-05-19 06:39:13] [Reviewer] 正在审查第616章...
[2026-05-19 06:39:13] [Reviewer] 正在审查第608章...
[2026-05-19 06:39:18] [Reviewer] 第616章审查完成，评分: 8.2， verdict: 需修改
[2026-05-19 06:39:19] [Reviewer] 全部完成
[2026-05-19 06:39:30] [Reviewer] 第608章审查完成，评分: 7.8， verdict: 通过
[2026-05-19 06:39:30] [Reviewer] 第608章审查完成，评分: 8.5， verdict: 通过
[2026-05-19 06:39:31] [Reviewer] 第608章审查完成，评分: 7.5， verdict: 需修改
[2026-05-19 06:39:31] [Reviewer] 第609章已有有效审查报告，跳过
[2026-05-19 06:39:31] [Reviewer] 第609章已有有效审查报告，跳过
[2026-05-19 06:39:32] [Reviewer] 全部完成
[2026-05-19 06:39:32] [Reviewer] 第610章已有有效审查报告，跳过
[2026-05-19 06:39:32] [Reviewer] 第610章已有有效审查报告，跳过
[2026-05-19 06:39:33] [Reviewer] 全部完成
[2026-05-19 06:39:33] [Reviewer] 全部完成
[2026-05-19 06:39:39] [Reviewer] 第616章审查完成，评分: 7.5， verdict: 需修改
[2026-05-19 06:39:40] [Reviewer] 第617章已有有效审查报告，跳过
[2026-05-19 06:39:41] [Reviewer] 第618章已有有效审查报告，跳过
[2026-05-19 06:39:42] [Reviewer] 第619章已有有效审查报告，跳过
[2026-05-19 06:39:43] [Reviewer] 第620章审查完成，评分: 8.2， verdict: 通过
[2026-05-19 06:39:43] [Reviewer] 第620章已有有效审查报告，跳过
[2026-05-19 06:39:43] [Reviewer] 第616章审查完成，评分: 8， verdict: 通过
[2026-05-19 06:39:44] [Reviewer] 全部完成
[2026-05-19 06:39:44] [Reviewer] 全部完成
[2026-05-19 06:39:44] [Reviewer] 第617章已有有效审查报告，跳过
[2026-05-19 06:39:45] [Reviewer] 第608章审查完成，评分: 8.0， verdict: 通过
[2026-05-19 06:39:45] [Reviewer] 第616章审查完成，评分: 8， verdict: 通过
[2026-05-19 06:39:45] [Reviewer] 第618章已有有效审查报告，跳过
[2026-05-19 06:39:46] [Reviewer] 第609章已有有效审查报告，跳过
[2026-05-19 06:39:46] [Reviewer] 第617章已有有效审查报告，跳过
[2026-05-19 06:39:46] [Reviewer] 第619章已有有效审查报告，跳过
[2026-05-19 06:39:47] [Reviewer] 第610章已有有效审查报告，跳过
[2026-05-19 06:39:47] [Reviewer] 第618章已有有效审查报告，跳过
[2026-05-19 06:39:47] [Reviewer] 第620章已有有效审查报告，跳过
[2026-05-19 06:39:48] [Reviewer] 全部完成
[2026-05-19 06:39:48] [Reviewer] 第619章已有有效审查报告，跳过
[2026-05-19 06:39:48] [Reviewer] 全部完成
[2026-05-19 06:39:49] [Reviewer] 第620章已有有效审查报告，跳过
[2026-05-19 06:39:50] [Reviewer] 全部完成
[2026-05-19 06:46:37] [Reviewer] 正在审查第621章...
[2026-05-19 06:46:37] [Reviewer] 正在审查第631章...
[2026-05-19 06:47:03] [Reviewer] 第621章审查完成，评分: 8.2， verdict: 需修改
[2026-05-19 06:47:04] [Reviewer] 正在审查第622章...
[2026-05-19 06:47:15] [Reviewer] 第631章审查完成，评分: 8.0， verdict: 通过
[2026-05-19 06:47:16] [Reviewer] 正在审查第632章...
[2026-05-19 06:47:24] [Reviewer] 第621章已有有效审查报告，跳过
[2026-05-19 06:47:24] [Reviewer] 第631章已有有效审查报告，跳过
[2026-05-19 06:47:25] [Reviewer] 正在审查第622章...
[2026-05-19 06:47:25] [Reviewer] 正在审查第632章...
[2026-05-19 06:47:33] [Reviewer] 第621章已有有效审查报告，跳过
[2026-05-19 06:47:33] [Reviewer] 第621章已有有效审查报告，跳过
[2026-05-19 06:47:33] [Reviewer] 正在审查第625章...
[2026-05-19 06:47:33] [Reviewer] 正在审查第629章...
[2026-05-19 06:47:33] [Reviewer] 第631章已有有效审查报告，跳过
[2026-05-19 06:47:33] [Reviewer] 正在审查第633章...
[2026-05-19 06:47:33] [Reviewer] 正在审查第637章...
[2026-05-19 06:47:34] [Reviewer] 正在审查第622章...
[2026-05-19 06:47:34] [Reviewer] 正在审查第622章...
[2026-05-19 06:47:34] [Reviewer] 正在审查第632章...
[2026-05-19 06:47:45] [Reviewer] 第622章审查完成，评分: 8.0， verdict: 通过
[2026-05-19 06:47:46] [Reviewer] 正在审查第623章...
[2026-05-19 06:47:46] [Reviewer] 第632章审查完成，评分: 8.0， verdict: 通过（需小修）
[2026-05-19 06:47:47] [Reviewer] 正在审查第633章...
[2026-05-19 06:47:56] [Reviewer] 第632章审查完成，评分: 8.3， verdict: 需修改
[2026-05-19 06:47:57] [Reviewer] 正在审查第633章...
[2026-05-19 06:48:01] [Reviewer] 第622章审查完成，评分: 8.2， verdict: 通过
[2026-05-19 06:48:02] [Reviewer] 正在审查第623章...
[2026-05-19 06:48:03] [Reviewer] 第625章审查完成，评分: 8.0， verdict: 通过
[2026-05-19 06:48:04] [Reviewer] 正在审查第626章...
[2026-05-19 06:48:07] [Reviewer] 第632章审查完成，评分: 7.8， verdict: 需修改
[2026-05-19 06:48:08] [Reviewer] 第622章审查完成，评分: 7.8， verdict: 通过
[2026-05-19 06:48:08] [Reviewer] 正在审查第633章...
[2026-05-19 06:48:08] [Reviewer] 第629章审查完成，评分: 8.0， verdict: 通过
[2026-05-19 06:48:09] [Reviewer] 正在审查第623章...
[2026-05-19 06:48:09] [Reviewer] 正在审查第630章...
[2026-05-19 06:48:10] [Reviewer] 第637章审查完成，评分: 7.8， verdict: 通过
[2026-05-19 06:48:11] [Reviewer] 正在审查第638章...
[2026-05-19 06:48:15] [Reviewer] 第622章审查完成，评分: 8， verdict: 通过
[2026-05-19 06:48:16] [Reviewer] 正在审查第623章...
[2026-05-19 06:48:19] [Reviewer] 第633章审查完成，评分: 8.0， verdict: 通过
[2026-05-19 06:48:20] [Reviewer] 正在审查第634章...
[2026-05-19 06:48:24] [Reviewer] 第623章审查完成，评分: 8.5， verdict: 通过（需修改）
[2026-05-19 06:48:25] [Reviewer] 正在审查第624章...
[2026-05-19 06:48:28] [Reviewer] 第633章审查完成，评分: 8.0， verdict: 通过
[2026-05-19 06:48:29] [Reviewer] 正在审查第634章...
[2026-05-19 06:48:31] [Reviewer] 第633章审查完成，评分: 7.8， verdict: 通过
[2026-05-19 06:48:32] [Reviewer] 正在审查第634章...
[2026-05-19 06:48:38] [Reviewer] 第623章审查完成，评分: 7.5， verdict: 需修改
[2026-05-19 06:48:39] [Reviewer] 正在审查第624章...
[2026-05-19 06:48:40] [Reviewer] 第633章审查完成，评分: 8.0， verdict: 通过
[2026-05-19 06:48:41] [Reviewer] 第626章审查完成，评分: 8.5， verdict: 通过
[2026-05-19 06:48:41] [Reviewer] 正在审查第634章...
[2026-05-19 06:48:41] [Reviewer] 第630章审查完成，评分: 7.8， verdict: 需修改
[2026-05-19 06:48:42] [Reviewer] 正在审查第627章...
[2026-05-19 06:48:42] [Reviewer] 第631章已有有效审查报告，跳过
[2026-05-19 06:48:43] [Reviewer] 第632章已有有效审查报告，跳过
[2026-05-19 06:48:44] [Reviewer] 第638章审查完成，评分: 8.2， verdict: 通过
[2026-05-19 06:48:44] [Reviewer] 全部完成
[2026-05-19 06:48:45] [Reviewer] 第623章审查完成，评分: 7.5， verdict: 需修改
[2026-05-19 06:48:45] [Reviewer] 正在审查第639章...
[2026-05-19 06:48:46] [Reviewer] 正在审查第624章...
[2026-05-19 06:48:47] [Reviewer] 第623章审查完成，评分: 8.5， verdict: 需修改
[2026-05-19 06:48:48] [Reviewer] 正在审查第624章...
[2026-05-19 06:48:51] [Reviewer] 第634章审查完成，评分: 8.2， verdict: 通过
[2026-05-19 06:48:52] [Reviewer] 正在审查第635章...
[2026-05-19 06:48:54] [Reviewer] 第624章审查完成，评分: 7.8， verdict: 需修改
[2026-05-19 06:48:55] [Reviewer] 第625章已有有效审查报告，跳过
[2026-05-19 06:48:56] [Reviewer] 第626章已有有效审查报告，跳过
[2026-05-19 06:48:57] [Reviewer] 正在审查第627章...
[2026-05-19 06:48:58] [Reviewer] 第634章审查完成，评分: 7.8， verdict: 需修改
[2026-05-19 06:48:59] [Reviewer] 正在审查第635章...
[2026-05-19 06:49:03] [Reviewer] 第634章审查完成，评分: 7.8， verdict: 需修改
[2026-05-19 06:49:04] [Reviewer] 正在审查第635章...
[2026-05-19 06:49:10] [Reviewer] 第627章审查完成，评分: 7.8， verdict: 通过
[2026-05-19 06:49:11] [Reviewer] 正在审查第628章...
[2026-05-19 06:49:13] [Reviewer] 第624章审查完成，评分: 8.2， verdict: 通过
[2026-05-19 06:49:14] [Reviewer] 第624章审查完成，评分: 7.8， verdict: 通过
[2026-05-19 06:49:14] [Reviewer] 第624章审查完成，评分: 8.0， verdict: 通过
[2026-05-19 06:49:15] [Reviewer] 第625章已有有效审查报告，跳过
[2026-05-19 06:49:15] [Reviewer] 全部完成
[2026-05-19 06:49:15] [Reviewer] 第625章已有有效审查报告，跳过
[2026-05-19 06:49:16] [Reviewer] 第626章已有有效审查报告，跳过
[2026-05-19 06:49:16] [Reviewer] 第626章已有有效审查报告，跳过
[2026-05-19 06:49:17] [Reviewer] 第627章已有有效审查报告，跳过
[2026-05-19 06:49:17] [Reviewer] 第627章已有有效审查报告，跳过
[2026-05-19 06:49:18] [Reviewer] 正在审查第628章...
[2026-05-19 06:49:18] [Reviewer] 正在审查第628章...
[2026-05-19 06:49:23] [Reviewer] 第639章审查完成，评分: 8.0， verdict: 通过
[2026-05-19 06:49:24] [Reviewer] 正在审查第640章...
[2026-05-19 06:49:28] [Reviewer] 第634章审查完成，评分: 7.5， verdict: 通过
[2026-05-19 06:49:29] [Reviewer] 正在审查第635章...
[2026-05-19 06:49:30] [Reviewer] 第627章审查完成，评分: 7.8， verdict: 通过
[2026-05-19 06:49:31] [Reviewer] 正在审查第628章...
[2026-05-19 06:49:33] [Reviewer] 第635章审查完成，评分: 8.5， verdict: 需修改
[2026-05-19 06:49:34] [Reviewer] 正在审查第636章...
[2026-05-19 06:49:35] [Reviewer] 第635章审查完成，评分: 8.2， verdict: 需修改
[2026-05-19 06:49:35] [Reviewer] 第635章审查完成，评分: 7.5， verdict: 需修改
[2026-05-19 06:49:36] [Reviewer] 正在审查第636章...
[2026-05-19 06:49:36] [Reviewer] 正在审查第636章...
[2026-05-19 06:49:40] [Reviewer] 第628章审查完成，评分: 8.3， verdict: 需修改
[2026-05-19 06:49:41] [Reviewer] 全部完成
[2026-05-19 06:49:45] [Reviewer] 第628章审查完成，评分: 8.2， verdict: 通过
[2026-05-19 06:49:46] [Reviewer] 第629章已有有效审查报告，跳过
[2026-05-19 06:49:47] [Reviewer] 第630章已有有效审查报告，跳过
[2026-05-19 06:49:48] [Reviewer] 全部完成
[2026-05-19 06:49:57] [Reviewer] 第628章审查完成，评分: 7.5， verdict: 需修改
[2026-05-19 06:49:58] [Reviewer] 第629章已有有效审查报告，跳过
[2026-05-19 06:49:59] [Reviewer] 第630章已有有效审查报告，跳过
[2026-05-19 06:50:00] [Reviewer] 全部完成
[2026-05-19 06:50:02] [Reviewer] 第640章审查完成，评分: 7.2， verdict: 需修改
[2026-05-19 06:50:03] [Reviewer] 第628章审查完成，评分: 7.5， verdict: 需修改
[2026-05-19 06:50:03] [Reviewer] 全部完成
[2026-05-19 06:50:04] [Reviewer] 第629章已有有效审查报告，跳过
[2026-05-19 06:50:05] [Reviewer] 第630章已有有效审查报告，跳过
[2026-05-19 06:50:06] [Reviewer] 全部完成
[2026-05-19 06:50:08] [Reviewer] 第636章审查完成，评分: 8.0， verdict: 需修改
[2026-05-19 06:50:09] [Reviewer] 第635章审查完成，评分: 7.5， verdict: 需修改
[2026-05-19 06:50:09] [Reviewer] 全部完成
[2026-05-19 06:50:10] [Reviewer] 第636章审查完成，评分: 7.5， verdict: 需修改
[2026-05-19 06:50:10] [Reviewer] 第636章已有有效审查报告，跳过
[2026-05-19 06:50:11] [Reviewer] 第637章已有有效审查报告，跳过
[2026-05-19 06:50:11] [Reviewer] 第637章已有有效审查报告，跳过
[2026-05-19 06:50:11] [Reviewer] 第636章审查完成，评分: 8.5， verdict: 通过
[2026-05-19 06:50:12] [Reviewer] 第638章已有有效审查报告，跳过
[2026-05-19 06:50:12] [Reviewer] 第638章已有有效审查报告，跳过
[2026-05-19 06:50:12] [Reviewer] 第637章已有有效审查报告，跳过
[2026-05-19 06:50:13] [Reviewer] 第639章已有有效审查报告，跳过
[2026-05-19 06:50:13] [Reviewer] 第639章已有有效审查报告，跳过
[2026-05-19 06:50:13] [Reviewer] 第638章已有有效审查报告，跳过
[2026-05-19 06:50:14] [Reviewer] 第640章已有有效审查报告，跳过
[2026-05-19 06:50:14] [Reviewer] 第640章已有有效审查报告，跳过
[2026-05-19 06:50:14] [Reviewer] 第639章已有有效审查报告，跳过
[2026-05-19 06:50:15] [Reviewer] 全部完成
[2026-05-19 06:50:15] [Reviewer] 全部完成
[2026-05-19 06:50:15] [Reviewer] 第640章已有有效审查报告，跳过
[2026-05-19 06:50:16] [Reviewer] 全部完成
[2026-05-19 06:54:56] [Reviewer] 第651章文件不存在
[2026-05-19 06:54:56] [Reviewer] 正在审查第641章...
[2026-05-19 06:54:57] [Reviewer] 第652章文件不存在
[2026-05-19 06:54:58] [Reviewer] 第653章文件不存在
[2026-05-19 06:54:59] [Reviewer] 第654章文件不存在
[2026-05-19 06:55:00] [Reviewer] 第655章文件不存在
[2026-05-19 06:55:01] [Reviewer] 第656章文件不存在
[2026-05-19 06:55:02] [Reviewer] 第657章文件不存在
[2026-05-19 06:55:03] [Reviewer] 第658章文件不存在
[2026-05-19 06:55:04] [Reviewer] 第659章文件不存在
[2026-05-19 06:55:05] [Reviewer] 第660章文件不存在
[2026-05-19 06:55:05] [Reviewer] 第651章文件不存在
[2026-05-19 06:55:05] [Reviewer] 正在审查第641章...
[2026-05-19 06:55:06] [Reviewer] 全部完成
[2026-05-19 06:55:06] [Reviewer] 第652章文件不存在
[2026-05-19 06:55:07] [Reviewer] 第653章文件不存在
[2026-05-19 06:55:08] [Reviewer] 第654章文件不存在
[2026-05-19 06:55:09] [Reviewer] 第655章文件不存在
[2026-05-19 06:55:10] [Reviewer] 第656章文件不存在
[2026-05-19 06:55:11] [Reviewer] 第657章文件不存在
[2026-05-19 06:55:12] [Reviewer] 第658章文件不存在
[2026-05-19 06:55:13] [Reviewer] 第659章文件不存在
[2026-05-19 06:55:14] [Reviewer] 第660章文件不存在
[2026-05-19 06:55:15] [Reviewer] 全部完成
[2026-05-19 06:55:24] [Reviewer] 第651章文件不存在
[2026-05-19 06:55:25] [Reviewer] 第652章文件不存在
[2026-05-19 06:55:26] [Reviewer] 第653章文件不存在
[2026-05-19 06:55:27] [Reviewer] 第654章文件不存在
[2026-05-19 06:55:28] [Reviewer] 第655章文件不存在
[2026-05-19 06:55:29] [Reviewer] 第656章文件不存在
[2026-05-19 06:55:30] [Reviewer] 第657章文件不存在
[2026-05-19 06:55:31] [Reviewer] 第658章文件不存在
[2026-05-19 06:55:32] [Reviewer] 第659章文件不存在
[2026-05-19 06:55:33] [Reviewer] 第660章文件不存在
[2026-05-19 06:55:34] [Reviewer] 全部完成
[2026-05-19 06:55:35] [Reviewer] 正在审查第641章...
[2026-05-19 06:55:35] [Reviewer] 正在审查第645章...
[2026-05-19 06:55:35] [Reviewer] 第649章文件不存在
[2026-05-19 06:55:35] [Reviewer] 第653章文件不存在
[2026-05-19 06:55:35] [Reviewer] 第657章文件不存在
[2026-05-19 06:55:36] [Reviewer] 第650章文件不存在
[2026-05-19 06:55:36] [Reviewer] 第654章文件不存在
[2026-05-19 06:55:36] [Reviewer] 第658章文件不存在
[2026-05-19 06:55:37] [Reviewer] 第651章文件不存在
[2026-05-19 06:55:37] [Reviewer] 第655章文件不存在
[2026-05-19 06:55:37] [Reviewer] 第659章文件不存在
[2026-05-19 06:55:38] [Reviewer] 第652章文件不存在
[2026-05-19 06:55:38] [Reviewer] 第656章文件不存在
[2026-05-19 06:55:38] [Reviewer] 第660章文件不存在
[2026-05-19 06:55:39] [Reviewer] 全部完成
[2026-05-19 06:55:39] [Reviewer] 全部完成
[2026-05-19 06:55:39] [Reviewer] 全部完成
[2026-05-19 06:55:39] [Reviewer] 第641章审查完成，评分: 8.2， verdict: 通过
[2026-05-19 06:55:39] [Reviewer] 第641章审查完成，评分: 7.8， verdict: 通过
[2026-05-19 06:55:40] [Reviewer] 正在审查第642章...
[2026-05-19 06:55:40] [Reviewer] 正在审查第642章...
[2026-05-19 06:56:01] [Reviewer] 第641章审查完成，评分: 7.5， verdict: 通过
[2026-05-19 06:56:02] [Reviewer] 正在审查第642章...
[2026-05-19 06:56:05] [Reviewer] 第642章审查完成，评分: 8.0， verdict: 通过
[2026-05-19 06:56:06] [Reviewer] 正在审查第643章...
[2026-05-19 06:56:08] [Reviewer] 第645章审查完成，评分: 8.2， verdict: 通过
[2026-05-19 06:56:09] [Reviewer] 第646章文件不存在
[2026-05-19 06:56:10] [Reviewer] 第647章文件不存在
[2026-05-19 06:56:11] [Reviewer] 第648章文件不存在
[2026-05-19 06:56:12] [Reviewer] 全部完成
[2026-05-19 06:56:16] [Reviewer] 第641章审查完成，评分: 8.0， verdict: 通过
[2026-05-19 06:56:17] [Reviewer] 第642章审查完成，评分: 8.5， verdict: 通过
[2026-05-19 06:56:17] [Reviewer] 第642章已有有效审查报告，跳过
[2026-05-19 06:56:18] [Reviewer] 正在审查第643章...
[2026-05-19 06:56:18] [Reviewer] 正在审查第643章...
[2026-05-19 06:56:32] [Reviewer] 第642章审查完成，评分: 7.8， verdict: 通过
[2026-05-19 06:56:33] [Reviewer] 正在审查第643章...
[2026-05-19 06:56:39] [Reviewer] 第643章审查完成，评分: 8.5， verdict: 通过
[2026-05-19 06:56:40] [Reviewer] 正在审查第644章...
[2026-05-19 06:56:55] [Reviewer] 第643章审查完成，评分: 8.0， verdict: 通过
[2026-05-19 06:56:56] [Reviewer] 正在审查第644章...
[2026-05-19 06:56:59] [Reviewer] 第643章审查完成，评分: 8.3， verdict: 通过
[2026-05-19 06:56:59] [Reviewer] 第643章审查完成，评分: 8.5， verdict: 通过
[2026-05-19 06:57:00] [Reviewer] 正在审查第644章...
[2026-05-19 06:57:00] [Reviewer] 正在审查第644章...
[2026-05-19 06:57:17] [Reviewer] 第644章审查完成，评分: 8.5， verdict: 通过
[2026-05-19 06:57:18] [Reviewer] 第645章已有有效审查报告，跳过
[2026-05-19 06:57:19] [Reviewer] 第646章文件不存在
[2026-05-19 06:57:20] [Reviewer] 第647章文件不存在
[2026-05-19 06:57:21] [Reviewer] 第648章文件不存在
[2026-05-19 06:57:22] [Reviewer] 第649章文件不存在
[2026-05-19 06:57:23] [Reviewer] 第650章文件不存在
[2026-05-19 06:57:24] [Reviewer] 全部完成
[2026-05-19 06:57:35] [Reviewer] 第644章审查完成，评分: 8.5， verdict: 通过
[2026-05-19 06:57:36] [Reviewer] 全部完成
[2026-05-19 06:57:39] [Reviewer] 第644章审查完成，评分: 8.5， verdict: 通过
[2026-05-19 06:57:40] [Reviewer] 第645章已有有效审查报告，跳过
[2026-05-19 06:57:41] [Reviewer] 第646章文件不存在
[2026-05-19 06:57:42] [Reviewer] 第647章文件不存在
[2026-05-19 06:57:43] [Reviewer] 第648章文件不存在
[2026-05-19 06:57:44] [Reviewer] 第644章审查完成，评分: 8.2， verdict: 通过
[2026-05-19 06:57:44] [Reviewer] 第649章文件不存在
[2026-05-19 06:57:45] [Reviewer] 第645章已有有效审查报告，跳过
[2026-05-19 06:57:45] [Reviewer] 第650章文件不存在
[2026-05-19 06:57:46] [Reviewer] 第646章文件不存在
[2026-05-19 06:57:46] [Reviewer] 全部完成
[2026-05-19 06:57:47] [Reviewer] 第647章文件不存在
[2026-05-19 06:57:48] [Reviewer] 第648章文件不存在
[2026-05-19 06:57:49] [Reviewer] 第649章文件不存在
[2026-05-19 06:57:50] [Reviewer] 第650章文件不存在
[2026-05-19 06:57:51] [Reviewer] 全部完成
[2026-05-19 07:03:34] [Reviewer] 正在审查第661章...
[2026-05-19 07:03:34] [Reviewer] 正在审查第671章...
[2026-05-19 07:03:39] [Reviewer] 正在审查第661章...
[2026-05-19 07:03:39] [Reviewer] 正在审查第671章...
[2026-05-19 07:03:55] [Reviewer] 正在审查第661章...
[2026-05-19 07:03:55] [Reviewer] 正在审查第665章...
[2026-05-19 07:03:55] [Reviewer] 正在审查第669章...
[2026-05-19 07:03:55] [Reviewer] 正在审查第673章...
[2026-05-19 07:03:55] [Reviewer] 正在审查第677章...
[2026-05-19 07:04:08] [Reviewer] 正在审查第661章...
[2026-05-19 07:04:08] [Reviewer] 正在审查第671章...
[2026-05-19 07:04:08] [Reviewer] 第661章审查完成，评分: 8.5， verdict: 通过
[2026-05-19 07:04:09] [Reviewer] 正在审查第662章...
[2026-05-19 07:04:16] [Reviewer] 第671章审查完成，评分: 8.0， verdict: 通过
[2026-05-19 07:04:17] [Reviewer] 正在审查第672章...
[2026-05-19 07:04:19] [Reviewer] 第661章审查完成，评分: 8.5， verdict: 通过
[2026-05-19 07:04:20] [Reviewer] 正在审查第662章...
[2026-05-19 07:04:26] [Reviewer] 第671章审查完成，评分: 7.8， verdict: 通过
[2026-05-19 07:04:27] [Reviewer] 正在审查第672章...
[2026-05-19 07:04:29] [Reviewer] JSON解析失败: Invalid control character at: line 22 column 50 (char 482)
[2026-05-19 07:04:29] [Reviewer] 第661章审查完成，评分: N/A， verdict: N/A
[2026-05-19 07:04:30] [Reviewer] 正在审查第662章...
[2026-05-19 07:04:33] [Reviewer] 第673章审查完成，评分: 7.5， verdict: 需修改
[2026-05-19 07:04:34] [Reviewer] 正在审查第674章...
[2026-05-19 07:04:34] [Reviewer] 第677章审查完成，评分: 8.2， verdict: 通过
[2026-05-19 07:04:35] [Reviewer] 正在审查第678章...
[2026-05-19 07:04:39] [Reviewer] 第662章审查完成，评分: 7.8， verdict: 需修改
[2026-05-19 07:04:40] [Reviewer] 正在审查第663章...
[2026-05-19 07:04:44] [Reviewer] 第669章审查完成，评分: 8.0， verdict: 通过
[2026-05-19 07:04:45] [Reviewer] 正在审查第670章...
[2026-05-19 07:04:45] [Reviewer] 第665章审查完成，评分: 7.8， verdict: 需修改
[2026-05-19 07:04:46] [Reviewer] 第671章审查完成，评分: 8.3， verdict: 通过
[2026-05-19 07:04:46] [Reviewer] 第661章审查完成，评分: 7.5， verdict: 需修改
[2026-05-19 07:04:46] [Reviewer] 正在审查第666章...
[2026-05-19 07:04:47] [Reviewer] 正在审查第672章...
[2026-05-19 07:04:47] [Reviewer] 第662章已有有效审查报告，跳过
[2026-05-19 07:04:48] [Reviewer] 正在审查第663章...
[2026-05-19 07:04:49] [Reviewer] 第672章审查完成，评分: 7.5， verdict: 需修改
[2026-05-19 07:04:50] [Reviewer] 第673章已有有效审查报告，跳过
[2026-05-19 07:04:51] [Reviewer] 正在审查第674章...
[2026-05-19 07:05:02] [Reviewer] 第662章审查完成，评分: 7.5， verdict: 通过
[2026-05-19 07:05:03] [Reviewer] 正在审查第663章...
[2026-05-19 07:05:03] [Reviewer] 第674章审查完成，评分: 7.2， verdict: 需修改
[2026-05-19 07:05:04] [Reviewer] 第672章审查完成，评分: 8.2， verdict: 通过
[2026-05-19 07:05:04] [Reviewer] 正在审查第675章...
[2026-05-19 07:05:05] [Reviewer] 第673章已有有效审查报告，跳过
[2026-05-19 07:05:06] [Reviewer] 第674章已有有效审查报告，跳过
[2026-05-19 07:05:07] [Reviewer] 正在审查第675章...
[2026-05-19 07:05:13] [Reviewer] 第662章审查完成，评分: 7.8， verdict: 通过
[2026-05-19 07:05:14] [Reviewer] 正在审查第663章...
[2026-05-19 07:05:16] [Reviewer] 第663章审查完成，评分: 8.0， verdict: 通过
[2026-05-19 07:05:16] [Reviewer] 第670章审查完成，评分: 7.8， verdict: 需修改
[2026-05-19 07:05:17] [Reviewer] 第678章审查完成，评分: 8.2， verdict: 通过
[2026-05-19 07:05:17] [Reviewer] 正在审查第664章...
[2026-05-19 07:05:17] [Reviewer] 第671章已有有效审查报告，跳过
[2026-05-19 07:05:18] [Reviewer] 正在审查第679章...
[2026-05-19 07:05:18] [Reviewer] 第672章已有有效审查报告，跳过
[2026-05-19 07:05:19] [Reviewer] 全部完成
[2026-05-19 07:05:22] [Reviewer] 第672章审查完成，评分: 7.8， verdict: 需修改
[2026-05-19 07:05:23] [Reviewer] 第673章已有有效审查报告，跳过
[2026-05-19 07:05:24] [Reviewer] 第674章已有有效审查报告，跳过
[2026-05-19 07:05:25] [Reviewer] 正在审查第675章...
[2026-05-19 07:05:26] [Reviewer] 第663章审查完成，评分: 8.2， verdict: 通过
[2026-05-19 07:05:26] [Reviewer] 第666章审查完成，评分: 8， verdict: 通过
[2026-05-19 07:05:27] [Reviewer] 正在审查第664章...
[2026-05-19 07:05:27] [Reviewer] 正在审查第667章...
[2026-05-19 07:05:32] [Reviewer] 第674章审查完成，评分: 7.8， verdict: 通过
[2026-05-19 07:05:33] [Reviewer] 正在审查第675章...
[2026-05-19 07:05:40] [Reviewer] 第663章审查完成，评分: 7.5， verdict: 需修改
[2026-05-19 07:05:41] [Reviewer] 正在审查第664章...
[2026-05-19 07:05:43] [Reviewer] JSON解析失败: Invalid control character at: line 46 column 56 (char 1764)
[2026-05-19 07:05:43] [Reviewer] 第675章审查完成，评分: N/A， verdict: N/A
[2026-05-19 07:05:44] [Reviewer] 正在审查第676章...
[2026-05-19 07:05:48] [Reviewer] 第663章审查完成，评分: 7.8， verdict: 通过
[2026-05-19 07:05:49] [Reviewer] 正在审查第664章...
[2026-05-19 07:05:51] [Reviewer] 第664章审查完成，评分: 8.0， verdict: 通过
[2026-05-19 07:05:52] [Reviewer] 第665章已有有效审查报告，跳过
[2026-05-19 07:05:53] [Reviewer] 第666章已有有效审查报告，跳过
[2026-05-19 07:05:54] [Reviewer] 正在审查第667章...
[2026-05-19 07:05:54] [Reviewer] 第675章审查完成，评分: 8.5， verdict: 通过
[2026-05-19 07:05:55] [Reviewer] 正在审查第676章...
[2026-05-19 07:05:56] [Reviewer] 第679章审查完成，评分: 8.5， verdict: 需修改
[2026-05-19 07:05:57] [Reviewer] 正在审查第680章...
[2026-05-19 07:05:57] [Reviewer] 第675章审查完成，评分: 7.5， verdict: 需修改
[2026-05-19 07:05:58] [Reviewer] 正在审查第676章...
[2026-05-19 07:06:00] [Reviewer] 第664章审查完成，评分: 8.5， verdict: 通过
[2026-05-19 07:06:01] [Reviewer] 第665章已有有效审查报告，跳过
[2026-05-19 07:06:02] [Reviewer] 第666章已有有效审查报告，跳过
[2026-05-19 07:06:03] [Reviewer] 正在审查第667章...
[2026-05-19 07:06:10] [Reviewer] 第667章审查完成，评分: 7.8， verdict: 需修改
[2026-05-19 07:06:11] [Reviewer] 正在审查第668章...
[2026-05-19 07:06:13] [Reviewer] 第675章审查完成，评分: 7.5， verdict: 通过
[2026-05-19 07:06:14] [Reviewer] 正在审查第676章...
[2026-05-19 07:06:14] [Reviewer] 第664章审查完成，评分: 7.8， verdict: 需修改
[2026-05-19 07:06:15] [Reviewer] 第665章已有有效审查报告，跳过
[2026-05-19 07:06:16] [Reviewer] 第666章已有有效审查报告，跳过
[2026-05-19 07:06:17] [Reviewer] 第667章已有有效审查报告，跳过
[2026-05-19 07:06:18] [Reviewer] 正在审查第668章...
[2026-05-19 07:06:27] [Reviewer] 第676章审查完成，评分: 8.5， verdict: 通过
[2026-05-19 07:06:28] [Reviewer] 全部完成
[2026-05-19 07:06:28] [Reviewer] 第680章审查完成，评分: 7.5， verdict: 需修改
[2026-05-19 07:06:29] [Reviewer] 全部完成
[2026-05-19 07:06:31] [Reviewer] 第667章审查完成，评分: 8.3， verdict: 通过
[2026-05-19 07:06:32] [Reviewer] 正在审查第668章...
[2026-05-19 07:06:33] [Reviewer] 第667章审查完成，评分: 7.8， verdict: 需修改
[2026-05-19 07:06:34] [Reviewer] 正在审查第668章...
[2026-05-19 07:06:37] [Reviewer] 第664章审查完成，评分: 8.3， verdict: 通过
[2026-05-19 07:06:37] [Reviewer] 第676章审查完成，评分: 7.8， verdict: 通过
[2026-05-19 07:06:38] [Reviewer] 全部完成
[2026-05-19 07:06:38] [Reviewer] 第677章已有有效审查报告，跳过
[2026-05-19 07:06:39] [Reviewer] 第676章审查完成，评分: 7.8， verdict: 需修改
[2026-05-19 07:06:39] [Reviewer] 第678章已有有效审查报告，跳过
[2026-05-19 07:06:40] [Reviewer] 第677章已有有效审查报告，跳过
[2026-05-19 07:06:40] [Reviewer] 第679章已有有效审查报告，跳过
[2026-05-19 07:06:41] [Reviewer] 第678章已有有效审查报告，跳过
[2026-05-19 07:06:41] [Reviewer] 第680章已有有效审查报告，跳过
[2026-05-19 07:06:42] [Reviewer] 第679章已有有效审查报告，跳过
[2026-05-19 07:06:42] [Reviewer] JSON解析失败: Unterminated string starting at: line 37 column 5 (char 1126)
[2026-05-19 07:06:42] [Reviewer] 第668章审查完成，评分: N/A， verdict: N/A
[2026-05-19 07:06:42] [Reviewer] 全部完成
[2026-05-19 07:06:43] [Reviewer] 第680章已有有效审查报告，跳过
[2026-05-19 07:06:43] [Reviewer] 全部完成
[2026-05-19 07:06:44] [Reviewer] 全部完成
[2026-05-19 07:06:46] [Reviewer] 第676章审查完成，评分: 8.5， verdict: 通过
[2026-05-19 07:06:47] [Reviewer] 第677章已有有效审查报告，跳过
[2026-05-19 07:06:48] [Reviewer] 第678章已有有效审查报告，跳过
[2026-05-19 07:06:49] [Reviewer] 第668章审查完成，评分: 7.8， verdict: 通过
[2026-05-19 07:06:49] [Reviewer] 第679章已有有效审查报告，跳过
[2026-05-19 07:06:50] [Reviewer] 第669章已有有效审查报告，跳过
[2026-05-19 07:06:50] [Reviewer] 第680章已有有效审查报告，跳过
[2026-05-19 07:06:51] [Reviewer] 第670章已有有效审查报告，跳过
[2026-05-19 07:06:51] [Reviewer] 全部完成
[2026-05-19 07:06:52] [Reviewer] 全部完成
[2026-05-19 07:07:08] [Reviewer] 第668章审查完成，评分: 8.2， verdict: 通过
[2026-05-19 07:07:09] [Reviewer] 第668章审查完成，评分: 8.0， verdict: 通过
[2026-05-19 07:07:09] [Reviewer] 第669章已有有效审查报告，跳过
[2026-05-19 07:07:10] [Reviewer] 第669章已有有效审查报告，跳过
[2026-05-19 07:07:10] [Reviewer] 第670章已有有效审查报告，跳过
[2026-05-19 07:07:11] [Reviewer] 第670章已有有效审查报告，跳过
[2026-05-19 07:07:11] [Reviewer] 全部完成
[2026-05-19 07:07:12] [Reviewer] 全部完成
[2026-05-19 07:11:59] [Reviewer] 正在审查第681章...
[2026-05-19 07:11:59] [Reviewer] 正在审查第691章...
[2026-05-19 07:12:14] [Reviewer] 正在审查第681章...
[2026-05-19 07:12:14] [Reviewer] 正在审查第691章...
[2026-05-19 07:12:18] [Reviewer] 正在审查第681章...
[2026-05-19 07:12:18] [Reviewer] 正在审查第691章...
[2026-05-19 07:12:33] [Reviewer] 第691章审查完成，评分: 7.6， verdict: 需修改
[2026-05-19 07:12:34] [Reviewer] 正在审查第692章...
[2026-05-19 07:12:37] [Reviewer] JSON解析失败: Expecting ',' delimiter: line 24 column 9 (char 512)
[2026-05-19 07:12:37] [Reviewer] 第681章审查完成，评分: N/A， verdict: N/A
[2026-05-19 07:12:38] [Reviewer] 正在审查第682章...
[2026-05-19 07:12:42] [Reviewer] 第691章审查完成，评分: 7.8， verdict: 需修改
[2026-05-19 07:12:43] [Reviewer] 正在审查第692章...
[2026-05-19 07:12:47] [Reviewer] 第681章审查报告无效（parse_error），重新审查
[2026-05-19 07:12:47] [Reviewer] 正在审查第681章...
[2026-05-19 07:12:48] [Reviewer] 正在审查第685章...
[2026-05-19 07:12:48] [Reviewer] 正在审查第689章...
[2026-05-19 07:12:48] [Reviewer] 正在审查第693章...
[2026-05-19 07:12:48] [Reviewer] 正在审查第697章...
[2026-05-19 07:12:52] [Reviewer] 第681章审查完成，评分: 7.3， verdict: 需修改
[2026-05-19 07:12:53] [Reviewer] 正在审查第682章...
[2026-05-19 07:12:54] [Reviewer] 第681章审查完成，评分: 6.5， verdict: 需修改
[2026-05-19 07:12:55] [Reviewer] 正在审查第682章...
[2026-05-19 07:13:01] [Reviewer] JSON解析失败: Invalid control character at: line 37 column 163 (char 1491)
[2026-05-19 07:13:01] [Reviewer] 第691章审查完成，评分: N/A， verdict: N/A
[2026-05-19 07:13:02] [Reviewer] 正在审查第692章...
[2026-05-19 07:13:09] [Reviewer] 第682章审查完成，评分: 7.5， verdict: 需修改
[2026-05-19 07:13:10] [Reviewer] 正在审查第683章...
[2026-05-19 07:13:13] [Reviewer] 第692章审查完成，评分: 7.8， verdict: 通过
[2026-05-19 07:13:13] [Reviewer] 第692章审查完成，评分: 7.8， verdict: 通过
[2026-05-19 07:13:14] [Reviewer] 正在审查第693章...
[2026-05-19 07:13:15] [Reviewer] 正在审查第693章...
[2026-05-19 07:13:18] [Reviewer] 第681章审查完成，评分: 8.5， verdict: 通过
[2026-05-19 07:13:19] [Reviewer] 第682章已有有效审查报告，跳过
[2026-05-19 07:13:20] [Reviewer] JSON解析失败: Invalid control character at: line 38 column 59 (char 1111)
[2026-05-19 07:13:20] [Reviewer] 第689章审查完成，评分: N/A， verdict: N/A
[2026-05-19 07:13:20] [Reviewer] 正在审查第683章...
[2026-05-19 07:13:21] [Reviewer] 正在审查第690章...
[2026-05-19 07:13:21] [Reviewer] 第697章审查完成，评分: 7.5， verdict: 需修改
[2026-05-19 07:13:22] [Reviewer] 正在审查第698章...
[2026-05-19 07:13:26] [Reviewer] 第693章审查完成，评分: 7.5， verdict: 需修改
[2026-05-19 07:13:27] [Reviewer] 正在审查第694章...
[2026-05-19 07:13:28] [Reviewer] 第685章审查完成，评分: 8.0， verdict: 需修改
[2026-05-19 07:13:28] [Reviewer] 第682章审查完成，评分: 7.5， verdict: 需修改
[2026-05-19 07:13:29] [Reviewer] 正在审查第686章...
[2026-05-19 07:13:29] [Reviewer] 正在审查第683章...
[2026-05-19 07:13:39] [Reviewer] 第683章审查完成，评分: 8， verdict: 通过
[2026-05-19 07:13:39] [Reviewer] 第692章审查完成，评分: 8.2， verdict: 通过
[2026-05-19 07:13:39] [Reviewer] 第682章审查失败
[2026-05-19 07:13:40] [Reviewer] 正在审查第684章...
[2026-05-19 07:13:40] [Reviewer] 第693章已有有效审查报告，跳过
[2026-05-19 07:13:40] [Reviewer] 第683章已有有效审查报告，跳过
[2026-05-19 07:13:41] [Reviewer] 正在审查第694章...
[2026-05-19 07:13:41] [Reviewer] 正在审查第684章...
[2026-05-19 07:13:42] [Reviewer] 第693章审查完成，评分: 7.5， verdict: 需修改
[2026-05-19 07:13:43] [Reviewer] 正在审查第694章...
[2026-05-19 07:13:56] [Reviewer] 第690章审查完成，评分: 8.5， verdict: 通过
[2026-05-19 07:13:56] [Reviewer] 第686章审查完成，评分: 8， verdict: 通过
[2026-05-19 07:13:57] [Reviewer] 第691章审查报告无效（parse_error），重新审查
[2026-05-19 07:13:57] [Reviewer] 正在审查第691章...
[2026-05-19 07:13:57] [Reviewer] 正在审查第687章...
[2026-05-19 07:13:58] [Reviewer] 第693章审查完成，评分: 8.0， verdict: 通过
[2026-05-19 07:13:58] [Reviewer] 第683章审查完成，评分: 8.0， verdict: 通过
[2026-05-19 07:13:59] [Reviewer] 正在审查第694章...
[2026-05-19 07:13:59] [Reviewer] 正在审查第684章...
[2026-05-19 07:14:01] [Reviewer] 第683章审查完成，评分: 7.5， verdict: 需修改
[2026-05-19 07:14:02] [Reviewer] 第694章审查完成，评分: 8.5， verdict: 通过
[2026-05-19 07:14:02] [Reviewer] 第698章审查完成，评分: 7.2， verdict: 需修改
[2026-05-19 07:14:02] [Reviewer] 正在审查第684章...
[2026-05-19 07:14:03] [Reviewer] 正在审查第695章...
[2026-05-19 07:14:03] [Reviewer] 正在审查第699章...
[2026-05-19 07:14:11] [Reviewer] 第694章审查完成，评分: 8.0， verdict: 通过
[2026-05-19 07:14:12] [Reviewer] 正在审查第695章...
[2026-05-19 07:14:12] [Reviewer] 第684章审查完成，评分: 7.5， verdict: 需修改
[2026-05-19 07:14:13] [Reviewer] 第685章已有有效审查报告，跳过
[2026-05-19 07:14:14] [Reviewer] 第686章已有有效审查报告，跳过
[2026-05-19 07:14:15] [Reviewer] 正在审查第687章...
[2026-05-19 07:14:18] [Reviewer] 第684章审查完成，评分: 8.5， verdict: 通过
[2026-05-19 07:14:19] [Reviewer] 第685章已有有效审查报告，跳过
[2026-05-19 07:14:20] [Reviewer] 第694章审查完成，评分: 8.5， verdict: 通过
[2026-05-19 07:14:20] [Reviewer] 第686章已有有效审查报告，跳过
[2026-05-19 07:14:21] [Reviewer] 第687章审查完成，评分: 8.2， verdict: 通过
[2026-05-19 07:14:21] [Reviewer] 正在审查第695章...
[2026-05-19 07:14:21] [Reviewer] 第687章已有有效审查报告，跳过
[2026-05-19 07:14:22] [Reviewer] 正在审查第688章...
[2026-05-19 07:14:22] [Reviewer] 正在审查第688章...
[2026-05-19 07:14:30] [Reviewer] 第684章审查完成，评分: 8.5， verdict: 通过
[2026-05-19 07:14:31] [Reviewer] 第685章已有有效审查报告，跳过
[2026-05-19 07:14:32] [Reviewer] 第686章已有有效审查报告，跳过
[2026-05-19 07:14:32] [Reviewer] 第684章审查完成，评分: 7.8， verdict: 需修改
[2026-05-19 07:14:33] [Reviewer] 第695章审查完成，评分: 7.8， verdict: 需修改
[2026-05-19 07:14:33] [Reviewer] 第687章已有有效审查报告，跳过
[2026-05-19 07:14:33] [Reviewer] 全部完成
[2026-05-19 07:14:33] [Reviewer] 第694章审查完成，评分: 8.0， verdict: 通过
[2026-05-19 07:14:34] [Reviewer] 正在审查第696章...
[2026-05-19 07:14:34] [Reviewer] 正在审查第688章...
[2026-05-19 07:14:34] [Reviewer] 第695章已有有效审查报告，跳过
[2026-05-19 07:14:35] [Reviewer] 正在审查第696章...
[2026-05-19 07:14:38] [Reviewer] 第691章审查完成，评分: 8.5， verdict: 通过
[2026-05-19 07:14:39] [Reviewer] 第692章已有有效审查报告，跳过
[2026-05-19 07:14:39] [Reviewer] 第699章审查完成，评分: 7.5， verdict: 需修改
[2026-05-19 07:14:40] [Reviewer] 全部完成
[2026-05-19 07:14:40] [Reviewer] 正在审查第700章...
[2026-05-19 07:14:42] [Reviewer] 第687章审查完成，评分: 7.8， verdict: 需修改
[2026-05-19 07:14:43] [Reviewer] 正在审查第688章...
[2026-05-19 07:14:49] [Reviewer] 第695章审查完成，评分: 7.5， verdict: 需修改
[2026-05-19 07:14:50] [Reviewer] 正在审查第696章...
[2026-05-19 07:14:50] [Reviewer] 第695章审查完成，评分: 7.5， verdict: 需修改
[2026-05-19 07:14:51] [Reviewer] 正在审查第696章...
[2026-05-19 07:14:52] [Reviewer] 第688章审查完成，评分: 7.5， verdict: 通过
[2026-05-19 07:14:53] [Reviewer] 全部完成
[2026-05-19 07:14:57] [Reviewer] 第688章审查完成，评分: 7.5， verdict: 需修改
[2026-05-19 07:14:58] [Reviewer] 第689章审查报告无效（parse_error），重新审查
[2026-05-19 07:14:58] [Reviewer] 正在审查第689章...
[2026-05-19 07:15:04] [Reviewer] 第696章审查完成，评分: 8.0， verdict: 需修改
[2026-05-19 07:15:05] [Reviewer] 第697章已有有效审查报告，跳过
[2026-05-19 07:15:06] [Reviewer] 第698章已有有效审查报告，跳过
[2026-05-19 07:15:07] [Reviewer] 第699章已有有效审查报告，跳过
[2026-05-19 07:15:08] [Reviewer] 正在审查第700章...
[2026-05-19 07:15:12] [Reviewer] 第688章审查完成，评分: 8.0， verdict: 通过
[2026-05-19 07:15:13] [Reviewer] 第689章审查报告无效（parse_error），重新审查
[2026-05-19 07:15:13] [Reviewer] 正在审查第689章...
[2026-05-19 07:15:14] [Reviewer] 第696章审查完成，评分: 8.5， verdict: 需修改
[2026-05-19 07:15:15] [Reviewer] 全部完成
[2026-05-19 07:15:21] [Reviewer] 第700章审查完成，评分: 8.5， verdict: 通过
[2026-05-19 07:15:22] [Reviewer] 第696章审查完成，评分: 8， verdict: 需修改
[2026-05-19 07:15:22] [Reviewer] 全部完成
[2026-05-19 07:15:23] [Reviewer] 第697章已有有效审查报告，跳过
[2026-05-19 07:15:23] [Reviewer] 第688章审查完成，评分: 7.8， verdict: 需修改
[2026-05-19 07:15:24] [Reviewer] 第696章审查完成，评分: 7.2， verdict: 需修改
[2026-05-19 07:15:24] [Reviewer] 第698章已有有效审查报告，跳过
[2026-05-19 07:15:24] [Reviewer] 第689章审查报告无效（parse_error），重新审查
[2026-05-19 07:15:24] [Reviewer] 正在审查第689章...
[2026-05-19 07:15:25] [Reviewer] 第697章已有有效审查报告，跳过
[2026-05-19 07:15:25] [Reviewer] 第699章已有有效审查报告，跳过
[2026-05-19 07:15:26] [Reviewer] 第698章已有有效审查报告，跳过
[2026-05-19 07:15:26] [Reviewer] 第700章已有有效审查报告，跳过
[2026-05-19 07:15:27] [Reviewer] 第699章已有有效审查报告，跳过
[2026-05-19 07:15:27] [Reviewer] 全部完成
[2026-05-19 07:15:28] [Reviewer] 第700章已有有效审查报告，跳过
[2026-05-19 07:15:29] [Reviewer] 全部完成
[2026-05-19 07:15:36] [Reviewer] 第689章审查完成，评分: 8.0， verdict: 通过
[2026-05-19 07:15:37] [Reviewer] 第690章已有有效审查报告，跳过
[2026-05-19 07:15:38] [Reviewer] 全部完成
[2026-05-19 07:15:44] [Reviewer] 第689章审查完成，评分: 7.8， verdict: 需修改
[2026-05-19 07:15:45] [Reviewer] 第690章已有有效审查报告，跳过
[2026-05-19 07:15:46] [Reviewer] 全部完成
[2026-05-19 07:15:47] [Reviewer] 第700章审查完成，评分: 8.5， verdict: 需修改
[2026-05-19 07:15:48] [Reviewer] 全部完成
[2026-05-19 07:16:10] [Reviewer] 第689章审查完成，评分: 7.8， verdict: 通过
[2026-05-19 07:16:11] [Reviewer] 第690章已有有效审查报告，跳过
[2026-05-19 07:16:12] [Reviewer] 全部完成
[2026-05-19 07:21:46] [Reviewer] 正在审查第701章...
[2026-05-19 07:21:46] [Reviewer] 正在审查第705章...
[2026-05-19 07:21:46] [Reviewer] 正在审查第709章...
[2026-05-19 07:21:46] [Reviewer] 正在审查第713章...
[2026-05-19 07:21:46] [Reviewer] 正在审查第717章...
[2026-05-19 07:22:04] [Reviewer] 正在审查第701章...
[2026-05-19 07:22:04] [Reviewer] 正在审查第711章...
[2026-05-19 07:22:15] [Reviewer] 第701章审查完成，评分: 7.5， verdict: 需修改
[2026-05-19 07:22:16] [Reviewer] 正在审查第702章...
[2026-05-19 07:22:16] [Reviewer] 第709章审查完成，评分: 8， verdict: 通过
[2026-05-19 07:22:17] [Reviewer] 正在审查第710章...
[2026-05-19 07:22:18] [Reviewer] 第713章审查完成，评分: 8.2， verdict: 通过
[2026-05-19 07:22:19] [Reviewer] 正在审查第714章...
[2026-05-19 07:22:21] [Reviewer] 第705章审查完成，评分: 7.5， verdict: 需修改
[2026-05-19 07:22:22] [Reviewer] 正在审查第706章...
[2026-05-19 07:22:24] [Reviewer] 第717章审查完成，评分: 8， verdict: 通过
[2026-05-19 07:22:25] [Reviewer] 正在审查第718章...
[2026-05-19 07:22:28] [Reviewer] 第701章已有有效审查报告，跳过
[2026-05-19 07:22:28] [Reviewer] 正在审查第711章...
[2026-05-19 07:22:29] [Reviewer] 正在审查第702章...
[2026-05-19 07:22:35] [Reviewer] 第701章已有有效审查报告，跳过
[2026-05-19 07:22:35] [Reviewer] 正在审查第711章...
[2026-05-19 07:22:36] [Reviewer] 正在审查第702章...
[2026-05-19 07:22:43] [Reviewer] 第711章审查完成，评分: 8.0， verdict: 通过
[2026-05-19 07:22:44] [Reviewer] 正在审查第712章...
[2026-05-19 07:22:46] [Reviewer] 第710章审查完成，评分: 7.8， verdict: 通过
[2026-05-19 07:22:47] [Reviewer] 第711章已有有效审查报告，跳过
[2026-05-19 07:22:47] [Reviewer] 第702章审查完成，评分: 8.2， verdict: 通过
[2026-05-19 07:22:48] [Reviewer] 正在审查第712章...
[2026-05-19 07:22:48] [Reviewer] 正在审查第703章...
[2026-05-19 07:22:49] [Reviewer] 第701章审查完成，评分: 7.5， verdict: 需修改
[2026-05-19 07:22:50] [Reviewer] 第702章已有有效审查报告，跳过
[2026-05-19 07:22:51] [Reviewer] 第714章审查完成，评分: 7.2， verdict: 需修改
[2026-05-19 07:22:51] [Reviewer] 正在审查第703章...
[2026-05-19 07:22:52] [Reviewer] 正在审查第715章...
[2026-05-19 07:22:52] [Reviewer] 第706章审查完成，评分: 7.5， verdict: 需修改
[2026-05-19 07:22:53] [Reviewer] 正在审查第707章...
[2026-05-19 07:22:57] [Reviewer] 第702章审查完成，评分: 8.0， verdict: 通过
[2026-05-19 07:22:58] [Reviewer] 正在审查第703章...
[2026-05-19 07:23:00] [Reviewer] 第711章审查完成，评分: 7.8， verdict: 通过
[2026-05-19 07:23:01] [Reviewer] 正在审查第712章...
[2026-05-19 07:23:02] [Reviewer] 第718章审查完成，评分: 7.5， verdict: 需修改
[2026-05-19 07:23:03] [Reviewer] 正在审查第719章...
[2026-05-19 07:23:08] [Reviewer] 第711章审查完成，评分: 8.5， verdict: 通过
[2026-05-19 07:23:09] [Reviewer] 正在审查第712章...
[2026-05-19 07:23:12] [Reviewer] 第703章审查完成，评分: 8.2， verdict: 需修改
[2026-05-19 07:23:13] [Reviewer] 正在审查第704章...
[2026-05-19 07:23:14] [Reviewer] 第702章审查完成，评分: 8.5， verdict: 通过
[2026-05-19 07:23:15] [Reviewer] 第703章已有有效审查报告，跳过
[2026-05-19 07:23:16] [Reviewer] 正在审查第704章...
[2026-05-19 07:23:17] [Reviewer] 第712章审查完成，评分: 8.0， verdict: 通过
[2026-05-19 07:23:18] [Reviewer] 全部完成
[2026-05-19 07:23:19] [Reviewer] JSON解析失败: Expecting ':' delimiter: line 42 column 3 (char 1321)
[2026-05-19 07:23:19] [Reviewer] 第712章审查完成，评分: N/A， verdict: N/A
[2026-05-19 07:23:20] [Reviewer] 第713章已有有效审查报告，跳过
[2026-05-19 07:23:21] [Reviewer] 第714章已有有效审查报告，跳过
[2026-05-19 07:23:22] [Reviewer] 正在审查第715章...
[2026-05-19 07:23:24] [Reviewer] 第715章审查完成，评分: 8.2， verdict: 通过
[2026-05-19 07:23:25] [Reviewer] 第707章审查完成，评分: 8.2， verdict: 通过
[2026-05-19 07:23:25] [Reviewer] 正在审查第716章...
[2026-05-19 07:23:26] [Reviewer] 正在审查第708章...
[2026-05-19 07:23:30] [Reviewer] 第703章审查完成，评分: 7.8， verdict: 通过
[2026-05-19 07:23:31] [Reviewer] 正在审查第704章...
[2026-05-19 07:23:34] [Reviewer] 第712章审查完成，评分: 8， verdict: 需修改
[2026-05-19 07:23:35] [Reviewer] 第713章已有有效审查报告，跳过
[2026-05-19 07:23:36] [Reviewer] 第719章审查完成，评分: 7.5， verdict: 需修改
[2026-05-19 07:23:36] [Reviewer] 第714章已有有效审查报告，跳过
[2026-05-19 07:23:37] [Reviewer] 正在审查第720章...
[2026-05-19 07:23:37] [Reviewer] 第715章已有有效审查报告，跳过
[2026-05-19 07:23:38] [Reviewer] 第712章审查完成，评分: 8.2， verdict: 通过
[2026-05-19 07:23:38] [Reviewer] 正在审查第716章...
[2026-05-19 07:23:39] [Reviewer] 第704章审查完成，评分: 8.5， verdict: 通过
[2026-05-19 07:23:39] [Reviewer] 第713章已有有效审查报告，跳过
[2026-05-19 07:23:40] [Reviewer] 全部完成
[2026-05-19 07:23:40] [Reviewer] 第714章已有有效审查报告，跳过
[2026-05-19 07:23:41] [Reviewer] 第715章已有有效审查报告，跳过
[2026-05-19 07:23:42] [Reviewer] 正在审查第716章...
[2026-05-19 07:23:43] [Reviewer] 第703章审查完成，评分: 7.5， verdict: 需修改
[2026-05-19 07:23:44] [Reviewer] 第704章已有有效审查报告，跳过
[2026-05-19 07:23:45] [Reviewer] 第704章审查完成，评分: 8， verdict: 通过
[2026-05-19 07:23:45] [Reviewer] 第705章已有有效审查报告，跳过
[2026-05-19 07:23:46] [Reviewer] 第705章已有有效审查报告，跳过
[2026-05-19 07:23:46] [Reviewer] 第706章已有有效审查报告，跳过
[2026-05-19 07:23:47] [Reviewer] 第706章已有有效审查报告，跳过
[2026-05-19 07:23:47] [Reviewer] 第707章已有有效审查报告，跳过
[2026-05-19 07:23:48] [Reviewer] 第707章已有有效审查报告，跳过
[2026-05-19 07:23:48] [Reviewer] 正在审查第708章...
[2026-05-19 07:23:49] [Reviewer] 正在审查第708章...
[2026-05-19 07:23:51] [Reviewer] 第708章审查完成，评分: 8.0， verdict: 通过
[2026-05-19 07:23:52] [Reviewer] 全部完成
[2026-05-19 07:23:55] [Reviewer] 第715章审查完成，评分: 7.8， verdict: 通过
[2026-05-19 07:23:56] [Reviewer] 正在审查第716章...
[2026-05-19 07:23:57] [Reviewer] JSON解析失败: Invalid control character at: line 22 column 31 (char 482)
[2026-05-19 07:23:57] [Reviewer] 第716章审查完成，评分: N/A， verdict: N/A
[2026-05-19 07:23:58] [Reviewer] 全部完成
[2026-05-19 07:24:06] [Reviewer] 第704章审查完成，评分: 8.2， verdict: 需修改
[2026-05-19 07:24:07] [Reviewer] 第705章已有有效审查报告，跳过
[2026-05-19 07:24:07] [Reviewer] 第716章审查完成，评分: 7.5， verdict: 需修改
[2026-05-19 07:24:07] [Reviewer] 第720章审查完成，评分: 7.8， verdict: 需修改
[2026-05-19 07:24:08] [Reviewer] 第706章已有有效审查报告，跳过
[2026-05-19 07:24:08] [Reviewer] 第717章已有有效审查报告，跳过
[2026-05-19 07:24:08] [Reviewer] 全部完成
[2026-05-19 07:24:09] [Reviewer] 第707章已有有效审查报告，跳过
[2026-05-19 07:24:09] [Reviewer] 第718章已有有效审查报告，跳过
[2026-05-19 07:24:10] [Reviewer] 第708章已有有效审查报告，跳过
[2026-05-19 07:24:10] [Reviewer] 第719章已有有效审查报告，跳过
[2026-05-19 07:24:11] [Reviewer] 第709章已有有效审查报告，跳过
[2026-05-19 07:24:11] [Reviewer] 第720章已有有效审查报告，跳过
[2026-05-19 07:24:12] [Reviewer] 第710章已有有效审查报告，跳过
[2026-05-19 07:24:12] [Reviewer] 全部完成
[2026-05-19 07:24:13] [Reviewer] 全部完成
[2026-05-19 07:24:16] [Reviewer] 第716章审查完成，评分: 7.8， verdict: 需修改
[2026-05-19 07:24:17] [Reviewer] 第717章已有有效审查报告，跳过
[2026-05-19 07:24:18] [Reviewer] 第708章审查完成，评分: 7.8， verdict: 需修改
[2026-05-19 07:24:18] [Reviewer] 第718章已有有效审查报告，跳过
[2026-05-19 07:24:19] [Reviewer] 第709章已有有效审查报告，跳过
[2026-05-19 07:24:19] [Reviewer] 第719章已有有效审查报告，跳过
[2026-05-19 07:24:20] [Reviewer] 第710章已有有效审查报告，跳过
[2026-05-19 07:24:20] [Reviewer] 第708章审查完成，评分: 8.0， verdict: 需修改
[2026-05-19 07:24:20] [Reviewer] 第720章已有有效审查报告，跳过
[2026-05-19 07:24:21] [Reviewer] 全部完成
[2026-05-19 07:24:21] [Reviewer] 第709章已有有效审查报告，跳过
[2026-05-19 07:24:21] [Reviewer] 全部完成
[2026-05-19 07:24:22] [Reviewer] 第710章已有有效审查报告，跳过
[2026-05-19 07:24:23] [Reviewer] 全部完成
[2026-05-19 07:24:36] [Reviewer] 第716章审查完成，评分: 7.3， verdict: 需修改
[2026-05-19 07:24:37] [Reviewer] 第717章已有有效审查报告，跳过
[2026-05-19 07:24:38] [Reviewer] 第718章已有有效审查报告，跳过
[2026-05-19 07:24:39] [Reviewer] 第719章已有有效审查报告，跳过
[2026-05-19 07:24:40] [Reviewer] 第720章已有有效审查报告，跳过
[2026-05-19 07:24:41] [Reviewer] 全部完成
[2026-05-19 07:30:29] [Reviewer] 正在审查第721章...
[2026-05-19 07:30:29] [Reviewer] 正在审查第731章...
[2026-05-19 07:31:01] [Reviewer] 第731章审查完成，评分: 8.0， verdict: 需修改
[2026-05-19 07:31:02] [Reviewer] 正在审查第732章...
[2026-05-19 07:31:07] [Reviewer] 第721章审查完成，评分: 7.5， verdict: 需修改
[2026-05-19 07:31:08] [Reviewer] 正在审查第722章...
[2026-05-19 07:31:27] [Reviewer] 第721章已有有效审查报告，跳过
[2026-05-19 07:31:27] [Reviewer] 正在审查第725章...
[2026-05-19 07:31:27] [Reviewer] 正在审查第729章...
[2026-05-19 07:31:27] [Reviewer] 正在审查第733章...
[2026-05-19 07:31:27] [Reviewer] 正在审查第737章...
[2026-05-19 07:31:28] [Reviewer] 正在审查第722章...
[2026-05-19 07:31:36] [Reviewer] 第732章审查完成，评分: 7.8， verdict: 需修改
[2026-05-19 07:31:37] [Reviewer] 正在审查第733章...
[2026-05-19 07:31:40] [Reviewer] 第722章审查完成，评分: 8.5， verdict: 通过
[2026-05-19 07:31:41] [Reviewer] 正在审查第723章...
[2026-05-19 07:31:44] [Reviewer] 第721章已有有效审查报告，跳过
[2026-05-19 07:31:45] [Reviewer] 第731章已有有效审查报告，跳过
[2026-05-19 07:31:45] [Reviewer] 第722章已有有效审查报告，跳过
[2026-05-19 07:31:46] [Reviewer] 第732章已有有效审查报告，跳过
[2026-05-19 07:31:47] [Reviewer] 正在审查第723章...
[2026-05-19 07:31:47] [Reviewer] 正在审查第733章...
[2026-05-19 07:32:00] [Reviewer] 第733章审查完成，评分: 8.0， verdict: 通过
[2026-05-19 07:32:01] [Reviewer] 正在审查第734章...
[2026-05-19 07:32:03] [Reviewer] 第725章审查完成，评分: 7.8， verdict: 需修改
[2026-05-19 07:32:03] [Reviewer] 第722章审查完成，评分: 8.0， verdict: 需修改
[2026-05-19 07:32:04] [Reviewer] 第729章审查完成，评分: 7.5， verdict: 需修改
[2026-05-19 07:32:04] [Reviewer] 正在审查第726章...
[2026-05-19 07:32:04] [Reviewer] 正在审查第723章...
[2026-05-19 07:32:05] [Reviewer] 正在审查第730章...
[2026-05-19 07:32:12] [Reviewer] 第737章审查完成，评分: 8.2， verdict: 通过
[2026-05-19 07:32:13] [Reviewer] 正在审查第738章...
[2026-05-19 07:32:15] [Reviewer] 第721章已有有效审查报告，跳过
[2026-05-19 07:32:15] [Reviewer] 第731章已有有效审查报告，跳过
[2026-05-19 07:32:16] [Reviewer] 第733章审查完成，评分: 8.5， verdict: 通过
[2026-05-19 07:32:16] [Reviewer] 第722章已有有效审查报告，跳过
[2026-05-19 07:32:16] [Reviewer] 第732章已有有效审查报告，跳过
[2026-05-19 07:32:17] [Reviewer] 正在审查第734章...
[2026-05-19 07:32:17] [Reviewer] 第733章已有有效审查报告，跳过
[2026-05-19 07:32:17] [Reviewer] 正在审查第723章...
[2026-05-19 07:32:18] [Reviewer] 正在审查第734章...
[2026-05-19 07:32:22] [Reviewer] 第723章审查完成，评分: 8， verdict: 通过
[2026-05-19 07:32:22] [Reviewer] 第723章审查完成，评分: 7.5， verdict: 需修改
[2026-05-19 07:32:23] [Reviewer] 正在审查第724章...
[2026-05-19 07:32:23] [Reviewer] 正在审查第724章...
[2026-05-19 07:32:26] [Reviewer] 第733章审查完成，评分: 7.8， verdict: 需修改
[2026-05-19 07:32:27] [Reviewer] 正在审查第734章...
[2026-05-19 07:32:41] [Reviewer] 第730章审查完成，评分: 8.0， verdict: 通过
[2026-05-19 07:32:42] [Reviewer] 第731章已有有效审查报告，跳过
[2026-05-19 07:32:43] [Reviewer] 第726章审查完成，评分: 8.5， verdict: 需修改
[2026-05-19 07:32:43] [Reviewer] 第732章已有有效审查报告，跳过
[2026-05-19 07:32:44] [Reviewer] 正在审查第727章...
[2026-05-19 07:32:44] [Reviewer] 全部完成
[2026-05-19 07:32:45] [Reviewer] JSON解析失败: Invalid control character at: line 30 column 40 (char 732)
[2026-05-19 07:32:45] [Reviewer] 第734章审查完成，评分: N/A， verdict: N/A
[2026-05-19 07:32:46] [Reviewer] 正在审查第735章...
[2026-05-19 07:32:48] [Reviewer] 第723章审查完成，评分: 7.2， verdict: 需修改
[2026-05-19 07:32:49] [Reviewer] 正在审查第724章...
[2026-05-19 07:32:49] [Reviewer] 第734章审查完成，评分: 7.8， verdict: 需修改
[2026-05-19 07:32:50] [Reviewer] 正在审查第735章...
[2026-05-19 07:32:56] [Reviewer] 第724章审查完成，评分: 7.5， verdict: 需修改
[2026-05-19 07:32:57] [Reviewer] 第725章已有有效审查报告，跳过
[2026-05-19 07:32:58] [Reviewer] 第738章审查完成，评分: 8.2， verdict: 通过
[2026-05-19 07:32:58] [Reviewer] 第726章已有有效审查报告，跳过
[2026-05-19 07:32:59] [Reviewer] 正在审查第739章...
[2026-05-19 07:32:59] [Reviewer] 正在审查第727章...
[2026-05-19 07:33:00] [Reviewer] 第723章审查完成，评分: 7.5， verdict: 需修改
[2026-05-19 07:33:00] [Reviewer] 第734章审查完成，评分: 7.5， verdict: 需修改
[2026-05-19 07:33:01] [Reviewer] 第724章已有有效审查报告，跳过
[2026-05-19 07:33:01] [Reviewer] 正在审查第735章...
[2026-05-19 07:33:01] [Reviewer] 第734章审查完成，评分: 8， verdict: 通过
[2026-05-19 07:33:02] [Reviewer] 第725章已有有效审查报告，跳过
[2026-05-19 07:33:02] [Reviewer] 正在审查第735章...
[2026-05-19 07:33:03] [Reviewer] 第726章已有有效审查报告，跳过
[2026-05-19 07:33:04] [Reviewer] 正在审查第727章...
[2026-05-19 07:33:14] [Reviewer] 第724章审查完成，评分: 8.0， verdict: 通过
[2026-05-19 07:33:15] [Reviewer] 第725章已有有效审查报告，跳过
[2026-05-19 07:33:16] [Reviewer] 第726章已有有效审查报告，跳过
[2026-05-19 07:33:17] [Reviewer] 正在审查第727章...
[2026-05-19 07:33:20] [Reviewer] 第727章审查完成，评分: 7.8， verdict: 需修改
[2026-05-19 07:33:21] [Reviewer] 正在审查第728章...
[2026-05-19 07:33:22] [Reviewer] 第724章审查完成，评分: 7.5， verdict: 需修改
[2026-05-19 07:33:23] [Reviewer] 全部完成
[2026-05-19 07:33:26] [Reviewer] 第735章审查完成，评分: 8.2， verdict: 需修改
[2026-05-19 07:33:27] [Reviewer] 正在审查第736章...
[2026-05-19 07:33:29] [Reviewer] 第735章审查完成，评分: 8.0， verdict: 通过
[2026-05-19 07:33:30] [Reviewer] 正在审查第736章...
[2026-05-19 07:33:33] [Reviewer] 第727章审查完成，评分: 8.0， verdict: 通过
[2026-05-19 07:33:34] [Reviewer] 正在审查第728章...
[2026-05-19 07:33:35] [Reviewer] 第739章审查完成，评分: 7.8， verdict: 通过
[2026-05-19 07:33:36] [Reviewer] 正在审查第740章...
[2026-05-19 07:33:37] [Reviewer] 第735章审查完成，评分: 8.2， verdict: 需修改
[2026-05-19 07:33:38] [Reviewer] 正在审查第736章...
[2026-05-19 07:33:42] [Reviewer] JSON解析失败: Invalid control character at: line 21 column 31 (char 440)
[2026-05-19 07:33:42] [Reviewer] 第735章审查完成，评分: N/A， verdict: N/A
[2026-05-19 07:33:43] [Reviewer] 正在审查第736章...
[2026-05-19 07:33:50] [Reviewer] 第727章审查完成，评分: 8.2， verdict: 需修改
[2026-05-19 07:33:51] [Reviewer] 正在审查第728章...
[2026-05-19 07:33:54] [Reviewer] 第727章审查完成，评分: 8.0， verdict: 通过
[2026-05-19 07:33:55] [Reviewer] 正在审查第728章...
[2026-05-19 07:33:57] [Reviewer] 第728章审查完成，评分: 7.8， verdict: 通过
[2026-05-19 07:33:58] [Reviewer] 全部完成
[2026-05-19 07:33:59] [Reviewer] 第736章审查完成，评分: 7.8， verdict: 需修改
[2026-05-19 07:34:00] [Reviewer] 全部完成
[2026-05-19 07:34:03] [Reviewer] 第736章审查完成，评分: 7.5， verdict: 需修改
[2026-05-19 07:34:04] [Reviewer] 第737章已有有效审查报告，跳过
[2026-05-19 07:34:05] [Reviewer] 第738章已有有效审查报告，跳过
[2026-05-19 07:34:06] [Reviewer] 第739章已有有效审查报告，跳过
[2026-05-19 07:34:07] [Reviewer] 正在审查第740章...
[2026-05-19 07:34:09] [Reviewer] 第728章审查完成，评分: 7.8， verdict: 通过
[2026-05-19 07:34:10] [Reviewer] 第729章已有有效审查报告，跳过
[2026-05-19 07:34:11] [Reviewer] 第730章已有有效审查报告，跳过
[2026-05-19 07:34:12] [Reviewer] 全部完成
[2026-05-19 07:34:13] [Reviewer] 第740章审查完成，评分: 8.5， verdict: 通过
[2026-05-19 07:34:14] [Reviewer] 全部完成
[2026-05-19 07:34:14] [Reviewer] 第736章审查完成，评分: 7.8， verdict: 通过
[2026-05-19 07:34:15] [Reviewer] 第737章已有有效审查报告，跳过
[2026-05-19 07:34:16] [Reviewer] 第736章审查完成，评分: 7.3， verdict: 需修改
[2026-05-19 07:34:16] [Reviewer] 第738章已有有效审查报告，跳过
[2026-05-19 07:34:17] [Reviewer] 第737章已有有效审查报告，跳过
[2026-05-19 07:34:17] [Reviewer] 第739章已有有效审查报告，跳过
[2026-05-19 07:34:18] [Reviewer] 第738章已有有效审查报告，跳过
[2026-05-19 07:34:18] [Reviewer] 第740章已有有效审查报告，跳过
[2026-05-19 07:34:19] [Reviewer] 第739章已有有效审查报告，跳过
[2026-05-19 07:34:19] [Reviewer] 全部完成
[2026-05-19 07:34:20] [Reviewer] 第740章已有有效审查报告，跳过
[2026-05-19 07:34:21] [Reviewer] 全部完成
[2026-05-19 07:34:24] [Reviewer] 第728章审查完成，评分: 7.8， verdict: 通过（需修改）
[2026-05-19 07:34:25] [Reviewer] 第729章已有有效审查报告，跳过
[2026-05-19 07:34:26] [Reviewer] 第730章已有有效审查报告，跳过
[2026-05-19 07:34:27] [Reviewer] 全部完成
[2026-05-19 07:34:32] [Reviewer] 第728章审查完成，评分: 7.8， verdict: 需修改
[2026-05-19 07:34:33] [Reviewer] 第729章已有有效审查报告，跳过
[2026-05-19 07:34:34] [Reviewer] 第730章已有有效审查报告，跳过
[2026-05-19 07:34:35] [Reviewer] 全部完成
[2026-05-19 07:34:38] [Reviewer] 第740章审查完成，评分: 7.8， verdict: 通过
[2026-05-19 07:34:39] [Reviewer] 全部完成
[2026-05-19 08:17:03] [Reviewer] 第180章文件不存在
[2026-05-19 08:17:03] [Reviewer] 正在审查第176章...
[2026-05-19 08:17:03] [Reviewer] 正在审查第184章...
[2026-05-19 08:17:03] [Reviewer] 第188章文件不存在
[2026-05-19 08:17:03] [Reviewer] 第192章已有有效审查报告，跳过
[2026-05-19 08:17:04] [Reviewer] 第181章文件不存在
[2026-05-19 08:17:04] [Reviewer] 第189章文件不存在
[2026-05-19 08:17:04] [Reviewer] 第193章已有有效审查报告，跳过
[2026-05-19 08:17:05] [Reviewer] 第182章文件不存在
[2026-05-19 08:17:05] [Reviewer] 第190章文件不存在
[2026-05-19 08:17:05] [Reviewer] 第194章已有有效审查报告，跳过
[2026-05-19 08:17:06] [Reviewer] 第183章文件不存在
[2026-05-19 08:17:06] [Reviewer] 第191章已有有效审查报告，跳过
[2026-05-19 08:17:06] [Reviewer] 第195章已有有效审查报告，跳过
[2026-05-19 08:17:07] [Reviewer] 全部完成
[2026-05-19 08:17:07] [Reviewer] 全部完成
[2026-05-19 08:17:07] [Reviewer] 全部完成
[2026-05-19 08:17:30] [Reviewer] 第176章审查完成，评分: 8.5， verdict: 通过
[2026-05-19 08:17:31] [Reviewer] 第177章文件不存在
[2026-05-19 08:17:31] [Reviewer] 第184章审查完成，评分: 8.2， verdict: 通过
[2026-05-19 08:17:32] [Reviewer] 正在审查第178章...
[2026-05-19 08:17:32] [Reviewer] 正在审查第185章...
[2026-05-19 08:18:03] [Reviewer] 第178章审查完成，评分: 8.0， verdict: 通过
[2026-05-19 08:18:04] [Reviewer] 第185章审查完成，评分: 8.5， verdict: 通过
[2026-05-19 08:18:04] [Reviewer] 正在审查第179章...
[2026-05-19 08:18:05] [Reviewer] 正在审查第186章...
[2026-05-19 08:18:32] [Reviewer] 第179章审查完成，评分: 7.8， verdict: 需修改
[2026-05-19 08:18:33] [Reviewer] 全部完成
[2026-05-19 08:18:42] [Reviewer] 第186章审查完成，评分: 8.0， verdict: 通过
[2026-05-19 08:18:43] [Reviewer] 正在审查第187章...
[2026-05-19 08:19:19] [Reviewer] JSON解析失败: Invalid control character at: line 40 column 74 (char 1387)
[2026-05-19 08:19:19] [Reviewer] 第187章审查完成，评分: N/A， verdict: N/A
[2026-05-19 08:19:20] [Reviewer] 全部完成
[2026-05-19 08:22:12] [Reviewer] 第196章已有有效审查报告，跳过
[2026-05-19 08:22:12] [Reviewer] 第200章已有有效审查报告，跳过
[2026-05-19 08:22:12] [Reviewer] 正在审查第204章...
[2026-05-19 08:22:12] [Reviewer] 正在审查第208章...
[2026-05-19 08:22:12] [Reviewer] 正在审查第212章...
[2026-05-19 08:22:13] [Reviewer] 第197章已有有效审查报告，跳过
[2026-05-19 08:22:13] [Reviewer] 正在审查第201章...
[2026-05-19 08:22:14] [Reviewer] 第198章已有有效审查报告，跳过
[2026-05-19 08:22:15] [Reviewer] 第199章已有有效审查报告，跳过
[2026-05-19 08:22:16] [Reviewer] 全部完成
[2026-05-19 08:22:41] [Reviewer] 第208章审查完成，评分: 7.5， verdict: 需修改
[2026-05-19 08:22:41] [Reviewer] 第204章审查完成，评分: 7.8， verdict: 通过
[2026-05-19 08:22:42] [Reviewer] 正在审查第209章...
[2026-05-19 08:22:42] [Reviewer] 第212章审查完成，评分: 7.8， verdict: 需修改
[2026-05-19 08:22:42] [Reviewer] 正在审查第205章...
[2026-05-19 08:22:43] [Reviewer] 正在审查第213章...
[2026-05-19 08:22:53] [Reviewer] 第201章审查完成，评分: 7.5， verdict: 需修改
[2026-05-19 08:22:54] [Reviewer] 正在审查第202章...
[2026-05-19 08:23:14] [Reviewer] 第205章审查完成，评分: 7.8， verdict: 通过
[2026-05-19 08:23:15] [Reviewer] 正在审查第206章...
[2026-05-19 08:23:15] [Reviewer] 第213章审查完成，评分: 8.2， verdict: 通过
[2026-05-19 08:23:16] [Reviewer] 正在审查第214章...
[2026-05-19 08:23:18] [Reviewer] 第209章审查完成，评分: 8.0， verdict: 通过（需修改）
[2026-05-19 08:23:19] [Reviewer] 正在审查第210章...
[2026-05-19 08:23:25] [Reviewer] 第202章审查完成，评分: 8.5， verdict: 通过
[2026-05-19 08:23:26] [Reviewer] 正在审查第203章...
[2026-05-19 08:23:46] [Reviewer] 第206章审查完成，评分: 8.5， verdict: 通过
[2026-05-19 08:23:47] [Reviewer] 正在审查第207章...
[2026-05-19 08:23:47] [Reviewer] 第214章审查完成，评分: 8.0， verdict: 通过
[2026-05-19 08:23:48] [Reviewer] 正在审查第215章...
[2026-05-19 08:23:56] [Reviewer] 第203章审查完成，评分: 8.2， verdict: 通过
[2026-05-19 08:23:57] [Reviewer] 全部完成
[2026-05-19 08:24:01] [Reviewer] 第210章审查完成，评分: 8.2， verdict: 需修改
[2026-05-19 08:24:02] [Reviewer] 正在审查第211章...
[2026-05-19 08:24:20] [Reviewer] 第207章审查完成，评分: 8.0， verdict: 通过
[2026-05-19 08:24:21] [Reviewer] 全部完成
[2026-05-19 08:24:31] [Reviewer] 第215章审查完成，评分: 8.3， verdict: 通过
[2026-05-19 08:24:32] [Reviewer] 全部完成
[2026-05-19 08:24:36] [Reviewer] 第211章审查完成，评分: 7.8， verdict: 需修改
[2026-05-19 08:24:37] [Reviewer] 全部完成
[2026-05-19 08:30:21] [Reviewer] 第216章已有有效审查报告，跳过
[2026-05-19 08:30:21] [Reviewer] 第220章已有有效审查报告，跳过
[2026-05-19 08:30:21] [Reviewer] 第224章已有有效审查报告，跳过
[2026-05-19 08:30:21] [Reviewer] 第228章已有有效审查报告，跳过
[2026-05-19 08:30:21] [Reviewer] 第232章文件不存在
[2026-05-19 08:30:22] [Reviewer] 第217章已有有效审查报告，跳过
[2026-05-19 08:30:22] [Reviewer] 第221章已有有效审查报告，跳过
[2026-05-19 08:30:22] [Reviewer] 第225章已有有效审查报告，跳过
[2026-05-19 08:30:22] [Reviewer] 第229章已有有效审查报告，跳过
[2026-05-19 08:30:22] [Reviewer] 第233章已有有效审查报告，跳过
[2026-05-19 08:30:23] [Reviewer] 第218章已有有效审查报告，跳过
[2026-05-19 08:30:23] [Reviewer] 第222章已有有效审查报告，跳过
[2026-05-19 08:30:23] [Reviewer] 第226章已有有效审查报告，跳过
[2026-05-19 08:30:23] [Reviewer] 第230章已有有效审查报告，跳过
[2026-05-19 08:30:23] [Reviewer] 第234章已有有效审查报告，跳过
[2026-05-19 08:30:24] [Reviewer] 第219章已有有效审查报告，跳过
[2026-05-19 08:30:24] [Reviewer] 第223章已有有效审查报告，跳过
[2026-05-19 08:30:24] [Reviewer] 第227章已有有效审查报告，跳过
[2026-05-19 08:30:24] [Reviewer] 第231章已有有效审查报告，跳过
[2026-05-19 08:30:24] [Reviewer] 第235章已有有效审查报告，跳过
[2026-05-19 08:30:25] [Reviewer] 全部完成
[2026-05-19 08:30:25] [Reviewer] 全部完成
[2026-05-19 08:30:25] [Reviewer] 全部完成
[2026-05-19 08:30:25] [Reviewer] 全部完成
[2026-05-19 08:30:25] [Reviewer] 全部完成
[2026-05-19 08:30:39] [Reviewer] 第236章已有有效审查报告，跳过
[2026-05-19 08:30:39] [Reviewer] 第240章已有有效审查报告，跳过
[2026-05-19 08:30:39] [Reviewer] 第244章已有有效审查报告，跳过
[2026-05-19 08:30:39] [Reviewer] 第248章已有有效审查报告，跳过
[2026-05-19 08:30:39] [Reviewer] 第252章已有有效审查报告，跳过
[2026-05-19 08:30:40] [Reviewer] 第237章已有有效审查报告，跳过
[2026-05-19 08:30:40] [Reviewer] 第241章已有有效审查报告，跳过
[2026-05-19 08:30:40] [Reviewer] 第245章已有有效审查报告，跳过
[2026-05-19 08:30:40] [Reviewer] 第249章已有有效审查报告，跳过
[2026-05-19 08:30:40] [Reviewer] 第253章已有有效审查报告，跳过
[2026-05-19 08:30:41] [Reviewer] 第238章已有有效审查报告，跳过
[2026-05-19 08:30:41] [Reviewer] 第242章已有有效审查报告，跳过
[2026-05-19 08:30:41] [Reviewer] 第246章已有有效审查报告，跳过
[2026-05-19 08:30:41] [Reviewer] 第250章已有有效审查报告，跳过
[2026-05-19 08:30:41] [Reviewer] 第254章已有有效审查报告，跳过
[2026-05-19 08:30:42] [Reviewer] 第239章已有有效审查报告，跳过
[2026-05-19 08:30:42] [Reviewer] 第243章已有有效审查报告，跳过
[2026-05-19 08:30:42] [Reviewer] 第247章已有有效审查报告，跳过
[2026-05-19 08:30:42] [Reviewer] 第251章已有有效审查报告，跳过
[2026-05-19 08:30:42] [Reviewer] 第255章已有有效审查报告，跳过
[2026-05-19 08:30:43] [Reviewer] 全部完成
[2026-05-19 08:30:43] [Reviewer] 全部完成
[2026-05-19 08:30:43] [Reviewer] 全部完成
[2026-05-19 08:30:43] [Reviewer] 全部完成
[2026-05-19 08:30:43] [Reviewer] 全部完成
[2026-05-19 08:32:17] [Reviewer] 第256章已有有效审查报告，跳过
[2026-05-19 08:32:17] [Reviewer] 第260章已有有效审查报告，跳过
[2026-05-19 08:32:17] [Reviewer] 第264章已有有效审查报告，跳过
[2026-05-19 08:32:17] [Reviewer] 第268章已有有效审查报告，跳过
[2026-05-19 08:32:17] [Reviewer] 第272章已有有效审查报告，跳过
[2026-05-19 08:32:18] [Reviewer] 第257章已有有效审查报告，跳过
[2026-05-19 08:32:18] [Reviewer] 第261章已有有效审查报告，跳过
[2026-05-19 08:32:18] [Reviewer] 第265章已有有效审查报告，跳过
[2026-05-19 08:32:18] [Reviewer] 第269章已有有效审查报告，跳过
[2026-05-19 08:32:18] [Reviewer] 第273章已有有效审查报告，跳过
[2026-05-19 08:32:19] [Reviewer] 第258章已有有效审查报告，跳过
[2026-05-19 08:32:19] [Reviewer] 第262章已有有效审查报告，跳过
[2026-05-19 08:32:19] [Reviewer] 第266章已有有效审查报告，跳过
[2026-05-19 08:32:19] [Reviewer] 第270章已有有效审查报告，跳过
[2026-05-19 08:32:19] [Reviewer] 第274章已有有效审查报告，跳过
[2026-05-19 08:32:20] [Reviewer] 第259章已有有效审查报告，跳过
[2026-05-19 08:32:20] [Reviewer] 第263章已有有效审查报告，跳过
[2026-05-19 08:32:20] [Reviewer] 第267章已有有效审查报告，跳过
[2026-05-19 08:32:20] [Reviewer] 第271章已有有效审查报告，跳过
[2026-05-19 08:32:20] [Reviewer] 第275章已有有效审查报告，跳过
[2026-05-19 08:32:21] [Reviewer] 全部完成
[2026-05-19 08:32:21] [Reviewer] 全部完成
[2026-05-19 08:32:21] [Reviewer] 全部完成
[2026-05-19 08:32:21] [Reviewer] 全部完成
[2026-05-19 08:32:21] [Reviewer] 全部完成
[2026-05-19 08:32:35] [Reviewer] 第276章已有有效审查报告，跳过
[2026-05-19 08:32:35] [Reviewer] 第280章已有有效审查报告，跳过
[2026-05-19 08:32:35] [Reviewer] 第284章已有有效审查报告，跳过
[2026-05-19 08:32:35] [Reviewer] 第288章已有有效审查报告，跳过
[2026-05-19 08:32:35] [Reviewer] 第292章已有有效审查报告，跳过
[2026-05-19 08:32:36] [Reviewer] 第277章已有有效审查报告，跳过
[2026-05-19 08:32:36] [Reviewer] 第281章已有有效审查报告，跳过
[2026-05-19 08:32:36] [Reviewer] 第285章已有有效审查报告，跳过
[2026-05-19 08:32:36] [Reviewer] 第289章已有有效审查报告，跳过
[2026-05-19 08:32:36] [Reviewer] 第293章已有有效审查报告，跳过
[2026-05-19 08:32:37] [Reviewer] 第278章已有有效审查报告，跳过
[2026-05-19 08:32:37] [Reviewer] 第282章审查报告无效（failed），重新审查
[2026-05-19 08:32:37] [Reviewer] 正在审查第282章...
[2026-05-19 08:32:37] [Reviewer] 第286章已有有效审查报告，跳过
[2026-05-19 08:32:37] [Reviewer] 第290章已有有效审查报告，跳过
[2026-05-19 08:32:37] [Reviewer] 第294章已有有效审查报告，跳过
[2026-05-19 08:32:38] [Reviewer] 第279章已有有效审查报告，跳过
[2026-05-19 08:32:38] [Reviewer] 第287章已有有效审查报告，跳过
[2026-05-19 08:32:38] [Reviewer] 第291章已有有效审查报告，跳过
[2026-05-19 08:32:38] [Reviewer] 第295章已有有效审查报告，跳过
[2026-05-19 08:32:39] [Reviewer] 全部完成
[2026-05-19 08:32:39] [Reviewer] 全部完成
[2026-05-19 08:32:39] [Reviewer] 全部完成
[2026-05-19 08:32:39] [Reviewer] 全部完成
[2026-05-19 08:33:14] [Reviewer] 第282章审查完成，评分: 8.2， verdict: 通过
[2026-05-19 08:33:15] [Reviewer] 第283章已有有效审查报告，跳过
[2026-05-19 08:33:16] [Reviewer] 全部完成
[2026-05-19 08:39:44] [Reviewer] 第296章已有有效审查报告，跳过
[2026-05-19 08:39:44] [Reviewer] 第300章已有有效审查报告，跳过
[2026-05-19 08:39:44] [Reviewer] 第304章已有有效审查报告，跳过
[2026-05-19 08:39:44] [Reviewer] 第308章已有有效审查报告，跳过
[2026-05-19 08:39:44] [Reviewer] 第312章已有有效审查报告，跳过
[2026-05-19 08:39:45] [Reviewer] 第297章已有有效审查报告，跳过
[2026-05-19 08:39:45] [Reviewer] 第301章已有有效审查报告，跳过
[2026-05-19 08:39:45] [Reviewer] 第305章文件不存在
[2026-05-19 08:39:45] [Reviewer] 第309章已有有效审查报告，跳过
[2026-05-19 08:39:45] [Reviewer] 第313章已有有效审查报告，跳过
[2026-05-19 08:39:46] [Reviewer] 第298章已有有效审查报告，跳过
[2026-05-19 08:39:46] [Reviewer] 第302章已有有效审查报告，跳过
[2026-05-19 08:39:46] [Reviewer] 第306章已有有效审查报告，跳过
[2026-05-19 08:39:46] [Reviewer] 第310章已有有效审查报告，跳过
[2026-05-19 08:39:46] [Reviewer] 第314章已有有效审查报告，跳过
[2026-05-19 08:39:47] [Reviewer] 第299章已有有效审查报告，跳过
[2026-05-19 08:39:47] [Reviewer] 第303章已有有效审查报告，跳过
[2026-05-19 08:39:47] [Reviewer] 第307章已有有效审查报告，跳过
[2026-05-19 08:39:47] [Reviewer] 第311章已有有效审查报告，跳过
[2026-05-19 08:39:47] [Reviewer] 第315章已有有效审查报告，跳过
[2026-05-19 08:39:48] [Reviewer] 全部完成
[2026-05-19 08:39:48] [Reviewer] 全部完成
[2026-05-19 08:39:48] [Reviewer] 全部完成
[2026-05-19 08:39:48] [Reviewer] 全部完成
[2026-05-19 08:39:48] [Reviewer] 全部完成
[2026-05-19 08:43:17] [Reviewer] 正在审查第316章...
[2026-05-19 08:43:17] [Reviewer] 正在审查第320章...
[2026-05-19 08:43:17] [Reviewer] 正在审查第324章...
[2026-05-19 08:43:17] [Reviewer] 正在审查第328章...
[2026-05-19 08:43:17] [Reviewer] 正在审查第332章...
[2026-05-19 08:43:51] [Reviewer] 第324章审查完成，评分: 7.5， verdict: 通过
[2026-05-19 08:43:52] [Reviewer] 正在审查第325章...
[2026-05-19 08:43:57] [Reviewer] 第320章审查完成，评分: 8.5， verdict: 通过
[2026-05-19 08:43:57] [Reviewer] 第316章审查完成，评分: 6.8， verdict: 需修改
[2026-05-19 08:43:57] [Reviewer] 第328章审查完成，评分: 8.0， verdict: 通过
[2026-05-19 08:43:58] [Reviewer] 正在审查第321章...
[2026-05-19 08:43:58] [Reviewer] 正在审查第317章...
[2026-05-19 08:43:58] [Reviewer] 正在审查第329章...
[2026-05-19 08:44:03] [Reviewer] 第332章审查完成，评分: 8， verdict: 需修改
[2026-05-19 08:44:04] [Reviewer] 正在审查第333章...
[2026-05-19 08:45:57] [Reviewer] 第333章审查完成，评分: 7.5， verdict: 需修改
[2026-05-19 08:45:58] [Reviewer] 第321章审查完成，评分: 7.5， verdict: 需修改
[2026-05-19 08:45:58] [Reviewer] 正在审查第334章...
[2026-05-19 08:45:59] [Reviewer] 正在审查第322章...
[2026-05-19 08:46:00] [Reviewer] 第317章审查完成，评分: 7.5， verdict: 需修改
[2026-05-19 08:46:00] [Reviewer] 第329章审查完成，评分: 8.2， verdict: 需修改
[2026-05-19 08:46:01] [Reviewer] 正在审查第318章...
[2026-05-19 08:46:01] [Reviewer] 正在审查第330章...
[2026-05-19 08:46:03] [Reviewer] 第325章审查完成，评分: 8.0， verdict: 需修改
[2026-05-19 08:46:04] [Reviewer] 正在审查第326章...
[2026-05-19 08:46:28] [Reviewer] 第322章审查完成，评分: 8， verdict: 通过
[2026-05-19 08:46:29] [Reviewer] 正在审查第323章...
[2026-05-19 08:46:30] [Reviewer] 第318章审查完成，评分: 7， verdict: 需修改
[2026-05-19 08:46:31] [Reviewer] 正在审查第319章...
[2026-05-19 08:46:32] [Reviewer] 第330章审查完成，评分: 7.5， verdict: 需修改
[2026-05-19 08:46:33] [Reviewer] 正在审查第331章...
[2026-05-19 08:46:43] [Reviewer] 第326章审查完成，评分: 8， verdict: 通过
[2026-05-19 08:46:44] [Reviewer] 正在审查第327章...
[2026-05-19 08:46:48] [Reviewer] 第334章审查完成，评分: 8.0， verdict: 通过
[2026-05-19 08:46:49] [Reviewer] 正在审查第335章...
[2026-05-19 08:47:11] [Reviewer] 第319章审查完成，评分: 7.5， verdict: 需修改
[2026-05-19 08:47:12] [Reviewer] 全部完成
[2026-05-19 08:47:20] [Reviewer] 第323章审查完成，评分: 7.5， verdict: 需修改
[2026-05-19 08:47:21] [Reviewer] 全部完成
[2026-05-19 08:47:27] [Reviewer] 第335章审查完成，评分: 7.8， verdict: 需修改
[2026-05-19 08:47:28] [Reviewer] 全部完成
[2026-05-19 08:47:29] [Reviewer] 第331章审查完成，评分: 7.8， verdict: 需修改
[2026-05-19 08:47:29] [Reviewer] 第327章审查完成，评分: 7.6， verdict: 需修改
[2026-05-19 08:47:30] [Reviewer] 全部完成
[2026-05-19 08:47:30] [Reviewer] 全部完成
[2026-05-19 08:50:53] [Reviewer] 正在审查第336章...
[2026-05-19 08:50:53] [Reviewer] 正在审查第344章...
[2026-05-19 08:50:53] [Reviewer] 第348章已有有效审查报告，跳过
[2026-05-19 08:50:53] [Reviewer] 第352章已有有效审查报告，跳过
[2026-05-19 08:50:53] [Reviewer] 正在审查第340章...
[2026-05-19 08:50:54] [Reviewer] 第349章已有有效审查报告，跳过
[2026-05-19 08:50:54] [Reviewer] 第353章已有有效审查报告，跳过
[2026-05-19 08:50:55] [Reviewer] 第350章已有有效审查报告，跳过
[2026-05-19 08:50:55] [Reviewer] 第354章已有有效审查报告，跳过
[2026-05-19 08:50:56] [Reviewer] 第351章已有有效审查报告，跳过
[2026-05-19 08:50:56] [Reviewer] 第355章已有有效审查报告，跳过
[2026-05-19 08:50:57] [Reviewer] 全部完成
[2026-05-19 08:50:57] [Reviewer] 全部完成
[2026-05-19 08:51:31] [Reviewer] 第336章审查完成，评分: 7.5， verdict: 需修改
[2026-05-19 08:51:32] [Reviewer] 正在审查第337章...
[2026-05-19 08:51:38] [Reviewer] 第340章审查完成，评分: 7.5， verdict: 需修改
[2026-05-19 08:51:39] [Reviewer] 正在审查第341章...
[2026-05-19 08:51:43] [Reviewer] 第344章审查完成，评分: 8.5， verdict: 通过
[2026-05-19 08:51:44] [Reviewer] 正在审查第345章...
[2026-05-19 08:52:12] [Reviewer] 第337章审查完成，评分: 7.5， verdict: 需修改
[2026-05-19 08:52:13] [Reviewer] 正在审查第338章...
[2026-05-19 08:52:15] [Reviewer] 第341章审查完成，评分: 7.5， verdict: 需修改
[2026-05-19 08:52:16] [Reviewer] 正在审查第342章...
[2026-05-19 08:52:20] [Reviewer] 第345章审查完成，评分: 7.8， verdict: 需修改
[2026-05-19 08:52:21] [Reviewer] 第346章已有有效审查报告，跳过
[2026-05-19 08:52:22] [Reviewer] 第347章已有有效审查报告，跳过
[2026-05-19 08:52:23] [Reviewer] 全部完成
[2026-05-19 08:52:47] [Reviewer] 第338章审查完成，评分: 7.5， verdict: 需修改
[2026-05-19 08:52:48] [Reviewer] 正在审查第339章...
[2026-05-19 08:53:01] [Reviewer] 第342章审查完成，评分: 7.8， verdict: 通过
[2026-05-19 08:53:02] [Reviewer] 正在审查第343章...
[2026-05-19 08:53:30] [Reviewer] 第339章审查完成，评分: 8.5， verdict: 通过
[2026-05-19 08:53:31] [Reviewer] 全部完成
[2026-05-19 08:53:45] [Reviewer] 第343章审查完成，评分: 7.8， verdict: 通过
[2026-05-19 08:53:46] [Reviewer] 全部完成
[2026-05-19 08:53:58] [Reviewer] 第356章已有有效审查报告，跳过
[2026-05-19 08:53:58] [Reviewer] 第360章已有有效审查报告，跳过
[2026-05-19 08:53:58] [Reviewer] 第364章已有有效审查报告，跳过
[2026-05-19 08:53:58] [Reviewer] 第368章已有有效审查报告，跳过
[2026-05-19 08:53:58] [Reviewer] 第372章已有有效审查报告，跳过
[2026-05-19 08:53:59] [Reviewer] 第357章已有有效审查报告，跳过
[2026-05-19 08:53:59] [Reviewer] 第361章已有有效审查报告，跳过
[2026-05-19 08:53:59] [Reviewer] 第365章已有有效审查报告，跳过
[2026-05-19 08:53:59] [Reviewer] 第369章已有有效审查报告，跳过
[2026-05-19 08:53:59] [Reviewer] 第373章已有有效审查报告，跳过
[2026-05-19 08:54:00] [Reviewer] 第358章已有有效审查报告，跳过
[2026-05-19 08:54:00] [Reviewer] 第362章已有有效审查报告，跳过
[2026-05-19 08:54:00] [Reviewer] 第366章已有有效审查报告，跳过
[2026-05-19 08:54:00] [Reviewer] 第370章已有有效审查报告，跳过
[2026-05-19 08:54:00] [Reviewer] 第374章已有有效审查报告，跳过
[2026-05-19 08:54:01] [Reviewer] 第359章已有有效审查报告，跳过
[2026-05-19 08:54:01] [Reviewer] 第363章已有有效审查报告，跳过
[2026-05-19 08:54:01] [Reviewer] 第367章已有有效审查报告，跳过
[2026-05-19 08:54:01] [Reviewer] 第371章已有有效审查报告，跳过
[2026-05-19 08:54:01] [Reviewer] 第375章已有有效审查报告，跳过
[2026-05-19 08:54:02] [Reviewer] 全部完成
[2026-05-19 08:54:02] [Reviewer] 全部完成
[2026-05-19 08:54:02] [Reviewer] 全部完成
[2026-05-19 08:54:02] [Reviewer] 全部完成
[2026-05-19 08:54:02] [Reviewer] 全部完成
[2026-05-19 08:54:17] [Reviewer] 第376章已有有效审查报告，跳过
[2026-05-19 08:54:17] [Reviewer] 第380章已有有效审查报告，跳过
[2026-05-19 08:54:17] [Reviewer] 第384章已有有效审查报告，跳过
[2026-05-19 08:54:17] [Reviewer] 第388章已有有效审查报告，跳过
[2026-05-19 08:54:17] [Reviewer] 第392章已有有效审查报告，跳过
[2026-05-19 08:54:18] [Reviewer] 第377章已有有效审查报告，跳过
[2026-05-19 08:54:18] [Reviewer] 第381章已有有效审查报告，跳过
[2026-05-19 08:54:18] [Reviewer] 第385章已有有效审查报告，跳过
[2026-05-19 08:54:18] [Reviewer] 第389章已有有效审查报告，跳过
[2026-05-19 08:54:18] [Reviewer] 第393章已有有效审查报告，跳过
[2026-05-19 08:54:19] [Reviewer] 第378章已有有效审查报告，跳过
[2026-05-19 08:54:19] [Reviewer] 第382章已有有效审查报告，跳过
[2026-05-19 08:54:19] [Reviewer] 第386章已有有效审查报告，跳过
[2026-05-19 08:54:19] [Reviewer] 第390章已有有效审查报告，跳过
[2026-05-19 08:54:19] [Reviewer] 第394章已有有效审查报告，跳过
[2026-05-19 08:54:20] [Reviewer] 第379章已有有效审查报告，跳过
[2026-05-19 08:54:20] [Reviewer] 第383章已有有效审查报告，跳过
[2026-05-19 08:54:20] [Reviewer] 第387章已有有效审查报告，跳过
[2026-05-19 08:54:20] [Reviewer] 第391章已有有效审查报告，跳过
[2026-05-19 08:54:20] [Reviewer] 第395章已有有效审查报告，跳过
[2026-05-19 08:54:21] [Reviewer] 全部完成
[2026-05-19 08:54:21] [Reviewer] 全部完成
[2026-05-19 08:54:21] [Reviewer] 全部完成
[2026-05-19 08:54:21] [Reviewer] 全部完成
[2026-05-19 08:54:21] [Reviewer] 全部完成
[2026-05-19 08:54:34] [Reviewer] 第396章已有有效审查报告，跳过
[2026-05-19 08:54:34] [Reviewer] 第400章已有有效审查报告，跳过
[2026-05-19 08:54:34] [Reviewer] 第404章已有有效审查报告，跳过
[2026-05-19 08:54:34] [Reviewer] 第408章已有有效审查报告，跳过
[2026-05-19 08:54:34] [Reviewer] 第412章已有有效审查报告，跳过
[2026-05-19 08:54:35] [Reviewer] 第397章已有有效审查报告，跳过
[2026-05-19 08:54:35] [Reviewer] 第401章已有有效审查报告，跳过
[2026-05-19 08:54:35] [Reviewer] 第405章已有有效审查报告，跳过
[2026-05-19 08:54:35] [Reviewer] 第409章已有有效审查报告，跳过
[2026-05-19 08:54:35] [Reviewer] 第413章已有有效审查报告，跳过
[2026-05-19 08:54:36] [Reviewer] 第398章已有有效审查报告，跳过
[2026-05-19 08:54:36] [Reviewer] 第402章已有有效审查报告，跳过
[2026-05-19 08:54:36] [Reviewer] 第406章已有有效审查报告，跳过
[2026-05-19 08:54:36] [Reviewer] 第410章已有有效审查报告，跳过
[2026-05-19 08:54:36] [Reviewer] 第414章已有有效审查报告，跳过
[2026-05-19 08:54:37] [Reviewer] 第399章已有有效审查报告，跳过
[2026-05-19 08:54:37] [Reviewer] 第403章已有有效审查报告，跳过
[2026-05-19 08:54:37] [Reviewer] 第407章已有有效审查报告，跳过
[2026-05-19 08:54:37] [Reviewer] 第411章已有有效审查报告，跳过
[2026-05-19 08:54:37] [Reviewer] 第415章已有有效审查报告，跳过
[2026-05-19 08:54:38] [Reviewer] 全部完成
[2026-05-19 08:54:38] [Reviewer] 全部完成
[2026-05-19 08:54:38] [Reviewer] 全部完成
[2026-05-19 08:54:38] [Reviewer] 全部完成
[2026-05-19 08:54:38] [Reviewer] 全部完成
[2026-05-19 08:54:52] [Reviewer] 第416章已有有效审查报告，跳过
[2026-05-19 08:54:52] [Reviewer] 第420章已有有效审查报告，跳过
[2026-05-19 08:54:52] [Reviewer] 第424章已有有效审查报告，跳过
[2026-05-19 08:54:52] [Reviewer] 第428章已有有效审查报告，跳过
[2026-05-19 08:54:52] [Reviewer] 第432章已有有效审查报告，跳过
[2026-05-19 08:54:53] [Reviewer] 第417章已有有效审查报告，跳过
[2026-05-19 08:54:53] [Reviewer] 第421章已有有效审查报告，跳过
[2026-05-19 08:54:53] [Reviewer] 第425章已有有效审查报告，跳过
[2026-05-19 08:54:53] [Reviewer] 第429章已有有效审查报告，跳过
[2026-05-19 08:54:53] [Reviewer] 第433章已有有效审查报告，跳过
[2026-05-19 08:54:54] [Reviewer] 第418章已有有效审查报告，跳过
[2026-05-19 08:54:54] [Reviewer] 第422章已有有效审查报告，跳过
[2026-05-19 08:54:54] [Reviewer] 第426章已有有效审查报告，跳过
[2026-05-19 08:54:54] [Reviewer] 第430章已有有效审查报告，跳过
[2026-05-19 08:54:54] [Reviewer] 第434章已有有效审查报告，跳过
[2026-05-19 08:54:55] [Reviewer] 第419章已有有效审查报告，跳过
[2026-05-19 08:54:55] [Reviewer] 第423章已有有效审查报告，跳过
[2026-05-19 08:54:55] [Reviewer] 第427章已有有效审查报告，跳过
[2026-05-19 08:54:55] [Reviewer] 第431章已有有效审查报告，跳过
[2026-05-19 08:54:55] [Reviewer] 第435章已有有效审查报告，跳过
[2026-05-19 08:54:56] [Reviewer] 全部完成
[2026-05-19 08:54:56] [Reviewer] 全部完成
[2026-05-19 08:54:56] [Reviewer] 全部完成
[2026-05-19 08:54:56] [Reviewer] 全部完成
[2026-05-19 08:54:56] [Reviewer] 全部完成
[2026-05-19 08:55:10] [Reviewer] 第436章已有有效审查报告，跳过
[2026-05-19 08:55:10] [Reviewer] 第440章已有有效审查报告，跳过
[2026-05-19 08:55:10] [Reviewer] 第444章已有有效审查报告，跳过
[2026-05-19 08:55:10] [Reviewer] 第448章已有有效审查报告，跳过
[2026-05-19 08:55:10] [Reviewer] 第452章已有有效审查报告，跳过
[2026-05-19 08:55:11] [Reviewer] 第437章已有有效审查报告，跳过
[2026-05-19 08:55:11] [Reviewer] 第441章已有有效审查报告，跳过
[2026-05-19 08:55:11] [Reviewer] 第445章已有有效审查报告，跳过
[2026-05-19 08:55:11] [Reviewer] 第449章已有有效审查报告，跳过
[2026-05-19 08:55:11] [Reviewer] 第453章已有有效审查报告，跳过
[2026-05-19 08:55:12] [Reviewer] 第438章已有有效审查报告，跳过
[2026-05-19 08:55:12] [Reviewer] 第442章已有有效审查报告，跳过
[2026-05-19 08:55:12] [Reviewer] 第446章已有有效审查报告，跳过
[2026-05-19 08:55:12] [Reviewer] 第450章已有有效审查报告，跳过
[2026-05-19 08:55:12] [Reviewer] 第454章已有有效审查报告，跳过
[2026-05-19 08:55:13] [Reviewer] 第439章已有有效审查报告，跳过
[2026-05-19 08:55:13] [Reviewer] 第443章已有有效审查报告，跳过
[2026-05-19 08:55:13] [Reviewer] 第447章已有有效审查报告，跳过
[2026-05-19 08:55:13] [Reviewer] 第451章已有有效审查报告，跳过
[2026-05-19 08:55:13] [Reviewer] 第455章已有有效审查报告，跳过
[2026-05-19 08:55:14] [Reviewer] 全部完成
[2026-05-19 08:55:14] [Reviewer] 全部完成
[2026-05-19 08:55:14] [Reviewer] 全部完成
[2026-05-19 08:55:14] [Reviewer] 全部完成
[2026-05-19 08:55:14] [Reviewer] 全部完成
[2026-05-19 08:55:27] [Reviewer] 第456章已有有效审查报告，跳过
[2026-05-19 08:55:27] [Reviewer] 第460章已有有效审查报告，跳过
[2026-05-19 08:55:27] [Reviewer] 第464章已有有效审查报告，跳过
[2026-05-19 08:55:27] [Reviewer] 第468章已有有效审查报告，跳过
[2026-05-19 08:55:28] [Reviewer] 第472章已有有效审查报告，跳过
[2026-05-19 08:55:28] [Reviewer] 第457章已有有效审查报告，跳过
[2026-05-19 08:55:28] [Reviewer] 第461章已有有效审查报告，跳过
[2026-05-19 08:55:28] [Reviewer] 第465章已有有效审查报告，跳过
[2026-05-19 08:55:28] [Reviewer] 第469章已有有效审查报告，跳过
[2026-05-19 08:55:29] [Reviewer] 第473章已有有效审查报告，跳过
[2026-05-19 08:55:29] [Reviewer] 第458章已有有效审查报告，跳过
[2026-05-19 08:55:29] [Reviewer] 第462章已有有效审查报告，跳过
[2026-05-19 08:55:29] [Reviewer] 第466章已有有效审查报告，跳过
[2026-05-19 08:55:29] [Reviewer] 第470章已有有效审查报告，跳过
[2026-05-19 08:55:30] [Reviewer] 第474章已有有效审查报告，跳过
[2026-05-19 08:55:30] [Reviewer] 第459章已有有效审查报告，跳过
[2026-05-19 08:55:30] [Reviewer] 第463章已有有效审查报告，跳过
[2026-05-19 08:55:30] [Reviewer] 第467章已有有效审查报告，跳过
[2026-05-19 08:55:31] [Reviewer] 第471章已有有效审查报告，跳过
[2026-05-19 08:55:31] [Reviewer] 第475章已有有效审查报告，跳过
[2026-05-19 08:55:31] [Reviewer] 全部完成
[2026-05-19 08:55:31] [Reviewer] 全部完成
[2026-05-19 08:55:31] [Reviewer] 全部完成
[2026-05-19 08:55:32] [Reviewer] 全部完成
[2026-05-19 08:55:32] [Reviewer] 全部完成
[2026-05-19 08:55:45] [Reviewer] 第476章已有有效审查报告，跳过
[2026-05-19 08:55:45] [Reviewer] 第480章已有有效审查报告，跳过
[2026-05-19 08:55:45] [Reviewer] 第484章已有有效审查报告，跳过
[2026-05-19 08:55:45] [Reviewer] 第488章已有有效审查报告，跳过
[2026-05-19 08:55:45] [Reviewer] 第492章已有有效审查报告，跳过
[2026-05-19 08:55:46] [Reviewer] 第477章已有有效审查报告，跳过
[2026-05-19 08:55:46] [Reviewer] 第481章已有有效审查报告，跳过
[2026-05-19 08:55:46] [Reviewer] 第485章已有有效审查报告，跳过
[2026-05-19 08:55:46] [Reviewer] 第489章已有有效审查报告，跳过
[2026-05-19 08:55:46] [Reviewer] 第493章已有有效审查报告，跳过
[2026-05-19 08:55:47] [Reviewer] 第478章已有有效审查报告，跳过
[2026-05-19 08:55:47] [Reviewer] 第482章已有有效审查报告，跳过
[2026-05-19 08:55:47] [Reviewer] 第486章已有有效审查报告，跳过
[2026-05-19 08:55:47] [Reviewer] 第490章已有有效审查报告，跳过
[2026-05-19 08:55:47] [Reviewer] 第494章已有有效审查报告，跳过
[2026-05-19 08:55:48] [Reviewer] 第479章已有有效审查报告，跳过
[2026-05-19 08:55:48] [Reviewer] 第483章已有有效审查报告，跳过
[2026-05-19 08:55:48] [Reviewer] 第487章已有有效审查报告，跳过
[2026-05-19 08:55:48] [Reviewer] 第491章已有有效审查报告，跳过
[2026-05-19 08:55:48] [Reviewer] 第495章已有有效审查报告，跳过
[2026-05-19 08:55:49] [Reviewer] 全部完成
[2026-05-19 08:55:49] [Reviewer] 全部完成
[2026-05-19 08:55:49] [Reviewer] 全部完成
[2026-05-19 08:55:49] [Reviewer] 全部完成
[2026-05-19 08:55:49] [Reviewer] 全部完成
[2026-05-19 08:56:03] [Reviewer] 第496章已有有效审查报告，跳过
[2026-05-19 08:56:03] [Reviewer] 第500章已有有效审查报告，跳过
[2026-05-19 08:56:03] [Reviewer] 第504章已有有效审查报告，跳过
[2026-05-19 08:56:03] [Reviewer] 第508章已有有效审查报告，跳过
[2026-05-19 08:56:03] [Reviewer] 第512章已有有效审查报告，跳过
[2026-05-19 08:56:04] [Reviewer] 第497章已有有效审查报告，跳过
[2026-05-19 08:56:04] [Reviewer] 第501章已有有效审查报告，跳过
[2026-05-19 08:56:04] [Reviewer] 第505章已有有效审查报告，跳过
[2026-05-19 08:56:04] [Reviewer] 第509章已有有效审查报告，跳过
[2026-05-19 08:56:04] [Reviewer] 第513章已有有效审查报告，跳过
[2026-05-19 08:56:05] [Reviewer] 第498章已有有效审查报告，跳过
[2026-05-19 08:56:05] [Reviewer] 第502章已有有效审查报告，跳过
[2026-05-19 08:56:05] [Reviewer] 第506章已有有效审查报告，跳过
[2026-05-19 08:56:05] [Reviewer] 第510章已有有效审查报告，跳过
[2026-05-19 08:56:05] [Reviewer] 第514章已有有效审查报告，跳过
[2026-05-19 08:56:06] [Reviewer] 第499章已有有效审查报告，跳过
[2026-05-19 08:56:06] [Reviewer] 第503章已有有效审查报告，跳过
[2026-05-19 08:56:06] [Reviewer] 第507章已有有效审查报告，跳过
[2026-05-19 08:56:06] [Reviewer] 第511章已有有效审查报告，跳过
[2026-05-19 08:56:06] [Reviewer] 第515章已有有效审查报告，跳过
[2026-05-19 08:56:07] [Reviewer] 全部完成
[2026-05-19 08:56:07] [Reviewer] 全部完成
[2026-05-19 08:56:07] [Reviewer] 全部完成
[2026-05-19 08:56:07] [Reviewer] 全部完成
[2026-05-19 08:56:07] [Reviewer] 全部完成
[2026-05-19 09:00:15] [Reviewer] 正在审查第516章...
[2026-05-19 09:00:15] [Reviewer] 正在审查第520章...
[2026-05-19 09:00:15] [Reviewer] 正在审查第524章...
[2026-05-19 09:00:15] [Reviewer] 正在审查第528章...
[2026-05-19 09:00:15] [Reviewer] 第532章已有有效审查报告，跳过
[2026-05-19 09:00:16] [Reviewer] 第533章已有有效审查报告，跳过
[2026-05-19 09:00:17] [Reviewer] 第534章已有有效审查报告，跳过
[2026-05-19 09:00:18] [Reviewer] 第535章已有有效审查报告，跳过
[2026-05-19 09:00:19] [Reviewer] 全部完成
[2026-05-19 09:00:44] [Reviewer] 第528章审查完成，评分: 7.2， verdict: 需修改
[2026-05-19 09:00:45] [Reviewer] 正在审查第529章...
[2026-05-19 09:00:49] [Reviewer] 第520章审查完成，评分: 7.5， verdict: 需修改
[2026-05-19 09:00:50] [Reviewer] 正在审查第521章...
[2026-05-19 09:00:52] [Reviewer] 第524章审查完成，评分: 7.8， verdict: 需修改
[2026-05-19 09:00:53] [Reviewer] 正在审查第525章...
[2026-05-19 09:00:54] [Reviewer] JSON解析失败: Expecting ',' delimiter: line 35 column 63 (char 955)
[2026-05-19 09:00:54] [Reviewer] 第516章审查完成，评分: N/A， verdict: N/A
[2026-05-19 09:00:55] [Reviewer] 正在审查第517章...
[2026-05-19 09:01:24] [Reviewer] 第525章审查完成，评分: 8.0， verdict: 需修改
[2026-05-19 09:01:25] [Reviewer] 正在审查第526章...
[2026-05-19 09:01:30] [Reviewer] 第529章审查完成，评分: 7.5， verdict: 需修改
[2026-05-19 09:01:31] [Reviewer] 正在审查第530章...
[2026-05-19 09:01:31] [Reviewer] 第521章审查完成，评分: 7.5， verdict: 需修改
[2026-05-19 09:01:32] [Reviewer] 正在审查第522章...
[2026-05-19 09:01:42] [Reviewer] 第517章审查完成，评分: 7.8， verdict: 需修改
[2026-05-19 09:01:43] [Reviewer] 正在审查第518章...
[2026-05-19 09:02:04] [Reviewer] 第526章审查完成，评分: 7.5， verdict: 需修改
[2026-05-19 09:02:04] [Reviewer] 第522章审查完成，评分: 7.8， verdict: 需修改
[2026-05-19 09:02:05] [Reviewer] 正在审查第527章...
[2026-05-19 09:02:05] [Reviewer] 正在审查第523章...
[2026-05-19 09:02:15] [Reviewer] 第530章审查完成，评分: 8， verdict: 需修改
[2026-05-19 09:02:16] [Reviewer] 第531章已有有效审查报告，跳过
[2026-05-19 09:02:17] [Reviewer] 全部完成
[2026-05-19 09:02:19] [Reviewer] 第518章审查完成，评分: 7.0， verdict: 需修改
[2026-05-19 09:02:20] [Reviewer] 正在审查第519章...
[2026-05-19 09:02:37] [Reviewer] 第523章审查完成，评分: 8.2， verdict: 需修改
[2026-05-19 09:02:38] [Reviewer] 全部完成
[2026-05-19 09:02:51] [Reviewer] 第527章审查完成，评分: 8.2， verdict: 需修改
[2026-05-19 09:02:52] [Reviewer] 全部完成
[2026-05-19 09:02:52] [Reviewer] 第519章审查完成，评分: 7.5， verdict: 需修改
[2026-05-19 09:02:53] [Reviewer] 全部完成
[2026-05-19 09:03:05] [Reviewer] 第536章已有有效审查报告，跳过
[2026-05-19 09:03:06] [Reviewer] 第540章已有有效审查报告，跳过
[2026-05-19 09:03:06] [Reviewer] 第544章已有有效审查报告，跳过
[2026-05-19 09:03:06] [Reviewer] 第548章已有有效审查报告，跳过
[2026-05-19 09:03:06] [Reviewer] 第552章已有有效审查报告，跳过
[2026-05-19 09:03:06] [Reviewer] 第537章已有有效审查报告，跳过
[2026-05-19 09:03:07] [Reviewer] 第541章已有有效审查报告，跳过
[2026-05-19 09:03:07] [Reviewer] 第545章已有有效审查报告，跳过
[2026-05-19 09:03:07] [Reviewer] 第549章已有有效审查报告，跳过
[2026-05-19 09:03:07] [Reviewer] 第553章已有有效审查报告，跳过
[2026-05-19 09:03:08] [Reviewer] 第538章已有有效审查报告，跳过
[2026-05-19 09:03:08] [Reviewer] 第542章已有有效审查报告，跳过
[2026-05-19 09:03:08] [Reviewer] 第546章已有有效审查报告，跳过
[2026-05-19 09:03:08] [Reviewer] 第550章已有有效审查报告，跳过
[2026-05-19 09:03:08] [Reviewer] 第554章已有有效审查报告，跳过
[2026-05-19 09:03:09] [Reviewer] 第539章已有有效审查报告，跳过
[2026-05-19 09:03:09] [Reviewer] 第543章已有有效审查报告，跳过
[2026-05-19 09:03:09] [Reviewer] 第547章已有有效审查报告，跳过
[2026-05-19 09:03:09] [Reviewer] 第551章已有有效审查报告，跳过
[2026-05-19 09:03:09] [Reviewer] 第555章已有有效审查报告，跳过
[2026-05-19 09:03:10] [Reviewer] 全部完成
[2026-05-19 09:03:10] [Reviewer] 全部完成
[2026-05-19 09:03:10] [Reviewer] 全部完成
[2026-05-19 09:03:10] [Reviewer] 全部完成
[2026-05-19 09:03:10] [Reviewer] 全部完成
[2026-05-19 09:03:24] [Reviewer] 第556章已有有效审查报告，跳过
[2026-05-19 09:03:24] [Reviewer] 第560章已有有效审查报告，跳过
[2026-05-19 09:03:24] [Reviewer] 第564章已有有效审查报告，跳过
[2026-05-19 09:03:24] [Reviewer] 第568章已有有效审查报告，跳过
[2026-05-19 09:03:24] [Reviewer] 第572章已有有效审查报告，跳过
[2026-05-19 09:03:25] [Reviewer] 第557章已有有效审查报告，跳过
[2026-05-19 09:03:25] [Reviewer] 第561章已有有效审查报告，跳过
[2026-05-19 09:03:25] [Reviewer] 第565章已有有效审查报告，跳过
[2026-05-19 09:03:25] [Reviewer] 第569章已有有效审查报告，跳过
[2026-05-19 09:03:25] [Reviewer] 第573章已有有效审查报告，跳过
[2026-05-19 09:03:26] [Reviewer] 第558章已有有效审查报告，跳过
[2026-05-19 09:03:26] [Reviewer] 第562章已有有效审查报告，跳过
[2026-05-19 09:03:26] [Reviewer] 第566章已有有效审查报告，跳过
[2026-05-19 09:03:26] [Reviewer] 第570章已有有效审查报告，跳过
[2026-05-19 09:03:26] [Reviewer] 第574章已有有效审查报告，跳过
[2026-05-19 09:03:27] [Reviewer] 第559章已有有效审查报告，跳过
[2026-05-19 09:03:27] [Reviewer] 第563章已有有效审查报告，跳过
[2026-05-19 09:03:27] [Reviewer] 第567章已有有效审查报告，跳过
[2026-05-19 09:03:27] [Reviewer] 第571章已有有效审查报告，跳过
[2026-05-19 09:03:27] [Reviewer] 第575章已有有效审查报告，跳过
[2026-05-19 09:03:28] [Reviewer] 全部完成
[2026-05-19 09:03:28] [Reviewer] 全部完成
[2026-05-19 09:03:28] [Reviewer] 全部完成
[2026-05-19 09:03:28] [Reviewer] 全部完成
[2026-05-19 09:03:28] [Reviewer] 全部完成
[2026-05-19 09:03:41] [Reviewer] 第576章已有有效审查报告，跳过
[2026-05-19 09:03:41] [Reviewer] 第580章已有有效审查报告，跳过
[2026-05-19 09:03:41] [Reviewer] 第584章已有有效审查报告，跳过
[2026-05-19 09:03:41] [Reviewer] 第588章已有有效审查报告，跳过
[2026-05-19 09:03:41] [Reviewer] 第592章已有有效审查报告，跳过
[2026-05-19 09:03:42] [Reviewer] 第577章已有有效审查报告，跳过
[2026-05-19 09:03:42] [Reviewer] 第581章已有有效审查报告，跳过
[2026-05-19 09:03:42] [Reviewer] 第585章已有有效审查报告，跳过
[2026-05-19 09:03:42] [Reviewer] 第589章已有有效审查报告，跳过
[2026-05-19 09:03:42] [Reviewer] 第593章已有有效审查报告，跳过
[2026-05-19 09:03:43] [Reviewer] 第578章已有有效审查报告，跳过
[2026-05-19 09:03:43] [Reviewer] 第582章已有有效审查报告，跳过
[2026-05-19 09:03:43] [Reviewer] 第586章已有有效审查报告，跳过
[2026-05-19 09:03:43] [Reviewer] 第590章已有有效审查报告，跳过
[2026-05-19 09:03:43] [Reviewer] 第594章已有有效审查报告，跳过
[2026-05-19 09:03:44] [Reviewer] 第579章已有有效审查报告，跳过
[2026-05-19 09:03:44] [Reviewer] 第583章已有有效审查报告，跳过
[2026-05-19 09:03:44] [Reviewer] 第587章已有有效审查报告，跳过
[2026-05-19 09:03:44] [Reviewer] 第591章已有有效审查报告，跳过
[2026-05-19 09:03:44] [Reviewer] 第595章已有有效审查报告，跳过
[2026-05-19 09:03:45] [Reviewer] 全部完成
[2026-05-19 09:03:45] [Reviewer] 全部完成
[2026-05-19 09:03:45] [Reviewer] 全部完成
[2026-05-19 09:03:45] [Reviewer] 全部完成
[2026-05-19 09:03:45] [Reviewer] 全部完成
[2026-05-19 09:03:59] [Reviewer] 第596章已有有效审查报告，跳过
[2026-05-19 09:03:59] [Reviewer] 第600章已有有效审查报告，跳过
[2026-05-19 09:04:00] [Reviewer] 第604章已有有效审查报告，跳过
[2026-05-19 09:04:00] [Reviewer] 第608章已有有效审查报告，跳过
[2026-05-19 09:04:00] [Reviewer] 第612章已有有效审查报告，跳过
[2026-05-19 09:04:00] [Reviewer] 第597章已有有效审查报告，跳过
[2026-05-19 09:04:00] [Reviewer] 第601章已有有效审查报告，跳过
[2026-05-19 09:04:01] [Reviewer] 第605章已有有效审查报告，跳过
[2026-05-19 09:04:01] [Reviewer] 第609章已有有效审查报告，跳过
[2026-05-19 09:04:01] [Reviewer] 第613章已有有效审查报告，跳过
[2026-05-19 09:04:01] [Reviewer] 第598章已有有效审查报告，跳过
[2026-05-19 09:04:01] [Reviewer] 第602章已有有效审查报告，跳过
[2026-05-19 09:04:02] [Reviewer] 第606章已有有效审查报告，跳过
[2026-05-19 09:04:02] [Reviewer] 第610章已有有效审查报告，跳过
[2026-05-19 09:04:02] [Reviewer] 第614章已有有效审查报告，跳过
[2026-05-19 09:04:02] [Reviewer] 第599章已有有效审查报告，跳过
[2026-05-19 09:04:02] [Reviewer] 第603章已有有效审查报告，跳过
[2026-05-19 09:04:03] [Reviewer] 第607章已有有效审查报告，跳过
[2026-05-19 09:04:03] [Reviewer] 第611章已有有效审查报告，跳过
[2026-05-19 09:04:03] [Reviewer] 第615章已有有效审查报告，跳过
[2026-05-19 09:04:03] [Reviewer] 全部完成
[2026-05-19 09:04:03] [Reviewer] 全部完成
[2026-05-19 09:04:04] [Reviewer] 全部完成
[2026-05-19 09:04:04] [Reviewer] 全部完成
[2026-05-19 09:04:04] [Reviewer] 全部完成
[2026-05-19 09:04:17] [Reviewer] 第616章已有有效审查报告，跳过
[2026-05-19 09:04:17] [Reviewer] 第620章已有有效审查报告，跳过
[2026-05-19 09:04:17] [Reviewer] 第624章已有有效审查报告，跳过
[2026-05-19 09:04:17] [Reviewer] 第628章已有有效审查报告，跳过
[2026-05-19 09:04:17] [Reviewer] 第632章已有有效审查报告，跳过
[2026-05-19 09:04:18] [Reviewer] 第617章已有有效审查报告，跳过
[2026-05-19 09:04:18] [Reviewer] 第621章已有有效审查报告，跳过
[2026-05-19 09:04:18] [Reviewer] 第625章已有有效审查报告，跳过
[2026-05-19 09:04:18] [Reviewer] 第629章已有有效审查报告，跳过
[2026-05-19 09:04:18] [Reviewer] 第633章已有有效审查报告，跳过
[2026-05-19 09:04:19] [Reviewer] 第618章已有有效审查报告，跳过
[2026-05-19 09:04:19] [Reviewer] 第622章已有有效审查报告，跳过
[2026-05-19 09:04:19] [Reviewer] 第626章已有有效审查报告，跳过
[2026-05-19 09:04:19] [Reviewer] 第630章已有有效审查报告，跳过
[2026-05-19 09:04:19] [Reviewer] 第634章已有有效审查报告，跳过
[2026-05-19 09:04:20] [Reviewer] 第619章已有有效审查报告，跳过
[2026-05-19 09:04:20] [Reviewer] 第623章已有有效审查报告，跳过
[2026-05-19 09:04:20] [Reviewer] 第627章已有有效审查报告，跳过
[2026-05-19 09:04:20] [Reviewer] 第631章已有有效审查报告，跳过
[2026-05-19 09:04:20] [Reviewer] 第635章已有有效审查报告，跳过
[2026-05-19 09:04:21] [Reviewer] 全部完成
[2026-05-19 09:04:21] [Reviewer] 全部完成
[2026-05-19 09:04:21] [Reviewer] 全部完成
[2026-05-19 09:04:21] [Reviewer] 全部完成
[2026-05-19 09:04:21] [Reviewer] 全部完成
[2026-05-19 09:08:29] [Reviewer] 第636章已有有效审查报告，跳过
[2026-05-19 09:08:29] [Reviewer] 第640章已有有效审查报告，跳过
[2026-05-19 09:08:29] [Reviewer] 第644章已有有效审查报告，跳过
[2026-05-19 09:08:29] [Reviewer] 正在审查第648章...
[2026-05-19 09:08:29] [Reviewer] 正在审查第652章...
[2026-05-19 09:08:30] [Reviewer] 第637章已有有效审查报告，跳过
[2026-05-19 09:08:30] [Reviewer] 第641章已有有效审查报告，跳过
[2026-05-19 09:08:30] [Reviewer] 第645章已有有效审查报告，跳过
[2026-05-19 09:08:31] [Reviewer] 第638章已有有效审查报告，跳过
[2026-05-19 09:08:31] [Reviewer] 第642章已有有效审查报告，跳过
[2026-05-19 09:08:31] [Reviewer] 正在审查第646章...
[2026-05-19 09:08:32] [Reviewer] 第639章已有有效审查报告，跳过
[2026-05-19 09:08:32] [Reviewer] 第643章已有有效审查报告，跳过
[2026-05-19 09:08:33] [Reviewer] 全部完成
[2026-05-19 09:08:33] [Reviewer] 全部完成
[2026-05-19 09:09:01] [Reviewer] 第646章审查完成，评分: 7.8， verdict: 需修改
[2026-05-19 09:09:02] [Reviewer] 正在审查第647章...
[2026-05-19 09:09:03] [Reviewer] 第648章审查完成，评分: 8.5， verdict: 通过
[2026-05-19 09:09:04] [Reviewer] 正在审查第649章...
[2026-05-19 09:09:06] [Reviewer] 第652章审查完成，评分: 8.0， verdict: 通过
[2026-05-19 09:09:07] [Reviewer] 正在审查第653章...
[2026-05-19 09:09:38] [Reviewer] 第647章审查完成，评分: 8， verdict: 通过
[2026-05-19 09:09:39] [Reviewer] 全部完成
[2026-05-19 09:09:46] [Reviewer] 第649章审查完成，评分: 8.0， verdict: 通过
[2026-05-19 09:09:47] [Reviewer] 正在审查第650章...
[2026-05-19 09:09:53] [Reviewer] 第653章审查完成，评分: 7.8， verdict: 需修改
[2026-05-19 09:09:54] [Reviewer] 正在审查第654章...
[2026-05-19 09:10:27] [Reviewer] 第650章审查完成，评分: 7.8， verdict: 需修改
[2026-05-19 09:10:28] [Reviewer] 正在审查第651章...
[2026-05-19 09:10:34] [Reviewer] 第654章审查完成，评分: 7.8， verdict: 通过
[2026-05-19 09:10:35] [Reviewer] 正在审查第655章...
[2026-05-19 09:11:07] [Reviewer] 第651章审查完成，评分: 7.5， verdict: 需修改
[2026-05-19 09:11:08] [Reviewer] 全部完成
[2026-05-19 09:11:10] [Reviewer] 第655章审查完成，评分: 8.5， verdict: 需修改
[2026-05-19 09:11:11] [Reviewer] 全部完成
[2026-05-19 09:14:01] [Reviewer] 正在审查第656章...
[2026-05-19 09:14:01] [Reviewer] 正在审查第660章...
[2026-05-19 09:14:01] [Reviewer] 第664章已有有效审查报告，跳过
[2026-05-19 09:14:01] [Reviewer] 第668章已有有效审查报告，跳过
[2026-05-19 09:14:01] [Reviewer] 第672章已有有效审查报告，跳过
[2026-05-19 09:14:02] [Reviewer] 第665章已有有效审查报告，跳过
[2026-05-19 09:14:02] [Reviewer] 第669章已有有效审查报告，跳过
[2026-05-19 09:14:02] [Reviewer] 第673章已有有效审查报告，跳过
[2026-05-19 09:14:03] [Reviewer] 第666章已有有效审查报告，跳过
[2026-05-19 09:14:03] [Reviewer] 第670章已有有效审查报告，跳过
[2026-05-19 09:14:03] [Reviewer] 第674章已有有效审查报告，跳过
[2026-05-19 09:14:04] [Reviewer] 第667章已有有效审查报告，跳过
[2026-05-19 09:14:04] [Reviewer] 第671章已有有效审查报告，跳过
[2026-05-19 09:14:04] [Reviewer] 第675章已有有效审查报告，跳过
[2026-05-19 09:14:05] [Reviewer] 全部完成
[2026-05-19 09:14:05] [Reviewer] 全部完成
[2026-05-19 09:14:05] [Reviewer] 全部完成
[2026-05-19 09:14:31] [Reviewer] 第660章审查完成，评分: 8.5， verdict: 需修改
[2026-05-19 09:14:32] [Reviewer] 第661章已有有效审查报告，跳过
[2026-05-19 09:14:33] [Reviewer] 第662章已有有效审查报告，跳过
[2026-05-19 09:14:34] [Reviewer] 第663章已有有效审查报告，跳过
[2026-05-19 09:14:35] [Reviewer] 全部完成
[2026-05-19 09:14:35] [Reviewer] 第656章审查完成，评分: 7.8， verdict: 通过
[2026-05-19 09:14:36] [Reviewer] 正在审查第657章...
[2026-05-19 09:15:07] [Reviewer] 第657章审查完成，评分: 8.2， verdict: 通过
[2026-05-19 09:15:08] [Reviewer] 正在审查第658章...
[2026-05-19 09:15:41] [Reviewer] 第658章审查完成，评分: 8.5， verdict: 通过
[2026-05-19 09:15:42] [Reviewer] 正在审查第659章...
[2026-05-19 09:16:18] [Reviewer] 第659章审查完成，评分: 7.8， verdict: 通过
[2026-05-19 09:16:19] [Reviewer] 全部完成
[2026-05-19 09:16:31] [Reviewer] 第676章已有有效审查报告，跳过
[2026-05-19 09:16:31] [Reviewer] 第680章已有有效审查报告，跳过
[2026-05-19 09:16:31] [Reviewer] 第684章已有有效审查报告，跳过
[2026-05-19 09:16:31] [Reviewer] 第688章已有有效审查报告，跳过
[2026-05-19 09:16:31] [Reviewer] 第692章已有有效审查报告，跳过
[2026-05-19 09:16:32] [Reviewer] 第677章已有有效审查报告，跳过
[2026-05-19 09:16:32] [Reviewer] 第681章已有有效审查报告，跳过
[2026-05-19 09:16:32] [Reviewer] 第685章已有有效审查报告，跳过
[2026-05-19 09:16:32] [Reviewer] 第689章已有有效审查报告，跳过
[2026-05-19 09:16:32] [Reviewer] 第693章已有有效审查报告，跳过
[2026-05-19 09:16:33] [Reviewer] 第678章已有有效审查报告，跳过
[2026-05-19 09:16:33] [Reviewer] 第682章审查报告无效（failed），重新审查
[2026-05-19 09:16:33] [Reviewer] 正在审查第682章...
[2026-05-19 09:16:33] [Reviewer] 第686章已有有效审查报告，跳过
[2026-05-19 09:16:33] [Reviewer] 第690章已有有效审查报告，跳过
[2026-05-19 09:16:33] [Reviewer] 第694章已有有效审查报告，跳过
[2026-05-19 09:16:34] [Reviewer] 第679章已有有效审查报告，跳过
[2026-05-19 09:16:34] [Reviewer] 第687章已有有效审查报告，跳过
[2026-05-19 09:16:34] [Reviewer] 第691章已有有效审查报告，跳过
[2026-05-19 09:16:34] [Reviewer] 第695章已有有效审查报告，跳过
[2026-05-19 09:16:35] [Reviewer] 全部完成
[2026-05-19 09:16:35] [Reviewer] 全部完成
[2026-05-19 09:16:35] [Reviewer] 全部完成
[2026-05-19 09:16:35] [Reviewer] 全部完成
[2026-05-19 09:17:15] [Reviewer] 第682章审查完成，评分: 7.9， verdict: 需修改
[2026-05-19 09:17:16] [Reviewer] 第683章已有有效审查报告，跳过
[2026-05-19 09:17:17] [Reviewer] 全部完成
[2026-05-19 09:17:31] [Reviewer] 第696章已有有效审查报告，跳过
[2026-05-19 09:17:31] [Reviewer] 第700章已有有效审查报告，跳过
[2026-05-19 09:17:31] [Reviewer] 第704章已有有效审查报告，跳过
[2026-05-19 09:17:31] [Reviewer] 第708章已有有效审查报告，跳过
[2026-05-19 09:17:31] [Reviewer] 第712章已有有效审查报告，跳过
[2026-05-19 09:17:32] [Reviewer] 第697章已有有效审查报告，跳过
[2026-05-19 09:17:32] [Reviewer] 第701章已有有效审查报告，跳过
[2026-05-19 09:17:32] [Reviewer] 第705章已有有效审查报告，跳过
[2026-05-19 09:17:32] [Reviewer] 第709章已有有效审查报告，跳过
[2026-05-19 09:17:32] [Reviewer] 第713章已有有效审查报告，跳过
[2026-05-19 09:17:33] [Reviewer] 第698章已有有效审查报告，跳过
[2026-05-19 09:17:33] [Reviewer] 第702章已有有效审查报告，跳过
[2026-05-19 09:17:33] [Reviewer] 第706章已有有效审查报告，跳过
[2026-05-19 09:17:33] [Reviewer] 第710章已有有效审查报告，跳过
[2026-05-19 09:17:33] [Reviewer] 第714章已有有效审查报告，跳过
[2026-05-19 09:17:34] [Reviewer] 第699章已有有效审查报告，跳过
[2026-05-19 09:17:34] [Reviewer] 第703章已有有效审查报告，跳过
[2026-05-19 09:17:34] [Reviewer] 第707章已有有效审查报告，跳过
[2026-05-19 09:17:34] [Reviewer] 第711章已有有效审查报告，跳过
[2026-05-19 09:17:34] [Reviewer] 第715章已有有效审查报告，跳过
[2026-05-19 09:17:35] [Reviewer] 全部完成
[2026-05-19 09:17:35] [Reviewer] 全部完成
[2026-05-19 09:17:35] [Reviewer] 全部完成
[2026-05-19 09:17:35] [Reviewer] 全部完成
[2026-05-19 09:17:35] [Reviewer] 全部完成
[2026-05-19 09:17:48] [Reviewer] 第716章已有有效审查报告，跳过
[2026-05-19 09:17:48] [Reviewer] 第720章已有有效审查报告，跳过
[2026-05-19 09:17:48] [Reviewer] 第724章已有有效审查报告，跳过
[2026-05-19 09:17:48] [Reviewer] 第728章已有有效审查报告，跳过
[2026-05-19 09:17:48] [Reviewer] 第732章已有有效审查报告，跳过
[2026-05-19 09:17:49] [Reviewer] 第717章已有有效审查报告，跳过
[2026-05-19 09:17:49] [Reviewer] 第721章已有有效审查报告，跳过
[2026-05-19 09:17:49] [Reviewer] 第725章已有有效审查报告，跳过
[2026-05-19 09:17:49] [Reviewer] 第729章已有有效审查报告，跳过
[2026-05-19 09:17:49] [Reviewer] 第733章已有有效审查报告，跳过
[2026-05-19 09:17:50] [Reviewer] 第718章已有有效审查报告，跳过
[2026-05-19 09:17:50] [Reviewer] 第722章已有有效审查报告，跳过
[2026-05-19 09:17:50] [Reviewer] 第726章已有有效审查报告，跳过
[2026-05-19 09:17:50] [Reviewer] 第730章已有有效审查报告，跳过
[2026-05-19 09:17:50] [Reviewer] 第734章已有有效审查报告，跳过
[2026-05-19 09:17:51] [Reviewer] 第719章已有有效审查报告，跳过
[2026-05-19 09:17:51] [Reviewer] 第723章已有有效审查报告，跳过
[2026-05-19 09:17:51] [Reviewer] 第727章已有有效审查报告，跳过
[2026-05-19 09:17:51] [Reviewer] 第731章已有有效审查报告，跳过
[2026-05-19 09:17:51] [Reviewer] 第735章审查报告无效（parse_error），重新审查
[2026-05-19 09:17:51] [Reviewer] 正在审查第735章...
[2026-05-19 09:17:52] [Reviewer] 全部完成
[2026-05-19 09:17:52] [Reviewer] 全部完成
[2026-05-19 09:17:52] [Reviewer] 全部完成
[2026-05-19 09:17:52] [Reviewer] 全部完成
[2026-05-19 09:18:31] [Reviewer] 第735章审查完成，评分: 7.5， verdict: 需修改
[2026-05-19 09:18:32] [Reviewer] 全部完成
[2026-05-19 09:25:12] [Reviewer] 第736章已有有效审查报告，跳过
[2026-05-19 09:25:12] [Reviewer] 第740章已有有效审查报告，跳过
[2026-05-19 09:25:12] [Reviewer] 正在审查第744章...
[2026-05-19 09:25:12] [Reviewer] 第748章文件不存在
[2026-05-19 09:25:12] [Reviewer] 正在审查第752章...
[2026-05-19 09:25:13] [Reviewer] 第737章已有有效审查报告，跳过
[2026-05-19 09:25:13] [Reviewer] 正在审查第741章...
[2026-05-19 09:25:13] [Reviewer] 正在审查第749章...
[2026-05-19 09:25:14] [Reviewer] 第738章已有有效审查报告，跳过
[2026-05-19 09:25:15] [Reviewer] 第739章已有有效审查报告，跳过
[2026-05-19 09:25:16] [Reviewer] 全部完成
[2026-05-19 09:25:42] [Reviewer] 第749章审查完成，评分: 7.5， verdict: 需修改
[2026-05-19 09:25:43] [Reviewer] 正在审查第750章...
[2026-05-19 09:25:48] [Reviewer] 第744章审查完成，评分: 8， verdict: 通过
[2026-05-19 09:25:48] [Reviewer] 第752章审查完成，评分: 7.2， verdict: 需修改
[2026-05-19 09:25:49] [Reviewer] 正在审查第745章...
[2026-05-19 09:25:49] [Reviewer] 正在审查第753章...
[2026-05-19 09:25:59] [Reviewer] 第741章审查完成，评分: 7.8， verdict: 需修改
[2026-05-19 09:26:00] [Reviewer] 正在审查第742章...
[2026-05-19 09:26:19] [Reviewer] 第745章审查完成，评分: 7.5， verdict: 需修改
[2026-05-19 09:26:20] [Reviewer] 第750章审查完成，评分: 8.0， verdict: 通过
[2026-05-19 09:26:20] [Reviewer] 正在审查第746章...
[2026-05-19 09:26:21] [Reviewer] 正在审查第751章...
[2026-05-19 09:26:22] [Reviewer] 第753章审查完成，评分: 8.5， verdict: 通过
[2026-05-19 09:26:23] [Reviewer] 正在审查第754章...
[2026-05-19 09:26:36] [Reviewer] 第742章审查完成，评分: 8.5， verdict: 通过
[2026-05-19 09:26:37] [Reviewer] 正在审查第743章...
[2026-05-19 09:26:46] [Reviewer] 第751章审查完成，评分: 8.5， verdict: 通过
[2026-05-19 09:26:47] [Reviewer] 全部完成
